# Blender v2.82 (sub 7) OBJ File: ''
# www.blender.org
mtllib sim_sea_2-5_neck_2_prt.mtl
o sim_sea_2-5_neck_2_prt
v -19.611496 133.221695 25.626541
v -19.258728 132.531097 25.398346
v -19.468424 132.606277 25.652477
v -19.375319 134.011490 25.415136
v -19.564297 133.959396 25.732626
v -19.089998 132.081863 25.606884
v -18.819202 133.132523 24.707485
v -18.845335 132.239944 25.173464
v -18.691605 133.345901 24.556240
v -19.310118 132.004486 31.761044
v -19.863613 133.269791 31.770241
v -19.835964 133.985413 31.527884
v -19.712687 132.664917 31.756504
v -19.605225 132.409851 31.675421
v -19.823252 133.224594 32.124702
v -19.722851 134.062958 32.128681
v -19.596375 133.218719 33.070747
v -19.329544 132.441483 33.058815
v -19.280483 133.962952 33.707363
v -19.246904 134.673538 25.806929
v -18.656900 133.752991 24.537941
v -18.695280 134.082047 24.658352
v -18.747854 135.048203 25.337227
v -18.966021 135.011032 25.587112
v -19.448792 134.804703 31.762636
v -19.231602 134.555481 33.092751
v -19.785999 158.239365 27.248449
v -19.827888 154.515198 25.853642
v -20.059700 154.437531 27.296011
v -20.034447 154.591507 29.595850
v -19.901876 154.564301 31.851742
v -19.615112 158.367126 25.792250
v -19.581299 154.567856 24.679268
v -19.521584 153.216995 26.897789
v -19.319012 153.220352 25.689411
v -17.827856 159.156952 25.674158
v -18.776361 158.741089 25.723173
v -19.419455 158.490662 24.584311
v -19.912399 158.192001 29.549580
v -19.865688 158.265030 31.873119
v -19.912151 154.417953 30.804455
v -19.646992 154.702957 33.265678
v -19.726925 158.378448 33.324806
v -19.964930 154.390503 29.573162
v -20.006611 154.354721 28.342129
v -19.016804 153.991653 32.083225
v -19.394642 154.810715 34.413105
v -19.501677 158.464005 34.497768
v -19.041218 154.875854 35.546040
v -19.335688 157.393723 35.698509
v -19.310242 158.413071 35.718014
v -18.705471 154.898758 36.554111
v -19.121004 157.421448 36.754841
v -18.119787 154.887863 38.066143
v -18.459404 157.443756 38.238583
v -17.982395 153.702240 32.142651
v -17.666180 154.843536 38.990513
v -16.781216 154.757889 40.309090
v -16.659988 153.971375 35.975327
v -17.763060 154.081558 34.631634
v -17.078636 154.792755 39.883503
v -17.357328 158.354095 39.463192
v -16.536266 154.120300 37.173882
v -15.726501 154.708359 41.658215
v -15.580617 158.065094 41.683895
v -16.735018 158.234650 40.267174
v -15.327039 153.969574 38.479961
v -15.138282 154.709213 42.308342
v -15.178940 154.153656 39.630196
v -14.021890 154.742828 43.466919
v -13.949637 158.036087 43.494949
v -12.939951 154.100540 42.051270
v -12.277167 154.876053 44.936077
v -12.395747 158.149582 45.024097
v -10.611367 154.920822 46.211983
v -10.598725 158.302887 46.333004
v -10.108730 154.203369 44.733597
v -9.770119 158.425903 46.911953
v -8.913394 154.013199 44.865173
v -8.419932 155.042206 47.492794
v -8.689004 157.401230 47.936012
v -7.113238 154.076202 46.116283
v -6.643167 154.970047 48.361782
v -7.205954 157.314575 48.549412
v -6.076087 158.395935 48.790840
v -5.063891 154.116821 47.471878
v -4.807154 154.808640 48.982746
v -4.888407 158.433472 49.013680
v -3.715589 154.693130 49.332211
v -3.712443 158.304306 49.189667
v 6.252775 154.176300 47.358768
v -2.277208 154.777191 49.452606
v -2.267221 158.186401 49.344513
v 0.000928 154.848267 49.466026
v 0.002355 158.136810 49.449539
v 2.264902 154.872314 49.291866
v 2.279073 158.203003 49.389137
v 3.678904 154.871460 49.067791
v 3.721735 158.304260 49.245327
v 4.811234 154.886642 48.848732
v 4.872156 158.390823 49.025517
v 6.700677 154.903885 48.286411
v 6.073039 157.373962 48.845066
v 6.088849 158.361298 48.841122
v 7.339708 157.416748 48.541485
v 8.846666 154.224533 46.009537
v 8.413182 154.903229 47.576538
v 8.523899 157.373444 47.949833
v 9.401958 154.839478 47.032604
v 9.768236 158.417038 47.025211
v 8.961681 153.971024 44.948666
v 10.640613 154.816483 46.236023
v 10.632364 158.274902 46.378601
v 11.324800 154.171326 44.083179
v 12.313583 154.797028 44.916672
v 12.255373 158.070465 45.040039
v 12.545894 154.245163 43.351433
v 13.801802 154.219421 42.107555
v 13.936422 154.801407 43.428280
v 13.916771 157.999939 43.482811
v 15.047358 154.294464 40.852413
v 15.555050 154.833710 41.709610
v 15.557184 158.098450 41.733067
v 16.419430 154.272552 38.404572
v 16.833672 154.926895 40.056557
v 16.760689 158.289917 40.285744
v 17.734106 154.278458 35.895107
v 17.406996 158.430817 39.463974
v 18.036381 155.031006 38.119949
v 17.780695 158.479141 39.005634
v 19.053926 153.905319 32.103252
v 18.388678 157.435730 38.143799
v 18.687836 154.984543 36.541080
v 19.017855 157.411621 36.967937
v 19.898766 154.460251 32.035175
v 19.029297 154.922852 35.532696
v 19.324509 157.395859 35.678997
v 19.369179 154.819855 34.388268
v 19.496008 158.426682 34.489487
v 19.659519 154.676453 33.241665
v 19.676550 158.324600 33.304745
v 19.947332 154.516663 31.845032
v 19.830656 158.214661 31.850912
v 20.080090 154.392334 27.278269
v 20.068506 154.545837 29.558741
v 19.929972 158.187775 29.536425
v 19.861944 158.280151 27.227943
v 19.491022 153.231613 26.934362
v 19.829609 154.512985 25.855141
v 19.708408 158.407974 25.767563
v 20.027678 154.320663 28.318687
v 19.985531 154.368713 29.557405
v 19.940031 154.414001 30.795879
v 19.286530 153.221497 25.720646
v 19.004475 153.245209 24.585114
v 19.563824 154.568527 24.687769
v 19.468796 158.514938 24.570404
v 19.387161 152.093552 28.219875
v 19.639059 153.138855 27.873228
v 19.263536 152.111542 29.330051
v 19.296749 153.317062 30.993149
v 18.955204 152.282455 30.372154
v 17.963301 153.634048 32.098774
v 18.553234 152.230103 30.525108
v 18.841778 152.296356 30.480865
v 16.646372 153.843521 34.595688
v 16.661283 153.534073 30.797211
v 17.690737 152.866043 30.819052
v 18.061678 152.184784 30.310236
v 16.620560 154.006287 35.956482
v 15.322323 153.897064 37.221523
v 15.426304 153.999313 34.692398
v 15.313956 153.997940 38.492958
v 14.069741 153.993546 37.230026
v 13.861346 153.844208 39.582851
v 13.916156 154.020126 40.941605
v 12.669439 153.860321 40.940521
v 12.744941 153.922180 39.749611
v 12.655876 154.014404 42.202324
v 11.423523 153.911911 42.240829
v 11.469777 153.947525 41.022499
v 10.214154 153.995087 42.357929
v 10.081711 154.048126 43.548908
v 7.723657 153.994675 43.768959
v 7.675023 153.873276 44.937389
v 6.385447 153.996643 46.179432
v 5.129557 153.867844 44.980705
v 5.050280 153.860153 45.959930
v 3.850875 153.882172 46.246593
v -3.836660 153.899902 46.261246
v -5.037439 153.878265 45.972607
v -6.402540 153.859146 44.970211
v -7.669168 153.858810 44.936378
v -10.094180 153.944077 43.490585
v -8.969646 153.926331 43.680950
v -11.505352 154.104019 42.417011
v -13.833516 153.960342 39.807632
v -14.931144 153.910385 37.643715
v -15.937538 153.910950 35.352222
v -16.754177 153.754318 32.088936
v -18.816607 152.286835 30.444094
v -18.514271 152.221008 30.482716
v -18.012344 152.186676 30.282576
v -17.687273 152.912994 30.863316
v -19.273287 153.311035 30.949970
v -18.973831 152.256287 30.285173
v -19.331387 152.094559 29.287067
v -19.452431 152.043427 28.165087
v -19.606649 153.250595 28.039391
v -18.949018 158.816788 33.373367
v -18.561190 159.131226 35.252056
v -18.468622 159.179565 23.799171
v -19.268883 154.583344 23.462412
v -19.236700 158.465240 23.369453
v -18.811489 158.911102 22.943857
v -17.892904 159.158218 33.382561
v -16.629366 159.273087 25.660217
v -17.732433 159.419067 23.892845
v -17.810589 159.397324 35.115219
v -16.822998 159.498306 35.144039
v -16.661825 159.298721 33.397961
v -18.601845 131.839569 25.369089
v -18.694410 131.679291 25.743242
v -17.848904 131.239822 25.650703
v -17.976454 132.442764 24.321356
v -17.547106 131.418320 25.036955
v -18.379206 132.860367 24.425007
v -18.804756 131.595474 31.778566
v -17.898943 131.138046 31.934868
v -18.629360 131.849808 33.209293
v -17.881807 131.485016 33.324455
v -19.319799 133.256424 33.734104
v -19.137299 132.617233 33.668194
v -18.501911 132.081055 33.820583
v -17.698954 131.785217 34.084423
v -18.817867 133.223679 34.195805
v -18.676598 132.383301 33.979916
v -17.724300 132.245010 34.521488
v -17.088211 133.156952 35.270409
v -18.738510 134.149490 34.125076
v -17.073708 134.034866 35.264648
v -17.775574 132.615280 24.059738
v -18.499868 134.020660 24.441954
v -17.744278 134.326355 23.969809
v -16.635736 135.642334 23.584261
v -18.253294 134.277344 24.345976
v -16.186094 131.445145 23.656036
v -16.368271 132.180237 23.045862
v -16.349117 135.539322 23.151705
v -19.002230 134.405106 33.671265
v -18.433910 134.901352 33.878185
v -17.768190 135.269699 34.192307
v -17.890720 134.149307 34.687046
v -18.559885 135.462357 25.589369
v -17.707539 136.028885 25.208378
v -17.760824 135.720947 24.939157
v -19.170650 135.192230 31.713585
v -18.679634 135.190887 33.157593
v -19.007175 135.282562 32.040310
v -18.798775 135.629608 31.787954
v -18.050718 136.004242 25.698030
v -18.207184 136.188004 31.933359
v -17.479193 136.404297 33.110847
v -18.934158 148.518967 29.396879
v -18.703217 145.927689 28.308681
v -18.531868 144.918945 29.523438
v -18.447346 144.870697 27.110649
v -18.652340 150.745239 30.481062
v -18.612535 145.627487 30.750896
v -18.335625 144.937820 32.045712
v -17.269875 142.418869 27.299091
v -18.300520 149.000610 31.755987
v -17.283270 142.464264 31.746424
v -18.382355 150.817047 30.525539
v -19.102875 157.445816 22.330614
v -18.728090 154.508881 22.031879
v -19.075624 154.204163 23.210058
v -18.849360 158.587006 22.171694
v -18.268496 154.545624 20.948622
v -18.423586 157.424255 20.772533
v -18.799444 158.435379 21.905380
v -19.046362 153.246246 24.544857
v -18.089279 152.144485 22.328209
v -18.485815 152.104034 23.365122
v -18.090467 153.156754 21.562927
v -17.768450 154.518051 20.031496
v -17.918427 154.033005 20.540522
v -18.386517 158.562012 21.146786
v -17.966225 144.865265 24.759918
v -17.597845 144.881149 23.606850
v -18.243176 144.863068 25.892054
v -18.910484 158.886429 35.648434
v -18.906971 158.505447 36.842663
v -18.639238 158.796265 37.147255
v -18.827730 158.351868 37.129662
v -18.407425 158.474991 37.927422
v -18.585049 158.900543 21.932726
v -18.241308 159.216187 37.037491
v -18.216898 158.881775 37.738804
v -18.188137 158.960754 21.309898
v -18.176785 159.320618 22.108261
v -17.718153 158.535110 20.107519
v -18.183298 159.372604 22.903414
v -17.640364 159.378647 21.494076
v -17.695141 159.540924 23.012823
v -18.176357 159.368942 36.171326
v -17.699499 159.541840 36.123108
v -17.724583 159.317444 37.502213
v -16.730915 130.869370 25.609394
v -15.644377 130.492142 31.835802
v -16.452444 131.159607 24.421051
v -16.636831 130.957932 33.345768
v -16.307762 131.172974 34.511509
v -16.048058 131.448181 35.269253
v -16.967846 132.417740 35.248123
v -16.218346 132.137466 35.779884
v -16.282444 134.540054 35.997791
v -16.040421 136.023117 35.671837
v -16.248667 135.448212 35.737335
v -16.207125 133.055084 36.133663
v -16.745934 136.440598 24.360722
v -16.158792 136.066757 23.238438
v -17.311077 136.817902 25.640142
v -17.514177 136.964706 31.954044
v -17.135794 136.681824 33.367435
v -16.626064 136.416412 34.593769
v -17.398422 142.373383 29.536282
v -16.750977 140.763809 27.297215
v -16.497093 140.796173 25.917589
v -17.067326 142.579285 25.843210
v -16.908031 140.781967 29.644783
v -18.115015 144.965439 33.123257
v -17.064657 142.635468 33.246075
v -16.748171 140.778549 31.884247
v -16.162821 142.336685 23.309095
v -17.220892 144.885712 22.643305
v -15.804365 142.595184 22.196102
v -16.467955 142.092453 24.475172
v -16.549768 144.906189 21.205099
v -16.340612 142.245361 35.150219
v -17.606466 144.991028 34.943577
v -16.698549 145.088943 37.241890
v -15.330751 145.123978 39.654953
v -14.988980 142.407547 38.201530
v -17.369989 152.132721 20.777147
v -15.725468 144.910812 19.766975
v -16.847013 152.128830 19.807856
v -16.097429 148.723877 38.051590
v -16.902431 148.666885 36.276997
v -17.852358 148.731903 33.548794
v -17.644327 149.430222 31.963612
v -17.310534 148.923615 34.518890
v -17.594904 150.184891 30.900667
v -16.627460 149.615341 32.079338
v -16.365210 149.395370 34.475967
v -16.144794 149.059540 37.048763
v -16.329472 149.200409 35.873062
v -15.220183 149.440231 37.202175
v -15.321500 149.449875 35.974926
v -14.656441 149.131805 39.638950
v -15.061119 149.269974 38.376133
v -14.828591 148.786407 40.075130
v -13.577873 149.506104 39.625328
v -14.014111 149.511017 38.507721
v -13.223867 148.787979 41.982113
v -11.204135 149.213226 43.277828
v -12.635025 149.518707 40.954506
v -11.377586 148.805435 43.681000
v -11.379188 149.514923 42.215279
v -9.898689 149.079468 44.432709
v -10.065039 149.531082 43.175770
v -9.419308 148.789917 45.068657
v -8.810512 149.305969 44.700855
v -7.170582 148.775681 46.232151
v -7.458881 149.085983 45.715836
v -7.654427 149.508087 44.911873
v -8.970391 149.510178 43.682655
v -6.277468 149.254044 45.896698
v -5.010160 149.423004 45.837814
v -4.798846 148.759872 47.085205
v -6.389750 149.515121 44.941513
v -3.768530 149.122040 47.022072
v 4.812140 148.867599 47.285378
v 5.010613 149.048355 47.002201
v -3.818381 149.483246 46.087467
v 2.459220 148.721741 47.598026
v 0.007861 148.677917 47.692230
v -2.425431 148.733673 47.553810
v 5.028149 149.460754 45.886185
v 6.158517 148.856689 46.812782
v 3.812113 149.443375 46.068851
v 6.311480 149.329636 45.996815
v 7.200976 148.846298 46.379745
v 5.860767 145.081009 47.132839
v 4.681374 145.080444 47.505707
v 3.603889 145.055801 47.751247
v 1.040750 145.055832 48.038586
v -1.469277 145.074493 47.960419
v -3.621118 145.095215 47.625713
v -17.543541 151.008133 29.994482
v -16.596287 149.938278 30.801250
v -17.632046 152.126923 29.945698
v -16.603540 153.490997 30.792442
v -17.331284 158.465256 19.601723
v -17.195316 154.496964 19.080652
v -16.900177 154.490524 18.625828
v -17.450670 154.471359 19.513308
v -16.699512 158.338089 18.776312
v -16.288765 158.806702 19.428076
v -16.640675 153.292633 19.131260
v -15.832518 154.470551 17.212587
v -16.392902 154.140198 18.093752
v -15.507835 158.148239 17.322205
v -16.344830 158.702805 39.630859
v -15.163312 158.937973 19.297163
v -13.917232 158.049805 15.572755
v -14.723628 154.389603 15.942896
v -13.808060 158.775269 17.814722
v -14.153187 154.424759 15.347292
v -12.314245 158.191086 13.975628
v -13.454167 154.398376 14.704517
v -12.607889 158.836182 16.816425
v -11.995479 158.777252 15.643060
v -12.147422 154.476791 13.623141
v -11.189327 158.580414 13.273214
v -10.796165 158.496918 12.600175
v -10.270720 159.311630 14.249334
v -10.765373 154.500870 12.604177
v -9.603545 159.815247 12.676651
v -9.416164 159.612595 11.838152
v -9.012172 159.436707 15.514515
v -10.152317 159.144958 16.229753
v -8.957732 160.063309 14.103745
v -8.743405 160.443909 13.056355
v -8.457871 160.514160 13.442451
v -11.387447 158.992523 16.786619
v -12.648408 158.858688 18.531471
v -11.448973 158.827591 17.984848
v -13.871412 158.890930 19.339001
v -15.855621 159.345840 20.989183
v -14.044471 158.937241 20.504704
v -16.640581 159.476807 21.336670
v -16.829826 159.564377 23.319845
v -16.784719 159.479797 23.889317
v -16.993158 159.572006 35.643742
v -16.621937 159.288132 38.144588
v -16.931244 159.524673 37.327957
v -17.557161 159.537933 22.043955
v -16.746414 159.587646 21.959202
v -16.795753 159.612198 22.676649
v -17.591665 159.493301 36.983562
v -16.872957 159.621689 36.331623
v -15.441722 130.800232 24.182394
v -14.836737 130.236465 25.497421
v -15.404410 131.494110 22.182447
v -15.607390 135.558762 22.181349
v -14.756570 130.202606 33.485622
v -14.345797 130.206009 34.676575
v -13.953402 130.379044 35.869762
v -15.026039 130.954254 35.784893
v -13.003346 130.220078 37.300709
v -14.763967 131.253387 36.947632
v -12.649271 130.445831 38.423805
v -13.607893 131.009308 38.238251
v -14.321586 131.504456 37.947983
v -15.016993 131.561768 37.012386
v -13.328588 131.325867 39.297302
v -11.432333 130.340027 39.764469
v -11.945845 130.171265 38.884789
v -10.196513 130.324142 41.038097
v -11.325798 131.326599 41.495281
v -9.354858 130.136719 41.569637
v -8.860005 130.388565 42.303577
v -12.352020 131.608383 40.729877
v -9.695313 131.283676 42.976185
v -10.568668 131.562286 42.455791
v -6.294851 130.467560 43.653061
v -8.731185 130.821548 43.380199
v -7.728848 130.211761 42.613556
v -6.205152 131.035645 44.611027
v -7.365828 131.253250 44.393402
v -8.235025 131.460739 44.133762
v -5.008885 130.841721 44.783360
v -2.348185 130.700821 44.909534
v -3.902290 130.365585 44.163441
v -5.077332 130.293137 43.792343
v -5.627429 131.518799 45.366108
v -7.032158 131.515839 44.778000
v -4.659014 131.422241 45.652748
v -3.665200 131.286942 45.683605
v 1.783173 131.202621 45.760971
v 3.730869 131.170410 45.787708
v -3.489935 131.571426 45.957649
v -2.393774 131.593048 46.111973
v -1.178772 131.616440 46.214413
v -0.009203 131.607910 46.252224
v 1.309363 131.576996 46.259430
v 3.583852 131.504044 46.006500
v 4.861189 131.350571 45.435192
v 3.744037 130.664948 44.883743
v 3.850515 130.265060 44.228958
v 2.366111 130.011749 43.894386
v 5.174696 130.873978 44.771278
v 1.239588 130.196930 43.798141
v -0.006083 130.167770 43.887238
v -1.253882 130.144089 43.852921
v -2.449035 130.163635 43.701778
v -4.719789 129.180511 42.952396
v -3.675461 129.106049 43.314411
v -6.858572 129.927567 42.701740
v -6.051255 128.313904 42.255325
v -5.841212 128.100143 42.341022
v -7.165542 129.305740 41.712860
v -8.952278 129.079498 40.899860
v -8.444213 128.232681 40.614586
v -7.865902 128.186661 41.092400
v -10.498158 129.837143 40.046909
v -9.704477 128.314270 39.420506
v -10.224955 129.203552 39.720829
v -9.205405 128.285233 39.920570
v -11.364632 129.136902 38.388374
v -10.851494 128.310699 38.111210
v -10.307170 128.324066 38.766171
v -12.375860 129.213760 36.752735
v -11.287962 128.313278 37.545471
v -11.874856 128.271698 36.695717
v -13.047162 129.913849 36.295013
v -12.602036 129.341949 35.955856
v -13.546063 129.109283 34.345898
v -12.748221 128.154358 35.355953
v -13.118336 128.109787 34.399673
v -13.599877 129.223907 33.256592
v -14.462818 129.916962 31.989277
v -13.945847 129.094162 32.076714
v -14.315922 130.128799 30.825890
v -14.467295 130.023773 28.477552
v -14.282827 129.996277 26.999186
v -14.381198 130.236526 24.290359
v -13.298171 129.240662 24.656147
v -13.746156 129.122360 25.830357
v -13.980465 130.401611 23.097887
v -14.863096 131.228439 21.975080
v -13.976983 130.837952 21.646507
v -13.047315 129.867249 22.680943
v -12.835495 128.094589 23.706430
v -12.723778 129.238770 23.049973
v -14.404557 131.470398 21.004980
v -13.045236 130.262329 21.640551
v -15.509106 133.200882 37.080154
v -15.470083 135.691879 36.837448
v -15.679801 134.341583 36.821266
v -16.113226 136.762054 23.722397
v -16.377407 138.725754 25.742443
v -15.981469 138.653244 24.558701
v -15.791748 138.175110 23.949142
v -15.421166 135.947983 22.051250
v -15.752964 136.551743 22.941917
v -16.683378 138.621613 27.271221
v -16.777189 138.568054 29.921700
v -16.642496 138.658768 32.041485
v -16.346369 138.701263 33.300488
v -15.952172 138.659149 34.471855
v -16.055389 136.728119 35.215664
v -15.769500 138.170898 35.052742
v -15.694969 136.531464 36.006798
v -15.194185 136.261993 37.100262
v -16.630152 138.879135 27.136173
v -16.095366 140.723938 24.534920
v -16.754259 141.920670 25.569191
v -16.743696 138.945389 29.433502
v -16.648018 138.908386 31.668339
v -16.496964 140.779526 33.210289
v -16.768230 141.964996 33.510006
v -15.799071 140.751297 35.445675
v -15.263983 140.731613 22.416655
v -15.677800 140.738235 23.380970
v -15.347010 141.992905 21.757931
v -14.940456 142.307755 20.792011
v -15.817670 142.715240 36.875492
v -15.224307 140.805527 36.806301
v -15.374758 142.080673 37.296856
v -15.191780 144.917603 18.967167
v -14.487965 142.693192 19.757536
v -14.509277 142.816132 39.250267
v -15.936159 152.122818 18.416529
v -14.287510 149.330734 29.849895
v -13.234817 149.052490 32.855961
v -16.197159 151.220764 24.663795
v -16.570932 151.209595 25.714031
v -15.879980 150.447449 24.880096
v -16.168673 150.364746 25.766220
v -15.245523 150.118652 24.377710
v -16.628754 152.030960 25.680933
v -16.785831 151.200150 26.882141
v -16.835730 152.019699 26.880014
v -16.316460 152.034622 24.433811
v -16.217289 151.993195 24.058922
v -16.206770 150.291809 26.973759
v -16.989508 151.170471 28.171843
v -17.030762 152.024216 28.181608
v -16.276691 150.234406 28.223118
v -14.215615 149.406662 26.889206
v -13.253347 149.004456 26.179522
v -16.289146 152.773911 25.728891
v -16.123941 153.252090 27.033602
v -16.066839 152.737335 24.806047
v -15.200040 153.399414 24.347641
v -16.271021 153.315186 28.830118
v -15.216328 153.584579 25.539236
v -15.435686 153.562943 26.566652
v -13.527554 154.628799 29.115334
v -13.127502 154.592606 25.779549
v -13.248824 154.601349 32.501286
v -15.681672 153.147583 17.608921
v -15.303589 153.973907 16.744244
v -12.338762 154.576736 34.985229
v -10.967705 154.513000 37.279041
v -15.362192 159.194046 25.659275
v -15.362469 159.268921 34.680866
v -15.364972 159.186417 24.373325
v -15.198686 158.842285 39.732353
v -15.903503 159.319473 38.035187
v -16.299911 159.506912 37.251083
v -13.873081 159.041733 39.684467
v -10.076942 158.873856 44.807434
v -12.801706 158.817886 41.079105
v -10.010703 158.964172 43.507778
v -8.543825 159.312302 46.239609
v -8.442948 159.357590 45.449493
v -8.004912 159.294495 47.206978
v -8.131623 158.898483 47.735207
v -14.686276 82.794945 12.794699
v -13.989401 81.961349 13.859008
v -15.030476 84.510246 13.738612
v -14.366654 83.083885 14.143752
v -15.405406 84.603233 12.783093
v -13.681014 80.929588 12.785602
v -14.212365 81.864174 11.373595
v -15.175442 84.040215 10.436352
v -15.099633 86.008636 13.898087
v -14.647938 84.096115 14.077443
v -14.697520 94.936729 14.047333
v -14.417017 95.531631 14.084756
v -14.328586 88.758003 14.142881
v -13.812664 82.729866 14.202631
v -14.895954 86.461884 14.019731
v -15.346891 91.259392 13.921130
v -13.874695 82.106216 44.884796
v -14.378233 83.056343 44.931736
v -14.273148 83.097008 44.646057
v -14.932497 84.104652 45.949463
v -14.786165 84.238464 44.977673
v -14.038112 82.378342 46.003132
v -14.579004 84.147827 44.711433
v -15.449615 85.438843 45.949390
v -15.412756 86.659813 45.131569
v -14.785062 85.258438 44.768681
v -15.072417 86.240517 44.903278
v -14.586314 94.950035 44.985584
v -14.273362 88.701263 44.789761
v -13.749979 82.758797 44.585693
v -14.275256 90.170113 44.827526
v -15.012765 84.606956 50.234489
v -15.376378 85.343857 49.773964
v -14.811037 84.168694 50.036961
v -14.657875 83.834358 48.428993
v -15.424854 85.619423 50.099159
v -15.718837 86.662033 50.026379
v -15.720224 86.117538 48.383217
v -15.937239 87.362106 49.613689
v -15.103962 85.304337 51.413868
v -15.398730 86.522537 51.467777
v -14.550755 83.745270 51.389923
v -14.144207 83.164215 49.903206
v -14.165673 83.012344 51.505020
v -13.639683 82.533539 49.515038
v -13.032978 80.710037 51.219429
v -14.183218 82.910385 46.883587
v -14.530618 83.459625 46.941383
v -13.656276 82.594604 48.528835
v -14.138247 82.887939 52.813576
v -14.153202 83.667580 57.488422
v -15.106772 84.401848 9.525342
v -15.452414 85.609505 9.586678
v -15.017684 84.423302 9.301332
v -15.311253 85.603104 9.415604
v -15.057054 93.953636 9.522974
v -15.756034 85.723732 10.483294
v -15.394927 91.890511 9.595321
v -14.533097 83.583878 9.236678
v -14.581524 83.492332 9.510890
v -14.461107 96.047462 9.416485
v -14.023526 87.927811 9.198804
v -13.763219 82.926552 9.351689
v -14.326884 90.299500 9.265960
v -14.364308 88.815697 9.258359
v -13.232729 87.272018 9.144105
v -13.038861 80.855164 9.507503
v -11.870582 78.748756 9.647814
v -12.931610 80.408646 9.629225
v -11.920537 78.692039 9.784635
v -11.664150 87.259720 9.194248
v -11.675143 80.928886 9.555381
v -11.393329 80.025139 9.625575
v -10.058175 77.334694 9.616435
v -10.159805 79.216927 9.688500
v -10.257219 77.323090 9.774464
v -7.578340 79.120186 9.779002
v -7.316238 75.635864 9.485365
v -8.439530 76.124939 9.701909
v -3.818247 77.822853 9.681949
v -6.444782 75.080193 9.665377
v -4.371294 74.392326 9.525459
v -3.625036 75.790741 9.594001
v -4.455099 74.280846 9.699225
v -2.440604 74.881523 9.509107
v -2.199516 73.787949 9.521914
v -2.460298 73.746674 9.668321
v 2.371030 74.861893 9.481075
v 0.759079 73.706627 9.590677
v -0.374279 73.604286 9.707919
v 1.186657 73.651459 9.741768
v 3.410089 74.019783 9.558239
v 3.048714 73.876778 9.701448
v 3.473192 75.785782 9.488092
v 6.365162 79.203224 8.972063
v 6.723807 75.284485 9.359065
v 4.242138 74.190887 9.702666
v 3.787515 77.650063 9.398156
v 6.404139 75.011795 9.621931
v 7.730350 79.489906 8.886468
v 9.252843 81.294472 8.765925
v 9.667886 76.682220 9.144038
v 9.457430 76.480202 9.437541
v 9.893248 88.710625 8.792068
v 10.125334 80.244705 9.076723
v 10.849512 78.216179 9.391787
v 10.182680 81.478279 9.047842
v 10.470994 87.805466 8.897179
v 11.088654 79.521835 9.267546
v 10.870121 78.055389 9.578322
v 11.701127 79.319817 9.551282
v 11.738880 79.282906 9.620751
v 11.729493 79.348976 9.619713
v 10.709289 81.401718 9.170400
v 11.397555 81.253746 9.463436
v 11.427909 80.478790 9.422003
v 11.531160 87.206566 9.039735
v 11.690557 83.691444 9.126038
v 14.419370 88.882568 9.260949
v 15.059810 84.146996 9.436796
v 12.897668 83.509720 9.442924
v 13.131969 87.291573 9.204197
v 11.518418 82.291725 9.252325
v 14.945445 94.034912 9.479881
v 15.331286 85.878380 9.563954
v 15.015466 84.151260 9.690900
v 14.342480 95.978004 9.338399
v 13.313003 82.972908 10.200636
v 14.203546 83.457077 10.390357
v 14.735337 83.888695 10.491546
v 15.294474 92.185631 9.599768
v 15.501682 86.050644 9.751047
v 15.540180 89.038399 9.691445
v 15.694268 88.242111 9.835227
v 15.675464 90.195305 9.817151
v 15.490545 92.174812 9.751017
v 15.067335 94.102303 9.646319
v 14.338965 90.319931 9.256217
v 13.346261 97.887856 9.227447
v 14.514772 95.801491 9.575624
v 13.884001 91.159050 9.183447
v 13.389457 97.943840 9.515352
v 13.036814 91.755714 9.057836
v 12.192810 99.829231 9.048341
v 12.410288 99.571442 9.376570
v 11.542891 91.791542 8.944343
v 9.848993 90.295601 8.771517
v 10.090926 102.345734 8.787703
v 10.703554 101.665939 9.240385
v 9.953921 101.505280 8.693422
v 8.167046 101.707787 8.456017
v 8.870469 102.670425 9.047858
v 9.198079 102.658936 9.278308
v 9.222286 82.552299 8.744488
v 8.865413 100.435837 8.411808
v 7.909364 83.384293 8.540844
v 6.474431 98.050674 8.206374
v 7.639782 100.525520 8.263483
v 6.396235 99.405083 8.202312
v 4.257110 89.769241 8.824346
v 3.910393 98.042488 8.334071
v 4.020976 99.378571 8.270997
v 3.144440 91.869774 9.009155
v 2.606007 98.021652 8.481081
v 2.627639 92.814377 8.966707
v 2.571096 99.282074 8.368382
v 1.384819 93.142700 9.007385
v 1.288768 99.238922 8.571343
v 2.688934 100.588768 8.329793
v 3.858790 100.528824 8.309970
v -0.067239 93.587051 8.827036
v 1.268207 101.592514 8.607104
v 2.554721 102.797577 8.442878
v 0.897081 102.367699 8.708338
v 1.110564 105.494659 8.697749
v 1.302299 103.987144 8.668240
v 2.900935 103.552116 8.539399
v 3.528222 104.657974 9.150449
v 2.721124 104.351089 8.863216
v 4.863067 104.142883 9.036511
v 3.773207 104.749802 9.439002
v 1.117143 105.514931 9.045698
v -0.966580 102.569115 8.373212
v -1.153606 105.118652 9.127357
v -1.585875 104.624825 8.908147
v -3.569954 104.655357 9.191675
v -1.165309 105.242279 9.378848
v -2.652241 104.552391 8.977936
v -4.984538 104.441986 9.411746
v -4.926630 104.150574 9.037118
v -3.435400 104.888535 9.465024
v -4.914260 103.701935 8.756570
v -2.870955 103.663605 8.544054
v -2.584643 102.948257 8.342476
v -1.333275 100.533401 8.443102
v -1.307947 101.765617 8.373511
v -2.623554 101.819283 8.240981
v -1.495632 93.270721 8.917540
v -2.754809 100.676964 8.223313
v -4.059231 98.068504 8.251431
v -3.250595 91.854515 9.054128
v -4.066389 99.523064 8.191635
v -7.187836 83.588135 9.266577
v -6.440132 99.336693 8.182073
v -7.842662 98.004601 8.282865
v -9.218234 83.626945 9.305860
v -7.830888 99.268959 8.210836
v -9.075011 99.161461 8.417264
v -7.729004 100.495872 8.256241
v -6.457806 100.519287 8.223861
v -10.075049 88.858490 9.082911
v -9.031938 100.411995 8.363547
v -10.084437 90.431511 8.999331
v -10.098662 100.196045 8.730199
v -8.193983 101.682899 8.411467
v -7.621260 101.621399 8.375828
v -10.898770 91.500877 8.982032
v -10.020401 101.426491 8.714683
v -8.400513 102.684280 9.137759
v -10.801218 101.197510 8.989832
v -7.474592 102.655945 8.580790
v -7.110067 103.401833 8.865432
v -9.069083 102.435860 9.395435
v -6.997751 103.701332 9.400556
v -11.701599 91.882858 9.012472
v -10.440505 101.604362 9.338728
v -12.830679 98.895157 9.268503
v -13.116860 91.780243 9.105497
v -12.552760 99.372902 9.542898
v -13.683426 97.744553 9.625134
v -14.699734 95.761864 9.656504
v -15.243224 93.803497 9.714188
v -15.593566 91.912865 9.750043
v -15.535166 89.927139 9.616510
v -15.520594 87.763084 9.557335
v -15.734020 89.872925 9.751830
v -15.706897 87.741135 9.708093
v 8.944440 82.380157 8.700914
v 7.177802 81.182167 8.732109
v 9.002458 81.458305 8.736552
v 7.491461 79.613014 8.869456
v 6.410342 80.065369 8.876433
v 2.529072 78.146790 9.474543
v -2.347182 77.996010 9.603753
v -7.697911 79.483482 9.895689
v -6.329187 80.068810 9.781228
v -10.858774 80.487709 10.334249
v -10.077769 79.991409 10.367896
v -8.191726 80.115364 10.388003
v -11.056325 80.935829 10.307739
v -11.629730 82.724159 9.457418
v -10.454417 83.612289 9.361362
v -10.082240 82.647621 10.192463
v -10.931538 82.074211 10.256255
v -9.217855 82.671097 10.198535
v -7.435550 82.345284 9.833012
v -3.200425 87.357864 9.423935
v -2.577439 83.485878 9.414523
v -5.008703 82.400963 9.733122
v -3.762010 88.733368 9.335558
v 1.546686 85.880157 9.244031
v -1.261395 82.373260 9.315823
v 0.016057 85.608398 9.448069
v -1.444312 85.932274 9.534092
v -2.311473 86.435593 9.523735
v -2.662900 82.391281 9.638316
v 3.265335 87.132797 9.154120
v 7.096249 82.287338 8.624686
v 3.693439 75.590286 14.153306
v 3.946281 77.719864 14.537270
v 2.455108 74.827835 13.898217
v -2.478668 74.814972 13.975462
v -3.725813 75.605141 14.249718
v -3.944108 77.851532 14.452794
v -2.538576 78.251221 14.480280
v 2.555259 78.201416 14.487896
v 13.858734 88.117409 9.261711
v 14.296335 88.715637 14.081983
v 13.799502 88.005302 14.141850
v 11.511720 87.195358 14.375227
v 13.129226 87.221489 14.261266
v 10.484077 87.842293 14.456087
v 9.887681 88.777618 14.516214
v 9.935998 90.351051 14.513718
v 10.884420 91.204338 8.935310
v 10.950834 91.208458 14.309308
v 13.076782 91.691780 14.180634
v 11.615375 91.772270 14.280901
v 13.920705 91.047325 14.138780
v 14.318663 90.172356 14.088875
v -10.046568 90.229980 14.252542
v -10.945480 91.340332 14.213509
v -9.991319 88.661049 14.290997
v -10.829594 88.093719 9.188698
v -10.758621 87.922104 14.296869
v -13.177940 87.169426 14.356798
v -11.579404 87.118973 14.403893
v -13.969182 87.846519 14.233695
v -14.321489 90.259132 14.137984
v -13.800242 91.009033 9.215523
v -13.837571 90.964928 14.173118
v -11.788867 91.788689 14.217313
v -13.205801 91.726578 14.246428
v 3.706864 90.503769 9.047421
v 3.723390 88.545036 9.058693
v 2.208167 86.451233 9.313658
v 2.767041 87.487404 10.077552
v -3.378295 90.516273 9.321862
v -2.003376 92.655983 9.187694
v -2.642330 91.544945 10.035420
v -0.009181 93.065269 9.615566
v -1.291965 92.724464 9.783978
v 2.033374 92.797028 9.147142
v 2.653035 91.530151 10.008830
v -15.855130 86.496567 12.754819
v -14.806185 83.290192 10.433158
v -15.550308 87.065811 13.639365
v -15.852489 87.146767 45.970837
v -14.794463 86.453506 44.799213
v -16.149216 88.200035 10.543521
v -16.112860 88.470070 12.758491
v -15.387596 88.687294 13.866983
v -15.312611 88.680336 44.941807
v -16.147791 88.444283 48.338547
v -15.975519 88.071976 49.962749
v -15.614893 87.874214 51.518188
v -15.719899 89.132439 13.637152
v -15.619251 88.930542 45.186760
v -16.064739 89.533188 46.021015
v -15.208635 91.324036 45.028946
v -16.112152 89.916702 49.602383
v -16.133024 90.166801 10.586367
v -16.095877 90.957840 12.797578
v -15.626662 91.513824 13.673703
v -15.109559 93.144714 13.928554
v -14.971893 94.498787 13.846209
v -13.756518 96.120804 14.069282
v -14.481906 95.582962 13.782271
v -13.069775 98.119614 13.952022
v -13.199568 98.154205 13.695803
v -11.870331 99.709473 13.818934
v -11.335306 99.009293 13.872790
v -10.610796 100.881660 14.202895
v -11.526576 100.297966 13.657128
v -11.688502 98.073227 13.882723
v -12.963227 98.556992 13.678423
v -10.173272 100.322693 14.452951
v -10.113823 101.372299 14.846573
v -9.544939 103.021881 15.647482
v -10.173693 99.697144 14.188518
v -10.351131 101.722298 14.030059
v -9.279071 101.125427 15.817163
v -9.234966 103.060303 16.760687
v -8.854898 101.590187 16.750826
v -8.965907 100.524979 15.681328
v -10.781733 98.532761 13.002610
v -10.043252 98.925438 13.073931
v -8.310848 98.657646 13.258166
v -9.102602 99.618500 14.546955
v -11.005853 98.096977 13.002688
v -11.651760 96.390671 13.970229
v -10.504558 97.260201 12.419836
v -10.554550 95.394218 14.105078
v -10.040109 96.375153 13.102571
v -7.726781 76.168335 14.679764
v -7.803155 95.428024 14.232163
v -9.117719 95.709740 13.884892
v -7.489207 75.270248 14.687448
v -6.387545 74.876167 14.658800
v -7.270982 96.640022 13.651029
v -5.033842 74.830360 14.568355
v -5.174947 95.467484 14.158260
v -3.960593 90.122978 14.123886
v -1.325136 95.470688 13.878872
v -4.919159 96.469307 13.660313
v -4.841449 74.169357 14.547928
v -3.797813 88.236931 14.194984
v -3.027197 91.686630 13.969926
v -1.539127 93.048622 13.799302
v -2.543141 96.280891 13.584563
v -0.004032 93.342056 13.929969
v -1.371189 96.506424 13.880172
v 7.799537 95.516899 14.796713
v 7.122455 96.460464 14.898168
v 1.376370 93.090256 14.008232
v 2.034772 92.702194 14.062902
v 3.151186 91.844086 14.146681
v 4.097128 88.965668 14.431017
v 6.226041 74.742432 14.416967
v 8.994570 76.241470 14.486032
v 9.112185 96.554199 14.790127
v 9.801428 76.869820 14.390462
v 9.118285 97.821777 14.814242
v 8.844281 96.746300 14.805777
v 9.082746 99.088898 14.863303
v 8.076040 99.307358 16.057026
v 6.055998 98.394402 16.013424
v 6.411611 97.317635 15.083298
v 8.865141 97.562714 14.819746
v 6.827426 99.177177 16.743837
v 7.323582 99.426811 16.700092
v 10.631769 98.047859 14.361624
v 10.139799 100.216606 14.751667
v 8.997599 100.440895 15.899004
v 10.297755 95.337692 14.590912
v 7.942726 99.998703 16.753733
v 8.424773 100.625114 16.801022
v 11.031237 99.548676 14.212433
v 10.034884 101.344025 14.772072
v 10.639648 100.662315 14.277016
v 10.246741 101.526955 14.116581
v 9.292017 101.189720 15.899923
v 8.993385 101.889053 16.797876
v 9.529645 103.057838 15.674296
v 9.235445 103.058693 16.768175
v 11.031581 100.487778 13.823000
v 11.370072 99.666039 13.883032
v 11.557765 99.627716 13.655233
v 11.368839 97.897675 13.888246
v 11.214330 99.379196 14.090449
v 10.855914 96.896469 14.335713
v 12.890931 95.181732 14.192003
v 14.692154 94.907715 14.028290
v 12.967354 95.565247 13.978056
v 11.499747 96.888542 14.077236
v 13.985995 95.250252 13.826050
v 14.815266 94.763901 13.773005
v 14.217526 83.156273 14.053374
v 14.971009 85.828514 13.923282
v 15.176306 92.561264 13.878450
v 15.176597 93.366631 13.824552
v 15.244317 91.528191 13.855755
v 15.314882 88.609367 13.842802
v 15.611922 91.012764 13.611484
v 15.638721 88.784531 13.587952
v 15.332079 86.121513 13.643836
v 14.814175 84.365135 13.718985
v 13.171697 81.074280 14.199012
v 13.373855 81.151848 13.855906
v 14.242926 82.819633 13.755228
v 11.706779 78.941772 14.267967
v 10.775516 77.692368 13.939442
v 12.262102 79.469994 13.874872
v 9.136738 76.234734 14.033284
v 6.812748 74.949738 14.000575
v 2.714354 74.104683 13.713154
v 3.221226 73.979027 13.542884
v 4.783208 74.301132 13.756136
v -0.458713 73.857689 13.622171
v -2.774861 74.007133 13.830665
v -1.296638 73.746880 13.501144
v -3.393889 73.960297 13.654788
v -5.239601 74.268959 14.100327
v -5.913426 74.665016 14.398778
v -7.331987 75.178825 14.145312
v -8.357596 75.942574 14.397112
v -8.933348 76.266129 14.595602
v -9.931743 77.152260 14.514437
v -9.243094 76.385590 14.076847
v -10.647520 77.575195 14.022757
v -10.901617 78.052414 14.401871
v -11.337591 78.905556 14.379361
v -11.948178 79.001686 13.922048
v -12.047013 79.403687 14.279188
v -12.912219 80.698647 14.228898
v -13.570095 81.596039 14.204797
v -13.520048 81.156631 13.851983
v 3.143029 87.135017 14.297288
v -2.023503 86.035118 14.269040
v -0.026203 85.520592 14.221698
v 1.496246 85.805313 14.231351
v -3.077634 87.192390 14.188899
v 3.655847 88.526619 14.212846
v 3.536904 90.447044 14.210996
v 2.783614 91.625893 13.498097
v -1.218023 92.600021 13.241178
v -1.714468 92.268364 13.080950
v -3.545120 90.402969 13.946823
v -2.722450 91.479004 13.393887
v -3.601421 88.543999 14.018441
v -2.209000 86.383255 14.149292
v -2.732475 87.460243 13.552601
v -1.294528 86.268280 13.720199
v 0.047163 86.021881 13.668205
v 2.075275 86.719940 13.789580
v 1.272501 86.372169 13.360643
v 2.761888 87.429977 13.617599
v -15.545123 91.150375 45.232090
v -13.897208 87.788551 44.714111
v -13.511522 81.628426 44.548115
v -13.069755 87.101715 44.594482
v -12.816043 80.765732 44.487366
v -13.113214 80.995384 44.644642
v -11.393374 87.095406 44.498672
v -12.037370 79.376488 44.497833
v -12.018305 79.197060 44.863533
v -11.338981 78.854828 44.450115
v -10.944690 77.971222 44.429825
v -9.802559 88.732063 44.383419
v -10.230154 77.471085 44.399261
v -10.558928 77.507820 44.856850
v -9.090608 96.538277 44.275276
v -9.483021 76.522072 44.310349
v -9.093859 97.806664 44.268497
v -7.860584 95.565491 44.270027
v -7.776371 76.234749 44.257740
v -8.383907 75.988838 44.572662
v -9.779978 76.735176 44.774174
v -7.560770 75.343430 44.257935
v -6.585280 74.977501 44.230030
v -6.703759 74.915482 44.784187
v -8.424629 75.889793 44.840679
v -5.422676 74.995140 44.222168
v -6.116138 74.790749 44.502384
v -0.443545 95.794983 44.822216
v -5.214790 74.410789 44.304432
v -3.905141 75.867126 44.663071
v -2.858862 74.114891 44.996784
v -5.045885 74.300201 44.834480
v -4.194093 78.134361 44.419624
v -2.525809 75.099289 44.971390
v -2.393462 73.868683 45.245552
v 2.491804 75.061348 44.978584
v 2.491515 74.064453 45.026508
v 0.461502 73.869637 45.174511
v 3.338375 74.002808 45.085899
v 3.722776 75.743683 44.752045
v 4.815156 74.280457 44.501217
v 5.212815 95.454002 44.798061
v 7.579201 75.363060 44.214558
v 7.007092 75.054718 44.754189
v 3.943467 77.917313 44.576283
v 4.822898 74.210190 44.954659
v 7.854061 95.410950 44.731083
v 8.449306 75.917046 44.749989
v 10.020708 88.674667 44.524269
v 9.627850 76.982574 44.433372
v 10.073267 90.246849 44.551220
v 10.549487 87.749802 44.528069
v 11.419897 78.696915 44.580479
v 10.690615 77.763214 44.916615
v 9.704438 76.882057 44.880070
v 11.535064 87.114265 44.555271
v 12.032782 79.188515 44.995190
v 13.149712 87.226494 44.622299
v 13.207445 81.140572 44.746330
v 13.113059 80.623589 45.054840
v 14.312502 88.762657 44.825405
v 14.345664 83.256989 44.873886
v 13.894625 81.928474 45.089722
v 14.450388 95.507736 44.842232
v 14.736825 94.918602 44.886093
v 14.456517 83.023224 45.169212
v 14.917337 84.417839 45.215916
v 15.351241 88.654587 45.102280
v 15.103045 86.433868 45.095291
v 15.366559 91.251915 45.042446
v 14.974426 93.402634 44.933960
v 15.436009 86.587212 45.341938
v 15.692270 88.955132 45.354492
v 15.671854 91.253540 45.301453
v 15.323981 93.386467 45.227531
v 15.147076 93.162872 45.030613
v 14.972761 94.525002 45.087616
v 14.793514 95.724625 46.100811
v 13.948333 91.109177 44.754818
v 13.779689 96.088844 44.894878
v 14.314021 90.255714 44.822716
v 13.159809 91.721115 44.689621
v 13.070822 98.110535 45.007992
v 13.185626 98.142853 45.263863
v 12.703602 98.485519 44.993519
v 12.963235 98.542099 45.213089
v 11.729136 91.750824 44.704914
v 11.909674 99.690926 45.133888
v 11.312962 98.971359 45.068401
v 10.960315 100.445984 44.888103
v 12.027416 99.781876 45.343048
v 11.698380 98.047684 45.081291
v 10.224025 99.628654 44.844883
v 10.162288 100.272064 44.574127
v 10.015984 101.364174 44.313782
v 10.256341 101.532295 44.982021
v 8.849941 100.496521 43.317993
v 9.207724 101.118011 43.232742
v 8.868470 101.601265 42.244858
v 8.967315 101.967857 42.220367
v 9.367780 103.044991 43.282501
v 9.101583 99.609566 44.521362
v 8.054514 98.944733 44.809677
v 7.292011 99.652672 42.441242
v 7.883591 100.116890 42.390316
v 10.502524 98.229210 46.616081
v 8.392374 98.704262 45.775658
v 10.017649 98.952896 45.922916
v 11.048799 98.047874 46.009888
v 11.639633 96.352196 44.993221
v 10.903177 97.000740 45.971302
v 10.424920 95.349297 44.954113
v 10.012424 96.393204 45.914959
v 9.099853 95.702202 45.141048
v 7.367281 96.644928 45.349911
v 1.296674 93.137848 45.040325
v 5.053492 96.415115 45.382858
v 3.963390 88.807091 44.766750
v 3.963279 90.701668 44.855377
v 3.038170 91.897392 45.000790
v -0.329687 93.347435 45.073051
v 1.828408 96.389961 45.358036
v 0.429758 96.660896 44.995754
v -7.202253 96.498070 44.169666
v -1.377073 92.756355 44.930374
v -2.017260 91.227219 44.861603
v -2.534333 89.847878 44.661850
v -8.817695 96.745720 44.263371
v -9.063095 99.076469 44.240238
v -7.817848 99.247353 43.057484
v -8.834211 97.538994 44.260006
v -6.468512 97.341431 43.981323
v -6.120949 98.404366 43.060764
v -6.841264 99.199371 42.285290
v -10.228572 96.646233 44.427452
v -10.112883 99.104218 44.474930
v -8.878811 100.443253 43.114185
v -9.851558 90.311234 44.414398
v -7.952166 100.062279 42.205208
v -10.771085 97.794235 44.717430
v -10.162458 100.183273 44.257034
v -10.981891 99.615204 44.795666
v -10.828223 96.871536 44.620625
v -11.608599 91.774544 44.639915
v -11.592950 95.197823 44.560204
v -10.721799 91.389709 44.574993
v -13.071240 91.686394 44.713264
v -12.838218 95.212280 44.785271
v -12.907522 95.654945 44.997082
v -11.461141 96.882706 44.821758
v -13.908494 95.318581 45.160019
v -14.708080 94.812408 45.181927
v -15.051615 92.734749 45.056969
v -15.238825 93.012802 45.250423
v 2.666876 76.533363 48.963890
v 2.548391 78.267731 44.569481
v 2.701362 77.063492 48.942741
v 2.123503 76.401512 49.024429
v -2.070673 76.402557 49.042690
v -2.632564 76.540367 48.983841
v -2.675244 77.078957 48.952221
v -2.536689 87.133804 44.649055
v -2.712093 78.400162 44.542023
v -2.093498 77.179848 49.001835
v -2.701960 88.620804 44.639111
v 1.439272 85.842140 44.626541
v 2.124705 77.169388 48.984924
v 0.025683 85.552208 44.657345
v -1.466383 85.887909 44.651386
v 3.101990 87.201164 44.774273
v 13.812807 88.027596 44.749569
v 14.267958 88.781281 49.710312
v 13.722428 88.068832 49.733936
v 11.717135 87.691231 48.521458
v 11.643554 87.645195 49.689945
v 13.026674 87.292236 49.884499
v 10.982598 88.291595 48.474689
v 10.507119 88.970535 48.506931
v 10.252769 90.217262 49.771355
v 11.066729 91.152184 44.693069
v 10.931758 91.195564 50.066319
v 13.012028 91.798286 49.981964
v 11.518900 91.823441 50.179340
v 13.826724 91.152679 49.775276
v 14.236802 90.276443 49.678181
v 3.598594 88.544228 44.915699
v 3.681792 90.455154 45.044689
v 1.976524 86.581429 44.949711
v 2.786356 87.459373 45.375618
v 1.251565 86.350967 45.473957
v -0.083397 86.020866 45.238396
v -1.278610 86.339317 45.636406
v -1.888601 86.462143 44.704327
v -2.491122 87.446770 45.598831
v -2.703252 88.409805 44.793343
v -2.517099 90.152969 44.864643
v -1.670304 92.108910 45.318947
v -2.307825 91.319893 45.728668
v -1.208688 92.444458 45.855705
v 1.039275 92.812805 45.543793
v 2.684768 91.603889 45.569740
v -10.736349 89.002693 48.299480
v -10.759878 89.975327 48.329491
v -10.580585 87.957909 44.526722
v -11.041906 88.423767 48.363873
v -12.716160 87.785545 48.544510
v -11.608160 87.902832 48.505539
v -13.313651 88.347755 48.464069
v -13.644865 88.976410 48.479282
v -13.650124 90.065781 48.528576
v -13.728758 90.907089 44.800488
v -13.335774 90.725319 48.589157
v -11.696239 91.039398 49.766659
v -12.700251 91.312279 49.866653
v -11.212850 90.762932 48.485191
v -16.167374 90.675629 48.370380
v -16.056795 90.876320 49.974327
v -15.793450 92.212479 51.561443
v -15.966955 92.077126 10.589893
v -15.923785 91.374390 46.048439
v -15.977184 92.128746 49.687840
v -14.107218 95.985062 57.420853
v -15.691071 93.304092 12.831190
v -15.548362 93.163292 46.069679
v -15.777773 93.150299 48.452274
v -15.866274 92.640205 50.081860
v -15.418589 94.453804 10.588140
v -15.251905 93.528435 13.727274
v -15.637074 93.582390 50.026302
v -15.349469 93.943947 51.424007
v -15.092700 95.070869 12.851190
v -14.637437 95.168686 46.102417
v -14.728554 95.665749 48.560528
v -15.362835 94.335930 49.970993
v -14.926788 94.909485 51.306831
v -14.416449 96.824722 10.611278
v -14.454652 96.686768 11.929127
v -14.734542 95.817795 12.859410
v -14.506429 95.795860 47.598938
v -14.555571 95.925171 49.836823
v -14.463733 95.571434 51.297874
v -13.734857 97.139702 49.773102
v -13.886552 97.051132 48.519821
v -14.045846 95.752045 51.359951
v -13.507402 97.263344 49.940384
v -14.656974 132.172684 20.844591
v -13.978038 131.481491 20.129005
v -14.111232 135.793427 20.038420
v -14.632257 136.199905 20.906404
v -13.976090 132.510849 38.934052
v -14.055704 135.789505 39.056667
v -13.844529 131.547134 38.926922
v -14.994130 135.520355 37.672409
v -14.620713 136.204437 38.102161
v -13.551404 135.725845 39.713711
v -15.229629 136.288696 21.885143
v -14.881207 138.630630 22.018911
v -15.381248 138.369003 23.066259
v -14.378638 138.606552 21.085270
v -14.214151 136.405960 20.333105
v -14.019331 138.350540 20.493916
v -15.369314 138.383133 35.958260
v -14.882997 138.634827 37.013783
v -14.385706 138.621918 37.949570
v -13.638031 136.220169 39.524132
v -14.205632 136.445801 38.673706
v -14.026091 138.378860 38.538471
v -15.512025 138.759644 23.416836
v -15.511498 138.750671 35.592102
v -14.585645 140.742355 21.074102
v -14.558116 140.760941 38.051350
v -14.164208 144.926620 17.627251
v -13.907647 142.137283 19.310465
v -13.963697 140.718185 20.078617
v -13.898703 140.790649 39.103195
v -13.936880 142.231659 39.732365
v -13.473774 142.679962 40.558193
v -14.006374 145.132019 41.410587
v -12.307891 142.637787 41.819710
v -14.833592 152.140488 17.035379
v -13.002728 144.922516 16.385126
v -14.248352 152.148804 16.379627
v -13.096079 149.217758 24.244442
v -14.027938 150.071732 21.777943
v -14.804639 150.489716 22.208988
v -15.629915 151.246109 22.943722
v -11.743883 149.217133 21.643827
v -12.959787 149.436676 22.971991
v -15.138979 151.252396 21.973532
v -11.557565 149.471771 20.434204
v -13.739227 150.252792 20.630022
v -14.234630 151.225876 20.307299
v -14.972432 151.994995 21.255043
v -10.484746 149.092209 20.321072
v -12.771406 149.917892 20.449844
v -13.508401 150.520340 19.665934
v -10.314974 149.435211 19.140327
v -12.621738 150.077042 19.372164
v -8.962022 149.452835 17.888056
v -12.443149 150.270889 18.335718
v -13.244343 151.181595 18.905573
v -7.820036 149.197296 17.707077
v -11.307682 150.008209 18.161764
v -12.015328 151.139969 17.503532
v -6.403551 149.416931 16.484869
v -11.230018 150.150009 17.022017
v -10.042373 149.966141 16.867563
v -10.581213 151.163452 16.292362
v -2.761104 148.903320 16.059544
v -8.917210 149.799286 16.602613
v -9.793763 150.479218 16.061052
v -7.665680 149.739670 15.281126
v -1.982305 149.543243 15.181551
v -9.142905 151.186447 15.243709
v 7.534419 150.018509 14.238881
v -7.534498 150.103973 14.276227
v -7.542317 151.095139 14.203969
v -8.229755 152.024323 14.464842
v -5.024489 150.091415 14.265734
v -6.280591 150.099045 14.269640
v -6.482526 151.123230 13.722333
v -3.768411 150.084015 14.262565
v 5.024499 150.034348 14.240787
v 6.280651 150.027985 14.238593
v -5.351663 151.162170 13.365687
v -4.708349 150.518417 13.407895
v -2.382534 150.440567 13.309073
v -3.689980 150.455032 13.376140
v 0.002693 150.415451 13.269670
v 1.258786 150.405380 13.264005
v 2.512570 150.389725 13.250869
v 3.762582 150.372849 13.237121
v -2.617171 151.233673 12.667119
v -3.798031 151.224899 12.843039
v -0.102106 151.247620 12.531780
v 2.264275 151.180893 12.587988
v 3.835320 151.161285 12.800209
v 4.712157 150.520203 13.386595
v 4.960799 151.141174 13.122029
v 6.481558 151.090790 13.688198
v 5.390584 151.094208 13.291712
v 7.555109 151.072906 14.174546
v 0.585219 149.490204 15.163152
v 7.754845 149.866318 15.339531
v 2.679173 148.977127 16.094023
v 9.004276 150.058762 15.517113
v 9.277416 151.137421 15.259011
v 8.246974 151.992233 14.422772
v 9.205551 152.020096 14.973376
v 5.270436 149.189850 16.318409
v 10.165695 150.033585 16.832834
v 9.896343 150.437057 15.938709
v 3.967296 149.061996 16.226727
v 10.074588 151.131699 15.718943
v 6.667729 148.948105 17.516874
v 11.264945 150.285095 17.057547
v 11.455359 151.114777 16.778625
v 10.665811 151.108292 16.170578
v 7.860336 149.191879 17.674578
v 11.468146 150.004089 18.056190
v 12.073003 151.099564 17.400871
v 9.895332 149.070724 19.579611
v 12.442420 150.316223 18.347401
v 12.675538 151.103043 18.010672
v 12.681731 150.082764 19.328606
v 13.304006 151.101654 18.796164
v 13.811144 150.207047 20.607780
v 13.581890 150.480453 19.704100
v 13.745362 151.100449 19.379820
v 11.802465 149.203278 21.560266
v 14.055212 150.040894 21.790346
v 14.281174 151.146713 20.257259
v 12.001497 148.914429 22.745598
v 14.980981 150.449203 22.107008
v 15.230408 151.190399 22.058147
v 15.001457 151.971786 21.228064
v 15.312147 151.950134 21.754536
v 13.132902 149.192825 24.177927
v 15.311509 150.131332 24.345623
v 15.689942 151.219070 22.944262
v 13.278884 149.020691 26.145140
v 16.131708 150.421158 25.773409
v 15.897785 150.469528 24.892334
v 16.221821 151.203171 24.753572
v 16.227896 151.996124 24.056751
v 16.349388 151.965164 24.415504
v 16.212143 150.333954 27.590757
v 16.789457 151.225327 26.882904
v 16.568884 151.220428 25.735878
v 14.269447 149.380920 29.181665
v 17.011080 151.201447 28.163717
v 16.630247 149.968765 30.801037
v 17.562101 151.046844 30.009485
v 17.660582 149.486023 31.979422
v 16.572592 149.552475 33.395119
v 13.092799 149.134308 33.461281
v 13.325425 149.072662 32.014153
v 17.624479 150.222244 30.981554
v 17.930033 150.996536 30.321533
v 17.325214 148.947388 34.497463
v 16.318087 149.389694 34.575771
v 13.012748 149.233047 34.757469
v 15.344785 149.477737 34.685146
v 14.036101 149.557831 37.235096
v 15.143880 149.419220 37.151863
v 16.300657 149.209579 35.850025
v 11.687965 149.316757 37.351093
v 12.936624 149.339966 36.041931
v 15.037202 149.252350 38.358063
v 15.954722 148.696121 38.261368
v 11.568551 149.385971 38.577663
v 13.950421 149.568192 38.454674
v 10.420046 149.296814 38.672031
v 13.562843 149.582504 39.374126
v 10.314981 149.455933 39.895367
v 12.719711 149.580063 39.746853
v 8.984082 149.397827 41.168278
v 12.634567 149.580643 40.921429
v 13.682585 149.203781 40.776119
v 7.803066 149.337784 41.308296
v 11.458324 149.525818 41.045177
v 12.480102 149.249893 42.052391
v 13.405493 148.813126 41.902008
v 6.440578 149.351303 42.592796
v 11.415586 149.562363 42.244522
v 10.202081 149.515625 42.365383
v 11.217555 149.183517 43.292156
v 12.166902 148.762451 43.051003
v 2.680682 149.191116 42.845291
v 9.017760 149.483215 42.551205
v 9.844174 149.430191 43.485565
v 7.697945 149.578201 43.794708
v 1.943301 149.494614 43.855854
v 8.888810 149.302917 44.786293
v 7.661688 149.596817 44.914841
v 5.118400 149.581223 44.944347
v 3.839846 149.574356 44.944271
v -5.111023 149.522568 44.941822
v 8.667122 148.834641 45.630661
v -0.638792 149.451385 43.875217
v -5.235820 149.255371 42.692463
v -3.942053 149.210907 42.748150
v -2.357009 149.207352 42.877266
v -6.623548 149.160828 41.451160
v -7.848577 149.245102 41.348484
v -9.831522 149.232010 39.395012
v -11.744963 149.288696 37.408604
v -11.888335 149.075180 36.181015
v -13.066663 149.196381 34.802704
v 13.480059 148.970322 30.200169
v 13.468341 148.939362 28.137556
v 12.974800 148.679916 26.575407
v 12.635138 148.646988 25.198654
v 12.386752 148.697952 23.934971
v 10.886469 148.804932 21.281363
v 10.952878 148.566650 21.759464
v 9.578072 148.735489 19.875196
v 8.148510 148.812012 18.586315
v 5.505945 148.732391 17.130816
v 7.080088 148.607147 18.204729
v 4.400595 148.627289 16.879225
v 1.331470 148.939972 15.937923
v 2.819652 148.648254 16.460400
v -0.183311 148.905991 15.883993
v -5.187644 149.233780 16.357771
v -3.922735 148.604294 16.711933
v -2.865073 148.601273 16.439745
v -1.555410 148.621460 16.248474
v -5.474595 148.720154 17.137094
v -6.610817 148.889328 17.515316
v -7.139098 148.573853 18.218132
v -5.404942 148.482452 17.352966
v -8.116452 148.811584 18.638363
v -9.156002 149.069809 18.986097
v -9.532986 148.748215 19.947792
v -8.673206 148.581436 19.405954
v -10.809546 148.844330 21.362841
v -10.101477 148.616364 20.867382
v -11.912988 148.930328 22.847164
v -11.229109 148.625839 22.362291
v -12.311476 148.756012 24.011593
v -11.843576 148.649506 23.447107
v -12.619776 148.665604 25.250095
v -12.956009 148.671906 26.607004
v -13.504345 148.889420 28.822721
v -13.181444 148.689896 28.077560
v -13.456610 148.945984 30.881241
v -12.927376 148.750732 32.424572
v -12.536540 148.765518 33.844025
v -12.297616 148.842682 35.008564
v -10.811983 148.994308 37.669533
v -11.269196 148.766388 36.577065
v -9.563332 148.895935 39.052727
v -8.123423 148.972916 40.396473
v -5.362234 148.896088 41.856098
v -7.370971 148.763611 40.604000
v -4.171570 148.827393 42.142704
v -2.806323 148.893875 42.462635
v 0.114375 149.087692 43.088081
v 5.186230 149.293915 42.669323
v 3.839412 148.834488 42.252972
v 2.802199 148.906082 42.453777
v 1.501743 148.903290 42.662258
v 5.391700 148.868896 41.864765
v 6.606985 149.052231 41.493023
v 7.114653 148.768814 40.768665
v 8.095345 148.990387 40.370785
v 9.140965 149.199463 40.039070
v 9.483454 148.936401 39.049164
v 8.642148 148.747223 39.617882
v 10.779784 149.002319 37.643208
v 10.319856 148.792557 37.865128
v 11.872580 149.031326 36.169815
v 11.255274 148.759186 36.548538
v 12.240258 148.853271 35.001316
v 12.490598 148.783020 33.889172
v 12.896088 148.792023 32.409008
v 13.144591 148.777328 30.945116
v -15.720959 152.030899 22.857910
v -15.241357 152.061508 21.807640
v -15.004385 153.228333 23.183113
v -14.981219 152.738724 22.122389
v -13.968885 153.452530 21.805689
v -14.274026 153.569702 22.931795
v -13.005491 154.373718 24.297470
v -14.044715 153.951218 15.378057
v -9.470355 154.512314 39.020241
v -7.368940 154.451004 40.799305
v -5.423901 154.421280 41.812248
v -0.417948 154.163681 42.834396
v -2.604870 154.236771 42.594250
v -3.878087 154.224365 42.552441
v 5.155059 154.251434 42.551506
v 3.871560 154.275635 42.582012
v 2.178926 154.260117 42.688606
v 5.388957 154.392410 41.787479
v 7.721772 154.271500 41.175201
v 6.477010 154.377335 41.256741
v 7.951654 154.378784 40.166668
v 9.004469 154.296234 39.856766
v 9.379522 154.392792 38.930992
v 10.290242 154.301193 38.556652
v 11.547992 154.243958 37.244774
v 10.617614 154.390274 37.511894
v 11.667241 154.436325 36.016323
v 12.471929 154.470428 34.578110
v 13.014822 154.499451 33.417828
v 13.564482 154.604614 29.954603
v 16.318199 153.302628 28.658295
v 17.648134 152.156036 29.951927
v 13.190441 154.634781 25.830093
v 17.056383 152.032944 28.157835
v 16.186962 153.190903 26.963491
v 16.850679 152.011581 26.860838
v 15.230117 153.606171 25.639355
v 16.310320 152.732681 25.688534
v 16.639606 152.005966 25.667328
v 12.470747 154.652496 23.983725
v 15.238966 153.436188 24.352884
v 11.158016 154.593826 21.815462
v 15.077600 153.223175 23.126417
v 15.764221 151.987473 22.835573
v 16.080641 152.693100 24.709177
v 13.961562 153.432800 21.782654
v 15.006582 152.653854 21.972265
v 13.766156 153.234756 20.618816
v 14.417316 151.983704 20.280560
v 9.593831 154.632614 19.878176
v 12.680798 153.463730 19.282351
v 13.550911 152.740524 19.586145
v 13.842137 151.996582 19.421053
v 7.366272 154.602234 17.946135
v 11.518821 153.747528 17.856899
v 12.437671 152.833389 18.171610
v 12.744817 152.051804 18.043406
v 13.365591 152.028595 18.807281
v 3.920608 154.260147 16.289150
v 10.277275 153.975998 16.405993
v 11.206064 152.981323 16.839043
v 5.483074 154.458450 16.995991
v 11.515095 152.114670 16.775219
v 12.118614 152.092194 17.387272
v 7.715104 153.653519 15.286236
v 8.859803 153.459747 15.535724
v 9.818602 152.988907 15.707493
v -7.666284 153.831039 15.330832
v -8.943453 153.849884 15.335479
v 0.331313 154.155090 16.022514
v 2.647910 154.271057 16.224850
v 10.119545 152.100555 15.631870
v 10.714412 152.126465 16.096537
v 5.093123 153.316635 14.208448
v 6.286534 153.223923 14.367852
v 7.298056 152.769943 14.338817
v 3.843923 153.399658 14.183043
v -3.811329 153.436203 14.220004
v -5.089526 153.440033 14.226016
v -6.367229 153.450531 14.235458
v -6.497227 153.750580 15.108277
v 7.695671 152.024811 14.167187
v 5.075428 151.962082 13.126054
v 6.531396 152.004257 13.673369
v 3.736477 152.721603 13.058837
v 4.662313 152.706726 13.357524
v 0.856073 153.035599 13.263776
v 2.506972 153.030533 13.303219
v -1.246133 153.051590 13.263405
v -2.507538 153.059830 13.265521
v -2.558991 153.396866 14.082558
v 0.161880 151.947403 12.464863
v 2.603538 151.962524 12.698811
v -1.313241 151.979462 12.455527
v -2.621260 151.992996 12.577399
v -3.750190 152.729614 13.121718
v -3.815464 152.020157 12.775344
v -4.663633 152.746689 13.372209
v -6.548063 152.039886 13.666016
v -5.038924 152.045731 13.113581
v -7.347165 152.895157 14.390619
v -7.666451 152.074158 14.181173
v -9.185270 152.128937 15.067626
v -1.597245 154.311310 16.078184
v -9.034893 153.845337 16.511036
v -9.817790 153.042740 15.859553
v -10.055362 152.139618 15.727538
v -5.156501 154.204819 16.407579
v -10.186851 153.660080 16.761337
v -3.881584 154.294113 16.339516
v -5.453470 154.514053 17.083508
v -10.424571 153.701157 17.744896
v -11.125214 152.860321 17.138651
v -11.375209 152.098480 16.918030
v -7.786626 154.303116 17.746849
v -11.387528 153.445496 18.130850
v -6.561714 154.529144 17.624094
v -8.077484 154.559265 18.704941
v -11.671023 153.573318 19.098167
v -12.352685 152.775009 18.406294
v -12.607352 152.071945 18.136190
v -9.095550 154.378021 19.069725
v -12.582600 153.332123 19.424494
v -9.517075 154.557007 19.977098
v -12.732967 153.558853 20.513050
v -13.499643 152.765167 19.735001
v -13.753983 152.062973 19.447386
v -10.383997 154.378860 20.384243
v -13.721988 153.233475 20.695358
v -11.640953 154.302017 21.704348
v -14.366592 152.030945 20.313940
v -10.763791 154.555374 21.406315
v -12.279483 154.631851 23.769810
v 13.159070 154.935287 28.079391
v 13.234930 154.921768 30.165977
v 12.851359 154.850998 32.366524
v 12.481304 154.789719 33.627750
v 11.762222 154.793457 35.164055
v 11.083848 154.665497 36.405575
v 10.109226 154.650909 37.688972
v 8.462346 154.654892 39.392952
v 9.125848 154.879623 38.700436
v 7.056053 154.634384 40.509693
v 5.431694 154.712036 41.401840
v 3.851300 154.603409 42.078056
v 2.768605 154.595657 42.328640
v 1.474122 154.554321 42.508255
v -0.002976 154.523911 42.576298
v -1.485248 154.533188 42.484520
v -2.786657 154.580093 42.298435
v -4.165235 154.547882 42.138084
v -6.969419 154.731491 40.630848
v -5.503610 154.766373 41.395103
v -4.109069 154.873245 41.914043
v -8.401439 154.733215 39.535297
v -10.233669 154.743652 37.696888
v -9.186336 154.950684 38.748341
v -11.097990 154.784576 36.468609
v -12.486080 154.856506 33.676910
v -11.838725 154.978119 35.091526
v -12.880533 154.893219 32.382301
v -13.107400 154.907104 30.925734
v -13.214507 154.943909 29.008966
v -12.911191 154.939270 26.645275
v -12.731990 154.827774 25.262211
v -11.326433 154.835953 22.541470
v -10.005876 154.851822 20.938404
v -8.607193 154.863388 19.528223
v -9.241046 155.044235 20.221407
v -7.066271 154.816742 18.277382
v -5.625878 154.882919 17.505791
v -4.205541 154.672073 16.731491
v -4.154968 155.004578 16.948093
v -2.832564 154.747910 16.505350
v -1.485864 154.705933 16.280937
v 0.582337 154.643646 16.208101
v 4.156651 154.804260 16.776043
v 2.825581 154.711670 16.448582
v 7.229999 154.916046 18.278963
v 5.586461 155.004669 17.391420
v 8.637344 154.900482 19.438456
v 10.062675 154.895157 20.921484
v 9.313316 155.124832 20.148581
v 10.040886 155.132812 20.935114
v 11.140871 154.916855 22.341982
v 12.942696 154.973618 26.407991
v -14.069198 158.934189 21.791155
v -15.751810 159.424820 21.901472
v -14.374738 159.113831 36.115803
v -14.072163 159.061249 37.244961
v -13.801761 158.794495 24.506519
v -15.804086 159.441620 22.877327
v -14.363621 159.033051 22.901604
v -13.380876 158.688141 29.893663
v -12.867237 158.446793 25.380436
v -13.271142 158.604431 27.872292
v -11.569009 158.289612 22.623123
v -10.670078 158.239594 21.428183
v -10.316219 158.336044 20.400618
v -9.154704 158.236008 19.658451
v -7.347205 158.301605 18.200092
v -7.591142 158.861633 16.964087
v -7.508345 160.114426 14.870697
v -8.086188 160.559525 13.764136
v -7.397482 160.626602 14.050587
v -6.487783 158.965698 16.691978
v -4.948040 158.402649 16.858780
v -5.259783 158.859985 16.484978
v -6.658059 160.195892 14.937813
v -5.035321 159.416412 15.788205
v -3.335275 158.350128 16.394733
v -3.816412 159.245178 15.662215
v -4.600419 160.464752 14.673967
v -4.410489 162.197006 14.753827
v -0.717570 158.298492 16.067953
v -2.544263 159.087860 15.614650
v -3.660236 160.352615 14.632865
v -0.257258 158.912170 15.611794
v -2.519159 160.272385 14.536362
v -1.338078 160.238510 14.503984
v 2.801211 158.414886 16.255915
v 0.882535 160.246796 14.485147
v 3.791759 159.281219 15.669778
v 2.712387 160.337051 14.617320
v 5.031151 159.397949 15.787945
v 7.617033 158.250015 18.318090
v 6.467099 159.063324 16.661417
v 6.666522 160.175156 14.935800
v 5.504104 158.437744 17.051983
v 4.657921 160.479462 14.667821
v 4.252959 162.274109 14.817676
v 6.367604 160.823303 14.277727
v 7.540171 158.910233 16.987509
v 9.057118 158.988159 16.540607
v 7.537258 160.099075 14.836854
v 10.136211 159.045547 15.558678
v 9.031546 159.393600 15.535619
v 9.575272 158.267807 19.999702
v 8.921528 159.980103 14.056836
v 7.975500 160.482285 13.802036
v 11.187255 158.358505 21.926462
v 10.256386 159.121277 14.238503
v 12.737217 158.449081 24.914841
v 12.847533 158.871368 17.956068
v 15.208626 158.873520 19.298033
v 13.824431 158.770889 34.523426
v 13.912507 159.066742 19.349798
v 13.409964 158.682510 29.123762
v 14.097049 159.071793 21.798342
v 14.085041 159.086197 20.514851
v 15.900427 159.328445 20.996738
v 15.808259 159.434708 21.900120
v 15.406541 159.159424 34.672169
v 14.413583 159.122330 22.920259
v 15.930256 159.476868 22.904270
v 15.402420 159.170349 33.386665
v 15.383557 159.266907 24.363544
v 16.675728 159.242004 33.395237
v 16.672655 159.299545 25.651894
v 16.840137 159.498215 23.882912
v 17.069609 159.606308 23.021692
v 17.887470 159.174240 25.677296
v 16.820248 159.412933 35.141594
v 17.782146 159.353256 35.136150
v 17.883671 159.118561 33.395336
v 15.726156 159.351761 36.049217
v 17.114943 159.545380 36.154587
v 14.099156 158.906158 37.245934
v 14.386753 158.998917 36.130836
v 14.071486 158.907211 38.532967
v 13.879471 158.856522 39.686989
v 15.804454 159.354263 37.170853
v 15.918314 159.279037 38.049782
v 15.203775 158.869186 39.744663
v 12.867064 158.445236 33.627335
v 12.627612 158.849457 40.841228
v 13.840283 158.738129 41.270897
v 13.304082 158.602676 31.084238
v 15.032147 158.621994 40.897186
v 12.087793 158.338425 35.357906
v 11.185943 158.296310 36.850285
v 11.420332 158.810455 41.074562
v 12.563404 158.750763 42.499546
v 10.608847 158.270020 37.557930
v 11.338921 158.942276 42.276772
v 10.269693 158.361771 38.605141
v 10.061096 159.000275 42.867287
v 11.306692 158.802902 43.773521
v 9.081833 158.251190 39.307713
v 8.909208 159.126801 43.632053
v 10.115104 158.935257 44.852783
v 7.278935 158.241623 40.717060
v 7.659045 159.148376 43.633469
v 8.494275 159.345123 45.475849
v 6.500368 159.146881 43.850330
v 7.590622 159.456512 45.329517
v 4.115241 158.249054 42.337608
v 4.992886 158.739838 43.333447
v 6.539974 159.466949 45.371864
v 5.091165 159.219650 44.974369
v 3.846130 159.036819 45.060352
v 5.488211 159.406021 46.328033
v 6.816881 159.585220 46.396881
v 0.620886 158.293091 42.968010
v 3.834970 159.161316 46.343349
v -2.311382 158.387451 42.635387
v -3.830667 159.237930 46.313889
v 3.823512 159.028076 47.542900
v 5.607723 159.303696 47.409279
v -5.098785 158.350800 41.929543
v -5.106599 159.204544 45.007244
v -5.559331 159.448929 46.393368
v -3.811860 159.091476 47.509735
v -6.691733 159.170242 43.766273
v -6.545862 159.477875 45.417698
v -6.768389 159.609283 46.413982
v -7.474496 158.258881 40.658321
v -8.883553 159.104126 43.657063
v -7.571204 159.477097 45.334618
v -9.391799 158.210327 39.140266
v -11.054341 158.276962 37.202221
v -12.321904 158.341537 35.007881
v -12.928249 158.534180 32.991844
v -14.060907 159.070786 38.529255
v -15.792881 159.438614 37.133186
v -15.846808 159.470703 36.154228
v 12.828016 158.189178 32.342789
v 13.063617 158.249268 30.929790
v 13.144134 158.287354 29.610840
v 12.678982 158.176285 25.822332
v 13.060287 158.288284 28.087250
v 11.895980 158.115570 23.791679
v 10.008926 158.023102 20.956217
v 9.284515 157.993134 20.174057
v 8.565991 157.986847 19.515203
v 5.305342 158.050629 17.284822
v 7.369407 157.963135 18.527636
v 2.836438 158.023041 16.524326
v 1.518327 158.012299 16.364475
v 0.004894 157.971512 16.282734
v -1.516845 157.962433 16.358515
v -3.061899 157.970825 16.582975
v -5.542746 158.001495 17.473768
v -7.202902 157.971405 18.470850
v -8.833616 157.971603 19.773069
v -9.965399 157.976105 20.941374
v -10.909785 157.978302 22.229239
v -11.842147 158.054520 23.844719
v -12.817175 158.204239 26.648924
v -13.041254 158.260406 28.103609
v -13.117417 158.294983 29.616993
v -12.794565 158.219147 32.390121
v -13.020574 158.283112 30.938843
v -12.438744 158.135406 33.742725
v -11.889228 158.034119 35.174328
v -8.963538 157.939819 39.094383
v -9.929736 157.964386 38.091709
v -5.469424 158.023697 41.396362
v -7.257858 157.968231 40.425732
v -4.095089 158.045868 41.903881
v -1.469607 158.041550 42.462990
v 0.009202 157.999908 42.600338
v 1.487039 157.987976 42.516464
v 4.109199 157.963501 41.945122
v 2.765909 157.985001 42.306431
v 5.443678 157.979156 41.365971
v 7.126969 157.957047 40.436863
v 8.805627 157.985901 39.128502
v 9.882212 157.991043 38.052544
v 10.786386 157.998215 36.844860
v 11.649405 158.024338 35.480381
v 12.269506 158.072556 34.170689
v -12.528552 79.264305 12.846157
v -13.448098 80.671646 10.540410
v -13.055913 80.716278 44.921993
v -13.591214 81.574371 44.988766
v -13.627412 81.609871 45.939724
v -12.823267 80.266609 45.948215
v -14.342287 82.507393 10.412146
v -13.666825 82.340126 47.319309
v -12.776036 80.246460 46.406708
v -12.856967 80.919678 47.735035
v -13.086787 80.661163 51.766872
v -14.002815 95.678596 52.494335
v -13.643085 96.181213 57.359531
v -13.786025 96.104286 57.981693
v -13.887674 83.648140 58.079594
v -13.649123 83.437393 58.511097
v -13.647032 83.620934 58.433174
v -13.355694 83.607018 58.721806
v -12.936103 82.486565 58.253212
v -12.919763 82.805336 58.530167
v -12.836564 83.164497 58.761120
v -12.823704 83.964577 59.125690
v -12.967826 81.982887 57.655201
v -12.940190 80.358086 53.545444
v -13.163157 96.290962 58.600086
v -13.672117 89.922035 49.724472
v -13.643209 89.005852 49.675758
v -13.541151 88.769112 50.712017
v -13.616453 90.044510 50.763451
v -12.514874 96.577660 58.935684
v -13.501755 96.197250 58.312847
v -14.298602 96.502258 13.063373
v -13.452867 98.234261 12.823355
v -14.164144 95.688438 45.995975
v -12.611481 97.264015 45.922112
v -14.140643 96.348503 47.560467
v -13.582146 96.899651 47.116882
v -13.532144 97.605850 48.377232
v -13.115891 98.106216 47.825249
v -12.710183 96.330467 50.870190
v -12.504251 97.564133 50.301788
v -13.705360 96.031609 56.122746
v -12.574803 95.247528 51.161106
v -13.652643 92.711296 52.472942
v -12.619163 96.360321 57.404869
v -13.406987 96.306343 58.301884
v -12.640414 97.754440 58.562767
v -12.585784 97.800903 57.581642
v -12.625507 97.797203 57.624176
v -12.584853 97.510078 58.802589
v -12.896719 99.195244 10.488206
v -13.028574 98.429878 48.497421
v -13.247894 97.947678 49.495998
v -12.423950 99.186317 47.559345
v -12.690948 99.327393 12.728743
v -12.489579 99.060310 49.434948
v -12.078261 99.767883 48.445335
v -11.925517 99.635460 49.662937
v -11.442029 96.679489 50.833794
v -10.322121 101.475098 49.721249
v -11.463364 100.410355 49.435108
v -10.168844 96.876282 51.037788
v -10.367010 101.573639 49.503761
v -9.964934 100.223320 50.195004
v -9.911370 101.334427 49.968479
v -8.633407 102.472214 49.935978
v -8.894280 102.548225 49.664227
v -7.165452 103.430016 50.079552
v -7.738324 103.359909 49.641964
v -8.208812 101.754120 50.448723
v -7.531776 102.710579 50.329315
v -8.806341 99.275055 50.582569
v -8.869150 100.433121 50.449734
v -7.652518 100.568840 50.589436
v -7.644966 101.703758 50.502171
v -7.143835 98.078552 50.848503
v -7.522731 99.323227 50.657047
v -6.283161 99.412346 50.642529
v -6.397766 100.576599 50.595158
v -6.949836 96.374680 51.108074
v -4.030724 86.258240 51.262272
v -5.109678 98.066628 50.648907
v -4.137554 92.879990 50.989635
v -3.917775 98.065300 50.574150
v -3.996042 99.533897 50.606281
v -2.672075 92.873154 50.880684
v -1.574715 92.859566 50.587421
v -1.301493 100.424728 50.486362
v -2.725134 100.657578 50.608128
v -0.019186 93.260155 50.597500
v -1.294503 101.642242 50.443253
v -0.918265 102.416489 50.360870
v -2.623377 101.809464 50.610397
v -2.602233 102.950500 50.557041
v -1.562708 104.885078 50.210728
v -0.575489 105.558563 50.170277
v -2.905670 103.726463 50.442558
v -3.431811 104.678192 49.812145
v -3.771155 103.858177 50.310139
v -4.959612 103.746490 50.216896
v -4.968248 104.173805 49.960819
v -3.418640 104.876717 49.562214
v -4.565971 104.561073 49.573330
v -1.070562 105.505638 49.895195
v 0.946528 102.554657 50.466774
v 1.178528 105.196854 49.899097
v 1.247533 103.889732 50.208656
v 1.202255 105.279320 49.687878
v 2.463629 104.789688 49.940018
v 3.665816 104.647430 49.803001
v 3.386845 104.863861 49.581467
v 4.643767 104.585999 49.587399
v 4.942095 104.202759 49.972332
v 2.889792 103.656380 50.377430
v 2.575215 102.944374 50.534458
v 1.264257 101.620033 50.507149
v 1.325345 99.172874 50.525642
v 1.460465 92.894737 50.592484
v 2.723940 100.672005 50.643024
v 2.627982 98.049049 50.628876
v 2.606172 99.283020 50.610363
v 2.558604 92.828972 50.809383
v 4.012968 99.510231 50.664486
v 3.896351 100.591812 50.641380
v 4.080509 92.753387 50.911835
v 5.065325 95.372414 50.861324
v 6.518634 98.022034 50.816772
v 6.389509 99.376686 50.725079
v 5.138007 91.346237 50.937267
v 6.504055 96.688904 50.991901
v 8.936498 100.411674 50.585487
v 9.042631 96.901672 51.078857
v 7.718685 100.563026 50.650867
v 10.243567 96.693764 50.863388
v 9.966770 101.401840 50.098949
v 8.229229 101.770050 50.520622
v 10.590361 101.294052 49.859299
v 9.514135 102.053345 49.851910
v 11.467390 96.505669 50.518929
v 9.069113 102.524673 49.606594
v 8.629808 102.508598 50.033367
v 8.214984 102.927170 49.889584
v 10.367986 101.588669 49.642494
v 12.299055 99.502190 49.858418
v 11.550167 100.485863 49.593361
v 12.469838 99.449181 49.551456
v 13.455245 97.827843 49.630745
v 14.428931 96.062920 49.488316
v 13.545504 97.890633 49.418247
v 14.900970 84.391167 49.657860
v 14.900296 94.407906 49.409527
v 14.618160 95.886696 49.276665
v 14.424895 83.509232 49.828331
v 15.173521 93.936508 49.228367
v 15.239768 85.579224 49.496346
v 15.368898 91.895447 49.308144
v 15.581946 91.731903 49.164669
v 15.502068 89.929390 49.282936
v 15.474148 87.757881 49.342064
v 15.718713 89.632378 49.141865
v 15.658015 87.741776 49.199471
v 15.359006 85.592178 49.321148
v 14.967197 84.348259 49.396999
v 14.717258 83.265594 48.459530
v 13.910508 83.879097 50.123909
v 13.790696 82.766869 50.098629
v 12.352554 81.887154 51.910221
v 12.327571 81.031319 51.600689
v 12.973503 80.741341 50.149136
v 11.868246 86.292770 50.844074
v 11.999096 84.066208 51.251720
v 11.166925 82.722969 52.442692
v 10.785546 85.008018 52.726620
v 11.087924 83.890755 51.974274
v 10.884278 84.414635 52.835129
v 10.323968 87.263725 52.497795
v 10.723487 87.367104 51.173740
v 11.695458 92.728493 50.511227
v 11.694561 93.997253 50.659668
v 11.550320 95.229729 50.610756
v 9.950424 92.964279 52.516617
v 9.822752 90.254311 50.217037
v 10.230812 91.294579 50.644169
v 10.221876 94.119148 52.587627
v 10.114299 94.695663 52.607883
v 10.071408 95.149765 51.536247
v 9.548788 95.258720 52.623409
v 8.984551 95.339081 52.637577
v 7.248376 95.058243 52.530983
v 6.605772 95.153809 51.687851
v 6.514557 92.741051 51.702911
v 6.360535 90.114563 51.027496
v 6.428127 91.319389 51.144451
v 5.145147 88.934769 51.133274
v 5.106522 84.093559 51.523293
v 4.239708 86.260307 51.336193
v 7.146510 92.473801 52.651928
v 6.988767 92.752304 52.600307
v 8.915564 90.147011 50.663773
v 8.625942 88.586983 51.499794
v 9.695182 88.166435 51.202030
v 10.239751 88.546165 50.211430
v 6.723866 88.385460 51.723743
v 5.948489 84.022614 52.201885
v 5.099341 83.249001 52.207275
v -5.953519 84.252686 51.962528
v 2.692778 86.142311 51.150494
v -2.583254 86.369850 51.005043
v -1.452996 86.126823 51.011223
v -0.075951 85.887718 50.999786
v 1.516869 86.180840 50.838661
v -6.324336 84.020927 52.817326
v -6.057277 83.470779 52.513046
v -5.833125 91.347488 51.460495
v -6.062264 91.086182 52.489876
v -6.092274 92.616486 51.381481
v -5.683632 92.783859 52.901882
v -6.384364 93.877678 51.304390
v -5.955927 93.746986 53.034405
v -7.441362 95.114281 52.684811
v -7.582175 95.235100 52.686333
v -9.815536 95.382278 52.709354
v -10.743011 94.801514 51.627193
v -10.252097 95.324394 51.644409
v -12.523996 94.012833 51.207638
v 4.147497 88.889267 51.201366
v 4.122139 87.773499 51.339321
v 3.696684 87.548798 52.467808
v 4.116509 90.153969 51.116463
v 3.401831 86.618042 52.549465
v 3.827862 88.873070 52.395592
v 4.007513 91.228096 51.141640
v 3.482256 91.360191 52.418938
v 3.089731 92.108734 52.419502
v 2.474519 92.516182 52.364967
v -0.066059 92.878334 49.670963
v -0.070418 90.997955 51.722610
v 0.859688 90.952606 51.617603
v 1.656923 92.252739 50.013149
v 1.221256 92.881226 52.309689
v 1.179441 92.521484 49.456612
v -1.676292 92.553329 50.157940
v -1.384977 92.912949 52.318958
v -1.005300 90.902519 51.585442
v -0.075106 92.967918 52.311184
v -2.701875 92.563538 52.389465
v -4.081134 90.223274 51.141903
v -4.052653 91.310608 51.198776
v -3.370506 92.203209 52.436832
v -4.060569 88.932983 51.196388
v -3.729511 91.401207 52.413521
v -4.008310 87.793465 51.322945
v -3.785025 88.744209 52.407898
v -3.589556 87.519333 52.470005
v -2.570406 86.355255 52.414978
v -3.189792 86.691902 52.455616
v -1.289551 86.001198 52.393398
v -1.463669 86.276550 50.524761
v 0.013650 85.887901 52.390594
v -0.930565 88.033524 51.679672
v 0.014164 88.007919 51.777905
v 0.012889 86.053596 50.453358
v 2.698617 86.221512 52.461006
v 0.958103 88.100266 51.616623
v 1.472201 86.319496 50.388393
v 1.346941 85.909760 52.371048
v -12.932465 131.489471 18.783447
v -13.389007 131.275177 19.664534
v -12.497184 130.852997 19.410610
v -12.274585 131.246277 18.361958
v -11.905346 131.488083 17.651283
v -13.103244 135.744965 18.721767
v -12.540128 135.673737 18.075647
v -12.530456 136.213379 18.141829
v -12.640200 130.485352 20.601721
v -13.656999 124.149437 27.024857
v -12.562684 135.786209 40.899063
v -12.520483 136.258286 40.881435
v -13.641981 136.232941 19.493311
v -13.098545 136.554520 18.886187
v -13.460165 138.575165 19.676727
v -12.964048 138.187775 19.024254
v -13.469856 138.590179 39.356911
v -12.969804 138.216309 40.007240
v -13.100734 136.553436 40.134819
v -13.045102 140.723175 18.825275
v -12.341315 138.551376 18.297596
v -13.020598 140.757736 40.252304
v -12.344946 138.564621 40.731945
v -12.488986 140.755096 40.868496
v -13.445063 142.564774 18.433281
v -12.746861 142.039978 17.949871
v -12.775795 142.138336 41.100647
v -12.274002 142.510452 17.186993
v -12.333449 145.143860 43.150879
v -13.637049 152.138535 15.745511
v -12.471868 144.924942 15.893097
v -13.107213 152.135956 15.227904
v -12.651726 154.006256 14.159604
v -12.461635 79.139572 10.591871
v -11.207453 77.798012 12.872355
v -11.904329 78.925858 45.997356
v -12.421732 79.732292 46.983757
v -12.156256 79.340187 48.621365
v -10.768374 77.552963 48.508060
v -12.792950 80.864487 48.451199
v -12.307653 79.349800 50.113476
v -11.033645 77.815399 49.874584
v -12.234718 78.812035 52.044792
v -12.340214 79.433212 49.997910
v -13.023738 80.722389 51.114555
v -12.764858 79.374527 52.590229
v -10.911472 77.864998 51.537003
v -9.597910 76.977280 51.281879
v -8.065490 76.075500 51.120388
v -6.876917 75.477852 51.054447
v 11.950555 80.317902 53.359863
v -5.806643 75.019691 51.033443
v -4.689787 74.593918 51.016399
v -3.384062 74.229446 51.036690
v -2.462582 74.056999 51.072006
v 2.477132 73.945824 51.133125
v 5.378709 74.544136 51.283436
v 8.854631 76.074028 51.542053
v 12.013036 79.307304 52.470703
v 10.635244 77.714668 51.607132
v 11.746770 78.814407 51.860737
v 11.963432 78.844040 51.378956
v 11.901333 81.378525 53.173477
v 10.745934 77.646065 51.018707
v 9.378316 76.454391 51.037449
v 7.627885 75.394592 50.927811
v 5.974970 74.672600 50.879101
v 4.268487 74.131500 50.826496
v 2.475905 73.751701 50.734142
v -2.401432 73.566864 49.769444
v -1.229154 73.776695 50.683060
v 12.222666 82.754173 58.235249
v 12.059635 82.136734 57.538147
v 11.916749 82.788422 57.524136
v 12.079029 84.299171 58.271072
v 6.412765 83.353813 58.868378
v 5.227952 83.997536 59.376003
v 12.321749 83.146088 58.582546
v 8.937154 83.416481 58.840637
v 8.565386 84.215981 59.207706
v 6.467317 84.092285 59.245903
v 12.510406 83.857368 58.885960
v 11.347398 85.155220 59.283638
v 12.734690 87.133186 59.279411
v 12.620214 84.912849 59.051395
v -12.184038 84.039635 51.734020
v -12.664489 83.809059 52.839737
v -12.153040 83.202843 52.324913
v -12.222514 83.165810 52.847599
v -11.598598 84.210846 52.011478
v -11.889602 83.229462 52.853477
v -11.919562 83.245781 52.391750
v -12.437447 86.190147 50.987434
v -11.504282 84.854965 51.697273
v -12.581178 83.425423 55.991348
v -12.190956 83.035561 56.107601
v -12.055324 83.391754 57.030403
v -12.073227 83.109489 56.657810
v -11.896791 83.147781 56.116196
v -11.829973 83.636497 57.006939
v -11.622865 84.555893 56.959000
v -11.911119 83.199539 56.658112
v -13.417269 87.367493 52.572971
v -11.249715 87.378075 51.206635
v -13.713157 88.646355 52.498787
v -13.691158 90.044891 51.271278
v -13.686352 91.493233 52.273872
v -12.524234 93.909271 57.021225
v -12.559122 92.648842 50.889656
v -12.702986 91.610573 50.347527
v -12.647737 87.325905 49.995850
v -12.629137 87.075684 50.470100
v -11.586251 87.670998 49.818855
v -11.565338 93.916389 56.966869
v -11.677256 90.296677 59.576729
v -11.186475 91.380165 51.169075
v -11.183293 92.722961 51.487823
v -11.064044 93.994629 51.616394
v -11.578387 95.323341 57.256630
v -12.173666 97.991943 45.938889
v -11.379467 97.855835 45.104733
v -11.755786 97.896072 45.404144
v -10.911369 96.012947 59.245277
v -11.526166 95.326012 59.252106
v -12.522303 98.404221 57.905903
v -12.628444 97.846230 58.591251
v -12.401634 99.046982 57.371090
v -12.990848 97.541222 57.277679
v -12.037843 99.806679 47.395290
v -11.862545 99.607361 46.220390
v -12.495037 98.628777 57.421898
v -12.454847 98.946068 57.350189
v -12.316251 99.277611 57.324726
v -12.356306 99.215729 57.198872
v 11.882123 99.395569 57.289845
v 12.360829 97.609024 58.291592
v 12.387198 97.236755 58.462402
v 12.366523 98.021446 57.483562
v 12.058978 99.187981 57.369236
v 12.294677 99.183586 57.247513
v 12.438749 96.492508 58.663841
v -6.133123 96.952591 59.140884
v 12.086705 96.703751 58.086586
v -9.796745 95.531738 59.370647
v -11.083667 101.155884 10.465788
v -11.203054 100.970421 12.744126
v -11.229216 99.386566 44.932785
v -11.584597 99.677795 45.361446
v -11.415579 99.691284 45.148155
v -10.844039 100.795822 45.148685
v -11.243271 100.688934 46.255417
v -10.481170 100.828590 44.726871
v -5.564387 98.030403 57.144688
v -11.880265 113.708458 20.704533
v -11.869243 112.947342 20.695923
v -12.084304 113.575294 21.065401
v -12.133020 116.503349 22.128214
v -12.672602 115.187073 23.081833
v -11.672510 116.359894 21.257244
v -12.279260 113.160278 25.645807
v -13.101352 116.516747 24.649637
v -13.071835 115.763275 24.513620
v -12.805865 116.489410 23.631704
v -11.921328 112.251549 24.182049
v -11.585810 111.320930 22.689375
v -13.308238 116.695221 25.879417
v -12.320164 113.392944 27.170816
v -12.025651 112.558830 25.433708
v -12.370628 113.525002 29.456806
v -13.509976 116.940842 29.077915
v -12.240700 113.235939 28.139093
v -12.062482 112.773163 26.753510
v -11.913301 112.653389 29.517099
v -11.909337 112.616493 28.499992
v -13.531991 116.888054 30.797754
v -13.652748 118.210899 30.729370
v -13.722395 118.072510 29.513529
v -13.568203 118.082855 31.987461
v -13.470347 116.888580 32.083698
v -13.226106 115.743134 33.358097
v -12.382902 113.468750 30.908964
v -11.919546 112.617874 30.561548
v -12.150626 113.017616 30.938202
v -12.281159 113.018005 34.159557
v -12.091502 112.760239 32.293392
v -13.333641 116.695915 33.222286
v -13.041105 115.707016 34.598389
v -12.706891 114.538750 35.866409
v -13.125833 116.501694 34.360527
v -12.048000 112.557617 33.628315
v -12.774748 115.264938 35.832497
v -12.853400 116.435989 35.402985
v -11.811359 111.924057 38.459625
v -12.449456 114.373314 36.998997
v -11.876332 111.990952 35.957581
v -11.969439 112.275063 34.847221
v -12.146643 114.057999 37.996605
v -11.990695 113.027451 38.356537
v -11.511064 113.826302 39.336254
v -11.704212 112.654343 39.204910
v -10.834087 116.492386 39.028442
v -12.694209 118.058586 23.691206
v -11.966974 118.074654 22.300156
v -11.914889 116.349335 37.536835
v -13.313807 118.077324 25.564068
v -13.597498 118.039856 27.029947
v -13.715084 118.055832 28.263248
v -13.333393 118.033943 33.223087
v -12.731748 118.055801 35.338573
v -11.923978 118.019279 36.872326
v -13.054560 121.961082 34.240265
v -13.437473 122.327431 25.868958
v -13.796837 123.792709 28.251554
v -13.888447 123.337547 29.539082
v -13.724614 123.768089 32.028122
v -12.512197 124.034966 23.153254
v -12.557390 122.289856 35.372604
v -12.206904 129.277679 22.192789
v -11.325525 131.482635 17.048079
v -11.263803 130.798355 18.153522
v -11.422545 130.388779 19.250687
v -11.067287 131.240524 17.120869
v -11.438091 135.601471 16.919271
v -10.545558 131.481506 16.397919
v -11.286883 136.243729 16.875427
v -9.696387 135.590790 15.464629
v -10.703677 135.997833 16.333641
v -11.956919 130.251907 20.088886
v -11.576455 128.118607 21.340298
v -11.222105 129.288879 20.688566
v -11.314214 135.794678 42.141739
v -10.659108 135.779419 42.704708
v -11.885124 136.587296 17.540863
v -11.756384 138.136566 17.667540
v -11.260502 136.247955 42.134441
v -11.748775 138.170166 41.364929
v -11.872102 136.587906 41.480297
v -11.939510 140.727325 17.585632
v -11.916279 140.751053 41.469292
v -11.109983 138.559464 41.973309
v -11.475706 142.050842 16.676624
v -10.989980 142.685883 43.047203
v -11.501638 142.147293 42.377014
v -10.981882 142.581039 15.984641
v -11.142170 145.979416 14.553590
v -12.382423 152.097183 14.574759
v -10.662553 144.916321 14.422135
v -11.744491 153.242477 13.823408
v -11.066811 152.070053 13.535396
v -11.298536 154.186737 13.096353
v -10.916512 145.126984 44.312622
v -13.256189 148.713242 29.615801
v -13.175511 148.728424 30.958593
v -10.400293 77.100037 10.577095
v -10.317754 77.140182 45.996155
v -10.690322 81.226776 10.811523
v -10.587046 80.722137 10.789662
v -9.951924 80.652245 11.068182
v -10.631086 81.783356 10.750515
v -9.975636 81.840462 11.018887
v -11.559721 84.135811 52.800541
v -11.614641 83.983421 56.039589
v -9.753104 90.312286 59.618839
v -7.793965 90.345177 59.636932
v -6.462513 91.721626 59.639969
v -10.394347 92.059158 59.599007
v -8.036333 91.881874 59.647930
v -7.631818 95.198792 59.402294
v 5.181261 86.186562 59.582108
v 7.020041 87.722328 59.533798
v 8.539596 87.151558 59.494915
v 10.438371 86.012619 59.508530
v 13.024812 94.058876 59.131481
v 12.260884 95.277328 58.312729
v 12.626925 93.720436 58.534645
v 13.559340 88.283981 59.109802
v 13.788114 92.816856 59.017590
v 13.809103 89.111328 59.018925
v 13.868312 92.160179 58.985065
v 13.859845 92.133568 58.858990
v 13.852210 89.319511 58.876068
v 13.713163 88.716995 58.906025
v 12.388141 86.971474 58.589142
v 10.203134 85.135391 59.356731
v 9.508748 86.408829 59.520134
v 9.893953 85.787018 59.471851
v 7.872288 86.757957 59.560150
v 8.725414 85.884781 59.506439
v 6.593841 86.021194 59.565529
v 6.860561 85.130257 59.460445
v -10.936761 88.744171 50.265930
v -10.973914 88.685448 51.131367
v -11.009223 90.043877 50.271942
v -11.304924 93.893250 55.951355
v -10.333079 96.763153 57.185345
v -10.601672 95.608765 56.776623
v -10.705091 94.609406 56.063980
v -10.078340 95.131920 56.083611
v -9.755852 95.334694 56.058380
v -9.069940 97.915710 57.362774
v -9.220805 97.235115 56.793186
v -10.597683 97.831947 12.417303
v -9.866390 97.219193 12.198505
v -10.501497 98.320969 12.476499
v -9.923537 98.335335 12.245140
v -10.044057 101.304962 44.091404
v -9.234660 101.217148 43.107918
v -9.422509 102.983398 43.301899
v -8.970295 101.898354 42.222916
v -10.331008 101.510963 45.018848
v -11.531510 100.514641 47.398041
v -10.509914 101.689934 11.612417
v -10.112407 102.047035 46.174137
v -11.007793 101.141434 47.407688
v -10.463090 101.707298 47.398952
v -11.006682 101.080727 48.451252
v 2.771371 97.989449 57.268799
v 11.757535 99.290504 57.244423
v -10.709021 116.349113 19.989651
v -10.665493 109.329552 17.431408
v -11.268544 111.357346 19.008675
v -11.017147 109.744026 20.653622
v -11.161355 110.101379 21.356684
v -10.135111 107.440620 19.488409
v -10.498363 108.460915 20.087381
v -9.836447 106.793449 15.963899
v -10.875158 109.646935 21.511255
v -11.076479 110.132713 22.099117
v -9.953161 108.998375 23.546164
v -10.464555 109.080246 21.693108
v -11.327499 110.801331 22.862238
v -11.517404 111.320953 23.881001
v -11.760074 112.019455 25.470066
v -10.888364 110.132050 23.044498
v -10.671892 109.945541 24.192730
v -10.939573 109.477348 38.511612
v -11.485150 110.991554 36.878548
v -11.078154 110.183533 37.015728
v -10.748023 109.414162 37.837189
v -11.482869 111.289223 35.176960
v -11.492882 111.745827 39.836796
v -11.653144 111.620567 35.150150
v -10.473299 109.158943 37.349941
v -10.862148 110.149261 35.915802
v -9.973310 109.006783 35.419338
v -10.433611 108.273193 39.178783
v -11.417890 112.964821 39.767628
v -10.704610 109.196571 41.912563
v -10.438975 108.057877 42.030949
v -10.330901 108.685722 42.394073
v -10.162451 107.689713 42.797203
v -9.548608 105.442078 40.326511
v -9.505867 116.341347 18.719471
v -10.847362 110.405884 26.068956
v -10.240511 109.343056 24.937269
v -11.605458 111.574562 34.596439
v -10.894060 110.400917 32.927986
v -10.376801 109.487038 32.956417
v -10.233498 109.322067 34.094528
v -10.599566 109.891602 34.825748
v -11.765537 112.006561 33.528313
v -10.187867 113.804832 40.967239
v -8.740352 113.626282 42.219383
v -9.526384 109.727745 42.902767
v -11.354814 111.437027 27.096684
v -11.379129 111.555016 28.250734
v -9.999797 108.713097 27.228285
v -9.860519 108.613655 26.187107
v -11.369518 111.559669 29.488768
v -10.095241 108.785942 28.342354
v -11.374182 111.453026 31.883522
v -11.384416 111.559799 30.750275
v -10.087235 108.786278 30.710161
v -10.928986 110.517357 31.890560
v -10.134269 108.817970 29.509993
v -11.336104 118.076553 21.320107
v -10.506133 118.099823 20.274614
v -10.084013 116.710030 19.420853
v -11.031634 118.026299 38.185234
v -10.516739 118.085106 38.813511
v -9.559784 116.357887 40.404949
v -10.601584 128.117432 20.066936
v -10.020338 130.857346 16.899172
v -9.448463 131.176880 15.946071
v -9.323829 131.495804 15.505670
v -9.587475 135.837753 15.421534
v -10.408171 129.911697 19.006958
v -10.187716 130.388351 17.982500
v -10.063494 129.319916 19.351236
v -9.203235 131.508957 43.528275
v -9.339633 135.737442 43.719105
v -10.553417 136.524109 16.282915
v -11.107415 138.533035 17.044891
v -10.410162 138.200500 16.428812
v -9.932711 136.246918 15.739939
v -9.908382 136.226288 43.261978
v -10.400008 138.235733 42.588894
v -10.518545 136.542923 42.725750
v -10.713518 140.721359 16.456429
v -10.980177 140.632996 42.320969
v -9.781440 138.587402 43.066833
v -10.571269 138.612732 42.421227
v -10.115465 142.163086 15.516516
v -9.664309 142.847198 44.113468
v -10.146483 142.259735 43.540989
v -11.149502 146.104385 24.598032
v -11.527771 146.113953 25.607708
v -10.964532 145.587372 24.763720
v -10.976723 145.014771 25.831875
v -10.851988 146.056061 24.042824
v -10.378901 144.256393 25.573734
v -10.151422 144.626877 24.447416
v -11.834767 146.128632 26.838081
v -11.895138 148.096100 24.200443
v -11.151918 144.849731 26.975859
v -12.027426 146.149933 28.196053
v -11.297745 144.728043 28.764233
v -10.732356 143.782394 28.027185
v -10.430092 143.775284 26.535099
v -12.090738 146.168640 29.608555
v -12.042162 146.158829 30.841053
v -11.291910 144.729935 30.827173
v -10.849530 143.774490 29.608063
v -11.855029 146.153275 32.193653
v -11.195791 144.833435 32.083134
v -10.748589 143.735947 31.443398
v -11.558487 146.150909 33.417805
v -11.031952 145.018433 33.272736
v -11.177039 146.136292 34.422718
v -10.969234 145.589081 34.330257
v -10.235049 144.598373 34.644241
v -9.892699 143.703537 34.315586
v -10.873601 146.099823 34.981834
v -11.799688 148.384689 35.116283
v -9.905322 154.474777 12.046927
v -10.284998 153.248627 12.816751
v -10.044333 158.506500 11.850983
v -11.767370 155.111694 23.714447
v -12.481934 155.143204 25.328283
v -12.463822 158.111359 25.288635
v -9.144658 76.134087 12.912901
v -8.703431 75.942589 10.554817
v -8.968741 76.096222 46.029434
v -8.983402 76.191887 45.000179
v -8.619397 75.820953 48.534641
v -9.357476 76.415932 49.710052
v -9.249101 80.648422 11.130062
v -9.293026 81.842110 11.055937
v -10.861400 89.811234 49.684624
v -10.828894 89.048248 49.674019
v -9.167039 97.201912 12.174108
v -9.168311 96.368362 13.124721
v -8.563152 98.202667 12.367541
v -9.181889 97.758339 12.115646
v -7.515324 97.966568 57.266052
v -3.474904 98.020134 57.175797
v -0.704837 98.006516 57.217037
v 10.450894 97.090218 57.093559
v 1.351788 97.996407 57.247662
v -9.673584 102.275803 10.449557
v -9.761099 102.316261 11.622536
v -7.771607 103.537132 10.420854
v -8.568867 103.402039 12.817724
v -9.775838 102.379761 12.895223
v -9.883496 102.488899 14.189316
v -9.255388 104.212196 15.071804
v -9.388185 104.177917 15.813096
v -9.767178 102.491806 44.755718
v -9.273543 104.239983 43.796715
v -9.048007 102.937408 46.198589
v -8.836284 104.203445 44.321831
v -9.189425 103.203285 45.080402
v -9.768319 102.253593 48.547359
v -8.025778 103.455421 48.634052
v -9.711111 106.182671 15.791319
v -8.669012 106.536491 15.351448
v -8.725710 111.963112 16.563370
v -9.505178 105.476624 18.699816
v -9.323015 104.851906 15.383237
v -7.524885 106.174004 14.703426
v -7.491236 107.678223 15.222794
v -6.871167 111.681938 15.791204
v -5.147399 107.846298 14.978864
v -5.177403 106.687660 14.451871
v -4.597536 108.545044 15.115569
v -3.741591 107.373856 14.668732
v -4.872538 110.292915 15.429011
v -3.915949 110.538094 15.435729
v -2.473883 108.069534 14.953668
v -4.189129 109.034996 15.217206
v -2.502518 108.419724 15.077228
v -3.815452 111.542336 15.518461
v -4.841028 113.708549 15.731911
v -3.821246 115.389999 15.778285
v -4.894259 115.393661 16.004581
v -9.711854 107.000885 19.729748
v -9.932944 107.879982 20.506386
v -9.263535 105.798164 19.200663
v -8.715495 104.227020 18.878267
v -9.757289 106.990860 39.278954
v -9.325114 105.839439 39.778248
v -10.069412 108.451591 38.126213
v -8.792405 104.325516 40.065517
v -8.927495 107.503944 38.253353
v -8.417273 102.265312 40.680397
v -9.725378 106.477356 43.401138
v -7.704895 105.451271 44.483604
v -8.558981 108.904144 43.600822
v -7.634114 112.007835 43.166050
v -6.382000 111.690643 43.347828
v -6.455725 108.731682 43.772377
v -6.533085 105.542038 44.757668
v -6.288612 113.888535 43.187145
v -5.165026 113.070335 43.356220
v -5.824474 111.936447 43.299252
v -6.127021 110.154510 43.459915
v -5.464801 108.766724 43.578461
v -5.245511 106.694344 44.463783
v -5.240698 107.801697 43.962917
v -3.924314 106.747826 44.546494
v -3.355730 107.578568 43.817814
v -4.132152 107.997826 43.598286
v 5.098408 106.704063 44.535465
v -1.586382 107.801712 43.502037
v 1.244012 107.525085 43.796471
v 0.863166 107.837723 43.457275
v 2.434498 107.828743 43.580536
v 4.108929 107.890251 43.703949
v 5.600019 108.713982 43.767738
v 6.521822 106.643417 44.354057
v 7.721796 105.441856 44.552719
v 6.555286 110.304359 43.657402
v 7.662330 110.187019 43.770725
v 7.372469 111.238937 43.567780
v 6.150955 110.169411 43.559917
v 6.525057 111.615181 43.534187
v 7.733871 109.044037 43.954891
v 8.416651 109.863091 43.647808
v 8.478768 112.784012 42.764324
v 8.747855 105.354385 44.146648
v 8.611952 108.745071 43.834068
v 9.357019 107.414276 43.725952
v 9.121720 108.084023 43.764294
v 9.392891 108.604546 43.522766
v 9.231306 104.257072 43.796852
v 9.608448 106.384750 43.542065
v 10.220882 107.737885 42.966564
v 8.855844 104.253036 44.436462
v 9.190013 103.228554 45.119656
v 9.744709 102.454002 44.779594
v 9.614902 105.659225 40.307964
v 7.837348 104.435959 45.252045
v 8.545169 103.371399 46.236370
v 6.592088 105.612762 44.878597
v 6.895540 104.796379 45.510429
v 5.209090 105.569939 45.382698
v 6.102679 104.665665 46.372780
v 3.977935 105.870285 45.371902
v 1.137846 105.952995 45.408363
v -0.575834 105.951302 45.385975
v 2.643364 105.956429 45.406391
v -5.177334 105.536903 45.350971
v -3.946985 105.839798 45.343491
v -2.610480 105.966423 45.403294
v -7.802615 104.414886 45.185551
v -6.855748 104.748390 45.432011
v -6.111532 104.568756 46.309689
v -5.027262 104.947098 46.348442
v -8.488031 103.345642 46.210068
v -7.622390 103.871941 46.278122
v -10.120840 108.380058 21.011282
v -8.447206 107.706291 22.371115
v -9.176704 108.166786 23.711237
v -9.517825 108.388985 24.713678
v -9.784896 108.589485 33.071800
v -9.978684 108.718422 31.821600
v -9.131569 108.163025 35.319412
v -10.129389 109.213097 34.516491
v -8.418969 107.704582 36.629402
v -7.927363 107.398148 33.292023
v -7.837861 107.413666 34.566471
v -7.957674 107.392311 32.025925
v -7.966837 107.392097 30.759373
v -7.964795 107.393967 29.491991
v -7.956814 107.396545 28.223770
v -7.946821 107.399612 26.954992
v -7.928931 107.406044 24.416996
v -6.589416 107.207268 35.976292
v -6.470631 107.119080 38.073021
v -6.836112 107.086899 34.918247
v -5.205980 107.094879 37.211414
v -5.200101 107.089546 38.221359
v -6.565091 106.484177 38.805420
v -5.531159 107.006805 36.255039
v -2.630858 107.115906 37.749332
v -3.893136 107.184853 38.511612
v -5.772568 106.268921 38.979702
v -3.509866 107.123444 39.261391
v -3.821586 106.576263 39.732761
v -5.629141 105.469154 39.475258
v -4.457380 105.415871 39.773994
v -2.432280 107.225723 39.378445
v -1.311083 107.113159 37.831055
v -1.235129 107.280968 39.455936
v -2.617152 106.643967 40.020973
v 0.480959 107.113983 37.861816
v 0.496528 107.281532 39.476662
v -1.340615 106.668594 40.216022
v 0.060394 106.667976 40.271061
v 2.554743 107.122826 37.704544
v 2.452364 107.204018 39.349464
v 1.347723 106.642998 40.183487
v 3.868724 107.186813 38.456905
v 3.412186 107.041855 39.185879
v 2.634282 106.580727 39.952435
v 3.851763 107.142738 37.538040
v 3.785963 106.485741 39.633076
v 5.696774 106.263512 39.005127
v 6.450710 107.107857 38.111774
v 5.121434 107.205582 37.177364
v 6.570514 107.182228 35.879337
v 4.487742 105.399384 39.682991
v 6.457562 106.457626 38.799248
v 7.736894 107.273071 38.168552
v 7.924562 107.410385 34.561665
v 8.437964 107.717422 36.620178
v 8.401344 107.736595 22.402617
v 9.159266 108.179787 35.310291
v 10.135925 108.409851 38.060795
v 9.951127 107.909882 38.584614
v 9.117143 108.208115 23.732983
v 10.198747 109.281723 34.477924
v 10.046228 109.054314 35.448093
v 10.510157 109.110023 37.352219
v 9.861668 108.607880 32.882847
v 9.805864 108.643677 26.145790
v 10.378604 109.494179 32.960167
v 10.005277 108.716393 31.823053
v 10.923994 110.519180 31.913151
v 9.971881 108.742905 27.246563
v 10.097897 108.794083 30.712070
v 11.386714 111.564972 30.774796
v 10.079412 108.808243 28.354744
v 10.131341 108.832870 29.516909
v 11.359428 111.568565 29.503771
v 11.360757 111.565948 28.265406
v 11.325207 111.443565 27.115593
v 10.829201 110.409569 26.090523
v 10.213673 109.387596 25.019964
v 10.154730 109.324471 24.643036
v 9.997294 109.109734 23.600836
v 10.036601 108.454056 20.963026
v 7.931677 107.404778 26.997499
v 7.804655 107.430527 24.460949
v 7.947855 107.402992 28.259298
v 7.951321 107.403519 29.519842
v 7.947429 107.404793 30.779892
v 7.940210 107.406578 32.040005
v 7.932279 107.408669 33.300419
v 8.902414 107.543694 20.736748
v 6.497829 107.246529 22.981464
v 6.514110 107.163277 20.830013
v 6.744846 107.118736 24.047348
v 5.430021 107.034363 22.598719
v 5.415206 107.093018 20.712482
v 5.725132 106.404999 19.913862
v 6.441532 106.590012 20.111105
v 5.036639 106.886536 20.111784
v 4.560059 106.827461 20.080036
v 4.672326 106.860947 22.363287
v 5.202714 106.405861 19.830233
v 4.291300 106.360764 19.998508
v 3.714870 106.468887 20.682768
v 4.086228 106.480431 22.662655
v 4.780625 106.519730 23.155138
v 6.034508 106.588089 24.480124
v 4.466125 106.074333 23.777109
v 5.063735 106.132996 24.438545
v 6.899332 106.674843 26.251852
v 5.499810 106.184303 25.047419
v 5.874361 106.236794 25.668406
v 7.120463 106.732925 27.211096
v 7.269443 106.766541 28.333244
v 7.319814 106.775520 29.535639
v 7.285444 106.761406 30.736727
v 7.170684 106.725800 31.848919
v 7.005083 106.679893 32.745266
v 6.904599 107.067551 34.960041
v 6.185887 106.559944 34.473671
v 5.919877 106.185806 33.419132
v 5.550321 106.145355 34.007721
v 6.223391 106.238983 32.676800
v 5.557749 107.008102 36.249382
v 5.001720 106.513710 35.680725
v 5.109075 106.110390 34.554756
v 4.486854 106.091850 35.168850
v 3.336452 106.540878 36.606197
v 3.282709 106.075737 35.893059
v 2.402606 106.589378 36.874088
v 1.234817 106.610809 37.069263
v -0.005017 106.604530 37.140018
v -1.250328 106.587440 37.083141
v -2.434940 106.545052 36.884178
v -3.417798 106.492737 36.554375
v -5.032098 106.476685 35.634880
v -3.960869 106.043221 35.521248
v -4.419731 106.057571 35.216160
v -6.178493 106.549492 34.395332
v -5.061429 106.088417 34.599560
v -5.497229 106.126900 34.048176
v -6.986160 106.678452 32.755043
v -5.887274 106.185944 33.445702
v -6.199911 106.240196 32.696758
v -7.166091 106.723122 31.853086
v -7.285690 106.760628 30.734541
v -7.318347 106.778938 29.527241
v -7.263857 106.774574 28.320127
v -7.121252 106.741211 27.188265
v -6.908602 106.685562 26.226540
v -6.573317 107.137863 22.946003
v -6.870267 107.055084 23.990742
v -6.088959 106.567062 24.552031
v -6.941161 107.140854 20.812536
v -5.850157 106.256607 25.638351
v -4.870113 106.496399 23.258089
v -4.696442 106.787453 22.429958
v -4.552965 106.839432 19.922956
v -5.507534 106.980164 20.866304
v -5.016721 106.159866 24.410053
v -4.099090 106.430397 22.688620
v -3.734050 106.473686 20.624651
v -5.074590 106.834595 20.113943
v -4.305488 106.345909 19.949848
v -6.590958 106.515549 20.054001
v -5.760356 106.361740 19.902950
v -5.256497 106.351433 19.838207
v -8.149186 114.835472 17.174372
v -8.126473 115.035698 42.042244
v -9.207609 118.087967 19.006134
v -8.048385 118.087204 18.101765
v -8.085645 116.372482 17.626896
v -9.259797 118.036736 40.054516
v -7.634766 118.037407 41.260040
v -8.249738 116.392822 41.403694
v -9.466256 128.113998 18.913399
v -8.849837 130.486008 16.742155
v -8.457668 131.458710 15.002904
v -7.890644 131.497208 14.628872
v -9.326240 130.243790 17.454046
v -8.738337 129.288254 18.191658
v -8.020983 128.139801 17.831432
v -7.787721 130.242722 16.371244
v -7.267233 129.307877 17.239052
v -8.502537 136.197372 44.210457
v -7.838854 135.794983 44.644634
v -8.497176 136.201370 14.796625
v -7.778986 135.645859 14.334142
v -8.830333 133.803253 28.398031
v -9.620664 134.752136 27.253471
v -9.869851 134.713669 28.340515
v -8.773462 133.962845 27.019043
v -9.723727 135.808533 26.840702
v -10.077003 138.156799 26.854244
v -9.972105 134.677902 29.538446
v -10.373354 138.157257 29.529861
v -9.912167 134.647339 30.690315
v -8.900732 133.651947 30.797600
v -8.813574 133.851685 32.063164
v -9.676749 134.678528 31.786427
v -9.779047 135.754105 32.190460
v -9.090158 136.406952 15.179330
v -9.777243 138.567169 15.940318
v -8.959278 138.384888 15.372155
v -10.308347 138.136993 28.216942
v -10.333952 139.349304 30.813036
v -10.064646 138.134750 32.193909
v -8.948149 138.403076 43.645550
v -9.064161 136.422592 43.824791
v -10.316781 139.333344 28.205050
v -10.392030 139.759949 29.539810
v -10.103445 139.320618 26.990660
v -10.020925 139.710892 26.654526
v -10.087221 139.322861 32.054722
v -9.982757 139.708893 32.483189
v -9.269332 140.728973 15.381118
v -8.408571 138.620743 15.031853
v -9.655912 142.733414 14.924899
v -8.725110 142.351730 14.525566
v -8.490517 140.727417 14.891783
v -10.306944 139.739883 28.077234
v -10.388739 140.617325 30.905891
v -10.291755 139.723526 31.130594
v -9.884857 140.759201 43.222092
v -9.276889 140.752228 43.652542
v -8.401533 138.613327 43.989670
v -8.706779 142.471329 44.557606
v -8.493171 140.762177 44.152218
v -9.181973 145.126328 45.459408
v -9.180571 144.930664 13.473999
v -9.820389 143.786896 24.835766
v -9.098769 144.408051 22.929392
v -9.847764 144.966995 23.500034
v -9.067527 143.825455 23.465891
v -9.018361 143.755173 35.890289
v -9.586389 139.694656 33.637753
v -9.902790 144.969711 35.586678
v -9.186980 144.390808 36.155910
v -8.682873 144.856049 37.178577
v -7.008963 143.713196 38.101200
v -8.023888 139.664230 36.227928
v -8.325092 145.238022 37.902092
v -6.674249 144.304489 38.830082
v -4.433344 143.787643 39.463188
v -5.816603 139.673325 38.203552
v -6.783238 139.674500 37.485195
v -6.251876 144.573486 39.819561
v -2.898853 143.980988 39.802258
v -4.242705 139.650848 39.047661
v -1.442831 144.134308 39.970425
v 0.020589 144.146393 40.053757
v -1.499320 139.696167 39.786648
v 3.824979 143.951599 40.198277
v 1.481073 143.954575 40.081760
v 1.486019 139.622131 39.805927
v -4.993064 144.489761 39.871708
v -0.014389 139.685455 39.891964
v 2.938857 143.631088 40.004490
v 2.822879 139.653992 39.532646
v 6.549812 144.422592 38.713333
v 4.510229 143.809769 39.386646
v 4.308409 139.695374 38.992260
v 6.051546 143.804260 38.604824
v 8.668452 144.895264 37.101105
v 6.934922 143.823288 37.906876
v 7.876571 143.814362 37.042774
v 9.144228 144.519485 36.102196
v 9.085345 143.833817 35.575153
v 10.171664 144.698547 34.577175
v 9.773508 143.799438 34.328510
v 9.856529 145.044571 35.492996
v 10.332001 146.172958 35.699322
v 10.381532 144.290924 33.465614
v 10.919521 145.593628 34.188637
v 11.063312 146.111816 34.407612
v 9.048113 146.174789 37.485840
v 9.451541 147.177505 37.606060
v 10.524708 147.168060 36.136280
v 10.029702 147.199417 36.847393
v 7.526230 144.930893 38.218292
v 8.245622 145.228546 37.819481
v 8.486151 146.157043 38.089077
v 7.984188 146.181900 38.547291
v 4.987761 144.588806 39.826469
v 5.931038 144.970108 39.448181
v 6.192100 146.129898 39.862637
v 6.583698 147.138199 40.069359
v 8.074247 147.184509 38.983524
v 4.605832 145.521149 40.507324
v 4.832197 146.088394 40.637589
v 2.492231 144.898544 40.716171
v 3.603503 144.960388 40.615444
v 1.277316 144.902664 40.734989
v -0.448186 144.963547 40.706890
v -2.443283 145.049026 40.629841
v -3.686067 145.112747 40.582851
v 3.785416 146.163589 41.054485
v 2.560497 146.206421 41.363441
v 1.380808 146.234909 41.524399
v 0.000036 146.257690 41.578655
v -1.384371 146.252319 41.520161
v -2.582546 146.223557 41.368393
v -4.621045 145.524857 40.587299
v -3.844191 146.154816 41.089851
v -5.396004 146.035294 40.491360
v -4.937706 146.056381 40.696442
v -6.311062 146.001328 40.018562
v -7.975235 146.127060 38.689850
v -7.272018 147.109009 39.743393
v -6.703512 147.084946 40.139565
v -8.576446 146.150375 38.132397
v -9.076591 146.156204 37.556946
v -10.351261 146.129807 35.852383
v -10.129756 147.141678 36.849190
v -9.536229 147.152206 37.610180
v -10.320746 146.076675 23.165493
v -6.555404 144.360779 20.338655
v -8.287920 145.317291 21.173887
v -9.157169 146.131104 21.597738
v -6.362677 143.796982 20.610603
v -8.056443 143.877289 22.185665
v -10.121191 147.021881 22.149321
v -7.987014 146.045959 20.444105
v -5.020184 144.596268 19.263428
v -5.975173 144.940048 19.590147
v -6.341836 146.050751 19.165447
v -3.870648 144.098114 18.938372
v -2.966603 143.691193 19.034369
v -4.536966 143.833054 19.654173
v -7.234604 146.996140 19.266598
v -5.345724 146.045197 18.565567
v -4.700079 145.532059 18.506636
v -2.511415 144.898209 18.333881
v -3.634615 144.972626 18.442701
v -0.789898 144.873795 18.284081
v 1.230418 144.859619 18.288603
v 2.494045 144.856384 18.292889
v 3.759287 144.850739 18.295227
v 0.006605 143.882843 18.778687
v -1.482628 143.864365 18.863457
v -2.586966 146.093689 17.611052
v -3.820660 146.069427 17.910954
v -1.399377 146.113953 17.453041
v -0.009104 146.125381 17.391169
v 1.388798 146.109818 17.437971
v 2.582734 146.084442 17.582483
v 3.832709 146.042511 17.859150
v 4.755771 145.483047 18.469862
v 4.955953 144.604980 19.290779
v 4.870162 146.028534 18.271452
v 1.587013 143.776016 18.795826
v 6.140997 144.876175 19.489283
v 6.358936 146.028931 19.113102
v 5.347463 145.998108 18.530022
v 4.439142 143.801437 19.582172
v 6.569317 144.394409 20.289188
v 2.967602 143.825943 19.115274
v 6.125564 143.824127 20.397991
v 7.494718 144.811737 20.771072
v 8.001039 146.078934 20.397762
v 7.227685 147.004562 19.245060
v 8.148797 147.030685 19.973309
v 8.376535 145.254562 21.169306
v 8.577854 146.103363 20.891260
v 7.531731 143.783035 21.558365
v 9.135670 144.446701 22.892282
v 9.184377 146.093491 21.558308
v 9.050167 143.823639 23.317139
v 9.902835 144.981873 23.484949
v 10.392935 146.043411 23.224192
v 10.136226 147.010925 22.095531
v 10.637647 146.994522 22.824825
v 10.219219 144.636810 24.429609
v 10.887469 146.039276 24.023260
v 9.810151 143.785278 24.704693
v 11.014029 144.994583 25.816574
v 11.034487 145.539459 24.848932
v 11.149794 146.028702 24.541885
v 10.453244 143.777008 26.563717
v 11.163980 144.839661 26.966784
v 11.849183 146.113419 26.821707
v 11.553553 146.071671 25.586233
v 10.728182 143.801682 28.096270
v 11.283624 144.738892 29.048330
v 12.027065 146.153656 28.187183
v 10.804124 143.812561 29.471798
v 12.074938 146.184479 29.604393
v 10.709164 143.805023 31.029636
v 11.240194 144.776108 30.820372
v 12.007290 146.185654 30.833366
v 11.134433 144.886078 32.065498
v 11.803179 146.179901 32.182251
v 10.963522 145.057205 33.193638
v 11.482973 146.166306 33.399738
v 10.421330 143.788177 32.514927
v 10.385995 140.584427 28.281599
v 10.266864 139.761826 28.006838
v 9.514565 139.677780 25.249708
v 10.026484 139.735092 26.721476
v 8.008128 139.687805 22.799173
v 6.816895 139.654800 21.582159
v 1.511946 139.707886 19.188639
v 0.023508 139.736343 19.093113
v -4.330530 139.666412 20.026760
v -2.858149 139.694321 19.491955
v -5.766100 139.685440 20.814169
v -6.966583 139.686478 21.742682
v -9.707474 152.077881 12.677562
v -10.142016 148.265182 37.579357
v -8.869088 154.071594 11.623297
v -9.183779 158.940903 11.182981
v -9.559260 157.383362 11.468917
v -10.708627 155.087952 22.021626
v -10.791904 157.990250 37.040176
v -8.937539 160.413010 12.487029
v -8.720629 160.236267 11.317292
v -7.251146 75.128540 10.518070
v -7.417100 75.123497 12.902622
v -7.150822 75.028091 46.057545
v -6.994249 74.996475 49.686283
v -7.516882 75.194649 48.527710
v -7.194611 80.853775 10.020231
v -6.333506 80.916016 9.830268
v -8.642426 80.706894 11.038191
v -8.310234 81.223686 10.935440
v -8.395531 81.753624 10.841824
v -7.849240 96.978676 13.068294
v -8.266867 97.278893 12.493375
v -8.932505 95.725975 55.976490
v -7.724490 95.578659 54.926662
v -6.515388 96.089905 55.820057
v -8.259322 97.751717 12.430051
v -7.082708 97.349358 44.063747
v -8.100317 98.961166 14.226804
v -7.109753 97.966988 13.768067
v -8.335488 100.690826 16.711128
v -7.229360 99.644974 16.588390
v -7.618895 99.226303 15.406017
v -7.814433 100.103165 16.652935
v -8.335170 102.213882 18.263048
v -8.044708 101.976013 18.426254
v -7.719858 101.037979 18.281387
v -7.412840 101.706161 18.826206
v -7.477202 102.929092 18.942513
v -8.109828 101.955093 40.584476
v -8.478188 101.759438 41.210949
v -7.705060 100.951530 40.742168
v -8.431556 103.146942 40.303257
v -7.613765 102.929451 40.057693
v -7.409570 101.796074 40.256214
v -8.811305 104.320000 14.603130
v -8.000087 104.462814 13.763745
v -7.589874 104.004501 12.769848
v -7.702233 105.478317 14.481560
v -6.415649 105.607758 39.397678
v -6.596676 105.700111 14.161344
v -7.182770 104.212219 12.765823
v -5.511863 105.649361 13.590888
v -6.119799 104.716873 12.698639
v -5.045649 105.144257 12.698392
v -3.670805 105.565758 12.639551
v -2.615240 106.883232 14.269562
v -6.405551 114.102959 16.154478
v -7.201136 118.086060 17.571018
v -6.638394 116.807297 42.200737
v -7.560995 130.701782 15.523350
v -7.398892 131.253525 14.630410
v -7.030775 131.508057 14.227012
v -7.785275 133.550430 26.869143
v -6.933842 133.395859 29.302832
v -9.106149 134.749237 25.624210
v -7.289248 133.358765 31.810143
v -3.977242 133.296265 29.496008
v -5.179982 133.282013 30.426643
v -6.480986 133.375702 30.780806
v -9.396353 135.704132 33.481552
v -9.012129 134.748123 33.495533
v -7.648385 133.619247 33.392860
v -7.653818 133.722443 25.651625
v -8.616162 134.767746 24.677006
v -7.519692 133.967117 24.504402
v -8.403720 135.747070 23.864223
v -9.565909 138.114288 25.404539
v -9.029408 138.083542 24.309801
v -9.580067 138.096298 33.623299
v -8.628616 134.692139 34.406570
v -9.048550 138.072830 34.723831
v -7.520438 133.870956 34.624344
v -8.310764 138.066895 35.895157
v -8.392547 135.734741 35.179352
v -7.389668 138.572739 14.484927
v -7.509676 136.165421 14.270690
v -8.340787 138.037994 23.243088
v -7.403152 138.620285 44.529449
v -7.498620 136.195999 44.759163
v -9.443518 139.627380 25.095377
v -9.027556 139.305847 24.314510
v -8.687122 139.689606 23.737993
v -9.040651 139.283737 34.717300
v -8.662831 139.665741 35.379169
v -7.687730 142.034470 14.066381
v -7.127069 140.740677 14.170242
v -7.395105 140.681274 44.740784
v -7.712817 142.133652 44.996471
v -7.286524 142.778992 45.424809
v -7.267215 142.660080 13.628285
v -7.268735 144.920685 12.507779
v -8.686292 152.064468 12.147446
v -7.776160 153.236725 11.534055
v -9.157070 148.233627 38.707169
v -7.232938 145.126099 46.452080
v -9.188194 148.062012 20.312641
v -8.655555 148.780594 39.604237
v -8.469001 154.513870 11.283938
v -8.719351 157.408966 10.857301
v -8.703598 158.935226 10.795970
v -7.396080 154.460953 10.832140
v -7.759662 158.494598 10.236650
v -7.245949 157.409424 10.107955
v -8.181687 158.576050 47.951538
v -7.516968 158.378815 48.345139
v -8.483958 159.616287 10.770129
v -7.318822 158.522095 48.381817
v -8.089598 160.533569 11.082065
v -8.610173 160.625687 12.371799
v -7.722183 159.527527 46.483719
v -7.625652 159.536270 45.946220
v -7.532898 159.367020 47.419617
v -7.333274 158.849731 48.179440
v -7.930913 160.303284 10.714475
v -8.041731 160.712631 13.409200
v -6.389547 161.065506 10.586179
v -6.528944 161.380371 12.498833
v -6.393480 161.139297 13.577759
v -5.218868 74.276062 10.513583
v -6.988162 74.915932 47.312862
v -6.184347 97.711685 13.945228
v -4.779966 97.944946 13.967956
v -6.359258 95.284637 54.567669
v -6.190835 95.359589 54.967430
v -5.232934 97.303360 43.992340
v -6.728075 100.024323 18.226009
v -7.316799 100.522461 18.260036
v -6.753253 99.388878 16.602627
v -7.156964 100.760620 18.565615
v -6.315157 100.532524 18.775341
v -6.097134 99.900543 18.430210
v -7.184253 100.804642 40.489933
v -6.792405 100.024818 40.815582
v -6.333709 100.582458 40.249268
v -6.008026 99.750145 40.642342
v -5.154684 104.065620 19.162872
v -5.963458 103.884918 9.011994
v -6.179293 103.879997 49.984013
v -6.243502 104.086067 49.614529
v -5.947497 104.397232 10.385604
v -5.981651 105.830879 19.639801
v -6.590430 104.363449 46.310150
v -5.490581 104.555923 48.644970
v -5.810261 116.375847 16.480812
v -5.841300 118.075691 16.865007
v -6.036133 116.282509 42.641716
v -5.814453 118.006950 42.277042
v -5.830763 128.137833 16.653393
v -6.505320 129.156326 16.589567
v -6.827936 129.831161 16.318905
v -5.512211 130.907791 14.279758
v -5.719218 131.477280 13.666786
v -6.347918 130.396820 15.420448
v -7.095550 135.563171 45.016338
v -5.609948 135.788666 45.637127
v -4.972603 136.229767 45.849312
v -6.022584 136.031052 13.620410
v -5.738372 135.626801 13.459575
v -6.534143 133.434692 25.556200
v -7.590460 134.772415 23.210852
v -6.470917 133.617722 24.309120
v -6.469400 133.339645 28.007156
v -4.127288 133.310577 27.965044
v -3.928464 133.317444 30.816053
v -1.504062 134.173904 30.260115
v -1.220753 134.412247 29.798223
v -3.329347 133.295074 31.938595
v -2.612540 133.397125 32.188614
v -3.604408 133.201080 33.708130
v -1.609055 133.433456 32.839893
v -2.641853 133.233582 33.649189
v 0.002768 133.360703 33.966484
v -1.110388 134.181686 30.673769
v 0.031574 134.138214 31.288818
v -1.299652 133.309265 34.885029
v -4.168136 133.367828 34.377567
v -3.815998 133.749252 37.288071
v -2.483078 133.919449 38.397026
v -1.190809 133.524231 37.219955
v -5.013900 133.900253 37.224350
v -6.232775 133.801056 36.000473
v -1.298046 133.917679 38.480324
v -1.299356 135.673416 39.604362
v 1.275760 133.937210 38.452950
v -0.930698 134.801147 39.336582
v -0.009463 134.630951 39.527164
v -3.862574 134.720871 38.659550
v -2.780749 135.690002 39.323597
v -6.113878 134.794022 37.219067
v -5.621657 135.676407 38.008141
v -4.996303 135.718246 38.358780
v -4.772017 134.713852 38.205326
v -5.131026 133.369980 34.553989
v -7.458355 134.808105 35.889145
v -7.219872 135.619553 36.727261
v -6.537010 135.619125 37.382908
v -7.005311 133.484756 33.772308
v -7.854939 135.657440 36.029274
v -3.922137 133.214554 32.161297
v -5.240332 133.186966 33.682556
v -4.021550 133.179367 33.417694
v -4.898097 133.220581 31.004948
v -5.093184 133.137466 31.728252
v -6.618376 133.229263 32.136856
v -6.519943 133.315247 33.427181
v -7.173510 135.703094 22.342926
v -6.321750 133.873032 23.161081
v -6.883777 138.070663 37.383770
v -6.371267 138.347473 14.062685
v -6.411426 136.470627 13.840034
v -6.904346 138.063873 21.688543
v -6.381056 138.420685 44.992355
v -6.413006 136.509048 45.202354
v -7.985131 139.682938 22.808708
v -6.385888 138.713974 44.986931
v -5.990652 142.354752 13.221760
v -6.098133 142.488983 45.818245
v -5.763749 144.904694 11.923064
v -5.241309 145.111298 47.206425
v -7.275376 152.040649 11.515293
v -6.261818 154.185959 10.494318
v -5.969524 154.507111 10.305799
v -7.343973 158.957306 10.035099
v -6.263665 159.053024 9.619196
v -6.229394 157.400497 9.734585
v -6.164352 160.519012 9.929954
v -6.399196 160.844742 14.216486
v -6.276995 158.869003 48.367805
v -6.520876 159.303757 47.763870
v -6.699821 160.712723 10.358964
v -6.199503 160.999954 13.953597
v -4.894234 162.523651 13.826411
v -4.982671 161.208328 14.259184
v -6.541790 159.503021 47.227734
v -4.545070 161.848007 10.503079
v -6.323698 160.994125 10.436414
v -5.876182 74.450554 12.893377
v -5.464346 74.319214 46.053932
v -5.998937 74.457138 48.548893
v -4.266320 73.857239 48.580799
v -5.947666 74.545036 49.747932
v -3.719907 73.790062 49.680717
v -2.526467 80.344444 9.533383
v -5.025493 80.377388 9.747561
v -2.950416 80.782509 9.848054
v -4.337789 81.901283 10.416730
v -3.255123 81.862885 10.374090
v -4.636768 80.732643 9.975610
v -6.087247 83.405823 52.842579
v -5.754907 84.237396 53.434258
v -5.721269 85.015594 53.467339
v -6.066667 83.593803 53.196594
v -3.754701 84.155609 53.453926
v -4.933852 85.021179 53.531448
v -5.148770 91.020561 53.251434
v -5.590833 90.838097 53.166290
v -5.110025 92.439339 53.120197
v -4.500675 93.630936 53.566639
v -5.295142 94.182838 53.707207
v -6.293266 95.253647 54.503693
v -5.217430 94.994560 54.647724
v -5.871419 98.562286 15.450026
v -5.958120 99.092461 16.580687
v -4.928657 98.527115 15.413867
v -4.085652 97.093163 12.671314
v -4.375830 97.820351 13.432252
v -2.649315 97.833328 13.425242
v -2.566139 98.007545 14.089364
v 0.794561 97.451294 44.751717
v 1.470621 97.497765 45.368164
v 1.465733 96.954140 45.726608
v 2.279136 96.753555 45.895500
v 1.207491 98.255959 43.468700
v 2.552861 97.992851 44.936180
v 2.668347 97.807991 45.650269
v -5.001317 98.202415 43.000031
v -5.838097 99.613495 18.207560
v -5.158369 99.452332 18.171518
v -5.188329 99.759827 18.462917
v -5.017893 100.387978 18.746714
v -5.146241 99.404037 40.748390
v -5.190710 99.769867 40.514015
v -5.094467 100.362572 40.233864
v -5.179705 104.008224 39.831753
v -4.298044 104.962990 10.420361
v -6.341116 106.338409 26.967377
v -6.463964 106.311668 31.764748
v -6.638939 106.370872 30.692474
v -6.617544 106.399719 28.397165
v -6.690298 106.405869 29.544394
v -4.416016 106.089088 23.743568
v -3.667190 106.013969 23.604166
v -3.240393 106.018188 35.935692
v -2.465660 105.905334 23.498760
v -2.309984 106.019089 36.307476
v 0.624377 105.802261 23.430779
v -1.187984 106.076767 36.517277
v -0.001310 106.106606 36.583710
v 1.187549 106.110130 36.495235
v 2.313935 106.096756 36.250443
v 3.708256 106.000771 23.628492
v 6.384097 106.322868 27.050253
v 6.481372 106.308830 31.751768
v 6.652650 106.365082 30.686913
v 6.632404 106.384315 28.406082
v 6.703529 106.395576 29.546246
v 2.644927 106.160484 21.758739
v 3.280851 106.297798 21.776070
v -0.001877 105.868774 21.758331
v -3.239006 106.223274 21.743565
v -4.061255 116.571304 43.220196
v -4.767348 118.073341 16.449057
v -4.733713 118.011864 42.715080
v -4.885635 131.297165 13.538312
v -3.573925 131.520065 13.024823
v -3.569952 135.688416 12.789959
v -5.108089 130.264023 15.128347
v -4.711340 129.207291 16.058393
v -3.877863 130.362259 14.793708
v -3.657517 129.133270 15.707970
v -2.432350 130.197052 15.326750
v -3.734562 131.148712 13.224671
v -4.670010 135.791748 45.973064
v -4.834683 133.297073 25.082069
v -6.261584 134.747253 21.883829
v -5.199143 133.570496 23.007633
v -3.962627 133.277985 26.855886
v -5.599429 135.713120 21.044674
v -4.989939 133.930176 21.958391
v -5.205745 138.088211 20.475069
v -5.348031 138.152252 38.482925
v -5.590549 136.608536 13.553422
v -5.455855 138.134186 13.687195
v -4.952999 136.233612 13.266981
v -5.580267 136.621796 45.532520
v -5.442843 138.181808 45.376701
v -4.917252 138.589691 45.550140
v -3.522822 135.821182 46.303501
v -3.705510 138.637299 45.902946
v -3.747293 136.297821 46.256325
v -4.918357 138.604324 13.501400
v -5.099255 140.785080 13.350685
v -4.968182 142.155273 12.941524
v -5.132234 140.823730 45.707020
v -5.019009 142.268951 46.125328
v -6.090248 152.031494 11.116594
v -4.749978 144.887360 11.599513
v -5.091405 153.956726 10.268314
v -4.986540 152.011398 10.808975
v -5.490636 148.134018 41.289661
v -4.766754 154.545532 10.000323
v -3.764785 153.173630 10.381171
v -5.037438 157.396286 9.399434
v -5.027101 159.146484 9.253883
v -4.996990 159.837875 9.307963
v -4.986798 160.791687 9.532355
v -5.702282 159.090790 48.066536
v -5.373002 161.216248 10.100630
v -3.151023 73.691605 10.494137
v -3.753561 73.828598 12.697997
v -3.831835 73.852608 46.133007
v -3.884741 74.049202 45.144348
v -4.307298 81.439316 10.407932
v -3.279616 81.438065 10.353922
v 3.849349 83.333984 53.095341
v 6.158322 83.228561 52.595703
v 5.769507 83.312073 52.934212
v 5.860308 83.709297 52.972034
v 5.783518 83.309944 52.331158
v 6.047038 83.982193 52.669361
v 4.831997 84.222420 53.299545
v 3.728939 83.930702 53.387260
v 2.613600 83.872826 53.443935
v -3.923274 85.022942 53.449650
v -2.554997 85.175369 53.309216
v -3.855521 86.242699 53.163242
v -3.174002 85.541000 53.156528
v -4.278973 90.997452 52.837254
v -3.898117 94.978783 54.688824
v -2.612944 93.517883 53.308510
v -4.249945 93.861458 53.748367
v -2.575905 93.807632 53.616528
v -4.038892 97.480263 12.749844
v -2.687231 97.072868 12.610488
v -2.685030 97.482193 12.647139
v -3.317954 99.182678 17.635691
v -4.074647 100.872864 18.694883
v -4.086315 100.527466 40.332527
v -3.971917 104.140373 19.067488
v -5.131506 105.351135 19.477406
v -4.064445 105.127609 19.423187
v -3.822907 105.268486 46.382179
v -3.752375 105.008018 48.644299
v -4.860966 110.460747 41.673248
v -4.472158 109.758247 41.617287
v -3.279137 110.676125 40.831017
v -3.652553 109.338951 41.540546
v -4.628972 111.453743 41.701988
v -3.289874 111.414650 40.924107
v -4.086178 112.556534 42.301056
v -4.355268 112.990944 42.961456
v -4.360476 113.512001 43.296429
v -3.800538 114.165382 43.452206
v -3.751090 116.589432 15.922554
v -3.666379 118.074661 16.116066
v -3.667177 117.996841 43.062954
v -3.730147 136.282501 12.894976
v -3.132907 135.958954 12.719110
v -4.820294 134.711456 20.875914
v -3.838335 133.684402 21.848949
v -2.638521 133.197342 25.528345
v -1.511486 134.160156 28.700388
v -2.647630 133.496109 26.823578
v -3.887968 134.673248 20.399836
v -4.125296 138.076736 19.949070
v -4.165195 138.026840 39.096046
v -3.703557 138.644653 13.152691
v -5.136474 139.289536 20.445616
v -5.157201 139.273743 38.579914
v -3.895272 141.974945 12.663175
v -3.477157 140.689392 12.909911
v -3.736437 140.687958 46.084690
v -3.938493 142.085617 46.412994
v -3.621270 142.780441 46.711258
v -3.510843 142.583328 12.355232
v -3.590639 144.868362 11.309934
v -3.870941 158.738525 8.988967
v -3.848111 157.390472 9.144690
v -5.578946 159.351212 47.370300
v -3.784826 158.652847 48.464390
v -4.193684 161.722092 9.561816
v -4.210712 161.456528 9.436809
v -3.767411 161.395966 14.414066
v -4.461802 162.666473 14.779701
v -3.899203 163.976166 13.882321
v -5.256503 164.956589 24.553118
v -5.180699 164.973495 23.927967
v -4.978332 164.293274 24.116989
v -5.026481 164.878479 23.169756
v -4.738685 163.826660 25.884666
v -5.038739 164.107773 33.476910
v -4.695351 164.264206 23.161150
v -5.070024 165.687088 24.493559
v -4.860965 165.356796 21.889019
v -5.029657 165.688873 23.178438
v -5.032012 164.118942 35.737705
v -5.183486 164.902954 35.820404
v -4.839446 163.680618 33.524811
v -4.855036 163.738632 34.710506
v -3.981752 162.711960 32.311291
v -4.319286 163.149338 34.234116
v -2.747304 162.952423 25.314898
v -3.801113 162.893250 26.675255
v 2.518829 163.131088 24.257015
v 2.410619 162.674438 25.059395
v -2.642566 162.465851 26.347586
v 2.634765 163.732101 23.355482
v -3.694479 162.830093 26.672636
v 3.447142 162.915405 24.690609
v 2.596470 162.272141 26.020838
v 3.642509 163.068008 24.360306
v 4.729927 163.845673 23.075836
v 3.920743 163.702148 23.343210
v 4.837468 163.904785 23.567091
v 4.004092 163.193405 24.218309
v 5.017930 164.718552 23.126955
v 4.374526 163.265381 24.356133
v 4.928581 163.664566 24.643595
v 5.083370 164.081131 24.192024
v 5.179921 164.881897 23.863281
v 3.939989 164.595444 21.537754
v 4.743366 165.158905 21.802807
v -4.715238 165.208054 21.857431
v -3.819010 164.864197 21.620337
v -2.334679 164.686859 21.565514
v -5.094962 165.731400 34.980740
v -4.853485 165.734787 35.630974
v -4.448364 165.237030 36.030426
v -4.406670 164.228928 35.949078
v -4.691702 163.978943 35.668789
v -4.459803 163.314972 34.646908
v -3.906745 163.811188 35.715813
v -4.350652 163.418182 35.144508
v -4.024921 164.181808 36.029686
v -3.960380 165.276413 36.085312
v 3.940276 163.166473 33.808643
v 4.511030 164.525620 35.725300
v -2.695543 163.846878 35.534649
v 4.621626 163.745605 33.387478
v -2.687700 165.320786 36.015419
v 4.486483 165.177277 35.747864
v 4.715371 164.251007 35.494934
v 4.681779 164.986176 35.544846
v 5.103766 163.889221 25.731064
v 4.863728 163.527969 26.995237
v 4.921397 163.558167 25.740372
v 5.055392 164.922943 27.002411
v 5.244108 164.748550 25.370787
v 4.404233 163.046005 25.375793
v 4.513421 163.228043 24.740417
v 3.960389 162.661469 27.016588
v 3.714238 162.781143 32.654324
v 3.805563 162.846313 32.646564
v -2.557034 163.196899 34.866562
v -2.397237 162.725677 34.126297
v 2.672397 162.475433 32.958466
v -2.599933 162.334335 33.153362
v -3.451596 163.047623 34.678486
v -3.834593 163.350052 35.235016
v -4.464701 166.097198 35.648548
v -3.980009 166.202545 35.714153
v -4.150253 165.668335 17.486889
v -4.468278 165.255737 18.037617
v -4.722106 165.443802 19.374607
v -4.610136 165.318024 19.150057
v -4.369696 165.890030 18.304068
v -4.630440 165.286926 20.478579
v -4.285892 165.039749 16.888840
v -4.272882 163.893585 16.466314
v -4.073366 164.228165 17.597881
v -3.859710 164.954697 15.839916
v -4.309742 163.577057 15.251132
v -4.838659 165.970703 19.408710
v -3.743521 165.026764 20.277935
v -4.185493 164.935837 19.264894
v -4.898143 166.063309 35.032494
v -2.801883 166.450638 21.789934
v 4.944645 166.435059 19.540329
v -4.768775 166.057358 35.416901
v -2.931746 166.424927 23.122049
v -4.661852 166.115662 33.712196
v -4.782955 166.200684 34.937428
v -2.170618 166.283325 17.987022
v 3.040932 166.460175 18.067242
v -3.299882 166.001785 17.309227
v -2.088550 166.334808 17.094412
v -0.581865 166.461807 16.889822
v 1.794298 166.394409 17.061258
v 4.393225 166.112808 18.379511
v 3.374671 166.107651 17.340481
v 4.750620 166.350632 23.102547
v 4.861953 166.070404 25.185276
v 4.868439 165.578445 19.473675
v 2.865170 166.613281 23.149204
v 1.157302 166.533859 21.826906
v 4.738624 166.173431 25.463650
v 4.887064 165.820633 23.057089
v 5.073457 165.680786 25.138977
v 4.795332 166.100754 25.560204
v 3.577359 166.437668 25.708672
v 4.563891 166.127487 25.791328
v 4.797874 165.320541 27.119148
v 3.992634 166.288574 25.856188
v 3.952010 166.092133 26.399708
v 2.694985 166.017059 27.126629
v 4.005359 166.422653 25.487282
v 3.361369 166.520889 25.346758
v 2.910464 166.416077 25.575539
v 4.063890 166.685699 24.746275
v 4.354641 166.628433 24.747841
v 4.297662 166.669250 24.459219
v 1.208295 166.527023 22.315504
v 1.255951 166.463287 23.148956
v 2.498434 166.568451 23.457489
v 2.664010 166.502243 24.460802
v -1.445643 166.474197 22.284620
v -3.127479 166.608765 33.825386
v -2.444662 166.425903 23.236469
v -4.307560 166.572723 34.902889
v -4.072711 166.615784 35.048378
v -3.321401 166.380768 35.448658
v -2.561263 166.618103 33.834290
v -4.621486 166.113541 35.531563
v -4.305451 166.535126 35.153473
v -3.982376 166.319580 35.613541
v -0.894742 73.469887 12.590426
v -2.642420 73.826912 45.359497
v -2.576796 73.610672 46.158337
v -1.241155 73.475250 46.190392
v -0.924651 73.772987 45.322968
v -1.956228 73.387611 48.602322
v -3.443322 89.839027 56.976269
v -3.469045 89.058701 57.090923
v -3.446947 89.067848 57.020283
v -3.471789 89.835098 57.055595
v 7.473545 90.165596 57.062778
v 5.930859 89.150063 57.270084
v 6.031917 89.142632 57.075726
v 6.278031 89.394852 56.861767
v -2.601558 94.975098 54.723270
v 5.205523 95.162521 55.142956
v 3.882049 94.807182 54.789799
v 2.501939 93.669296 53.641476
v 5.219683 94.773674 54.698719
v 3.910694 93.794006 54.075989
v 6.069697 95.254272 54.830002
v 5.092126 93.787910 54.144482
v 6.971861 95.108688 53.684425
v 7.074060 95.585648 54.846237
v 6.486554 95.864761 55.928116
v -2.184120 97.387703 12.744730
v -2.175789 97.137817 12.714891
v -1.658565 97.452156 13.657321
v -1.189473 97.391006 14.211954
v -1.275155 98.293266 15.513016
v 0.760906 99.116699 17.284378
v 4.483071 98.192963 16.031216
v 5.133564 97.272362 15.057148
v -2.859322 99.548424 18.049967
v -1.281408 99.011955 41.485428
v -2.781898 99.452789 40.767715
v -2.698431 103.984215 18.916544
v -2.555847 105.441872 19.771971
v -2.602926 105.825348 12.593925
v -2.642232 106.005363 20.590429
v -3.263187 106.166061 20.577398
v -2.572010 105.492432 46.409115
v -1.511039 105.442986 48.005333
v -1.281495 106.832443 14.246717
v -1.210233 107.619980 14.738622
v -2.419187 108.153770 43.137169
v -2.374419 109.278679 41.398987
v -2.409456 110.617363 40.704082
v -2.536762 110.676773 15.435033
v -2.376978 111.487808 40.850563
v -2.337627 116.783813 15.721476
v -3.346261 112.358734 41.580967
v -3.682186 112.751808 42.249828
v -2.434120 112.628967 41.505173
v -2.764653 113.973846 43.341579
v -2.383927 116.778481 43.526020
v -2.091036 115.284889 43.644283
v -2.462539 118.058655 15.862989
v -2.461706 117.986343 43.340958
v -2.181025 131.179993 13.253016
v 5.008925 130.835220 14.246205
v 2.327742 130.687546 14.108329
v -1.372007 131.576859 12.747735
v -1.256756 135.485138 12.435495
v -2.393462 135.517715 46.459854
v -2.568351 133.575073 21.821352
v -2.491806 133.832443 20.704464
v -2.772929 135.661209 19.714907
v -1.808935 133.125565 24.465433
v -1.304460 133.455368 21.749027
v -1.279631 133.795792 20.620312
v -1.411187 135.643372 19.437243
v -2.031680 133.415283 22.793671
v 0.073403 133.426392 21.258158
v -0.952039 134.754379 19.705585
v 1.294285 133.700333 20.559038
v 0.018616 134.591446 19.512819
v 2.640370 133.274002 24.218468
v 2.533826 133.860001 20.669441
v 2.758832 135.697876 19.726675
v 2.070267 133.427689 22.749298
v 0.952633 134.730942 19.691584
v 1.401390 135.652695 19.444536
v 3.971301 133.371902 23.574652
v 3.856436 133.732971 21.828226
v 3.932502 134.719864 20.425327
v 3.976810 135.750015 20.172089
v 5.169109 133.624908 23.033581
v 5.056058 133.987122 21.929012
v 6.367644 133.955765 23.136211
v 6.314790 134.857147 21.956612
v 4.865051 134.749542 20.863777
v 5.633909 135.707901 20.990910
v 6.472855 135.657379 21.563095
v 7.729093 133.727554 25.625216
v 7.583995 134.017578 24.459028
v 7.650471 134.856049 23.280903
v 7.232158 135.622696 22.225231
v 7.837674 135.617310 22.858950
v 9.143962 134.726837 25.557392
v 8.468534 135.644760 23.730734
v 8.648276 134.820801 24.745331
v 8.859025 135.662689 24.349018
v 6.569855 133.443665 25.562447
v 8.810182 133.973038 26.969584
v 5.422238 133.379547 24.720699
v 3.979024 133.278976 25.515965
v 2.656479 133.351456 26.811319
v 1.782491 133.317627 24.540028
v 1.320889 133.347870 25.546886
v 0.735905 134.120834 27.975555
v 1.543180 134.158966 28.688089
v 4.165282 133.294724 27.889380
v -0.105563 133.295120 25.341995
v 1.392079 133.288254 22.958162
v -0.057350 133.158371 24.472172
v 1.303231 133.250031 24.215401
v 0.116581 133.298920 21.741526
v 0.051129 133.163208 22.417170
v -1.369725 133.239304 22.971533
v -1.307376 133.138046 24.186325
v 0.025197 134.123749 27.743635
v -0.714775 134.138245 27.940670
v -2.066901 136.405624 12.570971
v -2.474789 138.579788 12.895734
v -2.884784 138.098633 19.513756
v -2.907990 138.073990 39.513424
v -2.480944 138.579056 46.128708
v -2.503082 139.520859 12.865880
v -2.898086 139.692474 39.504879
v -2.414979 139.572845 46.191605
v -1.265966 140.795624 46.523258
v -1.165847 140.740799 12.537420
v -1.582110 142.603973 47.016956
v -2.437076 144.860092 11.107774
v -2.561914 153.165100 10.209746
v -2.290379 154.599335 9.630893
v -2.718353 158.516907 8.817088
v -2.363975 157.407883 8.924562
v -2.748444 158.056152 42.255146
v -3.673812 159.024490 8.934972
v -2.749114 160.919800 8.891459
v -2.455717 159.000687 8.737494
v -2.705079 161.433884 14.322212
v 3.806873 158.673874 48.579342
v -1.858420 161.635468 8.929098
v -2.151437 162.105331 9.180145
v -2.610908 165.000534 20.217880
v -3.874056 162.648468 32.307140
v -3.910462 162.911316 34.067062
v -2.782466 162.203934 32.533962
v -2.735637 162.303711 26.809168
v 3.826629 164.935394 20.217707
v 4.691766 165.358597 20.477207
v 4.818805 165.392303 21.828867
v 2.552483 164.918427 20.193010
v 1.360611 164.755280 20.460392
v -1.250041 164.749359 20.496014
v -3.584780 166.264023 35.651459
v -2.841136 166.190277 35.569405
v -0.447950 73.399643 10.497949
v -1.228688 73.458038 49.774353
v 2.599398 84.895760 53.213932
v 2.627344 85.185661 53.056274
v 3.836845 84.780495 53.333057
v 4.024460 85.053215 53.287228
v -2.693400 87.636948 10.662245
v -2.918209 88.699837 12.125798
v -1.808338 87.008026 11.232402
v -2.503717 87.690231 11.319551
v -2.885810 90.357758 10.764154
v -1.881711 86.855476 12.848338
v -2.855543 88.799591 48.093758
v -2.442589 87.749184 47.730526
v -1.822152 87.073196 48.198971
v -2.846269 90.333435 46.865688
v -2.306750 87.818169 49.838684
v -2.662964 88.845604 49.663090
v -2.648154 90.260460 49.662956
v -1.729887 89.193573 51.367897
v -2.209360 87.912895 50.068054
v -1.825591 86.981590 50.067696
v -1.718809 89.982246 51.354656
v -0.996219 88.991837 51.700710
v 6.737524 89.820396 56.608246
v 6.797550 90.226234 56.628361
v 6.606408 90.071053 54.822994
v 8.457521 90.628372 56.843998
v 7.045124 90.722397 55.473209
v 8.836408 91.629448 56.221558
v 7.627320 89.133888 56.400364
v 6.546931 89.413101 57.158096
v 7.248001 89.462738 56.951054
v 7.478859 89.845322 57.033688
v 8.722830 90.055275 57.031021
v -2.414293 91.366447 11.193369
v -2.406161 91.312866 47.768665
v -2.412002 91.328171 48.564762
v -2.323275 91.316933 49.765308
v -2.268056 91.142159 49.984024
v -1.594939 92.133408 10.902440
v -1.702068 92.079826 48.138523
v 0.017310 99.532730 17.791735
v -1.397597 99.522324 17.881264
v 2.809232 99.586334 18.075285
v 1.436822 99.550064 17.857645
v 5.233736 99.457779 18.236992
v -1.358000 99.418304 40.955395
v 4.999913 98.496788 43.635071
v 3.599603 99.132523 41.173050
v 1.696672 99.070053 41.467270
v 4.883914 97.937134 45.077686
v 5.189797 99.457199 40.799122
v 1.540844 99.419914 40.956802
v -0.006864 99.410042 41.015747
v -1.397615 103.929588 18.762724
v -1.308256 105.367722 19.731216
v -1.266737 105.507172 10.427271
v -1.290587 105.645081 46.438011
v 0.605837 106.855209 14.271468
v 2.513573 107.553474 14.715729
v 2.578362 106.890991 14.286184
v 1.429678 105.991402 12.601008
v 3.721506 107.400551 14.662458
v 2.524413 105.783028 12.646204
v 3.866664 106.821526 14.360900
v 4.563642 108.591530 15.008193
v 2.495163 108.091331 14.942799
v 2.474247 108.439110 15.062699
v -1.244596 108.146500 43.087311
v -1.261282 109.334747 41.329277
v -1.207009 110.593193 40.658649
v -1.159863 112.369354 41.081699
v -0.001560 118.056343 15.661537
v 0.742035 116.854195 15.604854
v 2.519968 110.699356 15.377355
v 2.548109 115.468826 15.558147
v 3.799099 111.627525 15.401933
v 2.532490 116.743019 15.631578
v 3.825108 115.419838 15.669968
v 4.840925 113.765915 15.543578
v 3.904448 110.571899 15.327787
v 4.880433 110.337105 15.275414
v 3.729838 116.607719 15.860147
v 4.879926 116.388329 16.128452
v 2.458352 118.075951 15.853806
v 3.874705 118.064781 16.168375
v 1.250451 118.058350 15.713326
v -1.257990 118.051544 15.716255
v -1.363057 113.353249 42.236736
v -1.358686 114.242012 43.319420
v -1.351845 114.639824 43.521790
v -0.247886 116.444855 43.747047
v -1.208896 117.971733 43.516281
v -1.240230 130.176483 15.180095
v -0.592877 135.980774 12.447741
v 0.016324 130.182220 15.122564
v 1.272135 130.207733 15.200299
v 2.385492 130.000961 15.059302
v 8.728672 130.818970 15.658026
v 3.881676 130.368622 14.842931
v 5.056049 130.307755 15.217958
v 3.716596 129.216858 15.821836
v 2.490742 129.122330 15.510370
v 6.274257 130.464050 15.385164
v 4.698757 129.121002 15.864594
v 8.853534 130.365646 16.706612
v 7.704340 130.183197 16.380302
v 6.692687 129.936813 16.352356
v 4.771726 128.103104 16.284245
v 5.900032 128.160645 16.734486
v 6.324267 129.386490 16.856815
v 7.227473 129.194138 17.059351
v 11.379373 131.280426 17.511927
v 9.333918 130.133804 17.417885
v 8.811529 129.107834 18.032991
v 7.207569 128.259521 17.555937
v 7.929754 128.294724 18.070967
v 10.192803 130.301392 17.965416
v 10.462658 129.834229 18.913363
v 11.437229 130.322693 19.236740
v 8.536583 128.315063 18.555330
v 9.274347 128.332687 19.197611
v 10.132475 129.207443 19.194693
v 13.629807 130.985199 20.776981
v 11.954106 130.162415 20.091618
v 11.280545 129.130493 20.486702
v 9.803157 128.339417 19.711695
v 10.384653 128.320816 20.330986
v 12.664319 130.422806 20.572393
v 14.797564 131.231644 22.078115
v 13.035985 130.210083 21.652243
v 12.311597 129.205460 22.209763
v 10.954489 128.295258 21.004656
v 11.374474 128.271576 21.548897
v 15.050858 130.926331 23.244490
v 13.990431 130.326416 23.120850
v 13.118036 129.863937 22.538309
v 13.240172 129.265869 24.691992
v 14.329045 130.218109 24.331507
v 12.750486 128.145126 23.779602
v 12.557229 128.162643 23.257750
v 14.789821 130.208954 25.512331
v 16.664698 130.936508 25.664267
v 15.668205 130.473236 27.184208
v 14.363743 129.972458 26.984507
v 13.723177 129.137772 25.838860
v 17.907438 131.128860 26.995817
v 17.863344 131.258392 33.385468
v 14.546922 129.946091 28.254686
v 14.365047 130.099243 30.767851
v 16.725866 130.886734 33.421825
v 14.782207 130.254822 33.495213
v 14.252822 130.018280 32.003857
v 16.444588 131.155350 34.600414
v 15.438998 130.795044 34.825172
v 14.404639 130.203217 34.718555
v 13.530264 129.276382 33.202332
v 13.913268 129.114716 32.036522
v 14.006094 130.337662 35.933811
v 13.492683 129.151337 34.317635
v 14.822190 131.243652 37.023705
v 13.990579 130.795502 37.357327
v 13.132745 129.821365 36.393456
v 12.761824 129.202911 36.191158
v 12.328155 128.302979 35.719772
v 12.986336 128.191071 34.319057
v 14.409274 131.464600 38.019878
v 13.099416 130.169296 37.380035
v 15.307093 131.544571 36.816193
v 15.935544 131.471664 35.680668
v 17.554752 131.433807 33.979572
v 18.625708 131.853775 33.638824
v 18.710045 131.687332 33.290112
v 18.841455 131.593307 27.208115
v 16.347424 131.143051 24.515444
v 17.910755 131.462616 25.696161
v 15.882503 131.446198 23.475271
v 14.368178 131.470856 21.066996
v 15.049479 131.559937 22.028637
v 13.328481 131.312424 19.733599
v 12.475182 131.595230 18.375551
v 11.188076 131.538376 17.054731
v 9.724590 131.259750 16.036327
v 10.591213 131.530945 16.519922
v 6.209683 131.029327 14.420799
v 7.378377 131.244324 14.634832
v 8.223425 131.457397 14.860786
v 5.676481 131.523071 13.670925
v 7.059123 131.519608 14.240891
v 4.659868 131.419693 13.367902
v 3.644533 131.280304 13.345503
v 3.504615 131.582809 13.064033
v 2.404997 131.601318 12.902434
v 1.190472 131.622620 12.795637
v 0.016433 131.611908 12.755619
v -1.177664 135.469070 46.559628
v -1.030728 135.920334 46.467960
v -1.141982 134.227371 28.341528
v -1.337646 138.119751 19.197470
v -1.441086 138.054016 39.806355
v -1.093297 138.470413 12.742374
v -1.230350 138.485886 46.232288
v 2.373259 136.412354 46.463661
v -1.276688 138.769470 12.752942
v -1.458706 139.711166 19.200659
v -1.350544 138.762955 46.241604
v -1.060205 142.425827 12.035855
v -1.221577 144.860977 10.983289
v -1.279791 153.164810 10.096685
v -1.503741 148.908142 42.657810
v -0.024324 154.628632 9.502685
v -1.215185 159.004166 8.630212
v 0.002556 157.421982 8.783423
v -0.500178 160.905472 8.680482
v -1.507757 161.363770 14.397755
v 5.718550 159.067780 48.098156
v 6.591771 158.810867 48.380531
v 2.785323 162.303696 32.531082
v 2.643325 162.118057 26.545336
v 2.774746 162.153809 26.538246
v 3.819984 162.720703 25.616863
v 3.853332 162.599167 27.026804
v -1.422745 164.672836 19.746107
v -1.016851 165.982285 35.591454
v 0.978789 165.874557 35.488598
v 2.990395 165.711594 35.397362
v 3.676493 165.587280 35.423840
v -1.103971 166.367416 24.576853
v -1.274150 166.442276 23.097219
v -1.092579 166.314224 34.901672
v -0.990925 166.524368 33.783836
v 0.745857 73.784081 13.448759
v 0.504509 73.440125 46.185352
v 0.031548 73.278877 48.579258
v 0.280591 73.388161 49.772652
v 2.460010 73.558151 49.797241
v -1.138254 86.663010 11.299884
v -0.011725 86.248032 10.622397
v -0.015689 86.394341 11.266838
v -1.235147 86.649612 47.818108
v -0.067231 86.434341 47.877110
v -1.271455 86.583023 48.788689
v 0.931308 90.006935 51.679993
v 1.660306 89.835655 51.366482
v 1.657467 89.037323 51.345467
v 2.156099 87.809555 49.997063
v 1.809000 86.971809 50.006081
v 2.594379 88.811722 49.632217
v 2.276897 87.817154 49.742878
v 2.127312 91.172104 50.043030
v 2.556340 90.219833 49.656147
v -1.120777 92.373970 11.155522
v 0.020686 92.609138 11.157802
v 0.007815 92.727318 12.669448
v -1.223697 92.354233 47.829407
v -0.108100 92.608345 47.830090
v -0.106509 92.729240 46.286758
v 2.478575 93.389748 53.319233
v 3.059084 93.191254 53.322044
v 0.027584 103.913849 18.716995
v 0.818961 105.335419 19.736921
v -0.005895 105.573257 10.410363
v 0.717575 105.478096 48.698589
v 4.160903 109.071205 15.120428
v -0.018320 108.161957 43.067139
v 0.010310 110.601997 40.640190
v 0.963648 109.361526 41.326107
v -0.004303 112.408287 41.088966
v 0.001495 113.403793 42.250629
v 0.894622 114.300270 43.343433
v 0.479516 115.434151 43.748215
v 1.128070 114.658058 43.539032
v 0.000558 117.970741 43.571228
v 0.015303 135.483795 12.374612
v -0.012564 135.466721 46.597763
v -0.001476 134.413879 28.166008
v -0.267572 135.705719 29.489626
v 0.037006 135.714630 29.175922
v -0.180183 135.704559 29.248615
v -0.223037 135.702240 29.630184
v 0.047942 134.354996 30.852951
v 0.006006 135.277481 30.040380
v 1.321146 133.282104 34.850410
v 1.278995 133.505203 37.327503
v 1.103923 138.493530 46.279957
v -1.231964 139.324478 19.174479
v -0.008361 139.327377 19.095331
v 0.010642 139.254333 39.895676
v -1.247854 139.291183 39.818481
v 1.062093 138.780487 46.288857
v 0.997795 138.810699 12.763021
v 1.091175 140.739777 12.526273
v 1.165364 140.798782 46.548805
v 1.368588 142.577576 47.065838
v 1.221294 144.843979 10.964287
v -0.000281 145.887238 10.784360
v 0.002911 153.159988 10.062593
v -0.025912 148.635300 16.159178
v -0.003160 148.877014 42.769562
v 1.277963 153.169922 10.111345
v 2.279675 154.585724 9.611521
v 2.552512 153.177856 10.237388
v 3.714049 153.150650 10.304031
v 2.386814 157.455963 8.900857
v 3.696253 154.545532 9.780172
v 0.756232 158.977982 8.598072
v 0.618425 161.343094 14.413031
v 1.184007 161.640762 8.936833
v -0.019066 162.194061 9.087950
v 0.011408 164.641327 19.750933
v 1.344105 166.252930 24.577108
v -0.686461 166.355988 34.780621
v 1.382074 166.245102 25.873066
v 3.773541 165.577133 28.392817
v 4.724640 165.192551 28.336283
v 1.380221 166.050797 32.393932
v 1.325468 166.137115 33.609726
v 0.833336 166.199112 34.722683
v -0.764034 166.088623 35.470196
v 1.854727 73.511322 10.511300
v 1.339845 73.512939 12.585269
v 1.177373 73.769394 45.306175
v 1.529305 73.331993 48.541569
v 1.227721 86.489037 10.550813
v 1.170807 86.602699 11.239608
v 1.126363 86.671082 47.734268
v 1.124888 92.360153 11.163112
v 1.259705 92.598228 12.649340
v 1.068662 92.343559 47.806347
v 7.045621 97.331985 15.003995
v 1.407188 103.960007 18.782541
v 1.288963 105.558434 10.333285
v 1.235733 108.174866 43.079639
v 1.221665 110.618637 40.707325
v 1.147105 112.384293 41.107807
v 1.206011 111.532333 40.796383
v 1.338541 113.351028 42.250546
v 2.638629 114.547852 43.571606
v 2.456986 115.318306 43.678196
v 2.878736 114.029190 43.348312
v 3.693817 114.330727 43.552261
v 1.020841 116.710854 43.674686
v 1.218284 117.977440 43.510437
v 1.465780 135.988724 12.451543
v 1.181772 135.498779 12.401718
v 1.264067 135.485352 46.574978
v 1.413452 135.975342 46.529587
v 1.110513 134.218887 28.409573
v 0.240646 135.696030 29.246696
v 0.344957 135.690796 29.484896
v 1.260793 134.437195 29.368052
v 1.645800 133.467499 32.742653
v 1.319712 133.380463 33.512775
v 0.303575 135.679077 29.629494
v 1.158469 134.211136 30.657574
v 2.629241 133.227188 34.835670
v 2.602492 133.568802 37.352524
v 2.452751 134.049484 38.279499
v 0.897708 134.798386 39.330971
v 1.252832 135.647522 39.604813
v 1.309333 138.139236 19.245005
v -0.044339 139.979202 29.345158
v -0.037663 139.977173 29.365915
v -0.020696 139.997391 29.308105
v 0.027054 139.994614 29.297335
v -0.020481 136.892258 29.575150
v 0.121840 139.952332 29.378384
v 0.215816 136.874451 29.554785
v 1.347055 139.179657 39.830303
v 2.097603 136.425690 12.547621
v 2.336851 138.520355 12.812709
v 0.074681 139.979263 29.313513
v 0.101255 139.964111 29.353184
v 1.258737 139.316315 19.154680
v 1.518391 142.452789 12.049354
v 1.503672 148.646133 16.252584
v 2.545178 160.851273 8.888008
v 2.214984 161.985046 9.310554
v 2.038587 164.444885 12.766163
v 1.354035 164.605988 19.710751
v 3.855598 165.621216 32.297012
v 4.555116 165.225540 33.425068
v 4.531750 165.168915 35.557205
v 3.916078 165.561081 35.353031
v 3.741640 165.736282 33.868164
v 3.974874 165.653458 33.976040
v 3.093813 165.881500 33.919334
v 1.207623 166.100266 34.808147
v 3.010337 165.828766 34.662193
v 0.792778 166.001373 35.382740
v 3.103780 165.712723 35.370659
v 3.162284 165.881165 34.004356
v 2.348959 73.852867 45.244389
v 2.542568 73.634743 46.156872
v 1.812106 86.998672 10.963824
v 1.734960 87.044174 48.018375
v 1.614828 92.118896 10.683008
v 1.599391 92.296638 46.286469
v 1.555441 92.088013 47.899418
v 2.118663 97.365181 46.299580
v 2.706020 97.452667 46.414726
v 2.031956 97.137665 46.287289
v 2.615879 97.124657 46.434788
v 2.908820 99.454475 40.778568
v 2.679598 104.023354 18.935505
v 2.571734 105.516953 19.773581
v 3.157067 105.217247 10.398750
v 2.599697 105.549423 46.441315
v 2.472678 105.299843 48.679474
v 2.392623 108.222054 43.099525
v 2.426020 110.649788 40.745678
v 2.387868 109.300507 41.427864
v 2.415314 111.504097 40.824890
v 2.468127 112.618835 41.523476
v 2.583762 113.159431 42.239212
v 2.453820 116.766541 43.538509
v 2.453550 117.984550 43.347710
v 2.453340 129.156464 43.452400
v 2.395751 135.527512 12.536210
v 1.865524 133.958557 30.668951
v 3.317300 133.286179 31.942001
v 3.534966 133.167206 33.753532
v 2.720308 135.675949 39.331905
v 2.481952 138.594757 46.139763
v 2.312706 138.929276 12.833502
v 2.274115 138.787750 46.167915
v 3.412646 140.670013 12.869344
v 1.952490 138.703598 39.763226
v 2.896533 139.704926 19.487888
v 2.452439 144.852570 11.094896
v 2.422344 145.060455 47.924103
v 2.459778 159.010681 8.742536
v 2.583821 161.432831 14.354125
v 3.685790 73.825829 10.499403
v 2.614066 73.831940 45.320427
v 3.777817 73.860222 46.109512
v 3.714114 74.032761 45.125633
v 4.624204 74.023048 49.745174
v 2.904199 88.682343 11.652550
v 2.475478 87.653702 11.212236
v 2.406727 87.721748 47.718334
v 2.773326 88.785202 48.109917
v 2.249215 91.275223 49.387608
v 2.457652 91.383102 11.184401
v 2.937306 90.349167 10.670602
v 2.339124 91.309593 47.772568
v 3.133793 90.361641 46.248459
v 2.813116 90.293846 47.841888
v 4.505646 96.802757 45.893715
v 4.172380 97.109192 46.394138
v 4.162046 97.425507 46.322952
v 4.469858 97.754005 45.688217
v 5.166881 99.790337 18.463413
v 4.128206 100.710983 18.676256
v 5.161446 99.744614 40.508060
v 6.277180 97.707863 45.084061
v 11.509058 96.789597 57.641533
v 4.146191 101.664276 40.160969
v 7.642968 101.689690 50.534813
v 7.640108 102.114670 8.464234
v 4.066707 105.151855 19.376543
v 7.514217 102.717674 50.358437
v 7.172830 103.473969 50.128078
v 7.102317 103.393143 8.900656
v 3.761503 105.494278 12.692033
v 3.237461 106.132088 20.627134
v 4.191189 105.269928 46.415756
v 4.442687 104.904243 48.667973
v 4.047554 108.412598 43.247383
v 3.309394 110.697670 40.843231
v 3.690654 109.372627 41.584423
v 3.325149 111.446739 40.947895
v 3.282624 112.405624 41.626038
v 3.728153 112.739426 42.260757
v 4.399014 113.072975 43.050030
v 4.411477 113.515060 43.331253
v 4.225343 116.576378 43.180870
v 3.669019 117.996407 43.063686
v 3.659276 129.262756 43.116894
v 3.538605 135.766190 12.758534
v 3.580981 135.791153 46.231236
v 3.981005 133.327194 29.497311
v 3.973606 133.226288 30.814468
v 3.921562 133.177887 32.157825
v 4.863524 133.184097 30.947309
v 5.219978 133.317917 34.794880
v 5.132192 133.270432 34.561016
v 3.986357 133.147827 33.462242
v 6.469007 133.513138 34.736122
v 5.159830 133.623093 36.018848
v 6.301033 133.919907 35.868858
v 7.529642 134.770325 35.759544
v 7.538429 133.933578 34.522373
v 7.623367 133.640915 33.365005
v 7.012035 133.478973 33.790730
v 6.179014 134.780762 37.087673
v 6.520566 135.557602 37.412708
v 7.234154 135.573135 36.754498
v 7.854217 135.537170 36.089966
v 3.821483 133.754440 37.219460
v 4.957002 134.010117 37.111473
v 4.675550 134.793961 38.135334
v 5.066246 135.596771 38.417809
v 3.878811 134.783157 38.517574
v 3.955030 135.627762 38.943737
v 2.881181 138.095184 19.518747
v 2.713650 138.141235 39.567680
v 3.736752 136.271149 12.846240
v 3.715551 138.855576 13.124194
v 4.127134 138.091629 19.929401
v 4.042634 138.088669 39.091908
v 3.723095 138.787079 45.883762
v 3.741504 136.285538 46.144341
v 4.212970 139.678024 19.949539
v 3.625434 142.630905 12.322989
v 3.747883 140.716293 46.101463
v 3.633660 142.760040 46.775471
v 3.601407 144.860886 11.292931
v 3.744451 152.014984 10.603013
v 4.056063 148.294495 41.804317
v 4.735332 157.376282 9.299480
v 4.825159 154.536423 9.994629
v 5.057375 153.937820 10.254205
v 3.869904 158.735962 8.992412
v 5.090103 158.803223 9.262776
v 2.709376 158.523788 8.816456
v 4.682278 159.002106 9.153454
v 3.765714 161.306580 14.383610
v 4.188660 161.462357 9.493034
v 4.176254 161.708878 9.627831
v 4.180990 164.685898 18.558739
v 3.791447 164.978210 15.681528
v 5.389241 74.352859 10.495718
v 5.398011 74.317574 12.757445
v 4.934216 74.182625 46.076851
v 6.061384 74.601768 46.054749
v 4.972412 74.134041 48.528992
v 4.391863 84.650681 53.311813
v 5.010054 86.169518 53.272556
v 4.992676 84.508362 53.264183
v 4.269539 87.756958 53.001022
v 4.626403 86.744102 53.199883
v 5.110708 86.520470 53.350552
v 5.307349 87.807983 53.589409
v 5.419676 88.954926 53.802860
v 3.837703 92.557198 53.251915
v 5.338057 91.436890 53.921185
v 5.063452 100.653397 18.775984
v 5.092469 100.671043 40.231274
v 6.140639 103.867111 9.034767
v 6.963118 103.737038 9.394773
v 5.838003 104.156830 9.438661
v 5.160956 104.080940 19.226965
v 5.171527 102.569298 39.903702
v 6.047518 103.994537 50.001686
v 6.693003 103.965630 49.573940
v 7.483197 103.539764 49.712261
v 5.068601 105.105789 12.744226
v 5.011517 104.710922 10.437334
v 5.152000 106.686859 14.452800
v 5.157673 107.869553 14.876947
v 5.146124 109.081795 15.132047
v 5.209218 109.099464 43.316528
v 4.877412 110.505402 41.710773
v 4.445127 109.787453 41.749802
v 4.740075 111.360237 41.765694
v 4.100672 112.564804 42.328278
v 5.083050 111.681854 42.358395
v 4.953443 113.571304 43.474907
v 4.739100 118.009583 42.711525
v 4.686934 128.149445 42.649124
v 4.651152 129.125198 43.110065
v 5.073019 130.200897 43.913906
v 4.710389 135.788193 13.082854
v 5.152869 138.041672 20.384909
v 6.453245 133.301239 28.079811
v 7.807110 133.418823 29.494455
v 5.214898 133.279129 30.427824
v 5.204504 133.141083 33.766010
v 5.044926 133.105118 31.708229
v 4.973938 136.193176 13.212171
v 4.914130 138.582748 13.480102
v 4.914716 138.599731 45.541645
v 4.955846 136.236786 45.773342
v 5.135385 139.276108 20.410212
v 5.101534 139.285980 38.584339
v 4.967761 140.753738 45.750725
v 5.805749 139.683182 20.804174
v 5.554000 142.236328 13.045119
v 3.906984 141.957947 12.626538
v 5.374631 140.750275 13.422759
v 3.941276 142.069229 46.460045
v 5.448655 142.324112 46.065380
v 4.776351 144.861160 11.569252
v 4.964495 152.050812 10.891759
v 5.505349 148.395432 17.485991
v 5.454256 148.265320 41.241650
v 4.911239 159.746002 9.272574
v 5.046901 161.159729 14.162757
v 4.229139 164.965729 19.677874
v 3.877743 165.240997 16.322515
v 6.947431 74.953659 49.771759
v 5.973856 74.525787 48.535088
v 5.999082 74.553780 47.296925
v 6.263600 86.294853 52.664345
v 6.169487 86.830818 53.177811
v 6.502410 87.697479 53.460762
v 6.932093 88.534538 53.810722
v 6.320002 90.140694 54.550865
v 6.546071 92.761909 53.413269
v 6.402970 91.483986 54.050236
v 6.261003 99.758163 18.192574
v 6.128770 99.941971 18.373596
v 6.985139 101.135513 18.704826
v 6.016906 99.080276 42.472515
v 6.118318 99.913712 40.588699
v 6.185938 99.748619 40.798828
v 6.191215 100.582191 40.222408
v 5.942430 98.542473 43.602962
v 7.061418 103.078148 18.997379
v 5.719279 105.551003 19.573153
v 5.277604 104.225006 39.696533
v 5.765315 105.485260 39.361328
v 6.162449 104.696724 12.720003
v 5.496396 105.650902 13.609859
v 6.631069 105.713303 14.140592
v 6.844029 104.099884 48.649616
v 6.418820 106.583305 14.630692
v 8.639337 107.681213 15.260942
v 7.669776 110.256851 15.406525
v 6.416496 111.569702 15.412010
v 5.158622 112.833855 15.477075
v 7.498341 106.182487 14.677588
v 8.510709 109.471001 15.537156
v 9.341602 108.169525 15.710012
v 8.729857 106.587296 15.163071
v 9.362290 109.870377 16.091497
v 7.271573 111.234291 15.499934
v 8.374560 111.042473 15.801832
v 7.025064 112.378258 15.677622
v 6.106308 112.546432 15.525407
v 5.978304 113.627869 15.717594
v 5.890077 112.054565 43.359287
v 6.161798 112.614586 43.467403
v 5.991353 116.302193 42.633610
v 5.863476 116.600868 16.519346
v 5.833485 118.103600 16.873533
v 5.825266 118.016930 42.272865
v 5.773751 128.242126 42.143002
v 6.329795 130.355438 43.619984
v 5.632951 135.560516 13.398098
v 5.891237 131.544739 45.181515
v 7.551370 130.655273 43.525127
v 7.401139 131.248047 44.409077
v 7.039025 131.490662 44.801964
v 8.404008 131.438385 44.033581
v 7.868687 131.502472 44.402992
v 6.825528 129.807205 42.759174
v 7.766932 130.134323 42.704884
v 9.409578 131.143616 43.109390
v 6.136798 128.266556 41.955132
v 6.604221 129.182755 42.391224
v 5.757097 135.692963 45.574638
v 5.767391 132.177826 45.507858
v 6.523755 133.305359 33.454372
v 7.316006 133.366577 31.826218
v 6.627089 133.247086 32.144218
v 8.864568 133.724854 30.607975
v 9.900635 135.871414 26.985651
v 9.609573 134.833160 27.372616
v 9.878175 134.727921 28.336647
v 10.009891 134.665878 29.562117
v 9.945283 134.623077 30.723455
v 7.741149 133.487457 32.117096
v 8.773692 133.953766 31.987288
v 9.626768 134.772980 31.662054
v 9.007158 134.746643 33.457233
v 9.420245 135.611008 33.536270
v 9.880044 135.642593 32.022087
v 8.601077 134.755722 34.252628
v 8.871905 135.572037 34.656109
v 6.392736 138.062012 21.227087
v 5.457304 138.142151 13.661270
v 5.590233 136.627411 13.521332
v 5.745575 138.051086 38.176407
v 5.582823 136.578827 45.494949
v 6.028464 136.034439 45.421780
v 6.382478 138.395889 14.034981
v 6.424184 138.709579 14.054099
v 6.424969 136.514252 13.834475
v 5.442212 138.173767 45.358738
v 6.369131 138.376022 44.972576
v 6.417552 136.456131 45.202934
v 6.224903 140.746368 45.272148
v 5.740259 139.684174 38.204708
v 6.903637 139.667770 37.312759
v 5.806446 144.869293 11.875569
v 6.248776 154.167526 10.490717
v 6.038079 152.091995 11.209122
v 6.243148 154.476746 10.384066
v 7.407409 154.418060 10.825838
v 7.244966 157.398636 10.102369
v 7.181334 152.141739 11.623124
v 7.809231 153.149734 11.493659
v 8.864845 154.027878 11.624613
v 8.514463 154.484192 11.297846
v 6.228848 157.391342 9.721931
v 6.239220 158.972961 9.605180
v 6.047800 160.548920 9.915336
v 4.977364 160.790131 9.564018
v 6.584655 159.206741 47.917305
v 4.519931 161.848267 10.565688
v 5.363840 161.218277 10.130280
v 6.270992 160.994888 10.439060
v 4.900776 162.570541 13.936912
v 4.276523 162.711487 15.202621
v 6.368612 161.113678 13.563036
v 7.163841 160.790421 13.822040
v 6.376681 161.052414 10.585730
v 6.490804 161.362076 12.528281
v 4.370995 163.656464 15.349042
v 4.334604 163.874359 16.533962
v 4.295987 164.377441 17.622410
v 4.724759 165.393784 19.210758
v 4.591676 165.343246 18.073761
v 4.303072 165.095840 16.931581
v 7.130330 75.092209 10.506484
v 7.142248 75.015404 12.833852
v 7.376371 75.213898 46.040504
v 7.041356 75.022385 47.298538
v 9.929361 87.999741 51.188469
v 7.525896 88.612480 53.883400
v 7.673634 92.194611 53.917927
v 7.206346 97.958145 45.268921
v 8.245792 97.794556 46.664642
v 7.901500 96.930969 45.948914
v 9.177600 96.361130 45.889030
v 8.893298 95.621078 56.039413
v 6.818947 99.382820 42.460251
v 6.876001 100.131111 18.191168
v 7.143261 100.805305 18.496632
v 6.864375 100.146301 40.774826
v 7.155898 100.776436 40.452549
v 7.810199 102.565605 40.120316
v 8.763616 104.368568 18.878000
v 8.181652 102.917709 18.635561
v 8.082075 102.006592 18.358503
v 8.089348 101.942436 40.550030
v 8.296117 102.921021 40.284821
v 8.791919 104.401436 40.091415
v 7.368222 103.780739 10.400969
v 7.651340 104.009476 12.757015
v 7.707630 105.481339 14.441244
v 9.735215 107.009506 19.769781
v 7.598724 103.968689 46.318909
v 8.003109 115.011124 17.017235
v 7.237936 116.561928 41.951984
v 7.205985 118.071770 17.550234
v 7.965276 116.440720 17.496172
v 7.194459 118.017685 41.551655
v 8.060402 118.091850 18.078630
v 7.122912 128.305893 41.388035
v 7.277873 129.145004 42.008293
v 7.230172 135.759201 14.067611
v 8.172193 135.561111 14.555907
v 7.228271 135.801865 44.945080
v 7.993419 135.675598 44.568989
v 6.665089 138.054153 37.508419
v 7.514587 136.213867 14.257939
v 7.406135 138.614258 14.498366
v 8.513520 136.194656 14.805411
v 8.401216 138.614212 15.036633
v 7.769898 138.088394 22.513880
v 7.535650 138.041595 36.706402
v 7.407128 138.603302 44.538940
v 7.512274 136.241302 44.757145
v 7.284791 142.635025 13.580095
v 7.154704 140.744568 14.162356
v 7.307509 142.765793 45.484756
v 7.293911 144.880173 12.436094
v 7.333177 145.109177 46.542671
v 7.608999 152.139938 11.805196
v 8.461891 144.870346 12.983606
v 8.182687 148.572983 18.929632
v 7.328720 158.949417 10.034639
v 7.345884 158.475128 48.410789
v 7.420446 158.834366 48.174652
v 7.169009 160.375198 10.335992
v 7.325334 160.643188 14.014937
v 7.665123 159.516388 45.804287
v 7.525180 159.215897 47.697453
v 7.891578 160.581451 10.896904
v 7.804940 160.674042 13.436415
v 6.994412 159.497406 47.208302
v 7.719145 159.546799 46.466728
v 8.574366 160.602875 12.153338
v 8.577725 75.834152 10.436034
v 8.640890 75.842690 12.879887
v 8.912915 76.131355 46.032631
v 7.519495 75.247627 48.536064
v 8.483765 75.799561 48.558510
v 8.868155 76.014343 49.832615
v 10.380601 88.339661 50.221928
v 10.129920 88.244141 56.391811
v 11.757063 90.154808 57.962578
v 11.806664 88.636734 57.936882
v 10.405173 90.035515 57.228203
v 8.844913 90.027023 57.004848
v 8.748656 92.238426 55.157707
v 10.053426 92.446442 56.411678
v 10.208930 93.941765 56.335991
v 11.811897 91.378754 57.917030
v 9.398686 95.306267 56.130493
v 8.292351 97.272072 46.537071
v 9.195608 97.189598 46.789791
v 9.226667 98.347527 46.779995
v 8.579290 98.275787 46.703239
v 7.651637 100.898827 18.188482
v 7.560115 100.832420 40.731186
v 8.551860 103.449547 12.806840
v 8.780401 103.017792 10.369036
v 8.012319 104.515144 13.764036
v 8.881115 104.356590 14.543053
v 9.276366 105.866554 19.226370
v 9.414011 106.024918 39.708260
v 8.503786 103.169907 48.648399
v 8.741907 105.367462 14.929730
v 8.270656 116.386177 41.387791
v 9.548576 111.607346 42.479202
v 7.966347 118.018623 41.057571
v 7.868302 128.318176 40.908073
v 8.861564 130.356567 42.340260
v 8.887817 138.151276 24.040380
v 8.607345 138.070053 35.363338
v 8.403866 138.627182 43.995785
v 8.491769 136.218735 44.229061
v 8.629683 139.699783 23.626017
v 7.973421 139.687225 36.215385
v 8.724228 140.738907 44.016460
v 7.500758 140.767151 44.698807
v 8.711595 142.357681 14.469769
v 7.697949 142.023270 14.027655
v 8.490556 140.725555 14.889411
v 8.678700 139.700089 35.296490
v 7.713488 142.125534 45.023254
v 8.740414 142.470566 44.593372
v 9.269813 145.126938 45.523506
v 8.600337 152.149521 12.267188
v 9.171333 148.047211 20.254232
v 8.466162 148.043289 19.619423
v 8.644633 148.268997 39.125763
v 9.436845 148.863129 45.225746
v 10.935831 148.822083 44.147335
v 7.690777 157.393356 10.312327
v 8.710292 157.397247 10.857673
v 8.643188 158.787491 10.754850
v 9.559105 157.377182 11.458316
v 9.172037 158.925735 11.177063
v 7.735509 158.485687 10.237421
v 8.284804 158.456802 47.968323
v 7.528950 158.327011 48.369659
v 8.338729 159.280411 10.601069
v 7.978830 158.846130 47.900127
v 8.154452 160.270172 10.826782
v 8.688740 160.387863 13.057824
v 7.963416 159.287064 47.218399
v 8.735255 160.229630 11.298393
v 8.895455 160.374374 12.475898
v 10.130006 76.982750 10.478972
v 10.351672 77.113777 12.815302
v 8.959920 76.255295 45.000652
v 9.819618 76.812920 46.050129
v 9.800795 76.744240 47.286453
v 9.753963 76.685089 48.539982
v 9.903601 97.204552 46.768349
v 10.567213 97.258842 46.515369
v 9.897713 98.342033 46.777962
v 8.425485 101.766312 17.784761
v 7.993937 100.915504 17.755392
v 8.560243 101.895592 41.215179
v 9.157116 104.341415 18.457699
v 8.374636 102.265709 40.682251
v 9.767975 102.339867 12.901464
v 9.838490 102.279045 10.374515
v 9.257318 104.191635 15.049705
v 9.341938 104.866859 15.335609
v 9.825532 102.311134 46.230984
v 9.817950 102.315842 47.435829
v 9.688454 102.309036 48.560440
v 9.693485 106.961372 15.899100
v 9.937867 107.991982 20.387943
v 10.056149 113.824089 18.031143
v 9.284631 118.078178 19.004292
v 9.625117 116.575020 18.796679
v 9.259967 118.035286 40.053200
v 9.574562 116.301079 40.391994
v 8.475154 128.340286 40.473377
v 9.238483 128.337830 39.838207
v 8.902153 129.121368 40.945114
v 10.257006 130.249512 41.108921
v 9.382914 130.099777 41.630589
v 10.036945 130.798584 42.155876
v 9.247247 131.506363 15.492303
v 9.362960 135.796219 15.313546
v 9.342632 131.487518 43.502773
v 9.433759 135.805237 43.684837
v 10.187932 135.723434 43.134674
v 10.374337 131.480484 42.743256
v 8.951393 138.390366 15.380666
v 9.078394 136.432419 15.197730
v 9.923694 136.226578 15.764202
v 9.562410 138.106461 25.401501
v 9.552268 138.087341 33.624962
v 9.082757 136.395828 43.845654
v 9.780208 138.590439 15.961100
v 9.248576 140.698395 15.377348
v 9.022112 139.308533 24.303740
v 9.026247 139.315430 34.723923
v 8.950463 138.409561 43.653118
v 9.779792 138.574081 43.076157
v 9.931509 136.177658 43.283882
v 9.661406 142.703369 14.904469
v 9.409703 139.750717 34.015533
v 9.690946 142.839584 44.154308
v 9.971170 138.124481 32.321243
v 10.008596 139.744308 32.385704
v 9.989057 144.855133 13.867501
v 9.258872 144.894379 13.421396
v 9.909142 154.424484 12.045437
v 9.611752 152.183716 12.802195
v 10.135307 148.590363 20.809692
v 9.809335 148.234070 37.920925
v 10.270723 153.165970 12.796023
v 11.314209 154.127396 13.087033
v 10.052782 158.521774 11.822823
v 10.769953 154.461884 12.600468
v 10.012655 158.736938 46.017124
v 10.442317 77.253258 49.818497
v 10.514681 77.328362 47.293808
v 11.114939 82.803543 53.005280
v 10.801507 84.149597 56.187424
v 10.785267 84.521667 56.239990
v 11.188806 83.421326 57.069324
v 11.097974 83.947983 56.947487
v 11.669238 84.240974 57.771072
v 10.628780 97.783310 46.598362
v 9.752415 94.977684 56.211929
v 10.009112 94.591576 56.273865
v 10.432360 95.613579 56.892929
v 11.619030 95.358841 57.780193
v 10.458140 101.698006 11.582858
v 9.834956 102.497368 14.244590
v 9.338866 104.220001 15.782336
v 11.129892 101.127579 10.377584
v 9.799755 106.472359 19.016211
v 10.651640 109.043816 20.271545
v 10.573665 109.470375 17.361853
v 11.026490 101.137299 48.511879
v 10.491172 108.368103 39.106216
v 10.463197 108.072159 42.169537
v 10.350519 108.719887 42.556973
v 10.731912 109.173843 42.078339
v 10.817947 109.686813 21.412064
v 10.434610 109.180267 21.689327
v 11.001517 110.170105 22.045321
v 10.553647 109.928398 24.097872
v 10.852302 110.279411 23.282648
v 11.223191 110.723343 22.748735
v 11.414678 111.267181 23.869043
v 10.875314 110.166550 35.803383
v 10.945820 109.685440 37.591030
v 11.299839 110.682724 36.223434
v 11.363796 110.486626 37.374916
v 10.643178 109.938011 34.918133
v 11.497252 111.226616 35.132912
v 10.477083 108.820694 38.148621
v 10.827216 116.380539 19.963993
v 10.776603 116.555923 38.998661
v 10.550895 118.063469 20.246454
v 10.525824 118.039474 38.779556
v 9.753868 128.355942 39.360348
v 10.337945 128.340057 38.725391
v 10.551654 129.849304 40.159649
v 11.494026 130.247253 39.846916
v 11.294026 130.722916 40.905434
v 11.066481 131.229965 41.911263
v 11.815585 131.483810 41.453499
v 11.325904 131.483215 41.951130
v 12.281215 131.232513 40.674133
v 10.690887 135.735748 16.332853
v 9.986126 138.125015 26.716917
v 10.403891 138.225967 16.442430
v 10.529685 136.556519 16.307533
v 11.263316 136.264191 16.903112
v 11.243265 135.826935 16.825687
v 10.100226 139.354385 27.009665
v 10.310862 139.420334 28.277943
v 10.300965 138.164505 28.253119
v 10.095863 139.351898 32.056870
v 10.292337 139.805008 30.940460
v 10.302147 139.392975 30.810261
v 10.533279 136.536880 42.738728
v 11.105644 138.562790 17.058493
v 10.567060 138.616592 16.607742
v 10.400232 138.233643 42.595123
v 11.107769 138.532104 41.975609
v 11.272500 136.232513 42.145184
v 10.712610 140.754318 42.589199
v 9.884561 140.727173 15.824715
v 10.697160 140.732407 16.461727
v 10.983915 142.568253 15.976877
v 11.238607 140.723175 16.931643
v 11.489508 142.049026 16.648090
v 10.133023 142.152985 15.487658
v 11.263419 140.744766 42.110847
v 9.892659 140.756958 43.228958
v 11.021259 142.682617 43.090317
v 10.159013 142.259186 43.565670
v 10.394266 140.180527 29.090309
v 10.376737 139.853958 29.441753
v 10.362524 138.191269 29.544165
v 11.043236 144.851715 14.679849
v 10.870011 145.131104 44.479553
v 10.087683 152.175720 13.086883
v 10.976980 152.170441 13.661210
v 11.805513 148.154480 23.769611
v 11.626524 148.265564 35.151104
v 9.401131 159.577499 11.850588
v 10.799669 158.528046 12.556076
v 10.621260 158.028458 21.787214
v 11.195203 158.071747 22.522116
v 11.940615 155.012863 23.767395
v 9.575942 159.743927 12.654935
v 11.228909 158.594849 13.204764
v 11.368150 158.838242 14.309896
v 11.253064 78.167358 10.484462
v 12.171973 79.186249 12.769938
v 11.223495 78.046341 46.084412
v 11.104239 77.839249 48.550011
v 11.693368 78.433052 49.912651
v 11.812896 81.156357 9.757955
v 11.806459 85.396400 57.918362
v 10.749600 85.078690 56.274242
v 13.660370 92.671051 58.830017
v 11.716424 97.801590 13.552484
v 12.059613 99.990517 10.418642
v 11.045296 100.877235 12.775487
v 11.550632 100.630417 46.255005
v 11.084793 101.180695 47.428165
v 12.217532 100.004196 47.406345
v 11.039824 109.612190 38.493282
v 11.405237 111.042831 22.248236
v 11.890703 112.942535 20.601301
v 11.877601 112.288834 24.182693
v 12.168938 113.854736 21.329185
v 12.092084 114.468620 21.202921
v 11.311386 111.595009 19.020729
v 11.724365 112.022858 25.498135
v 12.224039 113.226730 28.221889
v 12.045879 112.770958 26.733320
v 11.896529 112.664391 29.521673
v 11.887932 112.611084 28.526087
v 11.906810 112.619804 30.501879
v 11.394813 111.461655 31.883762
v 12.096124 112.771454 32.268646
v 12.248539 113.241737 30.809759
v 11.780963 111.981255 33.541084
v 10.907934 110.396843 32.919147
v 12.055802 112.533958 33.582466
v 11.548648 111.626343 40.008316
v 11.809434 111.903229 38.450630
v 11.874709 112.295219 24.931480
v 11.619537 111.239731 36.368362
v 11.972245 112.227615 34.823177
v 11.826344 111.792809 35.750813
v 11.316756 113.759293 19.506868
v 12.356257 113.567116 29.498501
v 11.326892 112.381325 39.958214
v 11.744266 112.722183 39.129520
v 11.427871 118.008423 21.373783
v 11.886824 116.431084 21.529902
v 11.456981 118.017258 37.620754
v 11.878023 116.292320 37.523937
v 10.991076 125.263206 37.905201
v 10.930593 128.330643 38.116669
v 11.380852 129.131668 38.532200
v 12.699903 130.356934 38.446377
v 12.028028 130.116745 39.004833
v 12.531272 130.792786 39.644279
v 11.423261 135.814850 42.062881
v 12.285244 135.746475 41.204121
v 12.490312 136.275925 18.171270
v 11.744289 138.160385 17.672503
v 11.854610 136.598724 17.557386
v 11.875923 136.568008 41.486504
v 12.334371 138.558640 18.304491
v 11.898968 140.704208 17.563005
v 11.754050 138.166901 41.361530
v 12.344196 138.553009 40.734081
v 12.523448 136.203796 40.882729
v 12.211564 142.483780 17.115658
v 11.522001 142.143890 42.399952
v 12.326978 142.611603 41.875572
v 12.583683 145.146194 43.093742
v 12.527132 144.887955 15.827826
v 11.173356 145.933334 14.511490
v 12.079992 146.905838 43.611626
v 11.558696 152.158249 14.077238
v 11.720763 153.169434 13.780605
v 12.628798 153.990463 14.140863
v 12.317075 152.158661 14.677976
v 12.298045 154.475555 13.711681
v 13.450716 154.396957 14.708557
v 12.765480 158.251297 14.280231
v 14.143437 154.436554 15.338142
v 13.053545 152.173401 15.314885
v 14.010932 153.984512 15.375821
v 12.125885 158.333191 13.672215
v 12.526443 155.179108 25.282091
v 13.985875 158.150314 15.517027
v 15.472842 158.170532 17.222080
v 14.705355 154.400879 15.946285
v 15.726582 154.497269 17.144085
v 16.326164 158.779633 19.408556
v 16.712576 158.337921 18.769794
v 16.819586 154.503998 18.644516
v 17.395294 154.496887 19.522043
v 17.358389 158.469360 19.617105
v 17.755121 157.959335 19.975908
v 18.187220 158.954208 21.311064
v 17.687986 159.339798 21.453060
v 16.620134 159.320312 20.888933
v 16.358006 158.735062 39.630054
v 16.758978 159.410858 37.654037
v 17.714432 159.288620 37.581589
v 18.282928 158.814148 37.840687
v 11.954126 79.321701 10.434256
v 12.433975 79.778015 11.911601
v 12.710247 79.696968 46.112221
v 12.314558 79.155533 47.286636
v 12.752432 79.759232 47.305630
v 12.204146 79.071442 48.528198
v 12.530673 79.675705 49.755562
v 12.839115 80.294922 50.063271
v 12.119913 79.780998 51.473576
v 12.230139 80.954407 10.328062
v 12.588711 80.938538 10.976263
v 13.652802 81.595230 12.752082
v 13.577856 82.393486 11.240184
v 14.143413 82.808884 11.799813
v 14.538465 83.388458 11.867791
v 14.941448 84.028549 12.792872
v 15.709369 85.948196 10.597874
v 12.505373 97.229530 13.054954
v 12.501757 98.027458 12.291882
v 12.143360 97.965881 12.954041
v 13.563091 96.831429 11.761264
v 13.553929 97.572815 10.583679
v 14.206572 95.624390 12.943727
v 14.167548 96.259789 11.348532
v 11.852461 99.574745 12.777200
v 12.368919 99.207344 11.400756
v 12.765133 98.728073 10.932405
v 12.934102 98.642647 10.430624
v 12.234019 99.884064 46.313423
v 12.713304 99.093742 45.346611
v 12.914292 99.164986 48.464512
v 13.342739 98.413246 46.217674
v 12.270718 99.886208 48.491028
v 13.496999 98.347557 48.427128
v 12.042817 113.003136 38.360447
v 12.238368 113.131836 25.902430
v 12.303694 113.086823 34.638737
v 12.336203 113.978722 37.537601
v 12.346673 113.351578 31.936213
v 12.315494 113.142166 33.365601
v 12.664702 114.529297 35.852413
v 12.676497 115.170959 36.071587
v 13.066676 115.691895 34.596706
v 12.862300 116.427483 35.375679
v 13.138633 116.486549 34.358837
v 13.177726 115.734108 33.337746
v 12.618922 115.115730 22.963074
v 12.002693 118.049080 22.275246
v 12.694441 118.048676 23.726479
v 12.911783 116.370361 24.007620
v 12.022394 118.023117 36.744305
v 12.740060 118.032616 35.346764
v 11.924764 125.589569 22.454643
v 11.810199 128.327606 36.646358
v 12.419854 129.175507 36.821838
v 13.407376 131.253265 39.375366
v 12.519386 135.790466 18.135935
v 13.923440 135.781235 19.878319
v 12.929027 131.484344 40.244049
v 13.067439 135.770065 40.309486
v 12.955588 138.202988 19.034233
v 13.069077 136.562973 18.914669
v 13.610747 136.226913 19.535070
v 13.098501 136.544037 40.134865
v 13.453090 138.576340 19.682495
v 12.603412 140.590042 18.334528
v 12.970285 138.218170 40.006802
v 13.469558 138.580872 39.358711
v 13.634611 136.243088 39.524208
v 13.660362 140.746216 39.479458
v 12.515169 140.742737 40.882858
v 12.763853 142.034988 17.919233
v 13.411937 142.531433 18.401739
v 12.811767 142.118820 41.141769
v 13.496209 142.661774 40.639042
v 13.049121 144.889511 16.333511
v 13.192766 148.708176 28.058355
v 13.244864 148.754013 29.608620
v 13.590528 152.175339 15.826856
v 14.695209 148.761719 40.293709
v 13.993068 81.618073 46.101227
v 13.702996 81.520515 45.173393
v 13.973392 81.566078 47.419189
v 13.249573 80.561729 48.539646
v 13.365093 80.756836 48.523659
v 14.255750 82.537209 48.740459
v 14.698501 95.106232 12.842042
v 13.936094 96.931183 10.576817
v 14.527606 95.701675 11.394618
v 14.322627 96.509430 46.074818
v 14.192979 97.122276 46.934395
v 14.501985 96.628578 48.396664
v 12.987002 115.730736 24.464457
v 13.304976 116.726517 26.024044
v 13.582811 116.967888 29.072357
v 13.332087 116.681870 33.223381
v 13.457998 116.888252 32.060085
v 13.512537 116.907066 30.792524
v 13.637348 118.191139 30.722925
v 13.580883 118.072205 31.997810
v 13.726422 118.077469 29.516581
v 13.319852 118.069000 25.663134
v 13.587215 118.051796 27.034559
v 13.716171 118.071564 28.265484
v 13.397813 118.023643 33.218822
v 13.121375 118.022263 34.301025
v 13.407676 122.430573 25.871532
v 13.798978 124.911751 28.238615
v 13.631202 124.810905 27.013477
v 13.732425 124.301758 32.021843
v 13.934810 124.910561 29.526632
v 13.853663 131.541824 20.137457
v 13.986070 131.464325 38.921055
v 14.092025 135.811386 38.984749
v 14.008654 138.362640 20.503813
v 14.177688 136.452057 20.382679
v 14.593351 136.204544 20.955320
v 14.208970 136.416306 38.693058
v 14.368855 138.609482 21.092651
v 13.670807 140.630447 19.651463
v 14.028006 138.371780 38.541908
v 14.389993 138.610001 37.952682
v 14.619625 136.227661 38.125462
v 13.933197 142.117722 19.284246
v 14.507760 142.693268 19.740993
v 13.973064 142.206329 39.767433
v 14.552217 142.790085 39.320396
v 14.916679 144.845154 18.631926
v 14.852487 145.013611 40.465099
v 14.175314 145.091431 41.428448
v 14.185566 144.898712 17.596661
v 14.195023 152.177429 16.459686
v 15.374525 146.382172 18.812622
v 14.775302 152.180191 17.119299
v 14.633131 82.826447 46.122913
v 15.168792 84.141907 46.047714
v 15.156299 84.187920 48.434071
v 15.048646 94.860390 10.549994
v 15.211383 94.786720 46.104771
v 15.187397 95.065605 48.387115
v 15.523255 133.020737 21.961809
v 15.047566 135.748901 21.546171
v 15.532004 132.185379 22.300894
v 15.670211 134.337891 22.225384
v 14.784404 132.147308 38.020058
v 14.774916 135.754440 37.999641
v 14.868472 138.630524 22.029903
v 15.175596 136.254318 21.954275
v 15.209949 136.294540 37.144386
v 14.551615 140.716782 20.993196
v 15.355402 138.376907 23.083454
v 15.497917 138.744339 23.450951
v 15.057760 140.646835 21.983299
v 15.689269 136.539413 23.036816
v 16.114294 136.031647 23.483990
v 15.758079 138.177139 23.989288
v 15.943884 138.643906 24.568697
v 16.054571 136.720108 23.814581
v 16.619080 136.427734 24.451719
v 15.785143 138.192307 35.079319
v 15.384909 138.375992 35.966515
v 16.081388 136.724213 35.294537
v 15.729116 136.537842 36.082520
v 15.969914 138.639221 34.478416
v 16.127069 136.060364 35.775082
v 16.662848 136.421539 34.652046
v 15.519247 138.757111 35.617287
v 14.891944 138.631775 37.018349
v 15.503433 135.808777 36.865345
v 15.082669 140.750183 37.127914
v 14.581257 140.746475 38.059322
v 15.010829 142.261169 20.869871
v 15.376278 141.985229 21.722641
v 15.835457 142.594528 22.158598
v 15.067946 142.349625 38.153637
v 15.410578 142.062851 37.333099
v 15.858901 142.692001 36.899158
v 15.755500 144.874771 19.737938
v 15.779034 145.068115 39.229927
v 15.124592 146.052246 40.164318
v 15.269089 153.996414 16.766047
v 15.414975 152.187943 17.914715
v 15.583509 153.192963 17.597338
v 15.867020 152.198517 18.530758
v 16.321302 154.130692 18.088198
v 16.426512 152.208847 19.383677
v 16.574608 153.210617 19.002081
v 17.120842 148.688873 35.881035
v 16.806734 159.548569 21.782818
v 15.703818 86.119942 12.773738
v 15.731589 85.952919 46.189693
v 15.698973 85.756958 48.383167
v 16.072866 88.223648 10.631439
v 16.036255 88.309135 12.758704
v 16.092237 88.264687 46.213650
v 16.130377 88.460609 48.366222
v 16.083900 90.614578 10.621626
v 16.037909 90.732765 12.770191
v 16.110615 90.875931 46.171009
v 16.119577 90.667000 48.358158
v 15.647681 93.238785 10.575371
v 15.643979 93.157471 12.771399
v 15.429441 92.876923 13.612636
v 15.756023 93.115303 46.149216
v 15.752962 93.180000 48.360901
v 16.272335 132.131180 23.261427
v 16.211748 133.043381 22.885756
v 17.743837 132.208038 24.486271
v 17.069458 133.135239 23.764242
v 17.002226 132.394836 23.794422
v 17.718102 131.772202 24.904703
v 16.351362 132.141708 35.959492
v 15.668206 132.126663 36.934711
v 17.802500 132.601730 34.925140
v 16.352329 134.400391 35.913033
v 17.757189 134.272125 34.993099
v 16.587069 135.545380 35.480343
v 16.275599 134.532745 23.042648
v 17.064171 134.021332 23.753904
v 18.820671 132.439987 25.008322
v 16.506788 135.791412 35.399441
v 17.720182 135.676086 34.070518
v 17.653482 135.978043 33.808037
v 18.264284 134.196640 34.637676
v 16.242073 135.452545 23.326414
v 17.895609 134.139420 24.325224
v 17.854830 135.231522 24.848297
v 18.756493 134.147949 24.880325
v 16.327862 138.683609 25.733259
v 17.214420 136.742722 26.036463
v 17.153255 136.715973 33.387680
v 16.428173 140.732346 25.718225
v 16.621939 138.636856 27.009096
v 15.682456 140.733322 23.379988
v 16.089544 140.722366 24.534470
v 17.459660 136.929153 27.095392
v 18.176426 136.180847 27.082750
v 16.787354 138.560684 29.081861
v 16.628784 138.892654 27.354551
v 16.749157 138.941177 29.561079
v 17.439131 136.902252 31.523218
v 16.680984 138.633636 31.820879
v 16.639221 138.885391 31.847122
v 16.356331 138.708252 33.293606
v 18.020767 135.986053 33.325737
v 16.468494 140.764297 33.364861
v 16.165310 142.338531 23.249632
v 16.463076 142.092545 24.434629
v 16.755440 141.923218 25.537092
v 17.070805 142.574448 25.832615
v 15.801759 140.751877 35.495186
v 16.299467 142.307007 35.437996
v 16.783159 141.966599 33.525261
v 17.077650 142.626556 33.242344
v 16.777164 140.765579 31.692513
v 16.354082 144.119766 21.465830
v 17.364725 145.009323 35.825333
v 16.501656 145.046432 37.881207
v 16.566277 144.885376 21.187717
v 16.757668 152.202301 19.933025
v 17.298292 148.695847 35.399342
v 17.980955 148.798706 33.203266
v 18.336184 149.054886 31.753099
v 18.725723 150.798981 30.549183
v 18.430201 150.846725 30.576273
v 17.851744 154.067184 20.568905
v 18.213633 154.581009 20.973270
v 18.681955 154.509354 22.053249
v 17.990662 153.215317 21.524019
v 17.285032 152.191940 20.878405
v 18.401321 157.408859 20.890114
v 17.808302 152.184723 21.927952
v 18.019104 152.166183 22.401424
v 19.038582 154.204056 23.242899
v 17.650135 159.572037 22.909288
v 17.802889 159.424957 23.922045
v 17.790756 159.469025 36.056305
v 17.597443 159.525665 22.038488
v 17.374464 159.523987 37.035255
v 18.658533 131.822037 25.812677
v 18.526524 132.060654 25.184486
v 17.976217 132.458221 34.691681
v 18.867708 132.251114 33.843578
v 18.386063 132.850739 34.569599
v 18.683498 133.284286 34.447906
v 18.654663 133.733627 34.459003
v 19.167107 132.567474 25.345238
v 19.311853 133.233780 25.335611
v 19.286797 133.955338 25.313282
v 18.470766 134.875381 25.134493
v 19.044561 134.375793 25.262981
v 18.745686 135.104568 25.873096
v 18.778070 135.602051 27.233095
v 18.573519 135.451889 33.420078
v 18.749920 135.032486 33.660873
v 16.730108 140.764099 27.186695
v 17.266472 142.445251 27.126514
v 16.915005 140.792450 29.425360
v 17.423601 142.383942 29.349636
v 17.285452 142.458710 31.763754
v 18.256062 144.854904 25.876396
v 17.599291 144.865021 23.587378
v 17.972795 144.863800 24.744003
v 17.222940 144.878571 22.635712
v 17.973164 144.984467 33.786064
v 18.320883 144.909805 31.811096
v 18.430389 152.118240 23.412079
v 18.931425 158.846313 25.703014
v 18.232708 159.385574 23.005203
v 18.540112 159.189926 23.836369
v 18.526003 159.108704 35.247509
v 18.837585 158.699341 33.361271
v 18.197659 159.312454 22.095884
v 18.186420 159.260559 36.974876
v 18.315041 159.261383 36.177082
v 19.121010 132.175430 25.867031
v 19.334187 131.979630 27.240005
v 19.105207 132.069839 33.359718
v 19.277201 132.533951 33.589336
v 18.830904 133.141937 34.279217
v 19.472448 133.218887 33.623505
v 18.634567 134.077316 34.381374
v 19.387848 134.006317 33.597530
v 18.996140 134.970337 33.451603
v 19.000074 135.255020 26.988091
v 19.424685 134.803436 27.450293
v 19.158632 135.177505 27.276653
v 18.576086 144.886826 28.246191
v 18.587526 144.895218 29.525694
v 18.468418 144.867844 27.090021
v 18.530010 145.748550 31.487484
v 19.244814 154.587219 23.527670
v 18.336889 158.524017 21.144300
v 19.013754 157.274765 22.109394
v 18.789412 158.425201 21.911160
v 19.278141 158.486664 23.367043
v 18.861542 158.584152 22.176773
v 18.784828 158.351501 37.107464
v 18.862635 158.486664 36.840611
v 18.655340 158.857437 22.022343
v 18.633856 158.829498 37.026791
v 18.559145 159.191864 22.997341
v 18.817680 158.823563 36.098892
v 18.850557 158.927277 22.900198
v 19.416698 132.546982 25.906179
v 19.637524 133.205048 25.943321
v 19.662813 132.415710 27.256271
v 19.865160 133.201569 26.899635
v 19.928429 133.229050 27.228001
v 19.761513 132.636047 27.259718
v 19.486996 132.611008 33.342613
v 19.634123 133.253128 33.369930
v 19.589808 133.952606 33.289078
v 19.538828 133.992798 25.947178
v 19.778717 133.908508 26.949804
v 19.838509 133.992981 28.160646
v 19.257395 134.672760 33.215839
v 19.200041 158.366150 35.679375
vn -0.7838 -0.2069 -0.5855
vn -0.8614 0.1259 -0.4921
vn -0.7374 -0.4919 -0.4630
vn -0.7540 -0.1760 -0.6329
vn -0.6590 -0.5059 -0.5565
vn -0.6248 -0.3469 -0.6995
vn -0.7604 0.0541 -0.6472
vn -0.7578 -0.0093 -0.6524
vn -0.8119 -0.5827 -0.0364
vn -0.9730 -0.2278 -0.0381
vn -0.9988 0.0246 -0.0412
vn -0.9964 0.0705 -0.0470
vn -0.9698 -0.2412 -0.0365
vn -0.9248 -0.3790 -0.0334
vn -0.8041 -0.5933 -0.0376
vn -0.9668 -0.2430 0.0791
vn -0.9849 0.1173 0.1271
vn -0.9804 0.0962 0.1722
vn -0.7391 -0.4660 0.4864
vn -0.9072 -0.3615 0.2153
vn -0.8132 -0.5551 0.1747
vn -0.9273 -0.3213 0.1921
vn -0.9549 0.1130 0.2747
vn -0.9510 0.2075 0.2294
vn -0.8134 0.4049 -0.4177
vn -0.7678 0.0367 -0.6396
vn -0.7421 0.1523 -0.6527
vn -0.7049 0.3817 -0.5978
vn -0.8134 0.4049 -0.4176
vn -0.7208 0.3933 -0.5708
vn -0.8983 0.4371 -0.0441
vn -0.9115 0.4093 -0.0399
vn -0.9104 0.3958 0.1203
vn -0.8934 0.3568 0.2729
vn -0.8732 0.4330 0.2237
vn -0.9856 0.0690 -0.1547
vn -0.9974 0.0719 0.0061
vn -0.8549 -0.5170 0.0440
vn -0.9923 0.0530 -0.1118
vn -0.9779 0.0508 -0.2030
vn -0.9211 -0.3516 -0.1670
vn -0.9190 -0.3348 -0.2080
vn -0.9259 -0.3441 -0.1562
vn -0.4022 0.9150 0.0331
vn -0.4056 0.9136 0.0278
vn -0.4051 0.9138 0.0278
vn -0.9871 0.0369 -0.1561
vn -0.3825 0.8979 0.2178
vn -0.3820 0.8981 0.2179
vn -0.9980 0.0331 -0.0541
vn -0.9982 0.0094 0.0588
vn -0.9992 0.0341 0.0190
vn -0.2353 -0.9623 0.1368
vn -0.9834 -0.0243 0.1797
vn -0.9615 -0.2706 0.0472
vn -0.9908 -0.1298 0.0373
vn -0.9881 -0.1488 0.0384
vn -0.9955 0.0092 0.0944
vn -0.5481 -0.8129 0.1969
vn -0.9754 -0.0336 0.2177
vn -0.5968 -0.7872 0.1554
vn -0.9814 -0.0244 0.1902
vn -0.5155 -0.8311 0.2086
vn -0.9446 -0.1288 0.3021
vn -0.9876 -0.0325 0.1536
vn -0.9997 0.0250 -0.0045
vn -0.5528 -0.8083 0.2025
vn -0.9323 -0.1786 0.3146
vn -0.9715 -0.1258 0.2008
vn -0.5401 -0.8167 0.2033
vn -0.9228 -0.1467 0.3564
vn -0.8974 -0.1799 0.4029
vn -0.4286 -0.8878 0.1678
vn -0.8907 -0.1474 0.4300
vn -0.2746 -0.9441 0.1826
vn -0.3282 -0.9310 0.1598
vn -0.3016 -0.9380 0.1707
vn -0.5011 -0.8176 0.2836
vn -0.5009 -0.8176 0.2841
vn -0.3173 -0.9329 0.1701
vn -0.7330 -0.0270 0.6797
vn -0.8355 0.0000 0.5495
vn -0.8354 -0.0005 0.5496
vn -0.2649 -0.9488 0.1722
vn -0.7870 0.0295 0.6163
vn -0.3951 -0.9058 0.1533
vn -0.8189 0.0178 0.5737
vn -0.8186 0.0178 0.5741
vn -0.7740 0.0179 0.6329
vn -0.2146 -0.9569 0.1955
vn -0.7413 0.0271 0.6707
vn -0.3090 -0.9342 0.1783
vn -0.1811 -0.9624 0.2024
vn -0.7202 0.0099 0.6937
vn -0.3779 -0.9054 0.1936
vn -0.7426 0.0266 0.6692
vn -0.2642 -0.9382 0.2237
vn -0.1748 -0.9400 0.2929
vn -0.6415 -0.0438 0.7658
vn -0.7017 0.0093 0.7124
vn -0.2027 -0.9330 0.2974
vn -0.6074 -0.0261 0.7940
vn -0.5858 -0.0430 0.8093
vn -0.2871 -0.8965 0.3374
vn -0.5698 -0.0273 0.8213
vn -0.1763 -0.9049 0.3875
vn -0.4840 -0.2146 0.8484
vn -0.1859 -0.9073 0.3771
vn -0.6793 0.0165 0.7337
vn -0.2323 -0.8860 0.4013
vn -0.4383 -0.1757 0.8815
vn -0.2420 -0.8872 0.3929
vn -0.3840 -0.2126 0.8985
vn -0.1102 -0.1055 0.9883
vn -0.2244 -0.8710 0.4370
vn -0.3216 -0.0153 0.9468
vn -0.2489 -0.8808 0.4027
vn -0.1808 -0.0927 0.9791
vn -0.2319 -0.8689 0.4373
vn -0.3011 0.0379 0.9529
vn -0.1493 -0.0118 0.9887
vn 0.0239 -0.9309 0.3644
vn -0.0852 0.0318 0.9959
vn 0.0079 -0.9568 0.2907
vn -0.1033 0.0393 0.9939
vn 0.0267 -0.9267 0.3747
vn -0.0069 0.0317 0.9995
vn -0.0461 0.0050 0.9989
vn 0.0414 -0.9098 0.4131
vn 0.0766 0.0050 0.9970
vn 0.0274 -0.0293 0.9992
vn 0.0738 -0.8800 0.4691
vn 0.1563 -0.0530 0.9863
vn 0.1012 -0.0295 0.9944
vn 0.1106 -0.8513 0.5129
vn 0.1904 -0.0528 0.9803
vn 0.1913 -0.0531 0.9801
vn 0.1726 -0.8138 0.5550
vn 0.2835 -0.1424 0.9483
vn 0.1484 -0.0524 0.9875
vn -0.0052 0.0041 1.0000
vn 0.2352 -0.1572 0.9592
vn 0.1788 -0.8838 0.4323
vn 0.3783 -0.1549 0.9127
vn 0.2784 -0.8164 0.5060
vn 0.4322 -0.1992 0.8795
vn 0.1810 -0.8832 0.4326
vn 0.4791 -0.0472 0.8765
vn 0.6638 -0.1408 0.7345
vn 0.4702 -0.8455 0.2530
vn 0.2017 -0.9185 0.3401
vn 0.5402 -0.0334 0.8409
vn 0.5918 -0.0589 0.8039
vn 0.2686 -0.8959 0.3539
vn 0.6190 -0.0186 0.7852
vn 0.2022 -0.9186 0.3395
vn 0.6337 -0.0304 0.7730
vn 0.2672 -0.8957 0.3554
vn 0.3262 -0.8768 0.3531
vn 0.6759 -0.0084 0.7369
vn 0.3359 -0.8716 0.3571
vn 0.6834 -0.0154 0.7298
vn 0.3915 -0.8561 0.3373
vn 0.3673 -0.8697 0.3296
vn 0.7280 -0.0054 0.6855
vn 0.7297 -0.0072 0.6837
vn 0.4570 -0.8495 0.2638
vn 0.3910 -0.8851 0.2525
vn 0.7914 -0.0244 0.6108
vn 0.7692 -0.0051 0.6390
vn 0.4450 -0.8652 0.2311
vn 0.7878 -0.0248 0.6154
vn 0.4474 -0.8639 0.2314
vn 0.8491 -0.0715 0.5235
vn 0.7759 -0.0203 0.6305
vn 0.4315 -0.8707 0.2359
vn 0.7407 -0.1151 0.6619
vn 0.5274 -0.8145 0.2416
vn 0.9056 -0.1898 0.3792
vn 0.8728 -0.1325 0.4697
vn 0.6001 -0.7599 0.2497
vn 0.9365 -0.1310 0.3251
vn 0.5464 -0.8024 0.2402
vn 0.9581 -0.1707 0.2300
vn 0.6362 -0.7284 0.2544
vn 0.9568 -0.0417 0.2879
vn 0.9919 -0.1207 0.0384
vn 0.6782 -0.6881 0.2579
vn 0.9691 -0.0088 0.2465
vn 0.9873 -0.0390 0.1538
vn 0.9701 -0.1164 0.2131
vn 0.9796 0.0306 0.1984
vn 0.9944 -0.0065 0.1059
vn 0.8574 -0.5132 0.0389
vn 0.9981 0.0314 0.0533
vn 0.8191 -0.5723 0.0394
vn 0.9984 0.0382 0.0424
vn 0.9984 0.0560 0.0013
vn 0.9989 0.0378 -0.0279
vn 0.8970 -0.3984 -0.1916
vn 0.9849 0.0268 -0.1711
vn 0.8900 -0.4557 0.0134
vn 0.9879 -0.1501 0.0394
vn 0.9941 -0.1006 0.0402
vn 0.9780 -0.2047 0.0402
vn 0.9935 0.0545 -0.0997
vn 0.9167 -0.3697 -0.1514
vn 0.9050 -0.3564 -0.2322
vn 0.9040 -0.3648 -0.2232
vn 0.9807 0.0262 -0.1939
vn 0.9751 0.0169 -0.2212
vn 0.9596 -0.2779 0.0434
vn 0.9530 -0.2475 -0.1747
vn 0.9557 -0.2696 -0.1185
vn 0.9501 -0.3086 0.0462
vn 0.9434 -0.3129 0.1101
vn 0.8653 -0.4989 0.0474
vn 0.8341 -0.4491 0.3204
vn 0.8494 -0.4479 0.2791
vn 0.5064 -0.7112 0.4876
vn 0.2369 -0.9554 0.1765
vn 0.1718 -0.7022 0.6909
vn 0.2627 -0.7021 0.6619
vn 0.4806 -0.6533 0.5850
vn 0.7472 -0.5056 0.4314
vn 0.1780 -0.9683 0.1751
vn -0.0046 -0.9967 0.0812
vn -0.4709 -0.7085 0.5255
vn -0.5283 -0.6737 0.5168
vn -0.1963 -0.7671 0.6108
vn 0.2421 -0.9622 0.1246
vn 0.2419 -0.9629 0.1198
vn 0.2009 -0.9720 0.1222
vn 0.0465 -0.9982 -0.0384
vn -0.1168 -0.9864 0.1158
vn 0.2462 -0.9660 0.0783
vn 0.2496 -0.9569 0.1484
vn 0.0621 -0.9964 -0.0577
vn -0.0760 -0.9940 0.0783
vn 0.2113 -0.9665 0.1453
vn 0.2454 -0.9513 0.1867
vn 0.2427 -0.9633 0.1149
vn 0.1249 -0.9759 0.1791
vn 0.1271 -0.9909 -0.0435
vn -0.0497 -0.9902 0.1302
vn 0.1890 -0.9591 0.2107
vn 0.1845 -0.9753 0.1211
vn 0.0875 -0.9750 0.2042
vn 0.0820 -0.9963 -0.0260
vn -0.0638 -0.9907 0.1203
vn 0.1464 -0.9784 0.1456
vn 0.0760 -0.9957 0.0528
vn -0.0548 -0.9891 0.1364
vn 0.0910 -0.9957 0.0179
vn 0.0189 -0.9990 -0.0399
vn 0.0715 -0.9684 0.2391
vn 0.0762 -0.9921 -0.0999
vn 0.1020 -0.9817 0.1610
vn 0.0929 -0.9956 0.0097
vn 0.0072 -0.9526 0.3042
vn 0.0746 -0.9846 0.1584
vn 0.1016 -0.9948 0.0004
vn 0.0075 -0.9706 0.2405
vn 0.0290 -0.9801 0.1966
vn -0.0199 -0.9874 0.1568
vn -0.0019 -0.9847 0.1745
vn -0.0831 -0.9844 0.1552
vn -0.0046 -0.9830 0.1833
vn -0.0848 -0.9873 0.1344
vn -0.1330 -0.9616 0.2399
vn -0.1753 -0.9642 0.1991
vn -0.0286 -0.9968 0.0747
vn -0.0283 -0.9968 0.0745
vn -0.1272 -0.9888 0.0785
vn -0.1270 -0.9888 0.0789
vn -0.1544 -0.9676 0.2000
vn 0.0591 -0.9731 -0.2227
vn -0.0150 -0.9976 0.0683
vn -0.1571 -0.9798 0.1238
vn -0.1627 -0.9708 0.1763
vn -0.1319 -0.9912 0.0077
vn -0.0485 -0.9977 0.0477
vn -0.1682 -0.9760 0.1386
vn -0.0900 -0.9959 -0.0078
vn -0.0607 -0.9978 0.0264
vn 0.0483 -0.9881 0.1463
vn -0.1234 -0.9893 0.0783
vn -0.2320 -0.6882 0.6874
vn -0.2372 -0.6859 0.6880
vn 0.1942 -0.7620 0.6178
vn 0.5303 -0.6614 0.5304
vn 0.0591 -0.8434 0.5340
vn -0.8060 -0.4089 0.4280
vn -0.7295 -0.5008 0.4658
vn -0.4845 -0.6352 0.6015
vn -0.9614 -0.2712 0.0473
vn -0.8188 -0.4431 0.3651
vn -0.8376 -0.4410 0.3224
vn -0.9710 -0.2359 0.0397
vn -0.9537 -0.2776 0.1155
vn -0.9382 -0.3454 0.0203
vn -0.8388 -0.1613 -0.5199
vn -0.9203 -0.3871 -0.0572
vn -0.4275 0.9040 -0.0049
vn -0.4490 0.8933 -0.0191
vn -0.4634 0.8858 -0.0249
vn -0.4891 0.8716 -0.0327
vn -0.4883 0.8715 -0.0451
vn -0.6088 0.7911 0.0592
vn -0.5225 0.8456 0.1091
vn -0.5228 0.8455 0.1087
vn -0.9888 0.0046 -0.1489
vn -0.7765 0.6167 -0.1297
vn -0.9681 0.0339 -0.2481
vn -0.5943 0.8041 -0.0142
vn -0.3910 0.9089 0.1446
vn -0.3909 0.9091 0.1441
vn -0.3076 0.9515 -0.0028
vn -0.0965 0.9953 -0.0010
vn -0.3210 0.9393 0.1210
vn -0.0939 0.9857 0.1400
vn -0.3046 0.9454 -0.1160
vn -0.0970 0.9866 -0.1315
vn -0.1133 0.9935 -0.0038
vn -0.1110 0.9862 -0.1230
vn -0.3466 0.9342 -0.0848
vn -0.5619 -0.7009 -0.4393
vn -0.5705 -0.6137 -0.5458
vn -0.7070 -0.7063 -0.0342
vn -0.4511 -0.7745 -0.4434
vn -0.4820 -0.6035 -0.6352
vn -0.4496 -0.7739 -0.4461
vn -0.4508 -0.6304 -0.6320
vn -0.6475 -0.3377 -0.6832
vn -0.5931 -0.3984 -0.6996
vn -0.6285 -0.7775 -0.0223
vn -0.4478 -0.8939 -0.0206
vn -0.4627 -0.8863 -0.0180
vn -0.6194 -0.7563 0.2104
vn -0.6564 -0.7179 0.2319
vn -0.4547 -0.8656 0.2096
vn -0.4697 -0.8552 0.2193
vn -0.8854 -0.2902 0.3630
vn -0.8726 -0.3054 0.3812
vn -0.6426 -0.6627 0.3846
vn -0.6463 -0.6543 0.3927
vn -0.4293 -0.8115 0.3965
vn -0.4495 -0.7886 0.4196
vn -0.6331 -0.2907 0.7174
vn -0.6626 -0.2616 0.7018
vn -0.6318 -0.6143 0.4727
vn -0.4576 -0.6070 0.6497
vn -0.4420 -0.6307 0.6379
vn -0.5126 -0.2935 0.8069
vn -0.5036 -0.3108 0.8061
vn -0.6088 -0.1831 -0.7719
vn -0.9223 0.0657 0.3808
vn -0.6686 0.1135 0.7349
vn -0.6230 0.0642 0.7796
vn -0.5562 0.1106 0.8237
vn -0.5273 0.0143 0.8496
vn -0.4759 0.0010 -0.8795
vn -0.5520 -0.1327 -0.8232
vn -0.7072 0.1687 -0.6866
vn -0.4966 -0.0199 -0.8678
vn -0.6026 0.4366 -0.6680
vn -0.5192 -0.0354 -0.8539
vn -0.5865 0.2703 -0.7635
vn -0.6606 0.3962 -0.6377
vn -0.6042 0.3050 -0.7361
vn -0.5875 -0.3907 -0.7087
vn -0.5248 -0.4675 -0.7113
vn -0.5813 -0.6001 -0.5494
vn -0.5907 -0.0316 -0.8063
vn -0.7039 0.4265 -0.5680
vn -0.5248 0.0298 -0.8507
vn -0.7486 0.5061 0.4284
vn -0.6358 0.4609 0.6192
vn -0.6226 0.4444 0.6441
vn -0.5734 0.4558 0.6807
vn -0.5343 0.2542 0.8061
vn -0.5078 0.3939 0.7662
vn -0.6507 0.5879 -0.4806
vn -0.6225 0.5933 -0.5104
vn -0.5867 0.4709 -0.6589
vn -0.6118 0.5780 -0.5401
vn -0.7819 0.6218 -0.0445
vn -0.8142 0.5792 -0.0404
vn -0.7451 0.6229 0.2384
vn -0.7805 0.5615 0.2749
vn -0.7738 0.6039 0.1914
vn -0.7456 0.5773 0.3330
vn -0.6932 0.5553 0.4595
vn -0.6782 0.5996 0.4248
vn -0.7291 0.6309 0.2655
vn -0.6247 0.6681 -0.4043
vn -0.7424 0.6683 -0.0466
vn -0.7573 0.6515 -0.0446
vn -0.7233 0.6890 -0.0465
vn -0.6809 0.7314 -0.0386
vn -0.6920 0.6530 0.3079
vn -0.6777 0.6811 0.2771
vn -0.9928 -0.1092 0.0494
vn -0.9907 -0.1198 0.0645
vn -0.9870 -0.1255 -0.1001
vn -0.9867 -0.1182 0.1118
vn -0.9929 -0.1088 0.0484
vn -0.9788 -0.2027 -0.0302
vn -0.9892 -0.1291 -0.0699
vn -0.9053 -0.0878 0.4156
vn -0.9227 -0.1503 0.3549
vn -0.9938 -0.1111 -0.0012
vn -0.9704 0.0052 0.2416
vn -0.9668 -0.2435 0.0770
vn -0.9005 -0.4342 -0.0229
vn -0.9614 0.0070 0.2749
vn -0.9749 0.0242 0.2214
vn -0.9144 -0.3980 0.0741
vn -0.7041 -0.0581 0.7077
vn -0.1245 0.0105 0.9922
vn -0.2734 0.5310 0.8021
vn -0.1663 0.0145 0.9860
vn -0.9912 0.0050 -0.1326
vn -0.9335 -0.0837 -0.3486
vn -0.9113 -0.2436 -0.3318
vn -0.9427 0.1694 -0.2876
vn -0.9169 -0.0772 -0.3916
vn -0.9146 -0.0736 -0.3977
vn -0.9108 0.1080 -0.3986
vn -0.9459 0.1718 -0.2751
vn -0.7973 0.5695 -0.2000
vn -0.9206 -0.3266 -0.2142
vn -0.9086 -0.3436 -0.2376
vn -0.8970 -0.2847 -0.3382
vn -0.9437 -0.2782 -0.1790
vn -0.8938 -0.2771 -0.3526
vn -0.8797 -0.2821 -0.3828
vn -0.8816 -0.2853 -0.3760
vn -0.8764 -0.0763 -0.4755
vn -0.8747 -0.2854 -0.3918
vn -0.8594 -0.2191 -0.4620
vn -0.8767 0.1759 -0.4478
vn -0.8305 0.4026 -0.3849
vn -0.9110 -0.3459 -0.2248
vn -0.9638 -0.1302 -0.2325
vn -0.9440 -0.1295 -0.3034
vn -0.9378 -0.1261 -0.3235
vn -0.9778 -0.1299 -0.1643
vn -0.9631 -0.1297 -0.2359
vn -0.9780 -0.1300 -0.1630
vn -0.5767 0.8170 -0.0036
vn -0.7455 0.6508 0.1441
vn -0.9416 0.0171 0.3362
vn -0.8300 0.4950 0.2570
vn -0.7398 0.6502 0.1730
vn -0.9657 0.1751 0.1917
vn -0.9277 0.1557 0.3394
vn -0.8866 0.0973 0.4521
vn -0.8594 0.3126 0.4046
vn -0.9016 0.1660 0.3995
vn -0.8291 0.4060 -0.3843
vn -0.8170 0.5449 -0.1887
vn -0.8438 0.3593 0.3986
vn -0.6933 0.7008 0.1676
vn -0.6320 0.6907 0.3513
vn -0.7346 0.5358 -0.4163
vn -0.6098 0.7257 -0.3185
vn -0.6741 0.7214 -0.1585
vn -0.7018 0.5395 -0.4653
vn -0.8213 0.2022 -0.5334
vn -0.5935 0.8028 -0.0573
vn -0.4422 0.7770 -0.4479
vn -0.4898 0.7974 -0.3525
vn -0.5926 0.8053 -0.0152
vn -0.3206 0.9400 0.1166
vn -0.3430 0.9348 0.0922
vn -0.5588 0.8290 0.0196
vn -0.3480 0.9326 -0.0954
vn -0.3478 0.9327 -0.0956
vn -0.5937 0.7989 0.0964
vn -0.4998 0.7749 0.3869
vn -0.7202 0.5395 0.4362
vn -0.6706 0.5466 0.5015
vn -0.7993 0.2102 0.5630
vn -0.4542 0.7630 0.4599
vn -0.3016 -0.8655 -0.4000
vn -0.3146 -0.9492 -0.0026
vn -0.5525 -0.6204 -0.5566
vn -0.4349 -0.7835 -0.4438
vn -0.3769 -0.8756 -0.3022
vn -0.2761 -0.9610 -0.0178
vn -0.2687 -0.9559 0.1183
vn -0.3829 -0.8952 0.2282
vn -0.4705 -0.7762 0.4198
vn -0.3793 -0.8849 0.2703
vn -0.5459 -0.5929 0.5920
vn -0.4714 -0.7647 0.4393
vn -0.6710 -0.1313 0.7298
vn -0.5456 -0.5817 0.6033
vn -0.6241 -0.3007 0.7212
vn -0.5835 -0.2205 0.7816
vn -0.6926 0.3534 0.6288
vn -0.6772 0.3208 0.6622
vn -0.6478 0.2322 0.7256
vn -0.6851 0.0161 0.7283
vn -0.7014 -0.1353 0.6999
vn -0.6977 0.0301 0.7157
vn -0.6671 0.4663 -0.5810
vn -0.6108 0.5784 -0.5407
vn -0.6908 0.4529 -0.5637
vn -0.7360 0.3599 -0.5734
vn -0.7455 0.4090 -0.5262
vn -0.6780 0.5846 -0.4457
vn -0.6619 0.5874 -0.4656
vn -0.7408 0.6707 -0.0384
vn -0.7451 0.6658 -0.0394
vn -0.7323 0.5872 0.3449
vn -0.7121 0.6269 0.3161
vn -0.6102 0.6225 0.4901
vn -0.5865 0.6624 0.4661
vn -0.7146 0.5694 0.4064
vn -0.7393 0.5255 0.4210
vn -0.6809 0.4865 0.5474
vn -0.9117 -0.4063 -0.0606
vn -0.8874 -0.4374 -0.1459
vn -0.9525 -0.2985 -0.0608
vn -0.9387 -0.2941 -0.1796
vn -0.9375 -0.3067 -0.1642
vn -0.8774 -0.4481 -0.1715
vn -0.8704 -0.4436 -0.2138
vn -0.9550 -0.2901 0.0617
vn -0.9527 -0.2977 -0.0614
vn -0.9118 -0.4057 0.0642
vn -0.8942 -0.4038 0.1934
vn -0.9008 -0.3968 0.1766
vn -0.9525 -0.2968 0.0675
vn -0.9432 -0.2855 0.1701
vn -0.8382 -0.4341 -0.3300
vn -0.8217 -0.4367 -0.3661
vn -0.9237 -0.1257 -0.3620
vn -0.8426 -0.4387 -0.3124
vn -0.8564 -0.4340 -0.2796
vn -0.9249 -0.1262 -0.3586
vn -0.8161 -0.4292 -0.3870
vn -0.8983 -0.1257 -0.4210
vn -0.8673 -0.4459 -0.2213
vn -0.8857 -0.3893 0.2529
vn -0.8858 -0.3858 0.2578
vn -0.8589 -0.3692 0.3550
vn -0.8123 -0.3513 0.4655
vn -0.9002 -0.1268 -0.4165
vn -0.8655 -0.3027 -0.3991
vn -0.8604 -0.1269 -0.4936
vn -0.8650 -0.2998 -0.4024
vn -0.8404 -0.2988 -0.4522
vn -0.8725 -0.1329 -0.4702
vn -0.9098 0.0589 0.4108
vn -0.9298 0.0455 0.3653
vn -0.9789 0.0458 0.1992
vn -0.9689 0.0259 0.2461
vn -0.9626 0.0368 0.2684
vn -0.9422 0.0609 0.3295
vn -0.5273 0.4601 0.7143
vn -0.5830 0.7790 0.2306
vn -0.7189 0.6383 0.2754
vn 0.3444 0.7578 0.5541
vn -0.2097 0.8019 0.5595
vn -0.1902 0.9755 0.1104
vn -0.4263 0.8751 0.2292
vn -0.4881 0.8542 0.1790
vn -0.4375 0.8890 0.1352
vn -0.6599 0.7026 0.2663
vn -0.6067 0.7543 0.2510
vn -0.7002 0.6651 0.2597
vn -0.3992 0.9008 0.1706
vn -0.2512 0.9577 0.1401
vn -0.2428 0.9697 0.0277
vn -0.4613 0.8538 0.2412
vn -0.4002 0.8977 0.1844
vn -0.6095 0.7207 0.3302
vn -0.5097 0.8083 0.2946
vn -0.3187 0.9258 0.2034
vn -0.2414 0.9552 0.1712
vn -0.2347 0.9673 0.0959
vn -0.4154 0.8285 0.3755
vn -0.3925 0.8491 0.3534
vn -0.4916 0.7666 0.4131
vn -0.3176 0.9232 0.2165
vn -0.4793 0.7117 0.5136
vn -0.3048 0.9018 0.3063
vn -0.4148 0.7228 0.5527
vn -0.2215 0.9080 0.3556
vn -0.2312 0.9252 0.3008
vn -0.3000 0.7625 0.5733
vn -0.2739 0.8930 0.3571
vn -0.4373 0.6473 0.6244
vn -0.3498 0.7039 0.6183
vn -0.2366 0.8354 0.4961
vn -0.2947 0.7603 0.5789
vn -0.2073 0.9524 0.2235
vn -0.0776 0.9751 0.2077
vn -0.2013 0.7859 0.5847
vn -0.1960 0.8478 0.4928
vn -0.0940 0.8724 0.4797
vn -0.2038 0.7879 0.5811
vn -0.0116 0.9642 0.2649
vn -0.0120 0.9642 0.2650
vn -0.1145 0.9548 0.2744
vn -0.1144 0.9547 0.2748
vn -0.2629 0.8328 0.4872
vn 0.0083 0.8402 0.5422
vn 0.0086 0.9329 0.3601
vn 0.0109 0.8724 0.4887
vn 0.0053 0.8470 0.5316
vn -0.0171 0.7863 0.6175
vn -0.1525 0.5741 0.8045
vn -0.1228 0.9235 0.3635
vn 0.2094 0.9161 0.3418
vn 0.2280 0.7404 0.6323
vn 0.0058 0.9235 0.3835
vn 0.0387 0.9371 0.3469
vn 0.0442 0.8607 0.5072
vn 0.3836 0.0479 0.9223
vn 0.2242 0.8243 0.5198
vn 0.3312 0.0434 0.9426
vn 0.3009 0.0570 0.9519
vn 0.1264 0.0808 0.9887
vn 0.2208 0.0490 0.9741
vn 0.0363 0.1054 0.9938
vn -0.0543 0.0962 0.9939
vn -0.1922 0.0825 0.9779
vn 0.2552 0.7084 0.6580
vn 0.2414 0.7114 0.6600
vn 0.5212 0.0749 0.8501
vn 0.3643 -0.0819 0.9277
vn 0.6681 0.0851 0.7392
vn 0.2553 0.9359 0.2427
vn 0.4194 -0.6856 0.5951
vn 0.4005 -0.6749 0.6198
vn 0.4698 -0.8529 0.2278
vn -0.7896 0.0532 -0.6113
vn -0.8378 0.0428 -0.5443
vn -0.7427 0.0731 -0.6657
vn -0.8554 -0.0617 -0.5142
vn -0.8504 -0.1313 -0.5094
vn -0.6987 -0.5594 -0.4459
vn -0.7875 0.0650 -0.6128
vn -0.3447 0.8515 -0.3950
vn -0.4446 0.7761 -0.4472
vn -0.8344 -0.2549 -0.4887
vn -0.8255 -0.2747 -0.4931
vn -0.7831 -0.3780 -0.4939
vn -0.6977 -0.2636 -0.6661
vn -0.7958 0.0651 -0.6021
vn -0.7815 -0.3785 -0.4959
vn -0.7765 -0.2385 -0.5832
vn -0.3456 0.8515 -0.3944
vn -0.7650 0.0866 -0.6382
vn -0.7900 0.0105 0.6130
vn -0.7899 0.0111 0.6131
vn -0.3570 0.8434 0.4016
vn -0.3635 0.8427 0.3971
vn -0.1482 0.9269 -0.3448
vn -0.2872 0.9056 -0.3120
vn -0.7340 0.0937 -0.6726
vn -0.7477 0.0856 -0.6585
vn -0.2073 0.9337 -0.2920
vn -0.7219 0.0897 -0.6861
vn -0.3508 0.8958 -0.2728
vn -0.7071 0.0775 -0.7029
vn -0.6723 0.0895 -0.7348
vn -0.3777 0.8938 -0.2420
vn -0.2463 0.9393 -0.2388
vn -0.6385 0.0442 -0.7684
vn -0.5101 0.7651 -0.3929
vn -0.4438 0.8658 -0.2309
vn -0.4463 0.8675 -0.2196
vn -0.5933 0.0496 -0.8035
vn -0.6708 -0.0059 -0.7416
vn -0.6474 0.6120 -0.4541
vn -0.6955 0.6473 -0.3119
vn -0.6166 0.7872 -0.0095
vn -0.1913 0.9771 0.0937
vn -0.4355 0.8288 0.3513
vn -0.5920 0.8059 0.0069
vn -0.4637 0.8550 0.2324
vn -0.4789 0.8551 0.1985
vn -0.2238 0.9700 0.0950
vn -0.1649 0.9815 -0.0971
vn -0.1290 0.9847 -0.1168
vn -0.0628 0.9979 -0.0146
vn 0.0202 0.9997 -0.0127
vn -0.1229 0.9840 0.1292
vn 0.0387 0.9965 -0.0740
vn -0.0243 0.9968 -0.0767
vn -0.1439 0.9470 -0.2871
vn 0.1757 0.9710 -0.1622
vn 0.0375 0.9987 -0.0341
vn -0.3442 0.8643 -0.3669
vn 0.0117 0.9441 -0.3293
vn -0.1572 0.8791 -0.4500
vn -0.0742 0.9882 0.1337
vn -0.0630 0.9906 0.1212
vn -0.0626 0.9865 0.1515
vn -0.1281 0.9836 -0.1269
vn -0.0950 0.9796 -0.1768
vn -0.3561 0.8106 0.4649
vn -0.2042 0.8973 0.3914
vn -0.1692 0.9277 0.3328
vn -0.3430 0.9149 -0.2131
vn -0.3352 0.9408 -0.0507
vn -0.3123 0.9478 -0.0645
vn -0.0866 0.9603 -0.2651
vn -0.0846 0.9963 -0.0151
vn -0.0652 0.9971 -0.0386
vn -0.1261 0.9727 -0.1947
vn -0.0523 0.9961 0.0713
vn -0.3309 0.9389 0.0944
vn -0.3795 0.9156 0.1330
vn -0.0818 0.9944 0.0664
vn -0.1181 0.9890 0.0894
vn -0.0816 0.9950 -0.0575
vn -0.3684 0.9051 0.2124
vn -0.1868 0.9439 0.2722
vn -0.3912 -0.8093 -0.4382
vn -0.3185 -0.9010 -0.2947
vn -0.3720 -0.9028 -0.2159
vn -0.7438 -0.5263 -0.4120
vn -0.4998 -0.8154 -0.2922
vn -0.6802 -0.0342 -0.7322
vn -0.3170 -0.9484 -0.0021
vn -0.3750 -0.9262 0.0392
vn -0.3779 -0.9162 0.1330
vn -0.4431 -0.8509 0.2821
vn -0.4711 -0.8377 0.2764
vn -0.4419 -0.8455 0.2996
vn -0.5264 -0.7872 0.3212
vn -0.5386 -0.7787 0.3218
vn -0.4745 -0.8523 0.2203
vn -0.5617 -0.6970 0.4457
vn -0.5253 -0.7878 0.3216
vn -0.6258 -0.6449 0.4386
vn -0.5264 -0.7861 0.3240
vn -0.6530 -0.6255 0.4270
vn -0.6458 -0.6227 0.4419
vn -0.4987 -0.7856 0.3663
vn -0.5354 -0.7149 0.4497
vn -0.5248 -0.7827 0.3347
vn -0.6265 -0.6859 0.3703
vn -0.4801 -0.7491 0.4565
vn -0.4966 -0.7406 0.4527
vn -0.4482 -0.7084 0.5453
vn -0.4673 -0.7441 0.4774
vn -0.5599 -0.6527 0.5104
vn -0.4440 -0.7649 0.4667
vn -0.5945 -0.5354 0.5999
vn -0.5392 -0.6146 0.5758
vn -0.1753 -0.9060 0.3852
vn -0.1748 -0.9061 0.3853
vn -0.5232 -0.7671 0.3711
vn -0.2775 -0.7714 0.5727
vn -0.2779 -0.7714 0.5724
vn -0.2560 -0.7156 0.6499
vn -0.3572 -0.5830 0.7297
vn -0.2109 -0.7935 0.5708
vn -0.0603 -0.9829 0.1741
vn -0.1780 -0.7043 0.6872
vn -0.1789 -0.6902 0.7012
vn -0.1796 -0.7501 0.6365
vn -0.1800 -0.7502 0.6363
vn -0.5201 -0.4512 0.7252
vn -0.2561 -0.7133 0.6524
vn -0.3571 -0.5977 0.7178
vn -0.2912 -0.6534 0.6988
vn -0.2115 -0.7714 0.6002
vn -0.2645 -0.7077 0.6552
vn -0.1272 -0.8005 0.5857
vn -0.0203 -0.8838 0.4674
vn -0.0211 -0.8815 0.4717
vn -0.0695 -0.5961 0.7999
vn -0.1121 -0.6527 0.7493
vn -0.0918 -0.6609 0.7448
vn -0.0411 -0.7512 0.6588
vn -0.0255 -0.7914 0.6108
vn -0.0209 -0.8088 0.5877
vn -0.0221 -0.8032 0.5953
vn -0.0206 -0.5546 0.8319
vn 0.0448 -0.7779 0.6268
vn 0.2803 -0.8361 0.4716
vn -0.0031 -0.8729 0.4880
vn 0.3305 -0.4114 0.8494
vn 0.0271 -0.8511 0.5242
vn 0.1632 -0.8300 0.5334
vn 0.1608 -0.7643 0.6245
vn -0.0037 -0.9152 0.4031
vn -0.1737 -0.6931 0.6996
vn 0.0597 -0.8224 0.5657
vn 0.0039 -0.8831 0.4693
vn -0.0667 -0.9096 0.4101
vn 0.0021 -0.9138 0.4062
vn -0.1982 -0.6303 0.7506
vn -0.3052 -0.5695 0.7633
vn 0.1906 -0.5249 0.8296
vn -0.1767 -0.6286 0.7574
vn -0.1763 -0.6288 0.7573
vn -0.3027 -0.7407 0.5998
vn -0.3030 -0.7408 0.5995
vn -0.6083 -0.4793 0.6326
vn -0.6085 -0.4796 0.6322
vn -0.6886 -0.4480 0.5702
vn -0.6885 -0.4484 0.5700
vn -0.0083 -0.4859 0.8740
vn -0.0082 -0.4863 0.8737
vn -0.2798 -0.7587 0.5883
vn -0.3063 -0.7601 0.5731
vn -0.5658 -0.5841 0.5819
vn -0.6138 -0.5568 0.5596
vn -0.5461 -0.5794 0.6051
vn -0.0036 -0.4832 0.8755
vn -0.5211 -0.5895 0.6173
vn -0.5229 -0.6912 0.4988
vn -0.6708 -0.5577 0.4889
vn -0.6907 -0.5434 0.4772
vn -0.5887 -0.5894 0.5533
vn -0.5228 -0.5909 0.6144
vn -0.6401 -0.5937 0.4876
vn -0.6711 -0.5742 0.4690
vn -0.6104 -0.5979 0.5195
vn -0.5392 -0.5957 0.5953
vn -0.5002 -0.5569 0.6630
vn -0.5901 -0.5940 0.5467
vn -0.6998 -0.6249 0.3462
vn -0.6415 -0.6042 0.4726
vn -0.8589 -0.4692 0.2054
vn -0.5970 -0.6003 0.5323
vn -0.5363 -0.8006 0.2671
vn -0.6933 -0.6804 0.2374
vn -0.8057 -0.5765 0.1360
vn -0.7148 -0.6192 0.3249
vn -0.3515 -0.3873 0.8523
vn -0.7954 -0.5074 0.3315
vn -0.5646 -0.6994 0.4382
vn -0.9180 -0.3886 0.0784
vn -0.6066 -0.7664 0.2114
vn -0.8109 -0.5848 -0.0215
vn -0.4449 -0.8918 0.0829
vn -0.8420 -0.5357 -0.0630
vn -0.5938 -0.7621 0.2579
vn -0.4051 -0.8891 -0.2130
vn -0.2222 -0.9733 0.0578
vn -0.3742 -0.9273 -0.0103
vn -0.4716 -0.8808 -0.0424
vn -0.4490 -0.8773 -0.1695
vn -0.6148 -0.7538 -0.2321
vn -0.7290 -0.6650 0.1625
vn -0.6306 -0.7106 -0.3122
vn -0.4315 -0.8625 -0.2644
vn -0.5882 -0.7504 -0.3016
vn -0.4676 -0.8462 -0.2555
vn -0.5609 -0.7925 -0.2396
vn -0.4410 -0.8524 -0.2810
vn -0.4198 -0.4205 -0.8043
vn -0.5872 -0.6128 -0.5288
vn -0.9010 -0.4270 0.0764
vn -0.4921 -0.7612 -0.4224
vn -0.5015 -0.8085 -0.3080
vn -0.5090 -0.8102 -0.2906
vn -0.5252 -0.7336 -0.4312
vn -0.7206 -0.5188 0.4600
vn -0.6226 -0.2749 0.7327
vn -0.7491 -0.2503 0.6133
vn -0.7680 -0.2222 0.6006
vn -0.7945 0.0237 -0.6068
vn -0.7444 0.3610 -0.5618
vn -0.8210 0.1854 0.5400
vn -0.8054 0.0134 0.5926
vn -0.7882 0.1152 0.6046
vn -0.8003 0.3457 0.4899
vn -0.7420 0.4151 -0.5264
vn -0.7841 0.4088 -0.4669
vn -0.8872 0.3349 -0.3173
vn -0.7483 0.2676 -0.6070
vn -0.8024 0.3222 -0.5024
vn -0.8198 0.2148 -0.5309
vn -0.7840 0.3376 -0.5209
vn -0.7969 0.3794 -0.4701
vn -0.8853 0.4411 -0.1471
vn -0.9256 0.3766 -0.0385
vn -0.9366 0.3495 -0.0261
vn -0.8894 0.4557 0.0370
vn -0.8828 0.3553 0.3074
vn -0.8767 0.4413 0.1913
vn -0.8628 0.2820 0.4197
vn -0.8821 0.3551 0.3096
vn -0.7719 0.3337 0.5411
vn -0.7712 0.2203 0.5973
vn -0.8265 0.2750 0.4911
vn -0.8469 0.2761 0.4545
vn -0.8466 0.2752 0.4556
vn -0.8577 0.1959 0.4754
vn -0.9822 -0.0474 -0.1819
vn -0.9839 -0.0422 -0.1738
vn -0.9767 0.1030 -0.1884
vn -0.9485 -0.0281 -0.3155
vn -0.9231 -0.2895 -0.2531
vn -0.9596 -0.0559 -0.2759
vn -0.9028 -0.3015 -0.3068
vn -0.9971 -0.0599 -0.0476
vn -0.9831 0.1751 -0.0536
vn -0.9945 -0.0814 -0.0659
vn -0.9984 0.0440 -0.0344
vn -0.9948 -0.0937 0.0410
vn -0.9883 0.1456 0.0447
vn -0.9956 -0.0615 0.0710
vn -0.9958 0.0682 0.0604
vn -0.9798 -0.0739 0.1857
vn -0.9400 -0.2910 0.1783
vn -0.9330 0.2926 0.2096
vn -0.9828 -0.0637 0.1736
vn -0.9105 -0.2843 0.3004
vn -0.9155 -0.2820 0.2869
vn -0.9182 -0.2768 0.2832
vn -0.9469 -0.0549 0.3167
vn -0.9526 -0.0683 0.2965
vn -0.9061 -0.3117 -0.2861
vn -0.9223 -0.2635 -0.2827
vn -0.9127 -0.2903 0.2876
vn -0.8859 -0.2989 -0.3547
vn -0.9095 -0.2894 -0.2986
vn -0.8817 -0.2845 -0.3764
vn -0.8349 -0.2969 -0.4633
vn -0.8374 -0.3067 -0.4525
vn -0.8044 -0.4336 -0.4061
vn -0.9066 -0.2613 -0.3313
vn -0.8549 -0.3729 0.3607
vn -0.9025 -0.2591 0.3441
vn -0.8236 -0.3718 0.4284
vn -0.8783 -0.2868 0.3825
vn -0.8406 -0.2780 0.4649
vn -0.8417 -0.2816 0.4607
vn -0.7883 -0.4162 -0.4532
vn -0.7538 -0.4185 -0.5066
vn -0.8625 -0.1312 -0.4888
vn -0.8240 -0.1318 -0.5510
vn -0.7836 -0.3668 0.5014
vn -0.8670 -0.2639 -0.4227
vn -0.8027 -0.1275 -0.5826
vn -0.8697 0.0341 0.4925
vn -0.8467 0.0554 0.5292
vn 0.3378 0.9105 0.2383
vn 0.1466 0.9864 0.0745
vn 0.1553 0.9872 0.0370
vn 0.8476 0.4333 0.3063
vn 0.8489 0.4237 0.3161
vn 0.6863 0.4429 0.5769
vn 0.6012 0.7534 0.2662
vn 0.9389 0.0796 0.3350
vn 0.8862 0.4323 0.1665
vn 0.9816 0.0602 0.1811
vn 0.9825 0.0760 0.1703
vn 0.9490 0.2064 0.2382
vn 0.9517 0.2043 0.2292
vn 0.6944 0.4548 0.5577
vn 0.8390 0.5408 0.0591
vn 0.8279 0.5422 0.1432
vn 0.9866 0.0459 0.1569
vn 0.9872 0.0605 0.1477
vn 0.7916 0.6068 0.0722
vn 0.4077 0.9108 0.0647
vn 0.4139 0.9078 0.0679
vn 0.4072 0.9127 0.0349
vn 0.7557 0.5909 0.2823
vn 0.9508 0.0882 0.2969
vn 0.9464 0.0421 0.3201
vn 0.6727 0.7210 0.1662
vn 0.3076 0.9402 0.1461
vn 0.3908 0.9199 0.0331
vn 0.8818 -0.4173 0.2196
vn 0.8494 -0.5083 0.1418
vn 0.9079 -0.4175 0.0381
vn 0.8734 -0.4307 0.2274
vn 0.6741 -0.5182 0.5263
vn 0.7543 -0.6003 0.2658
vn 0.8261 -0.5493 0.1257
vn 0.8578 -0.5064 0.0880
vn 0.7534 -0.5896 0.2911
vn 0.7273 -0.6616 0.1825
vn 0.6131 -0.7697 0.1782
vn 0.5271 -0.8173 0.2328
vn 0.6117 -0.7828 0.1141
vn 0.6434 -0.7551 0.1261
vn 0.4253 -0.9026 0.0665
vn 0.4031 -0.9151 -0.0150
vn 0.4288 -0.9013 0.0612
vn 0.4142 -0.8977 0.1506
vn 0.2050 -0.9543 0.2176
vn 0.3300 -0.9434 -0.0348
vn -0.7665 -0.2629 -0.5860
vn -0.7662 -0.2630 -0.5864
vn -0.7688 -0.2670 -0.5811
vn 0.1821 -0.9833 0.0016
vn 0.2447 -0.9645 -0.0992
vn 0.1678 -0.9775 -0.1275
vn 0.0620 0.9920 0.1104
vn 0.0261 0.9997 -0.0032
vn 0.0622 0.9980 -0.0083
vn 0.2044 0.9789 -0.0063
vn 0.1569 0.9786 0.1329
vn 0.1229 0.9872 -0.1015
vn 0.1220 0.9871 -0.1041
vn -0.1450 0.9111 0.3859
vn -0.1433 0.9288 0.3418
vn -0.0007 0.9626 0.2709
vn 0.0585 0.9646 0.2573
vn -0.0065 0.9718 0.2356
vn -0.3143 0.9015 0.2975
vn -0.1298 0.9392 0.3180
vn -0.2653 0.9279 0.2620
vn 0.0315 0.9988 -0.0380
vn -0.3693 0.8760 0.3103
vn -0.1347 0.9569 0.2571
vn -0.1072 0.9922 0.0635
vn -0.3049 0.9215 0.2406
vn -0.2662 0.9291 0.2567
vn -0.4740 0.8446 0.2489
vn -0.3018 0.9520 0.0508
vn -0.2902 0.9568 0.0177
vn -0.4611 0.8445 0.2724
vn -0.4524 0.7623 0.4629
vn 0.0400 0.9943 0.0992
vn -0.8858 -0.3472 0.3080
vn -0.9070 -0.3602 0.2181
vn -0.8833 -0.3493 0.3126
vn -0.8621 -0.4656 0.1998
vn -0.8801 -0.4744 0.0172
vn -0.9292 -0.3695 -0.0024
vn -0.7212 -0.1061 0.6845
vn -0.7484 -0.1659 0.6422
vn -0.2237 0.0017 0.9747
vn -0.1408 0.0041 0.9900
vn -0.3922 0.0028 0.9199
vn -0.1051 0.0009 0.9945
vn -0.3054 -0.3293 0.8935
vn -0.4669 -0.0274 0.8839
vn -0.3341 -0.0120 0.9425
vn -0.2006 0.0018 0.9797
vn -0.8299 -0.4218 -0.3653
vn -0.9314 -0.3143 -0.1835
vn -0.8877 -0.4602 -0.0094
vn -0.8838 -0.4676 -0.0154
vn -0.8032 -0.2563 -0.5377
vn -0.8998 -0.2392 -0.3650
vn -0.9091 -0.2125 -0.3582
vn -0.9160 -0.3550 -0.1868
vn -0.8028 -0.1188 -0.5842
vn -0.6514 -0.1210 -0.7490
vn -0.7520 -0.1315 -0.6459
vn -0.1258 0.0251 -0.9917
vn -0.0983 0.0248 -0.9949
vn -0.0983 0.0255 -0.9948
vn -0.3232 -0.3425 -0.8822
vn -0.1136 0.0254 -0.9932
vn -0.0562 0.0256 -0.9981
vn -0.0567 0.0251 -0.9981
vn -0.1401 0.0250 -0.9898
vn -0.9032 -0.4283 0.0278
vn -0.9015 -0.4328 0.0041
vn -0.9214 -0.3533 0.1621
vn -0.9607 -0.2652 0.0815
vn -0.9065 -0.4220 -0.0106
vn -0.9612 -0.2597 0.0932
vn -0.9628 -0.2624 0.0643
vn -0.9235 -0.3572 0.1398
vn -0.9550 -0.2389 0.1758
vn -0.9490 -0.2546 0.1861
vn -0.9011 -0.4320 0.0382
vn -0.9344 -0.3335 0.1249
vn -0.9057 -0.4203 0.0545
vn -0.8303 -0.5561 0.0365
vn -0.8353 -0.5461 -0.0630
vn -0.8866 -0.4617 0.0261
vn -0.7836 -0.6212 -0.0093
vn -0.8986 -0.4355 -0.0533
vn -0.8252 -0.5071 -0.2488
vn -0.8404 -0.5382 0.0637
vn -0.7763 -0.6167 0.1303
vn -0.7766 -0.6295 -0.0259
vn -0.8776 -0.4773 0.0452
vn -0.8833 -0.4682 -0.0260
vn -0.9330 -0.3554 0.0563
vn -0.9406 -0.3346 0.0571
vn -0.8948 -0.2369 -0.3785
vn -0.7672 -0.1301 -0.6281
vn -0.2880 0.0211 -0.9574
vn -0.9262 -0.2508 -0.2817
vn -0.9289 -0.3149 -0.1950
vn -0.3382 0.0224 -0.9408
vn -0.8174 -0.4436 -0.3676
vn -0.8271 -0.4728 -0.3039
vn -0.8393 -0.4807 -0.2541
vn -0.1067 0.0150 -0.9942
vn -0.2486 0.0215 -0.9684
vn 0.1279 -0.0237 -0.9915
vn -0.3744 0.0155 -0.9272
vn -0.1495 0.0089 -0.9887
vn -0.1377 0.0085 -0.9904
vn -0.5780 -0.7379 -0.3484
vn 0.0580 -0.0547 -0.9968
vn -0.0982 -0.0355 -0.9945
vn -0.5157 -0.3384 -0.7871
vn 0.0190 -0.0560 -0.9983
vn -0.7415 -0.4793 -0.4695
vn 0.1641 -0.0565 -0.9848
vn 0.0315 -0.0540 -0.9980
vn -0.0239 -0.0085 -0.9997
vn -0.5438 -0.6863 -0.4830
vn 0.0874 -0.0500 -0.9949
vn 0.0786 0.0424 -0.9960
vn -0.4840 -0.5832 -0.6524
vn 0.0365 0.0402 -0.9985
vn 0.0046 0.0843 -0.9964
vn -0.3878 -0.5701 -0.7243
vn -0.4508 -0.6467 -0.6153
vn 0.0033 0.0842 -0.9964
vn -0.4294 -0.8057 -0.4080
vn 0.0307 0.0406 -0.9987
vn -0.2621 -0.6439 -0.7188
vn 0.0091 0.0441 -0.9990
vn -0.2860 -0.7379 -0.6114
vn -0.0052 -0.0129 -0.9999
vn -0.2153 -0.7701 -0.6005
vn -0.0241 0.0618 -0.9978
vn -0.2158 -0.7712 -0.5989
vn -0.0059 -0.0130 -0.9999
vn 0.0197 -0.1217 -0.9924
vn -0.0043 -0.7324 -0.6808
vn -0.0566 -0.9300 -0.3631
vn 0.0366 -0.9008 -0.4326
vn -0.0012 -0.0928 -0.9957
vn 0.0882 -0.8073 -0.5835
vn 0.0883 -0.8288 -0.5526
vn 0.0408 -0.0411 -0.9983
vn -0.0215 -0.1002 -0.9947
vn 0.2595 -0.7714 -0.5810
vn -0.1464 -0.0284 -0.9888
vn -0.0640 -0.0373 -0.9973
vn 0.2425 -0.9203 -0.3070
vn 0.2925 -0.8189 -0.4938
vn -0.0409 -0.1019 -0.9940
vn -0.0326 -0.0846 -0.9959
vn 0.3876 -0.8653 -0.3177
vn 0.0746 -0.1290 -0.9888
vn 0.3759 -0.8327 -0.4066
vn 0.4360 -0.0345 -0.8993
vn 0.2702 -0.0529 -0.9614
vn 0.7752 -0.6182 0.1303
vn 0.0550 -0.0259 -0.9981
vn 0.0606 -0.0265 -0.9978
vn 0.1310 -0.0314 -0.9909
vn 0.1100 -0.1141 -0.9874
vn 0.6522 -0.5371 -0.5350
vn 0.3726 -0.1553 -0.9149
vn 0.6745 -0.4342 -0.5971
vn 0.7148 -0.4886 -0.5002
vn 0.4720 0.7233 -0.5040
vn 0.8977 0.1209 -0.4236
vn 0.1845 -0.0136 -0.9827
vn 0.3975 0.0328 -0.9170
vn 0.2639 0.0618 -0.9626
vn 0.4759 -0.0268 -0.8791
vn 0.2220 -0.0331 -0.9745
vn 0.0821 -0.0207 -0.9964
vn 0.2103 -0.1089 -0.9716
vn 0.1171 -0.0290 -0.9927
vn 0.0950 -0.0241 -0.9952
vn 0.1468 -0.5064 -0.8497
vn 0.0341 0.0080 -0.9994
vn 0.1032 -0.0197 -0.9945
vn 0.2244 -0.1149 -0.9677
vn 0.2358 -0.1161 -0.9648
vn 0.3796 0.0084 -0.9251
vn 0.9712 -0.1649 0.1722
vn 0.2501 0.0071 -0.9682
vn 0.3603 0.0141 -0.9327
vn 0.2155 -0.7372 -0.6404
vn 0.4982 -0.8506 -0.1680
vn 0.6298 -0.7768 0.0035
vn 0.8797 -0.4475 0.1610
vn 0.3597 0.0074 -0.9330
vn 0.8063 -0.1886 -0.5606
vn 0.4341 0.0076 -0.9008
vn 0.7495 -0.0229 -0.6616
vn 0.6140 -0.0236 -0.7890
vn 0.5769 0.0213 -0.8165
vn 0.6817 -0.0002 -0.7317
vn 0.6116 0.0307 -0.7906
vn 0.6117 0.0643 -0.7884
vn 0.7723 0.1359 -0.6206
vn 0.7544 0.1883 -0.6288
vn 0.1377 0.0143 -0.9904
vn 0.8525 0.4272 -0.3013
vn 0.3004 0.0137 -0.9537
vn 0.8631 0.2627 -0.4314
vn 0.1977 0.0222 -0.9800
vn 0.8666 0.4491 -0.2174
vn 0.1599 0.0192 -0.9869
vn 0.1829 0.0180 -0.9830
vn 0.8529 0.4901 -0.1802
vn 0.8438 0.4887 -0.2217
vn 0.0759 0.0068 -0.9971
vn 0.1217 -0.0011 -0.9926
vn 0.7689 0.6329 -0.0902
vn 0.0971 0.0050 -0.9953
vn 0.7757 0.6309 -0.0184
vn 0.6127 -0.0112 -0.7902
vn 0.1410 0.0876 -0.9861
vn -0.0349 0.5418 -0.8398
vn 0.5024 0.7450 0.4388
vn 0.2621 -0.0127 -0.9649
vn 0.1434 0.1129 -0.9832
vn 0.2224 -0.0112 -0.9749
vn 0.1323 -0.0081 -0.9912
vn 0.0985 -0.0131 -0.9950
vn 0.1177 -0.0325 -0.9925
vn 0.1436 -0.0155 -0.9895
vn 0.1270 0.1040 -0.9864
vn 0.0493 -0.0002 -0.9988
vn -0.1402 -0.0363 -0.9895
vn -0.0495 -0.0611 -0.9969
vn -0.0496 -0.0430 -0.9978
vn -0.0289 -0.0047 -0.9996
vn -0.1100 -0.0946 -0.9894
vn -0.1113 -0.0377 -0.9931
vn -0.2883 -0.0687 -0.9551
vn -0.1605 -0.0923 -0.9827
vn -0.0607 -0.0906 -0.9940
vn -0.0883 -0.0929 -0.9918
vn -0.1535 -0.0729 -0.9855
vn -0.1558 -0.0151 -0.9877
vn -0.0570 -0.0925 -0.9941
vn -0.0184 -0.0279 -0.9994
vn -0.0686 0.0241 -0.9974
vn 0.1020 -0.0694 -0.9924
vn -0.2361 0.0127 -0.9716
vn -0.1393 0.0138 -0.9901
vn -0.2050 0.0376 -0.9780
vn -0.2378 0.0130 -0.9712
vn -0.1699 0.0472 -0.9843
vn -0.1167 0.0046 -0.9932
vn -0.0815 -0.0043 -0.9967
vn -0.2369 0.0129 -0.9715
vn -0.2092 0.2179 -0.9533
vn -0.1536 0.8598 -0.4870
vn 0.0292 0.3811 -0.9241
vn 0.1987 0.0444 -0.9791
vn 0.1673 0.4024 -0.9000
vn 0.2755 0.8235 -0.4959
vn 0.0937 0.4403 -0.8930
vn 0.3366 0.9397 -0.0611
vn 0.3068 0.8002 -0.5152
vn -0.2217 0.2616 -0.9394
vn -0.1736 0.9833 -0.0539
vn 0.1954 -0.0300 -0.9803
vn -0.1163 0.4862 -0.8661
vn -0.1803 0.8794 -0.4406
vn 0.1476 0.2905 -0.9454
vn -0.1697 0.8813 -0.4411
vn -0.0938 0.6779 -0.7292
vn -0.2105 0.7556 -0.6203
vn -0.2087 0.7924 -0.5732
vn -0.1454 0.7869 -0.5997
vn -0.1288 0.5563 -0.8210
vn -0.0993 0.5256 -0.8449
vn -0.0889 0.4545 -0.8863
vn 0.0824 0.2742 -0.9581
vn 0.0533 0.2906 -0.9554
vn 0.1372 -0.0587 -0.9888
vn 0.0984 -0.0422 -0.9942
vn 0.1923 -0.0682 -0.9790
vn -0.0509 -0.0555 -0.9972
vn 0.0396 0.0881 -0.9953
vn 0.1467 -0.0588 -0.9874
vn 0.1004 0.0039 -0.9949
vn 0.1306 -0.0675 -0.9891
vn 0.1441 -0.0827 -0.9861
vn 0.0237 -0.1250 -0.9919
vn 0.0599 -0.0407 -0.9974
vn 0.1673 -0.1049 -0.9803
vn 0.0072 -0.0410 -0.9991
vn -0.0071 -0.0684 -0.9976
vn -0.0071 -0.0680 -0.9977
vn -0.1618 -0.0546 -0.9853
vn -0.0179 -0.0567 -0.9982
vn -0.0206 -0.0690 -0.9974
vn -0.1588 -0.0549 -0.9858
vn -0.1677 0.0504 -0.9845
vn -0.0262 0.0391 -0.9989
vn -0.0224 0.0350 -0.9991
vn -0.3266 -0.0293 -0.9447
vn -0.0795 -0.0400 -0.9960
vn -0.0839 -0.0561 -0.9949
vn -0.3201 -0.0266 -0.9470
vn -0.3616 0.2720 -0.8918
vn -0.0943 -0.0534 -0.9941
vn -0.0541 0.0732 -0.9958
vn -0.0888 0.1136 -0.9895
vn -0.4987 0.0208 -0.8665
vn -0.1635 -0.0020 -0.9865
vn -0.0150 -0.0276 -0.9995
vn -0.2112 0.5450 -0.8114
vn -0.4092 0.7168 -0.5646
vn -0.3334 0.0041 -0.9428
vn -0.4464 0.4632 -0.7656
vn -0.4355 0.4988 -0.7494
vn -0.4604 0.7555 -0.4662
vn -0.5109 0.7914 -0.3357
vn -0.4556 0.7786 -0.4315
vn -0.0373 0.0012 -0.9993
vn -0.4529 0.7768 -0.4377
vn -0.1494 0.0120 -0.9887
vn -0.7499 0.6615 0.0039
vn -0.0674 0.0256 -0.9974
vn -0.6894 0.6180 -0.3778
vn -0.1665 0.0293 -0.9856
vn -0.1300 0.0229 -0.9912
vn -0.7631 0.4110 -0.4987
vn -0.8159 0.5591 -0.1471
vn -0.8035 0.2002 -0.5606
vn -0.8422 0.4265 -0.3298
vn -0.7754 0.1975 -0.5998
vn -0.7510 0.1001 -0.6526
vn -0.6048 0.0971 -0.7905
vn -0.6117 0.0352 -0.7903
vn -0.4384 0.0216 -0.8985
vn -0.4049 0.0207 -0.9141
vn -0.5693 0.0385 -0.8212
vn -0.5660 0.0187 -0.8242
vn -0.6283 -0.0099 -0.7779
vn -0.6296 0.0079 -0.7769
vn -0.7711 -0.0559 -0.6342
vn 0.1627 -0.0129 -0.9866
vn 0.1541 0.0014 -0.9881
vn 0.0208 -0.0841 -0.9962
vn 0.1428 -0.0088 -0.9897
vn 0.0238 -0.1411 -0.9897
vn 0.0955 -0.0325 -0.9949
vn -0.0235 -0.1815 -0.9831
vn 0.0290 -0.0814 -0.9963
vn -0.0570 -0.0908 -0.9942
vn -0.0568 -0.1071 -0.9926
vn -0.1010 -0.1038 -0.9895
vn 0.0411 -0.6798 -0.7322
vn -0.0122 -0.3930 -0.9195
vn -0.0514 -0.1074 -0.9929
vn 0.0451 0.3189 -0.9467
vn -0.1844 0.2450 -0.9518
vn -0.0705 0.0952 -0.9930
vn 0.4179 0.5836 -0.6962
vn 0.3993 0.5803 -0.7098
vn -0.0001 0.6145 -0.7889
vn -0.0355 0.6612 -0.7494
vn 0.7577 0.1877 -0.6250
vn 0.6817 0.2600 -0.6839
vn 0.1044 -0.0568 -0.9929
vn 0.7714 -0.0541 -0.6340
vn -0.0376 -0.0582 -0.9976
vn 0.3408 -0.5347 -0.7733
vn 0.7029 -0.1088 -0.7029
vn 0.3290 -0.5710 -0.7521
vn -0.0442 -0.0498 -0.9978
vn -0.0247 -0.6823 -0.7306
vn -0.0179 -0.0517 -0.9985
vn 0.0229 -0.6475 -0.7618
vn -0.0255 -0.4104 -0.9116
vn -0.2648 -0.6582 -0.7047
vn 0.0322 0.0076 -0.9995
vn 0.0230 -0.3288 -0.9441
vn 0.0721 -0.0346 -0.9968
vn 0.2006 -0.1205 -0.9722
vn -0.0281 -0.4099 -0.9117
vn -0.0821 0.0707 -0.9941
vn -0.0831 -0.0099 -0.9965
vn -0.1671 0.2193 -0.9612
vn -0.0434 0.0688 -0.9967
vn 0.0317 0.0341 -0.9989
vn 0.1365 0.0244 -0.9903
vn -0.2228 -0.1785 -0.9584
vn -0.0404 -0.1971 -0.9795
vn -0.1757 -0.0568 -0.9828
vn -0.0897 0.0516 -0.9946
vn -0.0826 -0.0150 -0.9965
vn 0.0465 -0.1103 -0.9928
vn -0.9842 0.1685 0.0535
vn -0.3658 -0.9304 0.0239
vn -0.9932 0.1127 0.0292
vn -0.6424 0.7662 0.0181
vn -0.5323 0.8444 0.0605
vn 0.0042 0.9999 0.0149
vn -0.0025 1.0000 0.0078
vn 0.6103 0.7909 0.0447
vn 0.5378 0.8429 0.0171
vn 0.9953 0.0935 0.0257
vn 0.9952 0.0944 0.0253
vn 0.1197 -0.9912 0.0566
vn 0.2733 -0.9619 0.0130
vn 0.0312 -0.9995 0.0107
vn -0.0098 -0.9986 0.0519
vn -0.3275 -0.9448 0.0120
vn -0.4121 0.3028 0.8594
vn -0.9980 -0.0558 -0.0282
vn -0.9981 -0.0559 -0.0274
vn -0.8195 0.5731 -0.0011
vn -0.8199 0.5725 -0.0014
vn -0.8066 0.5910 0.0038
vn -0.0532 0.9986 0.0019
vn -0.0152 0.9998 0.0139
vn -0.7510 0.6603 0.0087
vn 0.4925 0.8703 -0.0069
vn 0.5330 0.8461 0.0037
vn 0.8432 0.5376 -0.0055
vn 0.8430 0.5379 -0.0055
vn 0.9995 0.0277 -0.0154
vn 0.9995 -0.0307 0.0013
vn 0.6644 -0.7439 -0.0728
vn 0.6451 -0.7641 -0.0024
vn 0.6603 -0.7510 -0.0076
vn -0.0230 -0.9997 -0.0123
vn -0.0552 -0.9985 -0.0029
vn 0.6656 -0.7462 -0.0117
vn -0.5743 -0.8185 -0.0142
vn -0.6071 -0.7946 -0.0052
vn -0.8783 -0.4778 -0.0183
vn -0.9103 -0.4139 -0.0026
vn -0.9999 0.0153 -0.0037
vn -0.9999 0.0159 -0.0043
vn -0.7953 -0.6059 -0.0175
vn -0.4304 -0.9021 -0.0315
vn -0.7765 -0.6296 -0.0263
vn -0.9999 -0.0051 0.0159
vn -0.9994 -0.0350 0.0059
vn -0.7046 0.7056 0.0750
vn -0.6930 0.7199 0.0384
vn -0.7091 0.7043 0.0335
vn 0.0072 0.9998 0.0196
vn 0.0308 0.9992 0.0265
vn -0.7064 0.7071 0.0306
vn 0.6386 0.7696 0.0055
vn 0.6494 0.7604 0.0081
vn 0.9335 0.3585 -0.0026
vn 0.9304 0.3665 -0.0041
vn 0.9997 -0.0252 -0.0013
vn 1.0000 -0.0047 -0.0074
vn 0.4304 -0.2579 0.8650
vn 0.8249 -0.5653 -0.0056
vn 0.8030 -0.5960 0.0007
vn 0.0712 -0.9973 -0.0169
vn 0.0436 -0.9990 -0.0097
vn 0.7489 -0.6627 0.0060
vn -0.4694 -0.8827 -0.0238
vn -0.6699 -0.2949 -0.6814
vn -0.3855 -0.0086 -0.9227
vn -0.7290 0.1921 -0.6570
vn -0.5071 0.6556 -0.5595
vn -0.5134 0.6712 -0.5348
vn -0.8171 0.2293 -0.5290
vn 0.8344 -0.1836 -0.5196
vn 0.4829 -0.6545 -0.5818
vn 0.8068 -0.1890 -0.5597
vn 0.4988 -0.6885 -0.5264
vn 0.1465 -0.8200 -0.5534
vn 0.5167 -0.6642 -0.5402
vn 0.1457 -0.8211 -0.5519
vn -0.1865 -0.8256 -0.5326
vn -0.1992 -0.6648 -0.7200
vn -0.2797 -0.1953 -0.9400
vn -0.5894 -0.6312 -0.5042
vn -0.7928 -0.3406 -0.5054
vn -0.9454 -0.3256 -0.0145
vn -0.9724 -0.2304 0.0360
vn -0.8562 -0.4202 -0.3007
vn -0.8963 -0.4410 -0.0470
vn -0.9223 -0.1742 0.3449
vn -0.8785 -0.2022 0.4329
vn -0.6745 -0.1088 0.7302
vn -0.9108 -0.2104 -0.3552
vn -0.3646 0.0209 -0.9309
vn -0.1110 0.0245 -0.9935
vn -0.9725 -0.2288 -0.0443
vn -0.9324 -0.3614 -0.0029
vn -0.8870 -0.4576 0.0618
vn -0.9674 -0.2379 0.0873
vn -0.9429 -0.1424 -0.3012
vn -0.8988 -0.0828 -0.4304
vn -0.9875 -0.1570 0.0104
vn -0.9911 -0.1295 0.0321
vn -0.9123 -0.1199 0.3915
vn -0.5894 -0.0540 0.8060
vn -0.4489 -0.0379 0.8928
vn -0.3382 -0.0184 -0.9409
vn -0.5949 -0.0459 -0.8025
vn -0.1615 0.0256 -0.9865
vn -0.9832 -0.1811 -0.0234
vn -0.9835 -0.1806 0.0092
vn -0.9595 -0.1643 0.2290
vn -0.9665 -0.1620 0.1990
vn -0.9650 -0.1665 0.2026
vn -0.9788 -0.1612 0.1260
vn -0.8841 -0.0017 -0.4672
vn -0.8890 -0.0725 0.4522
vn -0.6120 -0.0494 0.7893
vn -0.3542 -0.0141 0.9351
vn -0.6433 -0.0399 -0.7646
vn -0.8999 -0.0710 -0.4303
vn -0.9004 -0.0714 -0.4292
vn -0.3212 0.0438 -0.9460
vn -0.9933 -0.0867 -0.0764
vn -0.9920 -0.0675 0.1066
vn -0.9972 -0.0682 0.0292
vn -0.8997 0.0169 -0.4361
vn -0.9999 0.0066 0.0156
vn -0.9999 0.0079 0.0140
vn -0.9128 -0.0002 0.4084
vn -0.5761 -0.0081 0.8173
vn -0.6552 0.0141 0.7553
vn -0.6214 0.0752 0.7799
vn -0.5130 0.0612 0.8562
vn -0.8598 0.3843 0.3363
vn -0.6993 0.1140 0.7057
vn 0.0142 0.0104 0.9998
vn -0.6394 0.7236 0.2599
vn -0.2865 0.0045 0.9581
vn -0.8748 0.4105 0.2573
vn 0.0391 0.0451 0.9982
vn -0.1279 0.0239 0.9915
vn -0.8298 0.3122 0.4625
vn 0.0436 0.0506 0.9978
vn 0.0185 0.0456 0.9988
vn -0.2140 -0.0887 0.9728
vn -0.6572 0.5310 0.5349
vn -0.0580 0.0325 0.9978
vn 0.1113 0.0511 0.9925
vn -0.6222 0.5185 0.5866
vn -0.6273 0.5247 0.5756
vn -0.6823 -0.2225 0.6964
vn -0.7772 -0.0370 0.6282
vn -0.7152 -0.2717 0.6440
vn -0.2114 -0.0898 0.9733
vn -0.6315 0.3385 0.6976
vn -0.9242 0.3263 0.1985
vn -0.7678 -0.1864 0.6130
vn -0.9453 0.2016 0.2563
vn -0.7426 -0.4006 0.5368
vn -0.8040 -0.2116 0.5557
vn -0.6573 -0.2931 0.6943
vn -0.5945 -0.4594 0.6600
vn 0.2846 -0.7529 0.5934
vn 0.3457 -0.7521 0.5612
vn -0.1844 -0.8180 0.5448
vn -0.2256 -0.8424 0.4894
vn -0.2622 -0.7382 0.6215
vn 0.7619 -0.2813 0.5834
vn 0.6890 -0.3542 0.6323
vn 0.0325 0.0526 0.9981
vn 0.7895 0.0491 0.6117
vn 0.7887 0.0455 0.6130
vn -0.0902 0.0353 0.9953
vn 0.4022 0.5427 0.7374
vn 0.3524 0.6805 0.6424
vn -0.0464 0.0230 0.9987
vn -0.0418 0.6927 0.7200
vn -0.0274 0.0258 0.9993
vn -0.0093 0.0276 0.9996
vn -0.0550 0.7276 0.6838
vn 0.0342 0.0231 0.9991
vn 0.0562 0.0234 0.9981
vn -0.1285 0.4741 0.8710
vn 0.0278 0.0201 0.9994
vn 0.0191 0.4255 0.9048
vn 0.0675 0.0254 0.9974
vn 0.0724 0.0100 0.9973
vn 0.0650 0.4308 0.9001
vn 0.1758 0.0208 0.9842
vn 0.0291 0.0187 0.9994
vn 0.0961 0.0233 0.9951
vn 0.2983 0.0617 0.9525
vn 0.0283 0.4391 0.8980
vn 0.4440 -0.1786 0.8780
vn 0.1554 -0.0461 0.9868
vn 0.0623 0.4222 0.9044
vn -0.0799 -0.0257 0.9965
vn -0.2424 -0.0120 0.9701
vn -0.0998 -0.0381 0.9943
vn -0.0977 -0.1754 0.9796
vn -0.1190 -0.0065 0.9929
vn -0.1065 -0.0408 0.9935
vn -0.0774 -0.1168 0.9901
vn -0.1703 0.0413 0.9845
vn -0.1063 -0.0413 0.9935
vn 0.0263 -0.0203 0.9994
vn -0.1175 0.0110 0.9930
vn 0.0169 -0.0151 0.9997
vn 0.0572 -0.0661 0.9962
vn -0.0157 -0.0171 0.9997
vn 0.0321 -0.0192 0.9993
vn 0.0446 -0.0192 0.9988
vn 0.1296 -0.0156 0.9914
vn 0.0545 -0.0054 0.9985
vn -0.1005 -0.0413 0.9941
vn 0.7641 -0.0035 0.6451
vn 0.2357 -0.0120 0.9718
vn 0.1896 -0.6052 0.7731
vn 0.1154 -0.0918 0.9891
vn 0.1216 -0.7386 0.6631
vn 0.0403 -0.0181 0.9990
vn 0.6174 -0.2027 0.7601
vn 0.3371 -0.5341 0.7753
vn 0.2312 -0.1212 0.9653
vn 0.5760 -0.4740 0.6660
vn 0.3314 0.0389 0.9427
vn 0.1426 -0.0257 0.9894
vn 0.3082 -0.0080 0.9513
vn 0.6166 -0.4967 0.6109
vn 0.7462 -0.3746 0.5504
vn 0.6046 -0.5114 0.6107
vn 0.5361 0.0346 0.8434
vn 0.7129 0.0537 0.6992
vn 0.4924 -0.0446 0.8692
vn 0.7591 0.2316 0.6084
vn 0.8112 0.4401 0.3850
vn 0.8109 -0.3194 0.4904
vn 0.8168 -0.2909 0.4982
vn 0.9553 0.1464 0.2568
vn 0.8583 -0.1653 0.4858
vn 0.9379 0.1019 0.3316
vn 0.7576 0.4346 0.4870
vn 0.7707 0.3561 0.5284
vn 0.6510 0.1862 0.7359
vn 0.7510 0.3502 0.5598
vn 0.7173 -0.2800 0.6381
vn 0.5312 -0.0574 0.8453
vn 0.5119 -0.0635 0.8567
vn 0.6860 0.2491 0.6836
vn 0.3190 0.0408 0.9469
vn 0.1502 -0.0304 0.9882
vn 0.1573 0.1044 0.9820
vn 0.1595 -0.0268 0.9868
vn 0.0685 0.0004 0.9977
vn 0.0920 0.0101 0.9957
vn 0.1494 0.4588 0.8759
vn 0.0490 -0.0006 0.9988
vn 0.3532 0.3463 0.8691
vn 0.4021 0.3836 0.8313
vn 0.1297 0.0025 0.9915
vn 0.3241 0.8772 0.3541
vn 0.4789 0.8432 -0.2441
vn 0.1892 -0.0055 0.9819
vn 0.2669 -0.0087 0.9637
vn 0.5338 0.0563 0.8437
vn 0.9198 0.2490 0.3033
vn 0.2857 -0.0022 0.9583
vn 0.3175 0.0035 0.9482
vn 0.2538 -0.0034 0.9672
vn 0.8014 0.0397 0.5968
vn 0.5631 0.0099 0.8264
vn 0.6187 -0.0009 0.7856
vn 0.6395 -0.0569 0.7667
vn 0.6363 -0.0571 0.7693
vn 0.7221 -0.1710 0.6703
vn 0.1520 -0.0080 0.9883
vn 0.1520 -0.0072 0.9883
vn 0.8296 -0.3887 0.4009
vn 0.3387 -0.0096 0.9408
vn 0.3393 -0.0092 0.9406
vn 0.7830 -0.3782 0.4938
vn 0.8550 -0.3062 0.4186
vn 0.1629 -0.0089 0.9866
vn 0.1627 -0.0096 0.9866
vn 0.0637 -0.0115 0.9979
vn 0.0704 -0.0096 0.9975
vn 0.7509 -0.6197 0.2281
vn 0.7644 -0.5125 0.3912
vn 0.0757 -0.0107 0.9971
vn 0.6933 -0.6154 0.3750
vn 0.0714 -0.0113 0.9974
vn 0.6164 -0.7603 0.2049
vn 0.0830 -0.0111 0.9965
vn 0.6650 -0.7423 0.0824
vn 0.4670 -0.8698 0.1596
vn 0.4678 -0.8520 0.2349
vn -0.1616 -0.1809 0.9701
vn 0.0165 -0.7805 0.6250
vn -0.1543 -0.1575 0.9754
vn 0.1547 -0.9437 0.2925
vn 0.3084 -0.9505 -0.0386
vn -0.0383 -0.2606 0.9647
vn 0.0158 -0.2426 0.9700
vn 0.0389 -0.7451 0.6658
vn 0.0243 -0.1850 0.9824
vn 0.0278 -0.6401 0.7678
vn 0.0084 -0.7660 0.6428
vn -0.0585 -0.8942 0.4439
vn 0.3235 -0.0552 0.9446
vn -0.1174 -0.9864 -0.1151
vn 0.0841 -0.2056 0.9750
vn -0.0505 -0.9066 0.4190
vn -0.1740 -0.0810 0.9814
vn 0.3223 -0.0541 0.9451
vn -0.4337 -0.8808 0.1898
vn 0.0177 -0.7602 0.6495
vn -0.3348 -0.9403 0.0615
vn -0.3553 -0.9287 0.1062
vn -0.3794 -0.0925 0.9206
vn -0.6032 -0.7966 -0.0406
vn -0.0680 0.0191 0.9975
vn -0.1052 -0.6493 0.7533
vn -0.0642 0.0190 0.9978
vn -0.6568 -0.7192 0.2265
vn -0.0013 0.0245 0.9997
vn -0.4682 -0.8803 0.0768
vn 0.0519 0.0197 0.9985
vn -0.6256 -0.7256 0.2866
vn -0.1240 -0.0095 0.9922
vn -0.6512 -0.6534 0.3860
vn -0.0609 -0.0048 0.9981
vn -0.6027 -0.2884 0.7441
vn -0.7128 -0.6279 0.3126
vn -0.1628 -0.0336 0.9861
vn -0.5252 -0.6337 0.5680
vn -0.0296 -0.0039 0.9996
vn -0.7831 -0.5094 0.3566
vn -0.0930 -0.0235 0.9954
vn -0.0672 -0.0225 0.9975
vn -0.0435 -0.0074 0.9990
vn -0.7032 -0.1491 0.6952
vn -0.1664 -0.0152 0.9859
vn -0.7680 -0.4519 0.4539
vn -0.6958 -0.4962 0.5192
vn -0.2790 -0.0144 0.9602
vn -0.3925 0.1988 -0.8980
vn -0.3929 0.1982 -0.8979
vn 0.6473 -0.7621 0.0170
vn 0.6467 -0.7627 -0.0074
vn -0.7596 0.6504 0.0057
vn -0.0275 0.0231 0.9994
vn -0.1604 0.0115 0.9870
vn -0.0012 0.0272 0.9996
vn 0.0363 0.0491 0.9981
vn -0.0123 0.0320 0.9994
vn -0.0604 0.0253 0.9979
vn -0.0267 0.0252 0.9993
vn 0.0609 0.0362 0.9975
vn -0.0430 0.0299 0.9986
vn -0.6331 0.2772 0.7228
vn -0.6993 -0.1610 0.6965
vn -0.4227 -0.0253 0.9059
vn -0.5423 -0.6541 0.5274
vn -0.8213 -0.2022 0.5335
vn 0.0879 -0.7511 0.6543
vn 0.2365 -0.6863 0.6877
vn 0.5033 -0.2181 0.8361
vn 0.7824 -0.3252 0.5311
vn 0.6037 -0.5928 0.5331
vn 0.3534 0.0657 0.9332
vn 0.6608 0.0089 0.7505
vn 0.3865 0.2613 0.8845
vn 0.5060 0.5091 0.6963
vn 0.7480 0.3602 0.5574
vn 0.5772 0.5921 0.5623
vn 0.2118 0.7662 0.6068
vn 0.4204 0.4873 0.7654
vn -0.1431 0.7429 0.6539
vn 0.1586 0.7213 0.6743
vn -0.5206 0.6154 0.5918
vn -0.0947 0.8230 0.5601
vn -0.5614 0.6201 0.5480
vn -0.5185 0.6390 0.5681
vn -0.7628 0.3153 0.5646
vn -0.6905 0.7177 0.0904
vn 0.3035 -0.1613 -0.9391
vn 0.7697 -0.6384 0.0001
vn -0.6967 0.7165 0.0338
vn -0.6054 0.0365 -0.7951
vn -0.8694 0.0391 -0.4925
vn -0.5346 0.0488 -0.8437
vn -0.0424 0.0243 -0.9988
vn -0.7664 -0.1408 -0.6268
vn -0.1479 0.0202 -0.9888
vn -0.1481 0.0209 -0.9888
vn -0.0697 0.0141 -0.9975
vn -0.6752 -0.5066 -0.5361
vn -0.1278 0.0187 -0.9916
vn -0.8307 -0.5420 -0.1269
vn -0.0570 0.0146 -0.9983
vn 0.0119 -0.0009 -0.9999
vn -0.8556 -0.4810 -0.1914
vn -0.6698 -0.4771 -0.5690
vn -0.0641 0.0055 -0.9979
vn -0.5785 -0.7438 -0.3348
vn -0.0388 0.0056 -0.9992
vn -0.5914 -0.2463 -0.7679
vn -0.0426 0.0002 -0.9991
vn -0.5501 -0.7655 -0.3338
vn -0.0761 0.0038 -0.9971
vn -0.7565 -0.6535 -0.0257
vn -0.1175 0.0006 -0.9931
vn -0.0185 -0.0054 -0.9998
vn -0.2701 0.0089 -0.9628
vn -0.7139 -0.5179 -0.4714
vn -0.0056 -0.0016 -1.0000
vn -0.0307 0.0005 -0.9995
vn -0.1314 -0.6423 -0.7551
vn -0.4555 -0.8829 0.1140
vn 0.0036 0.0007 -1.0000
vn -0.4246 -0.1029 -0.8995
vn -0.0285 0.0002 -0.9996
vn -0.3501 -0.9197 -0.1778
vn -0.6572 -0.6690 -0.3471
vn -0.4885 -0.8680 0.0897
vn -0.0068 0.0015 -1.0000
vn 0.0085 -0.8178 -0.5754
vn -0.2802 -0.9455 -0.1657
vn 0.2739 -0.0378 -0.9610
vn -0.3029 -0.2377 -0.9229
vn 0.0739 0.0111 -0.9972
vn 0.2801 -0.0155 -0.9598
vn -0.0696 -0.9808 -0.1824
vn 0.1307 -0.0052 -0.9914
vn 0.3251 -0.0599 -0.9438
vn -0.3995 -0.9145 -0.0635
vn 0.1727 -0.0838 -0.9814
vn -0.0094 -0.7195 -0.6944
vn 0.0012 -0.0262 -0.9997
vn 0.0051 -0.0480 -0.9988
vn -0.0012 -0.5971 -0.8022
vn -0.0169 -0.7262 -0.6872
vn 0.0064 -0.6466 -0.7628
vn -0.2207 0.0024 -0.9753
vn -0.0293 -0.8723 -0.4881
vn -0.1553 -0.0474 -0.9867
vn -0.1093 0.0160 -0.9939
vn 0.3452 -0.9244 -0.1622
vn -0.0256 0.0145 -0.9996
vn -0.2848 -0.0485 -0.9574
vn 0.1233 -0.9803 -0.1540
vn 0.3446 -0.9268 -0.1495
vn -0.0249 0.0261 -0.9993
vn 0.5126 -0.8570 0.0537
vn 0.1029 0.0043 -0.9947
vn 0.6187 -0.7519 -0.2275
vn -0.0204 0.0260 -0.9995
vn 0.0408 0.0158 -0.9990
vn 0.0800 0.0019 -0.9968
vn 0.6537 -0.6501 -0.3875
vn 0.0196 0.0071 -0.9998
vn 0.6041 -0.7490 -0.2721
vn 0.6469 -0.7127 -0.2713
vn 0.0254 -0.0033 -0.9997
vn 0.7077 -0.6513 -0.2738
vn 0.1182 -0.0191 -0.9928
vn 0.0417 -0.0036 -0.9991
vn 0.7240 -0.5264 -0.4458
vn 0.6838 -0.4619 -0.5648
vn 0.1260 -0.0080 -0.9920
vn 0.7024 -0.3401 -0.6253
vn 0.1952 -0.0181 -0.9806
vn 0.1438 -0.0038 -0.9896
vn 0.3927 -0.0057 -0.9196
vn 0.7543 -0.3467 -0.5575
vn 0.8218 -0.2545 -0.5099
vn 0.4646 -0.0491 -0.8842
vn 0.3405 -0.0237 -0.9400
vn 0.2248 -0.0082 -0.9744
vn 0.1690 -0.0046 -0.9856
vn 0.6592 -0.1053 -0.7445
vn 0.6134 -0.0661 -0.7870
vn 0.6292 -0.0640 -0.7746
vn 0.6468 -0.0214 -0.7623
vn 0.6020 -0.0131 -0.7984
vn 0.6447 0.0788 -0.7604
vn 0.6975 0.0757 -0.7126
vn 0.5475 0.0577 -0.8348
vn 0.7322 0.0935 -0.6747
vn 0.5971 0.1097 -0.7946
vn 0.8653 0.3981 -0.3045
vn 0.8789 0.3776 -0.2915
vn -0.0557 0.0262 -0.9981
vn 0.6127 0.7338 -0.2935
vn 0.2157 -0.0020 -0.9765
vn 0.1803 -0.0010 -0.9836
vn -0.0182 0.0495 -0.9986
vn 0.8483 0.3210 -0.4212
vn 0.1067 0.0316 -0.9938
vn 0.0911 0.0508 -0.9945
vn 0.8157 0.4014 -0.4167
vn -0.0098 0.0442 -0.9990
vn -0.0911 0.0558 -0.9943
vn 0.5258 0.4317 -0.7330
vn 0.5081 0.4697 -0.7219
vn 0.1952 -0.0729 -0.9780
vn 0.5944 0.5593 -0.5778
vn 0.0839 0.0211 -0.9963
vn -0.2033 0.0574 -0.9774
vn 0.6203 0.5289 -0.5792
vn 0.1513 -0.0842 -0.9849
vn 0.3918 -0.1634 -0.9054
vn 0.7522 0.5222 -0.4019
vn 0.4065 -0.3210 -0.8554
vn 0.5666 0.4280 -0.7041
vn 0.6818 -0.0820 -0.7269
vn 0.7474 -0.4916 -0.4469
vn 0.7666 -0.4323 -0.4748
vn 0.8323 -0.2572 -0.4911
vn 0.9005 0.0857 -0.4264
vn 0.9218 0.1317 -0.3647
vn 0.2647 -0.3523 -0.8976
vn 0.4489 -0.6719 -0.5891
vn 0.4185 -0.8244 -0.3811
vn 0.5204 -0.7145 -0.4676
vn 0.6931 -0.5034 -0.5160
vn -0.3474 -0.7616 -0.5471
vn 0.1628 -0.8414 -0.5152
vn 0.1751 -0.8489 -0.4986
vn -0.3557 -0.7597 -0.5443
vn -0.7735 -0.3303 -0.5410
vn -0.7440 -0.3607 -0.5625
vn -0.1939 0.0576 -0.9793
vn -0.7781 0.0594 -0.6253
vn -0.8120 0.1339 -0.5681
vn -0.0192 0.0622 -0.9979
vn -0.4094 0.5250 -0.7462
vn -0.3764 0.6161 -0.6919
vn 0.0879 0.0724 -0.9935
vn 0.0794 0.6828 -0.7263
vn 0.0224 0.0772 -0.9968
vn 0.0833 0.6925 -0.7166
vn -0.0155 0.4433 -0.8962
vn 0.1656 0.4935 -0.8538
vn -0.0096 -0.0880 -0.9961
vn 0.0279 0.5230 -0.8519
vn -0.0685 0.0176 -0.9975
vn -0.2181 0.0456 -0.9749
vn -0.0440 -0.0300 -0.9986
vn -0.1279 0.0217 -0.9916
vn -0.0630 0.5111 -0.8572
vn -0.0333 -0.1034 -0.9941
vn 0.2415 -0.0493 -0.9692
vn 0.0005 0.6681 -0.7441
vn 0.1052 0.0923 -0.9902
vn 0.1850 -0.0917 -0.9785
vn 0.9289 -0.3216 -0.1836
vn 0.5735 -0.2044 -0.7933
vn 0.0782 -0.1611 -0.9838
vn -0.0299 -0.0164 0.9994
vn -0.0571 -0.0669 -0.9961
vn -0.0395 -0.0054 -0.9992
vn -0.0555 0.0157 -0.9983
vn 0.1753 -0.0261 -0.9842
vn -0.6887 0.0006 -0.7250
vn -0.0379 -0.0050 -0.9993
vn -0.1238 -0.0888 -0.9883
vn -0.1918 -0.6059 -0.7720
vn -0.6200 -0.1045 -0.7776
vn -0.1166 -0.7456 -0.6561
vn -0.2174 0.0291 -0.9757
vn -0.1883 -0.6092 -0.7703
vn -0.1452 -0.0066 -0.9894
vn -0.3103 0.0090 -0.9506
vn -0.7228 -0.3788 -0.5780
vn -0.4549 -0.6784 -0.5770
vn -0.4093 0.0369 -0.9117
vn -0.4394 -0.1972 -0.8764
vn -0.3461 0.0002 -0.9382
vn -0.6333 -0.1810 -0.7525
vn -0.2645 0.1168 -0.9573
vn -0.0727 -0.0229 -0.9971
vn -0.2518 0.1496 -0.9561
vn -0.1928 -0.0095 -0.9812
vn -0.0818 -0.0203 -0.9964
vn -0.1774 0.0318 -0.9836
vn -0.1754 0.1154 -0.9777
vn -0.0487 -0.0230 -0.9985
vn -0.1180 0.0281 -0.9926
vn -0.1638 0.4048 -0.8996
vn -0.3961 0.3451 -0.8509
vn -0.2885 0.2580 -0.9221
vn -0.1252 0.0247 -0.9918
vn -0.5118 0.8197 0.2572
vn -0.3498 0.8398 -0.4152
vn -0.4656 0.0693 -0.8823
vn -0.8867 0.1724 -0.4290
vn -0.5512 0.0988 -0.8285
vn -0.6502 0.0874 -0.7547
vn -0.9636 0.0771 -0.2560
vn 0.0093 0.0175 -0.9998
vn -0.2347 -0.9393 -0.2504
vn -0.9632 0.0521 -0.2638
vn -0.5039 0.8052 -0.3126
vn -0.2541 0.9371 -0.2394
vn 0.0076 0.9521 -0.3056
vn -0.0011 0.9492 -0.3145
vn 0.5139 0.8116 -0.2778
vn 0.2572 0.9116 -0.3206
vn 0.9505 0.0892 -0.2977
vn 0.9551 0.0586 -0.2904
vn 0.0804 0.0106 -0.9967
vn 0.1919 -0.9395 -0.2837
vn 0.1083 0.0051 -0.9941
vn 0.1083 0.0054 -0.9941
vn 0.3880 -0.0360 -0.9210
vn 0.3877 -0.0362 -0.9211
vn 0.1872 -0.9410 -0.2819
vn 0.0054 0.0083 -1.0000
vn -0.0231 -0.9696 -0.2434
vn -0.0272 0.0265 -0.9993
vn 0.0070 0.0134 -0.9999
vn 0.0161 0.0119 -0.9998
vn -0.0034 -0.9647 -0.2635
vn -0.0581 0.0265 -0.9980
vn 0.0736 0.0183 -0.9971
vn -0.1926 -0.9478 -0.2542
vn -0.3487 0.1416 0.9265
vn -1.0000 0.0010 -0.0091
vn -0.7941 0.6077 -0.0096
vn -0.8259 0.5635 -0.0196
vn -0.0628 0.9880 -0.1408
vn 0.2481 0.9687 -0.0063
vn -0.7681 0.6399 -0.0260
vn 0.4611 0.8851 0.0639
vn 0.5372 0.8257 -0.1723
vn 0.6319 0.7623 -0.1399
vn 0.8596 0.4909 -0.1415
vn 0.8039 0.5709 -0.1666
vn 0.9989 -0.0328 -0.0345
vn 0.9334 0.3310 -0.1386
vn 0.6694 -0.7415 0.0449
vn 0.8255 -0.5634 -0.0316
vn 0.6716 -0.7406 0.0228
vn -0.0206 -0.9997 0.0140
vn -0.0152 -0.9998 0.0127
vn 0.6697 -0.7418 0.0356
vn -0.6127 -0.7903 -0.0080
vn -0.6220 -0.7830 -0.0060
vn -0.9187 -0.3947 -0.0129
vn -0.9063 -0.4221 -0.0183
vn -0.9997 -0.0212 -0.0158
vn -0.4039 0.0427 -0.9138
vn -0.6035 0.0798 -0.7934
vn -0.5288 0.2799 -0.8012
vn -0.4379 0.6078 -0.6624
vn -0.4681 0.6960 -0.5445
vn -0.7645 0.3403 -0.5474
vn -0.1809 0.8250 -0.5354
vn -0.5733 0.6402 -0.5114
vn 0.1783 0.7820 -0.5972
vn -0.0781 0.7688 -0.6347
vn 0.7214 0.5671 -0.3974
vn 0.0961 0.8978 -0.4298
vn 0.5371 0.4602 -0.7069
vn 0.9859 0.1392 -0.0932
vn 0.7067 0.6612 -0.2518
vn 0.9811 0.1101 0.1589
vn 0.9812 0.1098 0.1590
vn 0.9831 -0.1366 0.1219
vn 0.9831 -0.1362 0.1219
vn 0.9866 -0.1001 -0.1287
vn 0.9867 -0.0999 -0.1284
vn 0.7931 -0.3676 0.4857
vn 0.9205 -0.3876 0.0488
vn 0.8564 -0.3975 0.3295
vn 0.8110 -0.4871 0.3239
vn 0.7732 -0.5449 -0.3244
vn 0.4955 -0.7918 -0.3571
vn -0.1156 -0.8065 -0.5798
vn -0.4117 -0.2107 -0.8866
vn -0.4659 -0.6345 -0.6167
vn -0.7122 -0.3366 -0.6160
vn -0.9728 -0.0257 -0.2302
vn -0.7738 -0.5901 -0.2302
vn -0.9737 -0.0165 -0.2273
vn -0.7091 0.6749 -0.2042
vn -0.7107 0.6831 -0.1684
vn -0.8698 0.4327 -0.2373
vn -0.0060 0.9854 -0.1701
vn -0.1101 0.9732 -0.2020
vn -0.7137 0.6783 -0.1749
vn 0.6066 0.7671 -0.2088
vn 0.6866 0.7035 -0.1833
vn 0.9035 0.3875 -0.1828
vn 0.9038 0.3873 -0.1822
vn 0.8642 0.4603 -0.2031
vn 0.9860 0.0056 -0.1664
vn 0.9861 0.0062 -0.1661
vn 0.9856 0.0124 -0.1688
vn 0.9857 0.0126 -0.1681
vn 0.5486 -0.3794 0.7450
vn 0.8964 -0.4123 -0.1630
vn 0.7963 -0.5946 -0.1111
vn 0.0525 -0.9886 -0.1409
vn 0.7547 -0.6481 -0.1014
vn -0.2666 -0.9625 -0.0507
vn -0.4024 -0.8947 -0.1939
vn -0.7016 -0.7035 -0.1129
vn -0.8674 -0.4627 -0.1831
vn -0.9992 -0.0082 -0.0397
vn -0.9992 -0.0093 0.0390
vn -0.9750 -0.0292 0.2204
vn -0.9745 -0.0423 0.2205
vn -0.9818 -0.0292 0.1875
vn -0.9769 -0.0423 0.2094
vn -0.8885 0.0781 -0.4523
vn -0.9074 0.0621 -0.4156
vn -0.9961 0.0866 -0.0143
vn -0.8884 0.0278 0.4582
vn -0.8966 0.0751 -0.4365
vn -0.9937 0.0773 -0.0810
vn -0.9951 0.0576 0.0801
vn -0.9981 0.0613 -0.0095
vn -0.9619 0.0051 0.2735
vn -0.9851 0.1696 0.0284
vn -0.9081 0.1511 0.3905
vn -0.8703 0.1880 -0.4553
vn -0.9146 0.1541 -0.3739
vn -0.9860 0.1571 -0.0562
vn -0.9742 0.2056 -0.0927
vn -0.9872 0.1564 -0.0300
vn -0.9838 0.0971 0.1509
vn -0.9917 0.1023 0.0784
vn -0.8795 0.2026 -0.4306
vn -0.9352 0.1674 -0.3122
vn -0.9744 0.2248 -0.0031
vn -0.9018 0.1570 0.4026
vn -0.6990 0.1112 0.7064
vn -0.6958 0.1139 0.7091
vn -0.9747 0.2220 0.0262
vn -0.9716 0.2345 -0.0309
vn -0.9592 0.2556 0.1211
vn -0.9609 0.2417 0.1352
vn -0.9604 0.2552 0.1121
vn -0.9462 0.3199 0.0490
vn -0.8975 0.2116 0.3869
vn -0.9087 0.3045 0.2854
vn -0.5975 0.1462 -0.7884
vn -0.8370 0.3865 -0.3873
vn -0.9589 0.2815 -0.0353
vn -0.9182 0.3867 -0.0863
vn -0.9035 0.4123 -0.1169
vn -0.9399 0.3413 -0.0097
vn -0.9210 0.3863 -0.0500
vn -0.9093 0.4080 0.0816
vn -0.9250 0.3479 0.1526
vn -0.9126 0.4057 0.0510
vn -0.9019 0.2397 -0.3593
vn -0.9087 0.3857 -0.1597
vn -0.9240 0.3814 0.0291
vn -0.8946 0.4275 0.1302
vn -0.9211 0.3892 0.0140
vn -0.8508 0.4043 0.3357
vn -0.8508 0.4043 0.3358
vn -0.8595 0.4938 -0.1317
vn -0.8902 0.4546 0.0283
vn -0.8735 0.4577 0.1657
vn -0.8191 0.5733 0.0212
vn -0.8193 0.5733 0.0090
vn -0.5198 0.8093 -0.2734
vn -0.8286 0.5598 -0.0015
vn -0.8096 0.5568 0.1857
vn -0.8493 0.5125 -0.1269
vn -0.8518 0.5196 0.0664
vn -0.3915 0.9193 -0.0393
vn -0.3913 0.7003 0.5971
vn -0.6414 0.6669 0.3793
vn -0.7061 -0.3889 -0.5918
vn -0.8627 -0.0432 -0.5039
vn -0.8260 -0.3899 -0.4071
vn -0.6135 -0.7272 -0.3079
vn -0.7425 -0.0370 -0.6688
vn -0.8197 -0.0040 -0.5727
vn -0.8191 0.1388 -0.5567
vn -0.8251 0.2210 -0.5200
vn -0.7894 -0.2600 0.5560
vn -0.7776 -0.0423 0.6273
vn -0.7781 -0.2826 0.5610
vn -0.8898 -0.1247 0.4391
vn -0.5507 -0.7781 0.3022
vn -0.7919 0.0200 0.6103
vn -0.8308 0.0428 0.5549
vn -0.8505 0.1260 0.5107
vn -0.8474 0.1409 0.5120
vn -0.8325 0.1138 0.5422
vn -0.7945 -0.0419 0.6058
vn -0.6556 -0.0950 0.7491
vn -0.8058 0.0138 0.5921
vn -0.8444 0.2415 -0.4783
vn -0.8261 0.2093 -0.5232
vn -0.8370 0.1545 -0.5249
vn -0.8551 0.2074 -0.4751
vn -0.9059 0.1572 -0.3932
vn -0.8720 0.1270 -0.4727
vn -0.8227 0.1282 -0.5539
vn -0.8221 0.1279 -0.5548
vn -0.8457 0.2666 -0.4622
vn -0.9033 0.2104 -0.3738
vn -0.8810 0.1666 0.4428
vn -0.9103 0.2200 0.3507
vn -0.8884 0.1325 0.4395
vn -0.9098 0.1699 0.3787
vn -0.8488 0.1820 0.4963
vn -0.8593 0.1150 0.4984
vn -0.8746 0.1317 0.4666
vn -0.8101 0.1802 0.5579
vn -0.8210 0.0702 0.5665
vn -0.8262 0.1153 0.5514
vn -0.8259 0.1151 0.5519
vn -0.9232 0.1051 -0.3698
vn -0.9217 -0.0551 -0.3840
vn -0.9102 0.0627 -0.4094
vn -0.9184 0.1089 0.3804
vn -0.9224 -0.1054 0.3715
vn -0.9307 0.0043 0.3657
vn -0.9159 -0.0839 -0.3925
vn -0.9109 -0.0897 -0.4028
vn -0.9069 0.0694 -0.4156
vn -0.8897 -0.0769 -0.4501
vn -0.8551 -0.2831 -0.4343
vn -0.9366 -0.0846 -0.3400
vn -0.8781 -0.0876 -0.4704
vn -0.9148 -0.1029 0.3905
vn -0.9117 0.0532 0.4074
vn -0.9126 -0.1058 0.3948
vn -0.8792 -0.0936 0.4671
vn -0.8798 -0.0931 0.4662
vn -0.8439 -0.2764 0.4598
vn -0.8543 -0.2644 0.4476
vn -0.8514 -0.2736 -0.4475
vn -0.7617 -0.4230 -0.4908
vn -0.7175 -0.4235 -0.5531
vn -0.7653 -0.3827 -0.5175
vn -0.8292 -0.2971 -0.4734
vn -0.8181 -0.2763 -0.5044
vn -0.7442 -0.2950 -0.5993
vn -0.8347 -0.2626 0.4841
vn -0.8094 -0.2814 0.5154
vn -0.7675 -0.2735 0.5798
vn -0.7677 -0.2740 0.5793
vn -0.7866 -0.1274 -0.6041
vn -0.7484 -0.3637 0.5547
vn -0.7447 -0.3576 0.5634
vn -0.6893 -0.3669 0.6247
vn -0.7748 -0.1228 -0.6201
vn -0.7468 -0.2873 -0.5998
vn -0.7251 -0.1229 -0.6776
vn -0.7465 -0.2867 -0.6004
vn -0.7134 -0.2846 -0.6403
vn -0.7391 -0.1279 -0.6613
vn -0.7978 0.0404 0.6016
vn -0.7636 0.0630 0.6426
vn 0.3898 0.9158 0.0969
vn 0.4036 0.9053 0.1326
vn 0.5625 0.7883 0.2493
vn 0.7672 0.5879 0.2566
vn 0.3542 0.9232 0.1492
vn 0.4005 0.8896 0.2195
vn 0.3894 0.8999 0.1965
vn 0.8691 0.4744 0.1400
vn 0.6076 0.4651 0.6438
vn 0.7869 0.4688 0.4012
vn 0.3462 0.9094 0.2305
vn 0.8129 0.5082 0.2846
vn 0.3524 0.9034 0.2444
vn 0.6141 0.4733 0.6315
vn 0.8367 0.4817 0.2605
vn 0.3430 0.9331 0.1082
vn 0.3629 0.8719 0.3288
vn 0.3461 0.9063 0.2424
vn 0.7916 0.5131 0.3319
vn 0.2803 0.9432 0.1782
vn 0.4893 0.8504 0.1935
vn 0.3385 0.8895 0.3071
vn 0.2498 0.9431 0.2195
vn 0.7985 0.5518 0.2408
vn 0.2837 0.9042 0.3192
vn 0.4992 0.5605 0.6608
vn 0.2323 0.9714 0.0498
vn 0.2550 0.6003 0.7580
vn 0.2564 0.9050 0.3395
vn 0.7323 0.2472 0.6346
vn 0.1633 0.9776 0.1328
vn 0.8062 0.5779 0.1268
vn 0.2575 0.8541 0.4519
vn 0.1317 0.9792 -0.1542
vn 0.1311 0.9794 -0.1536
vn 0.1868 0.4924 0.8501
vn 0.1863 0.4931 0.8498
vn 0.6378 0.1373 0.7579
vn 0.1424 0.9896 -0.0184
vn 0.1433 0.9895 -0.0185
vn 0.2507 0.7800 0.5734
vn 0.2515 0.7800 0.5731
vn 0.1800 0.7473 0.6396
vn 0.1802 0.7478 0.6390
vn 0.6356 0.5475 0.5442
vn 0.6357 0.5481 0.5436
vn 0.4215 0.8315 0.3617
vn 0.0343 0.9993 -0.0126
vn 0.1644 0.7220 0.6721
vn 0.4433 0.4724 0.7618
vn 0.0062 0.9398 0.3415
vn 0.9906 0.0177 0.1357
vn 0.0366 0.6939 0.7192
vn 0.3621 0.3916 0.8459
vn 0.7312 0.3824 0.5649
vn 0.0064 0.6995 0.7146
vn 0.0071 0.7054 0.7087
vn 0.0065 0.7059 0.7083
vn 0.0065 0.4723 0.8814
vn 0.0057 0.4726 0.8813
vn 0.0064 0.8890 0.4579
vn 0.0001 0.8865 0.4626
vn 0.0064 0.8894 0.4571
vn 0.0055 0.9517 0.3070
vn 0.0062 0.9519 0.3064
vn 0.0062 0.9348 0.3552
vn 0.0045 0.9342 0.3568
vn 0.0062 0.9351 0.3544
vn 0.0045 0.6231 0.7821
vn 0.0036 0.6223 0.7827
vn 0.0045 0.6250 0.7806
vn 0.4112 0.0695 0.9089
vn 0.0063 0.6445 0.7645
vn 0.0069 0.6450 0.7642
vn 0.0015 0.6503 0.7597
vn 0.2460 0.4941 0.8339
vn 0.2460 0.4949 0.8334
vn 0.0064 0.8943 0.4475
vn 0.0149 0.8954 0.4450
vn 0.0056 0.8945 0.4470
vn 0.5851 0.6191 0.5238
vn 0.5867 0.6238 0.5164
vn 0.0301 0.9211 0.3882
vn 0.0307 0.9213 0.3876
vn 0.0693 0.9180 0.3904
vn 0.0692 0.9184 0.3896
vn 0.0159 0.9287 0.3704
vn 0.0167 0.9288 0.3701
vn 0.0091 0.9377 0.3475
vn 0.0100 0.9377 0.3473
vn 0.0155 0.9265 0.3760
vn 0.0164 0.9265 0.3759
vn 0.0167 0.9237 0.3829
vn 0.0176 0.9237 0.3827
vn 0.0041 0.9502 0.3115
vn 0.0061 0.9499 0.3126
vn 0.0070 0.9499 0.3126
vn 0.0465 0.6368 0.7697
vn 0.0612 0.5740 0.8165
vn 0.1162 0.5764 0.8088
vn 0.0380 0.6355 0.7712
vn 0.0193 0.6647 0.7469
vn 0.0086 0.6507 0.7593
vn 0.0009 0.6635 0.7482
vn 0.0161 0.6451 0.7639
vn 0.0162 0.4835 0.8752
vn -0.0973 0.6211 0.7777
vn -0.2114 0.8143 0.5405
vn -0.2125 0.8153 0.5386
vn -0.2319 0.4878 0.8416
vn -0.2068 0.4524 0.8675
vn 0.0039 0.4593 0.8883
vn 0.0062 0.4596 0.8881
vn 0.0035 0.4604 0.8877
vn -0.4884 0.6697 0.5595
vn -0.4881 0.6713 0.5578
vn -0.2445 0.6924 0.6789
vn -0.2429 0.6939 0.6779
vn 0.0002 0.0609 0.9981
vn 0.0016 0.0611 0.9981
vn -0.3549 0.4820 0.8011
vn -0.3540 0.4830 0.8009
vn -0.0554 0.9875 0.1477
vn -0.9792 0.0314 0.2004
vn 0.0207 0.7929 0.6090
vn -0.1618 0.9842 0.0716
vn -0.1762 0.2711 0.9463
vn -0.0569 0.8147 0.5771
vn -0.7339 0.4050 0.5453
vn -0.1909 0.2881 0.9384
vn -0.4570 0.4393 0.7734
vn -0.1856 0.9656 0.1823
vn -0.5244 0.7057 0.4764
vn -0.1179 0.8979 0.4241
vn -0.1064 0.8745 0.4733
vn -0.4724 0.3165 0.8226
vn -0.5215 0.3761 0.7659
vn -0.2562 0.9472 0.1930
vn -0.2654 0.3614 0.8938
vn -0.1966 0.8911 0.4089
vn -0.6573 0.5927 0.4655
vn -0.4861 0.6112 0.6247
vn -0.2398 0.9207 0.3079
vn -0.7367 0.5969 0.3178
vn -0.2313 0.9118 0.3394
vn -0.6543 0.3716 0.6586
vn -0.3521 0.9150 0.1971
vn -0.3860 0.4572 0.8012
vn -0.2400 0.9183 0.3148
vn -0.5537 0.6309 0.5435
vn -0.3035 0.9076 0.2900
vn -0.7239 0.6103 0.3217
vn -0.6983 0.4464 0.5595
vn -0.3197 0.9278 0.1921
vn -0.4993 0.7860 0.3645
vn -0.5122 0.5002 0.6982
vn -0.6215 0.6258 0.4712
vn -0.3594 0.9110 0.2022
vn -0.8287 0.5048 0.2420
vn -0.3311 0.9076 0.2581
vn -0.7766 0.5207 0.3546
vn -0.4344 0.8928 0.1188
vn -0.3921 0.1913 0.8998
vn -0.3596 0.8909 0.2775
vn -0.8487 0.4804 0.2214
vn -0.5299 0.3632 0.7663
vn -0.7391 0.4952 0.4566
vn -0.4008 0.8970 0.1865
vn -0.8187 0.5392 0.1974
vn -0.4242 0.8910 0.1619
vn -0.8471 0.3134 0.4292
vn -0.4328 0.8991 0.0661
vn -0.6268 0.7510 0.2076
vn -0.4003 0.9098 0.1093
vn -0.7363 0.4248 0.5267
vn -0.8849 0.4522 0.1120
vn -0.7125 0.3808 0.5894
vn -0.8296 0.4573 0.3204
vn -0.4333 0.8991 0.0623
vn -0.8138 0.5777 0.0637
vn -0.8444 0.4736 0.2502
vn -0.8622 0.4793 0.1638
vn -0.4206 0.9068 0.0296
vn -0.7738 0.6166 0.1454
vn -0.3342 0.9306 0.1494
vn -0.6805 0.7128 0.1697
vn -0.7913 0.5427 0.2817
vn 0.2644 0.9513 0.1585
vn -0.1150 0.9812 0.1549
vn -0.2547 0.9668 0.0203
vn -0.2904 0.9529 -0.0873
vn -0.2986 0.7628 0.5736
vn -0.2955 0.6846 0.6663
vn -0.3756 0.7371 0.5617
vn 0.4068 0.8890 0.2103
vn 0.3686 0.8978 0.2411
vn -0.1056 0.9935 -0.0429
vn 0.1066 0.9816 0.1583
vn -0.1205 0.9893 -0.0828
vn 0.1266 0.9914 0.0338
vn 0.2229 0.9740 0.0413
vn -0.1059 0.9907 -0.0855
vn -0.1012 0.9917 -0.0790
vn -0.1067 0.9903 -0.0887
vn 0.1049 0.9845 0.1406
vn 0.1337 0.9800 0.1474
vn 0.5240 0.8362 0.1620
vn 0.4347 0.8661 0.2468
vn -0.0767 0.9970 -0.0139
vn -0.0770 0.9969 -0.0139
vn 0.2800 0.9599 0.0115
vn -0.1051 0.9923 -0.0662
vn -0.1049 0.9923 -0.0664
vn -0.0796 0.9956 -0.0491
vn -0.0746 0.9965 0.0381
vn -0.0744 0.9965 0.0379
vn 0.2862 0.9523 0.1059
vn -0.0589 0.9902 -0.1268
vn -0.0600 0.9892 -0.1338
vn -0.0503 0.9987 -0.0041
vn 0.3413 0.9397 0.0243
vn -0.0521 0.9986 -0.0089
vn 0.1080 0.9620 0.2506
vn -0.0612 0.9878 -0.1429
vn -0.0154 0.9602 0.2787
vn -0.0490 0.9987 0.0144
vn 0.4466 0.8405 0.3068
vn 0.3591 0.8508 0.3836
vn -0.0437 0.9985 -0.0321
vn -0.0446 0.9985 -0.0320
vn 0.2784 0.9603 -0.0194
vn -0.0563 0.9959 -0.0702
vn -0.0554 0.9960 -0.0706
vn -0.0511 0.9899 -0.1321
vn -0.0512 0.9900 -0.1312
vn -0.0024 0.9405 0.3397
vn 0.4539 0.8071 0.3776
vn 0.3258 0.8053 0.4953
vn -0.0531 0.9846 -0.1668
vn -0.0162 0.9974 0.0709
vn -0.0534 0.9862 -0.1569
vn -0.0527 0.9861 -0.1576
vn 0.1937 0.9716 0.1360
vn 0.0683 0.9977 -0.0038
vn -0.0154 0.9956 -0.0925
vn -0.0586 0.9435 -0.3262
vn 0.0912 0.9824 0.1631
vn -0.0058 0.9998 -0.0168
vn 0.2320 0.9727 -0.0086
vn -0.0160 0.9873 -0.1582
vn -0.0020 0.9717 0.2361
vn -0.0032 0.9718 0.2360
vn -0.0054 0.9980 0.0623
vn -0.0065 0.9980 0.0622
vn -0.0054 0.9980 0.0626
vn -0.0058 0.9999 0.0163
vn -0.0056 0.9999 0.0118
vn -0.0058 0.9999 0.0121
vn -0.0058 0.9999 -0.0132
vn -0.0088 0.9998 -0.0156
vn -0.0058 0.9999 -0.0127
vn -0.0058 0.9999 0.0098
vn -0.0055 0.9999 0.0094
vn 0.2522 0.8181 0.5168
vn 0.2501 0.8174 0.5190
vn -0.0053 0.9920 0.1264
vn -0.0057 0.9918 0.1275
vn -0.0050 0.9919 0.1266
vn 0.0892 0.9869 0.1348
vn 0.0900 0.9867 0.1356
vn 0.0055 0.9933 0.1158
vn 0.0052 0.9932 0.1160
vn 0.0032 0.9933 0.1158
vn 0.0033 0.9932 0.1161
vn -0.0017 0.9991 0.0416
vn -0.0058 0.9992 0.0408
vn -0.0061 0.9991 0.0408
vn -0.0749 0.9901 0.1184
vn -0.0723 0.9899 0.1217
vn -0.0058 0.9938 0.1111
vn -0.0071 0.9933 0.1150
vn -0.0054 0.9938 0.1113
vn 0.0072 1.0000 -0.0060
vn -0.0178 0.9846 -0.1742
vn 0.0502 0.9965 -0.0673
vn 0.0388 0.9933 -0.1091
vn 0.0193 0.9776 -0.2094
vn 0.0128 0.9660 -0.2582
vn 0.0584 0.9936 -0.0967
vn 0.0441 0.9912 -0.1248
vn 0.0618 0.9964 -0.0586
vn 0.0705 0.9972 -0.0231
vn 0.0693 0.9959 -0.0586
vn 0.0627 0.9956 -0.0703
vn 0.0715 0.9972 -0.0235
vn 0.0492 0.9938 -0.0993
vn 0.0759 0.9961 -0.0447
vn 0.1086 0.9941 -0.0012
vn 0.0534 0.9827 -0.1772
vn 0.0683 0.9942 -0.0837
vn 0.1088 0.9940 -0.0056
vn 0.0679 0.9945 -0.0794
vn -0.5520 0.8286 -0.0938
vn -0.4721 0.8815 -0.0106
vn -0.5657 0.8200 0.0873
vn -0.6437 0.7522 0.1408
vn -0.6806 0.7265 0.0944
vn -0.5746 0.8105 0.1136
vn -0.6604 0.7338 0.1594
vn -0.5940 0.7354 0.3262
vn -0.4536 0.8454 0.2822
vn -0.6151 0.6682 0.4185
vn -0.5552 0.7678 0.3196
vn -0.4648 0.7926 0.3945
vn -0.4671 0.7908 0.3956
vn -0.3783 0.8059 0.4553
vn -0.3882 0.7883 0.4774
vn -0.2352 0.8686 0.4362
vn -0.3225 0.7818 0.5337
vn -0.3293 0.7525 0.5704
vn -0.3475 0.7404 0.5753
vn -0.1195 0.8499 0.5132
vn -0.1141 0.7902 0.6022
vn -0.2153 0.7407 0.6364
vn -0.0947 0.7663 0.6355
vn -0.0993 0.7212 0.6855
vn -0.1746 0.6985 0.6940
vn 0.0204 0.7660 0.6426
vn -0.0394 0.7964 0.6035
vn 0.0409 0.7899 0.6119
vn 0.1811 0.7319 0.6569
vn 0.1804 0.7321 0.6568
vn 0.1671 0.7492 0.6409
vn 0.1799 0.7726 0.6089
vn 0.1803 0.7729 0.6084
vn 0.0806 0.7695 0.6335
vn 0.0484 0.6907 0.7215
vn 0.1802 0.7895 0.5867
vn 0.1796 0.7894 0.5870
vn 0.2201 0.7753 0.5920
vn 0.2202 0.7749 0.5925
vn 0.2872 0.8279 0.4817
vn 0.2838 0.8292 0.4816
vn 0.2867 0.7749 0.5633
vn 0.3293 0.7440 0.5814
vn 0.3196 0.6866 0.6530
vn 0.2619 0.8593 0.4393
vn 0.3905 0.8000 0.4556
vn 0.3238 0.8741 0.3621
vn 0.3371 0.8688 0.3626
vn 0.3234 0.8520 0.4117
vn 0.4268 0.7940 0.4328
vn 0.3624 0.7872 0.4989
vn 0.4280 0.8496 0.3083
vn 0.3459 0.8828 0.3179
vn 0.4974 0.7962 0.3445
vn 0.4445 0.8062 0.3904
vn 0.4225 0.8716 0.2486
vn 0.4453 0.8549 0.2663
vn 0.5432 0.7963 0.2661
vn 0.4375 0.8225 0.3635
vn 0.4449 0.8508 0.2796
vn 0.5440 0.7824 0.3033
vn 0.5568 0.7752 0.2984
vn 0.5402 0.8178 0.1986
vn 0.6146 0.7771 0.1356
vn 0.5397 0.8192 0.1941
vn 0.6310 0.7606 0.1528
vn 0.4342 0.8972 0.0803
vn 0.6739 0.7326 0.0959
vn 0.6783 0.7286 0.0951
vn 0.5246 0.8506 0.0346
vn 0.4554 0.8896 -0.0350
vn 0.5215 0.8468 -0.1042
vn 0.6125 0.7827 -0.1110
vn 0.5643 0.8091 -0.1638
vn 0.4384 0.8928 -0.1038
vn 0.5711 0.8030 -0.1704
vn 0.4656 0.8229 -0.3257
vn 0.3452 0.9170 -0.1998
vn 0.5877 0.7296 -0.3498
vn 0.6000 0.6950 -0.3961
vn 0.3665 0.8706 -0.3282
vn 0.4887 0.7826 -0.3855
vn 0.3364 0.8753 -0.3474
vn 0.3942 0.7910 -0.4678
vn 0.0903 0.9503 -0.2978
vn 0.3125 0.8548 -0.4144
vn 0.3646 0.6771 -0.6392
vn 0.3482 0.6925 -0.6319
vn 0.0487 0.9150 -0.4004
vn 0.0464 0.8358 -0.5471
vn 0.1844 0.7972 -0.5749
vn 0.1243 0.7220 -0.6806
vn -0.0183 0.9008 -0.4338
vn 0.0756 0.9308 -0.3577
vn -0.0694 0.9403 -0.3331
vn -0.0765 0.7820 -0.6186
vn -0.0755 0.7820 -0.6186
vn -0.0611 0.7978 -0.5998
vn -0.0685 0.8893 -0.4522
vn -0.0676 0.8892 -0.4525
vn -0.0684 0.8889 -0.4530
vn -0.0907 0.7717 -0.6295
vn -0.0988 0.7897 -0.6055
vn -0.0693 0.8747 -0.4797
vn -0.0688 0.8743 -0.4805
vn -0.0701 0.8744 -0.4801
vn -0.1417 0.8599 -0.4905
vn -0.1425 0.8595 -0.4910
vn -0.2644 0.9197 -0.2901
vn -0.2638 0.9197 -0.2908
vn -0.2283 0.9302 -0.2875
vn -0.2284 0.9299 -0.2884
vn -0.2735 0.8152 -0.5106
vn -0.2794 0.8114 -0.5133
vn -0.0910 0.9242 -0.3708
vn -0.3589 0.8332 -0.4206
vn -0.2324 0.9519 -0.1995
vn -0.2531 0.9463 -0.2014
vn -0.2397 0.9145 -0.3260
vn -0.3182 0.8099 -0.4927
vn -0.4340 0.8220 -0.3686
vn -0.4077 0.9003 -0.1521
vn -0.0986 0.9470 -0.3056
vn -0.0989 0.9470 -0.3058
vn -0.4691 0.7739 -0.4254
vn -0.5330 0.7457 -0.3998
vn -0.3507 0.9324 -0.0868
vn -0.3508 0.9324 -0.0871
vn -0.2980 0.9162 -0.2680
vn -0.5246 0.8052 -0.2765
vn -0.4070 0.8382 -0.3630
vn -0.2967 0.9258 -0.2344
vn -0.5287 0.7984 -0.2880
vn -0.4644 0.8799 -0.1008
vn -0.5521 0.8281 -0.0972
vn -0.4760 0.8644 -0.1617
vn -0.6252 0.7690 -0.1333
vn -0.5769 0.8024 -0.1531
vn -0.6507 0.7530 -0.0979
vn -0.6138 0.7814 -0.1121
vn 0.8816 0.1512 0.4471
vn 0.9124 0.1476 0.3817
vn 0.8896 0.1970 0.4120
vn 0.8907 0.1967 0.4098
vn 0.7661 -0.5491 0.3339
vn 0.7463 -0.5993 0.2896
vn 0.8108 -0.5439 0.2161
vn 0.8716 -0.4375 0.2210
vn 0.5653 -0.5162 0.6434
vn 0.6755 -0.6174 0.4031
vn 0.4951 -0.7847 0.3730
vn 0.4015 -0.8940 0.1988
vn 0.4503 -0.8868 0.1039
vn 0.6086 -0.7552 0.2435
vn 0.4164 -0.8975 0.1452
vn 0.4033 -0.8999 0.1661
vn -0.7453 -0.1914 -0.6387
vn -0.7045 -0.2768 -0.6535
vn -0.7139 -0.2768 -0.6432
vn -0.7008 -0.2049 -0.6833
vn 0.4267 -0.9015 0.0721
vn 0.1443 -0.9875 -0.0636
vn 0.1188 -0.9922 -0.0373
vn 0.1385 -0.9831 -0.1195
vn 0.0976 -0.9840 -0.1491
vn 0.0529 -0.9986 0.0078
vn 0.1099 -0.9647 -0.2394
vn 0.0055 -0.9880 -0.1545
vn 0.0226 -0.8801 -0.4742
vn 0.0226 -0.8806 -0.4734
vn 0.0212 -0.9282 -0.3714
vn 0.0203 -0.9548 -0.2965
vn 0.0047 -0.9928 -0.1201
vn 0.0047 -0.9927 -0.1204
vn 0.0056 -0.9838 -0.1791
vn 0.0009 -0.9985 -0.0547
vn 0.0013 -0.9985 -0.0545
vn 0.0046 -0.9947 -0.1032
vn 0.0050 -0.9947 -0.1032
vn 0.0008 -0.9998 -0.0189
vn 0.0009 -0.9976 -0.0697
vn -0.0018 -0.9998 0.0215
vn 0.0008 -1.0000 -0.0078
vn -0.0021 -0.9965 0.0837
vn -0.0017 -0.9976 0.0695
vn -0.0491 -0.9980 0.0390
vn -0.0211 -0.9949 -0.0986
vn -0.0039 -0.9787 -0.2051
vn 0.0143 -0.9323 -0.3614
vn -0.0745 -0.9952 -0.0628
vn -0.0572 -0.9785 -0.1981
vn -0.0874 -0.9956 -0.0324
vn -0.0869 -0.9956 -0.0341
vn -0.0702 -0.9908 -0.1157
vn -0.0823 -0.9841 -0.1576
vn -0.0905 -0.9879 -0.1257
vn -0.1010 -0.9932 -0.0580
vn -0.0979 -0.9929 -0.0682
vn -0.0946 -0.9801 -0.1748
vn -0.1026 -0.9842 -0.1442
vn -0.1158 -0.9925 -0.0388
vn -0.0990 -0.9925 -0.0718
vn -0.1587 -0.9873 -0.0118
vn -0.0939 -0.9891 -0.1138
vn -0.0766 -0.9759 -0.2044
vn -0.0984 -0.9817 -0.1633
vn -0.1556 -0.9867 -0.0463
vn -0.1167 -0.9892 -0.0888
vn -0.1356 -0.9824 -0.1288
vn -0.1531 -0.9835 -0.0963
vn -0.3439 -0.9360 0.0749
vn -0.1601 -0.9856 -0.0553
vn -0.3606 -0.9193 0.1573
vn -0.7400 -0.6456 0.1886
vn -0.4528 -0.6788 0.5781
vn -0.4153 -0.9092 0.0310
vn -0.7717 -0.5643 0.2933
vn -0.4608 -0.8825 0.0939
vn -0.8634 -0.4946 0.0995
vn -0.8308 -0.5385 0.1406
vn -0.4467 -0.8937 0.0425
vn -0.6204 -0.7553 0.2114
vn -0.9085 -0.4134 0.0607
vn -0.8553 -0.4948 0.1536
vn -0.4125 -0.9035 0.1165
vn -0.6285 -0.7717 0.0976
vn -0.4325 -0.8873 0.1601
vn -0.3839 -0.8999 0.2068
vn -0.8361 -0.5114 0.1988
vn -0.4173 -0.8659 0.2760
vn -0.7592 -0.5815 0.2924
vn -0.6906 -0.5667 0.4495
vn -0.6938 -0.6944 0.1908
vn -0.3754 -0.9112 0.1696
vn -0.5955 -0.7053 0.3845
vn -0.8476 -0.4534 0.2758
vn -0.7834 -0.5166 0.3455
vn -0.3714 -0.9030 0.2160
vn -0.8380 -0.4971 0.2253
vn -0.6664 -0.6273 0.4030
vn -0.5571 -0.6103 0.5632
vn -0.3333 -0.9364 0.1103
vn -0.6609 -0.6139 0.4316
vn -0.3482 -0.8998 0.2631
vn -0.8345 -0.4087 0.3695
vn -0.7213 -0.5039 0.4751
vn -0.2021 -0.9789 -0.0301
vn -0.7000 -0.5445 0.4622
vn -0.2769 -0.9012 0.3334
vn -0.8273 -0.3912 0.4031
vn -0.6788 -0.5015 0.5364
vn -0.6238 -0.4973 0.6030
vn -0.0418 -0.9919 -0.1201
vn -0.0421 -0.9919 -0.1201
vn -0.7176 -0.4324 0.5460
vn -0.1780 -0.7721 0.6100
vn -0.1776 -0.7721 0.6101
vn -0.1688 -0.8686 0.4659
vn -0.8078 -0.3243 0.4923
vn -0.6550 -0.4162 0.6306
vn -0.6358 -0.4150 0.6508
vn -0.2660 -0.5746 0.7740
vn -0.3571 -0.4233 0.8326
vn -0.0102 -0.9545 0.2981
vn -0.0127 -0.9411 0.3379
vn -0.0419 -0.5716 0.8194
vn -0.0418 -0.5820 0.8121
vn -0.0437 -0.6646 0.7459
vn -0.0434 -0.6644 0.7461
vn -0.5906 -0.2650 0.7622
vn -0.5861 -0.2665 0.7652
vn -0.6294 -0.2706 0.7284
vn -0.2647 -0.5101 0.8184
vn -0.4437 -0.4165 0.7935
vn -0.3531 -0.4128 0.8396
vn -0.1406 -0.7947 0.5905
vn -0.2679 -0.6429 0.7175
vn -0.0684 -0.8927 0.4454
vn -0.0035 -0.9718 0.2359
vn -0.0019 -0.9756 0.2194
vn -0.0060 -0.9639 0.2660
vn -0.0105 -0.9461 0.3237
vn -0.0102 -0.9564 0.2920
vn -0.5697 -0.4608 0.6805
vn -0.3844 -0.5197 0.7630
vn -0.1511 -0.6159 0.7732
vn -0.2881 -0.5169 0.8061
vn -0.2073 -0.5152 0.8316
vn -0.0672 -0.8515 0.5200
vn -0.2180 -0.7376 0.6391
vn -0.5597 -0.5128 0.6510
vn -0.0124 -0.9152 0.4028
vn -0.1091 -0.8466 0.5210
vn -0.0071 -0.9217 0.3880
vn -0.0054 -0.9249 0.3801
vn -0.0056 -0.9245 0.3810
vn -0.0034 -0.9692 0.2463
vn -0.0212 -0.5828 0.8123
vn -0.0797 -0.4964 0.8644
vn 0.0504 -0.4884 0.8711
vn -0.0047 -0.6016 0.7988
vn -0.0178 -0.5843 0.8113
vn -0.0021 -0.5419 0.8405
vn 0.0678 -0.6031 0.7948
vn 0.1953 -0.9022 0.3845
vn 0.0129 -0.4397 0.8981
vn 0.1247 -0.5472 0.8277
vn 0.0331 -0.8397 0.5421
vn 0.0006 -0.7761 0.6306
vn 0.1330 -0.8301 0.5415
vn 0.0038 -0.3747 0.9271
vn 0.2789 -0.5927 0.7556
vn 0.5108 -0.5248 0.6809
vn 0.5034 -0.7913 0.3470
vn 0.3387 -0.3541 0.8717
vn 0.3758 -0.3879 0.8416
vn 0.0891 -0.6906 0.7177
vn 0.0013 -0.1540 0.9881
vn 0.4240 -0.4956 0.7581
vn 0.4252 -0.4956 0.7573
vn 0.6517 -0.4154 0.6346
vn 0.0626 -0.9980 0.0010
vn 0.6938 -0.7183 0.0512
vn -0.0329 -0.6701 0.7415
vn 0.6690 -0.2768 0.6898
vn 0.5899 -0.2045 0.7811
vn 0.0781 -0.9388 -0.3356
vn 0.2537 -0.7466 0.6150
vn 0.0876 -0.7599 0.6441
vn 0.0852 -0.7114 0.6977
vn 0.1715 -0.9817 0.0825
vn 0.6804 -0.7068 0.1940
vn 0.1275 -0.8796 0.4584
vn 0.6138 -0.3987 0.6814
vn 0.6196 -0.4040 0.6730
vn 0.8013 -0.2875 0.5247
vn 0.2216 -0.9709 -0.0903
vn 0.4116 -0.7332 0.5413
vn 0.2047 -0.8983 0.3889
vn 0.2015 -0.8763 0.4376
vn 0.2798 -0.9377 0.2059
vn 0.6002 -0.7510 0.2751
vn 0.2517 -0.9132 0.3206
vn 0.5259 -0.4643 0.7126
vn 0.6012 -0.5316 0.5966
vn 0.8050 -0.3929 0.4445
vn 0.2970 -0.9459 0.1305
vn 0.3857 -0.7699 0.5084
vn 0.2833 -0.8943 0.3463
vn 0.3237 -0.9164 0.2356
vn 0.5682 -0.7864 0.2423
vn 0.3019 -0.8989 0.3176
vn 0.5324 -0.4788 0.6981
vn 0.6229 -0.5652 0.5409
vn 0.7878 -0.4478 0.4229
vn 0.3332 -0.9317 0.1445
vn 0.3528 -0.8063 0.4748
vn 0.3285 -0.8925 0.3090
vn 0.3413 -0.9049 0.2544
vn 0.8055 -0.5212 0.2819
vn 0.3453 -0.9055 0.2467
vn 0.3348 -0.8998 0.2798
vn 0.7026 -0.5279 0.4772
vn 0.7940 -0.4534 0.4050
vn 0.3937 -0.8972 0.2000
vn 0.3415 -0.9060 0.2503
vn 0.6721 -0.6173 0.4091
vn 0.4196 -0.8971 0.1384
vn -0.8010 -0.5948 0.0683
vn -0.6865 -0.7268 0.0202
vn -0.6894 -0.7124 -0.1311
vn -0.7337 -0.6629 -0.1492
vn -0.5404 -0.7960 -0.2728
vn -0.5268 -0.8274 -0.1948
vn -0.6168 -0.6991 -0.3617
vn -0.5727 -0.7754 -0.2662
vn -0.4618 -0.8684 -0.1808
vn -0.5448 -0.7500 -0.3750
vn -0.2379 -0.9143 -0.3277
vn -0.5061 -0.8314 -0.2295
vn -0.5250 -0.7474 -0.4071
vn -0.2254 -0.9190 -0.3234
vn -0.3791 -0.8919 -0.2466
vn -0.4938 -0.5688 -0.6577
vn -0.6480 -0.5745 -0.5001
vn -0.1990 -0.8740 -0.4433
vn -0.3314 -0.9273 -0.1742
vn -0.4151 -0.7349 -0.5363
vn -0.1035 -0.9131 -0.3944
vn -0.3153 -0.7132 -0.6261
vn -0.3249 -0.7880 -0.5230
vn -0.1749 -0.9573 -0.2301
vn -0.2217 -0.7386 -0.6367
vn -0.0287 -0.8384 -0.5442
vn -0.0386 -0.6987 -0.7144
vn -0.1186 -0.8345 -0.5380
vn -0.0829 -0.6576 -0.7488
vn -0.0255 -0.5627 -0.8263
vn -0.0262 -0.5673 -0.8231
vn 0.0449 -0.6155 -0.7869
vn 0.0637 -0.6319 -0.7725
vn 0.1038 -0.5091 -0.8544
vn 0.0282 -0.7783 -0.6272
vn 0.1052 -0.6166 -0.7802
vn 0.2481 -0.6726 -0.6972
vn 0.2902 -0.7615 -0.5796
vn 0.3481 -0.6886 -0.6361
vn 0.2932 -0.7084 -0.6421
vn 0.2585 -0.5777 -0.7742
vn 0.3990 -0.7700 -0.4978
vn 0.3625 -0.8017 -0.4752
vn 0.4780 -0.7760 -0.4114
vn 0.5901 -0.6657 -0.4568
vn 0.4323 -0.6607 -0.6137
vn 0.4555 -0.8195 -0.3478
vn 0.5401 -0.7680 -0.3442
vn 0.6095 -0.7585 -0.2308
vn 0.6385 -0.7348 -0.2290
vn 0.6197 -0.6592 -0.4260
vn 0.5693 -0.7984 -0.1961
vn 0.7324 -0.6777 -0.0658
vn 0.5978 -0.7953 -0.1007
vn 0.6995 -0.7127 -0.0528
vn 0.7220 -0.6855 0.0940
vn 0.7221 -0.6854 0.0940
vn 0.6530 -0.7396 0.1630
vn 0.6378 -0.7567 0.1436
vn 0.4839 -0.8366 0.2566
vn 0.5471 -0.7836 0.2943
vn 0.3760 -0.8388 0.3937
vn 0.5127 -0.7937 0.3276
vn 0.5516 -0.7040 0.4474
vn 0.3746 -0.8158 0.4407
vn 0.4556 -0.8091 0.3713
vn 0.6211 -0.6029 0.5007
vn 0.5074 -0.5984 0.6201
vn 0.3231 -0.8011 0.5038
vn 0.3652 -0.8657 0.3423
vn 0.4143 -0.7342 0.5378
vn 0.2051 -0.8275 0.5227
vn 0.3297 -0.6402 0.6938
vn 0.3496 -0.7275 0.5903
vn 0.2442 -0.8367 0.4901
vn 0.3166 -0.6465 0.6941
vn 0.2903 -0.5530 0.7810
vn 0.0865 -0.6805 0.7276
vn 0.0999 -0.5370 0.8377
vn 0.1590 -0.6417 0.7503
vn 0.1294 -0.4818 0.8667
vn -0.0017 -0.3543 0.9351
vn 0.0174 -0.4608 0.8873
vn -0.0662 -0.3244 0.9436
vn -0.0437 -0.6556 0.7539
vn -0.0438 -0.6553 0.7541
vn -0.0838 -0.4241 0.9017
vn -0.1960 -0.3800 0.9040
vn -0.2770 -0.5712 0.7726
vn -0.2768 -0.5711 0.7728
vn -0.2494 -0.7534 0.6084
vn -0.2714 -0.5301 0.8033
vn -0.4387 -0.4710 0.7653
vn -0.4443 -0.7269 0.5237
vn -0.4344 -0.7373 0.5173
vn -0.5466 -0.7204 0.4269
vn -0.4650 -0.6149 0.6369
vn -0.5725 -0.6206 0.5358
vn -0.8966 -0.1068 0.4298
vn -0.5457 -0.7221 0.4252
vn -0.6218 -0.6764 0.3947
vn -0.5747 -0.7893 0.2164
vn -0.7350 -0.6734 0.0797
vn 0.2217 0.9751 0.0065
vn 0.2712 0.9558 -0.1136
vn 0.0936 0.9828 -0.1591
vn 0.1549 0.9826 -0.1027
vn 0.1459 0.9893 -0.0062
vn 0.1667 0.9860 -0.0082
vn 0.2444 0.9696 -0.0151
vn 0.2343 0.9674 0.0963
vn 0.2148 0.9766 -0.0121
vn 0.1679 0.9788 0.1177
vn 0.3603 0.9327 0.0125
vn 0.2718 0.9612 0.0477
vn 0.3848 0.9230 0.0096
vn 0.3392 0.9406 0.0130
vn 0.0167 0.9997 0.0184
vn 0.2230 0.9747 -0.0148
vn 0.7646 0.6428 -0.0470
vn 0.2709 0.9625 -0.0144
vn 0.2792 0.9602 -0.0115
vn 0.2729 0.9620 -0.0019
vn 0.0672 0.9958 0.0620
vn 0.3846 0.9231 0.0039
vn 0.5155 0.8568 -0.0075
vn 0.2573 0.9641 0.0662
vn 0.0789 0.9900 0.1169
vn 0.1173 0.9830 0.1413
vn 0.2109 0.9704 0.1180
vn -0.0359 0.9813 0.1889
vn 0.1344 0.9812 0.1384
vn 0.2066 0.9590 0.1941
vn -0.0726 0.9586 0.2753
vn -0.0651 0.9040 0.4225
vn -0.1679 0.8488 0.5013
vn 0.1911 0.9410 0.2792
vn -0.3468 0.8621 0.3695
vn -0.1647 0.8465 0.5063
vn -0.2595 0.8694 0.4204
vn 0.0152 0.9119 0.4102
vn 0.0461 0.8564 0.5143
vn 0.1775 0.6925 0.6992
vn 0.1638 0.8151 0.5557
vn 0.2476 0.8267 0.5052
vn -0.1229 0.8069 0.5778
vn 0.2615 0.7114 0.6523
vn 0.0410 0.7743 0.6315
vn 0.1691 0.6771 0.7162
vn 0.1694 0.6839 0.7096
vn 0.2140 0.7179 0.6624
vn -0.5855 -0.6010 0.5441
vn -0.2742 0.3888 0.8796
vn 0.2387 -0.9371 0.2545
vn 0.9575 -0.1171 0.2635
vn 0.1108 0.6751 0.7293
vn 0.1101 0.6683 0.7357
vn 0.1056 0.6632 0.7410
vn 0.1118 0.6680 0.7357
vn 0.0451 0.5739 0.8177
vn 0.0525 0.6716 0.7390
vn 0.1092 0.6679 0.7362
vn 0.0395 0.6593 0.7508
vn -0.0622 0.6251 0.7781
vn 0.0041 0.6430 0.7658
vn -0.0669 0.6105 0.7892
vn -0.0723 0.6787 0.7308
vn -0.0865 0.6576 0.7484
vn -0.1326 0.6549 0.7439
vn -0.1323 0.6287 0.7663
vn -0.0982 0.8647 0.4927
vn -0.1248 0.8406 0.5272
vn -0.3259 0.6901 0.6462
vn -0.1943 0.7447 0.6384
vn -0.0700 0.7059 0.7049
vn -0.1656 -0.9763 0.1391
vn -0.9684 -0.2271 0.1033
vn 0.0220 0.7173 0.6965
vn 0.4716 0.3938 0.7890
vn 0.7081 -0.5970 0.3772
vn -0.0074 0.8956 0.4448
vn -0.0432 0.8421 0.5376
vn 0.0834 0.8946 0.4391
vn 0.0971 0.8711 0.4814
vn 0.1303 0.8678 0.4795
vn 0.2744 0.8942 0.3538
vn 0.2577 0.8983 0.3559
vn 0.1170 0.9756 0.1856
vn -0.2052 0.9516 0.2289
vn 0.2766 0.9002 0.3364
vn 0.2198 0.8808 0.4193
vn 0.3766 0.8704 0.3172
vn -0.2226 0.9647 0.1408
vn 0.5292 0.8430 0.0965
vn 0.0104 0.9981 0.0607
vn -0.1149 0.9729 0.2007
vn -0.3594 0.9196 0.1585
vn -0.0078 0.9984 0.0566
vn -0.2030 0.9790 0.0179
vn 0.1340 0.9622 -0.2373
vn -0.7825 0.6207 0.0499
vn -0.5510 0.8335 0.0418
vn -0.1973 0.9803 0.0128
vn -0.1331 0.9911 0.0032
vn -0.2567 0.9663 0.0174
vn 0.1285 0.9436 -0.3051
vn -0.2082 0.9780 0.0129
vn -0.0982 0.9871 -0.1261
vn -0.2073 0.9782 0.0144
vn -0.2274 0.9736 0.0203
vn -0.2400 0.9706 0.0178
vn -0.2065 0.9783 -0.0160
vn -0.1633 0.9865 0.0109
vn -0.2267 0.9724 0.0550
vn -0.1419 0.9898 0.0089
vn -0.0327 0.9994 0.0074
vn -0.1241 0.9873 0.0991
vn -0.0563 0.9984 0.0108
vn -0.1222 0.9878 0.0964
vn -0.1271 0.9878 0.0901
vn 0.1024 0.9947 0.0074
vn 0.0994 0.9877 0.1203
vn -0.0553 0.9942 -0.0927
vn 0.0610 0.9929 -0.1022
vn 0.1017 0.9948 0.0072
vn 0.1008 0.9867 -0.1272
vn -0.1794 0.9837 0.0089
vn -0.2304 0.9696 -0.0820
vn -0.1482 0.9852 -0.0857
vn -0.1293 0.9857 -0.1077
vn -0.3472 0.9377 -0.0116
vn -0.2571 0.9652 -0.0470
vn -0.3707 0.9287 -0.0087
vn -0.3234 0.9462 -0.0122
vn 0.0033 0.9999 -0.0166
vn -0.2535 0.9672 0.0151
vn -0.2538 0.9671 0.0156
vn -0.1986 0.9801 -0.0051
vn -0.2478 0.9620 0.1144
vn -0.0114 0.9991 0.0420
vn -0.1511 0.9735 0.1717
vn -0.0589 0.9966 -0.0578
vn 0.0644 0.9950 0.0760
vn -0.3576 0.9339 -0.0036
vn -0.5023 0.8647 0.0081
vn 0.1206 0.9897 0.0770
vn -0.0184 0.9782 0.2071
vn -0.2712 0.9605 -0.0628
vn -0.0548 0.9915 -0.1176
vn -0.0209 0.9981 0.0586
vn -0.1698 0.9826 -0.0749
vn 0.0695 0.9957 0.0619
vn -0.1449 0.9824 -0.1175
vn 0.1708 0.9806 -0.0959
vn -0.1784 0.9779 -0.1091
vn -0.0241 0.9885 -0.1493
vn 0.0886 0.9916 0.0943
vn -0.1130 0.9860 -0.1230
vn 0.1370 0.9860 0.0948
vn -0.1817 0.9712 -0.1544
vn -0.0247 0.9796 -0.1993
vn 0.1281 0.9913 0.0290
vn 0.1360 0.9903 0.0287
vn 0.0161 0.9542 -0.2988
vn 0.0170 0.9934 -0.1138
vn -0.1631 0.9657 -0.2021
vn 0.2209 0.9731 -0.0655
vn -0.0555 0.9555 -0.2898
vn -0.0350 0.9830 -0.1800
vn 0.1478 0.9741 -0.1710
vn -0.1348 0.9307 -0.3399
vn -0.1920 0.9614 -0.1972
vn -0.1565 0.9378 -0.3098
vn 0.0014 0.9786 -0.2059
vn -0.2289 0.9379 -0.2605
vn -0.0881 0.9575 -0.2747
vn -0.1586 0.9441 -0.2889
vn -0.1509 0.9843 -0.0912
vn -0.1481 0.9862 -0.0738
vn -0.1280 0.9869 -0.0983
vn -0.1637 0.9818 -0.0967
vn -0.1466 0.9844 -0.0968
vn -0.0387 0.9589 -0.2812
vn 0.0106 0.9752 -0.2211
vn 0.0095 0.9938 0.1105
vn 0.0653 0.9496 -0.3065
vn -0.1439 0.9837 0.1079
vn -0.1446 0.9835 0.1090
vn 0.2406 0.9355 -0.2589
vn 0.1139 0.9841 -0.1363
vn 0.0402 0.9770 -0.2093
vn 0.1257 0.9850 0.1187
vn 0.0077 0.9926 0.1214
vn 0.1848 0.9471 -0.2623
vn 0.1298 0.9726 -0.1927
vn 0.1598 0.9827 -0.0939
vn 0.1281 0.9830 -0.1315
vn 0.1288 0.9424 -0.3088
vn -0.0151 0.9605 -0.2778
vn -0.0194 0.9791 -0.2025
vn 0.0142 0.9828 -0.1843
vn -0.0973 0.9784 -0.1827
vn -0.1076 0.9877 -0.1132
vn 0.1396 0.9683 -0.2073
vn -0.1484 0.9836 -0.1026
vn 0.2008 0.9697 -0.1389
vn 0.0148 0.9969 -0.0770
vn 0.3146 0.9366 -0.1542
vn 0.5445 0.8379 -0.0379
vn 0.4162 0.9084 -0.0384
vn 0.2072 0.9783 -0.0091
vn 0.1329 0.9911 0.0033
vn 0.2148 0.9766 -0.0091
vn 0.0950 0.9853 0.1418
vn 0.2351 0.9718 -0.0177
vn 0.2129 0.9769 0.0203
vn 0.2339 0.9707 -0.0561
vn 0.1282 0.9873 -0.0937
vn 0.1292 0.9873 -0.0927
vn -0.7870 0.6092 -0.0975
vn -0.7993 0.5911 -0.1081
vn -0.8427 0.5378 -0.0236
vn -0.8194 0.5722 -0.0335
vn -0.8417 0.5296 0.1052
vn -0.8026 0.5948 0.0445
vn -0.8834 0.4512 0.1264
vn -0.7091 0.6126 0.3492
vn -0.5586 0.7068 0.4341
vn -0.4393 0.7645 0.4718
vn -0.4508 0.7274 0.5173
vn -0.3665 0.6105 0.7021
vn -0.3318 0.7262 0.6022
vn -0.2334 0.5864 0.7757
vn -0.2549 0.5308 0.8083
vn -0.0624 0.4404 0.8956
vn -0.1046 0.5556 0.8248
vn -0.0603 0.4516 0.8902
vn 0.0361 0.6031 0.7968
vn 0.1183 0.4734 0.8729
vn 0.2560 0.6776 0.6895
vn 0.2448 0.5668 0.7866
vn 0.3886 0.5534 0.7367
vn 0.3682 0.6804 0.6336
vn 0.4105 0.7334 0.5418
vn 0.4608 0.6744 0.5769
vn 0.3151 0.8715 0.3757
vn 0.4668 0.7617 0.4493
vn 0.4837 0.8401 0.2454
vn 0.5767 0.7099 0.4042
vn 0.5516 0.7302 0.4033
vn 0.6814 0.6753 0.2823
vn 0.7809 0.6185 0.0875
vn 0.7952 0.5982 0.0994
vn 0.8246 0.5654 0.0214
vn 0.8400 0.5418 0.0299
vn 0.8375 0.5380 -0.0956
vn 0.8114 0.5819 -0.0542
vn 0.8704 0.4790 -0.1144
vn 0.6151 0.7672 -0.1818
vn 0.7669 0.6184 -0.1716
vn 0.6282 0.6988 -0.3423
vn 0.4530 0.7879 -0.4172
vn 0.5500 0.7051 -0.4476
vn 0.4079 0.7371 -0.5388
vn 0.3193 0.6926 -0.6468
vn 0.3114 0.7243 -0.6152
vn 0.2148 0.7588 -0.6148
vn 0.1785 0.6498 -0.7388
vn 0.1069 0.6396 -0.7612
vn 0.0852 0.7050 -0.7040
vn -0.0273 0.8032 -0.5951
vn -0.1176 0.7035 -0.7009
vn -0.1434 0.8013 -0.5808
vn -0.3255 0.6971 -0.6388
vn -0.2550 0.7838 -0.5663
vn -0.3143 0.7460 -0.5871
vn -0.4016 0.7617 -0.5085
vn -0.4210 0.7405 -0.5238
vn -0.3033 0.8760 -0.3750
vn -0.4511 0.7721 -0.4477
vn -0.4813 0.8458 -0.2300
vn -0.5577 0.7199 -0.4132
vn -0.5408 0.7324 -0.4138
vn -0.6083 0.7136 -0.3475
vn -0.6093 0.7487 -0.2609
vn -0.6694 0.6965 -0.2584
vn 0.1660 0.9748 0.1491
vn 0.1602 0.9868 -0.0228
vn 0.1710 0.9852 -0.0078
vn 0.1530 0.9849 0.0814
vn 0.1505 0.9882 0.0295
vn 0.1391 0.9900 0.0248
vn -0.8395 -0.4917 0.2314
vn -0.8028 -0.5469 0.2376
vn -0.6953 -0.4901 0.5258
vn -0.7791 -0.5590 0.2838
vn -0.8503 -0.5255 -0.0278
vn -0.8119 -0.4869 -0.3222
vn -0.8254 -0.4935 -0.2742
vn -0.8811 -0.4727 -0.0159
vn -0.8824 -0.4704 -0.0145
vn -0.7769 -0.5168 -0.3596
vn -0.8488 -0.5285 -0.0126
vn -0.8575 -0.5135 -0.0306
vn -0.8254 -0.5615 -0.0589
vn -0.9131 -0.4058 -0.0387
vn -0.8425 -0.4934 -0.2163
vn -0.8801 -0.4410 -0.1761
vn -0.8227 -0.4794 -0.3055
vn -0.8136 -0.4241 -0.3977
vn -0.8617 -0.3153 -0.3974
vn -0.5451 -0.6342 -0.5483
vn -0.7762 -0.3126 -0.5475
vn -0.8205 -0.5390 0.1905
vn -0.8677 -0.4756 0.1444
vn -0.8061 -0.5323 0.2587
vn -0.8563 -0.5122 0.0657
vn -0.8607 -0.4733 0.1874
vn -0.8747 -0.4382 0.2069
vn -0.7835 -0.6067 0.1345
vn -0.9078 -0.4189 -0.0208
vn -0.8962 -0.4253 -0.1261
vn 0.9065 0.4222 -0.0071
vn -0.3958 0.9160 -0.0654
vn -0.3863 0.9220 0.0252
vn -0.9121 0.0057 0.4099
vn -0.8687 0.0110 0.4952
vn -0.8956 -0.2038 0.3955
vn -0.6148 -0.7783 0.1278
vn -0.7924 0.2460 0.5582
vn -0.6645 0.2984 0.6852
vn -0.3227 -0.4655 0.8241
vn -0.6343 -0.4883 0.5994
vn -0.4193 -0.4203 0.8047
vn -0.3855 -0.3775 0.8420
vn -0.8697 -0.4785 0.1208
vn -0.6010 -0.5953 0.5333
vn -0.9040 -0.4276 0.0016
vn -0.9097 -0.3882 0.1474
vn -0.7033 0.0175 0.7107
vn -0.6118 0.0169 0.7909
vn 0.9995 0.0317 -0.0022
vn 0.9336 0.3582 -0.0101
vn 0.9998 0.0040 0.0189
vn 0.8847 0.4661 0.0022
vn 0.9977 0.0345 -0.0575
vn 0.9945 0.0621 -0.0838
vn 0.9571 -0.2893 -0.0172
vn 0.9032 -0.4289 -0.0177
vn -0.4682 0.0248 0.8833
vn -0.8263 0.0112 0.5632
vn -0.7608 0.0150 0.6489
vn -0.6492 0.0148 0.7605
vn -0.6433 0.6812 0.3494
vn -0.7727 0.3307 0.5418
vn -0.8444 0.4521 0.2875
vn -0.8693 0.4636 0.1715
vn -0.7814 0.3132 0.5398
vn -0.8446 0.4522 0.2867
vn -0.7024 0.5462 -0.4564
vn -0.6411 0.6099 -0.4659
vn -0.3038 0.5162 -0.8007
vn -0.7407 0.6229 -0.2517
vn -0.7713 0.5904 -0.2375
vn -0.6752 0.6490 -0.3506
vn -0.8289 0.5380 -0.1529
vn -0.8229 0.5305 -0.2036
vn -0.8406 0.5152 -0.1669
vn -0.7841 0.5103 -0.3532
vn -0.3733 0.9247 0.0740
vn -0.4188 0.6965 0.5827
vn 0.1633 0.3902 0.9061
vn 0.5944 0.7942 -0.1260
vn 0.6995 0.2657 0.6634
vn 0.6927 0.0766 0.7172
vn 0.9888 0.1174 -0.0925
vn -0.1665 0.9799 -0.1101
vn -0.4710 0.8821 0.0008
vn -0.8838 0.4385 0.1632
vn 0.0227 0.1212 -0.9924
vn -0.8470 0.5316 0.0108
vn -0.6527 0.5037 -0.5659
vn -0.6126 0.5855 0.5310
vn -0.7433 0.2495 0.6207
vn -0.6712 0.6234 0.4012
vn -0.7920 0.3263 0.5160
vn -0.4881 0.0873 0.8684
vn -0.8668 0.4406 -0.2333
vn -0.8379 0.5306 -0.1280
vn -0.8471 0.5305 0.0310
vn -0.8411 0.5404 0.0221
vn -0.8216 0.4943 0.2839
vn -0.8503 0.5113 -0.1245
vn -0.8480 0.5268 -0.0585
vn -0.8447 0.5313 0.0647
vn -0.8465 0.5279 0.0690
vn -0.8402 0.5301 -0.1141
vn -0.8473 0.4963 -0.1891
vn -0.6653 0.5674 0.4852
vn -0.8108 0.5533 -0.1910
vn -0.8180 0.5737 0.0413
vn -0.7534 0.5345 0.3831
vn -0.8204 0.5642 0.0923
vn -0.8149 0.5764 -0.0604
vn -0.8115 0.5793 0.0769
vn -0.4113 0.3716 0.8323
vn -0.7219 0.5330 0.4413
vn -0.3655 0.2905 0.8843
vn -0.6418 0.5422 0.5423
vn -0.1829 0.3361 0.9239
vn -0.7278 0.5532 0.4052
vn -0.1923 0.2642 0.9451
vn -0.6740 0.6107 0.4158
vn -0.4545 0.1989 0.8683
vn -0.3327 0.2493 0.9095
vn -0.4567 0.6404 0.6175
vn -0.3561 0.4238 0.8328
vn -0.5287 0.7268 0.4384
vn -0.4687 0.6246 0.6246
vn -0.4838 0.7034 0.5208
vn -0.3394 0.4054 0.8488
vn -0.3827 0.3762 0.8438
vn -0.3853 0.4716 0.7932
vn -0.3121 0.2042 0.9279
vn -0.2430 0.0975 0.9651
vn -0.2472 0.1243 0.9610
vn -0.1176 0.2492 0.9613
vn -0.1251 0.1064 0.9864
vn -0.0902 0.0459 0.9949
vn -0.1222 0.0769 0.9895
vn -0.0624 0.1332 0.9891
vn -0.0596 0.0479 0.9971
vn -0.0163 0.1953 0.9806
vn 0.0006 0.1522 0.9883
vn -0.0049 0.0537 0.9985
vn 0.0087 0.0415 0.9991
vn 0.0019 0.1508 0.9886
vn 0.0978 0.0605 0.9934
vn 0.0978 0.0900 0.9911
vn 0.6065 0.1868 0.7728
vn 0.0625 0.0771 0.9951
vn 0.0626 -0.0185 0.9979
vn -0.1416 0.0384 0.9892
vn 0.0149 0.0177 0.9997
vn 0.0743 0.0765 0.9943
vn -0.3380 0.8679 0.3641
vn 0.0222 0.0126 0.9997
vn 0.0772 -0.0486 0.9958
vn 0.2577 0.1184 0.9589
vn -0.8008 0.1508 0.5797
vn 0.0171 -0.0210 0.9996
vn 0.1159 -0.2493 0.9615
vn 0.1070 0.0346 0.9937
vn 0.0908 0.0347 0.9953
vn 0.1375 0.9243 0.3561
vn 0.2141 -0.1598 0.9636
vn -0.0100 0.0137 0.9999
vn 0.1332 -0.2452 0.9603
vn 0.1365 0.0390 0.9899
vn 0.1299 0.0423 0.9906
vn 0.1232 -0.0128 0.9923
vn 0.1457 0.0979 0.9845
vn -0.0004 0.0606 0.9982
vn 0.1462 -0.2422 0.9591
vn 0.1655 0.0417 0.9853
vn 0.1293 0.0439 0.9906
vn 0.0335 0.1587 0.9868
vn -0.2336 0.4439 0.8651
vn -0.2332 0.3952 0.8885
vn -0.0481 0.5330 0.8448
vn -0.0849 0.5109 0.8554
vn -0.1166 0.5503 0.8268
vn -0.2064 0.7714 0.6019
vn -0.3154 0.8595 0.4022
vn -0.2861 0.7576 0.5867
vn 0.1882 0.1905 0.9635
vn 0.1253 0.9078 -0.4002
vn -0.1721 -0.2529 0.9521
vn -0.1373 0.0282 0.9901
vn -0.1506 0.2203 0.9637
vn 0.1256 0.9193 0.3730
vn 0.1598 0.5844 0.7956
vn 0.2137 0.9016 0.3760
vn 0.0427 0.2324 0.9717
vn 0.1754 0.8055 0.5661
vn 0.1809 0.8076 0.5612
vn 0.1843 0.7642 0.6181
vn 0.1507 0.4048 0.9019
vn 0.0479 0.4726 0.8800
vn -0.0475 0.3441 0.9377
vn -0.0712 0.2048 0.9762
vn -0.0479 0.0268 0.9985
vn -0.1124 0.0047 0.9936
vn -0.0440 0.9641 0.2619
vn -0.0745 0.0090 0.9972
vn -0.2381 -0.1293 0.9626
vn -0.1654 0.9509 0.2616
vn 0.0067 0.0134 0.9999
vn -0.1014 0.2568 0.9611
vn -0.0893 0.0053 0.9960
vn -0.0646 0.0434 0.9970
vn -0.0672 0.0138 0.9976
vn -0.0644 -0.0180 0.9978
vn -0.0488 0.0352 0.9982
vn 0.8865 0.0967 0.4525
vn -0.1934 0.0063 0.9811
vn -0.0407 0.0143 0.9991
vn -0.0002 -0.0235 0.9997
vn -0.0412 0.0169 0.9990
vn -0.0654 0.0354 0.9972
vn -0.0479 0.0431 0.9979
vn -0.0477 0.0629 0.9969
vn -0.0759 0.0174 0.9970
vn 0.0737 0.0734 0.9946
vn -0.0255 -0.0002 0.9997
vn -0.2067 0.1297 0.9698
vn -0.0342 0.1305 0.9909
vn 0.0262 0.0700 0.9972
vn -0.0454 0.1377 0.9894
vn 0.0539 0.0021 0.9985
vn 0.2825 0.1699 0.9441
vn 0.2686 0.1850 0.9453
vn 0.1986 0.1423 0.9697
vn 0.0634 0.0805 0.9947
vn 0.3810 0.5473 0.7452
vn 0.3037 0.5149 0.8016
vn 0.3810 0.1943 0.9039
vn 0.2911 0.1700 0.9415
vn 0.5068 0.7229 0.4696
vn 0.3645 0.3669 0.8559
vn 0.4616 0.6608 0.5918
vn 0.4990 0.7212 0.4804
vn 0.5099 0.7253 0.4626
vn 0.1742 0.1656 0.9707
vn 0.6434 0.6133 0.4582
vn 0.6629 0.6986 0.2694
vn 0.4826 0.0587 0.8739
vn 0.7211 0.6279 0.2927
vn 0.2408 0.0344 0.9700
vn 0.7914 0.4983 0.3542
vn 0.2761 0.0409 0.9603
vn 0.1905 0.0259 0.9814
vn 0.7943 0.4014 0.4560
vn 0.3056 0.0376 0.9514
vn 0.7489 0.4777 0.4593
vn 0.2464 0.0240 0.9689
vn 0.8081 0.2038 0.5527
vn 0.2943 0.0258 0.9554
vn 0.1715 0.0266 0.9848
vn 0.8224 0.4125 0.3918
vn 0.7576 0.2004 0.6213
vn 0.3209 0.0217 0.9469
vn 0.6557 0.0921 0.7494
vn 0.3630 0.0231 0.9315
vn 0.6023 0.0887 0.7933
vn 0.5732 0.0283 0.8189
vn 0.4449 0.0187 0.8954
vn 0.4259 0.0182 0.9046
vn 0.5725 0.0284 0.8194
vn 0.5603 0.0153 0.8282
vn 0.6123 -0.0099 0.7906
vn 0.6131 0.0044 0.7900
vn 0.8267 -0.0835 0.5564
vn 0.9339 -0.2290 0.2747
vn 0.8134 -0.2235 0.5371
vn 0.8698 -0.4192 0.2604
vn 0.8476 -0.4454 0.2885
vn 0.4589 -0.0696 0.8857
vn 0.5165 0.0345 0.8556
vn -0.1001 0.0193 0.9948
vn 0.7786 -0.5678 0.2673
vn 0.8023 -0.0998 0.5885
vn 0.8132 -0.2188 0.5393
vn 0.8374 -0.3269 0.4380
vn 0.0427 0.0809 0.9958
vn 0.5128 0.1837 0.8386
vn 0.4970 0.3826 0.7788
vn 0.5216 0.1933 0.8310
vn 0.5494 0.2772 0.7882
vn 0.8086 0.1516 0.5685
vn 0.5418 0.3442 0.7668
vn 0.5434 -0.6539 0.5265
vn 0.8186 0.2323 0.5253
vn 0.7739 0.2187 0.5943
vn 0.4789 0.2523 0.8409
vn 0.6994 0.6646 0.2629
vn -0.6738 0.4979 -0.5459
vn 0.1967 0.9344 0.2971
vn -0.7465 0.6651 -0.0190
vn 0.1162 -0.3619 0.9250
vn 0.3025 -0.1106 0.9467
vn 0.5822 0.1002 0.8068
vn 0.5746 0.0958 0.8128
vn 0.6804 -0.3656 0.6351
vn 0.4663 -0.4863 0.7389
vn 0.4788 -0.6184 0.6232
vn 0.6151 -0.6544 0.4397
vn 0.7281 -0.6851 0.0238
vn 0.7905 -0.0706 0.6083
vn 0.7250 -0.2107 0.6557
vn 0.7914 0.1164 0.6002
vn 0.7921 0.1268 0.5971
vn 0.5244 0.0950 0.8462
vn 0.1868 0.9072 0.3769
vn 0.3033 0.3521 0.8855
vn 0.2417 0.7031 0.6687
vn 0.9013 0.0846 0.4248
vn -0.0832 0.7053 0.7040
vn 0.1173 0.6992 0.7053
vn -0.1500 0.6416 0.7523
vn -0.4021 0.3558 0.8436
vn -0.7626 0.2245 0.6067
vn -0.4701 0.0233 0.8823
vn -0.4919 0.0075 0.8706
vn -0.1597 -0.0865 0.9834
vn -0.1555 -0.3530 0.9226
vn 0.0081 0.0810 0.9967
vn -0.0658 0.0806 0.9946
vn -0.0137 0.0806 0.9967
vn 0.0648 0.0667 0.9957
vn 0.1291 -0.1030 0.9863
vn 0.0716 -0.8081 0.5847
vn -0.8761 -0.1292 0.4646
vn -0.7431 -0.3111 0.5924
vn 0.1412 -0.1452 0.9793
vn 0.1591 -0.7249 0.6702
vn 0.4322 -0.4824 0.7619
vn 0.3709 0.3842 0.8455
vn 0.3826 0.3750 0.8444
vn 0.8244 0.1995 0.5297
vn 0.7160 0.1726 0.6765
vn 0.5661 -0.5719 0.5937
vn 0.1247 0.3930 0.9110
vn 0.0550 0.4637 0.8843
vn -0.2317 0.3211 0.9183
vn -0.3252 0.0785 0.9424
vn -0.6059 0.1923 0.7719
vn -0.4959 0.5490 0.6728
vn 0.0399 0.6286 0.7767
vn 0.0421 0.2931 0.9552
vn -0.1219 0.0369 0.9919
vn 0.1056 0.5460 0.8311
vn -0.9826 -0.0428 0.1807
vn 0.1253 0.6027 0.7881
vn 0.2016 0.9061 0.3719
vn 0.9563 -0.2860 0.0604
vn 0.0994 0.5325 0.8406
vn 0.7569 -0.6012 0.2564
vn -0.5552 0.3103 0.7717
vn 0.0289 0.3561 0.9340
vn -0.2581 -0.1299 0.9573
vn 0.9524 -0.0712 0.2965
vn 0.8814 0.1882 0.4334
vn 0.0338 0.5724 0.8193
vn 0.2829 0.0629 0.9571
vn 0.9160 0.0128 0.4009
vn 0.9772 -0.0265 0.2108
vn 0.5519 0.1636 0.8177
vn 0.9456 0.1761 -0.2735
vn 0.9567 -0.2497 0.1496
vn 0.6406 0.1938 0.7430
vn 0.9531 0.2073 -0.2204
vn 0.9136 0.2966 -0.2782
vn 0.6873 0.7170 -0.1160
vn 0.6981 0.2119 0.6839
vn 0.8355 0.2285 0.4997
vn 0.6394 0.7475 -0.1801
vn 0.1090 0.7847 0.6102
vn 0.0562 0.7503 0.6587
vn -0.1977 0.3181 0.9272
vn -0.4043 0.3517 0.8443
vn -0.9118 0.1910 0.3634
vn -0.0423 0.2543 0.9662
vn -0.1549 0.3350 0.9294
vn -0.0924 0.4294 0.8984
vn 0.7160 0.0557 0.6959
vn -0.2404 0.0267 0.9703
vn 0.7799 0.0593 0.6231
vn 0.9285 0.0714 0.3643
vn 0.8306 0.0575 0.5540
vn 0.7801 0.0598 0.6228
vn 0.0359 -0.9516 0.3054
vn 0.7793 -0.1946 0.5956
vn 0.9659 0.0100 0.2587
vn 0.9379 -0.0744 0.3388
vn 0.9650 0.0410 0.2589
vn 0.7576 0.0616 0.6498
vn 0.9246 0.0851 0.3714
vn 0.9329 0.1265 0.3372
vn 0.8259 0.0452 0.5620
vn 0.8445 0.4426 0.3015
vn 0.0183 0.9149 0.4032
vn 0.0196 0.9800 0.1981
vn 0.5420 0.0992 0.8345
vn 0.5296 0.8256 0.1947
vn -0.2204 -0.8978 0.3812
vn -0.6350 0.4908 -0.5966
vn -0.6818 -0.1322 0.7195
vn -0.1219 -0.4336 -0.8928
vn -0.3932 -0.3881 0.8335
vn -0.9160 0.0753 -0.3941
vn 0.2985 -0.8193 0.4896
vn 0.4665 -0.1159 0.8769
vn -0.7817 0.3400 0.5228
vn -0.1118 -0.4405 -0.8908
vn 0.2397 0.9700 0.0410
vn -0.8606 0.4881 0.1454
vn 0.8655 -0.2217 0.4492
vn -0.2017 -0.9146 0.3505
vn -0.1604 0.2465 -0.9558
vn 0.2775 0.9596 0.0462
vn 0.0024 0.2372 0.9715
vn -0.7431 -0.5591 0.3676
vn 0.5396 -0.2920 -0.7896
vn 0.2074 -0.8190 0.5350
vn 0.8883 -0.1561 0.4319
vn -0.0944 -0.1110 -0.9893
vn 0.2865 -0.8909 0.3526
vn 0.5955 -0.1030 0.7967
vn 0.0040 0.9995 -0.0312
vn -0.0167 0.3963 0.9180
vn 0.9442 0.1180 -0.3074
vn -0.2404 -0.8779 0.4142
vn -0.5609 -0.0567 0.8259
vn 0.1151 -0.4245 -0.8981
vn 0.8284 0.2919 0.4781
vn -0.0421 0.9988 -0.0262
vn 0.5548 0.4102 0.7238
vn -0.6938 -0.2759 0.6652
vn 0.8094 0.5716 0.1345
vn -0.2473 0.9565 0.1550
vn 0.0195 0.9793 0.2013
vn -0.2422 0.9513 0.1904
vn -0.9178 0.0033 0.3971
vn -0.8804 0.0155 0.4739
vn -0.9435 -0.0010 0.3313
vn -0.9576 -0.0036 0.2880
vn -0.3670 0.7528 0.5465
vn -0.9665 0.0119 0.2562
vn -0.8949 0.3945 0.2086
vn -0.9629 -0.0039 0.2699
vn -0.9280 -0.0012 0.3726
vn -0.9756 -0.0205 0.2187
vn -0.9742 0.0199 0.2247
vn -0.9393 0.0002 0.3430
vn -0.9408 -0.1343 0.3113
vn 0.0749 -0.9971 -0.0110
vn -0.7013 -0.3496 0.6212
vn -0.3749 -0.7547 0.5384
vn -0.2094 -0.9757 -0.0639
vn -0.0554 -0.0468 0.9974
vn -0.2665 -0.9638 -0.0075
vn 0.1662 0.9435 0.2868
vn 0.1652 0.0897 -0.9822
vn 0.3097 0.9054 0.2903
vn -0.0865 -0.9930 -0.0800
vn 0.6725 -0.1110 0.7317
vn 0.9681 -0.2327 -0.0929
vn 0.0744 0.9897 0.1222
vn 0.1067 0.3028 -0.9471
vn 0.5179 0.7169 0.4666
vn -0.6220 0.6886 0.3727
vn 0.9754 -0.0883 0.2022
vn 0.0516 0.3421 -0.9382
vn -0.1656 0.9313 0.3243
vn -0.1710 -0.9852 0.0111
vn 0.9840 -0.1634 0.0704
vn -0.1485 0.9527 0.2651
vn -0.2406 0.8981 0.3680
vn -0.8512 -0.4313 -0.2991
vn 0.1566 0.9377 0.3101
vn 0.2385 0.8766 0.4179
vn -0.0487 -0.9970 0.0605
vn 0.6229 -0.0305 0.7817
vn 0.8117 0.5429 0.2154
vn -0.1552 0.3319 -0.9304
vn -0.8637 -0.1785 0.4714
vn -0.9592 -0.2825 0.0081
vn 0.0942 0.9736 0.2078
vn -0.1576 0.9393 0.3048
vn -0.1313 -0.0889 -0.9874
vn 0.1637 -0.9744 -0.1542
vn 0.2895 0.9111 0.2934
vn -0.9543 -0.2376 0.1811
vn 0.2315 -0.9620 -0.1445
vn -0.0468 -0.2072 0.9772
vn 0.4857 -0.8727 0.0506
vn -0.7890 -0.0373 -0.6133
vn -0.5972 -0.6516 -0.4678
vn -0.5331 -0.7790 -0.3300
vn -0.4835 -0.7595 -0.4352
vn -0.5671 -0.6438 -0.5137
vn -0.5300 -0.7508 -0.3941
vn -0.7401 -0.0394 -0.6714
vn -0.7941 -0.0407 -0.6064
vn -0.7453 0.0943 -0.6600
vn -0.7556 -0.0484 -0.6532
vn -0.4677 -0.8237 -0.3205
vn -0.4775 -0.8217 -0.3110
vn -0.4917 -0.7921 -0.3617
vn -0.9869 -0.1062 -0.1212
vn -0.9306 -0.1012 -0.3517
vn -0.8197 -0.5364 -0.2012
vn -0.6277 -0.5619 0.5387
vn -0.7645 -0.0671 0.6411
vn -0.7676 -0.0645 0.6376
vn -0.7670 0.0923 0.6350
vn -0.7752 0.1617 0.6107
vn -0.7893 0.0892 -0.6075
vn -0.8041 0.1426 -0.5772
vn -0.7621 0.1532 -0.6290
vn -0.7675 0.1025 -0.6327
vn -0.8070 0.1285 -0.5763
vn -0.8340 0.1071 -0.5412
vn -0.7590 0.1092 -0.6419
vn -0.7699 0.1164 -0.6274
vn -0.7714 0.0606 0.6335
vn -0.8155 0.0981 0.5703
vn -0.7604 0.0992 0.6418
vn -0.7704 0.0840 0.6320
vn -0.7750 0.1088 0.6225
vn -0.8351 0.1152 0.5378
vn -0.8333 0.0903 -0.5454
vn -0.8342 0.0858 0.5448
vn -0.8424 -0.0932 0.5307
vn -0.8350 -0.1003 0.5411
vn -0.8460 -0.0847 -0.5265
vn -0.8349 -0.0945 -0.5423
vn -0.8039 -0.0783 -0.5895
vn -0.7744 -0.2772 -0.5687
vn -0.7736 -0.0986 -0.6259
vn -0.7742 0.0684 -0.6293
vn -0.7929 -0.0849 0.6034
vn -0.7716 0.0682 0.6325
vn -0.7526 -0.1120 0.6488
vn -0.7717 -0.0900 0.6296
vn -0.7682 -0.2732 0.5791
vn -0.7681 -0.2732 0.5791
vn -0.7823 -0.2875 -0.5526
vn -0.7081 -0.4115 -0.5739
vn -0.7073 -0.4115 -0.5748
vn -0.6827 -0.2909 -0.6702
vn -0.7129 -0.2710 0.6468
vn -0.7121 -0.2675 0.6492
vn -0.6532 -0.3930 -0.6472
vn -0.6673 -0.4086 -0.6227
vn -0.6736 -0.3521 0.6499
vn -0.7154 -0.1238 -0.6877
vn -0.6742 -0.1238 -0.7281
vn -0.6191 -0.4098 -0.6700
vn -0.6914 -0.2897 -0.6618
vn -0.6696 -0.2893 -0.6840
vn -0.6935 -0.1265 -0.7093
vn -0.7203 0.0460 0.6921
vn 0.7533 0.2083 0.6238
vn 0.8564 0.2036 0.4744
vn 0.8076 0.1276 0.5757
vn 0.8312 0.1318 0.5401
vn -0.6674 -0.1995 -0.7175
vn -0.6307 -0.2654 -0.7292
vn -0.6271 -0.2656 -0.7323
vn -0.6165 -0.2056 -0.7600
vn -0.8061 -0.5030 -0.3117
vn -0.8104 -0.5302 -0.2493
vn -0.8401 -0.5418 -0.0249
vn -0.8224 -0.5689 0.0071
vn -0.7430 -0.6691 0.0150
vn -0.7246 -0.6487 0.2325
vn -0.8228 -0.5659 -0.0526
vn -0.8544 -0.5154 0.0654
vn -0.8250 -0.5644 0.0287
vn -0.8884 -0.4290 0.1633
vn -0.8386 -0.5448 0.0055
vn -0.7890 -0.6140 0.0212
vn -0.9235 -0.3791 0.0589
vn -0.9260 -0.3736 0.0540
vn -0.7899 -0.6085 -0.0762
vn -0.7723 -0.6189 -0.1432
vn -0.7712 -0.6360 -0.0276
vn -0.8816 -0.4640 -0.0865
vn -0.9014 -0.4294 -0.0560
vn -0.9140 -0.3863 -0.1243
vn -0.9000 -0.4275 -0.0850
vn -0.9142 -0.3851 -0.1259
vn -0.9111 -0.4011 -0.0947
vn -0.9141 -0.3930 -0.1002
vn -0.8273 -0.4347 -0.3558
vn -0.9754 -0.2162 0.0436
vn -0.5639 -0.8232 0.0660
vn -0.4102 -0.8040 0.4304
vn -0.4927 -0.8160 0.3024
vn -0.4221 -0.7952 0.4354
vn -0.3417 -0.7431 0.5753
vn 0.0042 -0.6963 0.7177
vn -0.2818 -0.6890 0.6677
vn -0.2294 -0.6313 0.7408
vn -0.1244 -0.4877 0.8641
vn -0.1663 -0.5503 0.8182
vn -0.0187 -0.3078 0.9513
vn 0.0022 -0.2535 0.9673
vn 0.0039 -0.2795 0.9601
vn 0.0018 -0.6605 0.7508
vn 0.0165 -0.2030 0.9790
vn 0.6444 -0.7106 0.2824
vn 0.6364 -0.7118 0.2974
vn 0.6760 -0.6889 0.2616
vn 0.9987 0.0489 0.0146
vn 0.9472 -0.0561 0.3158
vn 0.9917 -0.1285 0.0094
vn 0.6518 -0.7163 0.2491
vn 0.6541 -0.7273 0.2078
vn 0.6679 -0.7305 0.1425
vn 0.6443 -0.7362 0.2070
vn 0.5199 -0.8484 -0.0999
vn 0.3763 -0.8952 0.2388
vn 0.3778 -0.8837 0.2764
vn 0.2957 -0.9456 0.1355
vn 0.1635 -0.8963 0.4122
vn -0.0256 -0.8989 0.4374
vn 0.1657 -0.8870 0.4311
vn -0.1856 -0.9225 0.3384
vn -0.1028 -0.9326 0.3461
vn -0.0133 -0.8307 0.5566
vn -0.8769 -0.4688 0.1063
vn -0.8930 -0.4477 0.0453
vn -0.8987 -0.4192 -0.1285
vn -0.9116 -0.3986 -0.1003
vn -0.8949 -0.4460 -0.0126
vn 0.0012 -0.9300 0.3677
vn 0.0086 -0.7651 0.6439
vn 0.0075 -0.9169 0.3990
vn 0.0077 -0.7495 0.6620
vn 0.9983 0.0388 -0.0429
vn 0.9746 0.2121 -0.0722
vn 0.8324 0.1712 -0.5271
vn 0.9473 0.0952 -0.3058
vn 0.0006 -0.5410 0.8410
vn -0.0010 -0.4146 0.9100
vn -0.0096 -0.6300 0.7765
vn 0.0083 -0.7198 0.6942
vn 0.0225 -0.5288 0.8484
vn 0.0202 -0.4094 0.9121
vn 0.1274 -0.4589 0.8793
vn 0.0431 -0.4573 0.8883
vn 0.0378 -0.4006 0.9155
vn 0.0217 -0.2750 0.9612
vn 0.1017 -0.3756 0.9212
vn 0.8415 0.0073 -0.5402
vn 0.7169 0.0345 -0.6963
vn 0.1459 -0.1680 0.9749
vn 0.8168 0.0162 -0.5766
vn 0.9241 0.0945 -0.3703
vn 0.0073 -0.6561 0.7547
vn 0.0076 -0.6643 0.7474
vn 0.8358 0.3370 0.4334
vn 0.8143 0.5613 0.1480
vn -0.4862 0.4920 0.7222
vn -0.1884 0.9811 0.0445
vn -0.1937 0.9799 0.0472
vn -0.3209 0.4377 0.8399
vn 0.8675 0.2513 0.4293
vn -0.2902 0.2832 0.9141
vn -0.4864 0.4396 0.7551
vn 0.8230 0.5661 0.0471
vn 0.7034 0.7105 0.0216
vn -0.1883 0.9812 0.0410
vn 0.7133 0.6122 -0.3412
vn 0.9394 0.2501 -0.2346
vn -0.3547 0.9337 -0.0495
vn -0.3569 0.9339 0.0226
vn -0.6883 0.5938 -0.4168
vn -0.0627 -0.0379 -0.9973
vn -0.4832 0.8702 -0.0959
vn -0.3452 0.6238 -0.7012
vn 0.8943 0.2185 0.3905
vn 0.9784 0.2069 -0.0007
vn -0.3795 0.2134 0.9002
vn 0.9789 0.0892 -0.1839
vn 0.8902 0.0841 -0.4478
vn 0.9737 0.2266 0.0232
vn 0.9999 -0.0063 0.0107
vn 0.9923 0.0726 0.1005
vn 0.9982 -0.0366 0.0481
vn 0.6362 0.0277 -0.7710
vn 0.9983 -0.0352 0.0465
vn 0.7394 0.1320 -0.6602
vn 0.8103 -0.1527 0.5657
vn 0.8888 -0.0978 0.4478
vn 0.7527 -0.3837 0.5350
vn 0.8585 -0.2938 0.4203
vn 0.9880 0.0525 0.1453
vn 0.8711 -0.4740 0.1285
vn 0.7731 -0.6270 -0.0965
vn 0.8610 -0.4300 0.2717
vn 0.6885 0.7223 -0.0657
vn 0.8688 0.4824 0.1118
vn 0.8813 0.4580 0.1163
vn 0.8744 0.4425 0.1992
vn 0.9211 0.2313 0.3131
vn 0.8895 0.3583 0.2836
vn -0.4997 0.3537 0.7907
vn -0.4094 0.8002 0.4382
vn -0.0897 0.9483 0.3045
vn -0.2786 0.9450 0.1715
vn -0.2592 0.9304 0.2592
vn -0.1678 0.0019 -0.9858
vn -0.0566 -0.0034 -0.9984
vn -0.4826 0.0250 0.8755
vn -0.0137 -0.0686 0.9976
vn 0.7852 -0.6093 -0.1107
vn -0.3825 -0.7862 0.4855
vn -0.2213 -0.9261 0.3055
vn -0.3482 -0.3955 0.8499
vn -0.4900 -0.2002 0.8484
vn -0.2659 -0.2124 0.9403
vn -0.3956 -0.0556 0.9167
vn -0.2674 0.0935 0.9590
vn -0.0569 0.2009 -0.9780
vn 0.0139 0.1551 -0.9878
vn -0.7151 0.4426 -0.5410
vn -0.3527 0.2885 -0.8901
vn -0.6630 0.4495 -0.5987
vn -0.5403 0.4110 -0.7343
vn -0.7287 0.5336 -0.4293
vn -0.7750 0.4757 -0.4159
vn -0.1439 0.1292 0.9811
vn -0.1413 0.1362 0.9805
vn -0.2232 0.0695 0.9723
vn -0.7621 0.4665 0.4490
vn -0.8054 0.4108 -0.4272
vn -0.9852 0.1711 -0.0079
vn -0.9628 0.0428 0.2667
vn -0.9771 0.2105 0.0326
vn -0.9888 0.1425 -0.0436
vn 0.3695 -0.8898 0.2676
vn -0.5561 -0.2702 0.7860
vn -0.7875 0.5693 0.2361
vn -0.8505 0.5258 -0.0133
vn -0.9209 0.2319 -0.3132
vn -0.8541 0.4765 -0.2083
vn -0.9084 0.3965 0.1328
vn 0.6696 -0.2108 -0.7122
vn -0.9735 0.2234 0.0488
vn -0.7127 0.2393 0.6593
vn -0.8888 0.0089 -0.4582
vn -0.9047 0.3754 0.2013
vn -0.9239 0.3651 0.1146
vn -0.8845 0.4278 0.1864
vn -0.0022 0.6629 0.7487
vn 0.0151 0.4921 0.8704
vn 0.0149 0.4179 0.9084
vn 0.0174 0.5338 0.8454
vn 0.9938 0.0961 0.0561
vn 0.2487 0.5235 0.8149
vn 0.4001 0.5181 0.7560
vn 0.9966 0.0703 0.0429
vn 0.0313 0.2632 0.9642
vn 0.8356 -0.0888 -0.5421
vn 0.9075 -0.3182 -0.2743
vn 0.0175 0.6586 0.7523
vn -0.0306 0.2358 0.9713
vn 0.0279 0.3120 0.9497
vn -0.7279 0.6715 -0.1387
vn -0.7251 0.6730 -0.1460
vn -0.7340 0.6789 0.0168
vn -0.7376 0.6121 0.2851
vn -0.7411 0.6708 0.0285
vn -0.7233 0.6529 0.2246
vn -0.6445 0.2677 -0.7162
vn -0.7495 0.0562 -0.6596
vn -0.4846 -0.7605 -0.4323
vn -0.9501 0.0841 -0.3005
vn -0.4728 -0.0169 -0.8810
vn -0.6241 -0.0265 -0.7809
vn -0.5396 -0.0415 -0.8409
vn -0.6097 0.1396 -0.7803
vn -0.7362 0.3812 -0.5592
vn -0.8409 0.4890 -0.2320
vn -0.8284 0.5011 -0.2504
vn -0.6229 0.2355 -0.7460
vn -0.7178 0.3717 -0.5887
vn -0.7920 0.6020 0.1013
vn -0.7208 0.6931 -0.0021
vn -0.8192 -0.0221 -0.5730
vn -0.0050 0.8980 -0.4399
vn -0.0519 -0.2530 -0.9661
vn -0.8694 -0.0070 -0.4941
vn -0.9246 0.1163 -0.3627
vn -0.8834 0.1610 -0.4401
vn -0.8614 0.1606 -0.4819
vn -0.9609 -0.2691 -0.0653
vn -0.9620 0.0116 -0.2729
vn -0.9600 0.0196 -0.2792
vn -0.9329 -0.3380 -0.1241
vn -0.9652 -0.2551 -0.0579
vn -0.9863 -0.0089 -0.1646
vn -0.9586 -0.2842 0.0176
vn -0.9599 -0.2725 -0.0655
vn -0.9162 -0.3991 0.0363
vn -0.9187 -0.3945 0.0203
vn -0.9521 -0.3057 -0.0034
vn -0.9827 -0.1785 -0.0483
vn -0.9038 -0.4280 0.0048
vn -0.9204 -0.3908 0.0122
vn -0.9126 -0.4068 0.0406
vn -0.8858 -0.4638 0.0144
vn -0.8849 -0.4655 0.0134
vn -0.9607 -0.2768 -0.0208
vn -0.9957 -0.0917 -0.0156
vn -0.9736 -0.2136 0.0801
vn -0.9958 -0.0777 0.0478
vn -0.9945 -0.0878 0.0579
vn -0.9556 -0.2941 -0.0173
vn -0.9864 -0.1576 0.0473
vn -0.9398 -0.3411 -0.0212
vn -0.9434 -0.3312 -0.0172
vn -0.8823 -0.4700 -0.0257
vn -0.8847 -0.4657 -0.0211
vn -0.8862 -0.4599 -0.0556
vn -0.9432 -0.3319 -0.0165
vn -0.9010 -0.4327 -0.0318
vn -0.8867 -0.4597 -0.0486
vn -0.9900 -0.0971 0.1024
vn -0.9817 -0.1259 0.1428
vn -0.9874 -0.0617 0.1455
vn -0.9825 -0.0874 0.1644
vn -0.9479 -0.3155 0.0447
vn -0.9069 -0.4199 -0.0342
vn -0.9798 -0.0831 0.1817
vn -0.9764 0.0135 0.2156
vn -0.9676 -0.0280 0.2511
vn -0.9539 -0.2987 0.0282
vn -0.9705 -0.1329 0.2012
vn -0.9744 -0.0813 0.2096
vn -0.9390 -0.3435 0.0152
vn -0.9122 -0.4087 -0.0281
vn -0.9084 -0.4163 -0.0379
vn -0.9509 0.0523 0.3052
vn -0.9599 -0.0489 0.2759
vn -0.9718 -0.1403 0.1894
vn -0.9025 0.0138 0.4305
vn -0.9553 -0.1305 0.2652
vn -0.9255 0.1120 0.3618
vn -0.8516 0.2682 0.4504
vn -0.9102 0.0785 -0.4066
vn -0.9101 0.0802 -0.4065
vn -0.8778 0.1428 -0.4573
vn -0.8648 0.1440 -0.4810
vn -0.9188 0.1649 0.3586
vn -0.9106 0.0870 0.4040
vn -0.8031 0.1943 0.5633
vn -0.9596 0.0331 -0.2794
vn -0.9462 0.0792 -0.3138
vn -0.9863 -0.0405 -0.1600
vn -0.9804 -0.0475 -0.1910
vn -0.9761 -0.2126 -0.0452
vn -0.9868 -0.1332 -0.0924
vn -0.9831 -0.1833 -0.0033
vn -0.9929 0.0001 0.1192
vn -0.9808 -0.0656 0.1838
vn -0.9837 0.0001 0.1796
vn -0.9629 0.0825 0.2568
vn -0.9596 0.0720 0.2722
vn -0.9019 0.1555 0.4030
vn -0.8808 0.0847 0.4659
vn -0.9618 -0.0026 0.2736
vn -0.9816 -0.0149 -0.1903
vn -0.9851 -0.0097 -0.1717
vn -0.9806 -0.0145 -0.1954
vn -0.9932 -0.0098 -0.1161
vn -0.9954 -0.0144 -0.0947
vn -0.9995 -0.0315 -0.0054
vn -0.9970 -0.0144 -0.0760
vn -0.9976 -0.0318 0.0608
vn -0.9975 -0.0279 0.0642
vn -0.9822 -0.0283 0.1855
vn -0.9492 -0.0242 -0.3138
vn -0.8860 -0.0147 -0.4634
vn -0.9187 0.0347 0.3933
vn -0.8840 0.0327 0.4663
vn -0.9046 -0.0121 -0.4261
vn -0.8992 -0.0120 -0.4375
vn -0.9087 -0.0235 -0.4169
vn -0.9784 -0.0239 0.2055
vn -0.9375 -0.0234 0.3472
vn -0.9090 0.0115 0.4167
vn -0.9693 -0.0442 -0.2420
vn -0.8546 -0.0450 -0.5174
vn -0.6725 -0.6003 -0.4328
vn -0.9122 -0.0285 0.4088
vn -0.9321 -0.0190 0.3617
vn -0.9557 -0.0303 0.2928
vn -0.7533 -0.0589 0.6551
vn -0.8658 -0.4707 0.1700
vn -0.9280 -0.0193 0.3721
vn -0.9977 -0.0552 -0.0402
vn -0.9810 -0.0561 0.1857
vn -0.9848 -0.1008 -0.1416
vn -0.9890 -0.1025 -0.1066
vn -0.9922 -0.0457 -0.1163
vn -0.9319 -0.0444 -0.3600
vn -0.9949 -0.0754 0.0675
vn -0.9671 -0.0425 0.2510
vn -0.9575 -0.0424 0.2854
vn -0.9194 -0.3932 0.0040
vn -0.6531 -0.7075 -0.2700
vn -0.7206 -0.0391 -0.6923
vn -0.4360 -0.7584 -0.4846
vn -0.4132 -0.8203 -0.3954
vn -0.4391 -0.8190 -0.3693
vn -0.5179 -0.7002 -0.4915
vn -0.4913 -0.7629 -0.4202
vn -0.7246 -0.0413 -0.6879
vn -0.6398 -0.0415 -0.7674
vn -0.4731 -0.6749 -0.5664
vn -0.7148 0.1213 -0.6888
vn -0.6406 -0.0418 -0.7667
vn -0.6399 0.0531 -0.7666
vn -0.6534 0.1026 -0.7500
vn -0.5070 -0.8046 -0.3092
vn -0.4131 -0.8195 -0.3972
vn -0.5868 -0.7139 -0.3821
vn -0.8994 -0.4295 -0.0811
vn -0.2837 -0.3995 -0.8717
vn -0.5653 -0.7015 -0.4339
vn -0.7038 -0.0641 0.7075
vn -0.6947 -0.0692 0.7160
vn -0.6514 -0.0586 0.7564
vn -0.7113 0.0981 -0.6960
vn -0.7105 0.1091 -0.6952
vn -0.7630 0.1166 -0.6358
vn -0.7804 0.1042 -0.6166
vn -0.6940 0.1036 -0.7125
vn -0.7120 0.1158 -0.6925
vn -0.7662 0.0995 0.6348
vn -0.7020 0.0891 0.7066
vn -0.6928 0.0990 0.7143
vn -0.7014 0.0968 0.7061
vn -0.7032 0.1061 0.7030
vn -0.7781 0.1087 0.6187
vn -0.7026 0.0946 0.7053
vn -0.7438 -0.0798 -0.6636
vn -0.7194 -0.2642 -0.6424
vn -0.7321 -0.2576 0.6305
vn -0.7212 -0.0902 0.6869
vn -0.7184 -0.2574 0.6463
vn -0.6982 -0.2682 0.6638
vn -0.7075 0.0606 0.7041
vn -0.7057 -0.0983 0.7017
vn -0.7311 -0.2766 -0.6237
vn -0.6264 -0.2801 -0.7275
vn -0.6461 -0.4010 -0.6495
vn -0.6257 -0.3709 0.6863
vn -0.6526 -0.2671 0.7090
vn -0.6521 -0.2646 0.7105
vn -0.5774 -0.3949 -0.7146
vn -0.6525 -0.1264 -0.7472
vn -0.6674 -0.1328 -0.7328
vn -0.6559 -0.2476 -0.7131
vn -0.5802 -0.3966 -0.7114
vn -0.6204 -0.1857 -0.7620
vn -0.6500 -0.1292 -0.7488
vn -0.5683 -0.1288 -0.8127
vn -0.5267 -0.1338 -0.8395
vn -0.5150 -0.2509 -0.8197
vn -0.5458 -0.3048 -0.7805
vn -0.5756 -0.3106 -0.7565
vn -0.6782 -0.2197 -0.7013
vn -0.6327 0.0533 0.7725
vn -0.6758 0.0702 0.7337
vn 0.5488 0.8359 0.0140
vn 0.6178 0.7855 -0.0359
vn 0.6776 0.7338 -0.0490
vn 0.6279 0.7693 -0.1180
vn 0.7523 0.0305 0.6581
vn 0.7521 0.0308 0.6583
vn -0.5711 -0.2537 -0.7807
vn -0.6050 -0.7328 -0.3115
vn -0.7015 -0.7084 -0.0775
vn -0.7031 -0.7104 -0.0312
vn -0.7273 -0.6470 0.2287
vn -0.7558 -0.6528 -0.0506
vn -0.7450 -0.6619 -0.0834
vn -0.7473 -0.6640 -0.0250
vn 0.6988 0.2688 -0.6629
vn 0.7978 0.1881 -0.5728
vn 0.3367 0.7403 -0.5819
vn 0.4225 0.6201 -0.6611
vn 0.8387 -0.1468 -0.5245
vn 0.8173 -0.1151 -0.5646
vn 0.4099 0.1230 -0.9038
vn 0.3856 -0.1410 -0.9118
vn 0.3049 -0.0334 -0.9518
vn 0.3152 -0.7217 -0.6163
vn 0.3796 -0.6369 -0.6710
vn -0.9358 0.3449 0.0729
vn -0.9473 0.3204 0.0059
vn -0.9397 0.3420 0.0002
vn -0.9363 0.3424 0.0787
vn -0.9748 0.2182 -0.0466
vn -0.9455 0.3101 -0.0992
vn -0.9823 0.1756 0.0651
vn -0.9675 0.2107 -0.1398
vn -0.0211 -0.0883 0.9959
vn -0.0082 -0.0580 0.9983
vn 0.0129 -0.0147 0.9998
vn 0.0816 0.0896 0.9926
vn -0.9951 0.0971 -0.0169
vn -0.0776 0.0793 0.9938
vn -0.1097 0.0673 0.9917
vn -0.0775 0.0787 0.9939
vn -0.0219 0.0033 0.9998
vn -0.0205 0.0038 0.9998
vn -0.0091 -0.0086 0.9999
vn 0.0044 -0.0065 1.0000
vn 0.0673 0.0906 0.9936
vn 0.0124 0.0723 0.9973
vn 0.0073 0.1413 0.9899
vn -0.1295 -0.0957 0.9869
vn -0.0042 0.0365 0.9993
vn 0.0879 0.1670 0.9820
vn 0.1366 0.2392 0.9613
vn 0.0300 0.1956 0.9802
vn 0.0037 0.0212 0.9998
vn -0.0588 -0.0990 0.9934
vn 0.4718 0.7312 0.4927
vn 0.7773 0.0670 -0.6256
vn 0.8573 0.0231 -0.5143
vn 0.7995 0.1036 -0.5917
vn 0.1661 0.0117 0.9860
vn 0.6138 0.4375 -0.6572
vn 0.1836 0.0133 0.9829
vn 0.3937 0.0026 0.9192
vn 0.9878 0.1252 -0.0928
vn 0.3354 0.0022 0.9421
vn 0.9634 -0.0157 0.2678
vn 0.9978 -0.0031 -0.0664
vn 0.9734 -0.2264 -0.0363
vn 0.9520 -0.2719 0.1408
vn 0.7696 -0.5881 -0.2486
vn 0.8973 -0.0516 -0.4384
vn 0.1632 -0.0848 0.9829
vn 0.0660 -0.2732 0.9597
vn 0.0659 -0.1873 0.9801
vn 0.0602 0.1123 0.9919
vn -0.0279 -0.0945 0.9951
vn 0.0048 -0.1718 0.9851
vn 0.0437 0.0908 0.9949
vn 0.0143 -0.0475 0.9988
vn 0.0243 -0.0624 0.9978
vn 0.0534 0.0744 0.9958
vn 0.0135 0.0153 0.9998
vn -0.0076 0.0206 0.9998
vn 0.0007 -0.0937 0.9956
vn 0.0248 -0.1098 0.9936
vn 0.1197 -0.2442 0.9623
vn -0.8691 0.4844 0.1000
vn -0.6859 0.7228 -0.0838
vn -0.6899 0.7041 -0.1684
vn -0.9381 0.2136 0.2726
vn -0.8552 0.5182 -0.0016
vn -0.9773 0.2084 0.0388
vn -0.9943 0.0062 -0.1063
vn -0.9971 -0.0604 -0.0469
vn -0.9972 -0.0554 -0.0508
vn -0.9921 -0.1247 -0.0103
vn -0.8374 -0.3769 0.3959
vn -0.7730 -0.6142 -0.1591
vn -0.9971 0.0199 -0.0739
vn -0.9676 0.0423 -0.2491
vn -0.1024 0.0393 -0.9940
vn -0.4954 0.3901 -0.7761
vn -0.5025 0.5285 -0.6843
vn -0.4932 0.5383 -0.6834
vn -0.1164 0.1236 -0.9855
vn -0.5871 0.3881 -0.7104
vn -0.3650 0.4813 -0.7970
vn -0.0818 0.2219 -0.9716
vn -0.0678 0.2240 -0.9722
vn -0.4817 0.6228 -0.6166
vn -0.4910 0.6126 -0.6194
vn -0.4569 0.4298 -0.7788
vn -0.2852 0.2896 -0.9137
vn -0.5243 0.1209 -0.8429
vn 0.8408 0.1393 0.5232
vn 0.3305 0.0580 0.9420
vn 0.2803 0.6742 0.6833
vn 0.6853 -0.3523 0.6374
vn 0.8195 -0.2250 0.5271
vn 0.3693 -0.1829 0.9111
vn 0.2660 -0.0266 0.9636
vn -0.7403 0.2512 -0.6236
vn 0.3655 -0.7797 0.5085
vn 0.2534 -0.7704 0.5851
vn -0.8252 0.0037 -0.5648
vn -0.7726 -0.0122 -0.6348
vn -0.6048 -0.2841 -0.7440
vn -0.8431 0.0609 -0.5343
vn -0.8762 0.1030 -0.4708
vn -0.7137 -0.4356 -0.5485
vn -0.7089 0.4035 -0.5785
vn -0.9250 0.3021 -0.2304
vn -0.7940 0.5687 -0.2149
vn -0.8572 0.4954 -0.1407
vn -0.8122 0.5806 0.0569
vn -0.7033 0.7106 0.0210
vn -0.6270 0.7775 -0.0484
vn -0.7815 0.6014 0.1661
vn -0.7570 0.6176 -0.2134
vn -0.8170 0.5664 -0.1082
vn -0.7632 0.6391 -0.0950
vn -0.7159 0.6872 -0.1236
vn -0.7690 0.6378 -0.0433
vn -0.7671 0.6404 0.0381
vn -0.7835 0.6187 0.0579
vn -0.6548 0.7545 0.0446
vn -0.7177 0.6921 0.0767
vn -0.7257 0.6767 0.1242
vn 0.0154 0.1336 -0.9909
vn 0.0005 0.3963 -0.9181
vn 0.3709 -0.0388 -0.9278
vn -0.8009 0.2006 -0.5642
vn -0.9704 -0.2291 -0.0764
vn -0.9450 -0.0100 -0.3270
vn -0.9605 -0.2612 -0.0959
vn -0.9583 -0.2638 -0.1095
vn -0.9692 -0.2330 -0.0804
vn -0.9420 -0.3302 -0.0603
vn -0.8413 -0.4631 0.2787
vn -0.9546 -0.2968 -0.0264
vn -0.9629 -0.2615 -0.0674
vn -0.8558 -0.5104 0.0839
vn -0.8579 -0.4998 0.1192
vn -0.8894 -0.4410 0.1203
vn -0.9055 -0.4117 0.1033
vn -0.8068 -0.5605 0.1869
vn -0.8227 -0.5308 0.2036
vn -0.9026 -0.4239 0.0745
vn -0.9010 -0.4307 0.0517
vn -0.9098 -0.4118 0.0522
vn -0.9117 -0.4088 0.0405
vn -0.8975 -0.4397 0.0331
vn -0.8446 -0.5085 0.1677
vn -0.7949 -0.5859 0.1578
vn -0.8576 -0.5050 0.0977
vn -0.8428 -0.5333 0.0723
vn -0.8749 -0.4641 -0.1381
vn -0.8186 -0.5450 -0.1814
vn -0.8845 -0.4594 -0.0815
vn -0.9420 -0.3356 0.0036
vn -0.9357 -0.3525 0.0149
vn -0.9290 -0.3274 0.1725
vn -0.8837 -0.4608 -0.0818
vn -0.9088 -0.4127 -0.0619
vn -0.8207 -0.5427 -0.1785
vn -0.8263 -0.5441 -0.1453
vn -0.8232 -0.5416 -0.1705
vn -0.8102 -0.5689 -0.1414
vn -0.8589 -0.4716 -0.1998
vn -0.9735 -0.0768 0.2152
vn -0.9055 0.0794 0.4169
vn -0.9642 -0.2615 0.0450
vn -0.9279 -0.3713 0.0334
vn -0.9732 -0.2290 -0.0191
vn -0.8505 -0.1459 0.5053
vn -0.9444 -0.0270 0.3278
vn -0.9073 -0.3977 0.1364
vn -0.9512 -0.3075 -0.0250
vn -0.7042 0.2393 -0.6685
vn -0.8794 -0.4705 0.0725
vn -0.8490 -0.5269 0.0396
vn -0.8573 -0.5075 0.0860
vn -0.8922 -0.4498 -0.0403
vn -0.8924 -0.4495 -0.0395
vn -0.8875 -0.4592 -0.0383
vn -0.8931 -0.4475 -0.0462
vn -0.8814 -0.4703 -0.0450
vn -0.8694 -0.4931 -0.0329
vn -0.8372 -0.5462 0.0263
vn -0.8463 -0.5326 -0.0088
vn -0.8517 -0.5175 -0.0829
vn -0.8924 -0.4488 -0.0477
vn -0.8859 -0.4608 -0.0536
vn -0.8953 0.0799 0.4382
vn -0.7527 0.2122 0.6232
vn -0.6871 0.2576 0.6794
vn -0.6217 0.2237 0.7506
vn -0.8969 -0.4371 0.0670
vn -0.8878 -0.4575 0.0495
vn -0.8768 -0.4785 0.0471
vn -0.8864 -0.4621 0.0286
vn -0.8903 -0.4539 0.0371
vn -0.8955 -0.4442 0.0265
vn -0.8763 -0.4793 0.0482
vn -0.8912 -0.4470 -0.0765
vn -0.8903 -0.4538 0.0386
vn -0.8933 -0.4492 0.0128
vn -0.8953 -0.4454 0.0086
vn -0.9055 -0.4215 -0.0500
vn -0.9073 -0.4204 0.0086
vn -0.8822 -0.4683 -0.0505
vn -0.8865 -0.4614 -0.0355
vn -0.8868 -0.4587 -0.0572
vn -0.8823 -0.4677 -0.0525
vn -0.8921 -0.4501 -0.0393
vn -0.9055 -0.4231 -0.0317
vn -0.9006 -0.4290 -0.0699
vn -0.9029 -0.4297 -0.0137
vn -0.8916 -0.4528 -0.0105
vn -0.9054 -0.4238 0.0243
vn -0.9117 -0.4108 -0.0107
vn -0.8955 -0.4447 -0.0205
vn -0.8822 -0.4702 -0.0231
vn -0.9085 0.1044 0.4047
vn -0.7990 0.2009 -0.5668
vn -0.7816 0.1854 -0.5956
vn -0.7549 0.2265 0.6154
vn -0.7481 0.2604 0.6103
vn -0.8270 0.1816 -0.5320
vn -0.7831 0.1753 -0.5967
vn -0.7712 0.1883 -0.6081
vn -0.7189 0.1921 -0.6681
vn -0.8085 0.2138 0.5483
vn -0.7978 0.2339 0.5557
vn -0.6814 0.3133 0.6614
vn -0.7701 0.1677 0.6155
vn -0.8631 -0.0196 -0.5046
vn -0.7826 -0.0271 -0.6219
vn -0.8157 -0.0184 -0.5782
vn -0.8406 -0.0232 -0.5412
vn -0.8231 0.0137 0.5678
vn -0.8270 0.0143 0.5620
vn -0.7916 0.0183 0.6108
vn -0.7691 0.0181 0.6388
vn -0.7742 0.0188 0.6327
vn -0.7272 -0.0212 -0.6861
vn -0.6508 -0.5718 0.4995
vn -0.5433 -0.7016 -0.4610
vn -0.9053 -0.3887 -0.1712
vn -0.3881 -0.7531 -0.5312
vn -0.3891 -0.8177 -0.4242
vn -0.4175 -0.7561 -0.5040
vn -0.4345 -0.6666 -0.6057
vn -0.5882 -0.0616 -0.8064
vn -0.6152 0.1358 -0.7766
vn -0.4667 -0.8043 -0.3678
vn -0.3792 -0.8050 -0.4562
vn -0.3808 -0.8257 -0.4163
vn -0.2556 -0.4075 -0.8767
vn -0.4486 -0.6300 -0.6339
vn -0.5579 -0.4654 0.6872
vn -0.6096 -0.0597 0.7905
vn -0.6181 -0.0553 0.7842
vn -0.6502 0.1132 -0.7513
vn -0.7082 0.1158 -0.6965
vn -0.7217 0.1072 -0.6839
vn -0.6294 0.1063 -0.7697
vn -0.6513 0.1209 -0.7491
vn -0.6240 0.0785 -0.7775
vn -0.6278 0.1049 -0.7713
vn -0.7021 0.0949 0.7057
vn -0.6371 0.0878 0.7657
vn -0.6271 0.0947 0.7731
vn -0.6383 0.0685 0.7667
vn -0.6452 0.1063 0.7566
vn -0.7189 0.1061 0.6870
vn -0.6432 0.1424 0.7523
vn -0.7106 0.0625 -0.7008
vn -0.7098 -0.0972 -0.6977
vn -0.6757 -0.0755 -0.7333
vn -0.6552 -0.2580 -0.7100
vn -0.6680 -0.2559 0.6988
vn -0.6763 -0.0804 0.7322
vn -0.6348 0.0709 0.7694
vn -0.6315 -0.0896 0.7702
vn -0.6322 -0.0827 0.7704
vn -0.6598 -0.2534 0.7074
vn -0.6727 -0.2717 -0.6882
vn -0.5571 -0.2788 -0.7822
vn -0.5772 -0.3981 -0.7130
vn -0.5951 -0.3557 0.7207
vn -0.5546 -0.3697 0.7455
vn -0.5850 -0.2730 0.7637
vn -0.5839 -0.2676 0.7664
vn 0.8563 0.4079 0.3169
vn 0.8396 0.4748 0.2641
vn 0.8147 0.4197 0.4001
vn 0.7969 0.5286 0.2925
vn 0.7708 0.5425 0.3341
vn 0.7522 0.4926 0.4377
vn 0.8567 0.4719 0.2081
vn 0.8863 0.4096 0.2162
vn 0.8395 0.4093 0.3574
vn 0.8645 0.3875 0.3202
vn 0.8197 0.4062 0.4039
vn 0.8552 0.4782 0.2000
vn 0.8014 0.5623 0.2038
vn 0.8709 0.4775 0.1161
vn 0.9041 0.4096 0.1218
vn 0.8857 0.4102 0.2176
vn 0.8674 0.4866 0.1038
vn 0.8870 0.4501 0.1030
vn 0.8466 0.4565 0.2736
vn 0.8488 0.5007 0.1696
vn 0.8837 0.4669 0.0334
vn 0.9092 0.4148 0.0353
vn 0.9000 0.4151 0.1329
vn 0.8680 0.4956 -0.0303
vn 0.9087 0.4163 -0.0325
vn 0.9086 0.4160 0.0378
vn 0.8854 0.4649 -0.0029
vn 0.9060 0.4233 -0.0030
vn 0.8786 0.4727 0.0675
vn 0.8785 0.4624 -0.1196
vn 0.9058 0.4052 -0.1237
vn 0.9123 0.4051 -0.0594
vn 0.8861 0.4514 -0.1050
vn 0.8984 0.4267 -0.1039
vn 0.8868 0.4605 -0.0391
vn 0.8677 0.4509 -0.2093
vn 0.8955 0.3889 -0.2162
vn 0.9074 0.3888 -0.1595
vn 0.8810 0.4338 -0.1888
vn 0.8650 0.4640 -0.1913
vn 0.8448 0.4330 -0.3144
vn 0.8676 0.3773 -0.3238
vn 0.8929 0.3747 -0.2498
vn 0.8879 0.3808 -0.2581
vn 0.8073 0.4980 -0.3166
vn 0.8196 0.5211 -0.2383
vn 0.8274 0.4432 -0.3450
vn 0.8220 0.3833 -0.4211
vn 0.8511 0.3550 -0.3867
vn 0.8292 0.3612 -0.4265
vn 0.7787 0.4332 -0.4539
vn 0.7893 0.5660 0.2378
vn 0.8548 0.3887 0.3440
vn 0.6849 0.5641 0.4613
vn 0.6866 0.7024 -0.1874
vn 0.6648 0.6274 -0.4054
vn 0.7030 -0.0356 0.7103
vn 0.6697 0.0064 0.7426
vn 0.6414 0.0950 0.7613
vn -0.5439 -0.0050 -0.8392
vn -0.5253 -0.3343 -0.7825
vn -0.5198 -0.3330 -0.7867
vn -0.7043 -0.0587 -0.7075
vn -0.6590 0.3667 -0.6567
vn -0.4496 -0.2283 -0.8636
vn 0.6679 -0.6771 0.3089
vn 0.7160 -0.6304 0.2999
vn 0.6501 -0.6481 0.3967
vn 0.7594 -0.6333 0.1494
vn 0.9508 -0.0017 0.3097
vn 0.9185 -0.0003 0.3955
vn 0.9144 0.0053 0.4048
vn 0.9917 -0.0171 0.1273
vn 0.9878 -0.0286 0.1533
vn 0.9670 -0.0281 0.2531
vn 0.9980 -0.0382 0.0511
vn 0.9982 -0.0187 -0.0561
vn 0.9877 -0.0252 -0.1541
vn 0.9876 -0.0248 -0.1549
vn 0.9970 -0.0254 -0.0733
vn 0.9561 -0.0240 -0.2920
vn 0.9669 -0.0088 -0.2549
vn 0.7599 0.6298 -0.1609
vn 0.9095 -0.0048 -0.4158
vn 0.9339 0.0251 -0.3567
vn 0.6520 0.7150 0.2526
vn 0.6506 0.7502 0.1178
vn -0.5313 -0.7871 -0.3134
vn -0.6279 -0.7781 0.0158
vn -0.5634 -0.8253 -0.0384
vn -0.5346 -0.7773 -0.3316
vn -0.6251 -0.7722 0.1140
vn -0.6410 -0.7492 0.1669
vn -0.7051 -0.6968 -0.1313
vn -0.7062 -0.7037 -0.0776
vn -0.6119 -0.7909 -0.0071
vn -0.5485 -0.8332 -0.0696
vn -0.6276 -0.7784 0.0153
vn -0.6120 -0.7909 -0.0016
vn -0.6394 -0.7685 0.0235
vn -0.6275 -0.7786 0.0001
vn -0.6203 -0.7639 0.1779
vn -0.5500 -0.8326 0.0653
vn 0.0648 0.7199 -0.6910
vn 0.0874 -0.0396 -0.9954
vn 0.0398 -0.7123 -0.7008
vn 0.0542 -0.0599 -0.9967
vn 0.0244 -0.7198 -0.6938
vn -0.9984 0.0550 -0.0143
vn -0.9996 0.0200 -0.0214
vn -0.9732 -0.0532 -0.2239
vn -0.9444 0.3288 -0.0032
vn -0.9793 -0.0390 -0.1985
vn -0.9074 -0.4155 -0.0638
vn -0.7082 0.6780 -0.1971
vn -0.9937 0.0985 -0.0529
vn -0.8853 0.4589 -0.0748
vn -0.9970 -0.0416 -0.0657
vn -0.9968 -0.0217 -0.0773
vn -0.8706 -0.4764 -0.1229
vn -0.0150 0.0757 0.9970
vn -0.0044 0.0664 0.9978
vn -0.9290 0.3693 0.0239
vn -0.7642 0.6444 -0.0274
vn -0.7292 0.6834 0.0358
vn -0.1722 0.9849 0.0171
vn -0.6403 0.7659 0.0583
vn -0.5282 0.8472 0.0574
vn -0.4376 0.5516 -0.7101
vn 0.0419 0.7263 0.6861
vn -0.0109 0.7519 0.6592
vn -0.0108 0.7554 0.6552
vn 0.0339 -0.0400 0.9986
vn -0.0741 0.5599 -0.8253
vn -0.0618 0.5659 -0.8222
vn -0.1302 -0.8165 0.5625
vn 0.2518 0.1078 0.9618
vn -0.1184 -0.3598 0.9255
vn -0.0503 0.5912 0.8050
vn 0.4725 0.0597 0.8793
vn -0.0416 0.5817 0.8124
vn -0.0684 0.6492 -0.7576
vn -0.0669 0.6385 -0.7667
vn -0.7381 0.3788 -0.5583
vn -0.3298 -0.0279 -0.9436
vn 0.0157 0.3431 -0.9392
vn -0.9889 -0.1365 0.0589
vn -0.0010 -0.0159 -0.9999
vn -0.0213 -0.6075 -0.7941
vn -0.6420 0.7593 0.1062
vn 0.0157 0.3186 -0.9478
vn 0.9909 -0.0592 0.1206
vn -0.4263 -0.1313 -0.8950
vn 0.0169 0.3357 -0.9418
vn 0.6395 -0.7571 -0.1335
vn 0.0062 0.3641 0.9313
vn 0.4293 -0.0903 0.8986
vn 0.0036 0.3772 0.9261
vn -0.0011 0.0469 -0.9989
vn 0.0078 0.0360 -0.9993
vn 0.0212 0.2059 -0.9783
vn -0.1838 -0.8533 0.4880
vn -0.5067 0.8468 -0.1620
vn -0.5959 0.7998 -0.0720
vn -0.6404 0.7665 -0.0484
vn -0.5448 0.8172 -0.1883
vn -0.6301 0.7730 -0.0737
vn -0.5490 0.8247 -0.1361
vn -0.6406 0.7666 -0.0457
vn -0.7036 0.7103 0.0207
vn -0.6473 0.7608 -0.0455
vn -0.6914 0.7128 -0.1176
vn -0.8421 0.4528 0.2931
vn -0.9147 0.3892 -0.1089
vn -0.6005 0.6767 -0.4261
vn -0.8545 0.5195 0.0085
vn -0.9765 0.1054 0.1882
vn -0.9040 0.4029 -0.1433
vn -0.9601 0.0923 0.2641
vn -0.8723 0.4853 -0.0601
vn -0.8709 0.4897 -0.0409
vn -0.9689 0.1812 -0.1684
vn -0.6405 0.7634 0.0835
vn -0.6488 0.4986 0.5749
vn -0.8027 0.5135 0.3033
vn -0.8042 0.5473 0.2318
vn -0.6452 0.7636 0.0271
vn -0.6920 0.7178 0.0772
vn -0.5681 0.8229 0.0107
vn -0.6394 0.7615 0.1064
vn -0.5548 0.8017 0.2227
vn -0.5604 0.7961 0.2286
vn -0.9810 -0.1876 -0.0487
vn -0.4301 0.1627 -0.8880
vn -0.6332 0.2220 -0.7414
vn -0.9843 -0.1675 -0.0559
vn -0.8026 -0.4253 0.4182
vn -0.9142 -0.1513 -0.3759
vn -0.4270 0.1490 -0.8919
vn -0.4484 0.1575 -0.8798
vn -0.9840 -0.0178 -0.1771
vn -0.5336 0.3239 -0.7813
vn -0.3894 0.3037 -0.8696
vn -0.3931 0.3079 -0.8664
vn -0.3590 0.1855 -0.9147
vn -0.1134 0.1568 -0.9811
vn -0.1235 0.4135 -0.9021
vn -0.1708 0.3250 -0.9302
vn -0.0128 0.2017 -0.9794
vn -0.1168 0.2784 -0.9533
vn -0.0610 0.4146 -0.9080
vn -0.0625 0.1666 -0.9840
vn -0.0369 0.1708 -0.9846
vn 0.0102 0.3630 -0.9317
vn 0.0940 0.1265 -0.9875
vn -0.0055 0.2075 -0.9782
vn 0.0027 0.3329 -0.9430
vn -0.0203 0.0885 -0.9959
vn -0.1175 0.0888 -0.9891
vn -0.0144 0.0835 -0.9964
vn -0.0654 0.0671 -0.9956
vn -0.1797 0.1516 -0.9720
vn -0.2035 0.1501 -0.9675
vn -0.7440 -0.4404 0.5025
vn -0.7619 -0.5258 0.3782
vn -0.7849 -0.4968 0.3703
vn -0.6113 -0.4983 0.6148
vn -0.7202 -0.3715 0.5859
vn -0.7526 -0.4355 -0.4940
vn -0.6165 -0.4964 -0.6111
vn -0.8137 -0.4572 -0.3590
vn -0.7376 -0.3671 -0.5667
vn -0.4355 -0.6132 -0.6591
vn -0.9029 -0.3494 -0.2505
vn -0.9474 -0.3157 0.0518
vn -0.9805 -0.1963 0.0097
vn -0.9915 0.0762 0.1050
vn -0.7692 -0.0426 0.6376
vn -0.4177 0.1267 0.8997
vn -0.3715 0.2199 0.9020
vn -0.4833 0.1615 0.8604
vn -0.1000 0.1672 0.9808
vn -0.0688 0.1434 0.9873
vn -0.0535 0.2959 0.9537
vn -0.2374 0.1851 0.9536
vn -0.1240 0.0776 0.9892
vn -0.0936 0.0765 0.9927
vn 0.1441 -0.1331 0.9806
vn 0.3438 0.1250 0.9307
vn 0.0510 0.0811 0.9954
vn 0.1834 0.1702 0.9682
vn 0.1695 0.4055 0.8982
vn 0.1627 0.3975 0.9031
vn -0.0470 0.2959 0.9541
vn 0.1318 0.6011 0.7882
vn 0.1342 0.6432 0.7539
vn -0.0735 0.4113 0.9085
vn 0.2203 0.4047 0.8875
vn 0.0041 0.6578 0.7532
vn 0.0747 0.5677 0.8199
vn 0.0114 0.6981 0.7159
vn 0.0120 0.7837 0.6210
vn 0.0015 0.7361 0.6768
vn -0.0515 0.7049 0.7075
vn -0.0430 0.5492 0.8346
vn -0.0756 0.7576 0.6484
vn -0.2588 0.4004 0.8791
vn 0.1332 0.3245 0.9365
vn -0.1338 0.1483 0.9798
vn 0.1953 0.3467 0.9174
vn -0.0836 0.1610 0.9834
vn -0.0829 0.1667 0.9825
vn -0.3041 0.2465 0.9202
vn -0.2601 0.0844 0.9619
vn 0.0021 0.0936 0.9956
vn 0.0721 0.1631 0.9840
vn 0.2287 0.1688 0.9587
vn 0.3025 0.2603 0.9169
vn 0.2681 0.2737 0.9237
vn 0.1681 0.0972 0.9810
vn 0.1985 0.1947 0.9606
vn 0.3749 0.1506 0.9148
vn 0.1143 -0.0167 0.9933
vn 0.3944 0.2097 0.8947
vn 0.3149 0.0996 0.9439
vn 0.3949 0.2177 0.8925
vn 0.5086 0.1300 0.8511
vn 0.5778 -0.0047 0.8162
vn 0.5791 -0.0048 0.8153
vn 0.6547 0.0250 0.7554
vn 0.8420 0.2130 0.4956
vn 0.7314 0.5271 0.4327
vn 0.8258 0.4324 0.3620
vn 0.9898 0.0558 0.1312
vn 0.9682 0.1820 -0.1719
vn 0.6319 0.2546 0.7320
vn 0.4938 0.7442 0.4498
vn 0.7731 0.5067 0.3816
vn 0.3453 0.5621 0.7515
vn 0.3097 0.4480 0.8387
vn 0.2997 0.6511 0.6974
vn 0.4104 0.5519 0.7260
vn 0.2936 0.4494 0.8437
vn 0.1823 0.8024 0.5683
vn 0.5179 0.6356 0.5725
vn 0.1262 0.6016 0.7888
vn 0.1398 0.6013 0.7867
vn -0.0090 0.7778 0.6284
vn -0.0009 0.7600 0.6499
vn 0.0621 0.6640 0.7451
vn 0.0044 0.7341 0.6790
vn -0.0741 0.6039 0.7936
vn -0.1564 0.6537 0.7404
vn -0.0958 0.6580 0.7469
vn 0.0112 0.7473 0.6644
vn -0.3298 0.5620 0.7585
vn -0.2295 0.5605 0.7957
vn -0.3997 0.6825 0.6120
vn -0.4920 0.6712 0.5545
vn -0.2900 0.7734 0.5638
vn -0.2248 0.8236 0.5208
vn -0.6183 0.4799 0.6225
vn -0.7367 0.5541 0.3876
vn -0.4928 0.7544 0.4336
vn -0.5221 0.7263 0.4471
vn -0.7800 -0.5649 0.2693
vn -0.7776 -0.5688 0.2680
vn -0.6145 -0.6628 0.4278
vn -0.7130 -0.6077 -0.3497
vn -0.6253 0.1555 0.7647
vn -0.3542 0.1825 -0.9172
vn -0.8228 -0.5485 0.1485
vn -0.7931 -0.5776 0.1934
vn -0.4261 -0.9013 0.0778
vn -0.7353 -0.6456 0.2061
vn -0.8754 -0.4831 -0.0158
vn -0.8042 -0.5863 -0.0976
vn -0.5393 -0.8421 0.0030
vn -0.7995 -0.6003 -0.0226
vn -0.5634 -0.8262 0.0036
vn -0.5689 -0.8224 0.0034
vn -0.5910 -0.8067 0.0021
vn -0.5557 -0.8314 0.0035
vn -0.5956 -0.8033 0.0021
vn -0.9115 -0.4108 -0.0192
vn -0.8818 -0.4680 0.0576
vn -0.8369 -0.5424 0.0738
vn -0.8843 -0.4663 -0.0226
vn -0.8703 -0.4917 0.0277
vn -0.8361 -0.5480 0.0258
vn -0.5523 -0.8337 0.0024
vn -0.7577 -0.6452 0.0978
vn -0.8168 -0.5744 0.0532
vn -0.5420 -0.8404 0.0018
vn -0.7097 -0.7035 -0.0381
vn -0.5423 -0.8402 0.0010
vn -0.4574 -0.8871 -0.0616
vn -0.5314 -0.8471 0.0018
vn -0.7514 -0.6331 -0.1860
vn -0.7096 -0.6926 -0.1292
vn -0.3436 -0.9384 0.0356
vn -0.4538 -0.8910 0.0150
vn -0.5329 -0.8462 0.0040
vn -0.5872 -0.8094 -0.0021
vn -0.6220 -0.7830 -0.0055
vn -0.6383 -0.7697 -0.0069
vn -0.6321 -0.7749 -0.0064
vn -0.5039 -0.8638 0.0009
vn -0.5946 -0.7540 -0.2793
vn -0.2706 -0.9624 -0.0251
vn -0.1647 -0.9713 -0.1716
vn -0.2061 -0.9657 0.1579
vn -0.3232 -0.9454 0.0423
vn -0.0226 -0.9997 -0.0052
vn 0.0582 -0.7580 -0.6496
vn 0.0353 -0.9962 0.0798
vn -0.1781 -0.9835 -0.0313
vn -0.1634 -0.7349 -0.6582
vn 0.0381 -0.9876 0.1525
vn 0.1975 -0.7361 -0.6475
vn 0.0093 -0.9999 -0.0054
vn -0.0194 -0.6712 -0.7410
vn -0.0792 -0.9960 -0.0411
vn 0.6273 -0.6817 -0.3765
vn 0.0415 -0.5209 -0.8526
vn 0.1701 -0.6078 -0.7757
vn 0.8370 -0.4686 -0.2826
vn 0.0883 -0.9945 0.0563
vn 0.1426 -0.6914 -0.7083
vn 0.0393 -0.9941 0.1008
vn 0.0771 -0.7500 -0.6569
vn -0.0063 -0.9977 0.0680
vn 0.1926 -0.7544 -0.6276
vn -0.0009 -0.9947 0.1032
vn 0.0078 -0.7792 -0.6267
vn -0.0013 -0.9947 0.1028
vn 0.1090 -0.7814 -0.6144
vn 0.0233 -0.7974 -0.6030
vn -0.0365 -0.9982 0.0470
vn -0.0713 -0.7814 -0.6200
vn 0.0121 -0.9946 0.1031
vn -0.0579 -0.7745 -0.6300
vn -0.2101 -0.9253 -0.3156
vn -0.2332 -0.7104 -0.6640
vn 0.0178 -0.9987 0.0476
vn 0.0218 -0.9985 0.0506
vn -0.1576 -0.7100 -0.6864
vn -0.5145 -0.7201 -0.4655
vn -0.2435 -0.7019 -0.6693
vn -0.1185 -0.6698 -0.7330
vn -0.0374 -0.9980 -0.0512
vn -0.0482 -0.9982 -0.0358
vn 0.0626 -0.9969 0.0467
vn -0.7750 -0.5173 -0.3629
vn -0.0461 -0.5759 -0.8162
vn -0.0006 -0.7265 -0.6872
vn 0.1227 -0.7204 -0.6826
vn 0.3320 -0.9415 0.0576
vn 0.1338 -0.9670 -0.2169
vn 0.1421 -0.9895 -0.0253
vn 0.5206 -0.8538 -0.0025
vn 0.5364 -0.8440 -0.0025
vn 0.4329 -0.8980 -0.0786
vn 0.2974 -0.9449 -0.1365
vn 0.6223 -0.6641 -0.4143
vn 0.5553 -0.8316 -0.0041
vn 0.7053 -0.7067 -0.0548
vn 0.7058 -0.6920 -0.1517
vn 0.7536 -0.6210 -0.2156
vn 0.5104 -0.8599 -0.0040
vn 0.7627 -0.6377 0.1082
vn 0.5569 -0.8305 -0.0090
vn 0.8622 -0.5056 0.0314
vn 0.5595 -0.8288 -0.0090
vn 0.8871 -0.4557 0.0735
vn 0.8646 -0.5008 -0.0399
vn 0.5775 -0.8164 -0.0089
vn 0.9054 -0.4221 0.0460
vn 0.5557 -0.8313 -0.0089
vn 0.8908 -0.4513 -0.0525
vn 0.5939 -0.8045 -0.0095
vn 0.9122 -0.4095 0.0122
vn 0.5887 -0.8083 -0.0095
vn 0.9067 -0.4213 -0.0206
vn 0.9060 -0.4220 -0.0315
vn 0.9123 -0.4095 0.0018
vn 0.8913 -0.4495 -0.0600
vn 0.9070 -0.4209 0.0168
vn 0.8610 -0.5016 -0.0846
vn 0.8942 -0.4472 0.0184
vn 0.8648 -0.5017 -0.0183
vn 0.7700 -0.6291 -0.1062
vn 0.8468 -0.5302 -0.0436
vn 0.7177 -0.6955 0.0349
vn 0.4528 -0.8888 0.0714
vn 0.7171 -0.6739 0.1782
vn 0.3772 -0.9257 -0.0283
vn 0.5241 -0.8516 -0.0079
vn 0.5820 -0.8132 -0.0013
vn 0.6223 -0.7828 0.0027
vn 0.6461 -0.7632 0.0048
vn 0.6537 -0.7567 0.0054
vn 0.6484 -0.7612 0.0050
vn 0.5718 -0.7775 0.2620
vn 0.2603 -0.9647 0.0393
vn 0.1614 -0.9736 0.1613
vn 0.1995 -0.9664 -0.1621
vn 0.3012 -0.9520 -0.0542
vn 0.0671 -0.9972 -0.0315
vn -0.0206 -0.7614 0.6479
vn 0.1811 -0.9827 0.0394
vn 0.0312 -0.7830 0.6212
vn 0.1480 -0.7805 0.6074
vn 0.1011 -0.9587 0.2658
vn 0.2970 -0.9549 -0.0006
vn 0.2324 -0.9721 -0.0321
vn -0.6108 -0.5466 0.5728
vn -0.1015 -0.7729 0.6264
vn -0.0478 -0.1451 0.9883
vn 0.6357 -0.4727 0.6102
vn 0.3872 -0.9220 -0.0055
vn 0.3264 -0.8415 -0.4306
vn 0.5094 -0.8558 -0.0905
vn 0.3184 -0.8517 -0.4162
vn 0.3327 -0.8535 -0.4011
vn 0.4965 -0.8407 -0.2159
vn 0.3953 -0.8750 -0.2796
vn 0.4195 -0.8717 -0.2533
vn 0.3106 -0.8402 -0.4446
vn 0.3943 -0.8371 -0.3792
vn 0.5950 -0.8028 -0.0380
vn 0.4306 -0.8834 -0.1850
vn 0.4557 -0.8790 -0.1405
vn 0.4158 -0.8789 -0.2337
vn 0.6364 -0.7713 -0.0092
vn 0.6198 -0.7789 -0.0957
vn 0.6841 -0.7294 -0.0016
vn 0.6786 -0.7313 -0.0682
vn 0.7052 -0.7090 0.0029
vn 0.7046 -0.7092 -0.0242
vn 0.6968 -0.7173 0.0050
vn 0.6965 -0.7174 0.0115
vn 0.6618 -0.7496 0.0054
vn 0.6559 -0.7536 0.0436
vn 0.6162 -0.7876 0.0048
vn 0.5910 -0.8038 0.0680
vn 0.3958 -0.8825 0.2540
vn 0.4070 -0.8630 0.2993
vn 0.4226 -0.8829 0.2047
vn 0.4209 -0.8823 0.2109
vn 0.4635 -0.8770 0.1267
vn 0.4814 -0.8700 0.1062
vn 0.4307 -0.8630 0.2642
vn 0.2733 -0.9066 0.3215
vn 0.3052 -0.8460 0.4371
vn 0.3484 -0.8786 0.3265
vn 0.3184 -0.8634 0.3913
vn 0.4006 -0.8764 0.2671
vn 0.3628 -0.8848 0.2924
vn 0.3850 -0.8491 0.3617
vn 0.1748 -0.8683 0.4642
vn 0.2558 -0.8775 0.4057
vn 0.1399 -0.8341 0.5335
vn 0.3378 -0.8643 0.3725
vn 0.0808 -0.8453 0.5282
vn 0.0990 -0.8599 0.5007
vn 0.0465 -0.8227 0.5665
vn 0.0730 -0.8452 0.5295
vn 0.0361 -0.8278 0.5599
vn -0.0095 -0.8184 0.5745
vn -0.0155 -0.8119 0.5835
vn -0.0355 -0.8378 0.5448
vn -0.0665 -0.8188 0.5702
vn -0.0998 -0.8538 0.5110
vn -0.1314 -0.8409 0.5251
vn -0.5360 -0.8044 0.2563
vn -0.2671 -0.8941 0.3596
vn -0.3919 -0.8704 0.2981
vn -0.1308 -0.8821 0.4525
vn -0.2838 -0.8296 0.4808
vn -0.5106 -0.8328 0.2138
vn -0.4067 -0.8757 0.2603
vn -0.4115 -0.8744 0.2569
vn -0.3377 -0.8781 0.3389
vn -0.4013 -0.8420 0.3606
vn -0.5881 -0.8072 0.0511
vn -0.4717 -0.8716 0.1338
vn -0.4754 -0.8702 0.1297
vn -0.4359 -0.8770 0.2021
vn -0.6431 -0.7656 0.0189
vn -0.5783 -0.8124 0.0751
vn -0.6798 -0.7334 0.0050
vn -0.6396 -0.7676 0.0426
vn -0.6892 -0.7246 -0.0022
vn -0.6797 -0.7335 0.0073
vn -0.6675 -0.7446 -0.0057
vn -0.6882 -0.7250 -0.0285
vn -0.6223 -0.7827 -0.0068
vn -0.6620 -0.7470 -0.0614
vn -0.5696 -0.8219 -0.0061
vn -0.6057 -0.7908 -0.0882
vn -0.3736 -0.9103 -0.1783
vn -0.3893 -0.8912 -0.2330
vn -0.1656 -0.9858 0.0272
vn -0.3852 -0.9221 -0.0377
vn -0.4277 -0.8965 -0.1158
vn -0.3985 -0.9013 -0.1700
vn -0.4187 -0.8882 -0.1894
vn -0.2676 -0.8901 -0.3690
vn -0.1918 -0.9809 -0.0313
vn -0.1453 -0.9894 0.0005
vn -0.1120 -0.9935 0.0179
vn -0.3713 -0.9046 -0.2095
vn -0.2870 -0.9090 -0.3021
vn -0.3505 -0.8581 -0.3751
vn -0.4772 -0.8728 -0.1027
vn -0.3781 -0.9249 -0.0408
vn 0.0980 -0.9650 0.2431
vn -0.6947 -0.3131 0.6476
vn -0.1113 -0.7914 0.6011
vn -0.0545 -0.8337 0.5495
vn 0.0508 -0.8464 0.5301
vn 0.6806 -0.5393 0.4960
vn -0.2489 -0.9624 0.1087
vn -0.7760 -0.6178 -0.1271
vn -0.7374 -0.6594 0.1464
vn -0.7805 -0.6235 0.0458
vn -0.8103 -0.5839 0.0491
vn -0.8349 -0.5457 -0.0721
vn -0.7900 -0.6131 -0.0035
vn -0.7908 -0.5974 -0.1329
vn -0.6777 0.1745 0.7143
vn -0.6786 0.1758 0.7132
vn -0.6489 0.2400 -0.7221
vn -0.5704 0.2788 -0.7726
vn -0.4262 0.2389 0.8725
vn -0.5998 0.3100 0.7376
vn -0.5561 0.3377 0.7595
vn -0.7150 0.1692 -0.6783
vn -0.6880 0.2304 -0.6882
vn -0.5988 0.2282 -0.7677
vn -0.5971 0.2261 -0.7697
vn -0.6949 0.2638 0.6690
vn -0.5747 0.2644 0.7745
vn -0.5859 0.2853 0.7585
vn -0.6794 0.2294 0.6970
vn -0.6802 0.2224 -0.6984
vn -0.6986 -0.0313 -0.7148
vn -0.7824 -0.0204 -0.6224
vn -0.7353 0.0182 0.6775
vn -0.7023 0.0135 0.7118
vn -0.6212 -0.0233 -0.7833
vn -0.6474 -0.6282 -0.4316
vn -0.9044 -0.3722 -0.2085
vn -0.7074 0.0130 0.7067
vn -0.6179 -0.5510 0.5609
vn -0.3236 -0.8214 -0.4696
vn -0.3840 -0.6928 -0.6104
vn -0.5210 -0.0559 -0.8517
vn -0.4452 -0.5211 -0.7282
vn -0.3252 -0.8485 -0.4176
vn -0.4520 -0.7076 -0.5432
vn -0.4541 -0.7025 -0.5481
vn -0.1939 -0.4237 -0.8848
vn -0.4576 -0.7024 -0.5452
vn -0.8491 -0.4375 -0.2962
vn -0.3463 -0.8217 -0.4527
vn -0.0387 -0.4320 -0.9010
vn -0.3675 -0.7344 -0.5707
vn -0.4341 -0.6300 0.6440
vn -0.6084 0.0335 0.7929
vn -0.5256 0.0494 0.8493
vn -0.5226 -0.0553 0.8508
vn -0.5314 -0.0511 0.8456
vn -0.5153 0.0783 -0.8534
vn -0.5063 -0.0475 -0.8610
vn -0.5083 0.0582 -0.8592
vn 0.6434 0.7456 0.1739
vn 0.6937 0.7117 0.1110
vn 0.5393 0.3516 0.7652
vn 0.9617 0.1554 0.2259
vn 0.9805 0.1468 0.1308
vn 0.9895 0.1143 0.0879
vn 0.6544 0.7521 0.0783
vn 0.9923 0.1143 -0.0486
vn 0.7023 0.7117 -0.0177
vn 0.6480 0.7587 0.0669
vn 0.7096 0.6833 -0.1719
vn 0.7011 0.6953 -0.1580
vn 0.5643 0.3368 -0.7537
vn -0.5673 0.1512 -0.8095
vn -0.6226 0.1205 -0.7732
vn -0.6460 0.1085 -0.7556
vn -0.5507 0.1084 -0.8276
vn -0.5655 0.1170 -0.8164
vn -0.5177 0.0903 -0.8508
vn 0.9771 0.1312 0.1678
vn 0.9906 0.1286 0.0471
vn 0.9891 0.0917 -0.1156
vn 0.9681 0.1336 -0.2117
vn 0.9894 0.0917 -0.1123
vn 0.9907 0.1189 -0.0658
vn -0.6279 0.0976 0.7721
vn -0.5530 0.1267 0.8235
vn -0.5529 0.0981 0.8274
vn -0.5587 0.0262 0.8290
vn -0.5686 0.1071 0.8156
vn -0.6451 0.1063 0.7567
vn -0.6380 0.0810 -0.7658
vn 0.9858 0.0086 0.1675
vn 0.9987 0.0113 0.0493
vn 0.9985 0.0076 0.0539
vn 0.9849 0.0021 0.1730
vn 0.9725 -0.0052 0.2327
vn 0.9991 0.0119 -0.0417
vn 0.9808 -0.0042 -0.1950
vn 0.9732 -0.0084 -0.2297
vn -0.6347 -0.0921 -0.7672
vn -0.5956 -0.0671 -0.8004
vn -0.5748 -0.2661 -0.7738
vn -0.5486 -0.0862 -0.8316
vn -0.5530 0.0974 -0.8275
vn -0.6035 -0.2858 -0.7443
vn -0.4734 -0.2813 -0.8347
vn -0.5306 -0.0768 -0.8442
vn -0.5143 -0.2586 -0.8177
vn 0.9845 0.0305 0.1726
vn 0.9983 -0.0059 0.0582
vn 0.9796 -0.0369 0.1977
vn 0.9985 0.0454 -0.0309
vn 0.9907 0.1142 -0.0740
vn 0.9795 -0.0479 -0.1957
vn 0.9721 0.0781 -0.2212
vn 0.9788 0.0567 -0.1969
vn -0.6267 -0.0884 0.7742
vn -0.5942 -0.2650 0.7594
vn -0.6329 -0.0613 0.7718
vn -0.5747 -0.1184 0.8098
vn -0.5521 -0.0954 0.8283
vn -0.5549 0.0887 0.8272
vn -0.5576 -0.2754 0.7831
vn -0.5862 -0.2649 0.7656
vn -0.4909 -0.2728 0.8274
vn -0.5170 -0.2582 0.8161
vn -0.5348 -0.0864 0.8405
vn -0.4914 -0.4043 -0.7714
vn -0.4958 -0.4055 -0.7680
vn 0.9910 0.1233 -0.0519
vn -0.5163 -0.3518 0.7808
vn -0.5048 -0.3573 0.7859
vn -0.4907 -0.4019 -0.7731
vn -0.5544 -0.1332 -0.8215
vn -0.5329 -0.1367 -0.8350
vn 0.8210 0.4720 0.3211
vn 0.8125 0.5029 0.2949
vn 0.7267 0.5386 0.4263
vn 0.7617 0.4925 0.4210
vn 0.7581 0.4633 0.4589
vn 0.7551 0.4959 0.4289
vn 0.9531 0.1082 -0.2828
vn 0.9753 0.1417 -0.1694
vn 0.7709 0.4577 -0.4430
vn 0.9388 0.1260 -0.3207
vn 0.7478 0.4150 -0.5183
vn 0.7719 0.4498 -0.4494
vn 0.6521 0.4841 -0.5835
vn 0.7231 0.4207 -0.5479
vn 0.7355 0.1238 -0.6661
vn 0.6526 0.4875 -0.5801
vn 0.3418 0.6469 -0.6817
vn 0.6170 0.4481 -0.6469
vn 0.5895 0.1539 -0.7930
vn 0.4618 0.1140 -0.8796
vn 0.1011 0.5954 -0.7970
vn 0.3067 0.8772 -0.3694
vn 0.2016 0.1071 -0.9736
vn 0.0646 0.3926 -0.9175
vn 0.0530 0.2484 -0.9672
vn 0.0565 0.0406 -0.9976
vn 0.1105 0.0397 -0.9931
vn 0.0486 0.2283 -0.9724
vn 0.0275 0.0635 -0.9976
vn 0.0430 0.0980 -0.9943
vn 0.0428 0.0966 -0.9944
vn 0.0766 0.9291 -0.3619
vn 0.0755 0.9288 -0.3628
vn 0.0710 0.0356 -0.9968
vn -0.0557 0.0366 -0.9978
vn 0.0456 0.4216 -0.9056
vn -0.0263 0.1185 -0.9926
vn -0.2013 0.0620 -0.9776
vn -0.3785 0.2961 -0.8770
vn -0.3751 0.1200 -0.9192
vn -0.2861 0.9302 -0.2301
vn -0.3425 0.1063 -0.9335
vn -0.4000 0.4613 -0.7919
vn -0.4495 0.1071 -0.8869
vn -0.5757 0.3913 -0.7179
vn -0.5752 0.5670 -0.5897
vn -0.5942 0.4705 -0.6524
vn -0.6760 0.5233 -0.5188
vn -0.6789 0.4832 -0.5528
vn -0.7707 0.4625 -0.4382
vn -0.7722 0.4276 -0.4700
vn -0.7458 0.4964 -0.4442
vn -0.7999 0.4161 -0.4325
vn -0.8287 0.4565 -0.3239
vn -0.7893 0.5131 -0.3372
vn -0.7751 0.4339 -0.4594
vn -0.7603 0.4203 -0.4953
vn -0.7483 0.4106 -0.5210
vn -0.7703 0.3821 -0.5106
vn -0.7801 0.3740 -0.5016
vn -0.7307 0.3881 -0.5616
vn -0.7359 0.3959 -0.5493
vn -0.7455 0.3955 -0.5364
vn -0.5662 0.5685 -0.5969
vn -0.7221 0.3588 -0.5915
vn -0.5862 0.5260 -0.6162
vn -0.6798 0.3887 -0.6219
vn -0.5620 0.3616 -0.7439
vn -0.5711 0.3979 -0.7180
vn -0.6063 0.4024 -0.6860
vn -0.4839 0.4558 -0.7471
vn -0.5417 0.3883 -0.7455
vn -0.4861 0.4498 -0.7493
vn -0.5722 0.3721 -0.7308
vn -0.5465 0.3749 -0.7488
vn -0.5528 0.3778 -0.7427
vn -0.4740 0.3890 -0.7899
vn -0.4670 0.3887 -0.7943
vn -0.4878 0.3756 -0.7880
vn -0.4661 0.3830 -0.7975
vn -0.1041 0.3605 -0.9269
vn -0.2744 0.3154 -0.9084
vn -0.0121 0.4666 -0.8844
vn 0.0332 0.5572 -0.8297
vn 0.0569 0.6296 -0.7748
vn 0.0620 0.6515 -0.7561
vn 0.0701 0.6845 -0.7256
vn 0.0687 0.6845 -0.7258
vn -0.1040 0.3548 -0.9292
vn -0.3213 0.3671 -0.8729
vn -0.2760 0.3184 -0.9069
vn -0.0124 0.4440 -0.8959
vn -0.2047 0.4427 -0.8730
vn 0.0319 0.5077 -0.8610
vn -0.1039 0.5130 -0.8521
vn -0.0231 0.5640 -0.8254
vn 0.0559 0.5616 -0.8255
vn 0.0331 0.5505 -0.8342
vn 0.0593 0.5364 -0.8419
vn 0.0932 0.5379 -0.8378
vn 0.2169 0.5012 -0.8377
vn 0.2180 0.5019 -0.8370
vn 0.1955 0.4529 -0.8699
vn 0.1688 0.4518 -0.8760
vn 0.0638 0.3857 -0.9204
vn 0.0630 0.3869 -0.9200
vn 0.3531 0.4260 -0.8330
vn 0.3531 0.4274 -0.8323
vn 0.4130 0.4128 -0.8118
vn 0.4134 0.4140 -0.8110
vn 0.9060 0.0951 -0.4126
vn 0.4503 0.1415 -0.8816
vn 0.6071 0.3796 -0.6981
vn 0.5843 0.3612 -0.7267
vn 0.6773 0.3193 -0.6628
vn 0.5432 0.3624 -0.7574
vn 0.7541 0.3483 -0.5568
vn 0.6444 0.3493 -0.6803
vn 0.7468 0.3841 -0.5429
vn 0.6980 0.3868 -0.6027
vn 0.7473 0.4089 -0.5239
vn 0.7305 0.3914 -0.5596
vn 0.7558 0.3774 -0.5351
vn 0.7230 0.3913 -0.5693
vn 0.7976 0.4097 -0.4426
vn 0.7664 0.4327 -0.4748
vn 0.7293 0.4628 0.5039
vn 0.7537 0.4621 0.4673
vn 0.5904 0.5723 0.5691
vn 0.6961 0.4537 0.5565
vn 0.6216 0.5024 0.6011
vn 0.6530 0.3214 0.6858
vn 0.6545 0.5309 0.5384
vn 0.7091 0.4415 0.5499
vn 0.7168 0.4415 0.5398
vn 0.5765 0.4470 0.6840
vn 0.6649 0.3733 0.6469
vn 0.4375 0.5146 0.7374
vn 0.5041 0.4486 0.7380
vn 0.4339 0.5224 0.7340
vn 0.3224 0.8255 0.4633
vn 0.3740 0.2865 0.8821
vn 0.3927 0.5050 0.7686
vn 0.5605 0.4319 0.7066
vn 0.5401 0.4328 0.7218
vn 0.4322 0.4683 0.7706
vn 0.4636 0.4458 0.7657
vn 0.4244 0.4772 0.7695
vn 0.4417 0.4679 0.7654
vn 0.1159 0.4659 0.8772
vn 0.2715 0.4181 0.8669
vn 0.0319 0.5675 0.8227
vn 0.0028 0.6383 0.7698
vn -0.0009 0.6526 0.7577
vn 0.0014 0.6412 0.7673
vn 0.0545 0.2689 0.9616
vn 0.0526 0.2254 0.9728
vn 0.0647 0.3630 0.9295
vn 0.1164 0.5193 0.8466
vn 0.2903 0.4569 0.8408
vn 0.2019 0.4548 0.8674
vn 0.0319 0.5672 0.8230
vn 0.1040 0.5194 0.8482
vn 0.0320 0.5672 0.8230
vn 0.0021 0.5623 0.8269
vn -0.0205 0.5891 0.8078
vn -0.0017 0.5008 0.8655
vn -0.0870 0.5679 0.8185
vn -0.0002 0.3436 0.9391
vn -0.1707 0.5026 0.8475
vn -0.4675 0.5445 0.6964
vn -0.3432 0.3413 0.8751
vn -0.3913 0.3859 0.8354
vn -0.2723 0.7381 0.6173
vn -0.2307 0.3410 0.9113
vn -0.2752 0.8027 0.5290
vn -0.5195 0.5174 0.6801
vn -0.4377 0.5226 0.7317
vn -0.3946 0.6784 0.6198
vn -0.7336 0.3322 0.5929
vn -0.2579 0.4808 0.8380
vn -0.2232 0.3503 0.9096
vn -0.5671 0.5571 0.6067
vn -0.5621 0.4323 0.7051
vn -0.3922 0.4574 0.7981
vn -0.5819 0.4243 0.6938
vn -0.5397 0.4114 0.7345
vn -0.5688 0.4251 0.7041
vn -0.5552 0.5263 0.6440
vn -0.5313 0.3749 0.7597
vn -0.5955 0.4366 0.6744
vn -0.6626 0.5223 0.5368
vn -0.7207 0.4491 0.5281
vn -0.5454 0.4924 0.6783
vn -0.6851 0.3684 0.6284
vn -0.7211 0.4552 0.5224
vn -0.7211 0.4602 0.5179
vn -0.6700 0.4788 0.5673
vn -0.7256 0.4460 0.5240
vn -0.6921 0.4235 0.5845
vn -0.7329 0.4457 0.5140
vn -0.7548 0.4929 0.4328
vn -0.7591 0.4869 0.4321
vn -0.7528 0.4626 0.4683
vn -0.8034 0.4935 0.3331
vn -0.7731 0.5595 0.2987
vn -0.7537 0.4999 0.4266
vn -0.7544 0.4672 0.4611
vn -0.7757 0.4862 0.4023
vn -0.8478 0.4996 0.1778
vn -0.8583 0.4818 0.1768
vn -0.7963 0.5373 0.2779
vn -0.8432 0.4759 0.2501
vn -0.8609 0.4719 0.1901
vn -0.8887 0.4526 0.0730
vn -0.8636 0.4987 0.0738
vn -0.8469 0.5119 0.1437
vn -0.8715 0.4802 0.0994
vn -0.8787 0.4753 0.0448
vn -0.8801 0.4743 0.0194
vn -0.8798 0.4743 -0.0315
vn -0.8778 0.4780 -0.0315
vn -0.8964 0.4400 -0.0525
vn -0.8682 0.4938 -0.0483
vn -0.8818 0.4573 -0.1153
vn -0.8781 0.4643 -0.1156
vn -0.8704 0.4749 -0.1297
vn -0.8131 0.5445 -0.2058
vn -0.8726 0.4458 -0.1998
vn -0.8542 0.4440 -0.2706
vn -0.8565 0.4906 -0.1604
vn -0.8582 0.4635 -0.2205
vn -0.8072 0.5040 -0.3074
vn -0.9090 0.3487 -0.2282
vn -0.8328 0.4500 -0.3224
vn -0.8180 0.4936 -0.2953
vn -0.9926 0.1087 0.0539
vn -0.9891 0.1108 0.0971
vn -0.9391 0.1107 0.3254
vn -0.9399 0.1118 0.3226
vn -0.9786 0.1101 0.1738
vn -0.7106 0.1270 0.6921
vn -0.7537 0.1087 0.6482
vn -0.6304 0.1136 0.7679
vn -0.2277 0.0977 0.9688
vn 0.0167 0.3943 0.9188
vn -0.0057 0.0756 0.9971
vn -0.0619 0.0971 0.9934
vn 0.0557 0.0757 0.9956
vn 0.3731 0.1010 0.9223
vn 0.3371 0.1161 0.9343
vn 0.1003 0.1159 0.9882
vn 0.4595 0.1103 0.8813
vn 0.6801 0.1001 0.7263
vn 0.6069 0.1269 0.7846
vn -0.5507 0.0532 0.8330
vn -0.6608 -0.2415 -0.7106
vn -0.4770 -0.1320 -0.8689
vn 0.7701 0.4245 0.4763
vn 0.7985 0.4072 0.4434
vn 0.7241 0.4284 0.5406
vn 0.7972 0.3520 -0.4905
vn 0.8241 0.3978 -0.4032
vn 0.7144 0.4055 -0.5703
vn 0.4661 0.8067 -0.3634
vn 0.7024 0.3932 -0.5933
vn 0.6812 0.5371 -0.4975
vn -0.5765 0.0676 0.8143
vn 0.5153 0.7663 0.3839
vn 0.4625 0.2441 0.8524
vn 0.6426 0.2469 0.7253
vn 0.5965 0.1732 0.7837
vn -0.4507 -0.2617 -0.8534
vn -0.6792 0.3784 -0.6289
vn -0.6981 -0.0588 -0.7136
vn -0.6142 0.0032 -0.7891
vn 0.6102 -0.6888 0.3913
vn 0.6658 -0.5113 0.5434
vn 0.8478 0.0209 0.5299
vn 0.8819 0.0273 -0.4706
vn 0.8620 0.0080 -0.5068
vn 0.8180 0.0244 -0.5748
vn 0.8661 -0.0001 0.4999
vn 0.5396 0.7961 0.2738
vn 0.5945 0.7321 -0.3325
vn 0.5370 0.7303 -0.4223
vn -0.6823 0.6611 -0.3122
vn -0.6299 0.7570 0.1737
vn -0.7360 0.3247 -0.5940
vn -0.7400 0.6311 -0.2326
vn -0.4692 -0.8226 -0.3211
vn -0.4369 -0.8214 -0.3666
vn -0.4892 -0.8719 -0.0207
vn -0.5325 -0.8355 0.1355
vn -0.5140 -0.7958 0.3203
vn -0.5033 -0.8611 0.0728
vn -0.4792 -0.7971 -0.3674
vn -0.5104 -0.8346 -0.2074
vn -0.4905 -0.8683 -0.0737
vn -0.5040 -0.8599 -0.0813
vn -0.5109 -0.8525 0.1107
vn -0.4961 -0.8302 0.2541
vn -0.4754 -0.8491 0.2305
vn -0.4086 -0.8494 0.3339
vn -0.4922 -0.8673 0.0737
vn -0.4966 0.2577 -0.8289
vn -0.1073 0.0569 -0.9926
vn -0.2240 0.1695 -0.9597
vn -0.0446 0.7801 -0.6240
vn -0.1741 0.6653 -0.7260
vn -0.6518 0.2787 -0.7054
vn -0.5314 0.3288 -0.7807
vn -0.1629 -0.0671 -0.9844
vn -0.1388 -0.1065 -0.9846
vn -0.2317 -0.6891 -0.6866
vn -0.2463 -0.2069 -0.9469
vn -0.2640 -0.7011 -0.6624
vn -0.3046 0.7164 0.6277
vn -0.3397 0.0893 0.9363
vn -0.2755 0.7554 0.5945
vn -0.2799 0.7163 0.6392
vn -0.2850 0.6785 0.6771
vn -0.4275 0.9038 0.0205
vn 0.0640 0.9905 -0.1215
vn -0.0118 0.9883 -0.1523
vn -0.2829 0.4142 -0.8651
vn -0.1612 0.9347 -0.3167
vn -0.1254 0.4536 -0.8824
vn -0.3219 -0.0862 0.9428
vn -0.7682 -0.4552 0.4502
vn -0.3190 0.1308 0.9387
vn -0.1121 -0.0065 -0.9937
vn -0.0748 -0.1128 -0.9908
vn -0.1324 -0.2242 -0.9655
vn -0.4313 -0.8299 0.3538
vn -0.5748 -0.7369 0.3558
vn -0.5762 -0.5690 0.5866
vn -0.6842 -0.5273 0.5038
vn -0.4538 -0.7824 0.4265
vn -0.6159 -0.5970 0.5141
vn -0.5090 -0.7170 0.4763
vn -0.4280 -0.8285 0.3610
vn -0.5551 -0.7338 0.3916
vn -0.6832 -0.4807 0.5497
vn -0.7303 -0.4446 0.5187
vn -0.0354 0.2330 -0.9718
vn -0.0348 0.1963 -0.9799
vn -0.0702 0.2413 0.9679
vn -0.0534 0.1608 0.9855
vn -0.8865 -0.2319 0.4003
vn -0.7634 -0.4609 0.4525
vn -0.9868 -0.1593 -0.0283
vn -0.8762 -0.3575 0.3234
vn -0.6716 -0.3297 0.6635
vn -0.6537 -0.3314 0.6803
vn -0.8107 -0.4178 0.4102
vn -0.6006 -0.3211 0.7322
vn -0.5641 -0.1075 0.8187
vn -0.3420 -0.2819 0.8964
vn -0.6720 -0.4959 -0.5500
vn -0.7625 -0.4745 -0.4397
vn -0.7381 -0.3848 -0.5542
vn -0.5690 -0.3312 -0.7527
vn -0.6481 -0.3084 -0.6963
vn -0.8300 -0.3530 -0.4319
vn -0.9368 -0.0457 -0.3467
vn -0.9280 -0.1044 -0.3575
vn -0.7983 -0.3709 -0.4745
vn -0.3471 -0.3031 -0.8875
vn -0.4606 -0.3161 -0.8294
vn -0.4556 -0.2326 -0.8593
vn -0.5727 0.7783 0.2575
vn -0.5884 0.8050 0.0757
vn -0.5044 0.8266 -0.2495
vn -0.6114 0.6669 -0.4259
vn -0.6824 0.5022 -0.5311
vn -0.5725 0.6950 -0.4350
vn -0.4655 0.7149 -0.5218
vn -0.4788 0.3752 -0.7937
vn -0.6416 0.5592 -0.5249
vn -0.7152 -0.3419 -0.6095
vn -0.3445 -0.2859 -0.8942
vn -0.1444 -0.2333 -0.9616
vn -0.5557 0.7978 0.2341
vn -0.3256 0.3616 -0.8736
vn -0.3234 0.7120 -0.6233
vn -0.6436 0.5586 -0.5232
vn -0.3607 0.6949 -0.6220
vn -0.3236 0.6636 -0.6745
vn -0.2050 0.5356 -0.8192
vn -0.3742 0.7085 -0.5983
vn -0.2786 0.7526 -0.5967
vn -0.4570 0.6504 -0.6068
vn -0.2479 0.7179 -0.6505
vn -0.1030 0.8051 -0.5841
vn -0.0987 0.4818 -0.8707
vn -0.1609 -0.4471 0.8799
vn -0.2007 -0.4522 -0.8691
vn -0.1510 -0.5710 -0.8069
vn -0.2384 -0.6760 0.6973
vn -0.1837 -0.7984 0.5734
vn -0.2106 -0.7954 -0.5683
vn -0.4004 0.2431 0.8835
vn -0.3497 0.2044 -0.9143
vn -0.3785 0.2608 0.8881
vn -0.5939 0.2497 -0.7648
vn -0.5152 0.2391 -0.8230
vn -0.4006 0.2669 -0.8765
vn -0.3783 0.2758 0.8836
vn -0.5831 0.3019 0.7542
vn -0.4856 0.3357 0.8072
vn -0.4804 0.2530 0.8397
vn -0.5958 -0.0003 0.8031
vn -0.6150 -0.0195 -0.7883
vn -0.6838 -0.0244 -0.7293
vn -0.5011 -0.0419 -0.8644
vn -0.6365 0.0086 0.7712
vn -0.6732 0.0132 0.7394
vn -0.5827 -0.5509 0.5974
vn -0.3181 -0.7634 -0.5622
vn -0.3160 -0.7964 -0.5157
vn -0.3515 -0.7132 -0.6064
vn -0.3389 -0.7716 -0.5383
vn -0.3171 -0.6444 -0.6959
vn -0.4222 -0.0529 -0.9049
vn 0.3979 0.9093 0.1216
vn 0.2162 0.9762 -0.0136
vn 0.8861 0.4609 0.0485
vn 0.4049 0.8344 0.3739
vn 0.1788 0.9816 0.0671
vn 0.2779 0.9457 -0.1684
vn 0.0410 0.9924 -0.1161
vn 0.1136 0.9803 0.1618
vn 0.1131 0.9813 0.1560
vn 0.1135 0.9879 0.1054
vn 0.8598 0.4522 -0.2373
vn 0.9234 0.3696 -0.1033
vn 0.5740 0.7276 -0.3758
vn 0.2928 0.9519 -0.0902
vn 0.5472 0.7820 0.2983
vn 0.5971 0.7674 0.2335
vn 0.4773 0.4976 0.7243
vn 0.8770 0.1496 0.4566
vn 0.9264 0.1373 0.3507
vn 0.9340 0.1488 0.3249
vn 0.8884 0.1584 0.4309
vn 0.8919 0.1581 0.4236
vn 0.5662 0.8055 0.1749
vn 0.9558 0.0900 -0.2798
vn 0.8723 0.3455 -0.3460
vn 0.8363 0.1533 -0.5264
vn 0.8972 0.0945 -0.4313
vn 0.9419 0.1135 -0.3163
vn 0.6084 0.7656 -0.2091
vn 0.6124 0.7597 -0.2189
vn 0.8365 0.1533 -0.5261
vn 0.9113 0.0913 -0.4015
vn 0.4808 0.4492 -0.7530
vn -0.5096 0.1168 -0.8524
vn -0.5538 0.1006 -0.8265
vn -0.4667 0.1025 -0.8785
vn -0.4622 0.1325 -0.8768
vn -0.4648 0.1014 -0.8796
vn 0.8362 0.1220 0.5346
vn 0.9431 0.0087 0.3323
vn 0.9471 0.0066 -0.3209
vn 0.9458 0.0104 -0.3246
vn -0.5360 0.0990 0.8384
vn -0.4738 0.0998 0.8750
vn -0.4737 0.1543 0.8671
vn -0.4770 0.1015 0.8730
vn -0.5589 0.1072 0.8223
vn 0.8980 0.0172 0.4396
vn 0.9377 -0.0048 0.3475
vn 0.8820 -0.0032 0.4712
vn 0.8620 -0.0033 0.5069
vn 0.8403 0.0138 0.5419
vn 0.9004 -0.0082 -0.4350
vn 0.8936 0.0076 -0.4488
vn 0.8705 -0.0083 -0.4921
vn 0.8461 0.0143 -0.5329
vn -0.4744 -0.0768 -0.8770
vn -0.4559 -0.2579 -0.8518
vn -0.4660 -0.0716 -0.8819
vn -0.4492 -0.2632 -0.8538
vn 0.8735 -0.0469 0.4846
vn 0.9345 0.1041 0.3405
vn 0.9755 0.1039 0.1940
vn 0.8814 -0.0601 -0.4685
vn 0.8751 0.1449 -0.4617
vn 0.9738 0.0499 -0.2219
vn -0.4756 -0.0865 0.8754
vn -0.4733 -0.0880 0.8765
vn -0.4624 -0.2589 0.8480
vn -0.4715 -0.2519 0.8451
vn 0.9748 0.1050 0.1970
vn 0.9357 0.1058 0.3365
vn 0.9929 0.1052 0.0563
vn 0.9910 0.1117 0.0740
vn -0.4622 -0.2578 0.8484
vn -0.4591 -0.2815 -0.8426
vn -0.4140 -0.4054 -0.8150
vn -0.4159 -0.4041 -0.8147
vn -0.4287 -0.3584 0.8293
vn -0.4477 -0.1316 -0.8845
vn -0.4579 -0.1352 -0.8787
vn -0.4471 -0.2639 -0.8547
vn -0.2788 -0.2663 -0.9227
vn -0.4327 -0.1308 -0.8920
vn 0.6493 0.4309 0.6268
vn 0.7145 0.4330 0.5495
vn 0.7064 0.3586 -0.6103
vn 0.7088 0.3642 -0.6041
vn 0.6406 0.3649 -0.6756
vn -0.4582 0.0649 0.8865
vn -0.4530 0.0613 0.8894
vn 0.6443 0.4253 0.6356
vn 0.7231 0.4274 0.5427
vn 0.6559 0.4312 0.6196
vn 0.6499 0.5847 0.4856
vn 0.5095 0.5894 0.6270
vn 0.7269 0.3798 -0.5722
vn 0.7056 0.3673 -0.6060
vn 0.5952 0.6272 -0.5023
vn 0.4645 0.6166 -0.6356
vn 0.6830 0.3883 -0.6186
vn 0.3759 0.8105 -0.4492
vn 0.5389 0.1780 0.8233
vn -0.4486 -0.2521 -0.8574
vn -0.3432 -0.3564 -0.8690
vn -0.4632 -0.1194 -0.8782
vn -0.5770 -0.1677 -0.7994
vn -0.5879 -0.0264 -0.8085
vn -0.6274 0.0083 -0.7786
vn -0.3896 -0.1672 -0.9057
vn -0.3760 -0.3703 -0.8494
vn -0.5195 -0.0290 -0.8540
vn -0.4448 -0.1922 -0.8748
vn -0.4506 -0.1082 -0.8861
vn 0.8377 -0.0114 0.5460
vn 0.6852 -0.0096 0.7283
vn 0.7182 0.0066 0.6958
vn 0.7064 0.0201 -0.7076
vn 0.7733 0.0047 -0.6340
vn 0.7202 0.0266 -0.6933
vn 0.7116 0.0282 -0.7020
vn -0.5483 0.2261 0.8051
vn -0.4974 0.5353 0.6827
vn -0.4589 0.1867 0.8686
vn -0.3780 0.0668 0.9234
vn 0.8064 0.0136 0.5913
vn 0.7381 0.0006 0.6747
vn -0.6172 0.1699 -0.7683
vn -0.6886 0.3140 -0.6536
vn -0.4027 0.3393 0.8501
vn -0.4886 0.8339 -0.2568
vn -0.5854 0.7785 -0.2262
vn -0.3758 0.8729 0.3111
vn -0.2595 0.9655 0.0222
vn -0.1490 0.9829 -0.1084
vn -0.2017 0.9792 -0.0203
vn -0.2999 0.9360 0.1843
vn -0.3494 0.7880 0.5069
vn -0.3781 0.5556 0.7405
vn -0.2818 0.7571 0.5894
vn -0.5127 0.6104 -0.6038
vn -0.5760 0.4062 -0.7094
vn -0.3931 0.9156 0.0843
vn -0.4853 0.8524 0.1945
vn -0.4165 0.8975 0.1447
vn -0.3860 0.8636 0.3243
vn -0.3463 0.9154 -0.2052
vn -0.3260 0.9287 -0.1766
vn -0.3448 0.9321 0.1108
vn -0.2663 0.9330 0.2419
vn -0.3696 -0.8795 -0.2997
vn -0.5048 -0.8625 -0.0370
vn -0.4928 -0.8648 -0.0965
vn -0.5062 -0.8621 -0.0241
vn -0.4940 -0.8694 -0.0146
vn -0.4915 -0.8708 -0.0141
vn -0.4116 -0.9109 0.0299
vn -0.6329 -0.2323 -0.7385
vn -0.6601 -0.1976 -0.7248
vn -0.7811 0.0951 0.6171
vn -0.7030 0.0227 0.7108
vn -0.7625 0.1204 0.6357
vn -0.2040 -0.0614 0.9770
vn 0.0338 -0.2963 0.9545
vn -0.1336 -0.1039 -0.9856
vn 0.1736 0.9750 -0.1385
vn 0.1435 0.9600 -0.2404
vn 0.1273 0.7767 -0.6168
vn 0.0019 -0.2196 -0.9756
vn -0.0133 -0.6521 -0.7580
vn -0.0273 0.1082 -0.9938
vn -0.0057 0.1307 -0.9914
vn -0.0277 0.0186 -0.9994
vn 0.0013 0.0353 -0.9994
vn -0.0014 0.0290 -0.9996
vn -0.4908 -0.7577 0.4300
vn -0.6657 -0.6299 0.4002
vn -0.5548 -0.7570 0.3452
vn -0.7226 -0.5805 0.3752
vn -0.5876 -0.7197 0.3697
vn -0.4547 -0.8269 0.3308
vn -0.4341 -0.7822 0.4470
vn -0.5718 -0.4748 0.6691
vn -0.5553 -0.3572 0.7510
vn -0.4481 -0.5763 0.6835
vn -0.3391 -0.5497 0.7634
vn -0.3532 -0.5393 0.7645
vn -0.3114 -0.3299 0.8912
vn -0.4858 -0.5333 -0.6925
vn -0.6001 -0.6300 -0.4930
vn -0.6839 -0.5664 -0.4598
vn -0.6423 -0.6020 -0.4744
vn -0.4833 -0.3034 -0.8212
vn -0.3547 -0.5064 -0.7860
vn -0.3517 -0.5087 -0.7858
vn -0.3295 -0.2869 -0.8995
vn -0.4016 -0.7927 -0.4586
vn -0.0049 0.0648 0.9979
vn -0.0231 0.0768 0.9968
vn -0.0038 -0.0016 1.0000
vn -0.0036 0.0024 1.0000
vn 0.0136 0.0420 0.9990
vn -0.0225 0.0471 0.9986
vn -0.0469 -0.0970 0.9942
vn -0.0522 -0.0919 0.9944
vn -0.2426 -0.2096 -0.9472
vn 0.1831 0.9292 0.3210
vn -0.0539 0.0913 -0.9944
vn -0.0679 0.3845 -0.9206
vn -0.0880 0.2374 -0.9674
vn -0.0838 0.4537 -0.8872
vn -0.0916 0.3291 -0.9398
vn -0.1139 0.5245 -0.8438
vn -0.1136 0.5255 -0.8432
vn -0.1804 0.7627 -0.6211
vn -0.3078 0.8563 -0.4147
vn -0.3105 0.8504 -0.4247
vn -0.0809 -0.0279 0.9963
vn -0.1045 0.3733 0.9218
vn -0.0519 0.1259 0.9907
vn -0.1197 0.4502 0.8849
vn -0.3636 0.8685 0.3369
vn -0.1032 0.3092 0.9454
vn -0.1013 0.2908 0.9514
vn -0.1073 0.5095 0.8538
vn -0.3708 0.7822 0.5007
vn -0.1946 0.8419 0.5034
vn -0.2102 0.7919 0.5733
vn -0.2034 0.7900 0.5784
vn -0.4225 0.8888 -0.1774
vn -0.5244 0.8420 -0.1270
vn -0.4372 0.8879 -0.1428
vn -0.3952 0.7647 -0.5090
vn -0.1263 -0.2415 0.9621
vn -0.0895 -0.2986 0.9502
vn -0.3933 0.7958 0.4604
vn -0.3994 0.7892 0.4666
vn -0.5220 0.8507 0.0610
vn -0.3968 0.9131 0.0935
vn -0.4297 0.8938 0.1287
vn -0.4247 0.8819 0.2047
vn -0.3951 0.9089 0.1336
vn -0.1024 -0.5800 0.8082
vn -0.4153 0.2350 -0.8788
vn -0.4333 0.2710 -0.8595
vn -0.4419 0.1901 -0.8767
vn -0.4499 0.2039 -0.8695
vn -0.3988 0.2435 0.8841
vn -0.4086 0.2650 0.8734
vn -0.4666 0.2669 0.8432
vn -0.4608 -0.0182 -0.8873
vn -0.4878 -0.0068 0.8729
vn -0.5308 -0.0213 -0.8472
vn -0.6607 -0.0026 0.7506
vn -0.4416 -0.0177 0.8971
vn -0.5912 -0.0273 -0.8061
vn -0.3979 -0.0295 -0.9170
vn -0.6282 -0.4556 -0.6307
vn -0.6616 -0.3943 0.6378
vn -0.6940 -0.4925 0.5251
vn -0.3468 -0.7345 -0.5833
vn -0.6092 -0.5284 -0.5913
vn -0.3610 -0.7762 -0.5168
vn -0.2525 -0.6976 -0.6705
vn -0.2478 -0.8034 -0.5414
vn -0.2751 -0.7489 -0.6029
vn -0.3933 -0.0473 -0.9182
vn -0.2419 -0.7576 -0.6062
vn -0.2479 -0.8033 -0.5415
vn -0.4692 -0.0592 0.8811
vn -0.4618 -0.0621 0.8848
vn -0.3855 -0.0569 0.9210
vn -0.3770 -0.0603 0.9242
vn -0.4027 0.1552 0.9021
vn -0.3920 0.0914 -0.9154
vn -0.3939 -0.0477 -0.9179
vn -0.3917 0.0890 -0.9158
vn 0.2606 0.9376 0.2304
vn 0.2586 0.9522 0.1625
vn 0.8205 0.5043 0.2691
vn 0.3564 0.8018 0.4797
vn 0.3379 0.9286 0.1534
vn 0.1492 0.9887 0.0106
vn 0.1285 0.9911 0.0350
vn 0.0333 0.9994 0.0061
vn 0.0117 0.9992 -0.0392
vn -0.0236 0.9996 -0.0152
vn -0.3337 0.9427 -0.0028
vn -0.3792 0.9242 0.0458
vn -0.3867 0.8945 0.2244
vn -0.1793 0.9770 0.1151
vn -0.2811 0.9353 0.2152
vn -0.0413 0.9983 0.0419
vn -0.0837 0.9938 0.0736
vn -0.2044 0.9431 0.2624
vn -0.1508 0.9881 0.0290
vn -0.0664 0.9851 0.1586
vn -0.0197 0.9762 0.2158
vn -0.2849 0.9244 0.2537
vn -0.1246 0.9463 0.2982
vn -0.1488 0.9501 0.2743
vn -0.0468 0.9989 -0.0104
vn -0.0495 0.9586 -0.2805
vn -0.0076 0.9897 -0.1427
vn 0.1649 0.9754 -0.1464
vn 0.1296 0.9867 -0.0980
vn 0.0628 0.9878 -0.1426
vn -0.0930 0.9261 -0.3655
vn 0.0295 0.9952 -0.0930
vn 0.0222 0.9549 -0.2962
vn 0.0599 0.5382 -0.8407
vn -0.0104 0.9543 -0.2988
vn 0.5537 0.4493 -0.7011
vn 0.2671 0.6112 -0.7451
vn -0.0122 0.8333 -0.5527
vn 0.3462 0.7710 -0.5345
vn 0.1100 0.4753 -0.8729
vn 0.1686 0.4791 -0.8614
vn 0.1325 0.8109 -0.5700
vn 0.5200 0.6366 -0.5695
vn 0.3942 0.4806 -0.7833
vn 0.4039 0.4815 -0.7778
vn 0.8659 0.2588 -0.4281
vn 0.3195 0.6892 -0.6503
vn 0.1994 0.9703 -0.1373
vn 0.5748 0.6437 -0.5052
vn -0.0575 0.9439 -0.3251
vn 0.5068 0.5428 -0.6697
vn 0.5771 0.5533 -0.6007
vn 0.7493 0.4757 -0.4608
vn 0.3232 0.9200 -0.2216
vn 0.1864 0.9323 -0.3099
vn 0.7585 0.4847 -0.4357
vn 0.8177 0.4426 -0.3680
vn 0.2595 0.9606 -0.0992
vn -0.0492 0.9587 -0.2803
vn -0.1221 0.9919 0.0337
vn -0.0052 0.9788 -0.2049
vn -0.0076 0.9979 -0.0637
vn -0.0676 0.9975 0.0226
vn -0.1516 0.9724 0.1772
vn -0.0990 0.9913 0.0872
vn -0.0996 0.9907 0.0931
vn 0.0886 0.9941 0.0624
vn 0.0855 0.9928 0.0835
vn 0.2335 0.9676 -0.0959
vn 0.1109 0.9807 0.1610
vn 0.2743 0.9579 -0.0847
vn 0.1604 0.9564 -0.2442
vn 0.7280 0.1607 0.6665
vn 0.7989 0.1779 0.5745
vn 0.5667 0.7856 0.2483
vn 0.4001 0.5228 0.7528
vn 0.8432 0.1305 -0.5215
vn 0.6832 0.4178 -0.5989
vn 0.7183 0.0976 -0.6888
vn 0.7395 0.0777 -0.6686
vn -0.3620 0.1005 -0.9267
vn -0.3905 0.1167 -0.9132
vn -0.3896 0.1121 -0.9141
vn 0.7296 0.1042 0.6759
vn -0.3960 0.0746 0.9152
vn -0.3938 0.1021 0.9135
vn -0.3960 0.0776 0.9150
vn -0.4020 0.1066 0.9094
vn 0.7978 -0.0133 0.6028
vn 0.7227 0.0261 0.6906
vn 0.7344 0.0055 0.6787
vn 0.7116 0.0185 -0.7023
vn 0.7219 -0.0015 -0.6920
vn 0.7988 -0.0182 -0.6013
vn -0.4109 0.0101 0.9116
vn -0.4014 -0.0919 0.9113
vn 0.7933 0.1123 0.5984
vn 0.8659 0.1117 0.4876
vn 0.8643 0.1357 -0.4843
vn 0.7908 0.1431 -0.5951
vn -0.4694 -0.2517 0.8464
vn 0.7783 0.1052 0.6190
vn 0.8699 0.1088 0.4811
vn 0.7181 0.1142 0.6865
vn -0.4708 -0.2714 -0.8395
vn -0.3512 -0.2781 -0.8940
vn -0.3646 -0.4137 -0.8342
vn 0.7036 0.1454 -0.6955
vn -0.4243 -0.3549 0.8331
vn -0.3717 -0.3651 0.8536
vn -0.3616 -0.2721 0.8917
vn -0.3603 -0.1301 -0.9237
vn -0.3336 -0.3536 0.8739
vn -0.6095 -0.2434 -0.7545
vn -0.3296 -0.1233 -0.9361
vn 0.5529 0.4395 0.7079
vn 0.5517 0.4382 0.7097
vn 0.5676 0.3945 -0.7226
vn 0.5275 0.4166 -0.7404
vn 0.4063 0.7513 0.5200
vn 0.3509 0.8283 -0.4368
vn 0.4430 0.0770 0.8932
vn 0.4191 0.0742 0.9049
vn 0.4104 0.0851 0.9079
vn -0.3346 -0.2714 -0.9024
vn -0.3326 -0.2089 -0.9196
vn -0.3295 -0.2365 -0.9140
vn -0.3737 -0.0672 -0.9251
vn -0.3534 -0.0663 -0.9331
vn -0.3386 -0.2114 -0.9169
vn -0.3444 -0.0725 -0.9360
vn -0.4882 0.0593 -0.8707
vn 0.6297 -0.0203 0.7765
vn -0.2568 0.1093 0.9603
vn -0.3015 0.1034 0.9479
vn 0.6153 -0.0005 -0.7883
vn 0.6239 -0.0161 0.7813
vn 0.4087 0.7362 -0.5394
vn -0.4861 0.1239 -0.8651
vn -0.4120 0.2610 -0.8730
vn -0.4183 0.2573 -0.8711
vn -0.3674 0.2166 -0.9045
vn -0.2629 0.8339 0.4852
vn -0.1232 0.7594 0.6389
vn -0.0307 0.9946 -0.0990
vn 0.0097 0.9916 -0.1286
vn -0.3682 0.4768 0.7982
vn -0.1597 0.5137 0.8430
vn -0.1920 0.6076 0.7707
vn -0.1483 0.7989 0.5829
vn -0.1234 0.7811 0.6121
vn -0.4031 0.6871 -0.6045
vn -0.3949 0.5455 -0.7393
vn -0.2461 0.9049 0.3473
vn -0.2457 0.8607 0.4459
vn -0.2599 0.8688 0.4215
vn -0.2681 0.8963 0.3531
vn -0.9573 -0.1572 -0.2424
vn -0.5708 0.8195 0.0502
vn -0.6199 0.5756 0.5333
vn 0.4754 0.8796 0.0133
vn 0.1684 0.3613 -0.9171
vn -0.5028 -0.4755 -0.7218
vn -0.2817 0.3169 0.9057
vn -0.9922 -0.0181 0.1236
vn -0.9571 -0.2758 0.0889
vn -0.5855 0.6959 0.4158
vn -0.2407 0.9474 0.2112
vn -0.0853 0.9964 0.0009
vn -0.0978 0.9774 0.1874
vn -0.0736 0.9860 0.1493
vn -0.0606 0.9349 0.3498
vn -0.3924 0.7166 -0.5767
vn -0.3911 0.9031 -0.1772
vn -0.2885 0.6848 -0.6692
vn -0.8460 0.2293 -0.4813
vn -0.3525 0.7751 -0.5244
vn -0.6797 0.6930 0.2402
vn -0.4305 0.8746 -0.2230
vn -0.3470 -0.8777 -0.3306
vn -0.3866 -0.9214 -0.0392
vn -0.4002 -0.9159 -0.0298
vn -0.3988 -0.9141 0.0728
vn -0.3966 -0.9155 0.0679
vn -0.3725 -0.8724 0.3166
vn -0.3870 -0.9205 -0.0545
vn -0.3264 -0.9025 -0.2812
vn -0.3433 -0.9335 -0.1033
vn -0.3873 -0.9214 -0.0321
vn -0.3873 -0.9214 -0.0320
vn -0.4503 -0.8924 0.0291
vn -0.3268 -0.9449 -0.0178
vn -0.3988 -0.9132 0.0840
vn -0.3176 -0.9446 0.0828
vn -0.3271 -0.9391 0.1051
vn -0.3877 -0.8501 0.3564
vn -0.3277 -0.8740 0.3587
vn -0.2945 -0.8981 0.3267
vn -0.3650 -0.8680 0.3367
vn -0.0706 0.0799 -0.9943
vn -0.1359 0.0566 -0.9891
vn -0.0800 0.2323 -0.9693
vn -0.0242 -0.0069 -0.9997
vn -0.0418 -0.0997 -0.9941
vn -0.0467 -0.0964 -0.9942
vn -0.0758 -0.0891 -0.9931
vn -0.2022 -0.1541 -0.9671
vn -0.0404 -0.0293 -0.9988
vn 0.0457 -0.0933 -0.9946
vn 0.0082 -0.0381 -0.9992
vn -0.0829 -0.0550 -0.9950
vn -0.2237 0.0350 -0.9740
vn -0.5950 0.0015 -0.8037
vn -0.0265 -0.8193 -0.5728
vn -0.0521 -0.7908 -0.6099
vn -0.7997 0.0651 -0.5969
vn -0.0648 0.5401 -0.8391
vn 0.7097 -0.0109 -0.7045
vn 0.2895 0.2723 -0.9176
vn -0.0780 0.5976 -0.7980
vn 0.9197 0.3609 0.1548
vn 0.6733 0.2307 -0.7024
vn 0.7353 -0.0030 -0.6777
vn 0.8473 -0.4879 0.2098
vn 0.0230 0.3365 -0.9414
vn 0.0115 0.0420 -0.9991
vn 0.0782 0.1942 -0.9778
vn 0.0814 -0.0436 -0.9957
vn 0.7693 -0.0502 -0.6369
vn 0.2107 -0.0552 -0.9760
vn 0.8091 -0.0571 -0.5849
vn 0.4069 -0.7287 -0.5508
vn 0.4177 0.1252 -0.8999
vn 0.6341 -0.0884 -0.7682
vn 0.3505 0.2242 -0.9093
vn 0.4172 0.1240 -0.9003
vn 0.5266 0.3774 -0.7617
vn 0.3108 0.6289 -0.7127
vn 0.5932 0.6964 -0.4039
vn 0.2324 0.9476 -0.2193
vn 0.2571 0.9376 -0.2341
vn 0.5405 0.6143 -0.5749
vn -0.0186 -0.2024 0.9791
vn 0.1934 0.9463 -0.2589
vn 0.2594 0.9275 -0.2692
vn -0.3182 -0.7954 0.5158
vn -0.1275 -0.9017 0.4130
vn -0.2995 -0.8372 0.4576
vn 0.1454 -0.9125 0.3824
vn -0.0135 -0.8693 0.4942
vn 0.8068 -0.1925 0.5585
vn 0.7017 -0.3621 0.6136
vn 0.0083 -0.9726 0.2324
vn 0.0135 -0.9676 0.2521
vn 0.0057 -0.9274 0.3740
vn 0.1210 -0.4864 -0.8653
vn 0.1084 -0.3386 -0.9347
vn 0.6099 -0.4769 -0.6329
vn 0.5969 -0.4454 -0.6674
vn 0.3049 0.6523 -0.6940
vn 0.3061 0.6494 -0.6961
vn 0.0852 -0.8562 -0.5096
vn 0.3065 -0.8477 -0.4330
vn 0.2988 -0.9186 -0.2585
vn 0.3093 -0.9073 -0.2849
vn 0.0565 -0.7464 -0.6631
vn -0.1654 -0.7114 -0.6831
vn -0.0176 -0.9058 0.4234
vn -0.3246 -0.8936 0.3101
vn -0.3881 -0.8561 0.3411
vn -0.2035 -0.9280 0.3122
vn -0.1749 -0.9378 0.3001
vn -0.3328 -0.7469 0.5757
vn -0.1311 -0.6788 0.7225
vn -0.1255 -0.6888 0.7140
vn -0.0352 -0.4883 0.8720
vn -0.0932 -0.3888 0.9166
vn -0.3823 -0.7997 -0.4629
vn -0.3850 -0.7992 -0.4616
vn -0.2763 -0.8343 -0.4771
vn -0.1171 -0.5458 -0.8297
vn -0.0916 -0.4543 -0.8861
vn -0.1322 -0.4060 -0.9043
vn -0.1820 -0.8723 -0.4538
vn 0.0094 -0.1121 0.9937
vn -0.0453 -0.1058 -0.9934
vn -0.0319 -0.1103 -0.9934
vn -0.0691 -0.0528 -0.9962
vn -0.4238 0.8924 -0.1549
vn 0.0046 -0.4686 -0.8834
vn -0.0851 -0.2608 -0.9616
vn -0.3489 0.8150 0.4627
vn -0.3916 0.9136 0.1091
vn -0.3296 0.9002 -0.2845
vn -0.3081 0.9144 -0.2626
vn -0.3177 0.9358 -0.1530
vn -0.3003 0.7543 -0.5838
vn 0.0737 -0.4674 0.8810
vn 0.0317 -0.5559 -0.8306
vn -0.0093 -0.5279 -0.8493
vn -0.2579 0.9328 0.2517
vn -0.4209 -0.9016 -0.1000
vn -0.1958 -0.9806 -0.0120
vn -0.1485 -0.9889 -0.0097
vn -0.4699 -0.8811 -0.0529
vn -0.2243 -0.9745 -0.0112
vn -0.2885 -0.9574 -0.0147
vn -0.4700 -0.8811 -0.0531
vn -0.2543 -0.9671 -0.0119
vn -0.3145 -0.9491 -0.0149
vn -0.4991 -0.8661 -0.0270
vn -0.4980 -0.8664 -0.0372
vn -0.5106 -0.8598 -0.0034
vn -0.5102 -0.8598 -0.0199
vn -0.5141 -0.8570 0.0366
vn -0.5161 -0.8565 0.0010
vn -0.4818 -0.8735 0.0695
vn -0.5031 -0.8639 0.0248
vn -0.4994 -0.8645 0.0568
vn -0.1351 -0.9908 -0.0096
vn -0.4410 -0.8750 0.1997
vn -0.0787 -0.9969 -0.0073
vn -0.1296 -0.9915 -0.0099
vn -0.0454 -0.9990 -0.0028
vn -0.3646 -0.8684 0.3360
vn -0.1252 -0.9921 -0.0075
vn -0.0324 -0.9995 0.0017
vn -0.1003 -0.9950 -0.0028
vn -0.0356 -0.9994 0.0016
vn -0.3241 -0.7932 0.5155
vn -0.0026 -1.0000 0.0089
vn -0.2482 -0.7419 0.6229
vn -0.0897 -0.9960 0.0034
vn -0.1499 -0.8048 0.5743
vn 0.0462 -0.9986 0.0273
vn -0.0853 -0.7453 0.6613
vn -0.0331 -0.9994 0.0093
vn 0.0238 -0.9994 0.0243
vn -0.0187 -0.7433 0.6687
vn -0.0846 -0.7443 0.6624
vn 0.0047 -0.9997 0.0234
vn 0.0518 -0.7439 0.6662
vn -0.0202 -0.7450 0.6667
vn -0.0067 -0.9997 0.0238
vn 0.1313 -0.7524 0.6455
vn 0.0412 -0.7547 0.6548
vn -0.0126 -0.9996 0.0246
vn 0.1769 -0.8304 0.5283
vn 0.0875 -0.7877 0.6098
vn 0.1321 -0.7869 0.6028
vn 0.0174 -0.9998 0.0067
vn 0.0637 -0.9979 0.0083
vn 0.0963 -0.9953 0.0014
vn 0.0312 -0.9995 0.0015
vn 0.0758 -0.9971 -0.0026
vn 0.1006 -0.9949 -0.0027
vn 0.1011 -0.9949 -0.0049
vn 0.1237 -0.9923 -0.0050
vn 0.1550 -0.9879 -0.0074
vn 0.1508 -0.9885 -0.0074
vn 0.2353 -0.9719 -0.0078
vn 0.5081 -0.8579 0.0769
vn 0.1907 -0.9816 -0.0092
vn 0.4878 -0.8718 0.0455
vn 0.2647 -0.9643 -0.0084
vn 0.5134 -0.8574 0.0373
vn 0.3237 -0.9461 -0.0109
vn 0.5307 -0.8475 0.0010
vn 0.2947 -0.9555 -0.0107
vn 0.5290 -0.8482 0.0274
vn 0.5243 -0.8512 -0.0243
vn 0.5248 -0.8512 0.0050
vn 0.5092 -0.8590 -0.0543
vn 0.5132 -0.8582 -0.0151
vn 0.4959 -0.8662 -0.0619
vn 0.4927 -0.8693 -0.0393
vn 0.4418 -0.8906 -0.1075
vn 0.4213 -0.8779 -0.2278
vn 0.1816 -0.8407 -0.5102
vn 0.0717 -0.9895 -0.1253
vn 0.2120 -0.9561 -0.2022
vn 0.4613 -0.8533 -0.2432
vn 0.2873 -0.8979 -0.3335
vn 0.1092 -0.9908 -0.0803
vn -0.0365 -0.9860 -0.1625
vn -0.1089 -0.9941 0.0012
vn -0.1009 -0.9858 -0.1341
vn -0.1573 -0.9248 -0.3464
vn -0.4297 -0.8810 -0.1980
vn -0.4361 -0.8474 -0.3030
vn -0.3557 -0.8527 -0.3827
vn -0.3699 -0.9116 -0.1792
vn -0.2576 0.1916 -0.9471
vn -0.0986 0.0697 0.9927
vn -0.2689 0.2055 -0.9410
vn -0.3052 0.2420 0.9210
vn -0.3535 0.2001 -0.9138
vn -0.4292 0.2394 0.8709
vn -0.3658 0.2373 0.8999
vn -0.3012 0.1872 0.9350
vn -0.3611 -0.0192 -0.9323
vn -0.3756 -0.0069 0.9268
vn -0.5674 -0.5255 -0.6340
vn -0.6564 -0.4716 -0.5888
vn -0.2560 -0.7498 -0.6101
vn -0.2854 -0.0491 -0.9571
vn -0.2375 -0.5088 -0.8275
vn -0.2932 -0.0535 -0.9545
vn -0.2119 -0.8245 -0.5246
vn -0.2351 -0.6904 -0.6841
vn -0.0073 -0.4803 -0.8770
vn -0.0911 -0.8138 -0.5740
vn -0.1403 -0.6833 -0.7165
vn -0.2893 -0.6042 -0.7425
vn 0.2317 -0.5535 -0.7999
vn -0.1116 -0.8379 -0.5343
vn -0.2343 -0.8604 -0.4526
vn -0.4000 0.1424 0.9054
vn -0.3358 -0.0583 0.9401
vn -0.3365 0.0335 0.9411
vn -0.2896 -0.0707 0.9545
vn 0.0831 0.9704 0.2266
vn 0.1213 0.9812 0.1502
vn 0.7519 0.5270 0.3962
vn 0.2866 0.7843 0.5503
vn 0.2695 0.9597 0.0792
vn 0.0907 0.9952 0.0362
vn 0.0241 0.9997 -0.0011
vn 0.0119 0.9995 -0.0276
vn 0.1142 0.9906 -0.0747
vn 0.0544 0.9983 -0.0212
vn 0.0966 0.9855 0.1393
vn 0.1407 0.9652 -0.2204
vn 0.5712 0.1581 0.8054
vn 0.6674 0.1720 0.7246
vn 0.4871 0.7918 0.3685
vn 0.2815 0.5121 0.8115
vn 0.5775 0.0986 0.8104
vn 0.6893 0.0978 -0.7178
vn 0.4976 0.4073 -0.7658
vn 0.5772 0.0819 -0.8125
vn 0.5573 0.0966 -0.8247
vn -0.3486 0.1536 -0.9246
vn -0.3533 0.1177 -0.9281
vn -0.3443 0.1121 -0.9321
vn -0.3340 0.1363 -0.9327
vn -0.3347 0.1424 -0.9315
vn -0.3817 0.1460 0.9127
vn -0.3803 0.1250 0.9164
vn -0.3532 0.1080 0.9293
vn -0.3942 0.1247 0.9105
vn -0.3976 0.1258 0.9089
vn -0.2778 0.0786 0.9574
vn -0.2819 0.1272 0.9510
vn -0.3122 -0.0531 0.9485
vn -0.3192 0.1471 0.9362
vn -0.3697 0.0659 -0.9268
vn -0.3682 0.0541 -0.9282
vn 0.6118 -0.0029 0.7910
vn 0.5807 0.0310 0.8135
vn 0.5964 0.0134 -0.8026
vn 0.5807 0.0295 -0.8136
vn -0.3572 0.0114 0.9340
vn -0.3624 0.0718 0.9293
vn -0.3673 -0.0899 -0.9258
vn -0.3712 -0.0946 -0.9237
vn -0.3551 -0.2750 -0.8935
vn -0.3006 -0.2464 -0.9214
vn -0.3869 -0.0836 0.9183
vn -0.3636 -0.2704 0.8914
vn -0.3636 -0.1000 0.9262
vn -0.3108 -0.2417 0.9192
vn -0.3350 -0.4038 -0.8513
vn -0.3224 -0.3584 0.8761
vn -0.3174 -0.1210 -0.9406
vn -0.3037 -0.1209 -0.9451
vn -0.2830 -0.4152 -0.8646
vn -0.3075 -0.2866 -0.9074
vn -0.2355 -0.2869 -0.9285
vn -0.2630 -0.2715 -0.9258
vn -0.2686 -0.1150 -0.9563
vn -0.3139 -0.3983 -0.8619
vn 0.4742 0.4014 0.7836
vn 0.4365 0.2544 -0.8630
vn -0.3531 0.0623 0.9335
vn -0.3371 0.0721 0.9387
vn 0.5468 0.4402 0.7122
vn 0.4207 0.4324 0.7975
vn 0.5318 0.4156 -0.7379
vn 0.4832 0.3302 -0.8108
vn 0.4648 0.4029 -0.7884
vn 0.2831 0.5410 -0.7920
vn 0.3423 0.0820 0.9360
vn 0.2914 0.1657 0.9421
vn -0.2397 -0.3200 -0.9166
vn -0.2261 -0.2975 -0.9276
vn -0.1285 -0.3513 -0.9274
vn -0.0783 -0.2709 -0.9594
vn -0.2345 -0.2085 -0.9495
vn -0.2646 -0.2229 -0.9382
vn -0.2775 -0.0726 -0.9580
vn -0.2701 -0.0782 -0.9596
vn 0.6076 0.0038 -0.7942
vn 0.4773 -0.0131 -0.8787
vn 0.4624 -0.0045 -0.8867
vn -0.1638 0.6180 0.7689
vn 0.4731 -0.0335 0.8804
vn -0.2883 0.0871 -0.9536
vn 0.5149 -0.0049 0.8572
vn -0.3570 0.2168 -0.9086
vn -0.3579 0.2175 -0.9081
vn -0.0124 0.8165 0.5773
vn -0.0057 0.8105 0.5857
vn -0.3869 0.6087 -0.6927
vn -0.3771 0.6006 -0.7050
vn 0.1325 0.9869 0.0920
vn -0.3602 0.7891 -0.4977
vn -0.2528 -0.9281 -0.2733
vn -0.2653 -0.9301 -0.2542
vn -0.2818 -0.9594 -0.0075
vn -0.2721 -0.9622 -0.0146
vn -0.2809 -0.9597 0.0037
vn -0.2705 -0.9596 -0.0779
vn -0.1604 -0.9697 -0.1843
vn -0.2724 -0.9610 -0.0465
vn 0.7426 0.0617 -0.6668
vn -0.0437 0.5361 -0.8430
vn -0.0784 0.5841 -0.8079
vn -0.0388 0.0165 -0.9991
vn -0.0524 0.0504 -0.9974
vn 0.0248 0.9804 0.1955
vn 0.0183 0.8826 -0.4697
vn 0.0111 0.9875 -0.1569
vn 0.0147 0.9998 0.0125
vn -0.0100 0.9681 -0.2503
vn -0.6152 0.2129 -0.7591
vn -0.1659 0.8517 0.4970
vn -0.5924 -0.1646 0.7887
vn -0.8215 -0.0660 -0.5663
vn -0.0763 0.3027 -0.9500
vn -0.2338 0.1450 -0.9614
vn -0.1780 0.4032 -0.8976
vn -0.0680 0.4273 -0.9015
vn 0.0060 0.5528 -0.8333
vn 0.0148 0.3655 -0.9307
vn -0.0806 -0.0206 -0.9965
vn -0.0994 -0.0242 -0.9948
vn -0.0074 -0.1319 -0.9912
vn -0.0782 -0.2238 -0.9715
vn -0.2263 -0.2107 -0.9510
vn -0.0422 -0.4450 -0.8945
vn -0.2668 -0.0545 -0.9622
vn -0.4299 -0.0998 -0.8973
vn -0.4304 -0.0715 -0.8998
vn -0.5351 -0.1451 -0.8322
vn -0.3387 0.1785 -0.9238
vn -0.2711 0.4562 -0.8476
vn 0.2439 0.5538 -0.7961
vn -0.0760 0.5811 -0.8103
vn -0.0522 0.6527 -0.7558
vn -0.0394 0.6447 -0.7634
vn -0.0494 0.7305 -0.6812
vn 0.0294 0.7555 -0.6545
vn 0.0305 0.7034 -0.7101
vn 0.8333 -0.2048 0.5135
vn 0.0396 -0.2033 0.9783
vn 0.0386 0.7781 0.6269
vn 0.0827 0.8099 0.5806
vn 0.0362 -0.8872 0.4600
vn 0.0085 -0.9116 0.4110
vn 0.0755 -0.0893 0.9931
vn -0.0475 -0.9482 0.3142
vn 0.2815 -0.4575 0.8435
vn 0.1588 -0.4429 -0.8824
vn 0.0867 -0.1088 0.9903
vn 0.1139 -0.1161 0.9867
vn 0.1281 -0.1058 -0.9861
vn 0.1135 -0.1030 -0.9882
vn 0.0508 -0.2382 0.9699
vn -0.0004 -0.2377 0.9713
vn 0.0966 -0.3294 0.9393
vn 0.2369 -0.1609 -0.9581
vn -0.2545 0.9189 -0.3014
vn -0.3629 0.9119 -0.1916
vn -0.2955 0.9398 -0.1717
vn -0.0650 -0.4213 0.9046
vn 0.1140 -0.3244 0.9390
vn -0.1112 -0.3495 0.9303
vn -0.0379 -0.4028 0.9145
vn -0.2337 0.8211 0.5207
vn -0.2055 0.8469 0.4904
vn -0.3310 0.9390 0.0932
vn -0.2501 0.9616 0.1133
vn -0.2591 0.9586 0.1185
vn -0.2452 0.9432 0.2241
vn -0.2547 0.9345 0.2485
vn 0.2907 -0.5545 0.7798
vn -0.1166 -0.0044 0.9932
vn 0.7315 0.3587 0.5799
vn 0.4439 0.1757 0.8787
vn 0.2805 0.3876 0.8781
vn 0.8198 -0.0882 0.5658
vn 0.7561 -0.1947 0.6248
vn 0.4943 -0.1403 0.8579
vn 0.4784 -0.1030 0.8721
vn 0.7243 0.3940 0.5658
vn 0.4051 0.7168 0.5675
vn 0.4177 0.7136 0.5624
vn 0.5498 -0.5912 0.5901
vn 0.5518 -0.5756 0.6035
vn 0.3960 -0.5811 0.7110
vn 0.5012 -0.4644 0.7302
vn 0.1467 -0.1346 0.9800
vn 0.3190 -0.4696 0.8232
vn -0.1342 0.0807 0.9877
vn -0.2756 0.1990 -0.9405
vn -0.2042 0.1287 -0.9704
vn -0.2860 0.1581 -0.9451
vn -0.2726 0.1396 -0.9520
vn -0.3023 0.1867 0.9348
vn -0.4650 -0.0182 0.8851
vn -0.3103 -0.0198 0.9504
vn -0.4473 -0.0291 -0.8939
vn -0.3174 -0.0317 -0.9478
vn -0.2893 -0.0351 -0.9566
vn -0.3288 -0.0216 0.9441
vn -0.2881 -0.3542 -0.8897
vn -0.2962 0.0813 -0.9517
vn -0.2931 0.0892 -0.9519
vn -0.2253 0.1104 -0.9680
vn -0.2744 -0.0710 0.9590
vn -0.2419 -0.0806 0.9669
vn 0.0007 0.9997 -0.0253
vn -0.0738 0.9970 0.0221
vn 0.7335 0.4914 0.4696
vn 0.2215 0.7739 0.5933
vn 0.2273 0.9064 0.3560
vn 0.0480 0.9988 -0.0128
vn 0.0192 0.9917 0.1273
vn -0.2900 0.9544 -0.0711
vn -0.1649 0.9608 -0.2228
vn -0.1646 0.9570 -0.2390
vn -0.2677 0.9521 -0.1477
vn 0.3925 0.1525 0.9070
vn 0.4543 0.1560 0.8771
vn 0.3031 0.7920 0.5300
vn 0.4342 0.1480 0.8886
vn 0.2688 0.2039 -0.9414
vn 0.4801 0.1137 -0.8698
vn 0.4403 0.1570 -0.8840
vn -0.3514 0.1125 -0.9294
vn -0.3992 0.0960 -0.9118
vn -0.2776 0.0986 -0.9556
vn -0.2933 0.1070 -0.9500
vn 0.4666 0.1122 -0.8773
vn 0.5015 -0.0077 0.8651
vn 0.4630 -0.0050 0.8864
vn 0.4378 0.0126 0.8990
vn 0.4555 -0.0005 -0.8902
vn 0.4598 -0.0045 -0.8880
vn 0.4918 -0.0084 -0.8706
vn -0.2721 -0.0888 -0.9582
vn -0.2823 -0.2496 -0.9263
vn -0.2659 -0.0846 -0.9603
vn -0.2674 -0.2648 -0.9265
vn 0.4797 -0.0524 0.8759
vn 0.4715 -0.0513 -0.8804
vn -0.2685 -0.0932 0.9588
vn -0.2752 -0.0890 0.9573
vn -0.2881 -0.2454 0.9256
vn -0.2756 -0.2574 0.9262
vn -0.2896 -0.2628 0.9203
vn -0.2852 -0.2833 -0.9157
vn -0.2337 -0.4112 -0.8811
vn 0.4795 0.1017 0.8717
vn 0.4710 0.1096 -0.8753
vn -0.2370 -0.3615 0.9018
vn -0.2475 -0.3560 0.9011
vn -0.2269 -0.4147 -0.8812
vn -0.2425 -0.1149 -0.9633
vn -0.2310 -0.1129 -0.9664
vn 0.3634 0.3585 0.8599
vn 0.3516 0.4238 0.8347
vn 0.3701 0.3448 -0.8626
vn 0.2882 0.3544 -0.8896
vn 0.2924 0.3337 -0.8962
vn 0.2387 0.6902 0.6831
vn 0.3324 0.4142 0.8473
vn 0.2246 0.5566 -0.7998
vn 0.3531 0.3800 -0.8549
vn -0.2495 0.0624 0.9664
vn 0.1564 0.2194 0.9630
vn 0.3620 0.2513 0.8977
vn 0.2671 0.0875 0.9597
vn 0.2294 -0.4427 0.8668
vn 0.2301 -0.4440 0.8660
vn -0.2490 -0.0788 -0.9653
vn -0.2053 -0.2205 -0.9535
vn -0.2086 -0.1157 -0.9711
vn 0.3545 0.0002 0.9351
vn 0.3465 -0.0033 -0.9381
vn 0.3491 -0.0045 -0.9371
vn 0.0057 0.8238 0.5668
vn 0.3378 -0.0086 0.9412
vn 0.1058 0.9251 0.3648
vn 0.1338 0.9202 0.3679
vn 0.1182 0.8995 0.4205
vn -0.2128 0.7079 -0.6735
vn -0.7084 0.6148 -0.3467
vn -0.3036 0.2213 -0.9267
vn -0.4450 0.4046 -0.7990
vn 0.1232 0.7268 0.6757
vn 0.0210 -0.8702 -0.4922
vn 0.6950 -0.0431 -0.7177
vn -0.1772 0.4084 0.8954
vn 0.4543 -0.8907 0.0152
vn 0.0678 0.2114 0.9750
vn -0.9049 0.1867 0.3825
vn -0.2882 0.9478 -0.1361
vn -0.6330 -0.0734 0.7707
vn -0.5402 -0.1051 0.8349
vn 0.0868 0.7825 0.6166
vn -0.0499 -0.4237 0.9044
vn -0.0390 -0.5265 0.8493
vn 0.9051 0.3252 -0.2739
vn 0.1403 0.9849 0.1013
vn 0.1368 0.9854 0.1013
vn 0.0964 0.9342 0.3435
vn 0.1005 0.9052 0.4130
vn -0.2449 0.9448 -0.2178
vn -0.7967 0.5349 0.2813
vn -0.7976 0.5554 -0.2354
vn -0.9414 -0.3142 -0.1226
vn -0.9354 -0.3200 -0.1502
vn -0.8643 -0.5028 -0.0155
vn -0.5579 -0.8180 -0.1403
vn -0.8560 -0.4581 -0.2395
vn -0.9651 0.2374 -0.1106
vn -0.9730 -0.1447 -0.1798
vn -0.9879 0.0576 -0.1441
vn -0.9839 0.1763 -0.0300
vn -0.9252 -0.3791 -0.0135
vn -0.9778 -0.2094 0.0039
vn -0.9817 -0.1902 0.0055
vn -0.9688 0.2479 0.0075
vn -0.9052 -0.4246 -0.0201
vn -0.9066 -0.4220 0.0087
vn -0.9016 -0.4326 0.0048
vn -0.7623 -0.6469 -0.0224
vn -0.7301 -0.6830 0.0238
vn -0.7317 -0.6811 0.0265
vn -0.4330 -0.8889 -0.1497
vn -0.4615 -0.7957 -0.3921
vn -0.6853 -0.7268 -0.0453
vn -0.0713 -0.8627 -0.5006
vn -0.0696 -0.9051 -0.4194
vn -0.0846 -0.8240 -0.5602
vn -0.0505 -0.8726 -0.4858
vn -0.4741 -0.7838 -0.4012
vn -0.4022 -0.8433 -0.3565
vn 0.0274 -0.8704 -0.4916
vn -0.0576 -0.9249 -0.3759
vn 0.0716 -0.9151 -0.3968
vn 0.0042 -0.8323 -0.5543
vn -0.0117 -0.9051 -0.4251
vn -0.0248 -0.8476 -0.5300
vn -0.0248 -0.8453 -0.5338
vn -0.0404 -0.7831 -0.6206
vn 0.1979 -0.9774 0.0743
vn 0.3016 -0.8115 -0.5005
vn 0.0978 -0.8563 -0.5071
vn 0.9388 -0.2998 -0.1694
vn 0.3331 -0.8186 -0.4679
vn 0.6425 -0.7345 -0.2183
vn 0.8385 -0.5125 -0.1853
vn 0.9467 -0.2880 -0.1444
vn 0.9254 -0.2340 -0.2981
vn -0.0441 -0.9067 -0.4194
vn 0.5878 -0.5662 -0.5779
vn 0.9152 -0.2853 -0.2846
vn -0.8383 -0.4476 -0.3112
vn -0.4224 -0.7373 -0.5273
vn -0.1229 -0.8991 -0.4201
vn -0.0152 -0.9607 -0.2770
vn -0.7091 -0.6256 -0.3253
vn -0.9946 0.1034 -0.0028
vn -0.8552 0.4111 0.3155
vn -0.2113 -0.1428 0.9669
vn -0.4015 0.3518 0.8456
vn -0.1285 -0.6716 0.7297
vn -0.3049 -0.0891 0.9482
vn -0.3159 -0.9062 0.2811
vn -0.6791 -0.6763 0.2854
vn -0.7290 -0.6840 0.0263
vn -0.1808 -0.6355 0.7506
vn -0.1953 -0.7305 0.6543
vn -0.6739 -0.6800 0.2889
vn -0.2316 -0.6706 0.7047
vn -0.2108 -0.0372 0.9768
vn -0.1047 -0.0843 0.9909
vn 0.0533 -0.8220 0.5670
vn 0.0377 -0.0529 0.9979
vn 0.1448 -0.5945 0.7909
vn 0.1343 -0.6151 0.7769
vn 0.7125 -0.6548 0.2522
vn 0.0511 0.1000 0.9937
vn 0.0366 -0.0332 0.9988
vn -0.7010 -0.6858 0.1956
vn 0.7411 -0.0117 0.6713
vn 0.7222 0.0033 0.6917
vn 0.9222 -0.3833 0.0509
vn 0.9983 0.0430 0.0381
vn 0.8759 -0.4817 0.0287
vn 0.8747 -0.4830 -0.0411
vn 0.9021 -0.4288 0.0488
vn 0.9990 -0.0071 0.0437
vn 0.9861 -0.1084 0.1256
vn 0.9114 -0.4067 -0.0628
vn 0.9839 -0.1753 -0.0349
vn 0.6983 -0.7157 0.0149
vn 0.7267 -0.6833 -0.0708
vn 0.7162 -0.6951 -0.0628
vn 0.6920 -0.7201 0.0507
vn 0.6923 -0.7213 0.0182
vn 0.6818 -0.7235 0.1080
vn 0.5710 -0.7646 0.2989
vn 0.7222 -0.6904 0.0425
vn 0.0853 -0.8321 0.5481
vn 0.0853 -0.8317 0.5487
vn 0.1115 -0.7006 0.7048
vn 0.3368 -0.9110 0.2381
vn -0.4405 -0.7974 0.4125
vn 0.0384 -0.9298 0.3660
vn -0.0260 -0.7192 0.6943
vn 0.0547 -0.8924 0.4479
vn 0.1250 -0.7066 0.6965
vn 0.1980 -0.7976 0.5697
vn -0.2110 -0.7211 0.6599
vn -0.3822 0.3689 0.8473
vn -0.2068 0.3937 0.8957
vn -0.1332 0.3663 0.9209
vn -0.8934 0.3892 -0.2244
vn -0.8034 -0.5914 -0.0693
vn -0.9564 0.0843 -0.2797
vn -0.7196 -0.6915 -0.0637
vn -0.5049 -0.8595 -0.0802
vn -0.7698 -0.6377 -0.0267
vn -0.8914 0.3982 -0.2164
vn -0.9849 0.0499 -0.1658
vn -0.9424 -0.3184 -0.1023
vn -0.8490 -0.4469 0.2818
vn -0.7816 0.5102 -0.3589
vn -0.8249 0.4275 -0.3698
vn -0.9990 -0.0249 0.0368
vn -0.9754 -0.2118 -0.0612
vn -0.9105 -0.1772 -0.3736
vn -0.9700 -0.2340 -0.0666
vn -0.3746 -0.9241 -0.0759
vn -0.3063 -0.9428 -0.1314
vn -0.1223 -0.9845 -0.1261
vn -0.6646 -0.7467 -0.0276
vn -0.2368 -0.9530 0.1889
vn -0.6843 -0.6866 0.2454
vn -0.8597 0.5108 -0.0063
vn -0.2220 0.9750 -0.0066
vn -0.8120 0.5836 -0.0044
vn -0.9645 0.2624 -0.0292
vn -0.0446 0.9860 -0.1605
vn -0.8384 0.4490 0.3090
vn -0.8576 0.4211 0.2951
vn -0.1614 0.9869 0.0034
vn -0.5553 0.8290 -0.0666
vn -0.8000 0.5879 -0.1199
vn -0.6597 0.7145 0.2331
vn -0.1954 0.9686 -0.1537
vn -0.0358 0.9880 0.1500
vn -0.0483 0.9957 0.0794
vn -0.1882 0.9778 -0.0925
vn -0.4040 0.8496 -0.3390
vn -0.2597 0.9652 0.0318
vn -0.0771 0.9957 0.0504
vn -0.0354 0.9933 0.1103
vn 0.0361 0.9933 -0.1097
vn 0.3124 0.8666 -0.3890
vn 0.2257 0.9132 -0.3393
vn 0.3018 0.9048 -0.3004
vn 0.7154 0.6965 0.0555
vn 0.9960 -0.0893 0.0088
vn 0.1387 0.9899 0.0310
vn -0.0057 0.9986 -0.0526
vn -0.0202 0.9969 -0.0766
vn 0.9073 -0.0482 -0.4176
vn 0.7117 0.7002 0.0562
vn 0.9460 0.3230 -0.0267
vn 0.8756 0.4808 -0.0461
vn 0.7347 0.6742 0.0761
vn 0.8785 0.4628 0.1186
vn 0.2821 0.9436 0.1735
vn 0.4816 0.7840 0.3916
vn 0.2883 0.8388 0.4619
vn 0.8456 0.4779 0.2378
vn 0.8930 0.4139 0.1770
vn 0.2844 0.9460 0.1553
vn 0.2908 0.8926 0.3444
vn 0.3806 0.8185 0.4304
vn 0.1877 0.9037 0.3848
vn 0.1446 0.9271 0.3459
vn 0.1154 0.9809 0.1566
vn -0.0852 0.9587 0.2712
vn 0.2917 0.8099 0.5089
vn -0.0789 0.9680 0.2381
vn 0.0693 0.9384 0.3386
vn 0.3078 0.8690 0.3873
vn 0.1798 0.9225 0.3417
vn 0.7181 0.6937 0.0557
vn 0.5780 0.8161 0.0013
vn 0.1311 0.9740 -0.1850
vn -0.0622 0.9979 0.0205
vn -0.0925 0.9924 0.0812
vn -0.0928 0.9951 0.0343
vn -0.0584 0.9955 0.0753
vn -0.1114 0.9915 0.0668
vn -0.1638 0.9834 0.0783
vn 0.0076 0.9987 -0.0510
vn -0.0212 0.9996 0.0162
vn -0.0236 0.9996 0.0170
vn -0.0200 0.9998 0.0072
vn -0.3044 0.9523 -0.0219
vn 0.0020 0.9999 -0.0171
vn -0.0112 0.9992 0.0390
vn -0.2762 0.9219 -0.2717
vn -0.1201 0.9879 -0.0984
vn 0.2155 0.9631 0.1610
vn -0.0162 0.9997 -0.0183
vn -0.0185 0.9904 0.1369
vn -0.6174 0.7782 -0.1150
vn -0.5140 0.8176 0.2596
vn -0.6323 0.7232 0.2779
vn -0.6061 0.7859 0.1230
vn -0.6005 -0.0531 0.7979
vn -0.2474 0.8573 0.4514
vn -0.2933 0.6200 0.7278
vn -0.3168 0.7538 0.5757
vn -0.5480 0.5577 0.6234
vn -0.1200 -0.9764 0.1795
vn -0.0876 -0.9819 0.1681
vn -0.1117 -0.9634 0.2437
vn -0.1018 -0.9245 -0.3673
vn -0.0694 -0.8780 -0.4737
vn -0.1286 -0.9599 -0.2493
vn -0.1826 -0.9661 -0.1824
vn 0.0408 -0.9636 -0.2642
vn -0.0898 -0.9535 -0.2876
vn -0.0434 -0.9400 -0.3385
vn -0.2565 -0.8991 0.3549
vn -0.1792 -0.9220 0.3431
vn -0.1994 -0.9791 0.0393
vn -0.1719 -0.9814 0.0852
vn -0.1886 -0.9815 -0.0316
vn -0.1987 -0.9793 -0.0389
vn 0.0936 -0.0510 -0.9943
vn 0.0920 -0.0496 -0.9945
vn -0.7890 0.0744 -0.6099
vn -0.4816 -0.4606 -0.7455
vn -0.8421 -0.1112 -0.5278
vn -0.6046 -0.2791 -0.7460
vn -0.9575 -0.1648 -0.2367
vn 0.9539 0.0126 0.3000
vn 0.9408 0.0187 0.3385
vn 0.0020 -0.0454 -0.9990
vn -0.0120 0.9922 0.1245
vn 0.0208 -0.2302 -0.9729
vn 0.0302 -0.9988 -0.0386
vn 0.0377 0.6248 0.7799
vn -0.0063 0.0570 0.9984
vn -0.6173 0.0146 -0.7866
vn -0.3986 0.6552 -0.6418
vn 0.0222 0.6397 -0.7683
vn 0.0216 0.6717 -0.7405
vn -0.0351 0.6872 -0.7257
vn 0.0230 0.6803 -0.7326
vn 0.0247 0.6569 -0.7536
vn 0.0253 0.6880 -0.7252
vn 0.0225 0.6965 -0.7172
vn -0.0260 0.7518 -0.6589
vn -0.0413 0.5747 -0.8173
vn 0.1961 0.5685 -0.7990
vn -0.3047 0.7118 -0.6328
vn 0.0531 0.4842 -0.8734
vn -0.5076 0.4712 -0.7213
vn -0.3977 0.8173 -0.4170
vn -0.2658 0.8297 -0.4908
vn -0.2608 0.8911 -0.3715
vn 0.0231 0.7261 -0.6872
vn 0.0186 0.7628 -0.6463
vn -0.2969 0.7190 0.6285
vn -0.2062 -0.0862 0.9747
vn -0.1835 -0.1226 0.9753
vn -0.2177 0.7872 0.5769
vn 0.0163 0.6695 -0.7426
vn 0.0177 0.6585 -0.7524
vn -0.2181 -0.9566 0.1932
vn -0.4088 -0.8246 0.3909
vn -0.8604 -0.0886 0.5018
vn -0.4131 -0.8669 0.2791
vn -0.3968 -0.8866 0.2378
vn -0.0687 -0.9643 0.2558
vn -0.3894 -0.7687 0.5074
vn -0.0692 -0.9421 0.3281
vn 0.0199 -0.9152 0.4026
vn -0.0580 -0.8781 0.4749
vn -0.0724 -0.7485 0.6591
vn -0.0907 -0.8211 0.5635
vn 0.0654 -0.7829 0.6187
vn 0.0670 -0.6829 0.7275
vn 0.1356 -0.3304 0.9341
vn 0.0003 -0.8822 -0.4708
vn 0.0180 -0.5378 -0.8429
vn 0.0217 -0.8310 -0.5558
vn 0.0587 -0.3127 -0.9480
vn 0.0379 -0.9170 -0.3971
vn 0.2868 -0.1937 0.9382
vn 0.1029 -0.1159 0.9879
vn 0.2349 -0.1061 -0.9662
vn 0.2370 -0.1057 -0.9657
vn -0.1420 -0.3473 0.9270
vn 0.0396 -0.5086 0.8601
vn 0.1548 -0.1197 -0.9807
vn -0.2396 0.9519 -0.1909
vn -0.1808 0.9544 -0.2376
vn -0.6587 -0.4046 0.6344
vn 0.0394 -0.8211 0.5694
vn -0.3103 -0.5895 0.7458
vn -0.1866 -0.6624 0.7255
vn -0.1638 0.8560 0.4904
vn -0.1042 0.8981 0.4272
vn -0.1775 0.9770 0.1180
vn -0.1351 0.9728 0.1883
vn -0.1525 0.9795 0.1317
vn -0.2225 0.8236 -0.5216
vn 0.0231 0.8454 -0.5336
vn 0.0056 0.5294 -0.8484
vn -0.0342 0.5823 -0.8122
vn -0.3104 -0.9477 -0.0748
vn -0.2625 0.9645 0.0292
vn -0.0136 0.4001 -0.9164
vn 0.0745 0.8274 0.5566
vn 0.0994 0.8342 0.5424
vn 0.1588 0.4278 0.8898
vn 0.1191 0.4599 0.8799
vn 0.0842 0.8062 0.5856
vn -0.0152 0.1466 -0.9891
vn -0.0088 0.0830 -0.9965
vn -0.0250 0.1562 -0.9874
vn 0.0895 -0.1233 0.9883
vn 0.1311 -0.1693 0.9768
vn -0.1008 0.0669 -0.9927
vn -0.1568 0.1270 -0.9794
vn 0.7323 -0.3589 0.5787
vn 0.3772 -0.5939 0.7106
vn 0.2289 -0.5467 0.8054
vn 0.1090 -0.4905 0.8646
vn 0.2972 -0.7505 0.5903
vn 0.4058 -0.6789 0.6119
vn 0.3309 -0.7546 0.5666
vn 0.2727 -0.7522 0.5999
vn 0.1313 -0.5352 0.8345
vn 0.0520 -0.2736 0.9605
vn -0.1877 0.0741 0.9794
vn -0.1438 0.0501 0.9883
vn -0.2020 0.1379 -0.9696
vn -0.1529 0.0942 -0.9837
vn -0.2202 0.1669 0.9611
vn -0.1940 0.1364 0.9715
vn -0.2688 -0.0353 -0.9625
vn -0.2061 -0.0427 -0.9776
vn -0.2248 -0.0222 0.9741
vn -0.2789 -0.0282 0.9599
vn 0.0257 -0.4823 -0.8756
vn 0.0265 -0.8693 -0.4936
vn -0.0027 -0.8939 -0.4483
vn 0.0737 -0.5824 -0.8096
vn -0.1232 -0.0557 -0.9908
vn -0.0668 -0.7299 -0.6802
vn -0.1574 -0.0740 -0.9848
vn -0.1525 -0.0124 -0.9882
vn -0.1581 -0.0813 0.9841
vn -0.1372 -0.0874 0.9867
vn 0.0831 0.8245 0.5598
vn 0.0875 0.9909 0.1026
vn 0.0225 0.9920 0.1240
vn 0.4651 0.8552 0.2289
vn 0.1030 0.4856 0.8681
vn -0.1637 0.9637 0.2109
vn 0.2160 0.9709 0.1030
vn 0.0490 0.9560 0.2894
vn 0.0745 0.5415 0.8374
vn 0.1712 0.9727 0.1565
vn 0.2878 0.9493 0.1262
vn 0.1804 0.4894 0.8532
vn 0.1229 0.9494 0.2890
vn 0.5296 0.4838 0.6967
vn 0.0437 0.9019 0.4297
vn 0.0438 0.7863 0.6163
vn 0.2517 0.6217 0.7417
vn -0.1405 0.9762 0.1654
vn -0.1378 0.4654 0.8743
vn -0.4876 0.8283 0.2760
vn -0.1245 0.9783 0.1659
vn -0.2358 0.5788 0.7806
vn -0.5136 0.4464 0.7327
vn -0.1926 0.4944 0.8476
vn -0.0880 0.9743 0.2072
vn -0.3805 0.7660 0.5182
vn 0.0061 0.9867 0.1627
vn -0.3218 0.4630 0.8258
vn 0.0233 0.2377 0.9711
vn -0.2221 0.9195 0.3243
vn -0.2168 0.8039 0.5538
vn -0.1112 0.9717 0.2082
vn -0.2774 0.9042 0.3249
vn -0.4849 0.6843 0.5446
vn -0.3013 0.7490 0.5901
vn -0.7108 0.5054 0.4892
vn -0.3415 0.4682 0.8150
vn -0.4521 0.5392 0.7105
vn -0.3357 0.9035 0.2665
vn -0.5428 0.6984 0.4665
vn -0.2773 0.9311 0.2370
vn -0.6397 0.5966 0.4846
vn -0.4444 0.5154 0.7327
vn -0.5751 0.6014 0.5546
vn -0.5477 0.7935 0.2655
vn -0.7425 0.5648 0.3601
vn -0.6121 0.6510 0.4489
vn -0.5399 0.4653 0.7014
vn -0.7010 0.5718 0.4262
vn -0.2433 0.9485 0.2028
vn -0.5423 0.7877 0.2923
vn -0.1771 0.9698 0.1676
vn -0.1333 0.9777 0.1622
vn -0.0502 0.9976 0.0479
vn -0.0431 0.9979 0.0480
vn 0.3320 0.9428 -0.0302
vn 0.0254 0.9992 -0.0300
vn 0.0180 0.9996 -0.0218
vn 0.2291 0.9421 -0.2447
vn -0.1385 0.9896 0.0386
vn 0.2046 0.9374 -0.2820
vn 0.2269 0.9363 -0.2682
vn 0.0448 0.9989 -0.0101
vn -0.0306 0.9986 -0.0441
vn 0.0080 0.9534 -0.3015
vn -0.1926 0.9808 0.0293
vn -0.0793 0.9841 -0.1591
vn -0.0828 0.9930 -0.0846
vn -0.1524 0.9881 0.0193
vn -0.1996 0.9430 0.2664
vn -0.1568 0.9711 0.1800
vn -0.1532 0.9761 0.1541
vn 0.1074 0.9637 0.2446
vn 0.1093 0.9875 0.1140
vn 0.2196 0.9658 0.1381
vn 0.1808 0.9473 0.2644
vn -0.0459 0.9936 -0.1030
vn 0.0208 0.9964 0.0820
vn -0.0634 0.9956 -0.0694
vn -0.0602 0.9446 -0.3226
vn 0.1114 0.9375 -0.3295
vn -0.0658 0.9463 -0.3166
vn -0.1895 0.9565 -0.2220
vn 0.4113 0.1562 -0.8980
vn 0.4192 0.1479 0.8958
vn -0.2000 0.1565 -0.9672
vn -0.1980 0.1085 -0.9742
vn -0.1978 0.1084 -0.9742
vn 0.3282 0.0926 0.9400
vn 0.3106 0.0919 -0.9461
vn -0.1723 0.1501 0.9735
vn -0.1626 -0.0986 -0.9818
vn -0.2064 -0.0372 -0.9778
vn 0.3414 -0.0019 0.9399
vn 0.3310 0.0074 0.9436
vn 0.3223 -0.0128 -0.9466
vn 0.3153 -0.0069 -0.9490
vn -0.1551 -0.0895 0.9838
vn -0.1834 -0.0500 0.9818
vn -0.2972 -0.2588 0.9191
vn -0.1693 -0.1067 0.9798
vn 0.3194 0.0656 -0.9453
vn -0.3001 -0.2730 -0.9140
vn -0.1564 -0.0933 -0.9833
vn -0.1466 -0.2804 -0.9486
vn -0.1658 -0.2745 0.9472
vn -0.1683 -0.3450 0.9234
vn -0.1466 -0.3634 0.9200
vn -0.1599 -0.4153 -0.8955
vn -0.1723 -0.1130 -0.9785
vn -0.1344 -0.3550 -0.9252
vn -0.1410 -0.1085 -0.9840
vn -0.1527 0.0697 0.9858
vn 0.2049 0.4328 0.8779
vn 0.1797 0.3795 -0.9076
vn 0.1926 0.3859 -0.9022
vn 0.2269 0.4239 0.8768
vn 0.1648 0.0872 0.9825
vn 0.1455 0.1169 0.9824
vn -0.1379 -0.2442 -0.9599
vn -0.1308 -0.3497 -0.9277
vn -0.1683 -0.1159 -0.9789
vn -0.1394 -0.2450 -0.9595
vn -0.1436 -0.1408 -0.9796
vn 0.1649 -0.5558 0.8148
vn 0.1077 -0.5764 -0.8100
vn 0.2782 -0.0043 -0.9605
vn 0.2598 0.8802 0.3971
vn 0.0286 0.9058 0.4227
vn 0.3174 -0.0003 0.9483
vn 0.2525 -0.0148 -0.9675
vn 0.1939 0.6183 -0.7617
vn -0.2314 -0.0241 -0.9726
vn -0.1611 -0.0747 -0.9841
vn -0.2212 0.0856 -0.9715
vn -0.2740 0.2079 -0.9390
vn -0.1610 -0.0745 -0.9841
vn -0.1587 0.0548 -0.9858
vn 0.0767 0.2122 0.9742
vn 0.0963 0.1954 0.9760
vn 0.0065 0.9462 0.3235
vn -0.0199 0.8753 0.4832
vn -0.0154 0.8837 0.4677
vn -0.0135 0.8864 0.4628
vn -0.0009 0.8965 0.4430
vn -0.2231 0.3260 -0.9187
vn -0.2217 0.4269 -0.8767
vn -0.2341 0.3406 -0.9106
vn -0.8522 -0.1212 0.5090
vn -0.8489 -0.0056 0.5285
vn -0.9424 0.2639 -0.2057
vn -0.9976 0.0683 0.0125
vn -0.9832 0.1666 0.0748
vn -0.9685 -0.1337 0.2103
vn -0.9529 -0.0574 0.2979
vn -0.9141 0.3697 -0.1664
vn -0.0179 -0.9951 0.0972
vn 0.0930 -0.3246 0.9413
vn 0.1819 -0.3904 0.9025
vn -0.2033 -0.7852 0.5849
vn -0.1035 -0.7604 0.6412
vn -0.1884 -0.9085 0.3730
vn -0.4382 -0.7660 0.4704
vn -0.5086 -0.8599 -0.0440
vn -0.5099 -0.8591 -0.0439
vn -0.5010 -0.8574 0.1177
vn -0.4630 -0.8784 0.1185
vn -0.3694 -0.9283 -0.0417
vn -0.3967 -0.9090 0.1275
vn -0.4790 -0.8776 -0.0192
vn -0.4046 -0.8342 -0.3746
vn -0.4110 -0.8780 0.2451
vn -0.3161 -0.9128 0.2587
vn -0.1834 -0.9163 0.3561
vn -0.2032 -0.9122 0.3559
vn -0.1731 -0.9257 0.3363
vn -0.2281 -0.9370 0.2645
vn -0.3592 0.8372 -0.4123
vn -0.0342 -0.9749 -0.2199
vn 0.6097 -0.7534 -0.2464
vn 0.4703 -0.8698 -0.1493
vn 0.9510 -0.2982 -0.0820
vn 0.9774 -0.0223 -0.2101
vn 0.9324 -0.2752 -0.2345
vn 0.0178 -0.9679 -0.2508
vn -0.0150 -0.9936 -0.1116
vn 0.0642 -0.9533 -0.2953
vn -0.1388 -0.9704 -0.1974
vn 0.0015 -0.9984 -0.0568
vn 0.0887 0.3722 0.9239
vn 0.0369 0.3901 0.9200
vn -0.4683 0.7941 -0.3875
vn -0.3098 0.8412 -0.4431
vn -0.4060 0.8102 -0.4227
vn 0.0625 0.8277 0.5576
vn 0.0326 0.8874 0.4598
vn 0.0188 0.6518 0.7582
vn -0.0898 0.8762 0.4736
vn 0.1451 0.7642 0.6284
vn 0.1428 0.4716 0.8702
vn -0.2648 0.9533 0.1451
vn -0.1059 -0.9824 -0.1541
vn -0.0610 -0.9649 -0.2556
vn -0.1234 -0.9920 0.0279
vn -0.0158 -0.7641 -0.6449
vn -0.0923 -0.9889 0.1167
vn -0.0886 -0.9400 0.3296
vn -0.0044 -0.0514 -0.9987
vn -0.0041 -0.0526 -0.9986
vn -0.1028 -0.0330 -0.9942
vn -0.0822 -0.0511 -0.9953
vn -0.3223 -0.4956 -0.8065
vn -0.0406 -0.4427 -0.8957
vn -0.0299 -0.2197 -0.9751
vn -0.0442 -0.4740 -0.8794
vn 0.0396 -0.4803 -0.8762
vn 0.0734 -0.2178 -0.9732
vn 0.3715 -0.4817 -0.7937
vn 0.1343 -0.2534 -0.9580
vn 0.1147 -0.3859 -0.9154
vn 0.1718 -0.4997 -0.8490
vn -0.0591 -0.7937 -0.6054
vn 0.0006 -0.6868 -0.7269
vn -0.0684 -0.7706 -0.6336
vn -0.1759 -0.5884 -0.7892
vn 0.8494 0.3198 -0.4199
vn 0.8252 0.5097 -0.2434
vn 0.9364 -0.2037 -0.2856
vn 0.6894 0.5931 -0.4159
vn 0.6798 0.6114 -0.4050
vn 0.7935 0.5438 -0.2731
vn 0.6623 0.7068 -0.2484
vn 0.8939 -0.2948 -0.3376
vn 0.9694 0.1443 0.1988
vn 0.9491 0.2883 0.1269
vn 0.6495 0.7467 0.1434
vn 0.7032 0.7042 0.0984
vn 0.8006 0.5000 0.3302
vn 0.9409 -0.0155 0.3384
vn 0.7255 0.5680 0.3887
vn 0.9732 0.2293 0.0178
vn 0.9188 0.3874 -0.0759
vn 0.7683 0.6310 -0.1070
vn 0.7951 0.5947 -0.1191
vn 0.9987 0.0282 0.0428
vn 0.9789 -0.1115 0.1711
vn 0.9195 0.3864 -0.0719
vn 0.9438 0.3059 -0.1248
vn 0.9925 -0.0104 -0.1215
vn 0.9954 -0.0638 -0.0722
vn 0.7586 0.6477 -0.0701
vn 0.8402 0.2055 -0.5018
vn 0.9033 0.0880 -0.4199
vn 0.5816 0.6345 -0.5090
vn 0.8634 0.5038 0.0263
vn 0.7554 0.2712 -0.5964
vn 0.8788 -0.0203 -0.4768
vn 0.8758 -0.0092 -0.4826
vn 0.4664 0.5380 -0.7021
vn 0.3315 -0.0205 -0.9432
vn 0.4003 -0.0533 -0.9148
vn 0.7791 0.0671 -0.6233
vn 0.0091 -0.0270 0.9996
vn 0.0360 -0.0548 0.9979
vn 0.0308 -0.9822 -0.1851
vn 0.0325 0.4854 0.8737
vn -0.0024 0.4710 0.8821
vn 0.9857 -0.1412 -0.0922
vn 0.9872 -0.1103 -0.1154
vn 0.2642 -0.8096 -0.5242
vn 0.8486 -0.5271 -0.0445
vn 0.5169 -0.8212 -0.2419
vn 0.2411 -0.5766 -0.7806
vn -0.8392 0.0234 -0.5433
vn 0.3534 0.1345 0.9258
vn 0.3484 0.1726 0.9213
vn 0.6190 0.7828 0.0644
vn 0.6362 0.7708 0.0319
vn 0.5333 0.8448 -0.0449
vn -0.4767 0.7908 0.3839
vn -0.0700 0.9975 0.0021
vn -0.3626 -0.4246 0.8296
vn -0.0121 0.8548 -0.5188
vn -0.4183 0.8729 -0.2509
vn -0.0076 0.9991 -0.0421
vn -0.2551 0.1941 -0.9472
vn -0.2874 0.3647 -0.8857
vn -0.1710 0.0863 -0.9815
vn 0.3052 0.0467 0.9511
vn -0.5593 0.4830 -0.6737
vn -0.2535 0.0833 -0.9637
vn 0.7785 -0.5382 0.3228
vn -0.1467 0.9269 -0.3455
vn -0.3564 -0.6617 0.6597
vn -0.1617 0.9607 0.2254
vn 0.8376 0.3452 0.4235
vn 0.0469 -0.2902 -0.9558
vn 0.8606 -0.3827 -0.3359
vn 0.9154 -0.3296 -0.2311
vn 0.8238 -0.5382 0.1783
vn 0.8709 -0.4692 0.1460
vn 0.9359 -0.3020 0.1812
vn 0.8964 -0.4412 0.0417
vn 0.9546 -0.2884 -0.0751
vn 0.9069 -0.4211 0.0148
vn 0.9552 -0.2866 -0.0733
vn 0.8482 -0.1849 -0.4964
vn 0.8829 -0.2320 -0.4083
vn 0.6950 -0.3869 -0.6060
vn 0.6648 -0.6556 -0.3581
vn 0.6176 -0.7498 -0.2372
vn 0.6358 -0.7612 0.1280
vn 0.6965 -0.7128 0.0824
vn 0.6250 -0.6001 0.4993
vn 0.7283 -0.6844 0.0328
vn 0.7784 -0.6278 0.0023
vn 0.7321 -0.6810 0.0185
vn 0.8928 -0.4449 -0.0701
vn 0.7582 -0.6369 0.1397
vn 0.6308 -0.5207 -0.5753
vn 0.7685 -0.2102 -0.6043
vn -0.2194 0.6873 -0.6924
vn 0.0481 -0.7367 0.6745
vn 0.0456 -0.7418 0.6691
vn -0.0855 -0.7437 0.6630
vn -0.0425 -0.8604 0.5078
vn -0.0836 -0.7467 0.6599
vn 0.0581 -0.7794 0.6238
vn 0.0617 -0.7878 -0.6128
vn 0.0720 -0.9682 -0.2396
vn 0.0733 -0.9548 -0.2882
vn -0.0289 -0.9234 -0.3827
vn 0.0158 -0.9275 -0.3734
vn -0.0003 -0.9323 -0.3617
vn 0.1193 -0.9428 -0.3113
vn -0.0581 -0.8317 -0.5522
vn 0.0113 -0.7778 -0.6285
vn -0.0161 -0.8271 -0.5619
vn 0.0224 -0.7919 -0.6103
vn 0.1071 -0.1944 0.9751
vn 0.1090 -0.1949 0.9747
vn 0.1276 -0.1009 -0.9867
vn 0.1522 -0.1055 -0.9827
vn -0.0019 -0.5060 0.8625
vn 0.0740 -0.5602 0.8250
vn -0.1652 0.9560 -0.2423
vn -0.2947 0.9024 -0.3143
vn -0.0306 -0.8248 0.5646
vn -0.1164 0.8967 0.4270
vn 0.0096 0.9583 0.2854
vn -0.1200 0.9866 0.1103
vn -0.1583 0.9536 -0.2562
vn -0.2512 -0.9665 0.0526
vn -0.5425 -0.8384 0.0524
vn -0.1085 -0.9855 0.1301
vn 0.0047 0.5294 -0.8483
vn 0.0042 0.5286 -0.8489
vn -0.0036 0.5438 -0.8392
vn -0.0126 0.8856 -0.4642
vn 0.0322 0.5460 -0.8372
vn 0.1776 0.8127 -0.5549
vn 0.0770 0.8250 -0.5599
vn 0.0765 0.4756 -0.8763
vn -0.0643 0.3863 -0.9201
vn -0.0065 0.2830 -0.9591
vn 0.0013 0.3890 -0.9212
vn -0.0038 0.4227 -0.9062
vn -0.0040 0.3324 -0.9431
vn -0.0035 0.1565 -0.9877
vn 0.0283 0.8389 0.5436
vn -0.0067 0.8284 0.5600
vn 0.0428 0.4612 0.8863
vn 0.0316 0.4690 0.8826
vn 0.0325 0.7552 0.6546
vn -0.0688 -0.1631 0.9842
vn 0.0321 -0.2324 0.9721
vn 0.1864 -0.4818 0.8562
vn -0.0209 0.0342 -0.9992
vn -0.0551 0.0541 -0.9970
vn -0.0117 0.0788 -0.9968
vn -0.0157 0.0355 -0.9992
vn -0.0158 0.0483 -0.9987
vn -0.0290 0.0572 -0.9979
vn 0.0151 0.0033 -0.9999
vn 0.0897 0.0696 -0.9935
vn -0.0092 0.0706 -0.9975
vn -0.0295 0.0671 -0.9973
vn -0.0376 0.0663 -0.9971
vn -0.0239 0.0777 -0.9967
vn 0.0923 0.1646 -0.9820
vn 0.2549 0.1728 -0.9514
vn 0.2220 0.2091 -0.9524
vn 0.1936 0.0588 -0.9793
vn 0.0250 0.1658 -0.9858
vn 0.2149 0.1722 -0.9613
vn 0.2043 0.1831 -0.9616
vn 0.1148 0.0409 -0.9925
vn 0.0411 0.0724 -0.9965
vn -0.0436 0.0330 -0.9985
vn -0.1198 0.0979 -0.9880
vn 0.1238 -0.7898 0.6007
vn 0.0636 -0.7542 0.6536
vn 0.1556 -0.7638 0.6264
vn 0.0384 -0.3360 0.9411
vn 0.1003 -0.4525 0.8861
vn 0.0067 -0.1791 0.9838
vn -0.0934 0.0604 0.9938
vn -0.1356 0.1415 0.9806
vn -0.0878 0.0946 0.9916
vn -0.1389 -0.0279 0.9899
vn -0.1211 -0.0435 -0.9917
vn -0.1227 -0.0437 -0.9915
vn -0.0407 -0.9803 -0.1934
vn -0.1259 -0.0293 0.9916
vn -0.1062 0.1664 -0.9803
vn -0.0004 -0.9022 -0.4313
vn -0.0179 -0.8781 -0.4782
vn 0.0416 -0.9289 -0.3679
vn -0.2193 -0.7973 -0.5623
vn 0.1810 -0.7028 -0.6880
vn 0.1124 -0.8024 -0.5861
vn 0.0632 -0.9820 -0.1779
vn 0.1804 -0.7104 -0.6803
vn 0.2001 -0.6510 -0.7322
vn -0.0159 -0.4582 -0.8887
vn 0.2340 -0.6489 -0.7240
vn 0.1786 -0.8344 -0.5214
vn 0.1809 -0.5120 -0.8397
vn -0.0082 -0.4765 -0.8791
vn 0.2923 -0.7243 -0.6245
vn 0.2136 -0.8160 -0.5372
vn 0.1749 -0.8960 -0.4082
vn 0.0411 -0.3783 -0.9248
vn 0.3401 -0.5159 -0.7863
vn 0.9230 -0.2948 -0.2472
vn 0.3518 -0.7495 -0.5608
vn 0.3027 -0.6343 -0.7113
vn 0.1960 -0.7307 -0.6539
vn 0.0573 -0.5837 -0.8099
vn 0.4330 -0.7290 -0.5301
vn 0.5436 -0.6176 -0.5684
vn 0.1469 -0.4666 -0.8722
vn 0.4745 -0.6220 -0.6229
vn 0.5446 -0.6171 -0.5680
vn 0.4480 -0.7606 -0.4699
vn 0.5047 -0.6182 -0.6025
vn 0.5150 -0.7016 -0.4924
vn 0.4645 -0.7675 -0.4418
vn 0.4804 -0.5926 -0.6465
vn 0.5267 -0.6138 -0.5881
vn 0.6142 -0.6042 -0.5076
vn 0.6750 -0.5673 -0.4717
vn 0.5356 -0.7102 -0.4570
vn 0.6298 -0.6000 -0.4933
vn 0.5117 -0.5746 -0.6388
vn 0.5718 -0.6041 -0.5551
vn 0.4999 -0.5599 -0.6607
vn 0.6287 -0.6006 -0.4940
vn 0.5254 -0.7717 -0.3582
vn 0.5888 -0.5941 -0.5480
vn 0.5320 -0.7772 -0.3362
vn 0.6528 -0.6685 -0.3564
vn 0.5265 -0.7862 -0.3237
vn 0.5781 -0.5810 -0.5729
vn 0.6200 -0.6008 -0.5046
vn 0.7682 -0.5818 -0.2671
vn 0.4983 -0.8276 -0.2583
vn 0.6068 -0.7197 -0.3373
vn 0.5320 -0.7837 -0.3206
vn 0.6740 -0.6648 -0.3221
vn 0.5946 -0.7689 -0.2351
vn 0.4998 -0.8391 -0.2149
vn 0.7840 -0.5388 -0.3084
vn 0.6488 -0.4677 -0.6003
vn 0.8778 -0.4677 0.1034
vn 0.5937 -0.7688 -0.2376
vn 0.3645 -0.9301 -0.0445
vn 0.3639 -0.9304 -0.0441
vn 0.3682 -0.9174 -0.1508
vn 0.6134 -0.7138 -0.3380
vn 0.7200 -0.6870 0.0980
vn 0.2703 -0.9560 -0.1142
vn 0.2826 -0.9590 0.0214
vn 0.3671 -0.9274 -0.0722
vn 0.4916 -0.8663 0.0884
vn 0.3095 -0.9508 0.0105
vn 0.3633 -0.9315 0.0188
vn 0.3109 -0.9504 0.0103
vn 0.1408 -0.9887 -0.0520
vn 0.3063 -0.9097 0.2804
vn 0.4846 -0.8674 0.1130
vn 0.5873 -0.7957 0.1477
vn 0.3683 -0.9105 0.1880
vn 0.5468 -0.7860 0.2886
vn 0.8996 -0.3476 -0.2642
vn 0.4622 -0.8520 0.2458
vn 0.6640 -0.6876 0.2938
vn 0.7635 -0.6442 -0.0465
vn 0.5374 -0.8011 0.2635
vn 0.5877 -0.7684 0.2535
vn 0.4956 -0.8133 0.3050
vn 0.6324 -0.5760 0.5179
vn 0.6199 -0.5537 0.5560
vn 0.6952 -0.6128 0.3756
vn 0.8829 -0.4655 0.0612
vn 0.5534 -0.7348 0.3923
vn 0.5546 -0.7787 0.2933
vn 0.5944 -0.7388 0.3175
vn 0.6008 -0.6908 0.4023
vn 0.5089 -0.7940 0.3326
vn 0.3879 -0.8191 0.4227
vn 0.3827 -0.8768 0.2912
vn 0.4411 -0.7837 0.4373
vn 0.2953 -0.8637 0.4084
vn 0.4471 -0.7678 0.4589
vn 0.4402 -0.7643 0.4713
vn 0.4537 -0.8909 0.0212
vn 0.4409 -0.8973 0.0234
vn 0.4213 -0.8652 -0.2719
vn 0.3809 -0.8860 -0.2645
vn 0.3836 -0.8947 -0.2288
vn 0.4208 -0.8621 -0.2823
vn 0.5645 -0.7602 -0.3216
vn 0.5596 -0.6943 -0.4525
vn 0.6081 -0.6750 -0.4179
vn 0.6838 -0.5895 -0.4299
vn 0.6802 -0.5879 -0.4379
vn 0.5053 -0.7709 -0.3877
vn 0.6081 -0.6903 -0.3921
vn 0.5047 -0.7475 -0.4320
vn 0.6071 -0.5560 -0.5677
vn 0.5781 -0.6465 -0.4979
vn 0.4292 -0.7709 -0.4706
vn 0.5182 -0.6356 -0.5723
vn 0.5224 -0.6304 -0.5743
vn 0.4930 -0.7757 -0.3941
vn 0.2507 -0.7310 -0.6347
vn 0.3447 -0.6140 -0.7101
vn 0.2111 -0.7973 -0.5654
vn 0.4920 -0.5003 -0.7125
vn 0.2510 -0.7169 -0.6505
vn 0.2841 -0.6625 -0.6931
vn 0.3447 -0.6151 -0.7091
vn 0.2119 -0.7727 -0.5984
vn 0.2672 -0.7066 -0.6552
vn 0.1231 -0.8029 -0.5832
vn 0.0227 -0.8822 -0.4703
vn 0.0994 -0.6528 -0.7510
vn 0.1059 -0.6507 -0.7519
vn 0.0456 -0.7441 -0.6665
vn 0.0282 -0.7873 -0.6159
vn 0.0233 -0.8040 -0.5942
vn 0.0236 -0.8023 -0.5964
vn -0.0850 -0.0880 0.9925
vn -0.0820 -0.0889 0.9927
vn -0.0731 0.2280 0.9709
vn -0.0710 0.2207 0.9727
vn -0.3109 0.9394 -0.1442
vn -0.1179 0.9353 -0.3337
vn -0.3037 0.9430 -0.1361
vn -0.3106 0.9088 0.2785
vn 0.2001 0.0885 0.9758
vn 0.1864 0.0941 -0.9780
vn -0.0993 0.1287 -0.9867
vn -0.1052 -0.0776 -0.9914
vn 0.1983 0.0896 0.9760
vn 0.1962 0.0882 -0.9766
vn -0.0683 0.0663 0.9955
vn -0.0750 0.0971 0.9924
vn -0.0376 0.2688 0.9625
vn -0.0348 0.0510 0.9981
vn -0.1128 -0.0349 -0.9930
vn -0.1129 -0.0342 -0.9930
vn 0.2037 0.0100 0.9790
vn 0.2001 0.0133 0.9797
vn 0.1975 -0.0064 -0.9803
vn 0.1958 -0.0048 -0.9806
vn -0.0876 -0.0714 0.9936
vn -0.0900 -0.0570 0.9943
vn -0.1512 -0.0990 -0.9835
vn 0.1968 0.0679 -0.9781
vn -0.1416 -0.2742 -0.9512
vn 0.2022 0.0804 0.9760
vn -0.1555 -0.2854 0.9457
vn -0.1438 -0.4225 -0.8949
vn -0.1012 -0.1085 -0.9889
vn -0.0931 -0.4002 -0.9117
vn -0.0820 -0.3596 -0.9295
vn -0.0874 -0.1064 -0.9905
vn 0.1239 0.4312 0.8937
vn 0.1114 0.4359 0.8931
vn 0.1069 0.3847 -0.9168
vn 0.1319 0.3953 -0.9090
vn 0.0909 0.7445 -0.6614
vn 0.0933 0.1173 0.9887
vn 0.0517 0.1878 0.9808
vn -0.0488 -0.3394 -0.9394
vn -0.0516 -0.2448 -0.9682
vn -0.0776 -0.1207 -0.9897
vn -0.0852 -0.1211 -0.9890
vn -0.0562 -0.2485 -0.9670
vn -0.0581 -0.1404 -0.9884
vn 0.1640 -0.0121 0.9864
vn 0.1410 -0.0139 -0.9899
vn 0.1436 -0.0222 0.9894
vn 0.1262 0.5125 0.8494
vn 0.1263 0.6714 -0.7302
vn 0.1603 -0.0068 -0.9870
vn -0.0928 0.0655 -0.9935
vn -0.0862 0.0587 -0.9945
vn -0.0519 0.1730 0.9835
vn 0.0301 0.0984 0.9947
vn -0.1134 0.9407 0.3197
vn -0.1188 0.9333 0.3388
vn 0.0275 0.8725 0.4878
vn -0.0237 0.8176 0.5752
vn 0.0355 0.7914 0.6102
vn -0.0911 0.1650 -0.9821
vn 0.0179 -0.9997 -0.0173
vn -0.0329 -0.9990 0.0318
vn -0.0467 -0.9595 -0.2778
vn -0.0560 -0.9384 -0.3409
vn 0.0177 -0.9794 0.2010
vn 0.2636 -0.9643 0.0237
vn 0.4548 -0.8903 0.0215
vn 0.0388 -0.9236 0.3814
vn 0.3673 -0.8254 0.4287
vn 0.2351 -0.9240 -0.3017
vn 0.3662 -0.9297 0.0391
vn 0.4139 -0.9061 -0.0879
vn 0.2422 -0.9248 -0.2934
vn 0.2427 -0.9251 -0.2921
vn 0.5827 -0.8117 0.0406
vn -0.2457 0.8557 -0.4554
vn -0.0302 -0.8550 0.5177
vn -0.0827 -0.8469 0.5253
vn -0.2085 -0.9670 0.1467
vn 0.0423 0.4612 0.8863
vn 0.0419 0.4619 0.8860
vn 0.0741 0.6529 0.7538
vn 0.0892 0.7087 0.6998
vn 0.1084 0.7390 0.6650
vn 0.1083 0.7392 0.6647
vn -0.1370 0.8741 -0.4660
vn 0.0610 0.9980 -0.0174
vn -0.0079 0.9986 0.0514
vn -0.0091 0.9991 0.0412
vn 0.2945 0.9157 0.2733
vn 0.0241 0.9697 0.2430
vn 0.0590 0.9981 -0.0177
vn 0.0646 0.9797 0.1900
vn 0.0976 0.9009 0.4229
vn -0.1074 -0.9942 0.0104
vn 0.0251 -0.9533 0.3010
vn 0.0294 -0.8302 0.5567
vn -0.0199 -0.9434 -0.3311
vn -0.0203 -0.9973 -0.0712
vn -0.0991 -0.9929 -0.0655
vn -0.0552 -0.9971 -0.0526
vn -0.0460 -0.9950 0.0883
vn -0.0532 -0.9934 0.1021
vn -0.0433 -0.9428 0.3306
vn 0.0739 -0.9769 0.2006
vn 0.1936 -0.9614 0.1953
vn -0.0114 -0.9264 0.3764
vn 0.4634 0.7901 -0.4012
vn 0.4502 0.7948 -0.4069
vn 0.0988 0.9133 -0.3951
vn 0.1648 0.8678 -0.4688
vn 0.2214 0.9513 -0.2146
vn 0.4470 0.8885 0.1042
vn 0.5607 0.8107 0.1684
vn 0.1844 0.9681 0.1698
vn 0.2343 0.9616 0.1430
vn 0.2930 0.8727 0.3905
vn 0.4288 0.8885 -0.1635
vn 0.5232 0.8422 -0.1302
vn 0.1864 0.9722 -0.1420
vn 0.2066 0.9664 -0.1527
vn 0.6157 0.7842 0.0768
vn 0.1772 0.9814 0.0739
vn 0.6409 0.7667 0.0388
vn 0.8197 0.5416 0.1864
vn 0.1555 0.9697 0.1884
vn 0.2220 0.9655 0.1358
vn 0.8443 0.0910 -0.5281
vn -0.0208 0.0205 -0.9996
vn 0.1030 -0.0155 -0.9946
vn 0.1508 -0.0588 -0.9868
vn -0.1712 0.0303 -0.9848
vn 0.2581 0.8649 0.4305
vn -0.1908 0.3453 -0.9189
vn 0.0317 -0.0634 -0.9975
vn -0.1132 -0.0216 -0.9933
vn -0.3910 0.0256 -0.9200
vn -0.7169 0.3628 -0.5954
vn -0.3900 0.0251 -0.9205
vn -0.8393 0.1230 -0.5296
vn -0.7403 0.3002 -0.6015
vn -0.8764 0.0158 -0.4813
vn -0.8998 0.1009 -0.4246
vn -0.8446 0.2151 -0.4902
vn -0.4355 -0.5520 -0.7111
vn -0.8526 -0.1857 -0.4884
vn -0.8842 -0.0160 -0.4668
vn -0.7682 -0.0999 -0.6324
vn -0.7131 -0.3276 -0.6198
vn -0.2579 -0.2099 0.9431
vn 0.1742 -0.4417 -0.8801
vn 0.3767 -0.8573 -0.3510
vn 0.5465 -0.7925 -0.2707
vn 0.1950 -0.9441 -0.2656
vn 0.2118 -0.9361 -0.2809
vn 0.3989 -0.9095 0.1172
vn 0.1549 -0.9814 0.1136
vn 0.2010 -0.9765 0.0781
vn 0.5354 -0.8407 0.0814
vn 0.2862 -0.8601 0.4222
vn 0.6114 -0.7907 -0.0315
vn 0.4959 -0.8684 -0.0034
vn 0.2219 -0.9741 -0.0428
vn 0.3894 -0.7898 -0.4739
vn 0.2768 -0.9580 -0.0748
vn 0.2199 -0.9659 0.1366
vn 0.5744 -0.7986 0.1799
vn 0.2332 -0.9640 0.1278
vn -0.0382 0.8308 -0.5553
vn 0.0232 0.7268 -0.6865
vn 0.0204 0.7545 -0.6560
vn 0.0236 0.8996 -0.4361
vn 0.0570 0.8613 -0.5048
vn 0.1361 0.7434 -0.6548
vn 0.2375 0.7160 -0.6565
vn 0.2474 0.7142 -0.6548
vn 0.2181 0.6272 -0.7477
vn -0.8483 -0.1373 0.5114
vn -0.7654 -0.0822 0.6383
vn -0.1142 -0.3282 0.9377
vn -0.1252 -0.4771 0.8699
vn 0.0293 -0.1960 0.9802
vn 0.0633 -0.2064 0.9764
vn 0.0438 -0.1024 -0.9938
vn 0.0390 -0.1015 -0.9941
vn -0.0107 -0.5581 0.8297
vn 0.0194 -0.5899 0.8072
vn -0.0071 0.9447 -0.3278
vn -0.0539 0.9502 -0.3069
vn -0.2053 -0.9111 0.3575
vn -0.0154 -0.9683 0.2493
vn -0.1347 0.9722 0.1915
vn -0.0531 0.9913 0.1204
vn -0.0540 0.9669 -0.2495
vn -0.1397 0.9777 -0.1567
vn -0.0059 0.9995 -0.0318
vn -0.0035 0.3258 -0.9454
vn -0.0876 0.3200 -0.9434
vn -0.0203 0.2116 -0.9771
vn -0.0227 0.1383 -0.9901
vn -0.0163 0.1341 -0.9908
vn -0.0119 0.1381 -0.9903
vn -0.0012 0.8285 0.5600
vn 0.0100 0.4699 0.8826
vn -0.0091 0.8258 0.5638
vn -0.0045 0.4812 0.8766
vn 0.0004 0.7688 0.6395
vn 0.0008 0.7699 0.6381
vn 0.0017 -0.2317 0.9728
vn 0.0165 -0.2410 0.9704
vn 0.0215 -0.7592 0.6505
vn 0.0132 -0.7729 0.6344
vn 0.0226 -0.7819 0.6230
vn 0.0022 -0.4535 0.8913
vn -0.0269 -0.2162 0.9760
vn -0.0026 -0.4784 0.8782
vn -0.0048 -0.2640 0.9645
vn -0.0388 -0.0268 0.9989
vn -0.0449 0.1216 0.9916
vn -0.0454 -0.0278 0.9986
vn -0.0455 -0.0441 -0.9980
vn -0.0433 -0.0443 -0.9981
vn -0.0270 -0.0259 0.9993
vn 0.0077 -0.0799 -0.9968
vn -0.0477 -0.0978 -0.9941
vn -0.0475 0.0882 -0.9950
vn -0.0328 -0.0892 0.9955
vn -0.0316 0.2088 0.9774
vn -0.0356 0.9958 0.0848
vn 0.0555 0.9984 0.0053
vn 0.1329 0.9692 0.2075
vn 0.0192 0.9878 -0.1543
vn -0.2090 0.8836 -0.4191
vn -0.1350 0.8127 -0.5668
vn -0.8126 0.5711 -0.1164
vn -0.2167 0.6027 -0.7680
vn -0.7250 0.6353 -0.2659
vn -0.2734 0.6263 -0.7300
vn -0.7484 0.6121 0.2555
vn -0.7492 0.6123 0.2525
vn -0.1983 0.8805 0.4305
vn -0.2101 0.6408 0.7384
vn -0.1879 0.6280 0.7552
vn 0.0091 0.9957 -0.0921
vn 0.0113 0.9974 0.0719
vn 0.0116 0.9959 -0.0895
vn 0.0228 0.9334 -0.3582
vn 0.2421 0.3929 0.8872
vn 0.0179 0.0958 0.9952
vn 0.2542 0.3804 -0.8892
vn 0.0091 0.0851 -0.9963
vn -0.0206 0.0754 0.9969
vn 0.1277 0.0077 0.9918
vn 0.0645 0.0134 0.9978
vn -0.0032 0.0878 0.9961
vn 0.0612 0.0002 -0.9981
vn -0.0044 0.0795 -0.9968
vn 0.1130 -0.0079 -0.9936
vn 0.0600 -0.0412 -0.9974
vn -0.0193 -0.0419 0.9989
vn -0.0203 -0.0340 0.9992
vn 0.0064 -0.1090 -0.9940
vn 0.0037 0.0376 -0.9993
vn -0.0050 -0.1216 -0.9926
vn -0.0049 -0.2850 -0.9585
vn 0.0728 -0.0248 0.9970
vn 0.0646 0.0004 0.9979
vn 0.0707 -0.0045 -0.9975
vn -0.1449 -0.1299 0.9809
vn -0.0102 -0.1368 0.9905
vn -0.0185 -0.1268 0.9918
vn -0.0183 -0.2663 0.9637
vn -0.0097 -0.2781 0.9605
vn 0.0708 0.0811 0.9942
vn -0.0099 -0.3973 -0.9176
vn -0.0089 -0.1801 -0.9836
vn -0.0317 -0.3553 0.9342
vn -0.0187 -0.3675 0.9299
vn -0.0721 -0.1064 -0.9917
vn -0.0262 -0.3565 -0.9339
vn -0.0268 -0.0987 -0.9948
vn 0.0365 0.4346 0.8999
vn 0.0373 0.3949 -0.9180
vn -0.0304 0.0866 0.9958
vn 0.0484 0.4404 0.8965
vn 0.0762 0.4128 -0.9076
vn 0.0923 0.7466 -0.6588
vn 0.0592 0.8224 -0.5658
vn 0.0338 0.7221 0.6910
vn -0.0042 0.0968 0.9953
vn 0.0375 -0.3561 -0.9337
vn 0.0385 -0.3553 -0.9339
vn 0.0930 -0.3893 -0.9164
vn 0.0432 -0.3988 -0.9160
vn 0.1079 -0.2427 -0.9641
vn 0.1010 -0.3487 -0.9318
vn 0.0411 -0.2495 -0.9675
vn 0.0512 -0.2418 -0.9690
vn -0.0177 -0.1098 -0.9938
vn 0.0499 -0.0233 0.9985
vn 0.0347 -0.0164 0.9993
vn 0.0618 -0.0064 -0.9981
vn 0.0927 0.0066 -0.9957
vn -0.0159 0.0324 -0.9993
vn -0.0062 0.0930 0.9956
vn 0.0082 0.0676 0.9977
vn 0.0018 0.3254 -0.9456
vn -0.0571 0.4426 -0.8949
vn 0.0020 0.2675 -0.9636
vn -0.0120 -0.8513 0.5246
vn -0.0204 -0.8501 0.5263
vn -0.0572 0.8741 -0.4823
vn -0.0222 -0.9941 0.1066
vn 0.0467 0.9988 -0.0176
vn 0.0467 0.9979 0.0451
vn -0.0473 0.9825 0.1804
vn 0.1246 0.9922 0.0024
vn 0.1592 0.9872 0.0129
vn 0.2875 0.9539 0.0865
vn 0.3780 0.9092 0.1743
vn 0.1444 0.9855 -0.0895
vn 0.1600 0.9851 -0.0627
vn 0.1662 0.9859 0.0186
vn 0.1068 0.9852 0.1338
vn -0.0112 0.9892 0.1464
vn 0.0355 0.9020 0.4302
vn 0.0742 0.6680 0.7405
vn -0.2273 0.9163 0.3297
vn -0.0207 0.9968 0.0774
vn 0.0484 -0.9680 -0.2462
vn 0.0340 -0.9776 -0.2076
vn 0.0484 -0.9987 0.0128
vn 0.0193 -0.9991 0.0377
vn 0.0190 -0.9501 0.3114
vn -0.0061 -0.8113 -0.5846
vn -0.0044 -0.9353 -0.3537
vn 0.0339 -0.9976 -0.0605
vn 0.0374 -0.9958 0.0834
vn -0.1944 0.8595 -0.4727
vn -0.2141 0.8644 -0.4550
vn -0.1736 0.9601 -0.2191
vn -0.1977 0.9644 -0.1755
vn -0.2354 0.9595 0.1550
vn -0.1693 0.9789 0.1145
vn -0.2096 0.9662 -0.1501
vn -0.2126 0.9658 -0.1486
vn -0.1708 0.9739 0.1493
vn -0.1748 0.9729 0.1516
vn 0.0164 -0.9999 -0.0009
vn 0.1774 0.8882 0.4237
vn 0.0660 0.9833 0.1698
vn 0.2846 -0.1710 0.9433
vn -0.2103 -0.9386 -0.2735
vn -0.1011 -0.9312 -0.3502
vn -0.1011 -0.9919 0.0767
vn -0.2174 -0.9605 0.1736
vn -0.0854 -0.8958 0.4361
vn -0.1873 -0.9184 0.3486
vn -0.2039 -0.8870 -0.4143
vn -0.2203 -0.9724 -0.0764
vn -0.0597 -0.9776 -0.2020
vn -0.2492 -0.9574 0.1461
vn -0.2157 -0.9692 0.1190
vn 0.0238 0.3076 -0.9512
vn 0.6117 0.2170 -0.7608
vn -0.0121 -0.2207 0.9753
vn 0.0076 -0.6522 0.7580
vn 0.0965 -0.6904 0.7170
vn 0.1258 -0.1086 0.9861
vn 0.1260 -0.2212 0.9671
vn 0.0721 -0.1140 0.9909
vn 0.1032 -0.0197 0.9945
vn -0.0190 -0.7866 0.6171
vn 0.0157 0.3185 -0.9478
vn 0.0298 0.3181 -0.9476
vn -0.0395 -0.2064 0.9777
vn -0.0429 -0.2054 0.9777
vn -0.0372 -0.1017 -0.9941
vn -0.0196 -0.5756 0.8175
vn -0.0696 -0.1080 -0.9917
vn 0.0001 0.9823 -0.1875
vn 0.2569 0.9043 -0.3409
vn -0.0028 0.9898 0.1425
vn 0.0094 0.9993 -0.0350
vn 0.1047 -0.9503 0.2933
vn 0.1110 0.9834 0.1432
vn -0.0141 0.8271 0.5619
vn -0.0556 0.4501 0.8912
vn -0.0143 0.7529 0.6580
vn -0.0209 -0.2412 0.9702
vn -0.0537 -0.0978 0.9938
vn 0.1362 -0.3318 0.9335
vn -0.0299 -0.7589 0.6505
vn -0.0265 -0.7610 0.6482
vn -0.0300 -0.7606 0.6485
vn -0.0522 -0.4526 0.8902
vn -0.0319 -0.1443 0.9890
vn 0.0200 -0.2446 0.9694
vn -0.0593 -0.4178 0.9066
vn -0.0702 -0.4217 0.9040
vn -0.0105 -0.1395 0.9902
vn 0.0493 0.0366 0.9981
vn 0.0490 0.1065 0.9931
vn 0.0306 0.1238 0.9918
vn 0.0414 -0.0422 -0.9983
vn 0.0500 -0.0236 0.9985
vn 0.0626 -0.0444 -0.9970
vn 0.0719 -0.0258 0.9971
vn 0.0348 -0.0979 -0.9946
vn 0.0013 0.1471 -0.9891
vn 0.0244 -0.1010 -0.9946
vn 0.0220 0.0885 -0.9958
vn 0.0191 -0.0892 0.9958
vn -0.0073 -0.0806 0.9967
vn -0.0294 0.2134 0.9765
vn 0.0165 0.0872 0.9961
vn -0.0674 0.9977 -0.0012
vn -0.1020 0.9945 0.0230
vn -0.2265 0.3535 0.9076
vn 0.1027 0.9475 -0.3028
vn 0.2583 0.8038 -0.5358
vn 0.4503 0.7048 -0.5481
vn 0.2701 0.5902 -0.7607
vn 0.7333 0.6063 -0.3078
vn 0.7695 0.5859 -0.2541
vn 0.2922 0.9215 -0.2557
vn 0.3148 0.5763 -0.7542
vn -0.0281 0.8954 0.4443
vn 0.0817 0.9569 0.2787
vn 0.2170 0.9555 0.1999
vn 0.1340 0.6584 0.7406
vn 0.1736 0.9397 0.2946
vn 0.2128 0.6406 0.7378
vn 0.0103 0.9973 0.0733
vn 0.0408 0.9952 -0.0889
vn 0.0427 0.9964 0.0732
vn -0.0450 0.9898 -0.1348
vn -0.1405 0.9242 -0.3552
vn -0.0338 0.8850 -0.4644
vn -0.2735 0.6252 -0.7310
vn -0.2632 0.3941 -0.8806
vn -0.0118 0.0795 0.9968
vn -0.9394 0.0372 -0.3408
vn -0.9394 0.0375 -0.3408
vn -0.9512 0.0600 0.3028
vn -0.9485 0.0601 0.3110
vn -0.9484 0.0599 0.3113
vn -0.3183 0.0246 -0.9477
vn -0.3183 0.0250 -0.9477
vn -0.8508 0.0385 -0.5240
vn -0.8511 0.0387 -0.5236
vn -0.8509 0.0389 -0.5239
vn -0.2185 0.0272 -0.9755
vn -0.2184 0.0268 -0.9755
vn 0.3304 0.0275 -0.9434
vn -0.7814 0.1609 0.6029
vn -0.0678 0.0645 0.9956
vn -0.1441 0.0702 0.9871
vn 0.1032 0.2769 0.9553
vn 0.7593 0.0960 0.6437
vn 0.0103 0.0634 -0.9979
vn -0.0067 0.2572 -0.9663
vn 0.0194 0.0736 -0.9971
vn -0.0062 0.1262 -0.9920
vn 0.0010 0.2134 -0.9770
vn -0.3708 0.9051 0.2081
vn -0.3709 0.9050 0.2084
vn -0.3705 0.9052 0.2080
vn 0.1298 0.9330 0.3356
vn 0.1301 0.9330 0.3356
vn 0.1163 0.9264 0.3583
vn 0.1165 0.9262 0.3584
vn 0.2278 0.9469 0.2268
vn 0.2280 0.9469 0.2267
vn 0.3295 0.0275 -0.9438
vn 0.3293 0.0273 -0.9438
vn 0.0902 0.0597 0.9941
vn 0.7733 -0.0175 -0.6338
vn 0.7714 -0.0129 -0.6362
vn -0.4985 -0.8668 0.0086
vn -0.5026 -0.8645 0.0114
vn -0.5027 -0.8644 0.0112
vn 0.0754 0.0677 0.9948
vn 0.0730 0.0726 0.9947
vn -0.0294 0.2119 0.9768
vn 0.0215 -0.0715 -0.9972
vn -0.0458 0.0875 0.9951
vn -0.0031 0.0764 0.9971
vn -0.0443 0.0796 -0.9958
vn 0.0079 -0.2700 -0.9628
vn -0.0638 0.0104 0.9979
vn -0.0472 -0.0560 0.9973
vn -0.0495 -0.0115 -0.9987
vn 0.8358 0.0308 -0.5481
vn 0.8360 0.0306 -0.5479
vn 0.8333 0.0280 -0.5521
vn 0.9156 0.0417 -0.4000
vn 0.9156 0.0414 -0.4000
vn 0.9581 0.0633 0.2793
vn 0.9584 0.0578 0.2796
vn -0.0587 -0.0365 -0.9976
vn 0.0091 -0.4123 -0.9110
vn 0.0621 -0.0986 -0.9932
vn -0.0251 0.4404 0.8975
vn 0.0388 -0.1021 -0.9940
vn -0.0582 0.4248 0.9034
vn -0.0720 0.4127 -0.9080
vn -0.0296 0.3932 -0.9190
vn -0.0486 0.6981 0.7144
vn -0.0408 0.7190 0.6938
vn -0.0530 0.8418 -0.5372
vn -0.0207 0.1029 0.9945
vn 0.0507 -0.1423 -0.9885
vn -0.0531 -0.0316 0.9981
vn -0.0462 0.0071 -0.9989
vn -0.0566 0.0026 -0.9984
vn 0.0693 0.0876 -0.9937
vn 0.0701 0.1815 -0.9809
vn 0.1327 0.5191 -0.8443
vn 0.1327 0.8107 -0.5703
vn -0.0067 -0.8510 0.5251
vn -0.0895 0.8711 -0.4829
vn 0.0043 -0.9886 0.1506
vn -0.0200 -0.9805 0.1955
vn 0.0554 0.9104 -0.4101
vn 0.1750 -0.9659 0.1908
vn -0.1703 0.9733 0.1538
vn -0.1044 0.9911 0.0827
vn -0.1094 0.9940 0.0092
vn -0.1747 0.9780 0.1142
vn -0.0615 0.9687 0.2407
vn 0.0910 0.9622 0.2568
vn 0.3751 0.8888 0.2632
vn 0.8485 0.5186 0.1056
vn 0.6120 0.7819 0.1190
vn 0.9419 0.2864 0.1757
vn 0.1679 0.9833 -0.0696
vn 0.7578 0.6518 0.0283
vn 0.4952 0.8688 -0.0024
vn 0.9753 0.2012 0.0913
vn 0.7686 0.6206 0.1553
vn 0.7735 0.6333 0.0253
vn 0.4309 0.9002 0.0628
vn 0.4306 0.9003 0.0628
vn 0.5303 0.8473 0.0283
vn 0.2642 0.7381 0.6208
vn 0.2646 0.7380 0.6208
vn 0.5219 0.8526 -0.0246
vn 0.4206 0.8757 -0.2372
vn 0.6390 0.7652 0.0786
vn 0.1684 0.9839 -0.0599
vn 0.1536 0.9861 -0.0631
vn 0.2076 0.9701 -0.1254
vn 0.2435 0.9684 0.0537
vn 0.1524 0.9873 0.0454
vn 0.1280 0.9882 0.0845
vn 0.0913 0.9356 0.3410
vn 0.0791 0.7046 0.7052
vn 0.3506 0.8473 0.3989
vn 0.1255 0.8139 0.5673
vn 0.1252 0.8140 0.5673
vn 0.1596 0.9742 0.1596
vn 0.3598 0.9199 0.1563
vn 0.0191 0.9922 0.1232
vn 0.1824 0.9461 0.2676
vn 0.1822 0.9462 0.2674
vn 0.0726 0.9271 0.3676
vn 0.1092 0.9503 0.2914
vn 0.1812 0.9389 0.2925
vn 0.1099 -0.9567 -0.2696
vn 0.0612 -0.9395 0.3371
vn 0.0392 -0.7923 0.6089
vn 0.0180 -0.7458 -0.6659
vn 0.0869 -0.9530 -0.2904
vn 0.0562 -0.9683 -0.2434
vn 0.0165 -0.7757 -0.6309
vn 0.0935 -0.9919 -0.0862
vn 0.0758 -0.9896 0.1221
vn 0.0304 -0.2133 0.9765
vn -0.5524 0.6958 -0.4590
vn -0.5715 0.8007 -0.1794
vn -0.4435 0.8135 -0.3763
vn -0.4471 0.8867 0.1178
vn -0.4797 0.8677 0.1303
vn -0.4652 0.8725 -0.1493
vn -0.4066 0.8981 -0.1674
vn -0.5740 0.7987 0.1806
vn -0.8752 0.4812 0.0501
vn -0.6553 -0.6813 -0.3263
vn -0.3401 -0.8225 -0.4559
vn -0.2898 -0.9406 0.1770
vn -0.4992 -0.8001 0.3326
vn -0.2232 -0.9556 0.1926
vn -0.0325 -0.8320 -0.5538
vn -0.5422 -0.8241 -0.1639
vn -0.4799 -0.8683 0.1258
vn -0.4419 -0.8880 -0.1269
vn -0.5669 -0.8187 0.0910
vn 0.7336 -0.3787 -0.5643
vn 0.1932 -0.9436 -0.2688
vn 0.3182 -0.8536 -0.4124
vn 0.7213 -0.2398 -0.6499
vn 0.1265 0.8979 -0.4217
vn 0.3062 0.6842 -0.6619
vn 0.1954 -0.0215 -0.9805
vn 0.2404 -0.1249 -0.9626
vn -0.0540 -0.8178 -0.5729
vn -0.1068 -0.2048 0.9730
vn -0.1487 -0.1924 0.9700
vn -0.1253 -0.1190 -0.9850
vn 0.0404 -0.5579 0.8289
vn -0.0797 -0.4922 0.8668
vn -0.1808 -0.1095 -0.9774
vn 0.1828 0.9636 -0.1953
vn 0.1911 0.9633 -0.1887
vn 0.0918 -0.9482 0.3040
vn 0.1556 0.9747 0.1606
vn -0.0016 0.9306 0.3659
vn 0.1016 0.9880 0.1159
vn 0.1813 0.9818 -0.0574
vn 0.1015 0.9838 0.1479
vn -0.0433 0.8243 0.5645
vn -0.0400 0.4479 0.8932
vn -0.0027 0.8403 0.5421
vn -0.0443 0.4518 0.8910
vn -0.0458 0.7672 0.6397
vn -0.0424 0.7716 0.6346
vn -0.0257 -0.0974 0.9949
vn -0.0293 -0.0927 0.9953
vn -0.2245 -0.3482 0.9101
vn -0.1094 -0.7498 0.6526
vn -0.0502 -0.7930 0.6071
vn -0.0323 -0.5296 0.8476
vn -0.1070 -0.7718 0.6269
vn -0.1123 -0.7672 0.6315
vn 0.0939 0.0175 0.9954
vn 0.0408 0.0960 0.9945
vn 0.1292 0.1077 0.9858
vn 0.0875 0.1542 0.9842
vn 0.1307 -0.0093 0.9914
vn 0.2554 -0.0232 0.9665
vn 0.1160 -0.0421 -0.9924
vn 0.2205 -0.0310 -0.9749
vn -0.1959 -0.4663 -0.8627
vn -0.1511 -0.4659 0.8718
vn 0.0854 -0.1005 -0.9913
vn 0.1118 -0.0920 -0.9895
vn 0.1092 0.0377 -0.9933
vn 0.3221 0.9130 0.2503
vn 0.1962 0.9616 0.1918
vn 0.2206 0.9436 0.2468
vn 0.7977 0.5801 0.1650
vn 0.3277 0.9258 0.1883
vn 0.0898 0.9945 0.0545
vn 0.0933 0.9954 0.0229
vn -0.5611 0.4572 -0.6900
vn -0.1729 0.5550 -0.8137
vn -0.1630 0.5496 -0.8194
vn 0.7892 0.5513 0.2705
vn 0.0899 0.1418 0.9858
vn 0.0486 0.0536 -0.9974
vn -0.2302 0.0646 0.9710
vn 0.0994 -0.0164 0.9949
vn 0.1036 -0.0335 0.9941
vn 0.0643 -0.1246 -0.9901
vn 0.1438 -0.0705 -0.9871
vn 0.1309 -0.2961 -0.9462
vn -0.1226 -0.0161 -0.9923
vn 0.0992 -0.1321 0.9863
vn -0.2107 0.0623 0.9756
vn -0.1987 -0.0554 -0.9785
vn -0.2102 0.0916 0.9734
vn 0.0994 -0.4009 -0.9107
vn 0.0784 -0.3553 0.9315
vn 0.1056 -0.1021 -0.9892
vn -0.1419 0.4244 0.8943
vn -0.1013 0.4067 0.9079
vn -0.1149 0.3941 -0.9119
vn 0.0985 -0.1031 -0.9898
vn -0.1471 0.3817 -0.9125
vn 0.0820 0.0876 0.9928
vn -0.1133 0.6945 0.7106
vn -0.0943 -0.0995 0.9906
vn 0.0860 -0.1049 -0.9908
vn -0.1061 -0.0167 0.9942
vn -0.1202 -0.0223 0.9925
vn -0.1375 0.0029 -0.9905
vn -0.1621 -0.0066 -0.9868
vn -0.1169 0.6826 -0.7214
vn 0.0828 0.0747 -0.9938
vn 0.0266 0.0720 0.9971
vn -0.0812 0.2238 0.9713
vn 0.0116 -0.8521 0.5232
vn 0.0545 -0.8572 0.5120
vn 0.1649 -0.9672 -0.1934
vn 0.1694 -0.9846 0.0428
vn 0.2012 -0.9763 0.0799
vn -0.0108 -0.9731 -0.2303
vn 0.1676 -0.9627 -0.2126
vn 0.0719 -0.8689 -0.4897
vn 0.1457 -0.9728 -0.1800
vn 0.1775 -0.9829 -0.0493
vn 0.2104 -0.9774 0.0201
vn 0.2208 -0.9753 -0.0077
vn -0.1927 0.2181 0.9567
vn -0.0477 -0.0575 -0.9972
vn -0.6732 0.6383 -0.3733
vn -0.8317 0.4748 -0.2878
vn -0.6243 0.7338 -0.2680
vn -0.8359 0.4698 -0.2837
vn -0.7225 0.6752 0.1488
vn -0.6959 0.7055 0.1344
vn -0.9338 0.3285 0.1417
vn -0.8129 0.5161 0.2700
vn -0.6743 0.7138 -0.1892
vn -0.9047 0.3816 -0.1893
vn -0.8229 0.5097 -0.2511
vn -0.7352 0.6593 -0.1573
vn -0.7252 0.6841 -0.0787
vn -0.8671 0.4956 0.0503
vn -0.9523 0.2957 -0.0750
vn -0.9253 0.3613 -0.1151
vn -0.8507 0.3482 -0.3939
vn -0.8905 -0.3939 -0.2276
vn -0.9196 -0.3241 -0.2220
vn -0.6433 -0.6201 -0.4491
vn -0.5766 -0.7934 -0.1951
vn -0.9231 -0.3314 -0.1949
vn -0.8002 -0.4280 -0.4201
vn -0.7038 -0.6894 0.1715
vn -0.7512 -0.6285 0.2018
vn -0.8583 -0.4835 0.1717
vn -0.8729 -0.4607 0.1606
vn -0.6488 -0.6945 -0.3112
vn -0.6171 -0.7614 -0.1986
vn -0.7093 -0.6963 -0.1094
vn -0.7760 -0.4945 -0.3917
vn -0.8833 -0.4261 -0.1955
vn -0.7081 -0.7040 -0.0544
vn -0.9030 -0.4254 -0.0593
vn -0.8834 -0.4256 -0.1959
vn -0.8279 -0.5547 0.0830
vn -0.9394 -0.3104 -0.1456
vn 0.4451 0.5808 -0.6816
vn -0.0015 0.7958 -0.6055
vn -0.0189 0.8354 -0.5493
vn -0.7422 -0.2103 -0.6364
vn -0.0065 0.8257 -0.5641
vn -0.0191 0.8469 -0.5314
vn -0.0637 -0.0435 -0.9970
vn -0.0277 -0.2203 -0.9750
vn 0.0198 0.3513 -0.9360
vn -0.0183 -0.9070 -0.4207
vn -0.0464 -0.8778 -0.4768
vn -0.0847 -0.5723 0.8156
vn -0.1223 -0.3524 0.9278
vn 0.0193 -0.7578 -0.6522
vn -0.0195 -0.7124 -0.7015
vn -0.0080 -0.9684 -0.2494
vn -0.0222 -0.9534 -0.3010
vn -0.7950 -0.1565 -0.5861
vn -0.1493 -0.9177 -0.3681
vn 0.0055 -0.1960 -0.9806
vn -0.0422 -0.2829 -0.9582
vn 0.0017 -0.1989 -0.9800
vn 0.3488 -0.3541 -0.8678
vn 0.5039 -0.4456 -0.7399
vn 0.0019 -0.0191 -0.9998
vn -0.0127 0.0504 -0.9987
vn -0.0122 0.0919 -0.9957
vn -0.2675 -0.1909 0.9444
vn -0.0880 -0.2221 -0.9710
vn 0.0119 0.0485 0.9988
vn 0.0067 0.0775 0.9970
vn 0.0285 -0.0316 0.9991
vn 0.0210 0.1253 -0.9919
vn 0.0200 0.1178 -0.9928
vn -0.1821 -0.1556 0.9709
vn -0.2617 -0.1211 -0.9575
vn 0.0431 0.1742 0.9838
vn 0.0650 0.1874 0.9801
vn 0.0481 0.3108 0.9492
vn 0.0934 0.3566 -0.9296
vn 0.1138 -0.4799 0.8699
vn 0.2299 0.9571 -0.1762
vn 0.4546 -0.8520 0.2594
vn -0.0349 -0.7977 0.6021
vn -0.2747 -0.1249 -0.9534
vn 0.1666 0.9152 0.3670
vn 0.0688 0.8708 0.4868
vn 0.1961 0.9732 0.1197
vn 0.1735 0.9750 0.1389
vn 0.1914 0.9456 0.2631
vn 0.3022 0.9189 -0.2535
vn 0.2004 0.7606 -0.6175
vn 0.2058 -0.9696 0.1321
vn 0.2072 0.8657 0.4556
vn 0.1926 0.9457 0.2619
vn -0.1437 0.8314 0.5368
vn -0.1221 0.4506 0.8844
vn -0.1089 0.8506 0.5144
vn -0.1310 0.4550 0.8808
vn -0.0751 0.7688 0.6351
vn -0.1413 0.6421 0.7535
vn -0.1392 -0.0932 0.9859
vn -0.1015 -0.1356 0.9856
vn -0.2372 -0.5078 0.8282
vn -0.1451 -0.5756 0.8048
vn -0.2839 -0.7425 0.6067
vn -0.2731 -0.7591 0.5909
vn -0.3176 -0.7033 0.6360
vn -0.2921 -0.7664 0.5721
vn -0.1671 -0.5258 0.8340
vn -0.1055 -0.3455 0.9325
vn 0.2067 0.0944 0.9738
vn 0.1917 0.1158 0.9746
vn 0.2235 0.1509 0.9629
vn 0.2120 0.1626 0.9637
vn 0.2165 -0.0273 -0.9759
vn 0.2276 -0.0091 0.9737
vn 0.2684 -0.0043 0.9633
vn 0.2484 -0.0308 -0.9682
vn -0.1183 -0.4654 0.8772
vn 0.2397 -0.7413 0.6269
vn 0.1433 -0.0916 -0.9854
vn 0.1600 0.1434 -0.9766
vn 0.2051 -0.0729 -0.9760
vn 0.1563 -0.0777 0.9846
vn 0.1087 -0.0520 0.9927
vn 0.1403 0.0488 0.9889
vn 0.3778 0.9013 -0.2119
vn 0.3177 0.9480 0.0173
vn 0.3094 0.9300 0.1984
vn 0.3738 0.9246 0.0729
vn 0.3168 0.9389 0.1345
vn 0.1605 0.9860 0.0455
vn 0.0508 0.9984 -0.0234
vn 0.1366 0.9843 0.1114
vn -0.0362 0.9957 -0.0855
vn 0.0458 0.9755 -0.2153
vn 0.0559 0.9982 0.0202
vn -0.0173 0.9955 -0.0930
vn -0.1610 0.9526 -0.2582
vn -0.1593 0.9775 -0.1386
vn -0.0368 0.9902 -0.1348
vn -0.2789 0.8899 -0.3609
vn -0.5535 0.7543 -0.3530
vn -0.1361 0.9656 -0.2217
vn -0.3973 0.8823 -0.2523
vn -0.4189 0.8664 -0.2719
vn -0.4008 0.7576 -0.5152
vn -0.1609 0.9786 -0.1278
vn -0.2760 0.7718 -0.5728
vn -0.7439 0.5085 -0.4336
vn -0.5426 0.6136 -0.5737
vn -0.4153 0.5025 -0.7583
vn -0.5602 0.6140 -0.5560
vn -0.2374 0.9010 -0.3632
vn -0.5007 0.7825 -0.3701
vn -0.1754 0.9382 -0.2982
vn -0.2271 0.7421 -0.6306
vn -0.6424 0.5130 -0.5693
vn -0.4500 0.5859 -0.6740
vn -0.3198 0.4819 -0.8157
vn -0.1840 0.7743 -0.6055
vn -0.2915 0.7559 -0.5862
vn -0.3383 0.8120 -0.4757
vn -0.2297 0.5551 -0.7995
vn -0.0861 0.4550 -0.8863
vn -0.2056 0.0950 0.9740
vn -0.1691 0.0726 0.9829
vn -0.3455 0.0986 0.9332
vn -0.1838 0.0931 -0.9785
vn -0.1391 0.0668 -0.9880
vn -0.2955 0.0902 -0.9511
vn 0.1757 -0.0377 -0.9837
vn 0.1958 0.1011 -0.9754
vn 0.1879 0.1066 -0.9764
vn 0.1571 0.1089 -0.9816
vn -0.3105 0.1177 0.9432
vn 0.6161 0.7492 0.2433
vn -0.3338 0.0685 -0.9401
vn 0.1248 -0.1256 0.9842
vn 0.1799 0.1356 0.9743
vn 0.2345 0.0939 0.9676
vn 0.2351 0.1024 0.9666
vn 0.2056 0.0618 -0.9767
vn -0.1710 0.0205 0.9851
vn -0.3305 0.0212 0.9436
vn -0.3130 0.0049 0.9497
vn -0.2518 -0.0042 -0.9678
vn -0.3419 0.0029 -0.9397
vn -0.3371 -0.0026 -0.9414
vn 0.1921 0.0640 0.9793
vn 0.1966 -0.1041 -0.9749
vn 0.1469 -0.2803 -0.9486
vn -0.3274 0.1017 0.9394
vn 0.1670 -0.0938 0.9815
vn 0.1912 -0.1125 0.9751
vn 0.1447 -0.2914 0.9456
vn 0.1534 -0.3018 0.9410
vn 0.1516 -0.4157 -0.8968
vn -0.2998 0.0910 0.9497
vn 0.1328 -0.3737 0.9180
vn 0.1478 -0.3852 0.9109
vn 0.1576 -0.4127 -0.8971
vn 0.1987 -0.1028 -0.9747
vn 0.1697 -0.0980 -0.9806
vn -0.1842 0.4083 0.8941
vn -0.2134 0.3822 -0.8991
vn 0.0495 -0.2530 -0.9662
vn -0.2904 0.3502 -0.8905
vn 0.1445 0.0863 0.9857
vn -0.2311 0.3889 0.8918
vn -0.1101 0.6087 -0.7858
vn -0.2997 -0.0052 0.9540
vn -0.1340 -0.1703 0.9762
vn 0.1559 -0.2207 -0.9628
vn 0.1799 -0.2285 -0.9568
vn 0.1677 -0.3447 -0.9236
vn 0.1733 -0.3345 -0.9263
vn 0.1623 -0.1180 -0.9797
vn 0.2198 -0.0797 -0.9723
vn 0.1717 -0.1291 -0.9767
vn 0.0885 -0.1050 -0.9905
vn 0.1615 -0.0667 -0.9846
vn -0.2936 -0.0458 0.9548
vn -0.2374 -0.0214 0.9712
vn -0.2254 -0.0066 -0.9742
vn -0.2600 -0.0182 -0.9654
vn 0.1818 0.0396 -0.9825
vn 0.1816 0.0691 -0.9809
vn 0.0007 0.2336 0.9723
vn 0.1901 0.3836 -0.9037
vn 0.1997 0.3816 -0.9025
vn 0.1872 0.4785 -0.8579
vn 0.2037 0.8025 -0.5608
vn 0.3662 -0.7981 0.4784
vn 0.4322 0.8046 -0.4071
vn 0.0102 -0.9885 0.1509
vn 0.2308 0.8909 -0.3912
vn 0.4580 0.7841 -0.4188
vn -0.1701 0.9789 0.1133
vn -0.0727 0.9954 0.0625
vn 0.2301 0.9460 0.2285
vn 0.2576 0.9447 -0.2031
vn 0.2463 -0.9347 -0.2563
vn 0.2875 -0.9308 -0.2257
vn 0.1802 -0.9806 0.0769
vn 0.1879 -0.9771 0.0996
vn 0.1225 -0.9792 -0.1618
vn 0.0874 -0.9184 -0.3860
vn 0.1520 -0.9876 -0.0393
vn 0.2592 -0.9483 -0.1831
vn 0.3470 -0.9361 -0.0574
vn 0.3545 -0.9327 -0.0671
vn 0.2109 -0.9633 0.1660
vn 0.2535 -0.9672 -0.0157
vn 0.2955 -0.9552 -0.0160
vn 0.2679 -0.9632 -0.0233
vn -0.0515 -0.0571 -0.9970
vn -0.0683 -0.0416 -0.9968
vn -0.0662 -0.1209 -0.9905
vn 0.3218 -0.2960 -0.8994
vn -0.1171 -0.1667 -0.9790
vn -0.0208 0.0053 -0.9998
vn 0.7066 -0.2808 -0.6495
vn 0.4697 -0.0078 -0.8828
vn 0.4161 0.3302 -0.8473
vn 0.4268 0.0778 -0.9010
vn 0.6980 -0.1078 -0.7079
vn 0.4931 0.0029 -0.8700
vn 0.4858 0.1137 -0.8667
vn 0.8525 0.1035 -0.5125
vn 0.4596 0.0875 -0.8838
vn 0.8991 0.1289 -0.4184
vn 0.5298 0.0578 -0.8462
vn 0.6118 0.3213 -0.7228
vn 0.4848 0.1328 -0.8645
vn 0.5317 0.4476 -0.7189
vn 0.0511 0.5517 -0.8325
vn 0.2161 0.6288 -0.7469
vn 0.3450 0.1200 -0.9309
vn -0.9537 -0.0098 -0.3007
vn -0.8685 -0.2387 -0.4345
vn -0.9588 -0.0591 0.2779
vn -0.9799 0.1154 0.1628
vn -0.9100 0.0672 -0.4091
vn -0.9672 -0.0679 -0.2448
vn -0.9802 -0.0093 -0.1977
vn -0.9929 -0.0248 -0.1163
vn -0.9901 0.0012 -0.1401
vn -0.8613 -0.1381 -0.4890
vn -0.8612 -0.1382 -0.4891
vn -0.0292 0.0297 -0.9991
vn -0.1206 -0.3508 0.9287
vn -0.0023 0.0211 0.9998
vn -0.0206 0.0854 0.9961
vn -0.0122 0.0680 -0.9976
vn -0.2401 -0.2943 -0.9251
vn -0.0017 0.1080 0.9942
vn 0.0810 0.1249 -0.9889
vn 0.2629 0.3586 -0.8957
vn 0.2379 0.4019 -0.8842
vn 0.0934 0.4420 -0.8921
vn 0.3357 0.8148 -0.4726
vn 0.3686 0.8084 -0.4588
vn 0.0938 0.4400 -0.8931
vn 0.1847 0.8589 -0.4777
vn 0.3083 0.8672 -0.3910
vn 0.2258 0.7866 -0.5747
vn -0.0177 -0.1560 0.9876
vn -0.1129 -0.1265 0.9855
vn -0.1004 -0.1651 -0.9811
vn 0.0593 0.4411 0.8955
vn 0.0698 0.3753 0.9243
vn 0.1239 0.7496 0.6502
vn 0.2733 0.8952 0.3520
vn 0.3488 0.8499 0.3949
vn 0.3513 0.8064 0.4757
vn 0.4097 0.4300 0.8045
vn 0.4911 0.7260 0.4814
vn 0.3083 0.1982 0.9304
vn 0.3262 0.5798 0.7466
vn -0.0585 0.5717 0.8184
vn -0.1109 -0.2477 0.9625
vn -0.1475 -0.1123 -0.9827
vn 0.2867 0.9392 -0.1890
vn 0.2629 0.9499 -0.1691
vn 0.2580 0.9234 -0.2841
vn 0.2368 0.7073 -0.6661
vn 0.6517 -0.4392 0.6184
vn 0.3486 -0.6114 0.7104
vn 0.1824 -0.4764 0.8601
vn -0.1098 -0.1163 -0.9871
vn 0.2060 0.9378 0.2795
vn 0.1254 0.7726 -0.6224
vn -0.0170 0.4585 -0.8885
vn 0.1021 0.3354 -0.9365
vn 0.1837 -0.4488 0.8746
vn 0.5662 -0.8186 0.0967
vn 0.2673 -0.9626 -0.0445
vn -0.0738 0.3258 -0.9426
vn 0.0784 0.2060 -0.9754
vn -0.1409 0.1118 -0.9837
vn -0.0159 0.1541 -0.9879
vn 0.0975 0.1333 -0.9863
vn -0.4585 0.7235 0.5161
vn -0.4209 0.3476 0.8379
vn -0.4933 0.6819 0.5400
vn -0.3376 0.2526 0.9068
vn -0.3572 0.5905 0.7236
vn -0.3601 0.5320 0.7664
vn -0.5024 -0.1093 0.8577
vn -0.4923 -0.1343 0.8600
vn -0.5703 -0.4910 0.6585
vn -0.4026 -0.5874 0.7020
vn -0.3912 -0.6948 0.6034
vn -0.4904 -0.5218 0.6981
vn -0.4199 -0.6513 0.6321
vn -0.1934 -0.4115 0.8907
vn 0.1384 0.1296 0.9819
vn 0.2553 0.1757 -0.9507
vn 0.3044 0.1962 0.9321
vn 0.3805 -0.0233 -0.9245
vn 0.3126 -0.0042 0.9499
vn 0.4212 0.0077 0.9069
vn 0.0031 -0.3810 -0.9246
vn -0.0532 -0.4281 0.9022
vn 0.1287 -0.7476 0.6516
vn -0.0746 -0.5780 0.8126
vn 0.1146 -0.7879 0.6050
vn 0.2441 -0.0726 -0.9670
vn 0.2673 -0.0658 -0.9614
vn -0.5703 0.2191 0.7917
vn -0.4239 0.1666 0.8903
vn -0.0701 0.9975 -0.0011
vn -0.0584 0.9983 0.0035
vn -0.0075 0.9984 0.0561
vn -0.0012 0.9998 -0.0203
vn -0.0238 0.9968 0.0763
vn 0.0292 0.9735 0.2269
vn 0.0179 0.9813 0.1916
vn -0.0002 0.9997 0.0230
vn 0.0559 0.9982 -0.0218
vn 0.0963 0.9921 0.0800
vn 0.0445 0.9867 -0.1565
vn -0.3730 0.4446 -0.8144
vn -0.3874 0.4680 -0.7943
vn 0.2863 0.0538 -0.9566
vn 0.3048 0.1043 -0.9467
vn 0.2884 0.1138 -0.9507
vn 0.2620 0.1347 -0.9556
vn -0.3981 0.1198 0.9095
vn -0.4252 0.0695 -0.9024
vn 0.2892 0.1013 0.9519
vn 0.2941 0.0720 0.9531
vn 0.2944 0.0983 0.9506
vn -0.4424 0.0126 0.8967
vn -0.4067 -0.0245 0.9132
vn -0.4495 0.0190 -0.8931
vn -0.4721 0.0443 -0.8804
vn 0.2601 -0.0996 0.9604
vn 0.2645 -0.0907 -0.9601
vn -0.4713 -0.0744 0.8788
vn 0.2778 -0.1112 0.9542
vn 0.2807 -0.2808 -0.9178
vn 0.2737 -0.0835 -0.9582
vn 0.2717 -0.2677 -0.9244
vn 0.2969 -0.2841 0.9117
vn 0.2875 -0.2836 0.9149
vn 0.2738 -0.2689 0.9235
vn 0.2980 -0.2861 -0.9107
vn 0.2818 -0.2941 -0.9133
vn 0.2415 -0.4202 -0.8747
vn 0.2879 -0.2887 0.9131
vn 0.2138 -0.3798 0.9000
vn 0.2519 -0.3922 0.8847
vn 0.2091 -0.4082 -0.8886
vn 0.2279 -0.0980 -0.9688
vn 0.1110 -0.2502 -0.9618
vn 0.2319 -0.0973 -0.9679
vn 0.2270 -0.3217 -0.9192
vn -0.3247 0.3504 -0.8785
vn -0.3755 0.3995 0.8363
vn -0.3377 0.3769 0.8625
vn -0.3448 0.3412 -0.8745
vn -0.2107 0.5733 -0.7918
vn -0.2615 0.6800 -0.6850
vn -0.2201 0.7079 0.6712
vn -0.1458 -0.1708 0.9745
vn -0.2742 0.0336 0.9611
vn -0.2841 -0.4248 0.8595
vn -0.3930 -0.0062 -0.9195
vn -0.3980 -0.0086 -0.9173
vn -0.3948 -0.0043 0.9187
vn 0.2199 -0.0832 -0.9720
vn 0.2023 0.0938 -0.9748
vn 0.2598 0.2298 -0.9379
vn -0.7276 -0.2253 -0.6480
vn 0.1749 0.0470 0.9835
vn -0.2413 -0.9308 -0.2747
vn -0.0656 0.6187 0.7828
vn -0.1220 -0.4384 0.8904
vn -0.0638 -0.3816 0.9221
vn 0.1071 -0.5250 0.8443
vn 0.1015 -0.4493 0.8876
vn -0.6903 0.4502 -0.5665
vn 0.2615 -0.8089 0.5265
vn 0.1879 -0.7982 0.5723
vn 0.4949 -0.8646 -0.0862
vn 0.5055 -0.8618 0.0422
vn 0.2350 -0.9278 -0.2896
vn 0.2109 -0.9341 -0.2880
vn 0.4110 -0.8887 -0.2032
vn 0.4583 -0.8849 -0.0834
vn 0.2807 -0.9199 -0.2740
vn 0.3273 -0.9218 -0.2078
vn 0.6557 -0.6911 -0.3041
vn 0.3537 -0.9109 0.2126
vn 0.3722 -0.9000 0.2269
vn 0.5310 0.7565 -0.3816
vn 0.4466 0.7781 -0.4417
vn 0.2717 0.9537 0.1292
vn 0.1846 0.9801 0.0736
vn 0.1918 0.9763 0.1001
vn 0.3297 -0.8972 -0.2937
vn 0.2832 -0.9458 0.1587
vn 0.3715 -0.9282 0.0217
vn 0.2914 -0.9376 0.1899
vn 0.3695 -0.9249 0.0897
vn 0.3643 -0.9310 -0.0241
vn 0.3639 -0.9308 0.0356
vn 0.3482 -0.9373 -0.0187
vn 0.3436 -0.9390 -0.0142
vn -0.0952 -0.0693 -0.9930
vn -0.2844 0.0414 -0.9578
vn -0.5914 -0.3826 -0.7098
vn -0.4372 0.0091 -0.8993
vn -0.4747 0.0425 -0.8791
vn -0.2326 0.2741 -0.9332
vn -0.3976 0.5974 -0.6964
vn -0.0872 0.1946 -0.9770
vn -0.2581 0.3880 -0.8848
vn 0.0545 0.1775 -0.9826
vn -0.0599 0.4111 -0.9096
vn 0.1312 0.4557 -0.8804
vn 0.5918 0.0578 -0.8040
vn -0.4255 0.0414 -0.9040
vn 0.1279 -0.3533 -0.9267
vn 0.1269 -0.4538 -0.8820
vn -0.3449 0.1693 -0.9233
vn 0.1177 -0.8782 0.4635
vn 0.2637 -0.8286 0.4938
vn 0.1616 -0.5330 0.8305
vn 0.2101 -0.6051 0.7679
vn 0.1165 -0.3258 0.9382
vn 0.1426 -0.3584 0.9226
vn 0.1887 -0.9339 -0.3036
vn 0.1811 -0.6909 -0.6999
vn 0.2645 -0.9045 -0.3345
vn 0.2144 -0.7334 -0.6452
vn -0.0310 -0.2882 -0.9571
vn 0.1585 -0.4877 -0.8585
vn 0.0292 -0.9034 -0.4278
vn 0.0252 -0.8685 -0.4951
vn 0.0501 -0.1317 0.9900
vn 0.0745 -0.1514 0.9857
vn -0.0216 -0.1691 -0.9854
vn 0.0640 -0.2517 0.9657
vn -0.1514 -0.1132 -0.9820
vn -0.2303 -0.1659 -0.9589
vn 0.3421 0.9247 -0.1668
vn 0.4323 0.6512 -0.6237
vn 0.2382 0.7644 -0.5991
vn 0.2635 0.7412 -0.6174
vn -0.1477 -0.3656 0.9190
vn -0.1945 -0.4223 -0.8853
vn -0.1349 -0.4222 -0.8964
vn 0.2705 0.8198 0.5046
vn 0.3162 0.9414 0.1175
vn 0.3014 0.9437 0.1364
vn 0.2815 0.9241 0.2583
vn 0.3133 0.9312 0.1864
vn 0.2640 0.9194 -0.2916
vn 0.1574 0.6542 -0.7397
vn 0.3373 0.5232 -0.7826
vn 0.1578 0.3327 -0.9298
vn 0.1183 0.2056 -0.9715
vn 0.1206 0.2994 -0.9465
vn 0.0501 0.1238 -0.9910
vn 0.0697 0.0824 -0.9942
vn -0.6867 0.4802 0.5458
vn -0.6956 0.4493 0.5607
vn -0.5623 0.3216 0.7618
vn 0.0483 0.0503 -0.9976
vn 0.0264 0.0776 -0.9966
vn 0.0208 0.0782 -0.9967
vn 0.1398 0.2649 -0.9541
vn 0.3015 0.1666 -0.9388
vn 0.4457 0.1677 -0.8793
vn 0.3326 0.1113 -0.9365
vn 0.4758 0.1174 -0.8717
vn 0.4727 0.1874 -0.8611
vn 0.1626 0.1593 -0.9737
vn 0.2917 0.2081 -0.9336
vn 0.3166 0.1842 -0.9305
vn 0.1730 0.1875 -0.9669
vn 0.2917 0.2079 -0.9336
vn 0.0940 0.1442 -0.9851
vn 0.1917 0.1731 -0.9661
vn 0.1063 0.1862 -0.9768
vn 0.1948 0.1939 -0.9615
vn 0.1650 0.1260 -0.9782
vn 0.1729 0.2120 -0.9619
vn -0.8117 -0.1664 0.5599
vn -0.8266 -0.1535 0.5414
vn -0.5270 -0.5647 0.6352
vn -0.5247 -0.5787 0.6243
vn -0.7707 -0.0390 0.6360
vn -0.4721 -0.4636 0.7498
vn -0.2295 -0.2141 0.9495
vn -0.1043 -0.1395 0.9847
vn -0.2172 0.0735 0.9734
vn -0.2925 -0.0425 0.9553
vn 0.3155 0.1678 0.9340
vn 0.1840 0.2249 0.9569
vn 0.3079 0.2588 -0.9155
vn 0.3268 0.2178 -0.9197
vn 0.3179 0.2235 -0.9214
vn 0.3682 0.1675 0.9145
vn 0.3201 0.2246 0.9204
vn 0.3389 -0.0152 -0.9407
vn 0.3715 -0.0225 -0.9282
vn 0.3744 0.0137 0.9272
vn 0.4216 0.0077 0.9067
vn 0.0374 -0.4257 0.9041
vn 0.3805 -0.5949 0.7080
vn 0.2487 -0.6405 0.7266
vn 0.2321 -0.7783 0.5835
vn 0.2912 -0.0656 -0.9544
vn 0.3093 -0.0608 -0.9490
vn 0.2920 -0.7063 0.6449
vn 0.2254 -0.7910 0.5688
vn 0.2276 -0.7207 0.6548
vn 0.2358 -0.7754 0.5858
vn 0.2071 -0.6618 0.7205
vn 0.3524 -0.7484 0.5618
vn 0.3469 -0.6207 0.7031
vn 0.3695 -0.6635 0.6506
vn 0.2328 -0.7540 0.6143
vn 0.2995 -0.7678 0.5664
vn 0.3257 -0.7571 0.5664
vn 0.3261 -0.7384 0.5903
vn 0.4011 -0.5933 0.6979
vn 0.5019 -0.5670 0.6532
vn 0.5077 -0.5638 0.6515
vn 0.2955 -0.5214 0.8006
vn 0.2864 -0.0500 0.9568
vn 0.3167 -0.3849 0.8669
vn 0.2278 -0.0178 0.9735
vn 0.2913 0.0808 0.9532
vn -0.1253 0.9921 -0.0076
vn -0.1787 0.9684 -0.1738
vn -0.1753 0.9552 -0.2385
vn -0.1201 0.9841 0.1307
vn -0.1194 0.9865 0.1120
vn -0.0755 0.9959 -0.0502
vn -0.3576 0.1650 0.9192
vn -0.2399 0.9698 0.0437
vn -0.0239 0.9979 -0.0601
vn -0.1707 0.9819 0.0818
vn -0.3163 0.9451 0.0818
vn -0.3437 0.9365 0.0690
vn -0.1116 0.9802 -0.1634
vn -0.8658 0.4968 0.0606
vn -0.7651 0.5814 0.2766
vn -0.7221 0.4101 0.5571
vn -0.5983 0.7987 0.0634
vn -0.6628 0.7408 0.1087
vn -0.6387 0.7694 -0.0072
vn -0.4234 0.8888 -0.1754
vn -0.7148 0.6808 -0.1601
vn -0.2512 0.9673 -0.0349
vn -0.1265 0.9836 0.1285
vn -0.5857 0.7456 -0.3178
vn -0.4201 0.8249 -0.3782
vn -0.8950 0.4362 -0.0932
vn -0.6580 0.4436 -0.6085
vn -0.8108 0.5360 -0.2350
vn -0.3475 0.9261 -0.1467
vn -0.6106 0.7770 -0.1532
vn -0.2156 0.9724 -0.0890
vn -0.6314 0.7395 -0.2333
vn -0.5819 0.7537 -0.3057
vn -0.8076 0.4859 -0.3343
vn -0.5598 0.5089 -0.6540
vn -0.6695 0.5825 -0.4610
vn -0.2096 0.9738 -0.0882
vn -0.2939 0.9536 -0.0656
vn -0.1113 0.9882 0.1055
vn -0.5603 0.0981 0.8225
vn 0.3951 0.1121 -0.9118
vn 0.3776 0.1180 -0.9184
vn -0.5655 0.0758 -0.8212
vn 0.3591 0.0973 0.9282
vn 0.3331 0.1475 0.9313
vn 0.3336 0.1515 0.9305
vn 0.3596 0.0604 -0.9312
vn 0.3444 0.1163 -0.9316
vn 0.3609 -0.1012 -0.9271
vn 0.3546 0.0098 -0.9350
vn 0.3643 0.1387 -0.9209
vn 0.3619 0.1069 -0.9261
vn -0.4953 -0.0248 0.8684
vn -0.5620 0.0123 0.8271
vn -0.4726 0.0443 -0.8801
vn 0.4059 0.1132 0.9069
vn 0.3615 0.1109 0.9258
vn 0.3468 0.1597 0.9242
vn 0.3435 0.1204 0.9314
vn 0.3535 -0.0990 0.9302
vn 0.3720 0.0631 0.9261
vn -0.4814 -0.0614 -0.8744
vn -0.5169 0.0132 -0.8559
vn 0.3397 -0.2837 0.8967
vn -0.4336 0.1211 0.8929
vn -0.4705 0.1039 0.8763
vn -0.6100 -0.0142 0.7923
vn -0.6083 0.0118 -0.7936
vn -0.4777 0.1206 -0.8702
vn -0.6169 0.1221 -0.7775
vn -0.6032 0.1173 -0.7889
vn -0.6029 0.1239 0.7881
vn 0.2626 -0.4126 -0.8722
vn 0.2844 -0.0973 -0.9538
vn -0.4201 0.3867 0.8210
vn 0.2787 -0.3827 0.8808
vn 0.2436 -0.3212 -0.9152
vn 0.2786 -0.3393 -0.8985
vn 0.2856 -0.0971 -0.9534
vn -0.4204 0.3854 0.8214
vn -0.2795 0.4689 0.8378
vn -0.3806 0.6712 0.6362
vn -0.3625 0.0461 0.9309
vn 0.2426 -0.3124 -0.9185
vn 0.2401 -0.3063 -0.9212
vn 0.3247 -0.3031 -0.8959
vn 0.3283 -0.3386 -0.8818
vn 0.3382 -0.2045 -0.9186
vn 0.3332 -0.3410 -0.8791
vn 0.3669 -0.3398 -0.8660
vn 0.3833 -0.3323 -0.8618
vn 0.3945 -0.1964 -0.8977
vn 0.3876 -0.3211 -0.8641
vn 0.3444 -0.2064 -0.9159
vn 0.2494 -0.2228 -0.9424
vn 0.2680 -0.2122 -0.9398
vn 0.2975 -0.0984 -0.9496
vn 0.2721 -0.0726 -0.9595
vn 0.1309 0.6343 0.7620
vn 0.2876 0.0645 -0.9556
vn 0.2765 0.0624 -0.9590
vn 0.3500 0.2312 -0.9078
vn 0.3565 0.2219 -0.9076
vn 0.2884 0.2404 -0.9268
vn 0.0763 -0.8472 -0.5257
vn 0.1940 0.4955 0.8467
vn -0.7155 -0.1038 -0.6908
vn 0.0136 0.7603 0.6495
vn -0.0808 0.9389 0.3345
vn 0.4496 0.4458 -0.7740
vn 0.6945 0.6297 -0.3481
vn 0.1890 0.7170 -0.6710
vn 0.3866 0.5893 -0.7094
vn 0.3669 0.6252 -0.6888
vn 0.8922 0.1600 0.4222
vn 0.6549 0.7049 0.2724
vn -0.1965 -0.6201 0.7595
vn -0.4527 -0.0611 0.8896
vn -0.2780 -0.6262 0.7285
vn 0.4114 0.1855 0.8924
vn 0.8609 0.1809 0.4756
vn 0.2210 0.6063 -0.7639
vn -0.0668 0.9391 -0.3370
vn 0.7175 -0.3593 -0.5967
vn 0.2107 0.9300 0.3010
vn 0.7357 0.6139 0.2862
vn 0.2211 0.8803 0.4198
vn 0.7466 0.6199 0.2414
vn 0.3491 0.8023 -0.4843
vn 0.2439 0.9423 -0.2294
vn 0.4473 0.8629 -0.2354
vn 0.3899 0.9055 -0.1672
vn 0.3727 0.7407 -0.5590
vn 0.8786 -0.1577 0.4509
vn 0.9977 -0.0668 0.0148
vn 0.9971 -0.0040 0.0756
vn 0.9930 -0.1070 0.0502
vn 0.9189 0.3920 0.0433
vn 0.9612 -0.2232 0.1624
vn 0.9583 -0.1688 0.2307
vn 0.8037 -0.5287 0.2729
vn 0.5880 -0.7440 0.3173
vn 0.7914 -0.6113 0.0036
vn 0.4021 -0.8922 0.2058
vn 0.9052 -0.3726 0.2044
vn 0.9635 -0.2474 -0.1018
vn 0.9995 0.0168 0.0276
vn 0.9575 0.1113 -0.2661
vn 0.8110 0.4497 -0.3742
vn 0.7076 0.6153 -0.3475
vn 0.8015 0.5460 -0.2439
vn 0.7139 0.6571 0.2420
vn 0.7568 0.5118 -0.4066
vn 0.8882 0.3482 -0.2998
vn 0.8351 -0.5451 -0.0735
vn 0.9141 0.3295 -0.2361
vn 0.7869 -0.6171 0.0034
vn 0.6698 -0.7412 -0.0445
vn 0.9884 -0.1416 -0.0546
vn 0.9845 0.1736 -0.0266
vn 0.9725 0.1977 -0.1230
vn 0.9679 0.2415 -0.0704
vn 0.3814 -0.8949 -0.2318
vn 0.3720 -0.9281 -0.0159
vn 0.3908 -0.9199 -0.0324
vn 0.3690 -0.9280 0.0520
vn 0.4219 -0.9066 -0.0089
vn 0.4100 -0.9120 -0.0147
vn 0.4217 -0.9064 -0.0257
vn 0.4152 -0.9097 -0.0121
vn 0.4101 -0.9120 -0.0098
vn 0.3948 -0.9115 0.1153
vn -0.9407 0.2578 0.2206
vn -0.9728 0.0916 0.2130
vn -0.9794 0.1607 -0.1221
vn 0.0203 -0.1111 0.9936
vn -0.9798 0.1941 -0.0480
vn -0.6683 0.4501 -0.5923
vn 0.0253 -0.0367 0.9990
vn 0.0215 -0.0951 0.9952
vn -0.8978 0.4365 0.0584
vn 0.6551 0.5076 -0.5596
vn -0.1121 0.9919 -0.0597
vn 0.4236 0.8437 0.3297
vn 0.5316 0.7092 0.4631
vn -0.0887 0.9512 -0.2954
vn 0.0291 0.5542 -0.8319
vn 0.1005 -0.3529 -0.9303
vn 0.5066 -0.5408 -0.6715
vn -0.8046 -0.1903 -0.5625
vn 0.4264 -0.8296 -0.3605
vn -0.7600 -0.5060 -0.4078
vn -0.8747 0.0841 -0.4773
vn -0.8838 0.0363 0.4665
vn -0.9508 0.1999 -0.2367
vn -0.7849 0.1067 0.6103
vn -0.2895 0.8941 -0.3416
vn -0.7301 0.6523 -0.2036
vn 0.2041 -0.0353 -0.9783
vn 0.8039 0.0620 -0.5915
vn 0.6125 0.3452 -0.7111
vn 0.2975 0.7308 -0.6143
vn 0.3025 0.6994 -0.6476
vn -0.3760 0.8272 -0.4176
vn 0.1041 0.9914 -0.0794
vn 0.0915 0.5146 -0.8525
vn -0.1416 0.9628 -0.2300
vn 0.3171 -0.7938 -0.5190
vn 0.1361 -0.8981 -0.4183
vn 0.3064 -0.8312 -0.4639
vn 0.5401 -0.6892 -0.4830
vn 0.5747 -0.6951 -0.4319
vn 0.3718 -0.8022 0.4671
vn 0.3257 -0.5341 0.7802
vn 0.2562 -0.4248 0.8683
vn 0.3222 -0.4937 0.8078
vn 0.3299 -0.8877 -0.3212
vn 0.3695 -0.6692 -0.6447
vn 0.2941 -0.4838 -0.8243
vn 0.3597 -0.5514 -0.7527
vn 0.2747 -0.2717 -0.9223
vn 0.0994 -0.0392 0.9943
vn 0.2837 -0.1537 0.9465
vn 0.2627 -0.2606 0.9290
vn 0.4878 -0.2864 0.8247
vn 0.4966 -0.3018 0.8139
vn 0.0811 -0.1171 -0.9898
vn 0.4969 -0.3307 -0.8023
vn 0.5072 -0.3236 -0.7988
vn 0.0810 -0.1289 -0.9884
vn 0.1152 -0.0772 -0.9903
vn 0.4800 -0.2698 -0.8348
vn 0.3320 0.9142 -0.2325
vn 0.3584 0.9152 -0.1840
vn 0.3591 0.9167 -0.1754
vn 0.4179 0.8980 -0.1374
vn 0.3267 0.7143 -0.6189
vn 0.3398 0.7025 -0.6253
vn 0.2287 0.5196 -0.8233
vn 0.3245 0.3877 -0.8628
vn -0.1584 -0.3649 0.9175
vn 0.1141 -0.2686 0.9565
vn 0.1543 -0.5368 0.8295
vn 0.3857 0.7912 0.4746
vn 0.4238 0.7910 0.4412
vn 0.4233 0.9019 0.0863
vn 0.1618 -0.7982 0.5803
vn -0.0119 0.0624 0.9980
vn 0.1760 0.2248 0.9584
vn 0.3939 0.2535 -0.8835
vn 0.3476 0.3194 -0.8816
vn 0.3108 0.2538 0.9160
vn 0.4033 0.3170 0.8584
vn 0.4308 0.2256 0.8738
vn 0.4359 0.2147 -0.8740
vn 0.4246 0.2267 -0.8765
vn 0.4512 0.2491 0.8569
vn 0.5032 0.2616 -0.8236
vn 0.5259 0.0061 -0.8505
vn 0.4660 0.0133 0.8847
vn 0.4588 0.0136 0.8884
vn 0.3174 -0.0152 -0.9482
vn 0.5988 -0.0272 -0.8004
vn 0.4422 0.0004 -0.8969
vn 0.4979 0.0173 0.8670
vn 0.0971 -0.4686 -0.8781
vn 0.3891 -0.5502 0.7388
vn 0.4207 -0.5882 0.6907
vn 0.2386 -0.5544 0.7973
vn 0.3483 -0.6487 0.6767
vn 0.3803 -0.0583 -0.9230
vn 0.3917 -0.0533 -0.9186
vn 0.4670 -0.0549 -0.8826
vn 0.4493 -0.0606 -0.8913
vn 0.3716 0.1164 -0.9211
vn 0.3396 0.0783 -0.9373
vn 0.2709 -0.3986 0.8762
vn 0.4641 -0.0497 0.8844
vn 0.4341 -0.0489 0.8995
vn 0.4334 -0.0487 0.8999
vn 0.3944 -0.0163 0.9188
vn 0.3847 0.1048 0.9171
vn -0.5753 0.4496 0.6833
vn -0.5568 0.0967 0.8250
vn -0.6528 0.0835 0.7529
vn -0.5866 0.0649 -0.8072
vn -0.6773 0.0673 -0.7327
vn 0.3790 0.0747 -0.9224
vn 0.3754 0.1482 -0.9149
vn 0.3861 0.1092 -0.9160
vn 0.4806 0.0655 -0.8745
vn 0.4729 0.1089 -0.8743
vn 0.4795 0.1055 -0.8712
vn 0.3912 0.1062 -0.9142
vn -0.6820 0.0634 0.7286
vn -0.6755 0.0682 -0.7342
vn 0.3864 0.1182 0.9147
vn 0.3602 0.1201 0.9251
vn 0.3960 0.1326 0.9086
vn 0.3923 0.1019 0.9142
vn 0.4122 0.0007 -0.9111
vn -0.6828 0.0190 0.7304
vn -0.5877 -0.0112 -0.8090
vn -0.6774 0.0110 -0.7355
vn 0.3724 0.0658 0.9258
vn 0.3406 -0.2700 -0.9006
vn 0.3819 -0.0882 -0.9200
vn 0.3656 -0.2969 -0.8822
vn 0.3711 -0.1107 0.9220
vn 0.3462 -0.2799 0.8954
vn -0.6715 0.1098 -0.7329
vn 0.3243 -0.4098 -0.8526
vn 0.3553 -0.4255 -0.8323
vn 0.3499 -0.3833 0.8548
vn 0.3516 -0.0972 -0.9311
vn 0.3426 -0.0993 -0.9342
vn 0.3895 -0.0965 -0.9159
vn 0.4218 -0.0967 -0.9015
vn 0.3706 0.0535 0.9272
vn -0.4655 0.4071 0.7859
vn -0.4256 0.3847 0.8191
vn -0.5690 0.4103 0.7127
vn -0.4705 0.3582 -0.8064
vn -0.4820 0.3517 -0.8025
vn -0.4822 0.4453 0.7544
vn -0.3701 0.4653 -0.8040
vn -0.3838 0.6437 -0.6621
vn -0.3443 0.7541 0.5593
vn 0.2512 0.8414 0.4785
vn -0.3413 0.0339 0.9393
vn -0.3527 0.0503 0.9344
vn -0.3908 0.0363 0.9198
vn -0.4108 0.0677 0.9092
vn -0.3545 -0.3854 0.8519
vn 0.3645 -0.0709 -0.9285
vn 0.3504 -0.0597 -0.9347
vn -0.4757 -0.0131 0.8795
vn -0.5167 -0.0461 0.8549
vn -0.4817 -0.0079 -0.8763
vn -0.4833 -0.0089 -0.8754
vn 0.3240 -0.0014 0.9461
vn 0.1766 0.6010 0.7795
vn 0.2402 0.4979 0.8333
vn 0.2277 0.1180 0.9666
vn 0.3611 0.2314 -0.9034
vn -0.4335 0.7447 0.5074
vn 0.3725 0.2226 -0.9010
vn 0.3033 0.7442 0.5952
vn 0.1330 0.8419 0.5230
vn 0.0005 0.9934 -0.1147
vn 0.0048 0.9920 -0.1259
vn 0.1382 0.7540 0.6422
vn 0.1415 0.7578 0.6369
vn 0.6515 0.4176 -0.6334
vn 0.3566 0.6291 -0.6907
vn 0.2785 0.8616 0.4243
vn 0.3033 0.9261 0.2246
vn -0.1394 0.9808 0.1366
vn -0.1223 0.9867 0.1069
vn 0.0346 0.9944 0.1001
vn 0.0463 0.9977 -0.0496
vn -0.0822 0.9379 0.3370
vn 0.0898 0.9022 0.4218
vn 0.3239 0.9312 -0.1675
vn 0.3073 0.9338 -0.1830
vn 0.3714 0.8919 0.2580
vn 0.3428 0.6627 -0.6659
vn 0.3006 0.9452 0.1278
vn 0.9843 -0.1764 0.0068
vn 0.4282 -0.8614 -0.2733
vn 0.4136 -0.8862 -0.2090
vn 0.4558 -0.8900 -0.0087
vn 0.4838 -0.8746 -0.0313
vn 0.4811 -0.8723 0.0868
vn 0.4791 -0.8730 0.0908
vn 0.5121 -0.8580 -0.0408
vn 0.5126 -0.8576 -0.0420
vn 0.4558 -0.8900 -0.0141
vn 0.4970 -0.8676 -0.0168
vn 0.5124 -0.8584 -0.0257
vn 0.4432 -0.8964 -0.0081
vn 0.4830 -0.8755 0.0153
vn 0.4968 -0.8678 -0.0036
vn 0.4816 -0.8750 0.0503
vn 0.0306 -0.2129 0.9766
vn 0.0309 -0.1597 0.9867
vn 0.6729 0.4872 0.5567
vn 0.5242 0.6966 0.4898
vn 0.7911 0.5529 0.2617
vn 0.9859 0.0354 0.1635
vn 0.5694 0.6553 0.4963
vn 0.7968 0.5457 0.2595
vn 0.6140 0.7660 0.1905
vn 0.5019 0.8625 0.0656
vn 0.9168 0.3956 -0.0539
vn 0.4729 0.8787 -0.0654
vn 0.3343 0.9407 -0.0571
vn 0.0212 0.9788 -0.2036
vn 0.0779 0.9377 -0.3387
vn 0.6073 0.7566 0.2423
vn 0.5546 0.6851 0.4723
vn 0.9797 0.2003 -0.0016
vn 0.6729 0.0345 -0.7390
vn 0.4286 0.3273 -0.8421
vn 0.1396 0.4012 -0.9053
vn 0.2787 0.4369 -0.8552
vn 0.1254 0.4331 -0.8926
vn 0.2391 0.5096 -0.8265
vn 0.1255 0.4330 -0.8926
vn 0.0148 0.5278 -0.8492
vn 0.9664 -0.0971 -0.2379
vn 0.7875 0.5965 -0.1553
vn 0.7684 0.5639 -0.3026
vn 0.8701 -0.4818 -0.1044
vn 0.5463 -0.7073 -0.4487
vn 0.5459 -0.7070 -0.4497
vn 0.4759 -0.7962 -0.3737
vn 0.5394 -0.7165 -0.4424
vn 0.1645 -0.9772 -0.1343
vn 0.5452 -0.7074 -0.4499
vn -0.2970 -0.4206 -0.8573
vn 0.3183 -0.2621 -0.9110
vn 0.1299 -0.4349 -0.8911
vn 0.9936 -0.1054 -0.0403
vn 0.5706 -0.1875 -0.7995
vn 0.6099 -0.1032 -0.7857
vn 0.1386 0.9873 -0.0781
vn 0.5273 0.8496 0.0110
vn 0.3388 0.2844 -0.8969
vn 0.7491 0.2194 -0.6251
vn 0.2378 0.7633 -0.6007
vn 0.2833 0.7030 -0.6523
vn 0.2820 0.2512 -0.9259
vn 0.1180 -0.0021 -0.9930
vn 0.1233 -0.0117 -0.9923
vn 0.7654 -0.5087 -0.3943
vn 0.7718 -0.5037 -0.3882
vn 0.4756 -0.5772 0.6638
vn 0.5548 -0.6494 0.5200
vn 0.4285 -0.7683 0.4756
vn 0.4533 -0.7457 0.4883
vn 0.6181 -0.6228 0.4797
vn 0.5117 -0.5146 0.6880
vn 0.4625 -0.8107 -0.3589
vn 0.5554 -0.7477 -0.3640
vn 0.6279 -0.6627 -0.4082
vn 0.5192 -0.5672 -0.6393
vn 0.4529 -0.8188 -0.3528
vn 0.4456 -0.8082 -0.3850
vn 0.4288 -0.8300 -0.3566
vn 0.1746 -0.8800 -0.4417
vn 0.1522 -0.8680 -0.4726
vn 0.5331 -0.3269 0.7803
vn 0.5592 -0.3863 -0.7335
vn 0.5282 0.8367 -0.1447
vn 0.4705 0.8754 -0.1109
vn 0.4595 0.8599 -0.2224
vn 0.6454 0.5643 -0.5147
vn 0.5818 0.6239 -0.5218
vn 0.4833 0.7350 -0.4756
vn 0.1167 -0.2627 0.9578
vn 0.1345 -0.3030 -0.9434
vn 0.1209 -0.2717 -0.9548
vn 0.5067 0.7423 0.4384
vn 0.4860 0.8672 0.1085
vn 0.5370 0.8399 0.0794
vn 0.4377 0.8768 0.1989
vn 0.4823 0.8606 0.1635
vn 0.3929 0.6077 -0.6902
vn 0.2320 0.3722 -0.8987
vn 0.4361 0.1732 -0.8831
vn 0.6606 0.3459 -0.6663
vn 0.1267 -0.4670 0.8751
vn 0.1615 -0.5776 -0.8002
vn 0.3805 0.3032 -0.8737
vn 0.4209 0.2982 -0.8567
vn 0.4950 0.3350 0.8017
vn 0.5595 0.3239 0.7629
vn 0.5231 0.2405 0.8177
vn 0.4967 0.2601 0.8281
vn 0.5806 0.0004 -0.8142
vn 0.5411 0.0171 0.8408
vn 0.5390 0.0174 0.8421
vn 0.3058 -0.6018 0.7378
vn 0.4191 -0.6498 0.6342
vn 0.3558 -0.6492 0.6723
vn 0.3374 -0.7675 0.5450
vn -0.7256 0.4614 0.5106
vn -0.7270 0.0755 -0.6825
vn -0.7206 0.0765 0.6892
vn -0.8065 0.0600 0.5882
vn -0.8095 0.0633 0.5838
vn -0.7811 0.0538 -0.6221
vn 0.4511 0.0883 0.8881
vn 0.4741 0.1019 0.8745
vn 0.4736 0.1122 0.8736
vn 0.4739 0.1020 0.8746
vn 0.4025 -0.0961 -0.9103
vn 0.4742 -0.0823 -0.8766
vn -0.7143 -0.0184 0.6996
vn -0.7994 0.0119 0.6007
vn -0.8070 0.0234 0.5900
vn -0.7158 -0.0179 -0.6981
vn -0.7817 0.0220 -0.6233
vn 0.4838 -0.0853 0.8710
vn 0.4784 -0.0811 0.8744
vn 0.4605 -0.2842 -0.8409
vn 0.4756 -0.0812 -0.8759
vn 0.4560 -0.2790 -0.8451
vn 0.4736 -0.2889 -0.8320
vn -0.7939 0.1255 0.5950
vn -0.7933 0.0098 -0.6088
vn 0.4096 -0.0848 0.9083
vn 0.3947 -0.3029 0.8674
vn 0.5005 -0.2745 0.8211
vn 0.4482 -0.2735 0.8511
vn 0.4620 -0.2842 0.8401
vn -0.7118 0.1220 -0.6917
vn -0.7898 0.1027 -0.6047
vn 0.4626 -0.2984 -0.8349
vn 0.4151 -0.4322 -0.8005
vn 0.3575 -0.3875 0.8497
vn 0.4345 -0.3745 0.8191
vn 0.4057 -0.3510 0.8439
vn 0.3821 -0.4208 -0.8227
vn -0.7673 0.1180 -0.6304
vn 0.3672 -0.3399 -0.8658
vn 0.3899 -0.3412 -0.8553
vn 0.4212 -0.0968 -0.9018
vn 0.3990 -0.3466 -0.8489
vn -0.5924 0.4031 0.6976
vn -0.6033 0.4086 0.6849
vn -0.6194 0.3593 -0.6980
vn 0.4546 0.0548 0.8890
vn -0.6032 0.4933 0.6267
vn -0.5689 0.4245 0.7044
vn -0.6069 0.4249 0.6716
vn -0.5280 0.4741 -0.7046
vn -0.6033 0.4072 -0.6857
vn -0.5728 0.3954 -0.7180
vn -0.5048 0.5719 0.6466
vn -0.5231 0.6270 0.5772
vn -0.4585 0.6362 -0.6205
vn -0.5349 0.6046 -0.5902
vn -0.3844 0.7596 -0.5245
vn -0.4490 0.7118 0.5402
vn 0.2424 0.8200 0.5184
vn 0.3312 0.8407 0.4284
vn 0.3091 0.8974 0.3148
vn 0.2184 0.8710 0.4401
vn 0.4549 0.7566 0.4697
vn -0.4163 0.0685 0.9067
vn 0.4659 -0.1627 -0.8698
vn 0.4171 -0.1835 -0.8902
vn 0.4714 -0.0424 -0.8809
vn 0.5677 -0.1602 -0.8075
vn 0.6280 -0.0272 -0.7777
vn 0.5776 -0.0039 -0.8163
vn 0.4239 -0.0792 -0.9022
vn 0.5135 -0.0796 -0.8544
vn 0.3886 -0.0611 -0.9194
vn 0.4841 0.0425 -0.8740
vn -0.6357 -0.0339 0.7712
vn -0.6358 -0.0338 0.7711
vn -0.6753 -0.0339 0.7368
vn -0.7221 -0.0134 0.6916
vn -0.6218 -0.0039 -0.7831
vn -0.6148 0.0007 -0.7887
vn -0.7252 0.0201 -0.6883
vn 0.4478 0.0836 0.8902
vn 0.3053 0.1149 0.9453
vn 0.4581 0.0720 0.8860
vn 0.5356 0.1039 0.8381
vn 0.4167 0.2324 -0.8788
vn 0.4827 0.0251 -0.8754
vn 0.4146 0.2712 0.8687
vn 0.3866 0.4492 0.8055
vn 0.4518 0.2775 -0.8478
vn 0.3510 0.8199 0.4523
vn 0.1443 0.9787 -0.1461
vn 0.2973 0.7129 0.6352
vn 0.4237 0.5242 -0.7387
vn 0.3446 0.8879 0.3049
vn 0.3369 0.8630 0.3766
vn 0.4000 0.8751 0.2724
vn 0.3948 0.8792 0.2668
vn 0.2022 0.9441 0.2605
vn 0.1979 0.9270 0.3187
vn 0.4784 0.8343 -0.2742
vn 0.5342 0.5880 -0.6074
vn 0.6839 0.7070 -0.1799
vn 0.3689 0.9137 0.1706
vn 0.4711 0.8697 0.1472
vn 0.5947 -0.8039 0.0038
vn 0.5960 -0.8029 -0.0126
vn 0.5950 -0.8037 -0.0114
vn 0.5967 -0.8023 0.0162
vn 0.5751 -0.8150 -0.0717
vn 0.6003 -0.7968 -0.0684
vn 0.6009 -0.7985 -0.0352
vn 0.6095 -0.7644 -0.2100
vn 0.6300 -0.7691 -0.1075
vn 0.5718 -0.8204 -0.0106
vn 0.5837 -0.8118 -0.0165
vn 0.5712 -0.8201 -0.0341
vn 0.5112 -0.8542 0.0955
vn 0.0433 0.7731 -0.6328
vn 0.9449 0.3274 0.0037
vn -0.2813 -0.4129 -0.8662
vn -0.0083 0.7508 -0.6605
vn -0.0073 0.7361 -0.6769
vn -0.0362 0.7219 -0.6910
vn -0.3121 0.6683 -0.6752
vn -0.4293 0.6841 -0.5896
vn -0.0301 -0.0076 -0.9995
vn -0.0084 -0.8131 -0.5821
vn -0.0029 0.0084 -1.0000
vn 0.7007 -0.4661 0.5402
vn 0.6790 -0.5585 0.4765
vn 0.7776 -0.4108 0.4760
vn 0.8187 -0.3225 0.4750
vn 0.6523 -0.5755 0.4934
vn 0.7350 -0.3725 0.5666
vn 0.7136 -0.3822 0.5872
vn 0.7458 -0.5026 -0.4372
vn 0.8579 -0.3653 -0.3612
vn 0.7214 -0.4322 -0.5411
vn 0.6440 -0.6488 -0.4054
vn 0.7265 -0.4850 -0.4868
vn -0.2970 -0.7568 -0.5823
vn 0.8556 -0.2301 0.4637
vn 0.8302 -0.3494 0.4343
vn 0.7266 -0.3595 0.5855
vn 0.5708 -0.2954 0.7661
vn 0.9000 -0.2658 -0.3454
vn 0.6736 -0.3225 -0.6650
vn 0.7269 -0.4190 -0.5441
vn 0.3622 0.8021 -0.4748
vn 0.4251 0.8955 -0.1318
vn 0.2017 0.9498 -0.2393
vn 0.6754 0.7345 -0.0668
vn 0.5725 0.8199 -0.0038
vn 0.5719 0.8188 -0.0504
vn 0.7656 0.4991 -0.4059
vn 0.6306 0.6557 -0.4153
vn 0.7038 0.3363 -0.6257
vn 0.8161 0.1356 -0.5618
vn 0.6164 0.7430 0.2609
vn 0.8154 0.5788 0.0116
vn 0.5924 0.8020 0.0772
vn 0.6378 0.7702 0.0010
vn 0.5898 0.8042 0.0728
vn 0.5354 0.8124 0.2312
vn 0.5867 0.7885 0.1848
vn 0.4988 0.7307 0.4661
vn 0.5726 0.8012 0.1738
vn 0.5588 0.1611 -0.8135
vn 0.6165 0.1064 -0.7801
vn 0.5946 0.0476 -0.8026
vn 0.4688 -0.5376 0.7008
vn 0.3233 -0.8417 -0.4324
vn 0.1740 -0.5403 -0.8233
vn 0.4803 -0.7222 0.4978
vn 0.4733 0.1860 -0.8611
vn 0.4357 0.2521 0.8641
vn 0.5051 0.2598 0.8230
vn 0.5535 0.2908 -0.7804
vn 0.5499 0.2784 -0.7875
vn 0.5873 0.2389 -0.7733
vn 0.5867 0.2397 -0.7735
vn 0.5893 0.2643 0.7634
vn 0.5971 0.2568 0.7599
vn 0.6032 0.0091 -0.7976
vn 0.6237 0.0074 -0.7817
vn 0.5818 0.0173 0.8131
vn 0.6131 0.0145 0.7899
vn 0.6563 0.0149 -0.7543
vn 0.6396 0.0174 0.7685
vn 0.5162 -0.5888 -0.6220
vn 0.4583 -0.6496 0.6067
vn 0.5208 -0.6316 0.5743
vn 0.4465 -0.6286 0.6368
vn 0.4857 -0.6484 0.5862
vn 0.4817 -0.6491 0.5887
vn 0.4618 -0.6697 0.5816
vn 0.3731 -0.7871 0.4912
vn 0.3708 -0.7682 0.5219
vn 0.4686 -0.6497 0.5987
vn 0.5261 -0.0565 -0.8485
vn 0.5294 0.0484 -0.8470
vn 0.5431 -0.0496 -0.8382
vn 0.4732 0.0902 -0.8763
vn 0.4364 -0.6115 -0.6600
vn 0.3971 -0.6564 0.6415
vn 0.4392 -0.5269 0.7277
vn 0.5203 -0.0469 0.8527
vn 0.5854 -0.0465 0.8094
vn 0.5920 -0.0482 0.8045
vn 0.5257 -0.0495 0.8492
vn 0.5184 0.0582 0.8531
vn -0.7494 0.4261 0.5068
vn -0.7875 0.4626 -0.4073
vn -0.8182 0.4263 -0.3858
vn -0.8139 0.0768 -0.5758
vn 0.5575 0.1046 -0.8236
vn 0.5343 0.1129 -0.8377
vn 0.5615 0.0303 -0.8269
vn 0.5549 0.1364 -0.8207
vn -0.8441 0.0756 0.5309
vn -0.8932 0.0655 0.4448
vn -0.9375 0.1309 0.3225
vn -0.8972 0.0635 -0.4371
vn 0.5200 0.1011 0.8482
vn 0.5252 0.0814 0.8471
vn 0.5554 0.0956 -0.8261
vn 0.5515 0.1130 -0.8265
vn 0.5374 -0.0813 -0.8394
vn 0.5535 -0.0897 -0.8280
vn 0.5709 0.1025 -0.8146
vn -0.8683 -0.0121 0.4958
vn -0.8866 -0.0024 0.4625
vn -0.8957 0.0157 0.4444
vn -0.8734 0.0448 -0.4849
vn -0.8501 0.0156 -0.5265
vn -0.8806 0.0449 -0.4716
vn 0.5601 0.1152 0.8203
vn 0.5518 0.1152 0.8260
vn 0.5688 0.1164 0.8142
vn 0.5677 0.1067 0.8163
vn 0.5557 0.0952 0.8259
vn 0.5509 -0.0917 0.8295
vn 0.4817 -0.2788 -0.8308
vn 0.5096 -0.2955 -0.8081
vn -0.8771 -0.0530 0.4773
vn -0.8705 0.1244 0.4761
vn -0.8669 -0.0443 -0.4965
vn -0.8871 0.0321 -0.4605
vn 0.4900 -0.2797 0.8257
vn -0.8686 0.1261 0.4792
vn -0.9445 0.0030 0.3284
vn -0.8647 0.1155 -0.4889
vn -0.9519 -0.0097 -0.3061
vn -0.9380 0.0354 -0.3448
vn -0.9358 0.1100 -0.3350
vn -0.9332 0.1062 -0.3433
vn -0.8680 0.1179 -0.4824
vn 0.4622 -0.3737 0.8042
vn 0.5045 -0.3732 0.7786
vn 0.4513 -0.4206 -0.7870
vn 0.5009 -0.4364 -0.7474
vn 0.4183 -0.5378 -0.7320
vn 0.4815 -0.0949 -0.8713
vn 0.4605 -0.3447 -0.8180
vn 0.4489 -0.3388 -0.8269
vn 0.4679 -0.0973 -0.8784
vn -0.6175 0.4088 0.6720
vn -0.6629 0.4351 0.6092
vn -0.6877 0.3609 -0.6300
vn 0.4648 0.0497 0.8840
vn -0.6959 0.3548 -0.6244
vn -0.5501 0.6283 -0.5500
vn -0.6496 0.4107 -0.6398
vn 0.4635 0.0506 0.8846
vn -0.6230 0.6263 0.4687
vn -0.4774 0.7794 0.4057
vn -0.6528 0.5440 -0.5272
vn -0.5838 0.2065 0.7852
vn -0.4967 0.1005 0.8621
vn -0.5505 -0.2542 0.7952
vn 0.4461 -0.2688 -0.8537
vn 0.4651 -0.1193 -0.8772
vn 0.4938 -0.3363 -0.8019
vn 0.5185 -0.3232 -0.7916
vn 0.6838 -0.0635 -0.7269
vn 0.5427 -0.0645 -0.8374
vn 0.5259 -0.3012 -0.7954
vn -0.7339 -0.0134 0.6791
vn -0.4805 0.7724 0.4154
vn -0.7334 -0.0131 0.6797
vn -0.7142 0.0228 -0.6995
vn -0.7067 0.0289 -0.7069
vn 0.5993 0.1234 -0.7910
vn 0.3886 0.4466 0.8060
vn 0.4742 0.4996 0.7249
vn 0.6165 0.2824 -0.7350
vn 0.6233 0.2769 -0.7313
vn 0.1792 0.9820 -0.0596
vn 0.3458 0.9349 0.0802
vn 0.3075 0.9332 0.1860
vn 0.4094 0.7703 0.4890
vn 0.5060 0.8334 0.2223
vn 0.4425 0.8822 0.1610
vn 0.3727 0.8546 0.3616
vn 0.4212 0.7659 0.4858
vn 0.6631 -0.7372 0.1294
vn 0.6646 -0.7392 -0.1091
vn 0.6185 -0.7856 0.0162
vn 0.6569 -0.7540 -0.0028
vn 0.6159 -0.7814 0.0999
vn 0.6493 -0.7605 -0.0116
vn 0.6331 -0.7733 -0.0333
vn 0.6333 -0.7739 -0.0049
vn 0.9921 0.0982 0.0776
vn 0.9945 0.0839 0.0625
vn 0.9546 0.2941 0.0468
vn 0.9988 0.0397 0.0278
vn 0.9158 0.3943 -0.0766
vn 0.8765 0.4733 -0.0879
vn 0.9357 0.0820 -0.3432
vn 0.8141 -0.3979 -0.4230
vn 0.8694 0.1061 -0.4825
vn 0.8201 0.0091 -0.5721
vn 0.7144 0.6650 -0.2180
vn 0.6532 0.2337 -0.7202
vn -0.2335 0.0070 -0.9723
vn -0.3633 0.1871 -0.9127
vn 0.1941 0.9810 -0.0050
vn 0.6697 0.7390 0.0729
vn 0.9603 0.2686 0.0754
vn 0.4159 0.2297 -0.8799
vn 0.8292 0.5576 0.0396
vn 0.6598 0.0930 -0.7457
vn 0.6133 0.1703 -0.7713
vn 0.5871 0.2678 -0.7639
vn 0.4819 0.1120 -0.8691
vn 0.5941 -0.0322 -0.8038
vn -0.2647 -0.0367 -0.9636
vn 0.6825 0.7309 0.0015
vn 0.5498 0.8347 -0.0319
vn 0.6241 0.7794 0.0547
vn 0.9292 0.3588 -0.0884
vn 0.9122 0.3993 -0.0923
vn 0.9571 0.1332 0.2573
vn 0.9620 -0.1942 0.1920
vn 0.9972 -0.0301 0.0691
vn 0.9776 0.1464 0.1514
vn 0.9217 0.3851 0.0459
vn 0.6646 -0.3746 0.6465
vn 0.7865 -0.3440 -0.5129
vn 0.8835 -0.3281 -0.3342
vn 0.9640 -0.2343 -0.1258
vn 0.6772 -0.3205 -0.6623
vn 0.6543 -0.3093 -0.6901
vn 0.8768 0.4798 -0.0313
vn 0.7419 -0.0514 0.6685
vn 0.8744 0.4852 -0.0009
vn 0.6617 0.7454 0.0807
vn 0.7110 0.7002 0.0649
vn 0.9217 0.3698 -0.1169
vn 0.9911 -0.0788 -0.1073
vn 0.9970 0.0408 0.0659
vn 0.9568 -0.2906 0.0077
vn 0.9565 -0.2840 -0.0673
vn 0.9870 -0.1503 -0.0572
vn 0.6637 -0.3774 0.6458
vn 0.6823 -0.3709 0.6300
vn 0.7597 -0.4102 -0.5046
vn 0.6806 0.7248 0.1070
vn 0.7530 -0.5036 0.4235
vn 0.7159 -0.4633 -0.5223
vn 0.9616 -0.2745 -0.0046
vn 0.9091 -0.4026 0.1075
vn 0.9574 -0.0060 0.2886
vn 0.8410 -0.1624 0.5161
vn 0.7501 -0.4560 0.4789
vn 0.7978 -0.4565 0.3937
vn 0.7866 -0.4658 -0.4053
vn 0.7646 -0.5791 -0.2830
vn 0.6321 0.1118 0.7668
vn 0.7293 -0.5890 0.3481
vn 0.7901 -0.5920 0.1589
vn 0.8207 -0.5605 0.1107
vn 0.8227 -0.5380 0.1834
vn 0.8276 -0.5350 0.1696
vn 0.8300 -0.5577 -0.0105
vn 0.8125 -0.5810 0.0475
vn 0.8156 -0.5713 0.0916
vn 0.8253 -0.5401 0.1647
vn 0.8281 -0.5347 0.1680
vn 0.8425 -0.5384 0.0200
vn 0.8316 -0.5542 -0.0372
vn 0.8445 -0.5292 0.0815
vn 0.8037 -0.5949 -0.0131
vn 0.8189 -0.5438 -0.1836
vn 0.8143 -0.5665 -0.1269
vn 0.8431 -0.4959 -0.2079
vn 0.8158 -0.5610 -0.1408
vn 0.8516 -0.5163 -0.0900
vn 0.8351 -0.5495 -0.0238
vn 0.8155 -0.5646 -0.1272
vn 0.7667 -0.5760 -0.2835
vn 0.7696 -0.5838 -0.2585
vn 0.7382 0.1391 -0.6601
vn 0.8293 -0.5451 0.1229
vn 0.7909 -0.6099 -0.0500
vn 0.8367 -0.5353 -0.1155
vn 0.6855 0.2070 0.6980
vn 0.6747 0.2065 0.7086
vn 0.5628 0.2823 -0.7768
vn 0.7397 0.1873 -0.6464
vn 0.6625 0.2034 0.7209
vn 0.7503 0.2651 0.6055
vn 0.5871 0.3262 0.7409
vn 0.5727 0.3018 -0.7622
vn 0.6901 0.2924 -0.6620
vn 0.7080 0.2569 0.6578
vn 0.6797 0.2492 -0.6899
vn 0.6970 0.2285 -0.6797
vn 0.6918 0.2186 0.6882
vn 0.7003 0.0138 -0.7137
vn 0.7292 0.0175 -0.6841
vn 0.6969 0.0142 -0.7170
vn 0.7092 0.0134 0.7049
vn 0.7361 0.0170 0.6767
vn 0.6795 0.0167 0.7335
vn 0.5773 -0.5683 -0.5864
vn 0.5306 -0.6468 0.5478
vn 0.6599 -0.5968 0.4564
vn 0.4684 -0.5982 0.6502
vn 0.5542 -0.6452 0.5259
vn 0.4418 -0.7693 0.4615
vn 0.4399 -0.7540 0.4879
vn 0.4689 -0.7692 0.4342
vn 0.5370 -0.4843 -0.6907
vn 0.6072 -0.0494 -0.7930
vn 0.4335 -0.7614 0.4820
vn 0.4292 -0.7020 0.5684
vn 0.4537 -0.6998 0.5517
vn 0.5285 -0.7040 0.4744
vn 0.5061 -0.6139 0.6058
vn 0.5459 -0.6436 0.5365
vn 0.4915 -0.7559 0.4325
vn 0.4852 -0.7051 0.5172
vn 0.4580 -0.6292 0.6280
vn 0.6067 -0.0497 -0.7934
vn -0.8894 0.3562 0.2867
vn -0.8499 0.3929 -0.3512
vn -0.9067 0.0837 0.4133
vn -0.9554 0.0613 -0.2888
vn -0.9502 0.0714 -0.3033
vn 0.6095 0.0352 -0.7920
vn 0.6445 0.1022 -0.7577
vn 0.6298 0.1096 -0.7690
vn 0.6451 0.0684 -0.7610
vn 0.6461 0.1407 -0.7502
vn 0.6424 0.1050 -0.7591
vn -0.9442 0.1308 0.3023
vn -0.9869 0.0555 0.1515
vn -0.9607 0.0233 0.2766
vn -0.9517 0.0230 0.3062
vn -0.9839 -0.0643 0.1667
vn -0.9762 0.0545 0.2097
vn -0.9865 0.0045 0.1636
vn -0.9884 0.1237 0.0883
vn -0.9802 0.0588 -0.1893
vn -0.9936 0.0587 -0.0960
vn -0.9553 0.0338 -0.2938
vn -0.9794 -0.0547 -0.1946
vn -0.9863 0.0278 -0.1623
vn -0.9841 0.0765 -0.1603
vn 0.5929 0.0712 0.8021
vn 0.6319 0.1065 0.7677
vn 0.6368 0.0765 -0.7672
vn 0.6255 0.1096 -0.7725
vn 0.6351 -0.0532 -0.7706
vn 0.6342 -0.0872 -0.7683
vn 0.6501 0.0955 -0.7539
vn 0.6472 0.1145 0.7537
vn 0.6267 0.1144 0.7708
vn 0.6434 0.0777 0.7615
vn 0.6480 0.1021 0.7547
vn 0.6376 0.0792 0.7663
vn 0.6331 -0.0994 0.7677
vn 0.6147 -0.0919 -0.7834
vn 0.6337 -0.0920 -0.7681
vn 0.5750 -0.1146 -0.8101
vn 0.5914 -0.2910 -0.7520
vn 0.6523 -0.0844 -0.7532
vn 0.6276 -0.2746 -0.7285
vn 0.6447 -0.2877 -0.7082
vn 0.5605 -0.2818 -0.7787
vn 0.5779 -0.2818 -0.7659
vn 0.5847 -0.2983 -0.7544
vn -0.9829 0.0190 0.1834
vn 0.6520 -0.0919 0.7526
vn 0.5577 -0.0866 0.8255
vn 0.6127 -0.0867 0.7856
vn 0.5365 -0.2987 0.7892
vn 0.5881 -0.2903 0.7549
vn 0.6021 -0.2748 0.7497
vn 0.5641 -0.2746 0.7787
vn 0.6250 -0.2885 0.7254
vn -0.9699 0.0619 0.2353
vn -0.9970 0.0642 0.0423
vn -0.9963 0.0815 0.0260
vn -0.9985 0.0068 0.0540
vn 0.9873 -0.1381 -0.0791
vn -0.9984 -0.0059 -0.0564
vn -0.9931 0.1047 -0.0525
vn -0.9766 0.1059 -0.1873
vn -0.9986 0.0053 -0.0526
vn -0.9899 0.0762 -0.1196
vn -0.9988 0.0115 0.0474
vn -0.9925 0.1067 0.0593
vn -0.9924 0.1076 -0.0600
vn -0.9765 0.1057 -0.1880
vn 0.5817 -0.3020 -0.7553
vn 0.5435 -0.4252 -0.7238
vn -0.9776 0.1076 0.1806
vn 0.5079 -0.3716 0.7771
vn 0.5113 -0.3730 0.7743
vn 0.5505 -0.4290 -0.7162
vn 0.5097 -0.0973 -0.8548
vn 0.5150 -0.0977 -0.8516
vn 0.4809 -0.3278 -0.8132
vn 0.5217 -0.3278 -0.7877
vn 0.5396 -0.0965 -0.8364
vn 0.5123 -0.3219 -0.7962
vn -0.7228 0.4360 0.5361
vn -0.7830 0.4011 0.4754
vn -0.7797 0.3965 0.4846
vn -0.8034 0.3629 -0.4720
vn 0.5458 0.0423 0.8368
vn -0.6618 0.4730 0.5815
vn -0.7158 0.4844 0.5030
vn -0.7311 0.4101 -0.5453
vn -0.7178 0.4630 -0.5201
vn -0.6147 0.5011 -0.6091
vn -0.7967 0.3726 -0.4759
vn 0.5840 0.0624 0.8094
vn -0.7873 0.4462 0.4255
vn -0.7166 0.4640 -0.5209
vn -0.8008 0.4654 -0.3771
vn -0.5326 0.7474 -0.3973
vn -0.5528 0.3770 0.7432
vn -0.4919 0.7500 0.4421
vn -0.6819 0.6036 0.4130
vn -0.6152 0.0988 0.7821
vn -0.6026 0.0865 0.7933
vn 0.5917 0.0015 -0.8061
vn 0.6540 0.4202 -0.6291
vn 0.6371 0.4104 -0.6524
vn 0.7006 -0.0129 -0.7135
vn -0.6267 -0.1022 0.7725
vn -0.6266 -0.1018 0.7726
vn -0.7961 -0.0251 0.6046
vn -0.7961 -0.0256 0.6046
vn -0.8052 -0.0134 0.5929
vn -0.8049 -0.0132 0.5932
vn -0.6680 0.5617 0.4881
vn -0.6677 0.5620 0.4882
vn -0.5258 0.7636 0.3746
vn -0.7873 -0.0216 0.6162
vn -0.7872 -0.0220 0.6163
vn -0.6212 -0.6773 0.3942
vn -0.8717 -0.0130 0.4899
vn -0.8005 0.0108 -0.5992
vn -0.7964 0.0086 -0.6047
vn -0.8768 -0.0149 -0.4806
vn -0.8451 0.0228 -0.5341
vn -0.5595 0.7561 -0.3394
vn -0.8751 -0.0164 0.4836
vn -0.6515 0.6801 0.3361
vn 0.7808 0.5561 -0.2848
vn 0.7680 0.3095 -0.5607
vn 0.6093 0.7398 -0.2855
vn 0.6670 0.5538 -0.4984
vn 0.6936 0.6975 -0.1801
vn 0.6025 0.7963 0.0542
vn 0.2208 0.9363 0.2732
vn 0.2723 0.9443 0.1848
vn 0.4104 0.8358 0.3647
vn 0.4085 0.8355 0.3677
vn 0.3713 0.8968 0.2405
vn 0.6347 0.7442 0.2082
vn 0.6069 0.7567 -0.2431
vn 0.7344 -0.6380 -0.2315
vn 0.7193 -0.6813 -0.1358
vn 0.7911 -0.5507 -0.2663
vn 0.7254 -0.6876 -0.0303
vn 0.7512 -0.6600 -0.0078
vn 0.7508 -0.6582 0.0557
vn 0.7224 -0.6710 -0.1669
vn 0.6570 -0.7444 -0.1193
vn 0.6597 -0.7493 -0.0582
vn 0.6877 -0.7255 -0.0277
vn 0.6591 -0.7520 -0.0035
vn 0.6851 -0.7282 0.0211
vn 0.6820 -0.7284 0.0659
vn 0.3402 -0.2253 -0.9129
vn 0.5874 0.0661 -0.8066
vn 0.3254 -0.2247 -0.9185
vn 0.4917 -0.3343 -0.8040
vn 0.6259 0.0307 -0.7793
vn 0.8749 0.4842 0.0115
vn 0.6396 0.6063 0.4726
vn 0.7386 0.2334 -0.6325
vn 0.8624 -0.0381 -0.5049
vn 0.7740 -0.0112 -0.6331
vn 0.9862 0.1653 0.0067
vn 0.9814 0.1919 0.0061
vn 0.9977 0.0622 0.0271
vn 0.8303 0.0870 -0.5505
vn 0.6496 0.1548 -0.7443
vn 0.8409 0.0030 -0.5411
vn 0.7512 0.0037 -0.6601
vn 0.7707 -0.0133 -0.6370
vn 0.4515 -0.1843 -0.8730
vn 0.4091 0.0288 -0.9120
vn 0.4531 -0.1483 -0.8790
vn 0.4803 -0.0541 -0.8754
vn 0.4333 -0.0529 -0.8997
vn 0.3974 -0.0066 -0.9176
vn 0.9735 -0.2284 -0.0074
vn 0.7104 0.0102 -0.7037
vn 0.6450 0.1263 -0.7537
vn 0.9543 0.2969 0.0358
vn 0.9830 0.1830 0.0121
vn 0.3871 0.0942 -0.9172
vn 0.6389 0.0045 -0.7693
vn 0.3762 0.1116 -0.9198
vn 0.5716 0.0174 -0.8204
vn 0.6072 -0.0303 -0.7940
vn 0.6345 -0.0449 -0.7716
vn 0.3726 0.0517 0.9265
vn -0.7946 0.1848 -0.5783
vn -0.8343 0.1357 -0.5344
vn 0.5585 0.2221 0.7992
vn 0.7086 0.2176 0.6712
vn 0.4015 0.3829 0.8320
vn 0.7857 -0.0025 0.6186
vn 0.6975 0.0203 0.7163
vn -0.7569 -0.1895 -0.6254
vn 0.7740 0.6332 0.0096
vn 0.7750 0.6319 0.0067
vn 0.7385 0.6674 0.0957
vn 0.7691 0.6323 0.0931
vn 0.7542 0.6520 0.0774
vn 0.7520 0.6451 0.1353
vn 0.8076 0.5493 0.2148
vn 0.7061 0.6633 -0.2480
vn 0.6851 0.7003 -0.2004
vn 0.6978 0.7163 0.0016
vn 0.6647 0.7424 -0.0843
vn 0.7194 0.6934 -0.0396
vn 0.6655 0.7422 0.0787
vn 0.6377 0.7675 0.0651
vn 0.7209 0.6898 0.0664
vn 0.7194 0.6914 0.0672
vn 0.9541 -0.2893 -0.0779
vn 0.7500 0.1165 -0.6511
vn 0.9483 -0.3165 -0.0219
vn 0.9712 -0.2380 -0.0141
vn 0.9201 -0.3904 0.0313
vn 0.8772 -0.4615 0.1323
vn 0.9527 -0.2975 -0.0623
vn 0.9567 -0.2868 -0.0489
vn 0.9648 -0.2593 -0.0438
vn 0.9338 0.0176 -0.3573
vn 0.9186 0.0340 -0.3938
vn 0.9508 -0.2939 -0.0979
vn 0.9576 -0.2804 -0.0668
vn 0.8374 -0.4893 -0.2436
vn 0.8992 -0.4320 0.0690
vn 0.8477 -0.5302 0.0187
vn 0.8809 -0.4709 0.0487
vn 0.8811 -0.4703 0.0507
vn 0.8873 -0.4607 0.0216
vn 0.8838 -0.4650 0.0516
vn 0.8827 -0.4684 0.0378
vn 0.8979 -0.4401 0.0019
vn 0.8911 -0.4536 0.0166
vn 0.8867 -0.4596 0.0495
vn 0.8946 -0.4464 -0.0205
vn 0.8977 -0.4395 -0.0294
vn 0.8929 -0.4476 -0.0482
vn 0.8865 -0.4601 -0.0493
vn 0.8880 -0.4550 -0.0665
vn 0.8886 -0.4556 -0.0540
vn 0.8917 -0.4476 -0.0674
vn 0.8607 -0.5069 -0.0479
vn 0.8821 -0.4692 -0.0430
vn 0.8953 -0.4399 -0.0707
vn 0.8869 -0.4585 -0.0557
vn 0.8612 -0.5068 -0.0393
vn 0.8284 -0.5598 0.0198
vn 0.8842 -0.4629 -0.0619
vn 0.8340 -0.5362 -0.1304
vn 0.8644 -0.4859 -0.1295
vn 0.9592 -0.2786 0.0483
vn 0.9478 -0.3179 0.0260
vn 0.7889 0.1839 -0.5864
vn 0.9015 -0.4295 0.0537
vn 0.9003 -0.4341 0.0302
vn 0.9100 -0.4145 0.0070
vn 0.9035 -0.4254 0.0521
vn 0.8734 -0.4801 -0.0813
vn 0.8964 -0.4405 -0.0491
vn 0.8987 -0.4303 -0.0844
vn 0.8930 -0.4448 -0.0680
vn 0.8742 -0.4684 -0.1283
vn 0.8998 -0.4354 0.0295
vn 0.8958 -0.4418 -0.0488
vn 0.7471 0.2655 0.6093
vn 0.7557 0.1417 -0.6394
vn 0.8911 -0.4534 0.0166
vn 0.8823 -0.4696 -0.0306
vn 0.8900 -0.4543 -0.0396
vn 0.8840 -0.4664 0.0328
vn 0.7306 0.2566 0.6327
vn 0.7421 0.2472 -0.6230
vn 0.7114 0.2452 0.6586
vn 0.8292 0.2267 0.5109
vn 0.7741 0.2263 -0.5912
vn 0.8118 0.1812 -0.5551
vn 0.7627 0.2188 0.6087
vn 0.8042 0.1642 0.5713
vn 0.7896 0.0143 -0.6135
vn 0.7795 0.0256 0.6259
vn 0.8138 0.0179 0.5809
vn 0.7919 0.0145 -0.6105
vn 0.7637 0.0177 -0.6453
vn 0.7158 -0.0340 0.6975
vn 0.6137 -0.5751 -0.5409
vn 0.5424 -0.6452 0.5381
vn 0.6535 -0.6040 0.4563
vn 0.5982 -0.6074 0.5227
vn 0.6074 -0.6308 0.4829
vn 0.4849 -0.7638 0.4259
vn 0.4838 -0.7563 0.4404
vn 0.6167 -0.6310 0.4706
vn 0.5604 -0.7498 0.3517
vn 0.6669 -0.0489 -0.7436
vn 0.6694 -0.0482 -0.7413
vn 0.6395 -0.0342 0.7681
vn 0.7040 -0.0341 0.7094
vn 0.7123 -0.0375 0.7009
vn 0.6565 -0.0406 0.7532
vn 0.6459 0.1168 0.7544
vn 0.6431 0.0821 0.7613
vn 0.7056 0.1170 0.6989
vn 0.7154 0.0899 -0.6930
vn 0.7206 0.0958 -0.6867
vn 0.7117 0.1015 -0.6951
vn 0.7153 0.0909 -0.6929
vn -0.9888 0.0995 0.1113
vn -0.9914 0.1231 0.0447
vn -0.9937 0.0991 -0.0516
vn 0.7070 0.1022 0.6998
vn 0.7109 0.0589 -0.7008
vn 0.6944 0.1016 -0.7124
vn 0.6873 -0.0847 -0.7214
vn 0.7084 -0.0978 -0.6990
vn 0.7150 0.0893 -0.6934
vn 0.7163 0.1085 0.6893
vn 0.6899 0.1085 0.7157
vn 0.7079 0.0995 0.6992
vn 0.7077 0.0983 0.6997
vn 0.7065 0.0653 0.7047
vn 0.7063 -0.0926 0.7018
vn 0.6337 -0.2746 -0.7232
vn 0.6569 -0.2903 -0.6958
vn 0.6690 -0.2670 0.6936
vn 0.6302 -0.2671 0.7291
vn 0.6385 -0.2965 -0.7103
vn 0.6069 -0.4044 -0.6842
vn 0.5818 -0.3739 0.7223
vn 0.5876 -0.3736 0.7177
vn 0.5537 -0.4485 -0.7016
vn 0.5856 -0.3724 0.7200
vn 0.5985 -0.1930 -0.7775
vn 0.6033 -0.1930 -0.7738
vn 0.5420 -0.0967 -0.8348
vn -0.8599 0.4010 0.3159
vn 0.6283 -0.0487 0.7764
vn 0.5780 -0.0923 -0.8108
vn 0.5477 -0.3151 -0.7751
vn 0.5813 -0.3134 -0.7509
vn 0.5888 -0.3181 -0.7431
vn 0.6563 -0.0929 -0.7487
vn 0.6175 -0.1054 -0.7795
vn 0.5542 -0.3209 -0.7680
vn 0.5763 -0.3045 -0.7584
vn -0.8132 0.4033 0.4196
vn -0.8480 0.3914 0.3574
vn -0.8573 0.4074 0.3147
vn -0.8723 0.3470 -0.3444
vn 0.5139 0.0678 0.8551
vn -0.7027 0.6825 -0.2013
vn -0.8258 0.3935 -0.4040
vn -0.6833 0.6122 -0.3978
vn 0.6581 0.1892 0.7287
vn -0.6983 0.6965 0.1654
vn -0.6099 0.0391 0.7915
vn -0.6435 0.0860 0.7606
vn -0.7105 0.0448 0.7022
vn -0.7086 0.0422 0.7044
vn -0.6238 -0.2763 0.7311
vn 0.5831 -0.2779 -0.7634
vn 0.5761 -0.2113 -0.7896
vn 0.6276 -0.2302 -0.7438
vn 0.6398 -0.3145 -0.7012
vn 0.6551 0.0326 -0.7549
vn 0.6710 0.0370 -0.7406
vn 0.6260 -0.3073 -0.7167
vn 0.6267 -0.3072 -0.7161
vn 0.6587 -0.2522 -0.7089
vn 0.6904 0.0234 -0.7231
vn 0.5882 -0.0131 -0.8086
vn 0.6456 0.0210 -0.7634
vn 0.4330 0.8214 -0.3712
vn -0.6183 -0.7187 0.3180
vn -0.8510 -0.4729 0.2283
vn -0.9039 0.0103 -0.4276
vn -0.9056 0.0117 -0.4239
vn -0.9328 -0.0162 0.3601
vn -0.9319 -0.0179 0.3624
vn -0.5802 0.7895 0.2001
vn 0.3050 0.9213 -0.2413
vn 0.4106 0.8584 -0.3075
vn 0.2538 0.9459 -0.2021
vn 0.3970 0.8671 -0.3008
vn 0.3644 0.8858 -0.2873
vn 0.7130 0.0639 -0.6983
vn 0.2991 0.9147 -0.2717
vn 0.7515 0.0691 -0.6562
vn 0.7348 0.0637 -0.6752
vn 0.7567 0.0661 -0.6504
vn 0.1097 0.9456 -0.3062
vn 0.3550 0.8555 -0.3769
vn 0.7776 0.0422 -0.6274
vn 0.8063 0.0682 -0.5876
vn 0.7935 0.0219 -0.6082
vn 0.3364 0.8574 -0.3894
vn 0.8356 0.0412 -0.5478
vn 0.6872 0.0238 -0.7261
vn 0.8216 0.2966 -0.4869
vn 0.3393 0.8249 -0.4520
vn 0.4641 0.7652 -0.4461
vn 0.1134 0.9258 -0.3607
vn 0.1781 0.9124 -0.3686
vn -0.0263 0.9683 -0.2486
vn 0.3104 0.9118 0.2689
vn 0.3108 0.9050 0.2906
vn 0.2708 0.9234 0.2720
vn 0.2778 0.9087 0.3116
vn 0.2167 0.8828 0.4168
vn 0.1346 0.9646 0.2269
vn 0.3132 0.8592 0.4044
vn 0.3045 0.8696 0.3886
vn 0.2985 0.8819 0.3649
vn 0.1387 0.9476 0.2876
vn 0.3121 0.8777 0.3635
vn 0.0044 0.9459 0.3244
vn 0.4269 0.7946 0.4318
vn 0.1466 0.8909 0.4299
vn 0.4594 0.7812 0.4227
vn 0.8343 -0.5152 -0.1962
vn 0.9567 0.1318 -0.2594
vn 0.8475 -0.5195 -0.1092
vn 0.8406 -0.5305 -0.1092
vn 0.7650 -0.6361 0.1009
vn 0.7851 -0.5822 -0.2111
vn 0.7363 -0.6608 -0.1458
vn 0.7423 -0.6676 -0.0577
vn 0.8095 -0.5872 0.0020
vn 0.7249 -0.6884 -0.0228
vn 0.7460 -0.6656 0.0213
vn 0.8440 -0.5349 0.0388
vn 0.8076 -0.5874 0.0531
vn 0.7454 -0.6659 -0.0321
vn 0.8312 -0.5536 0.0514
vn 0.8520 -0.5235 -0.0102
vn 0.8201 -0.5234 0.2311
vn 0.6879 -0.7219 0.0756
vn 0.8666 -0.1913 0.4609
vn 0.9009 -0.1899 0.3902
vn 0.9472 -0.1775 -0.2671
vn 0.8083 0.0077 -0.5888
vn 0.9318 -0.2948 -0.2116
vn 0.8595 -0.1765 -0.4798
vn 0.8437 -0.4006 -0.3574
vn 0.8686 -0.1908 0.4573
vn 0.8822 -0.1903 0.4306
vn 0.8842 -0.3298 0.3307
vn 0.6675 -0.3978 -0.6294
vn 0.7774 -0.4485 -0.4410
vn 0.7767 -0.4448 -0.4458
vn 0.6619 -0.3907 -0.6397
vn 0.7736 -0.4439 -0.4523
vn 0.7953 -0.5390 -0.2772
vn 0.7730 -0.4496 -0.4475
vn 0.5040 -0.7926 -0.3430
vn 0.6403 -0.7468 -0.1798
vn 0.8191 -0.5336 -0.2105
vn 0.8758 -0.4802 -0.0493
vn 0.9037 -0.4246 -0.0551
vn 0.8874 -0.4285 0.1700
vn 0.9379 -0.2319 -0.2581
vn 0.7450 -0.4818 -0.4613
vn 0.7126 0.2288 -0.6632
vn 0.5942 0.3867 -0.7053
vn 0.6905 0.4879 0.5340
vn 0.2820 0.5240 0.8037
vn 0.7569 0.4705 0.4535
vn 0.7572 0.4386 0.4841
vn 0.7737 0.5388 0.3332
vn 0.6590 0.6755 0.3309
vn 0.7470 0.6237 0.2302
vn 0.7584 0.5542 0.3430
vn 0.8522 0.2069 0.4805
vn 0.6816 0.4175 0.6009
vn 0.8086 0.0372 0.5871
vn 0.9322 0.2016 0.3007
vn 0.9163 0.3019 0.2632
vn 0.8608 0.3649 0.3548
vn 0.8125 0.4390 0.3836
vn 0.6341 0.6422 0.4308
vn 0.8262 0.5376 0.1685
vn 0.8417 0.5024 0.1979
vn 0.8272 0.5364 0.1672
vn 0.8370 0.5436 0.0630
vn 0.8382 0.5197 0.1652
vn 0.8461 0.4677 0.2558
vn 0.8322 0.5160 0.2027
vn 0.6915 0.6881 -0.2197
vn 0.8155 0.5750 -0.0657
vn 0.3833 0.3777 -0.8429
vn 0.7722 0.6321 -0.0642
vn 0.8528 0.4504 -0.2644
vn 0.7276 0.6487 -0.2232
vn 0.8004 0.5970 -0.0536
vn 0.7385 0.6713 -0.0627
vn 0.7463 0.6646 0.0357
vn 0.6799 0.7319 0.0463
vn 0.8128 0.5812 -0.0395
vn 0.7420 0.6573 0.1316
vn 0.7443 0.6550 0.1302
vn 0.8047 0.5653 0.1812
vn 0.9022 -0.4277 0.0552
vn 0.9514 -0.3079 0.0114
vn 0.9776 -0.2093 -0.0225
vn 0.9543 -0.2933 0.0569
vn 0.9436 -0.3151 0.1020
vn 0.9864 -0.0509 0.1561
vn 0.8097 0.2723 0.5198
vn 0.9378 -0.1744 0.3003
vn 0.9141 -0.4054 0.0070
vn 0.9309 -0.3643 -0.0243
vn 0.9522 -0.2997 0.0600
vn 0.9306 -0.3649 -0.0274
vn 0.9691 -0.2387 0.0626
vn 0.9272 0.0358 0.3730
vn 0.8889 0.0983 -0.4475
vn 0.9561 -0.2870 -0.0599
vn 0.9055 -0.4236 0.0258
vn 0.9032 -0.4286 0.0231
vn 0.8991 -0.4371 0.0234
vn 0.9091 -0.4148 -0.0387
vn 0.9085 -0.4159 -0.0411
vn 0.8975 -0.4395 -0.0353
vn 0.9128 -0.4059 -0.0454
vn 0.9185 -0.3953 -0.0087
vn 0.9477 -0.3080 0.0841
vn 0.9831 -0.0751 0.1671
vn 0.9143 0.1832 0.3612
vn 0.9702 -0.0941 0.2234
vn 0.9669 -0.0016 0.2552
vn 0.9942 -0.0644 0.0855
vn 0.9651 -0.0090 0.2617
vn 0.9704 -0.2416 -0.0015
vn 0.9546 -0.2963 0.0312
vn 0.8396 0.2287 0.4927
vn 0.8679 0.1686 -0.4673
vn 0.9299 0.1530 -0.3346
vn 0.7993 0.2450 -0.5488
vn 0.8043 0.1626 0.5716
vn 0.8244 0.1870 -0.5342
vn 0.8948 0.1324 -0.4265
vn 0.9231 0.0558 -0.3805
vn 0.9203 0.1001 -0.3782
vn 0.9005 0.1140 0.4197
vn 0.9023 0.0990 0.4196
vn 0.8273 0.1719 0.5348
vn 0.8868 0.0757 0.4559
vn 0.8425 0.0215 -0.5382
vn 0.9025 0.0196 -0.4302
vn 0.8504 -0.0020 -0.5262
vn 0.8893 0.0227 0.4568
vn 0.8123 0.0223 0.5828
vn 0.8398 0.0327 0.5420
vn 0.8711 0.0129 -0.4910
vn 0.9297 -0.1198 -0.3483
vn 0.6494 -0.1203 -0.7509
vn 0.9321 -0.1228 -0.3407
vn 0.8729 0.0173 0.4875
vn 0.6336 -0.4690 -0.6152
vn 0.8580 -0.0185 0.5133
vn 0.6590 -0.6398 0.3955
vn 0.6997 -0.5873 0.4068
vn 0.7418 -0.5967 0.3061
vn 0.7411 -0.5550 0.3777
vn 0.6771 -0.6533 0.3388
vn 0.6613 -0.6563 0.3633
vn 0.8023 -0.5539 0.2224
vn 0.5466 -0.7655 0.3395
vn 0.5180 -0.7778 0.3559
vn 0.5423 -0.7719 0.3318
vn 0.7164 -0.0473 -0.6961
vn 0.7778 -0.0440 -0.6270
vn 0.7150 -0.0465 -0.6976
vn 0.7146 0.0933 -0.6933
vn 0.5627 -0.7021 0.4364
vn 0.5925 -0.5930 0.5452
vn 0.5192 -0.7105 0.4749
vn 0.7351 -0.0414 0.6767
vn 0.7064 0.1220 0.6972
vn 0.7500 0.0715 0.6576
vn 0.7528 -0.0344 0.6573
vn 0.7795 0.0894 -0.6200
vn 0.7662 0.0993 -0.6349
vn 0.7717 0.0786 -0.6311
vn 0.7710 0.0920 -0.6301
vn 0.7667 0.0986 0.6344
vn 0.7745 0.0611 -0.6296
vn 0.7609 0.0994 -0.6412
vn 0.7293 -0.0866 -0.6787
vn 0.7736 -0.0932 -0.6268
vn 0.7741 0.0913 -0.6264
vn 0.7773 0.1070 0.6199
vn 0.7577 0.1073 0.6437
vn 0.7698 0.0885 0.6321
vn 0.7715 0.0990 0.6285
vn 0.7714 0.0684 0.6326
vn 0.7708 -0.1029 0.6287
vn 0.7709 -0.1030 0.6286
vn 0.6910 -0.2695 -0.6708
vn 0.6990 -0.2682 -0.6630
vn 0.7073 -0.2867 -0.6462
vn 0.6965 -0.1026 0.7102
vn 0.6689 -0.2951 0.6823
vn 0.7069 -0.2750 0.6517
vn 0.7012 -0.2749 0.6578
vn 0.7391 -0.3013 0.6024
vn 0.7047 -0.2912 -0.6470
vn 0.6499 -0.3817 0.6572
vn 0.6679 -0.4300 -0.6075
vn 0.6290 -0.4296 -0.6479
vn -0.8923 0.4048 0.1998
vn -0.9068 0.4079 0.1061
vn -0.8880 0.4095 0.2093
vn -0.9091 0.4160 0.0217
vn -0.9003 0.4171 0.1244
vn -0.9089 0.4139 -0.0504
vn -0.9100 0.4143 0.0183
vn -0.9051 0.4030 -0.1352
vn -0.9119 0.4034 -0.0755
vn -0.8905 0.3926 -0.2298
vn -0.9060 0.3928 -0.1578
vn -0.8896 0.3877 -0.2414
vn 0.6520 -0.1000 -0.7516
vn 0.6924 -0.1003 -0.7145
vn 0.6867 -0.1011 -0.7199
vn 0.6538 -0.3226 -0.6845
vn -0.6543 0.7518 0.0818
vn -0.6414 0.7672 -0.0079
vn -0.6784 0.7347 0.0011
vn -0.5922 0.8037 -0.0584
vn 0.4346 0.7481 0.5015
vn 0.5184 0.7603 0.3914
vn 0.4683 0.8622 0.1929
vn 0.3955 0.8713 0.2907
vn 0.6639 0.1875 0.7239
vn -0.7108 0.0423 0.7021
vn -0.7222 0.0289 0.6910
vn -0.7751 0.0348 0.6309
vn -0.7800 0.0443 0.6242
vn -0.6829 -0.3715 0.6289
vn -0.9991 -0.0210 0.0362
vn -0.9974 -0.0371 -0.0620
vn -0.9981 -0.0295 0.0549
vn -0.9863 -0.0081 -0.1648
vn -0.9850 -0.0112 -0.1721
vn -0.9594 -0.0087 -0.2819
vn -0.9560 -0.0132 -0.2930
vn -0.9387 -0.0143 0.3444
vn -0.9914 -0.0295 0.1277
vn -0.9845 -0.0503 0.1682
vn -0.6108 0.7798 -0.1369
vn 0.8472 -0.5215 -0.1010
vn 0.8519 -0.5236 0.0049
vn 0.8324 -0.5494 0.0732
vn 0.7845 -0.5147 0.3459
vn 0.7488 -0.4351 -0.5000
vn 0.8193 -0.5481 -0.1682
vn 0.8300 -0.5188 -0.2049
vn 0.7781 -0.4544 -0.4337
vn 0.8217 -0.5695 0.0203
vn 0.8316 -0.5553 -0.0095
vn 0.8520 -0.5235 -0.0028
vn 0.8594 -0.5001 0.1069
vn 0.8100 -0.5839 0.0534
vn 0.8556 -0.4974 0.1434
vn 0.9283 -0.3169 0.1946
vn 0.8502 -0.4870 0.2002
vn 0.8134 -0.5251 -0.2502
vn 0.8640 -0.4515 -0.2227
vn 0.9075 -0.3608 0.2152
vn 0.8175 -0.4524 0.3564
vn 0.8599 -0.4577 0.2259
vn 0.8732 -0.4671 0.1387
vn 0.8452 -0.3980 0.3567
vn 0.7272 0.6436 0.2386
vn 0.6978 0.5800 0.4204
vn 0.8455 0.5017 0.1828
vn 0.8288 0.5451 0.1264
vn 0.8095 0.5411 0.2279
vn 0.9204 0.3092 -0.2393
vn 0.8560 0.4429 -0.2666
vn 0.7547 0.4259 -0.4991
vn 0.7500 0.4335 -0.4996
vn 0.8655 0.4603 -0.1976
vn 0.8452 0.5327 -0.0432
vn 0.8384 0.4956 -0.2268
vn 0.8364 0.5124 0.1944
vn 0.8618 0.5054 0.0429
vn 0.8585 0.5108 0.0453
vn 0.8553 0.5172 0.0307
vn 0.8631 0.5048 -0.0120
vn 0.8129 0.5430 0.2106
vn 0.8591 0.4416 0.2588
vn 0.8497 0.4935 0.1859
vn 0.9506 0.0562 -0.3052
vn 0.9752 -0.0814 -0.2057
vn 0.9492 -0.3084 -0.0632
vn 0.9743 -0.0433 -0.2211
vn 0.9820 -0.0189 -0.1881
vn 0.9534 -0.2985 -0.0431
vn 0.9776 -0.1971 -0.0735
vn 0.9410 -0.3381 0.0101
vn 0.9403 -0.3403 -0.0091
vn 0.9483 -0.3165 -0.0243
vn 0.9853 -0.1508 0.0799
vn 0.9775 -0.2084 0.0326
vn 0.9801 -0.1945 0.0393
vn 0.9948 -0.0947 0.0373
vn 0.9940 -0.1010 0.0413
vn 0.9949 -0.0948 0.0352
vn 0.9828 -0.1624 0.0879
vn 0.9615 -0.2740 -0.0192
vn 0.9285 -0.3648 0.0697
vn 0.9795 -0.1423 0.1424
vn 0.9490 0.0714 -0.3072
vn 0.9817 -0.0595 -0.1809
vn 0.9795 -0.0624 -0.1917
vn 0.9818 -0.1740 -0.0757
vn 0.9860 -0.1328 -0.1012
vn 0.9921 -0.1254 -0.0075
vn 0.9939 -0.0484 0.0990
vn 0.9850 -0.0947 0.1439
vn 0.9851 0.0175 0.1709
vn 0.9679 -0.0466 0.2472
vn 0.9609 0.0780 0.2657
vn 0.9393 0.0234 0.3423
vn 0.9814 -0.0106 -0.1915
vn 0.9945 -0.0124 -0.1040
vn 0.9840 -0.0070 -0.1781
vn 0.9908 -0.0069 -0.1351
vn 0.9800 -0.0102 -0.1986
vn 0.9999 -0.0121 -0.0081
vn 0.9988 -0.0245 0.0420
vn 0.9888 -0.0246 0.1473
vn 0.9688 0.0124 0.2475
vn 0.9515 -0.0199 -0.3071
vn 0.9940 -0.0302 -0.1049
vn 0.9966 -0.0305 0.0765
vn 0.9395 0.0119 0.3424
vn 0.8824 -0.0024 -0.4706
vn 0.9939 -0.0604 -0.0921
vn 0.9752 -0.0604 0.2128
vn 0.9767 -0.0112 0.2144
vn 0.9028 -0.0100 0.4300
vn 0.9055 0.0209 0.4238
vn 0.9189 -0.0451 -0.3920
vn 0.9942 -0.0472 -0.0962
vn 0.9818 -0.1455 -0.1225
vn 0.9838 -0.1458 -0.1039
vn 0.9501 -0.0366 0.3099
vn 0.9350 -0.3491 0.0620
vn 0.9918 -0.1009 0.0779
vn 0.9479 -0.0366 0.3165
vn 0.8843 -0.4663 -0.0225
vn 0.9028 -0.1304 -0.4098
vn 0.9796 -0.1398 -0.1442
vn 0.6450 -0.5585 -0.5216
vn 0.6024 -0.6982 -0.3868
vn 0.5421 -0.7721 0.3318
vn 0.6443 -0.7025 0.3023
vn 0.6152 -0.6089 0.5007
vn 0.7911 -0.0349 0.6107
vn 0.7807 -0.0282 0.6242
vn 0.7773 0.0632 -0.6260
vn 0.8357 0.0901 -0.5418
vn 0.8128 0.1082 -0.5724
vn 0.8210 0.0671 -0.5670
vn 0.8154 0.1393 -0.5619
vn 0.7659 0.1278 0.6301
vn 0.8090 0.0981 0.5795
vn 0.8039 0.1250 0.5815
vn 0.7880 0.0706 0.6116
vn 0.8352 0.0795 -0.5442
vn 0.8272 0.1081 -0.5514
vn 0.7750 -0.0916 -0.6253
vn 0.8358 -0.0967 -0.5405
vn 0.8262 0.1087 -0.5527
vn 0.8336 0.1188 0.5395
vn 0.8238 0.1191 0.5542
vn 0.8223 0.1102 0.5583
vn 0.8228 0.1196 0.5556
vn 0.8326 0.0875 0.5469
vn 0.8331 -0.1037 0.5433
vn 0.7499 -0.2803 -0.5992
vn 0.7534 -0.2798 -0.5951
vn 0.7559 -0.2946 -0.5846
vn 0.7741 -0.2780 0.5688
vn 0.7470 -0.2790 0.6034
vn 0.7572 -0.2922 -0.5842
vn 0.7270 -0.4187 -0.5443
vn 0.7191 -0.3713 0.5874
vn 0.6764 -0.3917 0.6237
vn 0.7029 -0.2812 0.6533
vn 0.7398 -0.3859 0.5512
vn 0.7720 -0.3702 0.5167
vn 0.7303 -0.4215 -0.5376
vn 0.6631 -0.3777 0.6462
vn 0.6743 -0.4256 -0.6035
vn 0.7400 -0.1012 -0.6650
vn 0.7190 -0.1082 -0.6865
vn 0.8006 -0.1710 -0.5743
vn 0.7470 -0.1036 -0.6567
vn 0.7714 -0.1036 -0.6278
vn 0.7225 0.0618 0.6886
vn 0.7087 -0.3213 -0.6281
vn 0.6881 -0.3095 -0.6563
vn 0.7713 0.0337 0.6356
vn -0.7763 0.4405 0.4508
vn -0.7962 0.0583 0.6022
vn -0.7879 0.0450 0.6141
vn -0.8289 0.0640 0.5557
vn -0.8498 0.1240 0.5124
vn -0.7314 -0.4076 0.5466
vn 0.7014 -0.2609 -0.6634
vn 0.8871 -0.4599 0.0395
vn 0.8825 -0.4663 -0.0618
vn 0.8822 -0.4681 0.0523
vn 0.8688 -0.4278 -0.2492
vn 0.8631 -0.4532 -0.2231
vn 0.9111 -0.3310 0.2455
vn 0.8934 -0.3777 -0.2434
vn 0.9263 -0.3765 0.0121
vn 0.8837 -0.4680 -0.0053
vn 0.9041 -0.4247 0.0473
vn 0.9024 -0.4282 0.0480
vn 0.8788 -0.4117 0.2411
vn 0.8886 -0.2815 -0.3620
vn 0.8790 0.4713 0.0728
vn 0.8805 0.4734 -0.0252
vn 0.8832 0.4612 0.0855
vn 0.5023 0.8301 0.2422
vn 0.8708 0.3867 -0.3038
vn 0.9128 0.4065 -0.0401
vn 0.9149 0.4015 -0.0419
vn 0.9065 0.4193 -0.0500
vn 0.8955 0.3914 0.2118
vn 0.8854 0.4647 -0.0126
vn 0.8143 -0.3320 -0.4761
vn 0.7858 -0.0506 -0.6164
vn 0.7574 -0.0522 -0.6508
vn 0.8283 0.0595 -0.5571
vn 0.7949 -0.2824 -0.5370
vn 0.7073 -0.2595 -0.6575
vn 0.7760 0.0394 -0.6295
vn 0.8257 0.1041 -0.5545
vn 0.8105 -0.4454 0.3805
vn 0.7442 -0.4091 0.5280
vn 0.7463 0.0057 0.6656
vn 0.8207 -0.0284 0.5706
vn 0.8191 0.1197 0.5610
vn 0.8762 0.1086 -0.4695
vn 0.8543 0.1265 -0.5042
vn 0.8439 0.1911 -0.5014
vn 0.8471 0.1192 0.5179
vn 0.8443 0.1394 0.5175
vn 0.8791 -0.0983 -0.4664
vn 0.9116 0.1302 -0.3900
vn 0.9113 0.0546 -0.4080
vn 0.8838 -0.0936 -0.4584
vn 0.8348 -0.0980 -0.5417
vn 0.8722 0.1701 -0.4587
vn 0.8351 0.2841 -0.4711
vn 0.8495 0.1841 -0.4945
vn 0.9134 0.1753 -0.3674
vn 0.9170 0.1107 -0.3832
vn 0.9291 0.0095 -0.3698
vn 0.8593 0.2297 -0.4570
vn 0.8370 0.2942 -0.4615
vn 0.8577 0.2297 -0.4601
vn 0.7769 0.3261 -0.5387
vn 0.7788 0.2672 -0.5674
vn 0.9033 0.2349 0.3589
vn 0.8782 0.1921 0.4380
vn 0.8637 0.2393 0.4436
vn 0.8067 0.3820 0.4510
vn 0.7636 0.4122 0.4969
vn 0.7736 0.2860 0.5654
vn 0.9141 0.0468 0.4027
vn 0.9056 0.1934 0.3774
vn 0.9093 0.0572 0.4122
vn 0.9289 0.0967 0.3576
vn 0.8756 0.1440 0.4611
vn 0.8485 0.2424 0.4704
vn 0.7889 0.3195 0.5250
vn 0.8704 0.1438 0.4709
vn 0.8772 -0.1032 0.4689
vn 0.9113 -0.1027 0.3988
vn 0.8222 0.1882 0.5371
vn 0.8761 -0.1020 0.4712
vn 0.8103 -0.2820 -0.5138
vn 0.8440 -0.2889 -0.4519
vn 0.8433 -0.2870 -0.4543
vn 0.8182 -0.3110 -0.4836
vn 0.8327 -0.2900 -0.4717
vn 0.8449 -0.2832 0.4537
vn 0.8347 -0.1017 0.5412
vn 0.7983 -0.3080 0.5176
vn 0.8340 -0.2811 0.4748
vn 0.8463 -0.2820 0.4519
vn 0.8417 -0.2822 0.4604
vn 0.8363 -0.3035 -0.4566
vn 0.7292 -0.4179 -0.5419
vn 0.7516 -0.4306 -0.4997
vn 0.8435 -0.2886 0.4531
vn 0.7744 -0.3975 0.4923
vn 0.7476 -0.3810 0.5440
vn 0.8154 -0.0465 0.5770
vn 0.8002 -0.0363 0.5987
vn 0.7131 -0.3156 -0.6260
vn 0.7757 -0.1017 -0.6228
vn 0.7419 -0.3119 -0.5936
vn 0.7445 -0.3167 -0.5877
vn 0.7055 -0.3092 -0.6377
vn 0.8033 -0.0965 -0.5878
vn 0.8547 -0.0971 -0.5100
vn 0.7880 -0.1650 -0.5932
vn 0.7693 -0.3090 -0.5592
vn 0.8323 -0.1025 -0.5447
vn 0.7954 -0.3149 -0.5179
vn 0.7914 -0.3071 -0.5286
vn 0.7659 -0.3069 -0.5650
vn 0.7615 -0.2977 -0.5758
vn 0.7623 0.0902 0.6410
vn 0.7788 0.0820 0.6219
vn 0.5179 0.8030 0.2950
vn 0.5124 0.8220 0.2485
vn -0.8441 0.1228 0.5220
vn -0.8978 0.2433 0.3671
vn -0.8798 0.1489 0.4514
vn -0.7692 -0.4685 0.4346
vn 0.7515 -0.2160 -0.6233
vn 0.7682 -0.2602 -0.5850
vn -0.1273 0.9835 -0.1287
vn -0.0253 0.9699 -0.2424
vn -0.1165 0.9928 -0.0276
vn -0.1086 0.9892 0.0988
vn 0.9392 -0.3421 0.0294
vn 0.9370 -0.2666 0.2257
vn 0.6865 -0.1722 0.7065
vn 0.8727 -0.3147 0.3734
vn 0.8772 -0.1840 -0.4435
vn 0.9001 -0.2518 -0.3556
vn 0.6224 -0.1038 -0.7758
vn 0.9551 -0.2959 -0.0122
vn 0.9451 -0.3265 0.0112
vn 0.9110 -0.3061 0.2764
vn 0.9322 -0.2796 0.2296
vn 0.9561 -0.1490 -0.2525
vn 0.9008 -0.0627 -0.4298
vn 0.9886 -0.1500 0.0144
vn 0.9872 -0.1580 0.0233
vn 0.9152 -0.0972 0.3912
vn 0.8638 -0.1278 0.4874
vn 0.8994 -0.1360 -0.4154
vn 0.9880 -0.1541 -0.0035
vn 0.9875 -0.1576 0.0006
vn 0.9403 -0.1126 0.3210
vn 0.9088 -0.1425 0.3922
vn 0.8725 -0.0919 -0.4800
vn 0.8748 -0.0133 0.4844
vn 0.9030 -0.0059 -0.4295
vn 0.8907 0.0044 -0.4545
vn 0.9999 -0.0008 0.0172
vn 0.9998 -0.0045 0.0216
vn 0.9031 0.0063 0.4293
vn 0.8918 -0.0028 0.4525
vn 0.9023 -0.0134 -0.4308
vn 0.8923 -0.0025 -0.4513
vn 0.9998 -0.0073 -0.0170
vn 1.0000 0.0049 -0.0036
vn 0.8870 0.0060 0.4617
vn 0.8755 0.0658 -0.4788
vn 0.8605 0.0506 0.5069
vn 0.9197 0.1465 -0.3643
vn 0.9864 0.1641 0.0077
vn 0.9870 0.1603 0.0123
vn 0.9002 0.0879 0.4266
vn 0.9441 0.1532 0.2919
vn 0.6086 0.0591 0.7913
vn 0.9071 0.1398 -0.3970
vn 0.9118 0.1353 -0.3876
vn 0.9877 0.1564 -0.0032
vn 0.9895 0.1443 0.0097
vn 0.8957 0.1302 0.4252
vn 0.9001 0.1760 -0.3987
vn 0.6836 0.0376 0.7289
vn 0.8774 0.1494 0.4558
vn 0.9073 0.3311 -0.2590
vn 0.9379 0.3467 0.0144
vn 0.8973 0.4320 0.0907
vn 0.9082 0.2683 0.3211
vn 0.8994 0.4346 0.0470
vn 0.8516 0.2375 0.4673
vn 0.6695 0.1164 -0.7336
vn 0.8977 0.2835 -0.3374
vn 0.9260 0.2510 -0.2818
vn 0.9578 0.2874 -0.0071
vn 0.9506 0.3090 -0.0278
vn 0.8924 0.2625 0.3671
vn 0.9290 0.2927 -0.2263
vn 0.9036 0.2487 0.3487
vn 0.7427 -0.3161 -0.5903
vn 0.7709 -0.1981 -0.6054
vn 0.7837 -0.2266 -0.5784
vn 0.7081 -0.5437 -0.4505
vn 0.5621 -0.5205 -0.6427
vn 0.7085 -0.2280 -0.6679
vn 0.6079 -0.0874 -0.7892
vn 0.6279 -0.2443 -0.7389
vn 0.4747 -0.7650 -0.4351
vn 0.5581 -0.5915 -0.5818
vn 0.4743 -0.7745 -0.4184
vn 0.6604 -0.5985 0.4534
vn 0.7230 -0.5370 0.4346
vn 0.5835 -0.5930 0.5549
vn 0.8189 0.0115 0.5738
vn 0.6579 -0.5192 0.5456
vn 0.5488 0.0170 0.8358
vn 0.5840 -0.0172 0.8116
vn 0.7750 0.0466 0.6302
vn 0.8413 0.0053 0.5406
vn 0.7910 0.0469 0.6100
vn 0.5880 0.1776 0.7891
vn 0.8012 0.0286 -0.5977
vn 0.7996 0.0308 -0.5997
vn 0.7157 -0.0039 -0.6984
vn 0.6857 0.0471 -0.7264
vn 0.5775 -0.0061 -0.8163
vn 0.6670 -0.0907 -0.7395
vn 0.7715 0.4113 0.4854
vn 0.7620 0.3809 0.5238
vn 0.6883 0.4193 0.5920
vn 0.7721 0.3972 0.4961
vn 0.6832 0.4817 0.5488
vn 0.6224 0.5872 0.5174
vn 0.5497 0.1943 0.8124
vn 0.5811 0.2359 0.7789
vn 0.6673 0.4676 0.5797
vn 0.7589 0.2171 -0.6139
vn 0.8338 0.1072 -0.5416
vn 0.5737 -0.2148 -0.7904
vn 0.6837 0.2378 -0.6900
vn 0.6319 0.3539 -0.6896
vn 0.5558 -0.0413 -0.8303
vn 0.5214 0.2604 -0.8126
vn 0.8119 0.3132 -0.4926
vn 0.6716 0.3288 -0.6640
vn 0.6644 0.5032 -0.5525
vn 0.9053 0.2921 -0.3084
vn 0.8595 0.3318 -0.3888
vn 0.7030 0.5992 -0.3832
vn 0.8632 0.3014 0.4050
vn 0.6363 0.6594 0.4004
vn 0.9491 -0.0488 -0.3113
vn 0.9034 0.3823 -0.1942
vn 0.9212 -0.0989 -0.3764
vn 0.9405 -0.0714 -0.3323
vn 0.9591 -0.0717 -0.2738
vn 0.8689 0.4124 -0.2738
vn 0.6914 0.6670 -0.2775
vn 0.8975 0.4375 -0.0555
vn 0.9941 0.0767 -0.0765
vn 0.9440 0.2559 -0.2082
vn 0.9836 0.1711 -0.0574
vn 0.9274 0.3741 0.0066
vn 0.7222 0.6916 0.0075
vn 0.9173 0.3974 0.0250
vn 0.9979 0.0532 0.0373
vn 0.9861 0.1582 0.0513
vn 0.9118 0.3679 0.1824
vn 0.9685 0.1392 0.2064
vn 0.9109 0.3727 0.1769
vn 0.6413 0.7475 0.1730
vn 0.8076 0.5884 0.0385
vn 0.8783 0.3659 0.3078
vn 0.9499 -0.0624 0.3062
vn 0.9810 -0.0599 0.1845
vn 0.5905 0.6627 0.4606
vn 0.9130 -0.0949 -0.3968
vn 0.9107 -0.0988 -0.4012
vn 0.8789 -0.2948 -0.3749
vn 0.9070 -0.2708 -0.3224
vn 0.9096 -0.2972 -0.2903
vn 0.8828 -0.3217 -0.3424
vn 0.9200 -0.2925 -0.2607
vn 0.9192 -0.2714 -0.2854
vn 0.9029 -0.2956 -0.3121
vn 0.9206 -0.1074 0.3754
vn 0.9523 -0.0675 0.2976
vn 0.9102 -0.1044 0.4008
vn 0.8721 -0.3034 0.3838
vn 0.8981 -0.2748 0.3432
vn 0.9159 -0.2826 0.2850
vn 0.9184 -0.2779 0.2817
vn 0.9125 -0.2788 0.2995
vn 0.9394 -0.2959 0.1732
vn 0.8000 -0.4515 -0.3951
vn 0.8252 -0.4409 -0.3530
vn 0.9067 -0.3085 -0.2878
vn 0.9152 -0.2873 0.2826
vn 0.8500 -0.3864 0.3581
vn 0.7844 -0.4208 -0.4556
vn 0.8218 -0.3955 0.4102
vn 0.8104 -0.3863 0.4404
vn 0.8491 -0.3834 0.3634
vn 0.8685 -0.1029 -0.4849
vn 0.8063 -0.3862 -0.4481
vn 0.8062 -0.3109 -0.5033
vn 0.8115 -0.3138 -0.4929
vn 0.8506 -0.1104 -0.5141
vn 0.7989 -0.2987 -0.5221
vn 0.8662 0.1140 0.4866
vn 0.8473 0.0983 0.5219
vn 0.8790 0.0828 0.4696
vn -0.8527 0.4321 0.2937
vn 0.5283 0.8397 0.1259
vn 0.4064 0.8854 0.2255
vn 0.5988 0.7666 0.2317
vn 0.6413 0.7284 0.2412
vn 0.6200 0.7508 0.2279
vn 0.5812 0.7650 0.2775
vn 0.5130 0.4071 0.7557
vn -0.3022 0.7618 0.5730
vn 0.1735 0.6577 0.7330
vn -0.9261 0.1391 0.3506
vn -0.9446 0.2517 0.2108
vn -0.9374 0.1131 0.3292
vn -0.8681 -0.4244 0.2574
vn -0.8816 -0.4157 0.2236
vn -0.8864 -0.4080 0.2188
vn 0.7926 -0.1988 -0.5765
vn 0.8010 -0.2826 -0.5278
vn 0.8165 -0.3137 -0.4848
vn 0.8680 -0.2995 -0.3962
vn 0.8675 -0.3018 -0.3953
vn 0.8528 -0.2328 -0.4674
vn 0.8242 -0.3256 -0.4633
vn 0.8503 -0.3253 -0.4138
vn 0.9133 -0.0724 -0.4008
vn 0.8658 -0.3040 -0.3974
vn 0.8888 -0.3026 -0.3441
vn 0.8695 -0.3059 -0.3878
vn 0.8714 -0.0263 -0.4899
vn 0.7941 -0.0705 -0.6037
vn 0.1252 0.9547 -0.2700
vn 0.0866 0.9854 0.1467
vn 0.0696 0.9880 0.1378
vn 0.0698 0.9886 0.1331
vn 0.0887 0.9840 -0.1545
vn 0.0607 0.9903 -0.1252
vn -0.1105 0.9936 -0.0229
vn 0.0479 0.9972 -0.0566
vn 0.0470 0.9973 -0.0560
vn 0.1193 0.9515 -0.2836
vn -0.1427 0.9876 0.0661
vn -0.1070 0.9942 0.0052
vn 0.1110 0.9938 -0.0086
vn -0.1001 0.9916 0.0816
vn 0.1439 0.9382 0.3147
vn 0.4436 -0.6342 -0.6333
vn 0.4456 -0.7916 -0.4181
vn 0.4451 -0.6373 -0.6291
vn 0.4274 -0.8117 -0.3981
vn 0.4679 -0.3055 -0.8293
vn 0.4738 -0.8532 -0.2179
vn 0.4497 -0.8702 -0.2016
vn 0.3875 -0.6283 0.6746
vn 0.5822 -0.5826 0.5671
vn 0.4557 -0.6268 0.6320
vn 0.4473 -0.6096 0.6544
vn 0.5956 -0.4063 0.6929
vn 0.5854 -0.3902 0.7106
vn 0.5721 -0.0178 0.8200
vn 0.5619 -0.1576 0.8120
vn 0.4469 0.0318 0.8940
vn 0.4712 0.0085 0.8820
vn 0.6291 -0.6705 -0.3932
vn 0.7182 -0.1658 -0.6758
vn 0.6244 -0.0350 -0.7803
vn 0.5613 -0.0061 -0.8276
vn 0.4804 0.4514 -0.7520
vn 0.5557 0.4602 -0.6924
vn 0.6663 0.3023 -0.6816
vn 0.5600 0.3748 -0.7389
vn 0.6235 0.6291 -0.4641
vn 0.5934 0.6794 -0.4317
vn 0.6998 0.6511 -0.2938
vn 0.6917 0.6728 -0.2626
vn 0.6875 0.7251 0.0403
vn 0.6908 0.7219 0.0398
vn 0.5788 0.6787 0.4520
vn 0.5772 0.6046 0.5488
vn 0.5634 0.4682 0.6807
vn 0.5863 0.5745 0.5712
vn 0.9831 -0.0494 -0.1761
vn 0.9774 -0.0708 -0.1994
vn 0.9342 -0.3047 -0.1855
vn 0.9948 -0.0612 -0.0814
vn 0.9489 -0.3068 -0.0745
vn 0.9492 -0.3055 -0.0755
vn 0.9333 -0.3149 -0.1726
vn 0.9943 -0.0929 -0.0522
vn 0.9946 -0.0847 0.0595
vn 0.9557 -0.2892 0.0547
vn 0.9515 -0.3010 0.0638
vn 0.9965 -0.0693 0.0462
vn 0.9818 -0.0571 0.1812
vn 0.9426 -0.2899 0.1654
vn 0.8667 -0.4462 -0.2230
vn 0.8746 -0.4512 -0.1773
vn 0.8366 -0.4294 -0.3402
vn 0.8514 -0.4464 -0.2754
vn 0.8343 -0.4370 -0.3361
vn 0.8507 -0.4296 -0.3029
vn 0.8667 -0.4476 -0.2203
vn 0.8828 -0.3942 0.2555
vn 0.9064 -0.3862 0.1712
vn 0.9066 -0.3845 0.1741
vn 0.8826 -0.3863 0.2680
vn 0.8441 -0.3736 -0.3845
vn 0.9054 -0.1065 -0.4111
vn 0.8679 -0.1059 -0.4853
vn 0.8888 -0.1142 -0.4439
vn 0.8480 -0.3166 -0.4250
vn 0.9061 -0.1121 -0.4078
vn 0.9235 -0.1127 -0.3668
vn 0.9183 -0.1144 -0.3791
vn 0.8823 -0.2875 -0.3727
vn 0.9210 0.0552 0.3856
vn 0.8946 0.0884 0.4380
vn -0.1631 0.6765 0.7181
vn -0.9788 0.0815 0.1879
vn -0.9795 0.1033 0.1727
vn -0.9837 0.0548 0.1712
vn -0.9846 0.0810 0.1548
vn -0.9523 0.0890 0.2918
vn -0.9494 0.0539 0.3094
vn -0.6203 0.1877 0.7616
vn -0.6557 0.0898 0.7496
vn -0.3942 -0.0691 0.9164
vn -0.4355 0.0719 0.8973
vn -0.4535 -0.6785 0.5779
vn 0.1462 0.0236 0.9890
vn 0.0973 0.0378 0.9945
vn 0.2948 0.9479 0.1212
vn 0.2995 0.9541 0.0070
vn 0.2893 0.9525 0.0947
vn 0.3133 0.9435 0.1080
vn 0.3132 0.9437 0.1063
vn 0.3250 0.9396 -0.1077
vn 0.4888 0.8717 0.0357
vn 0.4644 0.8851 0.0287
vn 0.4488 0.8933 0.0225
vn 0.4261 0.9046 0.0078
vn 0.4037 0.9145 -0.0264
vn 0.3887 0.8988 -0.2025
vn 0.3879 0.8994 -0.2015
vn 0.3949 0.9092 -0.1321
vn 0.3936 0.9098 -0.1316
vn 0.3263 0.9375 -0.1210
vn 0.3452 0.9086 -0.2351
vn 0.3144 0.9467 -0.0694
vn 0.3409 0.9359 -0.0884
vn 0.3130 0.9464 0.0800
vn 0.3559 0.9327 0.0583
vn 0.3158 0.9269 0.2028
vn 0.5872 -0.7080 -0.3923
vn 0.6120 -0.7637 -0.2054
vn 0.6094 -0.7662 -0.2039
vn 0.6235 -0.6505 -0.4337
vn 0.6158 -0.7875 0.0255
vn 0.6917 -0.7212 0.0365
vn 0.5736 -0.6766 0.4617
vn 0.6760 -0.6183 0.4010
vn 0.5924 -0.5228 0.6130
vn 0.5366 -0.3527 0.7666
vn 0.6802 -0.2760 0.6791
vn 0.7009 -0.2898 0.6518
vn 0.6176 -0.2138 0.7569
vn 0.7172 -0.0780 0.6925
vn 0.6012 0.2093 0.7712
vn 0.6032 0.4326 0.6701
vn 0.7233 0.0294 0.6899
vn 0.7161 0.1934 0.6707
vn 0.7415 0.1015 0.6632
vn 0.6447 0.6286 -0.4350
vn 0.6491 0.4066 0.6429
vn 0.6856 0.3732 0.6251
vn 0.6103 0.5716 0.5484
vn 0.7247 0.6414 -0.2519
vn 0.8212 0.5100 -0.2562
vn 0.8075 0.5365 -0.2452
vn 0.7358 0.6356 -0.2335
vn 0.8335 0.4344 -0.3413
vn 0.7419 0.6692 0.0408
vn 0.7496 0.6606 0.0419
vn 0.8927 -0.4443 -0.0754
vn 0.9074 -0.4202 -0.0053
vn 0.8848 -0.4412 -0.1501
vn 0.8928 -0.4441 -0.0759
vn 0.9036 -0.4234 0.0648
vn 0.9149 -0.3886 0.1092
vn 0.9734 -0.1984 0.1148
vn 0.9688 -0.1732 0.1771
vn 0.9452 -0.1157 -0.3053
vn 0.9625 -0.1231 -0.2417
vn 0.9326 -0.1212 -0.3399
vn 0.9625 -0.1230 -0.2416
vn 0.9777 -0.1236 -0.1698
vn 0.9572 0.0502 0.2850
vn 0.9398 -0.2888 -0.1825
vn 0.9015 -0.3627 -0.2362
vn 0.9788 -0.1227 -0.1639
vn 0.9884 -0.1225 -0.0900
vn 0.9935 -0.1119 -0.0188
vn 0.9419 -0.2856 -0.1767
vn 0.9366 0.0568 0.3458
vn 0.9937 -0.1119 -0.0082
vn 0.9388 0.0274 0.3435
vn 0.9685 0.0357 0.2465
vn 0.9691 0.0372 0.2440
vn 0.9534 0.0436 0.2984
vn 0.6905 -0.0205 0.7231
vn 0.9479 -0.1110 0.2987
vn 0.9407 -0.0792 0.3297
vn 0.9897 -0.0897 0.1117
vn 0.9108 -0.2413 -0.3349
vn 0.9177 -0.3028 -0.2572
vn 0.8493 0.1635 -0.5019
vn 0.6876 0.4577 -0.5636
vn 0.8851 -0.0970 -0.4552
vn 0.8936 0.0988 -0.4380
vn 0.8590 0.1605 -0.4862
vn 0.9309 -0.1046 -0.3499
vn 0.9815 -0.0162 -0.1907
vn 0.9395 0.1256 -0.3186
vn 0.9358 0.1257 -0.3294
vn 0.8230 0.3604 -0.4391
vn 0.8705 0.1685 0.4624
vn 0.8882 0.1626 0.4297
vn 0.8557 0.1382 0.4986
vn 0.9180 0.1747 0.3561
vn 0.9599 0.1654 0.2263
vn 0.7750 0.4440 -0.4497
vn 0.8191 0.3706 -0.4378
vn 0.8648 0.2988 0.4035
vn 0.8522 0.3654 0.3744
vn 0.5020 0.7842 -0.3647
vn 0.6396 0.6961 -0.3262
vn 0.4868 0.8715 0.0584
vn 0.6139 0.7876 -0.0525
vn 0.5105 0.8598 0.0136
vn 0.5801 0.8144 0.0150
vn 0.4078 0.9129 -0.0157
vn 0.4068 0.9133 -0.0167
vn 0.5198 0.8486 -0.0983
vn 0.5198 0.8487 -0.0969
vn 0.6046 0.7944 0.0589
vn 0.3804 0.9225 -0.0652
vn 0.6589 0.7518 0.0260
vn 0.4998 0.7913 0.3523
vn 0.6458 0.7055 0.2918
vn 0.5067 0.8575 -0.0885
vn 0.6357 0.7565 -0.1537
vn 0.6730 0.7103 -0.2062
vn 0.6601 0.7488 -0.0594
vn 0.6828 0.7221 0.1108
vn 0.6627 0.7382 0.1266
vn 0.7496 -0.5593 -0.3540
vn 0.8757 -0.2713 -0.3995
vn 0.7768 -0.5972 -0.1997
vn 0.9230 -0.3285 -0.2002
vn 0.9281 -0.2989 -0.2220
vn 0.8609 -0.1938 -0.4705
vn 0.7853 -0.5841 -0.2052
vn 0.9376 -0.3116 -0.1546
vn 0.3789 -0.1554 -0.9123
vn 0.7971 -0.6023 0.0424
vn 0.9117 -0.4090 0.0395
vn 0.8171 -0.5752 0.0391
vn 0.7304 -0.5006 0.4647
vn 0.8295 -0.2611 0.4937
vn 0.7763 -0.2033 0.5966
vn 0.8403 0.1078 0.5314
vn 0.8304 0.1156 0.5451
vn 0.8780 0.1123 -0.4652
vn 0.9641 0.1341 -0.2290
vn 0.9675 0.1223 -0.2212
vn 0.9286 0.0208 -0.3704
vn 0.9711 0.1328 -0.1982
vn 0.8278 0.4345 -0.3549
vn 0.8790 0.4444 -0.1729
vn 0.7839 0.5694 -0.2476
vn 0.9127 0.4020 -0.0731
vn 0.7990 0.3935 0.4547
vn 0.8768 0.4795 0.0363
vn 0.8062 0.5905 0.0368
vn 0.9051 0.4226 0.0472
vn 0.7670 0.6403 0.0417
vn 0.8231 0.4189 0.3834
vn 0.9986 -0.0308 0.0427
vn 0.9640 -0.0192 -0.2654
vn 0.9874 0.0191 -0.1569
vn 0.7798 0.6106 -0.1379
vn 0.8114 0.5327 -0.2404
vn 0.9615 0.1233 0.2454
vn 0.8408 0.4882 0.2340
vn 0.9564 0.1226 0.2652
vn 0.8618 0.4653 0.2021
vn 0.8246 0.5427 0.1599
vn 0.8347 0.5023 -0.2256
vn 0.9797 0.1906 -0.0617
vn 0.9971 0.0578 0.0488
vn 0.9622 -0.2683 0.0472
vn 0.9965 0.0686 0.0475
vn 0.9734 -0.2249 0.0430
usemtl material_0.017
s off
f 1//1 2//1 3//1
f 4//2 1//2 5//2
f 6//3 3//3 2//3
f 7//4 2//4 1//4
f 8//5 6//5 2//5
f 7//6 8//6 2//6
f 9//7 1//7 4//7
f 9//8 7//8 1//8
f 10//9 3//9 6//9
f 11//10 1//10 3//10
f 12//11 1//11 11//11
f 12//12 5//12 1//12
f 13//13 11//13 3//13
f 14//14 13//14 3//14
f 10//15 14//15 3//15
f 15//16 11//16 13//16
f 16//17 11//17 15//17
f 16//18 12//18 11//18
f 15//19 13//19 14//19
f 17//20 15//20 14//20
f 18//21 14//21 10//21
f 17//22 14//22 18//22
f 19//23 16//23 15//23
f 19//24 15//24 17//24
f 20//25 4//25 5//25
f 21//26 9//26 4//26
f 22//27 21//27 4//27
f 23//28 22//28 4//28
f 24//29 4//29 20//29
f 23//30 4//30 24//30
f 25//31 5//31 12//31
f 25//32 20//32 5//32
f 25//33 12//33 16//33
f 26//34 16//34 19//34
f 26//35 25//35 16//35
f 27//36 28//36 29//36
f 27//37 29//37 30//37
f 31//38 30//38 29//38
f 27//39 32//39 28//39
f 33//40 28//40 32//40
f 34//41 29//41 28//41
f 35//42 28//42 33//42
f 34//43 28//43 35//43
f 36//44 32//44 27//44
f 37//45 38//46 32//46
f 33//47 32//47 38//47
f 36//48 37//49 32//48
f 39//50 27//50 30//50
f 40//51 30//51 31//51
f 40//52 39//52 30//52
f 41//53 42//53 31//53
f 43//54 31//54 42//54
f 44//55 41//55 31//55
f 45//56 44//56 31//56
f 29//57 45//57 31//57
f 43//58 40//58 31//58
f 46//59 47//59 42//59
f 48//60 42//60 47//60
f 41//61 46//61 42//61
f 48//62 43//62 42//62
f 46//63 49//63 47//63
f 50//64 47//64 49//64
f 51//65 48//65 47//65
f 50//66 51//66 47//66
f 46//67 52//67 49//67
f 53//68 49//68 52//68
f 53//69 50//69 49//69
f 46//70 54//70 52//70
f 55//71 52//71 54//71
f 55//72 53//72 52//72
f 56//73 57//73 54//73
f 55//74 54//74 57//74
f 46//75 56//75 54//75
f 58//76 57//76 59//76
f 60//77 59//77 57//77
f 61//78 57//79 58//79
f 56//80 60//80 57//80
f 62//81 55//81 57//81
f 61//82 62//83 57//83
f 63//84 64//84 58//84
f 65//85 58//85 64//85
f 59//86 63//86 58//86
f 66//87 61//88 58//87
f 65//89 66//89 58//89
f 67//90 68//90 64//90
f 65//91 64//91 68//91
f 63//92 67//92 64//92
f 69//93 70//93 68//93
f 71//94 68//94 70//94
f 67//95 69//95 68//95
f 65//96 68//96 71//96
f 69//97 72//97 70//97
f 72//98 73//98 70//98
f 74//99 70//99 73//99
f 71//100 70//100 74//100
f 72//101 75//101 73//101
f 76//102 73//102 75//102
f 74//103 73//103 76//103
f 72//104 77//104 75//104
f 76//105 75//105 78//105
f 79//106 80//106 75//106
f 81//107 75//107 80//107
f 77//108 79//108 75//108
f 81//109 78//109 75//109
f 82//110 83//110 80//110
f 84//111 80//111 83//111
f 79//112 82//112 80//112
f 84//113 81//113 80//113
f 85//114 84//114 83//114
f 86//115 87//115 83//115
f 88//116 83//116 87//116
f 82//117 86//117 83//117
f 88//118 85//118 83//118
f 86//119 89//119 87//119
f 90//120 87//120 89//120
f 90//121 88//121 87//121
f 91//122 92//122 89//122
f 93//123 89//123 92//123
f 86//124 91//124 89//124
f 93//125 90//125 89//125
f 91//126 94//126 92//126
f 93//127 92//127 94//127
f 93//128 94//128 95//128
f 91//129 96//129 94//129
f 95//130 94//130 96//130
f 95//131 96//131 97//131
f 91//132 98//132 96//132
f 99//133 96//133 98//133
f 97//134 96//134 99//134
f 91//135 100//135 98//135
f 101//136 98//136 100//136
f 99//137 98//137 101//137
f 91//138 102//138 100//138
f 103//139 100//139 102//139
f 104//140 101//140 100//140
f 103//141 104//141 100//141
f 105//142 103//142 102//142
f 106//143 107//143 102//143
f 108//144 102//144 107//144
f 91//145 106//145 102//145
f 108//146 105//146 102//146
f 106//147 109//147 107//147
f 110//148 107//148 109//148
f 110//149 108//149 107//149
f 106//150 111//150 109//150
f 111//151 112//151 109//151
f 113//152 109//152 112//152
f 113//153 110//153 109//153
f 114//154 115//154 112//154
f 116//155 112//155 115//155
f 111//156 114//156 112//156
f 116//157 113//157 112//157
f 114//158 117//158 115//158
f 118//159 119//159 115//159
f 120//160 115//160 119//160
f 117//161 118//161 115//161
f 116//162 115//162 120//162
f 118//163 121//163 119//163
f 121//164 122//164 119//164
f 123//165 119//165 122//165
f 120//166 119//166 123//166
f 121//167 124//167 122//167
f 124//168 125//168 122//168
f 126//169 122//169 125//169
f 123//170 122//170 126//170
f 124//171 127//171 125//171
f 126//172 125//172 128//172
f 127//173 129//173 125//173
f 130//174 125//174 129//174
f 128//175 125//175 130//175
f 127//176 131//176 129//176
f 130//177 129//177 132//177
f 131//178 133//178 129//178
f 134//179 129//179 133//179
f 134//180 132//180 129//180
f 135//181 136//181 133//181
f 137//182 133//182 136//182
f 131//183 135//183 133//183
f 137//184 134//184 133//184
f 135//185 138//185 136//185
f 139//186 136//186 138//186
f 137//187 136//187 139//187
f 135//188 140//188 138//188
f 141//189 138//189 140//189
f 139//190 138//190 141//190
f 135//191 142//191 140//191
f 143//192 140//192 142//192
f 141//193 140//193 143//193
f 144//194 145//194 142//194
f 143//195 142//195 145//195
f 135//196 144//196 142//196
f 143//197 145//197 146//197
f 147//198 145//198 144//198
f 146//199 145//199 147//199
f 148//200 149//200 144//200
f 150//201 144//201 149//201
f 151//202 148//202 144//202
f 152//203 151//203 144//203
f 153//204 152//204 144//204
f 135//205 153//205 144//205
f 147//206 144//206 150//206
f 154//207 149//207 148//207
f 154//208 155//208 149//208
f 156//209 149//209 155//209
f 157//210 150//210 149//210
f 157//211 149//211 156//211
f 158//212 151//212 152//212
f 159//213 148//213 151//213
f 159//214 151//214 158//214
f 160//215 152//215 153//215
f 158//216 152//216 160//216
f 161//217 153//217 135//217
f 160//218 153//218 162//218
f 161//219 162//219 153//219
f 161//220 135//220 131//220
f 127//221 163//221 131//221
f 164//222 131//222 163//222
f 165//223 131//223 164//223
f 162//224 131//224 165//224
f 161//225 131//225 162//225
f 166//226 163//226 127//226
f 167//227 163//227 166//227
f 168//228 163//228 167//228
f 169//229 163//229 168//229
f 164//230 163//230 169//230
f 124//231 170//231 127//231
f 166//232 127//232 170//232
f 171//233 170//233 124//233
f 172//234 170//234 171//234
f 166//235 170//235 172//235
f 171//236 124//236 173//236
f 121//237 173//237 124//237
f 174//238 173//238 175//238
f 171//239 173//239 174//239
f 175//240 173//240 121//240
f 118//241 176//241 121//241
f 175//242 121//242 176//242
f 177//243 176//243 118//243
f 178//244 176//244 177//244
f 175//245 176//245 178//245
f 117//246 179//246 118//246
f 177//247 118//247 179//247
f 180//248 179//248 117//248
f 181//249 179//249 180//249
f 177//250 179//250 181//250
f 180//251 117//251 114//251
f 182//252 114//252 183//252
f 180//253 114//253 182//253
f 183//254 114//254 111//254
f 183//255 111//255 184//255
f 185//256 111//256 106//256
f 184//257 111//257 185//257
f 91//258 186//258 106//258
f 187//259 106//259 186//259
f 185//260 106//260 187//260
f 188//261 186//261 91//261
f 187//262 186//262 188//262
f 189//263 91//263 86//263
f 188//264 91//264 189//264
f 190//265 86//265 191//265
f 189//266 86//266 190//266
f 191//267 86//267 82//267
f 192//268 82//268 193//268
f 191//269 82//269 192//269
f 193//270 82//270 79//270
f 194//271 79//271 77//271
f 195//272 79//273 194//273
f 193//274 79//274 195//275
f 194//276 77//276 72//276
f 194//277 72//277 196//277
f 196//278 72//278 197//278
f 197//279 72//279 69//279
f 197//280 69//280 67//280
f 198//281 67//281 63//281
f 197//282 67//282 198//282
f 198//283 63//283 59//283
f 199//284 59//284 60//284
f 198//285 59//285 199//285
f 200//286 60//286 56//286
f 199//287 60//287 200//287
f 201//288 56//288 46//288
f 202//289 56//289 201//289
f 203//290 56//290 202//290
f 204//291 56//291 203//291
f 200//292 56//292 204//292
f 205//293 46//293 41//293
f 206//294 46//294 205//294
f 201//295 46//295 206//295
f 207//296 41//296 44//296
f 206//297 41//297 207//297
f 205//298 41//298 206//298
f 208//299 44//299 45//299
f 207//300 44//300 208//300
f 209//301 45//301 29//301
f 208//302 45//302 209//302
f 34//303 209//303 29//303
f 36//304 27//304 39//304
f 36//305 39//305 40//305
f 36//306 40//306 43//306
f 210//307 36//307 43//307
f 211//308 210//308 43//308
f 211//309 43//309 48//309
f 212//310 38//310 37//311
f 213//312 38//312 214//312
f 215//313 214//313 38//313
f 33//314 38//314 213//314
f 212//315 215//315 38//315
f 212//316 37//317 36//316
f 210//318 216//318 36//318
f 217//319 36//319 216//319
f 218//320 212//320 36//320
f 217//321 218//321 36//321
f 219//322 216//322 210//322
f 220//323 216//323 219//323
f 221//324 217//324 216//324
f 220//325 221//325 216//325
f 219//326 210//326 211//326
f 222//327 223//327 6//327
f 8//328 222//328 6//328
f 223//329 10//329 6//329
f 224//330 223//330 222//330
f 225//331 222//331 8//331
f 226//332 224//332 222//332
f 225//333 226//333 222//333
f 227//334 8//334 7//334
f 225//335 8//335 227//335
f 228//336 10//336 223//336
f 229//337 228//337 223//337
f 229//338 223//338 224//338
f 230//339 10//339 228//339
f 230//340 18//340 10//340
f 231//341 230//341 228//341
f 231//342 228//342 229//342
f 232//343 18//343 233//343
f 232//344 17//344 18//344
f 234//345 18//345 230//345
f 234//346 233//346 18//346
f 235//347 234//347 230//347
f 235//348 230//348 231//348
f 236//349 233//349 237//349
f 236//350 232//350 233//350
f 237//351 233//351 234//351
f 238//352 237//352 234//352
f 238//353 234//353 235//353
f 239//354 236//354 237//354
f 239//355 237//355 238//355
f 227//356 7//356 9//356
f 19//357 17//357 232//357
f 240//358 232//358 236//358
f 240//359 19//359 232//359
f 241//360 240//360 236//360
f 239//361 241//361 236//361
f 242//362 9//362 21//362
f 242//363 227//363 9//363
f 243//364 21//364 22//364
f 242//365 21//365 243//365
f 23//366 243//366 22//366
f 244//367 242//367 243//367
f 245//368 244//368 243//368
f 246//369 243//369 23//369
f 245//370 243//370 246//370
f 225//371 227//371 242//371
f 247//372 225//372 242//372
f 248//373 247//373 242//373
f 248//374 242//374 244//374
f 249//375 244//375 245//375
f 249//376 248//376 244//376
f 250//377 26//377 19//377
f 251//378 19//378 240//378
f 251//379 250//379 19//379
f 252//380 251//380 240//380
f 241//381 253//381 240//381
f 252//382 240//382 253//382
f 254//383 23//383 24//383
f 255//384 23//384 254//384
f 256//385 246//385 23//385
f 255//386 256//386 23//386
f 257//387 24//387 20//387
f 257//388 20//388 25//388
f 258//389 25//389 26//389
f 259//390 25//390 258//390
f 260//391 25//391 259//391
f 260//392 257//392 25//392
f 251//393 258//393 26//393
f 251//394 26//394 250//394
f 258//395 260//395 259//395
f 255//396 254//396 261//396
f 260//397 254//397 24//397
f 260//398 24//398 257//398
f 261//399 254//399 260//399
f 262//400 261//400 260//400
f 263//401 262//401 260//401
f 263//402 260//402 258//402
f 264//403 265//403 266//403
f 208//404 209//404 265//404
f 267//405 265//405 209//405
f 207//406 208//406 265//406
f 264//407 207//407 265//407
f 267//408 266//408 265//408
f 267//409 209//409 34//409
f 268//410 207//410 264//410
f 206//411 207//411 268//411
f 269//412 264//412 266//412
f 268//413 264//413 269//413
f 270//414 269//414 266//414
f 267//415 271//415 266//415
f 272//416 268//416 269//416
f 272//417 269//417 270//417
f 273//418 270//418 266//418
f 201//419 206//419 268//419
f 202//420 201//420 268//420
f 274//421 268//421 272//421
f 202//422 268//422 274//422
f 214//423 275//423 213//423
f 276//424 213//424 275//424
f 276//425 277//425 213//425
f 278//426 275//426 214//426
f 279//427 276//427 275//427
f 280//428 279//428 275//428
f 281//429 280//429 275//429
f 278//430 281//430 275//430
f 215//431 278//431 214//431
f 282//432 213//432 277//432
f 282//433 33//433 213//433
f 283//434 277//434 276//434
f 284//435 282//435 277//435
f 284//436 277//436 283//436
f 285//437 276//437 279//437
f 285//438 283//438 276//438
f 286//439 279//439 280//439
f 287//440 285//440 279//440
f 287//441 279//441 286//441
f 288//442 280//442 281//442
f 288//443 281//443 278//443
f 35//444 33//444 282//444
f 289//445 35//445 282//445
f 289//446 282//446 290//446
f 284//447 290//447 282//447
f 291//448 34//448 35//448
f 289//449 291//449 35//449
f 267//450 34//450 291//450
f 292//451 211//451 48//451
f 292//452 48//452 51//452
f 293//453 51//453 50//453
f 294//454 51//454 293//454
f 292//455 51//455 294//455
f 293//456 50//456 53//456
f 293//457 53//457 295//457
f 296//458 295//458 53//458
f 296//459 293//459 295//459
f 296//460 53//460 55//460
f 297//461 288//461 278//461
f 215//462 297//462 278//462
f 296//463 294//463 293//463
f 298//464 292//464 294//464
f 299//465 298//465 294//465
f 300//466 288//466 297//466
f 300//467 297//467 301//467
f 215//468 301//468 297//468
f 302//469 288//469 300//469
f 280//470 288//470 302//470
f 303//471 301//471 215//471
f 304//472 302//472 300//472
f 304//473 300//473 301//473
f 303//474 215//474 212//474
f 305//475 212//475 218//475
f 305//476 303//476 212//476
f 306//477 211//477 292//477
f 307//478 219//478 211//478
f 307//479 211//479 306//479
f 298//480 306//480 292//480
f 308//481 298//481 299//481
f 299//482 294//482 296//482
f 62//483 299//483 296//483
f 62//484 296//484 55//484
f 308//485 299//485 62//485
f 309//486 224//486 226//486
f 310//487 224//487 309//487
f 247//488 226//488 225//488
f 311//489 226//489 247//489
f 309//490 226//490 311//490
f 310//491 229//491 224//491
f 310//492 312//492 229//492
f 312//493 231//493 229//493
f 313//494 235//494 231//494
f 313//495 231//495 312//495
f 314//496 238//496 235//496
f 314//497 235//497 313//497
f 315//498 239//498 238//498
f 316//499 238//499 314//499
f 316//500 315//500 238//500
f 317//501 253//501 241//501
f 318//502 252//502 253//502
f 319//503 318//503 253//503
f 319//504 253//504 317//504
f 317//505 241//505 239//505
f 320//506 239//506 315//506
f 320//507 317//507 239//507
f 245//508 246//508 256//508
f 255//509 245//509 256//509
f 321//510 245//510 255//510
f 322//511 249//511 245//511
f 322//512 245//512 321//512
f 323//513 255//513 261//513
f 323//514 321//514 255//514
f 323//515 261//515 262//515
f 324//516 323//516 262//516
f 325//517 262//517 263//517
f 325//518 324//518 262//518
f 252//519 263//519 258//519
f 252//520 258//520 251//520
f 326//521 263//521 252//521
f 326//522 325//522 263//522
f 318//523 326//523 252//523
f 327//524 266//524 271//524
f 267//525 291//525 271//525
f 328//526 327//526 271//526
f 328//527 271//527 329//527
f 330//528 329//528 271//528
f 330//529 271//529 291//529
f 330//530 291//530 289//530
f 331//531 273//531 327//531
f 331//532 327//532 328//532
f 273//533 266//533 327//533
f 332//534 270//534 273//534
f 333//535 332//535 273//535
f 334//536 273//536 331//536
f 333//537 273//537 334//537
f 335//538 290//538 336//538
f 337//539 335//539 336//539
f 284//540 336//540 290//540
f 338//541 290//541 335//541
f 289//542 290//542 338//542
f 284//543 283//543 336//543
f 339//544 337//544 336//544
f 339//545 336//545 283//545
f 330//546 289//546 338//546
f 340//547 341//547 332//547
f 333//548 340//548 332//548
f 342//549 341//549 340//549
f 343//550 342//550 344//550
f 345//551 339//551 283//551
f 285//552 345//552 283//552
f 346//553 339//553 345//553
f 287//554 345//554 285//554
f 347//555 345//555 287//555
f 347//556 346//556 345//556
f 348//557 349//557 342//557
f 349//558 341//558 342//558
f 350//559 270//559 332//559
f 350//560 272//560 270//560
f 350//561 332//561 341//561
f 350//562 341//562 349//562
f 274//563 272//563 351//563
f 352//564 351//564 272//564
f 350//565 352//565 272//565
f 274//566 351//566 353//566
f 354//567 353//567 351//567
f 355//568 354//568 351//568
f 355//569 351//569 352//569
f 356//570 357//570 352//570
f 355//571 352//571 357//571
f 348//572 356//572 352//572
f 349//573 348//573 352//573
f 350//574 349//574 352//574
f 358//575 357//575 356//575
f 359//576 355//576 357//576
f 359//577 357//577 358//577
f 360//578 361//578 356//578
f 358//579 356//579 361//579
f 362//580 360//580 356//580
f 348//581 362//581 356//581
f 363//582 361//582 360//582
f 358//583 361//583 364//583
f 363//584 364//584 361//584
f 365//585 366//585 360//585
f 367//586 360//586 366//586
f 362//587 365//587 360//587
f 363//588 360//588 367//588
f 365//589 368//589 366//589
f 367//590 366//590 369//590
f 368//591 370//591 366//591
f 371//592 366//592 370//592
f 371//593 369//593 366//593
f 372//594 373//594 370//594
f 371//595 370//595 373//595
f 368//596 372//596 370//596
f 374//597 375//597 373//597
f 376//598 373//598 375//598
f 372//599 374//599 373//599
f 377//600 373//600 376//600
f 371//601 373//601 377//601
f 374//602 378//602 375//602
f 376//603 375//603 378//603
f 379//604 378//604 380//604
f 374//605 380//605 378//605
f 376//606 378//606 381//607
f 379//608 381//609 378//608
f 379//610 380//610 382//610
f 383//611 384//611 382//611
f 385//612 382//612 384//612
f 386//613 383//613 382//613
f 387//614 386//614 382//614
f 388//615 387//615 382//615
f 380//616 388//616 382//616
f 379//617 382//617 385//617
f 389//618 384//618 390//618
f 383//619 390//619 384//619
f 385//620 384//620 391//620
f 389//621 391//621 384//621
f 392//622 389//622 390//622
f 393//623 390//623 394//623
f 393//624 392//624 390//624
f 395//625 390//625 383//625
f 394//626 390//626 395//626
f 396//627 383//627 386//627
f 395//628 383//628 396//628
f 397//629 386//629 387//629
f 398//630 387//630 388//630
f 399//631 388//631 380//631
f 274//632 353//632 400//632
f 401//633 400//633 353//633
f 202//634 274//634 400//634
f 203//635 202//635 400//635
f 402//636 203//636 400//636
f 401//637 353//637 354//637
f 403//638 203//638 402//638
f 403//639 204//639 203//639
f 200//640 204//640 403//640
f 302//641 404//641 405//641
f 406//642 405//642 404//642
f 280//643 302//643 405//643
f 286//644 280//644 405//644
f 407//645 286//645 405//645
f 406//646 407//646 405//646
f 408//647 406//647 404//647
f 409//648 408//648 404//648
f 304//649 404//649 302//649
f 407//650 287//650 286//650
f 347//651 287//651 407//651
f 410//652 407//652 406//652
f 347//653 407//653 410//653
f 411//654 406//654 408//654
f 412//655 410//655 406//655
f 412//656 406//656 411//656
f 409//657 413//657 408//657
f 411//658 408//658 413//658
f 66//659 62//659 61//660
f 414//661 62//661 66//661
f 414//662 66//662 65//662
f 409//663 415//663 413//663
f 415//664 416//664 413//664
f 417//665 413//665 416//665
f 417//666 411//666 413//666
f 415//667 418//667 416//667
f 419//668 417//668 416//668
f 418//669 420//669 416//669
f 421//670 416//670 420//670
f 421//671 419//671 416//671
f 422//672 423//672 420//672
f 418//673 422//673 420//673
f 424//674 421//674 420//674
f 425//675 426//675 420//675
f 427//676 425//676 420//676
f 423//677 427//677 420//677
f 428//678 424//678 420//678
f 426//679 428//679 420//679
f 429//680 426//680 425//680
f 430//681 426//681 429//681
f 429//682 425//682 427//682
f 431//683 427//683 432//683
f 433//684 427//684 431//684
f 434//685 429//685 427//685
f 435//686 427//686 433//686
f 435//687 434//687 427//687
f 432//688 427//688 423//688
f 432//689 423//689 436//689
f 436//690 423//690 422//690
f 437//691 422//691 418//691
f 438//692 422//692 437//692
f 436//693 422//693 438//693
f 439//694 418//694 415//694
f 437//695 418//695 439//695
f 440//696 415//696 409//696
f 441//697 415//697 440//697
f 439//698 415//698 441//698
f 442//699 409//699 404//699
f 440//700 409//700 442//700
f 442//701 404//701 304//701
f 443//702 305//702 218//702
f 444//703 218//703 217//703
f 443//704 218//704 444//704
f 445//705 219//705 307//705
f 445//706 220//706 219//706
f 414//707 308//707 62//707
f 446//708 308//708 414//708
f 447//709 308//709 446//709
f 448//710 304//710 301//710
f 305//711 448//711 301//711
f 305//712 301//712 303//712
f 449//713 304//713 448//713
f 450//714 448//714 305//714
f 450//715 449//715 448//715
f 442//716 304//716 449//716
f 443//717 450//717 305//717
f 451//718 307//718 306//718
f 451//719 306//719 298//719
f 447//720 307//720 451//720
f 447//721 452//721 307//721
f 445//722 307//722 452//722
f 308//723 451//723 298//723
f 447//724 451//724 308//724
f 453//725 311//725 247//725
f 454//726 309//726 311//726
f 453//727 454//727 311//727
f 455//728 247//728 248//728
f 455//729 453//729 247//729
f 455//730 248//730 456//730
f 454//731 310//731 309//731
f 310//732 457//732 312//732
f 457//733 458//733 312//733
f 313//734 312//734 458//734
f 459//735 460//735 458//735
f 313//736 458//736 460//736
f 461//737 462//737 460//737
f 314//738 460//738 462//738
f 459//739 461//739 460//739
f 314//740 313//740 460//740
f 463//741 464//741 462//741
f 465//742 462//742 464//742
f 461//743 463//743 462//743
f 466//744 314//744 462//744
f 465//745 466//745 462//745
f 467//746 464//746 468//746
f 469//747 468//747 464//747
f 463//748 469//748 464//748
f 467//749 465//749 464//749
f 470//750 471//750 468//750
f 467//751 468//751 471//751
f 472//752 473//752 471//752
f 470//753 472//753 471//753
f 474//754 467//754 471//754
f 475//755 471//755 473//755
f 476//756 474//756 471//756
f 475//757 476//757 471//757
f 477//758 478//759 473//759
f 475//760 473//760 478//760
f 479//761 477//762 473//761
f 480//763 481//763 478//763
f 482//764 478//764 481//764
f 483//765 480//765 478//765
f 484//766 483//766 478//766
f 485//767 484//767 478//767
f 486//768 485//768 478//768
f 477//769 486//770 478//770
f 482//771 475//771 478//771
f 487//772 481//772 480//772
f 488//773 482//773 481//773
f 487//774 488//774 481//774
f 489//775 480//775 483//775
f 489//776 487//776 480//776
f 489//777 483//777 490//777
f 491//778 490//778 483//778
f 492//779 491//779 483//779
f 484//780 492//780 483//780
f 493//781 489//781 490//781
f 494//782 493//782 490//782
f 495//783 494//783 490//783
f 496//784 495//784 490//784
f 497//785 490//785 491//785
f 497//786 496//786 490//786
f 498//787 491//787 492//787
f 498//788 497//788 491//788
f 499//789 492//789 500//789
f 484//790 500//790 492//790
f 498//791 492//791 499//791
f 501//792 500//792 502//792
f 503//793 500//793 501//793
f 499//794 500//794 503//794
f 504//795 500//795 484//795
f 502//796 500//796 504//796
f 504//797 484//797 505//797
f 505//798 484//798 506//798
f 506//799 484//799 507//799
f 507//800 484//800 485//800
f 508//801 485//801 486//801
f 509//802 485//802 508//802
f 507//803 485//803 509//803
f 508//804 486//804 477//805
f 510//806 477//807 479//806
f 510//808 511//808 477//809
f 512//810 477//811 511//810
f 508//812 477//813 512//812
f 513//814 479//814 473//814
f 510//815 479//815 513//815
f 514//816 473//816 472//816
f 515//817 473//817 514//817
f 516//818 473//818 515//818
f 513//819 473//819 516//819
f 514//820 472//820 470//820
f 517//821 470//821 468//821
f 518//822 470//822 519//822
f 517//823 519//823 470//823
f 520//824 470//824 518//824
f 514//825 470//825 520//825
f 521//826 468//826 469//826
f 521//827 522//827 468//827
f 523//828 468//828 522//828
f 519//829 468//829 523//829
f 517//830 468//830 519//830
f 521//831 469//831 463//831
f 524//832 463//832 461//832
f 525//833 463//833 526//833
f 524//834 526//834 463//834
f 521//835 463//835 525//835
f 527//836 461//836 459//836
f 527//837 528//837 461//837
f 524//838 461//838 528//838
f 529//839 459//839 458//839
f 528//840 459//840 530//840
f 531//841 530//841 459//841
f 527//842 459//842 528//842
f 529//843 531//843 459//843
f 532//844 458//844 457//844
f 529//845 458//845 532//845
f 533//846 457//846 310//846
f 534//847 457//847 533//847
f 534//848 532//848 457//848
f 533//849 310//849 535//849
f 535//850 310//850 536//850
f 537//851 310//851 454//851
f 536//852 310//852 537//852
f 453//853 538//853 454//853
f 539//854 454//854 538//854
f 540//855 537//855 454//855
f 540//856 454//856 539//856
f 453//857 541//857 538//857
f 539//858 538//858 541//858
f 542//859 543//859 541//859
f 544//860 541//860 543//860
f 453//861 542//861 541//861
f 545//862 541//862 546//862
f 544//863 546//863 541//863
f 539//864 541//864 545//864
f 547//865 543//865 542//865
f 548//866 544//866 543//866
f 455//867 542//867 453//867
f 547//868 542//868 455//868
f 466//869 316//869 314//869
f 320//870 315//870 316//870
f 549//871 316//871 466//871
f 549//872 320//872 316//872
f 456//873 248//873 249//873
f 456//874 249//874 322//874
f 550//875 319//875 317//875
f 551//876 317//876 320//876
f 550//877 317//877 551//877
f 550//878 318//878 319//878
f 552//879 322//879 321//879
f 553//880 321//880 323//880
f 554//881 321//881 553//881
f 555//882 552//882 321//882
f 555//883 321//883 554//883
f 556//884 456//884 322//884
f 557//885 556//885 322//885
f 552//886 557//886 322//886
f 553//887 323//887 558//887
f 559//888 323//888 324//888
f 559//889 558//889 323//889
f 560//890 559//890 324//890
f 561//891 324//891 325//891
f 561//892 560//892 324//892
f 562//893 325//893 326//893
f 562//894 561//894 325//894
f 563//895 326//895 318//895
f 564//896 326//896 563//896
f 564//897 562//897 326//897
f 565//898 563//898 318//898
f 566//899 565//899 318//899
f 550//900 566//900 318//900
f 328//901 329//901 567//901
f 553//902 567//902 329//902
f 553//903 558//903 567//903
f 554//904 553//904 329//904
f 568//905 329//905 569//905
f 568//906 554//906 329//906
f 569//907 329//907 330//907
f 570//908 328//908 567//908
f 558//909 570//909 567//909
f 331//910 328//910 570//910
f 559//911 570//911 558//911
f 571//912 331//912 570//912
f 559//913 571//913 570//913
f 334//914 331//914 571//914
f 560//915 571//915 559//915
f 572//916 334//916 571//916
f 333//917 334//917 572//917
f 561//918 571//918 560//918
f 561//919 572//919 571//919
f 573//920 333//920 572//920
f 340//921 573//921 572//921
f 574//922 340//922 572//922
f 562//923 572//923 561//923
f 574//924 572//924 562//924
f 338//925 569//925 330//925
f 568//926 569//926 338//926
f 340//927 333//927 573//927
f 575//928 335//928 337//928
f 576//929 338//929 335//929
f 576//930 335//930 575//930
f 577//931 575//931 337//931
f 578//932 577//932 337//932
f 578//933 337//933 339//933
f 568//934 338//934 576//934
f 579//935 342//935 340//935
f 574//936 579//936 340//936
f 344//937 342//937 579//937
f 580//938 579//938 574//938
f 581//939 579//939 580//939
f 344//940 579//940 581//940
f 346//941 578//941 339//941
f 582//942 583//942 346//942
f 347//943 410//943 346//943
f 582//944 346//944 410//944
f 584//945 343//945 344//945
f 585//946 410//946 412//946
f 585//947 582//947 410//947
f 348//948 342//948 343//948
f 362//949 348//949 343//949
f 586//950 401//950 354//950
f 587//951 354//951 355//951
f 587//952 586//952 354//952
f 588//953 589//953 590//953
f 591//954 590//954 589//954
f 592//955 588//955 590//955
f 592//956 590//956 591//956
f 593//957 589//957 588//957
f 594//958 591//958 589//958
f 595//959 594//959 589//959
f 595//960 589//960 593//960
f 596//961 593//961 588//961
f 597//962 596//962 588//962
f 597//963 588//963 592//963
f 598//964 591//964 594//964
f 599//965 598//965 594//965
f 600//966 599//966 594//966
f 600//967 594//967 595//967
f 601//968 598//968 599//968
f 602//969 598//969 601//969
f 603//970 591//970 598//970
f 602//971 603//971 598//971
f 400//972 601//972 599//972
f 402//973 400//973 599//973
f 402//974 599//974 600//974
f 401//975 601//975 400//975
f 586//976 601//976 401//976
f 586//977 602//977 601//977
f 604//978 593//978 596//978
f 605//979 595//979 593//979
f 605//980 593//980 604//980
f 606//981 604//981 596//981
f 607//982 606//982 596//982
f 607//983 596//983 597//983
f 608//984 600//984 595//984
f 608//985 595//985 605//985
f 608//986 402//986 600//986
f 403//987 402//987 608//987
f 609//988 604//988 606//988
f 610//989 605//989 604//989
f 610//990 604//990 609//990
f 609//991 606//991 607//991
f 611//992 608//992 605//992
f 612//993 605//993 610//993
f 612//994 611//994 605//994
f 611//995 403//995 608//995
f 613//996 200//996 403//996
f 611//997 613//997 403//997
f 614//998 412//998 411//998
f 615//999 614//999 411//999
f 614//1000 585//1000 412//1000
f 616//1001 199//1001 200//1001
f 613//1002 616//1002 200//1002
f 616//1003 617//1003 199//1003
f 618//1004 444//1004 217//1004
f 619//1005 217//1005 221//1005
f 619//1006 618//1006 217//1006
f 620//1007 444//1007 618//1007
f 443//1008 444//1008 620//1008
f 619//1009 221//1009 220//1009
f 445//1010 619//1010 220//1010
f 621//1011 446//1011 414//1011
f 65//1012 621//1012 414//1012
f 622//1013 446//1013 621//1013
f 623//1014 447//1014 446//1014
f 623//1015 446//1015 622//1015
f 65//1016 71//1016 621//1016
f 622//1017 621//1017 624//1017
f 74//1018 625//1018 621//1018
f 626//1019 621//1019 625//1019
f 71//1020 74//1020 621//1020
f 624//1021 621//1021 626//1021
f 626//1022 625//1022 627//1022
f 76//1023 78//1023 625//1023
f 74//1024 76//1024 625//1024
f 628//1025 625//1025 78//1025
f 629//1026 627//1026 625//1026
f 628//1027 629//1027 625//1027
f 630//1028 628//1028 78//1028
f 631//1029 630//1029 78//1029
f 623//1030 452//1030 447//1030
f 632//1031 633//1031 634//1031
f 635//1032 634//1032 633//1032
f 636//1033 632//1033 634//1033
f 637//1034 633//1034 632//1034
f 638//1035 637//1035 632//1035
f 632//1036 636//1036 639//1036
f 640//1037 634//1037 641//1037
f 641//1038 634//1038 635//1038
f 642//1039 641//1039 635//1039
f 643//1040 642//1040 635//1040
f 644//1041 643//1041 635//1041
f 644//1042 635//1042 645//1042
f 633//1043 645//1043 635//1043
f 646//1044 640//1044 641//1044
f 647//1045 646//1045 641//1045
f 642//1046 647//1046 641//1046
f 648//1047 649//1047 650//1047
f 651//1048 652//1048 649//1048
f 653//1049 651//1049 649//1049
f 653//1050 649//1050 648//1050
f 654//1051 649//1051 652//1051
f 654//1052 650//1052 649//1052
f 655//1053 656//1053 652//1053
f 651//1054 655//1054 652//1054
f 657//1055 654//1055 652//1055
f 658//1056 652//1056 656//1056
f 657//1057 652//1057 658//1057
f 659//1058 650//1058 654//1058
f 660//1059 661//1060 650//1060
f 648//1061 650//1061 661//1061
f 662//1062 650//1062 659//1062
f 662//1063 660//1064 650//1063
f 659//1065 654//1065 657//1065
f 663//1066 664//1066 665//1066
f 666//1067 665//1067 664//1067
f 663//1068 667//1068 664//1068
f 668//1069 664//1069 667//1069
f 669//1070 666//1070 664//1070
f 670//1071 669//1071 664//1071
f 668//1072 670//1072 664//1072
f 671//1073 667//1073 663//1073
f 672//1074 667//1074 671//1074
f 672//1075 668//1075 667//1075
f 673//1076 663//1076 665//1076
f 671//1077 663//1077 673//1077
f 669//1078 651//1078 666//1078
f 666//1079 674//1079 665//1079
f 675//1080 665//1080 674//1080
f 675//1081 673//1081 665//1081
f 676//1082 674//1082 666//1082
f 677//1083 675//1083 674//1083
f 676//1084 677//1084 674//1084
f 678//1085 666//1085 679//1085
f 680//1086 666//1086 678//1086
f 680//1087 676//1087 666//1087
f 679//1088 666//1088 651//1088
f 681//1089 673//1089 675//1089
f 681//1090 682//1090 673//1090
f 682//1091 671//1091 673//1091
f 683//1092 684//1092 685//1092
f 686//1093 685//1093 684//1093
f 687//1094 685//1094 686//1094
f 688//1095 684//1095 683//1095
f 639//1096 688//1096 683//1096
f 689//1097 687//1097 686//1097
f 690//1098 683//1098 685//1098
f 691//1099 683//1099 690//1099
f 691//1100 639//1100 683//1100
f 692//1101 690//1101 685//1101
f 687//1102 692//1102 685//1102
f 693//1103 694//1103 690//1103
f 695//1104 690//1104 692//1104
f 696//1105 693//1105 690//1105
f 695//1106 696//1106 690//1106
f 694//1107 691//1107 690//1107
f 697//1108 698//1108 694//1108
f 693//1109 697//1109 694//1109
f 699//1110 700//1110 698//1110
f 697//1111 699//1111 698//1111
f 701//1112 700//1112 699//1112
f 699//1113 702//1113 703//1113
f 697//1114 702//1114 699//1114
f 704//1115 705//1115 699//1115
f 701//1116 699//1116 705//1116
f 703//1117 704//1117 699//1117
f 704//1118 706//1118 705//1118
f 707//1119 701//1119 705//1119
f 706//1120 708//1120 705//1120
f 708//1121 709//1121 705//1121
f 710//1122 705//1122 709//1122
f 710//1123 707//1123 705//1123
f 711//1124 709//1124 708//1124
f 712//1125 710//1125 709//1125
f 711//1126 713//1126 709//1126
f 712//1127 709//1127 713//1127
f 711//1128 714//1128 713//1128
f 715//1129 712//1129 713//1129
f 716//1130 717//1130 713//1130
f 718//1131 713//1131 717//1131
f 714//1132 716//1132 713//1132
f 718//1133 715//1133 713//1133
f 716//1134 719//1134 717//1134
f 719//1135 720//1135 717//1135
f 721//1136 717//1136 720//1136
f 721//1137 718//1137 717//1137
f 722//1138 721//1138 720//1138
f 719//1139 723//1139 720//1139
f 724//1140 720//1140 723//1140
f 724//1141 722//1141 720//1141
f 719//1142 725//1142 723//1142
f 726//1143 727//1143 723//1143
f 728//1144 723//1144 727//1144
f 729//1145 726//1145 723//1145
f 725//1146 729//1146 723//1146
f 728//1147 724//1147 723//1147
f 730//1148 728//1148 727//1148
f 726//1149 731//1149 727//1149
f 732//1150 733//1150 727//1150
f 734//1151 727//1151 733//1151
f 731//1152 732//1152 727//1152
f 734//1153 730//1153 727//1153
f 735//1154 733//1154 732//1154
f 736//1155 737//1155 733//1155
f 734//1156 733//1156 737//1156
f 738//1157 736//1157 733//1157
f 739//1158 738//1158 733//1158
f 735//1159 739//1159 733//1159
f 736//1160 740//1160 737//1160
f 741//1161 734//1161 737//1161
f 740//1162 742//1162 737//1162
f 743//1163 737//1163 742//1163
f 743//1164 741//1164 737//1164
f 744//1165 742//1165 740//1165
f 744//1166 743//1166 742//1166
f 745//1167 740//1167 736//1167
f 745//1168 746//1168 740//1168
f 747//1169 740//1169 746//1169
f 744//1170 740//1170 747//1170
f 745//1171 736//1171 738//1171
f 748//1172 749//1172 738//1172
f 745//1173 738//1173 749//1173
f 739//1174 748//1174 738//1174
f 750//1175 751//1175 749//1175
f 752//1176 749//1176 751//1176
f 753//1177 750//1177 749//1177
f 748//1178 753//1178 749//1178
f 754//1179 745//1179 749//1179
f 752//1180 754//1180 749//1180
f 755//1181 756//1181 751//1181
f 757//1182 751//1182 756//1182
f 758//1183 755//1183 751//1183
f 750//1184 758//1184 751//1184
f 752//1185 751//1185 759//1185
f 760//1186 759//1186 751//1186
f 761//1187 760//1187 751//1187
f 757//1188 761//1188 751//1188
f 755//1189 762//1189 756//1189
f 763//1190 757//1190 756//1190
f 762//1191 764//1191 756//1191
f 763//1192 756//1192 764//1192
f 765//1193 763//1193 764//1193
f 766//1194 764//1194 762//1194
f 766//1195 765//1195 764//1195
f 767//1196 766//1196 762//1196
f 767//1197 762//1197 755//1197
f 768//1198 767//1198 755//1198
f 768//1199 755//1199 758//1199
f 769//1200 770//1200 758//1200
f 771//1201 758//1201 770//1201
f 769//1202 758//1202 750//1202
f 771//1203 768//1203 758//1203
f 769//1204 772//1204 770//1204
f 773//1205 771//1205 770//1205
f 772//1206 774//1206 770//1206
f 774//1207 775//1207 770//1207
f 776//1208 770//1208 775//1208
f 773//1209 770//1209 776//1209
f 774//1210 777//1210 775//1210
f 778//1211 779//1211 775//1211
f 780//1212 775//1212 779//1212
f 777//1213 778//1213 775//1213
f 776//1214 775//1214 780//1214
f 778//1215 781//1215 779//1215
f 782//1216 779//1216 781//1216
f 783//1217 779//1217 782//1217
f 784//1218 780//1218 779//1218
f 785//1219 786//1219 781//1219
f 782//1220 781//1220 786//1220
f 732//1221 785//1221 781//1221
f 778//1222 732//1222 781//1222
f 787//1223 788//1223 786//1223
f 789//1224 786//1224 788//1224
f 787//1225 786//1225 785//1225
f 782//1226 786//1226 789//1226
f 789//1227 788//1227 790//1227
f 791//1228 788//1228 787//1228
f 791//1229 792//1229 788//1229
f 793//1230 788//1230 792//1230
f 790//1231 788//1231 793//1231
f 794//1232 795//1232 792//1232
f 793//1233 792//1233 795//1233
f 794//1234 792//1234 791//1234
f 796//1235 797//1235 795//1235
f 793//1236 795//1236 797//1236
f 794//1237 796//1237 795//1237
f 798//1238 799//1238 797//1238
f 800//1239 797//1239 799//1239
f 796//1240 798//1240 797//1240
f 801//1241 797//1241 800//1241
f 801//1242 793//1242 797//1242
f 798//1243 802//1243 799//1243
f 802//1244 803//1244 799//1244
f 804//1245 799//1245 803//1245
f 804//1246 800//1246 799//1246
f 802//1247 805//1247 803//1247
f 804//1248 803//1248 805//1248
f 806//1249 807//1249 805//1249
f 808//1250 805//1250 807//1250
f 802//1251 806//1251 805//1251
f 808//1252 804//1252 805//1252
f 809//1253 810//1253 807//1253
f 808//1254 807//1254 810//1254
f 806//1255 809//1255 807//1255
f 808//1256 810//1256 809//1256
f 811//1257 809//1257 812//1257
f 808//1258 809//1258 811//1258
f 813//1259 809//1259 806//1259
f 812//1260 809//1260 813//1260
f 814//1261 815//1261 806//1261
f 813//1262 806//1262 815//1262
f 802//1263 814//1263 806//1263
f 816//1264 817//1264 815//1264
f 818//1265 815//1265 817//1265
f 814//1266 816//1266 815//1266
f 813//1267 815//1267 818//1267
f 816//1268 819//1268 817//1268
f 820//1269 817//1269 821//1269
f 822//1270 817//1270 820//1270
f 818//1271 817//1271 822//1271
f 823//1272 817//1272 819//1272
f 821//1273 817//1273 823//1273
f 824//1274 819//1274 816//1274
f 825//1275 816//1275 814//1275
f 824//1276 816//1276 825//1276
f 826//1277 827//1277 814//1277
f 828//1278 814//1278 827//1278
f 829//1279 826//1279 814//1279
f 802//1280 829//1280 814//1280
f 825//1281 814//1281 828//1281
f 830//1282 827//1282 826//1282
f 828//1283 827//1283 830//1283
f 829//1284 831//1284 826//1284
f 830//1285 826//1285 831//1285
f 829//1286 832//1286 831//1286
f 830//1287 831//1287 833//1287
f 832//1288 834//1288 831//1288
f 833//1289 831//1289 835//1289
f 834//1290 836//1290 831//1290
f 835//1291 831//1291 836//1291
f 837//1292 838//1292 836//1292
f 835//1293 836//1293 838//1293
f 834//1294 837//1294 836//1294
f 837//1295 839//1295 838//1295
f 840//1296 838//1296 839//1296
f 841//1297 838//1297 840//1297
f 835//1298 838//1298 841//1298
f 842//1299 843//1299 839//1299
f 840//1300 839//1300 843//1300
f 842//1301 839//1301 837//1301
f 844//1302 845//1302 843//1302
f 846//1303 843//1303 845//1303
f 842//1304 844//1304 843//1304
f 847//1305 843//1305 846//1305
f 847//1306 840//1306 843//1306
f 848//1307 849//1307 845//1307
f 846//1308 845//1308 849//1308
f 844//1309 848//1309 845//1309
f 846//1310 849//1310 850//1310
f 851//1311 850//1311 849//1311
f 848//1312 851//1312 849//1312
f 852//1313 846//1313 850//1313
f 853//1314 852//1314 850//1314
f 854//1315 855//1315 850//1315
f 853//1316 850//1316 855//1316
f 854//1317 850//1317 851//1317
f 856//1318 851//1318 848//1318
f 854//1319 851//1319 857//1319
f 856//1320 858//1320 851//1320
f 857//1321 851//1321 858//1321
f 856//1322 859//1322 858//1322
f 857//1323 858//1323 860//1323
f 859//1324 695//1324 858//1324
f 695//1325 692//1325 858//1325
f 861//1326 858//1326 692//1326
f 861//1327 860//1327 858//1327
f 862//1328 692//1328 687//1328
f 862//1329 861//1329 692//1329
f 862//1330 687//1330 863//1330
f 863//1331 687//1331 689//1331
f 863//1332 689//1332 864//1332
f 864//1333 689//1333 865//1333
f 866//1334 865//1334 689//1334
f 686//1335 866//1335 689//1335
f 864//1336 865//1336 867//1336
f 867//1337 865//1337 866//1337
f 868//1338 866//1338 686//1338
f 867//1339 866//1339 868//1339
f 868//1340 686//1340 684//1340
f 869//1341 785//1341 732//1341
f 869//1342 787//1342 785//1342
f 870//1343 732//1343 731//1343
f 778//1344 735//1344 732//1344
f 871//1345 732//1345 870//1345
f 869//1346 732//1346 871//1346
f 872//1347 731//1347 726//1347
f 872//1348 870//1348 731//1348
f 711//1349 708//1349 726//1349
f 873//1350 726//1350 708//1350
f 874//1351 726//1351 729//1351
f 875//1352 711//1352 726//1352
f 874//1353 875//1353 726//1353
f 872//1354 726//1354 873//1354
f 876//1355 708//1355 706//1355
f 877//1356 708//1356 876//1356
f 873//1357 708//1357 877//1357
f 878//1358 706//1358 704//1358
f 879//1359 706//1359 878//1359
f 880//1360 876//1360 706//1360
f 879//1361 880//1361 706//1361
f 881//1362 704//1362 703//1362
f 881//1363 878//1363 704//1363
f 702//1364 882//1364 703//1364
f 881//1365 703//1365 882//1365
f 702//1366 883//1366 882//1366
f 884//1367 882//1367 883//1367
f 885//1368 881//1368 882//1368
f 884//1369 885//1369 882//1369
f 842//1370 837//1370 883//1370
f 886//1371 883//1371 837//1371
f 702//1372 842//1372 883//1372
f 886//1373 884//1373 883//1373
f 887//1374 837//1374 834//1374
f 887//1375 886//1375 837//1375
f 888//1376 889//1376 834//1376
f 890//1377 834//1377 889//1377
f 891//1378 888//1378 834//1378
f 832//1379 891//1379 834//1379
f 887//1380 834//1380 890//1380
f 892//1381 787//1381 889//1381
f 893//1382 889//1382 787//1382
f 894//1383 892//1383 889//1383
f 895//1384 894//1384 889//1384
f 896//1385 895//1385 889//1385
f 888//1386 896//1386 889//1386
f 897//1387 889//1387 893//1387
f 890//1388 889//1388 897//1388
f 898//1389 791//1389 787//1389
f 892//1390 898//1390 787//1390
f 893//1391 787//1391 899//1391
f 869//1392 899//1392 787//1392
f 900//1393 729//1393 725//1393
f 901//1394 874//1394 729//1394
f 901//1395 729//1395 900//1395
f 902//1396 725//1396 719//1396
f 900//1397 725//1397 902//1397
f 903//1398 719//1398 716//1398
f 903//1399 902//1399 719//1399
f 904//1400 716//1400 714//1400
f 903//1401 716//1401 904//1401
f 905//1402 714//1402 711//1402
f 904//1403 714//1403 905//1403
f 906//1404 711//1404 875//1404
f 905//1405 711//1405 906//1405
f 907//1406 875//1406 874//1406
f 906//1407 875//1407 907//1407
f 907//1408 874//1408 901//1408
f 908//1409 750//1409 753//1409
f 909//1410 769//1411 750//1411
f 910//1412 909//1413 750//1412
f 910//1414 750//1414 908//1414
f 911//1415 753//1415 748//1415
f 912//1416 753//1416 911//1416
f 908//1417 753//1417 912//1417
f 913//1418 748//1418 739//1418
f 911//1419 748//1419 913//1419
f 914//1420 739//1420 735//1420
f 913//1421 739//1421 914//1421
f 915//1422 735//1422 778//1422
f 914//1423 735//1423 915//1423
f 916//1424 778//1424 777//1424
f 917//1425 915//1425 778//1425
f 917//1426 778//1426 916//1426
f 918//1427 777//1427 774//1427
f 919//1428 777//1428 918//1428
f 916//1429 777//1429 919//1429
f 920//1430 774//1430 772//1430
f 918//1431 774//1431 920//1431
f 921//1432 772//1432 769//1432
f 920//1433 772//1433 921//1433
f 921//1434 769//1434 909//1435
f 922//1436 848//1436 844//1436
f 923//1437 856//1437 848//1437
f 923//1438 848//1438 922//1438
f 924//1439 844//1439 842//1439
f 922//1440 844//1440 924//1440
f 925//1441 842//1441 702//1441
f 926//1442 924//1442 842//1442
f 926//1443 842//1443 925//1443
f 927//1444 702//1444 697//1444
f 928//1445 702//1445 927//1445
f 925//1446 702//1446 928//1446
f 929//1447 697//1447 693//1447
f 927//1448 697//1448 929//1448
f 644//1449 693//1449 696//1449
f 929//1450 693//1450 644//1450
f 930//1451 696//1451 695//1451
f 644//1452 696//1452 930//1452
f 931//1453 695//1453 859//1453
f 932//1454 930//1454 695//1454
f 932//1455 695//1455 931//1455
f 933//1456 859//1456 856//1456
f 934//1457 859//1457 933//1457
f 931//1458 859//1458 934//1458
f 933//1459 856//1459 923//1459
f 935//1460 794//1460 791//1460
f 935//1461 791//1461 936//1461
f 936//1462 791//1462 898//1462
f 937//1463 898//1463 892//1463
f 938//1464 898//1464 937//1464
f 936//1465 898//1465 938//1465
f 939//1466 891//1466 832//1466
f 940//1467 832//1467 829//1467
f 941//1468 939//1468 832//1468
f 940//1469 941//1469 832//1469
f 942//1470 829//1470 802//1470
f 943//1471 940//1471 829//1471
f 942//1472 943//1472 829//1472
f 798//1473 942//1473 802//1473
f 944//1474 798//1474 796//1474
f 944//1475 796//1475 794//1475
f 945//1476 944//1476 794//1476
f 935//1477 945//1477 794//1477
f 636//1478 688//1478 639//1478
f 946//1479 688//1479 636//1479
f 691//1480 947//1480 639//1480
f 947//1481 632//1481 639//1481
f 948//1482 636//1482 634//1482
f 948//1483 946//1483 636//1483
f 640//1484 948//1484 634//1484
f 949//1485 656//1485 655//1485
f 950//1486 657//1486 658//1486
f 659//1487 657//1487 950//1487
f 669//1488 949//1488 655//1488
f 669//1489 655//1489 651//1489
f 679//1490 651//1490 653//1490
f 682//1491 672//1491 671//1491
f 951//1492 684//1492 688//1492
f 951//1493 868//1493 684//1493
f 951//1494 688//1494 946//1494
f 952//1495 951//1495 946//1495
f 948//1496 952//1496 946//1496
f 953//1497 948//1497 640//1497
f 646//1498 953//1498 640//1498
f 954//1499 950//1499 658//1499
f 954//1500 658//1500 656//1500
f 659//1501 950//1501 954//1501
f 955//1502 949//1502 669//1502
f 670//1503 955//1503 669//1503
f 956//1504 670//1504 668//1504
f 957//1505 668//1505 672//1505
f 957//1506 956//1506 668//1506
f 682//1507 957//1507 672//1507
f 951//1508 867//1508 868//1508
f 958//1509 952//1509 948//1509
f 953//1510 958//1510 948//1510
f 647//1511 953//1511 646//1511
f 959//1512 954//1512 656//1512
f 960//1513 656//1513 949//1513
f 960//1514 959//1514 656//1514
f 961//1515 659//1515 954//1515
f 955//1516 960//1516 949//1516
f 962//1517 955//1517 670//1517
f 956//1518 962//1518 670//1518
f 963//1519 867//1519 951//1519
f 964//1520 951//1520 952//1520
f 964//1521 963//1521 951//1521
f 958//1522 964//1522 952//1522
f 958//1523 953//1523 647//1523
f 965//1524 958//1524 647//1524
f 966//1525 965//1525 647//1525
f 966//1526 647//1526 642//1526
f 967//1527 642//1527 643//1527
f 967//1528 966//1528 642//1528
f 930//1529 968//1529 643//1529
f 969//1530 643//1530 968//1530
f 644//1531 930//1531 643//1531
f 969//1532 967//1532 643//1532
f 934//1533 970//1533 968//1533
f 930//1534 934//1534 968//1534
f 971//1535 968//1535 970//1535
f 933//1536 972//1536 970//1536
f 934//1537 933//1537 970//1537
f 973//1538 974//1538 972//1538
f 975//1539 972//1539 974//1539
f 976//1540 973//1540 972//1540
f 933//1541 976//1541 972//1541
f 977//1542 970//1542 972//1542
f 975//1543 977//1543 972//1543
f 978//1544 979//1544 974//1544
f 980//1545 974//1545 979//1545
f 981//1546 978//1546 974//1546
f 973//1547 981//1547 974//1547
f 982//1548 975//1548 974//1548
f 980//1549 982//1549 974//1549
f 983//1550 979//1550 978//1550
f 984//1551 980//1551 979//1551
f 985//1552 979//1552 983//1552
f 984//1553 979//1553 985//1553
f 986//1554 978//1554 981//1554
f 983//1555 978//1555 986//1555
f 987//1556 981//1556 973//1556
f 988//1557 981//1557 987//1557
f 989//1558 981//1558 988//1558
f 990//1559 981//1559 989//1559
f 986//1560 981//1560 990//1560
f 991//1561 973//1561 976//1561
f 987//1562 973//1562 991//1562
f 933//1563 992//1563 976//1563
f 993//1564 976//1564 992//1564
f 993//1565 991//1565 976//1565
f 923//1566 994//1566 992//1566
f 995//1567 992//1567 994//1567
f 933//1563 923//1563 992//1563
f 995//1568 993//1568 992//1568
f 996//1569 997//1569 994//1569
f 998//1570 994//1570 997//1570
f 922//1571 996//1571 994//1571
f 923//1572 922//1572 994//1572
f 998//1573 995//1573 994//1573
f 999//1574 1000//1574 997//1574
f 996//1575 999//1575 997//1575
f 1001//1576 998//1576 997//1576
f 1002//1577 1003//1577 997//1577
f 1001//1578 997//1578 1003//1578
f 1000//1579 1002//1579 997//1579
f 1004//1580 1005//1580 1003//1580
f 1006//1581 1003//1581 1005//1581
f 1002//1582 1007//1582 1003//1582
f 905//1583 1003//1583 1007//1583
f 1008//1584 1003//1584 905//1584
f 1008//1585 1004//1585 1003//1585
f 1006//1586 1001//1586 1003//1586
f 1004//1587 1009//1587 1005//1587
f 1009//1588 1010//1588 1005//1588
f 1006//1589 1005//1589 1011//1589
f 1010//1590 1012//1590 1005//1590
f 1013//1591 1011//1591 1005//1591
f 1012//1592 1014//1592 1005//1592
f 1015//1593 1005//1593 1014//1593
f 1015//1594 1013//1594 1005//1594
f 1016//1595 1017//1595 1014//1595
f 1012//1596 1016//1596 1014//1596
f 1018//1597 1019//1597 1014//1597
f 1017//1598 1018//1598 1014//1598
f 901//1599 1020//1599 1014//1599
f 1019//1600 901//1600 1014//1600
f 1021//1601 1022//1601 1014//1601
f 1015//1602 1014//1602 1022//1602
f 1020//1603 1021//1603 1014//1603
f 1023//1604 1024//1604 1022//1604
f 1025//1605 1022//1605 1024//1605
f 1021//1606 1023//1606 1022//1606
f 1025//1607 1015//1607 1022//1607
f 914//1608 1026//1608 1024//1608
f 1027//1609 1024//1609 1026//1609
f 914//1610 1024//1610 1023//1610
f 1028//1611 1029//1611 1024//1611
f 1030//1612 1024//1612 1029//1612
f 1031//1613 1028//1613 1024//1613
f 1025//1614 1024//1614 1030//1614
f 1027//1615 1032//1615 1024//1615
f 1031//1616 1024//1616 1032//1616
f 1033//1617 1034//1617 1026//1617
f 1035//1618 1026//1618 1034//1618
f 1036//1619 1033//1619 1026//1619
f 915//1620 1036//1620 1026//1620
f 914//1621 915//1621 1026//1621
f 1037//1622 1027//1622 1026//1622
f 1035//1623 1038//1623 1026//1623
f 1037//1624 1026//1624 1038//1624
f 1039//1625 1040//1625 1034//1625
f 1035//1626 1034//1626 1040//1626
f 1033//1627 1039//1627 1034//1627
f 1039//1628 1041//1628 1040//1628
f 1042//1629 1040//1629 1041//1629
f 1043//1630 1035//1630 1040//1630
f 1044//1631 1043//1631 1040//1631
f 1045//1632 1046//1632 1040//1632
f 1044//1633 1040//1633 1046//1633
f 1042//1634 1045//1634 1040//1634
f 1042//1635 1041//1635 1047//1635
f 1047//1636 1041//1636 1048//1636
f 1039//1637 1048//1637 1041//1637
f 1047//1638 1048//1638 1049//1638
f 1049//1639 1048//1639 1039//1639
f 1050//1640 1039//1640 1033//1640
f 1051//1641 1039//1641 1050//1641
f 1049//1642 1039//1642 1051//1642
f 1033//1643 1036//1643 1052//1643
f 919//1644 1053//1644 1036//1644
f 1052//1645 1036//1645 1053//1645
f 915//1646 919//1646 1036//1646
f 919//1647 918//1647 1053//1647
f 920//1648 1054//1648 1053//1648
f 1055//1649 1053//1649 1054//1649
f 918//1650 920//1650 1053//1650
f 1056//1651 1052//1651 1053//1651
f 1055//1652 1056//1652 1053//1652
f 920//1653 921//1653 1054//1653
f 1057//1654 1055//1654 1054//1654
f 1058//1655 1057//1655 1054//1655
f 1059//1656 1060//1656 1054//1656
f 921//1657 1059//1657 1054//1657
f 1061//1658 1062//1658 1054//1658
f 1058//1659 1054//1659 1062//1659
f 1063//1660 1061//1660 1054//1660
f 1064//1661 1063//1661 1054//1661
f 1060//1662 1064//1662 1054//1662
f 1062//1663 1061//1663 1063//1663
f 1064//1664 1065//1664 1063//1664
f 1066//1665 1065//1665 1064//1665
f 1060//1666 1067//1666 1064//1666
f 1066//1667 1064//1667 1067//1667
f 1068//1668 1060//1668 1059//1668
f 909//1669 1069//1670 1059//1670
f 1070//1671 1059//1671 1069//1671
f 921//1672 909//1673 1059//1672
f 1070//1674 1071//1674 1059//1674
f 1068//1675 1059//1675 1071//1675
f 912//1676 1069//1676 909//1677
f 911//1678 1072//1678 1069//1678
f 912//1679 911//1679 1069//1679
f 1073//1680 1074//1680 1072//1680
f 1074//1681 1069//1681 1072//1681
f 913//1682 1023//1682 1072//1682
f 1073//1683 1072//1683 1023//1683
f 911//1684 913//1684 1072//1684
f 1075//1685 1023//1685 1021//1685
f 913//1686 914//1686 1023//1686
f 1073//1687 1023//1687 1075//1687
f 1075//1688 1021//1688 1020//1688
f 1075//1689 1020//1689 1076//1689
f 900//1690 1077//1690 1020//1690
f 1078//1691 1020//1691 1077//1691
f 901//1692 900//1692 1020//1692
f 1079//1693 1020//1693 1078//1693
f 1076//1694 1020//1694 1079//1694
f 900//1695 902//1695 1077//1695
f 903//1696 1077//1696 902//1696
f 1078//1697 1077//1697 1080//1697
f 903//1698 1081//1698 1077//1698
f 1080//1699 1077//1699 1081//1699
f 1080//1700 1081//1700 1082//1700
f 1082//1701 1081//1701 1083//1701
f 904//1702 1007//1702 1081//1702
f 1084//1703 1081//1703 1007//1703
f 903//1704 904//1704 1081//1704
f 1083//1705 1081//1705 1084//1705
f 1085//1706 1007//1706 1002//1706
f 904//1707 905//1707 1007//1707
f 1085//1708 1084//1708 1007//1708
f 1085//1709 1002//1709 1000//1709
f 1086//1710 1000//1710 999//1710
f 1085//1711 1000//1711 1086//1711
f 1087//1712 999//1712 996//1712
f 1087//1713 1086//1713 999//1713
f 922//1714 1088//1714 996//1714
f 1087//1715 996//1715 1088//1715
f 924//1716 1089//1716 1088//1716
f 1090//1717 1088//1717 1089//1717
f 922//1718 924//1718 1088//1718
f 1087//1719 1088//1719 1090//1719
f 928//1720 1089//1720 924//1720
f 1090//1721 1089//1721 1091//1721
f 928//1722 1092//1722 1089//1722
f 1091//1723 1089//1723 1092//1723
f 928//1724 1093//1724 1092//1724
f 1094//1725 1092//1725 1093//1725
f 1091//1726 1092//1726 1094//1726
f 927//1727 1095//1727 1093//1727
f 1094//1728 1093//1728 1095//1728
f 928//1729 927//1729 1093//1729
f 1094//1730 1095//1730 1096//1730
f 927//1731 1096//1731 1095//1731
f 927//1732 1097//1732 1096//1732
f 929//1733 645//1733 1097//1733
f 633//1734 1097//1734 645//1734
f 927//1735 929//1735 1097//1735
f 1098//1736 1097//1736 633//1736
f 1096//1737 1097//1737 1098//1737
f 929//1738 644//1738 645//1738
f 910//1739 912//1739 909//1740
f 917//1741 919//1741 915//1741
f 917//1742 916//1742 919//1742
f 910//1743 908//1743 912//1743
f 1099//1744 907//1744 901//1744
f 1099//1745 901//1745 1019//1745
f 1100//1746 906//1746 907//1746
f 1101//1747 1100//1747 907//1747
f 1102//1748 1101//1748 907//1748
f 1099//1749 1102//1749 907//1749
f 1008//1750 905//1750 906//1750
f 1103//1751 1008//1751 906//1751
f 1100//1752 1103//1752 906//1752
f 1104//1753 1099//1753 1019//1753
f 1105//1754 1019//1754 1018//1754
f 1105//1755 1104//1755 1019//1755
f 1106//1756 1018//1756 1017//1756
f 1105//1757 1018//1757 1106//1757
f 1107//1758 1012//1758 1010//1758
f 1107//1759 1010//1759 1108//1759
f 1109//1760 1009//1760 1004//1760
f 1110//1761 1009//1761 1109//1761
f 1010//1762 1009//1762 1110//1762
f 1109//1763 1004//1763 1008//1763
f 1109//1764 1008//1764 1111//1764
f 1111//1765 1008//1765 1103//1765
f 1112//1766 1103//1766 1100//1766
f 1111//1767 1103//1767 1113//1767
f 1112//1768 1113//1768 1103//1768
f 1114//1769 1100//1769 1101//1769
f 1112//1770 1100//1770 1114//1770
f 1115//1771 1101//1771 1102//1771
f 1115//1772 1114//1772 1101//1772
f 1116//1773 1102//1773 1099//1773
f 1117//1774 1115//1774 1102//1774
f 1116//1775 1117//1775 1102//1775
f 1116//1776 1099//1776 1118//1776
f 1104//1777 1118//1777 1099//1777
f 926//1778 928//1778 924//1778
f 932//1779 934//1779 930//1779
f 932//1780 931//1780 934//1780
f 926//1781 925//1781 928//1781
f 1119//1782 954//1782 959//1782
f 960//1783 1119//1783 959//1783
f 1119//1784 961//1784 954//1784
f 1120//1785 1121//1785 661//1785
f 648//1786 661//1786 1121//1786
f 660//1787 1120//1788 661//1788
f 1122//1789 1123//1789 1121//1789
f 1124//1790 1121//1790 1123//1790
f 1120//1791 1122//1791 1121//1791
f 648//1792 1121//1792 1124//1792
f 1122//1793 1125//1793 1123//1793
f 1125//1794 1126//1794 1123//1794
f 1127//1795 1123//1795 1126//1795
f 1127//1796 1124//1796 1123//1796
f 1125//1797 1128//1797 1126//1797
f 1127//1798 1126//1798 1128//1798
f 1125//1799 1129//1799 1128//1799
f 1127//1800 1128//1800 1129//1800
f 1130//1801 1131//1801 1129//1801
f 1132//1802 1129//1802 1131//1802
f 1125//1803 1130//1803 1129//1803
f 1132//1804 1127//1804 1129//1804
f 1133//1805 1134//1805 1131//1805
f 1135//1806 1133//1806 1131//1806
f 1130//1807 1135//1807 1131//1807
f 1134//1808 1132//1808 1131//1808
f 1133//1809 1136//1809 1134//1809
f 1136//1810 1137//1810 1134//1810
f 1138//1811 1134//1811 1137//1811
f 1138//1812 1139//1812 1134//1812
f 1136//1813 1140//1813 1137//1813
f 1138//1814 1137//1814 1140//1814
f 1136//1815 1141//1815 1140//1815
f 1142//1816 1140//1816 1141//1816
f 1143//1817 1138//1817 1140//1817
f 1142//1818 1143//1818 1140//1818
f 1136//1819 1144//1819 1141//1819
f 1145//1820 1141//1820 1144//1820
f 1145//1821 1142//1821 1141//1821
f 1146//1822 1147//1822 1144//1822
f 1145//1823 1144//1823 1147//1823
f 1136//1824 1146//1824 1144//1824
f 1148//1825 1149//1825 1147//1825
f 1150//1826 1147//1826 1149//1826
f 1151//1827 1147//1827 1146//1827
f 1151//1828 1148//1828 1147//1828
f 1150//1829 1145//1829 1147//1829
f 1148//1830 1152//1830 1149//1830
f 1153//1831 1150//1831 1149//1831
f 1152//1832 1154//1832 1149//1832
f 1154//1833 1155//1833 1149//1833
f 1156//1834 1149//1834 1155//1834
f 1156//1835 1153//1835 1149//1835
f 1157//1836 1156//1836 1155//1836
f 1158//1837 1159//1837 1155//1837
f 1157//1838 1155//1838 1159//1838
f 1154//1839 1158//1839 1155//1839
f 1160//1840 1161//1840 1159//1840
f 1162//1841 1159//1841 1161//1841
f 1163//1842 1160//1842 1159//1842
f 1158//1843 1163//1843 1159//1843
f 1164//1844 1157//1844 1159//1844
f 1162//1845 1164//1845 1159//1845
f 1160//1846 1165//1846 1161//1846
f 1166//1847 1162//1847 1161//1847
f 1167//1848 1168//1848 1161//1848
f 1166//1849 1161//1849 1168//1849
f 1169//1850 1161//1850 1165//1850
f 1169//1851 1167//1851 1161//1851
f 1170//1852 1171//1852 1168//1852
f 1172//1853 1168//1853 1171//1853
f 1167//1854 1170//1854 1168//1854
f 1173//1855 1166//1855 1168//1855
f 1172//1856 1173//1856 1168//1856
f 1170//1857 1174//1857 1171//1857
f 1175//1858 1172//1858 1171//1858
f 1176//1859 1177//1859 1171//1859
f 1174//1860 1176//1860 1171//1860
f 1178//1861 1175//1861 1171//1861
f 1177//1862 1178//1862 1171//1862
f 1179//1863 1180//1863 1177//1863
f 1181//1864 1177//1864 1180//1864
f 1176//1865 1179//1865 1177//1865
f 1182//1866 1183//1866 1180//1866
f 1179//1867 1182//1867 1180//1867
f 1184//1868 1181//1868 1180//1868
f 1185//1869 1184//1869 1180//1869
f 1186//1870 1187//1870 1180//1870
f 1188//1871 1186//1871 1180//1871
f 1189//1872 1188//1872 1180//1872
f 1183//1873 1189//1873 1180//1873
f 1187//1874 1185//1874 1180//1874
f 1190//1875 1187//1875 1186//1875
f 1191//1876 1190//1876 1186//1876
f 1192//1877 1186//1877 1188//1877
f 1192//1878 1191//1878 1186//1878
f 1193//1879 1192//1879 1188//1879
f 1194//1880 1193//1880 1188//1880
f 1194//1881 1188//1881 1189//1881
f 1195//1882 1189//1882 1183//1882
f 1195//1883 1194//1883 1189//1883
f 1196//1884 1183//1884 1182//1884
f 1195//1885 1183//1885 1196//1885
f 1197//1886 1198//1886 1182//1886
f 1196//1887 1182//1887 1198//1887
f 1199//1888 1182//1888 1179//1888
f 1199//1889 1197//1889 1182//1889
f 1200//1890 1201//1890 1198//1890
f 1202//1891 1198//1891 1201//1891
f 1197//1892 1200//1892 1198//1892
f 1200//1893 1203//1893 1201//1893
f 1204//1894 1202//1894 1201//1894
f 1200//1895 1205//1895 1203//1895
f 1205//1896 1206//1896 1203//1896
f 1204//1897 1203//1897 1206//1897
f 1204//1898 1201//1898 1203//1898
f 1207//1899 1208//1899 1206//1899
f 1209//1900 1206//1900 1208//1900
f 1210//1901 1207//1901 1206//1901
f 1205//1902 1210//1902 1206//1902
f 1204//1903 1206//1903 1209//1903
f 1207//1904 1211//1904 1208//1904
f 1212//1905 1213//1905 1208//1905
f 1214//1906 1208//1906 1213//1906
f 1211//1907 1212//1907 1208//1907
f 1214//1908 1209//1908 1208//1908
f 1215//1909 1213//1909 1212//1909
f 1216//1910 1213//1910 1215//1910
f 1216//1911 1217//1911 1213//1911
f 1218//1912 1213//1912 1217//1912
f 1219//1913 1213//1913 1218//1913
f 1214//1914 1213//1914 1219//1914
f 1211//1915 1220//1915 1212//1915
f 1215//1916 1212//1916 1220//1916
f 1221//1917 1222//1917 1220//1917
f 1223//1918 1220//1918 1222//1918
f 1215//1919 1220//1919 1223//1919
f 1224//1920 1211//1920 1207//1920
f 1220//1921 1211//1921 1225//1921
f 1226//1922 1225//1922 1211//1922
f 1224//1923 1226//1923 1211//1923
f 1227//1924 1207//1924 1210//1924
f 1227//1925 1224//1925 1207//1925
f 1205//1926 1228//1926 1210//1926
f 1229//1927 1210//1927 1228//1927
f 1227//1928 1210//1928 1229//1928
f 1205//1929 1230//1929 1228//1929
f 1231//1930 1228//1930 1230//1930
f 1229//1931 1228//1931 1231//1931
f 1169//1932 1165//1932 1230//1932
f 1232//1933 1230//1933 1165//1933
f 1205//1934 1169//1934 1230//1934
f 1231//1935 1230//1935 1232//1935
f 1233//1936 1165//1936 1160//1936
f 1232//1937 1165//1937 1233//1937
f 1234//1938 1146//1938 1160//1938
f 1235//1939 1160//1939 1146//1939
f 1236//1940 1160//1940 1163//1940
f 1236//1941 1237//1941 1160//1941
f 1238//1942 1234//1942 1160//1942
f 1237//1943 1238//1943 1160//1943
f 1233//1944 1160//1944 1235//1944
f 1234//1945 1239//1945 1146//1945
f 1240//1946 1146//1946 1241//1946
f 1235//1947 1146//1947 1240//1947
f 1241//1948 1146//1948 1242//1948
f 1239//1949 1243//1949 1146//1949
f 1244//1950 1245//1950 1146//1950
f 1243//1951 1244//1951 1146//1951
f 1242//1952 1146//1952 1136//1952
f 1245//1953 1151//1953 1146//1953
f 1242//1954 1136//1954 1133//1954
f 1246//1955 1133//1955 1135//1955
f 1242//1956 1133//1956 1246//1956
f 1130//1957 1247//1957 1135//1957
f 1248//1958 1135//1958 1247//1958
f 1249//1959 1246//1959 1135//1959
f 1250//1960 1249//1960 1135//1960
f 1251//1961 1250//1961 1135//1961
f 1252//1962 1135//1962 1248//1962
f 1251//1963 1135//1963 1252//1963
f 1253//1964 1254//1964 1247//1964
f 1255//1965 1247//1965 1254//1965
f 1256//1966 1253//1966 1247//1966
f 1130//1967 1256//1967 1247//1967
f 1257//1968 1247//1968 1255//1968
f 1257//1969 1248//1969 1247//1969
f 1258//1970 1254//1970 1253//1970
f 1259//1971 1254//1971 1260//1971
f 1258//1972 1260//1972 1254//1972
f 1255//1973 1254//1973 1259//1973
f 1258//1974 1253//1974 1261//1974
f 1262//1975 1263//1975 1253//1975
f 1261//1976 1253//1976 1263//1976
f 1264//1977 1253//1977 1256//1977
f 1264//1978 1262//1978 1253//1978
f 1265//1979 1266//1979 1263//1979
f 1261//1980 1263//1980 1266//1980
f 1262//1981 1265//1981 1263//1981
f 1265//1982 659//1982 1266//1982
f 1267//1983 1266//1983 659//1983
f 1268//1984 1266//1984 1267//1984
f 1261//1985 1266//1985 1268//1985
f 1265//1986 662//1986 659//1986
f 1269//1987 659//1987 1270//1987
f 1267//1988 659//1988 1269//1988
f 961//1989 1271//1989 659//1989
f 1270//1990 659//1990 1271//1990
f 1272//1991 961//1991 1119//1991
f 1271//1992 961//1992 1272//1992
f 1273//1993 1163//1993 1158//1993
f 1236//1994 1163//1994 1274//1994
f 1275//1995 1274//1995 1163//1995
f 1275//1996 1163//1996 1273//1996
f 1276//1997 1158//1997 1154//1997
f 1273//1998 1158//1998 1276//1998
f 1277//1999 1154//1999 1152//1999
f 1276//2000 1154//2000 1277//2000
f 1278//2001 1152//2001 1148//2001
f 1277//2002 1152//2002 1278//2002
f 1279//2003 1148//2003 1151//2003
f 1279//2004 1278//2004 1148//2004
f 1280//2005 1281//2005 1151//2005
f 1282//2006 1151//2006 1281//2006
f 1283//2007 1280//2008 1151//2008
f 1245//2009 1283//2010 1151//2009
f 1282//2011 1279//2011 1151//2011
f 1284//2012 1274//2012 1281//2012
f 1285//2013 1281//2013 1274//2013
f 1286//2014 1284//2014 1281//2014
f 1287//2015 1286//2015 1281//2015
f 1280//2016 1287//2016 1281//2016
f 1282//2017 1281//2017 1285//2017
f 1288//2018 1236//2018 1274//2018
f 1284//2019 1288//2019 1274//2019
f 1285//2020 1274//2020 1275//2020
f 1289//2021 1179//2021 1176//2021
f 1290//2022 1199//2022 1179//2022
f 1291//2023 1290//2023 1179//2023
f 1291//2024 1179//2024 1289//2024
f 1292//2025 1176//2025 1174//2025
f 1293//2026 1294//2026 1176//2026
f 1289//2027 1176//2027 1294//2027
f 1293//2028 1176//2028 1292//2028
f 1295//2029 1174//2029 1170//2029
f 1295//2030 1292//2030 1174//2030
f 1296//2031 1170//2031 1167//2031
f 1295//2032 1170//2032 1296//2032
f 1297//2033 1167//2033 1169//2033
f 1297//2034 1296//2034 1167//2034
f 1298//2035 1169//2035 1205//2035
f 1299//2036 1297//2036 1169//2036
f 1299//2037 1169//2037 1298//2037
f 1300//2038 1205//2038 1200//2038
f 1301//2039 1205//2039 1300//2039
f 1298//2040 1205//2040 1301//2040
f 1302//2041 1200//2041 1197//2041
f 1300//2042 1200//2042 1302//2042
f 1303//2043 1197//2043 1199//2043
f 1302//2044 1197//2044 1303//2044
f 1303//2045 1199//2045 1290//2045
f 1304//2046 1237//2046 1236//2046
f 1305//2047 1237//2047 1304//2047
f 1304//2048 1236//2048 1288//2048
f 1306//2049 1288//2049 1284//2049
f 1307//2050 1288//2050 1306//2050
f 1304//2051 1288//2051 1307//2051
f 1308//2052 1284//2052 1286//2052
f 1306//2053 1284//2053 1308//2053
f 1309//2054 1286//2054 1287//2054
f 1308//2055 1286//2055 1309//2055
f 1310//2056 1287//2056 1311//2056
f 1309//2057 1287//2057 1310//2057
f 1311//2058 1287//2058 1280//2058
f 1312//2059 1280//2059 1313//2059
f 1311//2060 1280//2060 1312//2060
f 1313//2061 1280//2061 1283//2062
f 1314//2063 1283//2064 1245//2063
f 1314//2065 1313//2065 1283//2066
f 1314//2067 1245//2067 1244//2067
f 1315//2068 1244//2068 1243//2068
f 1316//2069 1314//2069 1244//2069
f 1315//2070 1316//2070 1244//2070
f 1317//2071 1315//2071 1243//2071
f 1239//2072 1317//2072 1243//2072
f 1318//2073 1239//2073 1234//2073
f 1305//2074 1238//2074 1237//2074
f 1319//2075 1234//2075 1238//2075
f 1305//2076 1319//2076 1238//2076
f 1320//2077 1256//2077 1130//2077
f 1321//2078 1264//2078 1256//2078
f 1321//2079 1256//2079 1320//2079
f 1322//2080 1130//2080 1125//2080
f 1323//2081 1130//2081 1322//2081
f 1320//2082 1130//2082 1323//2082
f 1324//2083 1125//2083 1122//2083
f 1325//2084 1125//2084 1324//2084
f 1322//2085 1125//2085 1325//2085
f 1326//2086 1122//2086 1120//2086
f 1326//2087 1324//2087 1122//2087
f 1327//2088 1120//2088 660//2089
f 1326//2090 1120//2090 1327//2090
f 1328//2091 660//2092 662//2091
f 1328//2093 1327//2093 660//2094
f 1329//2095 662//2095 1265//2095
f 1330//2096 1328//2096 662//2096
f 1330//2097 662//2097 1329//2097
f 1331//2098 1265//2098 1262//2098
f 1332//2099 1329//2099 1265//2099
f 1331//2100 1332//2100 1265//2100
f 1333//2101 1262//2101 1264//2101
f 1333//2102 1331//2102 1262//2102
f 1321//2103 1333//2103 1264//2103
f 1334//2104 960//2104 955//2104
f 962//2105 1334//2105 955//2105
f 1335//2106 962//2106 956//2106
f 1336//2107 956//2107 957//2107
f 1336//2108 1335//2108 956//2108
f 682//2109 1336//2109 957//2109
f 1337//2110 867//2110 963//2110
f 1337//2111 864//2111 867//2111
f 964//2112 1337//2112 963//2112
f 965//2113 964//2113 958//2113
f 1338//2114 1119//2114 960//2114
f 1334//2115 1338//2115 960//2115
f 1339//2116 1334//2116 962//2116
f 1335//2117 1339//2117 962//2117
f 682//2118 1340//2118 1336//2118
f 1341//2119 1337//2119 964//2119
f 965//2120 1341//2120 964//2120
f 1342//2121 1119//2121 1338//2121
f 1342//2122 1272//2122 1119//2122
f 1343//2123 1338//2123 1334//2123
f 1343//2124 1342//2124 1338//2124
f 1339//2125 1343//2125 1334//2125
f 1344//2126 1339//2126 1335//2126
f 1336//2127 1344//2127 1335//2127
f 1345//2128 864//2128 1337//2128
f 1345//2129 863//2129 864//2129
f 1345//2130 1337//2130 1341//2130
f 1346//2131 1341//2131 965//2131
f 1346//2132 965//2132 966//2132
f 967//2133 1346//2133 966//2133
f 1347//2134 1343//2134 1339//2134
f 1347//2135 1339//2135 1344//2135
f 1348//2136 1344//2136 1336//2136
f 1348//2137 1347//2137 1344//2137
f 1340//2138 1348//2138 1336//2138
f 1349//2139 1345//2139 1341//2139
f 967//2140 1341//2140 1346//2140
f 967//2141 1349//2141 1341//2141
f 1270//2142 1271//2142 1272//2142
f 1350//2143 1272//2143 1342//2143
f 1350//2144 1270//2144 1272//2144
f 1351//2145 1342//2145 1343//2145
f 1351//2146 1350//2146 1342//2146
f 1352//2147 1343//2147 1347//2147
f 1352//2148 1351//2148 1343//2148
f 1353//2149 1347//2149 1348//2149
f 1353//2150 1352//2150 1347//2150
f 1340//2151 1353//2151 1348//2151
f 862//2152 863//2152 1345//2152
f 1354//2153 862//2153 1345//2153
f 1355//2154 1345//2154 1349//2154
f 1356//2155 1355//2155 1349//2155
f 1355//2156 1354//2156 1345//2156
f 969//2157 1349//2157 967//2157
f 969//2158 1356//2158 1349//2158
f 1357//2159 1350//2159 1351//2159
f 1358//2160 1351//2160 1352//2160
f 1359//2161 1358//2161 1352//2161
f 1359//2162 1352//2162 1353//2162
f 1340//2163 1359//2163 1353//2163
f 1350//2164 1269//2164 1270//2164
f 1360//2165 1351//2165 1358//2165
f 1360//2166 1358//2166 1359//2166
f 1361//2167 1357//2167 1351//2167
f 1360//2168 1361//2168 1351//2168
f 1362//2169 1359//2169 1340//2169
f 1363//2170 1359//2170 1362//2170
f 1363//2171 1360//2171 1359//2171
f 1364//2172 547//2172 455//2172
f 456//2173 1364//2173 455//2173
f 1365//2174 547//2174 1364//2174
f 543//2175 547//2175 1365//2175
f 1366//2176 1365//2176 1364//2176
f 456//2177 1366//2177 1364//2177
f 1367//2178 1366//2178 456//2178
f 1367//2179 456//2179 556//2179
f 1368//2180 549//2180 466//2180
f 1369//2181 549//2181 1368//2181
f 1368//2182 466//2182 465//2182
f 1370//2183 1368//2183 465//2183
f 467//2184 1370//2184 465//2184
f 551//2185 549//2185 1371//2185
f 1369//2186 1371//2186 549//2186
f 550//2187 551//2187 1371//2187
f 1372//2188 550//2188 1371//2188
f 1369//2189 1372//2189 1371//2189
f 1373//2190 1369//2190 1368//2190
f 1370//2191 1373//2191 1368//2191
f 551//2192 320//2192 549//2192
f 557//2193 1374//2193 556//2193
f 1367//2194 556//2194 1374//2194
f 1375//2195 1367//2195 1374//2195
f 1376//2196 1374//2196 557//2196
f 1375//2197 1374//2197 1376//2197
f 1377//2198 1367//2198 1375//2198
f 1378//2199 1366//2199 1367//2199
f 1379//2199 1378//2199 1367//2199
f 1379//2200 1367//2200 1377//2200
f 555//2201 557//2201 552//2201
f 1376//2202 557//2202 555//2202
f 1380//2203 563//2203 565//2203
f 1380//2204 564//2204 563//2204
f 1381//2205 565//2205 566//2205
f 1381//2206 1380//2206 565//2206
f 1372//2207 566//2207 550//2207
f 1382//2208 566//2208 1372//2208
f 1382//2209 1381//2209 566//2209
f 1383//2210 1372//2210 1369//2210
f 1384//2211 1372//2211 1383//2211
f 1385//2212 1372//2212 1384//2212
f 1385//2213 1382//2213 1372//2213
f 1386//2214 555//2214 554//2214
f 568//2215 1386//2215 554//2215
f 1376//2216 555//2216 1386//2216
f 1380//2217 562//2217 564//2217
f 1387//2218 574//2218 562//2218
f 1380//2219 1387//2219 562//2219
f 576//2220 575//2220 1386//2220
f 1375//2221 1386//2221 575//2221
f 1375//2222 1376//2222 1386//2222
f 1388//2223 1375//2223 575//2223
f 577//2224 1388//2224 575//2224
f 568//2225 576//2225 1386//2225
f 1377//2226 1375//2226 1388//2226
f 580//2227 574//2227 1387//2227
f 1381//2228 1387//2228 1380//2228
f 1381//2229 580//2229 1387//2229
f 1389//2230 580//2230 1381//2230
f 1389//2231 1381//2231 1382//2231
f 344//2232 581//2232 580//2232
f 1389//2233 344//2233 580//2233
f 1388//2234 577//2234 578//2234
f 583//2235 578//2235 346//2235
f 1390//2236 583//2236 582//2236
f 1391//2237 583//2237 1390//2237
f 1392//2238 578//2238 583//2238
f 1388//2239 578//2239 1392//2239
f 1391//2240 1392//2240 583//2240
f 1389//2241 584//2241 344//2241
f 1393//2242 584//2242 1389//2242
f 1394//2243 584//2243 1393//2243
f 1395//2244 584//2244 1394//2244
f 1390//2245 582//2245 585//2245
f 1395//2246 343//2246 584//2246
f 1396//2247 343//2247 1395//2247
f 1397//2248 1396//2248 1395//2248
f 1398//2249 1390//2249 585//2249
f 614//2250 1398//2250 585//2250
f 1399//2251 1390//2251 1398//2251
f 615//2252 1398//2252 614//2252
f 1400//2253 1398//2253 615//2253
f 1400//2254 1399//2254 1398//2254
f 1396//2255 362//2255 343//2255
f 365//2256 362//2256 1396//2256
f 1401//2257 592//2257 591//2257
f 603//2258 1401//2258 591//2258
f 1402//2259 1403//2259 592//2259
f 1404//2260 592//2260 1403//2260
f 1405//2261 1402//2261 592//2261
f 1406//2262 1405//2262 592//2262
f 1401//2263 1406//2263 592//2263
f 597//2264 592//2264 1404//2264
f 1407//2265 1403//2265 1402//2265
f 1407//2266 1404//2266 1403//2266
f 1408//2267 1409//2267 1402//2267
f 1410//2268 1402//2268 1409//2268
f 1405//2269 1408//2269 1402//2269
f 1411//2270 1407//2270 1402//2270
f 1411//2271 1402//2271 1410//2271
f 1412//2272 1413//2272 1409//2272
f 1414//2273 1409//2273 1413//2273
f 1408//2274 1412//2274 1409//2274
f 1410//2275 1409//2275 1414//2275
f 1415//2276 1416//2276 1413//2276
f 1414//2277 1413//2277 1416//2277
f 1412//2278 1415//2278 1413//2278
f 1417//2279 1418//2279 1416//2279
f 1419//2280 1416//2280 1418//2280
f 1415//2281 1417//2281 1416//2281
f 1419//2282 1414//2282 1416//2282
f 1420//2283 1421//2283 1418//2283
f 1422//2284 1418//2284 1421//2284
f 1417//2285 1420//2285 1418//2285
f 1422//2286 1419//2286 1418//2286
f 1423//2287 1424//2287 1421//2287
f 1422//2288 1421//2288 1424//2288
f 1420//2289 1423//2289 1421//2289
f 1423//2290 1425//2291 1424//2290
f 1426//2292 1424//2292 1425//2293
f 1426//2294 1422//2294 1424//2294
f 1427//2295 1428//2295 1425//2296
f 1429//2297 1425//2298 1428//2297
f 1423//2299 1427//2299 1425//2300
f 1426//2301 1425//2302 1429//2301
f 1430//2303 1429//2303 1428//2303
f 1431//2304 1430//2304 1428//2304
f 1427//2305 1431//2305 1428//2305
f 1432//2306 1429//2306 1430//2306
f 1433//2307 1434//2307 1430//2307
f 1435//2308 1430//2308 1434//2308
f 1431//2309 1433//2309 1430//2309
f 1436//2310 1432//2310 1430//2310
f 1436//2311 1430//2311 1435//2311
f 1437//2312 1438//2313 1434//2314
f 1439//2315 1434//2315 1438//2316
f 1440//2317 1437//2318 1434//2319
f 1440//2320 1434//2321 1433//2321
f 1433//2322 1441//2323 1440//2324
f 1433//2325 1442//2326 1441//2327
f 1439//2328 1435//2328 1434//2328
f 1443//2329 1438//2330 1437//2331
f 1443//2332 1439//2332 1438//2333
f 1444//2334 1437//2335 1440//2336
f 1443//2337 1437//2338 1444//2337
f 1445//2339 1446//2339 1440//2340
f 1444//2341 1440//2342 1446//2341
f 1447//2343 1445//2343 1440//2344
f 1448//2345 1447//2345 1440//2346
f 1449//2347 1448//2347 1440//2348
f 1450//2349 1449//2349 1440//2350
f 1441//2351 1450//2352 1440//2353
f 1451//2354 1446//2354 1445//2354
f 1452//2355 1444//2355 1446//2355
f 1451//2356 1452//2356 1446//2356
f 1453//2357 1451//2357 1445//2357
f 1453//2358 1445//2358 1447//2358
f 1454//2359 1447//2359 1448//2359
f 1454//2360 1453//2360 1447//2360
f 1454//2361 1448//2361 1449//2361
f 1455//2362 1449//2362 1450//2362
f 1455//2363 1454//2363 1449//2363
f 1456//2364 1450//2364 1441//2365
f 1457//2366 1455//2366 1450//2366
f 1457//2367 1450//2367 1456//2367
f 1458//2368 1441//2369 1442//2370
f 1459//2371 1456//2371 1441//2372
f 1458//2373 1459//2373 1441//2374
f 1460//2375 1442//2376 1433//2375
f 1460//2377 1458//2377 1442//2378
f 1461//2379 1462//2379 1433//2379
f 1460//2380 1433//2380 1462//2380
f 1431//2381 1461//2381 1433//2381
f 1463//2382 1464//2382 1462//2382
f 1465//2383 1462//2383 1464//2383
f 1461//2384 1463//2384 1462//2384
f 1466//2385 1460//2385 1462//2385
f 1467//2386 1462//2386 1465//2386
f 1467//2387 1466//2387 1462//2387
f 1468//2388 1469//2388 1464//2388
f 1470//2389 1464//2389 1469//2389
f 1471//2390 1468//2390 1464//2390
f 1463//2391 1471//2391 1464//2391
f 1472//2392 1465//2392 1464//2392
f 1472//2393 1464//2393 1470//2393
f 1473//2394 1474//2394 1469//2394
f 1475//2395 1469//2395 1474//2395
f 1468//2396 1473//2396 1469//2396
f 1476//2397 1470//2397 1469//2397
f 1475//2398 1476//2398 1469//2398
f 1477//2399 1478//2399 1474//2399
f 1479//2400 1474//2400 1478//2400
f 1473//2401 1477//2401 1474//2401
f 1479//2402 1475//2402 1474//2402
f 1480//2403 1481//2403 1478//2403
f 1482//2404 1478//2404 1481//2404
f 1477//2405 1480//2405 1478//2405
f 1482//2406 1479//2406 1478//2406
f 1480//2407 1483//2407 1481//2407
f 1484//2408 1481//2408 1483//2408
f 1484//2409 1482//2409 1481//2409
f 1480//2410 1485//2410 1483//2410
f 1486//2411 1483//2411 1485//2411
f 1487//2412 1483//2412 1486//2412
f 1487//2413 1484//2413 1483//2413
f 1488//2414 1489//2414 1485//2414
f 1490//2415 1485//2415 1489//2415
f 1480//2416 1488//2416 1485//2416
f 1490//2417 1486//2417 1485//2417
f 1491//2418 1492//2418 1489//2418
f 1493//2419 1489//2419 1492//2419
f 1488//2420 1491//2420 1489//2420
f 1494//2421 1490//2421 1489//2421
f 1495//2422 1489//2422 1493//2422
f 1495//2423 1494//2423 1489//2423
f 1496//2424 1497//2424 1492//2424
f 1498//2425 1492//2425 1497//2425
f 1491//2426 1496//2426 1492//2426
f 1498//2427 1493//2427 1492//2427
f 1499//2428 1500//2428 1497//2428
f 1501//2429 1497//2429 1500//2429
f 1496//2430 1499//2430 1497//2430
f 1502//2431 1497//2431 1501//2431
f 1503//2432 1498//2432 1497//2432
f 1504//2433 1497//2433 1502//2433
f 1504//2434 1503//2434 1497//2434
f 1499//2435 1505//2435 1500//2435
f 1506//2436 1500//2436 1505//2436
f 1507//2437 1501//2437 1500//2437
f 1506//2438 1507//2438 1500//2438
f 1499//2439 1508//2439 1505//2439
f 1509//2440 1506//2440 1505//2440
f 1508//2441 1510//2441 1505//2441
f 1511//2442 1505//2442 1510//2442
f 1511//2443 1509//2443 1505//2443
f 1512//2444 1510//2444 1513//2444
f 1514//2445 1513//2445 1510//2445
f 1508//2446 1515//2446 1510//2446
f 1514//2447 1510//2447 1515//2447
f 1516//2448 1510//2448 1512//2448
f 1517//2449 1510//2449 1516//2449
f 1517//2450 1511//2450 1510//2450
f 1518//2451 1513//2451 1519//2451
f 1512//2452 1513//2452 1518//2452
f 1520//2453 1521//2453 1513//2453
f 1519//2454 1513//2454 1521//2454
f 1514//2455 1520//2455 1513//2455
f 1522//2456 1523//2456 1521//2456
f 1524//2457 1521//2457 1523//2457
f 1525//2458 1522//2458 1521//2458
f 1526//2459 1525//2459 1521//2459
f 1520//2460 1526//2460 1521//2460
f 1524//2461 1519//2461 1521//2461
f 1527//2462 1523//2462 1522//2462
f 1528//2463 1523//2463 1527//2463
f 1524//2464 1523//2464 1528//2464
f 1529//2465 1530//2466 1522//2466
f 1527//2467 1522//2467 1530//2467
f 1525//2468 1529//2469 1522//2468
f 1531//2470 1532//2470 1530//2470
f 1529//2471 1531//2472 1530//2472
f 1527//2473 1530//2473 1532//2473
f 1533//2474 1534//2474 1532//2474
f 1531//2475 1533//2475 1532//2475
f 1535//2476 1536//2476 1534//2476
f 1537//2477 1534//2477 1536//2477
f 1533//2478 1535//2478 1534//2478
f 1532//2479 1534//2479 1537//2479
f 1538//2480 1539//2480 1536//2480
f 1540//2481 1536//2481 1539//2481
f 1535//2482 1538//2482 1536//2482
f 1541//2483 1536//2483 1540//2483
f 1537//2484 1536//2484 1541//2484
f 1542//2485 1543//2486 1539//2486
f 1540//2487 1539//2487 1543//2487
f 1538//2488 1542//2489 1539//2488
f 1542//2490 1544//2491 1543//2491
f 1545//2492 1543//2492 1544//2492
f 1546//2493 1543//2493 1545//2493
f 1546//2494 1540//2494 1543//2494
f 1547//2495 1548//2495 1544//2495
f 1549//2496 1544//2496 1548//2496
f 1542//2497 1547//2498 1544//2498
f 1545//2499 1544//2499 1549//2499
f 1550//2500 1549//2500 1548//2500
f 1551//2501 1550//2501 1548//2501
f 1547//2502 1551//2502 1548//2502
f 1552//2503 1549//2503 1550//2503
f 376//2504 1553//2504 1550//2504
f 1552//2505 1550//2505 1553//2505
f 1551//2506 376//2506 1550//2506
f 1554//2507 392//2508 1553//2508
f 1555//2509 1554//2510 1553//2511
f 1556//2512 1555//2513 1553//2514
f 381//2515 1556//2516 1553//2517
f 376//2518 381//2519 1553//2518
f 1557//2520 1553//2520 392//2520
f 1552//2521 1553//2521 1557//2521
f 389//2522 1554//2523 1555//2524
f 392//2525 1554//2526 389//2525
f 385//2527 391//2527 1555//2528
f 389//2529 1555//2530 391//2529
f 1556//2531 385//2532 1555//2533
f 379//2534 385//2534 1556//2535
f 379//2536 1556//2537 381//2538
f 1558//2539 377//2539 376//2539
f 1551//2540 1558//2540 376//2540
f 1559//2541 371//2541 377//2541
f 1560//2542 1559//2542 377//2542
f 1561//2543 1560//2543 377//2543
f 1558//2544 1561//2544 377//2544
f 1562//2545 369//2545 371//2545
f 1559//2546 1562//2546 371//2546
f 1563//2547 367//2547 369//2547
f 1562//2548 1563//2548 369//2548
f 1564//2549 363//2549 367//2549
f 1563//2550 1564//2550 367//2550
f 1564//2551 364//2551 363//2551
f 1565//2552 358//2552 364//2552
f 1564//2553 1565//2553 364//2553
f 1566//2554 359//2554 358//2554
f 1565//2555 1566//2555 358//2555
f 1567//2556 355//2556 359//2556
f 1566//2557 1567//2557 359//2557
f 1567//2558 587//2558 355//2558
f 1568//2559 1515//2559 1508//2559
f 1568//2560 1508//2560 1569//2560
f 1569//2561 1508//2561 1499//2561
f 1570//2562 1499//2562 1571//2562
f 1569//2563 1499//2563 1570//2563
f 1572//2564 1499//2564 1496//2564
f 1571//2565 1499//2565 1572//2565
f 1572//2566 1496//2566 1491//2566
f 1573//2567 1491//2567 1488//2567
f 1574//2568 1491//2568 1573//2568
f 1572//2569 1491//2569 1574//2569
f 1573//2570 1488//2570 1480//2570
f 1573//2571 1480//2571 1575//2571
f 1576//2572 1480//2572 1477//2572
f 1575//2573 1480//2573 1576//2573
f 1576//2574 1477//2574 1473//2574
f 1577//2575 1473//2575 1468//2575
f 1578//2576 1473//2576 1577//2576
f 1576//2577 1473//2577 1578//2577
f 1577//2578 1468//2578 1471//2578
f 1579//2579 1471//2579 1463//2579
f 1577//2580 1471//2580 1579//2580
f 1580//2581 1463//2581 1461//2581
f 1581//2582 1463//2582 1580//2582
f 1579//2583 1463//2583 1581//2583
f 1582//2584 1461//2584 1431//2584
f 1580//2585 1461//2585 1582//2585
f 1582//2586 1431//2586 1427//2586
f 1583//2587 1584//2588 1427//2588
f 1585//2589 1427//2589 1584//2589
f 1423//2590 1583//2591 1427//2590
f 1586//2592 1427//2592 1585//2592
f 1586//2593 1582//2593 1427//2593
f 1587//2594 1583//2595 1423//2594
f 1584//2596 1583//2597 1587//2596
f 1420//2598 1588//2598 1423//2598
f 1587//2599 1423//2599 1588//2599
f 1589//2600 1588//2600 1420//2600
f 1590//2601 1588//2601 1589//2601
f 1590//2602 1587//2602 1588//2602
f 1591//2603 1420//2603 1417//2603
f 1589//2604 1420//2604 1591//2604
f 1415//2605 1592//2605 1417//2605
f 1591//2606 1417//2606 1592//2606
f 1593//2607 1592//2607 1415//2607
f 1594//2608 1592//2608 1593//2608
f 1594//2609 1591//2609 1592//2609
f 1593//2610 1415//2610 1412//2610
f 1595//2611 1412//2611 1408//2611
f 1596//2612 1412//2612 1595//2612
f 1596//2613 1593//2613 1412//2613
f 1595//2614 1408//2614 1405//2614
f 1406//2615 1597//2615 1405//2615
f 1598//2616 1405//2616 1597//2616
f 1598//2617 1595//2617 1405//2617
f 1599//2618 1597//2618 1406//2618
f 1600//2619 1597//2619 1599//2619
f 1600//2620 1598//2620 1597//2620
f 1599//2621 1406//2621 1401//2621
f 1601//2622 1401//2622 603//2622
f 1599//2623 1401//2623 1601//2623
f 1602//2624 1601//2624 603//2624
f 1603//2625 603//2625 602//2625
f 1604//2626 603//2626 1603//2626
f 1604//2627 1602//2627 603//2627
f 1603//2628 602//2628 586//2628
f 1605//2629 1603//2629 586//2629
f 1605//2630 586//2630 587//2630
f 1606//2631 1605//2631 587//2631
f 1607//2632 1606//2632 587//2632
f 1608//2633 587//2633 1567//2633
f 1608//2634 1607//2634 587//2634
f 1608//2635 1567//2635 1566//2635
f 1609//2636 1566//2636 1565//2636
f 1610//2637 1608//2637 1566//2637
f 1609//2638 1610//2638 1566//2638
f 1609//2639 1565//2639 1564//2639
f 1611//2640 1609//2640 1564//2640
f 1612//2641 1564//2641 1563//2641
f 1612//2642 1611//2642 1564//2642
f 1612//2643 1563//2643 1562//2643
f 1613//2644 1562//2644 1559//2644
f 1614//2645 1612//2645 1562//2645
f 1613//2646 1614//2646 1562//2646
f 1613//2647 1559//2647 1560//2647
f 1615//2648 1560//2648 1561//2648
f 1615//2649 1613//2649 1560//2649
f 1616//2650 1615//2650 1561//2650
f 1617//2651 1558//2651 1551//2651
f 1617//2652 1561//2652 1558//2652
f 1617//2653 1551//2653 1547//2653
f 1618//2654 1619//2655 1547//2655
f 1620//2656 1547//2656 1619//2656
f 1542//2657 1618//2658 1547//2659
f 1617//2660 1547//2660 1621//2660
f 1620//2661 1621//2661 1547//2661
f 1622//2662 1618//2663 1542//2664
f 1622//2665 1619//2665 1618//2666
f 1538//2667 1623//2667 1542//2668
f 1622//2669 1542//2670 1623//2669
f 1624//2671 1623//2671 1538//2671
f 1624//2672 1622//2672 1623//2672
f 1625//2673 1538//2673 1535//2673
f 1625//2674 1624//2674 1538//2674
f 1533//2675 1626//2675 1535//2675
f 1625//2676 1535//2676 1626//2676
f 1627//2677 1626//2677 1533//2677
f 1625//2678 1626//2678 1628//2678
f 1627//2679 1628//2679 1626//2679
f 1627//2680 1533//2680 1531//2680
f 1629//2681 1531//2681 1529//2682
f 1630//2683 1627//2683 1531//2683
f 1629//2684 1630//2684 1531//2684
f 1629//2685 1529//2686 1525//2685
f 1526//2687 1631//2687 1525//2687
f 1632//2688 1525//2688 1631//2688
f 1629//2689 1525//2689 1632//2689
f 1633//2690 1631//2690 1526//2690
f 1633//2691 1632//2691 1631//2691
f 1633//2692 1526//2692 1520//2692
f 1634//2693 1520//2693 1514//2693
f 1634//2694 1633//2694 1520//2694
f 1635//2695 1514//2695 1515//2695
f 1634//2696 1514//2696 1635//2696
f 1568//2697 1636//2697 1515//2697
f 1635//2698 1515//2698 1636//2698
f 1637//2699 1404//2699 1407//2699
f 597//2700 1404//2700 1637//2700
f 1638//2701 1637//2701 1407//2701
f 1411//2702 1638//2702 1407//2702
f 1639//2703 1637//2703 1638//2703
f 607//2704 597//2704 1637//2704
f 607//2705 1637//2705 1639//2705
f 1640//2706 1639//2706 1638//2706
f 1641//2707 1640//2707 1638//2707
f 1411//2708 1641//2708 1638//2708
f 1642//2709 1639//2709 1640//2709
f 1643//2710 607//2710 1639//2710
f 1643//2711 1639//2711 1642//2711
f 1642//2712 1640//2712 1641//2712
f 612//2713 609//2713 607//2713
f 1643//2714 612//2714 607//2714
f 417//2715 615//2715 411//2715
f 1400//2716 615//2716 417//2716
f 1644//2717 1400//2717 417//2717
f 419//2718 1644//2718 417//2718
f 612//2719 610//2719 609//2719
f 617//2720 198//2720 199//2720
f 1645//2721 197//2721 198//2721
f 617//2722 1645//2722 198//2722
f 1645//2723 1646//2723 197//2723
f 1647//2724 196//2724 197//2724
f 1646//2725 1647//2725 197//2725
f 183//2726 194//2726 196//2726
f 1648//2727 183//2727 196//2727
f 1649//2728 1648//2728 196//2728
f 1650//2729 1649//2729 196//2729
f 1647//2730 1650//2730 196//2730
f 184//2731 195//2732 194//2731
f 183//2733 184//2733 194//2733
f 185//2734 193//2734 195//2735
f 184//2736 185//2736 195//2737
f 187//2738 192//2738 193//2738
f 185//2739 187//2739 193//2739
f 188//2740 191//2740 192//2740
f 187//2741 188//2741 192//2741
f 189//2742 190//2742 191//2742
f 188//2743 189//2743 191//2743
f 1651//2744 182//2744 183//2744
f 1652//2745 1651//2745 183//2745
f 1653//2746 1652//2746 183//2746
f 1648//2747 1653//2747 183//2747
f 1654//2748 180//2748 182//2748
f 1651//2749 1654//2749 182//2749
f 1655//2750 181//2750 180//2750
f 1656//2751 1655//2751 180//2751
f 1654//2752 1656//2752 180//2752
f 1657//2753 177//2753 181//2753
f 1655//2754 1657//2754 181//2754
f 1658//2755 178//2755 177//2755
f 1657//2756 1658//2756 177//2756
f 1659//2757 175//2757 178//2757
f 1658//2758 1659//2758 178//2758
f 1659//2759 1660//2759 175//2759
f 1661//2760 174//2760 175//2760
f 1662//2761 1661//2761 175//2761
f 1660//2762 1662//2762 175//2762
f 1663//2763 171//2763 174//2763
f 1661//2764 1663//2764 174//2764
f 1664//2765 172//2765 171//2765
f 1663//2766 1664//2766 171//2766
f 1665//2767 166//2767 172//2767
f 1664//2768 1665//2768 172//2768
f 1666//2769 167//2769 166//2769
f 1665//2770 1666//2770 166//2770
f 1666//2771 1667//2771 167//2771
f 1668//2772 167//2772 1667//2772
f 168//2773 167//2773 1668//2773
f 1669//2774 1667//2774 1666//2774
f 1668//2775 1667//2775 1670//2775
f 1669//2776 1671//2776 1667//2776
f 1672//2777 1667//2777 1671//2777
f 1670//2778 1667//2778 1672//2778
f 1669//2779 1673//2779 1671//2779
f 1674//2780 1671//2780 1673//2780
f 1675//2781 1671//2781 1674//2781
f 1672//2782 1671//2782 1675//2782
f 1676//2783 1677//2783 1673//2783
f 1674//2784 1673//2784 1677//2784
f 1669//2785 1676//2785 1673//2785
f 1678//2786 1679//2786 1677//2786
f 1680//2787 1677//2787 1679//2787
f 1676//2788 1678//2788 1677//2788
f 1503//2789 1677//2789 1680//2789
f 1681//2790 1677//2790 1503//2790
f 1674//2791 1677//2791 1681//2791
f 1678//2792 1682//2792 1679//2792
f 1683//2793 1679//2793 1682//2793
f 1683//2794 1495//2794 1679//2794
f 1680//2795 1679//2795 1495//2795
f 1678//2796 1684//2796 1682//2796
f 1685//2797 1682//2797 1684//2797
f 1494//2798 1682//2798 1685//2798
f 1683//2799 1682//2799 1494//2799
f 1686//2800 1687//2800 1684//2800
f 1688//2801 1684//2801 1687//2801
f 1678//2802 1686//2802 1684//2802
f 1688//2803 1689//2803 1684//2803
f 1685//2804 1684//2804 1689//2804
f 1690//2805 1691//2805 1687//2805
f 1692//2806 1687//2806 1691//2806
f 1686//2807 1690//2807 1687//2807
f 1692//2808 1693//2808 1687//2808
f 1694//2809 1687//2809 1693//2809
f 1688//2810 1687//2810 1694//2810
f 1695//2811 1696//2812 1691//2812
f 1697//2813 1691//2813 1696//2813
f 1698//2814 1695//2815 1691//2814
f 1690//2816 1698//2816 1691//2816
f 1697//2817 1699//2817 1691//2817
f 1700//2818 1691//2818 1699//2818
f 1692//2819 1691//2819 1700//2819
f 1701//2820 1702//2820 1696//2820
f 1703//2821 1696//2821 1702//2821
f 1704//2822 1701//2822 1696//2822
f 1705//2823 1704//2823 1696//2823
f 1706//2824 1705//2824 1696//2824
f 1707//2825 1706//2825 1696//2825
f 1695//2826 1707//2827 1696//2827
f 1703//2828 1708//2828 1696//2828
f 1709//2829 1696//2829 1708//2829
f 1697//2830 1696//2830 1709//2830
f 1466//2831 1702//2831 1701//2831
f 1467//2832 1702//2832 1466//2832
f 1703//2833 1702//2833 1467//2833
f 1710//2834 1711//2834 1701//2834
f 1712//2835 1701//2835 1711//2835
f 1713//2836 1710//2836 1701//2836
f 1714//2837 1713//2837 1701//2837
f 1715//2838 1714//2838 1701//2838
f 1716//2839 1715//2839 1701//2839
f 1717//2840 1716//2840 1701//2840
f 1704//2841 1717//2841 1701//2841
f 1712//2842 1718//2842 1701//2842
f 1466//2843 1701//2843 1718//2843
f 1719//2844 1711//2844 1710//2844
f 1720//2845 1711//2845 1719//2845
f 1712//2846 1711//2846 1720//2846
f 1721//2847 1710//2847 1713//2847
f 1722//2848 1710//2848 1721//2848
f 1722//2849 1719//2849 1710//2849
f 1723//2850 1724//2850 1713//2850
f 1721//2851 1713//2851 1724//2851
f 1725//2852 1723//2852 1713//2852
f 1726//2853 1725//2853 1713//2853
f 1727//2854 1726//2854 1713//2854
f 1714//2855 1727//2855 1713//2855
f 1728//2856 1724//2856 1723//2856
f 1729//2857 1724//2857 1728//2857
f 1721//2858 1724//2858 1729//2858
f 1730//2859 1723//2859 1725//2859
f 1728//2860 1723//2860 1730//2860
f 1731//2861 1725//2861 1726//2861
f 1730//2862 1725//2862 1731//2862
f 1732//2863 1726//2863 1727//2863
f 1732//2864 1733//2864 1726//2864
f 1731//2865 1726//2865 1733//2865
f 1732//2866 1727//2866 1714//2866
f 1734//2867 1714//2867 1715//2867
f 1732//2868 1714//2868 1734//2868
f 1735//2869 1715//2869 1716//2869
f 1736//2870 1715//2870 1735//2870
f 1734//2871 1715//2871 1736//2871
f 1737//2872 1716//2872 1717//2872
f 1737//2873 1738//2873 1716//2873
f 1735//2874 1716//2874 1738//2874
f 1737//2875 1717//2875 1704//2875
f 1739//2876 1704//2876 1705//2876
f 1436//2877 1704//2877 1739//2877
f 1738//2878 1704//2878 1436//2878
f 1737//2879 1704//2879 1738//2879
f 1740//2880 1741//2880 1705//2880
f 1742//2881 1705//2881 1741//2881
f 1706//2882 1740//2882 1705//2882
f 1742//2883 1743//2883 1705//2883
f 1739//2884 1705//2884 1743//2884
f 1744//2885 1745//2885 1741//2885
f 1742//2886 1741//2886 1745//2886
f 1746//2887 1744//2887 1741//2887
f 1740//2888 1746//2888 1741//2888
f 1747//2889 1748//2889 1745//2889
f 1749//2890 1745//2890 1748//2890
f 1744//2891 1747//2891 1745//2891
f 1749//2892 1750//2892 1745//2892
f 1743//2893 1745//2893 1750//2893
f 1742//2894 1745//2894 1743//2894
f 1751//2895 1752//2895 1748//2895
f 1749//2896 1748//2896 1752//2896
f 1753//2897 1751//2897 1748//2897
f 1747//2898 1753//2898 1748//2898
f 1754//2899 1755//2899 1752//2899
f 1756//2900 1752//2900 1755//2900
f 1751//2901 1754//2901 1752//2901
f 1756//2902 1757//2902 1752//2902
f 1750//2903 1752//2903 1757//2903
f 1749//2904 1752//2904 1750//2904
f 1758//2905 1759//2905 1755//2905
f 1756//2906 1755//2906 1759//2906
f 1754//2907 1758//2907 1755//2907
f 1760//2908 1761//2908 1759//2908
f 1762//2909 1759//2909 1761//2909
f 1758//2910 1760//2910 1759//2910
f 1762//2911 1763//2911 1759//2911
f 1757//2912 1759//2912 1763//2912
f 1756//2913 1759//2913 1757//2913
f 1764//2914 1765//2914 1761//2914
f 1762//2915 1761//2915 1765//2915
f 1760//2916 1764//2916 1761//2916
f 1766//2917 1641//2917 1765//2917
f 1767//2918 1765//2918 1641//2918
f 1768//2919 1766//2919 1765//2919
f 1764//2920 1768//2920 1765//2920
f 1763//2921 1765//2921 1767//2921
f 1762//2922 1765//2922 1763//2922
f 1769//2923 1642//2923 1641//2923
f 1766//2924 1769//2924 1641//2924
f 1411//2925 1767//2925 1641//2925
f 1769//2926 1643//2926 1642//2926
f 1770//2927 1669//2927 1666//2927
f 1771//2928 1770//2928 1666//2928
f 1772//2929 1666//2929 1665//2929
f 1772//2930 1771//2930 1666//2930
f 1773//2931 1665//2931 1664//2931
f 1773//2932 1772//2932 1665//2932
f 1774//2933 1664//2933 1663//2933
f 1773//2934 1664//2934 1774//2934
f 1775//2935 1663//2935 1661//2935
f 1774//2936 1663//2936 1775//2936
f 1775//2937 1661//2937 1662//2937
f 1776//2938 1662//2938 1660//2938
f 1775//2939 1662//2939 1776//2939
f 1776//2940 1660//2940 1659//2940
f 1777//2941 1659//2941 1658//2941
f 1778//2942 1659//2942 1777//2942
f 1776//2943 1659//2943 1778//2943
f 1777//2944 1658//2944 1657//2944
f 1779//2945 1657//2945 1655//2945
f 1777//2946 1657//2946 1779//2946
f 1779//2947 1655//2947 1656//2947
f 1780//2948 1656//2948 1654//2948
f 1779//2949 1656//2949 1780//2949
f 1781//2950 1654//2950 1651//2950
f 1780//2951 1654//2951 1781//2951
f 1781//2952 1651//2952 1652//2952
f 1782//2953 1652//2953 1653//2953
f 1781//2954 1652//2954 1782//2954
f 1782//2955 1653//2955 1783//2955
f 1784//2956 1653//2956 1648//2956
f 1783//2957 1653//2957 1784//2957
f 1784//2958 1648//2958 1785//2958
f 1786//2959 1648//2959 1649//2959
f 1785//2960 1648//2960 1786//2960
f 1787//2961 1649//2961 1650//2961
f 1786//2962 1649//2962 1787//2962
f 1787//2963 1650//2963 1647//2963
f 1788//2964 1647//2964 1646//2964
f 1789//2965 1647//2965 1788//2965
f 1790//2966 1647//2966 1789//2966
f 1790//2967 1787//2967 1647//2967
f 1791//2968 1646//2968 1645//2968
f 1788//2969 1646//2969 1791//2969
f 1792//2970 1645//2970 617//2970
f 1793//2971 1645//2971 1792//2971
f 1791//2972 1645//2972 1793//2972
f 1792//2973 617//2973 1794//2973
f 1794//2974 617//2974 616//2974
f 1795//2975 616//2975 613//2975
f 1796//2976 616//2976 1795//2976
f 1794//2977 616//2977 1796//2977
f 1795//2978 613//2978 1797//2978
f 1798//2979 613//2979 611//2979
f 1797//2980 613//2980 1798//2980
f 1798//2981 611//2981 1799//2981
f 1799//2982 611//2982 612//2982
f 1799//2983 612//2983 1800//2983
f 1801//2984 612//2984 1643//2984
f 1800//2985 612//2985 1801//2985
f 1801//2986 1643//2986 1769//2986
f 1802//2987 1769//2987 1766//2987
f 1802//2988 1766//2988 1768//2988
f 1803//2989 1768//2989 1764//2989
f 1803//2990 1802//2990 1768//2990
f 1803//2991 1764//2991 1760//2991
f 1804//2992 1760//2992 1758//2992
f 1805//2993 1803//2993 1760//2993
f 1804//2994 1805//2994 1760//2994
f 1804//2995 1758//2995 1754//2995
f 1806//2996 1754//2996 1751//2996
f 1806//2997 1804//2997 1754//2997
f 1806//2998 1751//2998 1753//2998
f 1807//2999 1753//2999 1747//2999
f 1807//3000 1806//3000 1753//3000
f 1808//3001 1747//3001 1744//3001
f 1809//3002 1807//3002 1747//3002
f 1809//3003 1747//3003 1808//3003
f 1808//3004 1744//3004 1746//3004
f 1810//3005 1746//3005 1740//3005
f 1810//3006 1808//3006 1746//3006
f 1811//3007 1810//3007 1740//3007
f 1812//3008 1740//3008 1706//3008
f 1812//3009 1811//3009 1740//3009
f 1812//3010 1706//3010 1707//3010
f 1813//3011 1707//3011 1695//3012
f 1814//3013 1812//3013 1707//3013
f 1813//3014 1814//3014 1707//3014
f 1813//3015 1695//3016 1698//3015
f 1815//3017 1698//3017 1690//3017
f 1816//3018 1813//3018 1698//3018
f 1815//3019 1816//3019 1698//3019
f 1817//3020 1690//3020 1686//3020
f 1817//3021 1815//3021 1690//3021
f 1818//3022 1686//3022 1678//3022
f 1819//3023 1817//3023 1686//3023
f 1820//3024 1819//3024 1686//3024
f 1818//3025 1820//3025 1686//3025
f 1821//3026 1818//3026 1678//3026
f 1676//3027 1821//3027 1678//3027
f 1822//3028 1676//3028 1669//3028
f 1770//3029 1822//3029 1669//3029
f 441//3030 440//3030 1823//3030
f 1824//3031 1823//3031 440//3031
f 442//3032 449//3032 440//3032
f 1824//3033 440//3033 449//3033
f 1825//3034 620//3034 618//3034
f 619//3035 1825//3035 618//3035
f 1826//3036 1827//3036 620//3036
f 1828//3037 620//3037 1827//3037
f 1825//3038 1826//3038 620//3038
f 443//3039 620//3039 1828//3039
f 1823//3040 1829//3040 1827//3040
f 1828//3041 1827//3041 1829//3041
f 441//3042 1823//3042 1827//3042
f 439//3043 441//3043 1827//3043
f 1830//3044 439//3044 1827//3044
f 624//3045 626//3045 1827//3045
f 1830//3046 1827//3046 626//3046
f 1826//3047 624//3047 1827//3047
f 1824//3048 1829//3048 1823//3048
f 1828//3049 1829//3049 1824//3049
f 1831//3050 437//3050 439//3050
f 1832//3051 1831//3051 439//3051
f 1830//3052 1832//3052 439//3052
f 1831//3053 1833//3053 437//3053
f 1833//3054 438//3054 437//3054
f 1834//3055 436//3055 438//3055
f 1833//3056 1834//3056 438//3056
f 1835//3057 432//3057 436//3057
f 1834//3058 1835//3058 436//3058
f 1835//3059 1836//3059 432//3059
f 1836//3060 431//3060 432//3060
f 1837//3061 1838//3061 431//3061
f 1839//3062 431//3062 1838//3062
f 1836//3063 1837//3063 431//3063
f 1840//3064 433//3064 431//3064
f 1841//3065 431//3065 1839//3065
f 1841//3066 1840//3066 431//3066
f 1837//3067 1842//3067 1838//3067
f 1839//3068 1838//3068 1842//3068
f 1843//3069 1844//3069 1842//3069
f 1845//3070 1842//3070 1844//3070
f 1837//3071 1843//3071 1842//3071
f 1845//3072 1839//3072 1842//3072
f 1843//3073 1846//3073 1844//3073
f 1845//3074 1844//3074 1846//3074
f 1847//3075 1848//3075 1846//3075
f 1849//3076 1846//3076 1848//3076
f 1843//3077 1847//3077 1846//3077
f 1850//3078 1845//3079 1846//3079
f 1850//3080 1846//3081 1849//3081
f 1851//3082 1852//3082 1848//3082
f 1853//3083 1848//3083 1852//3083
f 1847//3084 1851//3084 1848//3084
f 1853//3085 1849//3085 1848//3085
f 1851//3086 1854//3086 1852//3086
f 1855//3087 1852//3087 1854//3087
f 1855//3088 1853//3088 1852//3088
f 1856//3089 1855//3089 1854//3089
f 1851//3090 1857//3090 1854//3090
f 1858//3091 1856//3091 1854//3091
f 1857//3092 1859//3092 1854//3092
f 1858//3093 1854//3093 1859//3093
f 1860//3094 1858//3094 1859//3094
f 1857//3095 1861//3095 1859//3095
f 1860//3096 1859//3096 1861//3096
f 1862//3097 1863//3097 1861//3097
f 1864//3098 1861//3098 1863//3098
f 1865//3099 1862//3099 1861//3099
f 1857//3100 1865//3100 1861//3100
f 1866//3101 1860//3101 1861//3101
f 1867//3102 1866//3103 1861//3103
f 1868//3104 1861//3104 1864//3104
f 1868//3105 1867//3106 1861//3105
f 1862//3107 1869//3107 1863//3107
f 1864//3108 1863//3108 1869//3108
f 1862//3109 1870//3109 1869//3109
f 1871//3110 1869//3110 1870//3110
f 1871//3111 1864//3111 1869//3111
f 1872//3112 1873//3112 1870//3112
f 1871//3113 1870//3113 1873//3113
f 1874//3114 1872//3114 1870//3114
f 1862//3115 1874//3115 1870//3115
f 1875//3116 1873//3116 1872//3116
f 1876//3117 1871//3117 1873//3117
f 1875//3118 1876//3118 1873//3118
f 1874//3119 1877//3119 1872//3119
f 1878//3120 1875//3120 1872//3120
f 1879//3121 1880//3121 1872//3121
f 1881//3122 1872//3122 1880//3122
f 1877//3123 1879//3123 1872//3123
f 1881//3124 1878//3124 1872//3124
f 1882//3125 1883//3125 1880//3125
f 1881//3126 1880//3126 1883//3126
f 1884//3127 1882//3127 1880//3127
f 1879//3128 1884//3128 1880//3128
f 1885//3129 1886//3129 1883//3129
f 1887//3130 1883//3130 1886//3130
f 1882//3131 1885//3131 1883//3131
f 1887//3132 1881//3132 1883//3132
f 1888//3133 1886//3133 1885//3133
f 1888//3134 1887//3134 1886//3134
f 1889//3135 1890//3135 1885//3135
f 1891//3136 1885//3136 1890//3136
f 1882//3137 1889//3137 1885//3137
f 1891//3138 1888//3138 1885//3138
f 1892//3139 1893//3139 1890//3139
f 1891//3140 1890//3140 1893//3140
f 1889//3141 1892//3141 1890//3141
f 1894//3142 1895//3142 1893//3142
f 1896//3143 1893//3143 1895//3143
f 1892//3144 1894//3144 1893//3144
f 1897//3145 1891//3145 1893//3145
f 1897//3146 1893//3146 1896//3146
f 1898//3147 1895//3147 1894//3147
f 1898//3148 1896//3148 1895//3148
f 1899//3149 1894//3149 1892//3149
f 1900//3150 1894//3150 1899//3150
f 1901//3151 1898//3151 1894//3151
f 1900//3152 1901//3152 1894//3152
f 1899//3153 1892//3153 1889//3153
f 1902//3154 1889//3154 1882//3154
f 1903//3155 1899//3155 1889//3155
f 1903//3156 1889//3156 1902//3156
f 1904//3157 1905//3157 1882//3157
f 1902//3158 1882//3158 1905//3158
f 1906//3159 1904//3159 1882//3159
f 1907//3160 1906//3160 1882//3160
f 1884//3161 1907//3161 1882//3161
f 1908//3162 1905//3162 1904//3162
f 1908//3163 1902//3163 1905//3163
f 1909//3164 1904//3164 1906//3164
f 1909//3165 1908//3165 1904//3165
f 1910//3166 1906//3166 1907//3166
f 1909//3167 1906//3167 1910//3167
f 1911//3168 1912//3168 1907//3168
f 1913//3169 1907//3169 1912//3169
f 1911//3170 1907//3170 1914//3170
f 1884//3171 1914//3171 1907//3171
f 1915//3172 1907//3172 1913//3172
f 1910//3173 1907//3173 1915//3173
f 1911//3174 1916//3174 1912//3174
f 1917//3175 1918//3175 1912//3175
f 1919//3176 1912//3176 1918//3176
f 1916//3177 1917//3177 1912//3177
f 1913//3178 1912//3178 1919//3178
f 1920//3179 1921//3179 1918//3179
f 1919//3180 1918//3180 1921//3180
f 1917//3181 1920//3181 1918//3181
f 1922//3182 1923//3182 1921//3182
f 1924//3183 1921//3183 1923//3183
f 1920//3184 1922//3184 1921//3184
f 1919//3185 1921//3185 1924//3185
f 1922//3186 1925//3186 1923//3186
f 1925//3187 1926//3187 1923//3187
f 1927//3188 1923//3188 1926//3188
f 1924//3189 1923//3189 1927//3189
f 1928//3190 1929//3190 1926//3190
f 1930//3191 1926//3191 1929//3191
f 1925//3192 1928//3192 1926//3192
f 1927//3193 1926//3193 1930//3193
f 1928//3194 1931//3194 1929//3194
f 1932//3195 1929//3195 1931//3195
f 1930//3196 1929//3196 1932//3196
f 1933//3197 1934//3197 1931//3197
f 1935//3198 1931//3198 1934//3198
f 1928//3199 1933//3199 1931//3199
f 1932//3200 1931//3200 1935//3200
f 1933//3201 1936//3201 1934//3201
f 1935//3202 1934//3202 1936//3202
f 1933//3203 1937//3203 1936//3203
f 1938//3204 1936//3204 1937//3204
f 1939//3205 1935//3205 1936//3205
f 1939//3206 1936//3206 1938//3206
f 1940//3207 1941//3207 1937//3207
f 1938//3208 1937//3208 1941//3208
f 1933//3209 1940//3209 1937//3209
f 1942//3210 1943//3210 1941//3210
f 1944//3211 1941//3211 1943//3211
f 1940//3212 1942//3212 1941//3212
f 1945//3213 1941//3213 1944//3213
f 1945//3214 1938//3214 1941//3214
f 1946//3215 1947//3215 1943//3215
f 1948//3216 1943//3216 1947//3216
f 1942//3217 1946//3217 1943//3217
f 1949//3218 1943//3218 1948//3218
f 1944//3219 1943//3219 1949//3219
f 1946//3220 1950//3220 1947//3220
f 1951//3221 1947//3221 1950//3221
f 1952//3222 1947//3222 1951//3222
f 1952//3223 1948//3223 1947//3223
f 1946//3224 1953//3224 1950//3224
f 1953//3225 1954//3225 1950//3225
f 1955//3226 1950//3226 1954//3226
f 1951//3227 1950//3227 1955//3227
f 1956//3228 627//3228 1954//3228
f 629//3229 1954//3229 627//3229
f 1953//3230 1956//3230 1954//3230
f 1955//3231 1954//3231 629//3231
f 1956//3232 1957//3232 627//3232
f 1958//3233 626//3233 627//3233
f 1957//3234 1958//3234 627//3234
f 1959//3235 1830//3235 626//3235
f 1958//3236 1959//3236 626//3236
f 1826//3237 1960//3237 624//3237
f 622//3238 624//3238 1960//3238
f 1961//3239 1960//3239 1826//3239
f 1961//3240 622//3240 1960//3240
f 1962//3241 1826//3241 1825//3241
f 1961//3242 1826//3242 1962//3242
f 1962//3243 1825//3243 619//3243
f 445//3244 452//3244 619//3244
f 1962//3245 619//3245 452//3245
f 1963//3246 1911//3246 1914//3246
f 1964//3247 1963//3247 1914//3247
f 1965//3248 1914//3248 1884//3248
f 1964//3249 1914//3249 1965//3249
f 1966//3250 1884//3250 1879//3250
f 1965//3251 1884//3251 1967//3251
f 1966//3252 1967//3252 1884//3252
f 1877//3253 1968//3253 1879//3253
f 1874//3254 1969//3254 1877//3254
f 1970//3255 1874//3255 1971//3255
f 1862//3256 1971//3256 1874//3256
f 1972//3257 1862//3257 1865//3257
f 1973//3258 1862//3258 1972//3258
f 1972//3259 1865//3259 1857//3259
f 1972//3260 1857//3260 1974//3260
f 1975//3261 1857//3261 1851//3261
f 1974//3262 1857//3262 1975//3262
f 1975//3263 1851//3263 1976//3263
f 1976//3264 1851//3264 1977//3264
f 1977//3265 1851//3265 1847//3265
f 1978//3266 1843//3266 1979//3266
f 1847//3267 1843//3267 1978//3267
f 1979//3268 1843//3268 1837//3268
f 1979//3269 1837//3269 1980//3269
f 1981//3270 1837//3270 1836//3270
f 1981//3271 1980//3271 1837//3271
f 1982//3272 1836//3272 1835//3272
f 1982//3273 1981//3273 1836//3273
f 1982//3274 1835//3274 1834//3274
f 1833//3275 1983//3275 1834//3275
f 1982//3276 1834//3276 1983//3276
f 1831//3277 1984//3277 1833//3277
f 1985//3278 1831//3278 1832//3278
f 1986//3279 1985//3279 1832//3279
f 1986//3280 1832//3280 1830//3280
f 1987//3281 1986//3281 1830//3281
f 1988//3282 1830//3282 1959//3282
f 1989//3283 1987//3283 1830//3283
f 1989//3284 1830//3284 1988//3284
f 1990//3285 1958//3285 1991//3285
f 1959//3286 1958//3286 1990//3286
f 1957//3287 1991//3287 1958//3287
f 1992//3288 1993//3288 1956//3288
f 1957//3289 1956//3289 1993//3289
f 1956//3290 1953//3290 1992//3290
f 1994//3291 1953//3291 1946//3291
f 1994//3292 1995//3292 1953//3292
f 1996//3293 1994//3293 1946//3293
f 1942//3294 1996//3294 1946//3294
f 1997//3295 1942//3295 1940//3295
f 1998//3296 1997//3296 1940//3296
f 1999//3297 1998//3297 1940//3297
f 1933//3298 1999//3298 1940//3298
f 2000//3299 2001//3299 1933//3299
f 2002//3300 1933//3300 1928//3300
f 2002//3301 2000//3301 1933//3301
f 2003//3302 2002//3302 1928//3302
f 2004//3303 1928//3303 1925//3303
f 2004//3304 2003//3304 1928//3304
f 2005//3305 1925//3305 1922//3305
f 2005//3306 2004//3306 1925//3306
f 2005//3307 1922//3307 1920//3307
f 2006//3308 2005//3308 1920//3308
f 1917//3309 2006//3309 1920//3309
f 1917//3310 1916//3310 2007//3310
f 2008//3311 2007//3311 1916//3311
f 1911//3312 2008//3312 1916//3312
f 623//3313 622//3313 1961//3313
f 450//3314 1824//3314 449//3314
f 1828//3315 1824//3315 450//3315
f 443//3316 1828//3316 450//3316
f 623//3317 1962//3317 452//3317
f 1961//3318 1962//3318 623//3318
f 633//3319 637//3319 1098//3319
f 2009//3320 1098//3320 637//3320
f 1094//3321 1096//3321 1098//3321
f 1094//3322 1098//3322 2009//3322
f 2010//3323 637//3323 638//3323
f 2011//3324 648//3324 1124//3324
f 2012//3325 648//3325 2011//3325
f 2013//3326 648//3326 2012//3326
f 2013//3327 653//3327 648//3327
f 1127//3328 2011//3328 1124//3328
f 2013//3329 2012//3329 2011//3329
f 2014//3330 2013//3330 2011//3330
f 2014//3331 2011//3331 1127//3331
f 947//3332 638//3332 632//3332
f 2015//3333 638//3333 947//3333
f 2015//3334 2010//3334 638//3334
f 691//3335 2015//3335 947//3335
f 698//3336 2010//3336 2015//3336
f 698//3337 700//3337 2010//3337
f 694//3338 2015//3338 691//3338
f 698//3339 2015//3339 694//3339
f 678//3340 679//3340 653//3340
f 678//3341 653//3341 2013//3341
f 2016//3342 678//3342 2013//3342
f 2017//3343 2013//3343 2014//3343
f 2018//3344 2013//3344 2017//3344
f 2016//3345 2013//3345 2018//3345
f 680//3346 678//3346 2016//3346
f 2019//3347 681//3347 675//3347
f 677//3348 2019//3348 675//3348
f 2020//3349 1362//3349 1340//3349
f 2021//3350 2020//3350 1340//3350
f 2022//3351 2021//3351 1340//3351
f 2023//3352 1340//3352 682//3352
f 2022//3353 1340//3353 2023//3353
f 2024//3354 2023//3354 682//3354
f 681//3355 2024//3355 682//3355
f 2024//3356 2025//3356 2023//3356
f 2024//3357 2026//3357 2025//3357
f 2027//3358 2026//3358 2024//3358
f 2028//3359 2026//3359 2027//3359
f 2029//3360 2026//3360 2028//3360
f 2030//3361 2026//3361 2029//3361
f 2031//3362 2024//3362 681//3362
f 2027//3363 2024//3363 2031//3363
f 2032//3364 681//3364 2019//3364
f 2031//3365 681//3365 2032//3365
f 2033//3366 2025//3366 2026//3366
f 2030//3367 2033//3367 2026//3367
f 2034//3368 2035//3368 1327//3368
f 2036//3369 1327//3369 2035//3369
f 1328//3370 2034//3370 1327//3370
f 1326//3371 1327//3371 2036//3371
f 2037//3372 2035//3372 2034//3372
f 2036//3373 2035//3373 2037//3373
f 2037//3374 2034//3374 1328//3374
f 1330//3375 2037//3375 1328//3375
f 2038//3376 2033//3376 2030//3376
f 2025//3377 2022//3377 2023//3377
f 2039//3378 2022//3378 2025//3378
f 2033//3379 2039//3379 2025//3379
f 968//3380 1356//3380 969//3380
f 2040//3381 1356//3381 968//3381
f 2041//3382 1356//3382 2040//3382
f 2041//3383 1355//3383 1356//3383
f 971//3384 2040//3384 968//3384
f 971//3385 2041//3385 2040//3385
f 1350//3386 2042//3386 1269//3386
f 2043//3387 1269//3387 2042//3387
f 2043//3388 1267//3388 1269//3388
f 2044//3389 2042//3389 1350//3389
f 2045//3390 2042//3390 2044//3390
f 2045//3391 2043//3391 2042//3391
f 2044//3392 1350//3392 1357//3392
f 2046//3393 2044//3393 1357//3393
f 2047//3394 2044//3394 2046//3394
f 2047//3395 2045//3395 2044//3395
f 2048//3396 1362//3396 2020//3396
f 2049//3397 1363//3397 1362//3397
f 2049//3398 1362//3398 2048//3398
f 2021//3399 2050//3399 2020//3399
f 2048//3400 2020//3400 2051//3400
f 2052//3401 2051//3401 2020//3401
f 2052//3402 2020//3402 2050//3402
f 2053//3403 2050//3403 2021//3403
f 2022//3404 2054//3404 2021//3404
f 2055//3405 2021//3405 2054//3405
f 2056//3406 2053//3406 2021//3406
f 2057//3407 2021//3407 2055//3407
f 2056//3408 2021//3408 2057//3408
f 2039//3409 2033//3409 2054//3409
f 2058//3410 2054//3410 2033//3410
f 2022//3411 2039//3411 2054//3411
f 2058//3412 2055//3412 2054//3412
f 2058//3413 2033//3413 2038//3413
f 1354//3414 861//3414 862//3414
f 2059//3415 861//3415 1354//3415
f 2041//3416 1354//3416 1355//3416
f 2041//3417 2059//3417 1354//3417
f 977//3418 2041//3418 971//3418
f 2046//3419 1357//3419 1361//3419
f 2060//3420 2046//3420 1361//3420
f 2061//3421 1361//3421 1360//3421
f 2060//3422 1361//3422 2061//3422
f 2062//3423 2046//3423 2060//3423
f 2062//3424 2047//3424 2046//3424
f 1363//3425 2061//3425 1360//3425
f 2059//3426 860//3426 861//3426
f 2063//3427 2059//3427 2041//3427
f 1363//3428 2064//3428 2061//3428
f 2060//3429 2061//3429 2064//3429
f 2065//3430 2062//3430 2060//3430
f 2065//3431 2060//3431 2064//3431
f 2049//3432 2066//3432 1363//3432
f 2064//3433 1363//3433 2066//3433
f 2067//3434 2068//3434 2066//3434
f 2069//3435 2066//3435 2068//3435
f 2049//3436 2067//3436 2066//3436
f 2069//3437 2064//3437 2066//3437
f 2067//3438 2070//3438 2068//3438
f 2071//3439 2069//3439 2068//3439
f 2072//3440 2073//3440 2068//3440
f 2070//3441 2072//3441 2068//3441
f 2074//3442 2075//3442 2068//3442
f 2073//3443 2074//3443 2068//3443
f 2075//3444 2071//3444 2068//3444
f 2076//3445 2075//3445 2074//3445
f 2076//3446 2077//3446 2075//3446
f 2078//3447 2074//3447 2073//3447
f 2079//3448 2074//3448 2078//3448
f 2076//3449 2074//3449 2079//3449
f 2078//3450 2073//3450 2072//3450
f 2080//3451 2081//3451 2072//3451
f 2078//3452 2072//3452 2081//3452
f 2070//3453 2080//3453 2072//3453
f 2082//3454 2081//3454 2080//3454
f 2083//3455 2078//3455 2081//3455
f 2083//3456 2081//3456 2082//3456
f 2084//3457 2085//3457 2080//3457
f 2082//3458 2080//3458 2085//3458
f 2070//3459 2084//3459 2080//3459
f 2086//3460 2085//3460 2084//3460
f 2087//3461 2082//3461 2085//3461
f 2086//3462 2087//3462 2085//3462
f 2070//3463 2088//3463 2084//3463
f 2089//3464 2090//3464 2084//3464
f 2086//3465 2084//3465 2090//3465
f 2089//3466 2084//3466 2088//3466
f 2091//3467 2092//3467 2090//3467
f 2093//3468 2090//3468 2092//3468
f 2089//3469 2091//3469 2090//3469
f 2086//3470 2090//3470 2093//3470
f 2091//3471 2094//3471 2092//3471
f 2095//3472 2096//3473 2092//3473
f 2097//3474 2092//3474 2096//3474
f 2094//3475 2095//3476 2092//3475
f 2093//3477 2092//3477 2097//3477
f 2098//3478 2099//3479 2096//3479
f 2097//3480 2096//3480 2099//3480
f 2095//3481 2098//3482 2096//3483
f 2098//3484 2100//3485 2099//3485
f 2101//3486 2099//3486 2100//3486
f 2097//3487 2099//3487 2101//3487
f 2102//3488 2100//3488 2103//3488
f 2104//3489 2103//3489 2100//3489
f 2098//3490 2104//3491 2100//3491
f 2101//3492 2100//3492 2102//3492
f 2102//3493 2103//3493 2105//3493
f 2105//3494 2103//3494 2106//3494
f 2104//3495 2106//3495 2103//3495
f 2105//3496 2106//3496 2107//3496
f 2108//3497 2106//3497 2109//3497
f 2107//3498 2106//3498 2108//3498
f 2110//3499 2111//3499 2106//3499
f 2112//3500 2106//3500 2104//3500
f 2112//3501 2110//3501 2106//3501
f 2113//3502 2114//3502 2104//3502
f 2112//3503 2104//3503 2114//3503
f 2098//3504 2113//3505 2104//3505
f 2113//3506 2115//3506 2114//3506
f 2116//3507 2112//3507 2114//3507
f 2117//3508 2118//3508 2114//3508
f 2116//3509 2114//3509 2118//3509
f 2115//3510 2117//3510 2114//3510
f 2119//3511 2118//3511 2120//3511
f 2119//3512 2116//3512 2118//3512
f 2121//3513 2120//3513 2118//3513
f 2122//3514 2118//3514 2117//3514
f 2121//3515 2118//3515 2122//3515
f 2122//3516 2117//3516 2115//3516
f 2122//3517 2115//3517 2113//3517
f 2123//3518 2113//3518 2124//3518
f 2125//3519 2124//3519 2113//3519
f 2126//3520 2125//3521 2113//3521
f 2098//3522 2126//3523 2113//3524
f 2122//3525 2113//3525 2123//3525
f 2127//3526 2124//3526 2125//3526
f 2123//3527 2124//3527 2127//3527
f 2128//3528 2129//3528 2125//3528
f 2127//3529 2125//3529 2129//3529
f 2130//3530 2128//3530 2125//3530
f 2126//3531 2130//3532 2125//3532
f 2131//3533 2129//3533 2128//3533
f 2132//3534 2127//3534 2129//3534
f 2132//3535 2129//3535 2131//3535
f 2130//3536 2133//3536 2128//3536
f 2134//3537 2135//3537 2128//3537
f 2136//3538 2128//3538 2135//3538
f 2137//3539 2134//3539 2128//3539
f 2133//3540 2137//3540 2128//3540
f 2136//3541 2131//3541 2128//3541
f 2134//3542 2138//3542 2135//3542
f 2138//3543 2139//3543 2135//3543
f 2136//3544 2135//3544 2139//3544
f 2138//3545 2140//3545 2139//3545
f 2136//3546 2139//3546 2141//3546
f 2142//3547 2143//3547 2139//3547
f 2144//3548 2139//3548 2143//3548
f 2140//3549 2142//3549 2139//3549
f 2141//3550 2139//3550 2144//3550
f 2145//3551 2146//3551 2143//3551
f 2144//3552 2143//3552 2146//3552
f 2147//3553 2145//3553 2143//3553
f 2142//3554 2147//3554 2143//3554
f 2148//3555 2146//3555 2145//3555
f 2149//3556 2144//3556 2146//3556
f 2150//3557 2149//3557 2146//3557
f 2150//3558 2146//3558 2148//3558
f 2151//3559 2148//3559 2145//3559
f 2147//3560 2152//3560 2145//3560
f 2153//3561 2145//3561 2152//3561
f 2153//3562 2151//3562 2145//3562
f 2147//3563 1300//3563 2152//3563
f 2154//3564 2153//3564 2152//3564
f 1302//3565 2155//3565 2152//3565
f 2154//3566 2152//3566 2155//3566
f 1300//3567 1302//3567 2152//3567
f 1303//3568 2156//3568 2155//3568
f 2157//3569 2155//3569 2156//3569
f 1302//3570 1303//3570 2155//3570
f 2157//3571 2154//3571 2155//3571
f 2158//3572 2159//3572 2156//3572
f 2160//3573 2156//3573 2159//3573
f 2161//3574 2158//3574 2156//3574
f 1303//3575 2161//3575 2156//3575
f 2160//3576 2157//3576 2156//3576
f 2160//3577 2159//3577 2162//3577
f 2163//3578 2164//3578 2159//3578
f 2162//3579 2159//3579 2164//3579
f 2158//3580 2163//3580 2159//3580
f 2162//3581 2164//3581 2165//3581
f 2165//3582 2164//3582 2166//3582
f 2167//3583 2166//3583 2164//3583
f 2163//3584 2167//3584 2164//3584
f 2165//3585 2166//3585 2168//3585
f 2168//3586 2166//3586 2167//3586
f 2169//3587 2167//3587 2163//3587
f 2168//3588 2167//3588 2169//3588
f 2169//3589 2163//3589 2170//3589
f 2171//3590 2163//3590 2158//3590
f 2171//3591 2170//3591 2163//3591
f 2172//3592 2158//3592 2161//3592
f 2172//3593 2171//3593 2158//3593
f 2173//3594 2174//3594 2161//3594
f 1290//3595 2173//3595 2161//3595
f 1303//3596 1290//3596 2161//3596
f 2172//3597 2161//3597 2174//3597
f 2175//3598 2174//3598 2173//3598
f 2176//3599 2174//3599 2175//3599
f 2177//3600 2174//3600 2176//3600
f 1290//3601 1294//3601 2173//3601
f 2178//3602 2179//3602 2173//3602
f 2180//3603 2173//3603 2179//3603
f 1294//3604 2178//3604 2173//3604
f 2175//3605 2173//3605 2180//3605
f 2181//3606 2179//3606 2178//3606
f 2182//3607 2180//3607 2179//3607
f 2183//3608 2182//3608 2179//3608
f 2183//3609 2179//3609 2181//3609
f 2184//3610 2181//3610 2178//3610
f 2185//3611 2178//3611 1294//3611
f 2184//3612 2178//3612 2185//3612
f 1291//3613 1294//3613 1290//3613
f 1293//3614 2185//3614 1294//3614
f 1291//3615 1289//3615 1294//3615
f 2186//3616 1301//3616 1300//3616
f 2187//3617 2186//3617 1300//3617
f 2188//3618 2187//3618 1300//3618
f 2147//3619 2188//3619 1300//3619
f 2189//3620 1301//3620 2186//3620
f 2190//3621 1301//3621 2191//3621
f 2189//3622 2191//3622 1301//3622
f 1299//3623 1301//3623 2190//3623
f 1299//3624 1298//3624 1301//3624
f 2192//3625 2186//3625 2187//3625
f 2192//3626 2189//3626 2186//3626
f 2193//3627 2187//3627 2188//3627
f 2193//3628 2192//3628 2187//3628
f 2194//3629 2188//3629 2147//3629
f 2193//3630 2188//3630 2194//3630
f 2194//3631 2147//3631 2142//3631
f 2195//3632 2142//3632 2140//3632
f 2195//3633 2194//3633 2142//3633
f 2196//3634 2140//3634 2138//3634
f 2195//3635 2140//3635 2196//3635
f 2196//3636 2138//3636 2197//3636
f 2198//3637 2138//3637 2134//3637
f 2197//3638 2138//3638 2198//3638
f 2198//3639 2134//3639 2199//3639
f 2199//3640 2134//3640 2137//3640
f 2200//3641 2201//3641 2137//3641
f 2199//3642 2137//3642 2201//3642
f 2202//3643 2200//3643 2137//3643
f 2203//3644 2202//3644 2137//3644
f 2204//3645 2203//3645 2137//3645
f 2133//3646 2204//3646 2137//3646
f 2200//3647 2191//3647 2201//3647
f 2205//3648 2201//3648 2191//3648
f 2206//3649 2199//3649 2201//3649
f 2205//3650 2206//3650 2201//3650
f 2200//3651 2207//3651 2191//3651
f 2189//3652 2205//3652 2191//3652
f 2207//3653 2190//3653 2191//3653
f 2208//3654 2190//3654 2207//3654
f 2209//3655 2190//3655 2208//3655
f 2210//3656 2190//3656 2209//3656
f 1297//3657 2190//3657 2210//3657
f 1299//3658 2190//3658 1297//3658
f 2211//3659 2207//3659 2200//3659
f 2208//3660 2207//3660 2211//3660
f 2211//3661 2200//3661 2202//3661
f 2211//3662 2202//3662 2203//3662
f 2211//3663 2203//3663 2212//3663
f 2212//3664 2203//3664 2213//3664
f 2213//3665 2203//3665 2214//3665
f 2089//3666 2214//3666 2203//3666
f 2215//3667 2203//3667 2204//3667
f 2216//3668 2089//3668 2203//3668
f 2217//3669 2216//3670 2203//3670
f 2218//3671 2217//3672 2203//3673
f 2219//3674 2218//3675 2203//3676
f 2215//3677 2219//3678 2203//3677
f 2220//3679 2221//3679 2214//3679
f 2221//3680 2213//3680 2214//3680
f 2089//3681 2222//3681 2214//3681
f 2220//3682 2214//3682 2222//3682
f 2223//3683 2220//3683 2222//3683
f 2089//3684 2224//3684 2222//3684
f 2225//3685 2222//3685 2224//3685
f 2225//3686 2223//3686 2222//3686
f 2089//3687 2226//3687 2224//3687
f 2227//3688 2224//3688 2226//3688
f 2227//3689 2225//3689 2224//3689
f 2228//3690 2227//3690 2226//3690
f 2089//3691 2088//3691 2226//3691
f 2229//3692 2226//3692 2088//3692
f 2229//3693 2228//3693 2226//3693
f 2229//3694 2088//3694 2070//3694
f 2229//3695 2070//3695 2230//3695
f 2231//3696 2070//3696 2067//3696
f 2232//3697 2070//3697 2231//3697
f 2230//3698 2070//3698 2232//3698
f 2048//3699 2051//3699 2067//3699
f 2231//3700 2067//3700 2051//3700
f 2049//3701 2048//3701 2067//3701
f 2233//3702 2051//3702 2052//3702
f 2231//3703 2051//3703 2233//3703
f 2234//3704 2235//3704 2204//3704
f 2236//3705 2204//3705 2235//3705
f 2237//3706 2234//3706 2204//3706
f 2133//3707 2237//3707 2204//3707
f 2238//3708 2215//3708 2204//3708
f 2236//3709 2238//3709 2204//3709
f 2239//3710 2235//3710 2234//3710
f 2239//3711 2236//3711 2235//3711
f 2239//3712 2234//3712 2237//3712
f 2133//3713 2240//3713 2237//3713
f 2241//3714 2237//3714 2240//3714
f 2239//3715 2237//3715 2241//3715
f 2242//3716 2240//3716 2133//3716
f 2241//3717 2240//3717 2242//3717
f 2242//3718 2133//3718 2130//3718
f 2243//3719 2130//3719 2126//3720
f 2242//3721 2130//3721 2243//3721
f 2244//3722 2126//3723 2098//3724
f 2245//3725 2126//3726 2246//3725
f 2247//3727 2246//3727 2126//3728
f 2098//3729 2126//3730 2245//3731
f 2248//3732 2126//3733 2098//3734
f 2249//3735 2126//3736 2244//3735
f 2243//3737 2126//3738 2248//3737
f 2247//3739 2126//3740 2249//3739
f 2250//3741 2098//3742 2095//3743
f 2244//3744 2098//3745 2250//3744
f 2251//3746 2095//3747 2094//3746
f 2250//3748 2095//3749 2252//3748
f 2098//3750 2252//3751 2095//3752
f 2253//3753 2095//3754 2251//3753
f 2098//3755 2095//3756 2253//3757
f 2254//3758 2094//3758 2091//3758
f 2251//3759 2094//3759 2254//3759
f 2255//3760 2256//3760 2091//3760
f 2257//3761 2091//3761 2256//3761
f 2258//3762 2255//3762 2091//3762
f 2089//3763 2258//3763 2091//3763
f 2254//3764 2091//3764 2257//3764
f 2259//3765 2256//3765 2255//3765
f 2257//3766 2256//3766 2259//3766
f 2259//3767 2255//3767 2258//3767
f 2089//3768 2260//3768 2258//3768
f 2261//3769 2258//3769 2260//3769
f 2259//3770 2258//3770 2261//3770
f 2262//3771 2260//3771 2089//3771
f 2261//3772 2260//3772 2262//3772
f 2263//3773 2089//3773 2216//3773
f 2262//3774 2089//3774 2264//3774
f 2263//3775 2264//3775 2089//3775
f 2265//3776 2216//3776 2217//3777
f 2265//3778 2263//3778 2216//3778
f 2266//3779 2217//3780 2218//3781
f 2267//3782 2265//3782 2217//3783
f 2268//3784 2217//3785 2266//3784
f 2269//3786 2217//3787 2268//3786
f 2218//3788 2217//3789 2269//3790
f 2218//3791 2267//3792 2217//3793
f 2270//3794 2218//3795 2219//3796
f 2270//3797 2266//3797 2218//3798
f 2271//3799 2219//3800 2215//3799
f 2218//3801 2272//3802 2219//3803
f 2273//3804 2219//3805 2272//3804
f 2273//3806 2270//3806 2219//3807
f 2274//3808 2218//3809 2219//3810
f 2271//3811 2274//3811 2219//3812
f 2238//3813 2271//3813 2215//3813
f 1366//3814 2275//3814 1365//3814
f 2276//3815 1365//3815 2275//3815
f 543//3816 1365//3816 2276//3816
f 2277//3817 2276//3817 2275//3817
f 2278//3818 2275//3818 2279//3818
f 2277//3819 2275//3819 2278//3819
f 2279//3820 2275//3820 2280//3820
f 1366//3821 2280//3821 2275//3821
f 2281//3822 2280//3822 2282//3822
f 2281//3823 2279//3823 2280//3823
f 2283//3824 543//3824 2276//3824
f 2283//3825 2276//3825 2277//3825
f 548//3826 543//3826 2283//3826
f 2284//3827 536//3827 537//3827
f 540//3828 2284//3828 537//3828
f 534//3829 533//3829 535//3829
f 474//3830 1370//3830 467//3830
f 2285//3831 1373//3831 1370//3831
f 2285//3832 1370//3832 474//3832
f 2286//3833 1373//3833 2285//3833
f 2286//3834 1369//3834 1373//3834
f 2287//3835 2280//3835 1366//3835
f 1378//3836 2287//3836 1366//3836
f 2287//3837 2282//3837 2280//3837
f 2288//3838 2282//3838 2287//3838
f 1379//3839 2287//3839 1378//3839
f 2289//3840 2287//3840 1379//3840
f 2290//3841 2287//3841 2289//3841
f 2290//3842 2288//3842 2287//3842
f 2286//3843 1383//3843 1369//3843
f 2291//3844 1384//3844 1383//3844
f 2292//3845 2291//3845 1383//3845
f 2293//3846 1383//3846 2286//3846
f 2292//3847 1383//3847 2293//3847
f 2291//3848 1385//3848 1384//3848
f 2289//3849 1379//3849 1377//3849
f 2291//3850 1382//3850 1385//3850
f 1393//3851 1389//3851 1382//3851
f 2291//3852 1393//3852 1382//3852
f 1388//3853 1392//3853 1377//3853
f 2289//3854 1377//3854 1392//3854
f 2294//3855 2289//3855 1392//3855
f 1391//3856 2294//3856 1392//3856
f 2295//3857 2289//3857 2294//3857
f 2295//3858 2290//3858 2289//3858
f 2296//3859 1393//3859 2291//3859
f 2297//3860 2291//3860 2292//3860
f 2298//3861 2296//3861 2291//3861
f 2297//3862 2298//3862 2291//3862
f 1395//3863 1394//3863 1393//3863
f 2296//3864 1395//3864 1393//3864
f 2294//3865 1391//3865 2299//3865
f 1390//3866 2299//3866 1391//3866
f 2300//3867 2299//3867 1390//3867
f 2300//3868 2294//3868 2299//3868
f 2301//3869 1395//3869 2296//3869
f 1397//3870 1395//3870 2301//3870
f 2302//3871 2300//3871 1390//3871
f 2302//3872 1390//3872 1399//3872
f 2303//3873 1396//3873 1397//3873
f 1400//3874 2304//3874 1399//3874
f 2305//3875 1399//3875 2304//3875
f 2305//3876 2302//3876 1399//3876
f 1644//3877 2304//3877 1400//3877
f 2306//3878 2304//3878 1644//3878
f 2306//3879 2305//3879 2304//3879
f 2303//3880 365//3880 1396//3880
f 1763//3881 1410//3881 1414//3881
f 1419//3882 1763//3882 1414//3882
f 1767//3883 1410//3883 1763//3883
f 1411//3884 1410//3884 1767//3884
f 421//3885 1644//3885 419//3885
f 2306//3886 1644//3886 421//3886
f 2307//3887 2306//3887 421//3887
f 424//3888 2307//3888 421//3888
f 2010//3889 700//3889 701//3889
f 2308//3890 2010//3890 701//3890
f 637//3891 2010//3891 2308//3891
f 2009//3892 637//3892 2308//3892
f 2309//3893 2009//3893 2308//3893
f 2309//3894 1094//3894 2009//3894
f 2310//3895 2014//3895 1127//3895
f 2311//3896 2017//3896 2014//3896
f 2310//3897 2311//3897 2014//3897
f 2018//3898 2017//3898 2311//3898
f 2312//3899 2311//3899 2310//3899
f 2313//3900 2312//3900 2310//3900
f 2314//3901 2311//3901 2312//3901
f 2314//3902 2018//3902 2311//3902
f 2313//3903 2315//3903 2312//3903
f 2316//3904 2317//3904 2315//3904
f 2313//3905 2316//3905 2315//3905
f 2318//3906 2312//3906 2315//3906
f 2319//3907 2318//3907 2315//3907
f 677//3908 2315//3908 2019//3908
f 2317//3909 2019//3909 2315//3909
f 2319//3910 2315//3910 677//3910
f 2319//3911 2312//3911 2318//3911
f 2314//3912 2312//3912 2319//3912
f 2320//3913 2019//3913 2317//3913
f 2320//3914 2032//3914 2019//3914
f 2321//3915 2317//3915 2316//3915
f 2320//3916 2317//3916 2321//3916
f 2321//3917 2322//3917 2320//3917
f 2322//3918 2323//3918 2320//3918
f 2323//3919 2324//3919 2320//3919
f 2032//3920 2320//3920 2325//3920
f 2324//3921 2326//3921 2320//3921
f 2326//3922 2327//3922 2320//3922
f 2328//3923 2329//3923 2320//3923
f 2327//3924 2328//3924 2320//3924
f 2329//3925 2330//3925 2320//3925
f 2330//3926 2331//3926 2320//3926
f 2332//3927 2333//3927 2320//3927
f 2325//3928 2320//3928 2333//3928
f 2331//3929 2332//3929 2320//3929
f 2332//3930 2334//3930 2333//3930
f 2334//3931 2335//3931 2333//3931
f 2336//3932 2333//3932 2335//3932
f 2337//3933 2325//3933 2333//3933
f 2175//3934 2337//3934 2333//3934
f 2175//3935 2333//3935 2336//3935
f 2336//3936 2335//3936 2334//3936
f 2338//3937 2336//3937 2334//3937
f 2339//3938 2334//3938 2332//3938
f 2338//3939 2334//3939 2339//3939
f 2339//3940 2332//3940 2340//3940
f 2340//3941 2332//3941 2331//3941
f 2340//3942 2331//3942 2341//3942
f 2341//3943 2331//3943 2342//3943
f 2342//3944 2331//3944 2330//3944
f 2343//3945 2330//3945 2329//3945
f 2342//3946 2330//3946 2343//3946
f 2344//3947 2329//3947 2328//3947
f 2345//3948 2329//3948 2344//3948
f 2345//3949 2343//3949 2329//3949
f 680//3950 2016//3950 2018//3950
f 2314//3951 680//3951 2018//3951
f 676//3952 2319//3952 677//3952
f 2314//3953 2319//3953 676//3953
f 2314//3954 676//3954 680//3954
f 2032//3955 2325//3955 2031//3955
f 2346//3956 2027//3956 2031//3956
f 2325//3957 2347//3957 2031//3957
f 2346//3958 2031//3958 2347//3958
f 2337//3959 2347//3959 2325//3959
f 2348//3960 2347//3960 2337//3960
f 2349//3961 2347//3961 2348//3961
f 2349//3962 2346//3962 2347//3962
f 2028//3963 2350//3963 2029//3963
f 2030//3964 2029//3964 2350//3964
f 2351//3965 2030//3965 2350//3965
f 2028//3966 2352//3966 2350//3966
f 2352//3967 2353//3967 2350//3967
f 2354//3968 2350//3968 2353//3968
f 2355//3969 2351//3969 2350//3969
f 2354//3970 2355//3970 2350//3970
f 2352//3971 2356//3971 2353//3971
f 2357//3972 2353//3972 2356//3972
f 2354//3973 2353//3973 2357//3973
f 2358//3974 2356//3974 2352//3974
f 2359//3975 2356//3975 2358//3975
f 2357//3976 2356//3976 2359//3976
f 2349//3977 2358//3977 2352//3977
f 2349//3978 2352//3978 2346//3978
f 2027//3979 2352//3979 2028//3979
f 2346//3980 2352//3980 2027//3980
f 2360//3981 2361//3981 2362//3981
f 2363//3982 2362//3982 2361//3982
f 2364//3983 2360//3983 2362//3983
f 2365//3984 2362//3984 2363//3984
f 2366//3985 2362//3985 2365//3985
f 2364//3986 2362//3986 2366//3986
f 2367//3987 2361//3987 2360//3987
f 2368//3988 2367//3988 2360//3988
f 2368//3989 2360//3989 2364//3989
f 2369//3990 2363//3990 2361//3990
f 2370//3991 2363//3991 2369//3991
f 2365//3992 2363//3992 2370//3992
f 2371//3993 2370//3993 2369//3993
f 2372//3994 2370//3994 2371//3994
f 2373//3995 2370//3995 2372//3995
f 2373//3996 2365//3996 2370//3996
f 2374//3997 2372//3997 2371//3997
f 2375//3998 2374//3998 2371//3998
f 2376//3999 2373//3999 2372//3999
f 2374//4000 2376//4000 2372//4000
f 2377//4001 2361//4001 2367//4001
f 2377//4002 2369//4002 2361//4002
f 2378//4003 2367//4003 2368//4003
f 2379//4004 2050//4004 2369//4004
f 2371//4005 2369//4005 2050//4005
f 2377//4006 2379//4006 2369//4006
f 2380//4007 2050//4007 2379//4007
f 2380//4008 2379//4008 2036//4008
f 2380//4009 2381//4009 2050//4009
f 2382//4010 2371//4010 2050//4010
f 2381//4011 2052//4011 2050//4011
f 2053//4012 2382//4012 2050//4012
f 2233//4013 2052//4013 2383//4013
f 2384//4014 2052//4014 2381//4014
f 2383//4015 2052//4015 2384//4015
f 2384//4016 2381//4016 2380//4016
f 2036//4017 2037//4017 2380//4017
f 2384//4018 2380//4018 2037//4018
f 1332//4019 2037//4019 1330//4019
f 2384//4020 2037//4020 1332//4020
f 1326//4021 2036//4021 1324//4021
f 2385//4022 1324//4022 2036//4022
f 2386//4023 2036//4023 2379//4023
f 2385//4024 2036//4024 2386//4024
f 2386//4025 2379//4025 2377//4025
f 2386//4026 2377//4026 2367//4026
f 2378//4027 2386//4027 2367//4027
f 2378//4028 2385//4028 2386//4028
f 1325//4029 1324//4029 2385//4029
f 2387//4030 1325//4030 2385//4030
f 2378//4031 2387//4031 2385//4031
f 2388//4032 2375//4032 2371//4032
f 2388//4033 2371//4033 2382//4033
f 2389//4034 2038//4034 2030//4034
f 2389//4035 2030//4035 2351//4035
f 1332//4036 1330//4036 1329//4036
f 2390//4037 2384//4037 1332//4037
f 2390//4038 1332//4038 1331//4038
f 2391//4039 2383//4039 2384//4039
f 2391//4040 2384//4040 2390//4040
f 2392//4041 2233//4041 2383//4041
f 2392//4042 2383//4042 2391//4042
f 2231//4043 2233//4043 2392//4043
f 2393//4044 2388//4044 2382//4044
f 2053//4045 2393//4045 2382//4045
f 2394//4046 1267//4046 2043//4046
f 2395//4047 1268//4047 1267//4047
f 2396//4048 1267//4048 2394//4048
f 2395//4049 1267//4049 2396//4049
f 2047//4050 2043//4050 2045//4050
f 2394//4051 2043//4051 2047//4051
f 2397//4052 2058//4052 2038//4052
f 2398//4053 2397//4053 2038//4053
f 2389//4054 2398//4054 2038//4054
f 970//4055 977//4055 971//4055
f 2394//4056 2047//4056 2062//4056
f 2399//4057 2057//4057 2055//4057
f 2400//4058 2055//4058 2058//4058
f 2401//4059 2399//4059 2055//4059
f 2400//4060 2401//4060 2055//4060
f 2402//4061 2056//4061 2057//4061
f 2399//4062 2402//4062 2057//4062
f 2063//4063 2041//4063 977//4063
f 2403//4064 2062//4064 2065//4064
f 2404//4065 2394//4065 2062//4065
f 2403//4066 2404//4066 2062//4066
f 2405//4067 2402//4067 2399//4067
f 2405//4068 2056//4068 2402//4068
f 2401//4069 2405//4069 2399//4069
f 2401//4070 2406//4070 2405//4070
f 2056//4071 2405//4071 2406//4071
f 2407//4072 2401//4072 2400//4072
f 2408//4073 2401//4073 2407//4073
f 2408//4074 2406//4074 2401//4074
f 2409//4075 2407//4075 2400//4075
f 2410//4076 2409//4076 2400//4076
f 2411//4077 2410//4077 2400//4077
f 2058//4078 2411//4078 2400//4078
f 2412//4079 2410//4079 2411//4079
f 2413//4080 2409//4080 2410//4080
f 2414//4081 2413//4081 2410//4081
f 2414//4082 2410//4082 2412//4082
f 2415//4083 2411//4083 2416//4083
f 2417//4084 2411//4084 2415//4084
f 2417//4085 2412//4085 2411//4085
f 2416//4086 2411//4086 2058//4086
f 2418//4087 2416//4087 2058//4087
f 2418//4088 2058//4088 2397//4088
f 2419//4089 860//4089 2059//4089
f 2419//4090 857//4090 860//4090
f 2420//4091 2419//4091 2059//4091
f 2063//4092 977//4092 975//4092
f 2420//4093 2059//4093 2063//4093
f 975//4094 2420//4094 2063//4094
f 1260//4095 2421//4095 2422//4095
f 2396//4096 2422//4096 2421//4096
f 2423//4097 1260//4097 2422//4097
f 2404//4098 2422//4098 2396//4098
f 1258//4099 2421//4099 1260//4099
f 2395//4100 2396//4100 2421//4100
f 1258//4101 2395//4101 2421//4101
f 1259//4102 1260//4102 2423//4102
f 2424//4103 2423//4103 2422//4103
f 2425//4104 2422//4104 2404//4104
f 2425//4105 2424//4105 2422//4105
f 2426//4106 1259//4106 2423//4106
f 2424//4107 2426//4107 2423//4107
f 2065//4108 2064//4108 2069//4108
f 2069//4109 2403//4109 2065//4109
f 2406//4110 2408//4110 2056//4110
f 2407//4111 2409//4111 2408//4111
f 2427//4112 2056//4112 2408//4112
f 2428//4113 2429//4113 2430//4113
f 2431//4114 2430//4114 2432//4114
f 2433//4115 2428//4115 2430//4115
f 2433//4116 2430//4116 2431//4116
f 2430//4117 2434//4117 2432//4117
f 2435//4118 2432//4118 2436//4118
f 2435//4119 2437//4119 2432//4119
f 2436//4120 2432//4120 2434//4120
f 2438//4121 2430//4121 2439//4121
f 2440//4122 2435//4122 2436//4122
f 2441//4123 2436//4123 2434//4123
f 2438//4124 2434//4124 2430//4124
f 2442//4125 2441//4125 2434//4125
f 2442//4126 2434//4126 2438//4126
f 2441//4127 2443//4127 2436//4127
f 2444//4128 2440//4128 2436//4128
f 2445//4129 2443//4129 2441//4129
f 2446//4130 2445//4130 2441//4130
f 2446//4131 2441//4131 2442//4131
f 2447//4132 2443//4132 2445//4132
f 2447//4133 2445//4133 2448//4133
f 2449//4134 2444//4134 2436//4134
f 2450//4135 2444//4135 2449//4135
f 2450//4136 2451//4136 2444//4136
f 2452//4137 2449//4137 2453//4137
f 2452//4138 2450//4138 2449//4138
f 2454//4139 2449//4139 2436//4139
f 2453//4140 2449//4140 2454//4140
f 2443//4141 2455//4141 2436//4141
f 2454//4142 2436//4142 2455//4142
f 2456//4143 2455//4143 2443//4143
f 2447//4144 2456//4144 2443//4144
f 2456//4145 2457//4145 2455//4145
f 2458//4146 2454//4146 2455//4146
f 2459//4147 2458//4147 2455//4147
f 2459//4148 2455//4148 2457//4148
f 2460//4149 2453//4149 2454//4149
f 2461//4150 2454//4150 2462//4150
f 2463//4151 2454//4151 2461//4151
f 2463//4152 2460//4152 2454//4152
f 2458//4153 2462//4153 2454//4153
f 2464//4154 2458//4154 2459//4154
f 2465//4155 2461//4155 2462//4155
f 2466//4156 2461//4156 2465//4156
f 2466//4157 2463//4157 2461//4157
f 2467//4158 2462//4158 2458//4158
f 2467//4159 2468//4159 2462//4159
f 2465//4160 2462//4160 2468//4160
f 2469//4161 2467//4161 2458//4161
f 2470//4162 2469//4162 2458//4162
f 2464//4163 2470//4163 2458//4163
f 2471//4164 2465//4164 2468//4164
f 2472//4165 2471//4165 2468//4165
f 2467//4166 2472//4166 2468//4166
f 2473//4167 2471//4167 2472//4167
f 2474//4168 2472//4168 2467//4168
f 2473//4169 2472//4169 2474//4169
f 2475//4170 2471//4170 2473//4170
f 2437//4171 2431//4171 2432//4171
f 2476//4172 2431//4172 2437//4172
f 2477//4173 2431//4173 2476//4173
f 2477//4174 2433//4174 2431//4174
f 2478//4175 2465//4175 2471//4175
f 2478//4176 2466//4176 2465//4176
f 2475//4177 2478//4177 2471//4177
f 2479//4178 2437//4178 2435//4178
f 2476//4179 2437//4179 2479//4179
f 2479//4180 2435//4180 2440//4180
f 2480//4181 2479//4181 2440//4181
f 2481//4182 2440//4182 2444//4182
f 2481//4183 2480//4183 2440//4183
f 2451//4184 2481//4184 2444//4184
f 2482//4185 2453//4185 2460//4185
f 2482//4186 2452//4186 2453//4186
f 2482//4187 2460//4187 2463//4187
f 2483//4188 2463//4188 2466//4188
f 2483//4189 2482//4189 2463//4189
f 2484//4190 2466//4190 2478//4190
f 2484//4191 2483//4191 2466//4191
f 2483//4192 2485//4192 2482//4192
f 2480//4193 2486//4193 2479//4193
f 2480//4194 2284//4194 2486//4194
f 539//4195 2479//4195 2486//4195
f 2487//4196 2284//4196 2480//4196
f 2487//4197 2480//4197 2481//4197
f 2488//4198 2481//4198 2451//4198
f 2488//4199 2487//4199 2481//4199
f 2450//4200 2488//4200 2451//4200
f 2489//4201 2450//4201 2452//4201
f 2482//4202 2489//4202 2452//4202
f 539//4203 2476//4203 2479//4203
f 2477//4204 2476//4204 2490//4204
f 2491//4205 2485//4205 2483//4205
f 2484//4206 2491//4206 2483//4206
f 545//4207 2476//4207 539//4207
f 2490//4208 2476//4208 545//4208
f 2492//4209 2477//4209 2490//4209
f 532//4210 2489//4210 2482//4210
f 2485//4211 532//4211 2482//4211
f 2484//4212 526//4212 2491//4212
f 545//4213 546//4213 2490//4213
f 2492//4214 2490//4214 546//4214
f 2492//4215 546//4215 544//4215
f 2485//4216 2491//4216 530//4216
f 531//4217 2485//4217 530//4217
f 2491//4218 528//4218 530//4218
f 526//4219 528//4219 2491//4219
f 524//4220 528//4220 526//4220
f 531//4221 532//4221 2485//4221
f 535//4222 2488//4222 2450//4222
f 2489//4223 535//4223 2450//4223
f 536//4224 2284//4224 2487//4224
f 2488//4225 536//4225 2487//4225
f 540//4226 2486//4226 2284//4226
f 540//4227 539//4227 2486//4227
f 535//4228 536//4228 2488//4228
f 534//4229 535//4229 2489//4229
f 534//4230 2489//4230 532//4230
f 529//4231 532//4231 531//4231
f 2492//4232 544//4232 548//4232
f 2281//4233 2493//4233 2279//4233
f 2494//4234 2278//4234 2279//4234
f 2495//4235 2277//4235 2278//4235
f 2495//4236 2278//4236 2494//4236
f 2496//4237 2279//4237 2493//4237
f 2494//4238 2279//4238 2496//4238
f 2281//4239 2497//4239 2493//4239
f 2498//4240 2493//4240 2497//4240
f 2498//4241 2496//4241 2493//4241
f 2499//4242 2497//4242 2281//4242
f 2500//4243 2498//4243 2497//4243
f 2501//4244 2500//4244 2497//4244
f 2501//4245 2497//4245 2499//4245
f 2502//4246 2283//4246 2277//4246
f 2495//4247 2502//4247 2277//4247
f 2492//4248 548//4248 2283//4248
f 2492//4249 2283//4249 2503//4249
f 2504//4250 2503//4250 2283//4250
f 2502//4251 2504//4251 2283//4251
f 2505//4252 2285//4252 474//4252
f 476//4253 2505//4253 474//4253
f 2506//4254 2505//4254 476//4254
f 2499//4255 2281//4255 2282//4255
f 2507//4256 2499//4256 2282//4256
f 2290//4257 2282//4257 2288//4257
f 2295//4258 2282//4258 2290//4258
f 2508//4259 2282//4259 2295//4259
f 2508//4260 2507//4260 2282//4260
f 2297//4261 2293//4261 2286//4261
f 2509//4262 2286//4262 2285//4262
f 2510//4263 2297//4263 2286//4263
f 2511//4264 2286//4264 2509//4264
f 2510//4265 2286//4265 2511//4265
f 2297//4266 2292//4266 2293//4266
f 2505//4267 2509//4267 2285//4267
f 2294//4268 2512//4268 2295//4268
f 2300//4269 2512//4269 2294//4269
f 2301//4270 2296//4270 2298//4270
f 2513//4271 2298//4271 2297//4271
f 1397//4272 2301//4272 2298//4272
f 2513//4273 1397//4273 2298//4273
f 2514//4274 2297//4274 2510//4274
f 2514//4275 2513//4275 2297//4275
f 2512//4276 2300//4276 2302//4276
f 2515//4277 2512//4277 2302//4277
f 2515//4278 2302//4278 2305//4278
f 2516//4279 2303//4279 1397//4279
f 2517//4280 1397//4280 2513//4280
f 2516//4281 1397//4281 2517//4281
f 2515//4282 2305//4282 2518//4282
f 2519//4283 2305//4283 2306//4283
f 2520//4284 2519//4284 2306//4284
f 2307//4285 2520//4285 2306//4285
f 2521//4286 2518//4286 2305//4286
f 2521//4287 2305//4287 2519//4287
f 2520//4288 2522//4288 2519//4288
f 2523//4289 2519//4289 2522//4289
f 2523//4290 2521//4290 2519//4290
f 2307//4291 2522//4291 2520//4291
f 424//4292 2522//4292 2307//4292
f 2524//4293 2522//4293 424//4293
f 2523//4294 2522//4294 2524//4294
f 368//4295 2303//4295 2525//4295
f 368//4296 365//4296 2303//4296
f 1604//4297 1603//4297 2526//4297
f 2527//4298 1603//4298 1605//4298
f 2526//4299 1603//4299 2527//4299
f 1606//4300 2527//4300 1605//4300
f 1757//4301 1763//4301 1419//4301
f 1757//4302 1419//4302 1422//4302
f 2524//4303 424//4303 428//4303
f 2528//4304 701//4304 707//4304
f 2528//4305 2308//4305 701//4305
f 2528//4306 2309//4306 2308//4306
f 1091//4307 1094//4307 2309//4307
f 2529//4308 1127//4308 1132//4308
f 2529//4309 2310//4309 1127//4309
f 2529//4310 2313//4310 2310//4310
f 2530//4311 878//4311 881//4311
f 2531//4312 878//4312 2530//4312
f 2532//4313 878//4313 2531//4313
f 2532//4314 879//4314 878//4314
f 2533//4315 2530//4315 881//4315
f 2533//4316 881//4316 885//4316
f 2532//4317 2531//4317 2530//4317
f 2534//4318 2530//4318 2533//4318
f 2534//4319 2532//4319 2530//4319
f 2534//4320 2533//4320 885//4320
f 884//4321 2534//4321 885//4321
f 2535//4322 2366//4322 2365//4322
f 2536//4323 2365//4323 2373//4323
f 2536//4324 2535//4324 2365//4324
f 2535//4325 2364//4325 2366//4325
f 2374//4326 2373//4326 2376//4326
f 2536//4327 2373//4327 2374//4327
f 2368//4328 2364//4328 2535//4328
f 2536//4329 2374//4329 2375//4329
f 2537//4330 2389//4330 2351//4330
f 2538//4331 2537//4331 2351//4331
f 2539//4332 2538//4332 2351//4332
f 2416//4333 2539//4333 2351//4333
f 2375//4334 2378//4334 2368//4334
f 2418//4335 2397//4335 2398//4335
f 2540//4336 2398//4336 2389//4336
f 2418//4337 2398//4337 2540//4337
f 2540//4338 2389//4338 2537//4338
f 2541//4339 2540//4339 2537//4339
f 2541//4340 2537//4340 2538//4340
f 2541//4341 2538//4341 2539//4341
f 2542//4342 2539//4342 2416//4342
f 2541//4343 2539//4343 2542//4343
f 2418//4344 2542//4344 2416//4344
f 2351//4345 2543//4345 2416//4345
f 2543//4346 2544//4346 2416//4346
f 2544//4347 2545//4347 2416//4347
f 2545//4348 2546//4348 2416//4348
f 2547//4349 2415//4349 2416//4349
f 2358//4350 2547//4350 2416//4350
f 2359//4351 2358//4351 2416//4351
f 2546//4352 2359//4352 2416//4352
f 2548//4353 2415//4353 2547//4353
f 2417//4354 2415//4354 2548//4354
f 2549//4355 2548//4355 2547//4355
f 2550//4356 2551//4356 2547//4356
f 2549//4357 2547//4357 2551//4357
f 2358//4358 2550//4358 2547//4358
f 2552//4359 2553//4359 2551//4359
f 2554//4360 2551//4360 2553//4360
f 2550//4361 2552//4361 2551//4361
f 2555//4362 2553//4362 2552//4362
f 2554//4363 2553//4363 2555//4363
f 2555//4364 2552//4364 2556//4364
f 2556//4365 2552//4365 2550//4365
f 2557//4366 2550//4366 2358//4366
f 2557//4367 2358//4367 2349//4367
f 2546//4368 2357//4368 2359//4368
f 2354//4369 2357//4369 2558//4369
f 2558//4370 2357//4370 2546//4370
f 2545//4371 2559//4371 2546//4371
f 2560//4372 2546//4372 2559//4372
f 2558//4373 2546//4373 2560//4373
f 2561//4374 2559//4374 2545//4374
f 2562//4375 2559//4375 2561//4375
f 2560//4376 2559//4376 2562//4376
f 2561//4377 2545//4377 2544//4377
f 2563//4378 2544//4378 2543//4378
f 2561//4379 2544//4379 2563//4379
f 2563//4380 2543//4380 2351//4380
f 2563//4381 2351//4381 2564//4381
f 2564//4382 2351//4382 2355//4382
f 2565//4383 1325//4383 2387//4383
f 1323//4384 1325//4384 2565//4384
f 1323//4385 1322//4385 1325//4385
f 2566//4386 2387//4386 2378//4386
f 2565//4387 2387//4387 2566//4387
f 2566//4388 2378//4388 2375//4388
f 2566//4389 2375//4389 2388//4389
f 2565//4390 2566//4390 2388//4390
f 2567//4391 2565//4391 2388//4391
f 2567//4392 2388//4392 2390//4392
f 2567//4393 2390//4393 1331//4393
f 1333//4394 2567//4394 1331//4394
f 2388//4395 2391//4395 2390//4395
f 2568//4396 2388//4396 2393//4396
f 2053//4397 2569//4397 2393//4397
f 2570//4398 2393//4398 2569//4398
f 2571//4399 2568//4399 2393//4399
f 2570//4400 2571//4400 2393//4400
f 2056//4401 2569//4401 2053//4401
f 2570//4402 2569//4402 2572//4402
f 2573//4403 2572//4403 2569//4403
f 2574//4404 2569//4405 2056//4405
f 2575//4406 2569//4406 2574//4407
f 2575//4408 2573//4408 2569//4408
f 2395//4409 1261//4409 1268//4409
f 1258//4410 1261//4410 2395//4410
f 2576//4411 991//4411 993//4411
f 2577//4412 2576//4412 993//4412
f 2577//4413 993//4413 995//4413
f 987//4414 991//4414 2576//4414
f 2578//4415 987//4415 2576//4415
f 2579//4416 2578//4416 2576//4416
f 2579//4417 2576//4417 2577//4417
f 2404//4418 2396//4418 2394//4418
f 988//4419 987//4419 2578//4419
f 988//4420 2578//4420 2579//4420
f 2426//4421 2580//4421 1259//4421
f 2581//4422 1259//4422 2580//4422
f 2581//4423 1255//4423 1259//4423
f 2582//4424 2580//4424 2426//4424
f 2583//4425 2580//4425 2582//4425
f 2583//4426 2581//4426 2580//4426
f 2584//4427 2426//4427 2424//4427
f 2582//4428 2426//4428 2584//4428
f 2585//4429 2404//4429 2403//4429
f 2585//4430 2425//4430 2404//4430
f 2069//4431 2585//4431 2403//4431
f 2586//4432 2419//4432 2420//4432
f 2586//4433 857//4433 2419//4433
f 982//4434 2420//4434 975//4434
f 2587//4435 2424//4435 2425//4435
f 2587//4436 2584//4436 2424//4436
f 2588//4437 2425//4437 2585//4437
f 2589//4438 2425//4438 2588//4438
f 2589//4439 2587//4439 2425//4439
f 2590//4440 2588//4440 2585//4440
f 2590//4441 2585//4441 2069//4441
f 2071//4442 2588//4442 2590//4442
f 2071//4443 2589//4443 2588//4443
f 2071//4444 2590//4444 2069//4444
f 2591//4445 2427//4445 2408//4445
f 2409//4446 2592//4446 2408//4446
f 2592//4447 2409//4447 2413//4447
f 2593//4448 2594//4448 2595//4448
f 2596//4449 2595//4449 2594//4449
f 2428//4450 2595//4450 2429//4450
f 2597//4451 2429//4451 2595//4451
f 2430//4452 2429//4452 2597//4452
f 2597//4453 2595//4453 2596//4453
f 2594//4454 2598//4454 2596//4454
f 2599//4455 2596//4455 2598//4455
f 2598//4456 2594//4456 2600//4456
f 2439//4457 2430//4457 2597//4457
f 2601//4458 2597//4458 2596//4458
f 2602//4459 2597//4459 2601//4459
f 2602//4460 2439//4460 2597//4460
f 2599//4461 2601//4461 2596//4461
f 2603//4462 2602//4462 2601//4462
f 2603//4463 2601//4463 2604//4463
f 2605//4464 2439//4464 2602//4464
f 2606//4465 2439//4465 2605//4465
f 2606//4466 2438//4466 2439//4466
f 2607//4467 2438//4467 2606//4467
f 2607//4468 2442//4468 2438//4468
f 2608//4469 2605//4469 2602//4469
f 2608//4470 2602//4470 2603//4470
f 2609//4471 2606//4471 2605//4471
f 2608//4472 2609//4472 2605//4472
f 2610//4473 2611//4473 2612//4473
f 2613//4474 2610//4474 2612//4474
f 2614//4475 2612//4475 2611//4475
f 2467//4476 2611//4476 2610//4476
f 2469//4477 2611//4477 2467//4477
f 2615//4478 2467//4478 2610//4478
f 2616//4479 2614//4479 2611//4479
f 2469//4480 2616//4480 2611//4480
f 2617//4481 2613//4481 2612//4481
f 2618//4482 2612//4482 2614//4482
f 2619//4483 2617//4483 2612//4483
f 2618//4484 2619//4484 2612//4484
f 2613//4485 2620//4485 2610//4485
f 2474//4486 2467//4486 2615//4486
f 2621//4487 2474//4487 2615//4487
f 2622//4488 2615//4488 2610//4488
f 2620//4489 2622//4489 2610//4489
f 2620//4490 2623//4490 2622//4490
f 2624//4491 2622//4491 2623//4491
f 2624//4492 2623//4492 2625//4492
f 2626//4493 2625//4493 2623//4493
f 2620//4494 2626//4494 2623//4494
f 2627//4495 2594//4495 2593//4495
f 2628//4496 2607//4496 2606//4496
f 2628//4497 2606//4497 2629//4497
f 2609//4498 2629//4498 2606//4498
f 2470//4499 2616//4499 2469//4499
f 2630//4500 2616//4500 2470//4500
f 2630//4501 2614//4501 2616//4501
f 2464//4502 2630//4502 2470//4502
f 2631//4503 2614//4503 2630//4503
f 2632//4504 2614//4504 2631//4504
f 2633//4505 2614//4505 2632//4505
f 2634//4506 2614//4506 2633//4506
f 2618//4507 2614//4507 2634//4507
f 2635//4508 2630//4508 2464//4508
f 2631//4509 2630//4509 2635//4509
f 2621//4510 2615//4510 2622//4510
f 2636//4511 2621//4511 2622//4511
f 2637//4512 2622//4512 2638//4512
f 2637//4513 2636//4513 2622//4513
f 2639//4514 2442//4514 2607//4514
f 2639//4515 2446//4515 2442//4515
f 2628//4516 2639//4516 2607//4516
f 2640//4517 2446//4517 2639//4517
f 2640//4518 2445//4518 2446//4518
f 2641//4519 2640//4519 2639//4519
f 2642//4520 2639//4520 2628//4520
f 2641//4521 2639//4521 2642//4521
f 2448//4522 2445//4522 2640//4522
f 2447//4523 2448//4523 2640//4523
f 2643//4524 2447//4524 2640//4524
f 2644//4525 2640//4525 2641//4525
f 2643//4526 2640//4526 2644//4526
f 2645//4527 2459//4527 2457//4527
f 2646//4528 2645//4528 2457//4528
f 2456//4529 2646//4529 2457//4529
f 2635//4530 2459//4530 2645//4530
f 2635//4531 2464//4531 2459//4531
f 2647//4532 2645//4532 2646//4532
f 2648//4533 2635//4533 2645//4533
f 2648//4534 2645//4534 2647//4534
f 2643//4535 2646//4535 2456//4535
f 2647//4536 2646//4536 2649//4536
f 2643//4537 2649//4537 2646//4537
f 2643//4538 2456//4538 2447//4538
f 2631//4539 2635//4539 2648//4539
f 2621//4540 2473//4540 2474//4540
f 2593//4541 2595//4541 2428//4541
f 2593//4542 2428//4542 2433//4542
f 2636//4543 2473//4543 2621//4543
f 2636//4544 2475//4544 2473//4544
f 2650//4545 2433//4545 2477//4545
f 2650//4546 2593//4546 2433//4546
f 2651//4547 2593//4547 2650//4547
f 2652//4548 2593//4548 2651//4548
f 2653//4549 2484//4549 2478//4549
f 2654//4550 2478//4550 2475//4550
f 2655//4551 2475//4551 2636//4551
f 2654//4552 2653//4552 2478//4552
f 2503//4553 2504//4553 2650//4553
f 2651//4554 2650//4554 2504//4554
f 2492//4555 2503//4555 2650//4555
f 2492//4556 2650//4556 2477//4556
f 525//4557 526//4557 2484//4557
f 2653//4558 525//4558 2484//4558
f 2653//4559 522//4559 525//4559
f 523//4560 522//4560 2653//4560
f 523//4561 2653//4561 2654//4561
f 2656//4562 2651//4562 2504//4562
f 521//4563 525//4563 522//4563
f 2495//4564 2504//4564 2502//4564
f 2656//4565 2504//4565 2495//4565
f 2657//4566 2496//4566 2498//4566
f 2657//4567 2494//4567 2496//4567
f 2657//4568 2498//4568 2658//4568
f 2659//4569 2658//4569 2498//4569
f 2659//4570 2498//4570 2500//4570
f 2660//4571 2500//4571 2501//4571
f 2661//4572 2495//4572 2494//4572
f 2662//4573 2661//4573 2494//4573
f 2662//4574 2494//4574 2657//4574
f 2656//4575 2495//4575 2663//4575
f 2661//4576 2663//4576 2495//4576
f 2664//4577 476//4577 475//4577
f 2665//4578 2506//4578 476//4578
f 2664//4579 2665//4579 476//4579
f 2666//4580 2501//4580 2499//4580
f 2508//4581 2499//4581 2507//4581
f 2667//4582 2499//4582 2508//4582
f 2668//4583 2499//4583 2667//4583
f 2668//4584 2666//4584 2499//4584
f 2669//4585 2660//4585 2501//4585
f 2666//4586 2669//4586 2501//4586
f 2514//4587 2511//4587 2509//4587
f 2670//4588 2509//4588 2505//4588
f 2671//4589 2514//4589 2509//4589
f 2672//4590 2509//4590 2670//4590
f 2671//4591 2509//4591 2672//4591
f 2514//4592 2510//4592 2511//4592
f 2670//4593 2505//4593 2506//4593
f 2667//4594 2508//4594 2295//4594
f 2667//4595 2295//4595 2512//4595
f 2673//4596 2667//4596 2512//4596
f 2515//4597 2673//4597 2512//4597
f 2517//4598 2513//4598 2674//4598
f 2674//4599 2513//4599 2514//4599
f 2675//4600 2514//4600 2671//4600
f 2676//4601 2674//4601 2514//4601
f 2675//4602 2676//4602 2514//4602
f 2516//4603 2517//4603 2674//4603
f 2673//4604 2515//4604 2518//4604
f 2677//4605 2673//4605 2518//4605
f 2521//4606 2677//4606 2518//4606
f 2525//4607 2303//4607 2516//4607
f 2678//4608 2525//4608 2516//4608
f 2679//4609 2516//4609 2674//4609
f 2678//4610 2516//4610 2679//4610
f 2680//4611 2681//4611 2682//4611
f 2683//4612 2682//4612 2681//4612
f 2684//4613 2680//4613 2682//4613
f 2685//4614 2682//4614 2683//4614
f 2686//4615 2682//4615 2685//4615
f 2684//4616 2682//4616 2686//4616
f 2687//4617 2683//4617 2681//4617
f 1601//4618 2687//4618 2681//4618
f 2688//4619 1601//4619 2681//4619
f 2680//4620 2688//4620 2681//4620
f 1600//4621 2680//4621 2684//4621
f 2689//4622 2683//4622 2687//4622
f 2685//4623 2683//4623 2689//4623
f 2690//4624 2689//4624 2687//4624
f 1602//4625 2690//4625 2687//4625
f 1602//4626 2687//4626 1601//4626
f 2691//4627 2689//4627 2690//4627
f 2692//4628 2689//4628 2691//4628
f 2693//4629 2685//4629 2689//4629
f 2692//4630 2693//4630 2689//4630
f 2694//4631 2691//4631 2690//4631
f 1604//4632 2694//4632 2690//4632
f 1604//4633 2690//4633 1602//4633
f 2695//4634 2691//4634 2694//4634
f 2526//4635 2695//4635 2694//4635
f 2526//4636 2694//4636 1604//4636
f 2696//4637 2691//4637 2695//4637
f 2697//4638 2691//4638 2696//4638
f 2692//4639 2691//4639 2697//4639
f 2698//4640 2696//4640 2695//4640
f 2527//4641 2698//4641 2695//4641
f 2527//4642 2695//4642 2526//4642
f 2699//4643 2696//4643 2698//4643
f 2700//4644 2696//4644 2699//4644
f 2700//4645 2697//4645 2696//4645
f 2701//4646 2699//4646 2698//4646
f 1606//4647 2701//4647 2698//4647
f 1606//4648 2698//4648 2527//4648
f 2702//4649 2699//4649 2701//4649
f 2700//4650 2699//4650 2702//4650
f 2703//4651 2702//4651 2701//4651
f 1607//4652 2703//4652 2701//4652
f 1607//4653 2701//4653 1606//4653
f 2704//4654 2702//4654 2703//4654
f 2705//4655 2702//4655 2704//4655
f 2706//4656 2700//4656 2702//4656
f 2705//4657 2706//4657 2702//4657
f 2707//4658 2704//4658 2703//4658
f 2708//4659 2703//4659 1607//4659
f 2707//4660 2703//4660 2708//4660
f 2707//4661 2705//4661 2704//4661
f 1599//4662 1601//4662 2688//4662
f 1600//4663 2688//4663 2680//4663
f 1600//4664 1599//4664 2688//4664
f 1608//4665 2708//4665 1607//4665
f 2708//4666 1608//4666 1610//4666
f 1750//4667 1757//4667 1422//4667
f 1743//4668 1750//4668 1422//4668
f 1743//4669 1422//4669 1426//4669
f 2709//4670 428//4670 426//4670
f 2710//4671 2524//4671 428//4671
f 2709//4672 2710//4672 428//4672
f 2711//4673 2709//4673 426//4673
f 430//4674 2711//4674 426//4674
f 2710//4675 2523//4675 2524//4675
f 2712//4676 2713//4676 1769//4676
f 1801//4677 1769//4677 2713//4677
f 1802//4678 2712//4678 1769//4678
f 1800//4679 1801//4679 2713//4679
f 2714//4680 1800//4680 2713//4680
f 1984//4681 2714//4681 2713//4681
f 2712//4682 1984//4682 2713//4682
f 1986//4683 1799//4683 1800//4683
f 1985//4684 1986//4684 1800//4684
f 2714//4685 1985//4685 1800//4685
f 1987//4686 1799//4686 1986//4686
f 1798//4687 1799//4687 1987//4687
f 1988//4688 1797//4688 1798//4688
f 1989//4689 1988//4689 1798//4689
f 1987//4690 1989//4690 1798//4690
f 1795//4691 1797//4691 1988//4691
f 1990//4692 1795//4692 1988//4692
f 1959//4693 1990//4693 1988//4693
f 1990//4694 1796//4694 1795//4694
f 1990//4695 1991//4695 1796//4695
f 1831//4696 2714//4696 1984//4696
f 1985//4697 2714//4697 1831//4697
f 710//4698 2528//4698 707//4698
f 2715//4699 2309//4699 2528//4699
f 2716//4700 2715//4700 2528//4700
f 2716//4701 2528//4701 710//4701
f 1090//4702 2309//4702 2715//4702
f 1090//4703 1091//4703 2309//4703
f 1134//4704 1139//4704 1132//4704
f 2529//4705 1132//4705 1139//4705
f 2717//4706 2529//4706 1139//4706
f 2717//4707 1139//4707 2718//4707
f 2719//4708 2313//4708 2529//4708
f 2717//4709 2719//4709 2529//4709
f 2316//4710 2313//4710 2720//4710
f 2719//4711 2720//4711 2313//4711
f 2322//4712 2316//4712 2720//4712
f 2322//4713 2321//4713 2316//4713
f 2721//4714 879//4714 2532//4714
f 2721//4715 2532//4715 2534//4715
f 2722//4716 2534//4716 884//4716
f 2722//4717 2721//4717 2534//4717
f 886//4718 2722//4718 884//4718
f 2368//4719 2535//4719 2536//4719
f 2375//4720 2368//4720 2536//4720
f 2723//4721 2565//4721 2567//4721
f 2724//4722 1323//4722 2565//4722
f 2723//4723 2724//4723 2565//4723
f 1333//4724 2723//4724 2567//4724
f 2568//4725 2391//4725 2388//4725
f 2568//4726 2392//4726 2391//4726
f 2724//4727 1320//4727 1323//4727
f 2723//4728 1320//4728 2724//4728
f 1321//4729 1320//4729 2723//4729
f 1321//4730 2723//4730 1333//4730
f 2541//4731 2542//4731 2540//4731
f 2542//4732 2418//4732 2540//4732
f 2571//4733 2231//4733 2392//4733
f 2571//4734 2392//4734 2568//4734
f 2232//4735 2231//4735 2571//4735
f 2573//4736 2230//4736 2232//4736
f 2572//4737 2232//4737 2571//4737
f 2573//4738 2232//4738 2572//4738
f 2570//4739 2572//4739 2571//4739
f 2725//4740 2577//4740 995//4740
f 2726//4741 2725//4741 995//4741
f 998//4742 2726//4742 995//4742
f 2725//4743 2579//4743 2577//4743
f 2427//4744 2574//4745 2056//4744
f 2727//4746 988//4746 2579//4746
f 2728//4747 2579//4747 2725//4747
f 2728//4748 2727//4748 2579//4748
f 2427//4749 2729//4750 2574//4751
f 2575//4752 2574//4753 2729//4754
f 2575//4752 2729//4755 2427//4752
f 2575//4756 2427//4756 2730//4757
f 2427//4758 2731//4759 2730//4760
f 2732//4761 2730//4762 2731//4763
f 2732//4764 2575//4764 2730//4765
f 2733//4766 2731//4767 2427//4768
f 2733//4769 2427//4770 2591//4770
f 2412//4771 2591//4771 2408//4771
f 989//4772 988//4772 2727//4772
f 2734//4773 854//4773 857//4773
f 2735//4774 2734//4774 857//4774
f 2735//4775 857//4775 2586//4775
f 2736//4776 854//4776 2734//4776
f 2737//4777 2734//4777 2735//4777
f 2736//4778 2734//4778 2737//4778
f 2738//4779 2735//4779 2586//4779
f 2738//4780 2586//4780 2420//4780
f 2737//4781 2735//4781 2738//4781
f 2739//4782 2738//4782 2420//4782
f 2739//4783 2420//4783 982//4783
f 2740//4784 2738//4784 2739//4784
f 2737//4785 2738//4785 2740//4785
f 980//4786 2739//4786 982//4786
f 2741//4787 2739//4787 980//4787
f 2741//4788 2740//4788 2739//4788
f 2741//4789 980//4789 984//4789
f 2587//4790 2742//4790 2584//4790
f 2582//4791 2584//4791 2742//4791
f 2743//4792 2582//4792 2742//4792
f 2744//4793 2742//4793 2587//4793
f 2745//4794 2743//4794 2742//4794
f 2746//4795 2745//4795 2742//4795
f 2746//4796 2742//4796 2744//4796
f 2747//4797 2587//4797 2589//4797
f 2747//4798 2589//4798 2071//4798
f 2748//4799 2587//4799 2747//4799
f 2748//4800 2744//4800 2587//4800
f 2075//4801 2747//4801 2071//4801
f 2748//4802 2747//4802 2075//4802
f 2598//4803 2600//4803 2749//4803
f 2750//4804 2749//4804 2600//4804
f 2594//4805 2751//4805 2600//4805
f 984//4806 2598//4806 2749//4806
f 984//4807 2752//4807 2598//4807
f 2741//4808 2749//4808 2753//4808
f 2750//4809 2753//4809 2749//4809
f 2754//4810 2753//4810 2750//4810
f 2741//4811 2753//4811 2740//4811
f 2754//4812 2740//4812 2753//4812
f 2600//4813 2755//4813 2750//4813
f 2754//4814 2750//4814 2755//4814
f 2600//4815 2756//4815 2755//4815
f 2756//4816 2757//4816 2755//4816
f 2758//4817 2755//4817 2757//4817
f 2754//4818 2755//4818 2758//4818
f 2756//4819 2759//4819 2757//4819
f 2760//4820 2757//4820 2759//4820
f 2760//4821 2758//4821 2757//4821
f 2756//4822 2761//4822 2759//4822
f 2762//4823 2759//4823 2761//4823
f 2763//4824 2760//4824 2759//4824
f 2764//4825 2759//4825 2762//4825
f 2765//4826 2759//4826 2764//4826
f 2763//4827 2759//4827 2765//4827
f 2766//4828 2761//4828 2767//4828
f 2756//4829 2767//4829 2761//4829
f 2766//4830 2762//4830 2761//4830
f 2768//4831 2766//4831 2767//4831
f 2769//4832 2767//4832 2756//4832
f 2768//4833 2767//4833 2769//4833
f 2770//4834 2598//4834 2752//4834
f 2771//4835 2598//4835 2770//4835
f 2771//4836 2599//4836 2598//4836
f 2770//4837 2752//4837 2772//4837
f 2773//4838 2772//4838 2752//4838
f 2774//4839 2626//4839 2620//4839
f 2774//4840 2775//4840 2626//4840
f 2776//4841 2774//4841 2620//4841
f 2777//4842 2626//4842 2775//4842
f 2778//4843 2774//4843 2776//4843
f 2582//4844 2626//4844 2779//4844
f 2780//4845 2625//4845 2626//4845
f 2743//4846 2780//4846 2626//4846
f 2582//4847 2743//4847 2626//4847
f 2745//4848 2780//4848 2743//4848
f 2781//4849 2782//4849 2780//4849
f 2745//4850 2781//4850 2780//4850
f 2638//4851 2780//4851 2782//4851
f 2783//4852 2782//4852 2784//4852
f 2785//4853 2784//4853 2782//4853
f 2786//4854 2785//4854 2782//4854
f 2781//4855 2786//4855 2782//4855
f 2787//4856 2783//4856 2784//4856
f 2788//4857 2787//4857 2784//4857
f 2788//4858 2784//4858 2789//4858
f 2790//4859 2784//4859 2785//4859
f 2789//4860 2784//4860 2790//4860
f 2790//4861 2785//4861 2791//4861
f 2792//4862 2793//4862 2785//4862
f 2791//4863 2785//4863 2793//4863
f 2786//4864 2792//4864 2785//4864
f 2794//4865 2795//4865 2793//4865
f 2796//4866 2793//4866 2795//4866
f 2792//4867 2794//4867 2793//4867
f 2796//4868 2791//4868 2793//4868
f 2794//4869 2797//4869 2795//4869
f 2798//4870 2796//4870 2795//4870
f 2797//4871 2799//4871 2795//4871
f 2798//4872 2795//4872 2799//4872
f 2800//4873 2798//4873 2799//4873
f 2801//4874 2800//4874 2799//4874
f 2797//4875 2802//4875 2799//4875
f 2802//4876 2801//4876 2799//4876
f 2797//4877 2803//4877 2802//4877
f 2797//4878 2804//4878 2803//4878
f 2805//4879 2806//4879 2803//4879
f 2804//4880 2805//4880 2803//4880
f 2805//4881 2807//4881 2806//4881
f 2808//4882 2806//4882 2807//4882
f 2809//4883 2803//4883 2806//4883
f 2810//4884 2809//4884 2806//4884
f 2808//4885 2810//4885 2806//4885
f 2805//4886 2811//4886 2807//4886
f 2812//4887 2807//4887 2811//4887
f 2813//4888 2808//4888 2807//4888
f 2813//4889 2807//4889 2812//4889
f 2814//4890 2815//4890 2811//4890
f 2812//4891 2811//4891 2815//4891
f 2805//4892 2814//4892 2811//4892
f 2816//4893 2817//4893 2815//4893
f 2818//4894 2815//4894 2817//4894
f 2814//4895 2816//4895 2815//4895
f 2818//4896 2812//4896 2815//4896
f 2818//4897 2817//4897 2816//4897
f 2819//4898 2820//4898 2816//4898
f 2814//4899 2819//4899 2816//4899
f 2821//4900 2816//4900 2820//4900
f 2814//4901 2822//4901 2819//4901
f 2823//4902 2819//4902 2822//4902
f 2824//4903 2819//4903 2823//4903
f 2825//4904 2819//4904 1219//4904
f 2824//4905 1219//4905 2819//4905
f 2826//4906 2822//4906 2814//4906
f 2827//4907 2822//4907 2826//4907
f 2827//4908 2823//4908 2822//4908
f 2826//4909 2814//4909 2805//4909
f 2804//4910 2828//4910 2805//4910
f 2829//4911 2805//4911 2828//4911
f 2826//4912 2805//4912 2829//4912
f 2830//4913 2828//4913 2804//4913
f 2831//4914 2828//4914 2830//4914
f 2831//4915 2829//4915 2828//4915
f 2830//4916 2804//4916 2797//4916
f 2830//4917 2797//4917 2832//4917
f 2833//4918 2797//4918 2834//4918
f 2835//4919 2797//4919 2833//4919
f 2832//4920 2797//4920 2835//4920
f 2834//4921 2797//4921 2794//4921
f 2836//4922 2794//4922 2792//4922
f 2837//4923 2794//4923 2836//4923
f 2838//4924 2794//4924 2837//4924
f 2834//4925 2794//4925 2838//4925
f 2836//4926 2792//4926 2786//4926
f 2839//4927 2786//4927 2781//4927
f 2840//4928 2786//4928 2839//4928
f 2841//4929 2786//4929 2840//4929
f 2842//4930 2786//4930 2841//4930
f 2836//4931 2786//4931 2842//4931
f 2839//4932 2781//4932 2745//4932
f 2843//4933 2745//4933 2746//4933
f 2844//4934 2745//4934 2843//4934
f 2839//4935 2745//4935 2844//4935
f 2845//4936 2599//4936 2771//4936
f 2845//4937 2601//4937 2599//4937
f 2846//4938 2845//4938 2771//4938
f 2613//4939 2776//4939 2620//4939
f 2638//4940 2625//4940 2780//4940
f 2756//4941 2600//4941 2751//4941
f 2604//4942 2601//4942 2845//4942
f 2603//4943 2604//4943 2845//4943
f 2847//4944 2845//4944 2846//4944
f 2603//4945 2845//4945 2847//4945
f 2628//4946 2629//4946 2642//4946
f 2848//4947 2642//4947 2629//4947
f 2848//4948 2849//4948 2642//4948
f 2609//4949 2848//4949 2629//4949
f 2850//4950 2641//4950 2642//4950
f 2849//4951 2850//4951 2642//4951
f 2647//4952 2644//4952 2641//4952
f 2850//4953 2647//4953 2641//4953
f 2647//4954 2649//4954 2644//4954
f 2643//4955 2644//4955 2649//4955
f 2648//4956 2647//4956 2850//4956
f 2632//4957 2850//4957 2849//4957
f 2631//4958 2648//4958 2850//4958
f 2632//4959 2631//4959 2850//4959
f 2633//4960 2632//4960 2849//4960
f 2848//4961 2851//4961 2849//4961
f 2852//4962 2849//4962 2851//4962
f 2852//4963 2633//4963 2849//4963
f 2848//4964 2847//4964 2851//4964
f 2619//4965 2852//4965 2851//4965
f 2846//4966 2853//4966 2851//4966
f 2776//4967 2851//4967 2853//4967
f 2847//4968 2846//4968 2851//4968
f 2617//4969 2851//4969 2776//4969
f 2619//4970 2851//4970 2617//4970
f 2854//4971 2855//4971 2853//4971
f 2856//4972 2854//4972 2853//4972
f 2857//4973 2856//4973 2853//4973
f 2858//4974 2857//4974 2853//4974
f 2859//4975 2858//4975 2853//4975
f 2860//4976 2859//4976 2853//4976
f 2861//4977 2860//4977 2853//4977
f 2846//4978 2861//4978 2853//4978
f 2776//4979 2853//4979 2778//4979
f 2862//4980 2863//4980 2853//4980
f 2778//4981 2853//4981 2863//4981
f 2864//4982 2862//4982 2853//4982
f 2855//4983 2864//4983 2853//4983
f 2865//4984 2866//4984 2863//4984
f 2867//4985 2863//4985 2866//4985
f 2868//4986 2865//4986 2863//4986
f 2862//4987 2868//4987 2863//4987
f 2778//4988 2863//4988 2867//4988
f 2869//4989 2870//4989 2866//4989
f 2871//4990 2866//4990 2870//4990
f 2865//4991 2869//4991 2866//4991
f 2871//4992 2867//4992 2866//4992
f 2869//4993 2872//4993 2870//4993
f 2873//4994 2870//4994 2872//4994
f 2871//4995 2870//4995 2874//4995
f 2875//4996 2874//4996 2870//4996
f 2873//4997 2875//4997 2870//4997
f 2869//4998 2876//4998 2872//4998
f 2873//4999 2872//4999 2876//4999
f 2877//5000 2878//5000 2876//5000
f 2879//5001 2876//5001 2878//5001
f 2869//5002 2877//5002 2876//5002
f 2879//5003 2873//5003 2876//5003
f 2880//5004 2881//5004 2878//5004
f 2882//5005 2878//5005 2881//5005
f 2877//5006 2880//5006 2878//5006
f 2882//5007 2879//5007 2878//5007
f 2883//5008 2882//5008 2881//5008
f 2884//5009 2885//5009 2881//5009
f 2886//5010 2881//5010 2885//5010
f 2880//5011 2884//5011 2881//5011
f 2886//5012 2883//5012 2881//5012
f 2887//5013 2888//5013 2885//5013
f 2889//5014 2885//5014 2888//5014
f 2890//5015 2887//5015 2885//5015
f 2884//5016 2890//5016 2885//5016
f 2889//5017 2886//5017 2885//5017
f 2891//5018 2888//5018 2887//5018
f 2891//5019 2889//5019 2888//5019
f 2892//5020 2887//5020 2893//5020
f 2893//5021 2887//5021 2894//5021
f 2894//5022 2895//5022 2893//5022
f 2890//5023 2894//5023 2887//5023
f 2896//5024 2891//5024 2887//5024
f 2892//5025 2896//5025 2887//5025
f 2897//5026 2892//5026 2893//5026
f 2898//5027 2897//5027 2893//5027
f 2899//5028 2900//5028 2893//5028
f 2898//5029 2893//5029 2900//5029
f 2895//5030 2899//5030 2893//5030
f 2899//5031 2901//5031 2900//5031
f 2901//5032 2902//5032 2900//5032
f 2903//5033 2900//5033 2902//5033
f 2904//5034 2898//5034 2900//5034
f 2903//5035 2904//5035 2900//5035
f 2901//5036 2905//5036 2902//5036
f 2906//5037 2907//5037 2902//5037
f 2908//5038 2902//5038 2907//5038
f 2903//5039 2902//5039 2908//5039
f 2905//5040 2909//5040 2902//5040
f 2906//5041 2902//5041 2909//5041
f 2905//5042 2910//5042 2909//5042
f 2906//5043 2909//5043 2911//5043
f 2910//5044 2912//5044 2909//5044
f 2913//5045 2909//5045 2912//5045
f 2911//5046 2909//5046 2913//5046
f 2914//5047 2915//5047 2912//5047
f 2916//5048 2912//5048 2915//5048
f 2910//5049 2914//5049 2912//5049
f 2913//5050 2912//5050 2916//5050
f 2917//5051 2918//5051 2915//5051
f 2919//5052 2915//5052 2918//5052
f 2914//5053 2917//5053 2915//5053
f 2916//5054 2915//5054 2919//5054
f 2920//5055 2918//5055 2917//5055
f 2919//5056 2918//5056 2920//5056
f 2921//5057 2917//5057 2914//5057
f 2920//5058 2917//5058 2921//5058
f 2922//5059 2914//5059 2910//5059
f 2921//5060 2914//5060 2922//5060
f 2923//5061 2922//5061 2910//5061
f 2924//5062 2910//5062 2905//5062
f 2923//5063 2910//5063 2924//5063
f 2924//5064 2905//5064 2925//5064
f 2926//5065 2905//5065 2901//5065
f 2925//5066 2905//5066 2926//5066
f 2927//5067 2928//5067 2901//5067
f 2929//5068 2927//5068 2901//5068
f 2930//5069 2929//5069 2901//5069
f 2931//5070 2930//5070 2901//5070
f 2932//5071 2931//5071 2901//5071
f 2933//5072 2932//5072 2901//5072
f 2899//5073 2933//5073 2901//5073
f 2926//5074 2901//5074 2934//5074
f 2935//5075 2936//5075 2901//5075
f 2934//5076 2901//5076 2936//5076
f 2937//5077 2935//5077 2901//5077
f 2928//5078 2937//5078 2901//5078
f 2938//5079 2939//5079 2936//5079
f 2940//5080 2936//5080 2939//5080
f 2935//5081 2938//5081 2936//5081
f 2941//5082 2936//5082 2940//5082
f 2934//5083 2936//5083 2941//5083
f 2942//5084 2939//5084 2943//5084
f 2944//5085 2943//5085 2939//5085
f 2938//5086 2944//5086 2939//5086
f 2942//5087 2945//5087 2939//5087
f 2940//5088 2939//5088 2945//5088
f 2942//5089 2943//5089 2946//5089
f 2946//5090 2943//5090 2947//5090
f 2947//5091 2943//5091 2944//5091
f 2948//5092 2944//5092 2938//5092
f 2948//5093 2947//5093 2944//5093
f 2949//5094 2938//5094 2935//5094
f 2949//5095 2948//5095 2938//5095
f 2950//5096 2935//5096 2937//5096
f 2951//5097 2935//5097 2952//5097
f 2950//5098 2952//5098 2935//5098
f 2949//5099 2935//5099 2951//5099
f 2950//5100 2937//5100 2928//5100
f 2953//5101 2928//5101 2927//5101
f 2954//5102 2928//5102 2955//5102
f 2953//5103 2955//5103 2928//5103
f 2950//5104 2928//5104 2954//5104
f 2956//5105 2927//5105 2929//5105
f 2956//5106 2953//5106 2927//5106
f 2957//5107 2929//5107 2930//5107
f 2957//5108 2956//5108 2929//5108
f 2958//5109 2930//5109 2931//5109
f 2958//5110 2957//5110 2930//5110
f 2959//5111 2931//5111 2932//5111
f 2959//5112 2958//5112 2931//5112
f 2960//5113 2932//5113 2933//5113
f 2960//5114 2959//5114 2932//5114
f 2961//5115 2933//5115 2899//5115
f 2961//5116 2960//5116 2933//5116
f 2895//5117 2962//5117 2899//5117
f 2963//5118 2899//5118 2962//5118
f 2964//5119 2899//5119 2965//5119
f 2963//5120 2965//5120 2899//5120
f 2966//5121 2899//5121 2964//5121
f 2961//5122 2899//5122 2966//5122
f 2963//5123 2962//5123 2895//5123
f 2894//5124 2967//5124 2895//5124
f 2968//5125 2895//5125 2967//5125
f 2969//5126 2895//5126 2970//5126
f 2968//5127 2970//5127 2895//5127
f 2965//5128 2895//5128 2969//5128
f 2963//5129 2895//5129 2965//5129
f 2968//5130 2967//5130 2894//5130
f 2971//5131 2894//5131 2890//5131
f 2970//5132 2894//5132 2972//5132
f 2971//5133 2972//5133 2894//5133
f 2968//5134 2894//5134 2970//5134
f 2973//5135 2890//5135 2884//5135
f 2971//5136 2890//5136 2973//5136
f 2974//5137 2884//5137 2880//5137
f 2973//5138 2884//5138 2974//5138
f 2974//5139 2880//5139 2975//5139
f 2976//5140 2880//5140 2877//5140
f 2975//5141 2880//5141 2976//5141
f 2977//5142 2877//5142 2869//5142
f 2976//5143 2877//5143 2977//5143
f 2978//5144 2869//5144 2865//5144
f 2977//5145 2869//5145 2978//5145
f 2979//5146 2865//5146 2868//5146
f 2980//5147 2865//5147 2981//5147
f 2979//5148 2981//5148 2865//5148
f 2978//5149 2865//5149 2980//5149
f 2979//5150 2868//5150 2862//5150
f 2982//5151 2862//5151 2864//5151
f 2983//5152 2862//5152 2984//5152
f 2982//5153 2984//5153 2862//5153
f 2979//5154 2862//5154 2983//5154
f 2982//5155 2864//5155 2855//5155
f 2985//5156 2855//5156 2854//5156
f 2986//5157 2855//5157 2987//5157
f 2985//5158 2987//5158 2855//5158
f 2982//5159 2855//5159 2986//5159
f 2988//5160 2854//5160 2856//5160
f 2985//5161 2854//5161 2988//5161
f 2989//5162 2856//5162 2857//5162
f 2988//5163 2856//5163 2989//5163
f 2990//5164 2857//5164 2858//5164
f 2989//5165 2857//5165 2990//5165
f 2991//5166 2858//5166 2859//5166
f 2990//5167 2858//5167 2991//5167
f 2992//5168 2859//5168 2860//5168
f 2991//5169 2859//5169 2992//5169
f 2993//5170 2860//5170 2861//5170
f 2992//5171 2860//5171 2993//5171
f 2994//5172 2995//5172 2861//5172
f 2996//5173 2861//5173 2995//5173
f 2997//5174 2994//5174 2861//5174
f 2846//5175 2997//5175 2861//5175
f 2993//5176 2861//5176 2998//5176
f 2996//5177 2998//5177 2861//5177
f 2996//5178 2995//5178 2994//5178
f 2999//5179 2994//5179 3000//5179
f 3001//5180 3000//5180 2994//5180
f 3002//5181 3001//5181 2994//5181
f 2997//5182 3002//5182 2994//5182
f 2996//5183 2994//5183 3003//5183
f 2999//5184 3003//5184 2994//5184
f 3004//5185 2999//5185 3000//5185
f 3005//5186 3004//5186 3000//5186
f 3005//5187 3000//5187 3001//5187
f 3006//5188 3001//5188 3002//5188
f 3005//5189 3001//5189 3007//5189
f 3008//5190 3002//5190 2997//5190
f 3009//5191 3002//5191 3008//5191
f 3010//5192 3002//5192 3009//5192
f 3006//5193 3002//5193 3010//5193
f 2997//5194 2846//5194 2771//5194
f 2609//5195 2847//5195 2848//5195
f 2603//5196 2847//5196 2609//5196
f 2608//5197 2603//5197 2609//5197
f 2852//5198 2634//5198 2633//5198
f 2618//5199 2634//5199 2852//5199
f 2618//5200 2852//5200 2619//5200
f 2617//5201 2776//5201 2613//5201
f 2638//5202 2624//5202 2625//5202
f 2638//5203 2622//5203 2624//5203
f 2751//5204 2594//5204 2627//5204
f 3011//5205 2751//5205 2627//5205
f 2637//5206 2638//5206 2782//5206
f 2655//5207 2636//5207 2637//5207
f 2655//5208 2637//5208 3012//5208
f 2593//5209 2652//5209 2627//5209
f 3013//5210 2627//5210 2652//5210
f 3014//5211 2627//5211 3013//5211
f 3014//5212 3015//5212 2627//5212
f 3016//5213 2475//5213 2655//5213
f 3017//5214 3016//5214 2655//5214
f 3017//5215 2655//5215 3018//5215
f 3016//5216 2654//5216 2475//5216
f 3013//5217 2652//5217 2651//5217
f 2651//5218 2663//5218 3013//5218
f 2656//5219 2663//5219 2651//5219
f 518//5220 523//5220 2654//5220
f 3016//5221 518//5221 2654//5221
f 3013//5222 2663//5222 3019//5222
f 2662//5223 2663//5223 2661//5223
f 3019//5224 2663//5224 2662//5224
f 520//5225 518//5225 3016//5225
f 518//5226 519//5226 523//5226
f 3020//5227 2657//5227 2658//5227
f 3021//5228 2658//5228 2659//5228
f 3022//5229 2659//5229 2500//5229
f 3022//5230 3021//5230 2659//5230
f 3020//5231 2662//5231 2657//5231
f 3020//5232 3023//5232 2662//5232
f 3024//5233 2662//5233 3023//5233
f 3019//5234 2662//5234 3024//5234
f 3024//5235 3023//5235 3020//5235
f 3025//5236 3024//5236 3020//5236
f 3026//5237 3020//5237 2658//5237
f 3027//5238 3025//5238 3020//5238
f 3026//5239 3027//5239 3020//5239
f 482//5240 2664//5240 475//5240
f 2665//5241 2670//5241 2506//5241
f 3028//5242 2665//5242 3029//5242
f 3029//5243 2665//5243 2664//5243
f 3029//5244 2664//5244 482//5244
f 3030//5245 2500//5245 2660//5245
f 3031//5246 3022//5246 2500//5246
f 3030//5247 3031//5247 2500//5247
f 3032//5248 3033//5248 3034//5248
f 3035//5249 3033//5249 3032//5249
f 3036//5250 3033//5250 3035//5250
f 3037//5251 3034//5251 3033//5251
f 3036//5252 3037//5252 3033//5252
f 3038//5253 3034//5253 3039//5253
f 3032//5254 3034//5254 3038//5254
f 3040//5255 3038//5255 3039//5255
f 3041//5256 3038//5256 3040//5256
f 3041//5257 3032//5257 3038//5257
f 3042//5258 3040//5258 3043//5258
f 3042//5259 3041//5259 3040//5259
f 3044//5260 3042//5260 3043//5260
f 3045//5261 2660//5261 2669//5261
f 2668//5262 2669//5262 2666//5262
f 3046//5263 2669//5263 2668//5263
f 3047//5264 2669//5264 3046//5264
f 3047//5265 3045//5265 2669//5265
f 3030//5266 2660//5266 3045//5266
f 3048//5267 3034//5267 3037//5267
f 3039//5268 3034//5268 3048//5268
f 3049//5269 3040//5269 3039//5269
f 3050//5270 3043//5270 3040//5270
f 3050//5271 3040//5271 3049//5271
f 3050//5272 3044//5272 3043//5272
f 2675//5273 2672//5273 2670//5273
f 3028//5274 2670//5274 2665//5274
f 3051//5275 2675//5275 2670//5275
f 3052//5276 2670//5276 3028//5276
f 3051//5277 2670//5277 3052//5277
f 2675//5278 2671//5278 2672//5278
f 3046//5279 2668//5279 2667//5279
f 3053//5280 3048//5280 3037//5280
f 3054//5281 3039//5281 3048//5281
f 3054//5282 3048//5282 3053//5282
f 3055//5283 3053//5283 3037//5283
f 3056//5284 3055//5284 3037//5284
f 3049//5285 3039//5285 3054//5285
f 3057//5286 3050//5286 3049//5286
f 3058//5287 3050//5287 3057//5287
f 3046//5288 2667//5288 2673//5288
f 3059//5289 3046//5289 2673//5289
f 2677//5290 3059//5290 2673//5290
f 3060//5291 3046//5291 3059//5291
f 3060//5292 3047//5292 3046//5292
f 3061//5293 3059//5293 2677//5293
f 3062//5294 3059//5294 3061//5294
f 3063//5295 3060//5295 3059//5295
f 3062//5296 3063//5296 3059//5296
f 3064//5297 3053//5297 3055//5297
f 3054//5298 3053//5298 3064//5298
f 3064//5299 3055//5299 3056//5299
f 3065//5300 3049//5300 3054//5300
f 2697//5301 3065//5301 3054//5301
f 3058//5302 3057//5302 3049//5302
f 3066//5303 3058//5303 3049//5303
f 3065//5304 3066//5304 3049//5304
f 3067//5305 2674//5305 2676//5305
f 2679//5306 2674//5306 3067//5306
f 3068//5307 2676//5307 2675//5307
f 3068//5308 3067//5308 2676//5308
f 3069//5309 3068//5309 2675//5309
f 3069//5310 2675//5310 3051//5310
f 2678//5311 3067//5311 3068//5311
f 2678//5312 2679//5312 3067//5312
f 3070//5313 2678//5313 3068//5313
f 3070//5314 3068//5314 3071//5314
f 3071//5315 3068//5315 3069//5315
f 3061//5316 2677//5316 2521//5316
f 3062//5317 3061//5317 2521//5317
f 2700//5318 3065//5318 2697//5318
f 3072//5319 2525//5319 2678//5319
f 3070//5320 3072//5320 2678//5320
f 3073//5321 3062//5321 2521//5321
f 2710//5322 2521//5322 2523//5322
f 3073//5323 2521//5323 2710//5323
f 3074//5324 2686//5324 2685//5324
f 2693//5325 3074//5325 2685//5325
f 3075//5326 3076//5326 2686//5326
f 2684//5327 2686//5327 3076//5327
f 3077//5328 3075//5328 2686//5328
f 3074//5329 3077//5329 2686//5329
f 3058//5330 2700//5330 2706//5330
f 3065//5331 2700//5331 3058//5331
f 2705//5332 3078//5332 2706//5332
f 3079//5333 3058//5333 2706//5333
f 3080//5334 3081//5334 3078//5334
f 2705//5335 3080//5335 3078//5335
f 3082//5336 3083//5336 3078//5336
f 3081//5337 3082//5337 3078//5337
f 3083//5338 3084//5338 3078//5338
f 3082//5339 3085//5339 3083//5339
f 3086//5340 3087//5340 3083//5340
f 3085//5341 3086//5341 3083//5341
f 3088//5342 3089//5342 3083//5342
f 3087//5343 3088//5343 3083//5343
f 3090//5344 3091//5344 3087//5344
f 3086//5345 3090//5345 3087//5345
f 3091//5346 3092//5346 3087//5346
f 3090//5347 3093//5347 3091//5347
f 3090//5348 3094//5348 3093//5348
f 3095//5349 3093//5349 3094//5349
f 3095//5350 3091//5350 3093//5350
f 3096//5351 3097//5351 3094//5351
f 3098//5352 3094//5352 3097//5352
f 3099//5353 3096//5354 3094//5354
f 3090//5355 3099//5356 3094//5355
f 3100//5357 3095//5357 3094//5357
f 3098//5358 3100//5358 3094//5358
f 3096//5359 3101//5359 3097//5359
f 3102//5360 3097//5360 3101//5360
f 3102//5361 3098//5361 3097//5361
f 3103//5362 3104//5362 3101//5362
f 3102//5363 3101//5363 3104//5363
f 3096//5364 3103//5364 3101//5364
f 3105//5365 3102//5365 3104//5365
f 3103//5366 3106//5366 3104//5366
f 3106//5367 3105//5367 3104//5367
f 3107//5368 3108//5368 3106//5368
f 3103//5369 3107//5369 3106//5369
f 3107//5370 3109//5370 3108//5370
f 3107//5371 3110//5371 3109//5371
f 3110//5372 3111//5372 3109//5372
f 3112//5373 3113//5373 3111//5373
f 3110//5374 3112//5374 3111//5374
f 3110//5375 3114//5375 3112//5375
f 3115//5376 3112//5376 3114//5376
f 3113//5377 3112//5377 3116//5377
f 3117//5378 3116//5378 3112//5378
f 3118//5379 3112//5379 3115//5379
f 3118//5380 3117//5380 3112//5380
f 3115//5381 3114//5381 3110//5381
f 3119//5382 3110//5382 3107//5382
f 3120//5383 3110//5383 3119//5383
f 3121//5384 3115//5384 3110//5384
f 3122//5385 3110//5385 3120//5385
f 3121//5386 3110//5386 3122//5386
f 3123//5387 3124//5387 3107//5387
f 3125//5388 3107//5388 3124//5388
f 3103//5389 3123//5389 3107//5389
f 3119//5390 3107//5390 3125//5390
f 3125//5391 3124//5391 3123//5391
f 3126//5392 3123//5392 3103//5392
f 3125//5393 3123//5393 3126//5393
f 3127//5394 3128//5394 3103//5394
f 3129//5395 3103//5395 3128//5395
f 3096//5396 3127//5396 3103//5396
f 3130//5397 3103//5397 3129//5397
f 3131//5398 3126//5398 3103//5398
f 3131//5399 3103//5399 3130//5399
f 3129//5400 3128//5400 3127//5400
f 3132//5401 3127//5401 3096//5401
f 3133//5402 3127//5402 3132//5402
f 3129//5403 3127//5403 3133//5403
f 3134//5404 3135//5404 3096//5404
f 3132//5405 3096//5405 3135//5405
f 3136//5406 3134//5406 3096//5406
f 3137//5407 3136//5407 3096//5407
f 3138//5408 3137//5408 3096//5408
f 3139//5409 3138//5409 3096//5409
f 3099//5410 3139//5411 3096//5411
f 3140//5412 3135//5412 3134//5412
f 3133//5413 3135//5413 3140//5413
f 3133//5414 3132//5414 3135//5414
f 3141//5415 3134//5415 3136//5415
f 3140//5416 3134//5416 3141//5416
f 3142//5417 3136//5417 3137//5417
f 3141//5418 3136//5418 3142//5418
f 3142//5419 3137//5419 3143//5419
f 3144//5420 3137//5420 3138//5420
f 3143//5421 3137//5421 3144//5421
f 3145//5422 3138//5422 3139//5422
f 3144//5423 3138//5423 3145//5423
f 3146//5424 3139//5424 3099//5425
f 3147//5426 3139//5426 3146//5426
f 3145//5427 3139//5427 3147//5427
f 3148//5428 3099//5429 3090//5428
f 3148//5430 3149//5430 3099//5431
f 3146//5432 3099//5433 3149//5432
f 3150//5434 3090//5434 3086//5434
f 3148//5435 3090//5435 3150//5435
f 3151//5436 3086//5436 3085//5436
f 3152//5437 3086//5437 3151//5437
f 3153//5438 3150//5438 3086//5438
f 3152//5439 3153//5439 3086//5439
f 3154//5440 3085//5440 3082//5440
f 3151//5441 3085//5441 3154//5441
f 3155//5442 3082//5442 3081//5442
f 3154//5443 3082//5443 3155//5443
f 3156//5444 3081//5444 3080//5444
f 3157//5445 3081//5445 3156//5445
f 3158//5446 3155//5446 3081//5446
f 3157//5447 3158//5447 3081//5447
f 3156//5448 3080//5448 2705//5448
f 2707//5449 3156//5449 2705//5449
f 3159//5450 3076//5450 3075//5450
f 3159//5451 2684//5451 3076//5451
f 3160//5452 3161//5452 3075//5452
f 3162//5453 3075//5453 3161//5453
f 3163//5454 3160//5454 3075//5454
f 3164//5455 3163//5455 3075//5455
f 3077//5456 3164//5456 3075//5456
f 3165//5457 3159//5457 3075//5457
f 3165//5458 3075//5458 3162//5458
f 3166//5459 3161//5459 3160//5459
f 3166//5460 3162//5460 3161//5460
f 3167//5461 3168//5461 3160//5461
f 3169//5462 3160//5462 3168//5462
f 3170//5463 3167//5463 3160//5463
f 3171//5464 3170//5464 3160//5464
f 3172//5465 3171//5465 3160//5465
f 3163//5466 3172//5466 3160//5466
f 3173//5467 3166//5467 3160//5467
f 3173//5468 3160//5468 3169//5468
f 3174//5469 3168//5469 3167//5469
f 3174//5470 3169//5470 3168//5470
f 3175//5471 3167//5471 3170//5471
f 3174//5472 3167//5472 3175//5472
f 3176//5473 3177//5473 3170//5473
f 3175//5474 3170//5474 3177//5474
f 3178//5475 3176//5475 3170//5475
f 3179//5476 3178//5476 3170//5476
f 3180//5477 3179//5477 3170//5477
f 3181//5478 3180//5478 3170//5478
f 3182//5479 3181//5479 3170//5479
f 3183//5480 3182//5480 3170//5480
f 3171//5481 3183//5481 3170//5481
f 3184//5482 3177//5482 3176//5482
f 3185//5483 3175//5483 3177//5483
f 3184//5484 3185//5484 3177//5484
f 3186//5485 3176//5485 3178//5485
f 3186//5486 3184//5486 3176//5486
f 3187//5487 3186//5487 3178//5487
f 3188//5488 3178//5488 3179//5488
f 3188//5489 3187//5489 3178//5489
f 3189//5490 3179//5490 3180//5490
f 3189//5491 3188//5491 3179//5491
f 3190//5492 3180//5492 3181//5492
f 3190//5493 3189//5493 3180//5493
f 3191//5494 3181//5494 3192//5494
f 3193//5495 3190//5495 3181//5495
f 3193//5496 3181//5496 3191//5496
f 3194//5497 3195//5497 3192//5497
f 3196//5498 3192//5498 3195//5498
f 3181//5499 3194//5499 3192//5499
f 3197//5500 3191//5500 3192//5500
f 3196//5501 3197//5501 3192//5501
f 3198//5502 3199//5502 3195//5502
f 3196//5503 3195//5503 3199//5503
f 3200//5504 3198//5504 3195//5504
f 3194//5505 3200//5505 3195//5505
f 3201//5506 3202//5506 3199//5506
f 3203//5507 3199//5507 3202//5507
f 3198//5508 3201//5508 3199//5508
f 3204//5509 3196//5509 3199//5509
f 3205//5510 3199//5510 3203//5510
f 3205//5511 3204//5511 3199//5511
f 3201//5512 3206//5512 3202//5512
f 3207//5513 3202//5513 3206//5513
f 3207//5514 3203//5514 3202//5514
f 3208//5515 3209//5515 3206//5515
f 3210//5516 3206//5516 3209//5516
f 3201//5517 3208//5517 3206//5517
f 3210//5518 3207//5518 3206//5518
f 3211//5519 3212//5519 3209//5519
f 3213//5520 3209//5520 3212//5520
f 3208//5521 3211//5521 3209//5521
f 3214//5522 3210//5522 3209//5522
f 3215//5523 3209//5523 3213//5523
f 3215//5524 3214//5524 3209//5524
f 3211//5525 3216//5525 3212//5525
f 3217//5526 3212//5526 3216//5526
f 3217//5527 3213//5527 3212//5527
f 3218//5528 3219//5528 3216//5528
f 3220//5529 3216//5529 3219//5529
f 3211//5530 3218//5530 3216//5530
f 3221//5531 3216//5531 3220//5531
f 3221//5532 3217//5532 3216//5532
f 3222//5533 3223//5533 3219//5533
f 3224//5534 3219//5534 3223//5534
f 3218//5535 3222//5535 3219//5535
f 3225//5536 3220//5536 3219//5536
f 3224//5537 3225//5537 3219//5537
f 3226//5538 3227//5538 3223//5538
f 3228//5539 3223//5539 3227//5539
f 3222//5540 3226//5540 3223//5540
f 3228//5541 3224//5541 3223//5541
f 3226//5542 3229//5542 3227//5542
f 3230//5543 3228//5543 3227//5543
f 3231//5544 3232//5544 3227//5544
f 3233//5545 3227//5545 3232//5545
f 3229//5546 3231//5546 3227//5546
f 3233//5547 3230//5547 3227//5547
f 3231//5548 3234//5548 3232//5548
f 3235//5549 3232//5549 3234//5549
f 3235//5550 3233//5550 3232//5550
f 3116//5551 3236//5551 3234//5551
f 3237//5552 3234//5552 3236//5552
f 3238//5553 3116//5553 3234//5553
f 3231//5554 3238//5554 3234//5554
f 3237//5555 3235//5555 3234//5555
f 3117//5556 3236//5556 3116//5556
f 3118//5557 3236//5557 3117//5557
f 3237//5558 3236//5558 3118//5558
f 3238//5559 3113//5559 3116//5559
f 3239//5560 3229//5560 3226//5560
f 3239//5561 3226//5561 3240//5561
f 3241//5562 3222//5562 3218//5562
f 3242//5563 3222//5563 3241//5563
f 3226//5564 3222//5564 3242//5564
f 3243//5565 3208//5565 3244//5565
f 3211//5566 3208//5566 3243//5566
f 3244//5567 3208//5567 3201//5567
f 3245//5568 3200//5568 3194//5568
f 3182//5569 3194//5569 3181//5569
f 3246//5570 3194//5570 3182//5570
f 3245//5571 3194//5571 3246//5571
f 3246//5572 3182//5572 3183//5572
f 3247//5573 3171//5573 3172//5573
f 3248//5574 3171//5574 3247//5574
f 3183//5575 3171//5575 3248//5575
f 3172//5576 3163//5576 3249//5576
f 3250//5577 3163//5577 3164//5577
f 3249//5578 3163//5578 3250//5578
f 372//5579 2525//5579 3072//5579
f 3251//5580 2710//5580 2709//5580
f 3251//5581 3073//5581 2710//5581
f 1598//5582 2684//5582 3159//5582
f 1598//5583 1600//5583 2684//5583
f 3165//5584 1598//5584 3159//5584
f 2708//5585 3156//5585 2707//5585
f 2708//5586 1610//5586 3156//5586
f 3157//5587 3156//5587 1610//5587
f 1611//5588 1610//5588 1609//5588
f 3252//5589 3157//5589 1610//5589
f 1611//5590 3252//5590 1610//5590
f 372//5591 368//5591 2525//5591
f 1598//5592 1596//5592 1595//5592
f 1743//5593 1426//5593 1429//5593
f 1432//5594 1743//5594 1429//5594
f 1739//5595 1743//5595 1432//5595
f 3253//5596 3251//5596 2709//5596
f 3254//5597 2711//5597 430//5597
f 3255//5598 2709//5598 2711//5598
f 3254//5599 3255//5599 2711//5599
f 3256//5600 2712//5600 1802//5600
f 3256//5601 1802//5601 1803//5601
f 1983//5602 2712//5602 3256//5602
f 1991//5603 1794//5603 1796//5603
f 3257//5604 1794//5604 1991//5604
f 1792//5605 1794//5605 3257//5605
f 1983//5606 1984//5606 2712//5606
f 1833//5607 1984//5607 1983//5607
f 1957//5608 3257//5608 1991//5608
f 1993//5609 3257//5609 1957//5609
f 3258//5610 430//5610 429//5610
f 434//5611 3258//5611 429//5611
f 3259//5612 3254//5612 430//5612
f 3258//5613 3259//5613 430//5613
f 3260//5614 2716//5614 710//5614
f 3260//5615 710//5615 712//5615
f 3260//5616 2715//5616 2716//5616
f 2715//5617 1086//5617 1090//5617
f 1087//5618 1090//5618 1086//5618
f 1086//5619 2715//5619 3261//5619
f 1138//5620 1143//5620 1139//5620
f 2718//5621 1139//5621 1143//5621
f 2717//5622 2718//5622 1143//5622
f 3262//5623 2717//5623 1143//5623
f 2719//5624 3263//5624 2720//5624
f 2323//5625 2720//5625 3263//5625
f 2322//5626 2720//5626 2323//5626
f 2324//5627 2323//5627 3263//5627
f 3263//5628 2719//5628 3264//5628
f 3265//5629 876//5629 880//5629
f 3266//5630 877//5630 876//5630
f 3266//5631 876//5631 3265//5631
f 2721//5632 880//5632 879//5632
f 3267//5633 880//5633 2721//5633
f 3268//5634 880//5634 3267//5634
f 3265//5635 880//5635 3268//5635
f 3268//5636 2721//5636 2722//5636
f 3268//5637 3267//5637 2721//5637
f 3269//5638 2722//5638 886//5638
f 3269//5639 3268//5639 2722//5639
f 887//5640 3269//5640 886//5640
f 3270//5641 2725//5641 2726//5641
f 3271//5642 2728//5642 2725//5642
f 3271//5643 2725//5643 3270//5643
f 1001//5644 2726//5644 998//5644
f 1001//5645 3270//5645 2726//5645
f 3272//5646 2230//5646 2573//5646
f 2229//5647 2230//5647 3272//5647
f 3273//5648 2229//5648 3272//5648
f 2575//5649 3272//5649 2573//5649
f 3274//5650 3273//5650 3272//5650
f 2575//5651 3274//5651 3272//5651
f 3275//5652 2727//5652 2728//5652
f 3275//5653 989//5653 2727//5653
f 3275//5654 2728//5654 3271//5654
f 3276//5655 1246//5655 1249//5655
f 3276//5656 1242//5656 1246//5656
f 1250//5657 3276//5657 1249//5657
f 3277//5658 990//5658 989//5658
f 3278//5659 3277//5659 989//5659
f 3278//5660 989//5660 3275//5660
f 3279//5661 986//5661 990//5661
f 3280//5662 990//5662 3281//5662
f 3282//5663 3279//5663 990//5663
f 3280//5664 3282//5664 990//5664
f 3281//5665 990//5665 3277//5665
f 3278//5666 3281//5666 3277//5666
f 985//5667 983//5667 986//5667
f 3279//5668 985//5668 986//5668
f 828//5669 847//5669 846//5669
f 828//5670 846//5670 852//5670
f 2102//5671 2078//5671 2083//5671
f 2102//5672 2079//5672 2078//5672
f 3283//5673 984//5673 985//5673
f 3279//5674 3283//5674 985//5674
f 2749//5675 2741//5675 984//5675
f 3283//5676 2752//5676 984//5676
f 2773//5677 2752//5677 3283//5677
f 2773//5678 3283//5678 3284//5678
f 3285//5678 3284//5678 3283//5678
f 3285//5679 3283//5679 3279//5679
f 3286//5680 3284//5680 3285//5680
f 3287//5681 3284//5681 3286//5681
f 3287//5682 2773//5682 3284//5682
f 3288//5683 3289//5683 2779//5683
f 3290//5684 2581//5684 3289//5684
f 3290//5685 3289//5685 3288//5685
f 3291//5686 3288//5686 2779//5686
f 2626//5687 3291//5687 2779//5687
f 2581//5688 2779//5688 3289//5688
f 2583//5689 2582//5689 2779//5689
f 2581//5690 2583//5690 2779//5690
f 1255//5691 2581//5691 3290//5691
f 3292//5692 3288//5692 3291//5692
f 3293//5693 3290//5693 3288//5693
f 3292//5694 3293//5694 3288//5694
f 2843//5695 2746//5695 2744//5695
f 2843//5696 2744//5696 2748//5696
f 2736//5697 855//5697 854//5697
f 3294//5698 2737//5698 2740//5698
f 2754//5699 3294//5699 2740//5699
f 3295//5700 2737//5700 3294//5700
f 3295//5701 3296//5701 2737//5701
f 2754//5702 3297//5702 3294//5702
f 3295//5703 3294//5703 3297//5703
f 2777//5704 3291//5704 2626//5704
f 2777//5705 3292//5705 3291//5705
f 3298//5706 2777//5706 2775//5706
f 2748//5707 2075//5707 2077//5707
f 2754//5708 3299//5708 3297//5708
f 3300//5709 3297//5709 3299//5709
f 3295//5710 3297//5710 3296//5710
f 3300//5711 3296//5711 3297//5711
f 3301//5712 3299//5712 2758//5712
f 2754//5713 2758//5713 3299//5713
f 3302//5714 3300//5714 3299//5714
f 3301//5715 3302//5715 3299//5715
f 3301//5716 2758//5716 3303//5716
f 3304//5717 3303//5717 2758//5717
f 3305//5718 3304//5718 2758//5718
f 2760//5719 3305//5719 2758//5719
f 3008//5720 2770//5720 2772//5720
f 2867//5721 2775//5721 2774//5721
f 2867//5722 3298//5722 2775//5722
f 2997//5723 2771//5723 2770//5723
f 2997//5724 2770//5724 3008//5724
f 2778//5725 2867//5725 2774//5725
f 2783//5726 2637//5726 2782//5726
f 3306//5727 2756//5727 2751//5727
f 2787//5728 2637//5728 2783//5728
f 2627//5729 3015//5729 3011//5729
f 3307//5730 3015//5730 3014//5730
f 3011//5731 3306//5731 2751//5731
f 3012//5732 2637//5732 2787//5732
f 3012//5733 3018//5733 2655//5733
f 3308//5734 3018//5734 3012//5734
f 3017//5735 3018//5735 3308//5735
f 516//5736 3016//5736 3017//5736
f 3025//5737 3014//5737 3013//5737
f 3019//5738 3024//5738 3013//5738
f 3025//5739 3013//5739 3024//5739
f 516//5740 515//5740 3016//5740
f 515//5741 520//5741 3016//5741
f 515//5742 514//5742 520//5742
f 3309//5743 2658//5743 3021//5743
f 3309//5744 3026//5744 2658//5744
f 3310//5745 3021//5745 3022//5745
f 3309//5746 3021//5746 3310//5746
f 3311//5747 3310//5747 3022//5747
f 3311//5748 3022//5748 3031//5748
f 3312//5749 3035//5749 3032//5749
f 3313//5750 3312//5750 3032//5750
f 3036//5751 3035//5751 3314//5751
f 3312//5752 3314//5752 3035//5752
f 3313//5753 3032//5753 3041//5753
f 3315//5754 3041//5754 3042//5754
f 3316//5755 3313//5755 3041//5755
f 3317//5756 3316//5756 3041//5756
f 3318//5757 3317//5757 3041//5757
f 3315//5758 3318//5758 3041//5758
f 3044//5759 3319//5759 3042//5759
f 3320//5760 3042//5760 3319//5760
f 3321//5761 3042//5761 3320//5761
f 3315//5762 3042//5762 3321//5762
f 3322//5763 3323//5763 3314//5763
f 3324//5764 3323//5764 3322//5764
f 3325//5765 3323//5765 3324//5765
f 3326//5766 3314//5766 3323//5766
f 3037//5767 3036//5767 3314//5767
f 3037//5768 3314//5768 3326//5768
f 3327//5769 3326//5769 3323//5769
f 3325//5770 3327//5770 3323//5770
f 3312//5771 3322//5771 3314//5771
f 3328//5772 3319//5772 3044//5772
f 3329//5773 3320//5773 3319//5773
f 3330//5774 3329//5774 3319//5774
f 3330//5775 3319//5775 3328//5775
f 3050//5776 3328//5776 3044//5776
f 3331//5777 3320//5777 3329//5777
f 3321//5778 3320//5778 3331//5778
f 3332//5779 3329//5779 3330//5779
f 3332//5780 3333//5780 3329//5780
f 3333//5781 3331//5781 3329//5781
f 3047//5782 3030//5782 3045//5782
f 3060//5783 3030//5783 3047//5783
f 3334//5784 3030//5784 3060//5784
f 3335//5785 3031//5785 3030//5785
f 3334//5786 3335//5786 3030//5786
f 3336//5787 3327//5787 3325//5787
f 3056//5788 3037//5788 3326//5788
f 3079//5789 3328//5789 3050//5789
f 3058//5790 3079//5790 3050//5790
f 3069//5791 3052//5791 3028//5791
f 3337//5792 3069//5792 3028//5792
f 3338//5793 3028//5793 3029//5793
f 3337//5794 3028//5794 3338//5794
f 3069//5795 3051//5795 3052//5795
f 3339//5796 3326//5796 3327//5796
f 3056//5797 3326//5797 3339//5797
f 3340//5798 3339//5798 3327//5798
f 3341//5799 3340//5799 3327//5799
f 3341//5800 3327//5800 3336//5800
f 3342//5801 3330//5801 3328//5801
f 3342//5802 3328//5802 3079//5802
f 3343//5803 3330//5803 3342//5803
f 3343//5804 3332//5804 3330//5804
f 3334//5805 3060//5805 3063//5805
f 3344//5806 3063//5806 3062//5806
f 3345//5807 3334//5807 3063//5807
f 3344//5808 3345//5808 3063//5808
f 3339//5809 3340//5809 3341//5809
f 3339//5810 2693//5810 3056//5810
f 3064//5811 3056//5811 2693//5811
f 3343//5812 3342//5812 3079//5812
f 2706//5813 3343//5813 3079//5813
f 3065//5814 3058//5814 3066//5814
f 3346//5815 3071//5815 3069//5815
f 3346//5816 3069//5816 3337//5816
f 3347//5817 3070//5817 3071//5817
f 3347//5818 3071//5818 3346//5818
f 2692//5819 3064//5819 2693//5819
f 3074//5820 2693//5820 3339//5820
f 3054//5821 3064//5821 2692//5821
f 2697//5822 3054//5822 2692//5822
f 3348//5823 3070//5823 3347//5823
f 3349//5824 3344//5824 3062//5824
f 3350//5825 3062//5825 3073//5825
f 3350//5826 3349//5826 3062//5826
f 3072//5827 3070//5827 3348//5827
f 3251//5828 3350//5828 3073//5828
f 3351//5829 3350//5829 3251//5829
f 3253//5830 3351//5830 3251//5830
f 3352//5831 3351//5831 3253//5831
f 3352//5832 3350//5832 3351//5832
f 3166//5833 1596//5833 3162//5833
f 3165//5834 3162//5834 1596//5834
f 3158//5835 3154//5835 3155//5835
f 3353//5836 3154//5836 3158//5836
f 3151//5837 3154//5837 3353//5837
f 374//5838 372//5838 3072//5838
f 374//5839 3072//5839 3354//5839
f 3166//5840 3355//5840 1596//5840
f 1598//5841 3165//5841 1596//5841
f 1594//5842 3355//5842 3166//5842
f 1596//5843 3355//5843 1593//5843
f 1594//5844 1593//5844 3355//5844
f 3252//5845 3158//5845 3157//5845
f 3252//5846 3353//5846 3158//5846
f 1611//5847 3353//5847 3252//5847
f 3356//5848 3353//5848 1611//5848
f 3356//5849 3151//5849 3353//5849
f 3356//5850 1611//5850 1612//5850
f 1436//5851 1739//5851 1432//5851
f 3357//5852 3253//5852 2709//5852
f 3352//5853 3253//5853 3357//5853
f 3357//5854 2709//5854 3255//5854
f 3358//5855 3357//5855 3255//5855
f 3359//5856 3358//5856 3255//5856
f 3359//5857 3255//5857 3254//5857
f 3360//5858 3357//5858 3358//5858
f 3360//5859 3352//5859 3357//5859
f 3361//5860 3358//5860 3359//5860
f 3362//5861 3360//5861 3358//5861
f 3361//5862 3362//5862 3358//5862
f 1982//5863 3256//5863 1803//5863
f 1805//5864 1982//5864 1803//5864
f 1805//5865 1981//5865 1982//5865
f 1993//5866 1793//5866 1792//5866
f 3257//5867 1993//5867 1792//5867
f 1993//5868 1992//5868 1793//5868
f 1791//5869 1793//5869 1992//5869
f 3363//5870 78//5870 81//5870
f 631//5871 78//5871 3363//5871
f 3364//5872 3363//5872 81//5872
f 84//5873 3364//5873 81//5873
f 1983//5874 3256//5874 1982//5874
f 1981//5875 1805//5875 1804//5875
f 3365//5876 3359//5876 3254//5876
f 3365//5877 3254//5877 3259//5877
f 3366//5878 3363//5878 3364//5878
f 3367//5879 3259//5879 3368//5879
f 3368//5880 3259//5880 3258//5880
f 1840//5881 435//5881 433//5881
f 3369//5882 629//5882 628//5882
f 3370//5883 1955//5883 629//5883
f 3370//5884 629//5884 3369//5884
f 630//5885 3369//5885 628//5885
f 3371//5886 630//5886 631//5886
f 3372//5887 631//5887 3363//5887
f 3371//5888 631//5888 3372//5888
f 3373//5889 3259//5889 3367//5889
f 3373//5890 3365//5890 3259//5890
f 3374//5891 3258//5891 434//5891
f 3374//5892 3368//5892 3258//5892
f 3374//5893 434//5893 435//5893
f 3374//5894 435//5894 1840//5894
f 3375//5895 3367//5895 3368//5895
f 3376//5896 3375//5896 3368//5896
f 3376//5897 3368//5897 3374//5897
f 3377//5898 3376//5898 3374//5898
f 3378//5899 3260//5899 712//5899
f 3261//5900 2715//5900 3260//5900
f 1142//5901 3262//5901 1143//5901
f 3262//5902 2719//5902 2717//5902
f 3264//5903 2719//5903 3262//5903
f 3379//5904 3264//5904 3262//5904
f 3263//5905 3264//5905 3379//5905
f 887//5906 3268//5906 3269//5906
f 3265//5907 3268//5907 887//5907
f 3275//5908 3271//5908 3270//5908
f 3278//5909 3270//5909 1001//5909
f 3278//5910 3275//5910 3270//5910
f 3380//5911 3278//5911 1001//5911
f 3381//5912 3380//5912 1001//5912
f 1250//5913 1242//5913 3276//5913
f 3382//5914 2229//5914 3273//5914
f 3383//5915 3382//5915 3273//5915
f 3383//5916 3273//5916 3274//5916
f 3384//5917 1242//5917 1250//5917
f 1251//5918 3384//5918 1250//5918
f 841//5919 840//5919 847//5919
f 830//5920 841//5920 847//5920
f 828//5921 830//5921 847//5921
f 833//5922 835//5922 841//5922
f 830//5923 833//5923 841//5923
f 3278//5924 3280//5924 3281//5924
f 3285//5925 3279//5925 3282//5925
f 3385//5926 3282//5926 3280//5926
f 3386//5927 3285//5927 3282//5927
f 3385//5928 3386//5928 3282//5928
f 3387//5929 3385//5929 3280//5929
f 3387//5930 3280//5930 3278//5930
f 3388//5931 3285//5931 3386//5931
f 3286//5932 3285//5932 3388//5932
f 3388//5933 3386//5933 3385//5933
f 3389//5934 3388//5934 3385//5934
f 3389//5935 3385//5935 3390//5935
f 3389//5936 3286//5936 3388//5936
f 3391//5937 3392//5937 3290//5937
f 1248//5938 3290//5938 3392//5938
f 1257//5939 1255//5939 3290//5939
f 1248//5940 1257//5940 3290//5940
f 3293//5941 3391//5941 3290//5941
f 3393//5942 3392//5942 3391//5942
f 3393//5943 3394//5943 3392//5943
f 3393//5944 3391//5944 3293//5944
f 1252//5945 1248//5945 3392//5945
f 2097//5946 2082//5946 2087//5946
f 2101//5947 2083//5947 2082//5947
f 2097//5948 2101//5948 2082//5948
f 2093//5949 2097//5949 2087//5949
f 2086//5950 2093//5950 2087//5950
f 2101//5951 2102//5951 2083//5951
f 3395//5952 3287//5952 3286//5952
f 3395//5953 3286//5953 3389//5953
f 3393//5954 3293//5954 3292//5954
f 2592//5955 2413//5955 2414//5955
f 825//5956 828//5956 852//5956
f 853//5957 825//5957 852//5957
f 853//5958 824//5958 825//5958
f 823//5959 819//5959 824//5959
f 853//5960 823//5960 824//5960
f 3396//5961 821//5961 823//5961
f 853//5962 3396//5962 823//5962
f 820//5963 821//5963 3396//5963
f 855//5964 3396//5964 853//5964
f 820//5965 3396//5965 855//5965
f 3395//5966 2773//5966 3287//5966
f 2105//5967 2076//5967 2079//5967
f 2102//5968 2105//5968 2079//5968
f 2108//5969 3397//5969 2076//5969
f 2077//5970 2076//5970 3397//5970
f 2107//5971 2108//5971 2076//5971
f 2105//5972 2107//5972 2076//5972
f 2108//5973 2109//5973 3397//5973
f 3398//5974 2077//5974 3397//5974
f 3398//5975 3397//5975 2109//5975
f 2111//5976 3398//5976 2109//5976
f 2106//5977 2111//5977 2109//5977
f 3399//5978 855//5978 2736//5978
f 3296//5979 2736//5979 2737//5979
f 3302//5980 2736//5980 3296//5980
f 3302//5981 3296//5981 3300//5981
f 3400//5982 2772//5982 2773//5982
f 3400//5983 2773//5983 3395//5983
f 3401//5984 2839//5984 2844//5984
f 2840//5985 2839//5985 3401//5985
f 2748//5986 2844//5986 2843//5986
f 3402//5987 2844//5987 2748//5987
f 3402//5988 3401//5988 2844//5988
f 3398//5989 2748//5989 2077//5989
f 3402//5990 2748//5990 3398//5990
f 3008//5991 2772//5991 3400//5991
f 3403//5992 3306//5992 3011//5992
f 3015//5993 3403//5993 3011//5993
f 3404//5994 3403//5994 3015//5994
f 3404//5995 3015//5995 3307//5995
f 3405//5996 3012//5996 2787//5996
f 3405//5997 3308//5997 3012//5997
f 3406//5998 3017//5998 3308//5998
f 3407//5999 3404//5999 3307//5999
f 512//6000 3017//6000 3406//6000
f 3307//6001 3014//6001 3025//6001
f 513//6002 516//6002 3017//6002
f 512//6003 513//6003 3017//6003
f 3027//6004 3307//6004 3025//6004
f 3407//6005 3307//6005 3027//6005
f 3408//6006 3407//6006 3027//6006
f 511//6007 513//6007 512//6007
f 510//6008 513//6008 511//6008
f 3409//6009 3027//6009 3026//6009
f 3409//6010 3408//6010 3027//6010
f 3409//6011 3026//6011 3309//6011
f 3410//6012 3310//6012 3311//6012
f 3410//6013 3309//6013 3310//6013
f 3411//6014 3410//6014 3311//6014
f 3411//6015 3311//6015 3031//6015
f 3412//6016 3409//6016 3309//6016
f 3412//6017 3309//6017 3410//6017
f 3413//6018 482//6018 488//6018
f 3413//6019 3029//6019 482//6019
f 3414//6020 488//6020 487//6020
f 3414//6021 3413//6021 488//6021
f 3415//6022 3029//6022 3413//6022
f 3416//6023 3031//6023 3335//6023
f 3417//6024 3411//6024 3031//6024
f 3416//6025 3417//6025 3031//6025
f 3418//6026 3324//6026 3322//6026
f 3418//6027 3322//6027 3312//6027
f 3325//6028 3324//6028 3419//6028
f 3420//6029 3419//6029 3324//6029
f 3418//6030 3420//6030 3324//6030
f 3421//6031 3312//6031 3313//6031
f 3421//6032 3418//6032 3312//6032
f 3422//6033 3313//6033 3316//6033
f 3422//6034 3421//6034 3313//6034
f 3317//6035 3423//6035 3316//6035
f 3424//6036 3316//6036 3423//6036
f 3425//6037 3422//6037 3316//6037
f 3424//6038 3425//6038 3316//6038
f 3426//6039 3427//6039 3423//6039
f 3424//6040 3423//6040 3427//6040
f 3317//6041 3426//6041 3423//6041
f 3428//6042 3429//6042 3427//6042
f 3424//6043 3427//6043 3429//6043
f 3426//6044 3428//6044 3427//6044
f 3430//6045 3431//6045 3429//6045
f 3428//6046 3430//6046 3429//6046
f 3432//6047 3424//6047 3429//6047
f 3433//6048 3432//6048 3429//6048
f 3431//6049 3433//6049 3429//6049
f 3434//6050 3431//6050 3430//6050
f 3428//6051 3435//6051 3430//6051
f 3436//6052 3437//6052 3430//6052
f 3438//6053 3430//6053 3437//6053
f 3439//6054 3436//6054 3430//6054
f 3440//6055 3439//6055 3430//6055
f 3435//6056 3440//6056 3430//6056
f 3438//6057 3434//6057 3430//6057
f 3438//6058 3437//6058 3441//6058
f 3442//6059 3441//6059 3437//6059
f 3443//6060 3438//6060 3441//6060
f 3444//6061 3441//6061 3442//6061
f 3445//6062 3441//6062 3444//6062
f 3445//6063 3443//6063 3441//6063
f 3446//6064 3437//6064 3436//6064
f 3447//6065 3437//6065 3446//6065
f 3442//6066 3437//6066 3447//6066
f 3446//6067 3436//6067 3439//6067
f 3448//6068 3439//6068 3440//6068
f 3449//6069 3439//6069 3448//6069
f 3449//6070 3450//6070 3439//6070
f 3451//6071 3439//6071 3450//6071
f 3446//6072 3439//6072 3451//6072
f 3452//6073 3331//6073 3440//6073
f 3453//6074 3440//6074 3331//6074
f 3435//6075 3452//6075 3440//6075
f 3454//6076 3440//6076 3453//6076
f 3454//6077 3455//6077 3440//6077
f 3448//6078 3440//6078 3455//6078
f 3456//6079 3321//6079 3331//6079
f 3456//6080 3331//6080 3452//6080
f 3333//6081 3457//6081 3331//6081
f 3453//6082 3331//6082 3457//6082
f 3456//6083 3315//6083 3321//6083
f 3452//6084 3435//6084 3428//6084
f 3458//6085 3428//6085 3426//6085
f 3452//6086 3428//6086 3459//6086
f 3460//6087 3459//6087 3428//6087
f 3458//6088 3460//6088 3428//6088
f 3461//6089 3426//6089 3317//6089
f 3461//6090 3462//6090 3426//6090
f 3458//6091 3426//6091 3462//6091
f 3461//6092 3317//6092 3318//6092
f 3461//6093 3318//6093 3315//6093
f 3463//6094 3315//6094 3456//6094
f 3461//6095 3315//6095 3463//6095
f 3464//6096 3463//6096 3456//6096
f 3452//6097 3464//6097 3456//6097
f 3336//6098 3325//6098 3419//6098
f 3465//6099 3336//6099 3419//6099
f 3466//6100 3419//6100 3420//6100
f 3465//6101 3419//6101 3466//6101
f 3332//6102 3457//6102 3333//6102
f 3454//6103 3453//6103 3457//6103
f 3467//6104 3457//6104 3332//6104
f 3467//6105 3454//6105 3457//6105
f 3468//6106 3335//6106 3334//6106
f 3468//6107 3469//6107 3335//6107
f 3416//6108 3335//6108 3469//6108
f 3470//6109 3336//6109 3465//6109
f 3415//6110 3338//6110 3029//6110
f 3471//6111 3337//6111 3338//6111
f 3472//6112 3338//6112 3415//6112
f 3471//6113 3338//6113 3472//6113
f 3473//6114 3341//6114 3336//6114
f 3250//6115 3473//6115 3336//6115
f 3250//6116 3336//6116 3470//6116
f 3089//6117 3332//6117 3084//6117
f 3089//6118 3467//6118 3332//6118
f 3343//6119 3084//6119 3332//6119
f 3474//6120 3337//6120 3471//6120
f 3474//6121 3346//6121 3337//6121
f 3473//6122 3077//6122 3341//6122
f 3339//6123 3341//6123 3077//6123
f 2706//6124 3078//6124 3343//6124
f 3084//6125 3343//6125 3078//6125
f 3348//6126 3347//6126 3346//6126
f 3164//6127 3077//6127 3473//6127
f 3074//6128 3339//6128 3077//6128
f 3250//6129 3164//6129 3473//6129
f 3345//6130 3344//6130 3349//6130
f 3475//6131 3345//6131 3349//6131
f 3350//6132 3475//6132 3349//6132
f 3083//6133 3089//6133 3084//6133
f 3354//6134 3072//6134 3348//6134
f 3476//6135 3354//6135 3348//6135
f 3476//6136 3348//6136 3346//6136
f 3477//6137 3350//6137 3352//6137
f 3478//6138 3354//6138 3476//6138
f 3479//6139 3352//6139 3360//6139
f 3479//6140 3477//6140 3352//6140
f 3173//6141 1594//6141 3166//6141
f 1589//6142 1594//6142 3173//6142
f 1614//6143 3151//6143 3356//6143
f 1614//6144 3152//6144 3151//6144
f 1589//6145 1591//6145 1594//6145
f 1614//6146 3356//6146 1612//6146
f 1738//6147 1436//6147 1435//6147
f 1735//6148 1738//6148 1435//6148
f 1735//6149 1435//6149 1439//6149
f 3480//6150 3479//6150 3360//6150
f 3481//6151 3360//6151 3362//6151
f 3481//6152 3480//6152 3360//6152
f 3482//6153 3362//6153 3361//6153
f 3483//6154 3362//6154 3482//6154
f 3484//6155 3481//6155 3362//6155
f 3483//6156 3484//6156 3362//6156
f 3482//6157 3361//6157 3359//6157
f 1980//6158 1804//6158 1806//6158
f 3366//6159 3364//6159 84//6159
f 85//6160 3366//6160 84//6160
f 1995//6161 1791//6161 1992//6161
f 1980//6162 1981//6162 1804//6162
f 1995//6163 1992//6163 1953//6163
f 3482//6164 3359//6164 3365//6164
f 3373//6165 3482//6165 3365//6165
f 3485//6166 3482//6166 3373//6166
f 3485//6167 3483//6167 3482//6167
f 1841//6168 1839//6168 3486//6168
f 1845//6169 3486//6169 1839//6169
f 1952//6170 1955//6170 3370//6170
f 1952//6171 1951//6171 1955//6171
f 3372//6172 3363//6172 3366//6172
f 3487//6173 3372//6173 3366//6173
f 3487//6174 3366//6174 85//6174
f 3488//6175 3371//6175 3372//6175
f 3488//6176 3372//6176 3487//6176
f 3489//6177 3373//6177 3367//6177
f 3489//6178 3485//6178 3373//6178
f 3486//6179 3490//6179 1840//6179
f 3377//6180 1840//6180 3490//6180
f 1841//6181 3486//6181 1840//6181
f 3374//6182 1840//6182 3377//6182
f 1850//6183 3490//6184 3486//6184
f 3491//6185 3377//6185 3490//6185
f 3492//6186 3490//6187 1850//6188
f 3491//6189 3490//6189 3492//6190
f 1850//6191 3486//6192 1845//6192
f 3371//6193 3369//6193 630//6193
f 1952//6194 3370//6194 3369//6194
f 3493//6195 3369//6195 3371//6195
f 3493//6196 1952//6196 3369//6196
f 3488//6197 3493//6197 3371//6197
f 3375//6198 3489//6198 3367//6198
f 3494//6199 3375//6199 3376//6199
f 3489//6200 3375//6200 3485//6200
f 3495//6201 3485//6201 3375//6201
f 3494//6202 3495//6202 3375//6202
f 3491//6203 3376//6203 3377//6203
f 3491//6204 3494//6204 3376//6204
f 3378//6205 712//6205 715//6205
f 3496//6206 3260//6206 3378//6206
f 3496//6207 3261//6207 3260//6207
f 1084//6208 3261//6208 3496//6208
f 1084//6209 1086//6209 3261//6209
f 1085//6210 1086//6210 1084//6210
f 3497//6211 3262//6211 1142//6211
f 1150//6212 1142//6212 1145//6212
f 3497//6213 1142//6213 1150//6213
f 3497//6214 3379//6214 3262//6214
f 3498//6215 3379//6215 3497//6215
f 3498//6216 3263//6216 3379//6216
f 3499//6217 3498//6217 3497//6217
f 3500//6218 3263//6218 3498//6218
f 3501//6219 3500//6219 3498//6219
f 3501//6220 3498//6220 3499//6220
f 2326//6221 3263//6221 3500//6221
f 2327//6222 2326//6222 3500//6222
f 2327//6223 3500//6223 3501//6223
f 2326//6224 2324//6224 3263//6224
f 3502//6225 873//6225 877//6225
f 890//6226 877//6226 3266//6226
f 3503//6227 3502//6227 877//6227
f 890//6228 3503//6228 877//6228
f 899//6229 870//6229 873//6229
f 872//6230 873//6230 870//6230
f 3502//6231 899//6231 873//6231
f 887//6232 3266//6232 3265//6232
f 887//6233 890//6233 3266//6233
f 869//6234 870//6234 899//6234
f 869//6235 871//6235 870//6235
f 3502//6236 893//6236 899//6236
f 3502//6237 897//6237 893//6237
f 3504//6238 897//6238 3502//6238
f 3505//6239 890//6239 897//6239
f 3506//6240 3505//6240 897//6240
f 3506//6241 897//6241 3504//6241
f 3504//6242 3502//6242 3503//6242
f 3505//6243 3503//6243 890//6243
f 3505//6244 3507//6244 3503//6244
f 3504//6245 3503//6245 3507//6245
f 3508//6246 2221//6246 2220//6246
f 3509//6247 3508//6247 2220//6247
f 3510//6248 3509//6248 2220//6248
f 3511//6249 3508//6249 3509//6249
f 3512//6250 3511//6250 3509//6250
f 3512//6251 3509//6251 3510//6251
f 3513//6252 3512//6252 3510//6252
f 3514//6253 3513//6253 3510//6253
f 3515//6254 3510//6254 2220//6254
f 3514//6255 3510//6255 3515//6255
f 3515//6256 2220//6256 2223//6256
f 3514//6257 3515//6257 2223//6257
f 3516//6258 2223//6258 2225//6258
f 3516//6259 3514//6259 2223//6259
f 3517//6260 2225//6260 2227//6260
f 3517//6261 3516//6261 2225//6261
f 3518//6262 2227//6262 2228//6262
f 3518//6263 3517//6263 2227//6263
f 3382//6264 2228//6264 2229//6264
f 3519//6265 2228//6265 3382//6265
f 3520//6266 2228//6266 3519//6266
f 3520//6267 3518//6267 2228//6267
f 1006//6268 3381//6268 1001//6268
f 3383//6269 3519//6269 3382//6269
f 3383//6270 3520//6270 3519//6270
f 3521//6271 3278//6271 3380//6271
f 3522//6272 3278//6272 3521//6272
f 3522//6273 3387//6273 3278//6273
f 3523//6274 3380//6274 3381//6274
f 3523//6275 3521//6275 3380//6275
f 3524//6276 3381//6276 1006//6276
f 3525//6277 3381//6277 3524//6277
f 3526//6278 3381//6278 3525//6278
f 3527//6279 3381//6279 3526//6279
f 3523//6280 3381//6280 3527//6280
f 3384//6281 3528//6281 1242//6281
f 3528//6282 1241//6282 1242//6282
f 3529//6283 1241//6283 3528//6283
f 3530//6284 1241//6284 3529//6284
f 3531//6285 1241//6285 3530//6285
f 3531//6286 1240//6286 1241//6286
f 3532//6287 3528//6287 3384//6287
f 3533//6288 3528//6288 3532//6288
f 3534//6289 3529//6289 3528//6289
f 3534//6290 3528//6290 3533//6290
f 3532//6291 3384//6291 3535//6291
f 3535//6292 3384//6292 1251//6292
f 3523//6293 3522//6293 3521//6293
f 3536//6294 3387//6294 3522//6294
f 3536//6295 3385//6295 3387//6295
f 3537//6296 3536//6296 3522//6296
f 3537//6297 3522//6297 3523//6297
f 3390//6298 3385//6298 3536//6298
f 3538//6299 3390//6299 3536//6299
f 3538//6300 3536//6300 3537//6300
f 3539//6301 3389//6301 3390//6301
f 3539//6302 3390//6302 3538//6302
f 1251//6303 3392//6303 3394//6303
f 1251//6304 1252//6304 3392//6304
f 3540//6305 1251//6305 3394//6305
f 3541//6306 3540//6306 3394//6306
f 3542//6307 3394//6307 3393//6307
f 3542//6308 3541//6308 3394//6308
f 3535//6309 1251//6309 3540//6309
f 3395//6310 3389//6310 3539//6310
f 3543//6311 3393//6311 3292//6311
f 3543//6312 3542//6312 3393//6312
f 3543//6313 3292//6313 2777//6313
f 3302//6314 3399//6314 2736//6314
f 2874//6315 2777//6315 3298//6315
f 2874//6316 3543//6316 2777//6316
f 2841//6317 2840//6317 3401//6317
f 2841//6318 3401//6318 3402//6318
f 3399//6319 820//6319 855//6319
f 3544//6320 820//6320 3399//6320
f 3544//6321 3399//6321 3302//6321
f 3301//6322 3303//6322 3302//6322
f 3009//6323 3008//6323 3400//6323
f 2871//6324 3298//6324 2867//6324
f 2871//6325 2874//6325 3298//6325
f 2111//6326 3402//6326 3398//6326
f 3545//6327 2993//6327 2998//6327
f 2987//6328 3545//6328 2998//6328
f 2986//6329 2987//6329 2998//6329
f 2992//6330 2993//6330 3545//6330
f 2987//6331 3546//6331 3545//6331
f 3547//6332 3548//6332 3545//6332
f 2992//6333 3545//6333 3548//6333
f 3546//6334 3547//6334 3545//6334
f 3547//6335 3549//6335 3548//6335
f 2991//6336 3548//6336 3549//6336
f 2991//6337 2992//6337 3548//6337
f 2990//6338 3549//6338 3547//6338
f 2990//6339 2991//6339 3549//6339
f 2989//6340 3547//6340 3546//6340
f 2989//6341 2990//6341 3547//6341
f 2985//6342 3546//6342 2987//6342
f 2988//6343 2989//6343 3546//6343
f 2985//6344 2988//6344 3546//6344
f 2998//6345 2984//6345 2986//6345
f 2982//6346 2986//6346 2984//6346
f 3003//6347 2983//6347 2984//6347
f 2998//6348 3003//6348 2984//6348
f 3550//6349 2981//6349 2983//6349
f 2979//6350 2983//6350 2981//6350
f 3003//6351 3550//6351 2983//6351
f 3551//6352 2980//6352 2981//6352
f 3550//6353 3551//6353 2981//6353
f 3551//6354 3552//6354 2980//6354
f 2978//6355 2980//6355 3552//6355
f 3553//6356 3554//6356 3552//6356
f 2977//6357 3552//6357 3554//6357
f 3551//6358 3553//6358 3552//6358
f 2977//6359 2978//6359 3552//6359
f 3555//6360 3556//6360 3554//6360
f 2977//6361 3554//6361 3556//6361
f 3553//6362 3555//6362 3554//6362
f 3555//6363 3557//6363 3556//6363
f 2976//6364 3556//6364 3557//6364
f 2976//6365 2977//6365 3556//6365
f 3555//6366 3558//6366 3557//6366
f 2975//6367 3557//6367 3558//6367
f 2975//6368 2976//6368 3557//6368
f 3555//6369 3559//6369 3558//6369
f 2974//6370 3558//6370 3559//6370
f 2974//6371 2975//6371 3558//6371
f 3555//6372 2972//6372 3559//6372
f 2971//6373 3559//6373 2972//6373
f 2973//6374 2974//6374 3559//6374
f 2971//6375 2973//6375 3559//6375
f 3560//6376 2970//6376 2972//6376
f 3555//6377 3560//6377 2972//6377
f 3560//6378 2951//6378 2970//6378
f 2951//6379 2969//6379 2970//6379
f 2952//6380 2965//6380 2969//6380
f 2951//6381 2952//6381 2969//6381
f 2954//6382 2964//6382 2965//6382
f 2952//6383 2954//6383 2965//6383
f 2955//6384 2966//6384 2964//6384
f 2954//6385 2955//6385 2964//6385
f 3561//6386 3562//6386 2966//6386
f 2960//6387 2966//6387 3562//6387
f 2955//6388 3561//6388 2966//6388
f 2961//6389 2966//6389 2960//6389
f 3561//6390 3563//6390 3562//6390
f 2960//6391 3562//6391 3563//6391
f 3564//6392 3565//6392 3563//6392
f 2959//6393 3563//6393 3565//6393
f 3561//6394 3564//6394 3563//6394
f 2960//6395 3563//6395 2959//6395
f 2958//6396 3565//6396 3564//6396
f 2959//6397 3565//6397 2958//6397
f 2957//6398 3564//6398 3561//6398
f 2958//6399 3564//6399 2957//6399
f 2956//6400 3561//6400 2953//6400
f 2957//6401 3561//6401 2956//6401
f 2953//6402 3561//6402 2955//6402
f 2950//6403 2954//6403 2952//6403
f 2949//6404 2951//6404 3560//6404
f 3566//6405 3560//6405 3555//6405
f 3567//6406 3560//6406 3566//6406
f 2948//6407 3560//6407 3567//6407
f 2949//6408 3560//6408 2948//6408
f 3566//6409 3555//6409 3568//6409
f 3569//6410 3555//6410 3553//6410
f 3568//6411 3555//6411 3569//6411
f 3569//6412 3553//6412 3551//6412
f 3004//6413 3551//6413 3550//6413
f 3569//6414 3551//6414 3004//6414
f 2999//6415 3550//6415 3003//6415
f 3004//6416 3550//6416 2999//6416
f 2996//6417 3003//6417 2998//6417
f 2769//6418 2756//6418 3306//6418
f 3570//6419 2787//6419 2788//6419
f 3403//6420 2769//6420 3306//6420
f 3570//6421 3405//6421 2787//6421
f 3571//6422 3403//6422 3404//6422
f 3406//6423 3308//6423 3405//6423
f 3572//6424 3406//6424 3405//6424
f 3572//6425 3405//6425 3570//6425
f 3571//6426 3404//6426 3407//6426
f 3572//6427 512//6427 3406//6427
f 3412//6428 3408//6428 3409//6428
f 3407//6429 3408//6429 3412//6429
f 3573//6430 3410//6430 3411//6430
f 3574//6431 3411//6431 3417//6431
f 3574//6432 3573//6432 3411//6432
f 3575//6433 3574//6433 3417//6433
f 3410//6434 3576//6434 3412//6434
f 3577//6435 3412//6435 3576//6435
f 3407//6436 3412//6436 3577//6436
f 3410//6437 3578//6437 3576//6437
f 3577//6438 3576//6438 3578//6438
f 3579//6439 3577//6439 3578//6439
f 3580//6440 3579//6440 3578//6440
f 3573//6441 3578//6441 3410//6441
f 3581//6442 3578//6442 3573//6442
f 3415//6443 3413//6443 3414//6443
f 3582//6444 3414//6444 487//6444
f 3582//6445 3415//6445 3414//6445
f 3582//6446 487//6446 489//6446
f 3583//6447 3466//6447 3420//6447
f 3583//6448 3420//6448 3418//6448
f 3465//6449 3466//6449 3584//6449
f 3585//6450 3584//6450 3466//6450
f 3583//6451 3585//6451 3466//6451
f 3583//6452 3418//6452 3421//6452
f 3586//6453 3583//6453 3421//6453
f 3422//6454 3586//6454 3421//6454
f 3459//6455 3463//6455 3464//6455
f 3462//6456 3463//6456 3459//6456
f 3461//6457 3463//6457 3462//6457
f 3452//6458 3459//6458 3464//6458
f 3470//6459 3465//6459 3584//6459
f 3587//6460 3470//6460 3584//6460
f 3588//6461 3584//6461 3585//6461
f 3587//6462 3584//6462 3588//6462
f 3589//6463 3470//6463 3587//6463
f 3467//6464 3455//6464 3454//6464
f 3449//6465 3448//6465 3455//6465
f 3590//6466 3455//6466 3467//6466
f 3590//6467 3449//6467 3455//6467
f 3591//6468 3416//6468 3469//6468
f 3592//6469 3469//6469 3468//6469
f 3592//6470 3591//6470 3469//6470
f 3593//6471 3417//6471 3416//6471
f 3591//6472 3593//6472 3416//6472
f 3594//6473 3472//6473 3415//6473
f 3595//6474 3472//6474 3594//6474
f 3595//6475 3471//6475 3472//6475
f 3596//6476 3594//6476 3415//6476
f 3596//6477 3595//6477 3594//6477
f 3597//6478 3415//6478 3582//6478
f 3598//6479 3596//6479 3415//6479
f 3599//6480 3415//6480 3597//6480
f 3598//6481 3415//6481 3599//6481
f 3600//6482 3468//6482 3334//6482
f 3592//6483 3468//6483 3600//6483
f 3249//6484 3250//6484 3470//6484
f 3249//6485 3470//6485 3589//6485
f 3088//6486 3467//6486 3089//6486
f 3088//6487 3590//6487 3467//6487
f 3596//6488 3474//6488 3471//6488
f 3596//6489 3471//6489 3595//6489
f 3600//6490 3334//6490 3345//6490
f 3601//6491 3600//6491 3345//6491
f 3475//6492 3601//6492 3345//6492
f 3602//6493 3601//6493 3475//6493
f 3603//6494 3346//6494 3474//6494
f 3476//6495 3346//6495 3603//6495
f 3603//6496 3474//6496 3596//6496
f 3604//6497 3476//6497 3603//6497
f 3477//6498 3475//6498 3350//6498
f 3478//6499 3476//6499 3604//6499
f 3479//6500 3605//6500 3477//6500
f 3606//6501 3477//6501 3605//6501
f 3606//6502 3475//6502 3477//6502
f 3480//6503 3605//6503 3479//6503
f 3607//6504 3605//6504 3480//6504
f 3608//6505 3605//6505 3607//6505
f 3608//6506 3606//6506 3605//6506
f 3606//6507 3602//6507 3475//6507
f 1590//6508 3169//6508 3174//6508
f 3148//6509 3150//6509 3153//6509
f 3478//6510 374//6510 3354//6510
f 380//6511 374//6511 3478//6511
f 3169//6512 1589//6512 3173//6512
f 1590//6513 1589//6513 3169//6513
f 1614//6514 3153//6514 3152//6514
f 3609//6515 3148//6515 3153//6515
f 1613//6516 3153//6516 1614//6516
f 1613//6517 3609//6517 3153//6517
f 1736//6518 1735//6518 1439//6518
f 1736//6519 1439//6519 1443//6519
f 3481//6520 3607//6520 3480//6520
f 3481//6521 3610//6521 3607//6521
f 3611//6522 3607//6522 3610//6522
f 3611//6523 3608//6523 3607//6523
f 3484//6524 3610//6524 3481//6524
f 3612//6525 3610//6525 3484//6525
f 3613//6526 3484//6526 3483//6526
f 3613//6527 3612//6527 3484//6527
f 1791//6528 1995//6528 1788//6528
f 1994//6529 1788//6529 1995//6529
f 1789//6530 1788//6530 1994//6530
f 88//6531 3487//6531 85//6531
f 1807//6532 1980//6532 1806//6532
f 3614//6533 3613//6533 3483//6533
f 1979//6534 1980//6534 1807//6534
f 3615//6535 3483//6535 3485//6535
f 3615//6536 3614//6536 3483//6536
f 3616//6537 3487//6537 88//6537
f 3488//6538 3487//6538 3616//6538
f 3617//6539 3485//6539 3495//6539
f 3615//6540 3485//6540 3617//6540
f 3493//6541 1948//6541 1952//6541
f 3494//6542 3617//6542 3495//6542
f 3618//6543 715//6543 718//6543
f 3618//6544 3378//6544 715//6544
f 3619//6545 3496//6545 3378//6545
f 3618//6546 3619//6546 3378//6546
f 3619//6547 1084//6547 3496//6547
f 3620//6548 3497//6548 1150//6548
f 3620//6549 1150//6549 3621//6549
f 3499//6550 3497//6550 3620//6550
f 3505//6551 3622//6551 3507//6551
f 3623//6552 3507//6552 3622//6552
f 3623//6553 3504//6553 3507//6553
f 3506//6554 3622//6554 3505//6554
f 3506//6555 3623//6555 3622//6555
f 2221//6556 3508//6556 2213//6556
f 3511//6557 3624//6557 3508//6557
f 3624//6558 3625//6558 3508//6558
f 2213//6559 3508//6559 3625//6559
f 3624//6560 3626//6560 3625//6560
f 3627//6561 3625//6561 3626//6561
f 3628//6562 2213//6562 3625//6562
f 3629//6563 3628//6563 3625//6563
f 3629//6564 3625//6564 3627//6564
f 3630//6565 3626//6565 3624//6565
f 3627//6566 3626//6566 3630//6566
f 3630//6567 3624//6567 3631//6567
f 3631//6568 3624//6568 3632//6568
f 3632//6569 3624//6569 3511//6569
f 3632//6570 3511//6570 3512//6570
f 3513//6571 3633//6571 3512//6571
f 3634//6572 3512//6572 3633//6572
f 3634//6573 3632//6573 3512//6573
f 3635//6574 3633//6574 3513//6574
f 3636//6575 3633//6575 3635//6575
f 3636//6576 3634//6576 3633//6576
f 3635//6577 3513//6577 3514//6577
f 3637//6578 3635//6578 3514//6578
f 3637//6579 3514//6579 3516//6579
f 2259//6580 3637//6580 3516//6580
f 2257//6581 2259//6581 3516//6581
f 2257//6582 3516//6582 3517//6582
f 3638//6583 3517//6583 3518//6583
f 3639//6584 2257//6584 3517//6584
f 3640//6585 3517//6585 3638//6585
f 3641//6586 3517//6586 3640//6586
f 3639//6587 3517//6587 3641//6587
f 3638//6588 3518//6588 3520//6588
f 3383//6589 3638//6589 3520//6589
f 3642//6590 3525//6590 3524//6590
f 3643//6591 3642//6591 3524//6591
f 1011//6592 3643//6592 3524//6592
f 1006//6593 1011//6593 3524//6593
f 3644//6594 3525//6594 3642//6594
f 3526//6595 3525//6595 3644//6595
f 3644//6596 3642//6596 3643//6596
f 3645//6597 3537//6597 3523//6597
f 3646//6598 3539//6598 3538//6598
f 3647//6599 3541//6599 3542//6599
f 3648//6600 3395//6600 3539//6600
f 3648//6601 3539//6601 3646//6601
f 2873//6602 3542//6602 3543//6602
f 2873//6603 3647//6603 3542//6603
f 3649//6604 3400//6604 3395//6604
f 3650//6605 3649//6605 3395//6605
f 3650//6606 3395//6606 3648//6606
f 2875//6607 3543//6607 2874//6607
f 820//6608 3544//6608 822//6608
f 3303//6609 3544//6609 3302//6609
f 3304//6610 3544//6610 3303//6610
f 3009//6611 3400//6611 3649//6611
f 3010//6612 3009//6612 3649//6612
f 3007//6613 3010//6613 3649//6613
f 3007//6614 3649//6614 3650//6614
f 3651//6615 2836//6615 2842//6615
f 2837//6616 2836//6616 3651//6616
f 3402//6617 2842//6617 2841//6617
f 3652//6618 2842//6618 3402//6618
f 3652//6619 3651//6619 2842//6619
f 2110//6620 3652//6620 3402//6620
f 2110//6621 3402//6621 2111//6621
f 3001//6622 3006//6622 3010//6622
f 3001//6623 3010//6623 3007//6623
f 3653//6624 2790//6624 3654//6624
f 3655//6625 3653//6625 3654//6625
f 3655//6626 3654//6626 3656//6626
f 2789//6627 2790//6627 3653//6627
f 3657//6628 2789//6628 3653//6628
f 3658//6629 3657//6629 3653//6629
f 3658//6630 3653//6630 3655//6630
f 2791//6631 3654//6631 2790//6631
f 2796//6632 3654//6632 2791//6632
f 2796//6633 3656//6633 3654//6633
f 3659//6634 2789//6634 3657//6634
f 3660//6635 2789//6635 3659//6635
f 3659//6636 3657//6636 3658//6636
f 3661//6637 2789//6637 3660//6637
f 3661//6638 2788//6638 2789//6638
f 3662//6639 2788//6639 3661//6639
f 3662//6640 3570//6640 2788//6640
f 3663//6641 2769//6641 3403//6641
f 3663//6642 2768//6642 2769//6642
f 3664//6643 3403//6643 3571//6643
f 3664//6644 3663//6644 3403//6644
f 3665//6645 3572//6645 3570//6645
f 508//6646 512//6646 3572//6646
f 3665//6647 508//6647 3572//6647
f 3407//6648 3577//6648 3571//6648
f 3579//6649 3571//6649 3577//6649
f 3579//6650 3664//6650 3571//6650
f 509//6651 508//6651 3665//6651
f 3581//6652 3573//6652 3574//6652
f 3593//6653 3575//6653 3417//6653
f 3666//6654 3575//6654 3593//6654
f 3667//6655 3575//6655 3666//6655
f 3597//6656 3582//6656 489//6656
f 3597//6657 489//6657 493//6657
f 3460//6658 3462//6658 3459//6658
f 3458//6659 3462//6659 3460//6659
f 3587//6660 3588//6660 3668//6660
f 3669//6661 3668//6661 3588//6661
f 3585//6662 3669//6662 3588//6662
f 3670//6663 3583//6663 3586//6663
f 3585//6664 3583//6664 3670//6664
f 3671//6665 3586//6665 3422//6665
f 3672//6666 3670//6666 3586//6666
f 3671//6667 3672//6667 3586//6667
f 3425//6668 3671//6668 3422//6668
f 3589//6669 3587//6669 3668//6669
f 3673//6670 3589//6670 3668//6670
f 3673//6671 3668//6671 3669//6671
f 3674//6672 3589//6672 3673//6672
f 3675//6673 3451//6673 3450//6673
f 3590//6674 3450//6674 3449//6674
f 3675//6675 3446//6675 3451//6675
f 3592//6676 3593//6676 3591//6676
f 3600//6677 3593//6677 3592//6677
f 3676//6678 3593//6678 3600//6678
f 3676//6679 3666//6679 3593//6679
f 3675//6680 3450//6680 3590//6680
f 3677//6681 3249//6681 3589//6681
f 3247//6682 3677//6682 3589//6682
f 3247//6683 3589//6683 3674//6683
f 3092//6684 3590//6684 3678//6684
f 3092//6685 3675//6685 3590//6685
f 3088//6686 3678//6686 3590//6686
f 3676//6687 3600//6687 3601//6687
f 3679//6688 3601//6688 3602//6688
f 3680//6689 3676//6689 3601//6689
f 3679//6690 3680//6690 3601//6690
f 3247//6691 3249//6691 3677//6691
f 3092//6692 3678//6692 3088//6692
f 3681//6693 3603//6693 3596//6693
f 3681//6694 3596//6694 3598//6694
f 3682//6695 3604//6695 3603//6695
f 3682//6696 3603//6696 3681//6696
f 3683//6697 3604//6697 3682//6697
f 3684//6698 3679//6698 3602//6698
f 3685//6699 3684//6699 3602//6699
f 3172//6700 3249//6700 3247//6700
f 3087//6701 3092//6701 3088//6701
f 399//6702 3478//6702 3604//6702
f 399//6703 3604//6703 3683//6703
f 3685//6704 3602//6704 3606//6704
f 3685//6705 3606//6705 3608//6705
f 3611//6706 3685//6706 3608//6706
f 3185//6707 3174//6707 3175//6707
f 3185//6708 1590//6708 3174//6708
f 3609//6709 3149//6709 3148//6709
f 3147//6710 3146//6710 3149//6710
f 3147//6711 3149//6711 3609//6711
f 1584//6712 1587//6712 1590//6712
f 1584//6713 1590//6713 3185//6713
f 1615//6714 3609//6714 1613//6714
f 1615//6715 3147//6715 3609//6715
f 399//6716 380//6716 3478//6716
f 1736//6717 1443//6717 1444//6717
f 1452//6718 1736//6718 1444//6718
f 1733//6719 1736//6719 1452//6719
f 1732//6720 1734//6720 1736//6720
f 1732//6721 1736//6721 1733//6721
f 3686//6722 3612//6722 3613//6722
f 3687//6723 3610//6723 3612//6723
f 3686//6724 3687//6724 3612//6724
f 1809//6725 1979//6725 1807//6725
f 1996//6726 1789//6726 1994//6726
f 1996//6727 1790//6727 1789//6727
f 90//6728 3616//6728 88//6728
f 1978//6729 1979//6729 1809//6729
f 3488//6730 3616//6730 3688//6730
f 3689//6731 3688//6731 3616//6731
f 3689//6732 3616//6732 90//6732
f 3494//6733 3615//6733 3617//6733
f 3690//6734 3615//6734 3494//6734
f 3691//6735 3614//6735 3615//6735
f 3690//6736 3691//6736 3615//6736
f 3492//6737 1850//6738 1849//6739
f 3692//6740 3492//6741 1849//6740
f 3692//6742 1849//6742 1853//6742
f 3693//6743 3491//6743 3492//6744
f 1850//6745 3693//6746 3492//6747
f 3692//6748 1850//6749 3492//6750
f 3688//6751 1948//6751 3493//6751
f 1949//6752 1948//6752 3688//6752
f 3488//6753 3688//6753 3493//6753
f 3689//6754 1949//6754 3688//6754
f 3690//6755 3494//6755 3491//6755
f 3694//6756 3491//6756 3693//6756
f 3694//6757 3690//6757 3491//6757
f 3695//6758 3696//6758 3697//6758
f 3698//6759 3697//6759 3696//6759
f 3699//6760 3700//6760 3697//6760
f 3701//6761 3699//6761 3697//6761
f 3698//6762 3701//6762 3697//6762
f 3702//6763 3696//6763 3695//6763
f 3703//6764 3698//6764 3696//6764
f 3704//6765 3703//6765 3696//6765
f 3704//6766 3696//6766 3702//6766
f 3700//6767 3695//6767 3697//6767
f 3705//6768 3695//6768 3700//6768
f 3705//6769 3706//6769 3695//6769
f 3702//6770 3695//6770 3706//6770
f 3699//6771 3707//6771 3700//6771
f 3708//6772 3700//6772 3707//6772
f 3708//6773 3705//6773 3700//6773
f 3709//6774 3707//6774 3699//6774
f 3710//6775 3708//6775 3707//6775
f 3710//6776 3707//6776 3709//6776
f 3701//6777 3711//6777 3699//6777
f 3712//6778 3699//6778 3711//6778
f 3709//6779 3699//6779 3712//6779
f 3713//6780 3714//6780 3711//6780
f 3715//6781 3711//6781 3714//6781
f 3716//6782 3713//6782 3711//6782
f 3701//6783 3716//6783 3711//6783
f 3717//6784 3712//6784 3711//6784
f 3715//6785 3717//6785 3711//6785
f 3718//6786 3714//6786 3713//6786
f 3715//6787 3714//6787 3719//6787
f 3718//6788 3719//6788 3714//6788
f 3720//6789 3713//6789 3716//6789
f 3718//6790 3713//6790 3720//6790
f 3721//6791 3722//6791 3716//6791
f 3720//6792 3716//6792 3722//6792
f 3701//6793 3721//6793 3716//6793
f 3721//6794 3723//6794 3722//6794
f 3724//6795 3722//6795 3723//6795
f 3724//6796 3720//6796 3722//6796
f 3725//6797 3723//6797 3721//6797
f 3724//6798 3723//6798 3726//6798
f 3727//6799 3726//6799 3723//6799
f 3728//6800 3727//6800 3723//6800
f 3729//6801 3723//6801 3725//6801
f 3729//6802 3728//6802 3723//6802
f 3730//6803 3721//6803 3701//6803
f 3730//6804 3731//6804 3721//6804
f 3725//6805 3721//6805 3731//6805
f 3732//6806 3701//6806 3698//6806
f 3733//6807 3701//6807 3732//6807
f 3734//6808 3701//6808 3733//6808
f 3734//6809 3730//6809 3701//6809
f 3732//6810 3698//6810 3703//6810
f 3702//6811 3706//6811 3735//6811
f 3736//6812 3735//6812 3706//6812
f 3737//6813 3706//6813 3705//6813
f 3737//6814 3736//6814 3706//6814
f 3738//6815 3705//6815 3739//6815
f 3737//6816 3705//6816 3738//6816
f 3739//6817 3705//6817 3708//6817
f 3740//6818 3739//6818 3708//6818
f 3740//6819 3708//6819 3710//6819
f 3741//6820 3738//6820 3739//6820
f 3742//6821 3741//6821 3739//6821
f 3742//6822 3739//6822 3740//6822
f 3741//6823 3743//6823 3738//6823
f 3744//6824 3738//6824 3743//6824
f 3744//6825 3737//6825 3738//6825
f 3745//6826 3746//6826 3743//6826
f 3744//6827 3743//6827 3746//6827
f 3747//6828 3745//6828 3743//6828
f 3741//6829 3747//6829 3743//6829
f 3745//6830 3748//6830 3746//6830
f 3749//6831 3744//6831 3746//6831
f 3750//6832 3749//6832 3746//6832
f 3748//6833 3751//6833 3746//6833
f 3752//6834 3746//6834 3751//6834
f 3750//6835 3746//6835 3752//6835
f 3748//6836 3753//6836 3751//6836
f 3752//6837 3751//6837 3753//6837
f 3754//6838 3755//6838 3753//6838
f 3727//6839 3753//6839 3755//6839
f 3748//6840 3754//6840 3753//6840
f 3752//6841 3753//6841 3756//6841
f 3757//6842 3756//6842 3753//6842
f 3728//6843 3753//6843 3727//6843
f 3757//6844 3753//6844 3728//6844
f 3758//6845 3755//6845 3754//6845
f 3759//6846 3755//6846 3758//6846
f 3727//6847 3755//6847 3759//6847
f 3760//6848 3754//6848 3748//6848
f 3760//6849 3758//6849 3754//6849
f 3761//6850 3748//6850 3745//6850
f 3762//6851 3748//6851 3761//6851
f 3762//6852 3760//6852 3748//6852
f 3763//6853 3764//6853 3745//6853
f 3765//6854 3745//6854 3764//6854
f 3747//6855 3763//6855 3745//6855
f 3761//6856 3745//6856 3765//6856
f 3766//6857 3764//6857 3763//6857
f 3765//6858 3764//6858 3766//6858
f 3767//6859 3763//6859 3747//6859
f 3766//6860 3763//6860 3767//6860
f 3768//6861 3747//6861 3741//6861
f 3767//6862 3747//6862 3768//6862
f 3768//6863 3741//6863 3742//6863
f 3769//6864 3736//6864 3737//6864
f 3770//6865 3769//6865 3737//6865
f 3770//6866 3737//6866 3744//6866
f 3771//6867 3772//6867 3773//6867
f 3774//6868 3773//6868 3772//6868
f 3775//6869 3771//6869 3773//6869
f 3732//6870 3703//6870 3773//6870
f 3776//6871 3732//6871 3773//6871
f 3774//6872 3776//6872 3773//6872
f 3771//6873 3777//6873 3772//6873
f 3778//6874 3772//6874 3777//6874
f 3779//6875 3774//6875 3772//6875
f 3779//6876 3772//6876 3778//6876
f 3780//6877 3777//6877 3771//6877
f 3781//6878 3777//6878 3780//6878
f 3778//6879 3777//6879 3781//6879
f 3782//6880 3773//6880 3703//6880
f 3775//6881 3773//6881 3782//6881
f 3704//6882 3782//6882 3703//6882
f 3776//6883 3733//6883 3732//6883
f 3783//6884 3733//6884 3776//6884
f 3734//6885 3733//6885 3783//6885
f 3784//6886 3776//6886 3774//6886
f 3783//6887 3776//6887 3784//6887
f 3784//6888 3774//6888 3779//6888
f 3735//6889 3785//6889 3782//6889
f 3786//6890 3782//6890 3785//6890
f 3702//6891 3735//6891 3782//6891
f 3704//6892 3702//6892 3782//6892
f 3786//6893 3787//6893 3782//6893
f 3736//6894 3785//6894 3735//6894
f 3788//6895 3785//6895 3736//6895
f 3789//6896 3786//6896 3785//6896
f 3790//6897 3789//6897 3785//6897
f 3791//6898 3790//6898 3785//6898
f 3788//6899 3791//6899 3785//6899
f 3792//6900 3775//6900 3782//6900
f 3793//6901 3792//6901 3782//6901
f 3787//6902 3793//6902 3782//6902
f 3794//6903 3775//6903 3792//6903
f 3794//6904 3771//6904 3775//6904
f 3795//6905 3794//6905 3792//6905
f 3796//6906 3795//6906 3792//6906
f 3796//6907 3792//6907 3793//6907
f 3797//6908 3796//6908 3793//6908
f 3798//6909 3793//6909 3787//6909
f 3799//6910 3797//6910 3793//6910
f 3798//6911 3799//6911 3793//6911
f 3800//6912 3801//6912 3787//6912
f 3802//6913 3787//6913 3801//6913
f 3803//6914 3800//6914 3787//6914
f 3804//6915 3803//6915 3787//6915
f 3786//6916 3804//6916 3787//6916
f 3798//6917 3787//6917 3802//6917
f 3800//6918 3805//6918 3801//6918
f 3806//6919 3802//6919 3801//6919
f 3807//6920 3806//6920 3801//6920
f 3805//6921 3808//6921 3801//6921
f 3807//6922 3801//6922 3808//6922
f 3809//6923 3810//6923 3808//6923
f 3811//6924 3808//6924 3810//6924
f 3805//6925 3809//6925 3808//6925
f 3756//6926 3808//6926 3811//6926
f 3807//6927 3808//6927 3756//6927
f 3809//6928 3812//6928 3810//6928
f 3813//6929 3810//6929 3812//6929
f 3813//6930 3811//6930 3810//6930
f 3814//6931 3812//6931 3809//6931
f 3813//6932 3812//6932 3814//6932
f 3815//6933 3816//6933 3809//6933
f 3817//6934 3809//6934 3816//6934
f 3805//6935 3815//6935 3809//6935
f 3817//6936 3814//6936 3809//6936
f 3818//6937 3816//6937 3815//6937
f 3819//6938 3815//6938 3805//6938
f 3818//6939 3815//6939 3819//6939
f 3819//6940 3805//6940 3800//6940
f 3819//6941 3800//6941 3820//6941
f 3820//6942 3800//6942 3803//6942
f 3821//6943 3803//6943 3804//6943
f 3822//6944 3803//6944 3821//6944
f 3823//6945 3803//6945 3822//6945
f 3823//6946 3824//6946 3803//6946
f 3816//6947 3803//6947 3824//6947
f 3818//6948 3803//6948 3816//6948
f 3820//6949 3803//6949 3818//6949
f 3821//6950 3804//6950 3786//6950
f 3825//6951 3786//6951 3789//6951
f 3821//6952 3786//6952 3825//6952
f 3790//6953 3826//6953 3789//6953
f 3827//6954 3789//6954 3826//6954
f 3825//6955 3789//6955 3827//6955
f 3828//6956 3826//6956 3790//6956
f 3829//6957 3826//6957 3828//6957
f 3830//6958 3826//6958 3829//6958
f 3831//6959 3827//6959 3826//6959
f 3830//6960 3831//6960 3826//6960
f 3828//6961 3790//6961 3791//6961
f 3788//6962 3832//6962 3791//6962
f 3833//6963 3791//6963 3832//6963
f 3833//6964 3828//6964 3791//6964
f 3769//6965 3832//6965 3788//6965
f 3770//6966 3832//6966 3769//6966
f 3770//6967 3834//6967 3832//6967
f 3833//6968 3832//6968 3834//6968
f 3769//6969 3788//6969 3736//6969
f 1083//6970 1084//6970 3619//6970
f 1082//6971 1083//6971 3619//6971
f 3835//6972 1082//6972 3619//6972
f 3836//6973 3621//6973 1150//6973
f 1153//6974 3836//6974 1150//6974
f 3837//6975 3621//6975 3836//6975
f 3837//6976 3620//6976 3621//6976
f 3837//6977 3836//6977 1153//6977
f 3838//6978 3837//6978 1153//6978
f 3838//6979 1153//6979 3839//6979
f 2328//6980 2327//6980 3501//6980
f 2344//6981 2328//6981 3501//6981
f 3840//6982 3501//6982 3499//6982
f 3840//6983 2344//6983 3501//6983
f 3837//6984 3499//6984 3620//6984
f 3837//6985 3840//6985 3499//6985
f 1282//6986 1278//6986 1279//6986
f 1282//6987 1277//6987 1278//6987
f 3506//6988 3504//6988 3623//6988
f 2264//6989 3636//6989 3635//6989
f 2262//6990 3635//6990 3637//6990
f 2262//6991 2264//6991 3635//6991
f 2261//6992 2262//6992 3637//6992
f 3841//6993 3842//6993 3843//6993
f 3841//6994 3844//6994 3842//6994
f 3845//6995 3842//6995 3844//6995
f 3846//6996 3843//6996 3842//6996
f 3845//6997 3846//6997 3842//6997
f 3845//6998 3844//6998 3841//6998
f 3847//6999 3848//6999 3841//6999
f 3843//7000 3847//7000 3841//7000
f 2259//7001 2261//7001 3637//7001
f 3639//7002 2254//7002 2257//7002
f 3849//7003 3640//7003 3638//7003
f 3383//7004 3849//7004 3638//7004
f 3641//7005 3640//7005 3849//7005
f 3383//7006 3850//7006 3849//7006
f 3850//7007 3851//7007 3849//7007
f 3641//7008 3849//7008 3851//7008
f 3641//7009 3851//7009 3852//7009
f 3850//7010 3853//7010 3851//7010
f 3854//7011 3851//7011 3853//7011
f 3854//7012 3852//7012 3851//7012
f 3855//7013 3853//7013 3850//7013
f 3856//7014 3854//7014 3853//7014
f 3857//7015 3856//7015 3853//7015
f 3857//7016 3853//7016 3855//7016
f 3858//7017 3855//7017 3850//7017
f 3858//7018 3850//7018 3859//7018
f 3859//7019 3850//7019 3383//7019
f 3859//7020 3383//7020 3274//7020
f 1013//7021 3643//7021 1011//7021
f 3860//7022 3644//7022 3643//7022
f 3861//7023 3860//7023 3643//7023
f 3861//7024 3643//7024 1013//7024
f 2732//7025 3274//7025 2575//7025
f 2732//7026 3859//7026 3274//7026
f 3862//7027 3644//7027 3860//7027
f 3862//7028 3526//7028 3644//7028
f 3862//7029 3860//7029 3861//7029
f 3863//7030 3527//7030 3526//7030
f 3863//7031 3526//7031 3862//7031
f 3864//7032 3523//7032 3527//7032
f 3863//7033 3864//7033 3527//7033
f 3645//7034 3523//7034 3864//7034
f 3865//7035 3645//7035 3864//7035
f 3866//7036 3865//7036 3864//7036
f 3867//7037 3866//7037 3864//7037
f 3867//7038 3864//7038 3863//7038
f 3868//7039 3537//7039 3645//7039
f 3868//7040 3538//7040 3537//7040
f 3868//7041 3646//7041 3538//7041
f 3869//7042 3535//7042 3540//7042
f 3870//7043 3540//7043 3541//7043
f 3870//7044 3869//7044 3540//7044
f 3870//7045 3541//7045 3647//7045
f 3869//7046 3532//7046 3535//7046
f 3871//7047 3646//7047 3868//7047
f 3871//7048 3648//7048 3646//7048
f 3870//7049 3647//7049 2873//7049
f 2879//7050 3870//7050 2873//7050
f 3872//7051 3650//7051 3648//7051
f 3872//7052 3648//7052 3871//7052
f 2875//7053 2873//7053 3543//7053
f 3873//7054 3544//7054 3304//7054
f 822//7055 3544//7055 3873//7055
f 3005//7056 3007//7056 3650//7056
f 3874//7057 3650//7057 3872//7057
f 3875//7058 3005//7058 3650//7058
f 3874//7059 3875//7059 3650//7059
f 3876//7060 2837//7060 3651//7060
f 2838//7061 2837//7061 3876//7061
f 3876//7062 3651//7062 3652//7062
f 3877//7063 3652//7063 2110//7063
f 3877//7064 3876//7064 3652//7064
f 3873//7065 3304//7065 3305//7065
f 3878//7066 3873//7066 3305//7066
f 3878//7067 3305//7067 3879//7067
f 3879//7068 3305//7068 2760//7068
f 3569//7069 3004//7069 3005//7069
f 3877//7070 2110//7070 2112//7070
f 2763//7071 3879//7071 2760//7071
f 3880//7072 3656//7072 2796//7072
f 3880//7073 3881//7073 3656//7073
f 3882//7074 3655//7074 3656//7074
f 3882//7075 3656//7075 3881//7075
f 2798//7076 3880//7076 2796//7076
f 3883//7077 2764//7077 2762//7077
f 2766//7078 3883//7078 2762//7078
f 3883//7079 2765//7079 2764//7079
f 3884//7080 3658//7080 3655//7080
f 3884//7081 3655//7081 3882//7081
f 3885//7082 2766//7082 2768//7082
f 3885//7083 2768//7083 3663//7083
f 3886//7084 3887//7084 3658//7084
f 3659//7085 3658//7085 3887//7085
f 3888//7086 3886//7086 3658//7086
f 3888//7087 3658//7087 3884//7087
f 3889//7088 3887//7088 3886//7088
f 3660//7089 3659//7089 3887//7089
f 3889//7090 3660//7090 3887//7090
f 3889//7091 3886//7091 3888//7091
f 3889//7092 3661//7092 3660//7092
f 3662//7093 3661//7093 3889//7093
f 3890//7094 3570//7094 3662//7094
f 3890//7095 3662//7095 3891//7095
f 3892//7096 3663//7096 3664//7096
f 3892//7097 3885//7097 3663//7097
f 3893//7098 3665//7098 3570//7098
f 3893//7099 3570//7099 3890//7099
f 3580//7100 3664//7100 3579//7100
f 3580//7101 3892//7101 3664//7101
f 3893//7102 509//7102 3665//7102
f 507//7103 509//7103 3893//7103
f 3894//7104 3581//7104 3574//7104
f 3895//7105 3581//7105 3894//7105
f 3896//7106 3578//7106 3581//7106
f 3895//7107 3896//7107 3581//7107
f 3897//7108 3574//7108 3575//7108
f 3897//7109 3894//7109 3574//7109
f 3898//7110 3897//7110 3575//7110
f 3667//7111 3898//7111 3575//7111
f 3899//7112 3597//7112 493//7112
f 3899//7113 493//7113 494//7113
f 3900//7114 3673//7114 3669//7114
f 3670//7115 3900//7115 3669//7115
f 3585//7116 3670//7116 3669//7116
f 3901//7117 3673//7117 3900//7117
f 3902//7118 3673//7118 3901//7118
f 3903//7119 3901//7119 3900//7119
f 3670//7120 3903//7120 3900//7120
f 3904//7121 3905//7121 3901//7121
f 3906//7122 3901//7122 3905//7122
f 3907//7123 3904//7123 3901//7123
f 3903//7124 3907//7124 3901//7124
f 3906//7125 3902//7125 3901//7125
f 3904//7126 3908//7126 3905//7126
f 3906//7127 3905//7127 3909//7127
f 3908//7128 3910//7128 3905//7128
f 3911//7129 3905//7129 3910//7129
f 3911//7130 3909//7130 3905//7130
f 3912//7131 3913//7131 3910//7131
f 3914//7132 3910//7132 3913//7132
f 3915//7133 3912//7133 3910//7133
f 3908//7134 3915//7134 3910//7134
f 3916//7135 3911//7135 3910//7135
f 3917//7136 3916//7136 3910//7136
f 3914//7137 3917//7137 3910//7137
f 3918//7138 3919//7138 3913//7138
f 3920//7139 3913//7139 3919//7139
f 3912//7140 3918//7140 3913//7140
f 3921//7141 3914//7141 3913//7141
f 3921//7142 3913//7142 3920//7142
f 3922//7143 3923//7143 3919//7143
f 3920//7144 3919//7144 3923//7144
f 3918//7145 3922//7145 3919//7145
f 3922//7146 3924//7146 3923//7146
f 3925//7147 3923//7147 3924//7147
f 3926//7148 3920//7148 3923//7148
f 3927//7149 3926//7149 3923//7149
f 3928//7150 3923//7150 3925//7150
f 3928//7151 3927//7151 3923//7151
f 3929//7152 3930//7152 3924//7152
f 3931//7153 3924//7153 3930//7153
f 3922//7154 3929//7154 3924//7154
f 3932//7155 3925//7155 3924//7155
f 3933//7156 3924//7156 3931//7156
f 3933//7157 3932//7157 3924//7157
f 3934//7158 3930//7158 3929//7158
f 3935//7159 3931//7159 3930//7159
f 3936//7160 3930//7160 3934//7160
f 3937//7161 3930//7161 3936//7161
f 3937//7162 3935//7162 3930//7162
f 3938//7163 3929//7163 3922//7163
f 3934//7164 3929//7164 3939//7164
f 3938//7165 3922//7165 3940//7165
f 3940//7166 3922//7166 3918//7166
f 3941//7167 3918//7167 3912//7167
f 3940//7168 3918//7168 3941//7168
f 3915//7169 3942//7169 3912//7169
f 3941//7170 3912//7170 3942//7170
f 3943//7171 3944//7171 3942//7171
f 3945//7172 3942//7172 3944//7172
f 3915//7173 3943//7173 3942//7173
f 3946//7174 3942//7174 3945//7174
f 3947//7175 3942//7175 3946//7175
f 3947//7176 3941//7176 3942//7176
f 3948//7177 3944//7177 3943//7177
f 3945//7178 3944//7178 3948//7178
f 3949//7179 3943//7179 3915//7179
f 3948//7180 3943//7180 3950//7180
f 3951//7181 3950//7181 3943//7181
f 3949//7182 3951//7182 3943//7182
f 3952//7183 3915//7183 3908//7183
f 3952//7184 3953//7184 3915//7184
f 3949//7185 3915//7185 3953//7185
f 3952//7186 3908//7186 3904//7186
f 3952//7187 3904//7187 3907//7187
f 3954//7188 3907//7188 3903//7188
f 3952//7189 3907//7189 3954//7189
f 3670//7190 3948//7190 3903//7190
f 3955//7191 3954//7191 3903//7191
f 3948//7192 3955//7192 3903//7192
f 3956//7193 3948//7193 3670//7193
f 3945//7194 3948//7194 3956//7194
f 3956//7195 3670//7195 3957//7195
f 3957//7196 3670//7196 3672//7196
f 3447//7197 3446//7197 3675//7197
f 3902//7198 3674//7198 3673//7198
f 3958//7199 3667//7199 3666//7199
f 3959//7200 3666//7200 3676//7200
f 3959//7201 3958//7201 3666//7201
f 3960//7202 3674//7202 3902//7202
f 3961//7203 3447//7203 3675//7203
f 3962//7204 3598//7204 3599//7204
f 3963//7205 3676//7205 3680//7205
f 3963//7206 3959//7206 3676//7206
f 3248//7207 3247//7207 3674//7207
f 3248//7208 3674//7208 3960//7208
f 3964//7209 3675//7209 3092//7209
f 3964//7210 3961//7210 3675//7210
f 3965//7211 3681//7211 3598//7211
f 3965//7212 3598//7212 3962//7212
f 3683//7213 3682//7213 3681//7213
f 3966//7214 3681//7214 3965//7214
f 3091//7215 3964//7215 3092//7215
f 3684//7216 3680//7216 3679//7216
f 3967//7217 3963//7217 3680//7217
f 3684//7218 3967//7218 3680//7218
f 3968//7219 3683//7219 3681//7219
f 398//7220 3683//7220 3968//7220
f 398//7221 399//7221 3683//7221
f 3969//7222 3684//7222 3685//7222
f 3969//7223 3685//7223 3611//7223
f 3970//7224 3611//7224 3610//7224
f 3970//7225 3969//7225 3611//7225
f 388//7226 399//7226 398//7226
f 1585//7227 3185//7227 3184//7227
f 3145//7228 3147//7228 1615//7228
f 1616//7229 3145//7229 1615//7229
f 1585//7230 1584//7230 3185//7230
f 1731//7231 1733//7231 1452//7231
f 1731//7232 1452//7232 1451//7232
f 3971//7233 3610//7233 3687//7233
f 3971//7234 3970//7234 3610//7234
f 3972//7235 3687//7235 3686//7235
f 3973//7236 3971//7236 3687//7236
f 3972//7237 3973//7237 3687//7237
f 1810//7238 1809//7238 1808//7238
f 1786//7239 1787//7239 1790//7239
f 1786//7240 1790//7240 1996//7240
f 3689//7241 90//7241 1949//7241
f 93//7242 1949//7242 90//7242
f 1978//7243 1809//7243 1810//7243
f 3974//7244 1786//7244 1996//7244
f 1942//7245 3974//7245 1996//7245
f 3975//7246 3686//7246 3613//7246
f 3972//7247 3686//7247 3975//7247
f 3975//7248 3613//7248 3614//7248
f 3976//7248 3975//7248 3614//7248
f 3976//7249 3614//7249 3691//7249
f 3977//7250 3972//7250 3975//7250
f 3976//7251 3977//7251 3975//7251
f 3978//7252 3692//7252 1853//7252
f 3978//7253 1853//7253 1855//7253
f 3979//7254 1944//7254 1949//7254
f 99//7255 3979//7255 1949//7255
f 97//7256 99//7256 1949//7256
f 95//7257 97//7257 1949//7257
f 93//7258 95//7258 1949//7258
f 3980//7259 3976//7259 3691//7259
f 3980//7260 3691//7260 3690//7260
f 3981//7261 3980//7261 3690//7261
f 3781//7262 3693//7262 1850//7263
f 3781//7264 3694//7264 3693//7264
f 3778//7265 3781//7265 1850//7266
f 3779//7267 3778//7267 1850//7268
f 3781//7269 3780//7269 3694//7269
f 3783//7270 3784//7270 3982//7270
f 3692//7271 3978//7271 1850//7272
f 3978//7273 3779//7273 1850//7274
f 3779//7275 3982//7275 3784//7275
f 3982//7276 3779//7276 3978//7276
f 3983//7277 3709//7277 3712//7277
f 3717//7278 3983//7278 3712//7278
f 3984//7279 3709//7279 3983//7279
f 3984//7280 3710//7280 3709//7280
f 3985//7281 3983//7281 3717//7281
f 3985//7282 3984//7282 3983//7282
f 3985//7283 3717//7283 3986//7283
f 3715//7284 3986//7284 3717//7284
f 3742//7285 3710//7285 3984//7285
f 3742//7286 3740//7286 3710//7286
f 3768//7287 3742//7287 3984//7287
f 3767//7288 3768//7288 3984//7288
f 3766//7289 3767//7289 3984//7289
f 3766//7290 3984//7290 3985//7290
f 3795//7291 3690//7291 3694//7291
f 3982//7292 3734//7292 3783//7292
f 3987//7293 3731//7293 3730//7293
f 3988//7294 3731//7294 3987//7294
f 3989//7295 3731//7295 3988//7295
f 3729//7296 3725//7296 3731//7296
f 3989//7297 3729//7297 3731//7297
f 3987//7298 3730//7298 3990//7298
f 3991//7299 3730//7299 3734//7299
f 3990//7300 3730//7300 3991//7300
f 3992//7301 3734//7301 3982//7301
f 3991//7302 3734//7302 3992//7302
f 3770//7303 3744//7303 3993//7303
f 3749//7304 3993//7304 3744//7304
f 3794//7305 3694//7305 3780//7305
f 3795//7306 3694//7306 3794//7306
f 3794//7307 3780//7307 3771//7307
f 3993//7308 3830//7308 3834//7308
f 3829//7309 3834//7309 3830//7309
f 3770//7310 3993//7310 3834//7310
f 3833//7311 3834//7311 3829//7311
f 3994//7312 3830//7312 3993//7312
f 3994//7313 3993//7313 3749//7313
f 3833//7314 3829//7314 3828//7314
f 3995//7315 3618//7315 718//7315
f 3995//7316 718//7316 721//7316
f 3618//7317 3835//7317 3619//7317
f 1156//7318 3839//7318 1153//7318
f 3996//7319 2344//7319 3840//7319
f 2345//7320 2344//7320 3996//7320
f 1285//7321 1276//7321 1277//7321
f 1282//7322 1285//7322 1277//7322
f 1275//7323 1273//7323 1276//7323
f 1285//7324 1275//7324 1276//7324
f 2263//7325 3636//7325 2264//7325
f 3636//7326 3997//7326 3634//7326
f 3632//7327 3634//7327 3997//7327
f 3636//7328 3998//7328 3997//7328
f 3999//7329 3997//7329 3998//7329
f 3999//7330 3632//7330 3997//7330
f 2238//7331 3998//7331 2271//7331
f 4000//7332 3999//7332 3998//7332
f 2238//7333 4000//7333 3998//7333
f 2271//7334 3998//7334 2274//7334
f 2267//7335 3998//7335 3636//7335
f 2274//7336 3998//7336 2267//7336
f 2267//7337 3636//7337 2265//7337
f 2265//7338 3636//7338 2263//7338
f 4001//7339 888//7339 891//7339
f 4002//7340 4001//7340 891//7340
f 939//7341 4002//7341 891//7341
f 4003//7342 888//7342 4001//7342
f 4003//7343 896//7343 888//7343
f 4004//7344 4001//7344 4002//7344
f 4003//7345 4001//7345 4004//7345
f 4005//7346 4002//7346 939//7346
f 1109//7347 4002//7347 4005//7347
f 1113//7348 4004//7348 4002//7348
f 4006//7349 4004//7349 1113//7349
f 4006//7350 4003//7350 4004//7350
f 1111//7351 1113//7351 4002//7351
f 1109//7352 1111//7352 4002//7352
f 1112//7353 4006//7353 1113//7353
f 4007//7354 1312//7354 1313//7354
f 4008//7355 1312//7355 4007//7355
f 4009//7356 1312//7356 4008//7356
f 4009//7357 1311//7357 1312//7357
f 4010//7358 4007//7358 1313//7358
f 4010//7359 1313//7359 1314//7359
f 4011//7360 4008//7360 4007//7360
f 4012//7361 4011//7361 4007//7361
f 4013//7362 4012//7362 4007//7362
f 4013//7363 4007//7363 4010//7363
f 4009//7364 4008//7364 4011//7364
f 4014//7365 4011//7365 4012//7365
f 4015//7366 4011//7366 4014//7366
f 2268//7367 4011//7367 4015//7367
f 4016//7368 4009//7368 4011//7368
f 2268//7369 4016//7369 4011//7369
f 4017//7370 4014//7370 4012//7370
f 4017//7371 4012//7371 4013//7371
f 4018//7372 4015//7372 4014//7372
f 2252//7373 4014//7373 4017//7373
f 2252//7374 4018//7374 4014//7374
f 4018//7375 2268//7375 4015//7375
f 4019//7376 4020//7377 3841//7377
f 3845//7378 3841//7378 4020//7378
f 3848//7379 4019//7380 3841//7379
f 4021//7381 4020//7381 4019//7382
f 4022//7383 3845//7383 4020//7383
f 4023//7384 4020//7384 4021//7384
f 4024//7385 4020//7385 4023//7385
f 4022//7386 4020//7386 4024//7386
f 4025//7387 4019//7388 3848//7389
f 4021//7390 4019//7391 4025//7392
f 4026//7393 3848//7393 3847//7393
f 4027//7394 3848//7394 4026//7394
f 4025//7395 3848//7396 4027//7396
f 4026//7397 3847//7397 3846//7397
f 3846//7398 3847//7398 3843//7398
f 3845//7399 4026//7399 3846//7399
f 4028//7400 4027//7400 4026//7400
f 3845//7401 4028//7401 4026//7401
f 4025//7402 4027//7403 4028//7403
f 4022//7404 4028//7404 3845//7404
f 4019//7405 4025//7406 4028//7407
f 4029//7408 4019//7409 4028//7408
f 4022//7410 4029//7410 4028//7410
f 941//7411 4005//7411 939//7411
f 4030//7412 4005//7412 941//7412
f 1110//7413 1109//7413 4005//7413
f 1110//7414 4005//7414 4030//7414
f 1316//7415 4010//7415 1314//7415
f 4031//7416 4010//7416 1316//7416
f 4032//7417 4013//7417 4010//7417
f 4032//7418 4010//7418 4031//7418
f 4033//7419 4013//7419 4032//7419
f 4034//7420 4017//7420 4013//7420
f 4034//7421 4013//7421 4033//7421
f 2252//7422 4017//7422 4034//7422
f 4035//7423 941//7423 940//7423
f 4035//7424 4030//7424 941//7424
f 1108//7425 1110//7425 4030//7425
f 1108//7426 4030//7426 4035//7426
f 1010//7427 1110//7427 1108//7427
f 4036//7428 4031//7428 1316//7428
f 4036//7429 1316//7429 1315//7429
f 4036//7430 4032//7430 4031//7430
f 2250//7431 4033//7431 4032//7431
f 2250//7432 4032//7432 4036//7432
f 2252//7433 4034//7433 4033//7433
f 2250//7434 2252//7434 4033//7434
f 3639//7435 2251//7435 2254//7435
f 4037//7436 4038//7436 3865//7436
f 3645//7437 3865//7437 4038//7437
f 4039//7438 4040//7438 3865//7438
f 3866//7439 4041//7439 3865//7439
f 4041//7440 4039//7440 3865//7440
f 3645//7441 4038//7441 3868//7441
f 4042//7442 3869//7442 3870//7442
f 3533//7443 3532//7443 4043//7443
f 4044//7444 4043//7444 3532//7444
f 4045//7445 4044//7445 3532//7445
f 3869//7446 4045//7446 3532//7446
f 4046//7447 3533//7447 4043//7447
f 4043//7448 4044//7448 4047//7448
f 4044//7449 4045//7449 4048//7449
f 4049//7450 4045//7450 3869//7450
f 4048//7451 4045//7451 4049//7451
f 4049//7452 3869//7452 4042//7452
f 4050//7453 3871//7453 3868//7453
f 4050//7454 3868//7454 4038//7454
f 2882//7455 4042//7455 3870//7455
f 2882//7456 3870//7456 2879//7456
f 4051//7457 3872//7457 3871//7457
f 4051//7458 3871//7458 4050//7458
f 4052//7459 822//7459 3873//7459
f 3878//7460 4052//7460 3873//7460
f 3874//7461 3872//7461 4051//7461
f 4053//7462 2838//7462 3876//7462
f 4053//7463 2834//7463 2838//7463
f 3877//7464 4053//7464 3876//7464
f 4052//7465 818//7465 822//7465
f 3569//7466 3875//7466 3874//7466
f 3569//7467 3005//7467 3875//7467
f 3568//7468 3569//7468 3874//7468
f 3879//7469 4054//7469 3878//7469
f 3879//7470 4055//7470 4054//7470
f 4055//7471 4056//7471 4054//7471
f 4057//7472 4054//7472 4056//7472
f 4058//7473 4056//7473 4055//7473
f 4059//7474 4057//7474 4056//7474
f 4060//7475 4059//7475 4056//7475
f 4058//7476 4060//7476 4056//7476
f 4061//7477 4055//7477 4062//7477
f 4061//7478 4058//7478 4055//7478
f 4062//7479 4055//7479 3879//7479
f 4062//7480 3879//7480 2763//7480
f 4063//7481 2763//7481 2765//7481
f 4063//7482 2765//7482 3883//7482
f 4064//7483 3881//7483 3880//7483
f 4064//7484 4065//7484 3881//7484
f 4066//7485 3882//7485 3881//7485
f 4066//7486 3881//7486 4065//7486
f 2798//7487 4064//7487 3880//7487
f 4067//7488 3884//7488 3882//7488
f 4067//7489 3882//7489 4066//7489
f 4067//7490 3888//7490 3884//7490
f 4068//7491 4069//7491 2766//7491
f 3885//7492 4068//7492 2766//7492
f 4070//7493 3883//7493 2766//7493
f 4071//7494 4072//7494 2766//7494
f 4070//7495 2766//7495 4072//7495
f 4073//7496 4071//7496 2766//7496
f 4069//7497 4073//7497 2766//7497
f 4071//7498 4074//7498 4072//7498
f 4075//7499 4072//7499 4074//7499
f 4076//7500 4070//7500 4072//7500
f 4077//7501 4076//7501 4072//7501
f 4075//7502 4077//7502 4072//7502
f 4078//7503 4074//7503 4071//7503
f 4079//7504 4074//7504 4078//7504
f 4079//7505 4075//7505 4074//7505
f 4078//7506 4071//7506 4073//7506
f 4080//7507 4073//7507 4069//7507
f 4081//7508 4073//7508 4080//7508
f 4081//7509 4078//7509 4073//7509
f 4080//7510 4069//7510 4082//7510
f 4082//7511 4069//7511 4068//7511
f 4083//7512 4068//7512 3885//7512
f 4083//7513 3885//7513 3892//7513
f 4084//7514 3889//7514 3888//7514
f 4084//7515 3888//7515 4067//7515
f 4085//7516 3889//7516 4084//7516
f 4086//7517 3662//7517 3889//7517
f 4086//7518 3889//7518 4085//7518
f 3891//7519 3662//7519 4086//7519
f 4087//7520 3890//7520 3891//7520
f 4088//7521 3893//7521 3890//7521
f 4088//7522 3890//7522 4087//7522
f 506//7523 3893//7523 4088//7523
f 4083//7524 3892//7524 3580//7524
f 4089//7525 4083//7525 3580//7525
f 4089//7526 3580//7526 3578//7526
f 506//7527 507//7527 3893//7527
f 4090//7528 3898//7528 3667//7528
f 4089//7529 3578//7529 3896//7529
f 4091//7530 4089//7530 3896//7530
f 4092//7531 4091//7531 3896//7531
f 4093//7532 4092//7532 3896//7532
f 4094//7533 4095//7533 3896//7533
f 4093//7534 3896//7534 4095//7534
f 3895//7535 4094//7535 3896//7535
f 4094//7536 4096//7536 4095//7536
f 4097//7537 4095//7537 4096//7537
f 4093//7538 4095//7538 4098//7538
f 4097//7539 4098//7539 4095//7539
f 4094//7540 4099//7540 4096//7540
f 4100//7541 4096//7541 4099//7541
f 4100//7542 4097//7542 4096//7542
f 4101//7543 4102//7543 4099//7543
f 4103//7544 4099//7544 4102//7544
f 4094//7545 4101//7545 4099//7545
f 4100//7546 4099//7546 4104//7546
f 4105//7547 4104//7547 4099//7547
f 4106//7548 4105//7548 4099//7548
f 4103//7549 4106//7549 4099//7549
f 4107//7550 4102//7550 4101//7550
f 4103//7551 4102//7551 4106//7551
f 4107//7552 4106//7552 4102//7552
f 4108//7553 4109//7553 4101//7553
f 4110//7554 4101//7554 4109//7554
f 4107//7555 4101//7555 4111//7555
f 4112//7556 4111//7556 4101//7556
f 4110//7557 4112//7557 4101//7557
f 4108//7558 4113//7558 4109//7558
f 4110//7559 4109//7559 4113//7559
f 4114//7560 4113//7560 4115//7560
f 4108//7561 4115//7561 4113//7561
f 4110//7562 4113//7562 4116//7562
f 4117//7563 4116//7563 4113//7563
f 4118//7564 4117//7564 4113//7564
f 4114//7565 4118//7565 4113//7565
f 4119//7566 4120//7566 4115//7566
f 4121//7567 4115//7567 4120//7567
f 4118//7568 4115//7568 4122//7568
f 4123//7569 4122//7569 4115//7569
f 4114//7570 4115//7570 4118//7570
f 4121//7571 4123//7571 4115//7571
f 4119//7572 4124//7572 4120//7572
f 4121//7573 4120//7573 4124//7573
f 4125//7574 4126//7574 4124//7574
f 4127//7575 4124//7575 4126//7575
f 4119//7576 4125//7576 4124//7576
f 4121//7577 4124//7577 4128//7577
f 4129//7578 4128//7578 4124//7578
f 4129//7579 4124//7579 4127//7579
f 4130//7580 4131//7580 4126//7580
f 4132//7581 4126//7581 4131//7581
f 4125//7582 4130//7582 4126//7582
f 4132//7583 4127//7583 4126//7583
f 4133//7584 4131//7584 4134//7584
f 4130//7585 4134//7585 4131//7585
f 4135//7586 4136//7586 4131//7586
f 4132//7587 4131//7587 4136//7587
f 4133//7588 4135//7588 4131//7588
f 4133//7589 4134//7589 4137//7589
f 4138//7590 4139//7590 4137//7590
f 4140//7591 4137//7591 4139//7591
f 4134//7592 4138//7592 4137//7592
f 4141//7593 4133//7593 4137//7593
f 4140//7594 4141//7594 4137//7594
f 4138//7595 4142//7595 4139//7595
f 4142//7596 4143//7596 4139//7596
f 4140//7597 4139//7597 4144//7597
f 4144//7598 4139//7598 4145//7598
f 4146//7599 4147//7599 4139//7599
f 4148//7600 4139//7600 4147//7600
f 4143//7601 4146//7601 4139//7601
f 4145//7602 4139//7602 4148//7602
f 4146//7603 4149//7603 4147//7603
f 4150//7604 4151//7604 4147//7604
f 4152//7605 4147//7605 4151//7605
f 4149//7606 4150//7606 4147//7606
f 4153//7607 4147//7607 4152//7607
f 4148//7608 4147//7608 4153//7608
f 4150//7609 4154//7609 4151//7609
f 4155//7610 4151//7610 4154//7610
f 4152//7611 4151//7611 4155//7611
f 4156//7612 4157//7612 4154//7612
f 4158//7613 4154//7613 4157//7613
f 4150//7614 4156//7614 4154//7614
f 4159//7615 4160//7615 4154//7615
f 4158//7616 4159//7616 4154//7616
f 4161//7617 4154//7617 4160//7617
f 4155//7618 4154//7618 4161//7618
f 4162//7619 4157//7619 4156//7619
f 4158//7620 4157//7620 4163//7620
f 4164//7621 4156//7621 4150//7621
f 4164//7622 4162//7622 4156//7622
f 4164//7623 4150//7623 4165//7623
f 4165//7624 4150//7624 4149//7624
f 4166//7625 4149//7625 4146//7625
f 4165//7626 4149//7626 4166//7626
f 4166//7627 4146//7627 4143//7627
f 4167//7628 4166//7628 4143//7628
f 4167//7629 4143//7629 4168//7629
f 4168//7630 4143//7630 4142//7630
f 4168//7631 4142//7631 4169//7631
f 4170//7632 4138//7632 4134//7632
f 4171//7633 4138//7633 4170//7633
f 4142//7634 4138//7634 4171//7634
f 4170//7635 4134//7635 4130//7635
f 4172//7636 4130//7636 4125//7636
f 4170//7637 4130//7637 4172//7637
f 4173//7638 4125//7638 4119//7638
f 4174//7639 4125//7639 4173//7639
f 4172//7640 4125//7640 4174//7640
f 4175//7641 4119//7641 4115//7641
f 4173//7642 4119//7642 4175//7642
f 4175//7643 4115//7643 4108//7643
f 4176//7644 4108//7644 4177//7644
f 4175//7645 4108//7645 4176//7645
f 4178//7646 4108//7646 4101//7646
f 4179//7647 4108//7647 4178//7647
f 4177//7648 4108//7648 4179//7648
f 4178//7649 4101//7649 4094//7649
f 4180//7650 4181//7650 4094//7650
f 4182//7651 4094//7651 4181//7651
f 3895//7652 4180//7652 4094//7652
f 4178//7653 4094//7653 4182//7653
f 4183//7654 4181//7654 4180//7654
f 4184//7655 4181//7655 4183//7655
f 4182//7656 4181//7656 4184//7656
f 4185//7657 4180//7657 3895//7657
f 4183//7658 4180//7658 4185//7658
f 4185//7659 3895//7659 4186//7659
f 3894//7660 4186//7660 3895//7660
f 4187//7661 4186//7661 4188//7661
f 4185//7662 4186//7662 4187//7662
f 4188//7663 4186//7663 4189//7663
f 4189//7664 4186//7664 4190//7664
f 3897//7665 4186//7665 3894//7665
f 4190//7666 4186//7666 3897//7666
f 4191//7667 3899//7667 494//7667
f 4191//7668 494//7668 495//7668
f 4192//7669 3597//7669 3899//7669
f 4192//7670 3899//7670 4191//7670
f 4193//7671 3672//7671 3671//7671
f 4193//7672 3957//7672 3672//7672
f 4193//7673 3671//7673 3425//7673
f 3432//7674 3425//7674 3424//7674
f 4194//7675 3902//7675 3906//7675
f 4195//7676 3442//7676 3447//7676
f 4196//7677 3958//7677 3959//7677
f 4090//7678 3667//7678 3958//7678
f 4194//7679 3960//7679 3902//7679
f 4195//7680 3447//7680 3961//7680
f 4192//7681 3599//7681 3597//7681
f 4197//7682 3962//7682 3599//7682
f 4198//7683 3599//7683 4192//7683
f 4197//7684 3599//7684 4198//7684
f 4199//7685 3959//7685 3963//7685
f 4199//7686 4196//7686 3959//7686
f 4200//7687 3248//7687 3960//7687
f 4200//7688 3960//7688 4194//7688
f 3095//7689 3961//7689 3964//7689
f 3095//7690 4195//7690 3961//7690
f 4201//7691 3962//7691 4197//7691
f 4201//7692 3965//7692 3962//7692
f 4199//7693 3963//7693 3967//7693
f 3095//7694 3964//7694 3091//7694
f 4202//7695 3967//7695 3684//7695
f 3183//7696 3248//7696 4200//7696
f 3968//7697 3681//7697 3966//7697
f 4202//7698 3684//7698 3969//7698
f 4203//7699 3969//7699 3970//7699
f 4203//7700 4202//7700 3969//7700
f 4204//7701 3970//7701 3971//7701
f 4204//7702 4203//7702 3970//7702
f 1586//7703 1585//7703 3184//7703
f 1586//7704 3184//7704 3186//7704
f 3144//7705 3145//7705 1616//7705
f 4205//7706 3144//7706 1616//7706
f 1561//7707 4205//7707 1616//7707
f 1730//7708 1731//7708 1451//7708
f 1730//7709 1451//7709 1453//7709
f 4206//7710 4204//7710 3971//7710
f 4206//7711 3971//7711 3973//7711
f 3977//7712 3973//7712 3972//7712
f 4207//7713 3973//7713 3977//7713
f 4208//7714 4206//7714 3973//7714
f 4207//7715 4208//7715 3973//7715
f 1811//7716 1978//7716 1810//7716
f 1785//7717 1786//7717 3974//7717
f 1811//7718 1977//7718 1978//7718
f 1977//7719 1847//7719 1978//7719
f 1997//7720 3974//7720 1942//7720
f 1997//7721 1785//7721 3974//7721
f 4209//7722 3977//7722 3976//7722
f 4209//7723 4207//7723 3977//7723
f 4210//7724 3978//7724 1855//7724
f 4210//7725 1855//7725 1856//7725
f 4211//7726 1944//7726 3979//7726
f 4211//7727 1945//7727 1944//7727
f 99//7728 101//7728 3979//7728
f 4211//7729 3979//7729 101//7729
f 4212//7730 4211//7730 101//7730
f 3980//7731 4209//7731 3976//7731
f 4213//7732 3985//7732 3986//7732
f 4214//7733 4213//7733 3986//7733
f 3719//7734 4214//7734 3986//7734
f 3715//7735 3719//7735 3986//7735
f 3766//7736 3985//7736 4213//7736
f 4214//7737 4215//7737 4213//7737
f 3761//7738 4213//7738 4215//7738
f 3765//7739 3766//7739 4213//7739
f 3761//7740 3765//7740 4213//7740
f 4216//7741 4215//7741 4214//7741
f 4217//7742 3761//7742 4215//7742
f 4216//7743 4217//7743 4215//7743
f 4216//7744 4214//7744 3719//7744
f 3718//7745 4216//7745 3719//7745
f 3762//7746 3761//7746 4217//7746
f 3690//7747 3795//7747 3981//7747
f 4218//7748 3982//7748 3978//7748
f 4218//7749 3978//7749 4210//7749
f 3992//7750 3982//7750 4218//7750
f 4219//7751 3749//7751 3750//7751
f 4219//7752 3994//7752 3749//7752
f 4220//7753 4219//7753 3750//7753
f 4221//7754 4220//7754 3750//7754
f 4222//7755 4221//7756 3750//7756
f 3981//7757 3795//7757 3796//7757
f 4223//7758 3827//7758 3831//7758
f 4224//7759 3827//7759 4223//7759
f 3825//7760 3827//7760 4224//7760
f 3830//7761 3994//7761 3831//7761
f 4225//7762 3831//7762 3994//7762
f 4226//7763 4223//7763 3831//7763
f 4225//7764 4226//7764 3831//7764
f 4219//7765 4225//7765 3994//7765
f 3835//7766 3618//7766 3995//7766
f 4227//7767 1082//7767 3835//7767
f 1080//7768 1082//7768 4227//7768
f 4228//7769 3838//7769 3839//7769
f 4229//7770 3838//7770 4228//7770
f 3840//7771 3837//7771 3838//7771
f 4229//7772 3840//7772 3838//7772
f 4230//7773 3996//7773 3840//7773
f 4230//7774 3840//7774 4229//7774
f 4230//7775 2345//7775 3996//7775
f 4231//7776 2343//7776 4230//7776
f 2342//7777 2343//7777 4231//7777
f 4230//7778 2343//7778 2345//7778
f 4003//7779 895//7779 896//7779
f 4003//7780 4232//7780 895//7780
f 4233//7781 895//7781 4232//7781
f 4233//7782 894//7782 895//7782
f 4234//7783 4233//7783 4232//7783
f 4006//7784 4232//7784 4003//7784
f 1114//7785 4232//7785 4006//7785
f 1115//7786 4232//7786 1114//7786
f 1115//7787 4234//7787 4232//7787
f 1112//7788 1114//7788 4006//7788
f 4009//7789 1310//7789 1311//7789
f 4235//7790 1310//7790 4009//7790
f 4236//7791 1310//7791 4235//7791
f 4236//7792 1309//7792 1310//7792
f 4237//7793 4235//7793 4009//7793
f 4236//7794 4235//7794 4237//7794
f 4016//7795 4237//7795 4009//7795
f 4016//7796 2266//7796 4237//7796
f 2270//7797 4237//7797 2266//7797
f 2270//7798 4236//7798 4237//7798
f 2268//7799 2266//7799 4016//7799
f 2245//7800 2268//7800 4018//7800
f 2245//7801 2269//7801 2268//7801
f 2252//7802 2245//7802 4018//7802
f 4238//7803 2272//7803 2269//7803
f 2218//7804 2269//7805 2272//7805
f 2246//7806 4238//7806 2269//7806
f 2245//7807 2246//7807 2269//7807
f 4239//7808 4240//7808 2272//7808
f 4241//7809 2272//7809 4240//7809
f 4238//7810 4239//7810 2272//7810
f 4242//7811 2273//7811 2272//7811
f 4241//7812 4242//7812 2272//7812
f 4243//7813 4240//7813 4239//7813
f 4241//7814 4240//7814 4244//7814
f 4243//7815 4244//7815 4240//7815
f 4245//7816 4239//7816 4238//7816
f 4246//7817 4239//7817 4245//7817
f 4246//7818 4243//7818 4239//7818
f 4245//7819 4238//7819 2246//7819
f 2247//7820 4245//7820 2246//7820
f 2098//7821 2245//7822 2252//7822
f 4035//7823 940//7823 943//7823
f 4247//7824 4035//7824 943//7824
f 4248//7825 4247//7825 943//7825
f 4248//7826 943//7826 942//7826
f 1107//7827 4035//7827 4247//7827
f 4249//7828 1107//7828 4247//7828
f 4249//7829 4247//7829 4248//7829
f 1108//7830 4035//7830 1107//7830
f 1012//7831 1107//7831 4249//7831
f 4250//7832 1315//7832 1317//7832
f 4036//7833 1315//7833 4250//7833
f 4251//7834 4250//7834 1317//7834
f 4252//7835 1317//7835 1239//7835
f 4251//7836 1317//7836 4252//7836
f 2244//7837 4250//7837 4251//7837
f 2250//7838 4036//7838 4250//7838
f 2244//7839 2250//7839 4250//7839
f 2253//7840 2251//7840 3639//7840
f 3641//7841 3852//7841 3639//7841
f 3852//7842 4253//7842 3639//7842
f 2253//7843 3639//7843 4253//7843
f 2248//7844 2253//7844 4253//7844
f 3854//7845 4253//7845 3852//7845
f 2243//7846 2248//7846 4253//7846
f 4254//7847 2243//7847 4253//7847
f 4254//7848 4253//7848 3854//7848
f 3862//7849 3861//7849 1013//7849
f 3863//7850 3862//7850 1013//7850
f 1015//7851 3863//7851 1013//7851
f 1015//7852 3867//7852 3863//7852
f 4255//7853 4050//7853 4038//7853
f 4255//7854 4038//7854 4037//7854
f 2883//7855 4049//7855 4042//7855
f 2883//7856 4042//7856 2882//7856
f 4256//7857 4051//7857 4050//7857
f 4256//7858 4050//7858 4255//7858
f 4054//7859 4052//7859 3878//7859
f 4054//7860 4257//7860 4052//7860
f 3568//7861 3874//7861 4051//7861
f 3568//7862 4051//7862 4256//7862
f 4258//7863 2834//7863 4053//7863
f 4258//7864 4053//7864 3877//7864
f 4257//7865 818//7865 4052//7865
f 4257//7866 813//7866 818//7866
f 4258//7867 3877//7867 2112//7867
f 4063//7868 4062//7868 2763//7868
f 4259//7869 4062//7869 4063//7869
f 4061//7870 4062//7870 4259//7870
f 4076//7871 4063//7871 4070//7871
f 4076//7872 4259//7872 4063//7872
f 4070//7873 4063//7873 3883//7873
f 4260//7874 4065//7874 4064//7874
f 4261//7875 4066//7875 4065//7875
f 4262//7876 4065//7876 4260//7876
f 4261//7877 4065//7877 4262//7877
f 2800//7878 4064//7878 2798//7878
f 2800//7879 4260//7879 4064//7879
f 4263//7880 4067//7880 4066//7880
f 4263//7881 4066//7881 4261//7881
f 4264//7882 4084//7882 4067//7882
f 4264//7882 4067//7882 4263//7882
f 4265//7883 4085//7883 4084//7883
f 4265//7884 4084//7884 4264//7884
f 4265//7885 4086//7885 4085//7885
f 4266//7886 3891//7886 4086//7886
f 4267//7887 4086//7887 4265//7887
f 4266//7888 4086//7888 4267//7888
f 4087//7889 3891//7889 4266//7889
f 4268//7890 4088//7890 4087//7890
f 4268//7891 506//7891 4088//7891
f 4091//7892 4083//7892 4089//7892
f 4091//7893 4068//7893 4083//7893
f 505//7894 506//7894 4268//7894
f 4190//7895 3897//7895 3898//7895
f 4269//7896 4190//7896 3898//7896
f 4090//7897 4269//7897 3898//7897
f 4270//7898 4191//7898 495//7898
f 4270//7898 495//7898 496//7898
f 4192//7899 4191//7899 4270//7899
f 3950//7900 3954//7900 3955//7900
f 3953//7901 3954//7901 3950//7901
f 3952//7902 3954//7902 3953//7902
f 3948//7903 3950//7903 3955//7903
f 4271//7904 3957//7904 4193//7904
f 4271//7905 3956//7905 3957//7905
f 4272//7906 4193//7906 3425//7906
f 4273//7907 4271//7907 4193//7907
f 4274//7908 4193//7908 4272//7908
f 4273//7909 4193//7909 4274//7909
f 4275//7910 3425//7910 3432//7910
f 4275//7911 4272//7911 3425//7911
f 4276//7912 3432//7912 3433//7912
f 4277//7913 3432//7913 4276//7913
f 4277//7914 4275//7914 3432//7914
f 4278//7915 3434//7915 3438//7915
f 4278//7916 3431//7916 3434//7916
f 4279//7917 4278//7917 3438//7917
f 3443//7918 4279//7918 3438//7918
f 3911//7919 3906//7919 3909//7919
f 3911//7920 4194//7920 3906//7920
f 3445//7921 3444//7921 3442//7921
f 3445//7922 3442//7922 4195//7922
f 4280//7923 4197//7923 4198//7923
f 4281//7924 4200//7924 4194//7924
f 4282//7925 4281//7925 4194//7925
f 4282//7926 4194//7926 3911//7926
f 4283//7927 4195//7927 4284//7927
f 4283//7928 3445//7928 4195//7928
f 3095//7929 4284//7929 4195//7929
f 4283//7930 4284//7930 3095//7930
f 4285//7931 4201//7931 4197//7931
f 4285//7932 4197//7932 4280//7932
f 4286//7933 4199//7933 3967//7933
f 4286//7934 4196//7934 4199//7934
f 4287//7935 4286//7935 3967//7935
f 4202//7936 4287//7936 3967//7936
f 3246//7937 4200//7937 4281//7937
f 3246//7938 4281//7938 4282//7938
f 3100//7939 4283//7939 3095//7939
f 3966//7940 3965//7940 4201//7940
f 4288//7941 3966//7941 4201//7941
f 4288//7942 4201//7942 4285//7942
f 4289//7943 3968//7943 3966//7943
f 4289//7944 3966//7944 4288//7944
f 3246//7945 3183//7945 4200//7945
f 4290//7946 4202//7946 4203//7946
f 4291//7947 4290//7947 4203//7947
f 397//7948 398//7948 3968//7948
f 397//7949 3968//7949 4289//7949
f 4291//7950 4203//7950 4204//7950
f 4292//7951 4204//7951 4206//7951
f 4292//7952 4291//7952 4204//7952
f 3187//7953 1586//7953 3186//7953
f 3143//7954 3144//7954 4205//7954
f 387//7955 398//7955 397//7955
f 4293//7956 1586//7956 3187//7956
f 4294//7957 3143//7957 4205//7957
f 1617//7958 4205//7958 1561//7958
f 4294//7959 4205//7959 1617//7959
f 4293//7960 1582//7960 1586//7960
f 1728//7961 1730//7961 1453//7961
f 4295//7962 4206//7962 4296//7962
f 4295//7963 4292//7963 4206//7963
f 4297//7964 4295//7964 4296//7964
f 4298//7965 4297//7965 4296//7965
f 4299//7966 4300//7966 4296//7966
f 4298//7967 4296//7967 4300//7967
f 4208//7968 4296//7968 4206//7968
f 4299//7969 4296//7969 4208//7969
f 4301//7970 4208//7970 4207//7970
f 1976//7971 1977//7971 1811//7971
f 1976//7972 1811//7972 1812//7972
f 1784//7973 1785//7973 1997//7973
f 1998//7974 1784//7974 1997//7974
f 4209//7975 4301//7975 4207//7975
f 4302//7976 4210//7976 1856//7976
f 4302//7977 1856//7977 1858//7977
f 4303//7978 4209//7978 3980//7978
f 4304//7979 3980//7979 3981//7979
f 4303//7980 3980//7980 4304//7980
f 4305//7981 4210//7981 4302//7981
f 4305//7982 4218//7982 4210//7982
f 3796//7983 4304//7983 3981//7983
f 3992//7984 4218//7984 4305//7984
f 4306//7985 4223//7985 4226//7985
f 4306//7986 4224//7986 4223//7986
f 4307//7987 4226//7987 4225//7987
f 4308//7988 4306//7988 4226//7988
f 3814//7989 4308//7989 4226//7989
f 4309//7990 3814//7990 4226//7990
f 4310//7991 4309//7991 4226//7991
f 4311//7992 4310//7992 4226//7992
f 4312//7993 4311//7993 4226//7993
f 4313//7994 4312//7994 4226//7994
f 4313//7995 4226//7995 4307//7995
f 3822//7760 3825//7760 4224//7760
f 4306//7996 3822//7996 4224//7996
f 4307//7997 4225//7997 4219//7997
f 4314//7998 4219//7998 4220//7998
f 4314//7999 4307//7999 4219//7999
f 3822//8000 3821//8000 3825//8000
f 4315//8001 3995//8001 721//8001
f 4315//8002 721//8002 722//8002
f 4316//8003 3995//8003 4315//8003
f 4316//8004 3835//8004 3995//8004
f 4227//8005 3835//8005 4316//8005
f 4317//8006 3839//8006 1156//8006
f 4228//8007 3839//8007 4317//8007
f 4318//8008 4229//8008 4228//8008
f 4230//8009 4229//8009 4318//8009
f 4319//8010 894//8010 4233//8010
f 4319//8011 892//8011 894//8011
f 4320//8012 4233//8012 4234//8012
f 4320//8013 4319//8013 4233//8013
f 1117//8014 4234//8014 1115//8014
f 1117//8015 4320//8015 4234//8015
f 4321//8016 1309//8016 4236//8016
f 4321//8017 1308//8017 1309//8017
f 2273//8018 4236//8018 2270//8018
f 2273//8019 4321//8019 4236//8019
f 2274//8020 2267//8020 2218//8021
f 2248//8022 2098//8023 2253//8022
f 4322//8024 4248//8024 942//8024
f 4322//8025 942//8025 798//8025
f 4323//8026 4249//8026 4248//8026
f 4323//8027 4248//8027 4322//8027
f 4323//8028 1012//8028 4249//8028
f 1016//8029 1012//8029 4323//8029
f 1318//8030 4252//8030 1239//8030
f 4324//8031 4251//8031 4252//8031
f 4324//8032 4252//8032 1318//8032
f 2249//8033 2244//8033 4251//8033
f 2249//8034 4251//8034 4324//8034
f 2733//8035 2732//4761 2731//8036
f 1015//8037 1029//8037 3867//8037
f 1028//8038 3867//8038 1029//8038
f 1028//8039 3866//8039 3867//8039
f 1015//8040 4325//8040 1029//8040
f 1030//8041 1029//8041 4325//8041
f 1025//8042 4325//8042 1015//8042
f 1025//8043 1030//8043 4325//8043
f 4040//8044 4037//8044 3865//8044
f 2591//8045 2732//8045 2733//8046
f 4326//8047 4255//8047 4037//8047
f 4326//8048 4037//8048 4040//8048
f 4048//8049 4049//8049 2883//8049
f 4256//8050 4255//8050 4326//8050
f 2886//8051 4048//8051 2883//8051
f 4057//8052 4327//8052 4257//8052
f 4057//8053 4257//8053 4054//8053
f 4258//8054 2833//8054 2834//8054
f 4327//8055 813//8055 4257//8055
f 3566//8056 3568//8056 4256//8056
f 2116//8057 4258//8057 2112//8057
f 4328//8058 4262//8058 4260//8058
f 4329//8059 4261//8059 4262//8059
f 2800//8060 4328//8060 4260//8060
f 4330//8061 4263//8061 4261//8061
f 4331//8062 4261//8062 4329//8062
f 4331//8063 4330//8063 4261//8063
f 4332//8064 4264//8064 4263//8064
f 4332//8065 4263//8065 4330//8065
f 4265//8066 4264//8066 4332//8066
f 4265//8067 4333//8067 4267//8067
f 4334//8068 4267//8068 4333//8068
f 4334//8069 4266//8069 4267//8069
f 4335//8070 4333//8070 4265//8070
f 4336//8071 4333//8071 4335//8071
f 4336//8072 4334//8072 4333//8072
f 4337//8073 4087//8073 4266//8073
f 4338//8074 4268//8074 4087//8074
f 4338//8075 4087//8075 4337//8075
f 4092//8076 4082//8076 4068//8076
f 504//8077 4268//8077 4338//8077
f 4092//8078 4068//8078 4091//8078
f 504//8079 505//8079 4268//8079
f 4189//8080 4190//8080 4269//8080
f 4339//8081 4269//8081 4090//8081
f 4340//8082 4189//8082 4269//8082
f 4339//8083 4340//8083 4269//8083
f 4341//8084 4270//8084 496//8084
f 4341//8085 496//8085 497//8085
f 4342//8086 4192//8086 4270//8086
f 4342//8087 4270//8087 4341//8087
f 3951//8088 3953//8088 3950//8088
f 3949//8089 3953//8089 3951//8089
f 3917//8090 3911//8090 3916//8090
f 4343//8091 3945//8091 3956//8091
f 4271//8092 4343//8092 3956//8092
f 3946//8093 3945//8093 4343//8093
f 4344//8094 4343//8094 4271//8094
f 4344//8095 4345//8095 4343//8095
f 4346//8096 4343//8096 4345//8096
f 3946//8097 4343//8097 4346//8097
f 4344//8098 4271//8098 4273//8098
f 4347//8099 4276//8099 3433//8099
f 4348//8100 3433//8100 3431//8100
f 4348//8101 4347//8101 3433//8101
f 4349//8102 4277//8102 4276//8102
f 4350//8103 4276//8103 4347//8103
f 4349//8104 4276//8104 4350//8104
f 4348//8105 3431//8105 4278//8105
f 4351//8106 4278//8106 4279//8106
f 4351//8107 4348//8107 4278//8107
f 4351//8108 4279//8108 4352//8108
f 4353//8109 4279//8109 3443//8109
f 4353//8110 4352//8110 4279//8110
f 4354//8111 3443//8111 3445//8111
f 4355//8112 4354//8112 3445//8112
f 4356//8113 3911//8113 3917//8113
f 4357//8114 4274//8115 4272//8115
f 4358//8116 4272//8116 4275//8116
f 4358//8117 4357//8118 4272//8117
f 4359//8119 4273//8120 4274//8120
f 4357//8121 4359//8122 4274//8123
f 4360//8124 4273//8124 4359//8125
f 4344//8126 4273//8126 4360//8126
f 4361//8127 4275//8127 4277//8127
f 4362//8128 4358//8128 4275//8128
f 4362//8129 4275//8129 4361//8129
f 4363//8130 4361//8130 4277//8130
f 4349//8131 4363//8131 4277//8131
f 4364//8132 4355//8132 3445//8132
f 4365//8133 4090//8133 3958//8133
f 4366//8134 3958//8134 4196//8134
f 4366//8135 4365//8135 3958//8135
f 4339//8136 4090//8136 4365//8136
f 4358//8137 4359//8138 4357//8139
f 4362//8140 4360//8140 4359//8141
f 4362//8142 4359//8143 4358//8142
f 4367//8144 4360//8145 4362//8145
f 4344//8146 4360//8146 4367//8147
f 4363//8148 4362//8148 4361//8148
f 4368//8149 4362//8150 4363//8150
f 4368//8151 4367//8152 4362//8153
f 4349//8154 4368//8155 4363//8154
f 4342//8156 4198//8156 4192//8156
f 4366//8157 4196//8157 4286//8157
f 4369//8158 4282//8158 3911//8158
f 4369//8159 3911//8159 4356//8159
f 4364//8160 3445//8160 4283//8160
f 4370//8161 4287//8161 4202//8161
f 3245//8162 3246//8162 4282//8162
f 3245//8163 4282//8163 4369//8163
f 4364//8164 4283//8164 3100//8164
f 4345//8165 4367//8166 4368//8167
f 4344//8168 4367//8169 4345//8168
f 4349//8170 4345//8170 4368//8171
f 3098//8172 4364//8172 3100//8172
f 4290//8173 4370//8173 4202//8173
f 4290//8174 4291//8174 4292//8174
f 3188//8175 4293//8175 3187//8175
f 4295//8176 4290//8176 4292//8176
f 4371//8177 4293//8177 3188//8177
f 1621//8178 3143//8178 4294//8178
f 1621//8179 3142//8179 3143//8179
f 4371//8180 1582//8180 4293//8180
f 4371//8181 1580//8181 1582//8181
f 1617//8182 1621//8182 4294//8182
f 1728//8183 1453//8183 1454//8183
f 4301//8184 4299//8184 4208//8184
f 1975//8185 1976//8185 1812//8185
f 1783//8186 1784//8186 1998//8186
f 1999//8187 1783//8187 1998//8187
f 4372//8188 4301//8188 4209//8188
f 4303//8189 4372//8189 4209//8189
f 4373//8190 4303//8190 4304//8190
f 4374//8191 4373//8191 4304//8191
f 4375//8192 4305//8192 4302//8192
f 4374//8193 4304//8193 3796//8193
f 3991//8194 3992//8194 4305//8194
f 4375//8195 3991//8195 4305//8195
f 3797//8196 4374//8196 3796//8196
f 3990//8197 3991//8197 4375//8197
f 3824//8198 3822//8198 4306//8198
f 3823//8199 3822//8199 3824//8199
f 3817//8200 4306//8200 4308//8200
f 3817//8201 3824//8201 4306//8201
f 3817//8202 4308//8202 3814//8202
f 3813//8203 3814//8203 4309//8203
f 3813//8204 4309//8204 4310//8204
f 3756//8205 3811//8205 4310//8205
f 3813//8206 4310//8206 3811//8206
f 4376//8207 3756//8207 4310//8207
f 4311//8208 4376//8208 4310//8208
f 4377//8209 3752//8209 3756//8209
f 4376//8210 4377//8210 3756//8210
f 3807//8211 3756//8211 3757//8211
f 4378//8212 3750//8212 3752//8212
f 4377//8213 4378//8213 3752//8213
f 4222//8214 3750//8215 4378//8215
f 4379//8216 4378//8216 4377//8216
f 4379//8217 4222//8218 4378//8217
f 4380//8219 4377//8219 4376//8219
f 4381//8220 4377//8220 4380//8220
f 4379//8221 4377//8221 4381//8221
f 4380//8222 4376//8222 4311//8222
f 4382//8223 4311//8223 4312//8223
f 4380//8224 4311//8224 4382//8224
f 4383//8225 4312//8225 4313//8225
f 4384//8226 4312//8226 4383//8226
f 4384//8227 4382//8227 4312//8227
f 4383//8228 4220//8228 4221//8228
f 4314//8229 4220//8229 4385//8229
f 4383//8230 4385//8230 4220//8230
f 4386//8231 4221//8231 4222//8232
f 4384//8233 4383//8233 4221//8233
f 4387//8234 4384//8234 4221//8234
f 4386//8235 4387//8235 4221//8235
f 4379//8236 4386//8236 4222//8237
f 4314//8238 4385//8238 4307//8238
f 4385//8239 4313//8239 4307//8239
f 4383//8240 4313//8240 4385//8240
f 4315//8241 722//8241 724//8241
f 1078//8242 4227//8242 4316//8242
f 1078//8243 1080//8243 4227//8243
f 4388//8244 4317//8244 1156//8244
f 4389//8245 4228//8245 4317//8245
f 4389//8246 4317//8246 4388//8246
f 1157//8247 4388//8247 1156//8247
f 4389//8248 4318//8248 4228//8248
f 4231//8249 4230//8249 4318//8249
f 2564//8250 2355//8250 2354//8250
f 937//8251 892//8251 4319//8251
f 4390//8252 4319//8252 4320//8252
f 4390//8253 937//8253 4319//8253
f 1116//8254 4320//8254 1117//8254
f 1116//8255 4390//8255 4320//8255
f 4391//8256 1308//8256 4321//8256
f 4391//8257 1306//8257 1308//8257
f 4391//8258 4321//8258 2273//8258
f 4242//8259 4391//8259 2273//8259
f 4392//8260 4322//8260 798//8260
f 944//8261 4392//8261 798//8261
f 4392//8262 4323//8262 4322//8262
f 1017//8263 1016//8263 4323//8263
f 1017//8264 4323//8264 4392//8264
f 1234//8265 4393//8265 1318//8265
f 4393//8266 4324//8266 1318//8266
f 4394//8267 2249//8267 4324//8267
f 4394//8268 4324//8268 4393//8268
f 4394//8269 2247//8269 2249//8269
f 4395//8270 3530//8270 3529//8270
f 4396//8271 4395//8271 3529//8271
f 3534//8272 4396//8272 3529//8272
f 4397//8273 3530//8273 4395//8273
f 4398//8274 3530//8274 4397//8274
f 4398//8275 3531//8275 3530//8275
f 4396//8276 4397//8276 4395//8276
f 4396//8277 4398//8277 4397//8277
f 4399//8278 4044//8278 4048//8278
f 4400//8279 4326//8279 4040//8279
f 4400//8280 4040//8280 4039//8280
f 2889//8281 4399//8281 4048//8281
f 4401//8282 4256//8282 4326//8282
f 4401//8283 4326//8283 4400//8283
f 2889//8284 4048//8284 2886//8284
f 4402//8285 4327//8285 4057//8285
f 4059//8286 4402//8286 4057//8286
f 3566//8287 4256//8287 4401//8287
f 4403//8288 2833//8288 4258//8288
f 2835//8289 2833//8289 4403//8289
f 4404//8290 4403//8290 4258//8290
f 4402//8291 813//8291 4327//8291
f 4404//8292 4258//8292 2116//8292
f 4405//8293 4262//8293 4328//8293
f 4406//8294 4329//8294 4262//8294
f 4407//8295 4262//8295 4405//8295
f 4406//8296 4262//8296 4407//8296
f 2801//8297 4328//8297 2800//8297
f 2801//8298 4405//8298 4328//8298
f 4408//8299 4331//8299 4329//8299
f 4408//8300 4329//8300 4406//8300
f 4409//8301 4330//8301 4331//8301
f 4410//8302 4332//8302 4330//8302
f 4410//8303 4330//8303 4409//8303
f 4409//8304 4331//8304 4408//8304
f 4335//8305 4265//8305 4332//8305
f 4335//8306 4332//8306 4410//8306
f 4411//8307 4337//8307 4266//8307
f 4411//8308 4266//8308 4334//8308
f 4412//8309 4338//8309 4337//8309
f 4412//8310 4337//8310 4411//8310
f 4413//8311 4338//8311 4412//8311
f 4413//8312 504//8312 4338//8312
f 4080//8313 4082//8313 4092//8313
f 4098//8314 4080//8314 4092//8314
f 4093//8315 4098//8315 4092//8315
f 502//8316 504//8316 4413//8316
f 4188//8317 4189//8317 4340//8317
f 4414//8318 4188//8318 4340//8318
f 4339//8319 4414//8319 4340//8319
f 4415//8320 4350//8320 4347//8320
f 4416//8321 4347//8321 4348//8321
f 4416//8322 4415//8322 4347//8322
f 4349//8323 4350//8323 4346//8323
f 4415//8324 4346//8324 4350//8324
f 4417//8325 4416//8325 4348//8325
f 4351//8326 4417//8326 4348//8326
f 4355//8327 3443//8327 4354//8327
f 4418//8328 4353//8328 3443//8328
f 4418//8329 3443//8329 4355//8329
f 4349//8330 4346//8330 4345//8330
f 4419//8331 4280//8331 4198//8331
f 4420//8332 4366//8332 4286//8332
f 3245//8333 4369//8333 4356//8333
f 4421//8334 4285//8334 4280//8334
f 4421//8335 4280//8335 4419//8335
f 4420//8336 4286//8336 4287//8336
f 4422//8337 4420//8337 4287//8337
f 4370//8338 4422//8338 4287//8338
f 4423//8339 4364//8339 3098//8339
f 4288//8340 4285//8340 4421//8340
f 4424//8341 3245//8341 4356//8341
f 3102//8342 4423//8342 3098//8342
f 3200//8343 3245//8343 4424//8343
f 4425//8344 4370//8344 4290//8344
f 4426//8345 397//8345 4289//8345
f 4425//8346 4290//8346 4295//8346
f 1581//8347 4371//8347 3188//8347
f 1581//8348 3188//8348 3189//8348
f 3141//8349 3142//8349 1621//8349
f 4297//8350 4425//8350 4295//8350
f 1620//8351 3141//8351 1621//8351
f 386//8352 397//8352 4426//8352
f 1581//8353 1580//8353 4371//8353
f 1729//8354 1728//8354 1454//8354
f 4427//8355 4299//8355 4301//8355
f 1814//8356 1975//8356 1812//8356
f 1814//8357 1974//8357 1975//8357
f 1782//8358 1783//8358 1999//8358
f 2001//8359 1782//8359 1999//8359
f 1933//8360 2001//8360 1999//8360
f 4372//8361 4427//8361 4301//8361
f 4428//8362 4302//8362 1858//8362
f 4428//8363 1858//8363 1860//8363
f 3990//8364 4375//8364 4302//8364
f 3990//8365 4302//8365 4428//8365
f 4429//8366 4315//8366 724//8366
f 4429//8367 4316//8367 4315//8367
f 4429//8368 1078//8368 4316//8368
f 4430//8369 4389//8369 4388//8369
f 4431//8370 4389//8370 4430//8370
f 4432//8371 4430//8371 4388//8371
f 4431//8372 4430//8372 4432//8372
f 4431//8373 4318//8373 4389//8373
f 4433//8374 4231//8374 4318//8374
f 4431//8375 4433//8375 4318//8375
f 2212//8376 2213//8376 3628//8376
f 3999//8377 3631//8377 3632//8377
f 4390//8378 938//8378 937//8378
f 4434//8379 936//8379 938//8379
f 4435//8380 938//8380 4390//8380
f 4434//8381 938//8381 4435//8381
f 1118//8382 4435//8382 4390//8382
f 1118//8383 4390//8383 1116//8383
f 4434//8384 4435//8384 1118//8384
f 1104//8385 4434//8385 1118//8385
f 4436//8386 1307//8386 1306//8386
f 4437//8387 1307//8387 4436//8387
f 4437//8388 1304//8388 1307//8388
f 4436//8389 1306//8389 4391//8389
f 4244//8390 4436//8390 4391//8390
f 4242//8391 4244//8391 4391//8391
f 4243//8392 4436//8392 4244//8392
f 4243//8393 4437//8393 4436//8393
f 4241//8394 4244//8394 4242//8394
f 4438//8395 4245//8395 2247//8395
f 4246//8396 4245//8396 4438//8396
f 945//8397 4392//8397 944//8397
f 4439//8398 4392//8398 945//8398
f 4440//8399 4439//8399 945//8399
f 4440//8400 945//8400 935//8400
f 1106//8401 4392//8401 4439//8401
f 1106//8402 1017//8402 4392//8402
f 4440//8403 1106//8403 4439//8403
f 1105//8404 1106//8404 4440//8404
f 1319//8405 4393//8405 1234//8405
f 4441//8406 4393//8406 1319//8406
f 4441//8407 4394//8407 4393//8407
f 4442//8408 1319//8408 1305//8408
f 4442//8409 4441//8409 1319//8409
f 4438//8410 4394//8410 4441//8410
f 4443//8411 4438//8411 4441//8411
f 4443//8412 4441//8412 4442//8412
f 4438//8413 2247//8413 4394//8413
f 4246//8414 4438//8414 4443//8414
f 4254//8415 2242//8415 2243//8415
f 4444//8416 1235//8416 1240//8416
f 4444//8417 1240//8417 3531//8417
f 4444//8418 4046//8418 1235//8418
f 4445//8419 3531//8419 4398//8419
f 4445//8420 4444//8420 3531//8420
f 4446//8421 4398//8421 4396//8421
f 4446//8422 4445//8422 4398//8422
f 2412//8423 2732//8423 2591//8423
f 4447//8424 4396//8424 3534//8424
f 4447//8425 4446//8425 4396//8425
f 4448//8426 4039//8426 4041//8426
f 4449//8427 4039//8427 4448//8427
f 4450//8428 4044//8428 4399//8428
f 4450//8429 4047//8429 4044//8429
f 3534//8430 3533//8430 4046//8430
f 4447//8431 3534//8431 4046//8431
f 4447//8432 4046//8432 4444//8432
f 4451//8433 4046//8433 4043//8433
f 1233//8434 1235//8434 4046//8434
f 4451//8435 1233//8435 4046//8435
f 2408//8436 2414//8436 2412//8436
f 4452//8437 2732//8437 2412//8437
f 2417//8438 4452//8438 2412//8438
f 2592//8439 2414//8439 2408//8439
f 789//8440 800//8440 804//8440
f 789//8441 801//8441 800//8441
f 4449//8442 4400//8442 4039//8442
f 4453//8443 4450//8443 4399//8443
f 4454//8444 2123//8444 2127//8444
f 2144//8445 2127//8445 2132//8445
f 2144//8446 4454//8446 2127//8446
f 4455//8447 789//8447 804//8447
f 4455//8448 804//8448 808//8448
f 4456//8449 4400//8449 4449//8449
f 4453//8450 4399//8450 2889//8450
f 4454//8451 4457//8451 2123//8451
f 4458//8452 2122//8452 2123//8452
f 4457//8453 4458//8453 2123//8453
f 4459//8454 4455//8454 808//8454
f 4456//8455 4401//8455 4400//8455
f 4460//8456 4402//8456 4059//8456
f 4461//8457 3566//8457 4401//8457
f 4461//8458 4401//8458 4456//8458
f 2891//8459 4453//8459 2889//8459
f 4462//8460 2835//8460 4403//8460
f 4462//8461 2832//8461 2835//8461
f 4463//8462 4403//8462 4404//8462
f 4463//8463 4462//8463 4403//8463
f 2119//8464 4463//8464 4404//8464
f 812//8465 813//8465 4402//8465
f 4460//8466 4059//8466 4060//8466
f 3567//8467 3566//8467 4461//8467
f 2830//8468 2832//8468 4462//8468
f 2119//8469 4404//8469 2116//8469
f 4464//8470 4407//8470 4405//8470
f 4465//8471 4406//8471 4407//8471
f 4466//8472 4407//8472 4464//8472
f 4465//8473 4407//8473 4466//8473
f 2802//8474 4405//8474 2801//8474
f 2802//8475 4464//8475 4405//8475
f 4467//8476 4408//8476 4406//8476
f 4467//8477 4406//8477 4465//8477
f 4468//8478 4409//8478 4408//8478
f 4468//8479 4408//8479 4467//8479
f 4469//8480 4410//8480 4409//8480
f 4469//8481 4409//8481 4468//8481
f 4470//8482 4335//8482 4410//8482
f 4470//8483 4410//8483 4469//8483
f 4471//8484 4335//8484 4470//8484
f 4336//8485 4335//8485 4471//8485
f 4472//8486 4411//8486 4334//8486
f 4472//8487 4334//8487 4336//8487
f 4473//8488 4412//8488 4411//8488
f 4473//8489 4411//8489 4472//8489
f 4097//8490 4081//8490 4080//8490
f 4473//8491 4413//8491 4412//8491
f 4474//8492 4413//8492 4473//8492
f 4097//8493 4080//8493 4098//8493
f 501//8494 502//8494 4413//8494
f 501//8495 4413//8495 4474//8495
f 4187//8496 4188//8496 4414//8496
f 4475//8497 4414//8497 4339//8497
f 4475//8498 4187//8498 4414//8498
f 4476//8499 4341//8499 497//8499
f 4476//8500 497//8500 498//8500
f 4476//8501 4342//8501 4341//8501
f 4477//8502 3946//8502 4346//8502
f 4477//8503 3947//8503 3946//8503
f 4478//8504 4346//8504 4415//8504
f 4478//8505 4477//8505 4346//8505
f 4478//8506 4415//8506 4416//8506
f 4479//8507 4416//8507 4417//8507
f 4480//8508 4478//8508 4416//8508
f 4480//8509 4416//8509 4479//8509
f 4351//8510 4481//8510 4417//8510
f 4482//8511 4417//8511 4481//8511
f 4483//8512 4479//8512 4417//8512
f 4482//8513 4483//8513 4417//8513
f 4352//8514 4484//8514 4481//8514
f 4482//8515 4481//8515 4484//8515
f 4351//8516 4352//8516 4481//8516
f 4485//8517 4486//8517 4484//8517
f 4487//8518 4484//8518 4486//8518
f 4352//8519 4485//8519 4484//8519
f 4488//8520 4489//8520 4484//8520
f 4490//8521 4484//8521 4489//8521
f 4487//8522 4488//8522 4484//8522
f 4482//8523 4484//8523 4490//8523
f 4491//8524 4486//8524 4485//8524
f 4492//8525 4486//8525 4491//8525
f 4493//8526 4486//8526 4492//8526
f 4494//8527 4487//8527 4486//8527
f 4494//8528 4486//8528 4493//8528
f 4495//8529 4496//8529 4485//8529
f 4491//8530 4485//8530 4496//8530
f 4352//8531 4495//8531 4485//8531
f 4497//8532 4496//8532 4495//8532
f 4498//8533 4496//8533 4497//8533
f 4492//8534 4496//8534 4498//8534
f 4492//8535 4491//8535 4496//8535
f 4499//8536 4495//8536 4352//8536
f 4497//8537 4495//8537 4499//8537
f 4499//8538 4352//8538 4353//8538
f 4500//8539 4353//8539 4418//8539
f 4500//8540 4499//8540 4353//8540
f 4501//8541 3917//8541 3914//8541
f 4501//8542 4356//8542 3917//8542
f 3921//8543 4501//8543 3914//8543
f 4502//8544 4418//8544 4355//8544
f 4502//8545 4355//8545 4364//8545
f 4500//8546 4418//8546 4502//8546
f 4503//8547 4339//8547 4365//8547
f 4504//8548 4365//8548 4366//8548
f 4504//8549 4503//8549 4365//8549
f 4475//8550 4339//8550 4503//8550
f 4505//8551 4501//8551 3921//8551
f 4502//8552 4364//8552 4423//8552
f 4506//8553 4500//8553 4502//8553
f 4476//8554 4198//8554 4342//8554
f 4507//8555 4419//8555 4198//8555
f 4508//8556 4198//8556 4476//8556
f 4507//8557 4198//8557 4508//8557
f 4504//8558 4366//8558 4420//8558
f 4424//8559 4356//8559 4501//8559
f 4509//8560 4424//8560 4501//8560
f 4509//8561 4501//8561 4505//8561
f 3102//8562 4502//8562 4423//8562
f 3105//8563 4502//8563 3102//8563
f 3105//8564 4506//8564 4502//8564
f 4507//8565 4421//8565 4419//8565
f 4422//8566 4504//8566 4420//8566
f 4510//8567 4422//8567 4370//8567
f 3198//8568 4424//8568 4509//8568
f 4511//8569 4288//8569 4421//8569
f 4511//8570 4421//8570 4507//8570
f 4512//8571 4289//8571 4288//8571
f 4511//8572 4512//8572 4288//8572
f 4510//8573 4370//8573 4425//8573
f 3198//8574 3200//8574 4424//8574
f 396//8575 4426//8575 4289//8575
f 396//8576 4289//8576 4512//8576
f 4513//8577 4510//8577 4425//8577
f 4514//8578 4425//8578 4297//8578
f 4514//8579 4513//8579 4425//8579
f 3190//8580 1581//8580 3189//8580
f 3140//8581 3141//8581 1620//8581
f 4298//8582 4514//8582 4297//8582
f 4515//8583 3140//8583 1620//8583
f 396//8584 386//8584 4426//8584
f 1579//8585 1581//8585 3190//8585
f 1619//8586 4515//8586 1620//8586
f 1721//8587 1729//8587 1454//8587
f 1721//8588 1454//8588 1455//8588
f 4299//8589 4516//8589 4300//8589
f 4517//8590 4300//8590 4516//8590
f 4518//8591 4298//8591 4300//8591
f 4517//8592 4518//8592 4300//8592
f 4519//8593 4516//8593 4299//8593
f 4520//8594 4516//8594 4519//8594
f 4519//8595 4299//8595 4521//8595
f 4427//8596 4521//8596 4299//8596
f 4519//8597 4521//8597 4427//8597
f 1972//8598 1974//8598 1813//8598
f 1813//8599 1974//8599 1814//8599
f 1781//8600 1782//8600 2001//8600
f 2000//8601 1781//8601 2001//8601
f 4522//8602 4519//8602 4427//8602
f 4372//8603 4522//8603 4427//8603
f 4523//8604 4428//8604 1860//8604
f 4524//8605 4372//8605 4303//8605
f 4525//8606 4303//8606 4373//8606
f 4524//8607 4303//8607 4525//8607
f 4525//8608 4373//8608 4374//8608
f 4526//8609 3990//8609 4428//8609
f 4527//8610 4525//8610 4374//8610
f 3987//8611 3990//8611 4526//8611
f 3799//8612 4374//8612 3797//8612
f 3799//8613 4527//8613 4374//8613
f 3816//8614 3824//8614 3817//8614
f 4387//8615 4382//8615 4384//8615
f 4381//8616 4380//8616 4382//8616
f 4381//8617 4382//8617 4387//8617
f 728//8618 4429//8618 724//8618
f 4528//8619 4429//8619 728//8619
f 4529//8620 1078//8620 4429//8620
f 4529//8621 1079//8621 1078//8621
f 1164//8622 4388//8622 1157//8622
f 1164//8623 4432//8623 4388//8623
f 4530//8624 4432//8624 1164//8624
f 4530//8625 4431//8625 4432//8625
f 4531//8626 4530//8626 1164//8626
f 4531//8627 1164//8627 1162//8627
f 2342//8628 4231//8628 4433//8628
f 4532//8629 4433//8629 4431//8629
f 4528//8630 4529//8630 4429//8630
f 4530//8631 4532//8631 4431//8631
f 4533//8632 3631//8632 3999//8632
f 4533//8633 3630//8633 3631//8633
f 4533//8634 3999//8634 4000//8634
f 4534//8635 4000//8635 2238//8635
f 4535//8636 4533//8636 4000//8636
f 4534//8637 4535//8637 4000//8637
f 4536//8638 2238//8638 2236//8638
f 4537//8639 2238//8639 4536//8639
f 4538//8640 2238//8640 4537//8640
f 4538//8641 4534//8641 2238//8641
f 2239//8642 4536//8642 2236//8642
f 4539//8643 4537//8643 4536//8643
f 4540//8644 4539//8644 4536//8644
f 2241//8645 4541//8645 4536//8645
f 4542//8646 4536//8646 4541//8646
f 2239//8647 2241//8647 4536//8647
f 4542//8648 4540//8648 4536//8648
f 2241//8649 2242//8649 4541//8649
f 3856//8650 4542//8650 4541//8650
f 3854//8651 4541//8651 2242//8651
f 3856//8652 4541//8652 3854//8652
f 4254//8653 3854//8653 2242//8653
f 4539//8654 4538//8654 4537//8654
f 935//8655 936//8655 4434//8655
f 4440//8656 935//8656 4434//8656
f 1105//8657 4434//8657 1104//8657
f 1105//8658 4440//8658 4434//8658
f 4442//8659 1305//8659 1304//8659
f 4442//8660 1304//8660 4437//8660
f 4443//8661 4442//8661 4437//8661
f 4246//8662 4437//8662 4243//8662
f 4246//8663 4443//8663 4437//8663
f 4447//8664 4444//8664 4445//8664
f 4447//8665 4445//8665 4446//8665
f 790//8666 793//8666 801//8666
f 4543//8667 4449//8667 4448//8667
f 2141//8668 2132//8668 2131//8668
f 2136//8669 2141//8669 2131//8669
f 789//8670 790//8670 801//8670
f 4544//8671 4450//8671 4453//8671
f 2141//8672 2144//8672 2132//8672
f 4455//8673 782//8673 789//8673
f 783//8674 782//8674 4455//8674
f 783//8675 4455//8675 4459//8675
f 808//8676 4545//8676 4459//8676
f 4546//8677 4459//8677 4545//8677
f 783//8678 4459//8678 4546//8678
f 808//8679 811//8679 4545//8679
f 4547//8680 4545//8680 811//8680
f 4546//8681 4545//8681 4547//8681
f 4547//8682 811//8682 812//8682
f 4548//8683 4456//8683 4449//8683
f 4548//8684 4449//8684 4543//8684
f 4549//8685 4544//8685 4453//8685
f 4550//8686 2121//8686 2122//8686
f 4458//8687 4550//8687 2122//8687
f 2120//8688 2121//8688 4550//8688
f 4551//8689 2120//8689 4550//8689
f 4552//8690 4550//8690 4458//8690
f 4552//8691 4551//8691 4550//8691
f 2150//8692 4458//8692 4457//8692
f 2150//8693 4552//8693 4458//8693
f 2149//8694 4457//8694 4454//8694
f 2150//8695 4457//8695 2149//8695
f 2149//8696 4454//8696 2144//8696
f 2945//8697 4456//8697 4548//8697
f 2896//8698 4549//8698 4453//8698
f 4553//8699 4402//8699 4460//8699
f 4553//8700 4554//8700 4402//8700
f 812//8701 4402//8701 4554//8701
f 4555//8702 4553//8702 4460//8702
f 2946//8703 2947//8703 4456//8703
f 4461//8704 4456//8704 2947//8704
f 2945//8705 2946//8705 4456//8705
f 2896//8706 4453//8706 2891//8706
f 2120//8707 4463//8707 2119//8707
f 4555//8708 4460//8708 4060//8708
f 4556//8709 4060//8709 4058//8709
f 4556//8710 4555//8710 4060//8710
f 2942//8711 2946//8711 2945//8711
f 3567//8712 4461//8712 2947//8712
f 2948//8713 3567//8713 2947//8713
f 4557//8714 4058//8714 4061//8714
f 4557//8715 4556//8715 4058//8715
f 4076//8716 4061//8716 4259//8716
f 4077//8717 4061//8717 4076//8717
f 4077//8718 4557//8718 4061//8718
f 4558//8719 4466//8719 4464//8719
f 4559//8720 4465//8720 4466//8720
f 4560//8721 4466//8721 4558//8721
f 4559//8722 4466//8722 4560//8722
f 2803//8723 4464//8723 2802//8723
f 2803//8724 4558//8724 4464//8724
f 4561//8725 4467//8725 4465//8725
f 4561//8726 4465//8726 4559//8726
f 4469//8727 4468//8727 4467//8727
f 4562//8728 4469//8728 4467//8728
f 4563//8729 4467//8729 4561//8729
f 4563//8730 4562//8730 4467//8730
f 4562//8731 4470//8731 4469//8731
f 4564//8732 4336//8732 4471//8732
f 4472//8733 4336//8733 4564//8733
f 4081//8734 4079//8734 4078//8734
f 4565//8735 4473//8735 4472//8735
f 4104//8736 4081//8736 4097//8736
f 4565//8737 4474//8737 4473//8737
f 4566//8738 4474//8738 4565//8738
f 4100//8739 4104//8739 4097//8739
f 4567//8740 4474//8740 4566//8740
f 4568//8741 501//8741 4474//8741
f 4568//8742 4474//8742 4567//8742
f 503//8743 501//8743 4568//8743
f 4185//8744 4187//8744 4475//8744
f 4569//8745 4185//8745 4475//8745
f 4570//8746 3921//8746 3920//8746
f 4570//8747 3920//8747 3926//8747
f 3940//8748 3941//8748 3947//8748
f 3938//8749 3940//8749 3947//8749
f 4571//8750 3938//8750 3947//8750
f 4477//8751 4571//8751 3947//8751
f 4572//8752 4477//8752 4478//8752
f 4573//8753 4572//8753 4478//8753
f 4480//8754 4573//8754 4478//8754
f 4574//8755 4479//8755 4483//8755
f 4575//8756 4479//8756 4574//8756
f 4480//8757 4479//8757 4575//8757
f 4482//8758 4574//8758 4483//8758
f 4498//8759 4499//8759 4500//8759
f 4498//8760 4497//8760 4499//8760
f 4576//8761 4475//8761 4503//8761
f 4577//8762 4503//8762 4504//8762
f 4577//8763 4576//8763 4503//8763
f 4576//8764 4569//8764 4475//8764
f 4570//8765 4505//8765 3921//8765
f 4498//8766 4500//8766 4506//8766
f 4578//8767 4507//8767 4508//8767
f 4579//8768 4508//8768 4476//8768
f 4578//8769 4508//8769 4579//8769
f 4580//8770 4509//8770 4505//8770
f 4580//8771 4505//8771 4570//8771
f 4581//8772 4506//8772 3105//8772
f 4581//8773 4498//8773 4506//8773
f 4582//8774 4507//8774 4578//8774
f 4577//8775 4504//8775 4422//8775
f 4583//8776 4509//8776 4580//8776
f 4582//8777 4511//8777 4507//8777
f 4584//8778 4422//8778 4585//8778
f 4586//8779 4577//8779 4422//8779
f 4584//8780 4586//8780 4422//8780
f 4587//8781 4512//8781 4511//8781
f 4588//8782 4587//8782 4511//8782
f 4588//8783 4511//8783 4582//8783
f 4510//8784 4585//8784 4422//8784
f 4584//8785 4585//8785 4510//8785
f 4589//8786 4584//8786 4510//8786
f 4588//8787 4512//8787 4587//8787
f 395//8788 396//8788 4512//8788
f 395//8789 4512//8789 4588//8789
f 4589//8790 4510//8790 4513//8790
f 4589//8791 4513//8791 4514//8791
f 4518//8792 4514//8792 4298//8792
f 4590//8793 4589//8793 4514//8793
f 4518//8794 4590//8794 4514//8794
f 3133//8795 3140//8795 4515//8795
f 4591//8796 1579//8796 3190//8796
f 4591//8797 3190//8797 3193//8797
f 4592//8798 3133//8798 4515//8798
f 1622//8799 4515//8799 1619//8799
f 1622//8800 4592//8800 4515//8800
f 1577//8801 1579//8801 4591//8801
f 1719//8802 1721//8802 1455//8802
f 1719//8803 1455//8803 1457//8803
f 1722//8804 1721//8804 1719//8804
f 1780//8805 1781//8805 2000//8805
f 2002//8806 1780//8806 2000//8806
f 1816//8807 1972//8807 1813//8807
f 4520//8808 4519//8808 4522//8808
f 4593//8809 4522//8809 4372//8809
f 4524//8810 4593//8810 4372//8810
f 4594//8811 4523//8812 1860//8812
f 4594//8813 1860//8814 1866//8814
f 1867//8815 4428//8816 4523//8816
f 1867//8817 4523//8818 4594//8819
f 4526//8820 4428//8820 1867//8821
f 3760//8822 4217//8822 4216//8822
f 3762//8823 4217//8823 3760//8823
f 3718//8824 3720//8824 4216//8824
f 3724//8825 4216//8825 3720//8825
f 3726//8826 3758//8826 4216//8826
f 3760//8827 4216//8827 3758//8827
f 3724//8828 3726//8828 4216//8828
f 3726//8829 3759//8829 3758//8829
f 3727//8830 3759//8830 3726//8830
f 4595//8831 3987//8831 4526//8831
f 4595//8832 3988//8832 3987//8832
f 4596//8833 4527//8833 3799//8833
f 3798//8834 4596//8834 3799//8834
f 4381//8835 4387//8835 4386//8835
f 4379//8836 4381//8836 4386//8836
f 3819//8837 3820//8837 3818//8837
f 4528//8838 728//8838 730//8838
f 1076//8839 1079//8839 4529//8839
f 4597//8840 4433//8840 4532//8840
f 2341//8841 2342//8841 4433//8841
f 2341//8842 4433//8842 4597//8842
f 4598//8843 4532//8843 4530//8843
f 4597//8844 4532//8844 4598//8844
f 4599//8845 4530//8845 4531//8845
f 4598//8846 4530//8846 4599//8846
f 4535//8847 3630//8847 4533//8847
f 3627//8848 3630//8848 4535//8848
f 3629//8849 3627//8849 4535//8849
f 4600//8850 4535//8850 4534//8850
f 4600//8851 3629//8851 4535//8851
f 4601//8852 4534//8852 4538//8852
f 4600//8853 4534//8853 4601//8853
f 4602//8854 4538//8854 4539//8854
f 4602//8855 4601//8855 4538//8855
f 4603//8856 4539//8856 4540//8856
f 4603//8857 4602//8857 4539//8857
f 4604//8858 4603//8858 4540//8858
f 4604//8859 4540//8859 4542//8859
f 4605//8860 4542//8860 3856//8860
f 4606//8861 4604//8861 4542//8861
f 4605//8862 4606//8862 4542//8862
f 3857//8863 4605//8863 3856//8863
f 1028//8864 4041//8864 3866//8864
f 4607//8865 4041//8865 1028//8865
f 4608//8866 4448//8866 4041//8866
f 4608//8867 4041//8867 4607//8867
f 4609//8868 4543//8868 4448//8868
f 4609//8869 4448//8869 4608//8869
f 4610//8870 4043//8870 4047//8870
f 4611//8871 4047//8871 4450//8871
f 4612//8872 4610//8872 4047//8872
f 4611//8873 4612//8873 4047//8873
f 4613//8874 4450//8874 4544//8874
f 4613//8875 4611//8875 4450//8875
f 4614//8876 4043//8876 4610//8876
f 4614//8877 4451//8877 4043//8877
f 4615//8878 4548//8878 4543//8878
f 4615//8879 4543//8879 4609//8879
f 4549//8880 4613//8880 4544//8880
f 4616//8881 2945//8881 4548//8881
f 4617//8882 4549//8882 2896//8882
f 4618//8883 4617//8883 2896//8883
f 4619//8884 4554//8884 4553//8884
f 4555//8885 4620//8885 4553//8885
f 4621//8886 4553//8886 4620//8886
f 4621//8887 4619//8887 4553//8887
f 2940//8888 2945//8888 4616//8888
f 2892//8889 4618//8889 2896//8889
f 2897//8890 4618//8890 2892//8890
f 2831//8891 2830//8891 4462//8891
f 4622//8892 4462//8892 4463//8892
f 4622//8893 2831//8893 4462//8893
f 4551//8894 4463//8894 2120//8894
f 4551//8895 4622//8895 4463//8895
f 4554//8896 4547//8896 812//8896
f 4623//8897 4620//8897 4555//8897
f 4623//8898 4621//8898 4620//8898
f 4623//8899 4555//8899 4556//8899
f 4624//8900 4556//8900 4557//8900
f 4623//8901 4556//8901 4624//8901
f 4625//8902 4557//8902 4077//8902
f 4625//8903 4624//8903 4557//8903
f 2809//8904 4560//8904 4558//8904
f 2809//8905 4559//8905 4560//8905
f 2809//8906 4558//8906 2803//8906
f 4626//8907 4625//8907 4077//8907
f 4627//8908 4626//8908 4077//8908
f 4075//8909 4627//8909 4077//8909
f 4628//8910 4623//8910 4624//8910
f 4625//8911 4629//8911 4624//8911
f 4630//8912 4624//8912 4629//8912
f 4631//8913 4628//8913 4624//8913
f 4630//8914 4631//8914 4624//8914
f 4632//8915 4630//8915 4629//8915
f 4626//8916 4633//8916 4625//8916
f 4634//8917 4625//8917 4633//8917
f 4634//8918 4629//8918 4625//8918
f 4635//8919 4633//8919 4626//8919
f 4634//8920 4633//8920 4635//8920
f 4627//8921 4636//8921 4626//8921
f 4635//8922 4626//8922 4636//8922
f 4637//8923 4636//8923 4627//8923
f 4635//8924 4636//8924 4637//8924
f 4637//8925 4627//8925 4075//8925
f 4637//8926 4075//8926 4079//8926
f 4563//8927 4561//8927 4559//8927
f 2809//8928 4563//8928 4559//8928
f 4638//8929 4562//8929 4563//8929
f 4638//8930 4470//8930 4562//8930
f 2809//8931 4638//8931 4563//8931
f 4638//8932 4471//8932 4470//8932
f 4564//8933 4471//8933 4638//8933
f 4639//8934 4564//8934 4638//8934
f 2810//8935 4638//8935 2809//8935
f 4639//8936 4638//8936 2810//8936
f 4640//8937 4472//8937 4564//8937
f 4640//8938 4564//8938 4639//8938
f 4641//8939 4637//8939 4079//8939
f 4642//8940 4079//8940 4081//8940
f 4642//8941 4641//8941 4079//8941
f 4643//8942 4565//8942 4472//8942
f 4643//8943 4472//8943 4640//8943
f 4105//8944 4642//8944 4081//8944
f 4105//8945 4081//8945 4104//8945
f 4644//8946 4565//8946 4643//8946
f 4644//8947 4566//8947 4565//8947
f 4645//8948 4567//8948 4566//8948
f 4644//8949 4645//8949 4566//8949
f 4645//8950 4568//8950 4567//8950
f 4645//8951 503//8951 4568//8951
f 4183//8952 4185//8952 4569//8952
f 4646//8953 4183//8953 4569//8953
f 4647//8954 499//8954 503//8954
f 4648//8955 4649//8955 503//8955
f 4650//8956 503//8956 4649//8956
f 4645//8957 4648//8957 503//8957
f 4650//8958 4647//8958 503//8958
f 4651//8959 4649//8959 4648//8959
f 4652//8960 4650//8960 4649//8960
f 4652//8961 4649//8961 4651//8961
f 4653//8962 4648//8962 4645//8962
f 4654//8963 4648//8963 4653//8963
f 4655//8964 4648//8964 4654//8964
f 4651//8965 4648//8965 4655//8965
f 4656//8966 4645//8966 4644//8966
f 4657//8967 4645//8967 4656//8967
f 4653//8968 4645//8968 4657//8968
f 4647//8969 498//8969 499//8969
f 4658//8970 4476//8970 498//8970
f 4647//8971 4659//8971 498//8971
f 4658//8972 498//8972 4659//8972
f 4658//8973 4579//8973 4476//8973
f 4660//8974 4575//8974 4574//8974
f 4482//8975 4490//8975 4574//8975
f 4660//8976 4574//8976 4490//8976
f 4480//8977 4575//8977 4661//8977
f 4662//8978 4661//8978 4575//8978
f 4662//8979 4575//8979 4660//8979
f 3927//8980 4570//8980 3926//8980
f 3929//8981 3938//8981 4571//8981
f 4572//8982 4571//8982 4477//8982
f 3929//8983 4571//8983 4572//8983
f 3939//8984 3929//8984 4572//8984
f 4663//8985 3939//8985 4572//8985
f 4573//8986 4663//8986 4572//8986
f 4664//8987 3934//8987 3939//8987
f 4665//8988 3939//8988 4666//8988
f 4664//8989 3939//8989 4665//8989
f 4667//8990 3939//8990 4663//8990
f 4667//8991 4666//8991 3939//8991
f 4668//8992 4667//8992 4663//8992
f 4669//8993 4670//8993 4663//8993
f 4671//8994 4663//8994 4670//8994
f 4661//8995 4669//8995 4663//8995
f 4573//8996 4661//8996 4663//8996
f 4671//8997 4668//8997 4663//8997
f 4672//8998 4670//8998 4669//8998
f 4673//8999 4670//8999 4672//8999
f 4674//9000 4671//9000 4670//9000
f 4674//9001 4670//9001 4673//9001
f 4490//9002 4489//9002 4669//9002
f 4672//9003 4669//9003 4489//9003
f 4661//9004 4490//9004 4669//9004
f 4675//9005 4489//9005 4488//9005
f 4675//9006 4672//9006 4489//9006
f 4494//9007 4488//9007 4487//9007
f 4676//9008 4675//9008 4488//9008
f 4676//9009 4488//9009 4494//9009
f 4662//9010 4490//9010 4661//9010
f 4662//9011 4660//9011 4490//9011
f 4480//9012 4661//9012 4573//9012
f 4677//9013 4570//9013 3927//9013
f 4577//9014 4678//9014 4576//9014
f 4679//9015 4576//9015 4678//9015
f 4680//9016 4492//9016 4498//9016
f 4578//9017 4579//9017 4681//9017
f 4682//9018 4681//9018 4579//9018
f 4682//9019 4579//9019 4658//9019
f 4683//9020 4678//9020 4577//9020
f 4683//9021 4679//9021 4678//9021
f 4684//9022 4577//9022 4586//9022
f 4684//9023 4683//9023 4577//9023
f 4685//9024 4576//9024 4679//9024
f 4683//9025 4685//9025 4679//9025
f 4583//9026 4580//9026 4570//9026
f 4677//9027 4583//9027 4570//9027
f 4680//9028 4498//9028 4581//9028
f 4686//9029 4578//9029 4681//9029
f 4687//9030 4686//9030 4681//9030
f 4682//9031 4688//9031 4681//9031
f 4687//9032 4681//9032 4688//9032
f 4689//9033 4582//9033 4578//9033
f 4578//9034 4686//9034 4687//9034
f 4690//9035 4581//9035 3105//9035
f 4680//9036 4581//9036 4690//9036
f 4588//9037 4582//9037 4689//9037
f 3201//9038 3198//9038 4583//9038
f 4583//9039 3198//9039 4509//9039
f 3244//9040 4583//9040 4677//9040
f 4691//9041 4680//9041 4690//9041
f 3106//9042 4690//9042 3105//9042
f 3108//9043 4690//9043 3106//9043
f 3108//9044 4691//9044 4690//9044
f 3244//9045 3201//9045 4583//9045
f 4692//9046 4584//9046 4589//9046
f 4692//9047 4589//9047 4590//9047
f 3197//9048 3193//9048 3191//9048
f 394//9049 395//9049 4588//9049
f 4693//9050 4590//9050 4518//9050
f 4694//9051 4590//9051 4693//9051
f 4694//9052 4692//9052 4590//9052
f 4591//9053 3193//9053 3197//9053
f 1459//9054 1457//9054 1456//9054
f 1578//9055 1577//9055 4591//9055
f 1719//9056 1457//9056 1459//9056
f 4695//9057 4693//9057 4518//9057
f 4517//9058 4695//9058 4518//9058
f 4695//9059 4696//9059 4693//9059
f 4694//9060 4693//9060 4696//9060
f 4697//9061 4696//9061 4695//9061
f 4698//9062 4694//9062 4696//9062
f 4698//9063 4696//9063 4699//9063
f 4700//9064 4699//9064 4696//9064
f 4697//9065 4701//9065 4696//9065
f 4700//9066 4696//9066 4701//9066
f 4697//9067 4695//9067 4702//9067
f 4516//9068 4695//9068 4517//9068
f 4702//9069 4695//9069 4516//9069
f 4703//9070 4516//9070 4520//9070
f 4703//9071 4702//9071 4516//9071
f 4212//9072 101//9072 104//9072
f 4593//9073 4520//9073 4522//9073
f 4703//9074 4520//9074 4593//9074
f 4704//9075 4593//9075 4705//9075
f 4704//9076 4703//9076 4593//9076
f 4524//9077 4705//9077 4593//9077
f 1867//9078 4594//9079 1866//9080
f 4706//9081 4211//9081 4212//9081
f 4706//9082 1945//9082 4211//9082
f 4525//9083 4705//9083 4524//9083
f 4707//9084 4705//9084 4525//9084
f 4708//9085 4705//9085 4707//9085
f 4709//9086 4705//9086 4708//9086
f 4704//9087 4705//9087 4709//9087
f 4710//9088 4711//9088 4594//9089
f 1867//9090 4594//9091 4711//9092
f 4712//9093 4710//9093 4594//9094
f 1868//9095 4594//9096 1867//9097
f 4713//9098 4594//9099 1868//9098
f 4712//9100 4594//9101 4713//9100
f 4714//9102 4708//9102 4707//9102
f 4710//9103 4707//9103 4525//9103
f 4715//9104 4707//9104 4710//9104
f 4714//9105 4707//9105 4715//9105
f 4714//9106 4709//9106 4708//9106
f 4716//9107 4711//9107 4710//9107
f 4717//9108 1867//9109 4711//9108
f 4716//9110 4717//9110 4711//9110
f 4527//9111 4716//9111 4710//9111
f 4717//9112 4526//9112 1867//9113
f 4717//9114 4718//9114 4526//9114
f 4719//9115 4526//9115 4718//9115
f 3988//9116 4526//9116 4719//9116
f 4595//9117 4526//9117 3988//9117
f 4720//9118 4718//9118 4717//9118
f 4719//9119 4718//9119 4720//9119
f 4721//9120 4717//9120 4716//9120
f 4720//9121 4717//9121 4721//9121
f 4721//9122 4716//9122 4527//9122
f 4596//9123 4721//9123 4527//9123
f 4710//9124 4525//9124 4527//9124
f 4712//9125 4715//9125 4710//9125
f 3798//9126 4721//9126 4596//9126
f 3798//9127 4720//9127 4721//9127
f 3802//9128 4719//9128 4720//9128
f 3802//9129 4720//9129 3798//9129
f 3802//9130 3988//9130 4719//9130
f 3989//9131 3988//9131 3802//9131
f 3757//9132 3728//9132 3729//9132
f 3807//9133 3757//9133 3729//9133
f 3806//9134 3729//9134 3989//9134
f 3807//9135 3729//9135 3806//9135
f 4722//9136 4528//9136 730//9136
f 4723//9137 4529//9137 4528//9137
f 4723//9138 4528//9138 4722//9138
f 1076//9139 4529//9139 4723//9139
f 4724//9140 4531//9140 1162//9140
f 4725//9141 4599//9141 4531//9141
f 4725//9142 4531//9142 4724//9142
f 4597//9143 4598//9143 4599//9143
f 4597//9144 4599//9144 4725//9144
f 2340//9145 2341//9145 4597//9145
f 3629//9146 2212//9146 3628//9146
f 4600//9147 2212//9147 3629//9147
f 4600//9148 2211//9148 2212//9148
f 2560//9149 2563//9149 2564//9149
f 4602//9150 2211//9150 4600//9150
f 4602//9151 4600//9151 4601//9151
f 2562//9152 2561//9152 2563//9152
f 2560//9153 2562//9153 2563//9153
f 4603//9154 2211//9154 4602//9154
f 4021//9155 4603//9155 4604//9155
f 2208//9156 2211//9156 4603//9156
f 2209//9157 2208//9157 4603//9157
f 4726//9158 2209//9158 4603//9158
f 4727//9159 4726//9159 4603//9159
f 4021//9160 4727//9160 4603//9160
f 4728//9161 4604//9161 4606//9161
f 4728//9162 4021//9162 4604//9162
f 2205//9163 4606//9163 4605//9163
f 2205//9164 4728//9164 4606//9164
f 2205//9165 4605//9165 2206//9165
f 2197//9166 2206//9166 4605//9166
f 2206//9167 2198//9167 2199//9167
f 2197//9168 4605//9168 3857//9168
f 2197//9169 2198//9169 2206//9169
f 3858//9170 3857//9170 3855//9170
f 2197//9171 3857//9171 3858//9171
f 4451//9172 4729//9172 1233//9172
f 4730//9173 1233//9173 4729//9173
f 4730//9174 4731//9174 1233//9174
f 4732//9175 1233//9175 4731//9175
f 4732//9176 1232//9176 1233//9176
f 2196//9177 3858//9177 3859//9177
f 4733//9178 2196//9178 3859//9178
f 2732//9179 4733//9179 3859//9179
f 2196//9180 2197//9180 3858//9180
f 4614//9181 4729//9181 4451//9181
f 4614//9182 4610//9182 4729//9182
f 4734//9183 4729//9183 4610//9183
f 1221//9184 4730//9184 4729//9184
f 1221//9185 4729//9185 4734//9185
f 4607//9186 1028//9186 1031//9186
f 4735//9187 4608//9187 4607//9187
f 4736//9188 4609//9188 4608//9188
f 4736//9189 4608//9189 4735//9189
f 4734//9190 4610//9190 4612//9190
f 4737//9191 4612//9191 4611//9191
f 4738//9192 4611//9192 4613//9192
f 4738//9193 4737//9193 4611//9193
f 4738//9194 4613//9194 4739//9194
f 4740//9195 4548//9195 4615//9195
f 4741//9196 4615//9196 4609//9196
f 4740//9197 4615//9197 4741//9197
f 4742//9198 4609//9198 4736//9198
f 4741//9199 4609//9199 4742//9199
f 4549//9200 4739//9200 4613//9200
f 4743//9201 4738//9201 4739//9201
f 4744//9202 4743//9202 4739//9202
f 4617//9203 4739//9203 4549//9203
f 4745//9204 4739//9204 4617//9204
f 4745//9205 4744//9205 4739//9205
f 4546//9206 4547//9206 4554//9206
f 4546//9207 4554//9207 4746//9207
f 4619//9208 4746//9208 4554//9208
f 4619//9209 4747//9209 4746//9209
f 4748//9210 4619//9210 4621//9210
f 4747//9211 4619//9211 4748//9211
f 4628//9212 4621//9212 4623//9212
f 4628//9213 4748//9213 4621//9213
f 2941//9214 2940//9214 4616//9214
f 4616//9215 4548//9215 4740//9215
f 4749//9216 2941//9216 4616//9216
f 4750//9217 2829//9217 2831//9217
f 2826//9218 2829//9218 4750//9218
f 4622//9219 4750//9219 2831//9219
f 2934//9220 2941//9220 4749//9220
f 2808//9221 4639//9221 2810//9221
f 2808//9222 4640//9222 4639//9222
f 4641//9223 4751//9223 4637//9223
f 4751//9224 4635//9224 4637//9224
f 2813//9225 4640//9225 2808//9225
f 4752//9226 4640//9226 2813//9226
f 4643//9227 4640//9227 4752//9227
f 4753//9228 4641//9228 4642//9228
f 4754//9229 4641//9229 4753//9229
f 4755//9230 4643//9230 4752//9230
f 4756//9231 4754//9231 4753//9231
f 4756//9232 4753//9232 4112//9232
f 4755//9233 4656//9233 4643//9233
f 4644//9234 4643//9234 4656//9234
f 4106//9235 4642//9235 4105//9235
f 4111//9236 4642//9236 4106//9236
f 4111//9237 4753//9237 4642//9237
f 4757//9238 4656//9238 4755//9238
f 4107//9239 4111//9239 4106//9239
f 4758//9240 4657//9240 4656//9240
f 4758//9241 4656//9241 4757//9241
f 4654//9242 4653//9242 4657//9242
f 4654//9243 4657//9243 4758//9243
f 4646//9244 4184//9244 4183//9244
f 4646//9245 4759//9245 4184//9245
f 4182//9246 4184//9246 4759//9246
f 4182//9247 4759//9247 4760//9247
f 4759//9248 4646//9248 4576//9248
f 4576//9249 4646//9249 4569//9249
f 4659//9250 4647//9250 4650//9250
f 4761//9251 4659//9251 4650//9251
f 4762//9252 4761//9252 4650//9252
f 4762//9253 4650//9253 4652//9253
f 4761//9254 4658//9254 4659//9254
f 4761//9255 4682//9255 4658//9255
f 3932//9256 3928//9256 3925//9256
f 4677//9257 3927//9257 3928//9257
f 3932//9258 4677//9258 3928//9258
f 4763//9259 4492//9259 4680//9259
f 4493//9260 4492//9260 4763//9260
f 4685//9261 4764//9261 4576//9261
f 4759//9262 4576//9262 4764//9262
f 4765//9263 4764//9263 4685//9263
f 4766//9264 4759//9264 4764//9264
f 4767//9265 4764//9265 4765//9265
f 4767//9266 4766//9266 4764//9266
f 4765//9267 4685//9267 4683//9267
f 4768//9268 4677//9268 3932//9268
f 4769//9269 4493//9269 4763//9269
f 4761//9270 4688//9270 4682//9270
f 4770//9271 4687//9271 4688//9271
f 4771//9272 4688//9272 4761//9272
f 4770//9273 4688//9273 4771//9273
f 4765//9274 4683//9274 4684//9274
f 3244//9275 4677//9275 4768//9275
f 4691//9276 4763//9276 4680//9276
f 4769//9277 4763//9277 4691//9277
f 4770//9278 4578//9278 4687//9278
f 4772//9279 4586//9279 4584//9279
f 4773//9280 4684//9280 4586//9280
f 4772//9281 4773//9281 4586//9281
f 4689//9282 4578//9282 4770//9282
f 4774//9283 4588//9283 4689//9283
f 3109//9284 4691//9284 3108//9284
f 4775//9285 4584//9285 4692//9285
f 4775//9286 4772//9286 4584//9286
f 394//9287 4588//9287 4776//9287
f 4694//9288 4775//9288 4692//9288
f 4698//9289 4775//9289 4694//9289
f 4698//9290 4777//9290 4775//9290
f 4778//9291 4775//9291 4777//9291
f 393//9292 394//9292 4776//9292
f 1578//9293 3197//9293 3196//9293
f 1578//9294 4591//9294 3197//9294
f 3204//9295 1578//9295 3196//9295
f 4592//9296 3129//9296 3133//9296
f 3130//9297 3129//9297 4592//9297
f 4779//9298 1578//9298 3204//9298
f 1624//9299 3130//9299 4592//9299
f 1624//9300 4592//9300 1622//9300
f 4779//9301 1576//9301 1578//9301
f 393//9302 1557//9302 392//9302
f 1720//9303 1459//9303 1458//9303
f 1720//9304 1719//9304 1459//9304
f 1718//9305 1720//9305 1458//9305
f 1718//9306 1458//9306 1460//9306
f 1712//9307 1720//9307 1718//9307
f 4780//9308 4702//9308 4703//9308
f 4780//9309 4697//9309 4702//9309
f 1972//9310 1816//9310 1815//9310
f 1973//9311 1972//9311 1815//9311
f 1779//9312 1780//9312 2002//9312
f 2003//9313 1779//9313 2002//9313
f 4781//9314 104//9314 103//9314
f 4782//9315 4212//9315 104//9315
f 4782//9316 104//9316 4781//9316
f 4781//9317 103//9317 105//9317
f 4783//9318 4780//9318 4703//9318
f 1862//9319 1973//9319 1971//9319
f 4783//9320 4703//9320 4704//9320
f 4784//9321 1868//9321 1864//9321
f 4784//9322 1864//9322 1871//9322
f 4785//9323 1935//9323 1939//9323
f 4785//9324 1932//9324 1935//9324
f 4782//9325 4706//9325 4212//9325
f 4786//9326 4706//9326 4782//9326
f 4714//9327 4704//9327 4709//9327
f 4787//9328 4783//9328 4704//9328
f 4784//9329 4713//9329 1868//9329
f 4788//9330 4712//9330 4713//9330
f 4789//9331 1939//9331 1938//9331
f 4789//9332 1938//9332 1945//9332
f 4789//9333 4790//9333 1939//9333
f 4785//9334 1939//9334 4790//9334
f 4706//9335 4789//9335 1945//9335
f 4786//9336 4789//9336 4706//9336
f 4787//9337 4714//9337 4715//9337
f 4791//9338 4787//9338 4715//9338
f 4791//9339 4715//9339 4712//9339
f 4787//9340 4704//9340 4714//9340
f 4788//9341 4791//9341 4712//9341
f 3806//9342 3989//9342 3802//9342
f 4792//9343 4722//9343 730//9343
f 4792//9344 730//9344 734//9344
f 4793//9345 4722//9345 4792//9345
f 4793//9346 4723//9346 4722//9346
f 1075//9347 1076//9347 4723//9347
f 1075//9348 4723//9348 4793//9348
f 4794//9349 4724//9349 1162//9349
f 4794//9350 1162//9350 1166//9350
f 4795//9351 4725//9351 4724//9351
f 4796//9352 4795//9352 4724//9352
f 4796//9353 4724//9353 4794//9353
f 4597//9354 4725//9354 4795//9354
f 4797//9355 4597//9355 4795//9355
f 4797//9356 4795//9356 4796//9356
f 2340//9357 4597//9357 4797//9357
f 2558//9358 2564//9358 2354//9358
f 2558//9359 2560//9359 2564//9359
f 4798//9360 2210//9360 2209//9360
f 4726//9361 4798//9361 2209//9361
f 1296//9362 2210//9362 4798//9362
f 1297//9363 2210//9363 1296//9363
f 1293//9364 4798//9364 4726//9364
f 1295//9365 1296//9365 4798//9365
f 1295//9366 4798//9366 1292//9366
f 1293//9367 1292//9367 4798//9367
f 2184//9368 4726//9368 4799//9368
f 4025//9369 4799//9370 4726//9370
f 4727//9371 4025//9372 4726//9371
f 2184//9373 2185//9373 4726//9373
f 1293//9374 4726//9374 2185//9374
f 2184//9375 4799//9375 2181//9375
f 4800//9376 4801//9376 4799//9376
f 4802//9377 4800//9377 4799//9377
f 4802//9378 4799//9378 4025//9379
f 4802//9380 4025//9381 4803//9380
f 4803//9382 4025//9383 4019//9384
f 4021//9385 4025//9386 4727//9385
f 4728//9387 4023//9387 4021//9387
f 4804//9388 4023//9388 4728//9388
f 4024//9389 4023//9389 4804//9389
f 4805//9390 4728//9390 2205//9390
f 4805//9391 4804//9391 4728//9391
f 2189//9392 4805//9392 2205//9392
f 4805//9393 4024//9393 4804//9393
f 4022//9394 4024//9394 4803//9394
f 4802//9395 4024//9395 4805//9395
f 4802//9396 4803//9396 4024//9396
f 4806//9397 4805//9397 2189//9397
f 4807//9398 4802//9398 4805//9398
f 4807//9399 4805//9399 4806//9399
f 2195//9400 2196//9400 4733//9400
f 4808//9401 2195//9401 4733//9401
f 2732//9402 4808//9402 4733//9402
f 4730//9403 4809//9403 4731//9403
f 4810//9404 4731//9404 4809//9404
f 4810//9405 4732//9405 4731//9405
f 4810//9406 4809//9406 4730//9406
f 4811//9407 4730//9407 4812//9407
f 4811//9408 4810//9408 4730//9408
f 1225//9409 4730//9409 1221//9409
f 4812//9410 4730//9410 1225//9410
f 1037//9411 1032//9411 1027//9411
f 4813//9412 1032//9412 1037//9412
f 4607//9413 1031//9413 1032//9413
f 4735//9414 4607//9414 1032//9414
f 4813//9415 4735//9415 1032//9415
f 4813//9416 4736//9416 4735//9416
f 1222//9417 4612//9417 4737//9417
f 1223//9418 1222//9418 4737//9418
f 1223//9419 4737//9419 4814//9419
f 4814//9420 4737//9420 4738//9420
f 4734//9421 4612//9421 1222//9421
f 1221//9422 4734//9422 1222//9422
f 1220//9423 1225//9423 1221//9423
f 1226//9424 4812//9424 1225//9424
f 1226//9425 4811//9425 4812//9425
f 4742//9426 4736//9426 4813//9426
f 4743//9427 4814//9427 4738//9427
f 4815//9428 4746//9428 4747//9428
f 4815//9429 4816//9429 4746//9429
f 4816//9430 4546//9430 4746//9430
f 4817//9431 4747//9431 4748//9431
f 4818//9432 4747//9432 4817//9432
f 4818//9433 4815//9433 4747//9433
f 4819//9434 4616//9434 4740//9434
f 4820//9435 4617//9435 4618//9435
f 4820//9436 4745//9436 4617//9436
f 2827//9437 2826//9437 4750//9437
f 4821//9438 4750//9438 4622//9438
f 4821//9439 2827//9439 4750//9439
f 4552//9440 4622//9440 4551//9440
f 4552//9441 4821//9441 4622//9441
f 4822//9442 4817//9442 4748//9442
f 4631//9443 4748//9443 4628//9443
f 4631//9444 4822//9444 4748//9444
f 4822//9445 4818//9445 4817//9445
f 4749//9446 4616//9446 4819//9446
f 2897//9447 4820//9447 4618//9447
f 4751//9448 4634//9448 4635//9448
f 4641//9449 4754//9449 4751//9449
f 4823//9450 4752//9450 2813//9450
f 4823//9451 2813//9451 4824//9451
f 4825//9452 4755//9452 4752//9452
f 4825//9453 4752//9453 4823//9453
f 4112//9454 4753//9454 4111//9454
f 4826//9455 4757//9455 4755//9455
f 4826//9456 4755//9456 4825//9456
f 4827//9457 4758//9457 4757//9457
f 4827//9458 4757//9458 4826//9458
f 4827//9459 4654//9459 4758//9459
f 4655//9460 4654//9460 4827//9460
f 3935//9461 3933//9461 3931//9461
f 4494//9462 4493//9462 4769//9462
f 4768//9463 3932//9463 3933//9463
f 4828//9464 4768//9464 3933//9464
f 4828//9465 3933//9465 3935//9465
f 4829//9466 4494//9466 4769//9466
f 4762//9467 4771//9467 4761//9467
f 4830//9468 4770//9468 4771//9468
f 4831//9469 4771//9469 4762//9469
f 4830//9470 4771//9470 4831//9470
f 4773//9471 4765//9471 4684//9471
f 4767//9472 4765//9472 4773//9472
f 3243//9473 3244//9473 4768//9473
f 4832//9474 3243//9474 4768//9474
f 4832//9475 4768//9475 4828//9475
f 4833//9476 4769//9476 4691//9476
f 4829//9477 4769//9477 4833//9477
f 4834//9478 4835//9478 4770//9478
f 4834//9479 4770//9479 4830//9479
f 4836//9480 4773//9480 4837//9480
f 4838//9481 4767//9481 4773//9481
f 4836//9482 4838//9482 4773//9482
f 4772//9483 4837//9483 4773//9483
f 3211//9484 3243//9484 4832//9484
f 4839//9485 4829//9485 4833//9485
f 4835//9486 4689//9486 4770//9486
f 4774//9487 4689//9487 4835//9487
f 4840//9488 4774//9488 4835//9488
f 4841//9489 4840//9489 4835//9489
f 4841//9490 4835//9490 4834//9490
f 3109//9491 4833//9491 4691//9491
f 4839//9492 4833//9492 3109//9492
f 4836//9493 4837//9493 4772//9493
f 4778//9494 4836//9494 4772//9494
f 4588//9495 4774//9495 4776//9495
f 4842//9496 4776//9496 4774//9496
f 4842//9497 4774//9497 4840//9497
f 4778//9498 4772//9498 4775//9498
f 3111//9499 4839//9499 3109//9499
f 4698//9500 4699//9500 4777//9500
f 4700//9501 4777//9501 4699//9501
f 4843//9502 4778//9502 4777//9502
f 4700//9503 4843//9503 4777//9503
f 4844//9504 3205//9504 3203//9504
f 4844//9505 3203//9505 3207//9505
f 3125//9506 3126//9506 3131//9506
f 1557//9507 393//9507 4776//9507
f 4845//9508 4779//9508 3204//9508
f 4845//9509 3204//9509 3205//9509
f 4844//9510 4845//9510 3205//9510
f 1624//9511 3131//9511 3130//9511
f 4846//9512 3131//9512 1624//9512
f 4846//9513 3125//9513 3131//9513
f 1575//9514 4779//9514 4845//9514
f 1575//9515 4845//9515 4844//9515
f 1624//9516 1628//9516 4846//9516
f 1627//9517 4846//9517 1628//9517
f 1625//9518 1628//9518 1624//9518
f 1575//9519 1576//9519 4779//9519
f 4847//9520 1552//9520 1557//9520
f 4847//9521 4848//9521 1552//9521
f 1549//9522 1552//9522 4848//9522
f 1545//9523 1549//9523 4848//9523
f 1546//9524 1545//9524 4848//9524
f 1466//9525 1718//9525 1460//9525
f 4849//9526 4850//9526 4701//9526
f 4697//9527 4849//9527 4701//9527
f 4851//9528 4850//9528 4849//9528
f 4852//9529 4701//9529 4850//9529
f 4853//9530 4850//9530 4851//9530
f 4853//9531 4852//9531 4850//9531
f 4697//9532 4854//9532 4849//9532
f 4851//9533 4849//9533 4854//9533
f 4780//9534 4854//9534 4697//9534
f 4851//9535 4854//9535 4780//9535
f 1971//9536 1815//9536 1817//9536
f 1971//9537 1973//9537 1815//9537
f 1970//9538 1971//9538 1817//9538
f 1970//9539 1817//9539 1819//9539
f 1777//9540 1779//9540 2003//9540
f 2004//9541 1777//9541 2003//9541
f 2004//9542 1778//9542 1777//9542
f 4855//9543 105//9543 108//9543
f 4856//9544 4781//9544 105//9544
f 4855//9545 4856//9545 105//9545
f 110//9546 4855//9546 108//9546
f 4857//9547 4780//9547 4783//9547
f 4857//9548 4851//9548 4780//9548
f 4781//9549 4856//9549 4855//9549
f 4781//9550 4858//9550 4782//9550
f 4859//9551 4857//9551 4783//9551
f 4784//9552 1871//9552 1876//9552
f 4785//9553 1930//9553 1932//9553
f 4786//9554 4782//9554 4858//9554
f 4859//9555 4783//9555 4787//9555
f 4788//9556 4713//9556 1876//9556
f 4784//9557 1876//9557 4713//9557
f 4860//9558 4788//9558 1876//9558
f 4860//9559 1876//9559 1875//9559
f 4861//9560 4790//9560 4789//9560
f 4786//9561 4861//9561 4789//9561
f 4862//9562 4787//9562 4791//9562
f 4862//9563 4859//9563 4787//9563
f 4863//9564 4862//9564 4791//9564
f 4860//9565 4791//9565 4788//9565
f 4860//9566 4863//9566 4791//9566
f 4864//9567 4792//9567 734//9567
f 4865//9568 4793//9568 4792//9568
f 4865//9569 4792//9569 4864//9569
f 4865//9570 1075//9570 4793//9570
f 4866//9571 4794//9571 1166//9571
f 4867//9572 4794//9572 4866//9572
f 4868//9573 4794//9573 4867//9573
f 1166//9574 1173//9574 4866//9574
f 4867//9575 4866//9575 1173//9575
f 4869//9576 4796//9576 4794//9576
f 4868//9577 4869//9577 4794//9577
f 4869//9578 4797//9578 4796//9578
f 2339//9579 2340//9579 4797//9579
f 4803//9580 4019//9581 4029//9580
f 4022//9582 4803//9582 4029//9582
f 4732//9583 1231//9583 1232//9583
f 4810//9584 1231//9584 4732//9584
f 4870//9585 1231//9585 4810//9585
f 4871//9586 1231//9586 4870//9586
f 4871//9587 1229//9587 1231//9587
f 4870//9588 4810//9588 4811//9588
f 4872//9589 4811//9589 1226//9589
f 4872//9590 4870//9590 4811//9590
f 4873//9591 1038//9591 1035//9591
f 4874//9592 1037//9592 1038//9592
f 4873//9593 4874//9593 1038//9593
f 1043//9594 4873//9594 1035//9594
f 4813//9595 1037//9595 4874//9595
f 4742//9596 4813//9596 4874//9596
f 4742//9597 4874//9597 4873//9597
f 4875//9598 1215//9598 4814//9598
f 1217//9599 1215//9599 4875//9599
f 4743//9600 4875//9600 4814//9600
f 1223//9601 4814//9601 1215//9601
f 1216//9602 1215//9602 1217//9602
f 1224//9603 4872//9603 1226//9603
f 1044//9604 4873//9604 1043//9604
f 4876//9605 4873//9605 1044//9605
f 4876//9606 4742//9606 4873//9606
f 4876//9607 4741//9607 4742//9607
f 1218//9608 1217//9608 4875//9608
f 4877//9609 4743//9609 4744//9609
f 4875//9610 4743//9610 4877//9610
f 784//9611 783//9611 4546//9611
f 784//9612 4546//9612 4816//9612
f 779//9613 783//9613 784//9613
f 4878//9614 4816//9614 4815//9614
f 4879//9615 4816//9615 4878//9615
f 784//9616 4816//9616 4879//9616
f 4880//9617 4815//9617 4818//9617
f 4880//9618 4878//9618 4815//9618
f 4881//9619 4818//9619 4822//9619
f 4881//9620 4880//9620 4818//9620
f 4882//9621 2823//9621 2827//9621
f 2824//9622 2823//9622 4882//9622
f 4883//9623 2827//9623 4821//9623
f 4883//9624 4882//9624 2827//9624
f 4884//9625 4883//9625 4821//9625
f 2148//9626 4821//9626 4552//9626
f 2148//9627 4884//9627 4821//9627
f 2150//9628 2148//9628 4552//9628
f 2151//9629 4884//9629 2148//9629
f 4885//9630 4822//9630 4631//9630
f 4881//9631 4822//9631 4885//9631
f 4630//9632 4885//9632 4631//9632
f 4886//9633 2934//9633 4749//9633
f 2904//9634 2897//9634 2898//9634
f 2904//9635 4820//9635 2897//9635
f 2926//9636 2934//9636 4886//9636
f 4632//9637 4629//9637 4634//9637
f 2818//9638 2813//9638 2812//9638
f 4824//9639 2813//9639 2818//9639
f 4887//9640 4634//9640 4751//9640
f 4754//9641 4887//9641 4751//9641
f 4888//9642 4754//9642 4756//9642
f 4888//9643 4889//9643 4754//9643
f 4890//9644 4825//9644 4823//9644
f 4890//9645 4823//9645 4891//9645
f 4888//9646 4756//9646 4116//9646
f 4756//9647 4112//9647 4116//9647
f 4826//9648 4825//9648 4892//9648
f 4890//9649 4892//9649 4825//9649
f 4117//9650 4888//9650 4116//9650
f 4893//9651 4892//9651 4890//9651
f 4110//9652 4116//9652 4112//9652
f 4827//9653 4826//9653 4892//9653
f 4894//9654 4827//9654 4892//9654
f 4895//9655 4894//9655 4892//9655
f 4895//9656 4892//9656 4893//9656
f 4896//9657 4827//9657 4894//9657
f 4895//9658 4827//9658 4896//9658
f 4897//9659 4827//9659 4895//9659
f 4655//9660 4827//9660 4897//9660
f 4895//9661 4896//9661 4894//9661
f 4898//9662 4182//9662 4760//9662
f 4899//9663 4760//9663 4766//9663
f 4899//9664 4898//9664 4760//9664
f 4766//9665 4760//9665 4759//9665
f 4898//9666 4178//9666 4182//9666
f 4900//9667 4651//9667 4655//9667
f 4652//9668 4651//9668 4900//9668
f 4901//9669 4652//9669 4900//9669
f 4902//9670 4901//9670 4900//9670
f 4902//9671 4900//9671 4903//9671
f 4901//9672 4762//9672 4652//9672
f 4901//9673 4831//9673 4762//9673
f 3934//9674 3937//9674 3936//9674
f 4676//9675 4672//9675 4675//9675
f 4673//9676 4672//9676 4676//9676
f 4676//9677 4494//9677 4829//9677
f 4767//9678 4904//9678 4766//9678
f 4905//9679 4766//9679 4904//9679
f 4906//9680 4766//9680 4905//9680
f 4899//9681 4766//9681 4906//9681
f 4828//9682 3935//9682 3937//9682
f 4907//9683 4828//9683 3937//9683
f 4907//9684 3937//9684 3934//9684
f 4908//9685 4673//9685 4676//9685
f 4830//9686 4831//9686 4909//9686
f 4901//9687 4909//9687 4831//9687
f 4910//9688 4904//9688 4767//9688
f 4910//9689 4905//9689 4904//9689
f 4911//9690 4767//9690 4838//9690
f 4911//9691 4910//9691 4767//9691
f 4910//9692 4906//9692 4905//9692
f 4912//9693 4832//9693 4828//9693
f 3241//9694 4912//9694 4828//9694
f 4907//9695 3241//9695 4828//9695
f 4913//9696 4676//9696 4829//9696
f 4913//9697 4829//9697 4839//9697
f 4908//9698 4676//9698 4913//9698
f 4914//9699 4830//9699 4909//9699
f 4915//9700 4914//9700 4909//9700
f 4916//9701 4909//9701 4901//9701
f 4915//9702 4909//9702 4916//9702
f 4915//9703 4830//9703 4914//9703
f 4834//9704 4830//9704 4915//9704
f 4917//9705 4838//9705 4836//9705
f 4917//9706 4911//9706 4838//9706
f 3241//9707 4832//9707 4912//9707
f 3241//9708 3211//9708 4832//9708
f 4918//9709 4913//9709 4839//9709
f 4908//9710 4913//9710 4918//9710
f 4919//9711 4841//9711 4834//9711
f 3241//9712 3218//9712 3211//9712
f 3242//9713 3241//9713 4907//9713
f 3113//9714 4918//9714 4839//9714
f 4908//9715 4918//9715 4920//9715
f 4921//9716 4920//9716 4918//9716
f 3238//9717 4918//9717 3113//9717
f 3238//9718 4921//9718 4918//9718
f 3111//9719 3113//9719 4839//9719
f 4842//9720 4840//9720 4841//9720
f 4842//9721 4841//9721 4919//9721
f 4922//9722 4836//9722 4778//9722
f 4922//9723 4917//9723 4836//9723
f 4923//9724 4922//9724 4778//9724
f 4923//9725 4778//9725 4843//9725
f 4924//9726 4843//9726 4700//9726
f 4925//9727 4843//9727 4924//9727
f 4925//9728 4923//9728 4843//9728
f 4926//9729 4844//9729 3207//9729
f 4926//9730 3207//9730 3210//9730
f 3119//9731 3125//9731 4846//9731
f 4847//9732 4776//9732 4842//9732
f 3120//9733 3119//9733 4846//9733
f 4927//9734 4846//9734 1627//9734
f 4927//9735 3120//9735 4846//9735
f 4847//9736 1557//9736 4776//9736
f 4926//9737 1575//9737 4844//9737
f 1573//9738 1575//9738 4926//9738
f 1630//9739 4927//9739 1627//9739
f 1708//9740 1467//9740 1465//9740
f 1708//9741 1465//9741 1472//9741
f 1703//9742 1467//9742 1708//9742
f 4701//9743 4924//9743 4700//9743
f 4852//9744 4924//9744 4701//9744
f 4925//9745 4924//9745 4928//9745
f 4929//9746 4928//9746 4924//9746
f 4852//9747 4930//9747 4924//9747
f 4931//9748 4924//9748 4930//9748
f 4931//9749 4929//9749 4924//9749
f 1820//9750 1970//9750 1819//9750
f 1874//9751 1970//9751 1969//9751
f 1969//9752 1970//9752 1820//9752
f 1776//9753 1778//9753 2004//9753
f 1776//9754 2004//9754 2005//9754
f 4853//9755 4851//9755 4857//9755
f 4781//9756 4855//9756 4858//9756
f 4858//9757 4855//9757 110//9757
f 4862//9758 4857//9758 4859//9758
f 4853//9759 4857//9759 4862//9759
f 4785//9760 4790//9760 1930//9760
f 4932//9761 1930//9761 4790//9761
f 4932//9762 1927//9762 1930//9762
f 4786//9763 4858//9763 4861//9763
f 4860//9764 1875//9764 1878//9764
f 110//9765 4790//9765 4861//9765
f 110//9766 4932//9766 4790//9766
f 4858//9767 110//9767 4861//9767
f 4865//9768 1073//9768 1075//9768
f 4867//9769 1173//9769 1172//9769
f 4933//9770 4797//9770 4869//9770
f 2338//9771 2339//9771 4797//9771
f 2338//9772 4797//9772 4933//9772
f 4933//9773 4869//9773 4868//9773
f 4934//9774 4868//9774 4867//9774
f 4933//9775 4868//9775 4934//9775
f 4935//9776 2180//9776 2182//9776
f 4936//9777 4935//9777 2182//9777
f 2183//9778 4936//9778 2182//9778
f 4937//9779 4936//9779 2183//9779
f 4938//9780 4935//9780 4936//9780
f 2337//9781 4935//9781 4938//9781
f 4939//9782 4938//9782 4936//9782
f 4940//9783 4939//9783 4936//9783
f 4937//9784 4940//9784 4936//9784
f 4940//9785 4938//9785 4939//9785
f 2348//9786 2337//9786 4938//9786
f 4940//9787 2348//9787 4938//9787
f 4941//9788 4870//9788 4872//9788
f 4941//9789 4871//9789 4870//9789
f 4808//9790 2194//9790 2195//9790
f 4942//9791 2194//9791 4808//9791
f 2193//9792 2194//9792 4942//9792
f 2732//9793 4942//9793 4808//9793
f 4943//9794 2193//9794 4942//9794
f 4944//9795 4942//9795 2732//9795
f 4945//9796 4942//9796 4944//9796
f 4945//9797 4943//9797 4942//9797
f 4452//9798 4944//9798 2732//9798
f 4452//9799 4945//9799 4944//9799
f 1224//9800 4941//9800 4872//9800
f 4946//9801 4879//9801 4878//9801
f 784//9802 4879//9802 780//9802
f 4946//9803 780//9803 4879//9803
f 4880//9804 4947//9804 4878//9804
f 1042//9805 4878//9805 4947//9805
f 4948//9806 1046//9806 1045//9806
f 4876//9807 1044//9807 1046//9807
f 4948//9808 4876//9808 1046//9808
f 4948//9809 1045//9809 4947//9809
f 1042//9810 4947//9810 1045//9810
f 4741//9811 4876//9811 4740//9811
f 4877//9812 2825//9812 4875//9812
f 1218//9813 4875//9813 2825//9813
f 1219//9814 1218//9814 2825//9814
f 4744//9815 2825//9815 4877//9815
f 4745//9816 2825//9816 4744//9816
f 1214//9817 1219//9817 2824//9817
f 2821//9818 2820//9818 2819//9818
f 4882//9819 1214//9819 2824//9819
f 2151//9820 4883//9820 4884//9820
f 4946//9821 4949//9821 780//9821
f 4948//9822 4947//9822 4880//9822
f 4881//9823 4948//9823 4880//9823
f 4881//9824 4876//9824 4948//9824
f 4881//9825 4950//9825 4876//9825
f 4951//9826 4950//9826 4952//9826
f 4885//9827 4950//9827 4881//9827
f 4819//9828 4740//9828 4876//9828
f 4819//9829 4876//9829 4950//9829
f 4820//9830 2825//9830 4745//9830
f 2153//9831 4953//9831 2151//9831
f 4950//9832 4749//9832 4819//9832
f 4954//9833 2825//9833 4820//9833
f 2821//9834 2819//9834 2825//9834
f 4955//9835 2821//9835 2825//9835
f 4956//9836 2821//9836 4955//9836
f 4956//9837 4955//9837 4957//9837
f 4951//9838 4886//9838 4749//9838
f 4951//9839 4749//9839 4950//9839
f 4954//9840 4820//9840 2904//9840
f 4954//9841 2904//9841 2903//9841
f 2821//9842 2818//9842 2816//9842
f 4958//9843 2926//9843 4886//9843
f 4959//9844 2925//9844 2926//9844
f 4958//9845 4959//9845 2926//9845
f 4958//9846 4886//9846 4951//9846
f 4960//9847 2925//9847 4959//9847
f 4961//9848 2924//9848 2925//9848
f 4962//9849 4961//9849 2925//9849
f 4963//9850 4962//9850 2925//9850
f 4963//9851 2925//9851 4960//9851
f 4960//9852 4959//9852 4958//9852
f 4964//9853 2924//9853 4961//9853
f 4964//9854 2923//9854 2924//9854
f 4964//9855 4961//9855 4962//9855
f 4965//9856 2907//9856 2906//9856
f 4966//9857 2908//9857 2907//9857
f 4967//9858 2907//9858 4965//9858
f 4968//9859 4966//9859 2907//9859
f 4967//9860 4968//9860 2907//9860
f 4969//9861 4965//9861 2906//9861
f 4970//9862 4969//9862 2906//9862
f 4966//9863 2903//9863 2908//9863
f 4971//9864 4954//9864 2903//9864
f 4966//9865 4971//9865 2903//9865
f 4630//9866 4632//9866 4952//9866
f 4964//9867 4962//9867 4963//9867
f 4967//9868 4965//9868 4969//9868
f 4967//9869 4969//9869 4970//9869
f 4824//9870 2818//9870 2821//9870
f 4956//9871 4824//9871 2821//9871
f 4634//9872 4887//9872 4632//9872
f 4887//9873 4952//9873 4632//9873
f 4957//9874 4824//9874 4956//9874
f 4891//9875 4824//9875 4957//9875
f 4891//9876 4823//9876 4824//9876
f 4889//9877 4887//9877 4754//9877
f 4887//9878 4889//9878 4972//9878
f 4890//9879 4891//9879 4973//9879
f 4974//9880 4889//9880 4888//9880
f 4974//9881 4972//9881 4889//9881
f 4975//9882 4890//9882 4973//9882
f 4974//9883 4888//9883 4122//9883
f 4123//9884 4974//9884 4122//9884
f 4117//9885 4122//9885 4888//9885
f 4975//9886 4976//9886 4890//9886
f 4977//9887 4976//9887 4975//9887
f 4893//9888 4890//9888 4976//9888
f 4118//9889 4122//9889 4117//9889
f 4895//9890 4893//9890 4976//9890
f 4978//9891 4895//9891 4976//9891
f 4979//9892 4978//9892 4976//9892
f 4979//9893 4976//9893 4977//9893
f 4980//9894 4895//9894 4978//9894
f 4980//9895 4897//9895 4895//9895
f 4979//9896 4980//9896 4978//9896
f 4179//9897 4178//9897 4898//9897
f 4179//9898 4898//9898 4899//9898
f 4980//9899 4981//9899 4897//9899
f 4903//9900 4897//9900 4981//9900
f 4903//9901 4655//9901 4897//9901
f 4982//9902 4981//9902 4980//9902
f 4983//9903 4903//9903 4981//9903
f 4982//9904 4983//9904 4981//9904
f 4984//9905 4980//9905 4979//9905
f 4982//9906 4980//9906 4984//9906
f 4903//9907 4900//9907 4655//9907
f 4985//9908 4179//9908 4899//9908
f 4666//9909 4664//9909 4665//9909
f 4674//9910 4668//9910 4671//9910
f 4986//9911 3934//9911 4664//9911
f 4908//9912 4674//9912 4673//9912
f 4920//9913 4674//9913 4908//9913
f 4985//9914 4899//9914 4906//9914
f 4910//9915 4987//9915 4906//9915
f 4988//9916 4906//9916 4987//9916
f 4989//9917 4906//9917 4988//9917
f 4990//9918 4985//9918 4906//9918
f 4989//9919 4990//9919 4906//9919
f 4907//9920 3934//9920 4986//9920
f 4664//9921 4991//9921 4986//9921
f 3242//9922 4986//9922 4991//9922
f 3242//9923 4907//9923 4986//9923
f 4992//9924 3242//9924 4991//9924
f 4993//9925 4991//9925 4664//9925
f 4993//9926 4992//9926 4991//9926
f 4993//9927 4664//9927 4666//9927
f 4920//9928 4994//9928 4674//9928
f 4668//9929 4674//9929 4994//9929
f 4921//9930 4994//9930 4920//9930
f 4995//9931 4994//9931 4921//9931
f 4996//9932 4994//9932 4995//9932
f 4668//9933 4994//9933 4996//9933
f 4902//9934 4916//9934 4901//9934
f 4915//9935 4916//9935 4997//9935
f 4998//9936 4987//9936 4910//9936
f 4998//9937 4988//9937 4987//9937
f 4911//9938 4999//9938 4910//9938
f 4998//9939 4910//9939 4999//9939
f 4998//9940 4989//9940 4988//9940
f 5000//9941 4915//9941 4997//9941
f 5001//9942 5000//9942 4997//9942
f 5002//9943 4997//9943 4916//9943
f 5001//9944 4997//9944 5002//9944
f 5001//9945 4915//9945 5000//9945
f 5003//9946 4915//9946 5001//9946
f 5004//9947 5005//9947 4999//9947
f 4998//9948 4999//9948 5005//9948
f 4911//9949 5004//9949 4999//9949
f 5006//9950 5005//9950 5004//9950
f 5007//9951 4998//9951 5005//9951
f 5008//9952 5007//9952 5005//9952
f 5006//9953 5008//9953 5005//9953
f 5009//9954 5004//9954 4911//9954
f 5006//9955 5004//9955 5009//9955
f 4917//9956 5009//9956 4911//9956
f 4992//9957 3240//9957 3242//9957
f 5010//9958 5003//9958 5001//9958
f 5011//9959 4834//9959 4915//9959
f 5003//9960 5011//9960 4915//9960
f 4919//9961 4834//9961 5011//9961
f 5012//9962 5011//9962 5003//9962
f 5013//9963 4919//9963 5011//9963
f 5012//9964 5013//9964 5011//9964
f 5012//9965 5003//9965 5010//9965
f 3239//9966 3240//9966 4992//9966
f 5014//9967 3239//9967 4992//9967
f 5014//9968 4992//9968 5015//9968
f 4993//9969 5015//9969 4992//9969
f 5015//9970 3239//9970 5014//9970
f 4996//9971 4995//9971 5015//9971
f 3231//9972 5015//9972 4995//9972
f 3231//9973 4995//9973 4921//9973
f 5016//9974 4996//9974 5015//9974
f 4668//9975 4996//9975 5016//9975
f 5016//9976 5015//9976 4993//9976
f 3239//9977 5015//9977 3229//9977
f 3231//9978 3229//9978 5015//9978
f 3238//9979 3231//9979 4921//9979
f 5006//9980 5009//9980 4917//9980
f 5017//9981 5006//9981 4917//9981
f 3226//9982 3242//9982 3240//9982
f 5018//9983 4842//9983 4919//9983
f 5013//9984 5018//9984 4919//9984
f 5017//9985 4917//9985 4922//9985
f 4925//9986 5019//9986 4923//9986
f 4922//9987 4923//9987 5019//9987
f 4925//9988 4928//9988 5019//9988
f 4929//9989 5019//9989 4928//9989
f 5020//9990 4922//9990 5019//9990
f 4929//9991 5020//9991 5019//9991
f 3214//9992 4926//9992 3210//9992
f 5021//9993 3215//9993 3213//9993
f 5021//9994 3213//9994 3217//9994
f 3118//9995 3115//9995 3121//9995
f 5018//9996 4847//9996 4842//9996
f 1574//9997 4926//9997 3214//9997
f 3215//9998 1574//9998 3214//9998
f 4927//9999 3122//9999 3120//9999
f 1630//10000 3121//10000 3122//10000
f 4927//10001 1630//10001 3122//10001
f 5022//10002 3118//10002 3121//10002
f 4848//10003 4847//10003 5018//10003
f 5021//10004 1574//10004 3215//10004
f 1630//10005 1632//10005 3121//10005
f 1632//10006 5022//10006 3121//10006
f 1629//10007 1632//10007 1630//10007
f 1476//10008 1472//10008 1470//10008
f 1574//10009 1573//10009 4926//10009
f 1572//10010 1574//10010 5021//10010
f 1709//10011 1708//10011 1472//10011
f 1709//10012 1472//10012 1476//10012
f 4853//10013 4930//10013 4852//10013
f 5023//10014 4930//10014 4853//10014
f 5024//10015 4930//10015 5023//10015
f 5024//10016 4931//10016 4930//10016
f 5025//10017 1820//10018 1818//10018
f 1821//10019 5025//10020 1818//10019
f 5025//10021 1969//10022 1820//10022
f 5026//10023 1969//10023 5025//10024
f 1877//10025 1969//10025 5026//10025
f 5026//10026 5025//10027 1821//10026
f 1676//10028 5027//10028 1821//10028
f 5027//10029 5026//10029 1821//10029
f 2005//10030 2006//10030 1776//10030
f 1775//10031 1776//10031 2006//10031
f 1774//10032 1775//10032 2006//10032
f 2007//10033 1774//10033 2006//10033
f 1917//10034 2007//10034 2006//10034
f 1968//10035 5026//10035 5027//10035
f 1877//10036 5026//10036 1968//10036
f 5028//10037 5023//10037 4862//10037
f 4853//10038 4862//10038 5023//10038
f 5029//10039 5023//10039 5028//10039
f 5029//10040 5024//10040 5023//10040
f 4863//10041 5028//10041 4862//10041
f 4860//10042 1878//10042 5028//10042
f 5030//10043 5028//10043 1878//10043
f 1924//10044 1927//10044 4932//10044
f 113//10045 4932//10045 110//10045
f 116//10046 4932//10046 113//10046
f 116//10047 1924//10047 4932//10047
f 4860//10048 5028//10048 4863//10048
f 5030//10049 5029//10049 5028//10049
f 5031//10050 734//10050 741//10050
f 4864//10051 734//10051 5031//10051
f 5031//10052 741//10052 743//10052
f 4865//10053 4864//10053 5031//10053
f 5032//10054 4865//10054 5031//10054
f 1073//10055 4865//10055 5032//10055
f 5033//10056 1172//10056 1175//10056
f 4867//10057 1172//10057 5033//10057
f 4934//10058 4867//10058 5033//10058
f 5034//10059 4934//10059 5033//10059
f 4933//10060 4934//10060 5034//10060
f 5035//10061 4933//10061 5034//10061
f 2338//10062 4933//10062 5035//10062
f 754//10063 746//10063 745//10063
f 5036//10064 747//10064 746//10064
f 752//10065 746//10065 754//10065
f 752//10066 5036//10066 746//10066
f 5036//10067 744//10067 747//10067
f 2337//10068 2180//10068 4935//10068
f 2175//10069 2180//10069 2337//10069
f 2349//10070 2348//10070 4940//10070
f 5037//10071 4940//10071 4937//10071
f 2349//10072 4940//10072 5037//10072
f 5038//10073 2183//10073 2181//10073
f 4799//10074 5038//10074 2181//10074
f 4937//10075 2183//10075 5038//10075
f 5037//10076 4937//10076 5038//10076
f 4801//10077 5038//10077 4799//10077
f 4801//10078 5037//10078 5038//10078
f 2557//10079 5037//10079 4801//10079
f 2557//10080 2349//10080 5037//10080
f 2556//10081 2557//10081 4801//10081
f 2555//10082 4801//10082 4800//10082
f 2555//10083 2556//10083 4801//10083
f 4807//10084 4800//10084 4802//10084
f 2554//10085 4800//10085 4807//10085
f 2554//10086 2555//10086 4800//10086
f 2192//10087 4806//10087 2189//10087
f 4945//10088 4807//10088 4806//10088
f 4945//10089 4806//10089 4943//10089
f 4943//10090 4806//10090 2193//10090
f 2193//10091 4806//10091 2192//10091
f 5039//10092 2554//10092 4807//10092
f 2548//10093 4807//10093 4945//10093
f 2549//10094 5039//10094 4807//10094
f 2548//10095 2549//10095 4807//10095
f 2417//10096 4945//10096 4452//10096
f 2417//10097 2548//10097 4945//10097
f 1033//10098 1052//10098 1056//10098
f 4941//10099 1229//10099 4871//10099
f 1227//10100 1229//10100 4941//10100
f 1050//10101 1033//10101 1056//10101
f 5040//10102 1050//10102 1056//10102
f 5040//10103 1056//10103 1055//10103
f 1049//10104 1051//10104 1050//10104
f 1049//10105 1050//10105 5040//10105
f 1227//10106 4941//10106 1224//10106
f 5041//10107 780//10107 4949//10107
f 5041//10108 776//10108 780//10108
f 5042//10109 4949//10109 4946//10109
f 5041//10110 4949//10110 5042//10110
f 4878//10111 5042//10111 4946//10111
f 1042//10112 5042//10112 4878//10112
f 1047//10113 5042//10113 1042//10113
f 5043//10114 1209//10114 1214//10114
f 5043//10115 1214//10115 4882//10115
f 4883//10116 5043//10116 4882//10116
f 5044//10117 5043//10117 4883//10117
f 5045//10118 5043//10118 5044//10118
f 2151//10119 5044//10119 4883//10119
f 4953//10120 5044//10120 2151//10120
f 2153//10121 5044//10121 4953//10121
f 2153//10122 5045//10122 5044//10122
f 4885//10123 4952//10123 4950//10123
f 4630//10124 4952//10124 4885//10124
f 4954//10125 4955//10125 2825//10125
f 4957//10126 4955//10126 4954//10126
f 4957//10127 4954//10127 5046//10127
f 5047//10128 4958//10128 4951//10128
f 4951//10129 5048//10129 5047//10129
f 5049//10130 5047//10130 5048//10130
f 5050//10131 5049//10131 5048//10131
f 5051//10132 5048//10132 5052//10132
f 5050//10133 5048//10133 5051//10133
f 5052//10134 5048//10134 4951//10134
f 5052//10135 4951//10135 4952//10135
f 5046//10136 4954//10136 4971//10136
f 5047//10137 4960//10137 4958//10137
f 4964//10138 2922//10138 2923//10138
f 5053//10139 2921//10139 2922//10139
f 5053//10140 2922//10140 4964//10140
f 5054//10141 2920//10141 2921//10141
f 5055//10142 2921//10142 5053//10142
f 5054//10143 2921//10143 5055//10143
f 5056//10144 2919//10144 2920//10144
f 5057//10145 5056//10145 2920//10145
f 5054//10146 5057//10146 2920//10146
f 5058//10147 2916//10147 2919//10147
f 5058//10148 2919//10148 5056//10148
f 5059//10149 2913//10149 2916//10149
f 5060//10150 5059//10150 2916//10150
f 5061//10151 2916//10151 5058//10151
f 5060//10152 2916//10152 5061//10152
f 5062//10153 2913//10153 5059//10153
f 5063//10154 2911//10154 2913//10154
f 5062//10155 5063//10155 2913//10155
f 5064//10156 5062//10156 5059//10156
f 5064//10157 5059//10157 5060//10157
f 4970//10158 2911//10158 5063//10158
f 4970//10159 2906//10159 2911//10159
f 5062//10160 4970//10160 5063//10160
f 4966//10161 5046//10161 4971//10161
f 4968//10162 5046//10162 4966//10162
f 5046//10163 5065//10163 4957//10163
f 5066//10164 5046//10164 4968//10164
f 4887//10165 5052//10165 4952//10165
f 5047//10166 4963//10166 4960//10166
f 5067//10167 5053//10167 4964//10167
f 5049//10168 5067//10168 4964//10168
f 4963//10169 5049//10169 4964//10169
f 5068//10170 4967//10170 4970//10170
f 5069//10171 4970//10171 5062//10171
f 5070//10172 5068//10172 4970//10172
f 5069//10173 5070//10173 4970//10173
f 5068//10174 4968//10174 4967//10174
f 5055//10175 5053//10175 5067//10175
f 5064//10176 5069//10176 5062//10176
f 4891//10177 4957//10177 5065//10177
f 5071//10178 5052//10178 4887//10178
f 5072//10179 5056//10179 5057//10179
f 5061//10180 5058//10180 5056//10180
f 5072//10181 5061//10181 5056//10181
f 5072//10182 5057//10182 5054//10182
f 5073//10183 4891//10183 5065//10183
f 4972//10184 5071//10184 4887//10184
f 4973//10185 4891//10185 5073//10185
f 4973//10186 5073//10186 5074//10186
f 4974//10187 5075//10187 4972//10187
f 5076//10188 4972//10188 5075//10188
f 5077//10189 4975//10189 4973//10189
f 5077//10190 4973//10190 5078//10190
f 4128//10191 5075//10191 4974//10191
f 5079//10192 4975//10192 5077//10192
f 4977//10193 4975//10193 5079//10193
f 4129//10194 5075//10194 4128//10194
f 4123//10195 4128//10195 4974//10195
f 5080//10196 4977//10196 5079//10196
f 4121//10197 4128//10197 4123//10197
f 4979//10198 4977//10198 5080//10198
f 5081//10199 4979//10199 5080//10199
f 5082//10200 5081//10200 5080//10200
f 5083//10201 4979//10201 5081//10201
f 5084//10202 4979//10202 5083//10202
f 5084//10203 4984//10203 4979//10203
f 5082//10204 5083//10204 5081//10204
f 5084//10205 5083//10205 5082//10205
f 4177//10206 4179//10206 4985//10206
f 4177//10207 4985//10207 4990//10207
f 5085//10208 4903//10208 4983//10208
f 5086//10209 5085//10209 4983//10209
f 5086//10210 4983//10210 4982//10210
f 5085//10211 4902//10211 4903//10211
f 4916//10212 4902//10212 5085//10212
f 5002//10213 4916//10213 5085//10213
f 5002//10214 5085//10214 5086//10214
f 5087//10215 4990//10215 4989//10215
f 4998//10216 5088//10216 4989//10216
f 5089//10217 4989//10217 5088//10217
f 5087//10218 4989//10218 5089//10218
f 5016//10219 4666//10219 4667//10219
f 5016//10220 4993//10220 4666//10220
f 4668//10221 5016//10221 4667//10221
f 5001//10222 5002//10222 5090//10222
f 5091//10223 5088//10223 4998//10223
f 5091//10224 5089//10224 5088//10224
f 5092//10225 4998//10225 5007//10225
f 5092//10226 5091//10226 4998//10226
f 5091//10227 5087//10227 5089//10227
f 5093//10228 5001//10228 5090//10228
f 5094//10229 5093//10229 5090//10229
f 5095//10230 5090//10230 5002//10230
f 5094//10231 5090//10231 5095//10231
f 5094//10232 5001//10232 5093//10232
f 5010//10233 5001//10233 5094//10233
f 5096//10234 5007//10234 5008//10234
f 5096//10235 5092//10235 5007//10235
f 5097//10236 5012//10236 5010//10236
f 5098//10237 5097//10237 5010//10237
f 5096//10238 5008//10238 5006//10238
f 5096//10239 5006//10239 5017//10239
f 5013//10240 5012//10240 5018//10240
f 5097//10241 5099//10241 5012//10241
f 5100//10242 5096//10242 5017//10242
f 5099//10243 5018//10243 5012//10243
f 5101//10244 5017//10244 4922//10244
f 5101//10245 5100//10245 5017//10245
f 5020//10246 5101//10246 4922//10246
f 3225//10247 3221//10247 3220//10247
f 5102//10248 5018//10248 5099//10248
f 5020//10249 5103//10249 5101//10249
f 5020//10250 5104//10250 5103//10250
f 5105//10251 5103//10251 5104//10251
f 5106//10252 5103//10252 5105//10252
f 5100//10253 5101//10253 5103//10253
f 5106//10254 5100//10254 5103//10254
f 4929//10255 5104//10255 5020//10255
f 5105//10256 5104//10256 4929//10256
f 5021//10257 3217//10257 3221//10257
f 1571//10258 5021//10258 3221//10258
f 1571//10259 3221//10259 3225//10259
f 3237//10260 3118//10260 5022//10260
f 5102//10261 4848//10261 5018//10261
f 1634//10262 5022//10262 1633//10262
f 1634//10263 3237//10263 5022//10263
f 1633//10264 5022//10264 1632//10264
f 1546//10265 4848//10265 5102//10265
f 1571//10266 1572//10266 5021//10266
f 1699//10267 1476//10267 1475//10267
f 1699//10268 1709//10268 1476//10268
f 1700//10269 1699//10269 1475//10269
f 1700//10270 1475//10270 1479//10270
f 1697//10271 1709//10271 1699//10271
f 5107//10272 5105//10272 4929//10272
f 4931//10273 5107//10273 4929//10273
f 5107//10274 5108//10274 5105//10274
f 5106//10275 5105//10275 5108//10275
f 5109//10276 5108//10276 5107//10276
f 5110//10277 5108//10277 5109//10277
f 5106//10278 5108//10278 5111//10278
f 5112//10279 5111//10279 5108//10279
f 5110//10280 5112//10280 5108//10280
f 5109//10281 5107//10281 5113//10281
f 5024//10282 5107//10282 4931//10282
f 5113//10283 5107//10283 5024//10283
f 5113//10284 5024//10284 5029//10284
f 5114//10285 5027//10285 1676//10285
f 1822//10286 5114//10286 1676//10286
f 2008//10287 1774//10287 2007//10287
f 1773//10288 1774//10288 2008//10288
f 1966//10289 1968//10289 5027//10289
f 5114//10290 1966//10290 5027//10290
f 1879//10291 1968//10291 1966//10291
f 1881//10292 5029//10292 5030//10292
f 1881//10293 5113//10293 5029//10293
f 1881//10294 5030//10294 1878//10294
f 1881//10295 5109//10295 5113//10295
f 1881//10296 5115//10296 5109//10296
f 5110//10297 5109//10297 5115//10297
f 1881//10298 5116//10298 5115//10298
f 5117//10299 5115//10299 5116//10299
f 5117//10300 5110//10300 5115//10300
f 5118//10301 5117//10301 5116//10301
f 1881//10302 5119//10302 5116//10302
f 5119//10303 5120//10303 5116//10303
f 5121//10304 5116//10304 5120//10304
f 5121//10305 5118//10305 5116//10305
f 5122//10306 5120//10306 5123//10306
f 5119//10307 5123//10307 5120//10307
f 5121//10308 5120//10308 5122//10308
f 5124//10309 5122//10309 5123//10309
f 5125//10310 5124//10310 5123//10310
f 5126//10311 5123//10311 5119//10311
f 5125//10312 5123//10312 5126//10312
f 5127//10313 5119//10313 1881//10313
f 5126//10314 5119//10314 5127//10314
f 5127//10315 1881//10315 1887//10315
f 120//10316 1919//10316 1924//10316
f 116//10317 120//10317 1924//10317
f 123//10318 1913//10318 1919//10318
f 120//10319 123//10319 1919//10319
f 123//10320 1915//10320 1913//10320
f 5128//10321 1910//10321 1915//10321
f 128//10322 5128//10322 1915//10322
f 126//10323 128//10323 1915//10323
f 123//10324 126//10324 1915//10324
f 1909//10325 1910//10325 5128//10325
f 5129//10326 5128//10326 128//10326
f 5129//10327 1909//10327 5128//10327
f 5130//10328 128//10328 130//10328
f 5130//10329 5129//10329 128//10329
f 5131//10330 5130//10330 130//10330
f 5031//10331 743//10331 5132//10331
f 5132//10332 743//10332 744//10332
f 5032//10333 5031//10333 5132//10333
f 5133//10334 5032//10334 5132//10334
f 1073//10335 5032//10335 1074//10335
f 5134//10336 1175//10336 1178//10336
f 5033//10337 1175//10337 5134//10337
f 5135//10338 5033//10338 5134//10338
f 5136//10339 5135//10339 5134//10339
f 5034//10340 5033//10340 5135//10340
f 5137//10341 5034//10341 5135//10341
f 5138//10342 5137//10342 5135//10342
f 5138//10343 5135//10343 5136//10343
f 5035//10344 5034//10344 5137//10344
f 5138//10345 5035//10345 5137//10345
f 5139//10346 2336//10346 5035//10346
f 5139//10347 5035//10347 5138//10347
f 2338//10348 5035//10348 2336//10348
f 5140//10349 2175//10349 2336//10349
f 5139//10350 5140//10350 2336//10350
f 5141//10351 5132//10351 744//10351
f 5036//10352 5141//10352 744//10352
f 5142//10353 5133//10353 5132//10353
f 5142//10354 5132//10354 5141//10354
f 5143//10355 5133//10355 5142//10355
f 5140//10356 2176//10356 2175//10356
f 2177//10357 2176//10357 5140//10357
f 2177//10358 5140//10358 5139//10358
f 759//10359 5141//10359 5036//10359
f 5144//10360 5142//10360 5141//10360
f 5144//10361 5141//10361 759//10361
f 752//10362 759//10362 5036//10362
f 5145//10363 5142//10363 5144//10363
f 5145//10364 5143//10364 5142//10364
f 5145//10365 5144//10365 759//10365
f 5145//10366 759//10366 760//10366
f 5146//10367 760//10367 761//10367
f 5146//10368 5145//10368 760//10368
f 5147//10369 5146//10369 761//10369
f 5148//10370 5147//10370 761//10370
f 757//10371 5148//10371 761//10371
f 5148//10372 757//10372 763//10372
f 2550//10373 2557//10373 2556//10373
f 2551//10374 2554//10374 5039//10374
f 2551//10375 5039//10375 2549//10375
f 5040//10376 1055//10376 5149//10376
f 1057//10377 5149//10377 1055//10377
f 5150//10378 5151//10378 5152//10378
f 5149//10379 5152//10379 5151//10379
f 5153//10380 5150//10380 5152//10380
f 5154//10381 5152//10381 5149//10381
f 5155//10382 5152//10382 5154//10382
f 5153//10383 5152//10383 5155//10383
f 5156//10384 5151//10384 5150//10384
f 5040//10385 5149//10385 5151//10385
f 1049//10386 5040//10386 5151//10386
f 1049//10387 5151//10387 5156//10387
f 5157//10388 5156//10388 5150//10388
f 5158//10389 5157//10389 5150//10389
f 5158//10390 5150//10390 5153//10390
f 1057//10391 5154//10391 5149//10391
f 5041//10392 5157//10392 5159//10392
f 5158//10393 5159//10393 5157//10393
f 5156//10394 5157//10394 5041//10394
f 776//10395 5041//10395 5159//10395
f 5042//10396 5156//10396 5041//10396
f 1047//10397 1049//10397 5156//10397
f 1047//10398 5156//10398 5042//10398
f 1209//10399 5160//10399 5161//10399
f 5162//10400 5161//10400 5160//10400
f 1204//10401 1209//10401 5161//10401
f 5163//10402 5161//10402 5162//10402
f 5163//10403 1204//10403 5161//10403
f 5043//10404 5160//10404 1209//10404
f 5045//10405 5162//10405 5160//10405
f 5045//10406 5160//10406 5043//10406
f 5164//10407 5162//10407 5045//10407
f 2153//10408 5164//10408 5045//10408
f 5165//10409 5163//10409 5162//10409
f 2154//10410 5162//10410 5164//10410
f 2154//10411 5164//10411 2153//10411
f 2154//10412 5165//10412 5162//10412
f 4963//10413 5047//10413 5049//10413
f 5066//10414 4968//10414 5068//10414
f 5166//10415 5066//10415 5068//10415
f 5166//10416 5068//10416 5070//10416
f 5065//10417 5046//10417 5066//10417
f 5074//10418 5065//10418 5066//10418
f 5073//10419 5065//10419 5074//10419
f 5074//10420 5066//10420 5166//10420
f 5067//10421 5049//10421 5167//10421
f 5168//10422 5070//10422 5069//10422
f 5168//10423 5166//10423 5070//10423
f 5168//10424 5069//10424 5064//10424
f 5169//10425 5166//10425 5168//10425
f 5169//10426 5074//10426 5166//10426
f 5051//10427 5052//10427 5071//10427
f 5050//10428 5167//10428 5049//10428
f 5055//10429 5067//10429 5167//10429
f 5054//10430 5055//10430 5167//10430
f 5072//10431 5054//10431 5167//10431
f 5060//10432 5061//10432 5170//10432
f 5171//10433 5060//10433 5170//10433
f 5170//10434 5061//10434 5072//10434
f 5064//10435 5060//10435 5171//10435
f 5168//10436 5064//10436 5171//10436
f 5172//10437 5169//10437 5168//10437
f 5173//10438 5169//10438 5172//10438
f 5078//10439 5169//10439 5173//10439
f 5174//10440 5173//10440 5172//10440
f 5175//10441 5173//10441 5174//10441
f 5176//10442 5174//10442 5177//10442
f 5175//10443 5174//10443 5176//10443
f 5171//10444 5172//10444 5168//10444
f 5174//10445 5172//10445 5171//10445
f 4973//10446 5074//10446 5169//10446
f 5076//10447 5051//10447 5071//10447
f 5178//10448 5051//10448 5076//10448
f 4972//10449 5076//10449 5071//10449
f 4973//10450 5169//10450 5078//10450
f 5075//10451 5179//10451 5076//10451
f 5180//10452 5076//10452 5179//10452
f 5181//10453 5076//10453 5180//10453
f 5178//10454 5076//10454 5181//10454
f 5182//10455 5078//10455 5175//10455
f 5173//10456 5175//10456 5078//10456
f 5077//10457 5078//10457 5182//10457
f 5183//10458 5182//10458 5175//10458
f 5179//10459 5075//10459 5184//10459
f 5179//10460 5184//10460 5180//10460
f 4135//10461 5180//10461 5184//10461
f 5183//10462 5185//10462 5182//10462
f 5079//10463 5182//10463 5185//10463
f 5077//10464 5182//10464 5079//10464
f 4129//10465 5184//10465 5075//10465
f 4135//10466 5184//10466 4136//10466
f 4127//10467 5184//10467 4129//10467
f 4136//10468 5184//10468 4127//10468
f 4160//10469 5185//10469 5183//10469
f 4132//10470 4136//10470 4127//10470
f 5080//10471 5079//10471 5185//10471
f 5082//10472 5080//10472 5185//10472
f 5186//10473 5185//10473 4160//10473
f 5082//10474 5185//10474 5186//10474
f 4159//10475 5186//10475 4160//10475
f 4163//10476 5186//10476 4159//10476
f 4163//10477 5082//10477 5186//10477
f 4158//10478 4163//10478 4159//10478
f 4157//10479 5082//10479 4163//10479
f 5187//10480 5084//10480 5082//10480
f 5187//10481 5082//10481 4157//10481
f 4177//10482 5188//10482 4176//10482
f 5189//10483 4176//10483 5188//10483
f 4177//10484 4990//10484 5188//10484
f 5087//10485 5188//10485 4990//10485
f 5190//10486 4984//10486 5084//10486
f 5190//10487 4982//10487 4984//10487
f 5190//10488 5084//10488 5187//10488
f 5190//10489 5086//10489 4982//10489
f 5095//10490 5002//10490 5086//10490
f 5095//10491 5086//10491 5191//10491
f 5190//10492 5191//10492 5086//10492
f 5091//10493 5192//10493 5087//10493
f 5193//10494 5087//10494 5192//10494
f 5194//10495 5087//10495 5193//10495
f 5194//10496 5188//10496 5087//10496
f 5094//10497 5095//10497 5195//10497
f 5196//10498 5192//10498 5091//10498
f 5196//10499 5193//10499 5192//10499
f 5092//10500 5197//10500 5091//10500
f 5196//10501 5091//10501 5197//10501
f 5196//10502 5194//10502 5193//10502
f 5198//10503 5094//10503 5195//10503
f 5199//10504 5198//10504 5195//10504
f 5200//10505 5195//10505 5095//10505
f 5199//10506 5195//10506 5200//10506
f 5199//10507 5094//10507 5198//10507
f 5201//10508 5202//10508 5094//10508
f 5201//10509 5094//10509 5199//10509
f 5203//10510 5197//10510 5092//10510
f 5204//10511 5197//10511 5203//10511
f 5096//10512 5203//10512 5092//10512
f 5202//10513 5010//10513 5094//10513
f 5098//10514 5010//10514 5202//10514
f 5205//10515 5098//10515 5202//10515
f 5206//10516 5205//10516 5202//10516
f 5206//10517 5202//10517 5201//10517
f 5204//10518 5203//10518 5096//10518
f 5097//10519 5098//10519 5099//10519
f 5207//10520 5204//10520 5096//10520
f 5207//10521 5096//10521 5100//10521
f 1571//10522 3225//10522 3224//10522
f 1570//10523 3224//10523 3228//10523
f 1570//10524 1571//10524 3224//10524
f 5208//10525 3228//10525 3230//10525
f 5208//10526 1570//10526 3228//10526
f 5209//10527 3230//10527 3233//10527
f 5209//10528 5208//10528 3230//10528
f 1636//10529 3233//10529 3235//10529
f 1636//10530 5209//10530 3233//10530
f 1635//10531 3235//10531 3237//10531
f 1635//10532 1636//10532 3235//10532
f 1634//10533 1635//10533 3237//10533
f 5106//10534 5111//10534 5100//10534
f 5207//10535 5100//10535 5111//10535
f 5210//10536 5207//10536 5111//10536
f 5112//10537 5210//10537 5111//10537
f 1569//10538 1570//10538 5208//10538
f 1568//10539 1569//10539 5208//10539
f 1568//10540 5208//10540 5209//10540
f 1568//10541 5209//10541 1636//10541
f 1546//10542 1541//10542 1540//10542
f 5211//10543 1537//10543 1541//10543
f 1532//10544 1537//10544 5211//10544
f 1527//10545 1532//10545 5211//10545
f 5102//10546 1541//10546 1546//10546
f 1700//10547 1479//10547 1482//10547
f 1693//10548 1700//10548 1482//10548
f 1694//10549 1693//10549 1482//10549
f 1694//10550 1482//10550 1484//10550
f 1692//10551 1700//10551 1693//10551
f 1771//10552 1965//10552 1770//10552
f 1964//10553 1965//10553 1771//10553
f 1967//10554 1770//10554 1965//10554
f 1963//10555 1964//10555 1772//10555
f 1772//10556 1964//10556 1771//10556
f 1963//10557 1772//10557 1773//10557
f 2008//10558 1963//10558 1773//10558
f 1822//10559 1966//10559 5114//10559
f 1967//10560 1822//10560 1770//10560
f 1966//10561 1822//10561 1967//10561
f 1911//10562 1963//10562 2008//10562
f 5133//10563 5143//10563 5032//10563
f 1070//10564 5032//10564 5143//10564
f 1074//10565 5032//10565 1070//10565
f 1069//10566 1074//10566 1070//10566
f 1181//10567 1178//10567 1177//10567
f 5212//10568 5134//10568 1178//10568
f 5213//10569 5212//10569 1178//10569
f 1181//10570 5213//10570 1178//10570
f 5214//10571 5215//10571 5134//10571
f 5214//10572 5134//10572 5212//10572
f 5136//10573 5134//10573 5215//10573
f 5216//10574 5215//10574 5214//10574
f 5138//10575 5136//10575 5215//10575
f 5139//10576 5138//10576 5215//10576
f 2177//10577 5139//10577 5215//10577
f 2177//10578 5215//10578 5216//10578
f 5146//10579 5143//10579 5145//10579
f 5212//10580 5213//10580 1181//10580
f 2174//10581 2177//10581 5216//10581
f 5217//10582 2174//10582 5216//10582
f 2172//10583 5217//10583 5216//10583
f 5214//10584 2172//10584 5216//10584
f 2172//10585 2174//10585 5217//10585
f 5218//10586 5155//10586 5154//10586
f 5218//10587 5154//10587 1057//10587
f 5219//10588 5153//10588 5155//10588
f 5218//10589 5220//10589 5155//10589
f 5219//10590 5155//10590 5220//10590
f 5163//10591 1198//10591 1202//10591
f 5163//10592 1202//10592 1204//10592
f 5221//10593 1198//10593 5163//10593
f 1196//10594 1198//10594 5221//10594
f 5222//10595 5221//10595 5163//10595
f 5222//10596 5163//10596 5165//10596
f 5222//10597 1196//10597 5221//10597
f 5159//10598 5158//10598 5153//10598
f 773//10599 5159//10599 5153//10599
f 773//10600 5153//10600 5219//10600
f 773//10601 776//10601 5159//10601
f 5223//10602 5222//10602 5165//10602
f 2157//10603 5165//10603 2154//10603
f 2160//10604 5223//10604 2157//10604
f 5165//10605 2157//10605 5223//10605
f 5051//10606 5178//10606 5050//10606
f 5178//10607 5224//10607 5050//10607
f 5224//10608 5167//10608 5050//10608
f 5181//10609 5224//10609 5178//10609
f 5225//10610 5224//10610 5181//10610
f 5226//10611 5167//10611 5224//10611
f 5225//10612 5226//10612 5224//10612
f 5226//10613 5072//10613 5167//10613
f 5072//10614 5226//10614 5177//10614
f 5170//10615 5072//10615 5177//10615
f 5227//10616 5177//10616 5228//10616
f 5226//10617 5229//10617 5177//10617
f 5228//10618 5177//10618 5229//10618
f 5230//10619 5229//10619 5226//10619
f 5231//10620 5228//10620 5229//10620
f 5231//10621 5229//10621 5230//10621
f 5230//10622 5226//10622 5232//10622
f 5174//10623 5171//10623 5170//10623
f 5177//10624 5174//10624 5170//10624
f 5176//10625 5177//10625 5227//10625
f 5180//10626 5233//10626 5181//10626
f 5233//10627 5225//10627 5181//10627
f 5234//10628 5225//10628 5233//10628
f 5235//10629 5226//10629 5225//10629
f 5235//10630 5225//10630 5234//10630
f 5232//10631 5226//10631 5235//10631
f 5236//10632 5227//10632 5228//10632
f 5236//10633 5228//10633 5231//10633
f 5237//10634 5176//10634 5227//10634
f 5237//10635 5227//10635 5236//10635
f 5183//10636 5175//10636 5176//10636
f 5183//10637 5176//10637 5237//10637
f 5238//10638 5234//10638 5233//10638
f 5239//10639 5235//10639 5234//10639
f 5238//10640 5240//10640 5234//10640
f 5239//10641 5234//10641 5240//10641
f 4133//10642 5238//10642 5233//10642
f 5232//10643 5235//10643 5239//10643
f 5241//10644 5231//10644 5230//10644
f 5241//10645 5236//10645 5231//10645
f 4161//10646 5237//10646 5236//10646
f 4133//10647 5233//10647 5180//10647
f 5242//10648 5232//10648 5239//10648
f 5230//10649 5232//10649 5242//10649
f 5183//10650 5237//10650 4161//10650
f 4135//10651 4133//10651 5180//10651
f 4145//10652 5230//10652 5242//10652
f 5241//10653 5230//10653 4145//10653
f 4152//10654 5236//10654 5241//10654
f 4161//10655 5236//10655 4152//10655
f 4160//10656 5183//10656 4161//10656
f 4141//10657 5238//10657 4133//10657
f 5240//10658 5238//10658 4141//10658
f 4144//10659 5239//10659 5240//10659
f 5242//10660 5239//10660 4144//10660
f 4153//10661 5241//10661 4145//10661
f 4148//10662 4153//10662 4145//10662
f 4144//10663 4145//10663 5242//10663
f 4153//10664 4152//10664 5241//10664
f 4155//10665 4161//10665 4152//10665
f 4140//10666 5240//10666 4141//10666
f 4140//10667 4144//10667 5240//10667
f 5243//10668 4175//10668 4176//10668
f 4173//10669 4175//10669 5243//10669
f 5244//10670 5187//10670 4157//10670
f 5244//10671 4157//10671 4162//10671
f 5244//10672 5190//10672 5187//10672
f 5245//10673 5191//10673 5190//10673
f 5245//10674 5190//10674 5244//10674
f 5189//10675 5188//10675 5194//10675
f 5196//10676 5246//10676 5194//10676
f 5247//10677 5194//10677 5246//10677
f 5248//10678 5194//10678 5247//10678
f 5248//10679 5189//10679 5194//10679
f 5191//10680 5200//10680 5095//10680
f 5199//10681 5200//10681 5249//10681
f 5245//10682 5249//10682 5200//10682
f 5245//10683 5200//10683 5191//10683
f 5250//10684 5246//10684 5196//10684
f 5250//10685 5247//10685 5246//10685
f 5197//10686 5251//10686 5196//10686
f 5251//10687 5250//10687 5196//10687
f 5250//10688 5248//10688 5247//10688
f 5252//10689 5199//10689 5249//10689
f 5253//10690 5252//10690 5249//10690
f 5254//10691 5249//10691 5245//10691
f 5253//10692 5249//10692 5254//10692
f 5253//10693 5199//10693 5252//10693
f 5201//10694 5199//10694 5253//10694
f 5255//10695 5251//10695 5197//10695
f 5256//10696 5251//10696 5255//10696
f 5204//10697 5255//10697 5197//10697
f 5257//10698 5206//10698 5201//10698
f 5258//10699 5257//10699 5201//10699
f 5256//10700 5255//10700 5204//10700
f 5259//10701 5256//10701 5204//10701
f 5260//10702 5206//10702 5257//10702
f 5261//10703 5098//10703 5206//10703
f 5205//10704 5206//10704 5098//10704
f 5260//10705 5261//10705 5206//10705
f 5260//10706 5257//10706 5258//10706
f 5259//10707 5204//10707 5262//10707
f 5099//10708 5098//10708 5261//10708
f 5207//10709 5262//10709 5204//10709
f 5210//10710 5262//10710 5207//10710
f 5263//10711 5262//10711 5210//10711
f 5264//10712 5259//10712 5262//10712
f 5263//10713 5265//10713 5262//10713
f 5264//10714 5262//10714 5265//10714
f 1541//10715 5099//10715 5261//10715
f 5117//10716 5210//10716 5112//10716
f 5117//10717 5263//10717 5210//10717
f 5102//10718 5099//10718 1541//10718
f 1490//10719 1487//10719 1486//10719
f 1689//10720 1484//10720 1487//10720
f 1689//10721 1694//10721 1484//10721
f 1685//10722 1689//10722 1487//10722
f 1685//10723 1487//10723 1490//10723
f 1688//10724 1694//10724 1689//10724
f 5117//10725 5112//10725 5110//10725
f 5143//10726 1071//10726 1070//10726
f 5147//10727 5143//10727 5146//10727
f 1071//10728 5143//10728 5147//10728
f 5266//10729 1181//10729 1184//10729
f 5212//10730 1181//10730 5266//10730
f 1068//10731 1071//10731 5147//10731
f 5267//10732 5266//10732 1184//10732
f 5268//10733 5266//10733 5267//10733
f 5214//10734 5212//10734 5266//10734
f 2172//10735 5214//10735 5266//10735
f 5268//10736 2172//10736 5266//10736
f 2171//10737 2172//10737 5268//10737
f 1184//10738 1185//10738 5267//10738
f 5219//10739 5220//10739 5269//10739
f 771//10740 5219//10740 5269//10740
f 5218//10741 5269//10741 5220//10741
f 1058//10742 5218//10742 1057//10742
f 5270//10743 1195//10743 1196//10743
f 5271//10744 5270//10744 1196//10744
f 5223//10745 5271//10745 1196//10745
f 5223//10746 1196//10746 5222//10746
f 2160//10747 5271//10747 5223//10747
f 5219//10748 771//10748 773//10748
f 4173//10749 5243//10749 5272//10749
f 4176//10750 5189//10750 5243//10750
f 5272//10751 5243//10751 5189//10751
f 5273//10752 5272//10752 5189//10752
f 4174//10753 4173//10753 5272//10753
f 5274//10754 4174//10754 5272//10754
f 5275//10755 5272//10755 5273//10755
f 5248//10756 5273//10756 5189//10756
f 5276//10757 5244//10757 4162//10757
f 5276//10758 4162//10758 4164//10758
f 5277//10759 5244//10759 5276//10759
f 5277//10760 5245//10760 5244//10760
f 5254//10761 5245//10761 5277//10761
f 5250//10762 5278//10762 5248//10762
f 5279//10763 5248//10763 5278//10763
f 5273//10764 5248//10764 5279//10764
f 5253//10765 5254//10765 5280//10765
f 5277//10766 5280//10766 5254//10766
f 5281//10767 5278//10767 5250//10767
f 5282//10768 5279//10768 5278//10768
f 5283//10769 5282//10769 5278//10769
f 5284//10770 5278//10770 5281//10770
f 5251//10771 5281//10771 5250//10771
f 5285//10772 5279//10772 5282//10772
f 5286//10773 5279//10773 5285//10773
f 5286//10774 5273//10774 5279//10774
f 5287//10775 5285//10775 5282//10775
f 5288//10776 5287//10776 5282//10776
f 5283//10777 5288//10777 5282//10777
f 5289//10778 5285//10778 5287//10778
f 5286//10779 5285//10779 5289//10779
f 5288//10780 5289//10780 5287//10780
f 5290//10781 5286//10781 5289//10781
f 5288//10782 5290//10782 5289//10782
f 5291//10783 5292//10783 5293//10783
f 5294//10784 5293//10784 5292//10784
f 5295//10785 5291//10785 5293//10785
f 5296//10786 5293//10786 5294//10786
f 5296//10787 5297//10787 5293//10787
f 5295//10788 5293//10788 5297//10788
f 5298//10789 5292//10789 5291//10789
f 5299//10790 5294//10790 5292//10790
f 5298//10791 5299//10791 5292//10791
f 5298//10792 5291//10792 5295//10792
f 5280//10793 5294//10793 5299//10793
f 5300//10794 5294//10794 5280//10794
f 5300//10795 5296//10795 5294//10795
f 5253//10796 5280//10796 5299//10796
f 5301//10797 5253//10797 5299//10797
f 5301//10798 5299//10798 5298//10798
f 5300//10799 5280//10799 5277//10799
f 5301//10800 5302//10800 5253//10800
f 5303//10801 5281//10801 5251//10801
f 5304//10802 5284//10802 5281//10802
f 5304//10803 5281//10803 5303//10803
f 5256//10804 5303//10804 5251//10804
f 5305//10805 5284//10805 5304//10805
f 5306//10806 5302//10806 5301//10806
f 5201//10807 5253//10807 5302//10807
f 5258//10808 5201//10808 5302//10808
f 5258//10809 5302//10809 5306//10809
f 5307//10810 5306//10810 5301//10810
f 5308//10811 5307//10811 5301//10811
f 5305//10812 5304//10812 5303//10812
f 5309//10813 5256//10813 5259//10813
f 5303//10814 5256//10814 5309//10814
f 5306//10815 5307//10815 5308//10815
f 5306//10816 5310//10816 5258//10816
f 5310//10817 5260//10817 5258//10817
f 5311//10818 5261//10818 5260//10818
f 5311//10819 5260//10819 5310//10819
f 5312//10820 5265//10820 5263//10820
f 5313//10821 5264//10821 5265//10821
f 5314//10822 5313//10822 5265//10822
f 5312//10823 5314//10823 5265//10823
f 5117//10824 5312//10824 5263//10824
f 5313//10825 5315//10825 5264//10825
f 5309//10826 5264//10826 5315//10826
f 5259//10827 5264//10827 5309//10827
f 5316//10828 5315//10828 5313//10828
f 5317//10829 5309//10829 5315//10829
f 5318//10830 5317//10830 5315//10830
f 5316//10831 5318//10831 5315//10831
f 5316//10832 5313//10832 5314//10832
f 5316//10833 5314//10833 5312//10833
f 5211//10834 5261//10834 5311//10834
f 1541//10835 5261//10835 5211//10835
f 1528//10836 1527//10836 5211//10836
f 5319//10837 1524//10837 1528//10837
f 1494//10838 1685//10838 1490//10838
f 1680//10839 1495//10839 1493//10839
f 1680//10840 1493//10840 1498//10840
f 1683//10841 1494//10841 1495//10841
f 5118//10842 5312//10842 5117//10842
f 5118//10843 5316//10843 5312//10843
f 5320//10844 1887//10844 1888//10844
f 5320//10845 5127//10845 1887//10845
f 1891//10846 5320//10846 1888//10846
f 5129//10847 1908//10847 1909//10847
f 5147//10848 5148//10848 5321//10848
f 1067//10849 1068//10849 5147//10849
f 1060//10850 1068//10850 1067//10850
f 1067//10851 5147//10851 5321//10851
f 5322//10852 1185//10852 1190//10852
f 5267//10853 1185//10853 5322//10853
f 1187//10854 1190//10854 1185//10854
f 5323//10855 5267//10855 5322//10855
f 5268//10856 5267//10856 5323//10856
f 2170//10857 5268//10857 5323//10857
f 2171//10858 5268//10858 2170//10858
f 5324//10859 5148//10859 763//10859
f 5324//10860 763//10860 765//10860
f 5325//10861 5321//10861 5148//10861
f 5325//10862 5148//10862 5324//10862
f 1066//10863 1067//10863 5321//10863
f 1066//10864 5321//10864 5325//10864
f 5326//10865 5322//10865 1190//10865
f 5327//10866 5322//10866 5326//10866
f 5327//10867 5323//10867 5322//10867
f 2169//10868 2170//10868 5323//10868
f 2169//10869 5323//10869 5327//10869
f 5326//10870 1190//10870 1191//10870
f 2168//10871 2169//10871 5327//10871
f 5328//10872 5324//10872 765//10872
f 5328//10873 765//10873 766//10873
f 5329//10874 5325//10874 5324//10874
f 5329//10875 5324//10875 5328//10875
f 1065//10876 1066//10876 5325//10876
f 1065//10877 5325//10877 5329//10877
f 5330//10878 5326//10878 1191//10878
f 5330//10879 1191//10879 1192//10879
f 5330//10880 5327//10880 5326//10880
f 5331//10881 5327//10881 5330//10881
f 2168//10882 5327//10882 5331//10882
f 5328//10883 766//10883 767//10883
f 2165//10884 2168//10884 5331//10884
f 5332//10885 5328//10885 767//10885
f 5333//10886 5328//10886 5332//10886
f 5333//10887 5329//10887 5328//10887
f 5334//10888 1065//10888 5329//10888
f 5334//10889 5329//10889 5333//10889
f 1063//10890 1065//10890 5334//10890
f 5335//10891 5330//10891 1192//10891
f 5335//10892 1192//10892 1193//10892
f 5336//10893 5330//10893 5335//10893
f 5336//10894 5331//10894 5330//10894
f 2165//10895 5331//10895 5336//10895
f 5332//10896 767//10896 768//10896
f 1062//10897 1063//10897 5334//10897
f 2162//10898 2165//10898 5336//10898
f 5269//10899 5332//10899 768//10899
f 5269//10900 5333//10900 5332//10900
f 5218//10901 5333//10901 5269//10901
f 1058//10902 5334//10902 5333//10902
f 1058//10903 5333//10903 5218//10903
f 1058//10904 1062//10904 5334//10904
f 1195//10905 1193//10905 1194//10905
f 5270//10906 5335//10906 1193//10906
f 5270//10907 1193//10907 1195//10907
f 5271//10908 5336//10908 5335//10908
f 5271//10909 5335//10909 5270//10909
f 2162//10910 5336//10910 5271//10910
f 771//10911 5269//10911 768//10911
f 2160//10912 2162//10912 5271//10912
f 5337//10913 4174//10913 5274//10913
f 5338//10914 5337//10914 5274//10914
f 5338//10915 5274//10915 5272//10915
f 4172//10916 4174//10916 5337//10916
f 5339//10917 4172//10917 5337//10917
f 5340//10918 5337//10918 5338//10918
f 5341//10919 5337//10919 5340//10919
f 5339//10920 5337//10920 5341//10920
f 5342//10921 4170//10921 4172//10921
f 5342//10922 4172//10922 5339//10922
f 4171//10923 4170//10923 5342//10923
f 5343//10924 5344//10924 4165//10924
f 4164//10925 4165//10925 5344//10925
f 5345//10926 5343//10926 4165//10926
f 5346//10927 5344//10927 5343//10927
f 5276//10928 4164//10928 5344//10928
f 5347//10929 5346//10929 5343//10929
f 5347//10930 5343//10930 5345//10930
f 5300//10931 5276//10931 5344//10931
f 5277//10932 5276//10932 5300//10932
f 5348//10933 5300//10933 5344//10933
f 5346//10934 5348//10934 5344//10934
f 5349//10935 5338//10935 5272//10935
f 5349//10936 5272//10936 5275//10936
f 5350//10937 5340//10937 5338//10937
f 5350//10938 5338//10938 5349//10938
f 5351//10939 5340//10939 5350//10939
f 5340//10940 5339//10940 5341//10940
f 5296//10941 5348//10941 5352//10941
f 5300//10942 5348//10942 5296//10942
f 5353//10943 5352//10943 5348//10943
f 5296//10944 5352//10944 5297//10944
f 5354//10945 5297//10945 5352//10945
f 5353//10946 5354//10946 5352//10946
f 5347//10947 5348//10947 5346//10947
f 5355//10948 5348//10948 5347//10948
f 5355//10949 5353//10949 5348//10949
f 5356//10950 5349//10950 5275//10950
f 5356//10951 5275//10951 5273//10951
f 5357//10952 5350//10952 5349//10952
f 5358//10953 5349//10953 5356//10953
f 5358//10954 5357//10954 5349//10954
f 5359//10955 5351//10955 5350//10955
f 5357//10956 5359//10956 5350//10956
f 5286//10957 5356//10957 5273//10957
f 5286//10958 5358//10958 5356//10958
f 5358//10959 5286//10959 5290//10959
f 5288//10960 5360//10960 5290//10960
f 5361//10961 5290//10961 5360//10961
f 5361//10962 5358//10962 5290//10962
f 5295//10963 5297//10963 5362//10963
f 5354//10964 5362//10964 5297//10964
f 5363//10965 5360//10965 5288//10965
f 5364//10966 5361//10966 5360//10966
f 5365//10967 5288//10967 5283//10967
f 5366//10968 5288//10968 5365//10968
f 5363//10969 5288//10969 5366//10969
f 5367//10970 5361//10970 5364//10970
f 5368//10971 5361//10971 5367//10971
f 5369//10972 5367//10972 5364//10972
f 5370//10973 5369//10973 5364//10973
f 5370//10974 5364//10974 5360//10974
f 5371//10975 5369//10975 5370//10975
f 5372//10976 5367//10976 5369//10976
f 5368//10977 5367//10977 5372//10977
f 5373//10978 5372//10978 5369//10978
f 5371//10979 5373//10979 5369//10979
f 5374//10980 5373//10980 5371//10980
f 5375//10981 5372//10981 5373//10981
f 5374//10982 5375//10982 5373//10982
f 5362//10983 5372//10983 5375//10983
f 5376//10984 5372//10984 5362//10984
f 5376//10985 5368//10985 5372//10985
f 5295//10986 5362//10986 5375//10986
f 5377//10987 5295//10987 5375//10987
f 5377//10988 5375//10988 5374//10988
f 5354//10989 5376//10989 5362//10989
f 5284//10990 5283//10990 5278//10990
f 5284//10991 5365//10991 5283//10991
f 5378//10992 5365//10992 5284//10992
f 5379//10993 5366//10993 5365//10993
f 5379//10994 5365//10994 5378//10994
f 5305//10995 5378//10995 5284//10995
f 5380//10996 5363//10996 5366//10996
f 5380//10997 5366//10997 5379//10997
f 5381//10998 5363//10998 5380//10998
f 5382//10999 5298//10999 5295//10999
f 5377//11000 5382//11000 5295//11000
f 5301//11001 5298//11001 5382//11001
f 5308//11002 5301//11002 5382//11002
f 5308//11003 5382//11003 5383//11003
f 5383//11004 5382//11004 5377//11004
f 5384//11005 5383//11005 5377//11005
f 5385//11006 5384//11006 5377//11006
f 5385//11007 5377//11007 5386//11007
f 5387//11008 5305//11008 5303//11008
f 5387//11009 5378//11009 5305//11009
f 5381//11010 5380//11010 5379//11010
f 5383//11011 5384//11011 5385//11011
f 5383//11012 5388//11012 5308//11012
f 5303//11013 5309//11013 5387//11013
f 5389//11014 5306//11014 5308//11014
f 5389//11015 5310//11015 5306//11015
f 5389//11016 5308//11016 5388//11016
f 5390//11017 5309//11017 5317//11017
f 5390//11018 5387//11018 5309//11018
f 5122//11019 5317//11019 5318//11019
f 5391//11020 5317//11020 5122//11020
f 5391//11021 5390//11021 5317//11021
f 5122//11022 5318//11022 5316//11022
f 5211//11023 5311//11023 5310//11023
f 5211//11024 5310//11024 1528//11024
f 5389//11025 1528//11025 5310//11025
f 1507//11026 1502//11026 1501//11026
f 5319//11027 1519//11027 1524//11027
f 1518//11028 1519//11028 5319//11028
f 5392//11029 1518//11029 5319//11029
f 5393//11030 1512//11030 1518//11030
f 5392//11031 5393//11031 1518//11031
f 5393//11032 5394//11032 1512//11032
f 5395//11033 1512//11033 5394//11033
f 5396//11034 1516//11034 1512//11034
f 5395//11035 5396//11035 1512//11035
f 1503//11036 1680//11036 1498//11036
f 1675//11037 1504//11037 1502//11037
f 1675//11038 1502//11038 1507//11038
f 1681//11039 1503//11039 1504//11039
f 1674//11040 1681//11040 1504//11040
f 1675//11041 1674//11041 1504//11041
f 5121//11042 5316//11042 5118//11042
f 5121//11043 5122//11043 5316//11043
f 5391//11044 5122//11044 5397//11044
f 5398//11045 5399//11045 5397//11045
f 5400//11046 5397//11046 5399//11046
f 5122//11047 5398//11047 5397//11047
f 5391//11048 5397//11048 5401//11048
f 5400//11049 5401//11049 5397//11049
f 5402//11050 5399//11050 5398//11050
f 5403//11051 5399//11051 5404//11051
f 5405//11052 5404//11052 5399//11052
f 5400//11053 5399//11053 5403//11053
f 5124//11054 5398//11054 5122//11054
f 5402//11055 5398//11055 5124//11055
f 5126//11056 5127//11056 5320//11056
f 5406//11057 1897//11057 1896//11057
f 5407//11058 1896//11058 1898//11058
f 5406//11059 1896//11059 5407//11059
f 5408//11060 1899//11060 1903//11060
f 5408//11061 1900//11061 1899//11061
f 1897//11062 5320//11062 1891//11062
f 5406//11063 5320//11063 1897//11063
f 5406//11064 5409//11064 5320//11064
f 5126//11065 5320//11065 5409//11065
f 5410//11066 1903//11066 1902//11066
f 5410//11067 1902//11067 1908//11067
f 5410//11068 5408//11068 1903//11068
f 5129//11069 5410//11069 1908//11069
f 5130//11070 5410//11070 5129//11070
f 5351//11071 5342//11071 5339//11071
f 5411//11072 4171//11072 5342//11072
f 5412//11073 5342//11073 5351//11073
f 5412//11074 5411//11074 5342//11074
f 5351//11075 5339//11075 5340//11075
f 4169//11076 4142//11076 4171//11076
f 4169//11077 4171//11077 5411//11077
f 5413//11078 5345//11078 4166//11078
f 4165//11079 4166//11079 5345//11079
f 5414//11080 5413//11080 4166//11080
f 5414//11081 4166//11081 4167//11081
f 5415//11082 5345//11082 5413//11082
f 5415//11083 5413//11083 5414//11083
f 5355//11084 5347//11084 5345//11084
f 5415//11085 5416//11085 5345//11085
f 5417//11086 5355//11086 5345//11086
f 5416//11087 5417//11087 5345//11087
f 5418//11088 5412//11088 5351//11088
f 5419//11089 5418//11089 5351//11089
f 5420//11090 5351//11090 5359//11090
f 5420//11091 5419//11091 5351//11091
f 5421//11092 5359//11092 5357//11092
f 5422//11093 5359//11093 5421//11093
f 5422//11094 5420//11094 5359//11094
f 5421//11095 5357//11095 5358//11095
f 5423//11096 5358//11096 5361//11096
f 5421//11097 5358//11097 5423//11097
f 5424//11098 5361//11098 5368//11098
f 5424//11099 5423//11099 5361//11099
f 5425//11100 5424//11100 5368//11100
f 5425//11101 5368//11101 5376//11101
f 5425//11102 5376//11102 5354//11102
f 5425//11103 5354//11103 5353//11103
f 5426//11104 5353//11104 5355//11104
f 5425//11105 5353//11105 5426//11105
f 5363//11106 5370//11106 5360//11106
f 5363//11107 5427//11107 5370//11107
f 5428//11108 5427//11108 5363//11108
f 5429//11109 5370//11109 5427//11109
f 5430//11110 5429//11110 5427//11110
f 5430//11111 5427//11111 5428//11111
f 5381//11112 5428//11112 5363//11112
f 5371//11113 5370//11113 5429//11113
f 5386//11114 5371//11114 5429//11114
f 5431//11115 5386//11115 5429//11115
f 5431//11116 5429//11116 5430//11116
f 5374//11117 5371//11117 5386//11117
f 5377//11118 5374//11118 5386//11118
f 5385//11119 5386//11119 5431//11119
f 5432//11120 5381//11120 5379//11120
f 5428//11121 5381//11121 5432//11121
f 5387//11122 5433//11122 5378//11122
f 5434//11123 5378//11123 5433//11123
f 5433//11124 5387//11124 5435//11124
f 5379//11125 5378//11125 5434//11125
f 5432//11126 5379//11126 5434//11126
f 5436//11127 5383//11127 5385//11127
f 5431//11128 5437//11128 5385//11128
f 5436//11129 5385//11129 5437//11129
f 5388//11130 5383//11130 5436//11130
f 5435//11131 5387//11131 5390//11131
f 5401//11132 5435//11132 5390//11132
f 5391//11133 5401//11133 5390//11133
f 5403//11134 5435//11134 5401//11134
f 5400//11135 5403//11135 5401//11135
f 5403//11136 5404//11136 5435//11136
f 5433//11137 5435//11137 5404//11137
f 5438//11138 5433//11138 5404//11138
f 5405//11139 5438//11139 5404//11139
f 5319//11140 5389//11140 5388//11140
f 1528//11141 5389//11141 5319//11141
f 5396//11142 1517//11142 1516//11142
f 1672//11143 1507//11143 1506//11143
f 1672//11144 1675//11144 1507//11144
f 1670//11145 1506//11145 1509//11145
f 1670//11146 1672//11146 1506//11146
f 1668//11147 1509//11147 1511//11147
f 1668//11148 1670//11148 1509//11148
f 164//11149 1511//11149 1517//11149
f 169//11150 1668//11150 1511//11150
f 164//11151 169//11151 1511//11151
f 5396//11152 164//11152 1517//11152
f 169//11153 168//11153 1668//11153
f 165//11154 164//11154 5396//11154
f 165//11155 5396//11155 5395//11155
f 5439//11156 5407//11156 1898//11156
f 5439//11157 1898//11157 1901//11157
f 5440//11158 5406//11158 5407//11158
f 5441//11159 5407//11159 5439//11159
f 5440//11160 5407//11160 5441//11160
f 5442//11161 1901//11161 1900//11161
f 150//11162 5439//11162 1901//11162
f 147//11163 150//11163 1901//11163
f 146//11164 147//11164 1901//11164
f 143//11165 146//11165 1901//11165
f 141//11166 143//11166 1901//11166
f 5443//11167 141//11168 1901//11168
f 5442//11169 5443//11170 1901//11169
f 5408//11171 5442//11171 1900//11171
f 5444//11172 5126//11172 5409//11172
f 5440//11173 5409//11173 5406//11173
f 5440//11174 5444//11174 5409//11174
f 5445//11175 5408//11175 5410//11175
f 5445//11176 5446//11176 5408//11176
f 5130//11177 5445//11177 5410//11177
f 5447//11178 5411//11178 5412//11178
f 5448//11179 4169//11179 5411//11179
f 5448//11180 5411//11180 5447//11180
f 5447//11181 5412//11181 5418//11181
f 5448//11182 4168//11182 4169//11182
f 5449//11183 4168//11183 5448//11183
f 5449//11184 4167//11184 4168//11184
f 5450//11185 5414//11185 4167//11185
f 5449//11186 5450//11186 4167//11186
f 5451//11187 5416//11187 5414//11187
f 5415//11188 5414//11188 5416//11188
f 5452//11189 5451//11189 5414//11189
f 5452//11190 5414//11190 5450//11190
f 5452//11191 5416//11191 5451//11191
f 5453//11192 5355//11192 5417//11192
f 5426//11193 5355//11193 5453//11193
f 5452//11194 5417//11194 5416//11194
f 5454//11195 5453//11195 5417//11195
f 5454//11196 5417//11196 5452//11196
f 5422//11197 5421//11197 5423//11197
f 5455//11198 5426//11198 5453//11198
f 5455//11199 5453//11199 5454//11199
f 5455//11200 5425//11200 5426//11200
f 5456//11201 5423//11201 5424//11201
f 5457//11202 5423//11202 5456//11202
f 5457//11203 5422//11203 5423//11203
f 5458//11204 5456//11204 5424//11204
f 5458//11205 5457//11205 5456//11205
f 5458//11206 5424//11206 5425//11206
f 5455//11207 5458//11207 5425//11207
f 5459//11208 5430//11208 5428//11208
f 5459//11209 5460//11209 5430//11209
f 5461//11210 5428//11210 5432//11210
f 5459//11211 5428//11211 5461//11211
f 5460//11212 5431//11212 5430//11212
f 5460//11213 5437//11213 5431//11213
f 5460//11214 5462//11214 5437//11214
f 5436//11215 5437//11215 5462//11215
f 5438//11216 5434//11216 5433//11216
f 155//11217 5432//11217 5434//11217
f 155//11218 5434//11218 5438//11218
f 154//11219 5432//11219 155//11219
f 5461//11220 5432//11220 154//11220
f 5392//11221 5388//11221 5436//11221
f 5405//11222 155//11222 5438//11222
f 156//11223 155//11223 5405//11223
f 148//11224 5461//11224 154//11224
f 5459//11225 5461//11225 148//11225
f 158//11226 5459//11226 148//11226
f 159//11227 158//11227 148//11227
f 5319//11228 5388//11228 5392//11228
f 5459//11229 158//11229 5460//11229
f 5394//11230 5462//11230 5395//11230
f 5393//11231 5436//11231 5462//11231
f 5393//11232 5462//11232 5394//11232
f 5392//11233 5436//11233 5393//11233
f 162//11234 165//11234 5395//11234
f 160//11235 162//11235 5395//11235
f 5395//11236 5460//11236 160//11236
f 158//11237 160//11237 5460//11237
f 5463//11238 5405//11238 5399//11238
f 156//11239 5405//11239 5463//11239
f 5464//11240 5402//11240 5124//11240
f 5125//11241 5464//11241 5124//11241
f 5465//11242 5399//11242 5402//11242
f 5466//11243 5465//11243 5402//11243
f 5464//11244 5466//11244 5402//11244
f 5463//11245 5399//11245 5465//11245
f 5467//11246 5463//11246 5465//11246
f 5468//11247 5467//11247 5465//11247
f 5468//11248 5465//11248 5466//11248
f 5468//11249 5466//11249 5464//11249
f 5131//11250 132//11250 134//11250
f 5131//11251 130//11251 132//11251
f 5469//11252 5131//11252 134//11252
f 5470//11253 5469//11253 134//11253
f 5470//11254 134//11254 137//11254
f 5471//11255 5464//11255 5125//11255
f 5471//11256 5468//11256 5464//11256
f 5470//11257 5131//11257 5469//11257
f 5472//11258 5131//11258 5470//11258
f 5126//11259 5444//11259 5125//11259
f 5471//11260 5125//11260 5444//11260
f 150//11261 5441//11261 5439//11261
f 157//11262 5441//11262 150//11262
f 5440//11263 5441//11263 5473//11263
f 157//11264 5473//11264 5441//11264
f 5443//11265 139//11266 141//11266
f 5442//11267 139//11267 5443//11268
f 5474//11269 139//11269 5442//11269
f 5408//11270 5446//11270 5442//11270
f 5474//11271 5442//11271 5446//11271
f 5130//11272 5131//11272 5445//11272
f 5472//11273 5445//11273 5131//11273
f 5473//11274 5444//11274 5440//11274
f 5475//11275 5444//11275 5473//11275
f 5475//11276 5471//11276 5444//11276
f 5475//11277 5473//11277 157//11277
f 5472//11278 5446//11278 5445//11278
f 5474//11279 5446//11279 5472//11279
f 5447//11280 5418//11280 5476//11280
f 5477//11281 5476//11281 5418//11281
f 5478//11282 5447//11282 5476//11282
f 5479//11283 5478//11283 5476//11283
f 5479//11284 5476//11284 5477//11284
f 5419//11285 5477//11285 5418//11285
f 5448//11286 5447//11286 5478//11286
f 5480//11287 5478//11287 5479//11287
f 5480//11288 5481//11288 5478//11288
f 5482//11289 5448//11289 5478//11289
f 5482//11290 5478//11290 5481//11290
f 5449//11291 5448//11291 5482//11291
f 5450//11292 5449//11292 5482//11292
f 5483//11293 5452//11293 5450//11293
f 5482//11294 5483//11294 5450//11294
f 5484//11295 5454//11295 5452//11295
f 5484//11296 5452//11296 5483//11296
f 5485//11297 5477//11297 5419//11297
f 5486//11298 5479//11298 5477//11298
f 5486//11299 5477//11299 5485//11299
f 5420//11300 5485//11300 5419//11300
f 5486//11301 5480//11301 5479//11301
f 5422//11302 5485//11302 5420//11302
f 5457//11303 5486//11303 5485//11303
f 5457//11304 5485//11304 5422//11304
f 5487//11305 5486//11305 5457//11305
f 5455//11306 5454//11306 5484//11306
f 5488//11307 5487//11307 5457//11307
f 5458//11308 5488//11308 5457//11308
f 5484//11309 5487//11309 5488//11309
f 5455//11310 5488//11310 5458//11310
f 5455//11311 5484//11311 5488//11311
f 5395//11312 5462//11312 5460//11312
f 156//11313 5463//11313 5467//11313
f 157//11314 156//11314 5467//11314
f 5475//11315 157//11315 5467//11315
f 5475//11316 5467//11316 5468//11316
f 5489//11317 137//11317 139//11317
f 5474//11318 5489//11318 139//11318
f 5470//11319 137//11319 5489//11319
f 5472//11320 5470//11320 5489//11320
f 5474//11321 5472//11321 5489//11321
f 5475//11322 5468//11322 5471//11322
f 5486//11323 5487//11323 5480//11323
f 5484//11324 5480//11324 5487//11324
f 5483//11325 5481//11325 5480//11325
f 5484//11326 5483//11326 5480//11326
f 5482//11327 5481//11327 5483//11327
