# Blender v2.93.0 OBJ File: ''
# www.blender.org
mtllib sim_sea_2-5_l_elbow_prosup_prt.mtl
o sim_sea_2-5_l_elbow_prosup_prt
v 247.964401 -25.513895 75.548492
v 241.386276 -25.513893 76.365799
v 243.037735 -25.513884 73.480194
v 252.248398 -25.513895 75.548492
v 256.532501 -25.513895 75.548492
v 260.816589 -25.513895 75.548492
v 246.236084 -25.513891 69.926994
v 241.295959 -20.017078 76.549301
v 244.309891 -20.017786 71.858917
v 242.868225 -20.015545 73.789406
v 240.045547 -20.018360 79.978394
v 240.061325 -25.513884 80.075607
v 247.964401 -25.513897 79.857094
v 247.964401 -25.513897 84.165680
v 239.433472 -25.513880 84.137115
v 239.763184 -25.513887 88.437355
v 247.964401 -25.513897 88.474281
v 240.832291 -25.513842 92.341866
v 252.248398 -25.513897 92.782867
v 242.243286 -25.513897 95.199318
v 256.532501 -25.513897 97.091469
v 274.348999 -25.513899 98.217377
v 244.873505 -25.513889 98.776207
v 272.461182 -25.513899 100.095627
v 247.960007 -25.513899 101.338844
v 270.685181 -25.513895 101.475868
v 250.338684 -25.513859 102.762154
v 268.075684 -25.513895 102.980370
v 264.724915 -25.513899 104.217041
v 256.650787 -25.513899 104.717499
v 256.667847 -20.014582 104.714783
v 252.780746 -20.016640 103.813690
v 260.795990 -25.513891 104.876587
v 274.347595 -20.013748 98.218704
v 269.372681 -25.471508 92.772049
v 276.162933 -25.522760 95.817032
v 265.100586 -25.513897 97.091469
v 260.816589 -25.513897 97.091469
v 273.694763 -25.455227 86.555336
v 279.255676 -25.518114 89.121468
v 277.834595 -24.698288 92.736649
v 268.858795 -25.513897 88.333359
v 265.100586 -25.513897 92.782867
v 260.242615 -29.032297 89.885918
v 259.919952 -32.050484 89.791397
v 262.095062 -31.976488 89.013222
v 263.596588 -31.813898 87.691429
v 263.697510 -29.043898 87.517609
v 256.840607 -26.013897 91.964180
v 254.900894 -29.040218 87.109238
v 254.967697 -31.813908 87.249710
v 256.199097 -31.813898 88.772293
v 254.444305 -29.043337 84.460983
v 253.362000 -26.013897 80.549553
v 256.969208 -29.038877 80.613419
v 260.709900 -29.034977 80.128822
v 256.532501 -25.513895 71.239899
v 262.388733 -28.658131 70.310776
v 263.151306 -29.045218 81.665771
v 265.100586 -25.513895 75.548492
v 250.189438 -25.513889 67.248856
v 256.532501 -25.513895 66.931297
v 253.270813 -25.513882 65.971962
v 256.946808 -25.512789 65.143044
v 263.328094 -29.071501 68.906525
v 260.519897 -25.513895 64.990669
v 260.587708 -24.714355 65.001129
v 239.479813 -20.015028 84.162148
v 239.727356 -20.017334 88.444450
v 243.937454 -20.013994 97.548393
v 245.515869 -20.013914 99.300529
v 248.005630 -20.013744 101.335777
v 240.763489 -20.047628 92.190483
v 246.614395 -16.035778 77.206650
v 245.154694 -16.031168 80.397957
v 246.724182 -15.035927 76.837372
v 245.158096 -15.013897 80.399208
v 248.686020 -19.942423 68.078064
v 249.901306 -16.031025 73.400612
v 249.902603 -15.013897 73.402039
v 244.470795 -16.029177 84.186256
v 244.475494 -15.013898 84.186378
v 244.762405 -16.019968 88.170410
v 244.766403 -15.013898 88.202919
v 246.019394 -16.041098 91.617157
v 246.024902 -15.013898 91.614433
v 243.680298 -20.013897 97.091469
v 247.659195 -15.013899 94.220039
v 249.176498 -16.037128 95.873230
v 249.941101 -10.013899 95.184174
v 250.303223 -20.146511 67.168877
v 252.396606 -15.882856 71.700562
v 254.031998 -10.024857 71.289223
v 255.128403 -14.517035 66.550148
v 250.918503 -15.013899 97.262993
v 253.554596 -16.047569 98.745743
v 253.557999 -15.013899 98.738831
v 247.964401 -15.013897 79.857094
v 247.964401 -15.013897 75.548492
v 252.248398 -15.013897 75.548492
v 252.100403 -10.013897 80.409492
v 252.680984 -7.563957 75.355232
v 252.100403 -7.352591 80.409492
v 250.148499 -10.013898 84.750908
v 250.148499 -7.352592 84.750908
v 251.233002 -7.347411 80.705292
v 249.071304 -10.013898 88.770889
v 248.598999 -10.013898 92.670959
v 248.598999 9.986100 92.670959
v 251.225601 9.986101 80.730942
v 249.071304 9.986100 88.770889
v 249.941101 9.986099 95.184174
v 252.397293 -10.013899 96.535820
v 252.397293 9.986099 96.535820
v 245.636490 19.486103 80.549858
v 247.624863 19.484980 76.414307
v 247.375885 14.986103 76.776634
v 245.636505 14.986103 80.549812
v 246.489304 14.986102 91.443031
v 247.964401 14.986102 88.474281
v 244.970398 14.986102 84.199471
v 244.970398 19.486103 84.199448
v 245.239899 14.986102 88.012306
v 245.239899 19.486103 88.012306
v 246.489304 19.486103 91.443031
v 247.964401 14.986101 92.782867
v 248.625427 14.986101 94.736839
v 249.026123 19.486103 95.286514
v 252.248398 14.986101 97.091469
v 251.348099 14.986101 96.990257
v 253.513199 14.986101 98.202919
v 253.513199 19.486101 98.202919
v 256.532501 14.986101 97.091469
v 256.940186 14.986101 99.200081
v 256.940186 19.486101 99.200081
v 265.100586 14.986101 97.091469
v 260.551392 14.986101 99.386383
v 260.551392 19.486101 99.386383
v 264.269287 14.986101 98.593513
v 264.269287 19.486101 98.593513
v 267.759155 14.986101 96.884171
v 266.696808 19.486103 97.489159
v 269.384705 14.986102 88.474281
v 269.607422 19.486103 95.345787
v 270.302094 14.986101 94.508163
v 273.856476 14.982393 84.176170
v 272.078796 14.986102 91.919594
v 272.082306 19.486103 91.913315
v 273.467285 14.986102 88.436928
v 273.467285 18.666273 88.436928
v 281.023895 14.329792 89.297157
v 281.199188 17.700502 88.642670
v 269.384705 14.986102 84.165680
v 269.165894 9.986100 84.982178
v 273.967194 8.937988 83.032242
v 264.819305 14.329792 84.090309
v 265.302307 9.986100 84.219719
v 265.100586 14.986102 88.474281
v 265.100586 9.986100 88.474281
v 265.100586 9.986099 97.091469
v 256.532501 9.986099 97.091469
v 252.288696 14.532442 92.632683
v 252.248398 9.986099 92.782867
v 252.275497 14.986564 88.470581
v 252.248398 14.986103 79.857094
v 252.248398 14.986103 75.548492
v 250.286102 14.986103 73.687561
v 252.282730 9.986100 88.463638
v 252.100403 9.986101 80.409492
v 253.398804 8.524902 74.552254
v 252.682602 14.986103 72.150261
v 253.708099 9.626341 71.466042
v 250.310333 19.486105 73.667000
v 254.744003 9.993321 67.599998
v 255.052094 14.225644 66.450089
v 252.682602 18.666264 72.150253
v 253.362000 19.986103 80.549553
v 247.964401 19.486103 79.857094
v 252.248398 19.486105 75.548492
v 247.964401 19.486103 84.165680
v 247.964401 19.486103 88.474281
v 252.248398 19.486103 92.782867
v 254.438904 23.002462 84.526016
v 254.975204 23.001392 87.223358
v 256.532501 19.486103 97.091469
v 256.840607 19.986103 91.964180
v 256.068909 25.786093 88.643097
v 257.707214 25.786062 89.633392
v 260.816589 19.486103 97.091469
v 265.100586 19.486103 97.091469
v 260.165802 23.000692 89.888710
v 269.384705 19.486103 92.782867
v 265.100586 19.486103 92.782867
v 263.645996 23.003052 87.569611
v 262.327850 25.936781 88.869667
v 269.384705 19.486103 88.474281
v 273.668793 19.486103 84.165680
v 269.384705 19.486103 84.165680
v 264.367096 23.002842 84.296501
v 273.609497 19.486103 87.669296
v 273.032288 19.486103 80.045609
v 269.384705 19.486103 79.857094
v 263.158600 23.003103 81.646790
v 271.414673 19.485481 77.084106
v 265.100586 19.486105 75.548492
v 264.975800 19.486105 71.592278
v 260.816589 19.486105 75.548492
v 256.532501 19.486105 75.548492
v 260.714600 23.002752 80.130478
v 256.923706 23.002953 80.618988
v 254.214493 19.486105 71.419594
v 260.722290 19.486105 70.530586
v 257.027405 19.486105 70.690262
v 254.214600 18.666315 71.419540
v 256.439606 14.929025 67.277779
v 264.392181 19.000111 66.506805
v 260.722107 18.666344 70.530586
v 265.571411 18.666275 63.896770
v 269.338806 18.986370 70.182159
v 271.506409 18.666222 77.034599
v 278.671295 18.986105 72.867249
v 282.425201 20.369062 84.067398
v 273.032288 18.666262 80.045609
v 283.295288 21.405033 80.820091
v 282.742798 19.826712 86.586220
v 253.439896 -20.391985 65.901627
v 256.934906 -20.344656 65.111099
v 255.225098 -31.813898 82.221581
v 254.466705 -31.813898 84.277946
v 255.639999 -13.924565 64.256149
v 256.435303 -14.062325 63.219810
v 254.796005 -11.502416 67.405922
v 256.250610 -4.429518 61.977470
v 256.642700 -12.648463 60.509911
v 256.029114 2.518728 62.804111
v 255.769501 13.730124 63.773029
v 256.759613 -15.013899 99.686218
v 256.758514 -16.039419 99.694412
v 253.666901 -7.352590 71.619972
v 253.474503 -7.352592 96.824440
v 257.471497 -7.352592 97.895462
v 257.471497 9.986099 97.895462
v 251.227264 5.640962 80.724800
v 252.589706 5.656842 75.639954
v 253.666901 5.656843 71.619972
v 257.119263 -7.713227 58.735817
v 257.913086 -10.204185 57.704681
v 261.076691 -2.747660 59.421028
v 257.013702 -5.084338 61.061489
v 257.942200 -8.402880 57.595989
v 260.705811 -7.814530 58.731319
v 256.665894 2.702267 62.359348
v 257.723175 7.557144 58.585514
v 257.211456 10.169712 58.390831
v 258.191162 10.063416 57.538548
v 257.313690 12.228775 59.941700
v 256.536407 13.878264 62.842499
v 255.942459 14.043732 63.726002
v 252.100403 5.656842 80.409492
v 254.439301 25.786102 84.526077
v 257.031311 25.987621 80.787094
v 255.454895 25.786102 81.898689
v 254.976303 25.786102 87.222847
v 256.997528 -32.015209 80.822090
v 264.143402 -32.013897 84.320633
v 260.653198 -32.013897 80.320061
v 257.727997 -31.813868 89.638359
v 260.584900 -20.378077 65.029778
v 260.799133 -20.013767 104.876022
v 260.556213 -13.795156 63.633362
v 260.816498 -10.013899 98.651314
v 260.769287 -16.038229 99.880402
v 260.217346 -12.261525 60.684429
v 260.816498 -7.352592 98.651314
v 260.816498 9.986099 98.651314
v 261.152313 1.258275 59.138809
v 260.522095 7.222898 59.413151
v 264.169464 9.986099 97.925110
v 273.199646 9.986129 95.505707
v 273.668793 9.986099 92.782867
v 273.668793 9.986100 88.474281
v 277.952789 9.986099 92.782867
v 277.952789 9.986100 88.474281
v 280.421387 14.326167 92.912460
v 278.097900 9.480379 83.614769
v 279.816010 9.271737 96.092415
v 280.200378 12.551733 94.315002
v 260.715912 13.467754 63.013329
v 260.312195 11.875915 60.202728
v 260.653198 25.986103 80.320061
v 260.165314 25.786102 89.886833
v 257.983643 25.997581 87.520645
v 263.238495 -31.813898 81.747421
v 264.351990 -29.031588 84.286819
v 264.345215 -28.631695 68.239708
v 264.283112 -24.684055 65.603233
v 264.282104 -25.513895 65.606972
v 265.858398 -19.013895 62.825760
v 264.212006 -29.011776 70.232620
v 264.725647 -20.014215 104.217369
v 265.858398 -16.025545 62.825760
v 264.169464 -10.013851 97.925102
v 264.250397 -16.048529 99.118088
v 266.935608 -16.025545 58.805779
v 266.935608 -11.689065 58.805779
v 259.742798 -9.860591 58.036228
v 259.763092 -8.734130 57.964451
v 268.012695 -7.352589 54.785809
v 268.012695 -11.689065 54.785809
v 264.768799 -8.145111 59.562302
v 266.935608 -3.016111 58.805779
v 264.632111 1.162005 60.062511
v 266.935608 5.656844 58.805779
v 259.717896 8.266558 58.114128
v 259.773895 9.311366 57.923439
v 268.012695 9.993322 54.785809
v 268.012695 5.656844 54.785809
v 260.799103 9.963625 58.379559
v 264.821014 9.736281 59.356319
v 266.935608 14.329795 58.805779
v 265.858398 14.329794 62.825760
v 265.858398 18.666275 62.825760
v 263.147095 25.786083 81.633789
v 264.167786 25.986103 84.315468
v 263.647797 25.786102 87.565239
v 269.384705 -25.513895 71.239899
v 269.384705 -25.513895 75.548492
v 269.054596 -25.513895 67.465073
v 269.384705 -25.513897 84.165680
v 269.384705 -25.513897 79.857094
v 267.582611 -24.689877 66.759270
v 269.384705 -19.013895 62.622711
v 277.207306 -25.513895 75.930138
v 278.864838 -25.520576 80.558235
v 277.803192 -25.513897 77.108200
v 268.078217 -20.032598 102.980431
v 266.942139 -18.906059 59.008335
v 268.166595 -10.013874 96.854073
v 269.384705 -20.013899 101.400101
v 268.055389 -15.294207 54.701389
v 267.945068 -17.258219 56.770435
v 268.907806 -10.756414 51.532707
v 268.609283 -13.212001 53.028000
v 269.253235 -5.848411 50.156158
v 273.240814 -10.013904 95.494453
v 268.012695 -3.016111 54.785809
v 268.012695 1.320366 54.785809
v 269.339905 5.500101 49.838913
v 269.095978 9.257448 50.880547
v 268.706268 11.940162 52.255733
v 267.475830 16.651405 56.791874
v 266.671448 18.986059 59.801563
v 269.425659 18.984760 59.536404
v 277.952789 18.986105 66.931297
v 282.109711 18.982264 63.040112
v 277.952789 18.986105 71.239899
v 282.236908 18.986105 66.931297
v 287.110779 20.817123 68.105919
v 285.432129 16.863253 61.019108
v 286.539764 18.792278 63.846836
v 285.535400 21.601404 72.459839
v 286.435211 21.921824 71.559799
v 284.526001 21.951895 76.226959
v 278.658600 18.427694 72.914436
v 269.474121 4.158411 49.337887
v 269.868774 -6.585276 49.985298
v 270.118256 -2.966173 49.203842
v 270.079041 1.184434 49.068207
v 269.482605 13.579120 53.580681
v 268.927734 16.137629 55.827686
v 269.055695 -24.696856 67.463242
v 269.054688 -20.364485 67.481400
v 271.727997 -24.694077 69.249870
v 273.668793 -19.013895 66.931297
v 273.600037 -25.509594 70.874512
v 271.727203 -25.513895 69.250793
v 279.204956 -24.680710 87.906349
v 279.378510 -24.674828 84.361908
v 284.089203 -22.166927 79.789047
v 284.694702 -22.169056 76.239799
v 277.211304 -24.693886 75.928070
v 275.220093 -24.698496 72.706322
v 277.952789 -19.013895 66.931297
v 273.668793 -19.013895 62.622711
v 272.457123 -20.016094 100.102135
v 273.290802 -18.351206 59.724670
v 274.782623 -16.385267 57.633457
v 268.913605 -16.032938 96.511574
v 278.975769 -10.319975 53.965332
v 270.857391 -16.061228 94.596786
v 272.556610 -16.016918 92.151543
v 273.668793 -10.013899 92.782867
v 279.897797 -10.511478 95.431664
v 279.237701 -7.352587 95.963120
v 273.338501 5.369092 50.551918
v 279.292847 5.296179 95.973969
v 277.952789 -19.013895 62.622711
v 277.475800 -17.824017 60.094490
v 279.040710 -13.884338 56.398777
v 282.125885 -19.013895 63.036739
v 277.952789 -19.013895 71.239899
v 277.197815 -20.368776 75.901947
v 282.554626 -19.046362 73.952522
v 282.236908 -19.013895 66.931297
v 285.449402 -21.723875 72.814148
v 286.972900 -19.949896 67.230560
v 286.385712 -22.008215 71.744522
v 287.203552 -20.913364 68.251465
v 285.705658 -17.055283 61.266201
v 287.305023 -18.660290 63.943062
v 276.127441 -20.013937 95.844757
v 287.457703 -6.093831 54.520344
v 277.952789 -10.013899 92.782867
v 280.353607 -14.693837 92.063164
v 289.190613 -2.883848 54.301224
v 290.577179 1.120214 54.569962
v 284.459930 15.163282 58.950645
v 273.713196 12.804183 75.404839
v 273.032410 14.986103 80.045570
v 278.185791 12.229943 78.951622
v 277.993713 12.927903 75.416489
v 273.377899 18.666212 81.212242
v 277.816101 -20.362917 92.716629
v 282.896301 -17.465738 90.321793
v 282.343414 -15.586348 92.385368
v 287.564117 -14.833213 59.465195
v 283.008698 -13.616539 94.211082
v 283.519257 -7.311022 97.118561
v 282.563507 -10.983728 95.872643
v 293.726593 -3.016115 99.845398
v 293.726593 1.320362 99.845398
v 287.512451 4.944328 54.273155
v 291.389404 5.656840 99.219147
v 293.726593 5.656840 99.845398
v 281.325134 8.706480 53.791782
v 281.342804 12.055126 55.625599
v 286.025299 13.139840 57.655704
v 283.465088 14.329793 80.186188
v 273.890991 18.666262 84.197708
v 282.388000 14.329792 84.206169
v 282.657898 18.523964 73.977318
v 282.560394 14.220433 74.341003
v 282.388000 18.666273 84.206169
v 283.067993 21.106592 83.599998
v 281.076965 16.309940 91.127113
v 282.447174 18.146784 89.341141
v 289.197632 -22.407705 79.409370
v 286.697113 -21.538647 83.508453
v 286.483307 -22.493475 75.689171
v 286.977112 -20.310228 86.771950
v 282.434509 -19.121428 87.736778
v 286.639709 -19.616367 88.031013
v 290.865631 -18.154760 91.622948
v 276.940002 -20.396477 94.525650
v 287.525085 -15.951698 93.343849
v 289.761169 -10.397825 56.944218
v 289.379120 -13.194640 58.634304
v 290.747406 -19.920965 67.146172
v 283.837433 -9.646355 97.132088
v 287.119110 -14.158548 94.859154
v 291.389404 9.259718 99.219147
v 293.625488 9.248508 99.441811
v 293.704468 12.586813 97.855621
v 298.010101 5.820549 99.314034
v 297.722290 8.450540 98.842667
v 297.771606 3.770380 98.658653
v 297.702698 -4.384245 99.076859
v 293.760803 -7.281869 99.843559
v 298.114838 -8.043746 99.027016
v 293.446075 -10.511447 99.011253
v 287.449585 -9.683437 97.934357
v 286.884033 8.714032 55.361290
v 283.465088 18.666273 80.186188
v 294.506409 9.993319 96.935333
v 294.732422 14.433596 95.914452
v 283.596893 21.703543 80.020599
v 294.105011 15.940477 95.108147
v 290.309662 18.261496 91.256699
v 286.502808 22.455994 75.616203
v 286.560486 22.293392 79.709541
v 289.362610 20.214863 87.615463
v 287.577393 21.616747 83.374924
v 293.829926 -21.619961 72.415176
v 293.181305 -22.305147 75.939804
v 292.917358 -21.869871 83.615837
v 291.452148 -20.285673 88.080681
v 297.006927 -21.071224 87.490555
v 294.683105 -16.800293 94.265739
v 294.281403 -15.183428 95.890022
v 291.607941 -12.536692 97.426491
v 290.556885 -6.921997 55.651340
v 293.839539 11.180432 58.503796
v 294.178864 15.264863 61.747341
v 295.646118 18.252768 92.652252
v 295.835724 19.466618 90.693726
v 292.959106 21.454481 71.722260
v 291.881470 22.278625 75.532928
v 293.628876 22.379805 80.084290
v 295.316193 20.817682 87.626633
v 294.522095 -20.354515 69.047523
v 299.127838 -19.124886 67.812531
v 295.764069 -19.651068 90.549263
v 298.538727 -13.796547 61.517235
v 302.356232 -6.171724 58.606865
v 306.594879 -2.649892 58.997417
v 298.520294 4.808531 57.217640
v 294.218414 8.472975 57.254810
v 294.626404 13.121834 60.040741
v 294.781311 17.058905 63.771271
v 294.244690 18.592684 65.773956
v 294.695587 19.988483 68.399727
v 295.150909 21.893303 83.934921
v 299.092590 -21.161045 72.286827
v 300.197144 -21.816988 75.051651
v 302.617096 -22.881685 66.665627
v 298.324432 -22.517912 80.623322
v 294.944244 -15.322230 95.281746
v 299.210114 -15.421816 63.231281
v 298.757507 -17.146505 64.920380
v 304.375000 -16.733437 61.263981
v 294.506409 -11.689069 96.935333
v 298.332397 -9.729490 96.565750
v 299.002014 -10.985664 59.699249
v 298.102203 -9.469677 58.748810
v 304.975098 -12.120345 57.865429
v 304.774597 -16.025545 58.613529
v 298.264191 8.056848 58.144169
v 305.419800 13.961656 55.626369
v 298.713501 12.607444 60.776001
v 304.578491 18.723234 59.345581
v 299.158691 9.618752 59.114651
v 304.774597 14.329795 58.613529
v 304.774597 18.666275 58.613529
v 298.668701 9.275403 96.829521
v 298.865112 16.785164 64.518898
v 303.410492 23.002754 63.704525
v 302.626404 22.016884 66.631050
v 299.213501 20.990105 71.835548
v 299.341095 22.036425 75.668159
v 298.909546 22.291010 79.311401
v 297.983002 21.722763 83.649353
v 297.001495 20.799042 87.192589
v 304.348114 -22.071556 68.661339
v 303.693329 -24.222414 63.553894
v 305.167542 -23.222393 67.682526
v 299.104309 -20.361324 79.782455
v 300.466095 -20.362026 74.693420
v 303.652405 -12.942687 79.875053
v 296.947601 -16.025547 87.824364
v 299.094818 -16.068857 79.805489
v 295.870514 -16.025547 91.844330
v 303.697510 -20.362026 62.633499
v 298.933685 -9.104888 94.321617
v 304.133392 -11.892838 86.696968
v 299.563507 -10.676847 87.763908
v 303.797485 -11.215256 88.137283
v 303.835388 -12.786057 83.500572
v 304.260803 -9.589206 90.530197
v 298.883514 -9.313547 96.054558
v 298.623413 -7.577423 97.024971
v 304.545807 -5.370350 93.775108
v 305.826202 -13.135335 54.994251
v 298.661713 -3.197948 96.882294
v 304.297424 -2.756910 94.632088
v 298.332397 2.731551 96.565750
v 304.272125 1.105649 94.787262
v 302.528107 4.521102 58.219421
v 298.562012 5.020718 97.254341
v 304.480804 4.622905 94.017769
v 305.553101 11.535445 56.867519
v 298.925598 9.269722 95.897408
v 303.204407 9.202621 60.004002
v 299.045898 8.713704 93.902863
v 295.870514 14.329792 91.844330
v 304.427887 10.136033 89.825188
v 304.011322 8.646659 91.346199
v 296.947601 14.329792 87.824364
v 303.853912 21.097645 63.208759
v 303.697510 23.002754 62.633503
v 303.652405 12.914884 79.875053
v 299.388916 18.663820 78.716614
v 299.101898 14.329793 79.784409
v 304.099609 17.146595 73.496811
v 303.807800 14.312163 74.585693
v 298.024811 14.329792 83.804390
v 303.747589 12.686152 83.828217
v 296.947601 18.666273 87.824364
v 303.906616 11.663085 87.118309
v 300.363800 21.297495 75.075027
v 303.289825 23.324333 65.837982
v 304.350494 20.721964 68.652443
v 304.039703 24.174894 62.515594
v 306.394287 -23.605705 66.091919
v 304.941345 -22.748293 59.090099
v 307.356049 -23.801817 61.884426
v 305.158752 -20.647837 57.628635
v 303.848297 -19.627155 70.526817
v 307.992493 -18.353346 71.048798
v 309.240662 -17.369625 73.388809
v 303.859894 -15.619857 74.391388
v 308.100006 -15.742927 74.963562
v 307.907867 -12.807042 80.578133
v 310.188934 -12.957768 84.037056
v 305.825409 -14.943934 54.997292
v 308.369995 -12.304828 86.874161
v 308.459991 -10.768556 90.213753
v 307.552887 -12.146125 55.455109
v 307.577637 -15.696979 55.248779
v 308.981293 -8.071076 93.210190
v 308.614685 -5.850473 94.578377
v 307.742126 1.179948 59.191814
v 313.829559 5.002473 96.410019
v 303.536896 5.535804 58.763199
v 307.555206 5.362806 59.755100
v 308.873779 7.629877 93.575638
v 307.996399 11.067025 58.108341
v 305.632812 14.153245 54.893108
v 308.019287 12.911653 83.874519
v 308.652405 12.683239 80.256973
v 304.346832 23.633635 60.231213
v 305.335297 18.439354 56.912540
v 309.380066 16.949392 74.147285
v 309.212891 14.335199 75.002556
v 308.627411 17.869635 72.891853
v 305.701813 21.132515 68.357826
v 306.214233 23.408285 66.294708
v 307.303070 24.039711 62.728405
v 308.391266 -20.925837 58.623726
v 309.008179 -15.431945 56.195782
v 307.365204 -20.362026 62.468349
v 306.288086 -20.362026 66.488319
v 307.940613 -16.024315 66.933838
v 309.991089 -18.108406 70.871017
v 310.794708 -15.681005 67.719971
v 310.313599 -17.499035 68.851532
v 307.327087 -16.520586 61.797958
v 307.681091 -16.112375 61.289299
v 309.013641 -12.848336 55.854958
v 309.292786 -15.938017 74.593170
v 314.837982 -12.505454 87.848137
v 307.678406 -2.947747 59.295361
v 307.452698 -6.708142 60.137421
v 307.910400 -6.272387 60.433529
v 307.365204 -7.352589 62.468349
v 306.288086 -7.352590 66.488319
v 307.306702 -11.537335 62.686871
v 307.886902 -11.838675 67.137917
v 311.740112 -4.056859 63.527699
v 310.682892 -12.300316 67.701920
v 307.377686 -11.127915 62.421619
v 311.173401 -4.146473 65.642570
v 320.735321 -9.355618 95.177948
v 317.740509 -11.229491 91.925835
v 312.902710 -5.835747 95.809906
v 313.185944 -2.739910 96.981438
v 311.568115 -1.743605 60.755619
v 312.537842 1.117302 60.790249
v 312.177277 1.226231 96.891083
v 311.342499 2.920062 61.529968
v 308.497589 11.390395 58.242062
v 307.563812 12.066815 55.414291
v 306.288086 5.656843 66.488319
v 307.365204 5.656844 62.468349
v 307.702637 10.896179 67.783585
v 307.549591 9.798702 61.780209
v 311.053497 3.978127 66.090111
v 311.839508 3.912591 63.156818
v 310.502411 11.322845 68.146820
v 318.674866 9.945140 93.950890
v 315.271423 11.262189 91.109474
v 317.975159 8.368054 95.334435
v 307.828857 15.078498 55.074963
v 309.201965 14.505693 55.743397
v 308.775299 12.652845 55.737850
v 314.378082 12.912973 84.166931
v 312.409393 12.349833 87.787231
v 305.926880 21.388460 57.966026
v 308.173065 22.492432 59.151775
v 307.950714 18.269144 71.201920
v 307.524414 19.450134 60.715031
v 307.654907 17.354694 67.968933
v 310.444092 17.058674 68.364487
v 307.936096 19.099384 60.337700
v 310.303986 17.744574 70.819061
v 308.580811 -11.897585 57.931671
v 310.327515 -16.025545 70.731377
v 310.327515 -11.689066 70.731377
v 312.061707 -10.818577 76.159393
v 316.246613 -10.291317 76.529419
v 316.309692 -12.395687 80.602348
v 315.897095 -11.272226 77.833527
v 311.987213 -6.821392 72.128609
v 316.056091 -6.341268 72.931870
v 315.631409 -8.634694 74.516541
v 320.533722 -12.947738 84.445335
v 312.082306 -3.681634 63.332840
v 312.397766 -2.530936 61.437881
v 315.134308 -5.301474 72.063377
v 312.421204 3.144382 62.917591
v 315.236511 4.058769 71.682083
v 310.317993 10.367684 70.766991
v 312.174194 5.542633 71.430969
v 316.211395 5.273678 72.351997
v 318.737549 7.131217 96.495483
v 310.819794 14.068384 67.393608
v 308.866302 14.056185 57.417400
v 310.666901 14.329794 69.464851
v 315.846100 7.685746 73.715393
v 315.918213 11.185473 77.755142
v 316.359772 12.335859 80.502625
v 318.526581 12.620662 88.105980
v 323.417023 -12.146732 81.907661
v 322.329285 -11.311835 79.685387
v 322.088135 -9.706785 77.239822
v 325.373993 -12.957047 88.370789
v 324.252502 -11.911924 92.199959
v 323.073761 -5.487038 74.291664
v 322.498871 -7.793985 75.574867
v 318.391327 -2.724414 72.087334
v 321.368317 -6.296507 97.874794
v 315.356201 -2.547816 71.235023
v 315.401093 0.870294 71.067528
v 318.308746 1.190270 71.889481
v 323.062195 -2.719633 99.646240
v 324.327545 1.119484 100.149010
v 322.113953 -7.869145 96.935287
v 328.909271 -6.198853 99.806229
v 327.805237 4.666047 75.241333
v 325.105499 4.949841 99.435638
v 328.537079 7.534297 77.026100
v 316.737518 10.277852 76.554085
v 323.453888 9.679979 77.662178
v 321.880615 12.861161 84.435555
v 322.716583 11.895919 91.601250
v 326.044312 -12.453506 91.216118
v 325.417297 -9.882343 95.823532
v 326.094360 -11.035059 94.468803
v 336.601196 -11.346341 96.701569
v 328.712585 7.704973 98.820984
v 332.837494 10.381592 80.927292
v 327.560791 11.051030 94.698471
v 334.114105 9.988324 98.026230
v 326.399780 11.406812 80.994316
v 326.392883 12.926874 88.406952
v 329.171295 -12.565578 84.876060
v 328.759552 -11.253614 81.238770
v 337.077911 -12.576623 93.549400
v 333.623413 -6.071792 77.455681
v 330.669556 -8.792542 78.691940
v 334.955444 -2.678839 76.518318
v 334.023224 -9.102457 98.966400
v 326.976013 0.834521 100.901215
v 331.007965 -2.722431 101.785187
v 326.915894 3.899427 100.270096
v 329.595215 5.273675 100.528198
v 334.543793 7.997954 100.074234
v 331.394012 12.407112 84.779160
v 331.294800 12.461308 92.344620
v 334.469604 -12.339406 85.257729
v 335.817505 -12.964027 88.747620
v 334.443481 -10.969503 82.229256
v 338.363373 -10.061097 99.162384
v 333.832397 -5.784229 101.494064
v 332.476166 1.144462 75.659340
v 342.568481 1.045320 105.053230
v 335.302734 4.556123 102.297691
v 334.716309 4.985121 77.210388
v 336.257385 7.972979 100.692886
v 333.125519 8.426813 78.858856
v 337.857239 9.940291 81.785019
v 339.822418 11.701534 85.303444
v 345.964691 7.625828 81.742874
v 336.253448 12.911902 88.673782
v 336.041168 11.576861 95.925972
v 341.087280 -11.512003 85.011971
v 345.408264 -12.563651 89.107452
v 339.462616 -9.620342 81.802444
v 342.438232 -12.964795 92.737282
v 339.655121 -7.702619 80.097015
v 335.163605 -7.665420 100.611626
v 348.718597 0.983398 79.991554
v 342.297089 -5.707762 103.689400
v 340.603088 12.895664 92.679596
v 345.245728 -12.467584 96.230812
v 347.166229 -11.094906 100.030075
v 347.528107 -10.261792 84.874336
v 351.243622 -5.821212 82.025429
v 347.467316 -8.683905 83.089905
v 341.458282 -5.288012 79.107735
v 345.593170 -8.666937 102.467773
v 351.461609 -5.855855 106.173111
v 343.647797 -2.577763 105.182945
v 345.672394 4.655983 105.071175
v 348.021301 7.666466 104.025467
v 345.771729 10.752109 84.950958
v 344.974335 11.133302 99.254707
v 345.323547 9.669869 101.402924
v 344.305359 12.523325 88.839638
v 345.229340 12.348877 96.565529
v 351.870911 -11.712163 88.273392
v 354.387848 -11.633943 100.871323
v 351.636047 -8.698261 104.203873
v 351.700958 -2.620607 80.988937
v 345.397369 4.774334 79.964005
v 355.760742 10.314889 103.286522
v 348.997833 12.922498 92.782936
v 352.566742 -12.954988 93.052116
v 355.214905 -12.937459 96.538490
v 355.514709 -2.716753 108.342796
v 355.795410 -5.725521 107.295097
v 350.579590 4.881758 81.401527
v 347.395630 9.579338 83.963837
v 353.328522 10.688251 87.071136
v 352.863922 12.052596 89.605797
v 353.547668 12.779297 96.756119
v 355.323792 11.877333 100.374840
v 359.165985 -12.679869 93.469788
v 359.013336 -11.784601 90.292976
v 357.162994 -9.533813 86.465248
v 355.507111 -12.197609 99.753830
v 355.477295 -9.674785 104.173798
v 360.551575 -6.694620 84.907578
v 362.612183 0.979299 83.720161
v 355.472992 1.155105 108.498497
v 359.519104 -2.803926 109.386497
v 358.835907 1.320361 115.335999
v 360.185394 -3.016116 114.549698
v 358.835907 -2.098591 115.335999
v 355.697601 4.863962 107.660202
v 356.083801 7.627307 106.219002
v 358.886505 8.380603 85.895760
v 358.511597 9.870913 87.294868
v 355.337708 9.048122 104.694702
v 354.982208 12.805462 93.095840
v 359.350098 -12.942689 97.091469
v 361.802307 -16.035370 104.265297
v 355.989685 -11.113318 102.261299
v 361.277191 -16.025549 106.224998
v 363.397095 -10.428537 89.358902
v 363.236786 -6.466225 85.648598
v 362.797394 -8.778190 87.288391
v 356.147308 -7.927582 105.982002
v 361.262512 -11.689070 110.529701
v 359.640900 -10.142369 104.623199
v 361.262512 -7.352593 110.529701
v 358.404297 4.469444 83.387001
v 359.898407 5.656839 115.620697
v 358.061096 7.117839 84.667862
v 361.262512 9.993318 110.529701
v 360.185394 5.656839 114.549698
v 359.722107 5.189829 108.628899
v 361.277191 14.329790 106.224998
v 359.463287 9.599484 105.286201
v 359.011902 11.395072 89.736382
v 359.253815 12.579962 93.142143
v 359.350098 12.914882 97.091469
v 359.583313 12.305871 100.529701
v 356.075806 44.685135 187.842499
v 356.075806 31.675694 187.842499
v 355.792114 29.335663 188.901001
v 356.532806 28.859262 187.954803
v 355.768829 40.641582 188.994247
v 355.198730 28.851009 191.121674
v 357.388763 38.603676 182.943359
v 357.210297 28.753124 183.608398
v 359.519104 26.199720 174.993149
v 358.104523 27.999983 182.545502
v 359.406494 28.727854 187.361603
v 359.377747 28.006012 182.557831
v 359.308289 31.924261 175.789856
v 359.429199 27.762840 175.384308
v 360.345001 24.955847 173.802368
v 359.646790 26.648294 177.847595
v 360.775696 23.793804 170.302002
v 360.555603 28.617100 171.395859
v 359.793396 31.243374 175.118607
v 358.849274 39.482262 183.368042
v 359.272552 35.131866 179.273682
v 356.915649 45.485432 187.326935
v 355.352783 44.689980 192.470291
v 355.481598 49.021606 191.991898
v 356.381714 48.089352 189.579224
v 353.859192 29.875103 196.115005
v 353.744690 39.610832 196.542007
v 353.866638 44.712257 198.025452
v 352.557159 36.015121 200.975403
v 353.634491 36.012173 196.953506
v 353.040314 40.348652 201.102905
v 353.040314 44.685131 201.102905
v 353.185883 34.181839 201.040070
v 353.339417 31.073576 198.548553
v 351.984314 42.152824 205.484100
v 355.194611 29.158712 195.709396
v 355.640015 30.768124 199.235748
v 362.584778 28.953697 191.373230
v 360.339905 28.930254 196.058716
v 363.248596 29.691874 199.378525
v 355.967804 33.593792 201.434128
v 359.727051 41.541431 207.191864
v 355.694000 43.146320 206.771393
v 352.086212 43.470242 204.721481
v 359.691101 43.146320 207.842407
v 363.932190 41.013390 208.002808
v 363.839355 43.440678 208.426437
v 364.075500 32.845531 203.159195
v 364.741608 42.804821 209.290497
v 373.029022 33.606270 206.012192
v 372.805023 41.980656 210.958389
v 368.762390 43.146320 210.273102
v 372.764923 37.071945 208.014313
v 373.922882 43.051796 211.593948
v 375.426239 36.661346 207.932220
v 371.922272 32.076874 204.675186
v 373.852325 30.520966 203.783356
v 375.764740 33.346642 206.489685
v 366.331390 30.754023 201.881165
v 353.583893 46.640579 199.825394
v 354.890778 47.058125 203.248398
v 355.017700 44.208481 204.685593
v 356.769592 46.317577 205.097824
v 355.352020 55.708694 192.538651
v 354.653900 53.961765 195.080704
v 354.967926 61.529129 193.919266
v 354.130707 61.418774 197.032898
v 354.779358 65.852554 194.627792
v 354.711548 70.339638 194.891693
v 354.117401 77.208710 197.082901
v 354.651428 76.478752 195.089966
v 355.010529 75.471596 194.946762
v 355.084106 79.672821 194.455002
v 354.148224 86.863068 196.992157
v 355.432648 91.925255 192.172348
v 355.292114 84.162514 193.678802
v 354.473663 91.298172 195.764893
v 355.616119 89.027962 192.448135
v 356.089294 93.623093 190.693634
v 355.411469 97.303787 192.271545
v 355.593048 100.850716 191.864319
v 355.515015 94.775581 194.781235
v 356.274536 97.502411 188.973526
v 354.113159 81.525429 198.049149
v 353.983856 75.037437 198.561584
v 353.988800 70.766220 198.539307
v 354.083038 66.474503 198.152740
v 354.244659 62.456223 197.594788
v 354.749207 55.009323 195.690994
v 354.447906 59.006741 196.815506
v 355.261597 48.705212 200.414597
v 356.293213 49.341763 199.549606
v 355.967590 58.709072 197.132996
v 359.987091 58.411400 198.120193
v 359.590302 49.938709 199.362701
v 365.080963 61.512711 196.629395
v 364.507812 62.273026 200.315964
v 372.314392 66.809242 203.087250
v 359.468689 70.705421 200.077896
v 375.605469 62.130726 203.249954
v 372.523010 70.708275 203.540695
v 368.529755 70.594368 202.511261
v 376.012939 66.312630 203.839767
v 375.899139 73.271629 204.271683
v 369.019104 58.933342 200.697693
v 373.038696 58.635670 201.684998
v 363.978027 58.065975 199.110275
v 359.474396 75.033623 200.024506
v 361.400269 82.218689 195.788284
v 360.271545 79.506218 199.936005
v 360.461334 84.290947 199.270645
v 361.888062 89.576195 193.963196
v 360.986786 92.243668 197.254654
v 359.708527 99.282784 193.852386
v 365.858093 -16.025547 93.378777
v 364.781006 -16.025547 97.398750
v 365.872711 -16.025547 89.074097
v 363.703796 -16.025549 101.418701
v 363.416809 -20.362030 102.489700
v 361.262512 -16.025549 110.529701
v 361.277191 -18.120060 106.224998
v 362.508514 -2.568971 83.933632
v 368.299408 -7.352591 84.267807
v 368.299408 -3.016113 84.267807
v 359.898407 -7.352594 115.620697
v 360.188934 -12.046963 114.538910
v 359.306366 -9.937086 117.827469
v 359.817902 -10.841444 117.945427
v 360.337708 -15.483789 113.981201
v 361.459412 -19.268620 109.794899
v 361.122345 -17.353386 113.074455
v 360.593597 -14.354977 115.810326
v 362.242096 -20.851885 107.998543
v 364.608124 -19.482496 111.233360
v 358.809265 -2.974071 120.129387
v 358.336914 0.488661 117.197998
v 359.141083 1.112944 120.384941
v 359.410919 -6.600560 119.506516
v 364.156494 -10.866069 119.059601
v 367.969421 1.278253 122.729416
v 362.428711 4.143576 84.355751
v 358.976654 5.934285 119.550179
v 368.131561 5.397923 122.146507
v 369.089600 9.993320 81.318863
v 360.185150 10.003964 114.556015
v 359.126709 8.526743 118.766258
v 363.012085 7.829240 86.487244
v 366.528198 15.031652 86.628014
v 361.262512 14.329790 110.529701
v 360.173676 15.091397 114.958824
v 359.853302 10.949806 117.855721
v 365.872711 14.329792 89.074097
v 363.525513 12.354471 93.188438
v 364.781006 14.329791 97.398750
v 363.703796 14.329791 101.418701
v 361.277191 18.092260 106.224998
v 363.709320 18.424425 101.441826
v 361.258942 18.785053 111.193069
v 365.992798 26.068966 177.792038
v 365.212372 28.092899 184.329285
v 361.063293 23.549900 171.032227
v 375.294495 27.926395 186.449020
v 370.679810 26.935059 181.718994
v 376.472900 28.787704 192.363190
v 363.920502 31.941536 176.836380
v 361.508209 25.749605 167.568497
v 363.460632 44.531090 188.355301
v 370.650757 39.060490 186.167267
v 366.572998 46.874943 206.727493
v 361.282959 51.845673 192.752106
v 362.740387 47.343605 190.907593
v 359.607513 47.381821 203.952194
v 362.087494 48.682312 202.284698
v 364.308014 54.116302 197.983002
v 362.300110 47.666882 203.477402
v 368.500793 49.461548 202.622498
v 368.285492 46.563789 207.744293
v 367.527802 48.478531 192.764465
v 362.460602 65.624466 196.646332
v 361.165192 70.676788 196.667206
v 361.178986 75.622223 196.615707
v 360.372894 75.040474 199.623901
v 363.568909 70.299454 200.741394
v 362.841125 97.903648 190.411667
v 361.931702 99.988625 193.767563
v 356.611298 107.296875 188.019302
v 357.175690 102.876221 185.769058
v 356.161621 103.532310 190.416168
v 363.396484 101.538330 188.325974
v 364.882568 104.813133 192.041855
v 358.675751 110.028648 180.086807
v 359.163025 107.139351 182.873108
v 357.522980 111.559486 184.598541
v 364.910370 107.757957 189.888062
v 358.433594 115.259651 181.090134
v 360.089386 118.389107 174.794189
v 360.093750 114.735558 175.251068
v 361.487335 118.009102 170.564133
v 359.846558 119.030121 177.227722
v 361.581421 118.963287 169.157990
v 360.932892 122.617668 172.055588
v 366.226013 109.340111 182.774216
v 364.785706 113.530365 177.750061
v 368.767090 113.153030 186.245987
v 367.394440 115.775925 175.530258
v 367.407715 114.857834 184.068069
v 363.512787 -22.476940 102.131699
v 363.848297 -22.288820 104.909599
v 364.253693 -23.148449 101.298302
v 363.886597 -20.172688 100.750793
v 372.301361 -22.819689 105.494789
v 372.594635 -21.625906 109.304512
v 365.057098 -23.220278 97.472748
v 370.138489 -23.425879 101.124908
v 365.766388 -22.574638 93.721123
v 365.858093 -20.362028 93.378777
v 366.938477 -21.901760 89.711815
v 368.040710 -22.836874 92.778214
v 368.425568 -23.435011 96.784363
v 365.981415 -18.120058 88.668610
v 368.217285 -19.832708 85.528000
v 372.831360 -17.296515 116.306618
v 368.290192 -14.622934 117.664017
v 368.551971 -10.611845 120.337776
v 372.376801 -15.405010 117.983299
v 374.539612 -14.162491 120.866402
v 366.590393 -16.035368 86.395660
v 368.299408 -11.689068 84.267807
v 368.236298 -7.041398 121.755898
v 369.094757 -3.046721 122.886688
v 368.313995 1.320364 79.963142
v 368.372711 -2.095965 79.744072
v 369.376495 5.656842 80.247841
v 363.410889 5.273676 84.999046
v 368.299408 5.656842 84.267807
v 368.444397 9.101566 120.979202
v 368.299408 9.993320 84.267807
v 368.299408 14.329792 84.267807
v 368.825989 12.038309 119.555000
v 365.985535 17.752546 88.069832
v 365.858093 18.666273 93.378777
v 368.450195 18.770500 84.107727
v 364.781006 18.666273 97.398750
v 361.086731 17.289135 113.112747
v 368.059296 13.927130 118.054497
v 368.592194 16.269171 116.119202
v 362.494354 21.277607 105.880402
v 362.231934 20.372831 108.872841
v 364.182617 23.283892 100.309753
v 368.031006 18.106230 113.904800
v 363.908051 22.392595 104.688789
v 368.178986 21.141100 109.044098
v 372.414764 22.794149 105.649628
v 364.711548 23.364054 97.716125
v 368.547485 19.659391 111.977303
v 364.746552 21.845041 157.415817
v 363.735382 18.767727 159.250107
v 363.824097 21.802086 158.925400
v 362.109039 21.062243 165.421509
v 362.502411 23.963785 163.994705
v 363.798126 23.307516 161.494278
v 363.425201 25.830000 167.239578
v 363.882874 20.512526 165.573044
v 364.247955 18.247496 159.441635
v 365.805298 16.657593 153.428925
v 365.267151 18.665895 153.539871
v 366.547241 16.575125 148.755585
v 368.602234 21.227764 168.317886
v 373.897125 20.529135 168.300995
v 367.682709 25.098604 166.942307
v 368.587402 27.715595 171.943649
v 369.114990 30.087172 175.780624
v 369.054413 28.884565 196.581741
v 368.061798 29.370953 199.962006
v 371.246948 33.720032 181.052216
v 380.541901 35.776115 185.640564
v 379.993561 39.445934 189.007706
v 375.518738 44.868057 191.833618
v 379.459625 43.469273 191.972412
v 380.400452 38.970787 189.403305
v 378.993134 43.870586 194.722000
v 378.849579 46.201649 193.721848
v 375.767700 47.672615 194.563293
v 372.256104 44.376717 209.003448
v 375.599731 51.918354 196.626923
v 367.416748 57.423512 196.259659
v 368.327515 53.818630 198.970306
v 376.898712 65.580307 200.493332
v 367.365234 68.642662 198.307770
v 363.351990 68.607132 197.242096
v 361.165710 75.163177 196.665207
v 367.772614 69.801636 201.041199
v 362.527191 101.059387 191.584015
v 367.903412 104.806587 191.935913
v 371.191193 100.448586 195.953720
v 367.915405 104.387840 187.580597
v 373.188629 110.129761 183.870026
v 372.502197 119.203400 171.641586
v 378.515808 107.601631 193.671875
v 379.378876 110.962723 190.991638
v 380.254700 114.449570 187.983475
v 381.371918 118.335724 183.815460
v 380.487030 109.578896 187.152756
v 378.024597 103.279701 196.349075
v 372.625397 104.269188 194.429611
v 361.765381 124.494682 168.838928
v 363.725952 122.982536 161.298660
v 365.359283 122.692665 162.309448
v 376.600525 121.719360 167.456039
v 379.441986 114.997261 179.961761
v 380.618622 119.579643 181.987137
v 381.133850 123.513565 176.065125
v 369.430725 123.629364 172.762054
v 363.094818 127.153664 163.560806
v 364.845245 129.286530 157.226379
v 366.119965 125.582657 152.602066
v 383.918396 125.167183 173.377319
v 380.080231 127.138870 168.152481
v 383.454285 123.873634 175.953278
v 383.918701 122.741684 174.341919
v 369.461792 124.892021 156.118118
v 366.358948 130.280167 151.345215
v 368.059387 129.671082 156.885010
v 367.163116 126.143501 148.398087
v 368.299408 -16.025547 84.267807
v 376.131744 -21.295414 90.407471
v 380.590424 -19.780720 88.765625
v 369.343353 -17.275017 82.383141
v 373.076019 -19.949770 112.734718
v 377.009827 -21.387056 113.239143
v 377.549713 -23.079990 109.632599
v 376.157715 -19.348539 116.303062
v 369.153198 -15.231156 81.081398
v 369.878326 -11.563117 78.436066
v 373.787201 -11.116940 122.129898
v 372.250702 -7.305246 122.762398
v 369.376495 -7.352591 80.247841
v 373.595490 -6.478189 124.389999
v 369.044312 0.959870 123.049004
v 370.970734 -3.354589 75.298515
v 370.548187 -7.164235 76.094063
v 368.950500 0.674594 77.587898
v 372.016815 5.656837 128.349792
v 370.453705 5.656842 76.227867
v 372.016815 9.993316 128.349792
v 369.749237 13.088647 78.889671
v 373.380890 14.329789 123.258797
v 372.505371 9.525979 121.899544
v 373.093903 18.666269 124.329903
v 373.380890 18.666269 123.258797
v 368.638031 19.578537 85.243378
v 365.794189 22.924519 93.930374
v 367.395142 21.423988 88.484840
v 374.458099 18.666271 119.238899
v 375.535187 23.002750 115.218903
v 372.206787 18.643671 114.308899
v 369.180450 18.666269 138.935303
v 368.775208 14.856557 140.444946
v 368.318817 15.266559 143.788666
v 369.862488 14.329787 136.389801
v 370.478790 11.818759 135.125793
v 369.755310 13.575317 138.721802
v 370.941071 20.192846 132.390961
v 371.518250 7.778892 130.210190
v 372.016815 18.666269 128.349792
v 372.303802 14.329788 127.278801
v 372.854706 22.191128 127.154297
v 373.386505 22.936419 123.238098
v 371.863037 21.381626 129.243454
v 372.750916 20.501238 134.274445
v 369.698151 19.828186 139.223236
v 367.751465 19.636929 144.492706
v 366.905212 19.492994 147.554413
v 367.517120 20.579674 152.760025
v 367.708557 16.491974 152.551025
v 372.992920 15.095160 143.931244
v 370.724915 16.901581 155.612762
v 380.702576 18.247110 163.786087
v 367.905518 22.843840 92.928474
v 376.342773 20.983164 89.956078
v 372.160004 22.526533 92.940788
v 371.978699 22.766983 93.617317
v 372.350891 21.506701 109.462601
v 375.277283 19.715065 144.642883
v 372.167542 20.224342 151.942123
v 372.105103 21.490467 157.805298
v 371.800934 22.569462 161.797409
v 374.829315 24.860180 177.385101
v 372.072815 23.413519 97.639221
v 372.202301 23.405830 101.400101
v 377.976501 27.339230 106.107903
v 370.485199 24.711044 166.714203
v 370.004791 26.103121 170.486359
v 376.315155 28.946934 200.551743
v 372.458008 47.061172 207.970398
v 373.845215 47.297390 206.883301
v 374.730713 44.664570 208.632202
v 372.228485 48.846020 204.708405
v 372.414093 49.707481 203.213394
v 369.818695 75.013802 201.063751
v 369.713806 75.640724 202.836212
v 370.354919 75.318810 199.105042
v 372.072571 77.081604 203.363434
v 372.277496 101.059387 191.900711
v 373.051605 102.631119 190.126129
v 371.847748 97.050919 193.343994
v 372.574280 99.360428 197.290359
v 369.436249 126.465981 139.931610
v 368.279907 131.042877 144.570114
v 368.366638 131.022186 148.915497
v 376.185822 126.297279 149.882965
v 375.232025 126.500465 144.702560
v 373.582581 127.161552 166.303894
v 385.015717 127.186859 169.357300
v 384.862671 129.640747 161.470505
v 385.037964 122.644440 170.185303
v 374.332520 130.679214 152.588089
v 369.239685 131.086014 140.649200
v 372.205109 131.319992 144.483521
v 371.506256 125.660652 132.223511
v 373.890289 129.636688 158.416443
v 386.251892 128.228760 165.694138
v 385.305481 127.036781 169.167862
v 376.313995 -22.959532 95.491669
v 381.786346 -22.967484 93.404625
v 382.932556 -21.532524 90.450409
v 380.860992 -24.010426 97.020027
v 376.486389 -23.433630 101.400101
v 376.559204 -23.012829 105.436897
v 370.151947 -14.265491 79.782265
v 379.741760 -16.815615 84.681824
v 374.931000 -16.173700 119.405800
v 377.469757 -16.818964 119.407410
v 371.675079 -10.616644 77.851700
v 374.082031 -11.243547 122.725761
v 384.716309 -15.565524 122.548218
v 371.018738 0.986218 75.088898
v 372.900085 1.564218 126.890800
v 373.083344 -1.921849 125.507515
v 377.745697 -1.673074 126.880127
v 385.538239 -7.059567 127.419762
v 373.118286 3.719298 128.141495
v 371.569031 4.730327 75.688690
v 372.535309 4.234260 128.346603
v 371.813843 8.987692 77.168152
v 372.536407 6.882596 130.313293
v 372.874481 8.755820 132.232941
v 380.505371 5.987417 131.707596
v 377.269287 2.714560 128.638107
v 380.602295 11.777953 80.863022
v 373.148834 10.799800 134.840668
v 373.412231 12.913426 138.394760
v 371.701294 14.978036 80.787537
v 376.554871 14.772614 143.775681
v 375.890991 15.688537 148.471100
v 376.297302 17.727962 84.871132
v 379.799957 15.530264 83.539215
v 374.458099 23.002750 119.238899
v 374.837097 16.215616 152.404297
v 375.850006 18.666267 148.624100
v 374.772888 18.666267 152.644104
v 380.855408 18.666267 153.126007
v 381.583435 16.604208 157.266968
v 380.914795 16.072157 152.904495
v 385.584717 20.006140 169.998596
v 383.813538 22.384291 174.853394
v 375.753296 19.363983 86.901421
v 376.413788 22.186012 93.053711
v 382.307831 22.317976 90.117325
v 381.494904 23.002752 92.976997
v 381.207886 27.339231 94.048012
v 376.899292 23.002750 110.127899
v 375.560913 27.191921 115.122902
v 376.898071 27.369747 110.128883
v 376.489105 22.939831 105.698502
v 374.707214 25.364170 118.309196
v 376.629395 21.296259 131.026398
v 373.988739 23.676126 123.025436
v 377.251953 19.809887 140.104706
v 375.263885 19.835386 148.879700
v 374.203491 20.350946 152.837006
v 373.538208 20.730806 157.251999
v 378.328705 21.771286 162.555695
v 377.337006 23.002745 166.256897
v 371.254486 23.002745 165.774994
v 379.099426 27.356800 101.918846
v 377.484161 24.286240 167.570786
v 376.544708 26.048025 171.145493
v 376.052399 27.175365 172.982697
v 379.527405 28.669502 191.331497
v 378.732300 29.339314 195.629593
v 376.522095 28.881033 196.188400
v 380.424805 27.816355 187.242157
v 379.554504 28.791029 176.770996
v 376.161896 29.929462 203.290497
v 376.436401 54.340572 201.300400
v 376.135101 58.338001 202.424896
v 375.750702 47.767300 203.859497
v 377.360016 56.905216 198.756927
v 377.080078 61.502586 199.845840
v 376.796814 73.711029 200.903748
v 370.469513 79.637589 198.648041
v 376.961060 79.840714 200.299088
v 370.067993 90.690498 200.125671
v 370.901093 87.673759 197.038452
v 371.412689 93.278801 195.039108
v 377.915802 93.308556 196.700684
v 378.591125 98.999657 194.062103
v 370.860565 96.181030 198.269562
v 371.961121 91.741547 200.374252
v 369.914978 85.170914 201.655731
v 376.958191 84.629044 199.377762
v 376.123230 84.508385 203.429474
v 377.250031 88.940620 198.256042
v 376.661774 92.231064 201.415192
v 379.955048 107.519814 188.097961
v 377.517181 100.061714 198.211395
v 380.624664 111.885826 183.938416
v 379.962128 123.470100 163.771240
v 380.915985 119.794388 172.739197
v 373.302521 123.656799 125.615417
v 372.071381 124.957893 130.025421
v 372.590881 129.290619 128.248856
v 373.768463 127.961983 123.771889
v 371.387268 130.409943 132.655991
v 372.200897 131.272781 140.192810
v 372.564667 125.870132 135.042252
v 378.743835 124.837135 131.062469
v 376.668549 126.196907 138.807755
v 377.838470 125.028816 157.941895
v 376.412201 130.004791 131.908020
v 376.451599 130.667877 135.966812
v 376.690033 128.485809 126.060959
v 376.188202 131.098083 140.103516
v 375.235687 131.019989 144.155411
v 376.490112 131.224686 148.780716
v 384.769012 131.049606 153.188889
v 379.720734 131.317581 148.414963
v 387.946838 130.039337 159.128906
v 384.967499 -18.756790 86.793266
v 380.765198 -24.475050 101.419502
v 380.781097 -24.206209 105.668800
v 380.865692 -23.298229 109.661697
v 380.077209 -14.275667 82.444290
v 385.718811 -13.303771 124.480766
v 379.788879 -10.079416 79.747322
v 379.992798 -6.591830 78.450478
v 385.125763 -10.296023 126.037819
v 386.051971 -16.342764 122.273682
v 390.250153 -10.497734 127.376808
v 390.358368 -12.729546 126.165794
v 380.192993 -2.831257 77.703522
v 389.632690 -1.943993 129.994019
v 380.228485 1.146881 77.570938
v 380.095612 4.996584 78.067101
v 381.316711 2.293081 129.521500
v 379.996155 8.211508 79.016312
v 381.369202 7.853386 133.634201
v 380.778412 10.034108 135.839005
v 381.071198 12.205917 139.054794
v 381.274475 14.224906 143.454453
v 381.969330 15.574265 148.962769
v 380.444885 17.275412 85.380539
v 383.400208 20.209602 87.798271
v 381.932587 18.666267 149.106003
v 381.247498 20.213587 153.594406
v 382.425293 19.689617 149.198807
v 381.494904 27.339231 92.976997
v 379.572449 23.169287 125.824242
v 383.927521 21.833103 131.220840
v 376.642334 25.782104 118.986549
v 389.307495 24.079508 126.134125
v 387.252930 20.993917 135.367661
v 384.830475 20.112598 139.968323
v 380.616608 20.937176 157.943604
v 380.858643 22.117195 162.671631
v 381.003632 23.839882 176.965500
v 377.976501 31.675701 106.107903
v 381.546295 31.536734 94.030701
v 380.984497 35.770988 94.882065
v 377.024658 31.280052 110.289803
v 376.209686 28.678400 113.305099
v 375.575592 26.644751 117.000099
v 377.399902 27.601952 115.926231
v 384.800842 25.334145 172.083878
v 381.034912 26.252794 182.276306
v 380.153992 28.839144 190.323898
v 381.735413 27.665705 184.422058
v 382.349792 25.863495 181.094406
v 386.686707 30.757589 113.564171
v 378.060272 33.711689 107.710297
v 380.942444 32.151863 181.669434
v 377.237488 29.403206 201.207535
v 376.287689 36.012173 204.753098
v 376.807465 39.993916 202.809784
v 374.727600 40.348652 208.643707
v 375.804688 40.348652 204.623703
v 376.091705 44.685131 203.552704
v 378.729004 31.675694 195.642105
v 378.729004 40.348656 195.642105
v 377.168915 44.685131 199.532700
v 380.093109 31.675694 190.551193
v 377.168915 49.021603 199.532700
v 381.643921 34.000317 184.762512
v 383.509003 24.463945 177.802994
v 384.207672 23.955193 175.319885
v 382.698914 30.033394 179.667099
v 384.971527 24.798992 172.403259
v 375.804688 44.685131 204.623703
v 376.239807 48.030922 203.000198
v 377.729523 52.047379 197.441681
v 376.757355 54.064083 201.068558
v 377.248718 91.894455 199.208282
v 379.165314 102.484573 192.148956
v 375.291809 120.646996 118.059204
v 377.550903 114.857880 109.647133
v 376.876526 117.187447 113.037659
v 377.080566 119.998894 111.383461
v 376.422760 119.961617 117.660622
v 378.699310 110.917923 105.348846
v 378.292114 117.583794 106.862007
v 377.468048 121.151169 110.905449
v 378.510254 123.628487 115.395531
v 379.015167 125.587593 119.166786
v 376.798309 121.725990 121.556206
v 381.779205 116.132896 112.744057
v 382.365448 119.014214 117.543129
v 381.485382 120.871529 120.841934
v 380.214294 117.255188 176.725708
v 382.473572 115.983788 179.706909
v 383.740631 119.267174 174.940567
v 379.891571 123.559738 126.786934
v 375.236786 127.078186 144.151215
v 378.129761 129.880630 133.354630
v 376.579895 130.822586 139.138718
v 376.270508 127.313286 149.600113
v 380.288696 127.602783 150.592316
v 384.700104 127.078186 145.539017
v 379.832397 127.078194 127.000305
v 379.402802 128.702682 127.637505
v 389.294800 127.078384 128.387726
v 380.651093 126.916595 122.979004
v 389.324585 123.176208 128.276962
v 380.193604 126.298782 150.947418
v 387.571442 125.137794 159.960175
v 388.881958 125.978668 155.292084
v 385.167816 123.977882 163.617538
v 387.211853 -24.326622 101.440025
v 387.188354 -24.344801 105.671135
v 386.836182 -23.703234 109.670181
v 389.920654 -22.898066 113.365181
v 388.524628 -18.796581 120.227585
v 389.819611 -21.260155 116.986259
v 398.548798 -21.643690 118.481964
v 384.726959 -15.396400 83.274117
v 385.213684 -10.678647 80.354607
v 386.072144 -6.745948 79.030205
v 386.006287 -2.844590 78.242729
v 386.027374 1.101029 78.105690
v 390.296539 2.706509 132.099106
v 385.927917 4.906034 78.540291
v 382.265961 4.317820 131.017853
v 385.628113 8.136596 79.363892
v 382.635529 11.226304 137.873779
v 393.445221 6.737875 135.742889
v 393.462341 9.025685 138.030197
v 385.006958 13.103829 81.754883
v 384.702209 15.533076 83.389374
v 385.526215 13.462768 142.725800
v 389.064240 15.218318 148.869781
v 384.178101 19.659315 87.443352
v 388.834808 16.328718 156.985703
v 387.348663 17.247561 161.740036
v 384.690887 22.009792 89.831047
v 384.245178 26.280905 92.567368
v 386.593018 19.759356 144.333405
v 392.508728 20.072044 142.209183
v 393.758911 21.376398 135.360107
v 393.682251 22.677015 131.096268
v 394.004608 20.241108 138.632599
v 393.363922 18.509602 141.024658
v 389.261871 19.671881 148.954102
v 388.940460 20.093376 154.971954
v 388.197723 20.555567 158.398132
v 385.051117 21.856091 162.827728
v 388.547943 26.896929 120.023605
v 397.774506 26.659935 122.887352
v 399.596832 29.578386 117.746223
v 397.675293 25.142868 124.933601
v 395.886993 23.332909 129.675797
v 397.111206 23.002831 127.038597
v 384.722504 23.349878 167.109253
v 378.080414 35.427357 105.735672
v 381.836334 35.623451 94.616585
v 380.130798 40.348663 98.067993
v 381.268982 44.840942 93.836678
v 381.723663 40.565388 94.469254
v 379.301300 40.797298 101.223152
v 379.053589 36.012184 102.087997
v 380.388611 46.907207 97.080421
v 381.507996 46.330318 92.917648
v 380.929108 47.509052 97.159935
v 381.449860 51.655125 95.132797
v 381.494904 53.358093 92.977005
v 382.389771 50.080490 91.572617
v 380.149719 43.174515 99.685410
v 378.877411 36.782814 104.599075
v 384.778839 30.997974 94.531944
v 391.518005 35.072922 109.747467
v 397.864136 29.812412 118.017563
v 399.768188 32.239487 115.234444
v 397.934723 34.076412 112.655243
v 391.294647 37.559635 107.286026
v 385.578522 45.606632 94.313766
v 390.570801 42.214989 103.091476
v 385.300415 44.069530 100.440910
v 399.134949 41.297058 106.138550
v 394.239532 42.944565 103.540298
v 401.051758 36.901264 110.438805
v 402.124939 42.364403 106.101990
v 401.553986 39.281773 108.526001
v 401.706787 36.012180 109.887604
v 402.254089 39.507572 107.845100
v 402.868286 42.584721 105.552696
v 400.647003 34.560989 112.556702
v 388.476715 47.605671 99.103210
v 380.834106 98.837845 96.569023
v 380.798157 101.057373 97.540894
v 381.079834 97.123711 95.570869
v 381.365875 101.058418 93.459808
v 381.494904 94.554634 92.977005
v 379.798676 106.373474 101.247093
v 380.838531 105.603714 97.441322
v 384.831543 96.597801 80.524765
v 381.638794 93.679482 94.371628
v 382.572113 101.059395 88.957031
v 381.977905 105.395790 93.106407
v 383.768005 88.675331 84.493736
v 383.423859 84.239334 85.725731
v 381.846497 88.300461 92.187950
v 382.572113 83.713440 88.957031
v 383.180359 79.337708 86.686890
v 382.565613 78.708382 88.984970
v 382.385986 83.943932 91.583199
v 382.546600 79.698174 90.983749
v 382.648834 72.178360 90.575439
v 382.974701 66.803200 87.454201
v 382.572113 66.367531 88.957031
v 383.053223 58.965668 88.532059
v 382.494965 57.913315 89.253090
v 382.493500 66.096092 91.182014
v 384.246094 67.002785 87.236679
v 384.481842 79.547615 86.484665
v 384.741638 84.214867 85.513779
v 384.373444 88.814079 83.876305
v 385.219360 95.291862 80.821060
v 385.186127 103.556679 79.208771
v 385.670166 97.926605 79.329781
v 382.777130 104.824211 88.199776
v 385.797394 101.143173 78.839813
v 384.884644 106.849937 80.879478
v 384.132202 109.732292 85.066467
v 384.379303 109.926476 82.581985
v 383.054993 109.732292 89.086441
v 381.977905 109.732292 93.106407
v 381.429779 103.617973 99.880943
v 393.288818 92.603882 96.988853
v 389.967651 98.171829 98.714310
v 380.392212 109.552292 99.015984
v 380.770721 107.926552 103.297829
v 381.093994 109.115891 97.370995
v 380.343292 111.112389 100.172806
v 379.375732 115.800079 104.579399
v 381.241272 116.500343 105.815956
v 381.753143 111.901573 107.430496
v 388.547333 106.654518 104.172943
v 383.472992 112.593590 92.377106
v 385.409393 111.600586 95.721519
v 384.667694 112.637489 102.843605
v 390.025513 117.024620 116.173035
v 392.975586 112.961052 111.762451
v 389.087494 121.694237 114.771736
v 385.896698 123.110611 166.967957
v 384.444885 120.850182 171.401810
v 391.920258 116.281357 108.403366
v 396.135193 121.638275 116.562546
v 400.501648 116.923599 111.533211
v 388.802094 112.083595 103.402206
v 392.936493 111.529793 103.960907
v 399.682800 120.095245 115.500725
v 400.684357 116.232338 111.771759
v 397.636993 113.052147 106.720360
v 401.635803 112.500893 107.254807
v 397.359406 125.320518 123.567421
v 385.015015 122.163681 114.463165
v 381.946289 124.830696 119.110909
v 381.113892 126.295189 122.217705
v 384.775513 126.522186 145.257523
v 385.011902 126.426384 148.933914
v 376.600891 127.078186 139.060211
v 385.221008 131.235779 144.533218
v 391.390015 -22.113058 94.054337
v 389.256104 -23.517187 97.399139
v 390.898743 -20.105061 90.168274
v 396.285950 -23.105585 97.656464
v 389.033600 -15.052516 84.084312
v 390.015961 -17.561289 86.850090
v 392.543213 12.160252 83.078987
v 392.261902 12.784748 143.207031
v 393.196503 10.436018 139.716705
v 390.687653 14.579818 147.169205
v 391.172028 15.632144 149.190659
v 387.624420 18.566999 162.494995
v 392.844055 20.852825 90.992943
v 392.004761 24.160542 93.379402
v 387.491089 21.260366 161.681900
v 386.733093 22.128164 165.755676
v 388.721008 44.319492 100.588905
v 382.183502 53.979912 90.406960
v 384.755096 54.428936 90.343208
v 389.902374 53.039219 96.776146
v 381.650696 57.524353 92.395531
v 381.929596 56.569973 93.286514
v 384.855347 58.320778 89.208374
v 389.643707 57.070488 95.165520
v 382.308289 61.707912 91.878685
v 386.137512 60.931461 93.133209
v 389.943115 61.213840 94.096039
v 384.153290 62.314247 88.025070
v 386.499146 65.847267 92.271225
v 391.234863 66.888748 89.132408
v 391.354706 74.823196 88.675514
v 389.420227 70.687950 92.454567
v 389.432007 75.049980 92.494286
v 392.378601 80.073578 88.511482
v 389.334137 79.337776 92.747307
v 382.363495 84.539536 91.667290
v 390.136139 89.386185 85.170097
v 382.022888 89.322151 92.938301
v 390.540588 84.234337 93.813850
v 388.124634 88.950386 94.459511
v 402.191711 79.656326 96.227379
v 394.112366 88.854256 96.013954
v 386.385345 94.483360 81.587456
v 390.146729 102.375259 101.357437
v 392.514771 99.511604 100.046165
v 394.661835 93.847305 97.940422
v 402.632202 93.159645 99.752754
v 403.103485 98.321861 102.302208
v 402.257294 102.955299 104.996307
v 398.465240 105.432121 105.753372
v 404.484161 92.610756 99.520531
v 404.005554 97.417091 101.308609
v 402.775177 101.613434 103.963997
v 402.904938 88.996994 98.425392
v 391.399689 104.263145 81.081764
v 383.222290 112.949593 88.462265
v 384.001038 114.467522 85.681351
v 396.671204 114.783989 88.776497
v 395.328491 110.662186 109.769943
v 385.427612 114.752182 85.745544
v 393.662903 114.875496 88.323967
v 389.665802 114.875496 87.252945
v 384.956696 114.297188 90.749748
v 389.635590 112.080994 95.982910
v 398.329498 111.239090 99.822014
v 395.304291 112.733795 96.331238
v 401.680389 112.091995 99.190430
v 401.968933 111.774269 106.976883
v 389.627686 114.800690 91.103889
v 382.273712 122.741692 117.889305
v 391.736908 122.741692 119.277107
v 391.753387 118.510895 119.215607
v 381.196503 122.741692 121.909309
v 388.179108 126.414474 144.430740
v 386.064209 127.078186 140.448013
v 386.134705 126.122375 140.186691
v 386.037903 130.673080 140.546310
v 390.271210 126.415070 150.558548
v 387.224335 130.023788 136.117615
v 387.593842 125.129517 134.741714
v 389.318451 126.203735 154.136230
v 389.424011 131.294510 145.307114
v 389.442810 130.476517 137.370895
v 389.565887 131.094452 153.289200
v 400.190796 -21.310511 94.635010
v 398.845520 -18.861221 90.606606
v 395.382843 -24.124271 101.509750
v 396.082520 -24.497849 105.903221
v 397.188263 -24.204256 110.306618
v 398.218658 -14.537256 86.298759
v 397.210358 -11.131406 83.759064
v 406.033508 -15.618526 89.170189
v 407.431549 -10.418505 86.185989
v 397.685760 -18.975361 122.523132
v 397.684570 -16.734348 124.884445
v 396.550842 -13.795335 127.115974
v 398.501892 -19.010616 121.848389
v 396.017944 -6.786155 81.753693
v 393.935150 -5.865013 130.040482
v 396.098297 -10.710431 128.741821
v 393.009430 4.950032 80.463730
v 393.393951 8.582782 81.623512
v 394.347198 2.610630 133.164505
v 394.844666 6.798817 135.497055
v 393.939789 10.300037 138.874405
v 393.198914 15.681079 85.836967
v 388.997314 18.666267 157.320297
v 389.575409 19.453018 155.088913
v 400.568878 21.714460 93.874702
v 393.063385 26.291332 94.870110
v 393.594604 22.926212 92.887459
v 395.529266 30.756910 97.392281
v 395.772919 21.984447 132.033173
v 393.744568 35.782494 97.814430
v 392.435486 41.296444 97.213188
v 392.604004 44.484863 96.584541
v 395.715729 48.362606 100.586571
v 394.642090 44.685143 101.673210
v 395.978241 52.162415 98.835686
v 396.086090 57.314781 96.284286
v 395.719299 53.358093 97.653275
v 396.494019 61.462196 95.485352
v 396.934509 66.011513 95.049934
v 405.802765 67.028130 93.008247
v 406.090210 72.876350 92.725990
v 397.073486 70.280380 94.531044
v 393.954987 76.469582 91.542389
v 391.000885 70.704002 92.080391
v 397.068634 75.078918 94.551315
v 405.427246 89.393433 89.246246
v 399.794861 92.899513 86.105270
v 392.898560 91.423706 84.971947
v 392.705688 94.502831 83.275749
v 393.179413 97.614716 81.511261
v 393.733337 101.062599 80.980446
v 403.630554 98.008652 84.094086
v 400.447968 112.026665 112.588387
v 396.896301 108.143005 84.861168
v 401.889862 114.785690 90.175362
v 400.896118 104.220802 83.615822
v 406.264465 111.917107 89.627769
v 407.687073 104.961494 85.863197
v 405.091125 101.610710 83.967140
v 406.421509 101.066391 84.364807
v 407.702393 105.919037 87.544434
v 406.082306 114.554657 91.658882
v 405.834503 114.875496 91.585327
v 400.076660 114.678772 94.029785
v 397.661804 114.873695 89.388329
v 398.291351 114.803299 93.418396
v 390.957397 114.195290 92.330414
v 402.909851 113.703957 95.930611
v 404.124939 110.529251 98.527969
v 390.800659 120.709381 122.768166
v 391.612732 124.560165 120.669647
v 390.536285 125.907593 123.758110
v 394.116791 123.574791 130.769531
v 397.079590 120.566536 124.407982
v 389.487091 128.207977 128.639420
v 392.268219 125.977341 123.742027
v 393.807709 124.786888 135.350311
v 392.958008 125.738884 139.627213
v 391.797729 126.354225 144.875610
v 395.007416 128.979782 132.919388
v 393.215698 130.536514 139.141022
v 395.733063 128.105896 130.182617
v 391.731720 130.930130 145.209244
v 397.997406 -23.365469 113.987297
v 400.471313 -22.923927 114.473183
v 396.224457 -4.979040 130.348145
v 408.066681 -2.690970 84.131302
v 395.114075 -1.892416 131.452362
v 395.562012 2.397722 132.820404
v 393.594086 13.647374 140.070908
v 399.014160 25.170698 119.936905
v 400.629700 31.675701 113.907600
v 401.993805 14.329790 108.816597
v 401.706787 31.675701 109.887604
v 403.299744 12.341079 103.943039
v 403.671814 47.578571 102.554306
v 404.129700 44.360825 100.853615
v 404.148102 49.021614 100.776611
v 403.488342 51.515640 101.164406
v 404.059998 35.969810 101.105301
v 404.148102 27.339230 100.776604
v 402.675568 47.058811 103.233429
v 404.037994 45.681087 99.207405
v 404.647186 49.602814 98.054268
v 404.608795 55.419651 99.214783
v 403.756104 41.075054 100.294594
v 403.721497 35.521091 100.436897
v 404.148102 31.675701 100.776604
v 403.948212 30.767811 99.590790
v 404.412994 26.586742 98.145447
v 405.757996 20.677105 94.755424
v 405.292114 5.777125 96.522346
v 405.306396 21.044922 94.522087
v 404.236694 10.543469 100.446213
v 407.381592 13.575169 88.709122
v 406.445862 -1.932142 92.201241
v 406.496094 15.549321 89.253174
v 407.594513 10.337616 86.112984
v 408.321930 5.216199 85.187752
v 408.252106 -6.585241 85.464645
v 408.233887 1.100218 84.033241
v 408.039886 4.355340 84.320312
v 406.042328 4.711269 83.872536
v 407.461395 -6.051062 84.612663
v 407.666504 -7.352592 87.645683
v 407.564728 -13.352593 88.016594
v 406.589386 -16.025547 91.665657
v 406.058624 -17.955490 91.577209
v 405.061829 -8.745018 97.346390
v 405.225311 -16.025547 96.756653
v 405.545410 -19.769554 93.617134
v 405.546600 -3.221080 95.557388
v 403.508118 -12.054388 103.074280
v 402.781921 -13.180900 105.873695
v 404.220276 -22.688013 100.447876
v 405.072357 -21.740797 96.949730
v 404.504395 -9.096508 98.944427
v 404.794586 -4.658542 96.431999
v 405.448242 1.309137 95.342628
v 401.171204 -3.016114 96.818268
v 404.359589 7.579421 98.055603
v 402.374390 5.978296 96.406197
v 401.171204 1.320363 96.818268
v 402.291290 10.618152 101.024696
v 400.093994 5.656840 100.838203
v 401.969299 12.889891 108.908096
v 402.285797 12.218451 105.353798
v 401.095612 12.118791 110.236900
v 400.629700 14.329790 113.907600
v 400.468903 10.860460 114.507797
v 399.552490 9.993317 117.927498
v 399.341187 6.164574 118.716202
v 398.968994 1.692562 120.105301
v 399.059601 -3.460263 119.767197
v 399.413513 8.310296 116.514702
v 397.924164 5.601060 108.941414
v 396.862610 1.320361 112.898201
v 397.811310 -3.102027 118.990303
v 397.729614 1.433320 119.295403
v 396.575592 1.320361 113.969200
v 399.538696 -7.391002 117.979301
v 399.669189 -9.322232 115.560204
v 396.575592 -3.016116 113.969200
v 396.862610 -3.016116 112.898201
v 400.629700 -11.689070 113.907600
v 401.850281 -18.193789 109.352097
v 401.409393 -12.457319 109.939201
v 402.719360 -24.324831 106.093155
v 401.952484 -23.353971 100.023758
v 401.595245 -24.006020 109.791092
v 397.398254 -11.688626 125.967484
v 397.111267 -11.688961 127.038589
v 400.748077 25.583265 96.579285
v 395.045990 40.501499 98.092468
v 401.565247 30.985676 99.037544
v 396.889893 45.922192 97.240562
v 398.505676 54.077213 94.202347
v 401.779785 50.549923 96.568367
v 405.288452 58.866154 94.519562
v 396.383148 56.170624 97.248589
v 405.520233 62.457645 93.724075
v 396.781403 60.931686 95.996689
v 402.466980 70.266235 95.993042
v 406.143402 84.837837 91.106155
v 402.990509 84.168182 97.140732
v 406.407227 79.971260 92.297455
v 399.106506 116.345612 117.668274
v 395.415894 123.908058 131.433395
v 393.181976 126.353561 139.785431
v 397.939697 -7.352593 108.878197
v 399.016907 -7.352593 104.858200
v 400.093994 -7.352592 100.838203
v 396.575592 -7.352594 113.969200
v 396.575592 5.656839 113.969200
v 400.093994 -3.016115 100.838203
v 404.066589 8.171248 84.279213
v 402.102783 12.289774 85.778679
v 402.732849 56.072628 99.055145
v 404.385529 61.133892 97.964302
v 404.615265 65.890289 97.123756
v 405.185913 58.478374 96.865326
v 405.235809 66.361969 96.717224
v 402.489197 75.046013 95.994385
v 401.545807 107.249237 108.198242
v 397.821350 122.042030 122.416901
v 404.688293 24.249783 96.828667
v 404.603210 50.968281 97.146454
v 405.260193 53.191929 96.314964
v 405.367798 71.556610 96.172791
v 405.281860 80.107185 96.543129
v 404.582703 80.439774 96.978447
v 407.212402 94.043297 87.317650
v 404.674194 88.760956 98.410927
v 407.781677 96.897209 85.853638
v 402.602722 105.298103 104.614197
v 404.745911 105.450127 96.622528
v 406.307007 105.379051 92.719391
v 406.206543 109.383606 91.313210
v 406.302399 101.059395 92.736679
v 404.205292 100.676392 100.563110
v 406.995605 89.433060 90.151718
v 406.426025 86.192909 92.308189
v 407.791504 98.680267 87.174614
v 408.275085 101.120995 85.374298
vt 0.625000 0.500000
vt 0.625000 0.500000
vt 0.625000 0.500000
vt 0.625000 0.500000
vt 0.625000 0.500000
vt 0.625000 0.500000
vt 0.625000 0.500000
vt 0.625000 0.500000
vt 0.625000 0.500000
vt 0.625000 0.500000
vt 0.625000 0.500000
vt 0.625000 0.500000
vt 0.625000 0.500000
vt 0.625000 0.500000
vt 0.625000 0.500000
vt 0.625000 0.500000
vt 0.625000 0.500000
vt 0.625000 0.500000
vt 0.625000 0.500000
vt 0.625000 0.500000
vt 0.625000 0.500000
vt 0.625000 0.500000
vt 0.625000 0.500000
vt 0.625000 0.500000
vt 0.625000 0.500000
vt 0.625000 0.500000
vt 0.625000 0.500000
vt 0.625000 0.500000
vt 0.625000 0.500000
vt 0.625000 0.500000
vt 0.625000 0.500000
vt 0.625000 0.500000
vt 0.625000 0.500000
vt 0.625000 0.500000
vt 0.625000 0.500000
vt 0.625000 0.500000
vt 0.625000 0.500000
vt 0.625000 0.500000
vt 0.625000 0.500000
vt 0.625000 0.500000
vt 0.625000 0.500000
vt 0.625000 0.500000
vt 0.625000 0.500000
vt 0.625000 0.500000
vt 0.625000 0.500000
vt 0.625000 0.500000
vt 0.625000 0.500000
vt 0.625000 0.500000
vt 0.625000 0.500000
vt 0.625000 0.500000
vt 0.625000 0.500000
vt 0.625000 0.500000
vt 0.625000 0.500000
vt 0.625000 0.500000
vt 0.625000 0.500000
vt 0.625000 0.500000
vt 0.625000 0.500000
vt 0.625000 0.500000
vt 0.625000 0.500000
vt 0.625000 0.500000
vt 0.625000 0.500000
vt 0.625000 0.500000
vt 0.625000 0.500000
vt 0.625000 0.500000
vt 0.625000 0.500000
vt 0.625000 0.500000
vt 0.625000 0.500000
vt 0.625000 0.500000
vt 0.625000 0.500000
vt 0.625000 0.500000
vt 0.625000 0.500000
vt 0.625000 0.500000
vt 0.625000 0.500000
vt 0.625000 0.500000
vt 0.625000 0.500000
vt 0.625000 0.500000
vt 0.625000 0.500000
vt 0.625000 0.500000
vt 0.625000 0.500000
vt 0.625000 0.500000
vt 0.625000 0.500000
vt 0.625000 0.500000
vt 0.625000 0.500000
vt 0.625000 0.500000
vt 0.625000 0.500000
vt 0.625000 0.500000
vt 0.625000 0.500000
vt 0.625000 0.500000
vt 0.625000 0.500000
vt 0.625000 0.500000
vt 0.625000 0.500000
vt 0.625000 0.500000
vt 0.625000 0.500000
vt 0.625000 0.500000
vt 0.625000 0.500000
vt 0.625000 0.500000
vt 0.625000 0.500000
vt 0.625000 0.500000
vt 0.625000 0.500000
vt 0.625000 0.500000
vt 0.625000 0.500000
vt 0.625000 0.500000
vt 0.625000 0.500000
vt 0.625000 0.500000
vt 0.625000 0.500000
vt 0.625000 0.500000
vt 0.625000 0.500000
vt 0.625000 0.500000
vt 0.625000 0.500000
vt 0.625000 0.500000
vt 0.625000 0.500000
vt 0.625000 0.500000
vt 0.625000 0.500000
vt 0.625000 0.500000
vt 0.625000 0.500000
vt 0.625000 0.500000
vt 0.625000 0.500000
vt 0.625000 0.500000
vt 0.625000 0.500000
vt 0.625000 0.500000
vt 0.625000 0.500000
vt 0.625000 0.500000
vt 0.625000 0.500000
vt 0.625000 0.500000
vt 0.625000 0.500000
vt 0.625000 0.500000
vt 0.625000 0.500000
vt 0.625000 0.500000
vt 0.625000 0.500000
vt 0.625000 0.500000
vt 0.625000 0.500000
vt 0.625000 0.500000
vt 0.625000 0.500000
vt 0.625000 0.500000
vt 0.625000 0.500000
vt 0.625000 0.500000
vt 0.625000 0.500000
vt 0.625000 0.500000
vt 0.625000 0.500000
vt 0.625000 0.500000
vt 0.625000 0.500000
vt 0.625000 0.500000
vt 0.625000 0.500000
vt 0.625000 0.500000
vt 0.625000 0.500000
vt 0.625000 0.500000
vt 0.625000 0.500000
vt 0.625000 0.500000
vt 0.625000 0.500000
vt 0.625000 0.500000
vt 0.625000 0.500000
vt 0.625000 0.500000
vt 0.625000 0.500000
vt 0.625000 0.500000
vt 0.625000 0.500000
vt 0.625000 0.500000
vt 0.625000 0.500000
vt 0.625000 0.500000
vt 0.625000 0.500000
vt 0.625000 0.500000
vt 0.625000 0.500000
vt 0.625000 0.500000
vt 0.625000 0.500000
vt 0.625000 0.500000
vt 0.625000 0.500000
vt 0.625000 0.500000
vt 0.625000 0.500000
vt 0.625000 0.500000
vt 0.625000 0.500000
vt 0.625000 0.500000
vt 0.625000 0.500000
vt 0.625000 0.500000
vt 0.625000 0.500000
vt 0.625000 0.500000
vt 0.625000 0.500000
vt 0.625000 0.500000
vt 0.625000 0.500000
vt 0.625000 0.500000
vt 0.625000 0.500000
vt 0.625000 0.500000
vt 0.625000 0.500000
vt 0.625000 0.500000
vt 0.625000 0.500000
vt 0.625000 0.500000
vt 0.625000 0.500000
vt 0.625000 0.500000
vt 0.625000 0.500000
vt 0.625000 0.500000
vt 0.625000 0.500000
vt 0.625000 0.500000
vt 0.625000 0.500000
vt 0.625000 0.500000
vt 0.625000 0.500000
vt 0.625000 0.500000
vt 0.625000 0.500000
vt 0.625000 0.500000
vt 0.625000 0.500000
vt 0.625000 0.500000
vt 0.625000 0.500000
vt 0.625000 0.500000
vt 0.625000 0.500000
vt 0.625000 0.500000
vt 0.625000 0.500000
vt 0.625000 0.500000
vt 0.625000 0.500000
vt 0.625000 0.500000
vt 0.625000 0.500000
vt 0.625000 0.500000
vt 0.625000 0.500000
vt 0.625000 0.500000
vt 0.625000 0.500000
vt 0.625000 0.500000
vt 0.625000 0.500000
vt 0.625000 0.500000
vt 0.625000 0.500000
vt 0.625000 0.500000
vt 0.625000 0.500000
vt 0.625000 0.500000
vt 0.625000 0.500000
vt 0.625000 0.500000
vt 0.625000 0.500000
vt 0.625000 0.500000
vt 0.625000 0.500000
vt 0.625000 0.500000
vt 0.625000 0.500000
vt 0.625000 0.500000
vt 0.625000 0.500000
vt 0.625000 0.500000
vt 0.625000 0.500000
vt 0.625000 0.500000
vt 0.625000 0.500000
vt 0.625000 0.500000
vt 0.625000 0.500000
vt 0.625000 0.500000
vt 0.625000 0.500000
vt 0.625000 0.500000
vt 0.625000 0.500000
vt 0.625000 0.500000
vt 0.625000 0.500000
vt 0.625000 0.500000
vt 0.625000 0.500000
vt 0.625000 0.500000
vt 0.625000 0.500000
vt 0.625000 0.500000
vt 0.625000 0.500000
vt 0.625000 0.500000
vt 0.625000 0.500000
vt 0.625000 0.500000
vt 0.625000 0.500000
vt 0.625000 0.500000
vt 0.625000 0.500000
vt 0.625000 0.500000
vt 0.625000 0.500000
vt 0.625000 0.500000
vt 0.625000 0.500000
vt 0.625000 0.500000
vt 0.625000 0.500000
vt 0.625000 0.500000
vt 0.625000 0.500000
vt 0.625000 0.500000
vt 0.625000 0.500000
vt 0.625000 0.500000
vt 0.625000 0.500000
vt 0.625000 0.500000
vt 0.625000 0.500000
vt 0.625000 0.500000
vt 0.625000 0.500000
vt 0.625000 0.500000
vt 0.625000 0.500000
vt 0.625000 0.500000
vt 0.625000 0.500000
vt 0.625000 0.500000
vt 0.625000 0.500000
vt 0.625000 0.500000
vt 0.625000 0.500000
vt 0.625000 0.500000
vt 0.625000 0.500000
vt 0.625000 0.500000
vt 0.625000 0.500000
vt 0.625000 0.500000
vt 0.625000 0.500000
vt 0.625000 0.500000
vt 0.625000 0.500000
vt 0.625000 0.500000
vt 0.625000 0.500000
vt 0.625000 0.500000
vt 0.625000 0.500000
vt 0.625000 0.500000
vt 0.625000 0.500000
vt 0.625000 0.500000
vt 0.625000 0.500000
vt 0.625000 0.500000
vt 0.625000 0.500000
vt 0.625000 0.500000
vt 0.625000 0.500000
vt 0.625000 0.500000
vt 0.625000 0.500000
vt 0.625000 0.500000
vt 0.625000 0.500000
vt 0.625000 0.500000
vt 0.625000 0.500000
vt 0.625000 0.500000
vt 0.625000 0.500000
vt 0.625000 0.500000
vt 0.625000 0.500000
vt 0.625000 0.500000
vt 0.625000 0.500000
vt 0.625000 0.500000
vt 0.625000 0.500000
vt 0.625000 0.500000
vt 0.625000 0.500000
vt 0.625000 0.500000
vt 0.625000 0.500000
vt 0.625000 0.500000
vt 0.625000 0.500000
vt 0.625000 0.500000
vt 0.625000 0.500000
vt 0.625000 0.500000
vt 0.625000 0.500000
vt 0.625000 0.500000
vt 0.625000 0.500000
vt 0.625000 0.500000
vt 0.625000 0.500000
vt 0.625000 0.500000
vt 0.625000 0.500000
vt 0.625000 0.500000
vt 0.625000 0.500000
vt 0.625000 0.500000
vt 0.625000 0.500000
vt 0.625000 0.500000
vt 0.625000 0.500000
vt 0.625000 0.500000
vt 0.625000 0.500000
vt 0.625000 0.500000
vt 0.625000 0.500000
vt 0.625000 0.500000
vt 0.625000 0.500000
vt 0.625000 0.500000
vt 0.625000 0.500000
vt 0.625000 0.500000
vt 0.625000 0.500000
vt 0.625000 0.500000
vt 0.625000 0.500000
vt 0.625000 0.500000
vt 0.625000 0.500000
vt 0.625000 0.500000
vt 0.625000 0.500000
vt 0.625000 0.500000
vt 0.625000 0.500000
vt 0.625000 0.500000
vt 0.625000 0.500000
vt 0.625000 0.500000
vt 0.625000 0.500000
vt 0.625000 0.500000
vt 0.625000 0.500000
vt 0.625000 0.500000
vt 0.625000 0.500000
vt 0.625000 0.500000
vt 0.625000 0.500000
vt 0.625000 0.500000
vt 0.625000 0.500000
vt 0.625000 0.500000
vt 0.625000 0.500000
vt 0.625000 0.500000
vt 0.625000 0.500000
vt 0.625000 0.500000
vt 0.625000 0.500000
vt 0.625000 0.500000
vt 0.625000 0.500000
vt 0.625000 0.500000
vt 0.625000 0.500000
vt 0.625000 0.500000
vt 0.625000 0.500000
vt 0.625000 0.500000
vt 0.625000 0.500000
vt 0.625000 0.500000
vt 0.625000 0.500000
vt 0.625000 0.500000
vt 0.625000 0.500000
vt 0.625000 0.500000
vt 0.625000 0.500000
vt 0.625000 0.500000
vt 0.625000 0.500000
vt 0.625000 0.500000
vt 0.625000 0.500000
vt 0.625000 0.500000
vt 0.625000 0.500000
vt 0.625000 0.500000
vt 0.625000 0.500000
vt 0.625000 0.500000
vt 0.625000 0.500000
vt 0.625000 0.500000
vt 0.625000 0.500000
vt 0.625000 0.500000
vt 0.625000 0.500000
vt 0.625000 0.500000
vt 0.625000 0.500000
vt 0.625000 0.500000
vt 0.625000 0.500000
vt 0.625000 0.500000
vt 0.625000 0.500000
vt 0.625000 0.500000
vt 0.625000 0.500000
vt 0.625000 0.500000
vt 0.625000 0.500000
vt 0.625000 0.500000
vt 0.625000 0.500000
vt 0.625000 0.500000
vt 0.625000 0.500000
vt 0.625000 0.500000
vt 0.625000 0.500000
vt 0.625000 0.500000
vt 0.625000 0.500000
vt 0.625000 0.500000
vt 0.625000 0.500000
vt 0.625000 0.500000
vt 0.625000 0.500000
vt 0.625000 0.500000
vt 0.625000 0.500000
vt 0.625000 0.500000
vt 0.625000 0.500000
vt 0.625000 0.500000
vt 0.625000 0.500000
vt 0.625000 0.500000
vt 0.625000 0.500000
vt 0.625000 0.500000
vt 0.625000 0.500000
vt 0.625000 0.500000
vt 0.625000 0.500000
vt 0.625000 0.500000
vt 0.625000 0.500000
vt 0.625000 0.500000
vt 0.625000 0.500000
vt 0.625000 0.500000
vt 0.625000 0.500000
vt 0.625000 0.500000
vt 0.625000 0.500000
vt 0.625000 0.500000
vt 0.625000 0.500000
vt 0.625000 0.500000
vt 0.625000 0.500000
vt 0.625000 0.500000
vt 0.625000 0.500000
vt 0.625000 0.500000
vt 0.625000 0.500000
vt 0.625000 0.500000
vt 0.625000 0.500000
vt 0.625000 0.500000
vt 0.625000 0.500000
vt 0.625000 0.500000
vt 0.625000 0.500000
vt 0.625000 0.500000
vt 0.625000 0.500000
vt 0.625000 0.500000
vt 0.625000 0.500000
vt 0.625000 0.500000
vt 0.625000 0.500000
vt 0.625000 0.500000
vt 0.625000 0.500000
vt 0.625000 0.500000
vt 0.625000 0.500000
vt 0.625000 0.500000
vt 0.625000 0.500000
vt 0.625000 0.500000
vt 0.625000 0.500000
vt 0.625000 0.500000
vt 0.625000 0.500000
vt 0.625000 0.500000
vt 0.625000 0.500000
vt 0.625000 0.500000
vt 0.625000 0.500000
vt 0.625000 0.500000
vt 0.625000 0.500000
vt 0.625000 0.500000
vt 0.625000 0.500000
vt 0.625000 0.500000
vt 0.625000 0.500000
vt 0.625000 0.500000
vt 0.625000 0.500000
vt 0.625000 0.500000
vt 0.625000 0.500000
vt 0.625000 0.500000
vt 0.625000 0.500000
vt 0.625000 0.500000
vt 0.625000 0.500000
vt 0.625000 0.500000
vt 0.625000 0.500000
vt 0.625000 0.500000
vt 0.625000 0.500000
vt 0.625000 0.500000
vt 0.625000 0.500000
vt 0.625000 0.500000
vt 0.625000 0.500000
vt 0.625000 0.500000
vt 0.625000 0.500000
vt 0.625000 0.500000
vt 0.625000 0.500000
vt 0.625000 0.500000
vt 0.625000 0.500000
vt 0.625000 0.500000
vt 0.625000 0.500000
vt 0.625000 0.500000
vt 0.625000 0.500000
vt 0.625000 0.500000
vt 0.625000 0.500000
vt 0.625000 0.500000
vt 0.625000 0.500000
vt 0.625000 0.500000
vt 0.625000 0.500000
vt 0.625000 0.500000
vt 0.625000 0.500000
vt 0.625000 0.500000
vt 0.625000 0.500000
vt 0.625000 0.500000
vt 0.625000 0.500000
vt 0.625000 0.500000
vt 0.625000 0.500000
vt 0.625000 0.500000
vt 0.625000 0.500000
vt 0.625000 0.500000
vt 0.625000 0.500000
vt 0.625000 0.500000
vt 0.625000 0.500000
vt 0.625000 0.500000
vt 0.625000 0.500000
vt 0.625000 0.500000
vt 0.625000 0.500000
vt 0.625000 0.500000
vt 0.625000 0.500000
vt 0.625000 0.500000
vt 0.625000 0.500000
vt 0.625000 0.500000
vt 0.625000 0.500000
vt 0.625000 0.500000
vt 0.625000 0.500000
vt 0.625000 0.500000
vt 0.625000 0.500000
vt 0.625000 0.500000
vt 0.625000 0.500000
vt 0.625000 0.500000
vt 0.625000 0.500000
vt 0.625000 0.500000
vt 0.625000 0.500000
vt 0.625000 0.500000
vt 0.625000 0.500000
vt 0.625000 0.500000
vt 0.625000 0.500000
vt 0.625000 0.500000
vt 0.625000 0.500000
vt 0.625000 0.500000
vt 0.625000 0.500000
vt 0.625000 0.500000
vt 0.625000 0.500000
vt 0.625000 0.500000
vt 0.625000 0.500000
vt 0.625000 0.500000
vt 0.625000 0.500000
vt 0.625000 0.500000
vt 0.625000 0.500000
vt 0.625000 0.500000
vt 0.625000 0.500000
vt 0.625000 0.500000
vt 0.625000 0.500000
vt 0.625000 0.500000
vt 0.625000 0.500000
vt 0.625000 0.500000
vt 0.625000 0.500000
vt 0.625000 0.500000
vt 0.625000 0.500000
vt 0.625000 0.500000
vt 0.625000 0.500000
vt 0.625000 0.500000
vt 0.625000 0.500000
vt 0.625000 0.500000
vt 0.625000 0.500000
vt 0.625000 0.500000
vt 0.625000 0.500000
vt 0.625000 0.500000
vt 0.625000 0.500000
vt 0.625000 0.500000
vt 0.625000 0.500000
vt 0.625000 0.500000
vt 0.625000 0.500000
vt 0.625000 0.500000
vt 0.625000 0.500000
vt 0.625000 0.500000
vt 0.625000 0.500000
vt 0.625000 0.500000
vt 0.625000 0.500000
vt 0.625000 0.500000
vt 0.625000 0.500000
vt 0.625000 0.500000
vt 0.625000 0.500000
vt 0.625000 0.500000
vt 0.625000 0.500000
vt 0.625000 0.500000
vt 0.625000 0.500000
vt 0.625000 0.500000
vt 0.625000 0.500000
vt 0.625000 0.500000
vt 0.625000 0.500000
vt 0.625000 0.500000
vt 0.625000 0.500000
vt 0.625000 0.500000
vt 0.625000 0.500000
vt 0.625000 0.500000
vt 0.625000 0.500000
vt 0.625000 0.500000
vt 0.625000 0.500000
vt 0.625000 0.500000
vt 0.625000 0.500000
vt 0.625000 0.500000
vt 0.625000 0.500000
vt 0.625000 0.500000
vt 0.625000 0.500000
vt 0.625000 0.500000
vt 0.625000 0.500000
vt 0.625000 0.500000
vt 0.625000 0.500000
vt 0.625000 0.500000
vt 0.625000 0.500000
vt 0.625000 0.500000
vt 0.625000 0.500000
vt 0.625000 0.500000
vt 0.625000 0.500000
vt 0.625000 0.500000
vt 0.625000 0.500000
vt 0.625000 0.500000
vt 0.625000 0.500000
vt 0.625000 0.500000
vt 0.625000 0.500000
vt 0.625000 0.500000
vt 0.625000 0.500000
vt 0.625000 0.500000
vt 0.625000 0.500000
vt 0.625000 0.500000
vt 0.625000 0.500000
vt 0.625000 0.500000
vt 0.625000 0.500000
vt 0.625000 0.500000
vt 0.625000 0.500000
vt 0.625000 0.500000
vt 0.625000 0.500000
vt 0.625000 0.500000
vt 0.625000 0.500000
vt 0.625000 0.500000
vt 0.625000 0.500000
vt 0.625000 0.500000
vt 0.625000 0.500000
vt 0.625000 0.500000
vt 0.625000 0.500000
vt 0.625000 0.500000
vt 0.625000 0.500000
vt 0.625000 0.500000
vt 0.625000 0.500000
vt 0.625000 0.500000
vt 0.625000 0.500000
vt 0.625000 0.500000
vt 0.625000 0.500000
vt 0.625000 0.500000
vt 0.625000 0.500000
vt 0.625000 0.500000
vt 0.625000 0.500000
vt 0.625000 0.500000
vt 0.625000 0.500000
vt 0.625000 0.500000
vt 0.625000 0.500000
vt 0.625000 0.500000
vt 0.625000 0.500000
vt 0.625000 0.500000
vt 0.625000 0.500000
vt 0.625000 0.500000
vt 0.625000 0.500000
vt 0.625000 0.500000
vt 0.625000 0.500000
vt 0.625000 0.500000
vt 0.625000 0.500000
vt 0.625000 0.500000
vt 0.625000 0.500000
vt 0.625000 0.500000
vt 0.625000 0.500000
vt 0.625000 0.500000
vt 0.625000 0.500000
vt 0.625000 0.500000
vt 0.625000 0.500000
vt 0.625000 0.500000
vt 0.625000 0.500000
vt 0.625000 0.500000
vt 0.625000 0.500000
vt 0.625000 0.500000
vt 0.625000 0.500000
vt 0.625000 0.500000
vt 0.625000 0.500000
vt 0.625000 0.500000
vt 0.625000 0.500000
vt 0.625000 0.500000
vt 0.625000 0.500000
vt 0.625000 0.500000
vt 0.625000 0.500000
vt 0.625000 0.500000
vt 0.625000 0.500000
vt 0.625000 0.500000
vt 0.625000 0.500000
vt 0.625000 0.500000
vt 0.625000 0.500000
vt 0.625000 0.500000
vt 0.625000 0.500000
vt 0.625000 0.500000
vt 0.625000 0.500000
vt 0.625000 0.500000
vt 0.625000 0.500000
vt 0.625000 0.500000
vt 0.625000 0.500000
vt 0.625000 0.500000
vt 0.625000 0.500000
vt 0.625000 0.500000
vt 0.625000 0.500000
vt 0.625000 0.500000
vt 0.625000 0.500000
vt 0.625000 0.500000
vt 0.625000 0.500000
vt 0.625000 0.500000
vt 0.625000 0.500000
vt 0.625000 0.500000
vt 0.625000 0.500000
vt 0.625000 0.500000
vt 0.625000 0.500000
vt 0.625000 0.500000
vt 0.625000 0.500000
vt 0.625000 0.500000
vt 0.625000 0.500000
vt 0.625000 0.500000
vt 0.625000 0.500000
vt 0.625000 0.500000
vt 0.625000 0.500000
vt 0.625000 0.500000
vt 0.625000 0.500000
vt 0.625000 0.500000
vt 0.625000 0.500000
vt 0.625000 0.500000
vt 0.625000 0.500000
vt 0.625000 0.500000
vt 0.625000 0.500000
vt 0.625000 0.500000
vt 0.625000 0.500000
vt 0.625000 0.500000
vt 0.625000 0.500000
vt 0.625000 0.500000
vt 0.625000 0.500000
vt 0.625000 0.500000
vt 0.625000 0.500000
vt 0.625000 0.500000
vt 0.625000 0.500000
vt 0.625000 0.500000
vt 0.625000 0.500000
vt 0.625000 0.500000
vt 0.625000 0.500000
vt 0.625000 0.500000
vt 0.625000 0.500000
vt 0.625000 0.500000
vt 0.625000 0.500000
vt 0.625000 0.500000
vt 0.625000 0.500000
vt 0.625000 0.500000
vt 0.625000 0.500000
vt 0.625000 0.500000
vt 0.625000 0.500000
vt 0.625000 0.500000
vt 0.625000 0.500000
vt 0.625000 0.500000
vt 0.625000 0.500000
vt 0.625000 0.500000
vt 0.625000 0.500000
vt 0.625000 0.500000
vt 0.625000 0.500000
vt 0.625000 0.500000
vt 0.625000 0.500000
vt 0.625000 0.500000
vt 0.625000 0.500000
vt 0.625000 0.500000
vt 0.625000 0.500000
vt 0.625000 0.500000
vt 0.625000 0.500000
vt 0.625000 0.500000
vt 0.625000 0.500000
vt 0.625000 0.500000
vt 0.625000 0.500000
vt 0.625000 0.500000
vt 0.625000 0.500000
vt 0.625000 0.500000
vt 0.625000 0.500000
vt 0.625000 0.500000
vt 0.625000 0.500000
vt 0.625000 0.500000
vt 0.625000 0.500000
vt 0.625000 0.500000
vt 0.625000 0.500000
vt 0.625000 0.500000
vt 0.625000 0.500000
vt 0.625000 0.500000
vt 0.625000 0.500000
vt 0.625000 0.500000
vt 0.625000 0.500000
vt 0.625000 0.500000
vt 0.625000 0.500000
vt 0.625000 0.500000
vt 0.625000 0.500000
vt 0.625000 0.500000
vt 0.625000 0.500000
vt 0.625000 0.500000
vt 0.625000 0.500000
vt 0.625000 0.500000
vt 0.625000 0.500000
vt 0.625000 0.500000
vt 0.625000 0.500000
vt 0.625000 0.500000
vt 0.625000 0.500000
vt 0.625000 0.500000
vt 0.625000 0.500000
vt 0.625000 0.500000
vt 0.625000 0.500000
vt 0.625000 0.500000
vt 0.625000 0.500000
vt 0.625000 0.500000
vt 0.625000 0.500000
vt 0.625000 0.500000
vt 0.625000 0.500000
vt 0.625000 0.500000
vt 0.625000 0.500000
vt 0.625000 0.500000
vt 0.625000 0.500000
vt 0.625000 0.500000
vt 0.625000 0.500000
vt 0.625000 0.500000
vt 0.625000 0.500000
vt 0.625000 0.500000
vt 0.625000 0.500000
vt 0.625000 0.500000
vt 0.625000 0.500000
vt 0.625000 0.500000
vt 0.625000 0.500000
vt 0.625000 0.500000
vt 0.625000 0.500000
vt 0.625000 0.500000
vt 0.625000 0.500000
vt 0.625000 0.500000
vt 0.625000 0.500000
vt 0.625000 0.500000
vt 0.625000 0.500000
vt 0.625000 0.500000
vt 0.625000 0.500000
vt 0.625000 0.500000
vt 0.625000 0.500000
vt 0.625000 0.500000
vt 0.625000 0.500000
vt 0.625000 0.500000
vt 0.625000 0.500000
vt 0.625000 0.500000
vt 0.625000 0.500000
vt 0.625000 0.500000
vt 0.625000 0.500000
vt 0.625000 0.500000
vt 0.625000 0.500000
vt 0.625000 0.500000
vt 0.625000 0.500000
vt 0.625000 0.500000
vt 0.625000 0.500000
vt 0.625000 0.500000
vt 0.625000 0.500000
vt 0.625000 0.500000
vt 0.625000 0.500000
vt 0.625000 0.500000
vt 0.625000 0.500000
vt 0.625000 0.500000
vt 0.625000 0.500000
vt 0.625000 0.500000
vt 0.625000 0.500000
vt 0.625000 0.500000
vt 0.625000 0.500000
vt 0.625000 0.500000
vt 0.625000 0.500000
vt 0.625000 0.500000
vt 0.625000 0.500000
vt 0.625000 0.500000
vt 0.625000 0.500000
vt 0.625000 0.500000
vt 0.625000 0.500000
vt 0.625000 0.500000
vt 0.625000 0.500000
vt 0.625000 0.500000
vt 0.625000 0.500000
vt 0.625000 0.500000
vt 0.625000 0.500000
vt 0.625000 0.500000
vt 0.625000 0.500000
vt 0.625000 0.500000
vt 0.625000 0.500000
vt 0.625000 0.500000
vt 0.625000 0.500000
vt 0.625000 0.500000
vt 0.625000 0.500000
vt 0.625000 0.500000
vt 0.625000 0.500000
vt 0.625000 0.500000
vt 0.625000 0.500000
vt 0.625000 0.500000
vt 0.625000 0.500000
vt 0.625000 0.500000
vt 0.625000 0.500000
vt 0.625000 0.500000
vt 0.625000 0.500000
vt 0.625000 0.500000
vt 0.625000 0.500000
vt 0.625000 0.500000
vt 0.625000 0.500000
vt 0.625000 0.500000
vt 0.625000 0.500000
vt 0.625000 0.500000
vt 0.625000 0.500000
vt 0.625000 0.500000
vt 0.625000 0.500000
vt 0.625000 0.500000
vt 0.625000 0.500000
vt 0.625000 0.500000
vt 0.625000 0.500000
vt 0.625000 0.500000
vt 0.625000 0.500000
vt 0.625000 0.500000
vt 0.625000 0.500000
vt 0.625000 0.500000
vt 0.625000 0.500000
vt 0.625000 0.500000
vt 0.625000 0.500000
vt 0.625000 0.500000
vt 0.625000 0.500000
vt 0.625000 0.500000
vt 0.625000 0.500000
vt 0.625000 0.500000
vt 0.625000 0.500000
vt 0.625000 0.500000
vt 0.625000 0.500000
vt 0.625000 0.500000
vt 0.625000 0.500000
vt 0.625000 0.500000
vt 0.625000 0.500000
vt 0.625000 0.500000
vt 0.625000 0.500000
vt 0.625000 0.500000
vt 0.625000 0.500000
vt 0.625000 0.500000
vt 0.625000 0.500000
vt 0.625000 0.500000
vt 0.625000 0.500000
vt 0.625000 0.500000
vt 0.625000 0.500000
vt 0.625000 0.500000
vt 0.625000 0.500000
vt 0.625000 0.500000
vt 0.625000 0.500000
vt 0.625000 0.500000
vt 0.625000 0.500000
vt 0.625000 0.500000
vt 0.625000 0.500000
vt 0.625000 0.500000
vt 0.625000 0.500000
vt 0.625000 0.500000
vt 0.625000 0.500000
vt 0.625000 0.500000
vt 0.625000 0.500000
vt 0.625000 0.500000
vt 0.625000 0.500000
vt 0.625000 0.500000
vt 0.625000 0.500000
vt 0.625000 0.500000
vt 0.625000 0.500000
vt 0.625000 0.500000
vt 0.625000 0.500000
vt 0.625000 0.500000
vt 0.625000 0.500000
vt 0.625000 0.500000
vt 0.625000 0.500000
vt 0.625000 0.500000
vt 0.625000 0.500000
vt 0.625000 0.500000
vt 0.625000 0.500000
vt 0.625000 0.500000
vt 0.625000 0.500000
vt 0.625000 0.500000
vt 0.625000 0.500000
vt 0.625000 0.500000
vt 0.625000 0.500000
vt 0.625000 0.500000
vt 0.625000 0.500000
vt 0.625000 0.500000
vt 0.625000 0.500000
vt 0.625000 0.500000
vt 0.625000 0.500000
vt 0.625000 0.500000
vt 0.625000 0.500000
vt 0.625000 0.500000
vt 0.625000 0.500000
vt 0.625000 0.500000
vt 0.625000 0.500000
vt 0.625000 0.500000
vt 0.625000 0.500000
vt 0.625000 0.500000
vt 0.625000 0.500000
vt 0.625000 0.500000
vt 0.625000 0.500000
vt 0.625000 0.500000
vt 0.625000 0.500000
vt 0.625000 0.500000
vt 0.625000 0.500000
vt 0.625000 0.500000
vt 0.625000 0.500000
vt 0.625000 0.500000
vt 0.625000 0.500000
vt 0.625000 0.500000
vt 0.625000 0.500000
vt 0.625000 0.500000
vt 0.625000 0.500000
vt 0.625000 0.500000
vt 0.625000 0.500000
vt 0.625000 0.500000
vt 0.625000 0.500000
vt 0.625000 0.500000
vt 0.625000 0.500000
vt 0.625000 0.500000
vt 0.625000 0.500000
vt 0.625000 0.500000
vt 0.625000 0.500000
vt 0.625000 0.500000
vt 0.625000 0.500000
vt 0.625000 0.500000
vt 0.625000 0.500000
vt 0.625000 0.500000
vt 0.625000 0.500000
vt 0.625000 0.500000
vt 0.625000 0.500000
vt 0.625000 0.500000
vt 0.625000 0.500000
vt 0.625000 0.500000
vt 0.625000 0.500000
vt 0.625000 0.500000
vt 0.625000 0.500000
vt 0.625000 0.500000
vt 0.625000 0.500000
vt 0.625000 0.500000
vt 0.625000 0.500000
vt 0.625000 0.500000
vt 0.625000 0.500000
vt 0.625000 0.500000
vt 0.625000 0.500000
vt 0.625000 0.500000
vt 0.625000 0.500000
vt 0.625000 0.500000
vt 0.625000 0.500000
vt 0.625000 0.500000
vt 0.625000 0.500000
vt 0.625000 0.500000
vt 0.625000 0.500000
vt 0.625000 0.500000
vt 0.625000 0.500000
vt 0.625000 0.500000
vt 0.625000 0.500000
vt 0.625000 0.500000
vt 0.625000 0.500000
vt 0.625000 0.500000
vt 0.625000 0.500000
vt 0.625000 0.500000
vt 0.625000 0.500000
vt 0.625000 0.500000
vt 0.625000 0.500000
vt 0.625000 0.500000
vt 0.625000 0.500000
vt 0.625000 0.500000
vt 0.625000 0.500000
vt 0.625000 0.500000
vt 0.625000 0.500000
vt 0.625000 0.500000
vt 0.625000 0.500000
vt 0.625000 0.500000
vt 0.625000 0.500000
vt 0.625000 0.500000
vt 0.625000 0.500000
vt 0.625000 0.500000
vt 0.625000 0.500000
vt 0.625000 0.500000
vt 0.625000 0.500000
vt 0.625000 0.500000
vt 0.625000 0.500000
vt 0.625000 0.500000
vt 0.625000 0.500000
vt 0.625000 0.500000
vt 0.625000 0.500000
vt 0.625000 0.500000
vt 0.625000 0.500000
vt 0.625000 0.500000
vt 0.625000 0.500000
vt 0.625000 0.500000
vt 0.625000 0.500000
vt 0.625000 0.500000
vt 0.625000 0.500000
vt 0.625000 0.500000
vt 0.625000 0.500000
vt 0.625000 0.500000
vt 0.625000 0.500000
vt 0.625000 0.500000
vt 0.625000 0.500000
vt 0.625000 0.500000
vt 0.625000 0.500000
vt 0.625000 0.500000
vt 0.625000 0.500000
vt 0.625000 0.500000
vt 0.625000 0.500000
vt 0.625000 0.500000
vt 0.625000 0.500000
vt 0.625000 0.500000
vt 0.625000 0.500000
vt 0.625000 0.500000
vt 0.625000 0.500000
vt 0.625000 0.500000
vt 0.625000 0.500000
vt 0.625000 0.500000
vt 0.625000 0.500000
vt 0.625000 0.500000
vt 0.625000 0.500000
vt 0.625000 0.500000
vt 0.625000 0.500000
vt 0.625000 0.500000
vt 0.625000 0.500000
vt 0.625000 0.500000
vt 0.625000 0.500000
vt 0.625000 0.500000
vt 0.625000 0.500000
vt 0.625000 0.500000
vt 0.625000 0.500000
vt 0.625000 0.500000
vt 0.625000 0.500000
vt 0.625000 0.500000
vt 0.625000 0.500000
vt 0.625000 0.500000
vt 0.625000 0.500000
vt 0.625000 0.500000
vt 0.625000 0.500000
vt 0.625000 0.500000
vt 0.625000 0.500000
vt 0.625000 0.500000
vt 0.625000 0.500000
vt 0.625000 0.500000
vt 0.625000 0.500000
vt 0.625000 0.500000
vt 0.625000 0.500000
vt 0.625000 0.500000
vt 0.625000 0.500000
vt 0.625000 0.500000
vt 0.625000 0.500000
vt 0.625000 0.500000
vt 0.625000 0.500000
vt 0.625000 0.500000
vt 0.625000 0.500000
vt 0.625000 0.500000
vt 0.625000 0.500000
vt 0.625000 0.500000
vt 0.625000 0.500000
vt 0.625000 0.500000
vt 0.625000 0.500000
vt 0.625000 0.500000
vt 0.625000 0.500000
vt 0.625000 0.500000
vt 0.625000 0.500000
vt 0.625000 0.500000
vt 0.625000 0.500000
vt 0.625000 0.500000
vt 0.625000 0.500000
vt 0.625000 0.500000
vt 0.625000 0.500000
vt 0.625000 0.500000
vt 0.625000 0.500000
vt 0.625000 0.500000
vt 0.625000 0.500000
vt 0.625000 0.500000
vt 0.625000 0.500000
vt 0.625000 0.500000
vt 0.625000 0.500000
vt 0.625000 0.500000
vt 0.625000 0.500000
vt 0.625000 0.500000
vt 0.625000 0.500000
vt 0.625000 0.500000
vt 0.625000 0.500000
vt 0.625000 0.500000
vt 0.625000 0.500000
vt 0.625000 0.500000
vt 0.625000 0.500000
vt 0.625000 0.500000
vt 0.625000 0.500000
vt 0.625000 0.500000
vt 0.625000 0.500000
vt 0.625000 0.500000
vt 0.625000 0.500000
vt 0.625000 0.500000
vt 0.625000 0.500000
vt 0.625000 0.500000
vt 0.625000 0.500000
vt 0.625000 0.500000
vt 0.625000 0.500000
vt 0.625000 0.500000
vt 0.625000 0.500000
vt 0.625000 0.500000
vt 0.625000 0.500000
vt 0.625000 0.500000
vt 0.625000 0.500000
vt 0.625000 0.500000
vt 0.625000 0.500000
vt 0.625000 0.500000
vt 0.625000 0.500000
vt 0.625000 0.500000
vt 0.625000 0.500000
vt 0.625000 0.500000
vt 0.625000 0.500000
vt 0.625000 0.500000
vt 0.625000 0.500000
vt 0.625000 0.500000
vt 0.625000 0.500000
vt 0.625000 0.500000
vt 0.625000 0.500000
vt 0.625000 0.500000
vt 0.625000 0.500000
vt 0.625000 0.500000
vt 0.625000 0.500000
vt 0.625000 0.500000
vt 0.625000 0.500000
vt 0.625000 0.500000
vt 0.625000 0.500000
vt 0.625000 0.500000
vt 0.625000 0.500000
vt 0.625000 0.500000
vt 0.625000 0.500000
vt 0.625000 0.500000
vt 0.625000 0.500000
vt 0.625000 0.500000
vt 0.625000 0.500000
vt 0.625000 0.500000
vt 0.625000 0.500000
vt 0.625000 0.500000
vt 0.625000 0.500000
vt 0.625000 0.500000
vt 0.625000 0.500000
vt 0.625000 0.500000
vt 0.625000 0.500000
vt 0.625000 0.500000
vt 0.625000 0.500000
vt 0.625000 0.500000
vt 0.625000 0.500000
vt 0.625000 0.500000
vt 0.625000 0.500000
vt 0.625000 0.500000
vt 0.625000 0.500000
vt 0.625000 0.500000
vt 0.625000 0.500000
vt 0.625000 0.500000
vt 0.625000 0.500000
vt 0.625000 0.500000
vt 0.625000 0.500000
vt 0.625000 0.500000
vt 0.625000 0.500000
vt 0.625000 0.500000
vt 0.625000 0.500000
vt 0.625000 0.500000
vt 0.625000 0.500000
vt 0.625000 0.500000
vt 0.625000 0.500000
vt 0.625000 0.500000
vt 0.625000 0.500000
vt 0.625000 0.500000
vt 0.625000 0.500000
vt 0.625000 0.500000
vt 0.625000 0.500000
vt 0.625000 0.500000
vt 0.625000 0.500000
vt 0.625000 0.500000
vt 0.625000 0.500000
vt 0.625000 0.500000
vt 0.625000 0.500000
vt 0.625000 0.500000
vt 0.625000 0.500000
vt 0.625000 0.500000
vt 0.625000 0.500000
vt 0.625000 0.500000
vt 0.625000 0.500000
vt 0.625000 0.500000
vt 0.625000 0.500000
vt 0.625000 0.500000
vt 0.625000 0.500000
vt 0.625000 0.500000
vt 0.625000 0.500000
vt 0.625000 0.500000
vt 0.625000 0.500000
vt 0.625000 0.500000
vt 0.625000 0.500000
vt 0.625000 0.500000
vt 0.625000 0.500000
vt 0.625000 0.500000
vt 0.625000 0.500000
vt 0.625000 0.500000
vt 0.625000 0.500000
vt 0.625000 0.500000
vt 0.625000 0.500000
vt 0.625000 0.500000
vt 0.625000 0.500000
vt 0.625000 0.500000
vt 0.625000 0.500000
vt 0.625000 0.500000
vt 0.625000 0.500000
vt 0.625000 0.500000
vt 0.625000 0.500000
vt 0.625000 0.500000
vt 0.625000 0.500000
vt 0.625000 0.500000
vt 0.625000 0.500000
vt 0.625000 0.500000
vt 0.625000 0.500000
vt 0.625000 0.500000
vt 0.625000 0.500000
vt 0.625000 0.500000
vt 0.625000 0.500000
vt 0.625000 0.500000
vt 0.625000 0.500000
vt 0.625000 0.500000
vt 0.625000 0.500000
vt 0.625000 0.500000
vt 0.625000 0.500000
vt 0.625000 0.500000
vt 0.625000 0.500000
vt 0.625000 0.500000
vt 0.625000 0.500000
vt 0.625000 0.500000
vt 0.625000 0.500000
vt 0.625000 0.500000
vt 0.625000 0.500000
vt 0.625000 0.500000
vt 0.625000 0.500000
vt 0.625000 0.500000
vt 0.625000 0.500000
vt 0.625000 0.500000
vt 0.625000 0.500000
vt 0.625000 0.500000
vt 0.625000 0.500000
vt 0.625000 0.500000
vt 0.625000 0.500000
vt 0.625000 0.500000
vt 0.625000 0.500000
vt 0.625000 0.500000
vt 0.625000 0.500000
vt 0.625000 0.500000
vt 0.625000 0.500000
vt 0.625000 0.500000
vt 0.625000 0.500000
vt 0.625000 0.500000
vt 0.625000 0.500000
vt 0.625000 0.500000
vt 0.625000 0.500000
vt 0.625000 0.500000
vt 0.625000 0.500000
vt 0.625000 0.500000
vt 0.625000 0.500000
vt 0.625000 0.500000
vt 0.625000 0.500000
vt 0.625000 0.500000
vt 0.625000 0.500000
vt 0.625000 0.500000
vt 0.625000 0.500000
vt 0.625000 0.500000
vt 0.625000 0.500000
vt 0.625000 0.500000
vt 0.625000 0.500000
vt 0.625000 0.500000
vt 0.625000 0.500000
vt 0.625000 0.500000
vt 0.625000 0.500000
vt 0.625000 0.500000
vt 0.625000 0.500000
vt 0.625000 0.500000
vt 0.625000 0.500000
vt 0.625000 0.500000
vt 0.625000 0.500000
vt 0.625000 0.500000
vt 0.625000 0.500000
vt 0.625000 0.500000
vt 0.625000 0.500000
vt 0.625000 0.500000
vt 0.625000 0.500000
vt 0.625000 0.500000
vt 0.625000 0.500000
vt 0.625000 0.500000
vt 0.625000 0.500000
vt 0.625000 0.500000
vt 0.625000 0.500000
vt 0.625000 0.500000
vt 0.625000 0.500000
vt 0.625000 0.500000
vt 0.625000 0.500000
vt 0.625000 0.500000
vt 0.625000 0.500000
vt 0.625000 0.500000
vt 0.625000 0.500000
vt 0.625000 0.500000
vt 0.625000 0.500000
vt 0.625000 0.500000
vt 0.625000 0.500000
vt 0.625000 0.500000
vt 0.625000 0.500000
vt 0.625000 0.500000
vt 0.625000 0.500000
vt 0.625000 0.500000
vt 0.625000 0.500000
vt 0.625000 0.500000
vt 0.625000 0.500000
vt 0.625000 0.500000
vt 0.625000 0.500000
vt 0.625000 0.500000
vt 0.625000 0.500000
vt 0.625000 0.500000
vt 0.625000 0.500000
vt 0.625000 0.500000
vt 0.625000 0.500000
vt 0.625000 0.500000
vt 0.625000 0.500000
vt 0.625000 0.500000
vt 0.625000 0.500000
vt 0.625000 0.500000
vt 0.625000 0.500000
vt 0.625000 0.500000
vt 0.625000 0.500000
vt 0.625000 0.500000
vt 0.625000 0.500000
vt 0.625000 0.500000
vt 0.625000 0.500000
vt 0.625000 0.500000
vt 0.625000 0.500000
vt 0.625000 0.500000
vt 0.625000 0.500000
vt 0.625000 0.500000
vt 0.625000 0.500000
vt 0.625000 0.500000
vt 0.625000 0.500000
vt 0.625000 0.500000
vt 0.625000 0.500000
vt 0.625000 0.500000
vt 0.625000 0.500000
vt 0.625000 0.500000
vt 0.625000 0.500000
vt 0.625000 0.500000
vt 0.625000 0.500000
vt 0.625000 0.500000
vt 0.625000 0.500000
vt 0.625000 0.500000
vt 0.625000 0.500000
vt 0.625000 0.500000
vt 0.625000 0.500000
vt 0.625000 0.500000
vt 0.625000 0.500000
vt 0.625000 0.500000
vt 0.625000 0.500000
vt 0.625000 0.500000
vt 0.625000 0.500000
vt 0.625000 0.500000
vt 0.625000 0.500000
vt 0.625000 0.500000
vt 0.625000 0.500000
vt 0.625000 0.500000
vt 0.625000 0.500000
vt 0.625000 0.500000
vt 0.625000 0.500000
vt 0.625000 0.500000
vt 0.625000 0.500000
vt 0.625000 0.500000
vt 0.625000 0.500000
vt 0.625000 0.500000
vt 0.625000 0.500000
vt 0.625000 0.500000
vt 0.625000 0.500000
vt 0.625000 0.500000
vt 0.625000 0.500000
vt 0.625000 0.500000
vt 0.625000 0.500000
vt 0.625000 0.500000
vt 0.625000 0.500000
vt 0.625000 0.500000
vt 0.625000 0.500000
vt 0.625000 0.500000
vt 0.625000 0.500000
vt 0.625000 0.500000
vt 0.625000 0.500000
vt 0.625000 0.500000
vt 0.625000 0.500000
vt 0.625000 0.500000
vt 0.625000 0.500000
vt 0.625000 0.500000
vt 0.625000 0.500000
vt 0.625000 0.500000
vt 0.625000 0.500000
vt 0.625000 0.500000
vt 0.625000 0.500000
vt 0.625000 0.500000
vt 0.625000 0.500000
vt 0.625000 0.500000
vt 0.625000 0.500000
vt 0.625000 0.500000
vt 0.625000 0.500000
vt 0.625000 0.500000
vt 0.625000 0.500000
vt 0.625000 0.500000
vt 0.625000 0.500000
vt 0.625000 0.500000
vt 0.625000 0.500000
vt 0.625000 0.500000
vt 0.625000 0.500000
vt 0.625000 0.500000
vt 0.625000 0.500000
vt 0.625000 0.500000
vt 0.625000 0.500000
vt 0.625000 0.500000
vt 0.625000 0.500000
vt 0.625000 0.500000
vt 0.625000 0.500000
vt 0.625000 0.500000
vt 0.625000 0.500000
vt 0.625000 0.500000
vt 0.625000 0.500000
vt 0.625000 0.500000
vt 0.625000 0.500000
vt 0.625000 0.500000
vt 0.625000 0.500000
vt 0.625000 0.500000
vt 0.625000 0.500000
vt 0.625000 0.500000
vt 0.625000 0.500000
vt 0.625000 0.500000
vt 0.625000 0.500000
vt 0.625000 0.500000
vt 0.625000 0.500000
vt 0.625000 0.500000
vt 0.625000 0.500000
vt 0.625000 0.500000
vt 0.625000 0.500000
vt 0.625000 0.500000
vt 0.625000 0.500000
vt 0.625000 0.500000
vt 0.625000 0.500000
vt 0.625000 0.500000
vt 0.625000 0.500000
vt 0.625000 0.500000
vt 0.625000 0.500000
vt 0.625000 0.500000
vt 0.625000 0.500000
vt 0.625000 0.500000
vt 0.625000 0.500000
vt 0.625000 0.500000
vt 0.625000 0.500000
vt 0.625000 0.500000
vt 0.625000 0.500000
vt 0.625000 0.500000
vt 0.625000 0.500000
vt 0.625000 0.500000
vt 0.625000 0.500000
vt 0.625000 0.500000
vt 0.625000 0.500000
vt 0.625000 0.500000
vt 0.625000 0.500000
vt 0.625000 0.500000
vt 0.625000 0.500000
vt 0.625000 0.500000
vt 0.625000 0.500000
vt 0.625000 0.500000
vt 0.625000 0.500000
vt 0.625000 0.500000
vt 0.625000 0.500000
vt 0.625000 0.500000
vt 0.625000 0.500000
vt 0.625000 0.500000
vt 0.625000 0.500000
vt 0.625000 0.500000
vt 0.625000 0.500000
vt 0.625000 0.500000
vt 0.625000 0.500000
vt 0.625000 0.500000
vt 0.625000 0.500000
vt 0.625000 0.500000
vt 0.625000 0.500000
vt 0.625000 0.500000
vt 0.625000 0.500000
vt 0.625000 0.500000
vt 0.625000 0.500000
vt 0.625000 0.500000
vt 0.625000 0.500000
vt 0.625000 0.500000
vt 0.625000 0.500000
vt 0.625000 0.500000
vt 0.625000 0.500000
vt 0.625000 0.500000
vt 0.625000 0.500000
vt 0.625000 0.500000
vt 0.625000 0.500000
vt 0.625000 0.500000
vt 0.625000 0.500000
vt 0.625000 0.500000
vt 0.625000 0.500000
vt 0.625000 0.500000
vt 0.625000 0.500000
vt 0.625000 0.500000
vt 0.625000 0.500000
vt 0.625000 0.500000
vt 0.625000 0.500000
vt 0.625000 0.500000
vt 0.625000 0.500000
vt 0.625000 0.500000
vt 0.625000 0.500000
vt 0.625000 0.500000
vt 0.625000 0.500000
vt 0.625000 0.500000
vt 0.625000 0.500000
vt 0.625000 0.500000
vt 0.625000 0.500000
vt 0.625000 0.500000
vt 0.625000 0.500000
vt 0.625000 0.500000
vt 0.625000 0.500000
vt 0.625000 0.500000
vt 0.625000 0.500000
vt 0.625000 0.500000
vt 0.625000 0.500000
vt 0.625000 0.500000
vt 0.625000 0.500000
vt 0.625000 0.500000
vt 0.625000 0.500000
vt 0.625000 0.500000
vt 0.625000 0.500000
vt 0.625000 0.500000
vt 0.625000 0.500000
vt 0.625000 0.500000
vt 0.625000 0.500000
vt 0.625000 0.500000
vt 0.625000 0.500000
vt 0.625000 0.500000
vt 0.625000 0.500000
vt 0.625000 0.500000
vt 0.625000 0.500000
vt 0.625000 0.500000
vt 0.625000 0.500000
vt 0.625000 0.500000
vt 0.625000 0.500000
vt 0.625000 0.500000
vt 0.625000 0.500000
vt 0.625000 0.500000
vt 0.625000 0.500000
vt 0.625000 0.500000
vt 0.625000 0.500000
vt 0.625000 0.500000
vt 0.625000 0.500000
vt 0.625000 0.500000
vt 0.625000 0.500000
vt 0.625000 0.500000
vt 0.625000 0.500000
vt 0.625000 0.500000
vt 0.625000 0.500000
vt 0.625000 0.500000
vt 0.625000 0.500000
vt 0.625000 0.500000
vt 0.625000 0.500000
vt 0.625000 0.500000
vt 0.625000 0.500000
vt 0.625000 0.500000
vt 0.625000 0.500000
vt 0.625000 0.500000
vt 0.625000 0.500000
vt 0.625000 0.500000
vt 0.625000 0.500000
vt 0.625000 0.500000
vt 0.625000 0.500000
vt 0.625000 0.500000
vt 0.625000 0.500000
vt 0.625000 0.500000
vt 0.625000 0.500000
vt 0.625000 0.500000
vt 0.625000 0.500000
vt 0.625000 0.500000
vt 0.625000 0.500000
vt 0.625000 0.500000
vt 0.625000 0.500000
vt 0.625000 0.500000
vt 0.625000 0.500000
vt 0.625000 0.500000
vt 0.625000 0.500000
vt 0.625000 0.500000
vt 0.625000 0.500000
vt 0.625000 0.500000
vt 0.625000 0.500000
vt 0.625000 0.500000
vt 0.625000 0.500000
vt 0.625000 0.500000
vt 0.625000 0.500000
vt 0.625000 0.500000
vt 0.625000 0.500000
vt 0.625000 0.500000
vt 0.625000 0.500000
vt 0.625000 0.500000
vt 0.625000 0.500000
vt 0.625000 0.500000
vt 0.625000 0.500000
vt 0.625000 0.500000
vt 0.625000 0.500000
vt 0.625000 0.500000
vt 0.625000 0.500000
vt 0.625000 0.500000
vt 0.625000 0.500000
vt 0.625000 0.500000
vt 0.625000 0.500000
vt 0.625000 0.500000
vt 0.625000 0.500000
vt 0.625000 0.500000
vt 0.625000 0.500000
vt 0.625000 0.500000
vt 0.625000 0.500000
vt 0.625000 0.500000
vt 0.625000 0.500000
vt 0.625000 0.500000
vt 0.625000 0.500000
vt 0.625000 0.500000
vt 0.625000 0.500000
vt 0.625000 0.500000
vt 0.625000 0.500000
vt 0.625000 0.500000
vt 0.625000 0.500000
vt 0.625000 0.500000
vt 0.625000 0.500000
vt 0.625000 0.500000
vt 0.625000 0.500000
vt 0.625000 0.500000
vt 0.625000 0.500000
vt 0.625000 0.500000
vt 0.625000 0.500000
vt 0.625000 0.500000
vt 0.625000 0.500000
vt 0.625000 0.500000
vt 0.625000 0.500000
vt 0.625000 0.500000
vt 0.625000 0.500000
vt 0.625000 0.500000
vt 0.625000 0.500000
vt 0.625000 0.500000
vt 0.625000 0.500000
vt 0.625000 0.500000
vt 0.625000 0.500000
vt 0.625000 0.500000
vt 0.625000 0.500000
vt 0.625000 0.500000
vt 0.625000 0.500000
vt 0.625000 0.500000
vt 0.625000 0.500000
vt 0.625000 0.500000
vt 0.625000 0.500000
vt 0.625000 0.500000
vt 0.625000 0.500000
vt 0.625000 0.500000
vt 0.625000 0.500000
vt 0.625000 0.500000
vt 0.625000 0.500000
vt 0.625000 0.500000
vt 0.625000 0.500000
vt 0.625000 0.500000
vt 0.625000 0.500000
vt 0.625000 0.500000
vt 0.625000 0.500000
vt 0.625000 0.500000
vt 0.625000 0.500000
vt 0.625000 0.500000
vt 0.625000 0.500000
vt 0.625000 0.500000
vt 0.625000 0.500000
vt 0.625000 0.500000
vt 0.625000 0.500000
vt 0.625000 0.500000
vt 0.625000 0.500000
vt 0.625000 0.500000
vt 0.625000 0.500000
vt 0.625000 0.500000
vt 0.625000 0.500000
vt 0.625000 0.500000
vt 0.625000 0.500000
vt 0.625000 0.500000
vt 0.625000 0.500000
vt 0.625000 0.500000
vt 0.625000 0.500000
vt 0.625000 0.500000
vt 0.625000 0.500000
vt 0.625000 0.500000
vt 0.625000 0.500000
vt 0.625000 0.500000
vt 0.625000 0.500000
vt 0.625000 0.500000
vt 0.625000 0.500000
vt 0.625000 0.500000
vt 0.625000 0.500000
vt 0.625000 0.500000
vt 0.625000 0.500000
vt 0.625000 0.500000
vt 0.625000 0.500000
vt 0.625000 0.500000
vt 0.625000 0.500000
vt 0.625000 0.500000
vt 0.625000 0.500000
vt 0.625000 0.500000
vt 0.625000 0.500000
vt 0.625000 0.500000
vt 0.625000 0.500000
vt 0.625000 0.500000
vt 0.625000 0.500000
vt 0.625000 0.500000
vt 0.625000 0.500000
vt 0.625000 0.500000
vt 0.625000 0.500000
vt 0.625000 0.500000
vt 0.625000 0.500000
vt 0.625000 0.500000
vt 0.625000 0.500000
vt 0.625000 0.500000
vt 0.625000 0.500000
vt 0.625000 0.500000
vt 0.625000 0.500000
vt 0.625000 0.500000
vt 0.625000 0.500000
vt 0.625000 0.500000
vt 0.625000 0.500000
vt 0.625000 0.500000
vt 0.625000 0.500000
vt 0.625000 0.500000
vt 0.625000 0.500000
vt 0.625000 0.500000
vt 0.625000 0.500000
vt 0.625000 0.500000
vt 0.625000 0.500000
vt 0.625000 0.500000
vt 0.625000 0.500000
vt 0.625000 0.500000
vt 0.625000 0.500000
vt 0.625000 0.500000
vt 0.625000 0.500000
vt 0.625000 0.500000
vt 0.625000 0.500000
vt 0.625000 0.500000
vt 0.625000 0.500000
vt 0.625000 0.500000
vt 0.625000 0.500000
vt 0.625000 0.500000
vt 0.625000 0.500000
vt 0.625000 0.500000
vt 0.625000 0.500000
vt 0.625000 0.500000
vt 0.625000 0.500000
vt 0.625000 0.500000
vt 0.625000 0.500000
vt 0.625000 0.500000
vt 0.625000 0.500000
vt 0.625000 0.500000
vt 0.625000 0.500000
vt 0.625000 0.500000
vt 0.625000 0.500000
vt 0.625000 0.500000
vt 0.625000 0.500000
vt 0.625000 0.500000
vt 0.625000 0.500000
vt 0.625000 0.500000
vt 0.625000 0.500000
vt 0.625000 0.500000
vt 0.625000 0.500000
vt 0.625000 0.500000
vt 0.625000 0.500000
vt 0.625000 0.500000
vt 0.625000 0.500000
vt 0.625000 0.500000
vt 0.625000 0.500000
vt 0.625000 0.500000
vt 0.625000 0.500000
vt 0.625000 0.500000
vt 0.625000 0.500000
vt 0.625000 0.500000
vt 0.625000 0.500000
vt 0.625000 0.500000
vt 0.625000 0.500000
vt 0.625000 0.500000
vt 0.625000 0.500000
vt 0.625000 0.500000
vt 0.625000 0.500000
vt 0.625000 0.500000
vt 0.625000 0.500000
vt 0.625000 0.500000
vt 0.625000 0.500000
vt 0.625000 0.500000
vt 0.625000 0.500000
vt 0.625000 0.500000
vt 0.625000 0.500000
vt 0.625000 0.500000
vt 0.625000 0.500000
vt 0.625000 0.500000
vt 0.625000 0.500000
vt 0.625000 0.500000
vt 0.625000 0.500000
vt 0.625000 0.500000
vt 0.625000 0.500000
vt 0.625000 0.500000
vt 0.625000 0.500000
vt 0.625000 0.500000
vt 0.625000 0.500000
vt 0.625000 0.500000
vt 0.625000 0.500000
vt 0.625000 0.500000
vt 0.625000 0.500000
vt 0.625000 0.500000
vt 0.625000 0.500000
vt 0.625000 0.500000
vt 0.625000 0.500000
vt 0.625000 0.500000
vt 0.625000 0.500000
vt 0.625000 0.500000
vt 0.625000 0.500000
vt 0.625000 0.500000
vt 0.625000 0.500000
vt 0.625000 0.500000
vt 0.625000 0.500000
vt 0.625000 0.500000
vt 0.625000 0.500000
vt 0.625000 0.500000
vt 0.625000 0.500000
vt 0.625000 0.500000
vt 0.625000 0.500000
vt 0.625000 0.500000
vt 0.625000 0.500000
vt 0.625000 0.500000
vt 0.625000 0.500000
vt 0.625000 0.500000
vt 0.625000 0.500000
vt 0.625000 0.500000
vt 0.625000 0.500000
vt 0.625000 0.500000
vt 0.625000 0.500000
vt 0.625000 0.500000
vt 0.625000 0.500000
vt 0.625000 0.500000
vt 0.625000 0.500000
vt 0.625000 0.500000
vt 0.625000 0.500000
vt 0.625000 0.500000
vt 0.625000 0.500000
vt 0.625000 0.500000
vt 0.625000 0.500000
vt 0.625000 0.500000
vt 0.625000 0.500000
vt 0.625000 0.500000
vt 0.625000 0.500000
vt 0.625000 0.500000
vt 0.625000 0.500000
vt 0.625000 0.500000
vt 0.625000 0.500000
vt 0.625000 0.500000
vn -0.0000 -1.0000 -0.0000
vn -0.8681 0.0022 -0.4964
vn -0.8687 0.0013 -0.4953
vn -0.8679 0.0023 -0.4967
vn -0.7430 -0.0253 -0.6688
vn -0.8689 0.0010 -0.4950
vn -0.8012 0.0089 -0.5983
vn -0.9415 -0.0083 -0.3370
vn -0.9397 -0.0045 -0.3420
vn -0.9417 -0.0087 -0.3363
vn -0.9395 -0.0040 -0.3426
vn 0.0000 1.0000 0.0000
vn -0.2959 0.0014 0.9552
vn -0.2250 -0.0857 0.9706
vn -0.0386 0.0004 0.9993
vn -0.0387 0.0003 0.9992
vn -0.0384 0.0006 0.9993
vn 0.7056 -0.0002 0.7086
vn 0.7054 -0.0001 0.7088
vn 0.7053 0.0000 0.7089
vn -0.0082 -1.0000 0.0014
vn -0.0113 -0.9999 0.0084
vn -0.0069 -1.0000 -0.0015
vn 0.0072 -1.0000 -0.0053
vn 0.0088 -1.0000 -0.0012
vn 0.0002 -1.0000 -0.0015
vn 0.7982 0.0004 0.6024
vn 0.7978 0.0001 0.6029
vn 0.7997 0.0018 0.6004
vn -0.0090 -0.9999 -0.0046
vn -0.0116 -0.9999 0.0002
vn -0.0091 -0.9999 -0.0049
vn 0.8755 -0.2649 0.4042
vn -0.0125 -0.9999 0.0110
vn 0.0133 -0.9999 0.0007
vn 0.0086 -0.9999 -0.0096
vn 0.0123 -0.9999 0.0016
vn 0.0099 -1.0000 0.0000
vn 0.5866 -0.8099 0.0000
vn -0.5278 0.0298 0.8488
vn 0.2919 -0.5796 0.7608
vn 0.9729 -0.0496 -0.2260
vn 0.0097 -0.8318 0.5551
vn 0.5661 -0.5956 0.5698
vn 0.0000 -0.8986 0.4388
vn 0.0000 -0.9953 0.0971
vn -0.4441 -0.7907 0.4215
vn -0.0917 -0.9916 0.0912
vn -0.3647 -0.8577 0.3626
vn -0.9149 -0.0424 -0.4014
vn -0.5814 -0.6640 0.4702
vn 0.1014 -0.4882 0.8668
vn -0.4532 -0.8914 0.0000
vn -0.4783 -0.8782 0.0000
vn -0.4796 -0.8735 0.0837
vn -0.0922 -0.9957 0.0000
vn 0.0055 -0.7899 -0.6133
vn 0.0000 -0.9950 -0.0995
vn 0.0000 -0.8208 -0.5712
vn -0.6418 -0.7640 0.0665
vn 0.0000 -0.7928 -0.6095
vn -0.0724 -0.8215 -0.5655
vn -0.3881 -0.8369 0.3859
vn 0.3526 -0.7458 -0.5651
vn 0.0000 -0.8574 0.5147
vn 0.0000 -0.8661 -0.4999
vn 0.0001 -1.0000 -0.0003
vn -0.4730 -0.8810 0.0000
vn 0.0000 -1.0000 -0.0001
vn 0.0002 -1.0000 -0.0006
vn -0.4380 -0.8932 -0.1020
vn -0.4539 -0.8901 -0.0416
vn -0.0284 -0.7499 -0.6609
vn -0.0424 0.0159 -0.9990
vn -0.0426 0.0167 -0.9990
vn -0.0421 0.0146 -0.9990
vn -0.9882 0.0090 -0.1528
vn -0.9910 -0.0052 -0.1340
vn -0.9971 -0.0066 0.0764
vn -0.9983 0.0081 0.0577
vn -0.9639 -0.0048 0.2662
vn -0.9644 -0.0062 0.2643
vn -0.9645 -0.0066 0.2641
vn -0.8056 -0.0049 0.5924
vn -0.7428 0.0230 0.6691
vn -0.6383 0.0051 0.7698
vn -0.6329 0.0001 0.7742
vn -0.6337 0.0008 0.7736
vn -0.6388 0.0057 0.7694
vn -0.9638 -0.0047 0.2665
vn -0.8966 0.0010 0.4428
vn -0.8595 0.0474 0.5089
vn -0.5449 0.7791 -0.3100
vn -0.5587 0.7887 -0.2567
vn -0.5898 0.7784 -0.2148
vn -0.4957 0.7852 -0.3711
vn -0.9451 0.1994 0.2588
vn -0.9094 0.0035 -0.4160
vn -0.9145 -0.0480 -0.4018
vn -0.6537 0.0366 -0.7559
vn -0.4216 0.7740 -0.4725
vn 0.2651 0.0010 -0.9642
vn -0.5130 0.7183 -0.4700
vn -0.6059 0.7879 -0.1098
vn -0.6215 0.7788 -0.0847
vn -0.9841 0.0037 -0.1775
vn -0.9841 0.0043 -0.1776
vn -0.9841 0.0046 -0.1777
vn -0.9841 0.0035 -0.1774
vn -0.6207 0.7832 0.0370
vn -0.6236 0.7805 0.0438
vn -0.6233 0.7808 0.0428
vn -0.6202 0.7836 0.0363
vn -0.9974 0.0039 0.0724
vn -0.9973 0.0023 0.0728
vn -0.9973 0.0016 0.0730
vn -0.9974 0.0046 0.0722
vn -0.5986 0.7693 0.2230
vn -0.5859 0.7927 0.1685
vn -0.9385 -0.0044 0.3453
vn -0.9392 0.0029 0.3434
vn -0.9394 0.0060 0.3426
vn -0.9382 -0.0075 0.3461
vn -0.5513 0.7694 0.3228
vn -0.7148 0.6746 0.1841
vn -0.8471 0.0059 0.5313
vn -0.0292 -0.9993 0.0243
vn 0.0202 0.9996 -0.0182
vn -0.0002 1.0000 0.0002
vn -0.4513 0.7647 0.4599
vn 0.1505 0.0935 0.9842
vn -0.8195 0.4439 -0.3626
vn -0.5606 -0.0281 -0.8276
vn -0.5135 0.0047 0.8581
vn -0.4903 -0.0026 -0.8715
vn -0.4603 0.0348 0.8871
vn -0.3803 0.7846 -0.4897
vn -0.4572 0.0019 -0.8893
vn -0.5643 0.1000 -0.8195
vn -0.4420 0.2854 -0.8504
vn -0.6576 0.7377 -0.1531
vn -0.6636 0.6653 0.3420
vn -0.2911 0.7743 0.5619
vn 0.4202 0.0047 0.9074
vn -0.3459 0.7054 0.6186
vn -0.6732 0.1678 0.7202
vn -0.0178 0.9998 0.0000
vn -0.0013 1.0000 -0.0068
vn -0.0032 1.0000 0.0035
vn 0.0000 -0.9999 -0.0171
vn -0.5090 0.6569 0.5563
vn 0.0000 0.6971 -0.7170
vn -0.9394 0.0457 -0.3398
vn -0.9995 0.0000 -0.0304
vn -0.9917 0.0546 -0.1162
vn -0.7705 0.6374 0.0000
vn -0.1312 0.7221 -0.6792
vn -0.9132 0.0000 0.4076
vn 0.1324 0.0000 -0.9912
vn -0.8841 0.4031 -0.2365
vn -0.3125 0.2351 -0.9204
vn -0.6501 0.7508 -0.1172
vn -0.6417 0.7475 -0.1719
vn -0.7597 0.6479 0.0550
vn -0.9659 -0.0000 -0.2589
vn -0.9659 0.0000 -0.2588
vn -0.7496 0.6557 -0.0908
vn -0.8681 0.3793 0.3202
vn -0.9927 0.0000 -0.1202
vn -0.8314 0.3342 0.4440
vn -0.8149 0.2734 0.5111
vn -0.8821 0.0000 0.4711
vn -0.4660 0.2634 0.8447
vn -0.4706 0.2593 0.8434
vn -0.4715 0.2584 0.8432
vn -0.4650 0.2644 0.8449
vn -0.4821 0.0000 0.8761
vn -0.9011 0.0150 -0.4333
vn -0.9081 0.0000 -0.4186
vn -0.9837 -0.0000 -0.1795
vn -0.9975 0.0000 0.0705
vn -0.9396 0.0000 0.3422
vn -0.8388 0.0078 0.5444
vn -0.8368 0.0041 0.5475
vn -0.8390 0.0082 0.5441
vn -0.8346 0.0000 0.5509
vn -0.6372 -0.0373 0.7698
vn -0.4887 0.0000 0.8725
vn -0.5446 0.0362 0.8379
vn -0.2794 0.0000 0.9602
vn -0.0515 0.0000 0.9987
vn 0.2086 0.0000 0.9780
vn 0.4398 -0.0169 0.8979
vn 0.4141 0.0000 0.9102
vn -0.0001 -1.0000 -0.0000
vn 0.5927 0.0317 0.8048
vn 0.0005 -1.0000 0.0008
vn 0.6824 -0.0306 0.7303
vn 0.0014 -1.0000 0.0007
vn 0.0023 -1.0000 0.0010
vn 0.8245 0.0001 0.5659
vn 0.8110 0.0164 0.5848
vn 0.0028 -1.0000 0.0011
vn 0.9289 -0.0001 0.3702
vn 0.9289 0.0000 0.3703
vn 0.9290 -0.0002 0.3701
vn -0.0857 -0.9963 -0.0070
vn -0.0266 0.0000 0.9996
vn -0.0943 0.1945 0.9764
vn -0.0008 -1.0000 0.0000
vn -0.0022 0.1613 0.9869
vn 0.3390 -0.1689 0.9255
vn 0.1423 -0.9898 0.0000
vn -0.1909 0.1663 0.9674
vn -0.0205 0.0275 0.9994
vn 0.0000 -0.9890 0.1481
vn 1.0000 0.0000 0.0000
vn 0.9989 0.0000 0.0474
vn 0.9910 0.1078 -0.0797
vn 0.0000 0.0000 1.0000
vn 0.0000 -0.1105 0.9939
vn -0.1332 0.0000 0.9911
vn -0.1004 -0.9899 0.0998
vn -0.9986 -0.0341 0.0396
vn -0.9999 0.0085 -0.0099
vn -0.9764 -0.2162 0.0000
vn -0.9853 -0.1224 -0.1193
vn 0.0328 -0.0182 0.9993
vn -0.0009 -0.0594 -0.9982
vn 0.0001 -1.0000 0.0001
vn -0.0952 0.0012 -0.9955
vn -0.9995 0.0299 0.0031
vn -0.9997 -0.0015 0.0226
vn -0.9845 -0.1753 0.0000
vn -0.9760 0.0049 -0.2176
vn -0.9773 -0.1710 -0.1249
vn -0.9769 -0.1506 -0.1516
vn -0.5392 -0.0004 -0.8422
vn -0.5390 -0.0002 -0.8423
vn -0.5399 -0.0009 -0.8417
vn -0.9245 -0.0358 -0.3795
vn -0.9234 0.0000 -0.3838
vn -0.9517 -0.1477 -0.2690
vn -0.5387 0.0000 -0.8425
vn -0.7278 -0.0149 -0.6856
vn -0.7151 0.0007 -0.6990
vn -0.0934 0.9956 0.0089
vn -0.0001 1.0000 0.0001
vn -0.0181 0.9953 -0.0955
vn -0.0001 1.0000 -0.0002
vn -0.0001 1.0000 -0.0003
vn -0.0000 1.0000 -0.0001
vn -0.4773 0.8788 0.0000
vn 0.0039 0.7962 -0.6050
vn -0.4482 0.8939 0.0000
vn -0.4792 0.8725 0.0956
vn -0.3651 0.8573 0.3630
vn -0.0917 0.9916 0.0912
vn -0.8874 0.4314 -0.1625
vn 0.1267 0.3535 0.9268
vn -0.3891 0.6589 0.6437
vn 0.0000 0.9953 0.0971
vn 0.0000 0.8987 0.4385
vn -0.4483 0.7867 0.4244
vn 0.5801 0.8145 0.0000
vn 0.0000 0.8290 0.5593
vn -0.1944 0.4463 0.8735
vn 0.9148 0.4035 0.0170
vn 0.5225 0.8526 0.0000
vn 0.5739 0.8189 0.0000
vn 0.5064 0.8550 0.1115
vn 0.4918 0.8707 0.0000
vn 0.5511 0.7957 -0.2513
vn 0.0001 1.0000 -0.0001
vn 0.0001 1.0000 -0.0000
vn 0.3735 0.8501 -0.3713
vn 0.0000 0.8663 -0.4996
vn 0.0000 0.7933 -0.6088
vn 0.3506 0.7467 -0.5653
vn 0.0000 0.8217 -0.5699
vn -0.0727 0.8221 -0.5646
vn -0.6456 0.7607 0.0677
vn -0.4926 0.1578 -0.8558
vn -0.2510 0.0000 -0.9680
vn -0.4305 0.0000 -0.9026
vn -0.0345 0.6019 -0.7978
vn -0.3593 0.5886 -0.7242
vn 0.0244 0.9949 -0.0979
vn 0.6049 -0.0001 -0.7963
vn -0.8073 0.0002 -0.5901
vn -0.0153 0.9909 -0.1337
vn 0.0802 0.9914 -0.1031
vn 0.0823 0.9919 -0.0970
vn 0.0824 0.9919 -0.0965
vn 0.0800 0.9914 -0.1039
vn 0.8706 0.1262 -0.4756
vn 0.0227 0.9966 -0.0789
vn 0.5026 0.0041 0.8645
vn -0.1001 0.9949 0.0155
vn 0.8920 0.0000 -0.4520
vn 0.0753 0.0000 -0.9972
vn -0.1962 0.9482 0.2499
vn -0.1003 0.9950 -0.0017
vn 0.9300 0.1520 0.3347
vn 0.0643 0.6744 0.7356
vn 0.0632 0.6712 0.7385
vn 0.0649 0.6760 0.7340
vn 0.0627 0.6699 0.7398
vn -0.0113 0.9772 0.2118
vn -0.3819 -0.0009 -0.9242
vn -0.3828 -0.0001 -0.9238
vn -0.3760 -0.0053 -0.9266
vn -0.3750 -0.0059 -0.9270
vn -0.2203 -0.0063 -0.9754
vn -0.2202 -0.0064 -0.9754
vn -0.2205 -0.0061 -0.9754
vn -0.2200 -0.0065 -0.9755
vn -0.9544 -0.2967 0.0343
vn -0.2750 -0.3468 -0.8967
vn -0.9856 -0.0172 0.1680
vn -0.9853 -0.0192 0.1699
vn -0.9381 0.0153 -0.3460
vn -0.9860 -0.0153 0.1662
vn -0.3796 -0.1047 -0.9192
vn -0.7815 0.1096 -0.6143
vn -0.2068 -0.2971 -0.9322
vn -0.7593 0.6507 -0.0013
vn -0.9727 -0.0426 -0.2279
vn -0.8849 0.2181 -0.4115
vn -0.9835 -0.0600 -0.1707
vn -0.9660 0.0000 -0.2587
vn -0.9659 0.0002 -0.2589
vn -0.6316 -0.6665 -0.3961
vn -0.1389 0.7898 0.5974
vn -0.2838 0.0075 0.9589
vn -0.2837 0.0073 0.9589
vn -0.2838 0.0079 0.9588
vn -0.1821 0.7725 0.6084
vn -0.2839 0.0080 0.9588
vn -0.9820 -0.1157 -0.1492
vn -0.9607 -0.0992 -0.2592
vn -0.6424 0.1792 0.7452
vn -0.2752 0.2430 0.9302
vn -0.2518 0.2320 0.9396
vn -0.2588 -0.0000 0.9659
vn -0.9660 0.0002 -0.2587
vn 0.0086 -0.9990 0.0428
vn -0.9655 -0.0007 -0.2604
vn -0.9666 -0.0018 -0.2563
vn -0.9665 -0.0004 -0.2565
vn -0.9659 0.0000 -0.2590
vn -0.9659 0.0002 -0.2590
vn -0.8779 -0.0847 -0.4713
vn -0.5623 0.5351 -0.6304
vn -0.8167 -0.0216 -0.5766
vn 0.0237 0.8628 -0.5049
vn 0.0026 0.1347 -0.9909
vn -0.3265 0.6189 -0.7144
vn -0.5858 0.0773 -0.8068
vn -0.7375 0.0789 -0.6708
vn -0.8037 -0.1992 -0.5607
vn -0.3881 -0.5114 -0.7667
vn -0.5236 0.5290 -0.6678
vn -0.6565 -0.1831 -0.7318
vn -0.7120 0.4826 -0.5100
vn -0.8271 0.3638 -0.4285
vn -0.9508 0.1335 -0.2795
vn -0.7535 0.3303 -0.5684
vn -0.8204 0.3896 -0.4184
vn -0.3154 0.6806 -0.6613
vn -0.9952 0.0066 -0.0974
vn -0.9517 0.1720 -0.2544
vn -0.9516 0.1717 -0.2550
vn -0.0189 0.9998 -0.0019
vn -0.9948 0.0000 -0.1021
vn -0.9518 0.1722 -0.2539
vn -0.3436 0.0003 -0.9391
vn -0.3397 0.0012 -0.9405
vn -0.3410 0.0009 -0.9401
vn -0.3449 0.0000 -0.9386
vn -0.0306 0.0333 0.9990
vn -0.9653 0.0001 0.2613
vn -0.0290 0.0573 -0.9979
vn -0.8598 0.3876 -0.3324
vn -0.5658 0.3750 -0.7344
vn -0.9808 0.0003 0.1952
vn -0.9808 0.0004 0.1950
vn -0.9807 0.0001 0.1953
vn -0.7926 0.0004 0.6097
vn -0.1580 -0.9857 -0.0583
vn -0.6228 -0.0606 -0.7800
vn -0.0528 -0.9986 0.0093
vn -0.0534 -0.9985 0.0100
vn -0.0587 -0.9982 0.0152
vn -0.0522 -0.9986 0.0088
vn 0.0292 -0.9995 -0.0134
vn -0.1287 -0.0701 -0.9892
vn -0.1354 -0.0617 -0.9889
vn -0.1281 -0.0706 -0.9892
vn -0.0005 -1.0000 0.0012
vn -0.0031 -1.0000 0.0066
vn -0.0013 -1.0000 0.0031
vn 0.0003 -1.0000 -0.0003
vn -0.1358 -0.0609 -0.9889
vn -0.1156 -0.9843 0.1336
vn -0.4537 -0.3906 0.8010
vn 0.2679 -0.3230 0.9077
vn -0.0722 -0.0235 0.9971
vn -0.0223 -0.0062 -0.9997
vn -0.0404 0.0066 -0.9992
vn -0.0390 0.0001 0.9992
vn 0.1137 -0.2781 -0.9538
vn -0.0237 -0.2076 -0.9779
vn 0.1029 -0.8851 -0.4539
vn -0.0286 0.7824 0.6222
vn -0.0250 0.7838 0.6205
vn -0.0244 0.7840 0.6203
vn 0.2410 0.0054 0.9705
vn 0.2448 0.0020 0.9696
vn 0.2385 0.0075 0.9711
vn -0.0291 0.7821 0.6225
vn -0.0454 0.2000 0.9787
vn 0.1177 -0.8754 -0.4688
vn 0.1142 -0.7740 -0.6227
vn -0.2139 0.2411 0.9466
vn 0.2472 0.0000 0.9690
vn -0.2204 0.0000 0.9754
vn -0.5553 0.1125 -0.8240
vn -0.3441 -0.0595 -0.9370
vn 0.1511 -0.6270 -0.7642
vn -0.5883 -0.0250 -0.8083
vn 0.1395 0.9737 -0.1799
vn 0.0000 0.9820 -0.1891
vn -0.8692 0.4944 0.0000
vn -0.1147 0.9877 -0.1062
vn -0.8059 0.5859 -0.0850
vn -0.7974 0.5888 -0.1323
vn 0.0000 0.9775 0.2110
vn -0.7732 0.3698 0.5151
vn -0.7909 0.4371 0.4283
vn 0.1057 0.9942 0.0182
vn 0.1053 0.8763 -0.4701
vn -0.3878 0.8231 -0.4149
vn 0.0523 0.1197 -0.9914
vn 0.1446 0.7608 -0.6327
vn 0.1441 0.8520 -0.5033
vn 0.6691 0.6938 -0.2666
vn -0.6036 0.7893 -0.1123
vn -0.4087 0.8624 -0.2988
vn -0.1276 0.0603 -0.9900
vn -0.1276 0.0604 -0.9900
vn -0.0947 0.3834 0.9187
vn 0.5291 0.0007 0.8486
vn -0.1727 0.9827 -0.0668
vn -0.0712 0.9974 0.0140
vn -0.0662 0.9978 0.0079
vn -0.0706 0.9974 0.0131
vn -0.0715 0.9973 0.0142
vn 0.0005 1.0000 -0.0013
vn 0.0007 1.0000 -0.0013
vn 0.0002 1.0000 -0.0015
vn -0.0786 0.9929 0.0891
vn -0.0118 0.9949 0.0997
vn -0.0183 0.9943 0.1055
vn -0.0102 0.9951 0.0983
vn -0.0192 0.9941 0.1065
vn 0.1833 -0.9791 0.0878
vn 0.1464 -0.9809 -0.1277
vn 0.9394 -0.0695 -0.3358
vn 0.9780 -0.0662 0.1979
vn 0.9865 -0.0258 0.1616
vn 0.5315 -0.0643 -0.8446
vn 0.4839 -0.0106 -0.8750
vn -0.0852 -0.7671 -0.6359
vn 0.1610 -0.0016 -0.9869
vn 0.1615 -0.0036 -0.9869
vn 0.1608 -0.0007 -0.9870
vn 0.1244 -0.6387 -0.7593
vn 0.1617 -0.0046 -0.9868
vn -0.3866 0.0047 -0.9222
vn -0.3869 0.0058 -0.9221
vn -0.3859 0.0013 -0.9225
vn 0.1459 -0.4676 -0.8718
vn -0.1345 -0.8173 0.5603
vn 0.1655 -0.0000 0.9862
vn 0.1654 0.0000 0.9862
vn 0.1656 -0.0001 0.9862
vn -0.2303 -0.2029 -0.9517
vn -0.3856 0.0000 -0.9227
vn -0.4071 -0.8287 -0.3842
vn 0.1039 0.7785 0.6189
vn 0.2101 0.1926 0.9585
vn 0.2077 0.1940 0.9588
vn 0.2081 0.1938 0.9587
vn 0.1339 0.7883 0.6006
vn 0.2105 0.1923 0.9585
vn -0.5131 -0.8472 -0.1375
vn -0.2693 0.0000 -0.9631
vn 0.2525 -0.6939 -0.6743
vn -0.1196 -0.7461 -0.6550
vn 0.2117 -0.0000 0.9773
vn 0.1885 -0.0641 -0.9800
vn 0.1896 -0.0653 -0.9797
vn 0.1871 -0.0622 -0.9804
vn 0.1899 -0.0658 -0.9796
vn 0.2551 0.4515 -0.8550
vn -0.3513 -0.0532 -0.9348
vn -0.2394 -0.9688 -0.0641
vn -0.3658 0.0000 -0.9307
vn 0.2128 0.4878 -0.8466
vn -0.0970 0.1412 -0.9852
vn 0.1786 -0.2170 -0.9597
vn -0.1385 0.9879 0.0698
vn 0.2540 -0.0727 -0.9645
vn -0.0904 0.2408 -0.9664
vn -0.0853 0.0368 -0.9957
vn 0.2289 -0.3691 -0.9007
vn 0.1073 -0.7416 -0.6622
vn -0.2494 -0.8245 -0.5080
vn 0.0377 -0.3912 -0.9195
vn -0.1697 -0.1681 -0.9710
vn -0.3409 -0.1511 -0.9279
vn -0.3312 -0.9394 -0.0887
vn -0.3724 0.0000 -0.9281
vn 0.4337 0.5460 -0.7168
vn -0.1019 0.6728 -0.7328
vn 0.2416 0.2717 -0.9316
vn -0.0833 0.9965 -0.0021
vn -0.3700 0.5900 -0.7177
vn -0.1627 0.8684 -0.4685
vn -0.3638 0.9264 -0.0975
vn 0.2190 -0.2149 -0.9518
vn -0.7016 0.6873 -0.1880
vn -0.0365 0.0000 -0.9993
vn -0.5645 -0.8115 -0.1513
vn 0.4692 0.0656 -0.8807
vn 0.5272 -0.0018 -0.8497
vn 0.4256 0.0007 0.9049
vn 0.0013 1.0000 -0.0011
vn 0.1466 0.9808 -0.1289
vn 0.0367 0.9971 0.0672
vn 0.9345 0.0022 -0.3559
vn 0.9080 0.0633 -0.4141
vn 0.9847 0.0648 0.1616
vn 0.0378 0.9963 -0.0768
vn -0.1810 -0.9697 0.1643
vn 0.3021 -0.9399 -0.1591
vn 0.5718 -0.8120 -0.1166
vn 0.0000 -0.8354 0.5497
vn 0.5602 -0.8284 0.0000
vn 0.2861 -0.6148 -0.7349
vn 0.5459 -0.8365 -0.0477
vn 0.9090 0.0163 -0.4165
vn 0.5509 -0.7968 -0.2482
vn 0.5495 -0.8285 0.1082
vn 0.5726 -0.8167 0.0723
vn 0.3737 -0.8499 -0.3715
vn 0.4929 -0.8701 0.0000
vn 0.5698 -0.8197 -0.0581
vn 0.3306 -0.0046 -0.9437
vn 0.3588 -0.1484 -0.9215
vn -0.0520 -0.4276 -0.9025
vn 0.2581 -0.6212 -0.7399
vn 0.0000 -1.0000 -0.0003
vn 0.0006 -1.0000 -0.0008
vn 0.0006 -1.0000 -0.0005
vn -0.0022 -1.0000 -0.0036
vn -0.0013 -1.0000 0.0081
vn -0.0000 -1.0000 -0.0002
vn 0.3462 -0.0001 0.9382
vn 0.3461 -0.0001 0.9382
vn 0.3462 -0.0002 0.9381
vn -0.9620 0.0000 -0.2731
vn -0.0001 -0.9996 -0.0298
vn -0.0014 -0.9996 -0.0288
vn -0.0017 -0.9996 -0.0287
vn -0.9657 -0.0204 -0.2588
vn 0.2204 0.7798 0.5859
vn 0.2541 0.1908 0.9482
vn 0.4519 0.8056 0.3831
vn -0.0938 0.4025 0.9106
vn -0.9653 -0.0026 -0.2610
vn -0.9647 0.0000 -0.2632
vn -0.9658 -0.0051 -0.2591
vn -0.9030 -0.0322 -0.4284
vn -0.9183 -0.2615 -0.2971
vn -0.9659 -0.0054 -0.2588
vn -0.9648 -0.0025 -0.2628
vn -0.9642 0.0000 -0.2653
vn -0.9645 -0.0025 -0.2641
vn -0.9588 -0.0534 -0.2791
vn -0.9479 -0.0038 -0.3185
vn -0.8168 0.2698 -0.5099
vn -0.9660 0.0005 -0.2585
vn 0.2588 -0.0000 0.9659
vn -0.0243 -0.9807 -0.1940
vn -0.0242 -0.9808 -0.1936
vn -0.0243 -0.9807 -0.1938
vn -0.8793 -0.4139 -0.2356
vn -0.8136 0.2735 -0.5130
vn -0.8420 0.0000 -0.5394
vn -0.9659 -0.0063 -0.2589
vn -0.9659 -0.0077 -0.2589
vn -0.9659 -0.0109 -0.2588
vn -0.9659 0.0001 -0.2590
vn -0.9637 -0.0016 -0.2670
vn -0.9636 0.0000 -0.2673
vn -0.9637 -0.0023 -0.2668
vn -0.9657 0.0092 -0.2594
vn -0.7901 0.2996 -0.5349
vn -0.9655 0.0002 -0.2604
vn -0.9653 0.0018 -0.2610
vn -0.9658 0.0011 -0.2593
vn -0.9658 0.0010 -0.2594
vn -0.8034 -0.5297 -0.2720
vn -0.9658 0.0017 -0.2595
vn 0.0009 1.0000 -0.0003
vn 0.0030 1.0000 -0.0007
vn 0.0035 1.0000 -0.0009
vn -0.0000 1.0000 -0.0003
vn 0.0001 1.0000 -0.0009
vn 0.0002 1.0000 -0.0008
vn 0.0000 1.0000 -0.0010
vn -0.3539 0.9352 0.0106
vn 0.1596 0.8008 -0.5773
vn 0.1423 0.7908 -0.5952
vn 0.1175 0.8907 -0.4391
vn 0.1149 0.8911 -0.4389
vn 0.1182 0.8906 -0.4392
vn 0.0000 0.9040 -0.4276
vn -0.4561 0.8783 -0.1433
vn -0.2579 0.9045 -0.3397
vn -0.3261 0.9453 0.0000
vn -0.5449 0.8032 0.2406
vn -0.2919 0.9421 -0.1651
vn -0.2926 0.9417 -0.1659
vn -0.2973 0.9400 -0.1671
vn 0.4998 0.0616 0.8640
vn -0.5274 0.0835 0.8455
vn -0.4819 -0.2050 -0.8519
vn -0.6659 -0.0462 -0.7446
vn -0.4380 -0.1608 -0.8845
vn -0.5364 -0.0326 -0.8433
vn -0.1537 0.6642 -0.7316
vn -0.2869 0.5963 -0.7498
vn -0.0595 0.7810 -0.6217
vn 0.9766 -0.0003 0.2152
vn 0.7030 0.0007 0.7112
vn 0.4312 -0.0026 -0.9023
vn 0.4312 -0.0014 -0.9023
vn 0.4312 0.0006 -0.9023
vn 0.4312 0.0039 -0.9022
vn 0.5558 -0.0023 -0.8313
vn 0.5557 -0.0020 -0.8314
vn 0.5558 -0.0026 -0.8313
vn -0.1196 0.0041 -0.9928
vn 0.4916 -0.4678 -0.7345
vn 0.9476 -0.3185 -0.0242
vn 0.0010 -1.0000 -0.0000
vn 0.0010 -1.0000 -0.0001
vn -0.0077 -0.9999 0.0115
vn 0.5556 -0.0015 -0.8315
vn 0.0128 -0.9999 0.0014
vn 0.0136 -0.9999 0.0000
vn 0.8748 0.4153 0.2497
vn 0.9268 -0.3731 -0.0422
vn 0.9902 0.1306 0.0487
vn 0.5164 -0.8412 -0.1605
vn 0.5484 -0.8289 0.1103
vn 0.4062 -0.8904 -0.2055
vn 0.4431 -0.8932 0.0761
vn 0.8140 -0.0054 -0.5808
vn 0.0425 -0.0027 -0.9991
vn 0.7570 -0.4569 -0.4672
vn 0.4883 -0.6681 -0.5615
vn 0.6869 -0.6534 -0.3182
vn -0.3485 -0.0007 -0.9373
vn 0.4995 -0.0002 0.8663
vn 0.2455 -0.9382 -0.2441
vn 0.0000 -0.9996 -0.0298
vn 0.5489 0.0318 0.8353
vn 0.1340 -0.8257 -0.5480
vn 0.1109 -0.9656 -0.2353
vn 0.1755 -0.7767 -0.6049
vn 0.1766 -0.7186 -0.6727
vn 0.0088 0.9998 0.0191
vn 0.9924 0.1229 0.0045
vn 0.2524 0.7621 0.5963
vn 0.2212 -0.5267 -0.8208
vn 0.2325 -0.3849 -0.8932
vn 0.2587 -0.0228 0.9657
vn 0.6530 -0.3566 0.6682
vn 0.7633 -0.3785 0.5235
vn 0.9687 -0.1955 0.1529
vn -0.0746 -0.9971 -0.0118
vn -0.0031 -0.1665 0.9860
vn 0.4366 0.7860 0.4378
vn 0.4407 0.7848 0.4357
vn 0.4398 0.7851 0.4362
vn 0.2559 0.1336 -0.9574
vn 0.2570 0.1389 -0.9564
vn 0.2569 0.1390 -0.9564
vn -0.0775 -0.0007 0.9970
vn -0.0772 -0.0006 0.9970
vn -0.0776 -0.0007 0.9970
vn -0.0770 -0.0005 0.9970
vn -0.0902 -0.0178 0.9958
vn 0.1752 0.3597 -0.9165
vn 0.1775 0.2736 -0.9453
vn -0.1139 0.7954 -0.5953
vn 0.0000 -0.3779 -0.9258
vn 0.6136 -0.0005 0.7896
vn 0.7058 -0.0003 0.7084
vn 0.1533 -0.7707 -0.6184
vn 0.1518 -0.7719 -0.6174
vn 0.1588 -0.7667 -0.6221
vn 0.0000 -0.9748 -0.2229
vn 0.1505 -0.8833 -0.4441
vn 0.1964 -0.6821 -0.7044
vn 0.1969 -0.6455 -0.7380
vn -0.0003 -1.0000 -0.0004
vn 0.9013 -0.4333 0.0000
vn 0.1434 -0.9563 -0.2547
vn -0.0036 -1.0000 -0.0036
vn -0.0044 -1.0000 -0.0044
vn 0.9032 -0.4286 0.0217
vn -0.3405 -0.0067 -0.9402
vn 0.1995 -0.4864 -0.8507
vn -0.7084 -0.6629 -0.2422
vn -0.6730 -0.7391 0.0270
vn -0.1942 -0.9809 0.0055
vn -0.4493 -0.8790 -0.1596
vn -0.2546 -0.9042 -0.3430
vn -0.1029 -0.7349 -0.6703
vn 0.0429 -0.9008 -0.4321
vn 0.1565 -0.8043 -0.5733
vn 0.1557 -0.8037 -0.5743
vn 0.1567 -0.8044 -0.5730
vn 0.1554 -0.8035 -0.5746
vn 0.1248 -0.9279 -0.3514
vn 0.4356 0.7862 0.4382
vn 0.5016 0.7842 0.3652
vn 0.5024 0.7846 0.3633
vn 0.4990 0.7828 0.3717
vn 0.4983 0.7824 0.3736
vn 0.2423 -0.3686 -0.8975
vn 0.2439 -0.3719 -0.8957
vn 0.2418 -0.3674 -0.8981
vn 0.0000 -0.1046 0.9945
vn -0.0976 0.6270 0.7729
vn 0.0341 -0.1348 0.9903
vn 0.0000 -0.9828 -0.1846
vn 0.2527 -0.2208 -0.9420
vn 0.2499 -0.1996 -0.9475
vn 0.2592 -0.0282 -0.9654
vn 0.2584 -0.0258 -0.9657
vn 0.2590 -0.0291 -0.9654
vn 0.2605 -0.0254 -0.9651
vn 0.2562 0.1363 -0.9570
vn -0.1131 -0.1868 0.9759
vn 0.1864 0.6708 -0.7178
vn 0.1593 0.7726 -0.6145
vn 0.1804 0.7166 -0.6737
vn 0.8099 0.4190 -0.4104
vn 0.9894 0.0000 0.1451
vn 0.4971 -0.0536 0.8660
vn 0.3843 0.8559 -0.3460
vn -0.0289 0.9804 0.1951
vn -0.0145 0.4155 0.9095
vn 0.9588 0.0000 -0.2840
vn 0.2625 -0.9618 -0.0778
vn -0.0387 0.3053 -0.9515
vn 0.8506 -0.0005 -0.5257
vn 0.8786 0.0034 0.4775
vn 0.8785 0.0033 0.4776
vn 0.8800 0.0056 0.4749
vn 0.8001 0.0021 0.5999
vn 0.8802 0.0060 0.4745
vn 0.4236 0.0060 0.9058
vn 0.8315 -0.5038 0.2341
vn 0.8209 -0.3124 0.4780
vn -0.0903 0.1538 0.9840
vn 0.5876 -0.5136 0.6252
vn 0.1602 -0.7657 -0.6229
vn 0.1844 -0.6693 -0.7197
vn 0.1920 -0.7099 -0.6776
vn 0.1837 -0.7071 -0.6828
vn 0.1852 -0.7076 -0.6819
vn 0.2223 -0.5470 -0.8071
vn 0.2222 -0.5470 -0.8071
vn 0.2254 -0.5465 -0.8065
vn -0.7550 -0.4593 0.4681
vn -0.8185 0.3036 -0.4877
vn -0.3713 -0.5606 0.7402
vn 0.5870 -0.7239 -0.3625
vn -0.2527 -0.2116 0.9441
vn -0.1451 0.1003 0.9843
vn -0.2031 -0.2667 0.9421
vn -0.2595 0.0036 0.9657
vn -0.2593 0.0013 0.9658
vn -0.2580 -0.0002 0.9661
vn 0.2573 0.1318 -0.9573
vn -0.2590 0.0000 0.9659
vn -0.2590 -0.0003 0.9659
vn 0.2326 0.3311 -0.9145
vn 0.2509 0.2947 -0.9221
vn 0.2237 0.4694 -0.8542
vn 0.2243 0.4678 -0.8549
vn 0.2234 0.4701 -0.8538
vn 0.2246 0.4671 -0.8552
vn -0.5373 -0.4846 0.6903
vn 0.2101 0.5525 -0.8066
vn 0.2101 0.6082 -0.7655
vn 0.2602 0.4627 -0.8475
vn 0.1833 0.6266 -0.7575
vn -0.4019 0.8939 0.1983
vn 0.7712 0.6226 -0.1326
vn 0.7671 -0.0109 0.6414
vn 0.0707 0.9055 -0.4184
vn -0.3490 0.9324 -0.0935
vn -0.2420 0.4259 0.8718
vn -0.2672 0.9634 0.0233
vn 0.2077 0.0777 0.9751
vn -0.2194 -0.4489 0.8662
vn 0.1951 -0.9802 -0.0335
vn 0.0014 0.0047 -1.0000
vn 0.0031 0.0010 -1.0000
vn 0.0010 0.0058 -1.0000
vn -0.1070 0.5971 0.7950
vn 0.0010 -0.2413 -0.9704
vn 0.2503 -0.9398 -0.2327
vn 0.0035 0.0000 -1.0000
vn -0.9986 0.0476 -0.0225
vn -0.9711 0.1754 -0.1617
vn -0.5003 0.7657 0.4042
vn -0.5010 0.7637 0.4072
vn -0.5001 0.7659 0.4041
vn -0.5020 0.7613 0.4104
vn -0.6529 0.7194 0.2372
vn -0.0476 -0.9988 -0.0075
vn 0.3804 -0.9181 -0.1116
vn -0.0323 -0.9816 0.1884
vn -0.2275 -0.9580 -0.1746
vn -0.1398 -0.9823 0.1246
vn 0.4925 -0.8700 0.0227
vn 0.4053 -0.8665 0.2914
vn 0.8554 -0.4920 0.1623
vn -0.0619 0.0663 0.9959
vn 0.4753 -0.7105 0.5189
vn -0.1609 -0.8178 0.5525
vn 0.1864 -0.7010 0.6884
vn -0.6447 0.5526 -0.5282
vn -0.1707 -0.7542 0.6341
vn -0.1689 -0.7530 0.6360
vn -0.1692 -0.7532 0.6357
vn 0.3741 -0.9206 -0.1118
vn -0.1357 -0.8517 0.5062
vn 0.2191 -0.5474 -0.8077
vn 0.2048 -0.6136 -0.7626
vn 0.2017 -0.6115 -0.7651
vn 0.2057 -0.6142 -0.7619
vn 0.2125 -0.5265 -0.8232
vn 0.2126 -0.5265 -0.8232
vn 0.2131 -0.5265 -0.8231
vn -0.0010 -0.9309 -0.3653
vn 0.5356 -0.3841 0.7521
vn -0.2234 -0.5469 0.8068
vn -0.1325 0.1640 0.9775
vn -0.2004 -0.5531 0.8086
vn -0.6541 -0.0848 0.7516
vn -0.2604 0.0044 0.9655
vn -0.2608 0.0056 0.9654
vn -0.2277 0.4844 0.8447
vn -0.0991 0.0000 0.9951
vn -0.2212 0.4976 0.8387
vn -0.0874 0.4292 0.8990
vn -0.2575 0.1007 0.9610
vn 0.1231 0.0000 0.9924
vn 0.1656 0.1147 0.9795
vn 0.1139 0.1873 0.9757
vn 0.2815 0.0000 0.9596
vn 0.4398 -0.3195 0.8394
vn 0.1897 0.0011 0.9818
vn 0.1901 0.0011 0.9818
vn 0.1856 0.0071 0.9826
vn -0.2571 -0.0025 0.9664
vn 0.2056 0.0484 0.9774
vn 0.1339 -0.2595 0.9564
vn 0.1856 0.0075 0.9826
vn -0.2558 -0.0928 0.9623
vn -0.2023 -0.2259 0.9529
vn -0.2170 -0.0239 0.9759
vn 0.2477 0.3069 -0.9190
vn 0.2529 0.3010 -0.9195
vn 0.2582 0.3074 -0.9159
vn 0.2373 0.4830 -0.8429
vn -0.9882 0.0000 0.1530
vn -0.9912 0.0333 0.1281
vn -0.1999 0.6228 0.7564
vn 0.9172 0.1531 0.3678
vn 0.8490 0.0770 0.5228
vn -0.8170 0.5528 -0.1639
vn -0.9906 0.0499 0.1276
vn -0.9463 0.2007 -0.2535
vn -0.1933 0.6909 0.6967
vn -0.1630 0.7659 0.6220
vn -0.1697 0.7612 0.6259
vn -0.1687 0.7620 0.6252
vn -0.1672 0.7486 0.6416
vn -0.1949 0.6354 0.7472
vn -0.2915 0.9421 -0.1658
vn -0.4299 0.8960 -0.1108
vn -0.2347 0.9712 0.0419
vn -0.1935 0.9810 0.0168
vn -0.1130 0.9176 0.3810
vn -0.1326 0.8577 0.4968
vn -0.1314 0.8543 0.5029
vn -0.1287 0.8528 0.5062
vn -0.9895 0.0353 -0.1403
vn -0.1038 0.9834 0.1487
vn -0.0897 0.9338 0.3464
vn -0.0939 0.9328 0.3479
vn -0.0884 0.9341 0.3460
vn -0.3945 -0.9132 -0.1026
vn 0.0753 -0.9564 -0.2821
vn 0.0325 -0.9919 -0.1228
vn 0.0673 -0.9816 -0.1785
vn -0.0097 -0.7283 -0.6852
vn 0.0280 -0.9996 0.0026
vn -0.0554 -0.9831 0.1747
vn -0.0559 -0.9466 0.3175
vn -0.0996 -0.9284 0.3580
vn -0.1018 -0.9476 0.3028
vn -0.1274 -0.8827 0.4523
vn -0.1246 -0.8592 0.4962
vn -0.1711 -0.7544 0.6337
vn 0.3228 -0.5672 0.7577
vn -0.1720 -0.7191 0.6733
vn -0.1987 -0.6584 0.7259
vn -0.1869 -0.5470 0.8160
vn -0.2671 -0.5323 0.8033
vn -0.1983 -0.6342 0.7473
vn 0.2445 -0.3732 -0.8950
vn 0.2241 -0.3844 -0.8955
vn -0.2185 -0.4706 0.8549
vn 0.2131 0.4819 -0.8499
vn 0.2939 0.6661 -0.6855
vn 0.1829 0.6749 -0.7149
vn 0.1917 0.7742 -0.6032
vn -0.1612 0.7670 0.6210
vn -0.1327 0.8482 0.5128
vn 0.3896 0.5554 0.7347
vn 0.3647 0.5528 0.7493
vn 0.0756 0.9539 -0.2903
vn 0.0306 0.9909 -0.1310
vn 0.0749 0.9788 -0.1905
vn -0.0143 0.9991 0.0399
vn 0.0324 0.9989 -0.0346
vn -0.1676 0.9601 0.2237
vn -0.0219 0.9820 0.1874
vn -0.1335 0.8585 0.4951
vn -0.1366 0.8577 0.4956
vn -0.0951 0.9325 0.3483
vn -0.0924 0.9054 0.4145
vn 0.1164 -0.8930 -0.4347
vn 0.1154 -0.8940 -0.4329
vn 0.1185 -0.8909 -0.4385
vn 0.1075 -0.9377 -0.3303
vn 0.1205 -0.8728 -0.4730
vn 0.1195 -0.8899 -0.4402
vn -0.0882 -0.9167 0.3898
vn 0.2009 -0.6109 -0.7658
vn 0.1936 -0.7104 -0.6767
vn -0.1545 -0.8577 0.4904
vn -0.1180 -0.8042 0.5826
vn 0.2471 -0.3870 -0.8883
vn -0.0865 -0.5641 0.8212
vn 0.2831 -0.2166 -0.9343
vn 0.2565 -0.2273 -0.9394
vn 0.2500 -0.1957 -0.9483
vn 0.2600 -0.0265 -0.9652
vn 0.2577 0.1322 -0.9571
vn 0.2480 0.3058 -0.9193
vn 0.2498 0.3026 -0.9198
vn 0.2385 0.4341 -0.8687
vn 0.2236 0.5477 -0.8063
vn 0.2159 0.5508 -0.8062
vn 0.2247 0.5472 -0.8063
vn 0.2075 0.6355 -0.7436
vn 0.1449 0.7186 -0.6801
vn 0.1638 0.8039 -0.5718
vn 0.1144 0.8912 -0.4390
vn 0.1151 0.9296 -0.3500
vn 0.1433 0.8635 -0.4836
vn -0.0467 0.9886 0.1434
vn -0.0558 0.9579 0.2816
vn 0.0736 -0.9384 -0.3375
vn 0.0452 -0.9821 -0.1826
vn 0.0776 -0.9626 -0.2594
vn -0.2606 -0.9567 0.1295
vn -0.2695 0.0434 -0.9620
vn -0.0071 -0.9993 -0.0376
vn 0.0556 -0.9928 -0.1062
vn -0.0325 -0.9874 0.1550
vn -0.0036 -0.9787 0.2055
vn 0.6391 -0.5092 0.5764
vn 0.7702 -0.3986 0.4980
vn 0.1855 -0.6757 -0.7134
vn 0.1806 -0.7922 -0.5829
vn 0.1526 -0.7117 -0.6858
vn -0.3955 -0.7388 -0.5457
vn -0.4145 -0.5789 -0.7022
vn 0.1553 -0.8060 -0.5712
vn 0.4999 -0.5489 0.6700
vn 0.8157 -0.2134 0.5377
vn 0.2392 -0.2924 0.9259
vn 0.5349 -0.4832 0.6931
vn 0.2120 -0.5265 -0.8233
vn 0.2163 -0.5551 -0.8032
vn 0.2362 -0.4116 -0.8802
vn 0.2349 -0.3422 -0.9098
vn -0.3394 -0.4707 -0.8144
vn -0.4399 -0.8489 -0.2930
vn -0.4596 -0.1443 -0.8763
vn -0.3344 -0.6351 -0.6963
vn 0.3741 -0.7116 0.5947
vn 0.4251 -0.7288 0.5367
vn 0.2336 0.2837 -0.9300
vn -0.3059 0.3632 -0.8801
vn 0.1321 -0.5199 -0.8440
vn 0.2282 0.9085 0.3501
vn 0.2144 0.5514 -0.8062
vn -0.2496 0.9657 -0.0711
vn 0.1252 -0.3382 -0.9327
vn 0.6004 -0.4440 0.6651
vn 0.0786 0.4933 -0.8663
vn -0.4064 0.3969 -0.8230
vn -0.7278 0.6407 -0.2448
vn -0.3360 0.0000 -0.9419
vn -0.3551 0.5358 -0.7660
vn 0.1635 0.8835 0.4389
vn 0.0628 0.2206 0.9733
vn 0.1725 0.7111 -0.6816
vn -0.4502 0.6466 -0.6158
vn 0.1590 -0.2417 -0.9572
vn -0.3136 0.9495 0.0094
vn -0.3102 0.8605 -0.4041
vn 0.0755 0.9263 -0.3693
vn -0.2406 0.9700 0.0336
vn -0.3880 0.8999 0.1992
vn 0.0354 0.9788 -0.2017
vn 0.0762 0.9612 -0.2650
vn 0.0128 0.9995 -0.0271
vn 0.0336 0.9973 -0.0657
vn 0.0697 0.9928 0.0979
vn 0.0368 0.9898 0.1375
vn 0.0849 0.9581 0.2736
vn 0.0821 0.9579 0.2751
vn 0.0815 0.9579 0.2754
vn 0.0853 0.9581 0.2734
vn 0.1093 0.9164 0.3851
vn 0.0630 -0.9426 0.3280
vn -0.2533 -0.9591 -0.1263
vn -0.7250 -0.6872 0.0453
vn -0.2464 -0.9181 0.3104
vn -0.3329 -0.7372 0.5880
vn -0.8159 -0.5206 -0.2516
vn 0.9316 -0.2259 0.2847
vn 0.9597 -0.1142 0.2568
vn 0.8300 -0.5116 0.2222
vn 0.9401 -0.2491 0.2328
vn 0.9656 -0.0012 0.2598
vn 0.9655 -0.0080 0.2603
vn 0.9652 -0.0051 0.2615
vn 0.9660 0.0007 0.2587
vn -0.0116 -0.0054 0.9999
vn 0.9658 -0.0063 0.2594
vn 0.9651 -0.0085 0.2618
vn -0.5151 -0.1983 -0.8339
vn -0.5217 -0.2143 -0.8258
vn 0.7759 -0.5436 0.3203
vn 0.8569 -0.4615 0.2296
vn 0.8919 -0.4368 0.1174
vn 0.5101 -0.8484 0.1412
vn 0.8832 -0.4298 0.1879
vn -0.0813 0.0510 0.9954
vn 0.4956 -0.7357 0.4617
vn 0.4463 -0.8718 0.2020
vn 0.5656 -0.8247 0.0071
vn 0.0827 -0.9673 0.2398
vn 0.5490 -0.8316 -0.0846
vn 0.5444 -0.8338 -0.0914
vn 0.5494 -0.8313 -0.0842
vn -0.1761 -0.9767 -0.1227
vn -0.1529 -0.8034 0.5755
vn 0.9634 -0.1738 0.2042
vn 0.5350 -0.2449 0.8086
vn 0.5436 -0.8342 -0.0927
vn -0.3247 -0.9179 0.2282
vn -0.2833 0.3266 -0.9017
vn 0.9579 0.1042 0.2676
vn 0.9151 0.0060 0.4032
vn 0.9137 0.0125 0.4061
vn 0.9153 0.0051 0.4027
vn 0.3688 0.0270 0.9291
vn 0.5307 -0.2181 0.8190
vn 0.9136 0.0131 0.4063
vn 0.9715 0.0661 0.2275
vn 0.3031 0.0676 0.9506
vn 0.3729 -0.0348 0.9272
vn 0.2498 0.1488 -0.9568
vn 0.9100 -0.2185 0.3523
vn 0.9274 -0.1900 0.3223
vn 0.4423 -0.2987 0.8456
vn 0.3277 0.1833 0.9268
vn -0.2787 0.2430 -0.9291
vn 0.2148 -0.2733 -0.9376
vn 0.9685 0.1426 0.2042
vn 0.9015 0.0205 0.4322
vn 0.9641 0.0024 0.2657
vn 0.4788 0.2296 0.8474
vn 0.2358 0.4119 -0.8802
vn -0.3428 0.8584 0.3817
vn 0.7960 0.6051 -0.0135
vn -0.7666 0.6051 -0.2150
vn 0.1741 -0.3071 -0.9356
vn 0.8146 0.5391 0.2140
vn 0.4275 0.5142 0.7435
vn -0.1279 0.9533 -0.2735
vn 0.3687 0.6117 0.6999
vn 0.9660 0.0013 0.2587
vn 0.9632 -0.0002 0.2686
vn 0.9657 0.0015 0.2595
vn 0.4600 0.8793 0.1233
vn 0.9631 -0.0004 0.2693
vn -0.6412 0.5943 -0.4855
vn -0.8016 0.5579 -0.2148
vn -0.0014 -0.2892 -0.9573
vn -0.9532 0.1427 -0.2665
vn 0.0539 0.2355 0.9704
vn 0.7405 -0.0123 0.6719
vn 0.7715 0.6092 0.1836
vn 0.7556 0.1657 0.6337
vn 0.9659 -0.0001 0.2589
vn 0.9659 -0.0002 0.2588
vn 0.2750 0.9586 0.0737
vn 0.2957 0.9541 0.0481
vn 0.9659 -0.0001 0.2588
vn 0.3647 0.9260 0.0977
vn 0.2644 0.9245 0.2747
vn 0.3628 0.8398 0.4039
vn 0.9155 0.2962 0.2722
vn 0.9646 0.0522 0.2585
vn 0.9367 0.0774 0.3414
vn 0.9631 0.0087 0.2691
vn 0.9712 0.0924 0.2195
vn 0.5908 0.8067 0.0136
vn 0.7592 0.6414 0.1102
vn -0.9118 0.3953 -0.1111
vn 0.2640 0.8986 0.3504
vn -0.3646 0.6111 0.7025
vn -0.9358 0.2479 -0.2508
vn -0.9178 0.3817 -0.1094
vn 0.4693 0.8478 -0.2471
vn -0.0054 0.9957 -0.0926
vn 0.0011 -0.9720 0.2350
vn -0.9548 -0.0679 -0.2894
vn -0.0387 -0.9456 -0.3231
vn 0.1497 -0.9855 0.0802
vn -0.9563 0.0716 -0.2833
vn -0.9573 -0.0917 -0.2743
vn 0.7687 -0.2812 0.5744
vn 0.8381 -0.0207 0.5452
vn 0.0818 -0.5940 0.8003
vn 0.0975 -0.6036 0.7913
vn 0.3351 -0.9361 0.1069
vn 0.7858 -0.5436 0.2951
vn -0.1278 0.1538 0.9798
vn 0.3022 -0.5451 0.7820
vn 0.2543 -0.9325 0.2564
vn -0.9858 -0.0476 -0.1613
vn -0.0436 -0.8984 0.4370
vn -0.0308 -0.9985 0.0447
vn 0.0437 -0.9964 -0.0722
vn -0.0876 -0.8840 0.4592
vn -0.9588 -0.0006 -0.2841
vn -0.9599 -0.0044 -0.2803
vn -0.9590 -0.0009 -0.2836
vn -0.9586 -0.0191 -0.2843
vn -0.9588 -0.0001 -0.2842
vn -0.1045 -0.9553 0.2767
vn -0.0432 -0.9793 0.1977
vn -0.1053 -0.9091 0.4031
vn -0.1804 -0.7970 0.5765
vn -0.0210 0.4521 -0.8917
vn 0.1413 -0.0017 -0.9900
vn 0.2262 0.0581 -0.9723
vn -0.1862 0.3268 -0.9266
vn 0.1809 -0.9577 0.2239
vn -0.1517 -0.7213 0.6758
vn -0.0886 0.5908 0.8019
vn 0.2925 -0.4661 0.8349
vn -0.2198 -0.3228 0.9206
vn 0.2583 -0.0284 -0.9657
vn 0.2576 0.1231 -0.9584
vn -0.2515 0.2241 0.9415
vn -0.2502 0.2211 0.9426
vn -0.2529 0.2287 0.9401
vn 0.8569 -0.2870 0.4282
vn 0.1691 0.3296 -0.9288
vn 0.2419 0.2604 -0.9347
vn 0.2677 0.1403 -0.9532
vn 0.2009 -0.1513 0.9679
vn -0.2366 0.4707 0.8500
vn -0.4392 0.2520 -0.8623
vn -0.8325 0.1076 -0.5434
vn 0.1126 -0.8358 -0.5373
vn 0.2180 -0.2862 -0.9330
vn 0.1766 0.9823 0.0629
vn -0.9744 0.0000 -0.2248
vn -0.9670 -0.1340 -0.2167
vn -0.0533 0.9968 0.0590
vn -0.0535 0.9528 0.2989
vn 0.0252 0.9663 0.2560
vn 0.0503 0.9973 -0.0542
vn -0.9837 -0.1209 -0.1331
vn -0.9655 0.0017 -0.2605
vn -0.9427 0.0864 -0.3223
vn -0.9487 0.0211 -0.3155
vn -0.1003 0.3658 0.9253
vn -0.0270 0.9544 0.2972
vn -0.0743 0.3144 0.9464
vn 0.1635 -0.2187 0.9620
vn -0.0453 0.7926 0.6081
vn -0.9477 0.2577 -0.1885
vn -0.0680 0.7196 0.6910
vn 0.4169 0.8911 0.1789
vn -0.0999 0.7759 0.6229
vn -0.1319 0.6819 0.7194
vn -0.0644 0.9701 0.2338
vn 0.0549 0.9732 -0.2232
vn 0.0288 0.9827 0.1828
vn 0.3240 -0.7582 -0.5658
vn 0.1955 -0.5737 -0.7954
vn -0.0474 -0.4139 -0.9091
vn 0.2349 -0.4149 -0.8790
vn 0.5261 -0.5633 -0.6371
vn 0.9634 -0.0475 0.2637
vn 0.9649 -0.0464 0.2585
vn 0.9648 -0.0467 0.2588
vn 0.9749 0.0047 0.2226
vn 0.9633 -0.0474 0.2640
vn 0.8985 -0.3670 0.2408
vn 0.9225 0.0765 -0.3784
vn 0.1447 -0.9243 0.3531
vn 0.2658 -0.0023 -0.9640
vn 0.6754 -0.5101 -0.5325
vn 0.6249 -0.7694 -0.1324
vn 0.9930 -0.0107 -0.1176
vn 0.7685 0.1174 0.6290
vn 0.9667 -0.0051 0.2559
vn 0.9662 -0.0003 0.2579
vn 0.9669 0.0014 0.2551
vn 0.5013 -0.6697 0.5480
vn 0.1431 -0.9373 0.3177
vn 0.5627 -0.1093 -0.8194
vn 0.0961 -0.9918 0.0844
vn 0.5777 -0.7840 -0.2271
vn 0.1300 -0.6411 0.7564
vn -0.0011 -0.8862 0.4633
vn 0.2892 0.0575 -0.9555
vn -0.0587 -0.9804 0.1880
vn -0.0953 -0.9034 0.4181
vn -0.0997 -0.9029 0.4181
vn -0.0995 -0.9028 0.4184
vn -0.0910 -0.9038 0.4182
vn 0.3379 0.3587 -0.8702
vn 0.9964 -0.0437 0.0720
vn -0.1278 0.6457 -0.7528
vn 0.4578 0.5585 -0.6918
vn 0.9659 0.0000 0.2588
vn 0.9417 0.3210 -0.1010
vn -0.2732 0.0540 0.9604
vn 0.1535 0.9870 0.0468
vn -0.6969 0.4711 0.5408
vn 0.7941 -0.4214 -0.4379
vn 0.5605 -0.8144 0.1502
vn -0.0623 -0.1647 -0.9844
vn 0.5785 -0.8067 0.1208
vn 0.1515 -0.2506 -0.9562
vn -0.1909 -0.7128 0.6749
vn -0.1487 -0.7914 0.5929
vn -0.2310 -0.5377 0.8108
vn -0.1958 -0.5779 0.7923
vn -0.2388 -0.3491 0.9062
vn -0.2604 -0.3208 0.9106
vn 0.2578 -0.0282 -0.9658
vn 0.4024 -0.2230 -0.8879
vn 0.3157 -0.0287 -0.9484
vn 0.3808 -0.1180 -0.9171
vn 0.7524 -0.5863 -0.3001
vn -0.2565 -0.0408 0.9657
vn -0.2564 -0.0405 0.9657
vn -0.2554 -0.0425 0.9659
vn -0.2594 -0.0411 0.9649
vn 0.4918 0.1377 -0.8598
vn 0.2769 0.5162 -0.8105
vn -0.2506 0.2295 0.9405
vn 0.4130 -0.2819 -0.8660
vn 0.2582 -0.2730 -0.9267
vn -0.0033 -0.9377 -0.3475
vn 0.5716 -0.7351 -0.3646
vn 0.9187 -0.3089 0.2462
vn 0.9987 -0.0472 -0.0168
vn 0.3376 0.9369 0.0905
vn 0.3524 0.9330 0.0736
vn -0.0860 0.1670 0.9822
vn 0.0933 0.2151 -0.9721
vn 0.1261 -0.9764 0.1753
vn 0.0149 0.2707 -0.9626
vn -0.1866 0.6742 0.7145
vn -0.1547 0.7267 0.6692
vn -0.1732 0.7979 0.5773
vn -0.2027 0.5157 0.8324
vn -0.1905 0.6938 0.6945
vn 0.3065 -0.5791 -0.7554
vn -0.5781 -0.0409 -0.8149
vn -0.1015 0.4183 -0.9026
vn 0.3869 -0.1368 -0.9119
vn 0.4821 -0.8027 -0.3512
vn 0.2858 -0.0630 -0.9562
vn 0.0027 0.9980 -0.0625
vn -0.0973 0.9640 0.2476
vn -0.0071 0.9887 0.1499
vn -0.1483 0.8488 0.5074
vn -0.1046 0.9150 0.3896
vn -0.1837 0.3631 -0.9134
vn -0.5415 0.3770 -0.7514
vn 0.2262 0.4613 -0.8579
vn 0.5294 0.3898 -0.7535
vn 0.8929 0.3582 -0.2729
vn 0.0166 0.7159 -0.6980
vn 0.9573 -0.0761 0.2788
vn 0.9680 0.2451 0.0534
vn 0.0627 0.9591 0.2759
vn 0.6447 0.7644 -0.0071
vn 0.4638 -0.3370 0.8193
vn 0.7591 0.3350 0.5581
vn 0.8594 0.4660 -0.2104
vn 0.1647 0.9451 -0.2824
vn 0.1382 0.9559 -0.2592
vn 0.8653 0.4384 -0.2429
vn 0.2530 0.9228 0.2907
vn 0.1738 0.9185 -0.3551
vn 0.9676 0.0025 0.2524
vn 0.9660 0.0000 0.2584
vn 0.9812 0.0307 0.1905
vn 0.9809 0.0254 0.1928
vn 0.9808 0.0234 0.1937
vn 0.8521 0.1647 -0.4968
vn 0.8990 0.0274 -0.4371
vn 0.7891 -0.5343 0.3030
vn 0.9813 0.0326 0.1896
vn 0.4176 0.4103 -0.8107
vn 0.9755 -0.1765 0.1311
vn 0.9822 -0.1512 0.1112
vn 0.9882 0.0000 0.1533
vn 0.9560 -0.1370 0.2593
vn 0.8240 -0.5168 0.2325
vn 0.9526 0.0000 -0.3043
vn 0.9934 0.0334 0.1098
vn 0.8726 -0.3326 0.3577
vn 0.0515 0.2666 -0.9624
vn 0.0418 -0.8813 0.4707
vn 0.6501 -0.6654 -0.3669
vn 0.6481 -0.6818 -0.3392
vn 0.9140 -0.3634 0.1805
vn 0.9812 -0.1006 -0.1646
vn 0.1135 -0.9860 0.1219
vn 0.1639 0.2202 -0.9616
vn 0.6758 -0.4543 -0.5804
vn 0.6751 -0.4999 -0.5426
vn 0.0028 -0.9990 -0.0453
vn 0.0485 -0.9798 -0.1941
vn -0.0039 -0.9925 0.1225
vn -0.1137 -0.9222 0.3695
vn -0.1140 -0.9221 0.3697
vn -0.1125 -0.9227 0.3688
vn 0.6368 -0.7217 -0.2714
vn 0.4309 -0.2872 -0.8555
vn 0.6485 -0.6937 -0.3133
vn -0.1530 -0.9847 -0.0827
vn 0.5982 -0.7240 -0.3434
vn 0.1841 -0.9003 -0.3944
vn 0.8218 0.3590 -0.4424
vn 0.5260 -0.1682 -0.8337
vn 0.7534 0.4334 -0.4946
vn 0.5769 0.6070 -0.5466
vn 0.5770 0.6069 -0.5466
vn 0.8054 0.4292 0.4089
vn 0.0078 0.9998 -0.0202
vn 0.9948 0.0499 0.0882
vn 0.9079 0.3105 -0.2815
vn 0.1322 0.9434 -0.3041
vn 0.7657 -0.3010 -0.5684
vn 0.7150 0.6335 -0.2958
vn -0.2609 0.5703 0.7789
vn 0.8176 -0.5745 -0.0394
vn 0.9056 -0.2063 -0.3706
vn 0.9913 -0.1222 0.0484
vn 0.9632 -0.1915 -0.1884
vn 0.9964 -0.0735 0.0433
vn 0.4963 0.0719 -0.8652
vn 0.3197 -0.3211 -0.8915
vn 0.9922 -0.0914 0.0848
vn 0.2236 0.5051 -0.8336
vn 0.2237 0.5051 -0.8336
vn 0.2238 0.5051 -0.8336
vn 0.9657 -0.2227 0.1338
vn 0.9418 0.2807 -0.1848
vn 0.9757 0.0577 0.2111
vn 0.9487 0.1990 -0.2458
vn 0.9947 0.0806 0.0633
vn 0.9928 0.1170 0.0240
vn 0.9670 0.0212 0.2539
vn 0.3887 0.9158 0.1012
vn 0.9638 -0.0034 0.2667
vn 0.8324 0.4114 -0.3713
vn 0.0333 0.9524 0.3030
vn 0.0488 0.9904 -0.1296
vn 0.5190 0.7555 -0.3998
vn -0.0505 0.9907 0.1267
vn -0.0599 0.9323 0.3568
vn 0.9686 0.0190 0.2479
vn 0.9728 0.0128 0.2311
vn 0.1062 -0.9151 -0.3891
vn 0.1032 -0.9162 -0.3871
vn 0.1072 -0.9129 -0.3938
vn 0.0748 -0.9722 -0.2219
vn 0.1580 -0.8090 -0.5662
vn 0.1043 -0.9131 -0.3941
vn 0.1537 -0.7394 -0.6555
vn 0.1420 -0.8210 -0.5530
vn 0.1482 -0.8200 -0.5529
vn 0.1493 -0.8198 -0.5528
vn -0.0454 -0.9975 0.0536
vn -0.1122 -0.9228 0.3686
vn -0.0538 -0.9672 0.2482
vn 0.2224 -0.5818 -0.7824
vn 0.1926 -0.6675 -0.7193
vn 0.1917 -0.5131 -0.8366
vn 0.3329 -0.4129 -0.8477
vn 0.2193 -0.3539 -0.9092
vn -0.2177 -0.6197 0.7540
vn 0.7691 -0.5950 -0.2333
vn 0.9570 -0.0267 -0.2890
vn 0.9593 -0.0847 -0.2693
vn 0.9176 -0.1805 -0.3543
vn 0.2421 -0.2973 -0.9236
vn 0.2677 -0.0436 -0.9625
vn 0.2678 -0.0430 -0.9625
vn 0.2760 -0.0502 -0.9598
vn 0.2768 -0.0507 -0.9596
vn -0.2459 -0.3233 0.9138
vn -0.2593 -0.0433 0.9648
vn -0.2602 -0.0406 0.9647
vn -0.2388 -0.3378 0.9104
vn -0.2404 -0.3370 0.9103
vn -0.2304 -0.3421 0.9110
vn -0.3104 -0.5917 0.7440
vn -0.1965 -0.5709 0.7971
vn -0.1969 -0.5699 0.7977
vn -0.1955 -0.5729 0.7960
vn -0.2289 -0.3428 0.9111
vn 0.9591 0.1005 -0.2648
vn 0.8666 0.3841 -0.3185
vn 0.2418 0.2309 -0.9425
vn 0.2484 0.2247 -0.9422
vn 0.2411 0.2306 -0.9427
vn 0.3798 0.1940 -0.9045
vn 0.2512 0.2319 -0.9398
vn -0.2505 0.2286 0.9407
vn -0.2514 0.2263 0.9410
vn 0.2235 0.5051 -0.8336
vn 0.2384 0.4685 -0.8507
vn 0.2465 0.4659 -0.8498
vn 0.2366 0.4691 -0.8509
vn -0.2247 0.4839 0.8458
vn -0.2247 0.4840 0.8457
vn -0.2250 0.4835 0.8460
vn -0.1188 0.7515 -0.6489
vn 0.1766 0.6986 -0.6934
vn 0.1948 0.6731 -0.7134
vn 0.1944 0.6722 -0.7144
vn 0.1961 0.6753 -0.7110
vn 0.3387 0.8473 -0.4092
vn 0.0122 0.9887 -0.1491
vn 0.0044 0.9976 0.0694
vn -0.1012 0.9431 0.3169
vn -0.1065 0.8473 0.5203
vn -0.1746 -0.9617 0.2113
vn -0.1108 -0.8515 0.5125
vn -0.1709 -0.7774 0.6053
vn 0.0039 -0.8730 0.4877
vn -0.5920 -0.7354 0.3298
vn -0.1117 -0.9103 0.3987
vn -0.1747 -0.6799 0.7122
vn -0.2250 0.4834 0.8460
vn 0.1965 0.6761 -0.7101
vn -0.2148 0.5948 0.7747
vn -0.1454 0.6881 0.7108
vn -0.1859 0.6850 0.7044
vn -0.1862 0.6855 0.7039
vn -0.1860 0.6851 0.7043
vn -0.1784 0.7796 0.6003
vn 0.1041 0.8860 -0.4518
vn 0.1018 0.9572 -0.2708
vn 0.1652 0.8084 -0.5650
vn -0.0400 0.9988 0.0289
vn -0.0474 0.9653 0.2570
vn -0.1478 0.8709 0.4688
vn 0.0550 -0.9684 -0.2432
vn 0.0471 -0.9971 -0.0605
vn 0.1034 -0.9134 -0.3938
vn 0.1120 -0.9307 -0.3484
vn 0.1410 -0.8212 -0.5529
vn -0.0502 -0.9814 0.1855
vn -0.0847 -0.9325 0.3511
vn 0.2198 -0.5155 -0.8282
vn 0.2234 -0.6668 -0.7109
vn 0.1944 -0.5729 -0.7963
vn 0.1957 -0.5738 -0.7953
vn 0.1953 -0.5735 -0.7955
vn 0.2515 -0.3482 -0.9030
vn 0.2461 -0.3144 -0.9168
vn 0.1851 -0.7724 -0.6076
vn -0.1902 -0.6950 0.6934
vn -0.1479 -0.7870 0.5990
vn -0.1468 -0.7884 0.5975
vn -0.1504 -0.7841 0.6022
vn -0.1951 -0.5737 0.7955
vn -0.2765 -0.0346 0.9604
vn -0.2421 -0.3655 0.8988
vn -0.2602 -0.0462 0.9645
vn -0.2569 -0.0514 0.9651
vn -0.2596 -0.0546 0.9642
vn -0.2928 0.2322 0.9275
vn -0.2486 0.1906 0.9497
vn -0.2492 0.1906 0.9495
vn -0.2450 0.1902 0.9507
vn -0.2388 0.4985 0.8334
vn -0.2460 0.3069 0.9194
vn -0.2459 0.3067 0.9195
vn -0.2462 0.3073 0.9192
vn -0.2050 0.5115 0.8345
vn -0.1858 0.6849 0.7046
vn 0.0568 0.9442 -0.3245
vn 0.1266 0.8305 -0.5424
vn 0.0502 0.9960 -0.0735
vn -0.0830 0.9723 0.2183
vn -0.0946 0.9130 0.3970
vn 0.0648 -0.9363 -0.3451
vn 0.0032 -0.9942 -0.1079
vn 0.0545 -0.9790 -0.1963
vn 0.0560 -0.9788 -0.1968
vn 0.0494 -0.9797 -0.1944
vn 0.1167 -0.9045 -0.4102
vn 0.1483 -0.7638 -0.6282
vn 0.1476 -0.7642 -0.6278
vn 0.1506 -0.7621 -0.6297
vn -0.0036 -0.9967 0.0814
vn -0.1514 -0.7830 0.6034
vn -0.2024 -0.8011 0.5633
vn -0.2139 -0.5997 0.7711
vn -0.2788 -0.3425 0.8972
vn 0.2568 -0.0458 -0.9654
vn 0.2579 -0.0479 -0.9650
vn 0.2568 -0.0434 -0.9655
vn 0.2579 -0.0522 -0.9648
vn 0.2513 0.2247 -0.9415
vn -0.2569 -0.0475 0.9653
vn -0.2448 0.1909 0.9506
vn -0.2500 0.2109 0.9450
vn -0.2542 0.2141 0.9432
vn -0.2540 0.2145 0.9431
vn 0.2563 0.2297 -0.9389
vn -0.2463 0.3076 0.9191
vn -0.1983 0.5006 0.8426
vn -0.2932 0.4723 0.8312
vn 0.2489 0.4651 -0.8495
vn 0.1265 0.7297 -0.6720
vn 0.2158 0.5011 -0.8380
vn 0.2156 0.5011 -0.8381
vn 0.2174 0.5016 -0.8373
vn 0.1385 0.8970 -0.4198
vn 0.1772 0.7275 -0.6628
vn 0.1019 0.8957 -0.4328
vn 0.1617 0.8433 -0.5125
vn 0.2192 0.5020 -0.8366
vn 0.0052 0.9909 -0.1349
vn -0.0017 0.9928 0.1195
vn -0.1113 0.9204 0.3748
vn -0.1278 0.8439 0.5211
vn 0.0981 -0.9064 -0.4109
vn 0.0482 -0.9798 -0.1940
vn 0.1035 -0.9316 -0.3485
vn 0.1512 -0.7617 -0.6301
vn -0.0575 -0.9938 0.0953
vn 0.1935 -0.6627 -0.7234
vn 0.1940 -0.5726 -0.7966
vn -0.3334 -0.5834 0.7406
vn -0.1814 -0.6749 0.7152
vn 0.2576 -0.0512 -0.9649
vn -0.2080 -0.5322 0.8207
vn -0.2364 -0.3058 0.9223
vn 0.2528 0.2319 -0.9393
vn -0.2436 0.6695 0.7018
vn 0.1983 0.7068 -0.6790
vn 0.1976 0.7044 -0.6817
vn 0.1973 0.7034 -0.6828
vn 0.0960 0.9648 -0.2448
vn -0.0486 0.9972 0.0568
vn -0.0554 0.9498 0.3080
vn 0.1696 -0.8091 -0.5627
vn 0.0444 -0.9963 -0.0738
vn -0.0462 -0.9831 0.1770
vn -0.0446 -0.9834 0.1758
vn -0.0504 -0.9823 0.1803
vn 0.1393 -0.9152 0.3782
vn -0.1150 -0.9143 0.3884
vn -0.1154 -0.9142 0.3886
vn -0.1140 -0.9146 0.3880
vn -0.1471 -0.8896 0.4324
vn 0.1469 -0.8178 -0.5564
vn 0.2264 -0.6599 -0.7165
vn 0.1965 -0.5588 -0.8057
vn 0.1950 -0.5573 -0.8071
vn 0.1955 -0.5578 -0.8066
vn 0.1908 -0.7321 -0.6539
vn 0.2252 -0.5088 -0.8309
vn 0.2216 -0.5069 -0.8330
vn 0.2260 -0.5091 -0.8305
vn 0.2265 -0.3410 -0.9124
vn -0.1911 -0.6822 0.7058
vn -0.1515 -0.7475 0.6467
vn -0.1972 -0.5536 0.8091
vn -0.2240 -0.5722 0.7889
vn -0.2229 -0.5736 0.7882
vn -0.2291 -0.5657 0.7921
vn -0.2414 -0.3311 0.9122
vn -0.2576 -0.0415 0.9654
vn -0.2533 0.2130 0.9436
vn -0.2310 0.4687 0.8526
vn -0.2300 0.4656 0.8546
vn -0.2313 0.4733 0.8500
vn -0.2293 0.4747 0.8498
vn 0.1986 0.7079 -0.6779
vn -0.1524 0.7257 0.6709
vn -0.1830 0.6813 0.7087
vn -0.1939 0.7958 0.5737
vn 0.0521 0.9561 -0.2882
vn 0.1086 0.8633 -0.4928
vn 0.0492 0.9976 -0.0493
vn -0.0985 0.9625 0.2527
vn -0.1469 0.8491 0.5074
vn -0.1046 0.9099 0.4015
vn -0.1086 0.9096 0.4010
vn -0.1044 0.9099 0.4014
vn 0.0817 -0.9412 -0.3279
vn 0.1516 -0.8243 -0.5455
vn 0.1453 -0.8237 -0.5480
vn 0.1488 -0.8265 -0.5428
vn -0.1135 -0.9147 0.3878
vn -0.1855 -0.7532 0.6311
vn -0.1852 -0.7534 0.6309
vn -0.1861 -0.7527 0.6315
vn 0.2209 -0.5065 -0.8335
vn 0.2529 -0.3305 -0.9093
vn 0.2502 -0.3326 -0.9093
vn 0.2531 -0.3306 -0.9092
vn 0.2471 -0.2989 -0.9217
vn 0.2607 -0.0610 -0.9635
vn 0.2552 0.2167 -0.9423
vn 0.2497 0.2130 -0.9446
vn 0.2479 0.2104 -0.9457
vn 0.2250 0.4831 -0.8462
vn 0.2276 0.4824 -0.8459
vn 0.2258 0.4829 -0.8460
vn -0.1695 0.6913 0.7024
vn 0.1248 0.9198 -0.3719
vn -0.0020 0.9951 -0.0984
vn -0.0049 0.9894 0.1451
vn 0.0043 -0.9943 -0.1064
vn -0.0519 -0.9820 0.1815
vn 0.0001 -1.0000 0.0049
vn 0.0008 -1.0000 0.0044
vn -0.0014 -1.0000 0.0061
vn -0.0538 -0.9590 0.2782
vn -0.2308 -0.5636 0.7931
vn -0.2488 -0.3164 0.9154
vn -0.2522 -0.3259 0.9111
vn -0.2512 -0.3230 0.9124
vn -0.2478 -0.3137 0.9166
vn -0.2262 -0.3391 0.9132
vn -0.1904 -0.5669 0.8014
vn 0.2562 0.2182 -0.9417
vn 0.0964 0.7157 -0.6917
vn 0.2248 0.4834 -0.8461
vn 0.1794 0.7669 -0.6161
vn 0.0851 0.9185 -0.3863
vn 0.1339 0.8826 -0.4506
vn 0.0703 0.9806 -0.1829
vn -0.0537 0.9938 0.0973
vn -0.1088 0.9097 0.4009
vn -0.0559 0.9620 0.2672
vn -0.1147 0.8681 0.4830
vn -0.1532 0.8049 0.5732
vn 0.0926 -0.9603 -0.2632
vn 0.0566 -0.9642 -0.2590
vn 0.0676 -0.9595 -0.2736
vn 0.1640 -0.7362 -0.6566
vn 0.1516 -0.8230 -0.5475
vn -0.2365 -0.9420 0.2382
vn -0.1864 -0.7525 0.6317
vn -0.1248 -0.8347 0.5364
vn 0.2005 -0.6442 -0.7381
vn 0.1969 -0.5592 -0.8053
vn 0.2596 -0.0555 -0.9641
vn -0.2575 -0.0417 0.9654
vn -0.2575 -0.0416 0.9654
vn -0.2442 -0.3391 0.9085
vn -0.8967 -0.0274 0.4417
vn -0.0114 -0.9992 -0.0396
vn -0.4243 -0.8619 0.2777
vn -0.9033 0.0000 0.4290
vn 0.2529 0.2200 -0.9421
vn -0.2486 0.2090 0.9458
vn -0.2530 0.2278 0.9403
vn -0.2291 0.4744 0.8500
vn -0.2293 0.4751 0.8495
vn 0.1904 0.6731 -0.7147
vn 0.1515 0.8033 -0.5760
vn 0.1890 0.6970 -0.6918
vn -0.1920 0.6692 0.7178
vn -0.1999 0.7575 0.6214
vn 0.0310 0.9730 -0.2287
vn 0.0188 0.9997 0.0145
vn 0.1482 -0.8195 -0.5535
vn -0.0022 -1.0000 0.0067
vn 0.0463 -0.9961 -0.0746
vn -0.6210 -0.7496 0.2289
vn 0.0538 -0.9102 -0.4108
vn 0.0578 -0.8669 0.4952
vn -0.5172 -0.7448 0.4216
vn -0.4543 -0.8831 -0.1173
vn -0.7660 -0.5231 0.3736
vn 0.1374 -0.8234 -0.5506
vn 0.2487 -0.6769 -0.6927
vn 0.1937 -0.5918 -0.7825
vn 0.1934 -0.7392 -0.6452
vn -0.1666 -0.6775 0.7164
vn -0.7494 -0.3152 0.5822
vn -0.1521 -0.8090 0.5678
vn -0.0840 -0.9694 -0.2308
vn -0.2329 -0.5253 0.8185
vn -0.5472 -0.4915 0.6776
vn -0.6644 0.0000 0.7473
vn -0.5038 0.0239 0.8635
vn 0.2460 0.2063 -0.9471
vn 0.2498 0.2112 -0.9450
vn 0.2508 0.2123 -0.9445
vn -0.8800 0.1548 0.4490
vn -0.8831 0.1881 0.4298
vn 0.2249 0.4834 -0.8460
vn 0.2420 0.4477 -0.8608
vn -0.6869 0.4092 0.6006
vn -0.1241 0.9917 -0.0333
vn -0.0629 0.9953 -0.0736
vn -0.1995 -0.3046 0.9314
vn 0.2107 0.6072 -0.7661
vn -0.6884 0.3309 0.6454
vn -0.6679 0.6419 0.3768
vn -0.1281 0.9913 -0.0305
vn -0.1209 -0.1484 0.9815
vn 0.1042 0.8836 -0.4565
vn 0.0538 0.9689 -0.2416
vn 0.1073 0.9366 -0.3335
vn 0.1535 0.8238 -0.5457
vn -0.0232 0.9997 -0.0020
vn 0.0534 0.9949 -0.0857
vn -0.1062 0.9513 0.2893
vn -0.0332 0.9837 0.1765
vn -0.6697 0.6078 0.4267
vn -0.0839 0.9466 -0.3114
vn -0.9662 0.0000 -0.2577
vn -0.8142 -0.1545 -0.5596
vn -0.9659 0.0000 -0.2587
vn -0.7694 -0.5496 -0.3255
vn -0.9658 0.0002 -0.2592
vn -0.9753 -0.1641 -0.1480
vn -0.9657 0.0004 -0.2596
vn -0.5816 -0.8091 0.0839
vn -0.0420 -0.9990 0.0178
vn -0.0017 -0.8166 0.5772
vn -0.2589 -0.9550 0.1450
vn 0.9830 0.0107 0.1831
vn -0.9657 0.0006 -0.2597
vn -0.7537 0.1184 -0.6465
vn -0.3261 -0.9315 0.1610
vn -0.7618 -0.6338 0.1337
vn -0.9534 -0.3013 -0.0173
vn -0.9636 0.0814 -0.2547
vn -0.9632 0.0169 -0.2684
vn -0.7921 0.0364 -0.6093
vn -0.1884 0.6633 -0.7242
vn -0.7073 0.3446 -0.6173
vn -0.0749 0.5321 -0.8434
vn -0.9875 0.0310 -0.1543
vn -0.9879 0.0123 -0.1544
vn -0.8513 0.2971 -0.4324
vn -0.7152 0.3676 -0.5945
vn -0.9638 0.0965 -0.2486
vn -0.9647 0.0945 -0.2458
vn -0.9621 0.0971 -0.2549
vn -0.9587 0.1221 -0.2570
vn 0.9659 0.0000 0.2587
vn -0.9880 0.0103 -0.1542
vn -0.9882 0.0021 -0.1529
vn -0.9879 0.0126 -0.1546
vn -0.9883 0.0000 -0.1526
vn -0.9613 0.0985 -0.2573
vn -0.9596 0.1145 -0.2571
vn -0.9008 -0.2978 0.3160
vn -0.9072 -0.3007 0.2942
vn -0.9540 0.1145 -0.2771
vn -0.9820 -0.0692 -0.1757
vn -0.4579 -0.8870 0.0591
vn -0.3236 -0.8447 0.4264
vn -0.2344 -0.8910 0.3887
vn 0.0138 -0.9999 0.0028
vn 0.0138 -0.9999 0.0019
vn 0.0138 -0.9999 0.0032
vn -0.0488 -0.9966 0.0668
vn 0.0138 -0.9999 0.0016
vn -0.0292 -0.9964 0.0792
vn -0.1346 -0.8949 0.4254
vn -0.0612 -0.9598 0.2738
vn -0.2365 -0.6148 0.7524
vn -0.3043 -0.5627 0.7686
vn -0.2241 -0.5001 0.8365
vn -0.2240 -0.5001 0.8365
vn -0.2241 -0.5000 0.8365
vn -0.2242 -0.5000 0.8365
vn -0.2281 -0.3335 0.9147
vn -0.3997 0.4822 0.7796
vn -0.2405 -0.3692 0.8977
vn -0.2077 -0.1759 0.9623
vn -0.1030 -0.3756 0.9210
vn -0.7354 -0.1437 0.6622
vn -0.2176 -0.1919 0.9570
vn -0.2318 0.6521 0.7219
vn 0.2191 0.5006 -0.8375
vn -0.2419 -0.2958 0.9241
vn 0.0053 -0.5144 0.8575
vn -0.0514 -0.5056 0.8612
vn -0.0512 -0.5041 0.8621
vn -0.0509 -0.5025 0.8631
vn -0.1209 -0.6023 0.7891
vn -0.1922 -0.6079 0.7704
vn -0.1944 -0.4081 0.8920
vn -0.2099 -0.5530 0.8063
vn -0.2202 -0.5829 0.7821
vn -0.1835 -0.6491 0.7383
vn -0.2038 -0.6619 0.7214
vn -0.2042 -0.6613 0.7218
vn -0.2030 -0.6632 0.7203
vn -0.9754 -0.0490 -0.2149
vn -0.9670 0.0000 -0.2550
vn -0.9612 0.0992 -0.2572
vn -0.9660 0.0000 -0.2585
vn -0.9652 0.0020 -0.2615
vn -0.9660 0.0002 -0.2584
vn -0.7881 0.6156 -0.0011
vn -0.8631 0.4216 0.2781
vn -0.2063 0.8433 0.4963
vn -0.1010 0.4444 0.8901
vn -0.7163 0.4999 0.4868
vn -0.2222 0.5129 0.8292
vn -0.5864 0.3438 0.7334
vn -0.9355 0.0108 -0.3532
vn -0.9656 -0.0012 -0.2600
vn -0.9647 0.0024 -0.2633
vn -0.9647 -0.0004 -0.2633
vn -0.9654 0.0003 -0.2608
vn -0.9658 0.0006 -0.2594
vn -0.9659 -0.0002 -0.2590
vn -0.9654 -0.0005 -0.2607
vn -0.9662 0.0004 -0.2578
vn -0.3021 0.0278 -0.9529
vn -0.5676 -0.0859 -0.8188
vn -0.9660 0.0001 -0.2585
vn -0.9663 -0.0001 -0.2575
vn 0.1544 -0.1909 -0.9694
vn -0.2759 -0.1513 -0.9492
vn -0.9662 0.0007 -0.2578
vn -0.7673 -0.1088 -0.6320
vn -0.9156 0.0038 -0.4022
vn -0.9662 0.0009 -0.2578
vn -0.8604 -0.1020 -0.4992
vn -0.9926 0.0628 0.1042
vn -0.9642 -0.0676 -0.2564
vn -0.9675 0.0206 -0.2520
vn -0.8394 0.3652 0.4026
vn -0.9998 0.0030 -0.0179
vn -0.9960 -0.0007 -0.0899
vn -0.9959 -0.0006 -0.0908
vn -0.9960 -0.0008 -0.0897
vn -0.9975 0.0144 -0.0689
vn -0.9960 -0.0007 -0.0896
vn -0.9950 -0.0304 0.0949
vn -0.9336 -0.0858 0.3479
vn -0.8794 -0.1774 0.4418
vn -0.9487 -0.1499 0.2785
vn -0.8710 -0.1565 0.4656
vn -0.9962 0.0869 0.0065
vn -0.9798 0.0395 -0.1962
vn -0.7864 0.5732 0.2303
vn -0.6821 0.6499 -0.3352
vn -0.3685 0.4525 0.8121
vn -0.1320 0.8638 0.4862
vn -0.1260 0.8647 0.4861
vn -0.1282 0.8649 0.4853
vn -0.1289 0.8662 0.4828
vn -0.8677 0.0957 0.4877
vn -0.2485 -0.2796 0.9274
vn -0.2151 0.2369 0.9474
vn -0.1295 0.8660 0.4830
vn 0.0301 0.1437 0.9892
vn 0.2517 0.2363 -0.9385
vn 0.2557 0.2328 -0.9383
vn 0.2517 0.2391 -0.9378
vn -0.2438 -0.2282 0.9426
vn -0.2416 -0.2274 0.9434
vn -0.2428 -0.2278 0.9429
vn -0.2532 -0.2321 0.9392
vn -0.2522 -0.2380 0.9379
vn -0.2493 -0.2392 0.9384
vn -0.2483 -0.2426 0.9378
vn 0.2552 0.1666 -0.9524
vn 0.2562 0.1647 -0.9525
vn 0.2555 0.1672 -0.9523
vn -0.2550 -0.1449 0.9560
vn -0.2561 -0.1431 0.9560
vn -0.2560 -0.1430 0.9560
vn -0.2558 -0.1438 0.9560
vn -0.2587 -0.1118 0.9595
vn -0.2579 -0.1086 0.9601
vn -0.2581 -0.1091 0.9599
vn -0.2701 -0.0923 0.9584
vn -0.2546 -0.1459 0.9560
vn -0.2458 -0.0990 0.9643
vn -0.2130 -0.1161 0.9701
vn -0.1317 -0.1076 0.9854
vn -0.2072 -0.0640 0.9762
vn -0.2509 -0.2380 0.9383
vn -0.2506 -0.2340 0.9394
vn -0.2476 -0.2386 0.9390
vn -0.2538 -0.2368 0.9378
vn -0.2575 -0.0053 0.9663
vn -0.2702 0.0122 0.9627
vn 0.2500 -0.1169 -0.9612
vn -0.2676 0.0812 0.9601
vn -0.2569 0.0649 0.9643
vn 0.2708 -0.1762 -0.9464
vn -0.2468 0.1431 0.9585
vn 0.2477 -0.2527 -0.9353
vn 0.2479 -0.2529 -0.9352
vn 0.2480 -0.2530 -0.9351
vn 0.2445 -0.2487 -0.9372
vn -0.2643 0.1890 0.9457
vn -0.2522 0.2752 0.9277
vn -0.2354 0.2534 0.9383
vn -0.2559 0.3333 0.9074
vn -0.2226 0.3912 0.8930
vn -0.2596 0.4207 0.8693
vn -0.4382 -0.8704 -0.2242
vn -0.4917 -0.8699 -0.0381
vn -0.4453 -0.8874 -0.1193
vn -0.5261 -0.8504 -0.0018
vn -0.1972 -0.0374 -0.9797
vn -0.3771 -0.8904 -0.2550
vn -0.4839 -0.8654 -0.1297
vn -0.9363 -0.2469 -0.2497
vn -0.8286 -0.0819 -0.5538
vn -0.5551 0.0713 0.8288
vn -0.9556 -0.2093 0.2076
vn -1.0000 0.0000 -0.0034
vn -0.8677 0.0000 -0.4970
vn 0.2769 -0.3432 -0.8975
vn -0.3083 -0.5107 -0.8026
vn 0.0221 -0.3992 -0.9166
vn -0.2631 0.0000 -0.9648
vn 0.2497 -0.3310 -0.9100
vn 0.2502 -0.3333 -0.9090
vn -0.9659 0.0001 -0.2589
vn -0.9659 -0.0001 -0.2588
vn -0.9659 -0.0001 -0.2587
vn -0.9660 -0.0005 -0.2587
vn -0.9371 -0.3322 0.1073
vn -0.8721 -0.4834 0.0761
vn -0.9659 0.0001 -0.2588
vn -0.9947 -0.0270 -0.0988
vn -0.8752 -0.4515 0.1738
vn -0.8349 -0.4084 0.3689
vn -0.7436 -0.5175 0.4234
vn -0.9973 -0.0672 0.0293
vn -0.9245 -0.3741 -0.0732
vn -0.3047 -0.7765 0.5516
vn -0.2696 -0.8434 0.4648
vn -0.5759 -0.1599 -0.8018
vn -0.9692 0.0121 -0.2459
vn -0.9788 -0.2002 -0.0420
vn -0.9857 -0.1645 -0.0355
vn -0.9705 0.0643 0.2323
vn -0.8374 -0.2246 0.4983
vn -0.6928 -0.3067 0.6527
vn -0.2105 -0.5424 0.8133
vn -0.2120 -0.5413 0.8137
vn -0.2058 -0.5461 0.8121
vn -0.2344 -0.3556 0.9048
vn 0.2626 -0.0656 -0.9627
vn -0.2565 -0.0381 0.9658
vn -0.2558 -0.0396 0.9659
vn -0.2585 -0.0336 0.9654
vn 0.2447 0.2046 -0.9478
vn -0.9663 0.1889 -0.1746
vn -0.9397 0.2458 -0.2378
vn -0.9700 0.0090 0.2430
vn -0.2603 0.1543 0.9531
vn -0.2610 0.1560 0.9526
vn -0.2573 0.1473 0.9550
vn -0.2565 0.1453 0.9556
vn -0.3568 0.3689 -0.8583
vn 0.1456 -0.5814 -0.8005
vn -0.9659 0.0003 -0.2588
vn -0.9734 0.0082 -0.2289
vn -0.9970 -0.0002 0.0780
vn -0.8928 0.3812 -0.2399
vn -0.9680 -0.0196 -0.2502
vn -0.2449 0.2936 0.9240
vn 0.1919 0.6168 -0.7633
vn -0.4211 0.5622 -0.7117
vn 0.1356 -0.0469 -0.9897
vn -0.2005 0.9651 0.1683
vn -0.9459 0.0000 0.3246
vn -0.9658 0.0183 -0.2585
vn -0.9711 0.0000 -0.2387
vn -0.9335 0.3586 -0.0032
vn -0.9948 0.0058 -0.1017
vn -0.9603 0.2272 -0.1617
vn -0.3900 0.8149 -0.4288
vn 0.0533 0.9419 -0.3315
vn -0.3646 0.9034 0.2257
vn -0.5329 0.8405 0.0984
vn -0.2475 0.9660 -0.0743
vn -0.2474 0.9659 -0.0759
vn -0.2479 0.9664 -0.0680
vn 0.0521 0.8980 -0.4369
vn -0.4651 0.8657 0.1849
vn -0.2480 0.9665 -0.0665
vn -0.9585 0.0000 0.2851
vn 0.2084 0.0052 -0.9780
vn -0.7538 0.5597 -0.3444
vn -1.0000 -0.0002 -0.0035
vn -1.0000 -0.0001 -0.0036
vn -1.0000 -0.0003 -0.0034
vn -1.0000 0.0000 -0.0037
vn 0.0019 -0.9608 0.2771
vn -0.0811 -0.9244 0.3727
vn -0.0685 -0.9597 0.2727
vn -0.0847 -0.9546 0.2855
vn -0.7855 -0.6097 0.1057
vn -0.1225 -0.8975 0.4237
vn -0.0304 -0.9884 0.1487
vn -0.0562 -0.9934 0.1004
vn -0.0740 -0.9591 0.2732
vn -0.0731 -0.9594 0.2724
vn -0.0772 -0.9580 0.2761
vn -0.0200 -0.9933 0.1139
vn -0.0486 -0.9870 0.1534
vn 0.1449 0.7451 -0.6510
vn 0.0943 0.8225 -0.5609
vn -0.9681 0.0126 -0.2504
vn -0.1293 -0.8455 0.5181
vn 0.0371 0.7354 -0.6767
vn 0.1491 0.7282 -0.6689
vn 0.2094 0.5863 -0.7825
vn 0.2076 0.5849 -0.7841
vn 0.2084 0.5843 -0.7843
vn 0.2110 0.5835 -0.7842
vn 0.1862 0.6894 -0.7001
vn 0.1917 0.6825 -0.7053
vn 0.1904 0.6846 -0.7036
vn -0.1671 0.5526 0.8165
vn -0.1549 0.5344 0.8309
vn 0.2794 0.3802 -0.8817
vn 0.2268 0.6633 -0.7131
vn 0.2345 0.4308 -0.8714
vn 0.2328 0.4326 -0.8710
vn 0.2327 0.4323 -0.8712
vn 0.2095 0.6860 -0.6968
vn -0.1296 0.8659 0.4831
vn -0.1294 0.8660 0.4830
vn -0.4034 0.6636 0.6300
vn -0.2256 0.1517 0.9623
vn 0.4424 -0.2118 0.8715
vn 0.0328 0.7639 0.6445
vn -0.1250 0.7443 0.6560
vn -0.1182 0.6456 0.7545
vn -0.1296 0.8658 0.4833
vn -0.0487 0.9538 0.2965
vn -0.3187 0.6118 0.7240
vn 0.1664 0.9858 0.0215
vn 0.1173 0.6837 -0.7203
vn 0.2336 0.4327 -0.8707
vn 0.2545 0.1661 -0.9527
vn 0.2609 0.0619 -0.9634
vn 0.2560 0.0687 -0.9642
vn 0.2618 0.0606 -0.9632
vn 0.2555 0.0695 -0.9643
vn 0.2616 -0.0054 -0.9652
vn 0.2654 -0.0104 -0.9641
vn 0.2613 -0.0049 -0.9653
vn 0.2658 -0.0108 -0.9640
vn 0.4071 0.0107 0.9133
vn -0.2590 -0.1130 0.9592
vn 0.1761 0.7639 -0.6209
vn -0.1455 0.1330 0.9804
vn 0.2619 -0.1288 -0.9565
vn 0.4070 -0.0545 0.9118
vn 0.2486 -0.3677 -0.8961
vn 0.2190 -0.4040 -0.8881
vn 0.2191 -0.4040 -0.8881
vn 0.2192 -0.4042 -0.8880
vn 0.2190 -0.4039 -0.8882
vn -0.0984 0.4185 0.9029
vn -0.9664 0.0074 -0.2569
vn -0.9679 0.0051 -0.2511
vn -0.9661 0.0081 -0.2582
vn -0.9576 0.0499 -0.2836
vn -0.9876 0.0188 -0.1558
vn 0.2136 -0.5106 -0.8329
vn 0.2238 -0.5266 -0.8201
vn -0.2154 0.4990 0.8394
vn -0.2288 0.4895 0.8415
vn -0.0861 0.3818 0.9202
vn 0.3182 -0.6297 -0.7086
vn -0.9679 0.0041 -0.2512
vn -0.9678 0.0034 -0.2517
vn -0.2131 0.5427 0.8124
vn -0.2308 0.5758 0.7843
vn -0.9685 0.0030 -0.2490
vn -0.9676 0.0037 -0.2526
vn -0.9494 -0.0400 -0.3117
vn -0.9474 -0.0409 -0.3176
vn -0.9479 -0.0406 -0.3160
vn -0.9498 -0.0399 -0.3103
vn -0.9665 0.2075 -0.1511
vn -0.9100 -0.3122 -0.2727
vn -0.9670 0.0290 -0.2530
vn -0.9852 0.1135 -0.1282
vn 0.1966 -0.6632 -0.7221
vn 0.1666 -0.7318 -0.6609
vn 0.1653 -0.7305 -0.6626
vn 0.1679 -0.7329 -0.6593
vn -0.2008 0.6399 0.7418
vn -0.1994 0.6389 0.7430
vn -0.2018 0.6425 0.7392
vn -0.1990 0.6419 0.7405
vn 0.1337 -0.7709 -0.6228
vn 0.1413 -0.8299 -0.5397
vn 0.1464 -0.8289 -0.5399
vn 0.1390 -0.8308 -0.5389
vn -0.1972 0.7012 0.6851
vn -0.1966 0.6997 0.6869
vn -0.1989 0.7056 0.6801
vn -0.1996 0.7073 0.6782
vn -0.1833 0.7361 0.6516
vn -0.9185 -0.3844 -0.0925
vn -0.8537 0.0490 -0.5184
vn -0.5233 -0.8436 0.1203
vn -0.9654 0.0000 -0.2607
vn -0.9658 -0.0001 -0.2593
vn -0.5854 -0.8010 0.1250
vn -0.8070 -0.2016 -0.5550
vn -0.9660 -0.0007 -0.2586
vn -0.0765 -0.9719 0.2228
vn -0.1155 -0.9222 0.3690
vn -0.0806 -0.9494 0.3037
vn -0.9672 -0.1545 -0.2018
vn -0.9672 -0.1562 -0.2002
vn -0.9670 -0.1489 -0.2069
vn -0.0468 -0.9989 0.0089
vn -0.0421 -0.9866 0.1577
vn -0.0419 -0.9866 0.1576
vn -0.0420 -0.9866 0.1577
vn -0.9659 -0.0009 -0.2588
vn -0.9659 -0.0004 -0.2590
vn -0.9660 0.0000 -0.2584
vn -0.9669 -0.1474 -0.2082
vn -0.9597 -0.0037 -0.2812
vn -0.2009 -0.9548 -0.2190
vn -0.1666 -0.9774 -0.1299
vn -0.1005 -0.9772 -0.1872
vn -0.9456 -0.2834 -0.1596
vn -0.8447 -0.3300 -0.4214
vn -0.9997 0.0000 -0.0262
vn -0.9987 -0.0512 -0.0034
vn -0.1240 -0.8780 0.4624
vn -0.1618 -0.7836 0.5999
vn -0.1892 -0.6772 0.7110
vn -0.1940 -0.6797 0.7074
vn -0.1917 -0.6824 0.7054
vn -0.1908 -0.6829 0.7051
vn -0.2044 -0.5472 0.8117
vn -0.2158 -0.5318 0.8189
vn -0.1851 -0.6764 0.7129
vn -0.1999 -0.8364 0.5104
vn -0.8927 -0.3828 -0.2378
vn -0.7922 0.0761 -0.6055
vn -0.9105 -0.3346 -0.2428
vn -0.8867 -0.4508 -0.1025
vn -0.5464 -0.1851 -0.8168
vn -0.4812 0.0000 -0.8766
vn -0.2412 -0.3711 0.8967
vn -0.2468 -0.3685 0.8962
vn -0.2399 -0.3752 0.8953
vn -0.2471 -0.3764 0.8929
vn -0.2542 -0.2062 0.9449
vn -0.2548 -0.2046 0.9451
vn -0.2520 -0.2115 0.9443
vn -0.2513 -0.2133 0.9441
vn -0.5485 -0.0342 -0.8355
vn -0.0640 -0.9777 -0.1999
vn -0.5830 0.0420 -0.8114
vn -0.2590 -0.0323 0.9653
vn -0.5262 0.1380 -0.8391
vn -0.5482 0.1878 -0.8150
vn 0.6661 -0.4496 0.5951
vn -0.0110 0.5019 -0.8649
vn -0.1644 0.5920 -0.7890
vn -0.2500 0.9659 -0.0670
vn -0.2377 0.3102 0.9205
vn -0.4862 0.3818 -0.7860
vn -0.6955 0.3518 -0.6265
vn -0.3871 0.0000 -0.9221
vn -0.1479 0.0000 -0.9890
vn -0.2171 0.3998 0.8905
vn -0.2326 0.4487 0.8629
vn -0.9613 -0.0479 -0.2714
vn -0.8786 0.3350 -0.3404
vn -0.9993 0.0247 -0.0282
vn -0.7990 0.0055 -0.6013
vn -0.8561 0.0981 -0.5074
vn -0.9583 0.0000 0.2858
vn -0.9074 0.3427 -0.2431
vn -0.9663 0.0013 -0.2575
vn -0.9663 0.0014 -0.2575
vn -0.9659 0.0028 -0.2588
vn -0.9666 0.0000 -0.2562
vn -0.9491 0.1733 -0.2631
vn -0.9967 0.0112 -0.0807
vn -0.2260 0.5700 0.7899
vn -0.1923 0.6507 0.7346
vn -0.2193 0.5507 0.8053
vn -0.8624 0.2843 -0.4188
vn -0.8908 0.4495 -0.0660
vn -0.9328 0.3593 0.0268
vn -0.9594 0.0281 -0.2807
vn -0.9665 0.0349 -0.2541
vn -0.1926 0.6768 0.7105
vn -0.1601 0.7863 0.5967
vn -0.1590 0.7883 0.5944
vn -0.1606 0.7855 0.5977
vn -0.1616 0.7390 0.6540
vn -0.4879 0.8465 0.2131
vn -0.5409 0.8302 0.1351
vn -0.1290 0.9123 0.3887
vn -0.0836 0.9330 0.3501
vn -0.9798 -0.0010 -0.1999
vn -0.9659 0.0032 -0.2588
vn -0.1564 0.8445 0.5123
vn -0.1268 0.8789 0.4599
vn -0.1585 0.7891 0.5934
vn -0.8525 -0.0309 -0.5218
vn -0.9669 0.0010 -0.2552
vn -0.9669 0.0017 -0.2551
vn -0.9670 0.0050 -0.2548
vn -0.9670 0.0059 -0.2546
vn -0.6599 0.6454 -0.3849
vn -0.4805 0.7545 -0.4470
vn -0.9635 -0.0010 -0.2676
vn -0.9651 -0.0038 -0.2620
vn -0.9638 -0.0014 -0.2667
vn -0.9652 -0.0040 -0.2615
vn -0.1173 0.8749 -0.4698
vn -0.1382 0.7758 -0.6157
vn -0.7960 -0.5942 0.1151
vn -0.7337 -0.6505 0.1966
vn -0.3060 -0.9159 0.2599
vn -0.7125 -0.7017 0.0010
vn -0.9528 0.1590 -0.2584
vn -0.9392 -0.2380 -0.2477
vn -0.9574 -0.2484 -0.1476
vn -0.3048 -0.8904 0.3380
vn -0.1174 -0.8917 0.4372
vn -0.1169 -0.8934 0.4338
vn -0.1238 -0.8902 0.4383
vn -0.1175 -0.8919 0.4366
vn -0.3332 0.8552 -0.3971
vn 0.1292 0.9110 -0.3916
vn -0.0648 -0.9554 0.2881
vn 0.1302 0.8627 -0.4887
vn 0.1641 0.7933 -0.5862
vn 0.1302 0.8353 -0.5342
vn -0.0063 -1.0000 -0.0055
vn -0.0048 -1.0000 -0.0073
vn -0.0110 -0.9999 0.0003
vn -0.1001 -0.9471 0.3050
vn -0.0135 -0.9903 0.1385
vn -0.1185 -0.8532 0.5080
vn 0.1828 0.7510 -0.6345
vn 0.1915 0.6897 -0.6983
vn 0.1877 0.6791 -0.7096
vn 0.1919 0.6899 -0.6980
vn 0.2095 0.5873 -0.7818
vn 0.2139 0.5844 -0.7827
vn 0.2387 0.5964 -0.7664
vn 0.8278 0.5044 -0.2456
vn 0.9861 0.0085 0.1661
vn 0.8352 0.4344 -0.3373
vn 0.1316 0.6854 -0.7162
vn 0.2270 0.5606 -0.7964
vn 0.1984 0.6322 -0.7490
vn 0.2203 0.6702 -0.7087
vn -0.1027 0.3496 0.9312
vn -0.1827 0.8590 0.4783
vn 0.2336 0.4308 -0.8717
vn 0.2410 0.3122 -0.9189
vn 0.2458 0.3079 -0.9191
vn 0.2385 0.3154 -0.9185
vn 0.2470 0.3058 -0.9195
vn -0.2458 -0.2823 0.9273
vn -0.2430 -0.2849 0.9272
vn -0.2458 -0.2822 0.9273
vn -0.1402 0.6328 0.7615
vn 0.2506 0.2356 -0.9390
vn 0.2547 0.1653 -0.9528
vn 0.2545 0.1151 -0.9602
vn 0.2561 0.1126 -0.9601
vn 0.2540 0.1159 -0.9602
vn 0.2562 0.1122 -0.9601
vn 0.3310 0.0887 -0.9395
vn 0.2538 -0.0005 -0.9672
vn 0.8243 0.4880 -0.2871
vn 0.1365 0.8885 -0.4381
vn 0.9097 0.3260 0.2573
vn 0.0984 0.9108 -0.4009
vn 0.9660 -0.0003 0.2584
vn 0.9659 -0.0001 0.2590
vn 0.9659 -0.0000 0.2590
vn 0.1369 0.8407 -0.5239
vn 0.9659 0.0010 0.2590
vn 0.9658 0.0020 0.2594
vn 0.9648 -0.0002 0.2629
vn 0.9651 0.0018 0.2619
vn 0.9654 0.0010 0.2608
vn 0.9651 0.0007 0.2618
vn 0.9648 0.0008 0.2630
vn 0.9650 -0.0012 0.2622
vn 0.9662 0.0000 0.2579
vn 0.9662 0.0003 0.2578
vn 0.5701 -0.8210 0.0314
vn 0.1405 -0.9036 -0.4048
vn 0.3736 -0.4605 -0.8052
vn 0.2136 -0.5499 -0.8074
vn 0.5412 -0.8369 0.0820
vn 0.1788 -0.6085 -0.7731
vn 0.2145 -0.6416 -0.7365
vn -0.2265 0.4479 0.8649
vn 0.1864 -0.7276 -0.6602
vn 0.1432 -0.8256 -0.5458
vn -0.1987 0.6418 0.7407
vn -0.1988 0.6417 0.7407
vn -0.1844 0.6682 0.7208
vn -0.1813 0.7431 0.6442
vn -0.1679 0.7227 0.6705
vn 0.9606 -0.0016 0.2779
vn -0.1952 0.5324 0.8237
vn -0.9705 0.0184 -0.2404
vn -0.9668 0.0175 -0.2549
vn 0.1430 -0.8234 -0.5492
vn 0.1115 -0.8973 -0.4271
vn 0.1103 -0.8970 -0.4281
vn 0.1066 -0.8968 -0.4295
vn 0.1151 -0.8974 -0.4259
vn 0.1181 -0.8979 -0.4241
vn 0.1685 -0.7850 -0.5961
vn -0.1667 0.7491 0.6412
vn -0.1439 0.8300 0.5389
vn -0.1426 0.8286 0.5414
vn -0.1456 0.8288 0.5403
vn -0.1447 0.8278 0.5421
vn -0.1824 0.7763 0.6033
vn -0.9683 -0.0112 -0.2495
vn -0.9638 -0.0012 -0.2667
vn -0.9638 -0.0010 -0.2665
vn -0.9641 -0.0005 -0.2657
vn -0.9641 -0.0003 -0.2655
vn -0.1436 0.8270 0.5435
vn -0.1428 0.8705 0.4710
vn -0.1131 0.8993 0.4224
vn -0.1154 0.8985 0.4236
vn -0.1138 0.8991 0.4227
vn -0.1137 0.8991 0.4227
vn -0.1216 0.8963 0.4264
vn -0.1216 0.8958 0.4275
vn 0.9719 0.0872 0.2189
vn -0.1030 0.8326 0.5442
vn -0.0291 0.8208 0.5704
vn 0.0285 -0.9477 -0.3178
vn 0.0804 -0.9609 -0.2651
vn -0.9698 -0.0156 -0.2433
vn -0.9688 -0.0169 -0.2474
vn -0.9675 -0.0182 -0.2521
vn -0.1030 0.9848 0.1399
vn -0.0809 0.9499 0.3018
vn -0.0809 0.9510 0.2984
vn -0.0822 0.9512 0.2976
vn -0.9700 -0.0156 -0.2428
vn -0.7654 -0.1873 -0.6156
vn 0.0913 -0.9034 -0.4189
vn 0.0882 -0.9454 -0.3138
vn 0.0864 -0.9438 -0.3189
vn 0.0868 -0.9442 -0.3176
vn 0.1257 -0.8756 -0.4664
vn -0.8999 -0.1194 -0.4193
vn -0.0585 -0.9980 0.0252
vn -0.1285 -0.8838 0.4499
vn -0.3568 -0.8189 0.4496
vn -0.3570 -0.8202 0.4471
vn -0.3568 -0.8186 0.4501
vn -0.2867 -0.9077 0.3065
vn -0.2839 -0.8836 0.3723
vn -0.4505 -0.7312 0.5123
vn -0.3570 -0.8204 0.4466
vn -0.1475 -0.7988 0.5833
vn -0.7797 0.0000 -0.6262
vn -0.9658 0.0015 -0.2594
vn -0.9061 -0.2840 -0.3136
vn -0.9657 -0.0026 -0.2597
vn -0.9657 -0.0029 -0.2598
vn -0.3222 -0.5104 0.7973
vn -0.3855 -0.4332 0.8147
vn -0.2485 -0.3764 0.8925
vn -0.3349 -0.2841 0.8984
vn -0.9659 -0.0006 -0.2588
vn -0.1949 -0.8000 0.5675
vn -0.4215 -0.1620 0.8922
vn -0.9798 -0.1924 -0.0550
vn -0.2962 -0.0424 0.9542
vn -0.8610 0.0178 -0.5082
vn -0.9394 -0.2057 -0.2743
vn -0.8645 -0.0091 -0.5026
vn -0.9176 0.2454 -0.3126
vn -0.9149 -0.3777 -0.1425
vn -0.8446 0.1075 0.5245
vn -0.3849 -0.5730 0.7235
vn -0.9659 0.0004 -0.2590
vn -0.9432 0.2156 -0.2527
vn -0.8905 0.2035 0.4070
vn -0.8475 0.0000 0.5308
vn -0.9656 0.0003 -0.2602
vn -0.9655 0.0000 -0.2603
vn -0.6911 0.3861 0.6110
vn -0.0860 0.9932 -0.0785
vn -0.1914 -0.2348 0.9530
vn -0.9639 0.0232 -0.2652
vn -0.8162 0.1180 0.5656
vn -0.8301 0.4551 0.3222
vn -0.6309 0.0000 0.7759
vn 0.7512 -0.6287 0.2013
vn -0.7389 0.6007 -0.3053
vn -0.9997 -0.0122 -0.0219
vn -0.8589 0.3698 -0.3544
vn -0.9606 0.0215 -0.2772
vn -0.5554 0.5654 0.6098
vn -0.3354 0.9378 -0.0899
vn -0.5445 0.7188 0.4323
vn -0.5445 0.7184 0.4329
vn -0.1328 0.9896 0.0561
vn -0.0764 -0.1475 0.9861
vn -0.9658 0.0003 -0.2593
vn -0.5386 -0.8420 0.0297
vn -0.9658 0.0005 -0.2594
vn -0.9632 -0.1139 -0.2435
vn -0.8199 -0.5709 -0.0419
vn -0.5480 -0.7898 0.2755
vn -0.9661 0.0006 -0.2581
vn -0.9729 -0.2307 -0.0162
vn 0.2064 0.6720 -0.7112
vn -0.9958 0.0464 -0.0788
vn -0.9373 0.2419 -0.2511
vn -0.9564 0.1404 -0.2562
vn -0.9909 0.0007 -0.1344
vn -0.9625 0.0340 -0.2691
vn -0.9122 0.0806 -0.4018
vn -0.3863 0.8946 0.2247
vn -0.1866 0.9823 0.0185
vn -0.8913 0.4316 -0.1391
vn -0.9670 0.0275 -0.2534
vn -0.8434 0.4489 -0.2953
vn -0.9641 0.0090 -0.2654
vn -0.9647 0.0101 -0.2630
vn -0.9639 0.0088 -0.2660
vn -0.5412 0.8336 -0.1104
vn -0.9648 0.0103 -0.2626
vn -0.9598 0.1396 -0.2434
vn -0.0848 -0.9964 0.0041
vn -0.3935 -0.9138 0.1004
vn -0.0404 -0.9899 0.1356
vn -0.0172 -0.9887 0.1492
vn -0.0606 -0.9693 0.2382
vn -0.0589 -0.9688 0.2409
vn -0.0601 -0.9690 0.2398
vn -0.0916 -0.9363 0.3389
vn -0.0911 -0.9359 0.3403
vn -0.0896 -0.9366 0.3389
vn -0.0896 -0.9367 0.3384
vn -0.0618 -0.9699 0.2355
vn -0.1023 0.9509 -0.2921
vn -0.7851 0.3585 -0.5051
vn 0.1185 0.8818 -0.4566
vn 0.0717 0.9475 -0.3117
vn 0.0716 0.9477 -0.3110
vn 0.0715 0.9462 -0.3155
vn 0.1020 0.9347 -0.3404
vn 0.0715 0.9457 -0.3170
vn -0.1142 0.9418 0.3161
vn -0.5444 0.7192 0.4317
vn -0.0635 0.9739 -0.2180
vn -0.0110 0.9994 0.0322
vn 0.0562 0.9922 -0.1115
vn -0.0089 0.9973 -0.0734
vn 0.0861 0.9732 -0.2133
vn 0.0589 0.9716 -0.2290
vn 0.0376 0.9769 -0.2105
vn 0.0990 0.9438 -0.3154
vn 0.0600 0.9648 -0.2562
vn -0.1169 -0.8917 0.4373
vn -0.1047 -0.9045 0.4134
vn -0.0128 0.9939 -0.1094
vn -0.0130 0.9940 -0.1089
vn -0.0079 0.9930 -0.1176
vn -0.0064 0.9995 0.0296
vn -0.0134 0.9940 -0.1083
vn -0.0156 0.9999 0.0026
vn 0.0456 0.9861 -0.1596
vn -0.0682 0.9785 0.1949
vn -0.0346 0.9890 0.1441
vn -0.6334 0.7608 0.1412
vn 0.0976 0.9227 -0.3729
vn 0.0976 0.9227 -0.3730
vn 0.0973 0.9228 -0.3727
vn 0.0992 0.9217 -0.3749
vn 0.1164 0.8712 -0.4769
vn 0.3956 0.7824 -0.4810
vn 0.1025 0.9374 -0.3329
vn -0.1121 -0.9338 0.3397
vn -0.0121 -0.9999 0.0017
vn -0.0598 -0.9904 0.1249
vn -0.1496 -0.8612 0.4858
vn -0.0750 -0.9178 0.3899
vn -0.2026 -0.6639 0.7198
vn 0.1546 0.7833 -0.6021
vn 0.1568 0.7824 -0.6026
vn 0.1565 0.7826 -0.6025
vn -0.1294 0.8660 0.4831
vn -0.0936 0.3637 0.9268
vn -0.1149 0.8525 0.5100
vn 0.5684 0.2579 0.7813
vn -0.0318 0.8814 0.4713
vn 0.0576 0.5658 0.8226
vn -0.1291 0.8659 0.4832
vn -0.1275 0.8661 0.4834
vn -0.1287 0.8658 0.4836
vn -0.1274 0.8662 0.4833
vn -0.9856 0.0837 0.1467
vn -0.2190 0.2058 0.9538
vn -0.1578 0.1773 0.9714
vn -0.9307 0.3654 -0.0162
vn -0.9108 0.1901 0.3666
vn -0.9151 0.3600 -0.1815
vn -0.8899 0.4198 -0.1783
vn -0.2499 0.0093 0.9682
vn -0.2102 -0.0136 0.9776
vn -0.6486 -0.7578 0.0711
vn 0.0606 -0.7602 -0.6469
vn 0.1895 -0.6498 -0.7361
vn -0.8733 -0.3915 0.2900
vn -0.2655 -0.3013 -0.9158
vn -0.2372 0.4355 0.8684
vn -0.3983 0.4650 0.7907
vn -0.4016 0.4612 0.7912
vn -0.3989 0.4642 0.7908
vn -0.2124 0.5782 0.7878
vn -0.2096 0.5538 0.8059
vn 0.1721 -0.7416 -0.6484
vn -0.9658 0.0181 -0.2586
vn -0.9623 0.0068 -0.2721
vn -0.3347 0.9422 0.0112
vn -0.1678 0.9730 0.1585
vn -0.0520 -0.9881 -0.1447
vn 0.0521 -0.9847 -0.1661
vn 0.0452 -0.9839 -0.1730
vn 0.0435 -0.9856 -0.1634
vn 0.0305 -0.9991 -0.0299
vn 0.0242 -0.9988 -0.0436
vn -0.1159 0.8977 0.4251
vn -0.1123 0.8991 0.4230
vn -0.0819 0.9512 0.2975
vn -0.0820 0.9514 0.2968
vn -0.0816 0.9512 0.2977
vn -0.0822 0.9512 0.2974
vn -0.1117 0.8999 0.4216
vn 0.9612 0.1021 0.2564
vn 0.9554 0.0575 0.2897
vn -0.0393 0.9847 0.1698
vn -0.0451 0.9852 0.1653
vn -0.0393 0.9842 0.1726
vn -0.9713 -0.0044 -0.2378
vn -0.0706 0.9975 0.0058
vn -0.0706 0.9975 -0.0063
vn -0.0708 0.9975 -0.0057
vn -0.0703 0.9975 0.0062
vn -0.9658 -0.0009 -0.2592
vn -0.9658 -0.0008 -0.2593
vn -0.9658 -0.0007 -0.2593
vn -0.0753 0.9507 0.3009
vn -0.0464 0.9844 0.1695
vn 0.0713 0.9528 0.2951
vn 0.6141 0.6800 0.4006
vn 0.0885 -0.9457 -0.3127
vn -0.1173 -0.9455 -0.3039
vn -0.1168 -0.9458 -0.3030
vn -0.1177 -0.9450 -0.3051
vn -0.0202 -0.7069 -0.7070
vn -0.0284 -0.8948 -0.4456
vn 0.1573 -0.7930 -0.5886
vn 0.0348 -0.9879 -0.1509
vn -0.1168 -0.9459 -0.3028
vn -0.0013 -1.0000 0.0026
vn 0.0467 -0.9956 -0.0812
vn -0.0426 -0.9865 0.1579
vn -0.0057 -0.9946 0.1038
vn -0.0454 -0.9990 -0.0053
vn -0.4585 -0.5073 -0.7296
vn -0.5433 -0.4178 -0.7282
vn 0.1675 -0.7809 -0.6018
vn -0.4448 -0.6516 0.6145
vn -0.5874 -0.5473 0.5962
vn -0.3867 -0.6281 0.6752
vn -0.2190 -0.8605 0.4601
vn -0.0532 -0.4496 -0.8917
vn -0.0431 -0.4644 -0.8846
vn -0.9625 0.0021 -0.2714
vn -0.8645 -0.3594 0.3514
vn -0.2103 -0.6009 0.7711
vn -0.2094 -0.5485 0.8095
vn -0.6183 -0.3648 0.6962
vn -0.8911 -0.2280 0.3924
vn -0.7688 -0.0224 -0.6391
vn -0.4432 -0.3507 0.8250
vn -0.7024 -0.0376 0.7108
vn -0.4781 -0.2595 0.8391
vn -0.2602 -0.2575 0.9306
vn -0.2467 -0.3419 0.9068
vn -0.2497 -0.2680 0.9305
vn -0.2492 -0.2672 0.9309
vn -0.2510 -0.2659 0.9308
vn -0.7351 -0.2831 0.6160
vn -0.7727 0.0606 -0.6319
vn -0.2924 0.1930 -0.9366
vn -0.6373 -0.3375 0.6927
vn -0.5411 -0.5077 0.6704
vn -0.3610 -0.6680 0.6507
vn -0.1724 0.3322 -0.9273
vn -0.1412 0.3219 -0.9362
vn -0.5183 -0.5097 0.6867
vn -0.5472 -0.5489 0.6319
vn -0.2950 -0.7678 0.5687
vn -0.2371 -0.5791 0.7800
vn -0.2032 -0.5793 0.7894
vn -0.2061 -0.4129 0.8871
vn -0.2279 -0.5366 0.8125
vn -0.2272 -0.5372 0.8123
vn -0.2321 -0.5334 0.8134
vn -0.1996 -0.6835 0.7021
vn 0.2125 0.4672 -0.8582
vn -0.2227 -0.7558 0.6158
vn -0.2593 -0.8215 0.5078
vn -0.1260 -0.9011 0.4148
vn 0.2131 0.5740 -0.7906
vn -0.1358 -0.9252 0.3543
vn -0.0442 -0.9513 0.3050
vn -0.0684 -0.9299 0.3613
vn -0.0248 -0.9891 0.1451
vn -0.0809 -0.9804 0.1798
vn 0.0498 0.6817 -0.7299
vn 0.2853 0.7580 -0.5865
vn 0.1459 0.7367 -0.6603
vn 0.1838 0.7069 -0.6830
vn -0.9096 0.0000 0.4154
vn -0.7574 0.6206 -0.2029
vn -0.0359 -0.9917 0.1233
vn -0.0348 -0.9855 0.1661
vn 0.0796 0.0966 -0.9921
vn 0.0827 0.0890 -0.9926
vn 0.0786 0.0991 -0.9920
vn -0.0496 -0.9878 0.1477
vn -0.0332 -0.9914 0.1270
vn -0.0334 -0.9915 0.1260
vn -0.0338 -0.9914 0.1261
vn 0.0837 0.0867 -0.9927
vn -0.0909 -0.9372 0.3368
vn -0.0999 -0.9075 0.4081
vn 0.1390 0.8636 -0.4846
vn 0.1619 0.7891 -0.5925
vn 0.0839 0.9282 -0.3624
vn -0.1858 0.8825 -0.4320
vn -0.1536 0.9223 -0.3546
vn -0.2022 0.9378 -0.2821
vn -0.3919 0.8287 -0.3996
vn 0.0386 0.1546 -0.9872
vn -0.3372 0.8936 0.2961
vn -0.8767 0.0164 0.4807
vn 0.1446 0.0003 -0.9895
vn -0.7666 0.6154 -0.1833
vn -0.0356 0.9993 -0.0109
vn -0.0087 -0.0897 0.9959
vn -0.0995 0.9438 0.3151
vn -0.1011 0.9431 0.3166
vn -0.1017 0.9429 0.3171
vn -0.0500 0.9823 0.1807
vn -0.7732 0.6339 0.0157
vn -0.0972 0.9447 0.3131
vn -0.0124 0.9918 0.1272
vn -0.0007 0.9998 0.0207
vn -0.0010 0.9999 0.0130
vn -0.0000 0.9998 0.0209
vn 0.0973 0.9949 -0.0279
vn -0.0044 0.9915 -0.1303
vn 0.4019 0.8959 -0.1892
vn -0.0222 0.9958 -0.0890
vn -0.0207 0.9958 -0.0887
vn -0.0228 0.9958 -0.0891
vn 0.1459 0.9578 -0.2478
vn 0.2884 0.8563 -0.4285
vn 0.0085 0.9942 -0.1071
vn 0.1482 0.9496 -0.2762
vn -0.4215 0.8968 -0.1343
vn -0.4980 0.8669 0.0189
vn -0.4363 0.8919 -0.1189
vn -0.4859 0.8648 -0.1266
vn 0.9254 0.3689 0.0869
vn 0.1347 0.5233 -0.8414
vn 0.0555 0.7111 -0.7009
vn 0.0423 0.9391 -0.3412
vn 0.1058 0.9027 -0.4171
vn 0.1457 0.7308 -0.6669
vn 0.0587 0.8578 -0.5106
vn 0.0097 -0.9898 0.1422
vn 0.2081 -0.9779 0.0212
vn 0.0147 -0.9876 0.1566
vn -0.0509 -0.9798 0.1932
vn 0.1539 0.8309 -0.5347
vn 0.1309 0.8609 -0.4917
vn 0.1304 0.8627 -0.4885
vn 0.1307 0.8626 -0.4887
vn -0.0000 -0.9999 0.0154
vn 0.0006 -0.9997 0.0240
vn 0.0008 -0.9997 0.0244
vn 0.0003 -0.9999 0.0151
vn -0.1691 -0.9307 0.3244
vn 0.2325 0.4326 -0.8711
vn -0.6465 0.6930 0.3191
vn -0.2123 0.1793 0.9606
vn 0.5831 -0.1790 0.7925
vn 0.2116 0.8636 0.4577
vn 0.3510 0.8661 0.3558
vn 0.3127 0.3161 0.8957
vn 0.2469 0.3056 -0.9196
vn 0.2514 0.2307 -0.9400
vn 0.2482 0.2375 -0.9391
vn -0.2473 -0.2388 0.9390
vn 0.2556 0.1627 -0.9530
vn 0.2390 0.0519 -0.9696
vn 0.2678 -0.0049 -0.9635
vn -0.2200 0.0116 0.9754
vn -0.9653 -0.0005 -0.2611
vn -0.9648 -0.0017 -0.2630
vn -0.9644 -0.0024 -0.2644
vn 0.2477 -0.1077 -0.9628
vn 0.2439 -0.1020 -0.9644
vn 0.2482 -0.1084 -0.9626
vn 0.2439 -0.1017 -0.9645
vn -0.9655 -0.0005 -0.2602
vn -0.9662 -0.0032 -0.2577
vn -0.9663 -0.0036 -0.2573
vn -0.9693 0.0014 -0.2457
vn 0.2338 -0.3455 -0.9088
vn 0.2154 -0.4208 -0.8812
vn 0.2252 -0.4317 -0.8735
vn -0.9871 -0.0101 -0.1596
vn -0.9724 0.0646 -0.2242
vn -0.3076 0.3443 0.8871
vn -0.9980 0.0130 -0.0611
vn -0.9984 0.0126 -0.0543
vn -0.9983 0.0128 -0.0568
vn -0.9979 0.0132 -0.0637
vn 0.2623 -0.2030 -0.9434
vn 0.2477 -0.1829 -0.9514
vn -0.2878 0.1237 0.9497
vn -0.2591 0.1328 0.9567
vn -0.1571 0.0769 0.9846
vn 0.2316 -0.2596 -0.9375
vn -0.2683 0.2642 0.9264
vn -0.2368 0.2582 0.9366
vn -0.2343 0.2559 0.9379
vn -0.2350 0.2566 0.9375
vn -0.2394 0.2606 0.9353
vn -0.8921 -0.0653 -0.4470
vn 0.2383 -0.5232 -0.8182
vn 0.1873 -0.5902 -0.7852
vn -0.4023 0.4605 0.7912
vn -0.2217 0.3937 0.8921
vn -0.2221 0.3943 0.8917
vn -0.2217 0.3938 0.8921
vn -0.2374 0.3675 0.8992
vn -0.2195 0.3899 0.8943
vn -0.2271 0.5144 0.8270
vn 0.2018 -0.6556 -0.7277
vn -0.2095 0.4940 0.8439
vn 0.1876 -0.7457 -0.6393
vn 0.1824 -0.7473 -0.6390
vn 0.1829 -0.7471 -0.6391
vn 0.0847 -0.9277 -0.3635
vn 0.0809 -0.9269 -0.3666
vn 0.0857 -0.9280 -0.3627
vn 0.0786 -0.9552 -0.2852
vn 0.0795 -0.9548 -0.2865
vn 0.0779 -0.9555 -0.2844
vn 0.1108 -0.8984 -0.4249
vn -0.9628 0.0047 -0.2702
vn -0.9675 0.0124 -0.2527
vn -0.9674 -0.0037 -0.2532
vn -0.9674 -0.0038 -0.2533
vn -0.9661 -0.0001 -0.2582
vn -0.9648 -0.0004 -0.2631
vn -0.9647 -0.0002 -0.2634
vn -0.0787 0.9914 -0.1050
vn -0.0646 0.9979 -0.0109
vn -0.3543 -0.9133 0.2009
vn -0.0594 -0.9617 0.2676
vn -0.0590 -0.9618 0.2673
vn -0.0619 -0.9609 0.2699
vn -0.0462 -0.9820 0.1831
vn -0.0466 -0.9947 0.0914
vn -0.0202 -0.9939 0.1082
vn -0.0303 -0.9986 0.0440
vn 0.0514 -0.9849 -0.1654
vn 0.0832 -0.9547 -0.2856
vn 0.0433 0.9711 -0.2348
vn 0.0554 0.9853 -0.1615
vn 0.0424 0.9608 -0.2740
vn 0.0572 0.9669 -0.2485
vn 0.0408 0.9922 -0.1180
vn 0.0163 0.9946 -0.1024
vn 0.0973 0.9952 -0.0110
vn 0.0444 0.9986 0.0297
vn -0.0241 0.9986 0.0462
vn 0.0909 0.9935 -0.0686
vn -0.0226 0.9914 0.1292
vn -0.0452 0.9841 0.1719
vn -0.0420 0.9921 0.1183
vn -0.0471 0.9847 0.1680
vn -0.0130 0.9975 0.0698
vn -0.0199 0.9968 0.0770
vn -0.0175 0.9971 0.0746
vn -0.0001 0.9858 0.1677
vn 0.0950 0.9531 0.2874
vn -0.1098 -0.7613 -0.6390
vn -0.0694 -0.8141 -0.5766
vn -0.2356 -0.9693 -0.0709
vn -0.1895 -0.9760 -0.1072
vn -0.2758 -0.9555 0.1046
vn -0.2363 -0.9697 0.0622
vn -0.0657 -0.9978 -0.0005
vn -0.2765 -0.9358 0.2187
vn -0.0634 -0.9070 0.4163
vn 0.1911 -0.6691 -0.7182
vn 0.1899 -0.6647 -0.7226
vn 0.1915 -0.6707 -0.7166
vn 0.1894 -0.6630 -0.7242
vn 0.2209 -0.5246 -0.8222
vn 0.2198 -0.5263 -0.8214
vn 0.2259 -0.5174 -0.8254
vn -0.1784 -0.7003 0.6912
vn -0.2206 -0.5752 0.7877
vn 0.2272 -0.5154 -0.8263
vn 0.2457 -0.3749 -0.8939
vn 0.2350 -0.3508 -0.9065
vn -0.2407 -0.3550 0.9034
vn -0.2405 -0.3551 0.9034
vn -0.2488 -0.3533 0.9018
vn -0.2135 -0.4820 0.8498
vn -0.1822 -0.5908 0.7860
vn -0.2391 -0.4832 0.8422
vn -0.2124 -0.5877 0.7807
vn -0.2103 -0.5895 0.7799
vn -0.2190 -0.5823 0.7829
vn -0.2490 -0.4712 0.8462
vn -0.2140 -0.6311 0.7456
vn 0.2578 -0.2248 -0.9397
vn 0.2486 -0.2014 -0.9474
vn -0.2463 -0.2620 0.9331
vn 0.2607 -0.0494 -0.9642
vn 0.2540 -0.0345 -0.9666
vn 0.2636 0.1147 -0.9578
vn 0.2558 0.1322 -0.9576
vn -0.2410 -0.3834 0.8916
vn -0.2420 -0.3834 0.8913
vn -0.2371 -0.3788 0.8946
vn -0.2353 -0.3750 0.8967
vn -0.2430 -0.3783 0.8932
vn -0.2331 -0.5326 0.8136
vn 0.2373 0.3067 -0.9218
vn 0.2497 0.2813 -0.9266
vn -0.1900 -0.6613 0.7257
vn 0.2377 0.4145 -0.8785
vn -0.1582 -0.7690 0.6194
vn -0.1865 -0.7230 0.6652
vn -0.1227 -0.8490 0.5140
vn -0.1551 -0.8121 0.5626
vn 0.2212 0.5972 -0.7710
vn -0.0824 -0.9261 0.3681
vn -0.1192 -0.9003 0.4186
vn -0.0336 -0.9818 0.1868
vn -0.0950 -0.9641 0.2481
vn 0.1620 0.6873 -0.7081
vn -0.0121 0.7770 -0.6294
vn 0.1600 0.5267 -0.8348
vn -0.0809 -0.0483 0.9956
vn -0.0789 -0.0522 0.9955
vn -0.0810 -0.0480 0.9956
vn -0.0814 -0.0471 0.9956
vn 0.9260 0.2846 0.2481
vn 0.1086 0.1492 -0.9828
vn 0.0760 0.2712 -0.9595
vn 0.8940 0.4074 0.1865
vn -0.0481 -0.2363 0.9705
vn -0.0789 -0.0523 0.9955
vn -0.0725 -0.9695 0.2342
vn -0.0028 0.7393 -0.6734
vn -0.7008 0.6882 -0.1878
vn -0.0151 0.0000 -0.9999
vn -0.9957 -0.0003 0.0922
vn -0.9108 0.3309 -0.2468
vn -0.7871 0.5830 -0.2012
vn -0.9899 0.0524 -0.1320
vn -0.0770 0.9513 0.2986
vn -0.0664 0.9502 0.3045
vn -0.0671 0.9503 0.3039
vn -0.0779 0.9513 0.2984
vn -0.0765 0.9857 0.1499
vn -0.1168 0.9100 0.3978
vn -0.0980 0.9149 0.3916
vn -0.0983 0.9446 0.3132
vn -0.0508 0.9702 0.2371
vn -0.0369 0.9886 0.1457
vn 0.0216 0.9994 -0.0283
vn -0.0053 0.9999 0.0163
vn -0.0204 0.9958 -0.0888
vn 0.0363 0.9866 -0.1589
vn -0.1317 0.9885 -0.0749
vn -0.0047 0.9703 -0.2419
vn -0.7998 0.4717 -0.3713
vn -0.0996 0.8826 -0.4594
vn -0.1183 -0.8913 0.4377
vn -0.1267 -0.8875 0.4430
vn -0.9631 0.0766 -0.2581
vn -0.9664 -0.0032 -0.2570
vn -0.6923 0.0528 -0.7197
vn -0.9649 0.0419 -0.2591
vn -0.9751 0.0000 -0.2219
vn -0.9611 0.1096 -0.2534
vn -0.7000 0.6841 0.2049
vn -0.8099 0.5614 0.1700
vn -0.9729 0.0409 -0.2277
vn -0.2957 0.9128 0.2817
vn -0.3298 0.8450 0.4209
vn 0.0582 0.6940 0.7176
vn 0.1249 0.9026 -0.4120
vn 0.1305 0.8606 -0.4922
vn 0.1304 0.8602 -0.4929
vn -0.0808 -0.9269 0.3664
vn -0.1214 -0.9034 0.4112
vn -0.0780 -0.9577 0.2768
vn -0.0657 -0.9541 0.2923
vn 0.5662 -0.7662 0.3041
vn 0.6544 -0.6986 0.2893
vn 0.1012 -0.9060 0.4110
vn -0.0140 -0.9542 0.2987
vn -0.4563 0.7310 0.5074
vn -0.1949 0.8730 0.4470
vn -0.1418 0.8265 0.5447
vn -0.1410 0.8248 0.5476
vn -0.1448 0.8296 0.5393
vn -0.9599 0.1968 -0.1999
vn 0.1544 0.7833 -0.6022
vn 0.1654 0.7907 -0.5894
vn 0.4238 -0.9051 0.0338
vn 0.2195 -0.9731 0.0700
vn 0.2111 -0.9162 0.3405
vn -0.0198 -0.6845 0.7287
vn 0.7813 -0.3757 0.4984
vn 0.9614 -0.0095 0.2749
vn 0.9639 -0.0160 0.2657
vn 0.9614 -0.0094 0.2751
vn 0.9642 -0.0167 0.2647
vn 0.1610 0.7370 -0.6564
vn 0.9660 0.0001 0.2586
vn 0.9628 0.1375 0.2328
vn 0.9796 0.1628 0.1180
vn 0.8788 0.1117 0.4640
vn 0.9596 0.1145 0.2571
vn 0.8785 0.0590 0.4741
vn 0.9659 0.0000 0.2589
vn 0.9604 0.1062 0.2577
vn 0.9605 0.1063 0.2574
vn 0.9587 0.1095 0.2624
vn 0.9605 0.1058 0.2574
vn 0.9653 -0.0025 0.2611
vn 0.9665 -0.0002 0.2567
vn 0.9360 0.0216 0.3513
vn 0.9669 0.1486 0.2075
vn 0.9811 0.1241 0.1483
vn 0.9350 0.0000 0.3546
vn 0.9660 -0.0001 0.2584
vn 0.9620 -0.0110 0.2729
vn 0.9750 0.2202 0.0304
vn 0.9726 0.0873 0.2155
vn 0.8936 -0.3182 0.3166
vn 0.9441 -0.2857 0.1646
vn 0.8129 0.4669 0.3480
vn 0.4998 -0.7196 0.4821
vn 0.0106 -0.8167 0.5769
vn 0.0866 -0.9054 0.4155
vn 0.7969 -0.4573 0.3948
vn 0.8508 -0.0238 0.5250
vn 0.9596 -0.1139 0.2571
vn 0.9833 0.0004 0.1818
vn 0.5986 0.6214 -0.5055
vn 0.5975 0.6214 -0.5069
vn 0.5978 0.6214 -0.5065
vn 0.5989 0.6214 -0.5051
vn 0.9658 -0.0055 0.2593
vn 0.9658 0.0005 0.2592
vn 0.9658 -0.0064 0.2592
vn 0.9659 -0.0086 0.2588
vn 0.9659 -0.0004 0.2590
vn 0.9658 0.0107 0.2590
vn 0.9659 0.0077 0.2588
vn 0.8640 0.4459 0.2338
vn 0.8403 0.1443 0.5225
vn 0.8259 0.1493 0.5437
vn 0.9659 -0.0006 0.2589
vn 0.9672 -0.0005 0.2542
vn 0.8531 0.0913 0.5136
vn 0.9667 0.0033 0.2559
vn 0.6821 0.2024 0.7027
vn 0.9674 0.0009 0.2533
vn 0.9663 0.0013 0.2575
vn 0.7275 -0.1090 0.6774
vn 0.4464 -0.2109 0.8696
vn 0.9667 -0.0005 0.2560
vn 0.3030 -0.1620 0.9391
vn 0.9665 -0.0006 0.2566
vn 0.9662 -0.0002 0.2580
vn 0.9662 -0.0001 0.2578
vn 0.9663 -0.0002 0.2575
vn 0.9662 0.0001 0.2578
vn 0.9675 0.0017 0.2528
vn 0.9666 0.0019 0.2564
vn 0.9676 -0.0064 0.2523
vn 0.9663 0.0012 0.2573
vn 0.9677 -0.0067 0.2522
vn 0.9643 -0.0137 0.2645
vn 0.9731 -0.0703 0.2193
vn 0.9714 -0.0443 -0.2332
vn 0.9926 -0.0370 0.1161
vn 0.9619 0.0105 0.2731
vn 0.3297 0.2700 -0.9046
vn 0.3005 0.4265 -0.8531
vn 0.0284 0.5405 -0.8409
vn 0.2443 -0.3581 -0.9012
vn 0.2618 -0.4972 -0.8272
vn 0.2298 -0.6317 -0.7404
vn 0.9811 0.0017 0.1934
vn 0.9453 -0.1021 0.3097
vn 0.1702 -0.6933 -0.7003
vn 0.9237 -0.3288 -0.1964
vn -0.0131 -0.8254 0.5644
vn -0.9662 -0.0002 -0.2578
vn -0.9657 0.0010 -0.2596
vn -0.9669 -0.0021 -0.2551
vn -0.3358 -0.8219 0.4602
vn -0.9663 -0.0013 -0.2575
vn -0.9252 0.1705 -0.3390
vn -0.9660 -0.0003 -0.2586
vn -0.9216 0.1640 -0.3518
vn -0.0378 0.8786 -0.4760
vn -0.0027 0.8876 -0.4607
vn -0.3609 -0.8360 0.4134
vn -0.1206 -0.9327 0.3398
vn -0.1459 -0.8287 0.5404
vn -0.1266 -0.8560 0.5013
vn -0.1493 -0.8396 0.5223
vn -0.2311 -0.7472 0.6231
vn -0.1008 -0.9026 0.4185
vn -0.1310 -0.8784 0.4596
vn 0.1460 -0.8290 -0.5398
vn 0.1460 -0.8273 -0.5424
vn 0.2242 -0.8235 -0.5211
vn 0.1888 -0.7454 -0.6394
vn 0.1269 -0.8466 -0.5169
vn 0.2285 -0.8389 -0.4941
vn 0.2128 -0.8302 -0.5153
vn -0.0797 -0.9250 0.3714
vn -0.1070 -0.9164 0.3857
vn -0.1083 -0.9164 0.3853
vn -0.0987 -0.9164 0.3878
vn -0.0622 -0.9608 0.2703
vn -0.0644 -0.9857 0.1558
vn 0.9535 0.2039 0.2219
vn 0.9659 0.0001 0.2589
vn 0.9685 -0.1761 -0.1761
vn 0.9738 -0.1326 -0.1845
vn 0.6886 0.0010 -0.7251
vn 0.0642 -0.9975 0.0308
vn -0.0134 -0.9957 0.0916
vn 0.1110 0.6439 -0.7570
vn 0.9727 0.0347 0.2293
vn -0.0327 0.9988 -0.0353
vn 0.9256 -0.0093 0.3784
vn 0.3463 0.9362 -0.0597
vn 0.4677 0.8817 -0.0619
vn 0.2044 0.9658 -0.1598
vn 0.9659 0.0003 0.2590
vn 0.9654 0.1819 0.1870
vn 0.9665 0.1862 0.1768
vn 0.9662 0.1853 0.1791
vn 0.2622 0.9370 -0.2310
vn 0.0345 0.9803 -0.1943
vn 0.9658 0.0005 0.2591
vn -0.1448 -0.0623 0.9875
vn 0.9651 0.1810 0.1892
vn 0.0057 0.9992 -0.0390
vn -0.1571 -0.0292 0.9871
vn 0.2472 -0.2772 -0.9285
vn 0.2466 -0.2789 -0.9281
vn 0.2486 -0.2730 -0.9293
vn 0.2491 -0.2713 -0.9297
vn 0.0443 -0.9856 -0.1633
vn 0.0455 -0.9854 -0.1641
vn 0.0460 -0.9853 -0.1646
vn 0.0847 -0.9545 -0.2861
vn 0.1103 0.9290 -0.3533
vn 0.0232 -0.9943 -0.1045
vn -0.0216 -0.9978 0.0632
vn 0.0230 -0.9997 -0.0042
vn -0.0663 -0.9727 0.2226
vn -0.0214 -0.9874 0.1565
vn -0.1115 -0.9215 0.3721
vn -0.0649 -0.9623 0.2640
vn -0.0656 -0.9622 0.2645
vn -0.0632 -0.9628 0.2627
vn -0.1288 -0.8418 0.5242
vn -0.1815 -0.7256 0.6637
vn -0.1779 -0.7285 0.6616
vn -0.1773 -0.7296 0.6605
vn -0.1824 -0.7231 0.6663
vn -0.1551 -0.8154 0.5578
vn -0.1553 -0.8154 0.5577
vn -0.1554 -0.8154 0.5577
vn -0.1099 -0.9068 0.4071
vn -0.1098 -0.9068 0.4071
vn -0.1101 -0.9067 0.4071
vn -0.1096 -0.9068 0.4071
vn -0.0247 -0.6590 -0.7517
vn 0.0107 -0.7228 -0.6909
vn 0.0347 -0.5387 -0.8418
vn 0.0243 -0.5279 -0.8490
vn 0.0800 -0.3515 -0.9328
vn 0.0687 -0.3318 -0.9408
vn 0.0899 -0.1982 -0.9760
vn 0.0885 -0.1960 -0.9766
vn 0.0901 -0.1986 -0.9759
vn 0.0882 -0.1957 -0.9767
vn 0.0919 -0.0346 -0.9952
vn 0.0920 -0.0349 -0.9951
vn 0.0915 -0.0340 -0.9952
vn 0.0922 -0.0351 -0.9951
vn -0.2406 -0.3716 0.8967
vn 0.0822 0.1302 -0.9881
vn 0.0921 0.1154 -0.9890
vn -0.4618 -0.5246 0.7152
vn 0.0011 -0.5946 0.8040
vn -0.2149 -0.5133 0.8309
vn 0.0628 0.2844 -0.9566
vn 0.0821 0.2534 -0.9639
vn -0.5720 -0.6546 0.4942
vn -0.0163 -0.7801 0.6255
vn -0.1904 -0.6147 0.7654
vn -0.1856 -0.6941 0.6956
vn -0.1614 -0.7482 0.6435
vn 0.0437 0.4535 -0.8902
vn -0.0253 0.5769 -0.8164
vn -0.0000 0.5582 -0.8297
vn 0.0612 0.4391 -0.8963
vn -0.0902 -0.9036 0.4188
vn -0.1641 -0.8551 0.4919
vn -0.1111 -0.9368 0.3317
vn -0.0454 -0.9689 0.2431
vn -0.0213 0.7294 -0.6838
vn 0.0591 0.5987 -0.7988
vn -0.0495 0.6968 -0.7156
vn -0.9660 0.0003 -0.2586
vn -0.0285 -0.9926 0.1178
vn -0.0288 -0.9926 0.1183
vn -0.0479 -0.9898 0.1341
vn -0.9191 0.3075 -0.2463
vn -0.8545 0.4369 -0.2810
vn -0.0303 -0.9831 0.1805
vn 0.0158 0.7435 -0.6685
vn -0.9619 0.0000 -0.2734
vn -0.0319 0.5368 -0.8431
vn 0.1613 0.6858 -0.7097
vn -0.0446 0.9852 0.1653
vn -0.0459 0.9853 0.1646
vn -0.0434 0.9852 0.1661
vn -0.0380 0.9947 0.0958
vn -0.0432 0.9852 0.1660
vn -0.0576 0.9826 0.1766
vn -0.0800 0.9626 0.2589
vn -0.0558 0.9547 0.2922
vn 0.5027 0.8277 0.2494
vn 0.9005 0.2002 0.3861
vn -0.0207 0.9958 0.0889
vn -0.0036 0.9998 0.0203
vn -0.0043 0.9998 0.0214
vn 0.0350 0.9934 -0.1090
vn 0.0001 0.9976 -0.0699
vn 0.0590 0.9861 -0.1555
vn 0.0686 0.9673 -0.2444
vn 0.0689 0.9671 -0.2449
vn 0.0693 0.9671 -0.2449
vn 0.0631 0.9688 -0.2396
vn 0.0380 0.9914 -0.1255
vn -0.8700 0.1300 -0.4757
vn -0.1233 0.8661 0.4845
vn -0.1211 0.8956 0.4280
vn -0.1204 0.8957 0.4280
vn -0.1106 0.8972 0.4275
vn -0.1096 0.8974 0.4274
vn 0.4105 0.7229 0.5559
vn -0.1182 0.9043 0.4103
vn 0.8862 0.2681 0.3778
vn -0.7198 0.5739 0.3906
vn -0.0693 0.9423 0.3275
vn -0.0710 0.9417 0.3288
vn -0.0760 0.9399 0.3328
vn -0.0770 0.9396 0.3335
vn 0.0987 0.9333 -0.3452
vn 0.0959 0.9240 -0.3701
vn 0.0708 0.9435 -0.3237
vn -0.9660 -0.0039 -0.2585
vn -0.2693 0.1554 -0.9504
vn -0.9655 -0.0010 -0.2605
vn -0.9657 -0.0002 -0.2597
vn 0.2293 -0.1185 -0.9661
vn -0.9671 -0.0027 -0.2546
vn -0.9659 0.0018 -0.2588
vn -0.3029 -0.0353 -0.9524
vn -0.9658 -0.0041 -0.2594
vn -0.9659 -0.0048 -0.2590
vn -0.6959 0.6618 -0.2788
vn -0.9875 0.0512 -0.1490
vn -0.8401 0.0030 -0.5424
vn -0.9998 -0.0017 -0.0222
vn -0.9985 0.0325 -0.0450
vn -0.9484 0.1622 -0.2724
vn -0.9960 0.0369 -0.0812
vn -0.9065 0.3815 -0.1807
vn -0.9995 0.0292 0.0152
vn 0.1727 0.1278 -0.9766
vn -0.1451 0.8314 0.5364
vn -0.1738 0.7515 0.6365
vn -0.1735 0.7538 0.6338
vn -0.1714 0.7535 0.6347
vn -0.1441 0.8308 0.5376
vn -0.1645 0.7964 0.5820
vn -0.1709 0.7532 0.6352
vn -0.1669 0.7432 0.6479
vn 0.2453 0.7656 -0.5948
vn 0.1201 0.8584 -0.4987
vn -0.3341 0.7132 0.6162
vn -0.1890 0.7232 0.6643
vn 0.3244 0.7778 -0.5384
vn 0.1321 -0.1313 -0.9825
vn -0.2018 0.6417 0.7399
vn -0.2033 0.6427 0.7387
vn -0.2011 0.6390 0.7424
vn -0.1963 0.6405 0.7425
vn -0.2162 0.5835 0.7828
vn -0.2036 0.5645 0.7999
vn -0.1990 0.6390 0.7430
vn -0.2129 0.5926 0.7768
vn -0.2000 0.6392 0.7426
vn -0.2059 0.6033 0.7705
vn -0.2005 0.6390 0.7426
vn -0.2150 0.6280 0.7479
vn 0.8037 0.2604 0.5351
vn 0.6008 0.3311 0.7276
vn 0.5592 0.4207 0.7144
vn 0.4036 0.5181 0.7541
vn 0.8191 0.3005 0.4886
vn -0.0944 0.6769 0.7300
vn -0.1794 0.6839 0.7072
vn -0.1823 0.6834 0.7069
vn -0.1821 0.6838 0.7066
vn -0.1872 0.7259 0.6619
vn -0.1763 0.6844 0.7074
vn 0.1865 -0.5374 -0.8224
vn -0.6207 0.4751 0.6237
vn -0.2192 0.5203 0.8254
vn -0.2106 0.5056 0.8366
vn -0.2280 0.4506 0.8631
vn -0.7233 0.2670 -0.6368
vn -0.9904 0.0053 -0.1380
vn -0.9905 -0.0019 -0.1378
vn -0.9904 -0.0013 -0.1380
vn -0.9887 -0.0085 -0.1498
vn -0.8127 0.2225 -0.5385
vn -0.9648 -0.0034 -0.2629
vn -0.9645 0.0028 -0.2641
vn -0.9644 0.0011 -0.2643
vn -0.9656 0.0017 -0.2598
vn -0.9870 -0.1606 0.0011
vn -0.9793 -0.1865 0.0792
vn -0.9904 0.0058 -0.1378
vn -0.9595 0.1144 -0.2574
vn -0.9596 0.1145 -0.2570
vn -0.9595 0.1144 -0.2573
vn -0.9594 0.1144 -0.2577
vn -0.9659 0.0002 -0.2588
vn -0.9655 0.0026 -0.2605
vn -0.9749 -0.0269 -0.2210
vn -0.9960 -0.0639 0.0627
vn -0.9676 0.0239 -0.2512
vn -0.9666 -0.0015 -0.2562
vn -0.9660 -0.0001 -0.2584
vn -0.9662 -0.0005 -0.2579
vn -0.9975 0.0009 -0.0708
vn -0.9669 -0.0020 -0.2552
vn -0.9916 -0.1145 -0.0602
vn -0.9992 -0.0392 0.0099
vn -0.9999 -0.0134 -0.0029
vn -0.9660 0.0001 -0.2587
vn -0.9659 0.0001 -0.2587
vn -0.9988 -0.0006 0.0496
vn -0.9614 -0.0469 -0.2711
vn -0.7800 -0.0148 -0.6255
vn -0.9994 0.0079 -0.0343
vn -0.9992 0.0223 -0.0326
vn -0.1595 -0.0577 -0.9855
vn -0.1463 -0.1362 -0.9798
vn -0.1444 -0.0565 -0.9879
vn -0.1594 -0.1823 -0.9702
vn -0.1196 -0.1958 -0.9733
vn -0.6903 -0.1434 -0.7092
vn -0.1554 -0.3424 -0.9266
vn -0.5062 -0.3310 -0.7964
vn -0.6637 -0.2464 -0.7062
vn -0.9659 0.0003 -0.2589
vn -0.7720 -0.0799 -0.6306
vn -0.5524 -0.3370 -0.7624
vn -0.9659 0.0005 -0.2589
vn -0.7195 -0.0767 -0.6903
vn -0.9633 0.0460 -0.2646
vn -0.9612 0.1017 -0.2564
vn -0.9629 0.1079 -0.2473
vn -0.9617 0.1033 -0.2541
vn -0.9889 -0.1035 -0.1064
vn -0.9610 0.1009 -0.2575
vn -0.9864 0.0209 -0.1631
vn -0.9870 0.0000 -0.1608
vn -0.2290 -0.5349 0.8132
vn -0.2238 -0.5360 0.8140
vn -0.2253 -0.5358 0.8138
vn -0.2364 -0.4121 0.8799
vn -0.2366 -0.4133 0.8793
vn -0.2358 -0.4118 0.8803
vn -0.2355 -0.4135 0.8795
vn -0.2300 -0.5347 0.8131
vn -0.9662 0.0001 -0.2580
vn -0.3196 -0.6763 0.6637
vn -0.4502 -0.5961 0.6648
vn -0.9643 0.0650 -0.2566
vn -0.9126 0.0583 -0.4048
vn -0.8460 0.3002 -0.4406
vn -0.5739 0.4905 -0.6558
vn 0.0873 0.8046 -0.5873
vn 0.0442 0.7536 -0.6558
vn -0.2639 -0.6631 0.7005
vn 0.9662 0.0472 0.2535
vn 0.9435 0.0214 0.3306
vn -0.9792 0.0000 -0.2030
vn -0.9748 -0.0690 -0.2120
vn -0.1877 -0.6278 0.7554
vn -0.1848 -0.6799 0.7096
vn -0.1911 -0.6843 0.7037
vn -0.1900 -0.6836 0.7047
vn 0.9658 0.0010 0.2593
vn 0.9658 0.0018 0.2593
vn -0.6796 0.4231 -0.5993
vn 0.1994 0.6927 -0.6931
vn -0.8785 0.3879 -0.2790
vn 0.1056 0.9683 0.2264
vn -0.2364 0.9577 -0.1641
vn 0.1827 0.6962 -0.6942
vn 0.1855 0.6933 -0.6964
vn 0.1830 0.6963 -0.6940
vn -0.1716 -0.7743 0.6091
vn -0.1706 -0.7704 0.6143
vn -0.1654 -0.7712 0.6148
vn -0.1258 -0.8437 0.5219
vn -0.1592 -0.7768 0.6093
vn -0.1669 -0.7720 0.6134
vn 0.9661 0.0024 0.2583
vn 0.1621 0.7853 -0.5975
vn 0.1616 0.7857 -0.5972
vn 0.1608 0.7861 -0.5968
vn 0.1094 -0.8997 -0.4225
vn 0.1088 -0.8996 -0.4230
vn 0.1283 -0.9146 -0.3836
vn 0.1585 0.7858 -0.5978
vn 0.1626 0.7865 -0.5958
vn 0.1632 0.7865 -0.5957
vn 0.1869 0.6919 -0.6973
vn 0.1854 0.6929 -0.6968
vn 0.1863 0.6920 -0.6975
vn 0.1641 0.7868 -0.5951
vn 0.9671 0.2543 -0.0040
vn 0.9672 0.2538 -0.0055
vn 0.9671 0.2544 -0.0037
vn 0.1891 0.7072 -0.6812
vn 0.1892 0.7072 -0.6812
vn 0.1886 0.7074 -0.6812
vn 0.9673 0.2537 -0.0058
vn 0.1964 0.7036 -0.6829
vn 0.2232 0.8462 -0.4838
vn 0.1366 0.8380 -0.5283
vn 0.1212 0.8570 -0.5009
vn -0.0985 -0.9164 0.3880
vn 0.0795 -0.9265 -0.3677
vn 0.1282 -0.9530 -0.2746
vn 0.9821 -0.0181 0.1874
vn 0.9594 -0.1592 0.2330
vn 0.9554 -0.1392 0.2605
vn 0.2119 0.8554 -0.4727
vn 0.1415 0.8961 -0.4208
vn 0.0869 0.9285 -0.3610
vn 0.3685 0.8173 -0.4430
vn 0.2262 0.9031 -0.3651
vn -0.7716 -0.1141 -0.6258
vn 0.0152 -0.9995 -0.0270
vn -0.0023 -0.9976 -0.0688
vn -0.7205 0.2329 -0.6532
vn 0.0646 -0.9627 -0.2629
vn 0.0652 -0.9627 -0.2625
vn 0.0644 -0.9627 -0.2630
vn 0.1159 0.9374 -0.3284
vn 0.2924 0.8202 -0.4917
vn -0.3877 -0.7841 0.4846
vn -0.5497 -0.4355 0.7129
vn -0.6028 -0.2621 0.7536
vn -0.9469 -0.0120 0.3213
vn -0.0184 0.9987 -0.0471
vn 0.1080 -0.9101 -0.4001
vn 0.1057 -0.9392 -0.3268
vn 0.0683 -0.9631 -0.2603
vn 0.1397 -0.8724 -0.4684
vn 0.0675 -0.9346 -0.3493
vn 0.1279 -0.8230 -0.5535
vn 0.0652 -0.9843 -0.1642
vn 0.1852 -0.7044 -0.6853
vn 0.1859 -0.7553 -0.6285
vn 0.1731 -0.6981 -0.6947
vn 0.1974 -0.5305 -0.8244
vn -0.2193 -0.5540 0.8031
vn -0.2193 -0.5544 0.8029
vn -0.2236 -0.5516 0.8036
vn 0.2087 0.4452 -0.8707
vn -0.1217 -0.8719 0.4744
vn -0.1653 -0.7692 0.6172
vn -0.1540 -0.8384 0.5229
vn -0.0558 -0.9511 0.3039
vn -0.1192 -0.9213 0.3701
vn 0.1084 -0.8922 0.4385
vn 0.1705 -0.9756 0.1383
vn -0.0736 -0.9694 0.2343
vn -0.0484 -0.9504 0.3071
vn 0.8803 -0.3605 0.3084
vn 0.8614 -0.3757 0.3419
vn 0.1971 0.6772 -0.7089
vn 0.2326 0.5418 -0.8077
vn 0.1959 0.6060 -0.7710
vn 0.1538 0.9720 -0.1779
vn 0.1550 0.9722 -0.1753
vn 0.1547 0.9722 -0.1759
vn 0.3507 0.8923 -0.2844
vn 0.1535 0.9719 -0.1785
vn 0.9262 -0.0677 0.3710
vn 0.2951 0.3939 -0.8705
vn 0.2010 0.3572 -0.9122
vn 0.9641 0.2411 -0.1113
vn 0.3664 0.8929 -0.2617
vn -0.1725 0.7504 0.6381
vn -0.0827 0.7318 0.6765
vn -0.0691 0.4067 0.9109
vn -0.9482 -0.1359 -0.2870
vn 0.0259 -0.2844 -0.9583
vn 0.0260 -0.2851 -0.9582
vn 0.0294 -0.2818 -0.9590
vn 0.2363 -0.3793 -0.8946
vn 0.2398 -0.3772 -0.8946
vn 0.2389 -0.3778 -0.8945
vn 0.2359 -0.3804 -0.8942
vn -0.2395 0.4346 0.8682
vn -0.2399 0.4347 0.8680
vn -0.2331 0.4339 0.8703
vn -0.9888 0.1262 0.0790
vn -0.9200 0.0877 0.3819
vn 0.0258 -0.2807 -0.9594
vn -0.9658 0.0004 -0.2594
vn 0.0308 -0.2836 -0.9584
vn -0.2427 0.3618 0.9001
vn -0.2335 0.3478 0.9080
vn -0.9623 0.1212 -0.2435
vn 0.0874 -0.5942 -0.7995
vn -0.8579 0.1937 0.4760
vn -0.2488 0.2726 0.9294
vn -0.2467 0.2707 0.9305
vn -0.2444 0.2685 0.9318
vn -0.2491 0.2730 0.9292
vn -0.2549 0.2589 0.9317
vn -0.9940 0.0250 -0.1068
vn 0.0534 -0.1666 -0.9846
vn 0.2688 -0.2299 -0.9354
vn -0.2495 0.1621 0.9547
vn -0.2717 0.1856 0.9443
vn -0.2539 0.1849 0.9494
vn -0.2539 0.1851 0.9493
vn -0.2541 0.1849 0.9493
vn 0.2556 -0.1649 -0.9526
vn 0.2551 -0.1645 -0.9528
vn 0.2557 -0.1652 -0.9525
vn 0.2573 -0.0664 -0.9640
vn 0.2573 -0.0592 -0.9645
vn 0.2636 -0.0627 -0.9626
vn -0.2539 0.1169 0.9601
vn -0.2538 0.1168 0.9602
vn -0.2560 0.1220 0.9590
vn -0.2450 0.1024 0.9641
vn 0.2638 -0.0627 -0.9626
vn -0.2690 -0.0080 0.9631
vn 0.2532 -0.0793 -0.9642
vn 0.2591 -0.0801 -0.9625
vn 0.2528 -0.0794 -0.9643
vn -0.2491 -0.0591 0.9667
vn -0.2480 -0.0618 0.9668
vn -0.2589 -0.0627 0.9639
vn -0.2539 -0.0559 0.9656
vn 0.2533 -0.2157 -0.9430
vn 0.2554 -0.2127 -0.9431
vn 0.2562 -0.2105 -0.9434
vn -0.2560 -0.1446 0.9558
vn -0.2559 -0.1448 0.9558
vn -0.2561 -0.1448 0.9557
vn 0.2388 -0.3103 -0.9201
vn 0.2437 -0.3153 -0.9172
vn 0.2374 -0.3089 -0.9210
vn 0.9658 -0.0001 0.2594
vn -0.8822 -0.1702 0.4391
vn -0.2560 -0.1470 0.9554
vn -0.2475 -0.2634 0.9324
vn -0.2538 -0.2585 0.9321
vn -0.2508 -0.2505 0.9351
vn -0.2484 -0.2653 0.9316
vn -0.2542 -0.1455 0.9561
vn -0.2496 -0.2550 0.9342
vn 0.2603 -0.4395 -0.8597
vn 0.2357 -0.4368 -0.8682
vn 0.2381 -0.4351 -0.8683
vn -0.8156 -0.2444 0.5245
vn -0.2474 -0.2903 0.9244
vn -0.2481 -0.2893 0.9245
vn -0.2453 -0.2930 0.9241
vn -0.2357 -0.3224 0.9168
vn 0.1984 -0.5083 -0.8380
vn -0.2140 -0.5134 0.8310
vn -0.1647 -0.5200 0.8381
vn -0.2383 -0.4159 0.8776
vn -0.2347 -0.4145 0.8793
vn -0.2352 -0.4155 0.8786
vn -0.2339 -0.4133 0.8800
vn -0.2335 -0.5203 0.8215
vn -0.2077 -0.5626 0.8002
vn -0.0183 -0.4414 0.8971
vn 0.6135 -0.2209 0.7582
vn 0.6495 -0.2901 0.7029
vn 0.5179 -0.3439 0.7833
vn -0.2361 -0.3092 0.9212
vn 0.0300 -0.3019 0.9529
vn -0.2452 -0.3254 0.9132
vn -0.3395 -0.3058 0.8895
vn -0.2446 -0.2940 0.9240
vn 0.2085 0.4576 -0.8644
vn -0.2159 -0.5917 0.7767
vn -0.1975 -0.5893 0.7834
vn -0.2221 -0.5517 0.8039
vn -0.9659 0.0003 -0.2591
vn -0.9641 0.0077 -0.2656
vn -0.9949 -0.0145 -0.1001
vn -0.9640 0.0078 -0.2657
vn -0.8845 0.4018 -0.2370
vn -0.9954 0.0653 0.0697
vn 0.2235 0.5000 -0.8367
vn 0.2242 0.4997 -0.8367
vn 0.2241 0.4998 -0.8366
vn 0.2220 0.4983 -0.8381
vn -0.1844 -0.6796 0.7100
vn -0.1790 -0.7426 0.6454
vn -0.0741 0.5579 -0.8266
vn 0.0696 0.9609 -0.2682
vn 0.0841 0.9458 -0.3137
vn -0.6956 0.7100 0.1091
vn -0.7284 0.6663 0.1597
vn -0.3978 0.7908 0.4651
vn 0.1486 0.9807 -0.1273
vn -0.1121 0.9936 -0.0129
vn -0.1292 0.8662 0.4826
vn -0.1285 0.8668 0.4818
vn -0.1283 0.8668 0.4818
vn 0.1308 0.9913 0.0144
vn 0.1855 0.6920 -0.6977
vn -0.1525 0.9520 -0.2655
vn 0.2185 0.9512 0.2179
vn -0.1208 0.9856 0.1181
vn 0.1635 0.9580 -0.2354
vn -0.2553 0.9656 -0.0504
vn 0.9065 0.4219 -0.0164
vn 0.8557 0.4727 -0.2103
vn 0.4638 -0.7290 -0.5034
vn 0.9661 0.0021 0.2581
vn 0.9661 0.0033 0.2582
vn -0.1982 0.9776 0.0702
vn -0.1128 0.9904 0.0794
vn -0.0358 0.9992 0.0191
vn -0.1292 0.8661 0.4829
vn 0.9660 0.0009 0.2587
vn 0.9662 -0.0000 0.2580
vn 0.9662 -0.0002 0.2579
vn -0.1444 -0.0950 0.9849
vn -0.1343 -0.8582 0.4955
vn -0.1761 -0.0150 0.9842
vn 0.9606 -0.0014 0.2778
vn 0.7340 -0.2534 0.6301
vn 0.0219 0.9886 -0.1493
vn 0.1315 0.9457 -0.2972
vn 0.9659 0.0006 0.2588
vn 0.5243 0.4817 -0.7022
vn 0.5950 0.0832 -0.7994
vn 0.6156 0.0271 -0.7876
vn 0.9660 0.0005 0.2585
vn 0.9661 0.0009 0.2580
vn 0.9651 -0.0015 0.2618
vn 0.5935 0.1471 0.7912
vn -0.0148 -0.9975 0.0689
vn 0.1397 0.2794 -0.9500
vn 0.1405 0.2739 -0.9514
vn 0.1392 0.2826 -0.9491
vn -0.0249 -0.9964 0.0805
vn -0.0207 -0.9967 0.0785
vn -0.0192 -0.9968 0.0778
vn 0.1409 0.2707 -0.9523
vn -0.0374 -0.9990 -0.0236
vn 0.1470 0.0228 -0.9889
vn 0.1450 0.0281 -0.9890
vn 0.1455 0.0268 -0.9890
vn 0.1475 0.0216 -0.9888
vn -0.0024 -1.0000 0.0009
vn -0.9659 -0.0003 -0.2589
vn -0.9660 -0.0002 -0.2587
vn 0.1237 -0.9817 -0.1444
vn 0.0148 -0.9984 -0.0550
vn 0.0641 -0.9626 -0.2631
vn 0.0354 0.9905 -0.1325
vn 0.0115 0.9904 -0.1374
vn -0.0080 0.9994 -0.0324
vn -0.1032 0.9798 -0.1713
vn -0.0382 0.9940 -0.1025
vn -0.0107 0.9977 0.0674
vn 0.0103 0.9996 0.0249
vn -0.0128 0.9846 0.1743
vn 0.1108 -0.8772 -0.4673
vn 0.1586 -0.8192 -0.5511
vn 0.1541 -0.7639 -0.6266
vn 0.0259 -0.9826 -0.1837
vn 0.0589 -0.9684 -0.2423
vn 0.0655 -0.9684 -0.2407
vn 0.0621 -0.9684 -0.2415
vn -0.0171 -0.9998 -0.0044
vn 0.0259 -0.9957 -0.0888
vn 0.0254 -0.9957 -0.0887
vn 0.0280 -0.9956 -0.0891
vn -0.0572 -0.9865 0.1532
vn -0.0190 -0.9973 0.0713
vn -0.0627 -0.9630 0.2622
vn 0.2065 -0.6871 -0.6966
vn 0.2259 -0.5385 -0.8118
vn 0.2300 -0.5370 -0.8116
vn 0.2260 -0.5384 -0.8119
vn 0.1856 -0.6395 -0.7460
vn 0.2302 -0.5370 -0.8116
vn 0.2154 -0.5179 -0.8279
vn -0.1794 -0.7304 0.6591
vn -0.1556 -0.8154 0.5576
vn -0.1761 -0.7140 0.6776
vn -0.1889 -0.6390 0.7456
vn 0.4737 -0.6387 0.6064
vn 0.2458 -0.3549 -0.9020
vn 0.2438 -0.3518 -0.9038
vn 0.2454 -0.3571 -0.9013
vn 0.2435 -0.3503 -0.9044
vn -0.2495 -0.3532 0.9017
vn -0.2368 -0.3359 0.9117
vn -0.2159 -0.4749 0.8532
vn -0.2165 -0.4737 0.8537
vn -0.2137 -0.4789 0.8515
vn -0.2252 -0.3448 0.9113
vn -0.2524 -0.2654 0.9305
vn 0.2582 0.1191 -0.9587
vn 0.2546 0.1258 -0.9588
vn 0.2597 0.1163 -0.9587
vn 0.2532 0.2649 -0.9304
vn 0.2516 0.2685 -0.9298
vn 0.2558 0.2610 -0.9308
vn 0.2431 0.2715 -0.9312
vn -0.2441 -0.3711 0.8959
vn -0.2244 -0.5511 0.8037
vn 0.2418 0.4142 -0.8775
vn 0.2324 0.4134 -0.8804
vn 0.2330 0.4133 -0.8803
vn 0.1531 -0.6993 0.6983
vn 0.5531 -0.5941 0.5840
vn 0.3431 -0.6047 0.7188
vn 0.2196 0.5634 -0.7964
vn 0.2113 0.5781 -0.7881
vn 0.2143 0.5774 -0.7878
vn 0.2109 0.5782 -0.7882
vn 0.9712 -0.0986 0.2169
vn 0.9619 -0.1031 0.2532
vn 0.9584 0.1249 0.2567
vn 0.9820 0.0975 0.1619
vn 0.9377 0.3210 0.1329
vn 0.9252 0.2122 0.3145
vn 0.9659 -0.0048 0.2590
vn 0.9652 0.0003 0.2614
vn 0.9651 0.0016 0.2620
vn 0.9660 -0.0061 0.2584
vn 0.1860 0.7003 -0.6892
vn 0.1857 0.7005 -0.6890
vn 0.1857 0.7003 -0.6893
vn 0.1812 0.6987 -0.6921
vn 0.1820 0.7027 -0.6878
vn -0.0237 0.5810 -0.8136
vn 0.4574 0.5039 -0.7327
vn 0.2143 0.6155 -0.7585
vn 0.0318 -0.9988 -0.0373
vn -0.0387 0.9985 0.0392
vn 0.7111 0.7030 -0.0113
vn 0.7037 0.7082 0.0570
vn 0.2207 0.4831 -0.8473
vn 0.2483 0.3484 -0.9039
vn 0.2329 0.3760 -0.8969
vn 0.2337 0.3771 -0.8962
vn 0.2336 0.3772 -0.8962
vn 0.0634 0.8649 0.4978
vn 0.8144 0.4858 0.3173
vn 0.1846 0.9410 0.2837
vn 0.2234 0.9260 0.3045
vn 0.2527 0.1750 -0.9516
vn 0.2561 0.1725 -0.9511
vn 0.2530 0.1783 -0.9509
vn 0.2565 0.1709 -0.9513
vn -0.1449 0.8318 0.5358
vn 0.1949 0.8217 0.5355
vn 0.2024 0.6653 0.7186
vn 0.2496 -0.0232 -0.9681
vn 0.2596 -0.0435 -0.9647
vn 0.2655 -0.2319 -0.9358
vn 0.2559 -0.2000 -0.9458
vn -0.2192 0.6609 0.7178
vn -0.2238 0.3876 0.8942
vn -0.1653 0.7389 0.6532
vn -0.1897 0.3288 0.9252
vn -0.2325 0.4338 0.8705
vn -0.2250 0.4206 0.8789
vn -0.2241 0.4206 0.8791
vn -0.2347 0.4202 0.8765
vn -0.1730 0.3558 0.9184
vn -0.1457 0.6795 0.7190
vn -0.1584 0.3359 0.9285
vn -0.2098 0.2586 0.9429
vn -0.1750 0.2028 0.9635
vn -0.2556 0.1838 0.9491
vn -0.2102 0.1133 0.9711
vn 0.2551 -0.1644 -0.9528
vn 0.2573 -0.0591 -0.9645
vn 0.2572 -0.0592 -0.9645
vn -0.2554 0.1199 0.9594
vn -0.2586 0.1248 0.9579
vn 0.2088 -0.0095 0.9779
vn 0.0192 0.9921 0.1239
vn 0.2305 -0.0274 0.9727
vn -0.2592 -0.0629 0.9638
vn 0.1477 -0.8307 -0.5368
vn -0.2576 -0.0647 0.9641
vn 0.2445 -0.3160 -0.9167
vn 0.2323 -0.4031 -0.8852
vn 0.2311 -0.4005 -0.8867
vn 0.2313 -0.3999 -0.8869
vn 0.2349 -0.4115 -0.8806
vn 0.2718 -0.4512 -0.8500
vn 0.2332 -0.4385 -0.8680
vn 0.2230 -0.5001 -0.8368
vn 0.2236 -0.5055 -0.8333
vn 0.2227 -0.5035 -0.8348
vn 0.2220 -0.5020 -0.8359
vn 0.2668 -0.1884 -0.9452
vn 0.2239 -0.5030 -0.8348
vn 0.2423 -0.1855 -0.9523
vn 0.2558 -0.1555 -0.9542
vn 0.2577 0.2111 -0.9429
vn 0.2570 0.2155 -0.9421
vn 0.2602 0.2100 -0.9424
vn 0.2558 0.2163 -0.9422
vn -0.1967 -0.6687 0.7171
vn -0.2116 -0.6720 0.7097
vn 0.2272 0.4967 -0.8377
vn 0.2270 0.4982 -0.8368
vn 0.2228 0.4990 -0.8375
vn 0.2225 0.4990 -0.8375
vn 0.2228 0.4989 -0.8376
vn 0.2684 0.3085 -0.9126
vn 0.3637 0.2292 -0.9029
vn 0.9430 0.2855 -0.1712
vn 0.8746 0.3323 -0.3531
vn 0.2679 0.5584 -0.7851
vn 0.7315 0.4470 -0.5148
vn 0.0144 0.9993 0.0345
vn -0.0280 0.9995 0.0146
vn 0.1651 0.5375 -0.8270
vn 0.4331 0.4686 -0.7699
vn 0.0670 0.9659 -0.2501
vn -0.1293 0.8661 0.4829
vn -0.1293 0.8661 0.4828
vn 0.1510 -0.8116 -0.5643
vn 0.3976 0.9173 0.0218
vn -0.1294 0.8661 0.4828
vn -0.1000 0.8767 0.4705
vn -0.0044 0.9998 0.0181
vn 0.0672 0.9977 0.0069
vn -0.0973 0.9900 0.1024
vn 0.0088 0.8950 0.4459
vn 0.5468 0.6455 0.5332
vn 0.5529 0.6441 0.5287
vn 0.5544 0.6437 0.5274
vn 0.5413 0.8407 0.0142
vn -0.0381 0.9891 0.1422
vn 0.1338 0.8584 -0.4953
vn -0.7183 -0.4532 0.5278
vn 0.1274 0.8691 -0.4780
vn 0.1282 0.8693 -0.4773
vn 0.1273 0.8690 -0.4781
vn -0.8710 0.2598 -0.4169
vn 0.9732 -0.0104 0.2296
vn 0.9650 -0.0017 0.2623
vn -0.9660 -0.0001 -0.2586
vn -0.9660 -0.0000 -0.2586
vn -0.1201 -0.9178 0.3785
vn -0.1206 -0.9177 0.3786
vn -0.1204 -0.9178 0.3785
vn -0.1197 -0.9179 0.3783
vn -0.9252 0.2256 -0.3051
vn -0.0403 0.9005 -0.4330
vn -0.0405 0.9106 -0.4114
vn -0.9147 0.2298 -0.3326
vn -0.0552 0.9663 -0.2513
vn -0.0793 -0.9599 0.2688
vn -0.0508 -0.9663 0.2523
vn -0.0415 -0.9848 0.1684
vn -0.0737 -0.9765 0.2027
vn -0.0266 -0.9963 0.0814
vn -0.0471 -0.9932 0.1060
vn -0.0174 -0.9998 0.0060
vn 0.9661 -0.0055 0.2580
vn 0.9639 -0.0030 0.2663
vn 0.9663 -0.0047 0.2574
vn 0.9371 -0.1001 0.3344
vn 0.9637 -0.0678 0.2583
vn 0.9689 -0.0105 0.2472
vn 0.9638 -0.0026 0.2667
vn 0.0593 0.9662 -0.2507
vn 0.0869 0.9720 -0.2182
vn 0.1068 0.9255 -0.3634
vn 0.1047 0.9261 -0.3626
vn 0.1047 0.9261 -0.3624
vn 0.0854 0.9555 -0.2824
vn 0.1510 0.9834 -0.1010
vn 0.0130 0.9980 -0.0616
vn 0.1568 0.9874 0.0220
vn 0.1094 -0.9102 -0.3994
vn -0.0743 -0.9686 0.2371
vn -0.0818 -0.9273 0.3653
vn 0.1358 -0.9720 0.1917
vn 0.0987 -0.9333 0.3454
vn -0.1273 -0.8400 0.5275
vn 0.4319 -0.7075 0.5594
vn 0.6139 -0.6176 0.4916
vn 0.1838 -0.7092 -0.6807
vn 0.1816 -0.7060 -0.6845
vn 0.1845 -0.7101 -0.6795
vn -0.2202 -0.5813 0.7833
vn -0.2132 -0.4798 0.8511
vn -0.0252 -0.2693 0.9627
vn 0.2550 -0.1958 -0.9469
vn 0.2576 -0.1897 -0.9474
vn 0.2588 -0.1869 -0.9477
vn 0.2541 -0.1979 -0.9467
vn 0.2578 -0.0360 -0.9655
vn 0.2579 -0.0353 -0.9655
vn 0.2580 -0.0349 -0.9655
vn -0.2461 -0.2589 0.9340
vn 0.0034 -0.3358 0.9419
vn -0.2345 -0.3801 0.8947
vn 0.2067 -0.3167 0.9257
vn 0.0793 -0.3104 0.9473
vn 0.1712 -0.4948 0.8520
vn 0.1555 -0.4947 0.8551
vn 0.7265 -0.1635 0.6675
vn 0.9240 -0.1531 0.3504
vn 0.9667 -0.0044 0.2557
vn 0.9659 -0.0004 0.2589
vn 0.9666 -0.0045 0.2561
vn 0.9610 0.0005 0.2764
vn 0.9064 -0.2929 0.3045
vn 0.9661 -0.0033 0.2582
vn 0.0946 -0.8921 0.4418
vn 0.9554 -0.0499 0.2909
vn 0.9656 0.0022 0.2600
vn 0.9164 0.3313 0.2246
vn 0.9656 0.0010 0.2599
vn 0.9658 0.0012 0.2593
vn 0.9659 0.0002 0.2588
vn 0.9658 0.0002 0.2594
vn 0.9656 0.0012 0.2601
vn 0.8493 0.3325 0.4102
vn 0.9596 0.1146 0.2571
vn 0.8583 0.2133 0.4667
vn 0.9294 0.0000 0.3690
vn 0.9658 -0.0003 0.2591
vn 0.4653 0.3994 0.7899
vn 0.9658 0.0004 0.2594
vn 0.9043 0.1790 0.3876
vn 0.9660 -0.0000 0.2587
vn 0.3189 0.4666 0.8250
vn 0.4139 0.3201 0.8522
vn 0.9982 -0.0049 -0.0596
vn 0.9818 -0.1063 0.1573
vn 0.9843 -0.0283 0.1744
vn 0.7609 0.1016 0.6408
vn 0.9877 -0.0906 -0.1277
vn 0.8975 -0.0207 -0.4406
vn 0.8764 -0.0178 -0.4812
vn 0.9808 0.0348 -0.1920
vn 0.8456 0.1324 -0.5171
vn 0.9950 0.0000 0.1002
vn 0.9237 0.2128 -0.3186
vn 0.9660 0.0002 0.2586
vn 0.9791 0.1989 0.0417
vn 0.9660 0.0002 0.2585
vn 0.6774 0.4760 -0.5609
vn -0.9661 -0.0014 -0.2581
vn 0.9662 -0.0000 0.2578
vn 0.8297 0.4595 -0.3169
vn 0.9796 0.1609 -0.1203
vn 0.7161 0.4647 -0.5208
vn 0.9661 0.0001 0.2581
vn 0.9663 0.0003 0.2573
vn 0.9987 -0.0071 -0.0508
vn 0.2750 0.6362 -0.7208
vn 0.4504 0.2203 -0.8652
vn 0.9180 0.0888 -0.3866
vn 0.9593 -0.0495 -0.2780
vn 0.6420 -0.2208 -0.7343
vn 0.9652 -0.1690 0.1997
vn 0.6149 -0.2710 -0.7406
vn 0.9658 -0.0004 0.2592
vn 0.9936 -0.0237 -0.1102
vn 0.9657 -0.0003 0.2595
vn 0.9617 -0.2673 0.0613
vn 0.4688 -0.6313 -0.6178
vn 0.9657 0.0010 0.2595
vn 0.9662 0.0078 0.2577
vn 0.9573 -0.1333 0.2565
vn 0.9657 -0.0004 0.2598
vn 0.9641 -0.2654 0.0065
vn 0.9653 0.0021 0.2610
vn 0.9667 0.0116 0.2555
vn 0.9659 -0.0023 0.2589
vn 0.9658 -0.0020 0.2594
vn 0.9664 -0.0004 0.2572
vn 0.9726 -0.0182 0.2320
vn 0.9916 -0.0222 0.1276
vn 0.9113 0.1975 0.3613
vn 0.5340 0.2177 0.8170
vn 0.9250 0.1396 0.3534
vn 0.9621 0.0337 0.2707
vn 0.2716 0.3926 0.8787
vn 0.2788 0.0515 0.9590
vn 0.0722 -0.6244 0.7778
vn -0.0329 0.0965 0.9948
vn 0.3167 -0.2318 0.9198
vn -0.0755 -0.6685 0.7399
vn 0.9308 -0.0626 0.3602
vn 0.1085 -0.8720 0.4773
vn 0.2759 -0.1578 0.9481
vn 0.6208 -0.4764 0.6226
vn 0.3928 -0.8966 0.2044
vn 0.5124 -0.8052 0.2983
vn 0.8297 0.0214 0.5579
vn 0.7909 -0.5846 0.1808
vn 0.9421 -0.2206 0.2524
vn 0.9901 -0.0219 0.1388
vn 0.9510 -0.2411 0.1937
vn 0.9135 -0.4053 -0.0346
vn 0.8990 -0.4380 0.0029
vn 0.9978 -0.0605 -0.0261
vn 0.9493 -0.1626 -0.2691
vn 0.9489 -0.2409 -0.2037
vn 0.5371 0.0659 -0.8409
vn 0.5397 0.0649 -0.8394
vn 0.5406 0.0645 -0.8388
vn 0.2218 -0.9747 -0.0274
vn 0.0918 -0.9955 0.0246
vn 0.5361 0.0663 -0.8416
vn 0.9863 0.1508 -0.0672
vn 0.3097 0.9490 -0.0600
vn 0.1093 0.9936 0.0293
vn 0.9163 0.2920 -0.2742
vn 0.9659 -0.0003 0.2588
vn 0.6960 0.5790 -0.4247
vn 0.9659 -0.0006 0.2588
vn 0.9657 -0.0006 0.2595
vn 0.9817 0.0568 0.1819
vn 0.9470 0.2941 0.1291
vn 0.9489 0.0409 0.3131
vn 0.9661 -0.0003 0.2583
vn 0.3080 -0.9344 -0.1789
vn 0.3092 -0.9323 -0.1877
vn 0.3090 -0.9323 -0.1882
vn 0.3078 -0.9346 -0.1781
vn 0.9561 -0.0199 0.2924
vn 0.9708 -0.0246 0.2387
vn 0.0717 -0.9679 0.2409
vn 0.9656 -0.0007 0.2599
vn 0.9654 -0.0012 0.2608
vn 0.8543 -0.0623 0.5161
vn 0.9377 -0.2402 0.2512
vn 0.7933 -0.1874 0.5793
vn 0.7961 -0.1811 0.5775
vn 0.7969 -0.1792 0.5769
vn 0.7922 -0.1895 0.5800
vn 0.1917 0.7000 -0.6879
vn 0.2308 0.5207 -0.8220
vn 0.2339 0.3766 -0.8964
vn 0.2102 0.5536 -0.8058
vn 0.3109 -0.0298 -0.9500
vn 0.2535 0.1704 -0.9522
vn 0.2134 -0.1998 -0.9563
vn 0.2474 -0.2319 -0.9408
vn 0.2518 -0.2351 -0.9388
vn 0.2464 -0.2317 -0.9411
vn 0.2326 -0.3668 -0.9008
vn 0.2637 -0.3822 -0.8856
vn -0.9512 0.2996 0.0743
vn -0.2197 0.5124 0.8301
vn 0.2410 -0.3795 -0.8932
vn 0.2346 -0.3783 -0.8955
vn 0.2363 -0.3800 -0.8943
vn 0.2386 -0.3783 -0.8944
vn 0.2510 -0.2943 -0.9222
vn 0.2504 -0.2935 -0.9226
vn 0.2512 -0.2947 -0.9220
vn -0.8497 0.2661 0.4551
vn -0.7864 0.2658 0.5577
vn 0.2517 -0.2316 -0.9397
vn 0.2510 -0.2271 -0.9410
vn 0.2520 -0.2339 -0.9390
vn 0.2486 -0.2770 -0.9281
vn 0.2507 -0.2247 -0.9416
vn -0.7547 0.1949 0.6264
vn -0.8428 0.2017 0.4990
vn 0.2552 -0.1650 -0.9527
vn -0.2544 0.1187 0.9598
vn -0.2561 0.1184 0.9594
vn -0.3745 -0.0043 0.9272
vn -0.2575 0.0007 0.9663
vn -0.2616 -0.0043 0.9652
vn -0.2615 -0.0040 0.9652
vn -0.5616 0.3574 0.7463
vn 0.2528 -0.2170 -0.9429
vn -0.2522 -0.1489 0.9561
vn 0.2529 -0.2171 -0.9428
vn 0.2475 -0.3326 -0.9100
vn -0.2513 -0.2514 0.9347
vn 0.2386 -0.4571 -0.8568
vn 0.2224 -0.4971 -0.8387
vn 0.2527 0.2142 -0.9435
vn -0.1646 -0.7368 0.6557
vn -0.1589 -0.7765 0.6098
vn -0.1644 -0.7725 0.6134
vn -0.1476 -0.8577 0.4925
vn -0.1476 -0.8577 0.4924
vn -0.1456 -0.8563 0.4955
vn -0.1481 -0.8576 0.4925
vn 0.1124 -0.9587 0.2613
vn 0.1265 0.8688 -0.4788
vn 0.1006 0.8951 -0.4343
vn 0.8831 -0.3891 0.2621
vn 0.4033 -0.8434 0.3548
vn 0.8899 -0.3865 0.2421
vn 0.9651 -0.0052 0.2619
vn 0.9658 -0.0056 0.2593
vn 0.9649 -0.0052 0.2624
vn 0.9714 0.0285 0.2357
vn 0.1069 0.9255 -0.3634
vn 0.1808 -0.7047 -0.6861
vn 0.1213 -0.9143 -0.3864
vn 0.0588 -0.9684 -0.2423
vn 0.0997 -0.9191 -0.3811
vn 0.1549 -0.8598 -0.4866
vn 0.1338 -0.8263 -0.5471
vn 0.0775 -0.9829 -0.1670
vn 0.0285 -0.9956 -0.0892
vn 0.0511 -0.9972 0.0537
vn 0.0233 -0.9954 0.0929
vn 0.1796 -0.7571 -0.6281
vn 0.2577 -0.0363 -0.9655
vn 0.8028 0.5561 0.2151
vn 0.7453 0.6361 0.1997
vn 0.7324 0.5444 0.4090
vn 0.4842 0.8653 0.1297
vn 0.7990 0.5777 0.1669
vn 0.8309 0.5540 -0.0518
vn 0.3141 -0.2472 -0.9167
vn 0.9773 0.0000 -0.2118
vn 0.9706 0.0335 -0.2383
vn 0.6677 0.0000 -0.7444
vn -0.8686 0.4374 -0.2328
vn 0.5894 -0.7904 0.1669
vn 0.8652 -0.4463 0.2286
vn 0.8645 -0.4606 0.2013
vn 0.8788 -0.1882 0.4385
vn 0.5084 -0.8373 0.2009
vn 0.9018 -0.4051 0.1509
vn 0.3262 0.0000 0.9453
vn 0.4202 0.9004 0.1126
vn 0.6839 0.0000 0.7296
vn 0.5026 0.6409 0.5803
vn 0.4912 0.4046 0.7714
vn 0.2531 0.1282 -0.9589
vn 0.2563 0.1128 -0.9600
vn 0.2422 0.2717 -0.9314
vn 0.2492 0.2522 -0.9350
vn 0.2421 0.4145 -0.8773
vn 0.2337 0.4291 -0.8725
vn 0.2147 0.5772 -0.7879
vn 0.2104 0.5661 -0.7971
vn 0.2403 0.5376 -0.8082
vn 0.2028 0.4189 -0.8851
vn 0.6927 0.5716 -0.4397
vn 0.1929 0.7005 -0.6871
vn 0.2307 0.3739 -0.8983
vn 0.2546 0.1725 -0.9515
vn 0.2381 0.1812 -0.9542
vn 0.2458 -0.0107 -0.9693
vn -0.1145 0.7689 0.6290
vn 0.2510 -0.2334 -0.9394
vn 0.2528 -0.2369 -0.9381
vn 0.2338 -0.3773 -0.8961
vn -0.2273 0.5270 0.8189
vn -0.2444 0.4446 0.8617
vn -0.2475 0.3775 0.8923
vn -0.2479 0.3782 0.8919
vn -0.2454 0.3739 0.8944
vn -0.2356 0.4201 0.8764
vn -0.2452 0.3734 0.8946
vn -0.2481 0.2657 0.9316
vn -0.2584 0.2834 0.9235
vn -0.2509 0.1802 0.9511
vn 0.9978 -0.0568 0.0342
vn 0.9949 -0.0044 0.1003
vn 0.9888 -0.0385 0.1442
vn -0.4244 0.4986 0.7558
vn -0.2590 0.1205 0.9583
vn -0.2573 0.0009 0.9663
vn 0.2592 -0.0806 -0.9625
vn 0.2558 -0.0697 -0.9642
vn -0.2571 -0.0653 0.9642
vn -0.2521 -0.2530 0.9341
vn -0.1571 -0.6876 0.7089
vn 0.9474 -0.0498 0.3161
vn 0.9659 0.0013 0.2590
vn 0.9657 0.0016 0.2595
vn 0.9660 -0.0026 0.2587
vn 0.9679 0.0499 0.2465
vn 0.9550 -0.1065 0.2768
vn 0.9664 0.0034 0.2570
vn 0.9667 0.0025 0.2558
vn 0.9664 0.0036 0.2571
vn 0.9750 0.0625 0.2134
vn 0.0109 -0.9020 0.4316
vn 0.9668 0.0029 0.2555
vn 0.9662 0.0023 0.2578
vn 0.9626 0.0336 0.2688
vn 0.2176 -0.5095 -0.8325
vn 0.2179 -0.5557 -0.8023
vn 0.2398 -0.3305 -0.9128
vn 0.2482 -0.3490 -0.9037
vn 0.2493 -0.1812 -0.9513
vn 0.2366 0.5493 -0.8014
vn 0.1909 0.5974 -0.7789
vn 0.2807 0.3620 -0.8889
vn 0.2217 0.4984 -0.8381
vn 0.2421 0.3409 -0.9084
vn 0.2535 -0.0264 -0.9670
vn 0.3530 -0.3140 -0.8814
vn 0.2391 -0.3780 -0.8944
vn 0.2448 -0.5313 -0.8110
vn 0.2257 -0.3990 -0.8887
vn 0.2502 -0.2932 -0.9227
vn 0.0726 0.4288 0.9005
vn -0.0088 0.2134 0.9769
vn 0.9172 0.1191 0.3803
vn 0.8595 0.0484 0.5089
vn 0.2941 0.3719 0.8805
vn -0.1086 0.1064 0.9884
vn -0.0618 0.0000 0.9981
vn -0.0934 -0.0563 0.9940
vn -0.1150 -0.0441 0.9924
vn 0.0442 -0.7583 0.6504
vn 0.2107 -0.4424 -0.8717
vn -0.0265 -0.2574 0.9659
vn -0.2516 -0.1490 0.9563
vn -0.2781 -0.1600 0.9471
vn -0.0293 -0.2782 0.9601
vn 0.2131 -0.4793 -0.8514
vn 0.2581 -0.1384 -0.9562
vn 0.2348 0.2510 -0.9391
vn -0.2442 -0.6054 0.7576
vn 0.0864 -0.5863 0.8054
vn 0.9680 -0.0031 0.2510
vn 0.9663 -0.0044 0.2572
vn 0.9685 -0.0061 0.2489
vn 0.9619 -0.0163 0.2729
vn 0.9564 -0.0107 0.2919
vn 0.9691 0.0049 0.2466
vn 0.9652 -0.0010 0.2616
vn 0.9656 0.0208 0.2593
vn 0.9280 -0.0260 0.3716
vn 0.9557 0.1185 0.2695
vn 0.9592 0.1148 0.2585
vn 0.9574 0.1168 0.2642
vn 0.9285 0.0005 0.3714
vn 0.9599 0.1059 0.2596
vn 0.9600 0.1054 0.2595
vn 0.9591 0.1078 0.2618
vn 0.9189 -0.0265 0.3937
vn 0.9243 0.0304 0.3803
vn 0.1057 0.9400 0.3245
vn 0.2345 0.0993 -0.9670
vn 0.3020 0.2796 -0.9114
vn -0.8929 0.1365 -0.4290
vn 0.5995 -0.4297 -0.6753
vn 0.9671 -0.0437 0.2508
vn 0.9740 -0.0099 0.2264
vn 0.9989 0.0093 0.0452
vn 0.5413 0.0124 0.8407
vn 0.9887 -0.0094 0.1494
vn 0.9809 -0.0390 0.1906
vn 0.9787 0.0009 0.2055
vn 0.9660 -0.0277 0.2569
vn 0.4873 -0.2633 -0.8326
vn 0.9666 -0.0034 0.2563
vn 0.9741 -0.0025 -0.2261
vn 0.9621 0.0087 0.2725
vn 0.4680 -0.1549 0.8700
vn 0.9660 0.0019 0.2586
vn 0.9660 0.0014 0.2585
vn 0.9661 0.0021 0.2583
vn 0.9564 -0.0363 0.2898
vn 0.9659 -0.0001 0.2587
vn 0.9659 -0.0005 0.2588
vn 0.9590 0.1079 0.2622
vn 0.9658 -0.0009 0.2592
vn 0.9656 -0.0020 0.2599
vn 0.9656 -0.0024 0.2601
vn 0.9555 0.1188 0.2700
vn 0.9813 0.1632 -0.1019
vn 0.9866 -0.1007 0.1285
vn 0.4761 -0.1539 -0.8658
vn 0.4662 0.1816 -0.8658
vn 0.9832 -0.1268 -0.1311
vn 0.9814 -0.1179 0.1518
vn 0.9822 -0.1865 -0.0207
vn 0.4467 -0.4837 -0.7526
vn 0.3302 -0.2201 -0.9179
vn 0.2351 -0.1293 -0.9633
vn 0.9287 -0.0025 0.3709
vn 0.9610 0.0046 0.2765
vn 0.5458 0.6457 0.5340
vn 0.5915 0.5842 0.5557
usemtl None
s 1
f 1/1/1 2/2/1 3/3/1
f 4/4/1 1/1/1 3/3/1
f 5/5/1 4/4/1 3/3/1
f 6/6/1 5/5/1 3/3/1
f 7/7/1 6/6/1 3/3/1
f 8/8/2 3/3/3 2/2/4
f 9/9/5 7/7/5 3/3/5
f 10/10/6 3/3/3 8/8/2
f 9/9/7 3/3/7 10/10/7
f 11/11/8 2/2/9 12/12/10
f 11/11/8 8/8/11 2/2/9
f 13/13/1 12/12/1 2/2/1
f 1/1/1 13/13/1 2/2/1
f 14/14/1 15/15/1 12/12/1
f 13/13/1 14/14/1 12/12/1
f 14/14/1 16/16/1 15/15/1
f 17/17/1 18/18/1 16/16/1
f 14/14/1 17/17/1 16/16/1
f 19/19/1 20/20/1 18/18/1
f 17/17/1 19/19/1 18/18/1
f 19/19/1 21/21/1 20/20/1
f 22/22/1 23/23/1 20/20/1
f 21/21/12 22/22/12 20/20/12
f 24/24/1 25/25/1 23/23/1
f 22/22/1 24/24/1 23/23/1
f 26/26/1 27/27/1 25/25/1
f 24/24/1 26/26/1 25/25/1
f 26/26/1 28/28/1 27/27/1
f 29/29/1 30/30/1 27/27/1
f 31/31/13 27/27/13 30/30/13
f 28/28/1 29/29/1 27/27/1
f 31/31/14 32/32/14 27/27/14
f 29/29/1 33/33/1 30/30/1
f 33/33/15 31/31/16 30/30/17
f 34/34/18 24/24/19 22/22/20
f 35/35/21 36/36/22 22/22/23
f 37/37/24 35/35/25 22/22/26
f 38/38/1 37/37/24 22/22/26
f 21/21/1 38/38/1 22/22/26
f 34/34/27 22/22/28 36/36/29
f 39/39/30 40/40/31 36/36/32
f 41/41/33 36/36/33 40/40/33
f 35/35/21 42/42/34 36/36/22
f 39/39/35 36/36/36 42/42/37
f 37/37/24 43/43/38 35/35/25
f 44/44/39 43/43/39 37/37/39
f 44/44/40 45/45/40 43/43/40
f 46/46/41 43/43/41 45/45/41
f 47/47/42 48/48/42 43/43/42
f 35/35/43 43/43/43 48/48/43
f 46/46/44 47/47/44 43/43/44
f 44/44/45 37/37/45 38/38/45
f 49/49/46 38/38/46 21/21/46
f 44/44/47 38/38/47 49/49/47
f 49/49/48 21/21/48 19/19/48
f 50/50/49 19/19/49 17/17/49
f 51/51/50 19/19/50 50/50/50
f 52/52/51 19/19/51 51/51/51
f 49/49/52 19/19/52 52/52/52
f 50/50/53 17/17/53 14/14/53
f 53/53/54 14/14/54 13/13/54
f 50/50/55 14/14/55 53/53/55
f 54/54/56 13/13/56 1/1/56
f 53/53/57 13/13/57 54/54/57
f 54/54/58 1/1/58 4/4/58
f 55/55/59 4/4/59 5/5/59
f 55/55/60 54/54/60 4/4/60
f 56/56/61 5/5/61 6/6/61
f 56/56/62 55/55/62 5/5/62
f 7/7/1 57/57/1 6/6/1
f 58/58/63 6/6/63 57/57/63
f 59/59/64 56/56/64 6/6/64
f 60/60/65 6/6/65 58/58/65
f 60/60/66 59/59/66 6/6/66
f 61/61/1 62/62/67 57/57/1
f 58/58/68 57/57/68 62/62/68
f 7/7/1 61/61/1 57/57/1
f 63/63/69 64/64/70 62/62/67
f 65/65/71 62/62/71 64/64/71
f 61/61/1 63/63/69 62/62/67
f 58/58/72 62/62/72 65/65/72
f 66/66/73 65/65/73 64/64/73
f 67/67/74 66/66/75 64/64/76
f 68/68/77 12/12/77 15/15/77
f 68/68/78 11/11/78 12/12/78
f 69/69/79 15/15/79 16/16/79
f 69/69/80 68/68/80 15/15/80
f 18/18/81 69/69/82 16/16/83
f 70/70/84 20/20/84 23/23/84
f 71/71/85 70/70/85 23/23/85
f 72/72/86 71/71/87 23/23/88
f 72/72/86 23/23/88 25/25/89
f 73/73/90 69/69/82 18/18/81
f 73/73/91 18/18/91 20/20/91
f 70/70/92 73/73/92 20/20/92
f 74/74/93 10/10/93 8/8/93
f 75/75/94 74/74/94 8/8/94
f 75/75/95 8/8/95 11/11/95
f 9/9/96 10/10/96 74/74/96
f 76/76/97 9/9/97 74/74/97
f 77/77/98 74/74/98 75/75/98
f 77/77/99 76/76/99 74/74/99
f 78/78/100 7/7/100 9/9/100
f 79/79/101 78/78/101 9/9/101
f 80/80/102 79/79/102 9/9/102
f 80/80/103 9/9/103 76/76/103
f 81/81/104 75/75/104 11/11/104
f 81/81/105 11/11/105 68/68/105
f 82/82/106 75/75/107 81/81/108
f 82/82/106 77/77/109 75/75/107
f 83/83/110 81/81/111 68/68/112
f 83/83/110 68/68/112 69/69/113
f 84/84/114 81/81/115 83/83/116
f 84/84/114 82/82/117 81/81/115
f 85/85/118 83/83/118 69/69/118
f 85/85/119 69/69/119 73/73/119
f 86/86/120 83/83/121 85/85/122
f 86/86/120 84/84/123 83/83/121
f 87/87/124 85/85/124 73/73/124
f 88/88/125 85/85/125 87/87/125
f 88/88/126 86/86/126 85/85/126
f 71/71/127 87/87/127 73/73/127
f 71/71/128 73/73/128 70/70/128
f 72/72/129 87/87/129 71/71/129
f 89/89/130 87/87/130 72/72/130
f 90/90/131 87/87/131 89/89/131
f 90/90/132 88/88/132 87/87/132
f 61/61/133 7/7/133 78/78/133
f 27/27/134 72/72/134 25/25/134
f 91/91/135 61/61/135 78/78/135
f 32/32/136 72/72/136 27/27/136
f 92/92/137 78/78/137 79/79/137
f 93/93/138 79/79/138 80/80/138
f 93/93/139 92/92/139 79/79/139
f 94/94/140 91/91/140 78/78/140
f 92/92/141 94/94/141 78/78/141
f 95/95/142 89/89/142 72/72/142
f 96/96/143 72/72/143 32/32/143
f 97/97/144 72/72/144 96/96/144
f 97/97/145 95/95/145 72/72/145
f 95/95/146 90/90/146 89/89/146
f 98/98/147 99/99/147 76/76/147
f 77/77/148 98/98/148 76/76/148
f 100/100/149 80/80/149 76/76/149
f 99/99/150 100/100/150 76/76/150
f 93/93/151 80/80/151 100/100/151
f 101/101/152 100/100/152 99/99/152
f 102/102/153 93/93/153 100/100/153
f 103/103/154 100/100/154 101/101/154
f 102/102/155 100/100/155 103/103/155
f 101/101/156 99/99/156 98/98/156
f 104/104/157 98/98/157 77/77/157
f 105/105/158 98/98/158 104/104/158
f 103/103/159 101/101/159 98/98/159
f 106/106/160 98/98/160 105/105/160
f 103/103/161 98/98/161 106/106/161
f 104/104/162 77/77/162 82/82/162
f 107/107/163 104/104/163 82/82/163
f 107/107/164 82/82/164 84/84/164
f 105/105/165 104/104/166 107/107/166
f 108/108/167 107/107/167 84/84/167
f 108/108/168 84/84/168 86/86/168
f 109/109/169 107/107/169 108/108/169
f 110/110/166 105/105/165 107/107/166
f 111/111/166 110/110/166 107/107/166
f 109/109/169 111/111/169 107/107/169
f 90/90/170 108/108/170 86/86/170
f 90/90/171 86/86/171 88/88/171
f 112/112/172 108/108/172 90/90/172
f 112/112/172 109/109/172 108/108/172
f 97/97/173 90/90/174 95/95/175
f 113/113/176 90/90/174 97/97/173
f 114/114/177 90/90/177 113/113/177
f 114/114/177 112/112/177 90/90/177
f 115/115/178 116/116/178 117/117/178
f 118/118/179 115/115/179 117/117/179
f 119/119/1 118/118/1 117/117/1
f 120/120/1 119/119/1 117/117/1
f 121/121/180 115/115/180 118/118/180
f 122/122/180 115/115/180 121/121/180
f 123/123/1 121/121/1 118/118/1
f 119/119/1 123/123/1 118/118/1
f 124/124/181 121/121/181 123/123/181
f 124/124/181 122/122/181 121/121/181
f 125/125/182 123/123/182 119/119/182
f 125/125/182 124/124/182 123/123/182
f 126/126/1 127/127/1 119/119/1
f 128/128/183 119/119/184 127/127/185
f 120/120/1 126/126/1 119/119/1
f 128/128/183 125/125/186 119/119/184
f 126/126/1 129/129/1 127/127/1
f 129/129/1 130/130/1 127/127/1
f 128/128/187 127/127/187 130/130/187
f 129/129/1 131/131/1 130/130/1
f 132/132/188 130/130/188 131/131/188
f 128/128/189 130/130/189 132/132/189
f 133/133/1 134/134/1 131/131/1
f 135/135/190 131/131/190 134/134/190
f 129/129/1 133/133/1 131/131/1
f 132/132/190 131/131/190 135/135/190
f 136/136/1 137/137/1 134/134/1
f 138/138/191 134/134/191 137/137/191
f 133/133/1 136/136/1 134/134/1
f 135/135/191 134/134/191 138/138/191
f 136/136/1 139/139/1 137/137/1
f 140/140/192 137/137/192 139/139/192
f 138/138/192 137/137/192 140/140/192
f 136/136/1 141/141/1 139/139/1
f 142/142/193 139/139/193 141/141/193
f 140/140/194 139/139/194 142/142/194
f 136/136/1 143/143/195 141/141/1
f 142/142/196 141/141/196 144/144/196
f 143/143/195 145/145/197 141/141/1
f 144/144/198 141/141/198 145/145/198
f 146/146/199 147/147/200 145/145/197
f 148/148/201 145/145/201 147/147/201
f 143/143/195 146/146/199 145/145/197
f 144/144/202 145/145/202 148/148/202
f 146/146/199 149/149/203 147/147/200
f 150/150/204 147/147/204 149/149/205
f 150/150/204 148/148/206 147/147/204
f 151/151/207 149/149/207 146/146/207
f 152/152/208 150/150/208 149/149/208
f 152/152/209 149/149/209 151/151/209
f 143/143/195 153/153/210 146/146/199
f 154/154/211 146/146/211 153/153/211
f 155/155/212 146/146/212 154/154/212
f 156/156/213 153/153/213 143/143/213
f 154/154/214 153/153/214 157/157/214
f 156/156/215 157/157/215 153/153/215
f 136/136/1 158/158/1 143/143/195
f 156/156/216 143/143/216 158/158/216
f 159/159/217 158/158/217 136/136/217
f 157/157/218 158/158/218 159/159/218
f 156/156/219 158/158/219 157/157/219
f 160/160/220 136/136/220 133/133/220
f 159/159/217 136/136/217 160/160/217
f 114/114/221 133/133/221 129/129/221
f 161/161/222 133/133/222 114/114/222
f 160/160/220 133/133/220 161/161/220
f 162/162/223 129/129/223 126/126/223
f 163/163/224 114/114/224 129/129/224
f 162/162/225 163/163/225 129/129/225
f 111/111/226 126/126/226 120/120/226
f 109/109/227 126/126/227 111/111/227
f 162/162/228 126/126/228 109/109/228
f 111/111/229 120/120/229 164/164/229
f 165/165/1 164/164/230 120/120/1
f 166/166/1 165/165/1 120/120/1
f 167/167/1 166/166/1 120/120/1
f 117/117/1 167/167/1 120/120/1
f 168/168/231 111/111/231 164/164/231
f 169/169/232 164/164/232 165/165/232
f 168/168/233 164/164/233 169/169/233
f 170/170/234 165/165/234 166/166/234
f 170/170/235 169/169/235 165/165/235
f 167/167/1 171/171/1 166/166/1
f 172/172/236 166/166/236 171/171/236
f 170/170/237 166/166/237 172/172/237
f 173/173/238 171/171/239 167/167/240
f 174/174/241 171/171/241 175/175/241
f 176/176/242 175/175/242 171/171/242
f 172/172/243 171/171/243 174/174/243
f 176/176/244 171/171/239 173/173/238
f 116/116/245 167/167/245 117/117/245
f 173/173/246 167/167/246 116/116/246
f 177/177/247 116/116/247 178/178/247
f 173/173/248 116/116/129 179/179/248
f 177/177/249 179/179/249 116/116/249
f 178/178/250 116/116/251 115/115/252
f 180/180/12 122/122/12 124/124/12
f 180/180/12 115/115/252 122/122/12
f 181/181/12 124/124/12 125/125/12
f 181/181/12 180/180/12 124/124/12
f 182/182/12 125/125/12 128/128/12
f 182/182/12 181/181/12 125/125/12
f 180/180/12 178/178/250 115/115/252
f 183/183/253 178/178/253 180/180/253
f 183/183/254 177/177/254 178/178/254
f 184/184/255 180/180/255 181/181/255
f 184/184/256 183/183/256 180/180/256
f 184/184/257 181/181/257 182/182/257
f 128/128/12 185/185/12 182/182/12
f 186/186/258 182/182/258 185/185/258
f 187/187/259 184/184/259 182/182/259
f 188/188/260 182/182/260 186/186/260
f 188/188/261 187/187/261 182/182/261
f 132/132/12 189/189/12 185/185/12
f 186/186/262 185/185/262 189/189/262
f 128/128/12 132/132/12 185/185/12
f 132/132/12 190/190/12 189/189/12
f 191/191/263 189/189/263 190/190/263
f 191/191/264 186/186/264 189/189/264
f 192/192/12 193/193/12 190/190/12
f 191/191/265 190/190/265 193/193/265
f 144/144/12 192/192/12 190/190/12
f 142/142/12 144/144/12 190/190/12
f 132/132/12 142/142/12 190/190/12
f 194/194/266 193/193/266 192/192/266
f 195/195/267 191/191/267 193/193/267
f 195/195/268 193/193/268 194/194/268
f 148/148/12 196/196/12 192/192/12
f 194/194/269 192/192/269 196/196/269
f 144/144/12 148/148/12 192/192/12
f 197/197/12 198/198/12 196/196/12
f 199/199/270 196/196/270 198/198/270
f 200/200/12 197/197/12 196/196/12
f 148/148/12 200/200/12 196/196/12
f 194/194/271 196/196/271 199/199/271
f 201/201/252 202/202/252 198/198/12
f 203/203/272 198/198/272 202/202/272
f 197/197/12 201/201/252 198/198/12
f 199/199/273 198/198/273 203/203/273
f 204/204/274 205/205/275 202/202/252
f 203/203/276 202/202/276 205/205/276
f 201/201/252 204/204/274 202/202/252
f 206/206/12 207/207/12 205/205/275
f 203/203/277 205/205/277 207/207/277
f 204/204/274 206/206/12 205/205/275
f 206/206/12 208/208/12 207/207/12
f 209/209/278 207/207/278 208/208/278
f 203/203/279 207/207/279 209/209/279
f 206/206/12 179/179/248 208/208/12
f 210/210/280 208/208/280 179/179/280
f 209/209/281 208/208/281 210/210/281
f 206/206/12 173/173/248 179/179/248
f 210/210/282 179/179/282 177/177/282
f 206/206/12 211/211/12 173/173/248
f 176/176/283 173/173/283 211/211/283
f 212/212/12 213/213/12 211/211/12
f 214/214/284 211/211/284 213/213/284
f 206/206/12 212/212/12 211/211/12
f 214/214/285 176/176/285 211/211/285
f 215/215/286 213/213/286 212/212/286
f 215/215/287 214/214/287 213/213/287
f 216/216/288 212/212/288 206/206/288
f 217/217/289 215/215/289 212/212/289
f 218/218/290 217/217/290 212/212/290
f 216/216/291 218/218/291 212/212/291
f 219/219/292 206/206/293 204/204/294
f 219/219/292 216/216/295 206/206/293
f 220/220/296 204/204/296 201/201/296
f 219/219/297 204/204/297 221/221/297
f 220/220/298 221/221/298 204/204/298
f 222/222/299 201/201/299 197/197/299
f 220/220/300 201/201/300 223/223/300
f 224/224/301 223/223/301 201/201/301
f 224/224/302 201/201/302 222/222/302
f 222/222/303 197/197/303 200/200/303
f 150/150/304 200/200/304 148/148/304
f 152/152/305 200/200/306 150/150/307
f 225/225/308 200/200/306 152/152/305
f 225/225/309 222/222/309 200/200/309
f 132/132/12 140/140/12 142/142/12
f 135/135/12 138/138/12 140/140/12
f 132/132/12 135/135/12 140/140/12
f 226/226/310 63/63/311 61/61/312
f 226/226/310 61/61/312 91/91/313
f 227/227/314 63/63/315 226/226/316
f 227/227/314 64/64/317 63/63/315
f 228/228/318 53/53/318 54/54/318
f 55/55/319 228/228/319 54/54/319
f 229/229/320 50/50/320 53/53/321
f 229/229/322 53/53/322 228/228/322
f 51/51/323 50/50/320 229/229/320
f 230/230/324 226/226/324 91/91/324
f 231/231/325 226/226/325 230/230/325
f 231/231/326 227/227/326 226/226/326
f 230/230/327 91/91/327 94/94/327
f 232/232/328 230/230/328 94/94/328
f 93/93/329 94/94/329 92/92/329
f 232/232/330 94/94/330 93/93/330
f 175/175/166 230/230/331 232/232/166
f 233/233/166 234/234/332 230/230/331
f 231/231/333 230/230/333 234/234/333
f 235/235/166 233/233/166 230/230/331
f 236/236/166 235/235/166 230/230/331
f 175/175/166 236/236/166 230/230/331
f 31/31/334 96/96/334 32/32/334
f 237/237/335 97/97/336 96/96/337
f 238/238/338 96/96/338 31/31/338
f 237/237/335 96/96/337 238/238/339
f 232/232/340 93/93/340 239/239/340
f 102/102/341 239/239/341 93/93/341
f 240/240/342 113/113/342 97/97/342
f 241/241/343 97/97/343 237/237/343
f 241/241/344 240/240/344 97/97/344
f 242/242/345 114/114/345 113/113/345
f 242/242/345 113/113/345 240/240/345
f 243/243/166 106/106/346 105/105/165
f 110/110/166 243/243/166 105/105/165
f 102/102/347 103/103/347 106/106/347
f 244/244/348 102/102/349 106/106/346
f 243/243/166 244/244/348 106/106/346
f 245/245/350 239/239/351 102/102/349
f 244/244/348 245/245/350 102/102/349
f 174/174/166 232/232/166 239/239/351
f 172/172/166 174/174/166 239/239/351
f 245/245/350 172/172/166 239/239/351
f 174/174/166 175/175/166 232/232/166
f 233/233/166 246/246/352 234/234/332
f 247/247/353 234/234/353 246/246/353
f 248/248/354 246/246/354 249/249/354
f 250/250/355 247/247/355 246/246/355
f 251/251/356 250/250/356 246/246/356
f 248/248/357 251/251/357 246/246/357
f 249/249/358 246/246/358 233/233/358
f 252/252/359 233/233/359 235/235/359
f 252/252/360 249/249/360 233/233/360
f 253/253/361 235/235/361 254/254/361
f 236/236/166 254/254/166 235/235/166
f 253/253/362 252/252/362 235/235/362
f 255/255/363 254/254/363 256/256/363
f 255/255/364 253/253/364 254/254/364
f 257/257/365 254/254/365 236/236/365
f 256/256/366 254/254/366 257/257/366
f 214/214/367 236/236/367 175/175/367
f 258/258/368 257/257/368 236/236/368
f 258/258/369 236/236/369 214/214/369
f 214/214/370 175/175/370 176/176/370
f 170/170/371 172/172/371 245/245/371
f 170/170/372 245/245/373 244/244/372
f 259/259/374 244/244/374 243/243/374
f 169/169/375 244/244/375 259/259/375
f 170/170/372 244/244/372 169/169/376
f 259/259/377 243/243/378 110/110/379
f 168/168/12 110/110/12 111/111/12
f 169/169/380 259/259/377 110/110/379
f 168/168/12 169/169/12 110/110/12
f 163/163/12 109/109/12 112/112/12
f 162/162/381 109/109/381 163/163/381
f 163/163/12 112/112/12 114/114/12
f 161/161/12 114/114/12 242/242/12
f 260/260/382 177/177/382 183/183/382
f 261/261/383 210/210/383 177/177/383
f 262/262/384 177/177/384 260/260/384
f 261/261/385 177/177/385 262/262/385
f 263/263/386 183/183/386 184/184/387
f 263/263/386 260/260/388 183/183/386
f 187/187/389 263/263/389 184/184/389
f 264/264/390 229/229/390 228/228/390
f 55/55/391 264/264/391 228/228/391
f 45/45/392 229/229/393 264/264/394
f 45/45/392 51/51/395 229/229/393
f 46/46/396 45/45/396 264/264/396
f 56/56/397 264/264/398 55/55/399
f 265/265/400 46/46/401 264/264/402
f 266/266/403 265/265/400 264/264/402
f 56/56/397 266/266/404 264/264/398
f 267/267/405 51/51/405 45/45/405
f 267/267/1 52/52/1 51/51/1
f 49/49/406 52/52/406 267/267/406
f 44/44/407 49/49/407 267/267/407
f 44/44/408 267/267/408 45/45/408
f 268/268/409 64/64/409 227/227/409
f 268/268/410 67/67/74 64/64/76
f 269/269/411 31/31/16 33/33/15
f 270/270/412 227/227/412 231/231/412
f 270/270/413 268/268/413 227/227/413
f 270/270/414 231/231/414 234/234/414
f 269/269/415 238/238/416 31/31/417
f 271/271/418 237/237/419 238/238/420
f 272/272/421 238/238/416 269/269/415
f 271/271/422 238/238/422 272/272/422
f 273/273/423 270/270/423 234/234/423
f 247/247/424 273/273/424 234/234/424
f 274/274/425 241/241/425 237/237/425
f 274/274/426 237/237/419 271/271/418
f 241/241/345 242/242/345 240/240/345
f 275/275/427 242/242/427 241/241/427
f 275/275/12 161/161/12 242/242/12
f 275/275/427 241/241/427 274/274/427
f 276/276/428 249/249/428 252/252/428
f 276/276/429 248/248/429 249/249/429
f 277/277/430 252/252/430 253/253/430
f 277/277/431 276/276/431 252/252/431
f 278/278/12 160/160/12 161/161/12
f 275/275/12 278/278/12 161/161/12
f 279/279/12 159/159/12 160/160/12
f 278/278/12 279/279/12 160/160/12
f 279/279/12 157/157/12 159/159/12
f 279/279/12 154/154/12 157/157/12
f 280/280/12 281/281/12 154/154/12
f 155/155/432 154/154/432 281/281/432
f 279/279/12 280/280/12 154/154/12
f 282/282/12 283/283/12 281/281/12
f 155/155/433 281/281/433 283/283/433
f 280/280/12 282/282/12 281/281/12
f 284/284/434 283/283/434 282/282/434
f 285/285/435 155/155/435 283/283/435
f 151/151/436 285/285/436 283/283/436
f 284/284/437 151/151/437 283/283/437
f 286/286/438 282/282/438 280/280/438
f 287/287/439 282/282/439 286/286/439
f 287/287/440 284/284/440 282/282/440
f 286/286/441 280/280/441 279/279/441
f 288/288/442 256/256/442 257/257/442
f 218/218/443 257/257/443 258/258/443
f 218/218/444 288/288/444 257/257/444
f 289/289/445 255/255/445 256/256/445
f 288/288/446 289/289/446 256/256/446
f 215/215/447 258/258/447 214/214/447
f 217/217/448 258/258/448 215/215/448
f 218/218/449 258/258/449 217/217/449
f 290/290/450 210/210/450 261/261/451
f 290/290/450 209/209/450 210/210/450
f 291/291/452 188/188/452 186/186/452
f 291/291/453 186/186/453 191/191/453
f 261/261/454 262/262/454 260/260/454
f 292/292/455 261/261/456 260/260/457
f 292/292/455 260/260/457 263/263/458
f 292/292/459 290/290/460 261/261/461
f 188/188/462 292/292/462 263/263/462
f 188/188/12 263/263/12 187/187/12
f 291/291/463 292/292/464 188/188/465
f 291/291/463 195/195/466 292/292/464
f 47/47/467 46/46/467 265/265/467
f 293/293/468 265/265/468 266/266/468
f 294/294/469 265/265/469 293/293/469
f 48/48/470 265/265/470 294/294/470
f 47/47/471 265/265/471 48/48/471
f 59/59/472 266/266/472 56/56/472
f 59/59/473 293/293/473 266/266/473
f 295/295/474 65/65/474 66/66/474
f 296/296/475 66/66/476 67/67/477
f 297/297/478 295/295/478 66/66/478
f 296/296/475 297/297/479 66/66/476
f 298/298/480 67/67/481 268/268/482
f 298/298/483 296/296/483 67/67/483
f 60/60/484 58/58/484 299/299/484
f 300/300/485 269/269/486 33/33/485
f 300/300/485 33/33/485 29/29/487
f 301/301/488 268/268/488 270/270/488
f 301/301/489 298/298/480 268/268/482
f 301/301/490 270/270/490 273/273/490
f 300/300/491 272/272/491 269/269/491
f 302/302/492 271/271/493 272/272/494
f 303/303/495 272/272/495 300/300/495
f 302/302/492 272/272/494 303/303/496
f 304/304/497 301/301/497 273/273/497
f 305/305/498 304/304/498 273/273/498
f 306/306/499 273/273/499 247/247/499
f 305/305/500 273/273/500 306/306/500
f 302/302/501 274/274/501 271/271/501
f 307/307/502 247/247/503 250/250/504
f 307/307/502 306/306/505 247/247/503
f 307/307/506 250/250/506 251/251/506
f 308/308/507 306/306/507 307/307/507
f 309/309/508 305/305/508 306/306/508
f 308/308/509 309/309/509 306/306/509
f 310/310/510 307/307/510 251/251/510
f 311/311/511 251/251/511 248/248/511
f 311/311/512 310/310/512 251/251/512
f 308/308/513 307/307/513 310/310/513
f 278/278/501 275/275/501 274/274/501
f 278/278/501 274/274/501 302/302/501
f 312/312/514 248/248/514 276/276/514
f 312/312/515 311/311/515 248/248/515
f 313/313/516 276/276/516 277/277/516
f 313/313/517 312/312/517 276/276/517
f 314/314/518 277/277/518 253/253/518
f 313/313/519 277/277/519 314/314/519
f 315/315/520 253/253/520 255/255/520
f 315/315/521 314/314/521 253/253/521
f 316/316/522 314/314/522 315/315/522
f 317/317/523 313/313/523 314/314/523
f 316/316/524 317/317/524 314/314/524
f 255/255/525 289/289/525 315/315/525
f 318/318/526 315/315/526 289/289/526
f 319/319/527 315/315/527 318/318/527
f 316/316/528 315/315/528 319/319/528
f 320/320/529 318/318/529 289/289/529
f 321/321/530 289/289/530 288/288/530
f 320/320/531 289/289/531 321/321/531
f 320/320/532 319/319/532 318/318/532
f 322/322/533 288/288/533 218/218/533
f 322/322/534 321/321/534 288/288/534
f 216/216/535 322/322/535 218/218/535
f 323/323/536 209/209/536 290/290/536
f 323/323/537 203/203/537 209/209/537
f 195/195/538 291/291/538 191/191/538
f 292/292/459 324/324/539 290/290/460
f 323/323/540 290/290/540 324/324/540
f 325/325/541 324/324/541 292/292/541
f 323/323/542 324/324/542 203/203/542
f 199/199/543 203/203/543 324/324/543
f 325/325/544 199/199/544 324/324/544
f 325/325/545 292/292/545 195/195/545
f 299/299/546 58/58/546 65/65/546
f 295/295/547 299/299/547 65/65/547
f 326/326/548 299/299/548 295/295/548
f 327/327/549 60/60/549 299/299/549
f 327/327/550 299/299/550 326/326/550
f 328/328/551 295/295/551 297/297/551
f 326/326/552 295/295/552 328/328/552
f 59/59/553 294/294/553 293/293/553
f 329/329/554 294/294/554 59/59/554
f 42/42/555 48/48/555 294/294/555
f 42/42/556 294/294/556 329/329/556
f 330/330/557 59/59/557 60/60/557
f 329/329/558 59/59/558 330/330/558
f 35/35/559 48/48/559 42/42/559
f 331/331/560 297/297/560 296/296/560
f 328/328/561 297/297/561 331/331/561
f 332/332/562 296/296/562 298/298/562
f 332/332/563 331/331/563 296/296/563
f 333/333/564 60/60/565 327/327/566
f 334/334/567 330/330/568 60/60/565
f 335/335/569 334/334/567 60/60/565
f 333/333/564 335/335/569 60/60/565
f 336/336/570 300/300/571 29/29/570
f 336/336/570 29/29/570 28/28/572
f 337/337/573 298/298/573 301/301/573
f 337/337/574 332/332/575 298/298/576
f 337/337/577 301/301/577 304/304/577
f 336/336/578 303/303/578 300/300/578
f 338/338/579 302/302/579 303/303/579
f 339/339/580 303/303/580 336/336/580
f 338/338/581 303/303/581 339/339/581
f 340/340/582 304/304/583 305/305/584
f 337/337/585 304/304/585 341/341/585
f 340/340/586 341/341/586 304/304/586
f 340/340/582 305/305/584 309/309/587
f 342/342/588 309/309/589 308/308/590
f 343/343/591 309/309/591 342/342/591
f 343/343/592 340/340/592 309/309/592
f 311/311/593 308/308/593 310/310/593
f 344/344/594 308/308/590 311/311/166
f 344/344/594 342/342/588 308/308/590
f 345/345/595 278/278/595 302/302/595
f 345/345/596 302/302/597 338/338/598
f 346/346/599 311/311/599 312/312/599
f 344/344/594 311/311/166 346/346/165
f 347/347/600 312/312/600 313/313/600
f 346/346/601 312/312/601 347/347/601
f 345/345/595 279/279/595 278/278/595
f 348/348/602 313/313/603 317/317/604
f 348/348/602 347/347/605 313/313/603
f 349/349/606 317/317/607 316/316/608
f 349/349/609 348/348/609 317/317/609
f 320/320/610 316/316/610 319/319/610
f 350/350/611 316/316/608 320/320/612
f 350/350/611 349/349/606 316/316/608
f 322/322/613 320/320/612 321/321/166
f 351/351/614 320/320/612 322/322/613
f 351/351/614 350/350/611 320/320/612
f 352/352/615 322/322/615 216/216/615
f 352/352/616 351/351/614 322/322/613
f 219/219/617 352/352/618 216/216/619
f 219/219/617 353/353/620 352/352/618
f 354/354/621 355/355/622 353/353/620
f 356/356/12 354/354/621 353/353/620
f 219/219/617 356/356/12 353/353/620
f 354/354/621 357/357/623 355/355/622
f 358/358/624 355/355/624 357/357/624
f 353/353/625 355/355/625 359/359/625
f 360/360/626 359/359/626 355/355/626
f 358/358/627 360/360/628 355/355/629
f 361/361/630 357/357/630 354/354/630
f 362/362/631 357/357/631 361/361/631
f 362/362/632 358/358/632 357/357/632
f 361/361/633 354/354/633 356/356/633
f 219/219/617 221/221/12 356/356/12
f 363/363/634 356/356/634 221/221/634
f 363/363/635 361/361/636 356/356/637
f 364/364/638 221/221/638 220/220/638
f 363/363/639 221/221/639 364/364/639
f 365/365/605 346/346/165 347/347/605
f 348/348/602 365/365/605 347/347/605
f 365/365/605 344/344/594 346/346/165
f 366/366/640 342/342/640 344/344/640
f 367/367/641 344/344/641 365/365/641
f 367/367/642 366/366/642 344/344/642
f 368/368/643 367/367/643 365/365/643
f 369/369/644 350/350/644 351/351/644
f 370/370/645 369/369/645 351/351/645
f 353/353/646 351/351/646 352/352/646
f 194/194/647 199/199/647 325/325/647
f 195/195/648 194/194/648 325/325/648
f 328/328/649 331/331/650 371/371/651
f 372/372/652 371/371/651 331/331/650
f 373/373/653 328/328/654 371/371/655
f 374/374/656 371/371/656 372/372/656
f 374/374/657 373/373/657 371/371/657
f 332/332/658 372/372/658 331/331/658
f 375/375/659 326/326/659 328/328/660
f 376/376/661 375/375/661 328/328/661
f 373/373/653 376/376/662 328/328/654
f 375/375/659 327/327/566 326/326/659
f 375/375/659 333/333/564 327/327/566
f 39/39/30 330/330/568 334/334/567
f 39/39/35 329/329/663 330/330/664
f 39/39/30 334/334/567 40/40/31
f 377/377/665 41/41/665 40/40/665
f 378/378/666 40/40/666 334/334/666
f 377/377/667 40/40/667 378/378/667
f 379/379/668 334/334/668 335/335/668
f 378/378/669 334/334/669 379/379/669
f 380/380/670 335/335/670 333/333/670
f 380/380/671 379/379/671 335/335/671
f 381/381/672 333/333/672 375/375/672
f 380/380/673 333/333/673 381/381/673
f 381/381/674 375/375/674 382/382/674
f 383/383/675 375/375/675 376/376/675
f 382/382/676 375/375/676 383/383/676
f 383/383/677 376/376/677 373/373/677
f 39/39/35 42/42/37 329/329/663
f 26/26/678 336/336/678 28/28/678
f 374/374/679 372/372/679 332/332/679
f 384/384/680 332/332/575 337/337/574
f 384/384/1 374/374/1 332/332/1
f 385/385/681 336/336/681 26/26/681
f 386/386/682 337/337/682 341/341/682
f 384/384/683 337/337/683 386/386/683
f 387/387/684 386/386/684 341/341/684
f 340/340/685 387/387/685 341/341/685
f 385/385/686 339/339/686 336/336/686
f 338/338/687 339/339/687 388/388/687
f 385/385/688 388/388/688 339/339/688
f 389/389/689 343/343/689 342/342/689
f 366/366/690 389/389/690 342/342/690
f 338/338/691 388/388/691 345/345/691
f 390/390/692 345/345/692 388/388/692
f 391/391/693 345/345/693 390/390/693
f 392/392/694 345/345/694 391/391/694
f 393/393/695 345/345/695 392/392/695
f 394/394/696 345/345/696 393/393/696
f 390/390/697 388/388/698 385/385/699
f 395/395/700 368/368/701 365/365/702
f 394/394/703 279/279/704 345/345/705
f 396/396/706 279/279/704 394/394/703
f 286/286/707 279/279/707 396/396/707
f 395/395/708 365/365/708 348/348/708
f 349/349/709 395/395/709 348/348/709
f 370/370/710 351/351/710 353/353/710
f 383/383/711 373/373/711 374/374/711
f 385/385/712 26/26/712 24/24/712
f 34/34/18 385/385/713 24/24/19
f 397/397/1 374/374/1 384/384/1
f 397/397/1 383/383/1 374/374/1
f 398/398/714 386/386/715 387/387/716
f 397/397/717 384/384/717 386/386/717
f 398/398/718 397/397/718 386/386/718
f 399/399/719 387/387/719 340/340/719
f 399/399/720 340/340/720 343/343/720
f 400/400/1 401/401/721 383/383/1
f 382/382/722 383/383/722 401/401/722
f 397/397/1 400/400/1 383/383/1
f 402/402/723 401/401/723 403/403/723
f 404/404/724 403/403/725 401/401/721
f 400/400/1 404/404/724 401/401/721
f 402/402/726 382/382/726 401/401/726
f 402/402/727 403/403/727 381/381/727
f 380/380/728 381/381/728 403/403/728
f 405/405/729 380/380/729 403/403/729
f 405/405/730 403/403/730 404/404/730
f 406/406/731 404/404/731 400/400/731
f 407/407/732 405/405/732 404/404/732
f 408/408/733 407/407/733 404/404/733
f 406/406/734 408/408/734 404/404/734
f 398/398/735 400/400/735 397/397/735
f 409/409/736 400/400/737 398/398/738
f 410/410/739 400/400/737 409/409/736
f 406/406/740 400/400/740 410/410/740
f 34/34/741 390/390/697 385/385/699
f 411/411/742 391/391/743 390/390/744
f 411/411/742 390/390/744 34/34/745
f 412/412/746 389/389/747 366/366/748
f 413/413/749 392/392/749 391/391/749
f 414/414/750 391/391/750 411/411/750
f 413/413/751 391/391/751 414/414/751
f 393/393/752 392/392/752 413/413/752
f 415/415/753 366/366/753 367/367/753
f 415/415/754 412/412/754 366/366/754
f 416/416/755 367/367/756 368/368/757
f 416/416/755 415/415/758 367/367/756
f 395/395/700 416/416/759 368/368/701
f 146/146/760 155/155/760 285/285/760
f 417/417/761 369/369/761 370/370/761
f 359/359/762 370/370/762 353/353/762
f 417/417/763 370/370/763 359/359/763
f 220/220/764 223/223/764 418/418/764
f 419/419/765 418/418/765 223/223/765
f 364/364/766 220/220/766 418/418/766
f 420/420/767 418/418/767 419/419/767
f 421/421/768 418/418/768 420/420/768
f 364/364/769 418/418/769 421/421/769
f 422/422/770 419/419/770 223/223/770
f 224/224/771 422/422/771 223/223/771
f 422/422/772 420/420/772 419/419/772
f 402/402/773 381/381/773 382/382/773
f 411/411/774 36/36/775 41/41/776
f 411/411/777 34/34/27 36/36/29
f 423/423/778 411/411/774 41/41/776
f 424/424/779 423/423/779 41/41/779
f 424/424/780 41/41/780 377/377/780
f 414/414/781 411/411/781 423/423/781
f 425/425/782 414/414/782 423/423/782
f 425/425/783 423/423/783 424/424/783
f 409/409/784 398/398/714 387/387/716
f 399/399/785 426/426/785 387/387/785
f 409/409/786 387/387/787 426/426/788
f 389/389/789 399/399/790 343/343/791
f 393/393/792 413/413/792 414/414/792
f 411/411/793 393/393/793 414/414/793
f 427/427/794 414/414/794 425/425/794
f 427/427/795 411/411/795 414/414/795
f 428/428/796 394/394/796 393/393/796
f 429/429/797 393/393/797 411/411/797
f 428/428/798 393/393/798 429/429/798
f 430/430/799 394/394/800 428/428/801
f 430/430/799 431/431/345 394/394/800
f 432/432/802 416/416/759 395/395/700
f 433/433/803 396/396/804 394/394/800
f 434/434/345 433/433/803 394/394/800
f 431/431/345 434/434/345 394/394/800
f 435/435/805 395/395/805 349/349/805
f 435/435/806 432/432/806 395/395/806
f 436/436/807 349/349/808 350/350/809
f 435/435/810 349/349/808 436/436/807
f 151/151/811 146/146/811 285/285/811
f 436/436/812 350/350/812 369/369/812
f 417/417/813 436/436/813 369/369/813
f 437/437/814 435/435/814 436/436/814
f 417/417/815 437/437/815 436/436/815
f 438/438/816 421/421/816 420/420/816
f 422/422/817 439/439/817 420/420/817
f 146/146/818 420/420/818 439/439/818
f 440/440/819 420/420/819 146/146/819
f 440/440/820 438/438/820 420/420/820
f 441/441/821 364/364/821 421/421/821
f 442/442/822 421/421/822 438/438/822
f 441/441/823 421/421/823 442/442/823
f 363/363/824 364/364/824 441/441/824
f 222/222/825 439/439/825 422/422/825
f 443/443/826 146/146/827 439/439/828
f 444/444/829 439/439/829 222/222/829
f 444/444/830 443/443/830 439/439/830
f 224/224/831 222/222/831 422/422/831
f 443/443/826 440/440/832 146/146/827
f 445/445/833 152/152/833 151/151/833
f 445/445/834 151/151/834 284/284/834
f 446/446/835 152/152/836 445/445/837
f 225/225/838 152/152/836 446/446/835
f 444/444/839 222/222/839 225/225/839
f 447/447/840 379/379/840 380/380/840
f 448/448/841 378/378/841 379/379/841
f 448/448/842 379/379/842 447/447/842
f 449/449/843 380/380/843 405/405/843
f 447/447/844 380/380/844 449/449/844
f 450/450/845 377/377/845 378/378/845
f 450/450/846 378/378/846 448/448/846
f 451/451/847 424/424/847 377/377/847
f 452/452/848 451/451/848 377/377/848
f 452/452/849 377/377/849 450/450/849
f 453/453/850 424/424/850 451/451/850
f 427/427/851 425/425/851 424/424/851
f 454/454/852 427/427/852 424/424/852
f 455/455/853 424/424/854 453/453/855
f 455/455/856 454/454/856 424/424/856
f 453/453/857 451/451/857 452/452/857
f 456/456/858 399/399/790 389/389/789
f 457/457/859 426/426/860 399/399/861
f 456/456/862 457/457/863 399/399/864
f 458/458/865 406/406/865 410/410/865
f 429/429/866 411/411/866 427/427/866
f 459/459/867 429/429/867 427/427/867
f 460/460/868 427/427/868 454/454/868
f 459/459/869 427/427/869 460/460/869
f 428/428/870 429/429/870 459/459/870
f 461/461/871 286/286/872 396/396/804
f 433/433/803 461/461/871 396/396/804
f 287/287/873 286/286/873 461/461/873
f 462/462/874 461/461/874 433/433/874
f 463/463/875 287/287/875 461/461/875
f 462/462/876 463/463/876 461/461/876
f 462/462/877 433/433/877 434/434/877
f 464/464/878 434/434/878 431/431/878
f 465/465/879 462/462/879 434/434/879
f 465/465/880 434/434/880 464/464/880
f 466/466/881 431/431/881 430/430/881
f 464/464/882 431/431/882 466/466/882
f 467/467/883 430/430/884 468/468/885
f 428/428/801 468/468/886 430/430/799
f 466/466/887 430/430/887 467/467/887
f 469/469/888 468/468/888 470/470/888
f 467/467/883 468/468/885 469/469/889
f 471/471/890 468/468/890 428/428/890
f 470/470/891 468/468/891 471/471/891
f 471/471/892 428/428/892 459/459/892
f 472/472/893 432/432/894 435/435/895
f 437/437/896 472/472/896 435/435/896
f 473/473/897 442/442/897 438/438/897
f 443/443/166 438/438/166 440/440/166
f 473/473/166 438/438/166 443/443/166
f 473/473/898 441/441/898 442/442/898
f 463/463/899 284/284/899 287/287/899
f 474/474/900 463/463/900 462/462/900
f 475/475/901 463/463/901 474/474/901
f 476/476/902 363/363/902 441/441/902
f 476/476/903 441/441/903 473/473/903
f 473/473/904 443/443/904 444/444/904
f 477/477/905 445/445/905 284/284/905
f 478/478/906 445/445/907 477/477/908
f 478/478/909 446/446/909 445/445/909
f 477/477/910 284/284/910 463/463/910
f 479/479/911 361/361/636 363/363/635
f 479/479/912 362/362/912 361/361/912
f 480/480/913 479/479/913 363/363/913
f 480/480/914 363/363/914 476/476/914
f 481/481/915 444/444/915 225/225/915
f 446/446/916 481/481/917 225/225/918
f 476/476/919 473/473/919 444/444/919
f 482/482/920 476/476/920 444/444/920
f 481/481/921 482/482/922 444/444/923
f 449/449/924 405/405/924 407/407/924
f 483/483/925 407/407/925 408/408/925
f 484/484/926 449/449/926 407/407/926
f 484/484/927 407/407/927 483/483/927
f 458/458/928 408/408/928 406/406/928
f 447/447/929 449/449/929 484/484/929
f 485/485/930 448/448/930 447/447/930
f 486/486/931 448/448/931 485/485/931
f 486/486/932 450/450/932 448/448/932
f 487/487/933 486/486/933 485/485/933
f 486/486/934 452/452/934 450/450/934
f 453/453/935 452/452/935 486/486/935
f 488/488/936 455/455/853 453/453/855
f 460/460/937 454/454/937 455/455/937
f 489/489/938 455/455/938 488/488/938
f 489/489/939 460/460/939 455/455/939
f 471/471/940 459/459/940 460/460/940
f 490/490/941 471/471/941 460/460/941
f 490/490/942 460/460/942 489/489/942
f 412/412/746 456/456/943 389/389/747
f 491/491/944 456/456/944 412/412/944
f 470/470/945 471/471/945 490/490/945
f 492/492/946 472/472/946 437/437/946
f 417/417/947 359/359/947 437/437/947
f 493/493/948 437/437/948 359/359/948
f 493/493/949 359/359/949 360/360/949
f 494/494/950 478/478/906 477/477/908
f 495/495/951 478/478/951 494/494/951
f 475/475/952 477/477/952 463/463/952
f 475/475/953 494/494/953 477/477/953
f 496/496/954 358/358/954 362/362/954
f 497/497/955 362/362/955 479/479/955
f 497/497/956 496/496/956 362/362/956
f 498/498/957 479/479/957 480/480/957
f 498/498/958 497/497/958 479/479/958
f 482/482/959 480/480/959 476/476/959
f 482/482/960 498/498/960 480/480/960
f 478/478/961 481/481/917 446/446/916
f 495/495/962 481/481/917 478/478/961
f 499/499/963 482/482/922 481/481/921
f 495/495/964 499/499/964 481/481/964
f 500/500/965 408/408/966 458/458/967
f 500/500/968 483/483/968 408/408/968
f 501/501/969 458/458/969 410/410/969
f 501/501/970 500/500/965 458/458/967
f 502/502/971 486/486/971 487/487/971
f 503/503/972 426/426/860 457/457/859
f 503/503/973 409/409/786 426/426/788
f 502/502/974 453/453/974 486/486/974
f 488/488/975 453/453/975 502/502/975
f 504/504/976 456/456/976 491/491/976
f 470/470/977 490/490/977 489/489/977
f 415/415/978 491/491/978 412/412/978
f 505/505/979 491/491/979 415/415/979
f 505/505/980 504/504/980 491/491/980
f 416/416/755 505/505/981 415/415/758
f 506/506/982 416/416/759 432/432/802
f 507/507/983 432/432/894 472/472/893
f 507/507/983 506/506/984 432/432/894
f 492/492/985 507/507/985 472/472/985
f 508/508/986 492/492/987 437/437/988
f 493/493/989 508/508/989 437/437/989
f 509/509/990 493/493/990 360/360/990
f 510/510/991 509/509/991 360/360/991
f 511/511/992 360/360/628 358/358/627
f 496/496/993 511/511/993 358/358/993
f 510/510/994 360/360/994 511/511/994
f 512/512/995 498/498/995 482/482/995
f 499/499/996 512/512/996 482/482/996
f 513/513/997 483/483/997 500/500/997
f 514/514/998 484/484/998 483/483/998
f 514/514/999 483/483/999 513/513/999
f 515/515/1000 513/513/1000 500/500/1000
f 501/501/1001 515/515/1001 500/500/1001
f 516/516/1002 447/447/1002 484/484/1002
f 516/516/1003 484/484/1003 514/514/1003
f 516/516/1004 485/485/1004 447/447/1004
f 487/487/1005 485/485/1005 516/516/1005
f 517/517/1006 488/488/1006 502/502/1006
f 517/517/1007 502/502/1007 487/487/1007
f 503/503/1008 518/518/1008 409/409/1008
f 410/410/1009 409/409/1009 518/518/1009
f 519/519/1010 410/410/1010 518/518/1010
f 520/520/1011 518/518/1011 503/503/1011
f 520/520/1012 519/519/1012 518/518/1012
f 519/519/1013 501/501/1013 410/410/1013
f 517/517/1014 489/489/1014 488/488/1014
f 521/521/1015 470/470/1015 489/489/1015
f 522/522/1016 521/521/1016 489/489/1016
f 522/522/1017 489/489/1017 517/517/1017
f 523/523/1018 457/457/863 456/456/862
f 523/523/1019 503/503/1019 457/457/1019
f 524/524/1020 523/523/1020 456/456/1020
f 504/504/1021 524/524/1021 456/456/1021
f 525/525/1022 503/503/1022 523/523/1022
f 526/526/1023 520/520/1023 503/503/1023
f 525/525/1024 526/526/1024 503/503/1024
f 525/525/1025 523/523/1025 524/524/1025
f 469/469/1026 470/470/1026 521/521/1026
f 469/469/1027 521/521/1027 522/522/1027
f 527/527/1028 506/506/1028 507/507/1028
f 528/528/1029 507/507/1029 492/492/1029
f 528/528/1030 527/527/1030 507/507/1030
f 465/465/1031 474/474/1031 462/462/1031
f 508/508/986 529/529/1032 492/492/987
f 528/528/1033 492/492/1033 529/529/1033
f 530/530/1034 529/529/1034 508/508/1034
f 528/528/1035 529/529/1035 527/527/1035
f 531/531/1036 527/527/1036 529/529/1036
f 532/532/1037 531/531/1037 529/529/1037
f 533/533/1038 529/529/1038 530/530/1038
f 533/533/1039 532/532/1039 529/529/1039
f 530/530/1040 508/508/1040 493/493/1040
f 534/534/1041 474/474/1041 465/465/1041
f 475/475/1042 474/474/1042 534/534/1042
f 535/535/1043 493/493/1043 509/509/1043
f 536/536/1044 509/509/1044 510/510/1044
f 536/536/1045 535/535/1045 509/509/1045
f 530/530/1046 493/493/1046 535/535/1046
f 537/537/1047 510/510/1047 511/511/1047
f 538/538/1048 511/511/1048 496/496/1048
f 538/538/1049 537/537/1049 511/511/1049
f 536/536/1050 510/510/1050 537/537/1050
f 539/539/1051 496/496/1051 497/497/1051
f 539/539/1052 538/538/1052 496/496/1052
f 540/540/1053 497/497/1053 498/498/1053
f 540/540/1054 539/539/1054 497/497/1054
f 541/541/1055 498/498/1055 512/512/1055
f 541/541/1056 540/540/1056 498/498/1056
f 542/542/1057 512/512/1058 499/499/1059
f 542/542/1057 541/541/1060 512/512/1058
f 495/495/1061 542/542/1061 499/499/1061
f 543/543/1062 513/513/1062 515/515/1062
f 514/514/1063 513/513/1063 543/543/1063
f 544/544/1064 515/515/1064 501/501/1064
f 545/545/1065 515/515/1065 544/544/1065
f 543/543/1066 515/515/1066 545/545/1066
f 544/544/1067 501/501/1067 519/519/1067
f 514/514/1068 546/546/1068 516/516/1068
f 514/514/1069 547/547/1069 546/546/1069
f 548/548/1070 546/546/1070 547/547/1070
f 487/487/1071 516/516/1071 546/546/1071
f 549/549/1072 487/487/1073 546/546/1074
f 550/550/1075 549/549/1072 546/546/1074
f 548/548/1076 550/550/1076 546/546/1076
f 549/549/1072 551/551/1077 487/487/1073
f 551/551/1077 517/517/1078 487/487/1073
f 552/552/1079 544/544/1079 519/519/1079
f 520/520/1080 552/552/1080 519/519/1080
f 522/522/1081 517/517/1081 551/551/1081
f 553/553/1082 551/551/1082 549/549/1082
f 522/522/1083 551/551/1083 553/553/1083
f 554/554/1084 549/549/1084 550/550/1084
f 555/555/1085 553/553/1085 549/549/1085
f 556/556/1086 555/555/1086 549/549/1086
f 556/556/1087 549/549/1087 554/554/1087
f 554/554/1088 550/550/1088 557/557/1088
f 557/557/1089 550/550/1089 548/548/1089
f 558/558/1090 553/553/1090 555/555/1090
f 559/559/1091 522/522/1092 553/553/1093
f 559/559/1094 553/553/1094 558/558/1094
f 558/558/1095 555/555/1095 556/556/1095
f 560/560/1096 469/469/1096 522/522/1096
f 561/561/1097 560/560/1097 522/522/1097
f 561/561/1098 522/522/1092 559/559/1091
f 562/562/1099 525/525/1099 524/524/1099
f 504/504/1100 562/562/1100 524/524/1100
f 467/467/1101 469/469/1101 560/560/1101
f 563/563/1102 467/467/1103 560/560/1104
f 564/564/1105 563/563/1105 560/560/1105
f 564/564/1106 560/560/1106 561/561/1106
f 466/466/1107 467/467/1103 563/563/1102
f 565/565/1108 466/466/1108 563/563/1108
f 566/566/1109 565/565/1109 563/563/1109
f 566/566/1110 563/563/1110 564/564/1110
f 567/567/1111 416/416/1111 506/506/1111
f 464/464/1112 466/466/1112 565/565/1112
f 568/568/1113 464/464/1113 565/565/1113
f 569/569/1114 568/568/1114 565/565/1114
f 569/569/1115 565/565/1115 566/566/1115
f 570/570/1116 506/506/1116 527/527/1116
f 570/570/1117 567/567/1117 506/506/1117
f 465/465/1118 464/464/1118 568/568/1118
f 534/534/1119 465/465/1119 568/568/1119
f 571/571/1120 534/534/1120 568/568/1120
f 571/571/1121 568/568/1121 569/569/1121
f 572/572/1122 527/527/1122 531/531/1122
f 570/570/1123 527/527/1123 572/572/1123
f 475/475/1124 534/534/1124 573/573/1124
f 571/571/1125 573/573/1125 534/534/1125
f 532/532/1126 572/572/1126 531/531/1126
f 574/574/1127 475/475/1127 573/573/1127
f 575/575/1128 574/574/1128 573/573/1128
f 576/576/1129 573/573/1129 571/571/1129
f 575/575/1130 573/573/1130 576/576/1130
f 494/494/1131 574/574/1132 577/577/1133
f 575/575/1134 577/577/1134 574/574/1134
f 494/494/1131 475/475/1135 574/574/1132
f 578/578/1136 530/530/1136 535/535/1136
f 579/579/1137 535/535/1137 536/536/1137
f 579/579/1138 578/578/1138 535/535/1138
f 533/533/1139 530/530/1139 578/578/1139
f 580/580/1140 581/581/1140 582/582/1140
f 583/583/1141 540/540/1141 581/581/1141
f 584/584/1142 581/581/1142 580/580/1142
f 583/583/1143 581/581/1143 584/584/1143
f 581/581/1144 585/585/1144 582/582/1145
f 586/586/1146 582/582/1146 585/585/1146
f 580/580/1147 582/582/1147 586/586/1147
f 587/587/1148 577/577/1133 585/585/1144
f 588/588/1149 585/585/1149 577/577/1149
f 581/581/1144 587/587/1148 585/585/1144
f 588/588/1150 586/586/1150 585/585/1150
f 587/587/1148 494/494/1131 577/577/1133
f 575/575/1151 588/588/1151 577/577/1151
f 495/495/1152 494/494/1152 587/587/1152
f 542/542/1153 587/587/1153 581/581/1153
f 495/495/1154 587/587/1154 542/542/1154
f 542/542/1155 581/581/1155 541/541/1155
f 541/541/1156 581/581/1156 540/540/1156
f 589/589/1157 539/539/1157 540/540/1157
f 589/589/1158 540/540/1158 583/583/1158
f 590/590/1159 536/536/1159 537/537/1159
f 591/591/1160 537/537/1160 538/538/1160
f 590/590/1161 537/537/1161 591/591/1161
f 592/592/1162 579/579/1162 536/536/1162
f 592/592/1163 536/536/1163 590/590/1163
f 589/589/1164 538/538/1164 539/539/1164
f 589/589/1165 591/591/1165 538/538/1165
f 593/593/1166 545/545/1166 544/544/1166
f 594/594/1167 544/544/1167 552/552/1167
f 595/595/1168 544/544/1168 594/594/1168
f 593/593/1169 544/544/1169 595/595/1169
f 596/596/1170 552/552/1170 520/520/1170
f 594/594/1171 552/552/1171 596/596/1171
f 597/597/1172 547/547/1172 543/543/1172
f 514/514/1173 543/543/1173 547/547/1173
f 598/598/1174 597/597/1174 543/543/1174
f 545/545/1175 598/598/1175 543/543/1175
f 599/599/1176 547/547/1176 597/597/1176
f 600/600/1177 548/548/1177 547/547/1177
f 601/601/1178 600/600/1178 547/547/1178
f 601/601/1179 547/547/1179 599/599/1179
f 599/599/1180 597/597/1180 598/598/1180
f 596/596/1181 520/520/1181 526/526/1181
f 602/602/1182 548/548/1182 600/600/1182
f 603/603/1183 557/557/1183 548/548/1183
f 603/603/1184 548/548/1184 602/602/1184
f 602/602/1185 600/600/1185 601/601/1185
f 604/604/1186 526/526/1187 525/525/1188
f 604/604/1189 596/596/1189 526/526/1189
f 604/604/1186 525/525/1188 562/562/1190
f 605/605/1191 554/554/1191 557/557/1191
f 605/605/1192 557/557/1192 603/603/1192
f 556/556/1193 554/554/1193 605/605/1193
f 606/606/1194 558/558/1194 556/556/1194
f 607/607/1195 562/562/1195 504/504/1195
f 608/608/1196 604/604/1196 562/562/1196
f 607/607/1197 608/608/1197 562/562/1197
f 505/505/1198 607/607/1198 504/504/1198
f 609/609/1199 559/559/1199 558/558/1199
f 609/609/1200 558/558/1200 606/606/1200
f 610/610/1201 561/561/1201 559/559/1201
f 610/610/1202 559/559/1202 609/609/1202
f 564/564/1203 561/561/1203 610/610/1203
f 611/611/1204 505/505/981 416/416/755
f 611/611/1205 416/416/1205 567/567/1205
f 612/612/1206 569/569/1207 566/566/1208
f 570/570/1209 572/572/1209 567/567/1209
f 613/613/1210 567/567/1210 572/572/1210
f 614/614/1211 567/567/1211 613/613/1211
f 611/611/1212 567/567/1212 614/614/1212
f 615/615/1213 571/571/1213 569/569/1213
f 615/615/1214 569/569/1214 612/612/1214
f 616/616/1215 613/613/1215 572/572/1215
f 570/570/1216 572/572/1216 532/532/1216
f 570/570/1217 616/616/1217 572/572/1217
f 616/616/1218 614/614/1218 613/613/1218
f 615/615/1219 576/576/1219 571/571/1219
f 617/617/1220 532/532/1220 533/533/1220
f 617/617/1221 570/570/1221 532/532/1221
f 618/618/1222 580/580/1222 586/586/1222
f 588/588/1223 618/618/1223 586/586/1223
f 619/619/1224 584/584/1224 580/580/1224
f 618/618/1225 619/619/1225 580/580/1225
f 579/579/1226 533/533/1226 578/578/1226
f 620/620/1227 533/533/1227 579/579/1227
f 621/621/1228 617/617/1228 533/533/1228
f 620/620/1229 621/621/1229 533/533/1229
f 622/622/1230 583/583/1230 584/584/1230
f 623/623/1231 584/584/1231 619/619/1231
f 622/622/1232 584/584/1232 623/623/1232
f 624/624/1233 589/589/1233 583/583/1233
f 624/624/1234 583/583/1234 622/622/1234
f 620/620/1235 579/579/1235 592/592/1235
f 625/625/1236 590/590/1236 591/591/1236
f 624/624/1237 591/591/1237 589/589/1237
f 624/624/1238 625/625/1238 591/591/1238
f 625/625/1239 626/626/1239 590/590/1239
f 626/626/1240 592/592/1240 590/590/1240
f 627/627/1241 620/620/1241 592/592/1241
f 626/626/1242 627/627/1242 592/592/1242
f 628/628/1243 595/595/1243 594/594/1243
f 596/596/1244 628/628/1244 594/594/1244
f 608/608/1245 596/596/1245 604/604/1245
f 629/629/1246 628/628/1246 596/596/1246
f 629/629/1247 596/596/1247 608/608/1247
f 630/630/1248 631/631/1249 595/595/1250
f 593/593/1251 595/595/1251 631/631/1251
f 628/628/1252 630/630/1248 595/595/1250
f 632/632/1253 631/631/1253 630/630/1253
f 598/598/1254 593/593/1254 631/631/1254
f 633/633/1255 598/598/1255 631/631/1255
f 634/634/1256 631/631/1256 632/632/1256
f 634/634/1257 635/635/1257 631/631/1257
f 633/633/1258 631/631/1258 635/635/1258
f 636/636/1259 632/632/1259 630/630/1259
f 637/637/1260 636/636/1260 630/630/1260
f 637/637/1261 630/630/1262 628/628/1263
f 545/545/1264 593/593/1264 598/598/1264
f 599/599/1265 598/598/1265 633/633/1265
f 638/638/1266 629/629/1266 608/608/1266
f 634/634/1267 632/632/1267 636/636/1267
f 634/634/1268 636/636/1268 637/637/1268
f 639/639/1269 601/601/1269 599/599/1269
f 602/602/1270 601/601/1270 639/639/1270
f 638/638/1271 608/608/1271 607/607/1271
f 640/640/1272 605/605/1272 603/603/1272
f 606/606/1273 556/556/1274 605/605/1275
f 606/606/1273 605/605/1275 640/640/1276
f 505/505/1277 641/641/1277 607/607/1277
f 642/642/1278 607/607/1278 641/641/1278
f 643/643/1279 607/607/1279 642/642/1279
f 638/638/1280 607/607/1280 643/643/1280
f 644/644/1281 645/645/1281 646/646/1281
f 647/647/1282 646/646/1282 645/645/1282
f 648/648/1283 644/644/1283 646/646/1283
f 649/649/1284 646/646/1284 647/647/1284
f 649/649/1285 650/650/1285 646/646/1285
f 648/648/1286 646/646/1286 650/650/1286
f 651/651/1287 645/645/1287 644/644/1287
f 651/651/1288 647/647/1288 645/645/1288
f 651/651/1289 644/644/1289 648/648/1289
f 651/651/1290 649/649/1290 647/647/1290
f 652/652/1291 609/609/1291 606/606/1291
f 652/652/1292 606/606/1292 653/653/1292
f 654/654/1293 610/610/1293 609/609/1293
f 654/654/1294 609/609/1294 652/652/1294
f 655/655/1295 564/564/1295 610/610/1295
f 655/655/1296 610/610/1296 654/654/1296
f 611/611/1204 641/641/1297 505/505/981
f 656/656/1298 642/642/1298 641/641/1298
f 657/657/1299 641/641/1299 611/611/1299
f 657/657/1300 656/656/1300 641/641/1300
f 656/656/1301 643/643/1301 642/642/1301
f 658/658/1302 566/566/1303 564/564/1304
f 658/658/1302 564/564/1304 655/655/1305
f 659/659/1306 611/611/1306 614/614/1306
f 659/659/1307 657/657/1307 611/611/1307
f 612/612/1206 566/566/1208 658/658/1308
f 660/660/1309 614/614/1309 616/616/1309
f 660/660/1310 659/659/1310 614/614/1310
f 661/661/1311 616/616/1311 570/570/1311
f 660/660/1312 616/616/1312 661/661/1312
f 662/662/1313 663/663/1313 664/664/1313
f 665/665/1314 664/664/1314 663/663/1314
f 666/666/1315 663/663/1315 662/662/1315
f 667/667/1316 663/663/1316 666/666/1316
f 665/665/1317 663/663/1317 667/667/1317
f 668/668/1318 662/662/1318 664/664/1318
f 668/668/1319 664/664/1319 665/665/1319
f 668/668/1320 666/666/1320 662/662/1320
f 669/669/1321 576/576/1321 615/615/1321
f 670/670/1322 575/575/1322 576/576/1322
f 670/670/1323 576/576/1323 669/669/1323
f 671/671/1324 615/615/1324 612/612/1324
f 669/669/1325 615/615/1325 671/671/1325
f 672/672/1326 570/570/1326 617/617/1326
f 672/672/1327 661/661/1327 570/570/1327
f 672/672/1328 617/617/1328 621/621/1328
f 673/673/1329 661/661/1329 672/672/1329
f 674/674/1330 660/660/1330 661/661/1330
f 673/673/1331 674/674/1331 661/661/1331
f 675/675/1332 619/619/1332 618/618/1332
f 676/676/1333 618/618/1333 588/588/1333
f 676/676/1334 675/675/1334 618/618/1334
f 670/670/1335 588/588/1335 575/575/1335
f 670/670/1336 676/676/1336 588/588/1336
f 677/677/1337 672/672/1337 621/621/1337
f 677/677/1338 621/621/1338 620/620/1338
f 678/678/1339 672/672/1339 677/677/1339
f 678/678/1340 673/673/1340 672/672/1340
f 624/624/1341 622/622/1341 679/679/1341
f 678/678/1342 677/677/1342 620/620/1342
f 627/627/1343 626/626/1343 680/680/1343
f 681/681/1344 680/680/1344 626/626/1344
f 682/682/1345 680/680/1345 681/681/1345
f 682/682/1346 683/683/1346 680/680/1346
f 627/627/1347 680/680/1347 683/683/1347
f 625/625/1348 681/681/1348 626/626/1348
f 679/679/1349 681/681/1349 625/625/1349
f 684/684/1350 681/681/1350 679/679/1350
f 684/684/1351 682/682/1351 681/681/1351
f 624/624/1352 679/679/1352 625/625/1352
f 622/622/1353 684/684/1353 679/679/1353
f 678/678/1354 620/620/1354 627/627/1354
f 637/637/1261 628/628/1263 629/629/1355
f 685/685/1356 637/637/1261 629/629/1355
f 638/638/1357 685/685/1358 629/629/1359
f 685/685/1356 650/650/1281 637/637/1261
f 649/649/1360 637/637/1360 650/650/1360
f 649/649/1361 634/634/1361 637/637/1361
f 648/648/1362 650/650/1362 685/685/1362
f 643/643/1363 685/685/1358 638/638/1357
f 648/648/1364 685/685/1364 643/643/1364
f 634/634/1365 686/686/1365 635/635/1365
f 633/633/1366 635/635/1366 686/686/1366
f 687/687/1367 686/686/1367 634/634/1367
f 639/639/1368 633/633/1368 686/686/1368
f 688/688/1369 639/639/1369 686/686/1369
f 688/688/1370 686/686/1370 687/687/1370
f 687/687/1371 634/634/1371 649/649/1371
f 599/599/1372 633/633/1372 639/639/1372
f 689/689/1373 639/639/1373 688/688/1373
f 690/690/1374 602/602/1374 639/639/1374
f 691/691/1375 690/690/1375 639/639/1375
f 689/689/1376 691/691/1376 639/639/1376
f 692/692/1377 687/687/1377 649/649/1377
f 651/651/1378 692/692/1378 649/649/1378
f 689/689/1379 688/688/1379 687/687/1379
f 693/693/1380 687/687/1380 692/692/1380
f 694/694/1381 689/689/1381 687/687/1381
f 693/693/1382 694/694/1382 687/687/1382
f 695/695/1383 603/603/1383 602/602/1383
f 695/695/1384 602/602/1384 690/690/1384
f 640/640/1385 603/603/1385 695/695/1385
f 653/653/1386 606/606/1387 640/640/1388
f 696/696/1389 648/648/1389 643/643/1389
f 697/697/1390 643/643/1390 656/656/1390
f 696/696/1391 643/643/1391 697/697/1391
f 698/698/1392 651/651/1392 648/648/1392
f 698/698/1393 648/648/1393 696/696/1393
f 693/693/1394 692/692/1394 651/651/1394
f 698/698/1395 693/693/1395 651/651/1395
f 657/657/1396 697/697/1396 656/656/1396
f 665/665/1397 667/667/1397 659/659/1397
f 699/699/1398 659/659/1399 667/667/1398
f 660/660/1400 665/665/1400 659/659/1400
f 657/657/1399 659/659/1399 699/699/1398
f 700/700/1401 667/667/1401 666/666/1401
f 668/668/1402 701/701/1402 666/666/1402
f 702/702/1403 666/666/1403 701/701/1403
f 703/703/1404 666/666/1404 702/702/1404
f 703/703/1405 700/700/1405 666/666/1405
f 700/700/1406 699/699/1406 667/667/1406
f 671/671/1407 612/612/1407 704/704/1407
f 705/705/1408 665/665/1408 660/660/1408
f 705/705/1409 668/668/1409 665/665/1409
f 706/706/1410 660/660/1410 674/674/1410
f 705/705/1411 660/660/1411 706/706/1411
f 707/707/1412 701/701/1412 668/668/1412
f 708/708/1413 702/702/1413 701/701/1413
f 708/708/1414 701/701/1414 707/707/1414
f 707/707/1415 668/668/1415 705/705/1415
f 708/708/1416 703/703/1417 702/702/1418
f 673/673/1419 706/706/1419 674/674/1419
f 683/683/1420 705/705/1420 706/706/1420
f 683/683/1421 706/706/1421 673/673/1421
f 682/682/1422 705/705/1422 683/683/1422
f 684/684/1423 707/707/1423 705/705/1423
f 684/684/1424 705/705/1424 682/682/1424
f 622/622/1425 623/623/1425 707/707/1425
f 709/709/1426 707/707/1426 623/623/1426
f 622/622/1427 707/707/1427 684/684/1427
f 709/709/1428 708/708/1428 707/707/1428
f 710/710/1429 623/623/1429 619/619/1429
f 675/675/1430 710/710/1430 619/619/1430
f 710/710/1431 709/709/1431 623/623/1431
f 711/711/1432 675/675/1432 676/676/1432
f 670/670/1433 711/711/1433 676/676/1433
f 678/678/1434 683/683/1434 673/673/1434
f 627/627/1435 683/683/1435 678/678/1435
f 712/712/1436 690/690/1437 691/691/1438
f 695/695/1439 690/690/1439 712/712/1439
f 713/713/1440 691/691/1440 689/689/1440
f 712/712/1436 691/691/1438 713/713/1441
f 714/714/1442 689/689/1442 694/694/1442
f 714/714/1443 713/713/1444 689/689/1445
f 715/715/1446 640/640/1446 695/695/1446
f 716/716/1447 653/653/1386 640/640/1388
f 716/716/1448 640/640/1448 715/715/1448
f 717/717/1449 694/694/1449 693/693/1449
f 718/718/1450 714/714/1450 694/694/1450
f 717/717/1451 718/718/1451 694/694/1451
f 719/719/1452 693/693/1452 698/698/1452
f 719/719/1453 717/717/1453 693/693/1453
f 720/720/1454 654/654/1454 652/652/1454
f 721/721/1455 696/696/1455 697/697/1455
f 722/722/1456 721/721/1456 697/697/1456
f 722/722/1457 697/697/1457 657/657/1457
f 698/698/1458 696/696/1458 721/721/1458
f 719/719/1459 698/698/1459 721/721/1459
f 723/723/1460 719/719/1461 721/721/1462
f 723/723/1460 721/721/1462 722/722/1463
f 724/724/1464 655/655/1464 654/654/1464
f 725/725/1465 655/655/1305 724/724/1466
f 725/725/1465 658/658/1302 655/655/1305
f 724/724/1467 654/654/1468 720/720/1469
f 726/726/1470 720/720/1470 652/652/1470
f 727/727/1471 720/720/1472 726/726/1473
f 724/724/1467 720/720/1469 727/727/1474
f 700/700/1475 722/722/1475 657/657/1475
f 700/700/1476 657/657/1476 699/699/1476
f 703/703/1477 723/723/1478 722/722/1479
f 703/703/1480 722/722/1480 700/700/1480
f 728/728/1481 723/723/1478 703/703/1477
f 612/612/1206 658/658/1308 725/725/1482
f 729/729/1483 612/612/1206 725/725/1482
f 730/730/1484 703/703/1417 708/708/1416
f 730/730/1485 728/728/1486 703/703/1487
f 704/704/1488 612/612/1489 729/729/1490
f 731/731/1491 708/708/1491 709/709/1491
f 732/732/1492 708/708/1492 731/731/1492
f 730/730/1493 708/708/1494 732/732/1495
f 731/731/1496 709/709/1496 710/710/1496
f 733/733/1497 710/710/1497 675/675/1497
f 711/711/1498 733/733/1498 675/675/1498
f 734/734/1499 711/711/1499 670/670/1499
f 669/669/1500 734/734/1500 670/670/1500
f 735/735/1501 716/716/1501 715/715/1501
f 736/736/1502 653/653/1502 716/716/1502
f 736/736/1503 652/652/1503 653/653/1503
f 736/736/1504 716/716/1504 735/735/1504
f 737/737/1505 736/736/1505 735/735/1505
f 738/738/1506 737/737/1506 735/735/1506
f 726/726/1507 652/652/1507 736/736/1507
f 739/739/1508 704/704/1488 729/729/1490
f 740/740/1509 730/730/1493 732/732/1495
f 739/739/1510 671/671/1510 704/704/1510
f 741/741/1511 669/669/1511 671/671/1511
f 742/742/1512 671/671/1513 739/739/1514
f 741/741/1515 671/671/1515 742/742/1515
f 743/743/1516 731/731/1516 710/710/1516
f 733/733/1517 743/743/1517 710/710/1517
f 732/732/1518 731/731/1518 743/743/1518
f 744/744/1519 733/733/1519 711/711/1519
f 734/734/1520 744/744/1520 711/711/1520
f 741/741/1521 734/734/1521 669/669/1521
f 745/745/1522 695/695/1522 712/712/1522
f 715/715/1523 695/695/1523 745/745/1523
f 746/746/1524 712/712/1436 713/713/1441
f 746/746/1525 745/745/1525 712/712/1525
f 746/746/1526 713/713/1444 714/714/1443
f 747/747/1527 735/735/1527 715/715/1527
f 738/738/1528 735/735/1528 747/747/1528
f 717/717/1529 748/748/1529 718/718/1529
f 714/714/1530 718/718/1530 748/748/1530
f 749/749/1531 714/714/1532 748/748/1533
f 750/750/1534 748/748/1534 717/717/1534
f 750/750/1535 717/717/1535 719/719/1535
f 749/749/1536 746/746/1536 714/714/1536
f 751/751/1537 726/726/1537 736/736/1537
f 751/751/1538 736/736/1539 737/737/1540
f 727/727/1471 726/726/1473 751/751/1541
f 752/752/1542 725/725/1542 724/724/1542
f 753/753/1543 724/724/1543 727/727/1543
f 753/753/1544 752/752/1545 724/724/1546
f 754/754/1547 729/729/1547 725/725/1547
f 754/754/1548 725/725/1549 752/752/1550
f 755/755/1551 739/739/1551 729/729/1551
f 755/755/1552 729/729/1553 754/754/1554
f 756/756/1555 739/739/1555 755/755/1555
f 742/742/1512 739/739/1514 756/756/1556
f 757/757/1557 743/743/1557 733/733/1557
f 740/740/1558 732/732/1558 743/743/1558
f 744/744/1559 757/757/1559 733/733/1559
f 758/758/1560 744/744/1560 734/734/1560
f 741/741/1561 758/758/1561 734/734/1561
f 759/759/1562 745/745/1562 746/746/1562
f 760/760/1563 715/715/1563 745/745/1563
f 760/760/1564 745/745/1565 759/759/1566
f 761/761/1567 759/759/1567 746/746/1567
f 761/761/1568 746/746/1569 749/749/1570
f 747/747/1571 715/715/1571 760/760/1571
f 751/751/1538 737/737/1540 738/738/1572
f 762/762/1573 751/751/1573 738/738/1573
f 763/763/1574 727/727/1574 751/751/1574
f 763/763/1575 753/753/1575 727/727/1575
f 764/764/1576 719/719/1577 723/723/1578
f 764/764/1576 750/750/1579 719/719/1577
f 764/764/1580 723/723/1478 728/728/1481
f 765/765/1581 752/752/1545 753/753/1544
f 754/754/1548 752/752/1550 766/766/1582
f 765/765/1583 766/766/1584 752/752/1585
f 764/764/1580 728/728/1481 767/767/1586
f 754/754/1554 766/766/1587 755/755/1552
f 756/756/1588 755/755/1588 766/766/1588
f 768/768/1589 756/756/1589 766/766/1589
f 769/769/1590 728/728/1486 730/730/1485
f 769/769/1591 730/730/1591 740/740/1591
f 767/767/1592 728/728/1593 769/769/1594
f 757/757/1595 740/740/1595 743/743/1595
f 770/770/1596 769/769/1596 740/740/1596
f 771/771/1597 740/740/1597 757/757/1597
f 770/770/1598 740/740/1598 771/771/1598
f 772/772/1599 767/767/1592 769/769/1594
f 773/773/1600 757/757/1600 744/744/1600
f 758/758/1601 773/773/1601 744/744/1601
f 774/774/1602 758/758/1602 741/741/1602
f 742/742/1603 774/774/1603 741/741/1603
f 775/775/1604 759/759/1604 761/761/1604
f 776/776/1605 760/760/1564 759/759/1566
f 775/775/1606 776/776/1606 759/759/1606
f 777/777/1607 761/761/1568 749/749/1570
f 778/778/1608 747/747/1608 760/760/1608
f 779/779/1609 777/777/1609 749/749/1609
f 748/748/1533 779/779/1610 749/749/1531
f 780/780/1611 763/763/1611 751/751/1611
f 780/780/1612 751/751/1612 762/762/1612
f 781/781/1613 750/750/1579 764/764/1576
f 782/782/1614 763/763/1614 780/780/1614
f 753/753/1615 763/763/1615 782/782/1615
f 767/767/1586 781/781/1616 764/764/1580
f 742/742/1617 756/756/1617 768/768/1617
f 770/770/1618 772/772/1619 769/769/1620
f 773/773/1621 771/771/1621 757/757/1621
f 783/783/1622 773/773/1622 758/758/1622
f 774/774/1623 783/783/1623 758/758/1623
f 777/777/1624 775/775/1624 761/761/1624
f 778/778/1625 760/760/1625 776/776/1625
f 784/784/1626 747/747/1627 778/778/1628
f 762/762/1629 738/738/1629 747/747/1629
f 785/785/1630 747/747/1631 784/784/1632
f 785/785/1633 762/762/1633 747/747/1633
f 786/786/1634 775/775/1634 777/777/1634
f 787/787/1635 777/777/1635 779/779/1635
f 788/788/1636 777/777/1637 787/787/1638
f 788/788/1639 786/786/1639 777/777/1639
f 789/789/1640 779/779/1641 748/748/1642
f 750/750/1643 789/789/1643 748/748/1643
f 790/790/1644 780/780/1644 762/762/1644
f 785/785/1645 790/790/1645 762/762/1645
f 782/782/1646 780/780/1646 790/790/1646
f 791/791/1647 782/782/1648 790/790/1649
f 792/792/1650 753/753/1650 782/782/1650
f 765/765/1581 753/753/1544 792/792/1651
f 793/793/1652 766/766/1584 765/765/1583
f 794/794/1653 768/768/1654 766/766/1655
f 794/794/1653 766/766/1655 793/793/1656
f 795/795/1657 772/772/1619 770/770/1618
f 796/796/1658 742/742/1658 768/768/1658
f 797/797/1659 768/768/1659 794/794/1659
f 796/796/1660 768/768/1660 797/797/1660
f 798/798/1661 771/771/1661 773/773/1661
f 795/795/1662 770/770/1662 771/771/1662
f 783/783/1663 798/798/1663 773/773/1663
f 799/799/1664 783/783/1664 774/774/1664
f 796/796/1665 774/774/1665 742/742/1665
f 796/796/1666 799/799/1667 774/774/1668
f 800/800/1669 776/776/1669 775/775/1669
f 786/786/1670 800/800/1671 775/775/1672
f 801/801/1673 785/785/1630 784/784/1632
f 802/802/1674 790/790/1675 785/785/1676
f 789/789/1640 787/787/1677 779/779/1641
f 803/803/1678 787/787/1679 789/789/1680
f 803/803/1681 789/789/1681 750/750/1681
f 781/781/1613 803/803/1682 750/750/1579
f 804/804/1683 781/781/1684 767/767/1685
f 804/804/1686 767/767/1687 772/772/1688
f 805/805/1689 797/797/1689 794/794/1689
f 798/798/1690 795/795/1690 771/771/1690
f 806/806/1691 798/798/1691 783/783/1691
f 799/799/1692 806/806/1692 783/783/1692
f 807/807/1693 778/778/1693 776/776/1693
f 808/808/1694 784/784/1626 778/778/1628
f 808/808/1695 778/778/1696 807/807/1697
f 801/801/1698 784/784/1698 808/808/1698
f 802/802/1699 791/791/1647 790/790/1649
f 792/792/1700 782/782/1701 791/791/1702
f 809/809/1703 792/792/1700 791/791/1702
f 810/810/1704 809/809/1704 791/791/1704
f 810/810/1705 791/791/1705 802/802/1705
f 811/811/1706 781/781/1684 804/804/1683
f 812/812/1707 772/772/1707 795/795/1707
f 772/772/1688 811/811/1708 804/804/1686
f 813/813/1709 812/812/1709 795/795/1709
f 814/814/1710 795/795/1710 798/798/1710
f 813/813/1711 795/795/1711 814/814/1711
f 806/806/1712 814/814/1712 798/798/1712
f 815/815/1713 806/806/1713 799/799/1713
f 816/816/1714 799/799/1667 796/796/1666
f 816/816/1715 815/815/1715 799/799/1715
f 805/805/1716 816/816/1716 796/796/1716
f 805/805/1717 796/796/1717 797/797/1717
f 807/807/1718 776/776/1718 800/800/1718
f 817/817/1719 807/807/1719 800/800/1719
f 818/818/1720 817/817/1720 800/800/1720
f 819/819/1721 786/786/1721 788/788/1721
f 819/819/1722 800/800/1671 786/786/1670
f 820/820/1723 801/801/1723 808/808/1723
f 821/821/1724 802/802/1674 785/785/1676
f 821/821/1725 785/785/1725 801/801/1725
f 822/822/1726 819/819/1726 788/788/1726
f 787/787/1638 822/822/1727 788/788/1636
f 823/823/1728 803/803/1682 781/781/1613
f 824/824/1729 792/792/1651 809/809/1730
f 824/824/1729 765/765/1581 792/792/1651
f 825/825/1731 809/809/1731 810/810/1731
f 826/826/1732 824/824/1732 809/809/1732
f 825/825/1733 827/827/1733 809/809/1733
f 828/828/1734 809/809/1734 827/827/1734
f 826/826/1735 809/809/1735 828/828/1735
f 811/811/1706 823/823/1736 781/781/1684
f 829/829/1737 793/793/1652 765/765/1583
f 829/829/1738 765/765/1738 824/824/1738
f 830/830/1739 794/794/1653 793/793/1656
f 830/830/1739 793/793/1656 829/829/1740
f 831/831/1741 772/772/1741 812/812/1741
f 832/832/1742 812/812/1742 813/813/1742
f 832/832/1743 831/831/1743 812/812/1743
f 833/833/1744 794/794/1744 830/830/1744
f 805/805/1745 794/794/1745 833/833/1745
f 834/834/1746 814/814/1746 806/806/1746
f 815/815/1747 834/834/1747 806/806/1747
f 818/818/1748 800/800/1671 819/819/1722
f 835/835/1749 808/808/1695 807/807/1697
f 835/835/1750 807/807/1750 817/817/1750
f 836/836/1751 820/820/1751 808/808/1751
f 836/836/1752 808/808/1752 835/835/1752
f 821/821/1753 801/801/1753 820/820/1753
f 837/837/1754 821/821/1754 820/820/1754
f 838/838/1755 820/820/1755 836/836/1755
f 838/838/1756 837/837/1756 820/820/1756
f 839/839/1757 818/818/1757 819/819/1757
f 840/840/1758 819/819/1758 822/822/1758
f 841/841/1759 819/819/1759 840/840/1759
f 841/841/1760 839/839/1760 819/819/1760
f 842/842/1761 802/802/1761 821/821/1761
f 843/843/1762 842/842/1762 821/821/1762
f 844/844/1763 821/821/1763 837/837/1763
f 843/843/1764 821/821/1764 844/844/1764
f 810/810/1765 802/802/1765 842/842/1765
f 845/845/1766 810/810/1766 842/842/1766
f 845/845/1767 842/842/1767 843/843/1767
f 825/825/1768 810/810/1768 845/845/1768
f 846/846/1769 823/823/1770 811/811/1771
f 847/847/1772 829/829/1772 824/824/1772
f 847/847/1773 824/824/1773 826/826/1773
f 848/848/1774 811/811/1708 772/772/1688
f 848/848/1775 846/846/1775 811/811/1775
f 849/849/1776 830/830/1776 829/829/1776
f 850/850/1777 829/829/1777 847/847/1777
f 851/851/1778 829/829/1778 850/850/1778
f 849/849/1779 829/829/1779 851/851/1779
f 848/848/1780 772/772/1780 831/831/1780
f 849/849/1781 833/833/1781 830/830/1781
f 852/852/1782 805/805/1782 833/833/1782
f 853/853/1783 833/833/1783 849/849/1783
f 852/852/1784 833/833/1784 853/853/1784
f 854/854/1785 813/813/1785 814/814/1785
f 855/855/1786 814/814/1786 834/834/1786
f 855/855/1787 854/854/1787 814/814/1787
f 832/832/1788 813/813/1788 854/854/1788
f 856/856/1789 834/834/1789 815/815/1789
f 856/856/1790 855/855/1790 834/834/1790
f 857/857/1791 815/815/1791 816/816/1791
f 857/857/1792 856/856/1792 815/815/1792
f 852/852/1793 816/816/1793 805/805/1793
f 852/852/1794 857/857/1794 816/816/1794
f 858/858/1795 859/859/165 860/860/1795
f 861/861/1796 860/860/1796 859/859/1796
f 862/862/1797 858/858/1795 860/860/1795
f 863/863/331 862/862/1797 860/860/1795
f 861/861/1798 863/863/1798 860/860/1798
f 864/864/1799 865/865/165 859/859/165
f 861/861/1800 859/859/1800 865/865/1800
f 858/858/1795 864/864/1799 859/859/165
f 864/864/1799 866/866/1801 865/865/165
f 867/867/1802 865/865/1802 866/866/1802
f 868/868/1803 861/861/1803 865/865/1803
f 869/869/1804 865/865/1804 867/867/1804
f 868/868/1805 865/865/1805 869/869/1805
f 870/870/1806 871/871/1806 866/866/1806
f 864/864/1799 870/870/1807 866/866/1801
f 872/872/1808 866/866/1808 871/871/1808
f 873/873/1809 867/867/1809 866/866/1809
f 872/872/1810 873/873/1810 866/866/1810
f 874/874/1811 872/872/1811 871/871/1811
f 875/875/1812 871/871/1812 876/876/1812
f 874/874/1813 871/871/1813 875/875/1813
f 876/876/1814 871/871/1814 870/870/1814
f 877/877/1815 878/878/1815 864/864/1815
f 879/879/1816 864/864/1816 858/858/1816
f 879/879/1817 877/877/1817 864/864/1817
f 880/880/1818 858/858/1818 862/862/1818
f 881/881/1819 858/858/1819 880/880/1819
f 882/882/1820 858/858/1820 881/881/1820
f 882/882/1821 879/879/1821 858/858/1821
f 883/883/351 884/884/165 862/862/1797
f 885/885/1822 862/862/1823 884/884/1824
f 863/863/331 883/883/351 862/862/1797
f 885/885/1825 880/880/1825 862/862/1825
f 886/886/1826 887/887/1826 884/884/1826
f 888/888/1827 884/884/1828 887/887/1829
f 883/883/351 886/886/1797 884/884/165
f 889/889/1830 884/884/1828 888/888/1827
f 889/889/1831 885/885/1822 884/884/1824
f 888/888/1832 887/887/1832 886/886/1832
f 890/890/1833 886/886/1833 891/891/1833
f 892/892/1834 886/886/1834 890/890/1834
f 892/892/1835 888/888/1835 886/886/1835
f 891/891/1836 886/886/1836 883/883/1836
f 893/893/1837 883/883/1837 863/863/1837
f 894/894/1838 883/883/1838 893/893/1838
f 894/894/1839 891/891/1839 883/883/1839
f 895/895/1840 863/863/1841 861/861/1842
f 896/896/1843 893/893/1843 863/863/1843
f 896/896/1844 863/863/1841 895/895/1840
f 895/895/1845 861/861/1845 868/868/1845
f 897/897/1846 894/894/1846 893/893/1846
f 897/897/1847 893/893/1847 896/896/1847
f 898/898/1848 890/890/1848 891/891/1848
f 898/898/1849 891/891/1849 894/894/1849
f 899/899/1850 892/892/1851 890/890/1852
f 899/899/1850 890/890/1852 898/898/1853
f 900/900/1854 892/892/1854 899/899/1854
f 900/900/1855 901/901/1855 892/892/1855
f 902/902/1856 900/900/1856 899/899/1856
f 898/898/1853 903/903/1853 899/899/1850
f 904/904/1857 899/899/1857 903/903/1857
f 904/904/1858 902/902/1858 899/899/1858
f 905/905/1852 906/906/1852 903/903/1853
f 904/904/1859 903/903/1859 906/906/1859
f 898/898/1853 905/905/1852 903/903/1853
f 907/907/1852 908/908/1850 906/906/1852
f 909/909/1860 906/906/1860 908/908/1860
f 905/905/1852 907/907/1852 906/906/1852
f 909/909/1861 904/904/1861 906/906/1861
f 907/907/1862 910/910/1862 908/908/1862
f 909/909/1863 908/908/1863 911/911/1863
f 911/911/1864 908/908/1864 910/910/1864
f 911/911/1865 910/910/1866 912/912/1866
f 912/912/1866 910/910/1866 907/907/1867
f 913/913/1868 914/914/1868 907/907/1868
f 915/915/1869 907/907/1869 914/914/1869
f 912/912/1870 907/907/1870 915/915/1870
f 913/913/1871 907/907/1871 905/905/1871
f 894/894/1872 905/905/1872 898/898/1872
f 916/916/1873 905/905/1873 894/894/1873
f 913/913/1874 905/905/1875 916/916/1876
f 901/901/1877 888/888/1877 892/892/1877
f 901/901/1878 889/889/1878 888/888/1878
f 917/917/1879 885/885/1822 889/889/1831
f 885/885/1880 881/881/1881 880/880/1882
f 918/918/1883 889/889/1883 901/901/1883
f 918/918/1884 917/917/1884 889/889/1884
f 919/919/1885 901/901/1885 900/900/1885
f 918/918/1886 901/901/1886 919/919/1886
f 920/920/1887 919/919/1887 900/900/1887
f 920/920/1888 900/900/1888 902/902/1888
f 920/920/1889 918/918/1889 919/919/1889
f 882/882/1890 881/881/1890 921/921/1890
f 922/922/1891 921/921/1892 881/881/1881
f 885/885/1880 922/922/1891 881/881/1881
f 922/922/1891 923/923/1893 921/921/1892
f 924/924/1894 925/925/1895 923/923/1893
f 922/922/1891 924/924/1894 923/923/1893
f 924/924/1894 926/926/1896 925/925/1895
f 927/927/1897 928/928/1898 926/926/1896
f 929/929/1899 926/926/1899 928/928/1899
f 924/924/1894 927/927/1897 926/926/1896
f 930/930/1900 929/929/1900 928/928/1900
f 931/931/1901 932/932/1902 928/928/1898
f 933/933/1903 928/928/1903 932/932/1903
f 927/927/1897 931/931/1901 928/928/1898
f 933/933/1904 930/930/1904 928/928/1904
f 931/931/1901 934/934/1905 932/932/1902
f 935/935/1906 933/933/1906 932/932/1906
f 936/936/1907 932/932/1907 937/937/1907
f 934/934/1905 937/937/1908 932/932/1902
f 936/936/1909 935/935/1909 932/932/1909
f 938/938/1910 937/937/1910 939/939/1910
f 940/940/1911 936/936/1911 937/937/1911
f 938/938/1912 940/940/1912 937/937/1912
f 939/939/1913 937/937/1913 934/934/1913
f 941/941/1914 931/931/1914 927/927/1914
f 942/942/1915 927/927/1916 924/924/1917
f 941/941/1918 927/927/1918 942/942/1918
f 942/942/1915 924/924/1917 943/943/1919
f 943/943/1920 924/924/1920 944/944/1920
f 944/944/1921 924/924/1921 945/945/1921
f 946/946/1922 924/924/1922 922/922/1922
f 947/947/1923 924/924/1923 946/946/1923
f 945/945/1924 924/924/1924 947/947/1924
f 946/946/1925 922/922/1925 885/885/1925
f 946/946/1926 885/885/1926 917/917/1926
f 948/948/1927 917/917/1927 918/918/1927
f 949/949/1928 917/917/1928 948/948/1928
f 949/949/1929 946/946/1929 917/917/1929
f 949/949/1930 948/948/1931 918/918/1932
f 920/920/1933 949/949/1930 918/918/1932
f 950/950/1934 946/946/1934 949/949/1934
f 950/950/1935 947/947/1935 946/946/1935
f 951/951/1936 950/950/1936 949/949/1936
f 920/920/1933 952/952/1937 949/949/1930
f 951/951/1938 949/949/1938 952/952/1938
f 953/953/1939 921/921/1940 923/923/1941
f 945/945/1942 947/947/1943 950/950/1944
f 954/954/1945 945/945/1942 950/950/1944
f 951/951/1946 954/954/1947 950/950/1948
f 925/925/1949 953/953/1950 923/923/1951
f 954/954/1952 944/944/1953 945/945/1954
f 954/954/1952 955/955/1955 944/944/1953
f 956/956/1956 944/944/1957 955/955/1958
f 956/956/1959 943/943/1959 944/944/1959
f 954/954/1952 957/957/1960 955/955/1955
f 958/958/1961 959/959/1961 955/955/1961
f 960/960/1962 955/955/1962 957/957/1962
f 961/961/1963 958/958/1963 955/955/1963
f 960/960/1964 961/961/1964 955/955/1964
f 962/962/1965 957/957/1966 954/954/1947
f 963/963/1967 957/957/1966 962/962/1965
f 962/962/1965 954/954/1947 964/964/1968
f 964/964/1968 954/954/1947 951/951/1946
f 965/965/1969 942/942/1969 943/943/1969
f 965/965/1970 943/943/1970 956/956/1970
f 966/966/1971 929/929/1971 930/930/1971
f 967/967/1972 941/941/1972 942/942/1972
f 967/967/1973 942/942/1973 965/965/1973
f 966/966/1974 930/930/1974 933/933/1974
f 968/968/1975 941/941/1975 967/967/1975
f 969/969/1976 933/933/1977 935/935/1978
f 969/969/1976 966/966/1979 933/933/1977
f 968/968/1980 931/931/1980 941/941/1980
f 970/970/1981 934/934/1981 931/931/1981
f 968/968/1982 970/970/1982 931/931/1982
f 970/970/1983 939/939/1983 934/934/1983
f 971/971/1984 939/939/1984 970/970/1984
f 971/971/1985 938/938/1985 939/939/1985
f 972/972/1986 817/817/1986 818/818/1986
f 973/973/1987 835/835/1987 817/817/1987
f 973/973/1988 817/817/1988 972/972/1988
f 974/974/1989 972/972/1989 818/818/1989
f 839/839/1990 974/974/1990 818/818/1990
f 975/975/1991 836/836/1991 835/835/1991
f 975/975/1992 835/835/1992 973/973/1992
f 976/976/1993 838/838/1993 836/836/1993
f 975/975/1994 976/976/1994 836/836/1994
f 844/844/1995 837/837/1995 838/838/1995
f 843/843/1996 844/844/1996 838/838/1996
f 977/977/1997 843/843/1997 838/838/1997
f 978/978/1997 977/977/1997 838/838/1997
f 976/976/1998 978/978/1998 838/838/1998
f 979/979/1999 840/840/1999 822/822/1999
f 980/980/2000 841/841/2000 840/840/2000
f 981/981/2001 840/840/2001 979/979/2001
f 981/981/2002 980/980/2002 840/840/2002
f 979/979/2003 822/822/2004 787/787/1679
f 979/979/2003 787/787/1679 803/803/1678
f 982/982/2005 845/845/166 843/843/2006
f 977/977/166 983/983/2007 843/843/2006
f 984/984/2008 843/843/2006 983/983/2007
f 984/984/2008 982/982/2005 843/843/2006
f 982/982/2005 827/827/166 845/845/166
f 825/825/2009 845/845/2009 827/827/2009
f 985/985/2010 984/984/2010 983/983/2010
f 977/977/166 986/986/2011 983/983/2007
f 985/985/2012 983/983/2012 986/986/2012
f 977/977/166 987/987/166 986/986/2011
f 988/988/2013 986/986/2013 987/987/2013
f 989/989/2014 985/985/2014 986/986/2014
f 989/989/2015 986/986/2015 988/988/2015
f 978/978/2016 987/987/2016 977/977/2016
f 990/990/2017 987/987/2017 978/978/2017
f 991/991/2018 987/987/2018 990/990/2018
f 991/991/2019 988/988/2019 987/987/2019
f 828/828/2020 827/827/2020 982/982/2020
f 984/984/2021 992/992/2021 982/982/2021
f 828/828/2022 982/982/2022 992/992/2022
f 993/993/2023 828/828/2023 992/992/2023
f 994/994/2024 993/993/2024 992/992/2024
f 992/992/2025 984/984/2025 995/995/2025
f 985/985/2026 995/995/2026 984/984/2026
f 996/996/2027 985/985/2028 989/989/2029
f 995/995/2030 985/985/2030 996/996/2030
f 823/823/1728 979/979/2031 803/803/1682
f 993/993/165 826/826/165 828/828/165
f 997/997/2032 994/994/2033 992/992/2034
f 998/998/2035 823/823/1770 846/846/1769
f 999/999/2036 826/826/2036 993/993/2036
f 999/999/2037 847/847/2037 826/826/2037
f 999/999/2038 993/993/2038 994/994/2038
f 1000/1000/2039 999/999/2040 994/994/2041
f 1000/1000/2039 994/994/2041 997/997/2042
f 1001/1001/2043 846/846/2043 848/848/2043
f 1001/1001/2044 998/998/2044 846/846/2044
f 1002/1002/2045 850/850/2045 847/847/2045
f 1002/1002/2046 847/847/2046 999/999/2046
f 1002/1002/2047 851/851/2047 850/850/2047
f 1002/1002/2048 849/849/2048 851/851/2048
f 1003/1003/2049 1002/1002/2049 999/999/2049
f 1003/1003/2050 999/999/2050 1000/1000/2050
f 1004/1004/2051 848/848/2051 831/831/2051
f 1005/1005/2052 831/831/2052 832/832/2052
f 1005/1005/2053 1004/1004/2053 831/831/2053
f 1001/1001/2054 848/848/2054 1004/1004/2054
f 1006/1006/2055 853/853/2055 849/849/2055
f 1007/1007/2056 849/849/2056 1002/1002/2056
f 1007/1007/2057 1006/1006/2057 849/849/2057
f 1006/1006/2058 852/852/2058 853/853/2058
f 1007/1007/2059 1002/1002/2059 1008/1008/2059
f 1008/1008/2060 1002/1002/2060 1003/1003/2060
f 1009/1009/2061 832/832/2061 854/854/2061
f 1010/1010/2062 854/854/2062 855/855/2062
f 1010/1010/2063 1009/1009/2063 854/854/2063
f 1005/1005/2064 832/832/2064 1009/1009/2064
f 1011/1011/2065 855/855/2066 856/856/2067
f 1011/1011/2068 1010/1010/2068 855/855/2068
f 1012/1012/2069 856/856/2069 857/857/2069
f 1012/1012/2070 1011/1011/2065 856/856/2067
f 1013/1013/2071 857/857/2071 852/852/2071
f 1014/1014/2072 1012/1012/2072 857/857/2072
f 1014/1014/2073 857/857/2073 1013/1013/2073
f 1015/1015/2074 852/852/2075 1006/1006/2076
f 1015/1015/2074 1013/1013/2077 852/852/2075
f 869/869/2078 867/867/2078 873/873/2078
f 1016/1016/2079 873/873/2079 872/872/2079
f 1017/1017/2080 869/869/2080 873/873/2080
f 1017/1017/2081 873/873/2081 1016/1016/2081
f 1018/1018/2082 872/872/2082 874/874/2082
f 1016/1016/2083 872/872/2083 1018/1018/2083
f 1017/1017/2084 868/868/2084 869/869/2084
f 895/895/2085 868/868/2085 1017/1017/2085
f 1019/1019/2086 1017/1017/2087 1020/1020/2088
f 1021/1021/2089 895/895/2089 1017/1017/2089
f 1021/1021/2090 1017/1017/2090 1019/1019/2090
f 1022/1022/2091 876/876/2091 870/870/2091
f 1022/1022/2092 875/875/2092 876/876/2092
f 874/874/2093 875/875/2093 1023/1023/2093
f 916/916/2094 894/894/2094 897/897/2094
f 870/870/2095 864/864/2095 878/878/2095
f 1022/1022/2096 870/870/2096 878/878/2096
f 1024/1024/2097 877/877/2098 879/879/2099
f 1024/1024/2097 1025/1025/2100 877/877/2098
f 878/878/2101 877/877/2102 1025/1025/2103
f 920/920/2104 902/902/2104 1026/1026/2104
f 904/904/2105 1026/1026/2105 902/902/2105
f 1027/1027/2106 882/882/2106 921/921/2106
f 1028/1028/2107 879/879/2107 882/882/2107
f 1027/1027/2108 1028/1028/2109 882/882/2110
f 1024/1024/2111 879/879/2111 1028/1028/2111
f 1029/1029/2112 1030/1030/2113 952/952/1937
f 1031/1031/2114 952/952/2114 1030/1030/2114
f 920/920/1933 1029/1029/2112 952/952/1937
f 964/964/2115 951/951/2115 952/952/2115
f 964/964/2116 952/952/2116 1031/1031/2116
f 1032/1032/2117 1030/1030/2117 1029/1029/2117
f 1033/1033/2118 1030/1030/2118 1032/1032/2118
f 1033/1033/2119 1031/1031/2119 1030/1030/2119
f 920/920/1933 1026/1026/2120 1029/1029/2112
f 1032/1032/2121 1029/1029/2121 1026/1026/2121
f 1034/1034/2122 1026/1026/2122 904/904/2122
f 1034/1034/2123 1032/1032/2123 1026/1026/2123
f 1035/1035/2124 1024/1024/2124 1028/1028/2124
f 1035/1035/2125 1028/1028/2109 1027/1027/2108
f 1036/1036/2126 953/953/1950 925/925/1949
f 1037/1037/2127 925/925/2128 926/926/2129
f 1037/1037/2127 1036/1036/2130 925/925/2128
f 1038/1038/2131 926/926/2132 929/929/2133
f 1038/1038/2131 1037/1037/2134 926/926/2132
f 1039/1039/2135 965/965/2135 956/956/2135
f 959/959/2136 956/956/1956 955/955/1958
f 1040/1040/2137 956/956/2137 959/959/2137
f 1039/1039/2138 956/956/2138 1040/1040/2138
f 1038/1038/2139 929/929/2139 966/966/2139
f 967/967/2140 965/965/2140 1039/1039/2140
f 936/936/2141 969/969/2141 935/935/2141
f 1041/1041/2142 936/936/2143 940/940/2144
f 969/969/2145 936/936/2143 1041/1041/2142
f 970/970/2146 1042/1042/2146 971/971/2146
f 1043/1043/2147 1044/1044/2148 940/940/2149
f 1045/1045/2150 940/940/2150 938/938/2150
f 1045/1045/2151 1043/1043/2151 940/940/2151
f 1046/1046/2152 1041/1041/2152 940/940/2152
f 1044/1044/2153 1046/1046/2153 940/940/2153
f 1045/1045/2154 938/938/2154 971/971/2154
f 1047/1047/2155 1045/1045/2155 971/971/2155
f 1047/1047/2156 971/971/2156 1042/1042/2156
f 1048/1048/2157 1049/1049/2157 1044/1044/2157
f 1050/1050/2158 1048/1048/2159 1044/1044/2148
f 1043/1043/2147 1050/1050/2158 1044/1044/2148
f 1051/1051/2160 1043/1043/2160 1045/1045/2160
f 1051/1051/2161 1045/1045/2161 1047/1047/2161
f 1050/1050/2158 1052/1052/2162 1048/1048/2159
f 1052/1052/2162 1053/1053/2163 1048/1048/2159
f 1054/1054/2164 1048/1048/2165 1053/1053/2166
f 1055/1055/2167 1054/1054/2164 1053/1053/2166
f 1056/1056/2168 1053/1053/2168 1052/1052/2168
f 1055/1055/2169 1053/1053/2169 1057/1057/2169
f 1058/1058/2170 1057/1057/2170 1053/1053/2170
f 1056/1056/2171 1058/1058/2171 1053/1053/2171
f 1059/1059/2172 1049/1049/2172 1048/1048/2172
f 1060/1060/2173 1048/1048/2173 1054/1054/2174
f 1060/1060/2173 1059/1059/2175 1048/1048/2173
f 1061/1061/2176 1050/1050/2177 1043/1043/2178
f 1061/1061/2176 1043/1043/2178 1051/1051/2179
f 1062/1062/2180 1060/1060/2180 1054/1054/2180
f 1055/1055/2181 1062/1062/2182 1054/1054/2183
f 1063/1063/2184 1052/1052/2185 1050/1050/2186
f 1063/1063/2184 1050/1050/2186 1061/1061/2187
f 1056/1056/2188 1052/1052/2188 1063/1063/2188
f 990/990/2189 978/978/2189 1064/1064/2189
f 976/976/2190 1064/1064/2190 978/978/2190
f 1065/1065/2191 990/990/2191 1064/1064/2191
f 975/975/2192 1064/1064/2193 976/976/165
f 1066/1066/2194 1065/1065/2194 1064/1064/2194
f 1067/1067/2195 1066/1066/2195 1064/1064/2195
f 975/975/2192 1067/1067/2196 1064/1064/2193
f 1068/1068/2197 1065/1065/2197 1066/1066/2197
f 1069/1069/2198 990/990/2198 1065/1065/2198
f 1069/1069/2199 1065/1065/2199 1068/1068/2199
f 1070/1070/2200 1066/1066/2201 1067/1067/2202
f 1071/1071/2203 1066/1066/2203 1070/1070/2203
f 1068/1068/2204 1066/1066/2205 1071/1071/2206
f 975/975/2192 973/973/2207 1067/1067/2196
f 972/972/2208 1072/1072/2209 1067/1067/2196
f 1070/1070/2200 1067/1067/2202 1072/1072/2210
f 973/973/2207 972/972/2208 1067/1067/2196
f 1073/1073/2211 1074/1074/2211 1072/1072/2211
f 1075/1075/2212 1072/1072/2212 1074/1074/2212
f 972/972/2208 1073/1073/1797 1072/1072/2209
f 1076/1076/2213 1072/1072/2213 1075/1075/2213
f 1076/1076/2214 1070/1070/2214 1072/1072/2214
f 1077/1077/2215 1074/1074/2215 1073/1073/2215
f 1077/1077/2216 1078/1078/2216 1074/1074/2216
f 1077/1077/2217 1073/1073/2217 972/972/2217
f 1077/1077/2218 972/972/2218 974/974/2218
f 991/991/2219 990/990/2219 1069/1069/2219
f 1079/1079/2220 988/988/2220 991/991/2220
f 1080/1080/2221 989/989/2222 988/988/2223
f 1079/1079/2224 1080/1080/2221 988/988/2223
f 1081/1081/2225 996/996/2027 989/989/2029
f 1080/1080/2226 1081/1081/2226 989/989/2226
f 1082/1082/2227 1080/1080/2221 1079/1079/2224
f 1083/1083/2228 1080/1080/2228 1082/1082/2228
f 1084/1084/2229 974/974/2229 839/839/2229
f 1078/1078/2230 1077/1077/2230 974/974/2230
f 1084/1084/2231 1078/1078/2231 974/974/2231
f 1084/1084/2232 839/839/2232 841/841/2232
f 1085/1085/2233 1084/1084/2233 841/841/2233
f 980/980/2234 1085/1085/2234 841/841/2234
f 1086/1086/2235 995/995/2236 996/996/2237
f 1086/1086/2235 996/996/2237 1081/1081/2238
f 1087/1087/2239 992/992/2240 995/995/2241
f 1087/1087/2239 995/995/2241 1086/1086/2242
f 1088/1088/2243 979/979/2243 823/823/2243
f 1089/1089/2244 981/981/2244 979/979/2244
f 1088/1088/2245 1089/1089/2245 979/979/2245
f 997/997/2032 992/992/2034 1087/1087/2246
f 1090/1090/2247 823/823/2247 998/998/2247
f 1090/1090/2248 1088/1088/2248 823/823/2248
f 1001/1001/2249 1004/1004/2249 998/998/2249
f 1091/1091/2250 998/998/2250 1004/1004/2250
f 1092/1092/2251 998/998/2251 1091/1091/2251
f 1090/1090/2252 998/998/2252 1092/1092/2252
f 1093/1093/2253 1003/1003/2253 1000/1000/2253
f 1094/1094/2254 1091/1091/2254 1004/1004/2254
f 1095/1095/2255 1004/1004/2255 1005/1005/2255
f 1095/1095/2256 1094/1094/2256 1004/1004/2256
f 1094/1094/2257 1092/1092/2257 1091/1091/2257
f 1096/1096/2258 1008/1008/2258 1003/1003/2258
f 1096/1096/2259 1003/1003/2259 1093/1093/2259
f 1097/1097/2260 1005/1005/2260 1009/1009/2260
f 1098/1098/2261 1009/1009/2261 1010/1010/2261
f 1098/1098/2262 1097/1097/2262 1009/1009/2262
f 1099/1099/2263 1095/1095/2263 1005/1005/2263
f 1099/1099/2264 1005/1005/2264 1097/1097/2264
f 1100/1100/2265 1010/1010/2265 1011/1011/2265
f 1098/1098/2266 1010/1010/2266 1100/1100/2266
f 1014/1014/2267 1011/1011/2268 1012/1012/2269
f 1100/1100/2270 1011/1011/2268 1014/1014/2267
f 1101/1101/2271 1006/1006/2271 1007/1007/2271
f 1101/1101/2272 1015/1015/2272 1006/1006/2272
f 1102/1102/2273 1007/1007/2273 1008/1008/2273
f 1103/1103/2274 1007/1007/2274 1102/1102/2274
f 1096/1096/2275 1102/1102/2275 1008/1008/2275
f 1104/1104/2276 1014/1014/2276 1013/1013/2276
f 1105/1105/2277 1013/1013/2277 1015/1015/2277
f 1105/1105/2278 1104/1104/2278 1013/1013/2278
f 1106/1106/2279 1014/1014/2279 1104/1104/2279
f 1100/1100/2280 1014/1014/2280 1106/1106/2280
f 1103/1103/2281 1101/1101/2281 1007/1007/2281
f 1107/1107/2282 1015/1015/2283 1101/1101/2284
f 1107/1107/2285 1101/1101/2285 1103/1103/2285
f 1105/1105/2286 1108/1108/2286 1104/1104/2286
f 1106/1106/2287 1104/1104/2287 1108/1108/2287
f 1109/1109/2288 1108/1108/2288 1105/1105/2288
f 1110/1110/2289 1108/1108/2289 1109/1109/2289
f 1111/1111/2290 1100/1100/2290 1106/1106/2290
f 1111/1111/2291 1098/1098/2291 1100/1100/2291
f 1112/1112/2292 1105/1105/2292 1015/1015/2292
f 1112/1112/2293 1109/1109/2293 1105/1105/2293
f 1112/1112/2294 1015/1015/2283 1107/1107/2282
f 1113/1113/2295 1114/1114/2295 1115/1115/2295
f 1114/1114/2296 1116/1116/2297 1115/1115/2298
f 1117/1117/2299 1115/1115/2298 1116/1116/2297
f 1118/1118/2300 1113/1113/2300 1115/1115/2300
f 1118/1118/2301 1115/1115/2301 1117/1117/2301
f 1117/1117/2302 1116/1116/2303 1023/1023/2304
f 1116/1116/2303 874/874/2305 1023/1023/2304
f 1119/1119/2306 1117/1117/2306 1023/1023/2306
f 1119/1119/2307 1023/1023/2307 875/875/2307
f 1018/1018/2308 874/874/2308 1116/1116/2308
f 1120/1120/2309 1114/1114/2309 1121/1121/2309
f 1120/1120/2310 1116/1116/2310 1114/1114/2310
f 1122/1122/2311 1121/1121/2311 1114/1114/2311
f 1123/1123/2312 1114/1114/2312 1113/1113/2312
f 1122/1122/2313 1114/1114/2313 1123/1123/2313
f 1122/1122/2314 1123/1123/2314 1124/1124/2314
f 1120/1120/2315 1018/1018/2315 1116/1116/2315
f 1125/1125/2316 1120/1120/2317 1126/1126/2318
f 1018/1018/2319 1120/1120/2317 1125/1125/2316
f 1119/1119/2320 1118/1118/2320 1117/1117/2320
f 1127/1127/2321 1118/1118/2321 1119/1119/2321
f 1020/1020/2322 1017/1017/2322 1016/1016/2322
f 1128/1128/2323 1119/1119/2323 875/875/2323
f 1129/1129/2324 875/875/2324 1022/1022/2324
f 1129/1129/2325 1128/1128/2325 875/875/2325
f 1130/1130/2326 896/896/2327 895/895/2328
f 1131/1131/2329 897/897/2329 896/896/2329
f 1131/1131/2330 896/896/2330 1130/1130/2330
f 916/916/2331 897/897/2331 1131/1131/2331
f 1132/1132/2332 1022/1022/2332 878/878/2332
f 1025/1025/2103 1132/1132/2333 878/878/2101
f 1133/1133/2334 1025/1025/2334 1134/1134/2334
f 1133/1133/2335 1132/1132/2333 1025/1025/2103
f 1024/1024/2097 1135/1135/2336 1025/1025/2100
f 1135/1135/2336 1134/1134/2337 1025/1025/2100
f 1135/1135/2338 1136/1136/2338 1134/1134/2338
f 1137/1137/2339 1134/1134/2339 1138/1138/2339
f 1136/1136/2340 1138/1138/2340 1134/1134/2340
f 1137/1137/2341 1133/1133/2341 1134/1134/2341
f 1139/1139/2342 1135/1135/2342 1140/1140/2342
f 1136/1136/2343 1135/1135/2343 1139/1139/2343
f 1035/1035/2344 1135/1135/2344 1024/1024/2344
f 1140/1140/2345 1135/1135/2345 1035/1035/2345
f 1034/1034/2346 904/904/2346 1141/1141/2346
f 1033/1033/2347 1032/1032/2347 1034/1034/2347
f 1142/1142/2348 1035/1035/2125 1027/1027/2108
f 1143/1143/2349 1027/1027/2350 921/921/2351
f 1143/1143/2349 1142/1142/2352 1027/1027/2350
f 962/962/2353 964/964/2354 1031/1031/2355
f 1144/1144/2356 1031/1031/2356 1033/1033/2356
f 962/962/2353 1031/1031/2355 1144/1144/1935
f 953/953/1939 1143/1143/2357 921/921/1940
f 1145/1145/2358 953/953/1950 1036/1036/2126
f 1146/1146/2359 1036/1036/2360 1147/1147/2361
f 1146/1146/2359 1145/1145/2362 1036/1036/2360
f 1037/1037/2363 1147/1147/2363 1036/1036/2363
f 1148/1148/2364 1147/1147/2364 1037/1037/2364
f 1039/1039/2365 1040/1040/2365 1147/1147/2365
f 1149/1149/2366 1147/1147/2366 1040/1040/2366
f 1039/1039/2367 1147/1147/2367 1148/1148/2367
f 1146/1146/2368 1147/1147/2368 1149/1149/2368
f 1038/1038/2369 1148/1148/2370 1037/1037/2371
f 959/959/2372 1149/1149/2372 1040/1040/2372
f 1038/1038/2369 1039/1039/2373 1148/1148/2370
f 1038/1038/2369 967/967/2374 1039/1039/2373
f 966/966/2375 968/968/2376 967/967/2374
f 1038/1038/2369 966/966/2375 967/967/2374
f 969/969/2377 970/970/2378 968/968/2376
f 966/966/2375 969/969/2377 968/968/2376
f 1041/1041/2379 1042/1042/2380 970/970/2378
f 969/969/2377 1041/1041/2379 970/970/2378
f 1042/1042/2380 1041/1041/2379 1150/1150/2381
f 1041/1041/2379 1046/1046/2382 1150/1150/2381
f 1151/1151/2383 1150/1150/2383 1046/1046/2383
f 1152/1152/2384 1042/1042/2384 1150/1150/2384
f 1152/1152/2385 1150/1150/2385 1151/1151/2385
f 1153/1153/2386 1046/1046/2386 1044/1044/2386
f 1151/1151/2387 1046/1046/2387 1153/1153/2387
f 1059/1059/2388 1044/1044/2388 1049/1049/2388
f 1059/1059/2389 1153/1153/2389 1044/1044/2389
f 1047/1047/2390 1042/1042/2390 1152/1152/2390
f 1154/1154/2391 1059/1059/2391 1060/1060/2391
f 1155/1155/2392 1062/1062/2182 1055/1055/2181
f 1156/1156/2393 1157/1157/2394 1061/1061/2176
f 1158/1158/2395 1061/1061/2395 1157/1157/2395
f 1051/1051/2179 1156/1156/2393 1061/1061/2176
f 1159/1159/2396 1061/1061/2396 1158/1158/2396
f 1063/1063/2397 1061/1061/2397 1159/1159/2397
f 1158/1158/2398 1157/1157/2398 1160/1160/2398
f 1161/1161/2399 1156/1156/2399 1162/1162/2399
f 1058/1058/2400 1163/1163/2400 1057/1057/2400
f 1163/1163/2401 1164/1164/2401 1057/1057/2401
f 1155/1155/2392 1055/1055/2181 1057/1057/2402
f 1165/1165/2403 1057/1057/2404 1164/1164/2405
f 1166/1166/2406 1057/1057/2404 1165/1165/2403
f 1166/1166/2406 1155/1155/2407 1057/1057/2404
f 1167/1167/2408 1060/1060/2408 1062/1062/2408
f 1063/1063/2409 1168/1168/2409 1056/1056/2409
f 1169/1169/2410 1170/1170/2411 1168/1168/2412
f 1056/1056/2413 1168/1168/2412 1170/1170/2411
f 1168/1168/2414 1063/1063/2414 1159/1159/2414
f 1163/1163/2415 1171/1171/2415 1164/1164/2415
f 1171/1171/2416 1172/1172/2417 1164/1164/2418
f 1173/1173/2419 1164/1164/2418 1172/1172/2417
f 1056/1056/2413 1170/1170/2411 1058/1058/2420
f 1163/1163/2421 1058/1058/2421 1170/1170/2421
f 1171/1171/2422 1163/1163/2423 1170/1170/2424
f 1174/1174/2425 1175/1175/2426 1176/1176/2427
f 1177/1177/2428 1174/1174/2428 1176/1176/2428
f 1176/1176/2429 1169/1169/2429 1168/1168/2429
f 1159/1159/2430 1176/1176/2430 1168/1168/2430
f 1178/1178/2431 1165/1165/2431 1164/1164/2431
f 1178/1178/2432 1164/1164/2432 1173/1173/2432
f 1179/1179/2433 1173/1173/2434 1172/1172/2435
f 1180/1180/2436 1179/1179/2436 1172/1172/2436
f 1171/1171/2437 1180/1180/2438 1172/1172/2439
f 1181/1181/2440 1173/1173/2434 1179/1179/2433
f 1182/1182/2441 1078/1078/2441 1084/1084/2441
f 1183/1183/2442 1074/1074/2442 1078/1078/2442
f 1075/1075/2443 1074/1074/2444 1183/1183/2445
f 1184/1184/2446 1183/1183/2446 1078/1078/2446
f 1185/1185/2447 1078/1078/2447 1182/1182/2447
f 1071/1071/2448 1070/1070/2448 1076/1076/2448
f 1186/1186/2449 991/991/2449 1069/1069/2449
f 1187/1187/2450 1186/1186/2451 1069/1069/2452
f 1188/1188/2453 1069/1069/2453 1068/1068/2453
f 1187/1187/2454 1069/1069/2454 1188/1188/2454
f 1189/1189/2455 1079/1079/2455 1186/1186/2455
f 1187/1187/2450 1189/1189/2456 1186/1186/2451
f 1079/1079/2457 991/991/2457 1186/1186/2457
f 1085/1085/2458 1182/1182/2458 1084/1084/2458
f 1190/1190/352 1182/1182/166 1085/1085/2459
f 1190/1190/2460 1185/1185/2460 1182/1182/2460
f 1191/1191/2461 1085/1085/2459 980/980/2462
f 1191/1191/2461 1190/1190/352 1085/1085/2459
f 1192/1192/2463 1081/1081/2463 1080/1080/2463
f 1192/1192/2464 1080/1080/2464 1083/1083/2464
f 1193/1193/2465 1086/1086/2235 1081/1081/2238
f 1193/1193/2466 1081/1081/2466 1192/1192/2466
f 1194/1194/2467 980/980/2462 981/981/166
f 1194/1194/2467 1191/1191/2461 980/980/2462
f 1195/1195/2468 1086/1086/2468 1193/1193/2468
f 1195/1195/2469 1087/1087/2469 1086/1086/2469
f 1194/1194/2470 981/981/2470 1089/1089/2470
f 1196/1196/2471 997/997/2471 1087/1087/2471
f 1197/1197/2472 1089/1089/2472 1088/1088/2472
f 1194/1194/2473 1089/1089/2473 1198/1198/2473
f 1197/1197/2474 1198/1198/2474 1089/1089/2474
f 1199/1199/2475 1088/1088/2475 1090/1090/2475
f 1199/1199/2476 1197/1197/2476 1088/1088/2476
f 1200/1200/2477 1000/1000/2477 997/997/2477
f 1196/1196/2478 1200/1200/2478 997/997/2478
f 1094/1094/166 1090/1090/166 1092/1092/166
f 1201/1201/2479 1090/1090/166 1094/1094/166
f 1201/1201/2480 1199/1199/2480 1090/1090/2480
f 1202/1202/2481 1093/1093/2481 1000/1000/2481
f 1202/1202/2482 1000/1000/2482 1200/1200/2482
f 1203/1203/2483 1094/1094/166 1095/1095/2484
f 1203/1203/2483 1201/1201/2479 1094/1094/166
f 1204/1204/2485 1096/1096/2485 1093/1093/2485
f 1205/1205/2486 1093/1093/2486 1202/1202/2486
f 1205/1205/2487 1204/1204/2487 1093/1093/2487
f 1203/1203/2488 1095/1095/2488 1099/1099/2488
f 1206/1206/2489 1102/1102/2489 1096/1096/2489
f 1206/1206/2490 1103/1103/2490 1102/1102/2490
f 1207/1207/2491 1096/1096/2491 1204/1204/2491
f 1206/1206/2492 1096/1096/2492 1207/1207/2492
f 1208/1208/2493 1099/1099/2493 1097/1097/2493
f 1209/1209/2494 1097/1097/2494 1098/1098/2494
f 1209/1209/2495 1210/1210/2495 1097/1097/2495
f 1111/1111/2496 1209/1209/2496 1098/1098/2496
f 1211/1211/2497 1107/1107/2497 1103/1103/2497
f 1211/1211/2498 1103/1103/2498 1207/1207/2498
f 1206/1206/2498 1207/1207/2498 1103/1103/2498
f 1212/1212/2499 1112/1112/2499 1107/1107/2500
f 1213/1213/2501 1107/1107/2501 1211/1211/2501
f 1212/1212/2502 1107/1107/2502 1213/1213/2502
f 1124/1124/605 1214/1214/2503 1215/1215/605
f 1216/1216/2504 1124/1124/2504 1215/1215/2504
f 1214/1214/2503 1217/1217/2505 1215/1215/605
f 1218/1218/2506 1215/1215/2506 1217/1217/2506
f 1219/1219/2507 1216/1216/2507 1215/1215/2507
f 1219/1219/2508 1215/1215/2508 1218/1218/2508
f 1220/1220/1807 1221/1221/2509 1217/1217/2505
f 1218/1218/2510 1217/1217/2510 1221/1221/2510
f 1214/1214/2503 1220/1220/1807 1217/1217/2505
f 1202/1202/165 1200/1200/165 1221/1221/2509
f 1222/1222/331 1202/1202/165 1221/1221/2509
f 1220/1220/1807 1222/1222/331 1221/1221/2509
f 1221/1221/2511 1200/1200/2511 1196/1196/2511
f 1223/1223/2512 1205/1205/2512 1202/1202/2512
f 1222/1222/331 1223/1223/166 1202/1202/165
f 1207/1207/166 1204/1204/166 1223/1223/166
f 1205/1205/2513 1223/1223/2513 1204/1204/2513
f 1222/1222/331 1207/1207/166 1223/1223/166
f 1224/1224/2514 1207/1207/2514 1222/1222/2514
f 1225/1225/166 1211/1211/166 1207/1207/166
f 1225/1225/2515 1207/1207/2515 1224/1224/2515
f 1220/1220/2516 1226/1226/2516 1222/1222/2516
f 1224/1224/2517 1222/1222/2517 1226/1226/2517
f 1227/1227/2518 1226/1226/2518 1220/1220/2518
f 1227/1227/2519 1220/1220/2519 1228/1228/2519
f 1228/1228/2520 1220/1220/2520 1214/1214/2520
f 1124/1124/2521 1229/1229/2521 1214/1214/2521
f 1228/1228/2522 1214/1214/2522 1229/1229/2522
f 1124/1124/2523 1230/1230/2524 1229/1229/2525
f 1231/1231/2526 1229/1229/2526 1230/1230/2526
f 1124/1124/2523 1123/1123/2527 1230/1230/2524
f 1113/1113/2528 1230/1230/2528 1123/1123/2528
f 1232/1232/2529 1122/1122/2529 1124/1124/2529
f 1232/1232/2530 1124/1124/2530 1216/1216/2530
f 1232/1232/2531 1216/1216/2531 1233/1233/2531
f 1234/1234/2532 1122/1122/2532 1232/1232/2532
f 1121/1121/2533 1122/1122/2534 1234/1234/2535
f 1126/1126/2536 1120/1120/2537 1121/1121/2538
f 1235/1235/2539 1126/1126/2536 1121/1121/2538
f 1235/1235/2540 1121/1121/2533 1234/1234/2535
f 1236/1236/2541 1210/1210/2541 1209/1209/2541
f 1208/1208/2542 1097/1097/2542 1210/1210/2542
f 1237/1237/2543 1208/1208/2543 1210/1210/2543
f 1238/1238/2544 1210/1210/2545 1236/1236/2546
f 1238/1238/2547 1237/1237/2547 1210/1210/2547
f 1239/1239/2548 1238/1238/2544 1236/1236/2546
f 1240/1240/2549 1110/1110/2549 1109/1109/2549
f 1212/1212/2499 1109/1109/2550 1112/1112/2499
f 1212/1212/2551 1240/1240/2551 1109/1109/2551
f 1241/1241/2552 1228/1228/2552 1229/1229/2552
f 1242/1242/2553 1229/1229/2553 1231/1231/2553
f 1242/1242/2554 1241/1241/2554 1229/1229/2554
f 1231/1231/2555 1230/1230/2555 1113/1113/2555
f 1243/1243/2556 1231/1231/2556 1113/1113/2556
f 1243/1243/2557 1242/1242/2557 1231/1231/2557
f 1244/1244/2558 1113/1113/2558 1118/1118/2558
f 1244/1244/2559 1243/1243/2559 1113/1113/2559
f 1245/1245/2560 1018/1018/2319 1125/1125/2316
f 1245/1245/2561 1016/1016/2561 1018/1018/2561
f 1246/1246/2562 1209/1209/2563 1111/1111/2564
f 1106/1106/2565 1246/1246/2565 1111/1111/2565
f 1236/1236/2566 1209/1209/2563 1246/1246/2562
f 1247/1247/2567 1246/1246/2567 1106/1106/2567
f 1239/1239/2568 1236/1236/2568 1246/1246/2568
f 1110/1110/2569 1106/1106/2569 1108/1108/2569
f 1247/1247/2570 1106/1106/2570 1110/1110/2570
f 1248/1248/2571 1247/1247/2571 1110/1110/2571
f 1249/1249/2572 1118/1118/2573 1127/1127/2574
f 1244/1244/2575 1118/1118/2573 1249/1249/2572
f 1119/1119/2576 1128/1128/2576 1127/1127/2576
f 1250/1250/2577 1127/1127/2577 1128/1128/2577
f 1250/1250/2578 1249/1249/2578 1127/1127/2578
f 1020/1020/2579 1016/1016/2579 1245/1245/2579
f 1130/1130/2326 895/895/2328 1021/1021/2580
f 1251/1251/2581 1131/1131/2581 1130/1130/2581
f 914/914/2582 916/916/2582 1131/1131/2582
f 914/914/2583 1131/1131/2583 1251/1251/2583
f 913/913/1874 916/916/1876 914/914/2584
f 1129/1129/2585 1022/1022/2586 1132/1132/2587
f 909/909/2588 1141/1141/2588 904/904/2588
f 1252/1252/2589 1034/1034/2589 1141/1141/2589
f 909/909/2590 911/911/2590 1141/1141/2590
f 1253/1253/2591 1252/1252/2591 1141/1141/2591
f 1254/1254/2592 1141/1141/2592 911/911/2592
f 1253/1253/2593 1141/1141/2593 1254/1254/2593
f 1255/1255/2594 1033/1033/2595 1034/1034/2596
f 1252/1252/2113 1255/1255/2594 1034/1034/2596
f 1255/1255/2594 1256/1256/2597 1033/1033/2595
f 962/962/2598 1144/1144/2598 1033/1033/2598
f 963/963/2599 962/962/2599 1033/1033/2599
f 963/963/2600 1033/1033/2600 1256/1256/2600
f 1257/1257/2601 1146/1146/2601 1149/1149/2601
f 1258/1258/2602 1149/1149/2602 959/959/2602
f 1258/1258/2603 1257/1257/2603 1149/1149/2603
f 1259/1259/2604 1146/1146/2604 1257/1257/2604
f 1260/1260/2605 959/959/2605 958/958/2605
f 1260/1260/2606 1258/1258/2606 959/959/2606
f 1261/1261/2607 1151/1151/2607 1153/1153/2607
f 1261/1261/2608 1153/1153/2608 1262/1262/2608
f 1154/1154/2609 1153/1153/2609 1059/1059/2609
f 1263/1263/2610 1152/1152/2610 1151/1151/2610
f 1263/1263/2611 1151/1151/2611 1261/1261/2611
f 1162/1162/2612 1047/1047/2612 1152/1152/2612
f 1162/1162/2613 1152/1152/2614 1264/1264/2615
f 1156/1156/2616 1051/1051/2616 1047/1047/2616
f 1162/1162/2617 1156/1156/2617 1047/1047/2617
f 1167/1167/2618 1154/1154/2618 1060/1060/2618
f 1265/1265/2619 1181/1181/2619 1266/1266/2619
f 1266/1266/2620 1181/1181/2620 1179/1179/2620
f 1266/1266/2621 1179/1179/2621 1267/1267/2621
f 1180/1180/2622 1267/1267/2622 1179/1179/2622
f 1178/1178/2623 1173/1173/2623 1181/1181/2623
f 1178/1178/2624 1181/1181/2625 1268/1268/2626
f 1269/1269/2627 1181/1181/2627 1265/1265/2627
f 1268/1268/2628 1181/1181/2628 1269/1269/2628
f 1170/1170/2424 1270/1270/2629 1171/1171/2422
f 1169/1169/2630 1175/1175/2426 1270/1270/2629
f 1170/1170/2424 1169/1169/2630 1270/1270/2629
f 1169/1169/2630 1176/1176/2427 1175/1175/2426
f 1271/1271/2631 1272/1272/2632 1175/1175/2633
f 1270/1270/2634 1175/1175/2633 1272/1272/2632
f 1271/1271/2635 1175/1175/2426 1174/1174/2425
f 1273/1273/2636 1174/1174/2636 1177/1177/2636
f 1271/1271/2637 1174/1174/2637 1273/1273/2637
f 1274/1274/2638 1267/1267/2639 1180/1180/2640
f 1275/1275/2641 1265/1265/2641 1266/1266/2641
f 1276/1276/2642 1275/1275/2643 1266/1266/2644
f 1267/1267/2645 1276/1276/2642 1266/1266/2644
f 1277/1277/2646 1265/1265/2647 1275/1275/2648
f 1171/1171/2437 1278/1278/2649 1180/1180/2438
f 1278/1278/2650 1274/1274/2638 1180/1180/2640
f 1171/1171/2437 1270/1270/2634 1278/1278/2649
f 1270/1270/2634 1272/1272/2632 1278/1278/2649
f 1279/1279/2651 1272/1272/2651 1271/1271/2651
f 1280/1280/2652 1279/1279/2652 1271/1271/2652
f 1281/1281/2653 1075/1075/2443 1183/1183/2445
f 1282/1282/2654 1281/1281/2655 1183/1183/2656
f 1283/1283/2657 1183/1183/2657 1184/1184/2657
f 1283/1283/2658 1282/1282/2658 1183/1183/2658
f 1185/1185/2659 1184/1184/2659 1078/1078/2659
f 1281/1281/2660 1076/1076/2660 1075/1075/2660
f 1284/1284/2661 1281/1281/2655 1282/1282/2654
f 1285/1285/2662 1071/1071/2662 1076/1076/2662
f 1285/1285/2663 1076/1076/2663 1281/1281/2663
f 1286/1286/2664 1068/1068/2204 1071/1071/2206
f 1286/1286/2665 1071/1071/2665 1285/1285/2665
f 1188/1188/2666 1068/1068/2666 1286/1286/2666
f 1287/1287/2667 1185/1185/2667 1190/1190/2667
f 1191/1191/2668 1287/1287/2668 1190/1190/2668
f 1288/1288/2669 1184/1184/2669 1185/1185/2669
f 1083/1083/2670 1082/1082/2670 1079/1079/2670
f 1289/1289/2671 1083/1083/2671 1079/1079/2671
f 1290/1290/2672 1079/1079/2672 1189/1189/2672
f 1290/1290/2673 1289/1289/2673 1079/1079/2673
f 1291/1291/2674 1287/1287/2674 1191/1191/2674
f 1198/1198/2675 1291/1291/2675 1191/1191/2675
f 1194/1194/2676 1198/1198/2676 1191/1191/2676
f 1292/1292/2677 1192/1192/2677 1083/1083/2677
f 1293/1293/2678 1083/1083/2678 1289/1289/2678
f 1292/1292/2679 1083/1083/2679 1293/1293/2679
f 1195/1195/2680 1193/1193/2680 1192/1192/2680
f 1292/1292/2681 1195/1195/2681 1192/1192/2681
f 1294/1294/2682 1197/1197/2682 1199/1199/2682
f 1295/1295/2683 1087/1087/2683 1296/1296/2683
f 1295/1295/2684 1196/1196/2684 1087/1087/2684
f 1296/1296/2685 1087/1087/2685 1195/1195/2685
f 1297/1297/2686 1296/1296/2686 1195/1195/2686
f 1298/1298/2687 1195/1195/2687 1292/1292/2687
f 1297/1297/2688 1195/1195/2689 1298/1298/2690
f 1299/1299/2691 1295/1295/2691 1296/1296/2691
f 1201/1201/2692 1294/1294/2692 1199/1199/2692
f 1300/1300/2693 1294/1294/2693 1201/1201/2693
f 1299/1299/2694 1196/1196/2694 1295/1295/2694
f 1301/1301/2695 1221/1221/2695 1196/1196/2695
f 1299/1299/2696 1301/1301/2696 1196/1196/2696
f 1302/1302/2697 1300/1300/2697 1201/1201/2697
f 1302/1302/2698 1201/1201/2698 1203/1203/2698
f 1303/1303/2699 1221/1221/2699 1301/1301/2699
f 1304/1304/2700 1221/1221/2700 1303/1303/2700
f 1304/1304/2701 1218/1218/2701 1221/1221/2701
f 1303/1303/2702 1301/1301/2702 1299/1299/2702
f 1305/1305/2703 1303/1303/2703 1299/1299/2703
f 1306/1306/2704 1299/1299/2704 1296/1296/2704
f 1305/1305/2705 1299/1299/2706 1306/1306/2707
f 1304/1304/2708 1303/1303/2708 1305/1305/2708
f 1307/1307/2709 1302/1302/2709 1203/1203/2709
f 1308/1308/2710 1218/1218/2710 1304/1304/2710
f 1309/1309/2711 1218/1218/2711 1308/1308/2711
f 1309/1309/2712 1219/1219/2712 1218/1218/2712
f 1307/1307/2713 1203/1203/2713 1310/1310/2713
f 1233/1233/2714 1219/1219/2714 1309/1309/2714
f 1233/1233/2715 1216/1216/2715 1219/1219/2715
f 1311/1311/2716 1233/1233/2716 1309/1309/2716
f 1312/1312/2717 1232/1232/2717 1233/1233/2717
f 1312/1312/2718 1233/1233/2718 1311/1311/2718
f 1310/1310/2719 1203/1203/2719 1099/1099/2719
f 1208/1208/2720 1310/1310/2720 1099/1099/2720
f 1313/1313/2721 1310/1310/2721 1208/1208/2721
f 1314/1314/2722 1310/1310/2722 1313/1313/2722
f 1315/1315/2723 1213/1213/2723 1211/1211/2723
f 1225/1225/166 1315/1315/166 1211/1211/166
f 1315/1315/2724 1212/1212/2724 1213/1213/2724
f 1312/1312/2725 1316/1316/2725 1232/1232/2725
f 1234/1234/2726 1232/1232/2726 1316/1316/2726
f 1317/1317/1281 1316/1316/1281 1312/1312/1281
f 1317/1317/1281 1318/1318/1281 1316/1316/1281
f 1319/1319/2727 1316/1316/2728 1318/1318/2729
f 1320/1320/2730 1234/1234/2730 1316/1316/2730
f 1321/1321/2731 1320/1320/2732 1316/1316/2733
f 1319/1319/2727 1321/1321/2734 1316/1316/2728
f 1322/1322/2735 1126/1126/2536 1235/1235/2539
f 1323/1323/2736 1126/1126/2736 1322/1322/2736
f 1324/1324/2737 1208/1208/2737 1237/1237/2737
f 1324/1324/2738 1313/1313/2738 1208/1208/2738
f 1325/1325/2739 1237/1237/2739 1238/1238/2739
f 1326/1326/2740 1324/1324/2740 1237/1237/2740
f 1327/1327/2741 1237/1237/2741 1325/1325/2741
f 1327/1327/2742 1326/1326/2742 1237/1237/2742
f 1328/1328/2743 1238/1238/2743 1239/1239/2743
f 1328/1328/2744 1325/1325/2744 1238/1238/2744
f 1329/1329/2745 1110/1110/2745 1240/1240/2745
f 1330/1330/2746 1240/1240/2746 1212/1212/2746
f 1331/1331/2747 1329/1329/2747 1240/1240/2747
f 1331/1331/2748 1240/1240/2748 1330/1330/2748
f 1332/1332/2749 1110/1110/2749 1329/1329/2749
f 1248/1248/2750 1110/1110/2750 1332/1332/2750
f 1333/1333/166 1212/1212/166 1315/1315/166
f 1333/1333/166 1330/1330/166 1212/1212/166
f 1334/1334/2751 1224/1224/2752 1226/1226/2753
f 1227/1227/2754 1334/1334/2754 1226/1226/2754
f 1335/1335/2755 1225/1225/2755 1224/1224/2755
f 1335/1335/2756 1224/1224/2752 1334/1334/2751
f 1336/1336/2757 1227/1227/2757 1228/1228/2757
f 1241/1241/2758 1336/1336/2759 1228/1228/2760
f 1337/1337/2761 1241/1241/2761 1242/1242/2761
f 1338/1338/2762 1337/1337/2762 1242/1242/2762
f 1339/1339/2763 1242/1242/2763 1243/1243/2763
f 1339/1339/2764 1338/1338/2765 1242/1242/2766
f 1340/1340/2767 1243/1243/2767 1244/1244/2767
f 1340/1340/2768 1339/1339/2768 1243/1243/2768
f 1341/1341/2769 1244/1244/2769 1342/1342/2769
f 1341/1341/2770 1340/1340/2770 1244/1244/2770
f 1126/1126/2318 1245/1245/2560 1125/1125/2316
f 1343/1343/2771 1239/1239/2771 1246/1246/2771
f 1343/1343/2772 1246/1246/2772 1247/1247/2772
f 1328/1328/2773 1239/1239/2773 1343/1343/2773
f 1248/1248/2774 1343/1343/2774 1247/1247/2774
f 1244/1244/2775 1249/1249/2775 1342/1342/2775
f 1344/1344/2776 1342/1342/2776 1249/1249/2776
f 1344/1344/2777 1341/1341/2777 1342/1342/2777
f 1345/1345/2778 1249/1249/2778 1250/1250/2778
f 1344/1344/2779 1249/1249/2779 1345/1345/2779
f 1346/1346/2780 1250/1250/2780 1128/1128/2780
f 1346/1346/2781 1345/1345/2781 1250/1250/2781
f 1347/1347/2782 1021/1021/2782 1019/1019/2782
f 1348/1348/2783 1349/1349/2783 1021/1021/2783
f 1347/1347/2784 1348/1348/2784 1021/1021/2784
f 1347/1347/2785 1019/1019/2785 1350/1350/2785
f 1351/1351/2786 1128/1128/2786 1129/1129/2786
f 1346/1346/2787 1128/1128/2788 1351/1351/2789
f 1349/1349/2790 1130/1130/2791 1021/1021/2792
f 1251/1251/2793 1130/1130/2791 1349/1349/2790
f 1352/1352/2794 914/914/2794 1251/1251/2794
f 1142/1142/2348 1140/1140/2795 1035/1035/2125
f 1353/1353/2796 1256/1256/2796 1255/1255/2796
f 1354/1354/2797 963/963/2797 1256/1256/2797
f 1354/1354/2798 1256/1256/2798 1353/1353/2798
f 1253/1253/2799 1255/1255/2799 1252/1252/2799
f 1355/1355/2800 1255/1255/2800 1253/1253/2800
f 1353/1353/2801 1255/1255/2801 1355/1355/2801
f 1356/1356/2802 1142/1142/2352 1143/1143/2349
f 1357/1357/2803 1143/1143/2357 953/953/1939
f 1357/1357/2803 1356/1356/2804 1143/1143/2357
f 957/957/1966 963/963/1967 1354/1354/2805
f 1145/1145/2358 1357/1357/2806 953/953/1950
f 1358/1358/2807 1145/1145/2807 1146/1146/2807
f 1358/1358/2808 1146/1146/2808 1259/1259/2808
f 961/961/2809 1260/1260/2809 958/958/2809
f 1257/1257/2810 1359/1359/2811 1259/1259/2812
f 1360/1360/2813 1259/1259/2814 1359/1359/2815
f 1360/1360/2813 1358/1358/2816 1259/1259/2814
f 1361/1361/2817 1362/1362/2818 1359/1359/2811
f 1257/1257/2810 1361/1361/2817 1359/1359/2811
f 1361/1361/2817 1363/1363/2819 1362/1362/2818
f 1263/1263/2820 1363/1363/2820 1152/1152/2820
f 1364/1364/2821 1362/1362/2821 1363/1363/2821
f 1365/1365/2822 1363/1363/2822 1263/1263/2822
f 1365/1365/2823 1364/1364/2823 1363/1363/2823
f 1366/1366/2824 1152/1152/2824 1363/1363/2824
f 1366/1366/2825 1363/1363/2825 1361/1361/2825
f 1366/1366/2826 1361/1361/2826 1367/1367/2826
f 1368/1368/2827 1361/1361/2828 1257/1257/2829
f 1368/1368/2827 1257/1257/2829 1258/1258/2830
f 1369/1369/2831 1359/1359/2831 1362/1362/2831
f 1369/1369/2832 1360/1360/2832 1359/1359/2832
f 1368/1368/2833 1258/1258/2833 1260/1260/2833
f 1370/1370/2834 1368/1368/2834 1260/1260/2834
f 1370/1370/2835 1260/1260/2835 961/961/2835
f 1371/1371/2836 1369/1369/2836 1362/1362/2836
f 1367/1367/2837 1361/1361/2837 1368/1368/2837
f 1372/1372/2838 1367/1367/2839 1368/1368/2840
f 1372/1372/2838 1368/1368/2840 1370/1370/2841
f 1261/1261/2842 1262/1262/2842 1263/1263/2842
f 1262/1262/2843 1365/1365/2843 1263/1263/2843
f 1373/1373/2844 1262/1262/2844 1153/1153/2844
f 1264/1264/2615 1152/1152/2614 1366/1366/2845
f 1374/1374/2846 1264/1264/2847 1366/1366/2848
f 1372/1372/2849 1366/1366/2849 1367/1367/2849
f 1374/1374/2846 1366/1366/2848 1372/1372/2850
f 1161/1161/2851 1264/1264/2851 1374/1374/2851
f 1154/1154/2852 1373/1373/2852 1153/1153/2852
f 1161/1161/2853 1162/1162/2853 1264/1264/2853
f 1375/1375/2854 1154/1154/2855 1167/1167/2856
f 1376/1376/2857 1166/1166/2858 1165/1165/2859
f 1376/1376/2860 1165/1165/2861 1178/1178/2862
f 1377/1377/2863 1155/1155/2407 1166/1166/2406
f 1378/1378/2864 1379/1379/2864 1380/1380/2864
f 1277/1277/2865 1380/1380/2865 1379/1379/2865
f 1378/1378/2866 1380/1380/2867 1381/1381/2868
f 1277/1277/2646 1382/1382/2869 1380/1380/2870
f 1277/1277/2646 1275/1275/2648 1382/1382/2869
f 1383/1383/2871 1382/1382/2871 1275/1275/2871
f 1276/1276/2872 1383/1383/2872 1275/1275/2872
f 1384/1384/2873 1277/1277/2873 1379/1379/2873
f 1385/1385/2874 1379/1379/2875 1378/1378/2876
f 1384/1384/2877 1379/1379/2877 1385/1385/2877
f 1265/1265/2878 1277/1277/2878 1384/1384/2878
f 1386/1386/2879 1265/1265/2879 1384/1384/2879
f 1269/1269/2880 1265/1265/2880 1386/1386/2880
f 1387/1387/2881 1178/1178/2624 1268/1268/2626
f 1387/1387/2882 1376/1376/2860 1178/1178/2862
f 1388/1388/2883 1380/1380/2883 1382/1382/2883
f 1389/1389/2884 1388/1388/2884 1382/1382/2884
f 1390/1390/2885 1381/1381/2885 1380/1380/2885
f 1388/1388/2886 1390/1390/2886 1380/1380/2886
f 1391/1391/2887 1382/1382/2887 1383/1383/2887
f 1391/1391/2888 1389/1389/2888 1382/1382/2888
f 1392/1392/2889 1383/1383/2889 1276/1276/2889
f 1391/1391/2890 1383/1383/2890 1392/1392/2890
f 1393/1393/2891 1276/1276/2891 1267/1267/2891
f 1393/1393/2892 1392/1392/2892 1276/1276/2892
f 1393/1393/2893 1267/1267/2893 1274/1274/2893
f 1278/1278/2650 1394/1394/2894 1274/1274/2638
f 1393/1393/2895 1274/1274/2895 1394/1394/2895
f 1278/1278/2650 1272/1272/2896 1394/1394/2894
f 1395/1395/2897 1393/1393/2898 1394/1394/2899
f 1396/1396/2900 1394/1394/2900 1272/1272/2900
f 1279/1279/2901 1396/1396/2901 1272/1272/2901
f 1397/1397/2902 1283/1283/2902 1184/1184/2902
f 1397/1397/2903 1184/1184/2903 1288/1288/2903
f 1398/1398/2904 1285/1285/2904 1281/1281/2904
f 1398/1398/2905 1281/1281/2905 1284/1284/2905
f 1399/1399/2906 1286/1286/2906 1285/1285/2906
f 1399/1399/2907 1285/1285/2907 1398/1398/2907
f 1400/1400/2908 1188/1188/2908 1286/1286/2908
f 1400/1400/2909 1286/1286/2909 1399/1399/2909
f 1187/1187/2910 1188/1188/2910 1400/1400/2910
f 1401/1401/2911 1185/1185/2912 1287/1287/2913
f 1401/1401/2911 1288/1288/2914 1185/1185/2912
f 1401/1401/2915 1287/1287/2916 1291/1291/2917
f 1293/1293/2918 1289/1289/2918 1290/1290/2918
f 1402/1402/2919 1292/1292/2919 1293/1293/2919
f 1403/1403/2920 1401/1401/2915 1291/1291/2917
f 1404/1404/2921 1291/1291/2921 1198/1198/2921
f 1404/1404/2922 1403/1403/2922 1291/1291/2922
f 1298/1298/2923 1292/1292/2924 1405/1405/2925
f 1405/1405/2926 1292/1292/2926 1402/1402/2926
f 1406/1406/2927 1402/1402/2927 1293/1293/2927
f 1407/1407/2928 1405/1405/2928 1402/1402/2928
f 1408/1408/2929 1402/1402/2930 1406/1406/2931
f 1407/1407/2932 1402/1402/2932 1408/1408/2932
f 1406/1406/2933 1293/1293/2933 1290/1290/2933
f 1409/1409/2934 1198/1198/2934 1197/1197/2934
f 1409/1409/2935 1404/1404/2935 1198/1198/2935
f 1410/1410/2936 1297/1297/2688 1298/1298/2690
f 1411/1411/2937 1197/1197/2937 1294/1294/2937
f 1411/1411/2938 1409/1409/2938 1197/1197/2938
f 1412/1412/2939 1294/1294/2939 1300/1300/2939
f 1412/1412/2940 1411/1411/2940 1294/1294/2940
f 1306/1306/2941 1296/1296/2942 1297/1297/2943
f 1413/1413/2944 1306/1306/2941 1297/1297/2943
f 1413/1413/2944 1297/1297/2943 1410/1410/2945
f 1305/1305/2705 1306/1306/2707 1413/1413/2946
f 1414/1414/2947 1300/1300/2947 1302/1302/2947
f 1414/1414/2948 1412/1412/2948 1300/1300/2948
f 1415/1415/2949 1304/1304/2949 1305/1305/2949
f 1307/1307/2950 1414/1414/2950 1302/1302/2950
f 1416/1416/2951 1308/1308/2951 1304/1304/2951
f 1416/1416/2952 1304/1304/2952 1415/1415/2952
f 1417/1417/2953 1309/1309/2953 1308/1308/2953
f 1417/1417/2954 1308/1308/2954 1416/1416/2954
f 1314/1314/2955 1307/1307/2955 1310/1310/2955
f 1418/1418/2956 1311/1311/2956 1309/1309/2956
f 1418/1418/2957 1309/1309/2957 1417/1417/2957
f 1419/1419/2958 1312/1312/2958 1311/1311/2958
f 1419/1419/2959 1311/1311/2959 1418/1418/2959
f 1420/1420/2960 1314/1314/2960 1313/1313/2960
f 1421/1421/2961 1313/1313/2961 1324/1324/2961
f 1421/1421/2962 1420/1420/2962 1313/1313/2962
f 1422/1422/2963 1317/1317/2964 1312/1312/2965
f 1422/1422/2963 1312/1312/2965 1419/1419/2966
f 1338/1338/2967 1318/1318/2967 1317/1317/2967
f 1423/1423/2968 1318/1318/2968 1338/1338/2968
f 1423/1423/2969 1319/1319/2969 1318/1318/2969
f 1338/1338/2970 1317/1317/2970 1337/1337/2970
f 1424/1424/2971 1337/1337/2971 1317/1317/2971
f 1424/1424/2972 1317/1317/2964 1422/1422/2963
f 1320/1320/2973 1235/1235/2540 1234/1234/2535
f 1421/1421/2974 1324/1324/2974 1326/1326/2974
f 1425/1425/2975 1325/1325/2975 1328/1328/2975
f 1425/1425/2976 1327/1327/2976 1325/1325/2976
f 1331/1331/2977 1332/1332/2977 1329/1329/2977
f 1331/1331/2978 1248/1248/2978 1332/1332/2978
f 1335/1335/2979 1315/1315/2979 1225/1225/2979
f 1335/1335/2980 1333/1333/2980 1315/1315/2980
f 1426/1426/2981 1335/1335/2982 1334/1334/2983
f 1427/1427/2984 1426/1426/2981 1334/1334/2983
f 1227/1227/2985 1427/1427/2985 1334/1334/2985
f 1428/1428/2986 1335/1335/2986 1426/1426/2986
f 1428/1428/2987 1426/1426/2987 1429/1429/2987
f 1427/1427/2988 1429/1429/2988 1426/1426/2988
f 1430/1430/2989 1427/1427/2989 1227/1227/2989
f 1431/1431/2990 1227/1227/2990 1336/1336/2990
f 1424/1424/2991 1241/1241/2991 1337/1337/2991
f 1424/1424/2992 1336/1336/2759 1241/1241/2758
f 1432/1432/2993 1338/1338/2765 1339/1339/2764
f 1423/1423/2994 1338/1338/2994 1432/1432/2994
f 1433/1433/2995 1339/1339/2995 1340/1340/2995
f 1433/1433/2996 1432/1432/2996 1339/1339/2996
f 1344/1344/2997 1340/1340/2997 1341/1341/2997
f 1433/1433/2998 1340/1340/2998 1344/1344/2998
f 1434/1434/2999 1245/1245/2560 1126/1126/2318
f 1323/1323/3000 1434/1434/2999 1126/1126/2318
f 1435/1435/2006 1328/1328/166 1343/1343/2006
f 1436/1436/3001 1425/1425/3001 1328/1328/3001
f 1435/1435/2006 1437/1437/3002 1328/1328/166
f 1436/1436/3003 1328/1328/3003 1437/1437/3003
f 1435/1435/2006 1343/1343/2006 1248/1248/165
f 1438/1438/3004 1248/1248/3004 1331/1331/3004
f 1435/1435/3005 1248/1248/3005 1438/1438/3005
f 1439/1439/3006 1331/1331/3006 1330/1330/3006
f 1440/1440/3007 1330/1330/3007 1333/1333/3007
f 1440/1440/3008 1439/1439/3008 1330/1330/3008
f 1438/1438/3009 1331/1331/3009 1439/1439/3009
f 1428/1428/3010 1333/1333/3010 1335/1335/3010
f 1441/1441/3011 1333/1333/3011 1428/1428/3011
f 1441/1441/3012 1440/1440/3012 1333/1333/3012
f 1442/1442/3013 1344/1344/3013 1345/1345/3013
f 1442/1442/3014 1345/1345/3015 1346/1346/2787
f 1443/1443/3016 1020/1020/3016 1245/1245/3016
f 1434/1434/3017 1443/1443/3017 1245/1245/3017
f 1443/1443/3018 1019/1019/2086 1020/1020/2088
f 1443/1443/3019 1350/1350/3019 1019/1019/3019
f 1444/1444/3020 1350/1350/3020 1445/1445/3020
f 1347/1347/3021 1350/1350/3021 1444/1444/3021
f 1446/1446/3022 1443/1443/3022 1434/1434/3022
f 1350/1350/3023 1443/1443/3023 1446/1446/3023
f 1441/1441/3024 1438/1438/3024 1439/1439/3024
f 1441/1441/3025 1439/1439/3025 1440/1440/3025
f 1447/1447/3026 1438/1438/3027 1441/1441/3028
f 1448/1448/3029 1435/1435/3029 1438/1438/3029
f 1129/1129/2585 1132/1132/2587 1351/1351/3030
f 1449/1449/3031 1351/1351/3031 1132/1132/3031
f 1442/1442/3014 1346/1346/2787 1351/1351/2789
f 1450/1450/3032 1251/1251/3032 1349/1349/3032
f 1450/1450/3033 1349/1349/3033 1348/1348/3033
f 1450/1450/3034 1352/1352/3034 1251/1251/3034
f 914/914/3035 1352/1352/3035 915/915/3035
f 1450/1450/3036 915/915/3036 1352/1352/3036
f 1451/1451/3037 915/915/3038 1450/1450/3039
f 1451/1451/3037 912/912/3040 915/915/3038
f 1449/1449/3041 1132/1132/3041 1133/1133/3041
f 1452/1452/1281 1451/1451/3042 1450/1450/1281
f 1453/1453/3043 912/912/3043 1451/1451/3043
f 911/911/3044 912/912/3044 1453/1453/3044
f 1454/1454/3045 1451/1451/3045 1452/1452/3045
f 1454/1454/3046 1453/1453/3046 1451/1451/3046
f 1455/1455/3047 1454/1454/3047 1452/1452/3047
f 1456/1456/3048 1457/1457/2370 1452/1452/1281
f 1458/1458/3049 1452/1452/3050 1457/1457/3051
f 1450/1450/1281 1456/1456/3048 1452/1452/1281
f 1458/1458/3049 1455/1455/3052 1452/1452/3050
f 1459/1459/3053 1138/1138/3054 1457/1457/2370
f 1458/1458/3055 1457/1457/3055 1138/1138/3055
f 1456/1456/3048 1459/1459/3053 1457/1457/2370
f 1460/1460/3056 1138/1138/3056 1139/1139/3056
f 1136/1136/3057 1139/1139/3057 1138/1138/3057
f 1458/1458/3058 1138/1138/3058 1460/1460/3058
f 1459/1459/3053 1137/1137/3059 1138/1138/3054
f 1444/1444/1281 1461/1461/1281 1137/1137/3059
f 1459/1459/3053 1444/1444/1281 1137/1137/3059
f 1444/1444/1281 1445/1445/1281 1461/1461/1281
f 1462/1462/3060 1463/1463/3060 1461/1461/3060
f 1464/1464/3061 1461/1461/3061 1463/1463/3061
f 1445/1445/1281 1462/1462/1281 1461/1461/1281
f 1464/1464/3062 1463/1463/3062 1442/1442/3062
f 1323/1323/3063 1463/1463/3063 1462/1462/3063
f 1465/1465/3064 1463/1463/3064 1323/1323/3064
f 1465/1465/3065 1442/1442/3065 1463/1463/3065
f 1446/1446/3066 1462/1462/3066 1445/1445/3066
f 1323/1323/3067 1462/1462/3067 1434/1434/3067
f 1446/1446/3068 1434/1434/3068 1462/1462/3068
f 1350/1350/3069 1446/1446/3069 1445/1445/3069
f 1347/1347/3070 1444/1444/3070 1459/1459/3070
f 1347/1347/3071 1459/1459/3071 1456/1456/3071
f 1450/1450/1281 1348/1348/3048 1456/1456/3048
f 1347/1347/3072 1456/1456/3072 1348/1348/3072
f 1461/1461/3073 1449/1449/3074 1133/1133/3075
f 1137/1137/3076 1461/1461/3073 1133/1133/3075
f 1455/1455/3077 1453/1453/3078 1454/1454/1281
f 1455/1455/3077 911/911/3079 1453/1453/3078
f 1254/1254/3080 911/911/3079 1455/1455/3077
f 1466/1466/3081 1254/1254/3082 1455/1455/3083
f 1460/1460/1148 1466/1466/3081 1455/1455/3083
f 1458/1458/1281 1460/1460/1148 1455/1455/3083
f 1253/1253/3084 1254/1254/3084 1466/1466/3084
f 1460/1460/1148 1467/1467/1281 1466/1466/3081
f 1355/1355/3085 1466/1466/3085 1467/1467/3085
f 1355/1355/3086 1253/1253/3086 1466/1466/3086
f 1468/1468/3087 1469/1469/3088 1467/1467/1281
f 1355/1355/3089 1467/1467/3089 1469/1469/3089
f 1460/1460/1148 1468/1468/3087 1467/1467/1281
f 1468/1468/3087 1356/1356/3090 1469/1469/3088
f 1353/1353/3091 1355/1355/3091 1469/1469/3091
f 1357/1357/3092 960/960/3093 1469/1469/3088
f 1354/1354/3094 1469/1469/3094 960/960/3094
f 1356/1356/3090 1357/1357/3092 1469/1469/3088
f 1354/1354/3095 1353/1353/3095 1469/1469/3095
f 1357/1357/3092 1145/1145/3096 960/960/3093
f 957/957/3097 1354/1354/3097 960/960/3097
f 1145/1145/3096 1358/1358/3098 960/960/3093
f 1358/1358/3098 961/961/3099 960/960/3093
f 1360/1360/3100 1370/1370/3101 961/961/3099
f 1358/1358/3098 1360/1360/3100 961/961/3099
f 1360/1360/3100 1470/1470/3102 1370/1370/3101
f 1470/1470/3102 1372/1372/3103 1370/1370/3101
f 1365/1365/3104 1374/1374/3105 1372/1372/3103
f 1364/1364/3106 1365/1365/3104 1372/1372/3103
f 1470/1470/3102 1364/1364/3106 1372/1372/3103
f 1365/1365/3104 1161/1161/3107 1374/1374/3105
f 1471/1471/3108 1161/1161/3108 1365/1365/3108
f 1371/1371/3109 1364/1364/3109 1470/1470/3109
f 1369/1369/3110 1470/1470/3110 1360/1360/3110
f 1371/1371/3111 1470/1470/3111 1369/1369/3111
f 1460/1460/3112 1139/1139/3112 1468/1468/3112
f 1356/1356/3113 1468/1468/3113 1142/1142/3113
f 1468/1468/3114 1140/1140/3114 1142/1142/3114
f 1139/1139/3115 1140/1140/3115 1468/1468/3115
f 1364/1364/3116 1371/1371/3116 1362/1362/3116
f 1471/1471/3117 1365/1365/3117 1262/1262/3117
f 1471/1471/3118 1262/1262/3118 1373/1373/3118
f 1157/1157/3119 1471/1471/3119 1373/1373/3119
f 1157/1157/3120 1373/1373/3120 1160/1160/3120
f 1375/1375/3121 1373/1373/3121 1154/1154/3121
f 1375/1375/3122 1160/1160/3122 1373/1373/3122
f 1472/1472/3123 1473/1473/3123 1474/1474/3123
f 1381/1381/2868 1475/1475/3124 1473/1473/3125
f 1472/1472/3126 1381/1381/2868 1473/1473/3125
f 1476/1476/3127 1472/1472/3127 1474/1474/3127
f 1477/1477/3128 1473/1473/3125 1475/1475/3124
f 1478/1478/3129 1475/1475/3129 1479/1479/3129
f 1477/1477/3128 1475/1475/3124 1478/1478/3130
f 1479/1479/3131 1475/1475/3131 1381/1381/3131
f 1480/1480/3132 1479/1479/3132 1381/1381/3132
f 1481/1481/3133 1480/1480/3133 1381/1381/3133
f 1472/1472/3126 1378/1378/2866 1381/1381/2868
f 1482/1482/3134 1472/1472/3134 1476/1476/3134
f 1482/1482/3135 1378/1378/3135 1472/1472/3135
f 1483/1483/3136 1474/1474/3136 1473/1473/3136
f 1484/1484/3137 1476/1476/3137 1474/1474/3137
f 1484/1484/3138 1474/1474/3138 1483/1483/3138
f 1483/1483/3139 1473/1473/3139 1477/1477/3139
f 1485/1485/3140 1482/1482/3140 1476/1476/3140
f 1485/1485/3141 1476/1476/3141 1484/1484/3141
f 1486/1486/3142 1167/1167/3143 1062/1062/2182
f 1155/1155/2392 1486/1486/3142 1062/1062/2182
f 1487/1487/3144 1167/1167/3144 1486/1486/3144
f 1487/1487/3145 1375/1375/2854 1167/1167/2856
f 1377/1377/3146 1486/1486/3146 1155/1155/3146
f 1488/1488/3147 1486/1486/3147 1377/1377/3147
f 1488/1488/3148 1487/1487/3148 1486/1486/3148
f 1489/1489/3149 1378/1378/3149 1482/1482/3149
f 1489/1489/3150 1482/1482/3151 1485/1485/3152
f 1385/1385/2874 1378/1378/2876 1489/1489/3153
f 1385/1385/3154 1386/1386/3154 1384/1384/3154
f 1490/1490/3155 1269/1269/3155 1386/1386/3155
f 1491/1491/1281 1492/1492/1281 1386/1386/1281
f 1385/1385/3156 1491/1491/1281 1386/1386/1281
f 1493/1493/3157 1269/1269/3157 1490/1490/3157
f 1268/1268/3158 1269/1269/3158 1493/1493/3158
f 1386/1386/1281 1392/1392/1281 1490/1490/1281
f 1395/1395/3159 1490/1490/3159 1392/1392/3159
f 1494/1494/3160 1493/1493/3160 1490/1490/3160
f 1495/1495/3161 1494/1494/3161 1490/1490/3161
f 1395/1395/3162 1495/1495/3162 1490/1490/3162
f 1391/1391/3163 1392/1392/3163 1386/1386/3163
f 1395/1395/3164 1392/1392/3164 1393/1393/3164
f 1391/1391/3165 1386/1386/3165 1492/1492/3165
f 1389/1389/3166 1492/1492/3166 1491/1491/3166
f 1391/1391/3167 1492/1492/3167 1389/1389/3167
f 1389/1389/3168 1491/1491/3168 1388/1388/3168
f 1385/1385/3156 1496/1496/3169 1491/1491/1281
f 1497/1497/3170 1491/1491/3171 1496/1496/3172
f 1388/1388/3173 1491/1491/3173 1390/1390/3173
f 1497/1497/3174 1390/1390/3174 1491/1491/3174
f 1385/1385/3156 1489/1489/3175 1496/1496/3169
f 1498/1498/3176 1496/1496/3176 1489/1489/3176
f 1497/1497/3170 1496/1496/3172 1499/1499/3177
f 1498/1498/3178 1499/1499/3178 1496/1496/3178
f 1498/1498/3179 1489/1489/3179 1500/1500/3179
f 1501/1501/3180 1268/1268/3181 1493/1493/3182
f 1494/1494/3183 1501/1501/3180 1493/1493/3182
f 1502/1502/3184 1387/1387/2881 1268/1268/2626
f 1501/1501/3185 1502/1502/3184 1268/1268/2626
f 1503/1503/3186 1502/1502/3184 1501/1501/3185
f 1504/1504/3187 1376/1376/2860 1387/1387/2882
f 1481/1481/3188 1381/1381/3188 1390/1390/3188
f 1505/1505/3189 1398/1398/3189 1284/1284/3189
f 1506/1506/3190 1399/1399/3190 1398/1398/3190
f 1506/1506/3191 1398/1398/3191 1505/1505/3191
f 1507/1507/3192 1400/1400/3192 1399/1399/3192
f 1507/1507/3193 1399/1399/3193 1506/1506/3193
f 1508/1508/3194 1187/1187/3194 1400/1400/3194
f 1508/1508/3195 1400/1400/3196 1507/1507/3197
f 1509/1509/3198 1189/1189/3198 1187/1187/3198
f 1406/1406/3199 1189/1189/3200 1509/1509/3201
f 1406/1406/3199 1290/1290/3202 1189/1189/3200
f 1187/1187/3203 1510/1510/3204 1509/1509/3205
f 1508/1508/3206 1510/1510/3207 1187/1187/3208
f 1511/1511/3209 1510/1510/3207 1508/1508/3206
f 1512/1512/3210 1288/1288/3210 1401/1401/3210
f 1512/1512/3211 1397/1397/3211 1288/1288/3211
f 1513/1513/3212 1401/1401/3212 1403/1403/3212
f 1513/1513/3213 1512/1512/3213 1401/1401/3213
f 1514/1514/3214 1403/1403/3214 1404/1404/3214
f 1514/1514/3215 1513/1513/3215 1403/1403/3215
f 1515/1515/3216 1404/1404/3217 1409/1409/3218
f 1515/1515/3216 1514/1514/3219 1404/1404/3217
f 1516/1516/3220 1409/1409/3221 1411/1411/3222
f 1516/1516/3220 1515/1515/3223 1409/1409/3221
f 1517/1517/3224 1413/1413/2944 1410/1410/2945
f 1518/1518/3225 1411/1411/3225 1412/1412/3225
f 1518/1518/3226 1516/1516/3226 1411/1411/3226
f 1415/1415/3227 1305/1305/3227 1413/1413/3227
f 1519/1519/3228 1415/1415/3228 1413/1413/3228
f 1519/1519/3229 1413/1413/3229 1517/1517/3229
f 1520/1520/3230 1412/1412/3230 1414/1414/3230
f 1520/1520/3231 1518/1518/3231 1412/1412/3231
f 1417/1417/3232 1416/1416/3232 1415/1415/3232
f 1521/1521/3233 1417/1417/3233 1415/1415/3233
f 1522/1522/3234 1415/1415/3234 1519/1519/3234
f 1523/1523/3235 1415/1415/3235 1522/1522/3235
f 1523/1523/3236 1521/1521/3236 1415/1415/3236
f 1524/1524/3237 1414/1414/3237 1307/1307/3237
f 1525/1525/3238 1307/1307/3238 1314/1314/3238
f 1525/1525/3239 1524/1524/3239 1307/1307/3239
f 1524/1524/3240 1520/1520/3240 1414/1414/3240
f 1526/1526/3241 1418/1418/3241 1417/1417/3241
f 1526/1526/3242 1417/1417/3242 1521/1521/3242
f 1527/1527/3243 1418/1418/3243 1526/1526/3243
f 1527/1527/3244 1419/1419/3244 1418/1418/3244
f 1525/1525/3245 1314/1314/3245 1420/1420/3245
f 1528/1528/3246 1420/1420/3246 1421/1421/3246
f 1528/1528/3247 1525/1525/3247 1420/1420/3247
f 1321/1321/346 1422/1422/3248 1419/1419/594
f 1321/1321/2731 1419/1419/3249 1529/1529/3250
f 1527/1527/3251 1529/1529/3251 1419/1419/3251
f 1319/1319/166 1422/1422/3248 1321/1321/346
f 1423/1423/3252 1422/1422/3252 1319/1319/3252
f 1423/1423/3253 1424/1424/3253 1422/1422/3253
f 1321/1321/2731 1529/1529/3250 1320/1320/2732
f 1530/1530/3254 1320/1320/3254 1529/1529/3254
f 1531/1531/3255 1421/1421/3255 1326/1326/3255
f 1425/1425/3256 1326/1326/3256 1327/1327/3256
f 1532/1532/3257 1531/1531/3257 1326/1326/3257
f 1528/1528/3258 1421/1421/3258 1531/1531/3258
f 1430/1430/3259 1227/1227/3260 1431/1431/3261
f 1533/1533/3262 1431/1431/3262 1336/1336/3262
f 1431/1431/3261 1534/1534/3263 1430/1430/3259
f 1535/1535/3264 1430/1430/3264 1534/1534/3264
f 1536/1536/3265 1427/1427/3265 1430/1430/3265
f 1535/1535/3266 1536/1536/3266 1430/1430/3266
f 1537/1537/3267 1535/1535/3267 1534/1534/3267
f 1537/1537/3268 1534/1534/3268 1538/1538/3268
f 1534/1534/3269 1431/1431/3269 1533/1533/3269
f 1539/1539/3270 1336/1336/2759 1424/1424/2992
f 1539/1539/3270 1533/1533/3271 1336/1336/2759
f 1540/1540/3272 1424/1424/3272 1423/1423/3272
f 1540/1540/3273 1539/1539/3273 1424/1424/3273
f 1541/1541/3274 1423/1423/3274 1432/1432/3274
f 1542/1542/3275 1432/1432/3276 1433/1433/3277
f 1542/1542/3275 1541/1541/3278 1432/1432/3276
f 1541/1541/3279 1540/1540/3279 1423/1423/3279
f 1326/1326/3280 1425/1425/3280 1436/1436/3280
f 1441/1441/3281 1428/1428/3281 1543/1543/3281
f 1428/1428/3282 1429/1429/3283 1543/1543/3284
f 1429/1429/3283 1544/1544/3285 1543/1543/3284
f 1545/1545/3286 1544/1544/3286 1546/1546/3286
f 1547/1547/3287 1544/1544/3287 1429/1429/3287
f 1548/1548/3288 1544/1544/3288 1547/1547/3288
f 1546/1546/3289 1544/1544/3289 1548/1548/3289
f 1547/1547/3290 1429/1429/3291 1536/1536/3292
f 1536/1536/3292 1429/1429/3291 1427/1427/3293
f 1549/1549/3294 1433/1433/3294 1344/1344/3294
f 1442/1442/3295 1549/1549/3295 1344/1344/3295
f 1542/1542/3296 1433/1433/3296 1549/1549/3296
f 1435/1435/2006 1550/1550/3297 1437/1437/3002
f 1551/1551/3298 1436/1436/3298 1437/1437/3298
f 1552/1552/3299 1553/1553/3300 1437/1437/3002
f 1554/1554/3301 1437/1437/3301 1553/1553/3301
f 1555/1555/3302 1552/1552/3299 1437/1437/3002
f 1556/1556/3303 1555/1555/3302 1437/1437/3002
f 1550/1550/3297 1556/1556/3303 1437/1437/3002
f 1554/1554/3304 1551/1551/3304 1437/1437/3304
f 1552/1552/3299 1557/1557/3305 1553/1553/3300
f 1557/1557/3305 1558/1558/3306 1553/1553/3300
f 1559/1559/3307 1558/1558/3307 1557/1557/3307
f 1560/1560/3308 1558/1558/3308 1559/1559/3308
f 1561/1561/3309 1562/1562/3309 1558/1558/3309
f 1560/1560/3310 1561/1561/3310 1558/1558/3310
f 1563/1563/3311 1557/1557/3311 1552/1552/3311
f 1563/1563/3312 1552/1552/3312 1555/1555/3312
f 1564/1564/3313 1555/1555/3313 1556/1556/3313
f 1564/1564/3314 1556/1556/3314 1550/1550/3314
f 1448/1448/3315 1550/1550/3315 1435/1435/3315
f 1551/1551/3316 1565/1565/3316 1436/1436/3316
f 1441/1441/3028 1543/1543/3317 1447/1447/3026
f 1566/1566/3318 1438/1438/3319 1447/1447/3320
f 1543/1543/3317 1567/1567/3321 1447/1447/3026
f 1568/1568/3322 1447/1447/3322 1567/1567/3322
f 1569/1569/3323 1566/1566/3318 1447/1447/3320
f 1569/1569/3324 1447/1447/3324 1568/1568/3324
f 1464/1464/3325 1351/1351/3325 1449/1449/3325
f 1464/1464/3326 1442/1442/3326 1351/1351/3326
f 1564/1564/3327 1550/1550/3327 1448/1448/3327
f 1570/1570/3328 1564/1564/3328 1448/1448/3328
f 1461/1461/3329 1464/1464/3329 1449/1449/3329
f 1571/1571/3330 1554/1554/3330 1553/1553/3330
f 1572/1572/3331 1555/1555/3332 1564/1564/3333
f 1570/1570/3334 1572/1572/3331 1564/1564/3333
f 1573/1573/3335 1563/1563/3335 1555/1555/3335
f 1572/1572/3336 1573/1573/3336 1555/1555/3336
f 1570/1570/3334 1574/1574/3337 1572/1572/3331
f 1575/1575/3338 1572/1572/3338 1574/1574/3338
f 1570/1570/3334 1576/1576/3339 1574/1574/3337
f 1577/1577/3340 1575/1575/3340 1574/1574/3340
f 1576/1576/3339 1578/1578/3341 1574/1574/3337
f 1577/1577/3342 1574/1574/3342 1578/1578/3342
f 1579/1579/3343 1578/1578/3343 1576/1576/3343
f 1580/1580/3344 1578/1578/3344 1579/1579/3344
f 1581/1581/3345 1578/1578/3345 1580/1580/3345
f 1577/1577/3346 1578/1578/3346 1581/1581/3346
f 1582/1582/3347 1579/1579/3347 1576/1576/3347
f 1582/1582/3348 1576/1576/3348 1569/1569/3348
f 1566/1566/3349 1576/1576/3350 1570/1570/3351
f 1566/1566/3352 1569/1569/3352 1576/1576/3352
f 1566/1566/3349 1570/1570/3351 1448/1448/3353
f 1558/1558/3354 1571/1571/3354 1553/1553/3354
f 1559/1559/3355 1557/1557/3355 1563/1563/3355
f 1583/1583/3356 1559/1559/3356 1563/1563/3356
f 1583/1583/3357 1563/1563/3357 1573/1573/3357
f 1560/1560/3358 1559/1559/3358 1583/1583/3358
f 1584/1584/3359 1585/1585/3359 1586/1586/3359
f 1587/1587/3360 1586/1586/3361 1585/1585/3362
f 1588/1588/3363 1586/1586/3363 1587/1587/3363
f 1589/1589/3364 1585/1585/3364 1584/1584/3364
f 1590/1590/3365 1585/1585/3366 1589/1589/3367
f 1591/1591/2005 1588/1588/3368 1587/1587/166
f 1592/1592/3369 1586/1586/3369 1588/1588/3369
f 1592/1592/3370 1584/1584/3370 1586/1586/3370
f 1590/1590/3371 1587/1587/3360 1585/1585/3362
f 1593/1593/2011 1591/1591/2005 1587/1587/166
f 1594/1594/3372 1593/1593/3373 1587/1587/3374
f 1594/1594/3372 1587/1587/3374 1590/1590/3375
f 1595/1595/3376 1596/1596/3377 1588/1588/3368
f 1597/1597/3378 1588/1588/3378 1596/1596/3378
f 1591/1591/2005 1595/1595/3376 1588/1588/3368
f 1592/1592/3379 1588/1588/3379 1597/1597/3379
f 1597/1597/3380 1596/1596/3380 1598/1598/3380
f 1599/1599/3381 1600/1600/3382 1598/1598/3383
f 1601/1601/3384 1598/1598/3384 1600/1600/3384
f 1596/1596/3385 1599/1599/3381 1598/1598/3383
f 1597/1597/3386 1598/1598/3386 1601/1601/3386
f 1601/1601/3387 1600/1600/3387 1602/1602/3387
f 1602/1602/3388 1600/1600/3388 1603/1603/3388
f 1604/1604/3389 1605/1605/3390 1600/1600/3382
f 1603/1603/3391 1600/1600/3391 1605/1605/3391
f 1599/1599/3381 1604/1604/3389 1600/1600/3382
f 1606/1606/3392 1605/1605/3392 1604/1604/3392
f 1606/1606/3393 1607/1607/3393 1605/1605/3393
f 1608/1608/3394 1605/1605/3394 1607/1607/3394
f 1603/1603/3395 1605/1605/3395 1608/1608/3395
f 1609/1609/3396 1604/1604/3396 1599/1599/3396
f 1609/1609/3397 1606/1606/3397 1604/1604/3397
f 1610/1610/3398 1609/1609/3398 1599/1599/3398
f 1611/1611/3399 1599/1599/3399 1596/1596/3399
f 1611/1611/3400 1610/1610/3400 1599/1599/3400
f 1612/1612/3401 1596/1596/3401 1595/1595/3401
f 1612/1612/3402 1611/1611/3402 1596/1596/3402
f 1613/1613/3403 1595/1595/3403 1591/1591/3403
f 1613/1613/3404 1612/1612/3404 1595/1595/3404
f 1593/1593/2011 1614/1614/3405 1591/1591/2005
f 1615/1615/3406 1591/1591/3406 1614/1614/3406
f 1615/1615/3407 1613/1613/3407 1591/1591/3407
f 1593/1593/2011 1616/1616/3408 1614/1614/3405
f 1617/1617/3409 1615/1615/3409 1614/1614/3409
f 1616/1616/3410 1618/1618/3410 1614/1614/3410
f 1619/1619/3411 1618/1618/3412 1616/1616/3413
f 1620/1620/3414 1618/1618/3414 1619/1619/3414
f 1621/1621/3415 1619/1619/3411 1616/1616/3413
f 1594/1594/3416 1616/1616/3416 1593/1593/3416
f 1622/1622/3417 1616/1616/3417 1594/1594/3417
f 1622/1622/3415 1621/1621/3415 1616/1616/3413
f 1623/1623/3418 1589/1589/3419 1584/1584/3420
f 1624/1624/3421 1584/1584/3422 1592/1592/3423
f 1625/1625/3424 1584/1584/3422 1624/1624/3421
f 1623/1623/3418 1584/1584/3420 1625/1625/3425
f 1626/1626/3426 1590/1590/3365 1589/1589/3367
f 1477/1477/3128 1626/1626/3426 1589/1589/3367
f 1627/1627/3427 1477/1477/3427 1589/1589/3427
f 1627/1627/3428 1589/1589/3428 1623/1623/3428
f 1594/1594/3429 1590/1590/3429 1628/1628/3429
f 1628/1628/3430 1590/1590/3430 1626/1626/3430
f 1629/1629/3431 1628/1628/3431 1626/1626/3431
f 1477/1477/3128 1478/1478/3130 1626/1626/3426
f 1630/1630/3432 1626/1626/3432 1478/1478/3432
f 1631/1631/3433 1630/1630/3433 1478/1478/3433
f 1631/1631/3434 1478/1478/3434 1479/1479/3434
f 1632/1632/3435 1477/1477/3435 1627/1627/3435
f 1156/1156/3436 1161/1161/3436 1471/1471/3436
f 1156/1156/3437 1471/1471/3437 1157/1157/3437
f 1622/1622/3438 1594/1594/3438 1628/1628/3438
f 1622/1622/3439 1628/1628/3439 1629/1629/3439
f 1633/1633/3440 1627/1627/3440 1623/1623/3440
f 1632/1632/3441 1627/1627/3442 1633/1633/3443
f 1487/1487/3444 1158/1158/3175 1160/1160/3445
f 1629/1629/3446 1626/1626/3446 1630/1630/3446
f 1631/1631/3447 1629/1629/3447 1630/1630/3447
f 1634/1634/3448 1622/1622/3448 1629/1629/3448
f 1635/1635/3449 1634/1634/3449 1629/1629/3449
f 1636/1636/3450 1635/1635/3450 1629/1629/3450
f 1631/1631/3451 1636/1636/3452 1629/1629/3453
f 1483/1483/3454 1477/1477/3455 1632/1632/3456
f 1637/1637/3457 1484/1484/3457 1483/1483/3457
f 1637/1637/3458 1483/1483/3454 1638/1638/3459
f 1638/1638/3459 1483/1483/3454 1632/1632/3456
f 1159/1159/3460 1158/1158/3175 1487/1487/3444
f 1479/1479/3461 1639/1639/3462 1631/1631/3463
f 1640/1640/3464 1377/1377/2863 1166/1166/2406
f 1640/1640/3464 1641/1641/3465 1377/1377/2863
f 1488/1488/3466 1377/1377/3466 1641/1641/3466
f 1639/1639/3462 1642/1642/3467 1631/1631/3463
f 1643/1643/3468 1644/1644/3469 1642/1642/3467
f 1639/1639/3462 1643/1643/3468 1642/1642/3467
f 1645/1645/3470 1636/1636/3452 1642/1642/3471
f 1631/1631/3451 1642/1642/3471 1636/1636/3452
f 1646/1646/3472 1645/1645/3470 1642/1642/3471
f 1643/1643/3468 1647/1647/3473 1644/1644/3469
f 1648/1648/3474 1644/1644/3475 1647/1647/3476
f 1649/1649/3477 1644/1644/3478 1650/1650/3479
f 1648/1648/3474 1650/1650/3480 1644/1644/3475
f 1642/1642/3481 1644/1644/3478 1649/1649/3477
f 1647/1647/3482 1643/1643/3482 1651/1651/3482
f 1652/1652/3483 1639/1639/3483 1479/1479/3483
f 1652/1652/3484 1479/1479/3484 1480/1480/3484
f 1500/1500/3485 1489/1489/3150 1485/1485/3152
f 1504/1504/3486 1166/1166/2858 1376/1376/2857
f 1504/1504/3487 1640/1640/3487 1166/1166/3487
f 1177/1177/3488 1488/1488/3488 1641/1641/3488
f 1640/1640/3489 1273/1273/3489 1641/1641/3489
f 1273/1273/3490 1177/1177/3490 1641/1641/3490
f 1653/1653/3491 1480/1480/3491 1481/1481/3491
f 1652/1652/3492 1480/1480/3492 1653/1653/3492
f 1499/1499/3493 1481/1481/3493 1390/1390/3493
f 1654/1654/3494 1481/1481/3494 1499/1499/3494
f 1653/1653/3495 1481/1481/3495 1654/1654/3495
f 1655/1655/3496 1501/1501/3496 1494/1494/3496
f 1656/1656/3497 1501/1501/3497 1655/1655/3497
f 1503/1503/3498 1501/1501/3498 1656/1656/3498
f 1655/1655/3499 1494/1494/3499 1495/1495/3499
f 1504/1504/3500 1387/1387/3501 1502/1502/3502
f 1497/1497/3503 1499/1499/3503 1390/1390/3503
f 1498/1498/3504 1654/1654/3504 1499/1499/3504
f 1657/1657/3505 1495/1495/3505 1395/1395/3505
f 1655/1655/3506 1495/1495/3506 1386/1386/3506
f 1657/1657/3507 1386/1386/3507 1495/1495/3507
f 1492/1492/3508 1657/1657/3508 1395/1395/3508
f 1658/1658/3509 1492/1492/3509 1395/1395/3509
f 1283/1283/3510 1659/1659/3510 1282/1282/3510
f 1660/1660/3511 1282/1282/3511 1659/1659/3511
f 1660/1660/3512 1284/1284/3512 1282/1282/3512
f 1661/1661/3513 1659/1659/3513 1283/1283/3513
f 1662/1662/3514 1660/1660/3514 1659/1659/3514
f 1661/1661/3515 1283/1283/3515 1397/1397/3515
f 1505/1505/3516 1284/1284/3516 1660/1660/3516
f 1663/1663/3517 1397/1397/3517 1512/1512/3517
f 1664/1664/3518 1661/1661/3518 1397/1397/3518
f 1664/1664/3519 1397/1397/3519 1663/1663/3519
f 1513/1513/3520 1663/1663/3520 1512/1512/3520
f 1522/1522/3521 1519/1519/3522 1517/1517/3523
f 1524/1524/3524 1665/1665/3524 1520/1520/3524
f 1666/1666/3525 1526/1526/3525 1521/1521/3525
f 1667/1667/3526 1521/1521/3526 1523/1523/3526
f 1666/1666/3527 1521/1521/3527 1667/1667/3527
f 1668/1668/3528 1527/1527/3528 1526/1526/3528
f 1668/1668/3529 1526/1526/3529 1666/1666/3529
f 1669/1669/3530 1527/1527/3530 1668/1668/3530
f 1669/1669/3531 1529/1529/3531 1527/1527/3531
f 1530/1530/3532 1235/1235/2540 1320/1320/2973
f 1322/1322/3533 1235/1235/3533 1530/1530/3533
f 1322/1322/3534 1530/1530/3534 1670/1670/3534
f 1670/1670/3535 1530/1530/3535 1529/1529/3535
f 1671/1671/3536 1528/1528/3536 1531/1531/3536
f 1672/1672/3537 1531/1531/3537 1532/1532/3537
f 1672/1672/3538 1671/1671/3538 1531/1531/3538
f 1673/1673/3539 1541/1541/3540 1542/1542/3541
f 1674/1674/3542 1542/1542/3542 1549/1549/3542
f 1674/1674/3543 1673/1673/3539 1542/1542/3541
f 1465/1465/3544 1323/1323/3544 1322/1322/3544
f 1436/1436/3545 1532/1532/3545 1326/1326/3545
f 1436/1436/3546 1565/1565/3546 1532/1532/3546
f 1465/1465/3547 1549/1549/3547 1442/1442/3547
f 1674/1674/3548 1549/1549/3548 1465/1465/3548
f 1566/1566/3318 1448/1448/3549 1438/1438/3319
f 1675/1675/3550 1573/1573/3550 1572/1572/3550
f 1583/1583/3551 1573/1573/3551 1675/1675/3551
f 1676/1676/3552 1562/1562/3552 1561/1561/3552
f 1677/1677/3553 1562/1562/3554 1676/1676/3555
f 1571/1571/3556 1558/1558/3557 1562/1562/3558
f 1571/1571/3556 1562/1562/3558 1677/1677/3559
f 1678/1678/3560 1560/1560/3561 1583/1583/3562
f 1679/1679/1799 1676/1676/605 1561/1561/166
f 1680/1680/3563 1561/1561/3563 1560/1560/3563
f 1680/1680/3564 1679/1679/3564 1561/1561/3564
f 1681/1681/3565 1677/1677/3553 1676/1676/3555
f 1679/1679/1799 1607/1607/3566 1676/1676/605
f 1681/1681/3565 1676/1676/3555 1607/1607/3567
f 1682/1682/3568 1680/1680/3568 1560/1560/3568
f 1682/1682/3569 1560/1560/3569 1678/1678/3569
f 1683/1683/3570 1607/1607/3570 1679/1679/3570
f 1606/1606/3571 1681/1681/3571 1607/1607/3571
f 1683/1683/3572 1679/1679/3572 1680/1680/3572
f 1684/1684/3573 1680/1680/3574 1682/1682/3575
f 1684/1684/3573 1683/1683/3576 1680/1680/3574
f 1685/1685/3577 1684/1684/3577 1682/1682/3577
f 1608/1608/3578 1607/1607/3578 1683/1683/3578
f 1609/1609/3579 1686/1686/3579 1606/1606/3579
f 1686/1686/3580 1681/1681/3580 1606/1606/3580
f 1687/1687/3581 1608/1608/3581 1683/1683/3581
f 1687/1687/3582 1683/1683/3582 1684/1684/3582
f 1687/1687/3583 1684/1684/3584 1685/1685/3585
f 1688/1688/3586 1686/1686/3587 1609/1609/3588
f 1689/1689/3589 1688/1688/3590 1609/1609/3591
f 1690/1690/3592 1608/1608/3593 1687/1687/3594
f 1690/1690/3595 1603/1603/3595 1608/1608/3595
f 1689/1689/3589 1609/1609/3591 1610/1610/3596
f 1691/1691/3597 1603/1603/3597 1690/1690/3597
f 1692/1692/3598 1689/1689/3599 1610/1610/3600
f 1693/1693/3601 1603/1603/3602 1691/1691/3603
f 1693/1693/3601 1602/1602/3604 1603/1603/3602
f 1611/1611/3605 1692/1692/3606 1610/1610/3607
f 1601/1601/3608 1602/1602/3608 1693/1693/3609
f 1694/1694/3610 1601/1601/3608 1693/1693/3609
f 1695/1695/3611 1611/1611/3612 1612/1612/3613
f 1696/1696/3614 1601/1601/3614 1694/1694/3614
f 1696/1696/3615 1597/1597/3615 1601/1601/3615
f 1693/1693/3609 1697/1697/3616 1694/1694/3610
f 1698/1698/3617 1694/1694/3618 1697/1697/3619
f 1698/1698/3617 1696/1696/3620 1694/1694/3618
f 1699/1699/3621 1697/1697/3616 1693/1693/3609
f 1700/1700/3622 1698/1698/3617 1697/1697/3619
f 1701/1701/3623 1612/1612/3623 1613/1613/3623
f 1701/1701/3624 1695/1695/3624 1612/1612/3625
f 1592/1592/3626 1597/1597/3626 1696/1696/3626
f 1624/1624/3627 1696/1696/3628 1698/1698/3629
f 1624/1624/3630 1592/1592/3630 1696/1696/3630
f 1701/1701/3631 1613/1613/3631 1615/1615/3631
f 1702/1702/3632 1623/1623/3632 1625/1625/3632
f 1703/1703/3633 1702/1702/3633 1625/1625/3633
f 1704/1704/3634 1703/1703/3635 1625/1625/3424
f 1624/1624/3421 1704/1704/3634 1625/1625/3424
f 1705/1705/3636 1706/1706/3637 1703/1703/3635
f 1707/1707/3638 1703/1703/3638 1706/1706/3638
f 1704/1704/3634 1705/1705/3636 1703/1703/3635
f 1707/1707/3639 1708/1708/3639 1703/1703/3639
f 1705/1705/3640 1709/1709/3640 1706/1706/3640
f 1710/1710/3641 1706/1706/3641 1709/1709/3641
f 1711/1711/3642 1707/1707/3642 1706/1706/3642
f 1710/1710/3643 1711/1711/3643 1706/1706/3643
f 1712/1712/3644 1705/1705/3644 1704/1704/3644
f 1709/1709/3645 1705/1705/3645 1712/1712/3645
f 1712/1712/3646 1704/1704/3646 1700/1700/3646
f 1700/1700/3647 1704/1704/3647 1624/1624/3647
f 1700/1700/3648 1624/1624/3627 1698/1698/3629
f 1713/1713/3649 1614/1614/3649 1618/1618/3649
f 1633/1633/3650 1623/1623/3650 1702/1702/3650
f 1708/1708/3651 1633/1633/3651 1702/1702/3651
f 1708/1708/3652 1702/1702/3652 1703/1703/3652
f 1714/1714/3653 1619/1619/3654 1621/1621/166
f 1715/1715/3655 1620/1620/3655 1619/1619/3655
f 1714/1714/3653 1715/1715/3656 1619/1619/3654
f 1634/1634/3657 1621/1621/3657 1622/1622/3657
f 1634/1634/3658 1714/1714/3658 1621/1621/3658
f 1716/1716/3659 1618/1618/3660 1620/1620/3661
f 1716/1716/3659 1713/1713/3662 1618/1618/3660
f 1632/1632/3441 1633/1633/3443 1717/1717/3663
f 1638/1638/3664 1632/1632/3664 1717/1717/3664
f 1718/1718/3665 1620/1620/3665 1715/1715/3665
f 1716/1716/3659 1620/1620/3661 1718/1718/3661
f 1719/1719/3666 1716/1716/3666 1718/1718/3666
f 1719/1719/3667 1718/1718/3667 1720/1720/3667
f 1721/1721/3668 1714/1714/3668 1634/1634/3668
f 1721/1721/3669 1715/1715/3669 1714/1714/3669
f 1721/1721/3670 1634/1634/3670 1635/1635/3670
f 1645/1645/3671 1635/1635/3671 1636/1636/3671
f 1722/1722/3672 1635/1635/3672 1645/1645/3672
f 1722/1722/3673 1721/1721/3674 1635/1635/3675
f 1722/1722/3676 1645/1645/3676 1646/1646/3676
f 1642/1642/3471 1649/1649/3677 1646/1646/3472
f 1723/1723/3678 1646/1646/3678 1649/1649/3678
f 1724/1724/3679 1646/1646/3679 1723/1723/3679
f 1722/1722/3680 1646/1646/3680 1724/1724/3680
f 1723/1723/3681 1649/1649/3681 1650/1650/3681
f 1723/1723/3682 1650/1650/3682 1725/1725/3682
f 1726/1726/3683 1725/1725/3683 1650/1650/3683
f 1726/1726/3684 1650/1650/3684 1648/1648/3684
f 1160/1160/3685 1375/1375/3685 1487/1487/3685
f 1488/1488/3686 1159/1159/3460 1487/1487/3444
f 1176/1176/3687 1159/1159/3460 1488/1488/3686
f 1721/1721/3688 1718/1718/3688 1715/1715/3688
f 1727/1727/3689 1718/1718/3689 1721/1721/3689
f 1720/1720/3690 1718/1718/3690 1727/1727/3690
f 1722/1722/3673 1727/1727/3691 1721/1721/3674
f 1728/1728/3692 1485/1485/3693 1484/1484/3694
f 1729/1729/3695 1728/1728/3695 1484/1484/3695
f 1730/1730/3696 1484/1484/3696 1637/1637/3696
f 1729/1729/3697 1484/1484/3697 1730/1730/3697
f 1176/1176/3698 1488/1488/3698 1177/1177/3698
f 1728/1728/3699 1652/1652/3699 1653/1653/3699
f 1729/1729/3700 1652/1652/3700 1728/1728/3700
f 1729/1729/3701 1639/1639/3701 1652/1652/3701
f 1728/1728/3692 1731/1731/3702 1485/1485/3693
f 1500/1500/3703 1485/1485/3703 1731/1731/3703
f 1653/1653/1281 1654/1654/1281 1731/1731/3702
f 1498/1498/3704 1731/1731/3704 1654/1654/3704
f 1728/1728/3692 1653/1653/1281 1731/1731/3702
f 1498/1498/3705 1500/1500/3705 1731/1731/3705
f 1280/1280/3706 1273/1273/3707 1640/1640/3708
f 1280/1280/3709 1271/1271/3709 1273/1273/3709
f 1732/1732/3710 1655/1655/3710 1386/1386/3710
f 1733/1733/3711 1386/1386/3712 1657/1657/3713
f 1734/1734/3714 1732/1732/3715 1386/1386/3716
f 1733/1733/3711 1734/1734/3717 1386/1386/3712
f 1656/1656/3718 1655/1655/3718 1732/1732/3718
f 1735/1735/3719 1733/1733/3720 1657/1657/3721
f 1735/1735/3719 1657/1657/3721 1492/1492/3722
f 1736/1736/3723 1656/1656/3723 1732/1732/3723
f 1737/1737/2006 1734/1734/3724 1733/1733/1896
f 1738/1738/3725 1734/1734/3724 1737/1737/2006
f 1737/1737/2006 1733/1733/1896 1735/1735/166
f 1739/1739/3726 1503/1503/3726 1656/1656/3726
f 1739/1739/3727 1656/1656/3727 1736/1736/3727
f 1502/1502/3502 1640/1640/3728 1504/1504/3500
f 1735/1735/3729 1492/1492/3729 1658/1658/3729
f 1740/1740/3730 1735/1735/3730 1658/1658/3730
f 1740/1740/3731 1658/1658/3731 1395/1395/3731
f 1741/1741/3732 1737/1737/3732 1735/1735/3732
f 1740/1740/3733 1741/1741/3733 1735/1735/3733
f 1742/1742/3734 1395/1395/2897 1394/1394/2899
f 1742/1742/3735 1740/1740/3735 1395/1395/3735
f 1396/1396/3736 1742/1742/3736 1394/1394/3736
f 1743/1743/3737 1659/1659/3737 1661/1661/3737
f 1744/1744/3738 1743/1743/3738 1661/1661/3738
f 1744/1744/3739 1661/1661/3739 1664/1664/3739
f 1745/1745/3740 1505/1505/3740 1660/1660/3740
f 1745/1745/3741 1660/1660/3742 1662/1662/3743
f 1746/1746/3744 1506/1506/3744 1505/1505/3744
f 1746/1746/3745 1505/1505/3746 1745/1745/3747
f 1747/1747/3748 1507/1507/3748 1506/1506/3748
f 1747/1747/3749 1506/1506/3749 1746/1746/3749
f 1508/1508/3195 1507/1507/3197 1747/1747/3750
f 1664/1664/3751 1663/1663/3751 1748/1748/3751
f 1663/1663/3752 1749/1749/3753 1748/1748/3754
f 1750/1750/3755 1664/1664/3755 1748/1748/3755
f 1751/1751/3756 1748/1748/3754 1749/1749/3753
f 1749/1749/3757 1663/1663/3757 1513/1513/3757
f 1752/1752/3758 1406/1406/3199 1509/1509/3201
f 1510/1510/3204 1752/1752/3759 1509/1509/3205
f 1752/1752/3760 1753/1753/3760 1406/1406/3760
f 1754/1754/3761 1406/1406/3761 1753/1753/3761
f 1755/1755/3762 1753/1753/3762 1752/1752/3762
f 1756/1756/3763 1513/1513/3764 1514/1514/3765
f 1756/1756/3763 1749/1749/3766 1513/1513/3764
f 1298/1298/2923 1405/1405/2925 1407/1407/3767
f 1757/1757/3768 1298/1298/3768 1407/1407/3768
f 1758/1758/3769 1407/1407/3770 1408/1408/3771
f 1757/1757/3772 1407/1407/3772 1758/1758/3772
f 1757/1757/3773 1410/1410/2936 1298/1298/2690
f 1759/1759/3774 1516/1516/3775 1518/1518/3776
f 1760/1760/3777 1518/1518/3778 1520/1520/3779
f 1759/1759/3780 1518/1518/3778 1760/1760/3777
f 1761/1761/3781 1517/1517/3224 1410/1410/2945
f 1522/1522/3521 1517/1517/3523 1761/1761/3782
f 1760/1760/3783 1520/1520/3784 1665/1665/3785
f 1762/1762/3786 1523/1523/3786 1522/1522/3786
f 1763/1763/3787 1667/1667/3787 1523/1523/3787
f 1762/1762/3788 1763/1763/3788 1523/1523/3788
f 1764/1764/3789 1524/1524/3789 1525/1525/3789
f 1764/1764/3790 1665/1665/3791 1524/1524/3792
f 1765/1765/3793 1529/1529/3793 1766/1766/3793
f 1765/1765/3794 1670/1670/3794 1529/1529/3794
f 1673/1673/3795 1670/1670/3795 1765/1765/3795
f 1674/1674/3796 1670/1670/3796 1673/1673/3796
f 1673/1673/3797 1765/1765/3797 1541/1541/3797
f 1766/1766/3798 1541/1541/3798 1765/1765/3798
f 1674/1674/3799 1322/1322/3800 1670/1670/3801
f 1465/1465/3802 1322/1322/3800 1674/1674/3799
f 1525/1525/3803 1528/1528/3804 1671/1671/3805
f 1764/1764/3806 1525/1525/3803 1671/1671/3805
f 1767/1767/3807 1764/1764/3806 1671/1671/3805
f 1672/1672/3808 1768/1768/3808 1671/1671/3808
f 1769/1769/3809 1671/1671/3809 1768/1768/3809
f 1767/1767/3810 1671/1671/3810 1769/1769/3810
f 1766/1766/3811 1533/1533/3811 1539/1539/3811
f 1766/1766/3812 1534/1534/3812 1533/1533/3812
f 1766/1766/3813 1539/1539/3813 1540/1540/3813
f 1766/1766/3814 1540/1540/3814 1541/1541/3814
f 1768/1768/3815 1672/1672/3815 1532/1532/3815
f 1770/1770/3816 1532/1532/3816 1565/1565/3816
f 1770/1770/3817 1768/1768/3818 1532/1532/3819
f 1771/1771/3820 1547/1547/3820 1536/1536/3820
f 1548/1548/3821 1547/1547/3821 1771/1771/3821
f 1771/1771/3822 1536/1536/3822 1535/1535/3822
f 1771/1771/3823 1535/1535/3823 1537/1537/3823
f 1772/1772/3824 1565/1565/3825 1551/1551/3826
f 1772/1772/3824 1770/1770/3827 1565/1565/3825
f 1543/1543/3317 1544/1544/3828 1567/1567/3321
f 1545/1545/3829 1567/1567/3829 1544/1544/3829
f 1568/1568/3830 1567/1567/3830 1545/1545/3830
f 1773/1773/3831 1551/1551/3831 1554/1554/3831
f 1773/1773/3832 1772/1772/3832 1551/1551/3832
f 1774/1774/3833 1554/1554/3833 1571/1571/3833
f 1774/1774/3834 1773/1773/3834 1554/1554/3834
f 1575/1575/3835 1675/1675/3835 1572/1572/3835
f 1775/1775/3836 1583/1583/3836 1675/1675/3836
f 1776/1776/3837 1675/1675/3837 1575/1575/3837
f 1775/1775/3838 1675/1675/3838 1776/1776/3838
f 1777/1777/3839 1678/1678/3560 1583/1583/3562
f 1777/1777/3840 1583/1583/3841 1775/1775/3842
f 1778/1778/3843 1682/1682/3843 1678/1678/3843
f 1779/1779/3844 1678/1678/3844 1777/1777/3844
f 1778/1778/3845 1678/1678/3845 1779/1779/3845
f 1780/1780/3846 1685/1685/3846 1682/1682/3846
f 1780/1780/3847 1682/1682/3847 1778/1778/3847
f 1781/1781/3848 1687/1687/3583 1685/1685/3585
f 1781/1781/3849 1685/1685/3849 1780/1780/3849
f 1782/1782/3850 1686/1686/3587 1688/1688/3586
f 1783/1783/3851 1688/1688/3590 1689/1689/3589
f 1783/1783/3851 1782/1782/3852 1688/1688/3590
f 1784/1784/3853 1690/1690/3592 1687/1687/3594
f 1784/1784/3853 1687/1687/3594 1781/1781/3854
f 1785/1785/3855 1691/1691/3855 1690/1690/3855
f 1786/1786/3856 1690/1690/3856 1784/1784/3856
f 1785/1785/3857 1690/1690/3857 1786/1786/3857
f 1699/1699/3858 1693/1693/3601 1691/1691/3603
f 1787/1787/3859 1691/1691/3859 1785/1785/3859
f 1787/1787/3860 1699/1699/3858 1691/1691/3603
f 1788/1788/3861 1611/1611/3612 1695/1695/3611
f 1789/1789/3862 1695/1695/3863 1790/1790/3864
f 1789/1789/3862 1788/1788/3865 1695/1695/3863
f 1791/1791/3866 1790/1790/3866 1695/1695/3866
f 1791/1791/3867 1695/1695/3624 1701/1701/3624
f 1791/1791/3868 1701/1701/3869 1792/1792/3870
f 1615/1615/3871 1792/1792/3870 1701/1701/3869
f 1793/1793/3872 1792/1792/3872 1615/1615/3872
f 1794/1794/3873 1791/1791/3868 1792/1792/3870
f 1793/1793/3874 1794/1794/3874 1792/1792/3874
f 1793/1793/3875 1615/1615/3875 1617/1617/3875
f 1713/1713/3876 1617/1617/3877 1614/1614/3878
f 1713/1713/3876 1793/1793/3879 1617/1617/3877
f 1717/1717/3880 1633/1633/3880 1708/1708/3880
f 1795/1795/3881 1717/1717/3881 1708/1708/3881
f 1716/1716/3659 1796/1796/3882 1713/1713/3662
f 1797/1797/3883 1798/1798/3884 1796/1796/3882
f 1798/1798/3884 1713/1713/3662 1796/1796/3882
f 1799/1799/3885 1800/1800/3886 1798/1798/3884
f 1797/1797/3883 1799/1799/3885 1798/1798/3884
f 1801/1801/3887 1798/1798/3887 1800/1800/3887
f 1801/1801/3888 1800/1800/3888 1802/1802/3888
f 1803/1803/3889 1800/1800/3889 1799/1799/3889
f 1804/1804/3890 1803/1803/3890 1799/1799/3890
f 1805/1805/3891 1799/1799/3891 1797/1797/3891
f 1805/1805/3892 1804/1804/3892 1799/1799/3892
f 1806/1806/3893 1797/1797/3893 1807/1807/3893
f 1805/1805/3894 1797/1797/3894 1806/1806/3894
f 1807/1807/3895 1797/1797/3895 1796/1796/3895
f 1807/1807/3896 1796/1796/3896 1716/1716/3896
f 1719/1719/3897 1807/1807/3897 1716/1716/3897
f 1724/1724/3898 1808/1808/3899 1727/1727/3691
f 1809/1809/3900 1727/1727/3900 1808/1808/3900
f 1722/1722/3673 1724/1724/3898 1727/1727/3691
f 1809/1809/3901 1720/1720/3901 1727/1727/3901
f 1724/1724/3898 1723/1723/3902 1808/1808/3899
f 1723/1723/3902 1725/1725/3902 1808/1808/3899
f 1725/1725/3903 1806/1806/3903 1808/1808/3903
f 1719/1719/3904 1808/1808/3904 1807/1807/3904
f 1806/1806/3905 1807/1807/3905 1808/1808/3905
f 1809/1809/3906 1808/1808/3906 1719/1719/3906
f 1725/1725/3907 1810/1810/3907 1806/1806/3907
f 1811/1811/3908 1810/1810/3909 1725/1725/3910
f 1726/1726/3911 1811/1811/3911 1725/1725/3911
f 1809/1809/3912 1719/1719/3912 1720/1720/3912
f 1812/1812/3913 1730/1730/3913 1637/1637/3913
f 1812/1812/605 1729/1729/605 1730/1730/351
f 1813/1813/3914 1639/1639/3914 1729/1729/3914
f 1643/1643/3915 1639/1639/3916 1813/1813/3917
f 1814/1814/2005 1729/1729/605 1812/1812/605
f 1813/1813/3918 1729/1729/3918 1814/1814/3918
f 1279/1279/3919 1640/1640/3919 1502/1502/3919
f 1280/1280/3706 1640/1640/3708 1279/1279/3920
f 1738/1738/3725 1498/1498/3921 1500/1500/3922
f 1814/1814/2005 1812/1812/605 1500/1500/605
f 1498/1498/351 1814/1814/2005 1500/1500/605
f 1815/1815/3923 1500/1500/3924 1812/1812/3925
f 1815/1815/3923 1812/1812/3925 1816/1816/3926
f 1817/1817/3927 1814/1814/3927 1498/1498/3927
f 1818/1818/3928 1814/1814/3928 1817/1817/3928
f 1818/1818/3929 1813/1813/3929 1814/1814/3929
f 1738/1738/3725 1737/1737/2006 1498/1498/3921
f 1817/1817/3930 1498/1498/3930 1737/1737/3930
f 1817/1817/3931 1737/1737/3931 1741/1741/3931
f 1819/1819/3932 1738/1738/3932 1500/1500/3932
f 1819/1819/3933 1500/1500/3933 1815/1815/3933
f 1820/1820/3934 1734/1734/3934 1738/1738/3934
f 1820/1820/3935 1738/1738/3935 1819/1819/3935
f 1821/1821/3936 1732/1732/3715 1734/1734/3714
f 1821/1821/3937 1734/1734/3937 1820/1820/3937
f 1821/1821/3938 1736/1736/3938 1732/1732/3938
f 1742/1742/3939 1739/1739/3940 1736/1736/3941
f 1396/1396/3942 1503/1503/3942 1739/1739/3942
f 1279/1279/3943 1502/1502/3943 1503/1503/3943
f 1279/1279/3944 1503/1503/3944 1396/1396/3944
f 1742/1742/3939 1396/1396/3945 1739/1739/3940
f 1822/1822/3946 1817/1817/3946 1741/1741/3946
f 1823/1823/3947 1822/1822/3947 1741/1741/3947
f 1824/1824/3948 1818/1818/3949 1817/1817/3950
f 1822/1822/3951 1824/1824/3951 1817/1817/3951
f 1825/1825/3952 1741/1741/3952 1740/1740/3952
f 1823/1823/3953 1741/1741/3953 1825/1825/3953
f 1825/1825/3954 1740/1740/3954 1742/1742/3954
f 1662/1662/3955 1659/1659/3955 1743/1743/3955
f 1826/1826/3956 1508/1508/3956 1747/1747/3956
f 1511/1511/3957 1508/1508/3957 1826/1826/3957
f 1747/1747/3958 1827/1827/3958 1826/1826/3958
f 1827/1827/3959 1511/1511/3959 1826/1826/3959
f 1511/1511/3960 1752/1752/3960 1510/1510/3960
f 1755/1755/3961 1752/1752/3961 1511/1511/3961
f 1827/1827/3962 1755/1755/3962 1511/1511/3962
f 1750/1750/3963 1744/1744/3964 1664/1664/3965
f 1754/1754/3966 1408/1408/2929 1406/1406/2931
f 1758/1758/3769 1408/1408/3771 1754/1754/3967
f 1828/1828/3968 1757/1757/3968 1758/1758/3968
f 1515/1515/3969 1756/1756/3970 1514/1514/3971
f 1829/1829/3972 1756/1756/3970 1515/1515/3969
f 1516/1516/3973 1829/1829/3974 1515/1515/3975
f 1830/1830/3976 1410/1410/2936 1757/1757/3773
f 1828/1828/3977 1830/1830/3977 1757/1757/3977
f 1761/1761/3781 1410/1410/2945 1830/1830/3978
f 1831/1831/3979 1761/1761/3979 1830/1830/3979
f 1831/1831/3980 1830/1830/3980 1828/1828/3980
f 1762/1762/3981 1522/1522/3981 1761/1761/3981
f 1762/1762/3982 1761/1761/3982 1831/1831/3982
f 1763/1763/3983 1832/1832/3983 1667/1667/3983
f 1666/1666/3984 1667/1667/3984 1832/1832/3984
f 1537/1537/3985 1538/1538/3986 1832/1832/3987
f 1763/1763/3988 1537/1537/3988 1832/1832/3988
f 1669/1669/3989 1666/1666/3989 1832/1832/3989
f 1538/1538/3986 1669/1669/3990 1832/1832/3987
f 1668/1668/3991 1666/1666/3991 1669/1669/3991
f 1766/1766/3992 1529/1529/3992 1669/1669/3992
f 1538/1538/3986 1766/1766/3993 1669/1669/3990
f 1766/1766/3994 1538/1538/3994 1534/1534/3994
f 1762/1762/1281 1771/1771/1281 1537/1537/1281
f 1763/1763/1281 1762/1762/1281 1537/1537/1281
f 1831/1831/1281 1548/1548/1281 1771/1771/1281
f 1762/1762/1281 1831/1831/1281 1771/1771/1281
f 1833/1833/3995 1545/1545/3996 1546/1546/3997
f 1548/1548/1281 1755/1755/3998 1546/1546/3997
f 1833/1833/3995 1834/1834/3999 1545/1545/3996
f 1568/1568/4000 1545/1545/4000 1834/1834/4000
f 1835/1835/1281 1836/1836/1281 1834/1834/3999
f 1582/1582/4001 1834/1834/4001 1836/1836/4001
f 1833/1833/3995 1835/1835/1281 1834/1834/3999
f 1582/1582/4002 1568/1568/4002 1834/1834/4002
f 1835/1835/1281 1579/1579/1281 1836/1836/1281
f 1582/1582/4003 1836/1836/4003 1579/1579/4003
f 1835/1835/1281 1580/1580/1281 1579/1579/1281
f 1837/1837/1145 1581/1581/1281 1580/1580/1281
f 1835/1835/1281 1837/1837/1145 1580/1580/1281
f 1837/1837/1145 1838/1838/4004 1581/1581/1281
f 1577/1577/4005 1581/1581/4005 1838/1838/4005
f 1839/1839/4006 1840/1840/3175 1838/1838/4004
f 1841/1841/4007 1838/1838/4007 1840/1840/4007
f 1842/1842/3614 1839/1839/4006 1838/1838/4004
f 1843/1843/4008 1842/1842/3614 1838/1838/4004
f 1837/1837/1145 1843/1843/4008 1838/1838/4004
f 1577/1577/4009 1838/1838/4009 1844/1844/4009
f 1841/1841/4010 1844/1844/4010 1838/1838/4010
f 1845/1845/4011 1840/1840/4011 1839/1839/4011
f 1846/1846/4012 1840/1840/4012 1845/1845/4012
f 1847/1847/4013 1840/1840/4013 1846/1846/4013
f 1841/1841/4014 1840/1840/4014 1847/1847/4014
f 1845/1845/4015 1839/1839/4015 1848/1848/4015
f 1849/1849/4016 1839/1839/4016 1842/1842/4016
f 1848/1848/4017 1839/1839/4017 1849/1849/4017
f 1843/1843/4008 1850/1850/3048 1842/1842/3614
f 1851/1851/4018 1842/1842/4018 1850/1850/4018
f 1849/1849/4019 1842/1842/4019 1851/1851/4019
f 1852/1852/4020 1850/1850/4020 1843/1843/4020
f 1851/1851/4021 1850/1850/4021 1852/1852/4021
f 1837/1837/1145 1853/1853/4022 1843/1843/4008
f 1852/1852/4023 1843/1843/4023 1853/1853/4023
f 1854/1854/4024 1853/1853/4022 1837/1837/1145
f 1852/1852/4025 1853/1853/4025 1855/1855/4025
f 1854/1854/4026 1837/1837/4026 1856/1856/4026
f 1857/1857/4027 1853/1853/4022 1854/1854/4024
f 1858/1858/1148 1857/1857/4027 1854/1854/4024
f 1859/1859/4028 1853/1853/4028 1857/1857/4028
f 1860/1860/4029 1857/1857/4029 1861/1861/4029
f 1859/1859/4030 1857/1857/4030 1860/1860/4030
f 1857/1857/4027 1862/1862/4031 1861/1861/4032
f 1862/1862/4033 1863/1863/4033 1861/1861/4033
f 1864/1864/4034 1865/1865/4034 1861/1861/4034
f 1860/1860/4035 1861/1861/4035 1865/1865/4035
f 1864/1864/4036 1861/1861/4036 1863/1863/4036
f 1829/1829/4037 1863/1863/4037 1862/1862/4037
f 1829/1829/4038 1862/1862/4038 1866/1866/4038
f 1751/1751/4039 1862/1862/4039 1867/1867/4039
f 1866/1866/4040 1862/1862/4040 1751/1751/4040
f 1858/1858/1148 1868/1868/3081 1867/1867/4041
f 1751/1751/4042 1867/1867/4042 1868/1868/4042
f 1862/1862/4031 1858/1858/1148 1867/1867/4041
f 1858/1858/1148 1869/1869/4043 1868/1868/3081
f 1870/1870/4044 1868/1868/4044 1869/1869/4044
f 1750/1750/4045 1868/1868/4045 1870/1870/4045
f 1871/1871/4046 1872/1872/4047 1869/1869/4043
f 1873/1873/4048 1869/1869/4048 1872/1872/4048
f 1874/1874/4049 1871/1871/4046 1869/1869/4043
f 1858/1858/1148 1874/1874/4049 1869/1869/4043
f 1870/1870/4050 1869/1869/4050 1873/1873/4050
f 1875/1875/4051 1872/1872/4047 1871/1871/4046
f 1875/1875/4051 1876/1876/4052 1872/1872/4047
f 1877/1877/4053 1872/1872/4054 1876/1876/4055
f 1877/1877/4056 1878/1878/4056 1872/1872/4056
f 1873/1873/4057 1872/1872/4057 1878/1878/4057
f 1879/1879/4058 1875/1875/4058 1871/1871/4058
f 1880/1880/4059 1871/1871/4059 1874/1874/4059
f 1880/1880/4060 1879/1879/4060 1871/1871/4060
f 1881/1881/4061 1874/1874/4061 1858/1858/4061
f 1880/1880/4062 1874/1874/4062 1882/1882/4062
f 1881/1881/4063 1882/1882/4063 1874/1874/4063
f 1858/1858/1148 1862/1862/4031 1857/1857/4027
f 1883/1883/4064 1854/1854/4064 1856/1856/4064
f 1884/1884/4065 1885/1885/4065 1854/1854/4065
f 1881/1881/4066 1854/1854/4066 1885/1885/4066
f 1883/1883/4067 1884/1884/4067 1854/1854/4067
f 1858/1858/4068 1854/1854/4068 1881/1881/4068
f 1886/1886/4069 1856/1856/4069 1837/1837/4069
f 1886/1886/4070 1887/1887/4070 1856/1856/4070
f 1883/1883/4071 1856/1856/4071 1887/1887/4071
f 1835/1835/1281 1888/1888/1281 1837/1837/1145
f 1889/1889/4072 1837/1837/4072 1888/1888/4072
f 1886/1886/4073 1837/1837/4073 1889/1889/4073
f 1890/1890/4074 1888/1888/4074 1835/1835/4074
f 1890/1890/4075 1889/1889/4075 1888/1888/4075
f 1833/1833/3995 1891/1891/1281 1835/1835/1281
f 1890/1890/4076 1835/1835/4076 1891/1891/4076
f 1546/1546/3997 1891/1891/1281 1833/1833/3995
f 1892/1892/1281 1891/1891/1281 1546/1546/3997
f 1890/1890/4077 1891/1891/4077 1892/1892/4077
f 1893/1893/1281 1892/1892/1281 1546/1546/3997
f 1894/1894/1281 1893/1893/1281 1546/1546/3997
f 1895/1895/1281 1894/1894/1281 1546/1546/3997
f 1896/1896/1281 1895/1895/1281 1546/1546/3997
f 1755/1755/3998 1896/1896/1281 1546/1546/3997
f 1897/1897/4078 1892/1892/4078 1893/1893/4078
f 1897/1897/4079 1898/1898/4079 1892/1892/4079
f 1890/1890/4080 1892/1892/4080 1898/1898/4080
f 1897/1897/4081 1893/1893/4081 1894/1894/4081
f 1899/1899/4082 1894/1894/4082 1895/1895/4082
f 1897/1897/4083 1894/1894/4083 1899/1899/4083
f 1900/1900/4084 1895/1895/4085 1896/1896/4086
f 1901/1901/4087 1902/1902/4087 1895/1895/4087
f 1899/1899/4088 1895/1895/4088 1902/1902/4088
f 1900/1900/4084 1901/1901/4089 1895/1895/4085
f 1755/1755/3998 1903/1903/1281 1896/1896/1281
f 1904/1904/4090 1896/1896/4090 1903/1903/4090
f 1900/1900/4091 1896/1896/4091 1905/1905/4091
f 1906/1906/4092 1905/1905/4092 1896/1896/4092
f 1906/1906/4093 1896/1896/4093 1904/1904/4093
f 1755/1755/3998 1907/1907/4094 1903/1903/1281
f 1904/1904/4095 1903/1903/4095 1907/1907/4095
f 1827/1827/4096 1907/1907/4094 1755/1755/3998
f 1908/1908/4097 1907/1907/4094 1827/1827/4096
f 1909/1909/4098 1907/1907/4098 1908/1908/4098
f 1904/1904/4099 1907/1907/4099 1909/1909/4099
f 1909/1909/4100 1908/1908/4100 1876/1876/4100
f 1908/1908/4101 1910/1910/1262 1876/1876/4055
f 1910/1910/1262 1877/1877/4053 1876/1876/4055
f 1911/1911/4102 1877/1877/4103 1910/1910/4104
f 1878/1878/4105 1877/1877/4103 1911/1911/4102
f 1908/1908/4106 1912/1912/4106 1910/1910/4106
f 1912/1912/4107 1908/1908/4107 1827/1827/4107
f 1912/1912/4108 1827/1827/4108 1747/1747/4108
f 1913/1913/4109 1753/1753/4110 1755/1755/3998
f 1548/1548/1281 1913/1913/4109 1755/1755/3998
f 1754/1754/4111 1753/1753/4111 1913/1913/4111
f 1754/1754/4112 1913/1913/4112 1914/1914/4112
f 1758/1758/4113 1914/1914/4114 1828/1828/4115
f 1758/1758/4113 1754/1754/4116 1914/1914/4114
f 1548/1548/1281 1828/1828/1281 1914/1914/1281
f 1831/1831/1281 1828/1828/1281 1548/1548/1281
f 1548/1548/1281 1914/1914/1281 1913/1913/4109
f 1859/1859/4117 1764/1764/3806 1767/1767/3807
f 1915/1915/4118 1769/1769/4118 1768/1768/4118
f 1770/1770/3817 1915/1915/4119 1768/1768/3818
f 1915/1915/4120 1767/1767/4120 1769/1769/4120
f 1773/1773/4121 1916/1916/4121 1772/1772/4121
f 1772/1772/3824 1917/1917/4122 1770/1770/3827
f 1918/1918/4123 1773/1773/4123 1774/1774/4123
f 1918/1918/4124 1916/1916/4125 1773/1773/4126
f 1919/1919/4127 1774/1774/4127 1571/1571/4127
f 1918/1918/4128 1774/1774/4128 1919/1919/4128
f 1775/1775/4129 1776/1776/4129 1575/1575/4129
f 1844/1844/4130 1775/1775/4130 1575/1575/4130
f 1919/1919/4131 1571/1571/3556 1677/1677/3559
f 1920/1920/4132 1918/1918/4133 1919/1919/4134
f 1921/1921/4135 1919/1919/4136 1677/1677/4137
f 1922/1922/4138 1779/1779/4138 1777/1777/4138
f 1922/1922/4139 1778/1778/4139 1779/1779/4139
f 1923/1923/4140 1681/1681/4141 1686/1686/4142
f 1921/1921/4143 1677/1677/4143 1681/1681/4143
f 1923/1923/4140 1921/1921/4144 1681/1681/4141
f 1924/1924/4145 1780/1780/4145 1778/1778/4145
f 1924/1924/4146 1778/1778/4146 1922/1922/4146
f 1782/1782/3850 1923/1923/4147 1686/1686/3587
f 1925/1925/4148 1784/1784/3853 1781/1781/3854
f 1925/1925/4148 1781/1781/3854 1780/1780/4149
f 1787/1787/4150 1786/1786/4150 1784/1784/4150
f 1787/1787/4151 1784/1784/4152 1925/1925/4153
f 1787/1787/4154 1785/1785/4154 1786/1786/4154
f 1611/1611/3605 1926/1926/4155 1692/1692/3606
f 1927/1927/4156 1697/1697/3616 1699/1699/3621
f 1928/1928/4157 1692/1692/3606 1926/1926/4155
f 1788/1788/4158 1926/1926/4158 1611/1611/4158
f 1700/1700/3622 1697/1697/3619 1927/1927/4159
f 1789/1789/4160 1790/1790/4160 1791/1791/4160
f 1794/1794/3873 1789/1789/4161 1791/1791/3868
f 1798/1798/4162 1793/1793/3879 1713/1713/3876
f 1795/1795/4163 1638/1638/4163 1717/1717/4163
f 1929/1929/4164 1637/1637/3458 1638/1638/3459
f 1795/1795/4165 1929/1929/4164 1638/1638/3459
f 1929/1929/4166 1812/1812/4167 1637/1637/4168
f 1816/1816/4169 1812/1812/4167 1929/1929/4166
f 1930/1930/4170 1819/1819/4170 1815/1815/4170
f 1651/1651/4171 1643/1643/3915 1813/1813/3917
f 1651/1651/4172 1813/1813/4172 1818/1818/4172
f 1931/1931/4173 1820/1820/4173 1819/1819/4173
f 1931/1931/4174 1819/1819/4174 1930/1930/4174
f 1931/1931/4175 1821/1821/4175 1820/1820/4175
f 1825/1825/4176 1821/1821/4177 1931/1931/4178
f 1823/1823/4179 1825/1825/4179 1931/1931/4179
f 1742/1742/3939 1736/1736/3941 1821/1821/4177
f 1825/1825/4176 1742/1742/3939 1821/1821/4177
f 1651/1651/4180 1818/1818/3949 1824/1824/3948
f 1750/1750/3963 1870/1870/4181 1744/1744/3964
f 1743/1743/4182 1911/1911/4182 1662/1662/4182
f 1911/1911/4183 1745/1745/3741 1662/1662/3743
f 1743/1743/4184 1878/1878/4184 1911/1911/4184
f 1873/1873/4185 1878/1878/4185 1743/1743/4185
f 1873/1873/4186 1743/1743/4186 1744/1744/4186
f 1910/1910/4187 1745/1745/4187 1911/1911/4187
f 1910/1910/4188 1746/1746/3745 1745/1745/3747
f 1912/1912/4189 1747/1747/4189 1746/1746/4189
f 1912/1912/4190 1746/1746/4190 1910/1910/4190
f 1873/1873/4191 1744/1744/4191 1870/1870/4191
f 1863/1863/4192 1829/1829/3974 1516/1516/3973
f 1898/1898/1144 1932/1932/1144 1933/1933/1148
f 1876/1876/4193 1933/1933/4193 1932/1932/4193
f 1934/1934/1148 1898/1898/1144 1933/1933/1148
f 1875/1875/4194 1934/1934/4194 1933/1933/4194
f 1875/1875/4195 1933/1933/4195 1876/1876/4195
f 1905/1905/1281 1935/1935/1281 1932/1932/1144
f 1904/1904/4196 1932/1932/4196 1935/1935/4196
f 1902/1902/1281 1905/1905/1281 1932/1932/1144
f 1936/1936/2370 1902/1902/1281 1932/1932/1144
f 1898/1898/1144 1936/1936/2370 1932/1932/1144
f 1876/1876/4197 1932/1932/4197 1909/1909/4197
f 1904/1904/4198 1909/1909/4198 1932/1932/4198
f 1906/1906/165 1935/1935/165 1905/1905/165
f 1906/1906/4199 1904/1904/4199 1935/1935/4199
f 1901/1901/4200 1905/1905/4200 1902/1902/4200
f 1900/1900/4201 1905/1905/4201 1901/1901/4201
f 1897/1897/4202 1902/1902/4202 1936/1936/4202
f 1897/1897/4203 1899/1899/4203 1902/1902/4203
f 1897/1897/4204 1936/1936/4204 1898/1898/4204
f 1937/1937/4008 1887/1887/4008 1898/1898/1144
f 1889/1889/4205 1898/1898/4205 1887/1887/4205
f 1934/1934/1148 1937/1937/4008 1898/1898/1144
f 1890/1890/4206 1898/1898/4206 1889/1889/4206
f 1882/1882/1281 1885/1885/1281 1887/1887/4008
f 1884/1884/4207 1887/1887/4207 1885/1885/4207
f 1937/1937/4008 1882/1882/1281 1887/1887/4008
f 1883/1883/4208 1887/1887/4208 1884/1884/4208
f 1886/1886/4209 1889/1889/4209 1887/1887/4209
f 1881/1881/4210 1885/1885/4210 1882/1882/4210
f 1880/1880/4211 1882/1882/4211 1937/1937/4211
f 1880/1880/4212 1937/1937/4212 1934/1934/4212
f 1875/1875/4213 1879/1879/4213 1934/1934/4213
f 1880/1880/4214 1934/1934/4214 1879/1879/4214
f 1865/1865/4215 1516/1516/3775 1759/1759/3774
f 1865/1865/4216 1863/1863/4216 1516/1516/4216
f 1938/1938/4217 1759/1759/3780 1760/1760/3777
f 1865/1865/4218 1759/1759/4218 1938/1938/4218
f 1939/1939/4219 1760/1760/3783 1665/1665/3785
f 1939/1939/4220 1938/1938/4220 1760/1760/4220
f 1764/1764/3790 1939/1939/4221 1665/1665/3791
f 1764/1764/4222 1859/1859/4222 1939/1939/4222
f 1859/1859/4223 1860/1860/4223 1939/1939/4223
f 1938/1938/4224 1939/1939/4224 1860/1860/4224
f 1855/1855/4225 1853/1853/4225 1859/1859/4225
f 1767/1767/3807 1855/1855/4226 1859/1859/4117
f 1915/1915/4119 1770/1770/3817 1917/1917/4227
f 1849/1849/4228 1917/1917/4122 1772/1772/3824
f 1849/1849/4229 1851/1851/4229 1917/1917/4229
f 1848/1848/4230 1772/1772/4230 1916/1916/4230
f 1582/1582/4231 1569/1569/4231 1568/1568/4231
f 1845/1845/4232 1916/1916/4125 1918/1918/4124
f 1845/1845/4232 1848/1848/4233 1916/1916/4125
f 1920/1920/4132 1845/1845/4234 1918/1918/4133
f 1577/1577/4235 1844/1844/4235 1575/1575/4235
f 1841/1841/4236 1775/1775/4236 1844/1844/4236
f 1940/1940/4237 1922/1922/4238 1777/1777/4239
f 1841/1841/4240 1777/1777/3840 1775/1775/3842
f 1940/1940/4237 1777/1777/4239 1841/1841/4241
f 1941/1941/4242 1924/1924/4242 1922/1922/4242
f 1941/1941/4243 1922/1922/4243 1940/1940/4243
f 1942/1942/4244 1924/1924/4244 1941/1941/4244
f 1943/1943/4245 1921/1921/4245 1923/1923/4245
f 1944/1944/4246 1943/1943/4246 1923/1923/4246
f 1944/1944/4247 1923/1923/4247 1782/1782/4247
f 1942/1942/4248 1780/1780/4248 1924/1924/4248
f 1925/1925/4148 1780/1780/4149 1942/1942/4249
f 1945/1945/4250 1787/1787/4151 1925/1925/4153
f 1928/1928/4251 1689/1689/3599 1692/1692/3598
f 1928/1928/4252 1783/1783/3851 1689/1689/3589
f 1699/1699/3858 1787/1787/3860 1945/1945/4253
f 1712/1712/4254 1700/1700/3622 1927/1927/4159
f 1708/1708/4255 1946/1946/4255 1795/1795/4255
f 1929/1929/4256 1947/1947/4256 1816/1816/4256
f 1647/1647/4257 1947/1947/4258 1929/1929/4259
f 1647/1647/4260 1651/1651/4260 1947/1947/4260
f 1930/1930/4261 1816/1816/4261 1947/1947/4261
f 1824/1824/4262 1930/1930/4263 1947/1947/4264
f 1824/1824/4265 1947/1947/4265 1651/1651/4265
f 1815/1815/4266 1816/1816/4266 1930/1930/4266
f 1822/1822/4267 1931/1931/4268 1930/1930/4263
f 1824/1824/4262 1822/1822/4267 1930/1930/4263
f 1822/1822/4269 1823/1823/4269 1931/1931/4269
f 1868/1868/4270 1748/1748/4270 1751/1751/4270
f 1868/1868/4271 1750/1750/4271 1748/1748/4271
f 1866/1866/4272 1751/1751/4272 1749/1749/4272
f 1866/1866/4273 1749/1749/3766 1756/1756/3763
f 1829/1829/4274 1866/1866/4274 1756/1756/4274
f 1948/1948/4275 1767/1767/4275 1915/1915/4275
f 1948/1948/4276 1855/1855/4276 1767/1767/4276
f 1852/1852/4277 1915/1915/4277 1917/1917/4277
f 1948/1948/4278 1915/1915/4278 1852/1852/4278
f 1851/1851/4279 1852/1852/4279 1917/1917/4279
f 1848/1848/4280 1849/1849/4280 1772/1772/4280
f 1846/1846/4281 1845/1845/4281 1920/1920/4281
f 1949/1949/4282 1920/1920/4132 1919/1919/4134
f 1949/1949/4283 1846/1846/4283 1920/1920/4283
f 1950/1950/4284 1949/1949/4284 1919/1919/4284
f 1921/1921/4135 1950/1950/4285 1919/1919/4136
f 1841/1841/4286 1847/1847/4286 1940/1940/4286
f 1847/1847/4287 1941/1941/4287 1940/1940/4287
f 1847/1847/4288 1943/1943/4288 1941/1941/4288
f 1942/1942/4289 1941/1941/4289 1943/1943/4289
f 1942/1942/4290 1944/1944/4290 1925/1925/4290
f 1951/1951/4291 1925/1925/4291 1944/1944/4291
f 1951/1951/4292 1945/1945/4292 1925/1925/4292
f 1952/1952/4293 1699/1699/4293 1945/1945/4293
f 1952/1952/4294 1945/1945/4294 1951/1951/4294
f 1953/1953/4295 1699/1699/4295 1952/1952/4295
f 1954/1954/4296 1788/1788/4296 1789/1789/4296
f 1955/1955/4297 1712/1712/4297 1927/1927/4297
f 1953/1953/4298 1927/1927/4156 1699/1699/3621
f 1955/1955/4299 1927/1927/4299 1953/1953/4299
f 1955/1955/4300 1709/1709/4300 1712/1712/4300
f 1956/1956/4301 1954/1954/4301 1789/1789/4301
f 1794/1794/3873 1956/1956/4161 1789/1789/4161
f 1801/1801/4302 1794/1794/4302 1793/1793/4302
f 1801/1801/4303 1793/1793/4303 1798/1798/4303
f 1946/1946/4304 1708/1708/4304 1707/1707/4304
f 1711/1711/4305 1946/1946/4305 1707/1707/4305
f 1648/1648/4306 1795/1795/4307 1946/1946/4308
f 1726/1726/4309 1648/1648/4309 1946/1946/4309
f 1711/1711/4310 1726/1726/4310 1946/1946/4310
f 1648/1648/4306 1929/1929/4259 1795/1795/4307
f 1648/1648/4306 1647/1647/4257 1929/1929/4259
f 1957/1957/4311 1811/1811/4311 1726/1726/4311
f 1711/1711/4312 1957/1957/4312 1726/1726/4312
f 1957/1957/4313 1958/1958/4313 1811/1811/4313
f 1959/1959/4314 1811/1811/4314 1958/1958/4314
f 1960/1960/4315 1811/1811/4316 1959/1959/4317
f 1959/1959/4318 1958/1958/4318 1961/1961/4318
f 1958/1958/4319 1957/1957/4320 1962/1962/4321
f 1962/1962/4322 1957/1957/4322 1711/1711/4322
f 1962/1962/4323 1711/1711/4323 1710/1710/4323
f 1810/1810/4324 1805/1805/4324 1806/1806/4324
f 1864/1864/4325 1863/1863/4325 1865/1865/4325
f 1860/1860/4326 1865/1865/4326 1938/1938/4326
f 1948/1948/4327 1852/1852/4327 1855/1855/4327
f 1950/1950/4328 1846/1846/4328 1949/1949/4328
f 1847/1847/4329 1846/1846/4329 1950/1950/4329
f 1847/1847/4330 1950/1950/4330 1943/1943/4330
f 1921/1921/4331 1943/1943/4331 1950/1950/4331
f 1942/1942/4332 1943/1943/4332 1944/1944/4332
f 1951/1951/4333 1944/1944/4333 1782/1782/4333
f 1951/1951/4334 1782/1782/4334 1783/1783/4334
f 1952/1952/4335 1951/1951/4335 1783/1783/4335
f 1952/1952/4336 1783/1783/4336 1928/1928/4336
f 1788/1788/4337 1963/1963/4337 1926/1926/4337
f 1964/1964/4338 1952/1952/4338 1928/1928/4338
f 1926/1926/4339 1964/1964/4339 1928/1928/4339
f 1955/1955/4340 1952/1952/4340 1964/1964/4340
f 1955/1955/4341 1953/1953/4341 1952/1952/4341
f 1963/1963/4342 1709/1709/4343 1964/1964/4344
f 1955/1955/4345 1964/1964/4345 1709/1709/4345
f 1965/1965/4094 1710/1710/4346 1709/1709/4343
f 1963/1963/4342 1965/1965/4094 1709/1709/4343
f 1965/1965/4094 1962/1962/4347 1710/1710/4346
f 1961/1961/4348 1958/1958/4319 1962/1962/4321
f 1965/1965/4094 1961/1961/4094 1962/1962/4347
f 1966/1966/4349 1959/1959/4350 1961/1961/4094
f 1965/1965/4094 1966/1966/4349 1961/1961/4094
f 1966/1966/4349 1803/1803/4351 1959/1959/4350
f 1960/1960/4315 1959/1959/4317 1803/1803/4352
f 1800/1800/4353 1803/1803/4353 1966/1966/4353
f 1956/1956/4354 1966/1966/4354 1965/1965/4354
f 1802/1802/4355 1966/1966/4355 1956/1956/4355
f 1800/1800/4356 1966/1966/4356 1802/1802/4356
f 1954/1954/4357 1965/1965/4357 1963/1963/4357
f 1956/1956/4358 1965/1965/4358 1954/1954/4358
f 1926/1926/4359 1963/1963/4359 1964/1964/4359
f 1954/1954/4360 1963/1963/4360 1788/1788/4360
f 1802/1802/4361 1956/1956/4361 1794/1794/4361
f 1801/1801/4362 1802/1802/4362 1794/1794/4362
f 1804/1804/4363 1960/1960/4363 1803/1803/4363
f 1804/1804/4364 1811/1811/4364 1960/1960/4364
f 1810/1810/3909 1811/1811/3908 1804/1804/4365
f 1810/1810/4366 1804/1804/4366 1805/1805/4366
