# Blender v2.93.0 OBJ File: ''
# www.blender.org
mtllib sim_sea_2-5_r_elbow_prosup_prt.mtl
o sim_sea_2-5_r_elbow_prosup_prt
v -406.467133 -16.509745 92.098511
v -406.921204 -15.611154 90.432838
v -406.402191 -16.485285 90.078796
v -405.496399 -19.967886 93.852097
v -407.546112 -13.265326 87.923203
v -407.666504 -7.324767 87.645844
v -396.800323 -19.269705 90.606628
v -405.225311 -15.997768 96.756653
v -405.017090 -20.538441 97.528923
v -405.545868 -3.193722 95.557640
v -407.484100 -10.670734 86.359756
v -408.322693 5.262869 85.185738
v -408.224792 -6.777437 85.562317
v -408.494843 1.023176 84.107567
v -408.190918 -2.827098 84.179817
v -406.121185 -7.213560 84.544319
v -406.453491 0.488537 92.171776
v -407.384918 4.453411 84.174431
v -405.086517 8.448801 84.633583
v -407.469360 11.244852 86.537430
v -405.288086 5.794616 96.522171
v -407.133545 14.943408 89.613159
v -404.236694 10.571253 100.446198
v -403.299774 12.368869 103.942955
v -405.778259 20.990833 94.646057
v -404.257599 27.590797 100.336548
v -404.059998 35.997593 101.105301
v -403.461060 47.200993 103.332191
v -402.569275 41.127289 106.668839
v -401.969299 12.917670 108.908096
v -404.412994 26.614532 98.145447
v -403.948212 30.795601 99.590790
v -404.105804 41.063679 100.442749
v -403.701752 35.668079 100.434822
v -404.148102 49.049404 100.776611
v -404.144012 46.742886 98.866768
v -403.494965 52.270897 100.780098
v -404.941528 51.409496 97.473305
v -404.605713 55.352901 99.234802
v -402.172943 42.613079 105.981255
v -401.993805 36.039974 108.816597
v -401.451019 38.984627 108.763634
v -401.706787 31.703491 109.887604
v -400.744080 34.815811 112.321678
v -401.706787 14.357580 109.887604
v -400.629608 14.357476 113.907890
v -400.629700 31.703491 113.907600
v -399.821991 30.314976 116.901833
v -397.343658 23.537226 126.171021
v -398.471893 31.393686 115.872673
v -398.262939 26.900858 122.596703
v -396.627197 24.774633 126.663666
v -398.969025 1.720335 120.105286
v -395.983429 22.399458 131.241180
v -395.562012 2.425507 132.820404
v -395.105804 21.254768 134.522995
v -393.758911 21.404179 135.360107
v -393.780914 22.953230 130.361588
v -395.016693 5.841162 134.855392
v -393.767700 19.143965 139.511673
v -392.557678 20.168262 141.956451
v -393.939789 10.327827 138.874405
v -393.416534 13.695612 140.746078
v -391.566681 18.658815 147.731094
v -391.519104 15.297606 147.908707
v -390.634979 19.712751 149.221649
v -389.572449 16.143688 155.075699
v -389.067627 18.693645 157.066589
v -389.640533 20.006321 153.856964
v -388.037079 20.756283 159.370163
v -388.337982 16.464571 157.729019
v -387.624512 18.594818 162.494751
v -392.380310 12.577618 142.762894
v -389.989105 15.119515 148.379730
v -393.196503 10.463798 139.716705
v -393.888702 8.279236 137.375366
v -393.772308 6.076533 135.310303
v -396.191071 -4.621988 130.481781
v -394.347198 2.638414 133.164505
v -397.111267 -11.661040 127.038628
v -399.552490 10.021099 117.927498
v -399.059601 -3.432506 119.767212
v -397.721222 -16.840822 124.758278
v -396.093719 -10.408684 128.903229
v -393.961975 -6.356575 129.880569
v -396.454315 -13.554265 127.246498
v -399.538727 -7.363444 117.979065
v -398.437866 -19.509892 122.041206
v -400.686462 -11.849877 113.693428
v -399.555206 -21.893995 117.926735
v -397.592804 -23.239027 114.317123
v -401.541199 -23.982609 109.783501
v -401.706787 -20.334240 109.887604
v -401.937531 -13.046003 109.019737
v -402.010803 -23.889309 108.753304
v -403.122833 -12.520218 104.603195
v -403.049011 -23.728449 104.878601
v -404.027313 -22.939739 101.227402
v -402.182709 -24.323690 105.738899
v -404.305176 -22.395178 98.221916
v -401.581604 -23.845884 102.076050
v -403.699310 -11.958824 102.439194
v -404.581421 -9.119027 98.893410
v -401.409393 -12.429529 109.939201
v -402.228088 -12.280780 105.569099
v -399.016907 -7.324809 104.858200
v -399.669189 -9.294451 115.560204
v -397.729614 1.461102 119.295403
v -396.862610 -2.988332 112.898201
v -397.811310 -3.074244 118.990303
v -399.341187 6.192355 118.716202
v -396.862610 1.348145 112.898201
v -399.413513 8.338075 116.514702
v -400.468903 10.888241 114.507797
v -401.095612 12.146570 110.236900
v -397.924164 5.628838 108.941322
v -402.285797 12.246241 105.353798
v -402.301727 10.663868 101.025696
v -405.445984 1.411151 95.346931
v -402.374390 6.006081 96.406197
v -400.093994 5.684624 100.838203
v -405.384216 -5.049058 95.969398
v -400.093994 -2.988331 100.838203
v -401.171204 -2.988331 96.818268
v -401.171204 1.348147 96.818268
v -393.181641 1.208604 80.029671
v -394.985657 5.203367 81.058746
v -401.510956 12.328218 85.621674
v -406.153290 15.397548 88.987106
v -400.489716 21.797634 93.889488
v -393.536224 12.283889 83.395149
v -405.472351 79.640656 92.116417
v -406.257904 79.072342 92.860428
v -406.662170 84.699120 91.282288
v -404.765564 88.910202 98.429169
v -405.279724 80.464111 96.556541
v -406.430725 89.447548 89.530075
v -407.040710 89.906822 89.983582
v -399.574310 84.754723 89.374008
v -393.869995 79.838036 88.960617
v -395.976440 89.481377 86.695343
v -404.469177 92.740883 99.575439
v -404.148102 96.750656 100.776611
v -408.008514 101.229172 86.378052
v -407.298157 94.489197 87.112999
v -407.920105 97.852989 85.596436
v -406.709351 100.864677 91.342056
v -404.205292 100.704193 100.563110
v -406.307007 105.407959 92.719360
v -408.275085 101.148689 85.374298
v -407.709381 105.916344 87.530403
v -407.705566 104.929535 85.834709
v -406.245789 101.178513 84.303711
v -404.714630 104.071304 84.533157
v -406.206787 109.411781 91.312637
v -404.742310 105.423592 96.627251
v -404.641663 109.307915 96.975578
v -402.351074 105.357666 105.519417
v -402.761444 102.497604 103.641701
v -403.324677 98.364670 102.358192
v -402.600128 92.368294 99.397102
v -404.496460 84.337929 97.562943
v -405.359314 75.070869 96.256424
v -403.176575 79.401123 96.461388
v -405.285919 97.875900 84.603172
v -396.863373 93.023476 85.298866
v -405.745575 114.804665 91.205147
v -406.072632 114.812775 91.610023
v -397.805023 114.911697 89.151855
v -404.834595 112.398590 95.637077
v -392.022369 104.568695 81.418030
v -394.203857 114.919266 88.178467
v -385.781158 114.790924 85.846191
v -384.997589 108.412888 81.822441
v -385.629547 103.396439 79.262115
v -384.418396 108.093811 82.073921
v -384.020813 114.540230 85.534767
v -401.062500 114.722496 93.453384
v -398.568390 114.849091 93.462631
v -402.453796 114.319145 95.445694
v -393.931641 -21.772213 94.004532
v -395.662598 -23.119297 97.628403
v -395.300659 -24.466698 105.668259
v -396.684998 -24.175774 110.166687
v -394.931213 -15.919447 86.515320
v -394.259827 -11.217459 83.061211
v -397.939697 -7.324810 108.878197
v -391.854034 -6.795339 80.627769
v -400.093994 -7.324809 100.838203
v -393.312836 9.024052 81.787430
v -402.269440 25.534916 96.954475
v -401.200073 30.692102 98.882164
v -395.833038 40.610420 98.294647
v -396.760132 45.616886 97.358742
v -397.117645 40.847569 105.993103
v -397.932281 35.995583 110.500031
v -395.791290 48.313866 100.649277
v -394.284088 43.000977 103.543488
v -404.967865 53.998016 95.921631
v -398.692200 54.351665 94.127396
v -405.225311 57.722351 96.756660
v -405.288727 58.866840 94.528503
v -393.144958 45.020512 96.582100
v -402.908508 56.957611 98.793739
v -396.381012 56.258099 97.227150
v -395.981750 52.183144 98.836861
v -405.232697 65.800644 96.766266
v -404.353882 61.926373 97.794037
v -405.516418 62.405636 93.737747
v -397.040466 61.456497 95.933990
v -405.870880 68.690361 93.095467
v -405.273468 67.310699 92.836006
v -393.015808 66.868973 89.616707
v -405.364899 70.734512 96.235321
v -384.082916 62.409977 87.993355
v -402.495178 70.488106 95.988731
v -397.098572 70.324005 94.541618
v -392.998352 75.009872 89.112061
v -402.489105 75.073799 95.994385
v -397.065216 75.106430 94.549263
v -398.251343 84.125443 95.860306
v -394.347595 89.016487 96.129662
v -393.740662 93.035904 97.306442
v -395.380859 97.925041 81.952011
v -398.176392 97.291351 100.500145
v -398.653412 103.039589 102.922508
v -386.737518 98.728577 98.090706
v -397.757385 101.226624 101.423164
v -385.752350 102.842728 99.264519
v -381.565704 103.166290 98.432076
v -381.638885 93.707260 94.371628
v -381.216705 97.304276 95.946968
v -381.494904 92.414169 92.977005
v -381.148560 97.339111 94.269432
v -380.609711 99.566719 96.280495
v -381.156708 101.209183 96.985619
v -381.718475 89.127365 92.782715
v -393.243225 101.086548 80.843597
v -401.336487 110.195885 109.333435
v -398.252533 106.078445 104.951263
v -403.936005 110.668289 98.670639
v -401.786987 111.997047 107.657608
v -401.635803 112.528694 107.254807
v -400.417603 113.487259 112.750404
v -399.596588 120.396645 115.818726
v -400.608185 116.596794 111.089806
v -399.263733 116.998177 117.070885
v -397.839661 120.255089 122.168991
v -397.393951 125.210693 123.308296
v -396.097595 127.615906 128.881683
v -396.532593 122.774834 127.248825
v -397.374939 114.240517 113.011230
v -397.795837 110.796234 109.223740
v -401.699615 112.121231 99.203781
v -397.632690 113.082596 106.731308
v -398.329498 111.266891 99.822014
v -396.848419 116.594002 110.091637
v -393.610504 -24.149870 101.445396
v -391.991425 -21.440559 117.159294
v -392.599701 -19.209291 120.854141
v -393.227936 -2.834533 80.174988
v -396.575592 -7.324810 113.969200
v -396.575592 -2.988332 113.969200
v -396.575592 1.348145 113.969200
v -396.575592 5.684623 113.969200
v -392.761017 15.731941 85.759026
v -393.000092 20.655043 90.797600
v -385.374268 21.580582 89.637863
v -393.063385 26.319122 94.870110
v -393.594604 22.953993 92.887459
v -393.102020 30.811647 96.710335
v -388.081726 26.694635 120.311745
v -384.810486 31.053322 94.545265
v -392.670715 35.522503 97.464493
v -390.227448 30.983753 114.200165
v -387.279480 36.263199 107.397903
v -385.731903 42.301365 101.722908
v -378.898956 36.856880 104.562042
v -384.880798 58.756126 89.093849
v -384.640533 54.400192 90.334610
v -396.521301 61.444962 95.496346
v -389.608521 79.861916 92.884834
v -384.231903 84.040268 85.433762
v -384.416809 79.389366 86.500214
v -384.478912 89.033409 83.809006
v -383.218750 80.362320 86.542992
v -389.288666 93.854263 82.753868
v -386.345123 106.308815 102.049629
v -392.103516 106.933617 104.061066
v -387.384766 112.023781 107.642395
v -397.077393 113.068993 96.255081
v -395.272400 112.758118 96.369003
v -390.957397 114.223091 92.330414
v -389.629120 112.109909 96.007614
v -389.627686 114.828491 91.103889
v -385.423309 111.628593 95.715149
v -385.708313 114.468796 90.698677
v -385.153992 113.430695 92.411545
v -384.293091 113.610893 91.857750
v -383.472992 112.621391 92.377106
v -383.222290 112.977295 88.462265
v -380.342346 111.140129 100.172264
v -384.667694 112.665291 102.843605
v -380.533295 113.219193 102.285011
v -388.802094 112.111389 103.402206
v -392.936493 111.557495 103.960907
v -393.498291 113.636490 106.172707
v -386.054199 117.945694 114.903404
v -380.994354 117.071457 112.271996
v -389.834900 116.270973 107.802826
v -380.988586 116.631638 105.887604
v -378.973145 115.584267 104.306641
v -385.881622 120.156227 111.813026
v -389.896301 123.121010 126.161446
v -389.150421 121.778381 114.869141
v -377.450500 121.248314 111.002037
v -377.503540 118.029007 109.802376
v -376.361725 123.164429 114.072578
v -380.338989 122.891174 114.496628
v -385.015198 122.191696 114.472404
v -392.586639 125.876251 123.481880
v -391.487915 124.347366 120.255692
v -387.135010 -23.629471 97.370483
v -385.081512 -20.998142 90.024071
v -381.837219 -22.955873 93.433624
v -382.675690 -21.532137 90.502037
v -380.687988 -19.745808 88.781883
v -384.459351 -18.207907 86.081573
v -387.194366 -24.298607 101.436157
v -387.198090 -24.316813 105.676537
v -387.243195 -23.680716 109.753212
v -386.890778 -22.564552 113.232552
v -384.712708 -15.335788 83.186882
v -390.320770 -13.268592 125.749329
v -379.913147 -10.219070 79.872849
v -385.458008 -10.461258 80.295570
v -380.158203 -14.271361 82.459076
v -389.363678 -10.184165 127.272804
v -390.140839 -1.645378 130.221802
v -390.206085 3.620102 132.631104
v -388.198883 6.999470 134.581619
v -386.208160 4.927438 78.581245
v -388.037964 9.445154 137.023972
v -385.101288 13.016562 81.690361
v -385.837585 8.205441 79.397896
v -386.245514 11.396559 139.122681
v -386.295929 13.413583 142.782608
v -392.347290 23.883793 93.233742
v -386.176331 25.587143 92.765930
v -387.476288 21.012135 135.472824
v -387.686127 20.311083 139.681808
v -389.653961 22.535080 130.548035
v -384.804962 19.774881 144.444855
v -382.928131 23.678076 125.429596
v -383.644135 26.967291 118.631149
v -383.515839 21.889925 130.990585
v -392.367401 41.276630 97.201378
v -376.957764 31.050392 110.603378
v -377.981506 33.473591 108.020897
v -385.028564 45.603249 94.171021
v -394.642090 44.712921 101.673210
v -386.292053 47.365993 98.675117
v -388.721008 44.347263 100.588806
v -388.950409 51.881290 97.074883
v -382.397583 49.706348 91.759819
v -395.719299 53.385883 97.653275
v -396.086090 57.342602 96.284195
v -390.014496 58.879425 94.642525
v -384.267334 67.075554 87.234734
v -390.168488 65.901932 93.254898
v -382.980133 67.000771 87.432106
v -383.070953 59.390373 88.471764
v -391.000885 70.731789 92.080391
v -390.307587 70.170815 92.736008
v -393.954987 76.497360 91.542389
v -389.412354 75.119164 92.499718
v -389.417786 70.751999 92.452538
v -389.930573 97.890732 80.447777
v -391.864563 119.268394 118.805199
v -390.977386 121.237892 122.111809
v -395.662994 124.402596 130.511719
v -393.157715 124.437973 131.015396
v -393.861511 125.471085 135.185013
v -395.169373 128.808029 132.138565
v -393.443848 126.439957 138.796005
v -388.005127 125.485413 133.211411
v -393.872131 130.074463 137.208572
v -392.848602 130.665878 140.056122
v -393.260162 126.321686 139.465149
v -392.016602 130.860291 144.120209
v -391.037720 126.998146 147.754837
v -389.533691 126.541885 139.765213
v -389.353790 126.966682 144.214920
v -388.817413 128.838806 130.181320
v -389.182800 130.037033 135.140686
v -388.434540 131.171951 142.510666
v -386.037903 130.700882 140.546310
v -388.914429 131.364761 146.012909
v -385.906281 -20.605595 116.992409
v -385.382904 -17.666861 120.605743
v -385.942993 -15.101897 123.331894
v -384.513580 -15.543836 122.476662
v -385.013031 -10.798285 125.737991
v -385.914459 -6.680713 78.992813
v -385.557831 -7.110543 127.402573
v -383.767700 -2.080803 128.368347
v -385.943512 -2.740998 78.223343
v -385.988586 1.139167 78.089561
v -389.411407 1.477905 131.288300
v -381.388458 2.238834 129.498337
v -386.118713 4.135065 131.897202
v -384.625946 15.601399 83.400192
v -386.463287 15.241203 148.039978
v -380.915863 16.105669 152.904938
v -383.522186 20.232367 87.819885
v -379.831787 15.355593 83.360161
v -380.944153 12.084173 81.114105
v -380.444885 17.303202 85.380539
v -379.805756 16.676237 156.995331
v -382.038910 17.634693 161.624786
v -382.473419 25.726124 91.743614
v -381.282257 20.218441 153.555099
v -380.665497 20.905474 157.698273
v -380.917297 22.153479 162.632935
v -376.238190 20.529055 135.282150
v -381.586945 35.825436 94.550667
v -384.417786 40.884743 95.158882
v -381.450287 51.697044 95.127571
v -381.528839 57.054756 93.006218
v -382.396576 62.710930 91.669289
v -382.599884 77.389450 90.761002
v -382.355133 84.480347 91.649773
v -383.711945 87.831047 84.703468
v -385.312683 96.694038 80.194382
v -385.188263 98.057899 79.197754
v -385.314514 101.141731 78.728416
v -385.068176 104.753922 79.597649
v -382.211914 105.755478 100.397194
v -379.389557 110.399559 103.888336
v -378.461578 113.654884 107.218910
v -379.379547 120.242943 117.067429
v -391.736908 122.769493 119.277107
v -382.273712 122.769493 117.889305
v -382.473114 119.752190 117.144806
v -386.128998 126.719482 140.206314
v -386.064209 127.105988 140.448013
v -376.600891 127.105988 139.060211
v -385.069794 126.982185 144.213913
v -384.641113 127.053185 145.759216
v -376.666809 126.789482 138.814316
v -376.579895 130.850281 139.138718
v -379.721527 131.340775 148.409821
v -384.971313 126.898682 148.999908
v -389.629547 131.147644 153.021866
v -389.442780 126.615067 153.704865
v -381.776947 126.340462 153.365433
v -388.568329 126.091064 156.896378
v -380.622498 125.439308 158.235123
v -386.877319 124.704895 162.349899
v -387.773590 129.880569 160.134796
v -384.899292 131.088074 153.258255
v -385.196991 129.699524 161.465805
v -380.857208 -24.046827 97.288872
v -380.765198 -24.447269 101.419502
v -380.781097 -24.178419 105.668800
v -377.672089 -23.102108 109.533691
v -376.984344 -21.671434 112.636475
v -376.384674 -19.293823 116.396538
v -374.991699 -16.276234 119.290909
v -380.071747 -17.157509 85.183495
v -380.098663 -12.943073 123.232117
v -379.992798 -6.564055 78.450478
v -380.192993 -2.803476 77.703522
v -380.164948 1.187337 77.559021
v -380.095612 5.024377 78.067101
v -382.031311 4.650026 131.163300
v -379.882263 8.375592 79.031326
v -381.369202 7.881171 133.634293
v -381.710297 10.486427 136.669907
v -381.071198 12.233707 139.054794
v -381.124115 14.146567 143.166199
v -381.969696 15.588797 148.967407
v -382.012207 19.710577 149.186478
v -380.855408 18.694057 153.126007
v -374.772888 18.694057 152.644104
v -374.826355 16.220873 152.419189
v -386.844635 22.057535 165.304123
v -386.301453 18.193729 165.105667
v -376.143036 18.949390 164.533813
v -384.825806 21.864996 172.872208
v -379.340912 20.545258 169.729095
v -384.747162 20.630236 171.219208
v -385.059631 25.254236 171.924423
v -382.294495 22.272562 89.992706
v -376.998291 19.892159 139.656708
v -374.388580 19.727913 144.510345
v -383.714203 23.740704 167.811203
v -383.591919 28.162498 176.721573
v -383.509003 24.491735 177.802994
v -383.324493 27.367004 178.491196
v -381.354431 24.516779 178.396332
v -382.698914 30.061184 179.667099
v -381.540344 31.688906 94.042198
v -375.723785 27.604296 115.470802
v -381.611298 40.433064 94.474548
v -381.287201 45.075027 93.773308
v -380.953033 47.896301 96.940643
v -380.152832 43.223858 99.683617
v -382.183502 54.007694 90.406967
v -382.487915 57.815521 89.270958
v -382.632996 70.744102 90.661255
v -382.565643 78.735855 88.984955
v -382.576813 63.395748 88.956398
v -384.726410 96.750656 80.917091
v -381.048798 120.238091 117.617210
v -381.196503 122.769493 121.909309
v -381.739105 121.717331 120.771996
v -381.774872 125.063339 119.426506
v -380.545288 125.345528 119.122902
v -381.113892 126.322990 122.217606
v -385.036530 127.270027 169.273193
v -385.613556 127.627151 168.149551
v -385.875885 123.148888 167.129913
v -375.151642 121.564041 167.619553
v -384.450287 120.949379 171.409561
v -383.918701 122.769485 174.341919
v -383.778961 119.264565 174.770447
v -380.557922 118.387001 175.070450
v -379.682648 123.710808 163.650665
v -383.689819 124.750504 174.266983
v -380.216797 126.729881 150.860611
v -378.547485 130.745361 153.648743
v -381.375427 129.427322 161.376801
v -376.281189 -22.361887 93.548508
v -376.421692 -23.173977 97.332718
v -377.100311 -19.879068 88.045502
v -376.140106 -21.295456 90.469009
v -376.486389 -23.405849 101.400101
v -376.559204 -22.985039 105.436897
v -371.522522 -17.165195 82.887131
v -374.034851 -10.485599 123.006393
v -374.539612 -14.134710 120.866402
v -372.227142 -15.188276 118.125938
v -372.829010 -17.275429 116.295502
v -368.875305 -13.139451 118.811897
v -373.787201 -11.089161 122.129898
v -368.164734 -10.190471 120.391953
v -373.623566 -6.493610 124.392380
v -371.133392 -6.937895 76.171410
v -370.983490 -2.904609 75.237411
v -377.741913 -1.656061 126.874496
v -373.308105 -2.436119 125.465050
v -377.269287 2.742344 128.638107
v -372.259735 5.101136 75.968842
v -380.354431 5.856043 131.550491
v -371.820190 9.065207 77.192383
v -374.462250 8.644620 132.525970
v -380.778412 10.061898 135.839005
v -373.200073 10.880395 134.938263
v -373.491913 13.003354 138.536316
v -373.886871 15.007546 143.672760
v -372.125671 16.859364 82.756851
v -370.577545 13.358265 79.177956
v -375.901276 15.704881 148.453781
v -375.850006 18.694057 148.624100
v -375.753296 19.391752 86.901413
v -374.199707 20.339794 152.863571
v -375.124878 19.868301 148.902176
v -364.473938 20.751749 166.161865
v -376.179810 20.842213 89.618202
v -381.494904 27.367012 92.976997
v -381.494904 23.030533 92.976997
v -376.413788 22.213793 93.053711
v -372.520111 21.091612 130.980301
v -376.863129 22.903700 126.003853
v -373.538208 20.758566 157.252106
v -378.328705 21.798967 162.555695
v -381.949768 26.190336 182.162399
v -382.247406 27.367004 182.511200
v -374.782715 26.760458 182.176208
v -381.207886 27.367012 94.048012
v -380.933380 36.787899 95.072624
v -380.130798 27.367012 98.067993
v -372.065002 23.433613 97.603851
v -372.008209 22.807878 93.615181
v -379.053589 27.367010 102.087997
v -372.202301 23.433611 101.400101
v -377.976501 27.367010 106.107903
v -372.521118 22.993637 105.021057
v -377.976501 31.703491 106.107903
v -376.756897 27.551456 111.179039
v -376.489105 22.967621 105.698502
v -378.178894 35.173302 105.352699
v -379.074646 37.998665 102.015755
v -380.130798 40.376442 98.067993
v -380.338959 46.719238 97.239128
v -381.490265 49.027714 92.998955
v -374.342255 24.335186 121.668762
v -374.525330 25.369402 119.225044
v -373.258423 23.366108 123.954041
v -372.854706 22.218908 127.154297
v -377.490387 24.342354 167.616104
v -376.229797 26.129019 171.207596
v -381.700684 33.791180 184.549835
v -381.223389 28.019974 186.332901
v -380.335815 38.731010 189.645340
v -379.980042 30.285358 190.973114
v -378.729004 31.703484 195.642105
v -378.822998 44.083603 195.291199
v -379.327698 43.996414 192.530197
v -380.027771 39.225037 188.785980
v -378.729004 40.376434 195.642105
v -377.168915 44.712910 199.532700
v -378.246002 49.049397 195.512695
v -377.168915 49.049393 199.532700
v -377.674805 29.410563 199.576294
v -376.760864 39.974586 202.983505
v -376.638428 30.009848 203.433914
v -375.845001 44.708969 204.462540
v -376.431213 36.039963 204.217590
v -375.759064 40.024639 204.800873
v -375.441132 36.574585 207.900436
v -375.396393 32.079617 205.771576
v -373.928497 42.947666 211.479462
v -372.532043 37.074738 207.931808
v -378.732300 29.367092 195.629593
v -376.504303 28.962273 200.430695
v -379.527405 28.697292 191.331497
v -376.515198 28.902264 196.186600
v -380.395142 27.848097 187.273880
v -370.676422 28.216887 186.729660
v -375.160767 28.790762 191.887436
v -378.911774 32.266380 181.270493
v -372.970581 29.533077 176.040909
v -380.255219 34.897869 184.594757
v -375.914368 44.019081 191.247421
v -371.670532 41.832428 188.638489
v -381.494904 53.385883 92.977005
v -382.525818 84.664207 89.169556
v -381.494904 101.087090 92.977005
v -382.572113 101.087090 88.957031
v -381.603729 107.190155 95.195717
v -380.751221 105.754509 97.789581
v -382.774506 104.869873 88.217117
v -381.977905 109.760094 93.106407
v -383.054993 109.760094 89.086441
v -384.132202 109.760094 85.066467
v -379.989197 107.023994 100.528404
v -375.698639 120.573769 116.671951
v -381.265808 117.996864 184.196014
v -382.335663 115.291664 180.163605
v -381.688354 112.969612 182.641098
v -380.512360 115.354477 187.036758
v -380.400299 109.760086 187.472809
v -380.089874 110.033234 185.455429
v -382.039673 120.245300 181.374893
v -372.718994 109.993553 183.558075
v -369.172058 115.276176 176.661652
v -382.956329 123.377151 176.802597
v -379.371552 110.943649 191.045380
v -379.769104 106.043808 188.848465
v -376.298096 122.938995 122.258408
v -372.228973 119.505539 171.066208
v -389.295685 127.105995 128.388123
v -379.832397 127.105995 127.000305
v -389.381714 123.859192 128.067108
v -379.931915 124.271767 126.580788
v -378.717529 125.579147 131.152756
v -376.390839 125.853653 119.137070
v -377.766205 127.803787 124.434265
v -379.247437 128.909821 128.212311
v -378.622406 129.527283 131.515915
v -384.700104 127.105988 145.539017
v -380.307800 127.732681 150.521011
v -376.279297 127.386482 149.567322
v -375.235687 131.047791 144.155411
v -375.236786 127.105988 144.151215
v -374.247406 125.920776 153.845657
v -376.107513 126.724579 149.770218
v -377.072906 126.793282 168.148514
v -372.554535 131.161148 148.785599
v -372.619171 128.951004 160.467407
v -371.592682 129.833923 157.037170
v -374.801331 127.717850 165.006165
v -368.225525 -22.812017 92.838921
v -372.145386 -23.353998 97.303711
v -370.533142 -23.384218 101.321266
v -370.626465 -22.739841 105.289749
v -372.468262 -21.662766 109.080307
v -372.897064 -19.829559 112.843430
v -368.267456 -19.742458 85.436646
v -372.071381 -14.131064 80.188850
v -369.153198 -15.203366 81.081398
v -369.271393 -17.414888 82.572090
v -370.176849 -13.500363 79.336601
v -371.588593 -10.621197 77.838951
v -373.724701 -1.372900 125.878601
v -373.118286 3.747084 128.141495
v -372.508087 6.985863 130.360794
v -369.589600 17.274261 156.781555
v -364.283997 18.371906 159.798553
v -367.399078 21.482958 88.508675
v -368.717377 19.741829 85.523087
v -372.105103 21.518246 157.805298
v -371.801270 22.597847 161.800293
v -377.337006 23.030525 166.256897
v -371.254486 23.030525 165.774994
v -366.138062 24.211834 173.652969
v -370.515167 25.558187 177.735260
v -376.899292 23.030531 110.127899
v -372.350891 21.534481 109.462601
v -370.449707 24.722498 166.720184
v -369.989807 26.131004 170.494904
v -367.084991 27.980110 171.966965
v -369.523865 33.854244 180.702164
v -370.457794 28.903908 196.796722
v -372.325897 29.117033 200.036301
v -372.691803 30.275692 202.979401
v -369.903320 38.502499 185.419159
v -361.730164 41.697193 185.771561
v -374.730713 44.692352 208.632202
v -375.832855 46.575539 192.897552
v -378.060364 49.728184 195.103806
v -369.069611 47.155968 191.392624
v -373.845215 47.325180 206.883301
v -375.750702 47.795082 203.859497
v -377.889313 52.950470 196.843796
v -376.762299 54.140423 201.050095
v -376.266571 51.742065 195.609695
v -365.775757 52.696720 193.235733
v -377.375763 60.217056 198.730164
v -376.207581 57.028309 197.474670
v -376.363190 58.567657 202.537277
v -377.151154 65.359177 199.585007
v -375.931488 70.733383 204.150696
v -377.041595 70.844933 199.996994
v -375.950287 77.514244 204.078751
v -377.173737 83.327705 199.514038
v -376.769562 75.397255 199.986847
v -376.135193 84.758865 203.374527
v -376.918549 79.894730 199.482880
v -377.650970 88.933083 197.710098
v -377.110321 84.371567 198.764160
v -376.716827 92.836021 201.212952
v -378.185242 94.220284 195.685349
v -377.513672 100.245438 198.135452
v -378.062561 103.543900 196.272232
v -378.594757 98.358002 193.818466
v -372.490143 77.311852 203.457642
v -376.063019 62.581104 203.467133
v -371.749542 69.941483 203.335327
v -376.436401 54.368362 201.300400
v -372.371857 49.703968 203.218430
v -372.458008 47.088951 207.970398
v -370.787476 56.545250 195.842224
v -373.038696 58.663460 201.684998
v -371.195862 61.314438 197.277847
v -372.106110 57.603451 196.548096
v -367.578888 68.386154 197.443771
v -370.556061 75.206474 198.327271
v -370.687531 80.223137 197.834030
v -371.854797 84.020355 197.425797
v -372.129395 88.169098 196.445618
v -370.092438 91.163742 200.060547
v -369.837097 87.544579 201.034943
v -371.632111 93.608566 194.309418
v -371.248291 89.441216 195.741821
v -372.069305 97.135841 192.677521
v -370.820679 97.634781 197.679153
v -379.451447 103.314247 190.891632
v -372.841156 102.326057 189.801910
v -378.525543 107.695503 193.617340
v -371.160675 113.641769 186.480988
v -369.200409 108.188805 190.694778
v -357.977051 113.863327 182.702820
v -356.684845 107.671707 187.777847
v -367.700409 105.023247 192.665848
v -355.738190 101.878601 191.363266
v -369.147095 118.957321 179.850525
v -370.772705 121.606827 176.299774
v -358.862579 116.844330 179.540482
v -359.708801 119.565712 176.433838
v -373.170593 124.770996 126.955109
v -372.355896 125.816292 130.755020
v -373.970306 123.734192 122.991211
v -370.777863 123.172607 163.000122
v -369.590637 124.684235 157.778351
v -368.405365 123.627007 172.537872
v -360.800659 122.000221 173.027878
v -361.840332 124.364067 169.210190
v -369.934814 126.092621 167.739609
v -361.176727 119.905128 170.651993
v -374.394562 126.755859 121.401703
v -373.856476 128.159729 124.274323
v -377.597534 126.386269 135.338272
v -376.261749 131.126541 140.189041
v -376.234070 130.354752 133.396118
v -376.381042 126.859436 139.882187
v -375.178589 126.994286 144.368408
v -372.205109 131.347778 144.483521
v -372.103607 126.959183 144.561111
v -372.325714 126.981285 139.934311
v -371.083984 126.513512 135.090530
v -363.027527 127.094223 163.774979
v -364.251587 128.637863 159.187454
v -362.330475 120.925461 166.334595
v -372.885590 129.255280 128.005112
v -371.707550 130.172119 131.435760
v -372.195862 131.251114 139.112183
v -366.224060 130.408539 151.869003
v -365.087311 129.379486 157.108810
v -367.122772 131.032440 148.558899
v -366.956512 -21.861734 89.613495
v -367.918213 -23.405848 97.091469
v -366.415955 -16.966930 114.871544
v -369.857605 -11.583305 78.515160
v -370.360107 -7.233281 76.577003
v -370.934509 -6.015635 122.899834
v -368.057129 -6.910141 121.734940
v -369.126709 -2.751156 122.917664
v -372.900085 1.592001 126.890800
v -369.044312 0.987649 123.049004
v -371.015015 1.517329 75.116196
v -372.535309 4.262045 128.346603
v -371.518311 7.806281 130.209915
v -370.453705 5.684626 76.227867
v -369.881500 11.913392 78.364395
v -370.478790 11.846539 135.125793
v -369.755310 13.603107 138.721802
v -373.380890 14.357579 123.258797
v -372.303802 14.357578 127.278801
v -372.487793 9.537219 121.877403
v -372.303802 10.021098 127.278801
v -368.825989 12.066079 119.555000
v -372.016815 10.021098 128.349792
v -368.444427 9.126907 120.981964
v -373.110931 18.704420 124.350380
v -372.151794 21.419489 127.845901
v -368.339844 15.290552 143.784851
v -367.973907 15.991847 148.586807
v -369.386902 17.013092 82.141083
v -371.060089 20.364109 131.920105
v -372.016815 5.684621 128.349792
v -368.131989 5.425550 122.147285
v -367.974487 1.330127 122.733002
v -370.913818 18.780365 132.466599
v -369.862488 14.357577 136.389801
v -368.365417 18.979177 141.973389
v -368.625244 15.084698 141.002472
v -366.883850 19.561836 147.709274
v -366.421509 16.630238 149.231796
v -364.418701 18.809828 156.776413
v -365.774261 16.728214 153.519043
v -365.656616 20.890722 153.679993
v -364.558624 22.058119 158.069168
v -368.097809 19.691427 144.907593
v -369.295502 19.806829 140.437500
v -370.475708 20.150108 136.033203
v -374.458099 18.694061 119.238899
v -374.458099 23.030531 119.238899
v -368.592194 16.296961 116.119202
v -362.444580 20.553408 164.141998
v -367.904846 22.880116 92.935081
v -368.178986 21.168890 109.044098
v -375.535187 23.030531 115.218903
v -368.547485 19.687170 111.977303
v -368.379547 22.754961 104.839790
v -372.206787 18.671450 114.308899
v -361.099243 17.340374 113.068878
v -367.814697 20.129517 149.091400
v -367.866943 23.122002 162.060913
v -365.580994 23.401831 96.515709
v -364.813171 23.324909 100.270882
v -364.069611 22.484335 104.579796
v -366.274536 27.726181 182.990463
v -365.488403 28.966547 191.751373
v -363.205780 31.784410 176.424576
v -365.600830 29.512348 199.581909
v -368.622589 30.516422 202.177505
v -372.025757 32.036503 204.646820
v -373.041809 33.576210 205.981796
v -366.938538 34.296398 204.776901
v -372.287750 43.034584 211.425919
v -365.046692 43.024918 209.484863
v -364.075500 32.873310 203.159195
v -363.828857 41.120571 208.022934
v -356.127014 33.441154 201.369110
v -363.820099 43.468491 208.421005
v -359.691101 43.174110 207.842407
v -355.694000 43.174110 206.771393
v -353.185577 34.181324 201.023117
v -351.926300 43.025879 205.953171
v -352.967194 32.813160 199.524399
v -352.557129 36.043106 200.975525
v -355.757385 30.547911 198.981598
v -362.133942 31.312313 201.397995
v -369.670135 44.105240 208.910889
v -368.285492 46.591579 207.744293
v -362.937439 46.007530 189.090897
v -361.947845 51.296627 191.567932
v -368.502197 49.477802 202.626907
v -369.019104 58.961132 200.697693
v -366.188599 65.705811 196.703384
v -364.476013 66.810722 200.983337
v -368.532593 70.630272 202.513306
v -364.078339 62.447361 200.224197
v -359.498535 70.612610 200.086853
v -354.246490 62.462543 197.592148
v -354.078979 66.720741 198.183319
v -353.989624 70.655746 198.530380
v -354.234985 60.022900 196.644043
v -354.117401 75.610313 197.082901
v -354.447906 59.034531 196.815506
v -355.967590 58.736862 197.132996
v -359.993958 58.432880 198.121552
v -369.630890 75.034134 202.743698
v -369.725037 80.493652 202.411102
v -369.836212 75.068253 201.011703
v -370.913422 88.077698 196.991730
v -371.990509 96.750648 192.971710
v -372.277496 101.087082 191.900711
v -367.876190 104.845886 192.037216
v -368.017578 104.290657 187.202667
v -371.186615 100.490578 195.953812
v -359.964081 107.624367 182.221573
v -358.883789 110.474228 179.353256
v -363.606812 114.834785 175.679626
v -363.026642 118.242867 170.569641
v -360.082855 114.907890 174.925491
v -364.003082 120.551964 166.766998
v -372.710480 127.180321 127.696892
v -371.232208 126.654030 133.216248
v -372.674011 125.294991 127.828705
v -369.203583 126.973885 140.789108
v -368.148468 126.867371 144.726959
v -367.129364 126.355820 149.313843
v -366.001526 125.581535 153.696960
v -369.204315 131.122787 140.850372
v -365.240021 -23.058275 96.124954
v -368.299408 -15.997767 84.267807
v -366.590393 -16.007587 86.395660
v -364.253693 -23.120670 101.298302
v -363.848297 -22.261030 104.909599
v -364.032471 -20.842426 108.648911
v -364.406769 -19.352552 111.375900
v -368.299408 -11.661287 84.267807
v -362.797394 -8.750405 87.288391
v -364.154510 -14.419881 116.692497
v -360.479553 -14.713888 115.469803
v -359.874329 -11.311494 117.664177
v -369.376495 -7.324807 80.247841
v -368.299408 -7.324807 84.267807
v -363.236786 -6.438441 85.648598
v -368.299408 -2.988329 84.267807
v -363.605988 -2.953002 84.270699
v -368.372711 -2.068181 79.744072
v -370.453705 -2.988329 76.227867
v -359.187317 -2.780320 120.255043
v -368.950500 0.702378 77.587898
v -368.313995 1.348148 79.963142
v -362.599701 0.928075 83.717628
v -362.558044 -2.564004 83.883896
v -359.144165 1.205341 120.385208
v -369.376495 5.684626 80.247841
v -362.428711 4.171360 84.355751
v -368.299408 5.684626 84.267807
v -363.410889 5.301460 84.999046
v -368.298279 9.991615 84.258064
v -363.012085 7.857024 86.487244
v -366.528198 15.059432 86.628014
v -368.247711 18.437403 84.460777
v -366.460602 17.389273 86.880028
v -359.865112 10.932400 117.881805
v -368.071106 13.971680 118.063904
v -360.180939 14.997229 115.106621
v -361.261444 18.850258 111.160019
v -365.836487 22.529442 93.459549
v -362.288971 20.558519 108.644966
v -361.125824 26.537285 177.761230
v -364.059784 22.993999 100.544373
v -362.493286 21.301130 105.936203
v -363.378601 25.721664 166.955002
v -361.193237 28.024099 170.436676
v -363.322296 23.164448 160.874557
v -362.107147 28.792873 188.558090
v -363.651703 28.926003 196.123703
v -359.204102 39.972485 183.808197
v -360.809509 46.254143 188.704147
v -366.572998 46.902729 206.727493
v -356.717834 46.341633 205.138382
v -368.327515 53.846413 198.970306
v -364.115082 48.724430 202.615585
v -364.308014 54.144093 197.983002
v -360.509003 48.517559 202.207001
v -362.295197 47.699562 203.478607
v -361.154388 57.018444 193.431961
v -355.195587 61.717403 193.067856
v -359.590302 49.966492 199.362701
v -367.779999 69.837677 201.013596
v -363.571411 70.325783 200.731995
v -361.385742 70.723740 195.832275
v -361.916107 100.018684 193.762817
v -362.527191 101.087082 191.584015
v -363.506805 101.325089 187.928223
v -358.786346 102.798012 185.693085
v -357.634644 105.414223 183.956192
v -363.793732 123.191650 161.098572
v -365.981415 -18.092278 88.668610
v -365.872711 -15.997767 89.074097
v -365.858093 -20.334238 93.378777
v -365.858093 -15.997768 93.378777
v -364.781006 -15.997768 97.398750
v -363.731232 -20.119869 101.350533
v -363.703796 -15.997768 101.418701
v -361.802307 -16.007589 104.265297
v -361.282562 -16.005058 106.229988
v -359.350098 -12.914899 97.091469
v -359.165985 -12.652079 93.469788
v -362.155060 -20.708330 108.158386
v -361.326141 -18.294214 106.125710
v -361.459412 -19.240839 109.794899
v -361.206909 -17.660639 112.668999
v -363.397095 -10.400758 89.358902
v -359.212189 -10.928018 88.988869
v -358.851501 -11.671027 90.335030
v -361.393341 -5.891859 84.692795
v -356.202545 -9.495097 86.202354
v -359.437164 -6.969353 119.397987
v -350.372101 1.160149 80.474724
v -348.730835 5.059850 80.970139
v -359.003571 6.053720 119.598579
v -369.089600 10.021103 81.318863
v -358.061096 7.145622 84.667862
v -359.085785 8.686853 118.710556
v -358.511597 9.898695 87.294868
v -358.886505 8.408386 85.895760
v -365.872711 14.357582 89.074097
v -359.030945 11.463640 89.817726
v -365.913513 18.055372 88.922050
v -365.858093 18.694063 93.378777
v -363.525513 12.382252 93.188438
v -359.253815 12.607741 93.142143
v -364.781006 18.694063 97.398750
v -364.781006 14.357581 97.398750
v -359.350098 12.942672 97.091469
v -363.414093 18.695324 102.489883
v -363.703796 14.357581 101.418701
v -359.583313 12.333652 100.529701
v -361.277191 18.120041 106.224998
v -361.112183 22.749027 169.180069
v -360.328888 25.024925 173.901596
v -361.260559 26.155579 168.397278
v -358.296082 28.190189 182.930099
v -356.660553 28.837225 187.411575
v -359.793304 31.271164 175.118607
v -359.326263 34.282848 178.360443
v -355.850250 29.070900 195.603073
v -359.722992 30.070713 199.106201
v -358.607819 37.727856 181.627335
v -359.133728 31.946657 176.429245
v -357.091614 40.206745 184.051498
v -360.372894 75.068253 199.623901
v -361.383148 75.566139 195.852661
v -359.474396 75.061401 200.024506
v -359.092133 98.077995 188.781952
v -362.986908 97.893288 189.868317
v -362.554230 94.380562 191.494980
v -361.063690 93.091553 197.008850
v -356.255188 99.346443 192.959747
v -365.750183 127.107430 153.669022
v -361.247894 -11.650454 110.525497
v -360.337708 -15.456010 113.981201
v -355.989685 -11.085539 102.261299
v -359.640900 -10.114590 104.623199
v -355.477295 -9.647000 104.173798
v -355.507111 -12.169828 99.753830
v -359.784058 -11.453556 116.133087
v -361.262512 -7.324810 110.529701
v -355.795410 -5.697737 107.295097
v -356.147308 -7.899799 105.982002
v -360.149292 -8.208487 114.671257
v -358.827087 -3.030706 119.657150
v -358.835907 -2.070807 115.335999
v -358.336914 0.516445 117.197998
v -360.185394 -2.988332 114.549698
v -359.519104 -2.776144 109.386497
v -355.509979 -2.689392 108.334694
v -354.894409 -12.877579 93.423492
v -355.222687 -12.914899 96.506866
v -352.574585 -11.254011 87.724579
v -351.395874 -12.313430 89.854263
v -351.474243 -8.137197 83.658882
v -350.780396 -5.770545 81.880455
v -350.290070 -2.585672 80.601952
v -346.212799 7.661272 81.810486
v -352.345306 10.317263 86.114830
v -361.262512 10.021100 110.529701
v -360.185394 10.021099 114.549698
v -359.722107 5.217614 108.628899
v -360.185394 5.684623 114.549698
v -356.111481 7.689924 106.230934
v -359.898407 5.684623 115.620697
v -355.697601 4.891746 107.660202
v -361.262512 14.357580 110.529701
v -359.463287 9.627268 105.286201
v -352.880646 12.906566 92.964172
v -353.649780 12.812048 96.737556
v -353.820312 11.751721 100.343163
v -361.277191 14.357580 106.224998
v -355.738098 10.507462 103.033936
v -359.565369 27.368097 174.822693
v -359.326996 26.506895 175.708923
v -357.202545 28.792301 183.638962
v -355.484100 28.884672 191.982407
v -356.345856 47.983444 188.685699
v -355.862793 52.784672 190.655869
v -355.017700 44.236271 204.685593
v -355.360229 58.413147 192.447220
v -356.293213 49.369553 199.549606
v -355.261597 48.732990 200.414597
v -355.167786 70.681465 194.124695
v -355.244690 66.085724 193.836807
v -355.141815 75.015541 194.223099
v -353.999298 77.158447 198.496109
v -360.431122 83.597595 199.389389
v -361.493988 79.775879 195.439499
v -360.661072 87.562843 198.537659
v -361.662537 83.465683 194.808044
v -362.059845 89.374268 193.325912
v -358.821869 92.650932 191.198257
v -359.544586 79.302101 199.784302
v -355.039886 79.612297 193.649124
v -355.254456 84.692215 192.867249
v -354.199310 83.363869 197.741837
v -355.436493 88.124924 192.160019
v -354.162262 87.164574 196.926712
v -354.824860 91.315201 195.876694
v -356.145905 92.175575 190.599976
v -356.337311 97.119904 188.798218
v -355.516205 95.108459 194.660156
v -356.843170 100.131332 186.923843
v -349.640259 -12.919765 92.814178
v -350.963409 -12.699589 96.414307
v -350.701782 -11.479808 100.260628
v -355.090088 -11.452418 101.310204
v -351.179962 -9.308811 103.344765
v -352.086700 -7.627325 105.148003
v -351.728027 -5.259070 106.467773
v -358.835907 1.348145 115.335999
v -355.472992 1.182889 108.498497
v -343.418365 1.018457 105.300041
v -346.078430 4.778746 105.167961
v -346.298615 7.495119 103.702232
v -348.718567 12.352180 89.169037
v -355.998413 44.937107 188.127533
v -355.788788 40.376434 188.913498
v -355.769073 29.298651 188.988770
v -354.711609 40.376434 192.933502
v -353.859192 29.902884 196.115005
v -353.634491 36.039963 196.953506
v -353.744690 39.638622 196.542007
v -353.774994 30.651682 198.361099
v -353.040314 40.376431 201.102905
v -353.461639 46.151451 200.029373
v -353.040314 44.712910 201.102905
v -355.350220 44.737186 192.484634
v -355.481598 49.049397 191.991898
v -354.601898 51.537998 195.283340
v -354.458710 46.831062 202.790604
v -352.146790 43.633801 204.527100
v -354.749207 55.037106 195.690994
v -354.825562 74.111053 194.440277
v -354.919769 95.315735 194.087387
v -355.492065 96.713463 191.909561
v -344.022949 -12.596486 89.151054
v -344.397675 -11.321176 85.514732
v -344.185577 -12.399604 96.113358
v -346.257080 -11.042208 99.872925
v -350.918701 -7.019718 105.198196
v -342.326050 -5.918275 103.575737
v -345.925598 10.890694 85.113731
v -346.497894 12.942672 92.782867
v -346.603912 12.429762 96.695663
v -346.975006 11.272211 99.619408
v -340.032776 -12.905638 92.446007
v -341.389618 -8.027852 101.912048
v -341.067657 -8.903971 81.438873
v -340.211151 -5.378361 78.837296
v -333.762726 1.165100 76.027298
v -332.766174 -8.475086 78.980431
v -332.579163 -6.354064 77.371788
v -333.752441 -2.668918 76.192673
v -342.185638 -2.620715 104.766396
v -344.955170 4.410360 79.755096
v -341.082916 7.956160 80.626762
v -339.369507 10.288384 82.718651
v -344.571320 9.716665 101.151001
v -342.120605 12.663352 88.822128
v -342.213806 12.942672 92.782867
v -339.123444 11.771216 85.212563
v -342.458801 12.232061 96.177368
v -340.507050 10.701425 98.702782
v -337.783386 -12.914898 89.020416
v -337.873871 -11.913362 84.964447
v -337.268524 -11.656510 96.329117
v -338.717072 -10.315067 98.947342
v -330.371185 0.928209 101.800430
v -334.933838 4.933564 102.115318
v -333.376068 9.742111 98.144447
v -335.838043 12.928949 88.614418
v -336.872070 12.763108 92.470238
v -334.219940 11.490623 95.714508
v -332.170654 -12.914217 88.482094
v -331.435059 -12.512345 92.078972
v -331.727020 -12.430694 84.998207
v -334.481689 -8.880995 99.353714
v -331.831238 -10.964403 81.523552
v -334.374969 -5.772662 101.606903
v -331.207306 5.142239 76.288177
v -333.245941 8.314921 78.776192
v -332.356079 7.651938 99.830498
v -332.376434 11.174246 82.058182
v -331.941101 12.411203 84.843750
v -327.411316 -11.266844 80.902306
v -327.290161 -11.057979 94.790459
v -328.089996 -8.462954 97.939835
v -330.657990 -5.242975 76.189819
v -329.257690 -6.161988 99.911659
v -328.612976 -2.636647 101.129585
v -330.780548 8.867141 78.632065
v -326.614990 12.950206 88.467766
v -329.475006 12.377623 92.359917
v -324.319275 -12.721072 84.369003
v -323.292419 -12.888287 88.122192
v -325.542358 -12.210843 91.925766
v -325.417297 -9.854560 95.823532
v -323.924927 -7.476448 75.744125
v -323.028809 -9.580944 77.403206
v -315.348572 -2.667361 71.267906
v -315.418732 1.178705 71.116852
v -316.832642 -6.120551 73.028496
v -315.604889 -8.634714 74.506142
v -328.312897 4.983432 75.457596
v -316.294128 5.204218 72.346336
v -326.129913 4.760303 99.841438
v -315.827301 7.734955 73.698174
v -323.020416 8.972920 76.812790
v -324.306976 10.194776 78.553513
v -321.741028 11.905633 80.864273
v -324.987396 12.718952 84.502121
v -324.398773 12.029173 91.823288
v -322.941650 10.507233 94.267906
v -319.449585 -12.927194 84.348167
v -321.050842 -11.419592 79.646111
v -318.015198 -12.334985 80.909821
v -318.563690 -11.463490 91.688896
v -321.346313 -9.646999 95.028458
v -321.952911 -7.627887 97.073151
v -321.590851 -5.384295 98.318840
v -317.638092 1.113474 98.375626
v -315.253815 4.751396 96.899910
v -321.860748 7.803948 96.945175
v -319.031616 12.950677 84.300308
v -320.880890 12.769543 88.148232
v -314.125916 -12.458007 87.733185
v -315.059662 -8.876775 94.061592
v -320.599976 -7.162228 96.978287
v -316.001282 7.329193 95.680550
v -316.451904 9.715038 75.763290
v -315.918213 11.213253 77.755142
v -316.661407 9.729624 93.711403
v -316.331696 12.377624 80.520332
v -313.481537 12.433273 87.857246
v -316.860992 11.306473 91.470718
v -315.897095 -11.244447 77.833527
v -312.038086 -12.593397 80.556053
v -312.225403 -12.914898 84.165680
v -312.061707 -10.790796 76.159393
v -309.258545 -15.922793 74.550766
v -310.327515 -11.661285 70.731377
v -310.327515 -15.997766 70.731377
v -310.179138 -11.008089 90.300682
v -311.987213 -6.793608 72.128609
v -315.134308 -5.273690 72.063377
v -312.101593 -6.045018 95.382263
v -312.622498 -2.719244 96.816437
v -310.316895 10.438994 70.771133
v -315.236511 4.086552 71.682083
v -312.174194 5.570417 71.430969
v -310.654205 14.357584 69.512352
v -312.125885 12.549064 80.228401
v -312.225403 12.942673 84.165680
v -309.250397 14.357583 74.751350
v -311.804993 11.090894 90.460922
v -307.766388 -12.818887 80.509758
v -308.023193 -12.914898 83.859818
v -309.974213 -18.063566 70.868233
v -308.764282 -17.476023 73.416000
v -308.369995 -12.277047 86.874161
v -308.981293 -8.043294 93.210190
v -308.305511 -9.724545 91.423698
v -310.719788 -12.257895 67.683456
v -310.818512 -15.608275 67.690010
v -311.173401 -4.118689 65.642570
v -312.082306 -3.653851 63.332840
v -312.313904 -2.488957 61.142715
v -312.196289 -2.991318 61.825008
v -311.740112 -4.029075 63.527699
v -311.568115 -1.715821 60.755619
v -307.547363 -6.353656 60.222950
v -312.561371 1.248906 60.883942
v -311.649811 0.824252 60.470749
v -308.591492 -11.825815 57.891651
v -306.288086 -7.324806 66.488319
v -307.344208 -11.150814 62.361759
v -307.365204 -7.324805 62.468349
v -307.687012 -2.710797 59.263233
v -308.969360 -12.546767 55.892265
v -307.304443 1.096203 59.045879
v -304.262268 1.112964 94.793633
v -312.239319 3.109267 62.317715
v -311.342499 2.947845 61.529968
v -307.550262 5.402195 59.757584
v -308.505310 4.976556 94.986511
v -311.053497 4.005911 66.090111
v -311.839508 3.940375 63.156818
v -307.545685 9.817381 61.794609
v -306.288086 5.684627 66.488319
v -307.365204 5.684628 62.468349
v -307.365204 10.021104 62.468349
v -308.485565 11.480594 58.055012
v -310.489807 11.390484 68.193733
v -307.700989 10.968474 67.847702
v -308.884308 7.655092 93.571968
v -310.304901 17.806293 70.815826
v -310.797272 14.125037 67.376595
v -307.854187 12.774553 80.182114
v -308.018890 14.327833 75.256653
v -308.350311 17.144634 74.054024
v -309.574799 17.166883 73.540741
v -308.019287 12.939432 83.874519
v -308.209595 12.028882 87.472801
v -308.171692 9.219402 91.922829
v -304.449005 10.147002 89.827950
v -307.701294 -20.531965 61.214142
v -308.380737 -21.249947 58.487263
v -308.023865 -22.874710 59.863853
v -307.804596 -15.919096 60.828671
v -307.215698 -23.926077 62.521149
v -304.855103 -23.206526 59.472557
v -303.997498 -24.162226 62.672897
v -305.299622 -21.308765 57.712261
v -305.838898 -14.864625 54.947041
v -308.897552 -15.681571 55.671295
v -307.899994 -11.774916 67.088242
v -306.274811 -20.367580 66.372795
v -310.313812 -17.471985 68.850937
v -306.465790 -23.305246 65.824928
v -303.913391 -23.234236 65.975121
v -307.564819 -12.070978 55.395683
v -305.838013 -13.056035 54.950089
v -307.987701 -18.282446 71.066513
v -300.450592 -20.361900 74.699356
v -305.655792 -22.198647 67.688843
v -303.847412 -19.056246 70.529968
v -303.863892 -15.560017 74.376221
v -303.652405 -12.914897 79.875053
v -302.422913 -6.083191 58.612228
v -303.835388 -12.758267 83.500572
v -304.133392 -11.865047 86.696968
v -303.955475 -11.241641 87.980072
v -304.260803 -9.561422 90.530197
v -298.883514 -9.285765 96.054558
v -302.609558 -2.657318 57.937672
v -304.545807 -5.342566 93.775108
v -304.318207 -2.688968 94.624733
v -304.480804 4.650688 94.017769
v -303.204407 9.230405 60.004002
v -298.925598 9.297506 95.897408
v -308.870789 14.084246 57.414761
v -308.230988 12.269888 55.432770
v -304.046204 8.668040 91.331352
v -309.181641 14.990988 55.825172
v -307.954895 15.172123 55.320999
v -307.596283 18.708130 61.295097
v -305.615814 14.180096 54.939751
v -305.542603 11.608046 56.906540
v -305.343384 20.793062 57.744732
v -310.431396 17.125574 68.411980
v -303.652405 12.942674 79.875053
v -303.747589 12.713943 83.828217
v -304.041595 17.042625 73.656219
v -303.789215 14.315224 74.654968
v -303.972992 11.616882 87.295624
v -308.264832 21.561115 58.915146
v -307.654785 17.381735 67.969521
v -307.285828 24.018675 62.605961
v -308.191345 18.488058 72.345688
v -306.144623 23.669523 66.561897
v -305.644104 21.729965 68.891724
v -300.363800 21.325274 75.075027
v -304.347809 23.405399 60.229973
v -305.009064 22.998617 67.442169
v -304.774597 -20.334236 58.613529
v -304.774597 -15.997765 58.613529
v -303.990906 -21.157946 62.697559
v -303.663300 -14.903946 63.920151
v -298.757507 -17.118725 64.920380
v -299.210114 -15.394035 63.231281
v -302.765106 -22.521996 66.113121
v -299.139862 -19.115856 67.807587
v -304.555115 -21.649496 67.889023
v -299.092590 -21.133266 72.286827
v -299.286591 -22.063416 75.871368
v -304.981598 -12.092094 57.841259
v -298.982758 -10.955755 59.708012
v -298.538147 -13.785900 61.529030
v -299.389038 -20.358395 78.709236
v -298.410919 -6.359060 57.608463
v -298.095001 -9.449485 58.756645
v -298.024811 -15.997767 83.804390
v -299.101898 -15.997766 79.784409
v -296.947601 -15.997767 87.824364
v -299.563507 -10.649057 87.763908
v -298.933685 -9.077104 94.321617
v -298.332397 -9.701708 96.565750
v -298.623413 -7.549639 97.024971
v -298.661713 -3.170164 96.882294
v -298.332397 2.759335 96.565750
v -302.528107 4.548886 58.219421
v -290.351837 5.216263 55.135025
v -298.562012 5.048501 97.254341
v -298.264191 8.084630 58.144169
v -298.668701 9.303186 96.829521
v -304.774597 14.357585 58.613529
v -298.713501 12.635234 60.776001
v -299.158691 9.646534 59.114651
v -295.870514 14.357582 91.844330
v -299.045898 8.741488 93.902863
v -304.774597 18.694065 58.613529
v -304.487701 18.694065 59.684540
v -299.388885 18.694063 78.713402
v -299.101654 14.326422 79.786888
v -299.105164 18.693729 79.784866
v -296.947601 14.357582 87.824364
v -303.458344 23.051323 63.690445
v -304.070190 19.245075 62.401588
v -298.865112 16.812954 64.518898
v -303.980713 24.192764 62.735855
v -304.208313 21.376045 69.183403
v -299.341095 22.064215 75.668159
v -298.797302 22.316202 79.671501
v -298.899200 21.390055 73.008812
v -299.213501 21.017885 71.835548
v -303.998993 23.850254 65.655617
v -303.041992 23.545694 66.238808
v -294.973297 -19.447365 67.363350
v -293.551331 -16.363621 62.683624
v -290.593842 -18.157640 64.214775
v -294.803864 -21.455578 72.235435
v -294.522095 -20.326725 69.047523
v -292.942139 -22.273699 75.870750
v -298.487762 -22.424036 80.051567
v -297.518463 -22.062666 83.800842
v -296.947601 -20.334238 87.824364
v -295.803345 -18.637079 92.032845
v -295.870514 -15.997767 91.844330
v -294.965881 -15.314374 95.198532
v -294.506409 -11.661288 96.935333
v -294.257050 -15.053670 95.983047
v -294.584412 -16.685793 94.320045
v -296.364532 -20.832825 88.022011
v -297.740082 -6.928451 99.216255
v -293.674408 -10.514729 98.897507
v -297.842194 -8.911774 98.394928
v -297.771606 3.798164 98.658653
v -298.010101 5.848332 99.314034
v -287.633179 9.133360 55.774239
v -297.722290 8.478322 98.842667
v -305.420105 14.038385 55.625210
v -293.856140 11.213199 58.499508
v -294.776367 14.371911 95.912590
v -293.142853 9.290785 99.620361
v -294.506409 10.021101 96.935333
v -294.572205 14.017672 96.463402
v -294.169098 15.287845 61.747650
v -294.626404 13.149624 60.040741
v -295.805573 18.834183 91.969086
v -294.781311 17.086685 63.771271
v -294.244690 18.620474 65.773956
v -297.728363 21.563433 84.665352
v -302.464203 22.461834 67.236298
v -294.695587 20.016264 68.399727
v -292.917633 22.274389 75.645401
v -293.572144 22.405428 79.912567
v -294.954102 21.328465 71.743637
v -295.150909 21.921082 83.934921
v -290.844604 -20.554028 68.320938
v -290.830505 -22.346828 79.762100
v -290.968414 -21.739048 83.555908
v -291.221313 -20.665907 86.920700
v -291.224030 -18.757597 90.837097
v -290.028473 -19.916262 88.417747
v -287.055206 -17.987827 90.789040
v -287.525085 -15.923908 93.343849
v -291.646057 -12.512809 97.430542
v -287.741089 -10.483713 56.452133
v -282.574036 -13.309260 56.870445
v -289.290558 -6.251980 55.055847
v -290.406158 -2.720582 54.645504
v -293.726593 -7.324809 99.845398
v -293.726593 -2.988331 99.845398
v -291.389404 -7.324809 99.219147
v -288.932281 -9.850744 98.242622
v -279.237732 -7.324819 95.963127
v -289.426239 1.168139 54.252602
v -293.726593 1.348146 99.845398
v -293.726593 5.684624 99.845398
v -282.318115 5.684624 96.788498
v -279.237701 5.684624 95.963120
v -282.180054 9.296842 96.740639
v -293.618347 12.264025 98.060455
v -286.719696 14.018110 58.559608
v -286.284973 16.151457 60.472218
v -294.563110 16.323763 94.791786
v -290.505066 15.646578 94.518921
v -286.192291 18.969845 63.951572
v -288.420929 18.279690 90.811157
v -287.126526 20.765501 67.890091
v -286.593262 21.859930 71.256073
v -288.109650 21.598482 83.653084
v -295.316193 20.845472 87.626633
v -288.841156 20.268486 87.405792
v -286.385712 -21.980436 71.744522
v -286.483307 -22.465696 75.689171
v -287.167389 -20.899265 68.300850
v -286.972900 -19.922115 67.230560
v -286.573608 -22.304358 79.660454
v -286.697113 -21.510868 83.508453
v -286.977112 -20.282448 86.771950
v -283.586609 -15.392644 58.934502
v -286.217712 -18.720625 63.754639
v -281.679688 -17.291220 60.511429
v -287.119110 -14.130769 94.859154
v -280.751678 -10.343904 54.441578
v -287.392303 -7.324809 98.148132
v -280.206238 12.566506 94.334641
v -279.720703 9.287502 96.092529
v -273.240814 10.013881 95.494461
v -277.952789 10.013882 92.782867
v -273.240814 -7.324847 95.494446
v -283.395203 -7.324809 97.077118
v -282.563507 -10.955938 95.872643
v -279.897797 -10.483699 95.431664
v -283.762695 -9.585340 97.100288
v -285.705505 12.357525 57.048889
v -286.502808 22.483774 75.616203
v -286.560486 22.321182 79.709541
v -285.449402 -21.696096 72.814148
v -284.694702 -22.141266 76.239799
v -282.236908 -18.986116 66.931297
v -284.089203 -22.139137 79.789047
v -279.378510 -24.647047 84.361908
v -279.181091 -24.666677 87.902206
v -282.434509 -19.093647 87.736778
v -282.896301 -17.437948 90.321793
v -280.668701 -18.994392 62.842796
v -276.940002 -20.368698 94.525650
v -283.008698 -13.588749 94.211082
v -270.144501 -2.762465 49.203205
v -274.389954 -6.667561 51.247574
v -284.471222 5.097462 53.474724
v -282.373871 8.567579 54.005600
v -281.247559 12.401357 55.838036
v -285.257599 14.654675 58.720490
v -276.710785 15.479281 57.137569
v -280.614380 14.666484 92.727463
v -280.059357 19.008762 62.466629
v -278.255829 17.241852 59.505665
v -281.852631 18.596642 88.585274
v -282.236908 19.013884 66.931297
v -285.535400 21.629185 72.459839
v -284.526001 21.979673 76.226959
v -283.596893 21.731323 80.020599
v -283.067993 21.134373 83.599998
v -282.742798 19.854502 86.586220
v -282.236908 -18.986116 71.239899
v -277.952789 -18.986116 71.239899
v -277.952789 -18.986116 66.931297
v -282.668304 -18.986116 73.938271
v -277.197815 -20.340986 75.901947
v -277.818146 -25.482826 77.062714
v -277.207306 -24.670715 75.930138
v -278.902191 -25.464157 80.558907
v -279.426636 -25.486227 86.679504
v -278.299011 -24.648958 91.407349
v -273.668793 -18.986116 66.931297
v -277.475800 -17.796227 60.094490
v -269.419556 -15.646526 55.409534
v -282.343414 -15.558558 92.385368
v -280.353607 -14.666048 92.063164
v -277.816101 -20.335127 92.716629
v -276.144440 -19.985100 95.844788
v -269.104614 9.161124 50.812271
v -275.243561 12.448028 54.237583
v -274.727020 18.999687 61.029522
v -282.657898 18.551754 73.977318
v -283.465088 18.694063 80.186188
v -282.560394 14.248214 74.341003
v -283.465088 14.357583 80.186188
v -278.658600 18.455484 72.914436
v -278.185791 12.257733 78.951622
v -277.993713 12.955693 75.416489
v -282.388000 14.357582 84.206169
v -282.388000 18.694063 84.206169
v -278.671295 19.013884 72.867249
v -273.888824 15.012300 84.191177
v -273.890991 18.694042 84.197708
v -282.425201 20.396843 84.067398
v -277.790161 19.007315 71.393288
v -269.599915 19.013884 70.436600
v -269.384705 19.013884 66.931297
v -269.411743 19.013342 59.518692
v -265.100586 19.013884 66.931297
v -266.657898 19.013521 59.843235
v -265.557861 19.026251 63.912971
v -260.722290 19.513884 70.530586
v -265.571411 18.694065 63.896770
v -264.975800 19.513884 71.592278
v -257.053497 19.503695 70.683533
v -269.384705 19.513884 75.548492
v -265.100586 19.513884 75.548492
v -271.506409 19.513882 77.034607
v -273.609497 19.513882 87.669296
v -281.199188 17.728283 88.642670
v -272.388794 -25.452305 91.275276
v -277.839722 -25.486113 92.733765
v -275.571899 -25.485977 96.792122
v -271.394897 -25.486130 101.029831
v -268.067230 -25.486065 102.983955
v -265.103607 -25.482151 92.786789
v -264.725159 -25.486118 104.218155
v -260.816589 -25.486118 97.091469
v -260.793854 -25.486120 104.878082
v -256.532501 -25.486118 97.091469
v -256.643707 -25.486120 104.719116
v -252.845154 -25.486118 103.848579
v -252.248398 -25.486118 97.091469
v -249.905914 -25.486120 102.526451
v -247.964401 -25.486118 92.782867
v -247.990601 -25.486120 101.357101
v -246.334915 -25.486116 69.884476
v -242.859482 -25.486116 96.231438
v -245.520554 -19.985859 99.304619
v -248.007492 -19.990257 101.342651
v -243.379364 -25.486124 72.943039
v -241.386337 -25.486116 76.365654
v -240.783951 -25.486109 92.249176
v -240.061325 -25.486032 80.075600
v -239.763153 -25.485863 88.437172
v -239.433456 -25.483393 84.137260
v -247.964401 -25.486118 79.857094
v -249.449066 -25.486122 67.588150
v -247.964401 -25.486118 84.165680
v -247.964401 -25.486118 88.474281
v -252.248398 -25.486116 75.548492
v -253.277634 -25.486115 65.970009
v -256.532501 -25.486116 66.931297
v -256.945251 -25.486067 65.145851
v -256.515900 -25.486652 75.552010
v -260.541046 -25.494492 64.997322
v -262.491302 -28.586115 68.441032
v -264.547699 -25.517292 65.677025
v -262.323212 -28.586115 70.362061
v -253.362000 -25.986118 80.549553
v -260.816589 -25.486116 75.548492
v -256.969208 -29.011097 80.613419
v -254.444305 -29.015558 84.460983
v -254.900894 -29.012438 87.109238
v -252.248398 -25.486118 92.782867
v -256.840607 -25.986118 91.964180
v -257.727997 -31.786077 89.638359
v -256.336029 -31.983774 88.655205
v -254.967697 -31.786127 87.249710
v -260.242615 -29.004507 89.885918
v -268.858795 -25.486118 88.333359
v -263.697510 -29.016117 87.517609
v -263.567108 -31.932774 87.568741
v -262.164612 -31.786118 89.121872
v -269.384705 -25.486118 79.857094
v -269.384705 -25.486118 84.165680
v -269.384705 -25.486116 75.548492
v -269.384705 -25.486116 71.239899
v -269.056366 -25.485401 67.456001
v -273.567200 -25.486116 70.862190
v -264.351990 -29.003798 84.286819
v -263.151306 -29.017437 81.665771
v -265.100586 -25.486116 75.548492
v -264.533508 -28.771696 70.564049
v -260.712799 -29.007198 80.129883
v -263.718353 -29.088985 68.517738
v -271.727997 -24.666296 69.249870
v -275.220093 -24.670715 72.706322
v -273.290802 -18.323425 59.724670
v -273.668793 -18.986116 62.622711
v -268.038971 -16.996071 56.525547
v -269.054688 -20.336706 67.481400
v -269.384705 -18.986116 62.622711
v -277.952789 -9.986116 92.782867
v -273.668793 -9.986116 92.782867
v -270.857391 -16.033447 94.596786
v -272.556610 -15.989138 92.151543
v -273.240814 -9.986116 95.494453
v -269.384216 -10.674210 51.619755
v -269.583160 1.263090 48.953190
v -269.454163 4.978994 49.467762
v -269.395416 14.053425 53.965515
v -273.032410 15.013884 80.045570
v -273.377899 18.693993 81.212242
v -273.032288 18.694052 80.045609
v -271.506409 18.694012 77.034599
v -273.713196 12.831973 75.404839
v -281.023895 14.357582 89.297157
v -278.097900 9.508163 83.614777
v -277.952789 10.013883 88.474281
v -273.668793 10.013883 88.474281
v -273.967194 8.965774 83.032242
v -273.467285 15.013883 88.436928
v -273.467285 18.694063 88.436943
v -273.467285 19.513882 88.436943
v -283.295288 21.432812 80.820091
v -273.668793 19.513882 84.165680
v -272.460815 -19.986107 100.095963
v -269.386108 -19.988728 101.401932
v -270.662537 -19.986322 101.491364
v -266.937744 -18.944098 59.072433
v -269.002594 -13.192231 53.126949
v -269.243713 -9.986116 96.565460
v -268.913605 -16.005148 96.511574
v -269.902008 -6.033158 49.790852
v -264.169647 10.013882 97.925064
v -268.630463 12.389858 52.531422
v -269.384705 10.013883 88.474281
v -269.165894 10.013883 84.982178
v -269.384705 15.013883 84.165680
v -265.302307 10.013883 84.219719
v -264.819305 14.357582 84.090309
v -265.100586 10.013882 97.091469
v -265.100586 10.013883 88.474281
v -265.100586 15.013883 88.474281
v -257.471497 10.013882 97.895462
v -256.532501 10.013882 97.091469
v -265.100586 15.013882 97.091469
v -260.816498 10.013882 98.651314
v -252.397293 10.013882 96.535820
v -252.248398 15.013882 97.091469
v -257.471497 -7.324809 97.895462
v -252.248398 10.013882 92.782867
v -253.474503 -7.324809 96.824440
v -252.397293 -9.986116 96.535820
v -249.941101 10.013882 95.184174
v -260.816498 -9.986116 98.651314
v -264.169495 -9.986116 97.925102
v -268.830902 16.414894 56.072140
v -273.032288 19.513882 80.045609
v -271.500397 15.013882 93.061722
v -271.529175 19.513882 92.939331
v -267.465546 15.013882 97.081161
v -268.549988 19.513882 96.211861
v -266.696808 19.513882 97.489159
v -264.269287 15.013882 98.593513
v -264.269287 19.513880 98.593513
v -260.551392 15.013882 99.386383
v -260.551392 19.513880 99.386383
v -256.940186 15.013882 99.200081
v -256.940186 19.513880 99.200081
v -253.513199 15.013882 98.202919
v -252.796265 19.505146 97.955978
v -250.340118 15.008733 96.299194
v -250.690247 19.513882 96.567825
v -252.288696 14.560223 92.632683
v -248.115707 19.513882 94.043083
v -248.115707 15.013882 94.043083
v -247.964401 15.013882 92.782867
v -269.384705 19.513882 79.857094
v -269.384705 19.513882 84.165680
v -269.384705 19.513882 88.474281
v -267.585114 -24.654057 66.754517
v -264.726074 -19.986120 104.216843
v -265.858398 -18.986116 62.825760
v -267.870361 -15.295848 55.311447
v -268.166595 -9.986116 96.854080
v -264.250397 -16.020750 99.118088
v -260.798553 -19.986452 104.876617
v -269.259613 -6.482026 50.131622
v -265.100586 19.513882 92.782867
v -260.816589 19.513882 97.091469
v -263.158600 23.030882 81.646790
v -264.367096 23.030622 84.296501
v -263.645996 23.030842 87.569611
v -260.165802 23.028482 89.888710
v -262.383209 25.813883 88.948433
v -260.165314 25.813883 89.886833
v -256.532501 19.513882 97.091469
v -256.840607 20.013882 91.964180
v -247.964401 19.513882 92.782867
v -252.248398 19.513882 92.782867
v -254.975204 23.029182 87.223358
v -256.165924 26.007528 88.531952
v -246.489304 19.513882 91.443031
v -247.964401 19.513882 88.474281
v -244.970398 19.513882 84.199471
v -247.964401 19.513882 84.165680
v -254.438797 23.030243 84.527328
v -245.239899 19.513882 88.012306
v -253.362000 20.013882 80.549553
v -245.653519 19.404858 80.525101
v -247.377289 19.513882 76.774841
v -252.248398 19.513884 75.548492
v -250.285706 19.513884 73.687889
v -256.532501 19.513884 75.548492
v -260.816589 19.513884 75.548492
v -256.923706 23.030743 80.618988
v -260.713806 23.030533 80.130211
v -252.682602 19.513884 72.150261
v -254.214493 19.513884 71.419594
v -260.722107 18.694124 70.530586
v -256.439606 14.956804 67.277779
v -254.214600 18.694094 71.419540
v -250.286102 15.013884 73.687561
v -252.682602 18.694044 72.150253
v -247.499054 15.013885 76.580482
v -244.970398 15.013883 84.199471
v -245.239899 15.013883 88.012306
v -246.489304 15.013883 91.443031
v -264.283112 -24.656275 65.603233
v -260.584900 -20.350286 65.029778
v -263.238495 -31.786108 81.747421
v -264.136627 -31.971628 84.326591
v -265.858398 -15.997766 62.825760
v -260.556213 -13.767376 63.633369
v -266.935608 -15.997765 58.805779
v -268.012695 -11.661284 54.785809
v -266.935608 -11.661284 58.805779
v -260.623993 -10.809444 59.032791
v -260.196198 -12.228136 60.692501
v -260.769287 -16.010439 99.880402
v -268.012695 -7.324805 54.785809
v -259.763092 -8.706347 57.964451
v -259.739014 -9.832224 58.036591
v -268.012695 -2.988327 54.785809
v -266.935608 -2.988327 58.805779
v -264.767487 -8.116111 59.559910
v -260.711395 -7.807204 58.712399
v -264.632111 1.189788 60.062511
v -261.076691 -2.719876 59.421028
v -261.152313 1.286059 59.138809
v -268.012695 1.348150 54.785809
v -268.012695 5.684628 54.785809
v -266.935608 5.684628 58.805779
v -260.522095 7.250682 59.413151
v -268.012695 10.021105 54.785809
v -259.773895 9.339158 57.923439
v -259.719696 8.304757 58.107971
v -266.935608 14.357585 58.805779
v -264.821014 9.764065 59.356319
v -260.799713 9.992339 58.377529
v -265.858398 14.357584 62.825760
v -260.715912 13.495534 63.013329
v -260.312103 11.903765 60.202808
v -256.338989 14.353666 63.927395
v -264.157959 26.000320 84.301575
v -260.653198 26.013882 80.320061
v -263.147095 25.813873 81.633789
v -263.652588 25.996710 87.456680
v -260.653198 -31.986118 80.320061
v -257.014709 -31.986118 80.818336
v -260.152496 -31.786118 89.901199
v -254.466705 -31.786118 84.277946
v -255.225098 -31.786118 82.221581
v -256.934906 -20.316866 65.111099
v -256.659912 -19.986549 104.713028
v -256.435303 -14.034546 63.219818
v -256.759613 -14.986118 99.686218
v -256.758514 -16.011639 99.694412
v -257.248688 -10.439644 58.274315
v -257.116211 -12.726356 60.678810
v -257.426117 -8.551843 57.913002
v -256.451080 -4.662388 61.410332
v -256.050934 3.071455 62.729137
v -257.472900 6.723417 59.347450
v -258.138367 9.577092 57.106590
v -257.313690 12.256556 59.941681
v -257.035492 26.013882 80.785454
v -257.707214 25.813843 89.633392
v -254.439301 25.813883 84.526077
v -255.454895 25.813883 81.898689
v -254.976303 25.813892 87.222847
v -253.439896 -20.364206 65.901627
v -252.782089 -19.986378 103.810959
v -255.639999 -13.896806 64.256210
v -253.557999 -14.986118 98.738831
v -253.554596 -16.019789 98.745743
v -257.190674 10.017288 58.476337
v -255.769501 13.757904 63.773010
v -250.442200 -19.948792 67.130135
v -249.891724 -19.986208 102.545532
v -255.052094 14.253425 66.450089
v -254.796005 -11.474626 67.405922
v -255.128403 -14.489236 66.550148
v -248.611069 -19.985929 68.123619
v -250.918503 -14.986118 97.262993
v -253.666901 5.684627 71.619972
v -253.666901 -7.324806 71.619972
v -254.030807 -9.995320 71.296852
v -253.708099 9.654125 71.466042
v -254.744003 10.021104 67.599998
v -252.589706 5.684626 75.639954
v -252.694794 -7.196533 75.297440
v -251.225601 5.684626 80.730942
v -251.225601 -7.324807 80.730942
v -249.071304 10.013883 88.770889
v -250.148499 -7.324808 84.750908
v -247.964401 -14.986116 79.857094
v -252.100403 -7.324807 80.409492
v -252.100403 -9.986115 80.409492
v -250.148499 -9.986115 84.750908
v -249.071304 -9.986115 88.770889
v -244.766403 -14.986117 88.202919
v -244.475494 -14.986117 84.186378
v -248.598999 -9.986115 92.670959
v -246.024902 -14.986117 91.614433
v -251.225601 10.013884 80.730942
v -252.248398 10.013883 88.474281
v -247.964401 15.013883 88.474281
v -248.598999 10.013883 92.670959
v -252.130112 10.029279 80.320442
v -252.100403 5.684626 80.409492
v -253.398804 8.552687 74.552254
v -252.682602 15.013884 72.150261
v -252.248398 15.013884 75.548492
v -252.396606 -15.855066 71.700562
v -249.901306 -16.003246 73.400612
v -249.902603 -14.986116 73.402039
v -252.248398 -14.986116 75.548492
v -247.964401 -14.986116 75.548492
v -249.941101 -9.986116 95.184174
v -252.226028 15.014437 80.001221
v -245.636505 15.013884 80.549812
v -252.248398 15.013883 88.474281
v -246.287262 -19.986372 69.862961
v -244.308380 -19.990942 71.858658
v -248.281494 -14.986116 74.939240
v -249.176498 -16.009348 95.873230
v -246.617096 -14.986116 77.208183
v -245.158096 -14.986116 80.399208
v -246.614395 -16.007998 77.206650
v -245.154694 -16.003378 80.397957
v -244.470795 -16.001398 84.186256
v -247.659195 -14.986118 94.220039
v -243.680298 -19.986118 97.091469
v -241.582031 -20.052105 75.861565
v -243.938843 -19.987446 97.550392
v -246.019394 -16.013308 91.617157
v -242.338013 -19.985891 95.270676
v -240.045502 -19.990494 79.978592
v -239.479767 -19.987659 84.162529
v -244.762405 -15.992178 88.170410
v -239.727585 -19.989147 88.446220
v -240.798126 -19.987637 92.167572
vt 0.625000 0.500000
vt 0.625000 0.500000
vt 0.625000 0.500000
vt 0.625000 0.500000
vt 0.625000 0.500000
vt 0.625000 0.500000
vt 0.625000 0.500000
vt 0.625000 0.500000
vt 0.625000 0.500000
vt 0.625000 0.500000
vt 0.625000 0.500000
vt 0.625000 0.500000
vt 0.625000 0.500000
vt 0.625000 0.500000
vt 0.625000 0.500000
vt 0.625000 0.500000
vt 0.625000 0.500000
vt 0.625000 0.500000
vt 0.625000 0.500000
vt 0.625000 0.500000
vt 0.625000 0.500000
vt 0.625000 0.500000
vt 0.625000 0.500000
vt 0.625000 0.500000
vt 0.625000 0.500000
vt 0.625000 0.500000
vt 0.625000 0.500000
vt 0.625000 0.500000
vt 0.625000 0.500000
vt 0.625000 0.500000
vt 0.625000 0.500000
vt 0.625000 0.500000
vt 0.625000 0.500000
vt 0.625000 0.500000
vt 0.625000 0.500000
vt 0.625000 0.500000
vt 0.625000 0.500000
vt 0.625000 0.500000
vt 0.625000 0.500000
vt 0.625000 0.500000
vt 0.625000 0.500000
vt 0.625000 0.500000
vt 0.625000 0.500000
vt 0.625000 0.500000
vt 0.625000 0.500000
vt 0.625000 0.500000
vt 0.625000 0.500000
vt 0.625000 0.500000
vt 0.625000 0.500000
vt 0.625000 0.500000
vt 0.625000 0.500000
vt 0.625000 0.500000
vt 0.625000 0.500000
vt 0.625000 0.500000
vt 0.625000 0.500000
vt 0.625000 0.500000
vt 0.625000 0.500000
vt 0.625000 0.500000
vt 0.625000 0.500000
vt 0.625000 0.500000
vt 0.625000 0.500000
vt 0.625000 0.500000
vt 0.625000 0.500000
vt 0.625000 0.500000
vt 0.625000 0.500000
vt 0.625000 0.500000
vt 0.625000 0.500000
vt 0.625000 0.500000
vt 0.625000 0.500000
vt 0.625000 0.500000
vt 0.625000 0.500000
vt 0.625000 0.500000
vt 0.625000 0.500000
vt 0.625000 0.500000
vt 0.625000 0.500000
vt 0.625000 0.500000
vt 0.625000 0.500000
vt 0.625000 0.500000
vt 0.625000 0.500000
vt 0.625000 0.500000
vt 0.625000 0.500000
vt 0.625000 0.500000
vt 0.625000 0.500000
vt 0.625000 0.500000
vt 0.625000 0.500000
vt 0.625000 0.500000
vt 0.625000 0.500000
vt 0.625000 0.500000
vt 0.625000 0.500000
vt 0.625000 0.500000
vt 0.625000 0.500000
vt 0.625000 0.500000
vt 0.625000 0.500000
vt 0.625000 0.500000
vt 0.625000 0.500000
vt 0.625000 0.500000
vt 0.625000 0.500000
vt 0.625000 0.500000
vt 0.625000 0.500000
vt 0.625000 0.500000
vt 0.625000 0.500000
vt 0.625000 0.500000
vt 0.625000 0.500000
vt 0.625000 0.500000
vt 0.625000 0.500000
vt 0.625000 0.500000
vt 0.625000 0.500000
vt 0.625000 0.500000
vt 0.625000 0.500000
vt 0.625000 0.500000
vt 0.625000 0.500000
vt 0.625000 0.500000
vt 0.625000 0.500000
vt 0.625000 0.500000
vt 0.625000 0.500000
vt 0.625000 0.500000
vt 0.625000 0.500000
vt 0.625000 0.500000
vt 0.625000 0.500000
vt 0.625000 0.500000
vt 0.625000 0.500000
vt 0.625000 0.500000
vt 0.625000 0.500000
vt 0.625000 0.500000
vt 0.625000 0.500000
vt 0.625000 0.500000
vt 0.625000 0.500000
vt 0.625000 0.500000
vt 0.625000 0.500000
vt 0.625000 0.500000
vt 0.625000 0.500000
vt 0.625000 0.500000
vt 0.625000 0.500000
vt 0.625000 0.500000
vt 0.625000 0.500000
vt 0.625000 0.500000
vt 0.625000 0.500000
vt 0.625000 0.500000
vt 0.625000 0.500000
vt 0.625000 0.500000
vt 0.625000 0.500000
vt 0.625000 0.500000
vt 0.625000 0.500000
vt 0.625000 0.500000
vt 0.625000 0.500000
vt 0.625000 0.500000
vt 0.625000 0.500000
vt 0.625000 0.500000
vt 0.625000 0.500000
vt 0.625000 0.500000
vt 0.625000 0.500000
vt 0.625000 0.500000
vt 0.625000 0.500000
vt 0.625000 0.500000
vt 0.625000 0.500000
vt 0.625000 0.500000
vt 0.625000 0.500000
vt 0.625000 0.500000
vt 0.625000 0.500000
vt 0.625000 0.500000
vt 0.625000 0.500000
vt 0.625000 0.500000
vt 0.625000 0.500000
vt 0.625000 0.500000
vt 0.625000 0.500000
vt 0.625000 0.500000
vt 0.625000 0.500000
vt 0.625000 0.500000
vt 0.625000 0.500000
vt 0.625000 0.500000
vt 0.625000 0.500000
vt 0.625000 0.500000
vt 0.625000 0.500000
vt 0.625000 0.500000
vt 0.625000 0.500000
vt 0.625000 0.500000
vt 0.625000 0.500000
vt 0.625000 0.500000
vt 0.625000 0.500000
vt 0.625000 0.500000
vt 0.625000 0.500000
vt 0.625000 0.500000
vt 0.625000 0.500000
vt 0.625000 0.500000
vt 0.625000 0.500000
vt 0.625000 0.500000
vt 0.625000 0.500000
vt 0.625000 0.500000
vt 0.625000 0.500000
vt 0.625000 0.500000
vt 0.625000 0.500000
vt 0.625000 0.500000
vt 0.625000 0.500000
vt 0.625000 0.500000
vt 0.625000 0.500000
vt 0.625000 0.500000
vt 0.625000 0.500000
vt 0.625000 0.500000
vt 0.625000 0.500000
vt 0.625000 0.500000
vt 0.625000 0.500000
vt 0.625000 0.500000
vt 0.625000 0.500000
vt 0.625000 0.500000
vt 0.625000 0.500000
vt 0.625000 0.500000
vt 0.625000 0.500000
vt 0.625000 0.500000
vt 0.625000 0.500000
vt 0.625000 0.500000
vt 0.625000 0.500000
vt 0.625000 0.500000
vt 0.625000 0.500000
vt 0.625000 0.500000
vt 0.625000 0.500000
vt 0.625000 0.500000
vt 0.625000 0.500000
vt 0.625000 0.500000
vt 0.625000 0.500000
vt 0.625000 0.500000
vt 0.625000 0.500000
vt 0.625000 0.500000
vt 0.625000 0.500000
vt 0.625000 0.500000
vt 0.625000 0.500000
vt 0.625000 0.500000
vt 0.625000 0.500000
vt 0.625000 0.500000
vt 0.625000 0.500000
vt 0.625000 0.500000
vt 0.625000 0.500000
vt 0.625000 0.500000
vt 0.625000 0.500000
vt 0.625000 0.500000
vt 0.625000 0.500000
vt 0.625000 0.500000
vt 0.625000 0.500000
vt 0.625000 0.500000
vt 0.625000 0.500000
vt 0.625000 0.500000
vt 0.625000 0.500000
vt 0.625000 0.500000
vt 0.625000 0.500000
vt 0.625000 0.500000
vt 0.625000 0.500000
vt 0.625000 0.500000
vt 0.625000 0.500000
vt 0.625000 0.500000
vt 0.625000 0.500000
vt 0.625000 0.500000
vt 0.625000 0.500000
vt 0.625000 0.500000
vt 0.625000 0.500000
vt 0.625000 0.500000
vt 0.625000 0.500000
vt 0.625000 0.500000
vt 0.625000 0.500000
vt 0.625000 0.500000
vt 0.625000 0.500000
vt 0.625000 0.500000
vt 0.625000 0.500000
vt 0.625000 0.500000
vt 0.625000 0.500000
vt 0.625000 0.500000
vt 0.625000 0.500000
vt 0.625000 0.500000
vt 0.625000 0.500000
vt 0.625000 0.500000
vt 0.625000 0.500000
vt 0.625000 0.500000
vt 0.625000 0.500000
vt 0.625000 0.500000
vt 0.625000 0.500000
vt 0.625000 0.500000
vt 0.625000 0.500000
vt 0.625000 0.500000
vt 0.625000 0.500000
vt 0.625000 0.500000
vt 0.625000 0.500000
vt 0.625000 0.500000
vt 0.625000 0.500000
vt 0.625000 0.500000
vt 0.625000 0.500000
vt 0.625000 0.500000
vt 0.625000 0.500000
vt 0.625000 0.500000
vt 0.625000 0.500000
vt 0.625000 0.500000
vt 0.625000 0.500000
vt 0.625000 0.500000
vt 0.625000 0.500000
vt 0.625000 0.500000
vt 0.625000 0.500000
vt 0.625000 0.500000
vt 0.625000 0.500000
vt 0.625000 0.500000
vt 0.625000 0.500000
vt 0.625000 0.500000
vt 0.625000 0.500000
vt 0.625000 0.500000
vt 0.625000 0.500000
vt 0.625000 0.500000
vt 0.625000 0.500000
vt 0.625000 0.500000
vt 0.625000 0.500000
vt 0.625000 0.500000
vt 0.625000 0.500000
vt 0.625000 0.500000
vt 0.625000 0.500000
vt 0.625000 0.500000
vt 0.625000 0.500000
vt 0.625000 0.500000
vt 0.625000 0.500000
vt 0.625000 0.500000
vt 0.625000 0.500000
vt 0.625000 0.500000
vt 0.625000 0.500000
vt 0.625000 0.500000
vt 0.625000 0.500000
vt 0.625000 0.500000
vt 0.625000 0.500000
vt 0.625000 0.500000
vt 0.625000 0.500000
vt 0.625000 0.500000
vt 0.625000 0.500000
vt 0.625000 0.500000
vt 0.625000 0.500000
vt 0.625000 0.500000
vt 0.625000 0.500000
vt 0.625000 0.500000
vt 0.625000 0.500000
vt 0.625000 0.500000
vt 0.625000 0.500000
vt 0.625000 0.500000
vt 0.625000 0.500000
vt 0.625000 0.500000
vt 0.625000 0.500000
vt 0.625000 0.500000
vt 0.625000 0.500000
vt 0.625000 0.500000
vt 0.625000 0.500000
vt 0.625000 0.500000
vt 0.625000 0.500000
vt 0.625000 0.500000
vt 0.625000 0.500000
vt 0.625000 0.500000
vt 0.625000 0.500000
vt 0.625000 0.500000
vt 0.625000 0.500000
vt 0.625000 0.500000
vt 0.625000 0.500000
vt 0.625000 0.500000
vt 0.625000 0.500000
vt 0.625000 0.500000
vt 0.625000 0.500000
vt 0.625000 0.500000
vt 0.625000 0.500000
vt 0.625000 0.500000
vt 0.625000 0.500000
vt 0.625000 0.500000
vt 0.625000 0.500000
vt 0.625000 0.500000
vt 0.625000 0.500000
vt 0.625000 0.500000
vt 0.625000 0.500000
vt 0.625000 0.500000
vt 0.625000 0.500000
vt 0.625000 0.500000
vt 0.625000 0.500000
vt 0.625000 0.500000
vt 0.625000 0.500000
vt 0.625000 0.500000
vt 0.625000 0.500000
vt 0.625000 0.500000
vt 0.625000 0.500000
vt 0.625000 0.500000
vt 0.625000 0.500000
vt 0.625000 0.500000
vt 0.625000 0.500000
vt 0.625000 0.500000
vt 0.625000 0.500000
vt 0.625000 0.500000
vt 0.625000 0.500000
vt 0.625000 0.500000
vt 0.625000 0.500000
vt 0.625000 0.500000
vt 0.625000 0.500000
vt 0.625000 0.500000
vt 0.625000 0.500000
vt 0.625000 0.500000
vt 0.625000 0.500000
vt 0.625000 0.500000
vt 0.625000 0.500000
vt 0.625000 0.500000
vt 0.625000 0.500000
vt 0.625000 0.500000
vt 0.625000 0.500000
vt 0.625000 0.500000
vt 0.625000 0.500000
vt 0.625000 0.500000
vt 0.625000 0.500000
vt 0.625000 0.500000
vt 0.625000 0.500000
vt 0.625000 0.500000
vt 0.625000 0.500000
vt 0.625000 0.500000
vt 0.625000 0.500000
vt 0.625000 0.500000
vt 0.625000 0.500000
vt 0.625000 0.500000
vt 0.625000 0.500000
vt 0.625000 0.500000
vt 0.625000 0.500000
vt 0.625000 0.500000
vt 0.625000 0.500000
vt 0.625000 0.500000
vt 0.625000 0.500000
vt 0.625000 0.500000
vt 0.625000 0.500000
vt 0.625000 0.500000
vt 0.625000 0.500000
vt 0.625000 0.500000
vt 0.625000 0.500000
vt 0.625000 0.500000
vt 0.625000 0.500000
vt 0.625000 0.500000
vt 0.625000 0.500000
vt 0.625000 0.500000
vt 0.625000 0.500000
vt 0.625000 0.500000
vt 0.625000 0.500000
vt 0.625000 0.500000
vt 0.625000 0.500000
vt 0.625000 0.500000
vt 0.625000 0.500000
vt 0.625000 0.500000
vt 0.625000 0.500000
vt 0.625000 0.500000
vt 0.625000 0.500000
vt 0.625000 0.500000
vt 0.625000 0.500000
vt 0.625000 0.500000
vt 0.625000 0.500000
vt 0.625000 0.500000
vt 0.625000 0.500000
vt 0.625000 0.500000
vt 0.625000 0.500000
vt 0.625000 0.500000
vt 0.625000 0.500000
vt 0.625000 0.500000
vt 0.625000 0.500000
vt 0.625000 0.500000
vt 0.625000 0.500000
vt 0.625000 0.500000
vt 0.625000 0.500000
vt 0.625000 0.500000
vt 0.625000 0.500000
vt 0.625000 0.500000
vt 0.625000 0.500000
vt 0.625000 0.500000
vt 0.625000 0.500000
vt 0.625000 0.500000
vt 0.625000 0.500000
vt 0.625000 0.500000
vt 0.625000 0.500000
vt 0.625000 0.500000
vt 0.625000 0.500000
vt 0.625000 0.500000
vt 0.625000 0.500000
vt 0.625000 0.500000
vt 0.625000 0.500000
vt 0.625000 0.500000
vt 0.625000 0.500000
vt 0.625000 0.500000
vt 0.625000 0.500000
vt 0.625000 0.500000
vt 0.625000 0.500000
vt 0.625000 0.500000
vt 0.625000 0.500000
vt 0.625000 0.500000
vt 0.625000 0.500000
vt 0.625000 0.500000
vt 0.625000 0.500000
vt 0.625000 0.500000
vt 0.625000 0.500000
vt 0.625000 0.500000
vt 0.625000 0.500000
vt 0.625000 0.500000
vt 0.625000 0.500000
vt 0.625000 0.500000
vt 0.625000 0.500000
vt 0.625000 0.500000
vt 0.625000 0.500000
vt 0.625000 0.500000
vt 0.625000 0.500000
vt 0.625000 0.500000
vt 0.625000 0.500000
vt 0.625000 0.500000
vt 0.625000 0.500000
vt 0.625000 0.500000
vt 0.625000 0.500000
vt 0.625000 0.500000
vt 0.625000 0.500000
vt 0.625000 0.500000
vt 0.625000 0.500000
vt 0.625000 0.500000
vt 0.625000 0.500000
vt 0.625000 0.500000
vt 0.625000 0.500000
vt 0.625000 0.500000
vt 0.625000 0.500000
vt 0.625000 0.500000
vt 0.625000 0.500000
vt 0.625000 0.500000
vt 0.625000 0.500000
vt 0.625000 0.500000
vt 0.625000 0.500000
vt 0.625000 0.500000
vt 0.625000 0.500000
vt 0.625000 0.500000
vt 0.625000 0.500000
vt 0.625000 0.500000
vt 0.625000 0.500000
vt 0.625000 0.500000
vt 0.625000 0.500000
vt 0.625000 0.500000
vt 0.625000 0.500000
vt 0.625000 0.500000
vt 0.625000 0.500000
vt 0.625000 0.500000
vt 0.625000 0.500000
vt 0.625000 0.500000
vt 0.625000 0.500000
vt 0.625000 0.500000
vt 0.625000 0.500000
vt 0.625000 0.500000
vt 0.625000 0.500000
vt 0.625000 0.500000
vt 0.625000 0.500000
vt 0.625000 0.500000
vt 0.625000 0.500000
vt 0.625000 0.500000
vt 0.625000 0.500000
vt 0.625000 0.500000
vt 0.625000 0.500000
vt 0.625000 0.500000
vt 0.625000 0.500000
vt 0.625000 0.500000
vt 0.625000 0.500000
vt 0.625000 0.500000
vt 0.625000 0.500000
vt 0.625000 0.500000
vt 0.625000 0.500000
vt 0.625000 0.500000
vt 0.625000 0.500000
vt 0.625000 0.500000
vt 0.625000 0.500000
vt 0.625000 0.500000
vt 0.625000 0.500000
vt 0.625000 0.500000
vt 0.625000 0.500000
vt 0.625000 0.500000
vt 0.625000 0.500000
vt 0.625000 0.500000
vt 0.625000 0.500000
vt 0.625000 0.500000
vt 0.625000 0.500000
vt 0.625000 0.500000
vt 0.625000 0.500000
vt 0.625000 0.500000
vt 0.625000 0.500000
vt 0.625000 0.500000
vt 0.625000 0.500000
vt 0.625000 0.500000
vt 0.625000 0.500000
vt 0.625000 0.500000
vt 0.625000 0.500000
vt 0.625000 0.500000
vt 0.625000 0.500000
vt 0.625000 0.500000
vt 0.625000 0.500000
vt 0.625000 0.500000
vt 0.625000 0.500000
vt 0.625000 0.500000
vt 0.625000 0.500000
vt 0.625000 0.500000
vt 0.625000 0.500000
vt 0.625000 0.500000
vt 0.625000 0.500000
vt 0.625000 0.500000
vt 0.625000 0.500000
vt 0.625000 0.500000
vt 0.625000 0.500000
vt 0.625000 0.500000
vt 0.625000 0.500000
vt 0.625000 0.500000
vt 0.625000 0.500000
vt 0.625000 0.500000
vt 0.625000 0.500000
vt 0.625000 0.500000
vt 0.625000 0.500000
vt 0.625000 0.500000
vt 0.625000 0.500000
vt 0.625000 0.500000
vt 0.625000 0.500000
vt 0.625000 0.500000
vt 0.625000 0.500000
vt 0.625000 0.500000
vt 0.625000 0.500000
vt 0.625000 0.500000
vt 0.625000 0.500000
vt 0.625000 0.500000
vt 0.625000 0.500000
vt 0.625000 0.500000
vt 0.625000 0.500000
vt 0.625000 0.500000
vt 0.625000 0.500000
vt 0.625000 0.500000
vt 0.625000 0.500000
vt 0.625000 0.500000
vt 0.625000 0.500000
vt 0.625000 0.500000
vt 0.625000 0.500000
vt 0.625000 0.500000
vt 0.625000 0.500000
vt 0.625000 0.500000
vt 0.625000 0.500000
vt 0.625000 0.500000
vt 0.625000 0.500000
vt 0.625000 0.500000
vt 0.625000 0.500000
vt 0.625000 0.500000
vt 0.625000 0.500000
vt 0.625000 0.500000
vt 0.625000 0.500000
vt 0.625000 0.500000
vt 0.625000 0.500000
vt 0.625000 0.500000
vt 0.625000 0.500000
vt 0.625000 0.500000
vt 0.625000 0.500000
vt 0.625000 0.500000
vt 0.625000 0.500000
vt 0.625000 0.500000
vt 0.625000 0.500000
vt 0.625000 0.500000
vt 0.625000 0.500000
vt 0.625000 0.500000
vt 0.625000 0.500000
vt 0.625000 0.500000
vt 0.625000 0.500000
vt 0.625000 0.500000
vt 0.625000 0.500000
vt 0.625000 0.500000
vt 0.625000 0.500000
vt 0.625000 0.500000
vt 0.625000 0.500000
vt 0.625000 0.500000
vt 0.625000 0.500000
vt 0.625000 0.500000
vt 0.625000 0.500000
vt 0.625000 0.500000
vt 0.625000 0.500000
vt 0.625000 0.500000
vt 0.625000 0.500000
vt 0.625000 0.500000
vt 0.625000 0.500000
vt 0.625000 0.500000
vt 0.625000 0.500000
vt 0.625000 0.500000
vt 0.625000 0.500000
vt 0.625000 0.500000
vt 0.625000 0.500000
vt 0.625000 0.500000
vt 0.625000 0.500000
vt 0.625000 0.500000
vt 0.625000 0.500000
vt 0.625000 0.500000
vt 0.625000 0.500000
vt 0.625000 0.500000
vt 0.625000 0.500000
vt 0.625000 0.500000
vt 0.625000 0.500000
vt 0.625000 0.500000
vt 0.625000 0.500000
vt 0.625000 0.500000
vt 0.625000 0.500000
vt 0.625000 0.500000
vt 0.625000 0.500000
vt 0.625000 0.500000
vt 0.625000 0.500000
vt 0.625000 0.500000
vt 0.625000 0.500000
vt 0.625000 0.500000
vt 0.625000 0.500000
vt 0.625000 0.500000
vt 0.625000 0.500000
vt 0.625000 0.500000
vt 0.625000 0.500000
vt 0.625000 0.500000
vt 0.625000 0.500000
vt 0.625000 0.500000
vt 0.625000 0.500000
vt 0.625000 0.500000
vt 0.625000 0.500000
vt 0.625000 0.500000
vt 0.625000 0.500000
vt 0.625000 0.500000
vt 0.625000 0.500000
vt 0.625000 0.500000
vt 0.625000 0.500000
vt 0.625000 0.500000
vt 0.625000 0.500000
vt 0.625000 0.500000
vt 0.625000 0.500000
vt 0.625000 0.500000
vt 0.625000 0.500000
vt 0.625000 0.500000
vt 0.625000 0.500000
vt 0.625000 0.500000
vt 0.625000 0.500000
vt 0.625000 0.500000
vt 0.625000 0.500000
vt 0.625000 0.500000
vt 0.625000 0.500000
vt 0.625000 0.500000
vt 0.625000 0.500000
vt 0.625000 0.500000
vt 0.625000 0.500000
vt 0.625000 0.500000
vt 0.625000 0.500000
vt 0.625000 0.500000
vt 0.625000 0.500000
vt 0.625000 0.500000
vt 0.625000 0.500000
vt 0.625000 0.500000
vt 0.625000 0.500000
vt 0.625000 0.500000
vt 0.625000 0.500000
vt 0.625000 0.500000
vt 0.625000 0.500000
vt 0.625000 0.500000
vt 0.625000 0.500000
vt 0.625000 0.500000
vt 0.625000 0.500000
vt 0.625000 0.500000
vt 0.625000 0.500000
vt 0.625000 0.500000
vt 0.625000 0.500000
vt 0.625000 0.500000
vt 0.625000 0.500000
vt 0.625000 0.500000
vt 0.625000 0.500000
vt 0.625000 0.500000
vt 0.625000 0.500000
vt 0.625000 0.500000
vt 0.625000 0.500000
vt 0.625000 0.500000
vt 0.625000 0.500000
vt 0.625000 0.500000
vt 0.625000 0.500000
vt 0.625000 0.500000
vt 0.625000 0.500000
vt 0.625000 0.500000
vt 0.625000 0.500000
vt 0.625000 0.500000
vt 0.625000 0.500000
vt 0.625000 0.500000
vt 0.625000 0.500000
vt 0.625000 0.500000
vt 0.625000 0.500000
vt 0.625000 0.500000
vt 0.625000 0.500000
vt 0.625000 0.500000
vt 0.625000 0.500000
vt 0.625000 0.500000
vt 0.625000 0.500000
vt 0.625000 0.500000
vt 0.625000 0.500000
vt 0.625000 0.500000
vt 0.625000 0.500000
vt 0.625000 0.500000
vt 0.625000 0.500000
vt 0.625000 0.500000
vt 0.625000 0.500000
vt 0.625000 0.500000
vt 0.625000 0.500000
vt 0.625000 0.500000
vt 0.625000 0.500000
vt 0.625000 0.500000
vt 0.625000 0.500000
vt 0.625000 0.500000
vt 0.625000 0.500000
vt 0.625000 0.500000
vt 0.625000 0.500000
vt 0.625000 0.500000
vt 0.625000 0.500000
vt 0.625000 0.500000
vt 0.625000 0.500000
vt 0.625000 0.500000
vt 0.625000 0.500000
vt 0.625000 0.500000
vt 0.625000 0.500000
vt 0.625000 0.500000
vt 0.625000 0.500000
vt 0.625000 0.500000
vt 0.625000 0.500000
vt 0.625000 0.500000
vt 0.625000 0.500000
vt 0.625000 0.500000
vt 0.625000 0.500000
vt 0.625000 0.500000
vt 0.625000 0.500000
vt 0.625000 0.500000
vt 0.625000 0.500000
vt 0.625000 0.500000
vt 0.625000 0.500000
vt 0.625000 0.500000
vt 0.625000 0.500000
vt 0.625000 0.500000
vt 0.625000 0.500000
vt 0.625000 0.500000
vt 0.625000 0.500000
vt 0.625000 0.500000
vt 0.625000 0.500000
vt 0.625000 0.500000
vt 0.625000 0.500000
vt 0.625000 0.500000
vt 0.625000 0.500000
vt 0.625000 0.500000
vt 0.625000 0.500000
vt 0.625000 0.500000
vt 0.625000 0.500000
vt 0.625000 0.500000
vt 0.625000 0.500000
vt 0.625000 0.500000
vt 0.625000 0.500000
vt 0.625000 0.500000
vt 0.625000 0.500000
vt 0.625000 0.500000
vt 0.625000 0.500000
vt 0.625000 0.500000
vt 0.625000 0.500000
vt 0.625000 0.500000
vt 0.625000 0.500000
vt 0.625000 0.500000
vt 0.625000 0.500000
vt 0.625000 0.500000
vt 0.625000 0.500000
vt 0.625000 0.500000
vt 0.625000 0.500000
vt 0.625000 0.500000
vt 0.625000 0.500000
vt 0.625000 0.500000
vt 0.625000 0.500000
vt 0.625000 0.500000
vt 0.625000 0.500000
vt 0.625000 0.500000
vt 0.625000 0.500000
vt 0.625000 0.500000
vt 0.625000 0.500000
vt 0.625000 0.500000
vt 0.625000 0.500000
vt 0.625000 0.500000
vt 0.625000 0.500000
vt 0.625000 0.500000
vt 0.625000 0.500000
vt 0.625000 0.500000
vt 0.625000 0.500000
vt 0.625000 0.500000
vt 0.625000 0.500000
vt 0.625000 0.500000
vt 0.625000 0.500000
vt 0.625000 0.500000
vt 0.625000 0.500000
vt 0.625000 0.500000
vt 0.625000 0.500000
vt 0.625000 0.500000
vt 0.625000 0.500000
vt 0.625000 0.500000
vt 0.625000 0.500000
vt 0.625000 0.500000
vt 0.625000 0.500000
vt 0.625000 0.500000
vt 0.625000 0.500000
vt 0.625000 0.500000
vt 0.625000 0.500000
vt 0.625000 0.500000
vt 0.625000 0.500000
vt 0.625000 0.500000
vt 0.625000 0.500000
vt 0.625000 0.500000
vt 0.625000 0.500000
vt 0.625000 0.500000
vt 0.625000 0.500000
vt 0.625000 0.500000
vt 0.625000 0.500000
vt 0.625000 0.500000
vt 0.625000 0.500000
vt 0.625000 0.500000
vt 0.625000 0.500000
vt 0.625000 0.500000
vt 0.625000 0.500000
vt 0.625000 0.500000
vt 0.625000 0.500000
vt 0.625000 0.500000
vt 0.625000 0.500000
vt 0.625000 0.500000
vt 0.625000 0.500000
vt 0.625000 0.500000
vt 0.625000 0.500000
vt 0.625000 0.500000
vt 0.625000 0.500000
vt 0.625000 0.500000
vt 0.625000 0.500000
vt 0.625000 0.500000
vt 0.625000 0.500000
vt 0.625000 0.500000
vt 0.625000 0.500000
vt 0.625000 0.500000
vt 0.625000 0.500000
vt 0.625000 0.500000
vt 0.625000 0.500000
vt 0.625000 0.500000
vt 0.625000 0.500000
vt 0.625000 0.500000
vt 0.625000 0.500000
vt 0.625000 0.500000
vt 0.625000 0.500000
vt 0.625000 0.500000
vt 0.625000 0.500000
vt 0.625000 0.500000
vt 0.625000 0.500000
vt 0.625000 0.500000
vt 0.625000 0.500000
vt 0.625000 0.500000
vt 0.625000 0.500000
vt 0.625000 0.500000
vt 0.625000 0.500000
vt 0.625000 0.500000
vt 0.625000 0.500000
vt 0.625000 0.500000
vt 0.625000 0.500000
vt 0.625000 0.500000
vt 0.625000 0.500000
vt 0.625000 0.500000
vt 0.625000 0.500000
vt 0.625000 0.500000
vt 0.625000 0.500000
vt 0.625000 0.500000
vt 0.625000 0.500000
vt 0.625000 0.500000
vt 0.625000 0.500000
vt 0.625000 0.500000
vt 0.625000 0.500000
vt 0.625000 0.500000
vt 0.625000 0.500000
vt 0.625000 0.500000
vt 0.625000 0.500000
vt 0.625000 0.500000
vt 0.625000 0.500000
vt 0.625000 0.500000
vt 0.625000 0.500000
vt 0.625000 0.500000
vt 0.625000 0.500000
vt 0.625000 0.500000
vt 0.625000 0.500000
vt 0.625000 0.500000
vt 0.625000 0.500000
vt 0.625000 0.500000
vt 0.625000 0.500000
vt 0.625000 0.500000
vt 0.625000 0.500000
vt 0.625000 0.500000
vt 0.625000 0.500000
vt 0.625000 0.500000
vt 0.625000 0.500000
vt 0.625000 0.500000
vt 0.625000 0.500000
vt 0.625000 0.500000
vt 0.625000 0.500000
vt 0.625000 0.500000
vt 0.625000 0.500000
vt 0.625000 0.500000
vt 0.625000 0.500000
vt 0.625000 0.500000
vt 0.625000 0.500000
vt 0.625000 0.500000
vt 0.625000 0.500000
vt 0.625000 0.500000
vt 0.625000 0.500000
vt 0.625000 0.500000
vt 0.625000 0.500000
vt 0.625000 0.500000
vt 0.625000 0.500000
vt 0.625000 0.500000
vt 0.625000 0.500000
vt 0.625000 0.500000
vt 0.625000 0.500000
vt 0.625000 0.500000
vt 0.625000 0.500000
vt 0.625000 0.500000
vt 0.625000 0.500000
vt 0.625000 0.500000
vt 0.625000 0.500000
vt 0.625000 0.500000
vt 0.625000 0.500000
vt 0.625000 0.500000
vt 0.625000 0.500000
vt 0.625000 0.500000
vt 0.625000 0.500000
vt 0.625000 0.500000
vt 0.625000 0.500000
vt 0.625000 0.500000
vt 0.625000 0.500000
vt 0.625000 0.500000
vt 0.625000 0.500000
vt 0.625000 0.500000
vt 0.625000 0.500000
vt 0.625000 0.500000
vt 0.625000 0.500000
vt 0.625000 0.500000
vt 0.625000 0.500000
vt 0.625000 0.500000
vt 0.625000 0.500000
vt 0.625000 0.500000
vt 0.625000 0.500000
vt 0.625000 0.500000
vt 0.625000 0.500000
vt 0.625000 0.500000
vt 0.625000 0.500000
vt 0.625000 0.500000
vt 0.625000 0.500000
vt 0.625000 0.500000
vt 0.625000 0.500000
vt 0.625000 0.500000
vt 0.625000 0.500000
vt 0.625000 0.500000
vt 0.625000 0.500000
vt 0.625000 0.500000
vt 0.625000 0.500000
vt 0.625000 0.500000
vt 0.625000 0.500000
vt 0.625000 0.500000
vt 0.625000 0.500000
vt 0.625000 0.500000
vt 0.625000 0.500000
vt 0.625000 0.500000
vt 0.625000 0.500000
vt 0.625000 0.500000
vt 0.625000 0.500000
vt 0.625000 0.500000
vt 0.625000 0.500000
vt 0.625000 0.500000
vt 0.625000 0.500000
vt 0.625000 0.500000
vt 0.625000 0.500000
vt 0.625000 0.500000
vt 0.625000 0.500000
vt 0.625000 0.500000
vt 0.625000 0.500000
vt 0.625000 0.500000
vt 0.625000 0.500000
vt 0.625000 0.500000
vt 0.625000 0.500000
vt 0.625000 0.500000
vt 0.625000 0.500000
vt 0.625000 0.500000
vt 0.625000 0.500000
vt 0.625000 0.500000
vt 0.625000 0.500000
vt 0.625000 0.500000
vt 0.625000 0.500000
vt 0.625000 0.500000
vt 0.625000 0.500000
vt 0.625000 0.500000
vt 0.625000 0.500000
vt 0.625000 0.500000
vt 0.625000 0.500000
vt 0.625000 0.500000
vt 0.625000 0.500000
vt 0.625000 0.500000
vt 0.625000 0.500000
vt 0.625000 0.500000
vt 0.625000 0.500000
vt 0.625000 0.500000
vt 0.625000 0.500000
vt 0.625000 0.500000
vt 0.625000 0.500000
vt 0.625000 0.500000
vt 0.625000 0.500000
vt 0.625000 0.500000
vt 0.625000 0.500000
vt 0.625000 0.500000
vt 0.625000 0.500000
vt 0.625000 0.500000
vt 0.625000 0.500000
vt 0.625000 0.500000
vt 0.625000 0.500000
vt 0.625000 0.500000
vt 0.625000 0.500000
vt 0.625000 0.500000
vt 0.625000 0.500000
vt 0.625000 0.500000
vt 0.625000 0.500000
vt 0.625000 0.500000
vt 0.625000 0.500000
vt 0.625000 0.500000
vt 0.625000 0.500000
vt 0.625000 0.500000
vt 0.625000 0.500000
vt 0.625000 0.500000
vt 0.625000 0.500000
vt 0.625000 0.500000
vt 0.625000 0.500000
vt 0.625000 0.500000
vt 0.625000 0.500000
vt 0.625000 0.500000
vt 0.625000 0.500000
vt 0.625000 0.500000
vt 0.625000 0.500000
vt 0.625000 0.500000
vt 0.625000 0.500000
vt 0.625000 0.500000
vt 0.625000 0.500000
vt 0.625000 0.500000
vt 0.625000 0.500000
vt 0.625000 0.500000
vt 0.625000 0.500000
vt 0.625000 0.500000
vt 0.625000 0.500000
vt 0.625000 0.500000
vt 0.625000 0.500000
vt 0.625000 0.500000
vt 0.625000 0.500000
vt 0.625000 0.500000
vt 0.625000 0.500000
vt 0.625000 0.500000
vt 0.625000 0.500000
vt 0.625000 0.500000
vt 0.625000 0.500000
vt 0.625000 0.500000
vt 0.625000 0.500000
vt 0.625000 0.500000
vt 0.625000 0.500000
vt 0.625000 0.500000
vt 0.625000 0.500000
vt 0.625000 0.500000
vt 0.625000 0.500000
vt 0.625000 0.500000
vt 0.625000 0.500000
vt 0.625000 0.500000
vt 0.625000 0.500000
vt 0.625000 0.500000
vt 0.625000 0.500000
vt 0.625000 0.500000
vt 0.625000 0.500000
vt 0.625000 0.500000
vt 0.625000 0.500000
vt 0.625000 0.500000
vt 0.625000 0.500000
vt 0.625000 0.500000
vt 0.625000 0.500000
vt 0.625000 0.500000
vt 0.625000 0.500000
vt 0.625000 0.500000
vt 0.625000 0.500000
vt 0.625000 0.500000
vt 0.625000 0.500000
vt 0.625000 0.500000
vt 0.625000 0.500000
vt 0.625000 0.500000
vt 0.625000 0.500000
vt 0.625000 0.500000
vt 0.625000 0.500000
vt 0.625000 0.500000
vt 0.625000 0.500000
vt 0.625000 0.500000
vt 0.625000 0.500000
vt 0.625000 0.500000
vt 0.625000 0.500000
vt 0.625000 0.500000
vt 0.625000 0.500000
vt 0.625000 0.500000
vt 0.625000 0.500000
vt 0.625000 0.500000
vt 0.625000 0.500000
vt 0.625000 0.500000
vt 0.625000 0.500000
vt 0.625000 0.500000
vt 0.625000 0.500000
vt 0.625000 0.500000
vt 0.625000 0.500000
vt 0.625000 0.500000
vt 0.625000 0.500000
vt 0.625000 0.500000
vt 0.625000 0.500000
vt 0.625000 0.500000
vt 0.625000 0.500000
vt 0.625000 0.500000
vt 0.625000 0.500000
vt 0.625000 0.500000
vt 0.625000 0.500000
vt 0.625000 0.500000
vt 0.625000 0.500000
vt 0.625000 0.500000
vt 0.625000 0.500000
vt 0.625000 0.500000
vt 0.625000 0.500000
vt 0.625000 0.500000
vt 0.625000 0.500000
vt 0.625000 0.500000
vt 0.625000 0.500000
vt 0.625000 0.500000
vt 0.625000 0.500000
vt 0.625000 0.500000
vt 0.625000 0.500000
vt 0.625000 0.500000
vt 0.625000 0.500000
vt 0.625000 0.500000
vt 0.625000 0.500000
vt 0.625000 0.500000
vt 0.625000 0.500000
vt 0.625000 0.500000
vt 0.625000 0.500000
vt 0.625000 0.500000
vt 0.625000 0.500000
vt 0.625000 0.500000
vt 0.625000 0.500000
vt 0.625000 0.500000
vt 0.625000 0.500000
vt 0.625000 0.500000
vt 0.625000 0.500000
vt 0.625000 0.500000
vt 0.625000 0.500000
vt 0.625000 0.500000
vt 0.625000 0.500000
vt 0.625000 0.500000
vt 0.625000 0.500000
vt 0.625000 0.500000
vt 0.625000 0.500000
vt 0.625000 0.500000
vt 0.625000 0.500000
vt 0.625000 0.500000
vt 0.625000 0.500000
vt 0.625000 0.500000
vt 0.625000 0.500000
vt 0.625000 0.500000
vt 0.625000 0.500000
vt 0.625000 0.500000
vt 0.625000 0.500000
vt 0.625000 0.500000
vt 0.625000 0.500000
vt 0.625000 0.500000
vt 0.625000 0.500000
vt 0.625000 0.500000
vt 0.625000 0.500000
vt 0.625000 0.500000
vt 0.625000 0.500000
vt 0.625000 0.500000
vt 0.625000 0.500000
vt 0.625000 0.500000
vt 0.625000 0.500000
vt 0.625000 0.500000
vt 0.625000 0.500000
vt 0.625000 0.500000
vt 0.625000 0.500000
vt 0.625000 0.500000
vt 0.625000 0.500000
vt 0.625000 0.500000
vt 0.625000 0.500000
vt 0.625000 0.500000
vt 0.625000 0.500000
vt 0.625000 0.500000
vt 0.625000 0.500000
vt 0.625000 0.500000
vt 0.625000 0.500000
vt 0.625000 0.500000
vt 0.625000 0.500000
vt 0.625000 0.500000
vt 0.625000 0.500000
vt 0.625000 0.500000
vt 0.625000 0.500000
vt 0.625000 0.500000
vt 0.625000 0.500000
vt 0.625000 0.500000
vt 0.625000 0.500000
vt 0.625000 0.500000
vt 0.625000 0.500000
vt 0.625000 0.500000
vt 0.625000 0.500000
vt 0.625000 0.500000
vt 0.625000 0.500000
vt 0.625000 0.500000
vt 0.625000 0.500000
vt 0.625000 0.500000
vt 0.625000 0.500000
vt 0.625000 0.500000
vt 0.625000 0.500000
vt 0.625000 0.500000
vt 0.625000 0.500000
vt 0.625000 0.500000
vt 0.625000 0.500000
vt 0.625000 0.500000
vt 0.625000 0.500000
vt 0.625000 0.500000
vt 0.625000 0.500000
vt 0.625000 0.500000
vt 0.625000 0.500000
vt 0.625000 0.500000
vt 0.625000 0.500000
vt 0.625000 0.500000
vt 0.625000 0.500000
vt 0.625000 0.500000
vt 0.625000 0.500000
vt 0.625000 0.500000
vt 0.625000 0.500000
vt 0.625000 0.500000
vt 0.625000 0.500000
vt 0.625000 0.500000
vt 0.625000 0.500000
vt 0.625000 0.500000
vt 0.625000 0.500000
vt 0.625000 0.500000
vt 0.625000 0.500000
vt 0.625000 0.500000
vt 0.625000 0.500000
vt 0.625000 0.500000
vt 0.625000 0.500000
vt 0.625000 0.500000
vt 0.625000 0.500000
vt 0.625000 0.500000
vt 0.625000 0.500000
vt 0.625000 0.500000
vt 0.625000 0.500000
vt 0.625000 0.500000
vt 0.625000 0.500000
vt 0.625000 0.500000
vt 0.625000 0.500000
vt 0.625000 0.500000
vt 0.625000 0.500000
vt 0.625000 0.500000
vt 0.625000 0.500000
vt 0.625000 0.500000
vt 0.625000 0.500000
vt 0.625000 0.500000
vt 0.625000 0.500000
vt 0.625000 0.500000
vt 0.625000 0.500000
vt 0.625000 0.500000
vt 0.625000 0.500000
vt 0.625000 0.500000
vt 0.625000 0.500000
vt 0.625000 0.500000
vt 0.625000 0.500000
vt 0.625000 0.500000
vt 0.625000 0.500000
vt 0.625000 0.500000
vt 0.625000 0.500000
vt 0.625000 0.500000
vt 0.625000 0.500000
vt 0.625000 0.500000
vt 0.625000 0.500000
vt 0.625000 0.500000
vt 0.625000 0.500000
vt 0.625000 0.500000
vt 0.625000 0.500000
vt 0.625000 0.500000
vt 0.625000 0.500000
vt 0.625000 0.500000
vt 0.625000 0.500000
vt 0.625000 0.500000
vt 0.625000 0.500000
vt 0.625000 0.500000
vt 0.625000 0.500000
vt 0.625000 0.500000
vt 0.625000 0.500000
vt 0.625000 0.500000
vt 0.625000 0.500000
vt 0.625000 0.500000
vt 0.625000 0.500000
vt 0.625000 0.500000
vt 0.625000 0.500000
vt 0.625000 0.500000
vt 0.625000 0.500000
vt 0.625000 0.500000
vt 0.625000 0.500000
vt 0.625000 0.500000
vt 0.625000 0.500000
vt 0.625000 0.500000
vt 0.625000 0.500000
vt 0.625000 0.500000
vt 0.625000 0.500000
vt 0.625000 0.500000
vt 0.625000 0.500000
vt 0.625000 0.500000
vt 0.625000 0.500000
vt 0.625000 0.500000
vt 0.625000 0.500000
vt 0.625000 0.500000
vt 0.625000 0.500000
vt 0.625000 0.500000
vt 0.625000 0.500000
vt 0.625000 0.500000
vt 0.625000 0.500000
vt 0.625000 0.500000
vt 0.625000 0.500000
vt 0.625000 0.500000
vt 0.625000 0.500000
vt 0.625000 0.500000
vt 0.625000 0.500000
vt 0.625000 0.500000
vt 0.625000 0.500000
vt 0.625000 0.500000
vt 0.625000 0.500000
vt 0.625000 0.500000
vt 0.625000 0.500000
vt 0.625000 0.500000
vt 0.625000 0.500000
vt 0.625000 0.500000
vt 0.625000 0.500000
vt 0.625000 0.500000
vt 0.625000 0.500000
vt 0.625000 0.500000
vt 0.625000 0.500000
vt 0.625000 0.500000
vt 0.625000 0.500000
vt 0.625000 0.500000
vt 0.625000 0.500000
vt 0.625000 0.500000
vt 0.625000 0.500000
vt 0.625000 0.500000
vt 0.625000 0.500000
vt 0.625000 0.500000
vt 0.625000 0.500000
vt 0.625000 0.500000
vt 0.625000 0.500000
vt 0.625000 0.500000
vt 0.625000 0.500000
vt 0.625000 0.500000
vt 0.625000 0.500000
vt 0.625000 0.500000
vt 0.625000 0.500000
vt 0.625000 0.500000
vt 0.625000 0.500000
vt 0.625000 0.500000
vt 0.625000 0.500000
vt 0.625000 0.500000
vt 0.625000 0.500000
vt 0.625000 0.500000
vt 0.625000 0.500000
vt 0.625000 0.500000
vt 0.625000 0.500000
vt 0.625000 0.500000
vt 0.625000 0.500000
vt 0.625000 0.500000
vt 0.625000 0.500000
vt 0.625000 0.500000
vt 0.625000 0.500000
vt 0.625000 0.500000
vt 0.625000 0.500000
vt 0.625000 0.500000
vt 0.625000 0.500000
vt 0.625000 0.500000
vt 0.625000 0.500000
vt 0.625000 0.500000
vt 0.625000 0.500000
vt 0.625000 0.500000
vt 0.625000 0.500000
vt 0.625000 0.500000
vt 0.625000 0.500000
vt 0.625000 0.500000
vt 0.625000 0.500000
vt 0.625000 0.500000
vt 0.625000 0.500000
vt 0.625000 0.500000
vt 0.625000 0.500000
vt 0.625000 0.500000
vt 0.625000 0.500000
vt 0.625000 0.500000
vt 0.625000 0.500000
vt 0.625000 0.500000
vt 0.625000 0.500000
vt 0.625000 0.500000
vt 0.625000 0.500000
vt 0.625000 0.500000
vt 0.625000 0.500000
vt 0.625000 0.500000
vt 0.625000 0.500000
vt 0.625000 0.500000
vt 0.625000 0.500000
vt 0.625000 0.500000
vt 0.625000 0.500000
vt 0.625000 0.500000
vt 0.625000 0.500000
vt 0.625000 0.500000
vt 0.625000 0.500000
vt 0.625000 0.500000
vt 0.625000 0.500000
vt 0.625000 0.500000
vt 0.625000 0.500000
vt 0.625000 0.500000
vt 0.625000 0.500000
vt 0.625000 0.500000
vt 0.625000 0.500000
vt 0.625000 0.500000
vt 0.625000 0.500000
vt 0.625000 0.500000
vt 0.625000 0.500000
vt 0.625000 0.500000
vt 0.625000 0.500000
vt 0.625000 0.500000
vt 0.625000 0.500000
vt 0.625000 0.500000
vt 0.625000 0.500000
vt 0.625000 0.500000
vt 0.625000 0.500000
vt 0.625000 0.500000
vt 0.625000 0.500000
vt 0.625000 0.500000
vt 0.625000 0.500000
vt 0.625000 0.500000
vt 0.625000 0.500000
vt 0.625000 0.500000
vt 0.625000 0.500000
vt 0.625000 0.500000
vt 0.625000 0.500000
vt 0.625000 0.500000
vt 0.625000 0.500000
vt 0.625000 0.500000
vt 0.625000 0.500000
vt 0.625000 0.500000
vt 0.625000 0.500000
vt 0.625000 0.500000
vt 0.625000 0.500000
vt 0.625000 0.500000
vt 0.625000 0.500000
vt 0.625000 0.500000
vt 0.625000 0.500000
vt 0.625000 0.500000
vt 0.625000 0.500000
vt 0.625000 0.500000
vt 0.625000 0.500000
vt 0.625000 0.500000
vt 0.625000 0.500000
vt 0.625000 0.500000
vt 0.625000 0.500000
vt 0.625000 0.500000
vt 0.625000 0.500000
vt 0.625000 0.500000
vt 0.625000 0.500000
vt 0.625000 0.500000
vt 0.625000 0.500000
vt 0.625000 0.500000
vt 0.625000 0.500000
vt 0.625000 0.500000
vt 0.625000 0.500000
vt 0.625000 0.500000
vt 0.625000 0.500000
vt 0.625000 0.500000
vt 0.625000 0.500000
vt 0.625000 0.500000
vt 0.625000 0.500000
vt 0.625000 0.500000
vt 0.625000 0.500000
vt 0.625000 0.500000
vt 0.625000 0.500000
vt 0.625000 0.500000
vt 0.625000 0.500000
vt 0.625000 0.500000
vt 0.625000 0.500000
vt 0.625000 0.500000
vt 0.625000 0.500000
vt 0.625000 0.500000
vt 0.625000 0.500000
vt 0.625000 0.500000
vt 0.625000 0.500000
vt 0.625000 0.500000
vt 0.625000 0.500000
vt 0.625000 0.500000
vt 0.625000 0.500000
vt 0.625000 0.500000
vt 0.625000 0.500000
vt 0.625000 0.500000
vt 0.625000 0.500000
vt 0.625000 0.500000
vt 0.625000 0.500000
vt 0.625000 0.500000
vt 0.625000 0.500000
vt 0.625000 0.500000
vt 0.625000 0.500000
vt 0.625000 0.500000
vt 0.625000 0.500000
vt 0.625000 0.500000
vt 0.625000 0.500000
vt 0.625000 0.500000
vt 0.625000 0.500000
vt 0.625000 0.500000
vt 0.625000 0.500000
vt 0.625000 0.500000
vt 0.625000 0.500000
vt 0.625000 0.500000
vt 0.625000 0.500000
vt 0.625000 0.500000
vt 0.625000 0.500000
vt 0.625000 0.500000
vt 0.625000 0.500000
vt 0.625000 0.500000
vt 0.625000 0.500000
vt 0.625000 0.500000
vt 0.625000 0.500000
vt 0.625000 0.500000
vt 0.625000 0.500000
vt 0.625000 0.500000
vt 0.625000 0.500000
vt 0.625000 0.500000
vt 0.625000 0.500000
vt 0.625000 0.500000
vt 0.625000 0.500000
vt 0.625000 0.500000
vt 0.625000 0.500000
vt 0.625000 0.500000
vt 0.625000 0.500000
vt 0.625000 0.500000
vt 0.625000 0.500000
vt 0.625000 0.500000
vt 0.625000 0.500000
vt 0.625000 0.500000
vt 0.625000 0.500000
vt 0.625000 0.500000
vt 0.625000 0.500000
vt 0.625000 0.500000
vt 0.625000 0.500000
vt 0.625000 0.500000
vt 0.625000 0.500000
vt 0.625000 0.500000
vt 0.625000 0.500000
vt 0.625000 0.500000
vt 0.625000 0.500000
vt 0.625000 0.500000
vt 0.625000 0.500000
vt 0.625000 0.500000
vt 0.625000 0.500000
vt 0.625000 0.500000
vt 0.625000 0.500000
vt 0.625000 0.500000
vt 0.625000 0.500000
vt 0.625000 0.500000
vt 0.625000 0.500000
vt 0.625000 0.500000
vt 0.625000 0.500000
vt 0.625000 0.500000
vt 0.625000 0.500000
vt 0.625000 0.500000
vt 0.625000 0.500000
vt 0.625000 0.500000
vt 0.625000 0.500000
vt 0.625000 0.500000
vt 0.625000 0.500000
vt 0.625000 0.500000
vt 0.625000 0.500000
vt 0.625000 0.500000
vt 0.625000 0.500000
vt 0.625000 0.500000
vt 0.625000 0.500000
vt 0.625000 0.500000
vt 0.625000 0.500000
vt 0.625000 0.500000
vt 0.625000 0.500000
vt 0.625000 0.500000
vt 0.625000 0.500000
vt 0.625000 0.500000
vt 0.625000 0.500000
vt 0.625000 0.500000
vt 0.625000 0.500000
vt 0.625000 0.500000
vt 0.625000 0.500000
vt 0.625000 0.500000
vt 0.625000 0.500000
vt 0.625000 0.500000
vt 0.625000 0.500000
vt 0.625000 0.500000
vt 0.625000 0.500000
vt 0.625000 0.500000
vt 0.625000 0.500000
vt 0.625000 0.500000
vt 0.625000 0.500000
vt 0.625000 0.500000
vt 0.625000 0.500000
vt 0.625000 0.500000
vt 0.625000 0.500000
vt 0.625000 0.500000
vt 0.625000 0.500000
vt 0.625000 0.500000
vt 0.625000 0.500000
vt 0.625000 0.500000
vt 0.625000 0.500000
vt 0.625000 0.500000
vt 0.625000 0.500000
vt 0.625000 0.500000
vt 0.625000 0.500000
vt 0.625000 0.500000
vt 0.625000 0.500000
vt 0.625000 0.500000
vt 0.625000 0.500000
vt 0.625000 0.500000
vt 0.625000 0.500000
vt 0.625000 0.500000
vt 0.625000 0.500000
vt 0.625000 0.500000
vt 0.625000 0.500000
vt 0.625000 0.500000
vt 0.625000 0.500000
vt 0.625000 0.500000
vt 0.625000 0.500000
vt 0.625000 0.500000
vt 0.625000 0.500000
vt 0.625000 0.500000
vt 0.625000 0.500000
vt 0.625000 0.500000
vt 0.625000 0.500000
vt 0.625000 0.500000
vt 0.625000 0.500000
vt 0.625000 0.500000
vt 0.625000 0.500000
vt 0.625000 0.500000
vt 0.625000 0.500000
vt 0.625000 0.500000
vt 0.625000 0.500000
vt 0.625000 0.500000
vt 0.625000 0.500000
vt 0.625000 0.500000
vt 0.625000 0.500000
vt 0.625000 0.500000
vt 0.625000 0.500000
vt 0.625000 0.500000
vt 0.625000 0.500000
vt 0.625000 0.500000
vt 0.625000 0.500000
vt 0.625000 0.500000
vt 0.625000 0.500000
vt 0.625000 0.500000
vt 0.625000 0.500000
vt 0.625000 0.500000
vt 0.625000 0.500000
vt 0.625000 0.500000
vt 0.625000 0.500000
vt 0.625000 0.500000
vt 0.625000 0.500000
vt 0.625000 0.500000
vt 0.625000 0.500000
vt 0.625000 0.500000
vt 0.625000 0.500000
vt 0.625000 0.500000
vt 0.625000 0.500000
vt 0.625000 0.500000
vt 0.625000 0.500000
vt 0.625000 0.500000
vt 0.625000 0.500000
vt 0.625000 0.500000
vt 0.625000 0.500000
vt 0.625000 0.500000
vt 0.625000 0.500000
vt 0.625000 0.500000
vt 0.625000 0.500000
vt 0.625000 0.500000
vt 0.625000 0.500000
vt 0.625000 0.500000
vt 0.625000 0.500000
vt 0.625000 0.500000
vt 0.625000 0.500000
vt 0.625000 0.500000
vt 0.625000 0.500000
vt 0.625000 0.500000
vt 0.625000 0.500000
vt 0.625000 0.500000
vt 0.625000 0.500000
vt 0.625000 0.500000
vt 0.625000 0.500000
vt 0.625000 0.500000
vt 0.625000 0.500000
vt 0.625000 0.500000
vt 0.625000 0.500000
vt 0.625000 0.500000
vt 0.625000 0.500000
vt 0.625000 0.500000
vt 0.625000 0.500000
vt 0.625000 0.500000
vt 0.625000 0.500000
vt 0.625000 0.500000
vt 0.625000 0.500000
vt 0.625000 0.500000
vt 0.625000 0.500000
vt 0.625000 0.500000
vt 0.625000 0.500000
vt 0.625000 0.500000
vt 0.625000 0.500000
vt 0.625000 0.500000
vt 0.625000 0.500000
vt 0.625000 0.500000
vt 0.625000 0.500000
vt 0.625000 0.500000
vt 0.625000 0.500000
vt 0.625000 0.500000
vt 0.625000 0.500000
vt 0.625000 0.500000
vt 0.625000 0.500000
vt 0.625000 0.500000
vt 0.625000 0.500000
vt 0.625000 0.500000
vt 0.625000 0.500000
vt 0.625000 0.500000
vt 0.625000 0.500000
vt 0.625000 0.500000
vt 0.625000 0.500000
vt 0.625000 0.500000
vt 0.625000 0.500000
vt 0.625000 0.500000
vt 0.625000 0.500000
vt 0.625000 0.500000
vt 0.625000 0.500000
vt 0.625000 0.500000
vt 0.625000 0.500000
vt 0.625000 0.500000
vt 0.625000 0.500000
vt 0.625000 0.500000
vt 0.625000 0.500000
vt 0.625000 0.500000
vt 0.625000 0.500000
vt 0.625000 0.500000
vt 0.625000 0.500000
vt 0.625000 0.500000
vt 0.625000 0.500000
vt 0.625000 0.500000
vt 0.625000 0.500000
vt 0.625000 0.500000
vt 0.625000 0.500000
vt 0.625000 0.500000
vt 0.625000 0.500000
vt 0.625000 0.500000
vt 0.625000 0.500000
vt 0.625000 0.500000
vt 0.625000 0.500000
vt 0.625000 0.500000
vt 0.625000 0.500000
vt 0.625000 0.500000
vt 0.625000 0.500000
vt 0.625000 0.500000
vt 0.625000 0.500000
vt 0.625000 0.500000
vt 0.625000 0.500000
vt 0.625000 0.500000
vt 0.625000 0.500000
vt 0.625000 0.500000
vt 0.625000 0.500000
vt 0.625000 0.500000
vt 0.625000 0.500000
vt 0.625000 0.500000
vt 0.625000 0.500000
vt 0.625000 0.500000
vt 0.625000 0.500000
vt 0.625000 0.500000
vt 0.625000 0.500000
vt 0.625000 0.500000
vt 0.625000 0.500000
vt 0.625000 0.500000
vt 0.625000 0.500000
vt 0.625000 0.500000
vt 0.625000 0.500000
vt 0.625000 0.500000
vt 0.625000 0.500000
vt 0.625000 0.500000
vt 0.625000 0.500000
vt 0.625000 0.500000
vt 0.625000 0.500000
vt 0.625000 0.500000
vt 0.625000 0.500000
vt 0.625000 0.500000
vt 0.625000 0.500000
vt 0.625000 0.500000
vt 0.625000 0.500000
vt 0.625000 0.500000
vt 0.625000 0.500000
vt 0.625000 0.500000
vt 0.625000 0.500000
vt 0.625000 0.500000
vt 0.625000 0.500000
vt 0.625000 0.500000
vt 0.625000 0.500000
vt 0.625000 0.500000
vt 0.625000 0.500000
vt 0.625000 0.500000
vt 0.625000 0.500000
vt 0.625000 0.500000
vt 0.625000 0.500000
vt 0.625000 0.500000
vt 0.625000 0.500000
vt 0.625000 0.500000
vt 0.625000 0.500000
vt 0.625000 0.500000
vt 0.625000 0.500000
vt 0.625000 0.500000
vt 0.625000 0.500000
vt 0.625000 0.500000
vt 0.625000 0.500000
vt 0.625000 0.500000
vt 0.625000 0.500000
vt 0.625000 0.500000
vt 0.625000 0.500000
vt 0.625000 0.500000
vt 0.625000 0.500000
vt 0.625000 0.500000
vt 0.625000 0.500000
vt 0.625000 0.500000
vt 0.625000 0.500000
vt 0.625000 0.500000
vt 0.625000 0.500000
vt 0.625000 0.500000
vt 0.625000 0.500000
vt 0.625000 0.500000
vt 0.625000 0.500000
vt 0.625000 0.500000
vt 0.625000 0.500000
vt 0.625000 0.500000
vt 0.625000 0.500000
vt 0.625000 0.500000
vt 0.625000 0.500000
vt 0.625000 0.500000
vt 0.625000 0.500000
vt 0.625000 0.500000
vt 0.625000 0.500000
vt 0.625000 0.500000
vt 0.625000 0.500000
vt 0.625000 0.500000
vt 0.625000 0.500000
vt 0.625000 0.500000
vt 0.625000 0.500000
vt 0.625000 0.500000
vt 0.625000 0.500000
vt 0.625000 0.500000
vt 0.625000 0.500000
vt 0.625000 0.500000
vt 0.625000 0.500000
vt 0.625000 0.500000
vt 0.625000 0.500000
vt 0.625000 0.500000
vt 0.625000 0.500000
vt 0.625000 0.500000
vt 0.625000 0.500000
vt 0.625000 0.500000
vt 0.625000 0.500000
vt 0.625000 0.500000
vt 0.625000 0.500000
vt 0.625000 0.500000
vt 0.625000 0.500000
vt 0.625000 0.500000
vt 0.625000 0.500000
vt 0.625000 0.500000
vt 0.625000 0.500000
vt 0.625000 0.500000
vt 0.625000 0.500000
vt 0.625000 0.500000
vt 0.625000 0.500000
vt 0.625000 0.500000
vt 0.625000 0.500000
vt 0.625000 0.500000
vt 0.625000 0.500000
vt 0.625000 0.500000
vt 0.625000 0.500000
vt 0.625000 0.500000
vn -0.8653 -0.5001 -0.0339
vn -0.9576 -0.2862 -0.0343
vn -0.8760 -0.4414 -0.1944
vn -0.9722 -0.0088 0.2339
vn -0.1804 -0.7440 -0.6434
vn -0.9542 -0.1315 0.2688
vn -0.9918 -0.0241 0.1255
vn -0.9652 -0.0012 0.2615
vn -0.9662 -0.0006 0.2577
vn -0.9663 -0.0001 0.2576
vn -0.9650 -0.0014 0.2623
vn -0.9966 -0.0239 -0.0792
vn -0.9660 0.0003 0.2586
vn -0.9659 0.0002 0.2589
vn -0.9660 0.0002 0.2587
vn -0.9651 -0.1381 0.2223
vn -0.9857 -0.0027 0.1682
vn -0.9637 -0.0808 -0.2546
vn -0.4638 -0.2616 -0.8464
vn -0.4649 -0.2889 -0.8369
vn -0.9660 0.0002 0.2586
vn -0.6235 0.2164 -0.7513
vn -0.5064 0.3803 -0.7739
vn -0.4020 0.2560 -0.8791
vn -0.9660 0.0003 0.2585
vn -0.9660 0.0007 0.2586
vn -0.9836 0.1594 -0.0842
vn -0.9660 0.0004 0.2585
vn -0.9664 0.0001 0.2569
vn -0.9661 0.0008 0.2582
vn -0.9664 0.0002 0.2571
vn -0.9667 -0.0003 0.2559
vn -0.9659 0.0001 0.2591
vn -0.9660 0.0000 0.2584
vn -0.9659 0.0000 0.2588
vn -0.9631 0.2647 -0.0496
vn -0.9746 0.0430 -0.2196
vn -0.9945 0.1019 0.0251
vn -0.9824 0.0155 0.1863
vn -0.8932 -0.0662 -0.4447
vn -0.8457 0.1323 -0.5169
vn -0.9684 -0.0155 0.2491
vn -1.0000 -0.0055 0.0045
vn -0.9079 0.1837 0.3769
vn -0.9813 -0.1237 0.1473
vn -0.9747 -0.0168 0.2231
vn -0.9741 -0.0178 0.2254
vn -0.9748 -0.0164 0.2225
vn -0.6599 0.1330 0.7395
vn -0.1827 0.4526 0.8728
vn -0.7954 0.1572 0.5853
vn -0.4824 0.4706 0.7388
vn -0.9392 0.0225 0.3427
vn -0.9067 0.1741 0.3841
vn -0.9658 0.0001 0.2592
vn -0.9655 0.0000 0.2603
vn -0.9615 0.0959 0.2576
vn -0.9659 0.0004 0.2588
vn -0.9659 0.0001 0.2589
vn -0.9420 0.1242 0.3117
vn -0.2281 0.8063 0.5458
vn -0.9560 0.0463 0.2895
vn -0.8274 0.2869 0.4828
vn -0.8699 0.3771 0.3180
vn -0.9659 0.0002 0.2588
vn -0.9659 -0.0001 0.2591
vn -0.3370 0.8573 0.3891
vn -0.1208 0.9480 0.2943
vn -0.9641 -0.0004 0.2654
vn -0.9059 0.2439 0.3462
vn -0.2422 0.9447 0.2211
vn -0.9635 -0.0005 0.2677
vn -0.9662 -0.0015 0.2580
vn -0.9660 -0.0069 0.2584
vn -0.8745 0.4111 0.2575
vn -0.8726 0.4147 0.2581
vn -0.8732 0.4134 0.2579
vn -0.9651 0.0006 0.2619
vn -0.8751 0.4098 0.2573
vn -0.9653 -0.0023 0.2613
vn -0.9659 -0.0107 0.2586
vn -0.9479 0.1976 0.2499
vn -0.9458 0.2044 0.2524
vn -0.9464 0.2023 0.2516
vn -0.8342 0.5320 0.1453
vn -0.9485 0.1955 0.2493
vn -0.8871 -0.1619 0.4323
vn -0.9405 -0.2348 0.2458
vn -0.9483 0.1883 0.2555
vn -0.9070 -0.2902 0.3052
vn -0.2469 -0.8390 0.4848
vn -0.1623 -0.9738 0.1590
vn -0.9119 -0.1796 0.3690
vn -0.7031 -0.2588 0.6623
vn -0.4443 -0.5362 0.7177
vn -0.6215 -0.4726 0.6248
vn -0.2224 -0.4726 0.8528
vn -0.1341 -0.6815 0.7194
vn -0.9660 0.0001 0.2586
vn -0.2133 -0.2905 0.9328
vn -0.1522 -0.5049 0.8497
vn -0.9660 -0.0001 0.2586
vn -0.9659 -0.0000 0.2590
vn -0.9659 -0.0001 0.2588
vn -0.8148 -0.1653 0.5557
vn 0.0561 -0.2619 0.9635
vn -0.7498 -0.1906 0.6336
vn -0.7912 -0.2115 0.5738
vn -0.9662 -0.0014 0.2576
vn -0.9659 -0.0025 0.2590
vn -0.9656 0.0010 0.2600
vn -0.9659 0.0003 0.2589
vn -0.1401 -0.9503 0.2779
vn -0.9660 0.0002 0.2584
vn -0.9672 -0.0510 0.2490
vn -0.9659 0.0001 0.2588
vn -0.9104 -0.0530 0.4102
vn -0.2525 -0.9672 0.0275
vn -0.9660 0.0000 0.2587
vn -0.5411 -0.8402 -0.0365
vn -0.6656 -0.7274 0.1669
vn -0.9363 -0.3504 0.0231
vn -0.2998 -0.9432 -0.1432
vn -0.2898 -0.9418 -0.1704
vn -0.9659 -0.0003 0.2589
vn -0.9399 -0.3340 0.0707
vn -0.9677 0.0113 0.2517
vn -0.9665 0.0042 0.2565
vn -0.9662 0.0021 0.2579
vn -0.9595 0.0023 0.2816
vn -0.9679 0.0126 0.2509
vn -0.8947 0.3469 0.2814
vn -0.3547 0.9298 0.0981
vn -0.6876 0.5184 0.5084
vn -0.7442 0.5711 0.3464
vn -0.8022 0.5937 0.0628
vn -0.6833 0.5882 -0.4326
vn -0.9509 0.2759 0.1405
vn -0.9863 0.1508 -0.0672
vn -0.5398 0.0657 -0.8392
vn -0.5373 0.0649 -0.8409
vn -0.5364 0.0646 -0.8415
vn -0.9163 0.2920 -0.2742
vn -0.2943 0.9552 -0.0324
vn -0.5409 0.0662 -0.8385
vn -0.9493 -0.1626 -0.2691
vn -0.2119 -0.9772 -0.0115
vn -0.9978 -0.0605 -0.0261
vn -0.9489 -0.2409 -0.2037
vn -0.9659 -0.0000 0.2589
vn -0.9510 -0.2411 0.1937
vn -0.9901 -0.0219 0.1388
vn -0.8990 -0.4380 0.0029
vn -0.9135 -0.4053 -0.0346
vn -0.9421 -0.2206 0.2524
vn -0.8653 -0.1644 0.4735
vn -0.8371 -0.4720 0.2765
vn -0.7089 -0.5318 0.4633
vn -0.1386 -0.9902 0.0136
vn -0.2046 -0.5941 0.7780
vn -0.0578 -0.9376 0.3430
vn -0.9476 -0.0504 0.3153
vn 0.0573 -0.2605 0.9638
vn 0.0677 -0.9920 -0.1068
vn -0.6135 -0.2995 0.7307
vn -0.9660 0.0001 0.2587
vn -0.9527 -0.0051 0.3038
vn -0.9812 0.0300 0.1906
vn 0.9756 0.0370 -0.2164
vn -0.6943 0.0977 0.7130
vn -0.0508 0.9986 0.0136
vn -0.2769 0.0000 0.9609
vn -0.3244 0.0503 0.9446
vn -0.2577 -0.0359 -0.9656
vn -0.2580 -0.0333 -0.9656
vn -0.2567 -0.0384 -0.9657
vn -0.2481 0.0991 -0.9636
vn -0.2648 0.1267 -0.9559
vn -0.2573 0.1306 -0.9575
vn -0.2566 0.1308 -0.9576
vn -0.2502 0.2514 -0.9350
vn -0.2120 0.4201 -0.8824
vn -0.6166 0.5357 -0.5769
vn -0.2231 0.5471 -0.8068
vn -0.2234 0.5468 -0.8069
vn -0.2224 0.5479 -0.8064
vn -0.6117 0.5825 -0.5352
vn -0.2047 0.7029 -0.6812
vn -0.2221 0.5482 -0.8063
vn -0.5575 -0.2611 -0.7881
vn -0.9668 0.0017 0.2555
vn -0.9659 -0.0041 0.2591
vn -0.9669 0.0022 0.2550
vn -0.9668 0.0003 0.2556
vn -0.6841 -0.2229 -0.6944
vn -0.2523 -0.2149 -0.9435
vn -0.2522 -0.2142 -0.9437
vn -0.2526 -0.2146 -0.9435
vn -0.2549 -0.2090 -0.9441
vn -0.2450 -0.3277 -0.9125
vn -0.2420 -0.3324 -0.9116
vn -0.2434 -0.3306 -0.9118
vn -0.2465 -0.3249 -0.9130
vn -0.9658 -0.0040 0.2591
vn -0.9659 -0.0002 0.2590
vn -0.9659 -0.0001 0.2590
vn -0.9659 -0.0001 0.2589
vn -0.9890 -0.1145 -0.0941
vn -0.7210 -0.3965 -0.5683
vn 0.9656 0.0824 -0.2467
vn -0.9711 -0.0777 0.2259
vn -0.9655 -0.0025 0.2605
vn -0.9670 0.0085 0.2548
vn -0.9671 0.0086 0.2542
vn -0.9646 -0.0871 0.2489
vn -0.9654 -0.0033 0.2606
vn -0.9826 0.1596 -0.0951
vn -0.4626 -0.1091 -0.8798
vn -0.4480 0.3038 -0.8408
vn -0.3533 0.1653 -0.9208
vn -0.9561 0.1181 0.2682
vn -0.9555 0.1187 0.2699
vn -0.9561 0.1182 0.2682
vn -0.9279 -0.0305 0.3716
vn -0.9566 0.1176 0.2665
vn -0.9283 -0.0093 0.3717
vn 0.9591 -0.1132 -0.2593
vn -0.9592 0.1128 0.2593
vn -0.9591 0.1138 0.2591
vn -0.9597 0.1042 0.2612
vn -0.9591 0.1146 0.2588
vn -0.9075 0.0095 0.4200
vn -0.8275 -0.2204 0.5164
vn -0.8417 -0.0920 0.5321
vn -0.8726 -0.0324 0.4874
vn 0.0337 -0.2889 0.9568
vn -0.2552 -0.1945 0.9471
vn -0.9667 0.0000 0.2558
vn 0.0170 -0.0558 0.9983
vn -0.0756 -0.2364 0.9687
vn -0.3139 -0.4379 -0.8425
vn -0.2382 -0.4075 -0.8816
vn -0.2494 -0.4087 -0.8779
vn -0.2378 -0.4072 -0.8818
vn -0.2140 -0.4520 -0.8660
vn -0.3454 -0.1838 -0.9203
vn -0.9470 0.2767 -0.1632
vn -0.9303 0.0029 0.3669
vn -0.7100 0.3972 -0.5815
vn -0.2228 0.4987 -0.8377
vn -0.2247 0.4995 -0.8367
vn -0.2230 0.4993 -0.8372
vn -0.2232 0.4995 -0.8371
vn -0.9546 0.0073 0.2979
vn -0.9621 0.0555 0.2669
vn -0.2262 0.4990 -0.8366
vn -0.2243 0.4993 -0.8369
vn -0.2253 0.5000 -0.8362
vn -0.2254 0.4999 -0.8362
vn -0.2051 0.4653 -0.8611
vn 0.5241 0.3338 -0.7835
vn -0.0751 0.5254 -0.8475
vn 0.5349 0.3738 -0.7577
vn -0.0026 0.9991 0.0420
vn -0.0507 0.9987 0.0055
vn 0.0196 0.9998 -0.0042
vn -0.4955 0.6694 0.5536
vn -0.1315 -0.8814 -0.4537
vn -0.1252 -0.8464 -0.5176
vn -0.1034 -0.9152 -0.3896
vn -0.0996 -0.9524 -0.2881
vn -0.0220 -0.9909 -0.1329
vn -0.0468 -0.9947 0.0913
vn -0.0201 -0.9981 0.0584
vn -0.0553 -0.9765 0.2083
vn -0.1725 -0.7220 -0.6700
vn -0.1740 -0.7214 -0.6702
vn -0.1831 -0.7180 -0.6715
vn -0.2117 -0.5945 -0.7757
vn -0.2292 -0.4984 -0.8361
vn -0.2073 -0.5598 -0.8023
vn -0.2369 -0.3687 -0.8989
vn -0.2406 -0.3719 -0.8966
vn -0.2389 -0.3760 -0.8953
vn -0.7984 0.5779 0.1692
vn -0.8309 0.5540 -0.0518
vn -0.8051 0.5526 0.2157
vn -0.2370 -0.3662 -0.8999
vn -0.2537 -0.1968 -0.9471
vn -0.2581 -0.1934 -0.9466
vn -0.2540 -0.1985 -0.9466
vn -0.7175 0.4456 0.5354
vn -0.4097 0.9056 0.1098
vn -0.3976 0.0000 0.9175
vn -0.7062 0.3159 0.6336
vn -0.9659 -0.0000 0.2587
vn -0.3255 -0.0004 0.9456
vn -0.8788 -0.1882 0.4385
vn -0.2384 0.2816 -0.9294
vn -0.2316 0.4351 -0.8701
vn -0.9015 -0.4054 0.1515
vn -0.8652 -0.4463 0.2286
vn -0.8645 -0.4606 0.2013
vn -0.2006 0.5624 -0.8022
vn -0.1761 0.5505 -0.8160
vn -0.2910 0.3873 -0.8748
vn -0.2227 0.3405 -0.9135
vn -0.2395 0.1775 -0.9546
vn -0.2522 -0.0175 -0.9675
vn -0.2564 -0.2233 -0.9404
vn -0.2313 -0.2616 -0.9371
vn 0.2151 0.6209 0.7538
vn 0.1915 0.6501 0.7353
vn 0.1913 0.6468 0.7383
vn 0.1962 0.6549 0.7298
vn 0.2096 0.5324 0.8201
vn 0.2096 0.6013 0.7710
vn 0.2085 0.6022 0.7706
vn 0.2123 0.5990 0.7721
vn 0.2298 0.5150 0.8258
vn -0.8468 -0.2798 -0.4524
vn -0.2404 -0.3832 -0.8918
vn -0.2337 -0.3879 -0.8916
vn -0.2330 -0.3884 -0.8916
vn -0.2406 -0.3831 -0.8918
vn 0.2396 0.4378 0.8666
vn -0.9961 -0.0529 -0.0713
vn -0.2488 -0.2812 -0.9268
vn -0.2496 -0.2792 -0.9272
vn -0.2491 -0.2816 -0.9267
vn -0.9977 -0.0676 -0.0063
vn -0.9739 -0.0181 0.2262
vn -0.2541 -0.3845 -0.8875
vn -0.1445 0.4014 0.9044
vn 0.2539 0.3503 0.9016
vn 0.2346 0.4218 0.8758
vn 0.2316 0.4220 0.8765
vn 0.2372 0.4221 0.8750
vn 0.2361 0.3769 0.8957
vn -0.9996 -0.0009 0.0280
vn -0.9344 0.1101 0.3389
vn -0.7628 -0.0015 0.6467
vn -0.9896 -0.0403 0.1379
vn -0.9907 -0.0344 0.1314
vn -0.9905 -0.0359 0.1331
vn 0.0533 0.2118 0.9758
vn 0.2536 0.2614 0.9313
vn 0.2537 0.2612 0.9314
vn 0.2519 0.2634 0.9312
vn 0.2517 0.2636 0.9312
vn -0.9894 -0.0416 0.1393
vn -0.6064 -0.1146 -0.7868
vn -0.2559 -0.1635 -0.9528
vn -0.2554 -0.1642 -0.9528
vn -0.2561 -0.1625 -0.9529
vn -0.9865 -0.0075 0.1638
vn -0.9872 -0.0010 0.1597
vn -0.9863 -0.0087 0.1646
vn -0.5080 -0.0583 -0.8594
vn -0.2468 -0.2252 -0.9425
vn -0.2518 -0.2278 -0.9406
vn -0.2521 -0.2265 -0.9408
vn -0.2554 -0.1649 -0.9527
vn -0.1184 0.2294 0.9661
vn 0.0944 0.1090 0.9895
vn 0.2594 0.1508 0.9539
vn 0.2532 0.1469 0.9562
vn 0.2527 0.1468 0.9564
vn 0.2603 0.1514 0.9536
vn -0.6710 -0.0418 -0.7403
vn -0.9873 0.0005 0.1588
vn -0.9748 -0.0313 0.2210
vn -0.2554 -0.0591 -0.9650
vn -0.2555 -0.0595 -0.9650
vn -0.2549 -0.0604 -0.9651
vn 0.0861 -0.0018 0.9963
vn 0.0902 -0.0045 0.9959
vn 0.0855 -0.0013 0.9963
vn 0.0909 -0.0050 0.9958
vn 0.2578 -0.0016 0.9662
vn 0.2575 -0.0015 0.9663
vn 0.2581 -0.0023 0.9661
vn 0.2589 -0.0033 0.9659
vn -0.2548 -0.0762 -0.9640
vn -0.2602 -0.0772 -0.9625
vn -0.2605 -0.0772 -0.9624
vn 0.0906 -0.0926 0.9916
vn 0.2569 -0.0638 0.9643
vn 0.2573 -0.0632 0.9643
vn 0.2585 -0.0660 0.9638
vn 0.2555 -0.1464 0.9557
vn 0.2557 -0.1449 0.9558
vn 0.2567 -0.1460 0.9554
vn -0.1285 -0.1919 0.9730
vn 0.2458 -0.2567 0.9347
vn 0.2469 -0.2486 0.9366
vn 0.2520 -0.2525 0.9342
vn 0.2565 -0.2724 0.9274
vn 0.2404 -0.3060 0.9212
vn -0.2270 -0.5110 -0.8291
vn -0.2244 -0.5022 -0.8351
vn -0.2162 -0.5051 -0.8355
vn 0.2339 -0.4126 0.8803
vn 0.2361 -0.4096 0.8812
vn 0.2374 -0.4113 0.8800
vn -0.0028 -0.4430 0.8965
vn 0.2336 -0.4077 0.8827
vn -0.2229 -0.4915 -0.8419
vn 0.2499 -0.3583 0.8995
vn 0.2039 -0.3156 0.9267
vn 0.2359 -0.4131 0.8796
vn 0.2292 -0.2453 0.9419
vn 0.6826 -0.2350 0.6920
vn 0.2086 -0.3142 0.9262
vn 0.2088 -0.3142 0.9261
vn 0.2087 -0.3142 0.9261
vn 0.2084 -0.3142 0.9262
vn 0.2357 -0.4124 0.8800
vn 0.2351 -0.4129 0.8799
vn 0.2538 -0.3647 0.8959
vn 0.9120 -0.2496 0.3256
vn 0.9960 -0.0802 0.0388
vn 0.9640 -0.2636 0.0337
vn 0.4120 -0.2401 0.8790
vn 0.8963 -0.1268 0.4250
vn 0.2452 -0.3216 0.9146
vn 0.9819 -0.0770 0.1728
vn -0.2551 -0.1610 -0.9534
vn -0.2545 -0.1619 -0.9534
vn -0.2549 -0.1605 -0.9536
vn -0.2622 -0.1566 -0.9522
vn -0.2502 0.2074 -0.9457
vn -0.2403 0.2394 -0.9407
vn 0.2138 -0.5577 0.8021
vn 0.2100 -0.5617 0.8002
vn 0.2140 -0.5574 0.8022
vn -0.9660 -0.0009 0.2586
vn -0.9657 0.0017 0.2597
vn -0.9658 0.0011 0.2594
vn -0.9660 -0.0011 0.2586
vn 0.2144 -0.6320 0.7447
vn 0.2097 -0.5619 0.8002
vn -0.9418 0.0824 0.3260
vn -0.9657 -0.0005 0.2597
vn -0.9479 0.2566 0.1887
vn -0.9103 0.3812 0.1613
vn -0.9659 -0.0005 0.2589
vn -0.9719 0.2346 0.0194
vn -0.9652 0.2608 -0.0180
vn -0.9639 0.0036 0.2661
vn -0.9633 0.0253 0.2671
vn -0.9638 0.0039 0.2667
vn -0.9769 0.0395 0.2102
vn -0.9685 0.0031 0.2489
vn -0.9689 0.0036 0.2475
vn -0.9668 0.0007 0.2556
vn 0.1448 -0.7858 0.6013
vn 0.1432 -0.7864 0.6008
vn 0.1435 -0.7861 0.6012
vn 0.1447 -0.7318 0.6660
vn 0.1365 -0.6722 0.7277
vn -0.5470 0.6471 0.5311
vn -0.5160 0.6902 0.5072
vn -0.5380 0.8421 -0.0384
vn -0.1432 0.9885 -0.0489
vn 0.1291 0.8658 0.4835
vn 0.1310 0.8668 0.4811
vn 0.1316 0.8670 0.4806
vn 0.2829 0.9203 -0.2704
vn -0.1911 0.6997 -0.6883
vn -0.1870 0.7007 -0.6885
vn -0.1833 0.6987 -0.6916
vn -0.1832 0.6984 -0.6918
vn -0.0494 0.9851 0.1649
vn -0.0449 0.9848 0.1680
vn -0.0442 0.9847 0.1685
vn -0.0506 0.9851 0.1641
vn -0.0554 -0.9710 -0.2324
vn -0.0453 -0.9947 -0.0927
vn 0.0952 -0.9152 0.3916
vn 0.0947 -0.9149 0.3924
vn 0.0967 -0.9161 0.3892
vn 0.1400 -0.8727 0.4677
vn 0.1040 -0.8437 0.5266
vn -0.2516 -0.1958 -0.9478
vn -0.4842 0.8653 0.1297
vn -0.4574 0.0000 -0.8893
vn 0.8502 -0.4746 -0.2279
vn -0.9659 0.0000 0.2591
vn -0.2590 -0.0350 -0.9653
vn -0.5894 -0.7904 0.1669
vn 0.9659 0.0000 -0.2589
vn -0.5162 0.2374 -0.8229
vn -0.9773 0.0000 -0.2118
vn -0.0437 -0.9990 0.0117
vn -0.0333 0.9994 0.0089
vn -0.9706 0.0335 -0.2383
vn -0.2424 0.4157 -0.8766
vn -0.2090 0.5842 -0.7842
vn -0.2042 0.5838 -0.7858
vn -0.2039 0.5843 -0.7855
vn -0.1799 0.6988 -0.6923
vn -0.1809 0.6943 -0.6966
vn -0.1848 0.6954 -0.6944
vn -0.1890 0.6978 -0.6909
vn -0.1886 0.6970 -0.6919
vn -0.2287 0.5499 -0.8033
vn -0.2077 0.5207 -0.8281
vn -0.2140 0.6262 -0.7497
vn -0.2445 0.3836 -0.8906
vn -0.2444 0.3657 -0.8981
vn -0.2350 0.3667 -0.9002
vn -0.2357 0.3666 -0.9000
vn -0.0370 0.8849 0.4644
vn 0.1105 0.9004 0.4208
vn 0.1117 0.8985 0.4245
vn 0.1134 0.8985 0.4241
vn -0.2451 0.3657 -0.8979
vn -0.2547 0.1711 -0.9518
vn -0.2538 0.1750 -0.9513
vn -0.2537 0.1756 -0.9512
vn -0.2568 0.1745 -0.9506
vn -0.2542 0.1693 -0.9522
vn 0.1395 0.8253 0.5471
vn 0.1495 0.8333 0.5322
vn 0.1501 0.8333 0.5320
vn 0.1494 0.8333 0.5323
vn -0.2601 -0.0041 -0.9656
vn -0.0307 0.7098 0.7037
vn 0.1085 0.7496 0.6530
vn 0.1972 0.6556 0.7289
vn 0.1696 0.7407 0.6501
vn 0.1689 0.7401 0.6509
vn 0.1695 0.7401 0.6507
vn 0.1996 0.6487 0.7344
vn 0.1997 0.6434 0.7390
vn 0.2134 0.5980 0.7725
vn 0.2046 0.6420 0.7389
vn -0.2396 -0.2211 -0.9454
vn -0.2486 -0.2800 -0.9272
vn -0.2494 -0.2780 -0.9276
vn -0.2400 -0.3779 -0.8942
vn -0.2394 -0.3782 -0.8942
vn -0.2338 -0.3777 -0.8959
vn -0.2441 -0.2304 -0.9420
vn 0.6412 0.1231 0.7574
vn -0.2582 -0.0592 -0.9643
vn 0.2570 -0.0651 0.9642
vn 0.2566 -0.1465 0.9553
vn -0.2528 -0.2122 -0.9439
vn -0.2556 -0.2064 -0.9445
vn -0.2545 -0.0762 -0.9641
vn -0.2500 -0.3108 -0.9170
vn 0.2177 -0.2263 -0.9494
vn -0.2418 -0.3325 -0.9116
vn -0.2257 -0.5020 -0.8349
vn 0.2059 -0.5612 0.8017
vn 0.1946 -0.5623 0.8038
vn 0.2106 -0.5836 0.7843
vn 0.1957 -0.6693 0.7168
vn 0.1924 -0.6721 0.7150
vn 0.1968 -0.6685 0.7172
vn 0.1269 -0.7408 0.6596
vn 0.1856 -0.7372 0.6497
vn 0.1879 -0.6757 0.7128
vn 0.1216 0.8651 0.4867
vn 0.1184 0.8648 0.4880
vn 0.1181 0.8647 0.4882
vn 0.1413 0.8726 0.4675
vn 0.0863 0.9958 0.0298
vn 0.1303 0.8792 0.4582
vn 0.0490 0.8735 0.4843
vn 0.1296 0.8661 0.4829
vn 0.1294 0.8660 0.4830
vn 0.1324 0.8667 0.4809
vn 0.0978 0.9931 0.0645
vn 0.1326 0.8668 0.4806
vn 0.0166 0.9998 0.0050
vn -0.1648 0.9436 0.2871
vn 0.4871 0.8719 0.0506
vn 0.3199 0.6344 0.7037
vn 0.1654 0.9747 0.1504
vn 0.7369 0.6674 0.1079
vn 0.7686 0.6274 0.1253
vn -0.3023 0.8470 0.4374
vn 0.4337 0.9010 -0.0030
vn 0.1018 0.9829 -0.1537
vn -0.1485 0.9807 -0.1269
vn 0.5505 0.6194 -0.5597
vn 0.1133 0.9935 -0.0129
vn -0.1309 0.9913 0.0144
vn 0.1623 0.9811 0.1052
vn -0.1056 0.9767 0.1869
vn -0.3090 0.8881 0.3402
vn -0.1603 0.9585 -0.2357
vn 0.4001 0.7163 -0.5717
vn -0.1891 0.6996 -0.6890
vn 0.1640 -0.7976 0.5804
vn 0.1551 -0.7821 0.6035
vn 0.0353 0.9898 0.1383
vn -0.1582 0.7859 -0.5978
vn -0.1628 0.7864 -0.5959
vn -0.1581 0.7860 -0.5977
vn -0.1911 0.6909 -0.6972
vn -0.1869 0.6916 -0.6976
vn -0.1796 0.6934 -0.6978
vn -0.1878 0.7011 -0.6879
vn -0.1869 0.7013 -0.6879
vn -0.1793 0.6936 -0.6977
vn -0.1767 0.7033 -0.6885
vn -0.1745 0.7038 -0.6887
vn -0.1504 0.6978 -0.7003
vn -0.1592 0.7835 -0.6006
vn -0.1617 0.7839 -0.5994
vn -0.1615 0.7837 -0.5998
vn 0.1154 -0.9014 0.4174
vn -0.1591 0.7863 -0.5971
vn -0.1593 0.7851 -0.5985
vn -0.0941 0.7705 -0.6304
vn 0.9504 0.0948 -0.2963
vn 0.9039 0.1363 -0.4055
vn -0.1588 0.8365 -0.5245
vn -0.1121 0.8604 -0.4972
vn -0.1177 0.8067 -0.5791
vn -0.1358 0.8076 -0.5739
vn -0.1581 0.8511 -0.5006
vn -0.1060 0.8841 -0.4551
vn -0.0667 -0.9244 -0.3755
vn -0.1506 -0.8524 -0.5007
vn -0.1080 -0.9030 -0.4157
vn -0.1205 -0.9061 -0.4056
vn -0.0088 -0.6885 -0.7251
vn -0.1466 -0.7964 -0.5868
vn 0.0753 -0.8176 -0.5709
vn 0.0729 -0.8195 -0.5685
vn -0.1846 -0.7174 -0.6718
vn -0.0228 -0.9682 -0.2492
vn -0.0638 -0.9846 -0.1630
vn 0.0185 -0.9976 -0.0674
vn -0.0232 -0.9997 -0.0043
vn 0.0557 -0.9951 0.0815
vn 0.0181 -0.9879 0.1543
vn 0.0850 -0.9678 0.2370
vn 0.0630 -0.9521 0.2991
vn 0.0971 -0.9163 0.3884
vn 0.1729 -0.7250 0.6666
vn -0.1826 -0.7059 -0.6844
vn -0.2288 -0.5549 -0.7998
vn 0.2102 -0.6403 0.7388
vn -0.0428 -0.5145 -0.8564
vn -0.0091 -0.5376 -0.8432
vn -0.2145 -0.5223 -0.8253
vn 0.2222 -0.4742 0.8519
vn 0.2285 -0.4872 0.8429
vn 0.2284 -0.4872 0.8429
vn 0.2377 -0.3354 0.9116
vn 0.2320 -0.3417 0.9107
vn 0.2331 -0.3404 0.9109
vn 0.1277 -0.1743 0.9764
vn 0.2071 -0.3849 0.8994
vn 0.2358 -0.4019 0.8848
vn 0.1966 -0.5426 0.8167
vn 0.2389 -0.5880 0.7728
vn -0.2519 0.2866 -0.9243
vn -0.2658 0.1262 -0.9557
vn 0.1766 -0.6682 0.7227
vn 0.2053 -0.6983 0.6857
vn -0.2147 0.4201 -0.8817
vn -0.2678 0.2613 -0.9274
vn -0.2276 0.4470 -0.8651
vn 0.1554 -0.7448 0.6490
vn 0.1930 -0.7953 0.5747
vn 0.1568 -0.8641 0.4783
vn 0.1123 -0.8302 0.5460
vn -0.2092 0.5845 -0.7840
vn -0.5307 0.4909 -0.6910
vn 0.1338 0.5795 -0.8039
vn -0.1908 0.5801 -0.7919
vn -0.2271 0.6154 -0.7548
vn 0.0542 0.9538 0.2954
vn 0.0583 0.9842 0.1670
vn 0.0581 0.9842 0.1673
vn 0.0527 0.9832 0.1746
vn 0.0584 0.9842 0.1668
vn 0.0828 0.9618 0.2610
vn 0.0857 0.9619 0.2596
vn 0.0851 0.9619 0.2599
vn 0.0180 0.9947 0.1011
vn -0.2028 0.5043 -0.8393
vn -0.2387 0.3540 -0.9043
vn 0.1068 0.8999 0.4227
vn 0.1503 0.8333 0.5320
vn 0.1158 0.8989 0.4226
vn 0.0923 0.9451 0.3135
vn 0.1036 0.9438 0.3139
vn 0.1039 0.9436 0.3144
vn 0.0665 0.9114 0.4061
vn 0.0751 0.9162 0.3935
vn 0.1705 0.7412 0.6493
vn -0.2958 -0.0281 -0.9548
vn 0.1723 0.7406 0.6495
vn 0.1832 0.7521 0.6331
vn 0.1735 0.7266 0.6648
vn -0.2583 -0.2097 -0.9430
vn -0.2640 -0.2107 -0.9412
vn -0.2573 -0.2095 -0.9433
vn -0.2645 -0.2106 -0.9411
vn 0.9339 0.3342 0.1271
vn 0.1972 0.7417 0.6411
vn 0.2236 0.3319 0.9164
vn 0.1746 0.6601 0.7306
vn 0.1887 0.4130 0.8910
vn 0.2374 0.4216 0.8751
vn 0.2347 0.4445 0.8645
vn 0.2246 0.4403 0.8693
vn 0.2378 0.4422 0.8648
vn -0.2384 -0.3751 -0.8958
vn -0.2395 -0.3732 -0.8963
vn 0.8500 0.2635 0.4562
vn 0.2087 0.6624 0.7194
vn 0.7914 0.2641 0.5513
vn 0.1645 0.3374 0.9269
vn 0.1656 0.3362 0.9271
vn 0.1655 0.3368 0.9269
vn 0.1558 0.3454 0.9254
vn 0.8179 0.2345 0.5255
vn 0.6328 0.2102 0.7452
vn 0.2061 0.2041 0.9570
vn 0.2028 0.1944 0.9597
vn 0.2066 0.2056 0.9566
vn -0.2555 -0.1650 -0.9526
vn 0.2576 0.1246 0.9582
vn 0.2572 0.1242 0.9583
vn 0.2546 0.1197 0.9596
vn 0.2025 0.1941 0.9599
vn 0.1411 -0.1534 -0.9780
vn -0.2430 -0.2307 -0.9422
vn 0.0622 -0.1358 -0.9888
vn -0.2616 -0.0599 -0.9633
vn 0.3745 -0.0041 0.9272
vn 0.1616 0.8277 0.5374
vn 0.2576 0.1249 0.9582
vn 0.5616 0.3574 0.7462
vn -0.2111 -0.0170 0.9773
vn -0.1830 0.6430 0.7437
vn -0.2287 -0.0102 0.9734
vn -0.1411 -0.8348 -0.5321
vn 0.2673 -0.0674 0.9613
vn -0.2501 -0.4087 -0.8777
vn -0.2318 -0.5101 -0.8283
vn -0.2637 -0.1555 -0.9520
vn 0.2314 -0.5852 0.7772
vn 0.2318 -0.5852 0.7771
vn 0.2192 -0.5881 0.7785
vn 0.1434 -0.8518 0.5040
vn 0.1432 -0.8517 0.5041
vn 0.1437 -0.8522 0.5030
vn 0.1282 -0.8668 0.4819
vn 0.1338 -0.9118 0.3883
vn -0.9663 -0.0001 0.2575
vn 0.1021 -0.9406 0.3238
vn -0.0804 -0.8832 0.4620
vn -0.0335 -0.9714 0.2350
vn -0.9624 0.0076 0.2715
vn -0.9667 0.0139 0.2555
vn -0.1400 -0.9522 0.2717
vn 0.0878 -0.9633 0.2535
vn 0.0648 -0.9512 0.3016
vn -0.1134 0.8768 -0.4674
vn -0.9685 -0.0053 0.2491
vn -0.9427 0.0339 0.3318
vn -0.9605 0.0538 0.2732
vn -0.9782 0.0658 0.1971
vn -0.9659 -0.0010 0.2590
vn -0.9237 -0.3295 0.1953
vn 0.0428 -0.9811 0.1890
vn 0.0606 -0.9831 0.1726
vn 0.0513 -0.9944 0.0929
vn 0.0971 -0.9937 0.0550
vn -0.1142 0.9215 -0.3711
vn -0.0919 0.9288 -0.3590
vn -0.0239 0.9410 -0.3376
vn -0.1187 0.9631 -0.2414
vn -0.0892 0.9715 -0.2198
vn -0.0566 0.9876 -0.1463
vn 0.0010 0.9790 -0.2037
vn 0.1740 0.9600 -0.2191
vn 0.0640 0.9853 -0.1582
vn -0.0777 0.9948 -0.0654
vn -0.1507 0.9884 -0.0164
vn -0.1070 -0.9460 -0.3059
vn 0.1343 -0.8928 0.4300
vn 0.1296 -0.8392 0.5281
vn 0.1865 -0.7752 0.6035
vn 0.1871 -0.7117 0.6771
vn 0.1733 -0.6993 0.6935
vn 0.1827 -0.5955 0.7824
vn 0.2004 -0.6926 0.6929
vn 0.2286 -0.4872 0.8428
vn 0.2404 -0.5127 0.8242
vn -0.2406 -0.3642 -0.8997
vn -0.2547 -0.3424 -0.9044
vn 0.2388 -0.3342 0.9117
vn 0.2512 -0.2700 0.9295
vn 0.2516 -0.2714 0.9290
vn 0.2510 -0.2696 0.9297
vn 0.2491 -0.2668 0.9310
vn -0.2523 -0.1948 -0.9478
vn -0.2574 -0.1871 -0.9480
vn -0.2603 -0.0325 -0.9650
vn -0.2582 -0.0363 -0.9654
vn 0.3952 -0.3782 0.8371
vn 0.2364 -0.3642 0.9008
vn 0.2356 -0.3629 0.9016
vn 0.2367 -0.3655 0.9002
vn 0.2336 -0.3645 0.9014
vn -0.2579 0.1097 -0.9599
vn 0.2128 -0.4611 0.8615
vn 0.2142 -0.5806 0.7855
vn 0.2340 -0.4833 0.8436
vn -0.2212 0.5660 -0.7942
vn 0.1275 -0.9356 0.3293
vn 0.0690 -0.9196 0.3868
vn 0.0330 -0.9883 0.1491
vn 0.0472 -0.9914 0.1224
vn 0.0461 -0.9913 0.1236
vn 0.0513 -0.9917 0.1178
vn -0.1882 0.7012 -0.6877
vn -0.1815 0.6924 -0.6984
vn 0.0212 0.5489 -0.8356
vn -0.0276 0.4334 -0.9008
vn 0.0118 0.5632 -0.8262
vn 0.0689 0.6801 -0.7298
vn 0.0314 0.7243 -0.6887
vn 0.0231 -0.9937 0.1094
vn 0.0295 -0.9911 0.1301
vn 0.0356 -0.9911 0.1286
vn 0.0354 -0.9911 0.1283
vn 0.0479 -0.9753 0.2157
vn 0.0436 -0.9740 0.2224
vn 0.0433 -0.9740 0.2225
vn -0.2389 0.5674 -0.7880
vn 0.0823 0.9618 0.2611
vn 0.0334 0.9980 0.0537
vn -0.0274 0.9980 -0.0573
vn -0.0475 0.9915 -0.1211
vn -0.0308 0.9868 -0.1591
vn -0.0758 0.9658 -0.2481
vn 0.0457 0.9719 0.2307
vn -0.2548 0.1732 -0.9513
vn -0.2508 -0.0301 -0.9676
vn -0.2532 -0.0263 -0.9671
vn -0.2502 -0.0311 -0.9677
vn -0.2535 -0.0256 -0.9670
vn -0.2528 -0.2295 -0.9399
vn 0.0300 0.5178 0.8550
vn 0.2361 0.4440 0.8643
vn 0.2497 0.3519 0.9021
vn 0.2496 0.3516 0.9023
vn 0.2435 0.3593 0.9009
vn 0.2427 0.3602 0.9007
vn 0.2361 0.2577 0.9369
vn 0.2714 0.1923 0.9431
vn 0.2263 0.1248 0.9660
vn 0.2495 0.1243 0.9604
vn 0.2459 0.1210 0.9617
vn 0.2466 0.1216 0.9615
vn -0.2622 -0.0606 -0.9631
vn 0.2512 -0.0114 0.9679
vn 0.2507 -0.0108 0.9680
vn 0.2550 -0.0158 0.9668
vn 0.2676 -0.0670 0.9612
vn 0.2563 -0.1471 0.9553
vn 0.2523 -0.2550 0.9335
vn -0.2358 -0.4264 -0.8732
vn 0.4290 -0.3468 -0.8341
vn 0.5641 -0.2301 -0.7930
vn -0.2464 -0.4354 -0.8659
vn -0.1782 -0.5093 -0.8419
vn -0.1911 -0.5677 -0.8008
vn -0.2532 -0.1461 -0.9563
vn -0.2481 -0.1535 -0.9565
vn -0.2541 -0.1449 -0.9563
vn -0.2466 -0.1557 -0.9565
vn -0.2543 0.1890 -0.9485
vn -0.2685 0.2477 -0.9309
vn 0.0184 0.2327 -0.9724
vn 0.1784 -0.6714 0.7193
vn 0.2324 -0.5848 0.7772
vn 0.1998 -0.6637 0.7209
vn 0.1997 -0.6635 0.7210
vn 0.1995 -0.6634 0.7212
vn 0.2019 -0.6660 0.7181
vn 0.1689 -0.7738 0.6105
vn 0.1618 -0.7705 0.6166
vn 0.1609 -0.7700 0.6174
vn 0.1705 -0.7745 0.6091
vn 0.1245 -0.8464 0.5178
vn 0.1233 -0.8463 0.5182
vn 0.1300 -0.8466 0.5161
vn 0.1437 -0.8523 0.5029
vn 0.9658 0.0002 -0.2593
vn 0.9667 0.0044 -0.2560
vn 0.9659 -0.0003 -0.2590
vn 0.1437 -0.1373 0.9800
vn 0.1317 -0.8641 0.4858
vn 0.1306 -0.8635 0.4872
vn 0.1345 -0.8654 0.4826
vn 0.1810 -0.2469 0.9520
vn 0.7273 -0.4410 0.5259
vn -0.0350 0.9705 -0.2387
vn -0.1069 0.9909 -0.0818
vn 0.9656 0.0019 -0.2600
vn 0.9659 0.0025 -0.2589
vn 0.9658 0.0000 -0.2592
vn 0.9659 -0.0001 -0.2590
vn 0.9659 -0.0000 -0.2590
vn -0.1220 0.5409 -0.8322
vn 0.0299 -0.9857 0.1659
vn 0.0451 -0.9975 0.0535
vn -0.8050 -0.5390 0.2479
vn -0.1182 0.6245 -0.7720
vn 0.0156 -0.9983 0.0558
vn -0.1471 0.0268 -0.9888
vn -0.1456 0.0229 -0.9891
vn -0.1476 0.0281 -0.9887
vn -0.1451 0.0216 -0.9892
vn 0.0773 0.9868 -0.1424
vn -0.0249 0.9978 -0.0612
vn 0.0318 0.9074 -0.4191
vn 0.0036 -0.9955 0.0949
vn -0.0166 -0.9999 0.0010
vn 0.0036 -0.9998 -0.0175
vn -0.9649 -0.0003 0.2627
vn -0.9658 -0.0007 0.2593
vn -0.0381 -0.9978 -0.0540
vn 0.0132 -0.9906 -0.1362
vn 0.0115 -0.9908 -0.1351
vn 0.0183 -0.9900 -0.1399
vn -0.9644 0.0001 0.2643
vn -0.0421 -0.9877 -0.1506
vn -0.0480 -0.9841 -0.1708
vn -0.0521 -0.9841 -0.1698
vn -0.0434 -0.9830 -0.1783
vn -0.0402 -0.9713 -0.2344
vn -0.9573 -0.0435 0.2858
vn -0.1684 0.9856 0.0133
vn -0.9680 -0.0111 0.2506
vn 0.0164 0.9985 -0.0527
vn 0.0110 0.9994 0.0321
vn -0.0086 0.9990 0.0429
vn 0.0037 0.9847 0.1744
vn -0.0166 0.9860 0.1662
vn -0.0674 -0.9644 -0.2558
vn -0.0232 -0.9864 -0.1627
vn -0.0673 -0.9932 -0.0948
vn 0.0216 -0.9998 -0.0043
vn -0.0229 -0.9977 0.0630
vn 0.0631 -0.9860 0.1545
vn 0.0212 -0.9674 0.2524
vn 0.1034 -0.9501 0.2943
vn 0.0644 -0.9116 0.4060
vn 0.1068 -0.8930 0.4373
vn 0.1454 -0.7778 0.6115
vn 0.1811 -0.7230 0.6666
vn 0.1486 -0.8464 0.5115
vn 0.0253 -0.7085 -0.7052
vn 0.0779 -0.8156 -0.5733
vn 0.0439 -0.6851 -0.7271
vn 0.2455 -0.6306 0.7362
vn 0.2030 -0.5109 0.8353
vn 0.2637 -0.3642 0.8932
vn -0.0795 -0.3333 -0.9395
vn -0.0550 -0.3632 -0.9301
vn -0.0898 -0.1923 -0.9772
vn -0.0860 -0.1977 -0.9765
vn -0.0904 -0.1915 -0.9773
vn -0.0855 -0.1985 -0.9764
vn -0.0904 -0.0354 -0.9953
vn -0.0858 0.1244 -0.9885
vn -0.0902 0.1312 -0.9872
vn -0.0851 0.1234 -0.9887
vn -0.0910 0.1323 -0.9870
vn 0.2139 -0.5158 0.8296
vn -0.0666 0.2483 -0.9664
vn -0.0849 0.2805 -0.9561
vn 0.1853 -0.5969 0.7806
vn 0.2136 -0.6207 0.7544
vn 0.1546 -0.7032 0.6940
vn 0.1853 -0.7353 0.6519
vn -0.0676 0.4738 -0.8781
vn 0.1343 -0.7803 0.6108
vn 0.1653 -0.8162 0.5537
vn 0.0878 -0.8719 0.4817
vn 0.1504 -0.8956 0.4186
vn 0.0053 -0.9445 0.3285
vn 0.0528 -0.9918 0.1161
vn 0.9649 0.0239 -0.2614
vn 0.9596 0.0016 -0.2814
vn -0.0791 0.0877 -0.9930
vn -0.0805 0.0910 -0.9926
vn -0.0787 0.0867 -0.9931
vn 0.0291 -0.9910 0.1303
vn -0.0809 0.0920 -0.9925
vn -0.9807 0.0742 0.1808
vn 0.0480 -0.9753 0.2154
vn -0.8095 -0.4812 0.3363
vn 0.0862 -0.9618 0.2600
vn -0.8334 -0.4215 0.3576
vn -0.9662 0.0062 0.2579
vn -0.9661 0.0083 0.2579
vn -0.9661 0.0077 0.2579
vn 0.0951 -0.9336 0.3454
vn 0.0888 -0.9355 0.3420
vn 0.0909 -0.9324 0.3498
vn -0.6885 -0.5964 0.4127
vn -0.9662 0.0054 0.2579
vn 0.0821 -0.9328 0.3509
vn -0.0937 0.7517 -0.6529
vn 0.0012 0.4522 -0.8919
vn 0.0450 0.9874 0.1516
vn 0.0390 0.9853 0.1661
vn 0.0392 0.9953 0.0883
vn 0.0040 0.9995 0.0317
vn 0.0071 0.9996 0.0260
vn 0.0043 0.9995 0.0315
vn 0.0003 0.9999 0.0134
vn -0.0002 0.9933 -0.1154
vn -0.0424 0.9486 -0.3137
vn -0.3933 0.9114 -0.1208
vn -0.9584 0.0136 0.2850
vn -0.4846 -0.7117 0.5085
vn -0.9797 0.0796 0.1838
vn -0.9662 0.0003 0.2579
vn 0.1067 -0.8943 0.4345
vn 0.1057 -0.8945 0.4344
vn 0.1122 -0.8933 0.4352
vn -0.1334 -0.8437 0.5199
vn -0.2610 0.3572 -0.8968
vn -0.1741 0.9043 -0.3897
vn -0.9690 0.1347 0.2070
vn -0.2124 0.3802 -0.9002
vn -0.1734 0.1182 -0.9777
vn 0.1464 0.8306 0.5373
vn 0.1442 0.8245 0.5472
vn 0.1442 0.8249 0.5465
vn 0.1468 0.8316 0.5356
vn -0.2395 -0.0173 -0.9707
vn -0.1337 -0.2196 -0.9664
vn -0.2542 -0.1271 -0.9588
vn 0.2160 0.5212 0.8256
vn 0.2165 0.5209 0.8257
vn 0.2155 0.5215 0.8256
vn -0.1548 -0.4249 -0.8919
vn -0.0180 -0.2877 -0.9575
vn -0.0197 -0.2991 -0.9540
vn -0.0199 -0.2985 -0.9542
vn 0.2368 0.4434 0.8645
vn -0.0373 -0.2757 -0.9605
vn -0.0177 -0.2871 -0.9577
vn -0.1270 -0.4859 -0.8648
vn 0.2533 0.1278 0.9589
vn 0.1481 -0.0571 -0.9873
vn 0.2552 -0.0158 0.9668
vn 0.0879 -0.0646 -0.9940
vn 0.9999 -0.0052 0.0153
vn 0.9980 0.0212 -0.0601
vn 0.9980 0.0127 -0.0626
vn 0.9979 0.0217 -0.0608
vn 0.9993 -0.0008 0.0364
vn 0.2457 -0.1289 0.9607
vn 0.2494 -0.2615 0.9324
vn 0.7715 -0.1723 -0.6124
vn 0.7076 -0.4578 -0.5382
vn 0.2030 -0.5593 0.8037
vn -0.8248 0.4315 -0.3655
vn 0.1646 -0.7279 0.6656
vn 0.1360 -0.8662 0.4808
vn 0.1532 -0.8760 0.4574
vn 0.1526 -0.8816 0.4467
vn -0.8037 0.5759 -0.1494
vn -0.7301 -0.2636 0.6304
vn -0.2881 0.8981 -0.3321
vn -0.1283 0.8737 -0.4692
vn -0.9775 0.0823 0.1943
vn -0.8947 -0.0487 0.4440
vn -0.9781 0.0099 0.2081
vn -0.1133 -0.8967 -0.4279
vn -0.1168 -0.8944 -0.4317
vn -0.1134 -0.8985 -0.4240
vn -0.9588 -0.1283 0.2535
vn -0.9820 -0.0162 0.1881
vn -0.2049 -0.8908 -0.4056
vn -0.1200 -0.9241 -0.3629
vn -0.0787 -0.9527 -0.2934
vn -0.0785 -0.9527 -0.2937
vn -0.0790 -0.9535 -0.2908
vn -0.9580 0.0481 0.2826
vn -0.9564 0.1206 0.2659
vn -0.0289 -0.9994 -0.0168
vn 0.1814 0.9788 -0.0953
vn 0.0202 -0.9898 -0.1413
vn -0.0782 -0.9536 -0.2908
vn -0.9679 -0.0636 0.2430
vn 0.0473 0.9936 0.1023
vn 0.0739 0.9828 0.1690
vn 0.0418 0.9823 0.1828
vn -0.0830 0.9533 0.2904
vn 0.0129 0.9548 0.2969
vn 0.0747 0.9526 0.2949
vn 0.1038 -0.8827 -0.4584
vn 0.1865 -0.9319 -0.3111
vn 0.1082 -0.9728 -0.2047
vn -0.1858 -0.5664 -0.8029
vn 0.0326 -0.9449 -0.3257
vn 0.0285 -0.8581 -0.5128
vn -0.1613 -0.7889 -0.5930
vn -0.1513 -0.7900 -0.5941
vn -0.1519 -0.7902 -0.5938
vn 0.2349 -0.9670 -0.0990
vn 0.1933 -0.9797 -0.0528
vn 0.2746 -0.9596 0.0617
vn 0.2356 -0.9662 0.1050
vn 0.2739 -0.9606 0.0471
vn 0.2741 -0.9606 0.0470
vn 0.2701 -0.9617 0.0461
vn -0.1627 -0.7947 -0.5847
vn -0.1898 -0.6724 -0.7154
vn -0.1911 -0.6758 -0.7118
vn -0.1915 -0.6768 -0.7108
vn 0.1810 -0.6909 0.6999
vn 0.2250 -0.4771 0.8496
vn 0.2396 -0.5156 0.8227
vn 0.2091 -0.5830 0.7851
vn 0.2095 -0.6078 0.7660
vn 0.4271 -0.6627 0.6152
vn 0.5707 -0.5614 0.5993
vn 0.3389 -0.7463 0.5729
vn 0.7758 -0.3957 0.4916
vn 0.3287 -0.4300 0.8409
vn 0.3713 -0.5064 0.7783
vn 0.2452 -0.3685 0.8967
vn 0.2362 -0.3403 0.9102
vn -0.2469 -0.3561 -0.9012
vn -0.2548 -0.2029 -0.9455
vn -0.2525 -0.2079 -0.9450
vn -0.2554 -0.2014 -0.9456
vn -0.2519 -0.2094 -0.9448
vn -0.2573 -0.0291 -0.9659
vn -0.2586 -0.0322 -0.9655
vn -0.2589 -0.0331 -0.9653
vn 0.2499 -0.2654 0.9312
vn 0.2490 -0.2659 0.9313
vn 0.2495 -0.2649 0.9314
vn 0.2328 -0.3641 0.9018
vn 0.2476 -0.3834 0.8898
vn -0.2581 0.1325 -0.9570
vn -0.2596 0.1361 -0.9561
vn -0.2576 0.1314 -0.9573
vn 0.4273 -0.5355 0.7285
vn -0.1260 -0.5862 0.8003
vn 0.2350 -0.5296 0.8151
vn -0.2362 0.2825 -0.9297
vn -0.2487 0.3107 -0.9174
vn 0.1897 -0.6563 0.7302
vn 0.5721 -0.6546 0.4942
vn -0.2473 -0.7488 0.6149
vn 0.1580 -0.7229 0.6727
vn 0.1834 -0.7670 0.6149
vn -0.2357 0.4237 -0.8746
vn 0.1215 -0.8174 0.5631
vn 0.0780 -0.9035 0.4214
vn 0.1188 -0.9219 0.3688
vn 0.1521 -0.8458 0.5114
vn -0.1778 0.5974 -0.7820
vn -0.2160 0.6496 -0.7289
vn 0.0394 -0.9683 0.2465
vn 0.1170 -0.9597 0.2556
vn 0.1032 -0.9771 0.1860
vn 0.0825 -0.0528 0.9952
vn 0.0822 -0.0521 0.9953
vn 0.0847 -0.0571 0.9948
vn 0.0853 -0.0581 0.9947
vn -0.1879 0.6780 -0.7106
vn -0.0248 0.6242 -0.7808
vn -0.1573 0.7756 -0.6114
vn -0.1514 0.7791 -0.6084
vn -0.1501 0.7798 -0.6078
vn 0.9297 0.3143 -0.1919
vn -0.0984 0.2440 -0.9648
vn -0.0780 0.1584 -0.9843
vn 0.0457 -0.2568 0.9654
vn 0.0957 -0.9330 0.3469
vn 0.1176 0.6899 -0.7143
vn 0.3168 0.4419 -0.8393
vn 0.9659 0.0000 -0.2588
vn 0.1564 0.9465 -0.2823
vn 0.1926 0.9158 -0.3525
vn 0.0406 0.8841 -0.4656
vn 0.0696 0.9554 0.2871
vn 0.0713 0.9793 0.1897
vn -0.0218 0.9994 0.0264
vn 0.0047 0.9995 -0.0312
vn 0.0100 0.9862 -0.1650
vn -0.0260 0.9955 -0.0911
vn 0.1249 0.9634 -0.2373
vn 0.0087 0.9827 -0.1849
vn -0.0971 -0.9151 0.3913
vn -0.8360 -0.3393 0.4312
vn 0.0714 -0.9073 0.4145
vn 0.6278 0.1925 -0.7542
vn 0.9659 0.0002 -0.2589
vn -0.3159 0.2239 -0.9220
vn 0.0526 0.2362 -0.9703
vn 0.4300 0.8954 -0.1152
vn 0.0865 0.2658 -0.9601
vn 0.4350 0.8905 -0.1335
vn 0.4839 0.8655 -0.1297
vn 0.4390 0.8983 0.0159
vn 0.5978 0.7855 -0.1602
vn 0.5035 0.8512 0.1478
vn 0.9753 0.0000 -0.2210
vn 0.9147 0.3308 -0.2320
vn 0.1684 -0.0347 0.9851
vn 0.9720 0.0172 -0.2343
vn 0.9720 0.0172 -0.2344
vn 0.9660 0.0005 -0.2587
vn 0.9979 0.0489 -0.0427
vn 0.9604 0.2057 -0.1878
vn 0.8856 0.4435 0.1377
vn 0.8468 0.4748 0.2398
vn 0.9652 -0.0017 -0.2614
vn 0.9747 0.1159 -0.1910
vn 0.9764 0.2143 0.0287
vn 0.9655 -0.0004 -0.2604
vn 0.9648 -0.0024 -0.2629
vn 0.9990 0.0281 -0.0359
vn 0.9648 -0.0020 -0.2630
vn 0.6057 0.4774 0.6365
vn 0.8852 0.4651 0.0128
vn 0.0502 -0.1526 -0.9870
vn 0.6325 -0.0094 -0.7745
vn 0.5161 0.1102 -0.8494
vn 0.1163 0.8988 0.4226
vn 0.0848 0.9304 0.3565
vn 0.0850 0.9304 0.3567
vn 0.0834 0.9308 0.3558
vn 0.1359 0.9160 0.3775
vn 0.1212 0.8695 0.4789
vn 0.0910 0.9452 0.3135
vn 0.0828 0.9310 0.3555
vn 0.0848 0.9578 0.2748
vn 0.0664 0.9419 0.3293
vn -0.1010 0.9346 -0.3410
vn -0.1216 0.9180 -0.3776
vn -0.1004 0.9044 -0.4147
vn -0.9659 0.0001 0.2587
vn -0.9770 0.2096 0.0397
vn -0.9801 0.0910 0.1763
vn -0.9438 0.2784 -0.1783
vn -0.9321 0.0087 0.3621
vn -0.9318 0.0017 0.3630
vn -0.9321 0.0106 0.3619
vn -0.9788 0.1059 0.1756
vn -0.9317 0.0000 0.3633
vn -0.9611 0.1002 0.2575
vn -0.9661 -0.0003 0.2580
vn -0.9602 0.1056 0.2584
vn -0.9586 0.1090 0.2630
vn -0.9587 0.1091 0.2627
vn -0.9661 -0.0004 0.2583
vn -0.9604 0.1052 0.2580
vn -0.9657 -0.0005 0.2595
vn -0.8740 0.0772 0.4797
vn -0.8758 0.0188 0.4823
vn -0.9657 -0.0006 0.2597
vn -0.9623 0.1271 0.2403
vn -0.6953 -0.3133 0.6468
vn -0.9698 0.1073 0.2189
vn 0.0636 -0.4266 0.9022
vn -0.4337 -0.8922 0.1260
vn -0.5068 -0.8208 0.2637
vn -0.9833 0.0004 0.1818
vn -0.2477 -0.9493 0.1938
vn -0.2086 -0.9779 0.0144
vn -0.9308 -0.1956 0.3088
vn -0.9224 -0.1866 0.3382
vn -0.9017 -0.3157 0.2955
vn -0.6037 -0.6860 0.4061
vn -0.4871 -0.8281 0.2775
vn 0.0754 -0.9550 0.2868
vn 0.0512 -0.9637 0.2620
vn -0.0053 -0.9786 0.2059
vn 0.0459 -0.9877 0.1498
vn -0.2985 0.8409 -0.4515
vn -0.1425 0.8651 -0.4809
vn -0.1407 0.8028 -0.5794
vn -0.1290 0.8495 -0.5115
vn -0.1258 0.8490 -0.5132
vn -0.1265 0.8491 -0.5129
vn -0.5373 0.7196 -0.4399
vn -0.1606 0.7413 -0.6517
vn -0.1567 0.7426 -0.6512
vn -0.1574 0.7423 -0.6513
vn 0.0174 -0.9994 0.0314
vn -0.4624 0.6293 -0.6246
vn -0.9205 0.3733 -0.1153
vn 0.1768 0.6203 0.7642
vn -0.1932 0.5742 -0.7956
vn 0.7826 -0.0807 -0.6172
vn 0.8063 -0.0021 -0.5915
vn 0.9999 0.0079 -0.0147
vn 0.9998 0.0010 -0.0200
vn 0.9998 0.0024 -0.0190
vn 0.9907 0.0755 -0.1133
vn 0.9479 -0.1375 -0.2873
vn 0.9667 0.0103 -0.2557
vn 0.9665 0.0110 -0.2563
vn 0.9687 0.0034 -0.2482
vn 0.9999 0.0094 -0.0134
vn 0.9687 0.0034 -0.2480
vn 0.9687 0.0944 -0.2295
vn 0.7862 -0.0223 -0.6175
vn 0.9979 0.0123 -0.0632
vn 0.9159 -0.0650 -0.3962
vn 0.9665 0.0004 -0.2567
vn 0.9666 -0.0002 -0.2563
vn 0.9662 0.0000 -0.2578
vn 0.9664 -0.0000 -0.2569
vn 0.9663 0.0014 -0.2576
vn 0.9976 -0.0045 -0.0690
vn 0.9994 -0.0337 -0.0063
vn 0.9665 -0.0001 -0.2565
vn 0.9902 -0.1169 -0.0768
vn 0.9661 -0.0010 -0.2582
vn 0.9872 -0.0584 -0.1485
vn 0.9659 0.0002 -0.2588
vn 0.9659 0.0001 -0.2589
vn 0.9659 0.0003 -0.2589
vn 0.9328 0.3490 -0.0893
vn 0.9661 -0.0023 -0.2581
vn 0.9601 0.1104 -0.2568
vn 0.9605 0.1100 -0.2555
vn 0.9600 0.1106 -0.2572
vn 0.9939 -0.0742 -0.0816
vn 0.9607 0.1098 -0.2550
vn 0.9663 0.0004 -0.2576
vn 0.9664 0.0014 -0.2572
vn 0.9851 0.0170 -0.1710
vn 0.9850 0.0191 -0.1716
vn 0.9856 0.0096 -0.1686
vn 0.9858 0.0072 -0.1678
vn 0.9610 0.1009 -0.2575
vn 0.9610 0.1010 -0.2573
vn 0.9610 0.1011 -0.2573
vn 0.9611 0.1012 -0.2571
vn 0.9783 -0.2059 0.0211
vn 0.2492 -0.2161 -0.9440
vn 0.2559 -0.5402 0.8017
vn 0.2617 -0.5412 0.7991
vn 0.2600 -0.5409 0.7999
vn 0.2542 -0.5399 0.8024
vn -0.5034 0.1938 -0.8420
vn 0.9961 -0.0147 -0.0871
vn 0.9648 -0.0007 -0.2630
vn 0.9648 -0.0005 -0.2629
vn 0.9659 0.0028 -0.2588
vn 0.8845 0.4018 -0.2370
vn 0.9646 -0.0010 -0.2636
vn 0.9954 0.0653 0.0697
vn 0.9751 -0.0358 -0.2187
vn 0.8784 0.3879 -0.2791
vn 0.9570 0.0534 -0.2850
vn 0.3567 -0.6901 0.6297
vn 0.9806 -0.1264 -0.1497
vn 0.8633 -0.4247 0.2727
vn 0.9710 -0.0794 -0.2257
vn 0.0572 -0.8135 0.5787
vn -0.9669 0.0021 0.2553
vn -0.9659 -0.0055 0.2590
vn -0.9661 0.0013 0.2583
vn -0.9662 0.0011 0.2579
vn -0.7669 -0.6097 -0.2005
vn -0.9661 0.0008 0.2581
vn -0.9667 -0.0074 0.2557
vn -0.1743 -0.7292 -0.6618
vn -0.1796 -0.7407 -0.6473
vn -0.1749 -0.7363 -0.6536
vn -0.1774 -0.7393 -0.6495
vn -0.1743 -0.7374 -0.6526
vn -0.1703 -0.8146 -0.5545
vn -0.9668 -0.0050 0.2554
vn -0.9667 -0.0073 0.2557
vn -0.9293 0.1901 0.3165
vn -0.9343 0.1206 0.3356
vn -0.9611 0.0023 0.2760
vn -0.9571 -0.2285 -0.1782
vn -0.9547 -0.0538 0.2927
vn 0.0815 -0.8954 0.4377
vn 0.1311 -0.9095 0.3946
vn 0.1324 -0.9096 0.3938
vn 0.1253 -0.9089 0.3978
vn -0.1475 -0.8215 -0.5508
vn -0.1514 -0.8266 -0.5420
vn -0.1499 -0.8264 -0.5427
vn -0.1585 -0.8274 -0.5387
vn -0.1161 -0.8675 -0.4838
vn -0.5941 0.0857 -0.7998
vn -0.5950 0.0832 -0.7994
vn -0.5914 0.0924 -0.8010
vn 0.9564 0.1035 -0.2732
vn -0.0228 0.9876 -0.1556
vn -0.3176 0.7668 -0.5578
vn -0.5904 0.0949 -0.8015
vn 0.1046 -0.9219 0.3729
vn 0.0992 -0.9219 0.3745
vn 0.1051 -0.9219 0.3729
vn 0.1052 -0.9220 0.3727
vn 0.1600 -0.1500 0.9756
vn 0.1444 -0.1011 0.9843
vn -0.9661 -0.0030 0.2581
vn -0.9659 -0.0010 0.2589
vn -0.9662 -0.0042 0.2578
vn -0.1172 -0.8932 -0.4341
vn -0.1096 0.8776 -0.4668
vn -0.1059 0.8767 -0.4693
vn -0.1056 0.8765 -0.4697
vn -0.2797 0.9187 -0.2789
vn -0.1010 0.9248 -0.3667
vn -0.1116 0.9228 -0.3687
vn -0.1099 0.9231 -0.3684
vn -0.1100 0.8776 -0.4666
vn -0.9636 0.1788 0.1989
vn -0.1958 0.9178 -0.3455
vn -0.9652 0.0028 0.2614
vn -0.9656 0.2177 0.1420
vn 0.5029 -0.5932 0.6287
vn 0.1893 0.9651 0.1808
vn 0.3876 -0.7842 0.4846
vn 0.4841 -0.8126 -0.3245
vn -0.0458 -0.9853 0.1643
vn -0.3968 0.7869 -0.4726
vn -0.1451 0.0011 -0.9894
vn 0.0078 -0.9986 0.0532
vn 0.9468 -0.0121 0.3215
vn 0.7416 -0.1538 -0.6529
vn -0.2435 -0.3334 -0.9108
vn -0.2422 -0.3385 -0.9093
vn -0.2442 -0.3309 -0.9115
vn -0.0456 -0.9831 -0.1773
vn -0.0465 -0.9837 -0.1737
vn -0.0466 -0.9852 -0.1652
vn -0.2415 -0.3412 -0.9085
vn 0.1128 0.8983 0.4246
vn 0.1133 0.8991 0.4227
vn 0.1136 0.8990 0.4230
vn 0.0271 0.9988 -0.0402
vn 0.0192 0.9939 0.1087
vn 0.0733 0.9783 0.1937
vn 0.0048 0.9681 0.2506
vn 0.0822 0.9510 0.2979
vn 0.0819 0.9498 0.3020
vn 0.0827 0.9509 0.2981
vn 0.0998 0.9471 0.3050
vn 0.0658 0.9434 0.3251
vn -0.0816 -0.9406 -0.3295
vn -0.0425 -0.9765 -0.2111
vn -0.0708 -0.9809 -0.1812
vn 0.0029 -0.9984 -0.0569
vn -0.0420 -0.9991 0.0093
vn 0.0437 -0.9936 0.1044
vn 0.0057 -0.9870 0.1604
vn 0.2700 -0.9618 0.0459
vn 0.0467 -0.9547 0.2940
vn 0.3761 -0.8703 0.3179
vn 0.2745 -0.8518 0.4462
vn 0.3449 -0.8172 0.4617
vn 0.4249 -0.7211 0.5473
vn -0.1686 -0.7927 -0.5859
vn -0.1895 -0.6714 -0.7164
vn -0.2238 -0.5156 -0.8271
vn -0.2234 -0.5147 -0.8277
vn -0.2258 -0.5193 -0.8242
vn -0.0167 -0.6661 -0.7457
vn -0.1698 -0.7931 -0.5849
vn -0.1752 -0.5438 -0.8207
vn -0.0615 -0.7321 -0.6785
vn -0.2263 -0.5202 -0.8235
vn -0.1967 -0.5266 -0.8270
vn -0.2370 -0.3762 -0.8957
vn 0.2496 -0.2645 0.9315
vn 0.2006 -0.3831 0.9017
vn 0.2463 -0.4161 0.8753
vn 0.2022 -0.5546 0.8072
vn 0.2336 -0.5792 0.7810
vn 0.2047 -0.6791 0.7050
vn -0.2173 0.4609 -0.8604
vn -0.9653 0.0012 0.2611
vn -0.9658 -0.0021 0.2592
vn -0.9652 0.0017 0.2614
vn -0.9659 -0.0027 0.2588
vn -0.9247 0.2891 0.2478
vn -0.8569 0.4957 0.1411
vn 0.0611 -0.9845 0.1644
vn 0.0603 -0.9701 0.2349
vn 0.0642 -0.9706 0.2319
vn 0.0625 -0.9686 0.2405
vn 0.0645 -0.9689 0.2390
vn 0.0695 -0.9544 0.2904
vn -0.1242 0.8671 -0.4824
vn -0.0769 0.9242 -0.3742
vn -0.1114 0.9329 -0.3426
vn -0.1585 0.7748 -0.6121
vn -0.1329 0.8806 -0.4548
vn -0.4639 0.8858 -0.0146
vn -0.1515 0.9351 -0.3203
vn -0.3926 0.8950 -0.2120
vn 0.1069 0.8811 -0.4606
vn 0.7951 0.4787 -0.3723
vn -0.0245 0.9505 -0.3097
vn -0.1312 0.9873 -0.0894
vn 0.1216 -0.8960 0.4270
vn 0.1216 -0.8960 0.4271
vn 0.1174 -0.8914 0.4378
vn 0.1124 -0.8932 0.4354
vn 0.1221 -0.8962 0.4265
vn 0.1109 -0.9273 0.3576
vn 0.9943 -0.0529 0.0928
vn 0.3145 0.9491 0.0156
vn 0.0467 0.9495 0.3102
vn -0.0671 0.2280 -0.9714
vn -0.1267 0.7066 -0.6962
vn -0.0495 0.9011 -0.4309
vn -0.0936 0.9365 -0.3380
vn -0.0679 0.5110 -0.8569
vn -0.0817 0.6961 -0.7132
vn 0.9720 0.0173 -0.2342
vn -0.1686 0.7819 -0.6002
vn -0.1296 0.8497 -0.5111
vn -0.0023 -0.9997 0.0252
vn 0.0383 -0.9992 0.0140
vn -0.0060 -0.9980 0.0622
vn 0.1014 -0.9379 0.3317
vn 0.0695 -0.9253 0.3729
vn 0.1236 -0.7746 0.6202
vn -0.1646 0.7399 -0.6522
vn -0.1837 0.6948 -0.6954
vn -0.1854 0.6919 -0.6978
vn -0.1840 0.6888 -0.7012
vn -0.2094 0.6200 -0.7562
vn -0.2074 0.6209 -0.7560
vn -0.2071 0.6210 -0.7560
vn -0.1859 0.6924 -0.6971
vn -0.2097 0.6198 -0.7562
vn -0.9657 -0.0002 0.2595
vn -0.9661 0.0009 0.2582
vn -0.9639 -0.0061 0.2662
vn -0.9636 -0.0070 0.2672
vn -0.2802 0.6177 -0.7348
vn -0.3027 0.5237 -0.7963
vn -0.9705 0.2363 -0.0483
vn -0.2416 0.4360 -0.8669
vn -0.2343 0.4409 -0.8665
vn -0.2359 0.4397 -0.8666
vn -0.2269 0.5329 -0.8152
vn -0.2268 0.5327 -0.8154
vn -0.2270 0.5330 -0.8151
vn -0.2271 0.5332 -0.8149
vn -0.9658 -0.0001 0.2593
vn -0.9658 0.0000 0.2594
vn -0.8294 0.1314 0.5431
vn -0.8645 0.4454 0.2328
vn -0.9704 0.1526 -0.1872
vn -0.9659 -0.0003 0.2588
vn -0.9660 0.0008 0.2586
vn -0.2435 0.4347 -0.8670
vn -0.2341 0.4325 -0.8707
vn -0.2319 0.4293 -0.8729
vn -0.2362 0.4360 -0.8684
vn -0.2271 0.4263 -0.8756
vn -0.9662 0.0010 0.2579
vn -0.2834 0.2597 -0.9232
vn -0.2883 0.4668 -0.8361
vn -0.4215 0.3059 -0.8537
vn -0.9663 -0.0005 0.2575
vn -0.9663 -0.0004 0.2574
vn -0.9661 0.0000 0.2582
vn -0.9661 -0.0001 0.2583
vn -0.9659 0.0005 0.2590
vn -0.9659 0.0001 0.2590
vn 0.4599 -0.0295 -0.8875
vn -0.9660 -0.0000 0.2586
vn -0.9446 -0.0673 -0.3213
vn -0.9659 0.0011 0.2589
vn -0.9218 -0.1876 -0.3391
vn -0.9807 -0.0712 -0.1821
vn -0.9663 0.0010 0.2575
vn -0.9664 0.0010 0.2570
vn -0.9614 -0.0047 0.2750
vn -0.9770 -0.0006 0.2131
vn -0.9663 0.0030 0.2575
vn 0.1773 0.0109 0.9841
vn -0.9294 -0.0159 0.3688
vn 0.1751 -0.0851 0.9809
vn 0.1919 0.0030 0.9814
vn -0.4801 -0.2401 0.8437
vn -0.6783 0.1908 0.7095
vn -0.8134 0.1353 0.5657
vn -0.0266 0.3603 0.9325
vn 0.0950 0.9910 0.0942
vn -0.3764 0.8145 0.4414
vn -0.2438 0.3059 -0.9203
vn -0.2381 0.3127 -0.9195
vn -0.2366 0.3145 -0.9193
vn -0.2461 0.3249 -0.9132
vn 0.2461 -0.2778 0.9286
vn -0.2855 0.1410 0.9479
vn -0.2652 0.2676 -0.9263
vn -0.2462 0.2448 -0.9378
vn 0.2511 -0.2310 0.9400
vn 0.2477 -0.2362 0.9396
vn 0.2478 -0.2361 0.9396
vn -0.2555 0.1672 -0.9523
vn -0.2537 0.1682 -0.9526
vn -0.2539 0.1694 -0.9523
vn -0.2409 0.0775 -0.9675
vn -0.2575 0.0129 -0.9662
vn -0.2575 0.0130 -0.9662
vn -0.2576 0.0132 -0.9662
vn -0.2574 0.0128 -0.9662
vn -0.2484 -0.1160 -0.9617
vn -0.2596 -0.1012 -0.9604
vn -0.2537 -0.1639 -0.9533
vn -0.2430 -0.1772 -0.9537
vn 0.1815 0.0997 0.9783
vn -0.2491 -0.2457 -0.9368
vn -0.2542 -0.2390 -0.9372
vn -0.2486 -0.2460 -0.9369
vn -0.2546 -0.2383 -0.9372
vn 0.2290 0.2680 0.9358
vn 0.2302 0.2670 0.9358
vn 0.2292 0.2679 0.9358
vn 0.2290 0.2681 0.9358
vn -0.2238 -0.3682 -0.9024
vn -0.2536 -0.3288 -0.9097
vn -0.2538 -0.3277 -0.9101
vn -0.2535 -0.3290 -0.9097
vn -0.2524 -0.3352 -0.9077
vn -0.2320 -0.4190 -0.8778
vn -0.2238 -0.4320 -0.8737
vn 0.2147 0.3942 0.8936
vn -0.9679 -0.0193 0.2507
vn -0.2142 -0.5239 -0.8244
vn -0.2390 -0.4975 -0.8339
vn -0.2167 -0.6010 -0.7693
vn 0.9464 0.0968 -0.3082
vn -0.2842 -0.4566 0.8431
vn 0.9637 0.0034 -0.2669
vn 0.9661 -0.0008 -0.2580
vn 0.9653 0.0007 -0.2611
vn 0.9628 0.0050 -0.2702
vn -0.9866 0.0071 0.1628
vn -0.9675 0.0504 0.2476
vn -0.9486 0.0036 0.3165
vn 0.9657 -0.0035 -0.2596
vn 0.9677 -0.0054 -0.2522
vn 0.9669 -0.0086 -0.2550
vn 0.8964 0.1207 -0.4266
vn -0.1943 -0.6425 -0.7413
vn -0.1991 -0.6393 -0.7427
vn -0.1938 -0.6446 -0.7396
vn 0.1678 0.6864 0.7076
vn 0.1991 0.6408 0.7414
vn 0.1997 0.6427 0.7396
vn 0.1989 0.6397 0.7425
vn 0.1999 0.6449 0.7376
vn 0.2003 0.6457 0.7368
vn 0.1991 0.6434 0.7392
vn 0.2130 0.5872 0.7809
vn 0.2068 0.5859 0.7835
vn 0.2073 0.5860 0.7833
vn 0.2299 0.5391 0.8103
vn 0.1315 -0.8466 0.5157
vn 0.1245 -0.9088 0.3981
vn 0.1734 0.7422 0.6474
vn 0.1746 0.7436 0.6454
vn 0.1740 0.7431 0.6462
vn 0.1723 0.7410 0.6490
vn 0.1491 0.7928 0.5910
vn 0.1461 0.8251 0.5458
vn 0.1461 0.8238 0.5478
vn 0.1433 0.8293 0.5401
vn 0.1731 0.7420 0.6477
vn 0.1717 0.7404 0.6499
vn 0.1756 0.7637 0.6212
vn 0.1489 0.8272 0.5418
vn 0.0511 -0.9415 0.3332
vn 0.0528 -0.9639 0.2610
vn 0.0523 -0.9637 0.2617
vn 0.0568 -0.9654 0.2544
vn 0.0573 -0.9657 0.2534
vn 0.2617 -0.9453 0.1945
vn -0.0843 -0.9135 -0.3979
vn -0.0767 -0.9529 -0.2935
vn -0.0775 -0.9529 -0.2934
vn 0.1428 0.8297 0.5397
vn 0.1469 0.8869 0.4379
vn 0.1215 0.8406 0.5279
vn 0.1416 0.8263 0.5452
vn 0.1427 0.8271 0.5436
vn 0.1520 0.8583 0.4901
vn 0.1132 0.8989 0.4234
vn 0.1143 0.8980 0.4250
vn 0.1146 0.8979 0.4250
vn 0.9729 0.0739 -0.2192
vn 0.9659 0.0982 -0.2395
vn 0.1309 0.8759 -0.4644
vn 0.1150 0.8838 -0.4535
vn -0.9667 0.0026 0.2559
vn -0.9663 0.0094 0.2571
vn -0.2467 0.9628 -0.1104
vn -0.2259 0.9644 -0.1375
vn -0.9657 0.0096 0.2595
vn -0.9570 -0.0007 0.2901
vn -0.9661 0.0084 0.2581
vn -0.9664 -0.0002 0.2572
vn -0.9670 0.0044 0.2548
vn -0.9659 0.0004 0.2589
vn -0.1032 0.9937 0.0447
vn -0.1034 0.9936 0.0465
vn -0.1024 0.9941 0.0365
vn -0.1022 0.9942 0.0348
vn -0.7705 -0.6268 -0.1158
vn -0.0135 -0.9993 0.0337
vn -0.9383 -0.2975 -0.1762
vn -0.0082 -0.9987 -0.0513
vn 0.0281 -0.9949 0.0965
vn 0.0287 -0.9950 0.0959
vn 0.0283 -0.9950 0.0962
vn 0.0301 -0.9995 -0.0062
vn 0.0261 -0.9829 0.1825
vn 0.0459 -0.9883 0.1455
vn 0.0233 -0.9945 0.1020
vn -0.0756 -0.9733 -0.2165
vn 0.1114 0.9287 0.3538
vn 0.0891 0.9177 0.3871
vn 0.1143 0.8975 0.4259
vn 0.0820 0.9488 0.3050
vn 0.0813 0.9511 0.2981
vn 0.9678 0.0654 -0.2432
vn 0.9794 0.0277 -0.2000
vn -0.0992 0.9252 -0.3664
vn -0.0615 0.9511 -0.3026
vn -0.0980 0.9615 -0.2568
vn -0.0614 0.9698 -0.2363
vn -0.0605 0.9694 -0.2380
vn -0.0623 0.9702 -0.2342
vn -0.0604 0.9693 -0.2383
vn -0.0209 0.9899 -0.1405
vn -0.0603 0.9918 -0.1129
vn -0.0354 0.9992 -0.0180
vn 0.0503 0.9855 0.1618
vn 0.0477 0.9885 0.1433
vn 0.0666 0.9817 0.1783
vn 0.0307 0.9837 0.1771
vn 0.0642 0.9616 0.2667
vn 0.0822 0.9487 0.3054
vn -0.1234 -0.8773 -0.4638
vn -0.0952 -0.8995 -0.4265
vn -0.0875 -0.9457 -0.3130
vn -0.0190 -0.9904 -0.1369
vn -0.0124 -0.9999 -0.0025
vn 0.4295 -0.7300 0.5316
vn 0.1679 -0.7941 0.5842
vn 0.1854 -0.6758 0.7133
vn 0.1904 -0.6776 0.7103
vn 0.1903 -0.6778 0.7102
vn 0.1262 -0.4084 -0.9040
vn 0.2882 -0.4243 -0.8585
vn 0.1391 -0.3896 -0.9104
vn 0.8819 -0.2331 0.4097
vn 0.4983 -0.3972 0.7707
vn 0.2783 -0.2952 0.9140
vn 0.3278 -0.3671 0.8705
vn 0.4883 -0.2583 0.8335
vn 0.5034 -0.2832 0.8163
vn 0.7115 -0.2974 0.6366
vn -0.0950 -0.3930 0.9146
vn 0.6456 -0.3121 0.6970
vn 0.5175 -0.0414 0.8547
vn -0.2569 -0.0283 -0.9660
vn -0.2601 0.1371 -0.9558
vn 0.1279 -0.4888 0.8630
vn 0.1293 -0.4899 0.8621
vn 0.1274 -0.4882 0.8634
vn 0.5460 -0.5411 0.6396
vn 0.1298 -0.4904 0.8618
vn 0.5958 -0.4457 0.6681
vn 0.0578 0.2500 -0.9665
vn 0.1709 0.2732 -0.9466
vn 0.0318 0.3217 -0.9463
vn -0.1158 0.4444 -0.8883
vn 0.2329 -0.7710 0.5927
vn 0.1381 -0.7221 0.6778
vn 0.1113 -0.8519 0.5117
vn 0.2875 -0.8821 0.3731
vn 0.9364 0.2454 -0.2509
vn 0.9994 0.0000 -0.0340
vn 0.5894 -0.1197 0.7989
vn 0.3560 0.9296 -0.0954
vn 0.0830 0.9933 -0.0803
vn 0.2364 0.4490 0.8617
vn 0.9657 0.0044 -0.2596
vn 0.9648 0.0032 -0.2630
vn 0.9659 0.0050 -0.2588
vn 0.9660 -0.0001 -0.2584
vn 0.5386 -0.2365 0.8087
vn 0.0400 -0.9298 0.3659
vn 0.1388 -0.9505 0.2780
vn 0.0331 -0.9869 0.1579
vn 0.0476 -0.9889 0.1408
vn -0.2005 0.6556 -0.7280
vn -0.1780 0.7828 -0.5963
vn 0.8475 0.0000 0.5308
vn 0.8905 0.2033 0.4071
vn 0.3950 -0.5664 0.7233
vn -0.2064 0.6720 -0.7112
vn 0.8446 0.1075 0.5245
vn 0.9660 -0.0000 -0.2587
vn 0.9729 -0.2306 -0.0162
vn 0.9660 -0.0001 -0.2585
vn 0.9679 -0.0018 -0.2515
vn 0.9638 -0.1156 -0.2403
vn 0.4558 -0.8325 0.3149
vn 0.8252 -0.5633 -0.0430
vn 0.9651 0.0165 -0.2613
vn 0.9651 0.0165 -0.2612
vn 0.9651 0.0164 -0.2615
vn 0.5673 -0.8235 0.0027
vn 0.9683 -0.0023 -0.2499
vn 0.9652 0.0167 -0.2610
vn 0.9109 -0.3920 -0.1286
vn 0.3383 -0.9345 0.1107
vn 0.3937 -0.9185 -0.0384
vn 0.9485 0.2060 -0.2408
vn 0.9487 0.1513 -0.2776
vn 0.8176 0.5380 -0.2052
vn 0.6269 0.7421 -0.2373
vn 0.8327 0.5020 -0.2337
vn 0.9293 0.2919 -0.2263
vn 0.9894 0.0436 -0.1383
vn 0.7672 0.6402 -0.0397
vn 0.3013 0.9215 0.2451
vn 0.4553 0.8901 -0.0184
vn 0.8233 0.3161 -0.4714
vn 0.9670 0.0000 -0.2549
vn 0.9688 0.0093 -0.2475
vn 0.9670 0.0004 -0.2546
vn 0.9689 0.0096 -0.2472
vn 0.3352 0.9378 -0.0903
vn 0.9928 0.0214 -0.1176
vn 0.0389 -0.9909 0.1287
vn 0.0339 -0.9922 0.1199
vn 0.0350 -0.9919 0.1218
vn 0.0949 -0.9315 0.3512
vn 0.0650 -0.9690 0.2382
vn 0.0306 -0.9794 0.1997
vn 0.8990 -0.4260 -0.1018
vn 0.8576 -0.5022 -0.1110
vn 0.2555 -0.9030 0.3454
vn -0.0676 0.9492 -0.3073
vn 0.1135 0.9452 0.3062
vn 0.8760 0.0096 0.4821
vn 0.4338 0.9010 0.0058
vn 0.7650 0.6149 -0.1917
vn 0.1232 0.8795 0.4597
vn 0.0691 0.9345 0.3492
vn 0.7574 0.6207 -0.2029
vn 0.9096 0.0000 0.4154
vn 0.4880 0.1950 0.8508
vn 0.4625 0.8621 0.2072
vn 0.1616 0.7420 0.6507
vn 0.1583 0.7825 0.6021
vn 0.1608 0.7872 0.5953
vn 0.1601 0.7859 0.5973
vn 0.9656 0.0263 -0.2587
vn 0.8843 0.3926 -0.2529
vn 0.9976 0.0283 -0.0628
vn 0.9602 0.0547 -0.2740
vn 0.0431 0.9852 0.1661
vn -0.0036 0.9896 0.1435
vn 0.0574 0.9964 0.0623
vn 0.0044 0.9995 0.0309
vn 0.0087 0.9997 0.0235
vn -0.0347 0.9987 -0.0377
vn 0.0124 0.9944 -0.1050
vn -0.0539 0.9929 -0.1056
vn -0.0315 0.9883 -0.1492
vn -0.0626 0.9765 -0.2063
vn -0.0387 0.9680 -0.2478
vn -0.1114 0.9615 -0.2513
vn -0.0576 0.9518 -0.3014
vn -0.9172 0.3895 0.0838
vn -0.0212 0.9876 -0.1552
vn 0.0148 0.9999 0.0005
vn 0.0081 0.9998 0.0188
vn -0.0374 0.9920 -0.1203
vn 0.0626 0.9901 0.1258
vn 0.0379 0.9875 0.1528
vn 0.0724 0.9812 0.1789
vn -0.4140 0.8682 -0.2735
vn 0.0756 -0.9418 0.3276
vn 0.0879 -0.9691 0.2307
vn 0.0198 -0.9916 0.1276
vn -0.1558 0.7792 -0.6071
vn 0.0182 -0.9998 0.0056
vn 0.0653 -0.9925 0.1030
vn 0.1286 -0.9172 0.3771
vn 0.0824 -0.8935 0.4415
vn -0.0566 -0.6752 0.7355
vn 0.3279 -0.6164 0.7159
vn 0.1762 -0.7112 0.6806
vn 0.2429 -0.4990 0.8318
vn 0.2238 -0.5500 0.8046
vn 0.2237 -0.4995 0.8369
vn 0.2239 -0.4996 0.8369
vn 0.2241 -0.4992 0.8370
vn 0.2237 -0.4998 0.8368
vn 0.0778 -0.5066 0.8587
vn 0.0546 -0.4988 0.8650
vn 0.2235 -0.4999 0.8368
vn 0.2232 -0.5000 0.8368
vn 0.2247 -0.4995 0.8367
vn 0.2242 -0.5000 0.8365
vn 0.6756 -0.1257 0.7265
vn 0.1252 -0.1663 0.9781
vn 0.2372 -0.4001 0.8852
vn 0.2248 -0.4993 0.8368
vn 0.2254 -0.4986 0.8370
vn 0.1998 -0.2078 0.9576
vn 0.8760 -0.2858 0.3885
vn 0.9052 -0.2978 0.3031
vn 0.2406 -0.5993 0.7635
vn 0.3993 -0.6474 0.6492
vn 0.2179 -0.6045 0.7662
vn 0.2166 -0.6010 0.7693
vn 0.2175 -0.6036 0.7670
vn 0.2163 -0.6000 0.7702
vn 0.2097 -0.5197 0.8282
vn 0.2031 -0.6838 0.7009
vn 0.1685 -0.6381 0.7513
vn -0.0277 0.8488 0.5280
vn 0.0775 0.8857 0.4578
vn -0.0199 0.2836 0.9587
vn -0.4303 0.5954 0.6785
vn 0.0951 0.3790 0.9205
vn -0.2099 0.5282 -0.8228
vn -0.2394 0.4482 -0.8613
vn -0.2260 0.4258 -0.8761
vn 0.1249 0.8666 0.4831
vn 0.1289 0.8677 0.4802
vn 0.1294 0.8677 0.4799
vn 0.1245 0.8665 0.4834
vn 0.2220 0.1805 0.9582
vn 0.1596 0.2051 0.9656
vn -0.2502 0.3019 -0.9199
vn -0.2910 0.2528 -0.9227
vn 0.2510 -0.2350 0.9390
vn -0.2558 0.1655 -0.9525
vn -0.2559 0.1318 -0.9577
vn 0.2565 -0.1413 0.9562
vn 0.2536 -0.1359 0.9577
vn 0.2534 -0.1313 0.9584
vn 0.2593 -0.1090 0.9596
vn 0.2665 -0.1009 0.9585
vn 0.2644 -0.1033 0.9589
vn 0.2566 -0.1429 0.9559
vn 0.2576 -0.1109 0.9599
vn 0.2562 -0.1428 0.9560
vn 0.2582 -0.0907 0.9618
vn 0.2705 -0.1293 0.9540
vn 0.9829 -0.0627 0.1733
vn 0.9970 -0.0053 -0.0779
vn 0.9919 -0.0114 -0.1265
vn 0.9225 -0.1360 0.3613
vn 0.2417 -0.2279 0.9432
vn 0.2438 -0.2289 0.9424
vn 0.2427 -0.2283 0.9429
vn 0.2510 -0.2308 0.9400
vn 0.2506 -0.2317 0.9400
vn 0.2460 0.0101 0.9692
vn 0.2489 0.0089 0.9685
vn 0.2484 0.0090 0.9686
vn 0.2454 0.0105 0.9694
vn 0.2889 0.0632 0.9553
vn 0.9662 0.0012 -0.2577
vn 0.9663 0.0003 -0.2574
vn 0.9664 0.0001 -0.2570
vn 0.8843 0.4140 -0.2158
vn 0.9659 0.0006 -0.2590
vn 0.2261 0.1214 0.9665
vn 0.3908 -0.1871 -0.9013
vn 0.0009 -0.1066 -0.9943
vn 0.2676 0.1887 0.9449
vn 0.2867 -0.6081 -0.7402
vn 0.9704 0.0065 -0.2416
vn 0.9704 0.0064 -0.2414
vn 0.9702 0.0072 -0.2423
vn 0.9662 -0.0009 -0.2577
vn 0.9665 -0.0002 -0.2569
vn 0.9664 0.0006 -0.2571
vn 0.9647 0.0118 -0.2629
vn 0.9660 0.0003 -0.2587
vn 0.9701 0.0074 -0.2425
vn 0.9658 -0.0001 -0.2594
vn 0.1839 -0.1803 -0.9663
vn 0.6187 -0.3930 -0.6802
vn 0.2472 0.3590 0.9000
vn 0.5612 -0.6380 -0.5273
vn -0.1968 -0.5711 -0.7969
vn 0.4176 -0.9040 0.0916
vn 0.2595 0.5235 0.8115
vn -0.1990 -0.6390 -0.7430
vn -0.1965 -0.6379 -0.7446
vn 0.2633 0.5073 0.8206
vn 0.2358 0.4452 0.8638
vn 0.2373 0.4442 0.8639
vn 0.2283 0.4504 0.8631
vn 0.2057 0.5434 0.8139
vn -0.1736 -0.7377 -0.6525
vn -0.1736 -0.7377 -0.6524
vn -0.1422 -0.8160 -0.5603
vn -0.1605 -0.8276 -0.5378
vn -0.1028 -0.8221 -0.5600
vn 0.9693 0.0018 -0.2460
vn -0.1302 -0.8278 -0.5457
vn 0.9653 -0.0117 -0.2607
vn 0.0527 -0.8475 -0.5282
vn -0.1445 -0.8618 -0.4862
vn -0.1144 -0.8926 -0.4361
vn 0.9664 -0.0066 -0.2568
vn 0.9655 -0.0015 -0.2605
vn 0.9660 -0.0003 -0.2584
vn 0.9773 -0.1370 -0.1614
vn 0.1811 -0.8985 0.3998
vn 0.9570 0.1200 -0.2641
vn 0.9264 0.1306 -0.3530
vn 0.8850 0.3310 -0.3275
vn -0.1138 -0.8997 -0.4214
vn -0.1139 -0.8998 -0.4212
vn -0.1129 -0.8992 -0.4226
vn 0.2548 -0.9449 0.2053
vn 0.8736 -0.0171 -0.4863
vn 0.7556 -0.6540 -0.0372
vn 0.7357 -0.6686 -0.1083
vn -0.0268 -0.9956 0.0893
vn -0.0231 -0.9997 -0.0037
vn 0.0054 -0.9996 -0.0285
vn -0.0449 -0.9958 -0.0794
vn -0.0186 -0.9941 -0.1067
vn -0.0444 -0.9841 -0.1720
vn -0.0487 -0.9857 -0.1616
vn -0.0443 -0.9668 -0.2515
vn 0.1182 0.9843 -0.1308
vn 0.0532 0.9984 -0.0179
vn 0.0256 0.9986 0.0454
vn 0.0670 0.9977 -0.0064
vn 0.1623 -0.9620 -0.2196
vn 0.9016 -0.1218 -0.4150
vn 0.7657 -0.1857 -0.6158
vn 0.0763 -0.9867 -0.1433
vn 0.0420 -0.9986 0.0311
vn 0.1165 -0.9926 -0.0342
vn 0.0786 -0.9837 0.1616
vn 0.0417 -0.9730 0.2269
vn 0.1079 -0.9413 0.3199
vn 0.0857 -0.9301 0.3571
vn 0.1269 -0.8860 0.4461
vn 0.1092 -0.8659 0.4881
vn 0.1497 -0.7745 0.6146
vn 0.9154 -0.2575 -0.3095
vn 0.9659 0.0023 -0.2589
vn 0.9661 0.0045 -0.2582
vn 0.9663 0.0054 -0.2575
vn 0.9657 -0.0019 -0.2595
vn 0.4812 0.0000 -0.8766
vn 0.7397 -0.3133 -0.5955
vn 0.5612 -0.4032 -0.7228
vn 0.1897 -0.6770 0.7112
vn 0.1955 -0.5837 0.7881
vn 0.1839 -0.6745 0.7150
vn 0.1990 -0.5315 0.8234
vn 0.2370 -0.5026 0.8314
vn 0.2220 -0.5561 0.8009
vn 0.2183 -0.7431 0.6326
vn 0.9659 -0.0038 -0.2589
vn 0.2631 0.0000 -0.9648
vn 0.5927 -0.3879 -0.7058
vn 0.0006 0.0000 -1.0000
vn 0.3012 -0.3228 -0.8972
vn 0.9798 -0.1924 -0.0550
vn 0.0075 -0.9799 -0.1994
vn 0.9441 -0.2050 -0.2581
vn 0.4444 -0.0637 -0.8936
vn 0.8629 -0.0225 -0.5048
vn 0.3198 -0.1822 0.9298
vn 0.2531 -0.2047 0.9455
vn 0.2528 -0.2040 0.9458
vn 0.2542 -0.2075 0.9446
vn 0.8677 -0.1425 -0.4762
vn 0.8618 -0.1757 -0.4758
vn 0.8584 0.0181 -0.5127
vn 0.9333 -0.3200 -0.1631
vn 0.7655 -0.0122 -0.6434
vn 0.5508 0.0440 -0.8335
vn 0.1946 -0.9036 -0.3816
vn 0.5779 -0.0319 -0.8155
vn 0.2948 -0.0400 0.9547
vn 0.2569 -0.0298 0.9660
vn 0.2565 -0.0287 0.9661
vn 0.2582 -0.0333 0.9655
vn 0.2585 -0.0343 0.9654
vn 0.7761 0.0629 -0.6275
vn 0.9176 0.2454 -0.3126
vn 0.9432 0.2156 -0.2527
vn 0.5297 0.1841 -0.8280
vn 0.5510 0.1330 -0.8238
vn 0.5411 -0.5077 0.6704
vn 0.2563 0.1471 0.9553
vn 0.2561 0.1465 0.9555
vn 0.2562 0.1469 0.9554
vn 0.9658 -0.0003 -0.2591
vn 0.9659 0.0001 -0.2588
vn 0.9658 -0.0004 -0.2592
vn 0.0814 0.9964 -0.0218
vn 0.4674 0.7078 -0.5298
vn 0.6167 -0.6671 0.4179
vn 0.9658 0.0002 -0.2594
vn 0.3878 -0.0022 -0.9217
vn 0.1665 0.4767 -0.8632
vn 0.4580 0.2403 -0.8559
vn 0.9658 0.0004 -0.2593
vn 0.8062 0.0094 -0.5915
vn 0.7457 0.0502 -0.6644
vn 0.7321 0.3581 -0.5794
vn 0.4328 0.6578 -0.6165
vn 0.4758 0.6520 -0.5903
vn 0.8174 0.3648 -0.4458
vn 0.2425 0.5621 -0.7907
vn 0.2186 0.4490 0.8664
vn 0.8164 0.1188 0.5651
vn 0.2200 0.5456 0.8087
vn 0.1905 0.6857 0.7026
vn 0.8298 0.4555 0.3223
vn 0.1893 0.6546 0.7319
vn 0.1575 0.7810 0.6044
vn 0.2255 0.5612 0.7963
vn 0.0397 -0.9907 0.1302
vn 0.2270 0.9359 -0.2695
vn 0.2300 0.9306 -0.2849
vn 0.1199 0.9308 0.3454
vn 0.1521 0.8744 0.4608
vn 0.1228 0.8436 0.5228
vn 0.0814 0.9140 0.3974
vn 0.3788 0.9174 -0.1217
vn 0.2026 0.9462 -0.2522
vn 0.0939 -0.9112 0.4012
vn 0.3632 0.9242 0.1176
vn 0.5363 0.8372 0.1070
vn 0.4725 0.8584 0.1997
vn -0.0984 0.9232 -0.3716
vn -0.1098 0.9159 -0.3861
vn -0.1133 0.9167 -0.3831
vn -0.1170 0.9175 -0.3801
vn -0.1046 0.8585 -0.5020
vn -0.1269 0.8771 -0.4632
vn -0.0946 0.9396 -0.3289
vn -0.1094 0.9159 -0.3862
vn 0.0977 -0.9453 0.3111
vn 0.0328 -0.9859 0.1643
vn 0.0309 -0.9857 0.1657
vn 0.0393 -0.9864 0.1595
vn 0.0451 -0.9938 0.1018
vn -0.1667 0.8169 -0.5522
vn 0.0022 -0.9999 -0.0102
vn 0.0208 -0.9837 0.1785
vn 0.1651 -0.8398 0.5171
vn -0.2236 0.5546 -0.8015
vn -0.2108 0.5590 -0.8019
vn -0.2131 0.5580 -0.8020
vn -0.1990 0.5950 -0.7787
vn -0.2105 0.5588 -0.8022
vn 0.1362 0.8516 0.5061
vn 0.1352 0.8495 0.5100
vn 0.1355 0.8502 0.5087
vn 0.1273 0.5189 0.8453
vn 0.1365 0.8523 0.5049
vn 0.4881 0.1330 0.8626
vn 0.1639 0.5389 0.8263
vn 0.1542 0.5538 0.8182
vn 0.1111 0.6353 0.7643
vn 0.1496 0.8639 0.4809
vn 0.9856 0.0836 0.1470
vn 0.1365 0.6465 0.7506
vn 0.1224 0.6474 0.7523
vn 0.1166 0.7527 0.6480
vn 0.1113 0.8823 0.4574
vn 0.2289 0.8320 0.5054
vn 0.1127 0.9205 0.3742
vn -0.2453 0.3041 -0.9205
vn -0.2519 0.2591 -0.9324
vn -0.2467 0.2401 -0.9389
vn 0.2484 -0.2797 0.9274
vn 0.2485 -0.2799 0.9273
vn -0.1659 0.1353 0.9768
vn 0.4781 0.7105 0.5164
vn 0.2484 -0.2796 0.9274
vn 0.2248 0.1518 0.9625
vn -0.2550 0.1655 -0.9527
vn 0.9259 0.3639 -0.1009
vn 0.9264 0.3642 -0.0959
vn 0.9263 0.3640 -0.0972
vn -0.1316 0.9157 -0.3797
vn -0.3723 0.9236 -0.0911
vn 0.9138 0.2097 0.3477
vn -0.1368 0.8458 -0.5157
vn 0.9258 0.3639 -0.1026
vn 0.9930 0.0100 -0.1175
vn 0.9968 0.0002 -0.0800
vn 0.1325 -0.8873 0.4418
vn 0.9711 -0.0192 -0.2377
vn 0.8687 -0.4093 0.2791
vn -0.2179 -0.5558 -0.8022
vn 0.2269 0.4514 0.8630
vn -0.5652 -0.8176 0.1104
vn -0.5728 -0.7880 -0.2257
vn -0.5575 -0.8246 0.0957
vn -0.2228 -0.6045 -0.7648
vn -0.2208 -0.5326 -0.8171
vn -0.2251 -0.5246 -0.8210
vn -0.2199 -0.5341 -0.8163
vn 0.2136 0.5873 0.7807
vn -0.1982 -0.6570 -0.7274
vn -0.1116 -0.6836 -0.7212
vn 0.0662 -0.5719 -0.8176
vn -0.1127 -0.8992 -0.4229
vn 0.0939 -0.9038 -0.4174
vn -0.0835 -0.9553 -0.2837
vn 0.9658 0.0021 -0.2591
vn 0.9660 0.0006 -0.2587
vn 0.9659 -0.0003 -0.2587
vn 0.9662 -0.0000 -0.2580
vn 0.9662 0.0013 -0.2580
vn 0.9659 0.0040 -0.2588
vn 0.5245 -0.8449 -0.1048
vn 0.9661 0.0024 -0.2582
vn 0.9649 -0.0024 -0.2625
vn -0.0836 -0.9553 -0.2835
vn 0.8423 -0.3256 -0.4296
vn 0.7956 0.0751 -0.6011
vn 0.9451 -0.2846 -0.1602
vn 0.9997 0.0000 -0.0262
vn 0.9987 -0.0512 -0.0034
vn 0.9069 -0.3451 -0.2417
vn 0.9638 -0.0460 -0.2625
vn 0.9709 -0.0201 -0.2385
vn 0.9627 -0.0138 -0.2702
vn 0.9659 -0.0021 -0.2588
vn 0.8315 0.0036 -0.5554
vn 0.9684 -0.1654 -0.1866
vn 0.9293 -0.1560 -0.3348
vn 0.9328 -0.2629 -0.2464
vn -0.0086 -1.0000 0.0023
vn 0.4839 -0.8654 -0.1297
vn 0.4741 -0.8558 -0.2069
vn 0.4472 -0.8944 -0.0015
vn 0.4472 -0.8934 -0.0421
vn 0.5005 -0.8532 0.1469
vn 0.8516 0.0077 -0.5241
vn 0.8997 -0.4172 -0.1285
vn 0.1590 -0.9205 0.3570
vn 0.2121 -0.7707 0.6009
vn 0.2441 -0.8365 0.4905
vn 0.0807 -0.6971 0.7124
vn 0.3298 -0.8392 0.4324
vn 0.8927 -0.3828 -0.2378
vn -0.0772 0.0847 -0.9934
vn 0.5398 -0.8173 -0.2016
vn 0.5147 -0.6848 -0.5159
vn 0.8867 -0.4508 -0.1025
vn -0.1515 -0.7511 -0.6426
vn -0.2258 -0.5918 -0.7739
vn -0.1867 -0.7769 -0.6012
vn -0.1954 -0.6049 -0.7719
vn 0.2405 -0.3757 0.8950
vn 0.2418 -0.3797 0.8930
vn 0.2422 -0.3807 0.8924
vn 0.2402 -0.3745 0.8956
vn -0.3358 -0.3768 -0.8632
vn 0.2546 -0.2084 0.9443
vn -0.2311 -0.3055 -0.9237
vn -0.2282 -0.3046 -0.9247
vn -0.2394 -0.3078 -0.9208
vn -0.2564 -0.0449 -0.9655
vn -0.2576 -0.0408 -0.9654
vn -0.2552 -0.0490 -0.9657
vn -0.2473 0.1996 -0.9482
vn -0.2548 0.2267 -0.9400
vn -0.2606 0.2289 -0.9379
vn -0.2537 0.2263 -0.9404
vn 0.2565 0.1475 0.9552
vn 0.0110 0.5019 -0.8649
vn -0.6661 -0.4496 0.5951
vn -0.2419 0.4457 -0.8619
vn 0.2264 -0.2332 -0.9457
vn 0.2373 0.3113 0.9202
vn 0.2380 0.3099 0.9205
vn 0.2354 0.3155 0.9192
vn 0.2347 0.3172 0.9188
vn 0.1378 0.0866 -0.9867
vn -0.0564 0.8956 0.4413
vn -0.1908 0.6970 -0.6913
vn -0.1812 0.6970 -0.6938
vn -0.1922 0.6970 -0.6909
vn 0.2335 0.4070 0.8831
vn 0.3692 0.9148 0.1636
vn 0.5247 0.7676 -0.3681
vn 0.9998 0.0105 -0.0139
vn 0.8786 0.3350 -0.3404
vn -0.0421 0.8911 0.4519
vn 0.3998 0.8746 -0.2742
vn 0.8755 0.3379 -0.3454
vn 0.8750 0.3375 -0.3471
vn 0.8757 0.3380 -0.3449
vn 0.9999 -0.0054 -0.0117
vn 0.8749 0.3373 -0.3474
vn 0.9074 0.3427 -0.2431
vn 0.9583 0.0000 0.2858
vn 0.2159 0.9071 -0.3612
vn -0.0534 0.9949 -0.0857
vn 0.9659 -0.0003 -0.2591
vn 0.9658 0.0000 -0.2593
vn 0.9654 0.0277 -0.2592
vn 0.9696 0.0160 -0.2442
vn 0.9659 -0.0006 -0.2588
vn 0.4185 0.9013 -0.1121
vn 0.2576 0.9483 0.1854
vn -0.0883 0.2444 -0.9657
vn 0.8503 0.2849 -0.4426
vn 0.7534 0.5599 -0.3448
vn 0.9618 0.0210 -0.2729
vn 0.9329 0.3592 0.0281
vn 0.8569 0.2221 -0.4652
vn 0.7742 0.5886 -0.2327
vn 0.4217 0.9042 -0.0677
vn 0.2424 -0.9112 0.3330
vn 0.1329 -0.8882 0.4398
vn 0.1120 -0.9171 0.3825
vn 0.0745 0.9195 -0.3860
vn 0.2994 0.6986 -0.6499
vn 0.0579 -0.9596 0.2752
vn 0.0413 -0.9866 0.1581
vn 0.0585 -0.9908 0.1217
vn -0.1057 0.7999 -0.5907
vn -0.1450 0.8328 -0.5342
vn -0.1430 0.7353 -0.6625
vn 0.0175 -0.9997 -0.0166
vn -0.0083 -0.9989 0.0466
vn -0.0077 -0.9989 0.0462
vn -0.0111 -0.9987 0.0492
vn 0.1102 -0.9678 0.2262
vn 0.0385 -0.9488 0.3134
vn 0.1176 -0.8161 0.5659
vn 0.1233 -0.8124 0.5699
vn 0.1219 -0.8133 0.5690
vn -0.1759 0.7589 -0.6270
vn -0.1886 0.6925 -0.6963
vn -0.1851 0.6963 -0.6935
vn -0.1997 0.6550 -0.7288
vn 0.3020 0.6220 -0.7224
vn 0.0052 0.6975 -0.7165
vn -0.2098 0.4466 -0.8698
vn 0.0301 0.8209 0.5703
vn -0.2721 0.3320 -0.9032
vn -0.2897 0.1123 -0.9505
vn -0.8173 0.4751 -0.3260
vn -0.9660 -0.0004 0.2587
vn -0.9658 0.0001 0.2594
vn -0.9660 -0.0006 0.2587
vn 0.1555 0.0130 0.9877
vn -0.3634 0.4373 0.8226
vn -0.2259 -0.5231 -0.8218
vn -0.9662 0.0006 0.2577
vn -0.2096 -0.5051 -0.8372
vn -0.9640 -0.0014 0.2658
vn -0.9648 0.0034 0.2629
vn 0.2095 0.4342 0.8761
vn -0.9659 0.0008 0.2588
vn 0.1769 0.4354 0.8827
vn 0.1795 0.4982 0.8483
vn -0.1314 -0.7181 -0.6835
vn 0.9649 -0.0042 -0.2626
vn 0.9214 -0.3064 -0.2389
vn 0.9648 -0.0048 -0.2629
vn 0.9780 0.0277 -0.2067
vn 0.9485 -0.1612 -0.2726
vn 0.9627 -0.1625 -0.2164
vn 0.9324 0.1919 -0.3064
vn 0.9561 -0.0222 -0.2923
vn 0.9268 -0.3704 -0.0619
vn 0.9991 -0.0306 0.0284
vn 0.9997 -0.0196 0.0118
vn 0.9675 0.0018 -0.2528
vn 0.9664 -0.0022 -0.2570
vn 0.9668 -0.0012 -0.2554
vn 0.8787 -0.4466 0.1684
vn 0.6054 -0.7798 -0.1592
vn 0.9558 -0.2103 0.2055
vn 0.0772 0.2423 0.9671
vn 0.7538 -0.6061 0.2540
vn 0.3568 -0.8960 -0.2643
vn 0.6687 -0.6269 0.3998
vn 0.9676 0.0034 -0.2526
vn 0.9675 0.0035 -0.2527
vn 0.5090 0.0009 0.8608
vn 0.5524 -0.8310 -0.0658
vn 0.7560 -0.4201 0.5019
vn 0.9817 -0.1757 0.0742
vn 0.7947 -0.5096 0.3298
vn 0.9136 -0.3223 0.2477
vn 0.9662 0.0007 -0.2577
vn 0.9677 -0.0045 -0.2519
vn 0.9655 -0.0087 -0.2604
vn 0.9805 -0.1594 0.1148
vn 0.9653 -0.0075 -0.2611
vn 0.9893 -0.1277 0.0702
vn 0.8137 -0.1628 0.5580
vn 0.9778 -0.2041 -0.0473
vn 0.9859 -0.1627 -0.0382
vn 0.8513 -0.0263 0.5239
vn 0.9705 0.0316 0.2390
vn 0.9658 0.0006 -0.2595
vn 0.5117 -0.0165 -0.8590
vn 0.9371 -0.3322 0.1073
vn 0.5473 -0.8361 0.0363
vn 0.2481 0.1456 0.9577
vn 0.5511 -0.3188 0.7711
vn -0.0535 -0.9514 -0.3031
vn -0.0103 -0.9973 -0.0729
vn -0.0529 -0.9984 -0.0177
vn -0.1295 -0.8824 -0.4523
vn -0.0991 -0.9633 -0.2494
vn -0.1041 -0.9123 -0.3962
vn -0.1490 -0.8047 -0.5747
vn 0.0320 -0.9736 0.2262
vn 0.1538 -0.6815 0.7155
vn -0.2201 -0.6294 -0.7453
vn -0.2133 -0.5457 -0.8104
vn -0.2128 -0.5464 -0.8100
vn -0.2085 -0.5478 -0.8103
vn -0.2404 -0.3079 -0.9205
vn -0.2448 -0.3283 -0.9123
vn -0.2500 -0.3271 -0.9113
vn -0.2446 -0.3285 -0.9123
vn -0.2579 -0.0408 -0.9653
vn 0.0508 -0.9924 0.1118
vn -0.2245 0.4895 -0.8426
vn 0.3620 0.7606 -0.5389
vn -0.1593 0.6328 -0.7578
vn -0.1801 0.6970 -0.6941
vn -0.1995 0.6810 -0.7045
vn 0.8930 0.3811 -0.2393
vn 0.9970 0.0000 0.0780
vn 0.6042 -0.1181 0.7880
vn 0.2218 0.9733 -0.0594
vn 0.0650 0.9958 -0.0649
vn 0.2411 0.4695 0.8494
vn 0.2424 0.4695 0.8490
vn 0.2296 0.4693 0.8527
vn 0.9661 0.0037 -0.2580
vn 0.9660 0.0044 -0.2585
vn 0.9668 0.0000 -0.2555
vn 0.9721 0.0252 -0.2332
vn 0.9951 0.0101 -0.0984
vn 0.9491 0.2686 -0.1647
vn 0.9459 0.0000 0.3246
vn 0.4771 0.8733 0.0981
vn -0.0534 0.9431 -0.3282
vn -0.1600 0.8237 -0.5439
vn 0.0176 0.9963 -0.0841
vn -0.0464 0.9988 0.0156
vn 0.1046 0.9780 0.1803
vn 0.0396 0.9581 0.2836
vn 0.9585 0.0000 0.2851
vn 0.5033 0.8505 -0.1526
vn 0.1105 0.8698 0.4809
vn 0.1048 0.8721 0.4779
vn 0.1036 0.8726 0.4773
vn 0.9335 0.3586 -0.0032
vn 0.5127 0.0263 0.8582
vn 0.2288 0.7169 0.6586
vn 1.0000 0.0001 -0.0033
vn 1.0000 0.0002 -0.0034
vn 0.9556 0.1588 -0.2480
vn 0.9970 0.0105 -0.0764
vn 1.0000 0.0000 -0.0032
vn 0.8959 0.4390 -0.0678
vn 0.9650 -0.0038 -0.2623
vn 0.9658 0.0000 -0.2594
vn 0.9682 -0.0152 -0.2498
vn 0.9676 -0.0158 -0.2520
vn 0.9683 -0.0151 -0.2495
vn 0.9675 -0.0158 -0.2523
vn 0.9519 -0.3061 -0.0104
vn 0.9604 0.0764 -0.2678
vn 0.8710 0.0875 -0.4834
vn 0.5200 0.6212 -0.5863
vn 0.9649 -0.0044 -0.2627
vn 0.1085 -0.9024 0.4170
vn -0.0892 -0.9335 0.3474
vn 0.9110 -0.1451 -0.3860
vn 0.8186 -0.5741 0.0170
vn 0.5126 -0.8563 -0.0634
vn 0.6133 0.5326 -0.5832
vn 0.0098 -0.9999 0.0079
vn -0.0121 -0.9987 0.0501
vn 0.1220 -0.9106 0.3948
vn 0.1161 -0.8171 0.5647
vn -0.2294 0.5640 -0.7933
vn -0.2304 0.5647 -0.7925
vn -0.2220 0.5601 -0.7981
vn 0.0427 0.5084 -0.8601
vn -0.2199 0.5589 -0.7995
vn 0.2237 0.5028 0.8350
vn -0.2372 0.4387 -0.8668
vn -0.1542 0.3883 -0.9085
vn 0.7290 0.4848 0.4832
vn -0.2349 0.3304 -0.9142
vn -0.2153 0.3136 -0.9248
vn 0.1293 0.8661 0.4829
vn 0.1287 0.8671 0.4811
vn 0.1280 0.8684 0.4791
vn -0.0096 0.2501 0.9682
vn -0.2089 0.1906 -0.9592
vn -0.2633 0.0852 -0.9609
vn -0.2553 0.1648 -0.9527
vn -0.2550 0.0647 -0.9648
vn -0.2523 0.0042 -0.9676
vn -0.2646 0.0235 -0.9641
vn 0.2653 0.0117 0.9641
vn 0.2646 0.0121 0.9643
vn 0.2653 0.0122 0.9641
vn 0.2718 0.0055 0.9623
vn -0.9657 0.0002 0.2595
vn -0.9657 0.0001 0.2597
vn -0.9657 0.0012 0.2598
vn -0.9654 0.0003 0.2608
vn -0.2356 -0.3541 -0.9051
vn -0.2356 -0.3543 -0.9050
vn -0.2361 -0.3542 -0.9049
vn -0.2232 -0.4321 -0.8738
vn -0.2569 -0.4037 -0.8781
vn -0.3072 0.0241 0.9513
vn -0.4065 0.0450 0.9125
vn -0.2683 -0.1011 -0.9580
vn -0.2604 -0.1139 -0.9588
vn 0.2474 0.0589 0.9671
vn -0.2547 -0.1744 -0.9512
vn -0.2677 -0.1576 -0.9505
vn 0.2580 0.1411 0.9558
vn 0.2700 0.1248 0.9547
vn -0.2136 -0.2512 -0.9441
vn -0.2468 -0.2081 -0.9465
vn 0.2474 0.2172 0.9443
vn 0.2574 0.2002 0.9453
vn -0.2274 -0.3622 -0.9039
vn 0.2471 0.2747 0.9292
vn 0.2469 0.2749 0.9292
vn 0.2470 0.2748 0.9292
vn 0.2472 0.2745 0.9293
vn -0.2661 -0.3867 -0.8830
vn -0.1368 -0.4086 -0.9024
vn -0.2622 -0.3393 -0.9034
vn 0.2603 0.3376 0.9046
vn -0.1835 -0.5415 -0.8204
vn 0.2318 0.3968 0.8882
vn -0.2007 -0.5273 -0.8256
vn -0.1476 -0.5011 -0.8527
vn 0.9660 0.0065 -0.2583
vn 0.9650 0.0091 -0.2622
vn 0.9661 0.0059 -0.2580
vn 0.9628 -0.0040 -0.2702
vn 0.9627 -0.0035 -0.2705
vn 0.9650 -0.0100 -0.2619
vn 0.9653 -0.0105 -0.2611
vn -0.0292 -0.9825 -0.1839
vn 0.0503 -0.9987 -0.0067
vn -0.0010 -0.9982 0.0607
vn 0.1143 -0.9661 0.2317
vn 0.0547 -0.9529 0.2985
vn -0.3427 -0.8149 0.4675
vn 0.5172 -0.7448 0.4216
vn 0.0893 -0.9134 0.3971
vn 0.1693 -0.8232 0.5419
vn 0.1922 -0.6690 0.7180
vn 0.1923 -0.6691 0.7178
vn 0.1915 -0.6683 0.7189
vn 0.1913 -0.6680 0.7191
vn 0.1301 -0.8011 0.5842
vn 0.1347 -0.8003 0.5842
vn 0.1343 -0.8003 0.5844
vn 0.2236 -0.5253 0.8210
vn 0.2063 -0.5000 0.8411
vn 0.2224 -0.3372 0.9148
vn 0.9033 0.0000 0.4291
vn 0.8967 -0.0272 0.4417
vn 0.2567 -0.0473 0.9653
vn 0.2557 -0.0433 0.9658
vn 0.2580 -0.0514 0.9648
vn 0.8831 0.1881 0.4298
vn 0.9661 0.1915 -0.1734
vn 0.9405 0.2458 -0.2344
vn 0.8800 0.1548 0.4490
vn 0.2467 0.2278 0.9419
vn 0.2551 0.2135 0.9431
vn 0.2533 0.2123 0.9438
vn 0.2536 0.2149 0.9431
vn 0.9699 0.0113 0.2432
vn 0.9756 -0.0422 -0.2155
vn 0.2291 0.4694 0.8527
vn 0.2259 0.4767 0.8495
vn 0.2257 0.4767 0.8496
vn -0.1049 0.8806 -0.4621
vn -0.0987 0.9635 -0.2490
vn 0.9658 0.0000 -0.2591
vn 0.3981 -0.9043 0.1540
vn 0.9657 0.0001 -0.2597
vn 0.9659 -0.0001 -0.2588
vn 0.9660 -0.0001 -0.2587
vn 0.5528 -0.8304 -0.0695
vn 0.6666 -0.7272 -0.1640
vn 0.7806 -0.6047 -0.1579
vn 0.9659 -0.0000 -0.2587
vn 0.9704 -0.0148 -0.2412
vn 0.3656 -0.9269 0.0846
vn 0.3042 -0.9071 0.2910
vn 0.9141 -0.3938 0.0970
vn 0.9596 0.1146 -0.2571
vn 0.9527 0.1145 -0.2814
vn 0.9880 0.0103 -0.1542
vn 0.9879 0.0126 -0.1546
vn 0.9882 0.0021 -0.1529
vn 0.9659 0.0883 -0.2433
vn 0.9639 0.0919 -0.2498
vn 0.9666 0.0871 -0.2412
vn 0.9630 0.0935 -0.2527
vn 0.9883 0.0000 -0.1526
vn 0.9595 0.1140 -0.2577
vn 0.9587 0.1137 -0.2609
vn 0.9596 0.1141 -0.2571
vn 0.9586 0.1135 -0.2612
vn 0.9891 0.0196 -0.1462
vn 0.9890 0.0203 -0.1462
vn 0.9891 0.0140 -0.1465
vn 0.8765 0.1817 -0.4459
vn 0.9407 0.1619 -0.2981
vn 0.9891 0.0134 -0.1465
vn 0.1126 0.6587 -0.7439
vn 0.1697 -0.9047 0.3908
vn 0.2779 -0.5337 0.7987
vn 0.1393 0.8634 0.4848
vn 0.9662 0.0067 -0.2577
vn 0.9652 0.0049 -0.2614
vn 0.9669 0.0074 -0.2551
vn 0.9660 -0.0004 -0.2585
vn 0.9700 0.0018 -0.2431
vn 0.9686 -0.0138 -0.2484
vn 0.6323 0.3634 0.6842
vn 0.2107 0.9106 0.3556
vn 0.1622 0.5589 0.8132
vn 0.3571 0.7844 0.5072
vn -0.2720 0.5911 0.7594
vn 0.1528 0.2419 0.9582
vn 0.9715 -0.1292 0.1990
vn 0.8207 0.5481 0.1614
vn 0.6945 0.3944 0.6017
vn 0.9650 -0.0014 -0.2623
vn 0.9840 0.0609 -0.1673
vn 0.9658 0.0001 -0.2592
vn -0.4537 -0.1219 0.8828
vn 0.9659 0.0001 -0.2590
vn 0.9445 -0.1530 0.2908
vn 0.9659 0.0002 -0.2590
vn 0.9964 0.0010 -0.0844
vn 0.9657 0.0003 -0.2597
vn 0.9977 0.0048 0.0677
vn 0.9944 0.0194 -0.1043
vn 0.9665 -0.0009 -0.2568
vn 0.9662 -0.0008 -0.2580
vn 0.7899 0.2659 0.5526
vn 0.9670 -0.0012 -0.2548
vn 0.9670 -0.0012 -0.2549
vn 0.1821 0.8486 0.4968
vn 0.5862 0.3423 0.7343
vn 0.9612 -0.0608 -0.2691
vn 0.9655 0.0185 -0.2599
vn 0.9646 0.2240 0.1392
vn 0.8980 0.0884 0.4310
vn 0.9037 -0.0066 -0.4282
vn 0.2938 -0.1248 -0.9477
vn 0.5943 0.0147 -0.8041
vn -0.8433 0.0840 -0.5308
vn 0.3332 0.0534 -0.9413
vn 0.9694 0.0099 -0.2451
vn 0.9694 0.0102 -0.2453
vn 0.9695 0.0071 -0.2450
vn 0.9700 0.0036 -0.2431
vn 0.9696 0.0075 -0.2446
vn 0.9700 0.0033 -0.2430
vn 0.9652 0.0002 -0.2615
vn 0.9655 0.0081 -0.2604
vn 0.9652 0.0003 -0.2616
vn -0.0741 -0.9086 -0.4110
vn -0.0540 -0.9840 -0.1696
vn -0.1584 -0.8124 -0.5613
vn -0.0944 -0.9424 -0.3208
vn -0.1515 -0.7270 -0.6697
vn 0.0476 -0.9958 0.0784
vn 0.1189 -0.9488 0.2928
vn 0.0574 -0.9285 0.3669
vn 0.1298 -0.8012 0.5841
vn -0.1202 -0.6164 0.7782
vn 0.5267 -0.4733 0.7061
vn 0.2213 -0.6288 0.7454
vn 0.2222 -0.5010 0.8364
vn -0.1823 0.7111 -0.6791
vn -0.1704 0.7121 -0.6811
vn -0.1698 0.7120 -0.6813
vn 0.1850 0.7265 0.6618
vn -0.0086 0.9877 -0.1562
vn -0.0018 0.9871 -0.1603
vn -0.0100 0.9878 -0.1553
vn -0.1458 0.8944 -0.4228
vn 0.0544 0.9979 0.0361
vn -0.0019 0.9915 0.1299
vn 0.0969 0.9536 0.2850
vn 0.0525 0.9262 0.3734
vn 0.1118 0.8692 0.4816
vn 0.9801 -0.0756 -0.1838
vn 0.9676 0.0000 -0.2525
vn 0.8183 0.5739 -0.0326
vn 0.8820 0.4191 0.2154
vn -0.0020 -0.9958 -0.0910
vn 0.0070 -0.9895 0.1444
vn 0.1911 -0.7427 0.6418
vn -0.2125 -0.5463 -0.8102
vn -0.1868 -0.7704 -0.6095
vn -0.2123 -0.5463 -0.8102
vn 0.1911 -0.5541 0.8102
vn -0.2502 -0.3273 -0.9112
vn -0.2583 -0.0399 -0.9653
vn -0.2117 -0.5465 -0.8103
vn -0.2235 -0.5764 -0.7860
vn -0.2236 -0.5764 -0.7860
vn -0.2246 -0.5762 -0.7858
vn -0.2201 -0.3602 -0.9066
vn -0.2465 -0.3091 -0.9186
vn 0.2550 -0.3380 0.9060
vn 0.2479 -0.3035 0.9200
vn 0.2584 -0.0539 0.9645
vn -0.2504 0.2197 -0.9429
vn -0.2565 0.2176 -0.9417
vn -0.2528 0.2124 -0.9439
vn -0.2622 0.2294 -0.9374
vn -0.1966 0.4685 -0.8613
vn -0.2247 0.4570 -0.8606
vn -0.2244 0.4567 -0.8608
vn -0.2248 0.4571 -0.8605
vn -0.1932 0.7300 -0.6556
vn -0.1828 0.7109 -0.6791
vn 0.1681 0.6842 0.7096
vn -0.0634 0.9242 -0.3767
vn 0.0000 0.9869 -0.1613
vn -0.0507 0.9962 -0.0714
vn -0.1166 0.9373 -0.3284
vn 0.0636 0.9893 0.1314
vn 0.0000 0.9788 0.2049
vn 0.1346 0.9154 0.3795
vn 0.1042 0.8842 0.4553
vn 0.0994 0.8832 0.4584
vn 0.1005 0.8834 0.4577
vn 0.1540 0.8026 0.5763
vn 0.1526 0.8028 0.5764
vn 0.1527 0.8031 0.5759
vn 0.1538 0.8037 0.5748
vn -0.0550 -0.9440 -0.3254
vn -0.0516 -0.9982 -0.0312
vn -0.1076 -0.9658 -0.2361
vn -0.1220 -0.8068 -0.5781
vn 0.0962 -0.9655 0.2421
vn 0.1367 -0.9053 0.4022
vn 0.0781 -0.8691 0.4885
vn 0.1528 -0.7111 0.6863
vn -0.2582 -0.0425 -0.9651
vn 0.2590 -0.0537 0.9644
vn 0.2516 0.2096 0.9449
vn 0.2552 0.2111 0.9436
vn 0.2261 0.4767 0.8495
vn 0.1897 0.6727 0.7152
vn 0.1904 0.6729 0.7148
vn 0.1911 0.6715 0.7159
vn 0.1531 0.8023 0.5769
vn -0.1032 0.8594 -0.5008
vn -0.1040 0.8594 -0.5007
vn -0.1031 0.8594 -0.5008
vn -0.0498 0.9592 -0.2784
vn 0.0294 0.9971 -0.0696
vn -0.0412 0.9986 0.0319
vn 0.0994 0.9725 0.2108
vn 0.0515 0.9433 0.3278
vn 0.0534 0.9437 0.3264
vn 0.0509 0.9432 0.3283
vn 0.1051 0.8844 0.4548
vn -0.0228 -0.9707 -0.2392
vn 0.0471 -0.9983 0.0336
vn 0.0106 -0.9940 0.1089
vn -0.0821 -0.9857 -0.1473
vn 0.0555 -0.9613 0.2697
vn 0.2232 -0.8119 0.5394
vn 0.1704 -0.6999 0.6936
vn -0.1577 -0.7340 -0.6605
vn -0.1785 -0.8224 -0.5403
vn 0.2108 -0.5459 0.8109
vn 0.2143 -0.5734 0.7907
vn 0.2183 -0.5777 0.7866
vn 0.2199 -0.5775 0.7862
vn 0.2320 -0.3391 0.9117
vn -0.2507 0.2228 -0.9421
vn -0.2242 0.4565 -0.8610
vn -0.2366 0.5009 -0.8326
vn 0.2261 0.4885 0.8428
vn 0.2280 0.4906 0.8410
vn 0.2271 0.4913 0.8409
vn -0.1551 0.7203 -0.6761
vn -0.1810 0.7648 -0.6183
vn 0.1912 0.6710 0.7164
vn -0.1023 0.8594 -0.5009
vn -0.0982 0.9672 -0.2343
vn -0.1515 0.9120 -0.3813
vn 0.1531 0.8267 0.5414
vn 0.1419 0.8267 0.5444
vn 0.1536 0.8266 0.5414
vn -0.0753 -0.9195 -0.3858
vn -0.1166 -0.9163 -0.3832
vn -0.1436 -0.7331 -0.6648
vn 0.1080 -0.9354 0.3366
vn 0.1787 -0.8014 0.5708
vn 0.1451 -0.7452 0.6509
vn -0.3160 -0.3789 -0.8698
vn 0.2191 -0.5760 0.7876
vn 0.2134 -0.5708 0.7928
vn 0.2456 -0.3115 0.9179
vn 0.2690 -0.3581 0.8941
vn 0.2593 -0.0525 0.9644
vn -0.1689 0.5387 -0.8254
vn -0.2069 0.7642 -0.6110
vn -0.0045 0.9901 -0.1406
vn 0.0528 0.9970 0.0570
vn 0.0000 0.9893 0.1456
vn 0.0540 0.9438 0.3260
vn -0.0654 -0.9396 -0.3359
vn -0.0027 -0.9905 -0.1378
vn -0.0422 -0.9986 -0.0329
vn -0.0419 -0.9986 -0.0330
vn -0.0421 -0.9986 -0.0330
vn 0.0534 -0.9935 0.1001
vn 0.0102 -0.9834 0.1812
vn 0.0572 -0.9136 0.4026
vn 0.1237 -0.7502 0.6496
vn -0.2226 -0.5766 -0.7861
vn -0.1930 -0.6571 -0.7287
vn -0.1927 -0.6568 -0.7290
vn -0.1991 -0.6578 -0.7264
vn -0.1860 -0.7737 -0.6057
vn -0.2226 -0.5045 -0.8342
vn -0.2224 -0.5040 -0.8346
vn -0.2223 -0.5036 -0.8348
vn -0.2469 -0.2958 -0.9228
vn -0.2583 -0.0426 -0.9651
vn -0.2227 -0.5050 -0.8339
vn -0.1979 -0.5667 -0.7998
vn -0.1996 -0.6577 -0.7264
vn -0.2296 -0.3620 -0.9035
vn -0.2561 0.2254 -0.9400
vn -0.2524 0.2197 -0.9424
vn -0.2477 0.2333 -0.9403
vn 0.2522 0.2128 0.9440
vn -0.2044 0.5385 -0.8175
vn -0.2046 0.5384 -0.8175
vn -0.2051 0.5380 -0.8176
vn -0.2267 0.4911 -0.8411
vn 0.2301 0.4878 0.8421
vn -0.1989 0.5414 -0.8169
vn -0.1535 0.7518 -0.6412
vn -0.1599 0.7485 -0.6436
vn -0.1612 0.7478 -0.6440
vn -0.1673 0.7799 -0.6031
vn -0.1140 0.8548 -0.5063
vn -0.1087 0.8529 -0.5107
vn -0.1155 0.8553 -0.5050
vn -0.0600 0.9157 -0.3973
vn -0.0990 0.9487 -0.3004
vn -0.0479 0.9958 -0.0777
vn 0.0889 0.9739 0.2086
vn 0.1325 0.8958 0.4243
vn 0.1103 0.8719 0.4771
vn 0.1420 0.8262 0.5452
vn -0.0424 -0.9986 -0.0329
vn -0.0857 -0.9437 -0.3194
vn -0.0423 -0.9815 -0.1867
vn -0.1345 -0.9275 -0.3487
vn -0.1298 -0.8199 -0.5576
vn 0.1114 -0.9649 0.2378
vn 0.2611 -0.8298 0.4932
vn 0.1426 -0.8491 0.5087
vn 0.1924 -0.6906 0.6971
vn 0.1745 -0.6742 0.7176
vn 0.1076 -0.8330 0.5428
vn 0.2223 -0.5669 0.7932
vn 0.1874 -0.4998 0.8456
vn 0.2245 -0.3546 0.9076
vn 0.2592 -0.0540 0.9643
vn 0.2555 0.2070 0.9444
vn 0.2559 0.2146 0.9426
vn 0.2257 0.4866 0.8440
vn 0.2290 0.4830 0.8451
vn -0.2376 0.5799 -0.7793
vn 0.1876 0.6705 0.7178
vn 0.1911 0.7282 0.6581
vn -0.0463 0.9653 -0.2571
vn 0.0289 0.9985 -0.0464
vn -0.0379 0.9989 0.0288
vn 0.0438 0.9704 0.2374
vn 0.0494 -0.9969 0.0605
vn 0.0575 -0.9510 0.3036
vn 0.1867 -0.7893 0.5849
vn -0.1168 -0.8161 -0.5660
vn -0.0283 -0.6118 0.7905
vn 0.6274 -0.4529 0.6334
vn 0.1928 -0.6409 0.7430
vn 0.2305 0.4698 0.8522
vn 0.2225 0.4689 0.8548
vn 0.2239 0.4769 0.8500
vn -0.1900 0.6793 -0.7088
vn -0.1523 0.7525 -0.6408
vn -0.1808 0.8087 -0.5598
vn 0.1494 0.7253 0.6720
vn 0.2099 0.6540 0.7268
vn -0.1069 0.8522 -0.5122
vn -0.0986 0.9710 -0.2176
vn -0.1480 0.9034 -0.4025
vn 0.0480 0.9964 0.0700
vn 0.1048 0.9507 0.2918
vn 0.0561 0.9370 0.3447
vn 0.1491 0.8769 0.4570
vn 0.1049 0.8177 0.5661
vn -0.1090 -0.9109 -0.3980
vn -0.1897 -0.7644 -0.6162
vn -0.1801 -0.7662 -0.6168
vn -0.1907 -0.7642 -0.6161
vn -0.0620 -0.9265 -0.3711
vn -0.0026 -0.9853 -0.1708
vn -0.0484 -0.9947 -0.0911
vn -0.1786 -0.7665 -0.6169
vn -0.4056 0.0643 -0.9118
vn -0.4720 -0.8453 0.2502
vn -0.5110 -0.8592 -0.0255
vn -0.8186 -0.5221 0.2394
vn -0.9526 0.0000 -0.3043
vn 0.0050 -0.9915 0.1296
vn 0.1094 -0.9281 0.3560
vn 0.1450 -0.7683 0.6235
vn -0.2259 -0.5732 -0.7876
vn -0.5643 0.0442 -0.8244
vn -0.3541 -0.2995 -0.8859
vn -0.2248 -0.5014 -0.8355
vn 0.2232 -0.5937 0.7731
vn 0.2230 -0.5046 0.8341
vn 0.2548 -0.3490 0.9018
vn 0.2461 -0.3104 0.9182
vn 0.2572 -0.0488 0.9651
vn -0.5823 0.4640 -0.6676
vn -0.3611 0.1997 -0.9109
vn -0.2325 0.3248 -0.9168
vn -0.2123 -0.0513 -0.9759
vn 0.2662 0.7347 -0.6240
vn -0.8308 0.4132 -0.3729
vn -0.3203 -0.3146 -0.8936
vn -0.0648 0.9162 -0.3955
vn -0.0018 0.9885 -0.1512
vn -0.0475 0.9938 -0.1005
vn -0.3872 0.9165 0.1000
vn -0.3858 0.9168 0.1034
vn -0.3860 0.9167 0.1029
vn -0.3875 0.9165 0.0992
vn 0.0039 0.9904 0.1380
vn 0.1176 0.9115 0.3942
vn 0.1467 0.8150 0.5605
vn -0.0415 -0.8818 0.4697
vn -0.0065 -0.9960 -0.0890
vn -0.0530 -0.9981 -0.0327
vn -0.9521 -0.1450 0.2693
vn -0.6942 -0.5554 0.4578
vn 0.0542 -0.9864 0.1552
vn 0.0152 -0.9779 0.2087
vn 0.0865 -0.9185 0.3858
vn 0.1920 -0.7258 0.6605
vn 0.0703 -0.7130 0.6976
vn -0.9116 -0.3650 0.1888
vn -0.9872 0.0000 0.1594
vn -0.9921 0.0295 0.1219
vn -0.3934 -0.8315 -0.3923
vn -0.9821 -0.0955 -0.1626
vn 0.1902 -0.5711 0.7986
vn -0.9487 -0.3095 -0.0642
vn -0.6381 -0.7215 -0.2688
vn 0.4179 -0.6957 -0.5842
vn -0.6240 -0.7303 -0.2779
vn -0.5324 -0.3744 -0.7592
vn -0.7625 -0.6012 -0.2391
vn -0.9574 -0.0288 -0.2874
vn -0.9598 -0.0821 -0.2686
vn -0.7716 -0.6098 0.1809
vn -0.9168 -0.1836 -0.3546
vn -0.0208 -0.9817 -0.1894
vn -0.3608 -0.1154 -0.9255
vn -0.4460 -0.0912 -0.8904
vn -0.4048 0.4227 -0.8109
vn -0.5589 -0.8213 0.1150
vn -0.7887 -0.5361 0.3010
vn 0.2167 -0.0260 0.9759
vn -0.5707 -0.8068 0.1529
vn -0.4024 -0.2476 -0.8813
vn -0.9819 0.1280 0.1394
vn -0.3029 -0.1158 -0.9459
vn -0.3626 -0.0168 -0.9318
vn 0.0086 -0.2428 -0.9700
vn 0.2577 -0.0530 0.9648
vn -0.9573 0.1118 -0.2665
vn -0.8627 0.3938 -0.3172
vn -0.1800 0.4598 -0.8696
vn -0.4714 0.5881 -0.6572
vn -0.5945 0.4262 -0.6819
vn -0.3164 0.1371 -0.9387
vn 0.2600 0.2117 0.9421
vn 0.2463 0.2235 0.9431
vn 0.2518 0.2296 0.9402
vn 0.2484 0.2257 0.9420
vn -0.9467 0.2040 0.2491
vn -0.2028 0.9651 -0.1656
vn -0.3613 0.7428 -0.5636
vn -0.7522 0.4348 -0.4951
vn -0.3366 0.9391 0.0692
vn -0.3491 0.9324 0.0935
vn 0.1521 0.0000 0.9884
vn -0.8030 0.5949 0.0352
vn -0.2405 -0.2959 -0.9244
vn -0.8101 0.4325 0.3959
vn -0.4329 0.8365 -0.3359
vn -0.9087 0.3086 -0.2811
vn -0.9950 0.0515 0.0858
vn -0.0063 0.2476 -0.9688
vn -0.0766 0.2786 -0.9574
vn 0.2297 0.4718 0.8513
vn 0.2245 0.4797 0.8482
vn -0.9965 -0.0730 0.0399
vn 0.1874 0.6533 0.7335
vn -0.9931 -0.0889 0.0762
vn -0.9952 0.0788 0.0581
vn -0.0473 0.9556 0.2907
vn -0.1011 0.9478 0.3023
vn -0.3527 0.3327 0.8746
vn -0.3576 0.3337 0.8722
vn -0.3511 0.3324 0.8753
vn -0.3592 0.3341 0.8714
vn -0.0061 0.9950 -0.0996
vn -0.0532 0.9975 -0.0469
vn 0.0874 0.9824 0.1653
vn 0.0178 0.9691 0.2462
vn 0.0992 0.9090 0.4048
vn 0.1712 0.7911 0.5872
vn 0.1522 0.7748 0.6136
vn 0.1518 0.8761 0.4577
vn 0.1914 0.6695 0.7178
vn -0.9700 -0.0059 0.2431
vn -0.9684 -0.0048 0.2493
vn -0.9699 -0.0068 0.2434
vn -0.9697 -0.0025 0.2441
vn -0.9595 -0.0294 0.2802
vn -0.1598 -0.6583 -0.7356
vn -0.0518 -0.9339 -0.3537
vn -0.1314 -0.9590 -0.2512
vn -0.1887 -0.6912 -0.6976
vn -0.0879 -0.4560 -0.8856
vn -0.2308 -0.3999 -0.8870
vn -0.9679 -0.0058 0.2513
vn -0.9875 -0.0121 0.1572
vn -0.9635 0.0069 0.2678
vn -0.9795 -0.0364 0.1982
vn -0.8419 0.2371 -0.4847
vn -0.1446 0.9830 0.1128
vn -0.9151 -0.0539 -0.3995
vn -0.9148 0.0262 -0.4030
vn -0.9630 -0.0348 0.2674
vn -0.9187 -0.3557 -0.1717
vn -0.5049 -0.8469 0.1666
vn -0.9759 0.0229 0.2172
vn -0.0832 -0.9588 0.2716
vn 0.0167 -0.9833 0.1810
vn -0.3501 0.0579 -0.9349
vn -0.2417 0.0152 -0.9702
vn -0.2309 0.0018 -0.9730
vn -0.9744 -0.1802 0.1342
vn -0.4868 -0.8503 0.2001
vn -0.9801 -0.1598 0.1181
vn -0.0790 -0.9601 -0.2683
vn -0.9108 0.1321 -0.3911
vn -0.1328 -0.9501 0.2822
vn -0.3487 -0.9159 0.1991
vn -0.3636 -0.7231 0.5873
vn -0.0266 -0.6619 0.7491
vn -0.1995 -0.9697 -0.1411
vn 0.0651 -0.5751 0.8155
vn -0.1711 -0.0554 0.9837
vn 0.0489 -0.8908 0.4518
vn 0.0744 -0.8998 0.4300
vn 0.0289 0.4536 -0.8907
vn -0.1962 -0.0609 -0.9787
vn -0.9410 0.3318 -0.0668
vn -0.9659 -0.0125 0.2588
vn 0.0351 -0.9990 -0.0259
vn -0.0168 -0.9990 0.0423
vn 0.1035 -0.9706 0.2173
vn 0.0594 -0.9600 0.2738
vn 0.0820 -0.8697 0.4868
vn 0.2939 -0.8354 0.4645
vn 0.1052 -0.9001 0.4227
vn 0.1558 -0.8162 0.5564
vn -0.2632 -0.7503 0.6065
vn 0.0422 -0.9991 0.0088
vn -0.4391 0.5804 -0.6858
vn -0.9989 -0.0285 0.0373
vn 0.6221 -0.1185 -0.7739
vn -0.2385 0.3682 -0.8986
vn 0.2230 -0.5365 0.8139
vn -0.2428 0.2001 0.9492
vn 0.2400 -0.3525 0.9045
vn 0.2254 -0.3146 0.9221
vn 0.2551 -0.0467 0.9658
vn 0.2451 0.2221 0.9437
vn 0.2515 -0.2250 -0.9413
vn -0.9187 -0.3090 0.2461
vn -0.9981 0.0000 -0.0623
vn -0.2714 0.4191 0.8664
vn 0.1583 -0.5270 0.8350
vn -0.8240 -0.5648 -0.0441
vn 0.3509 -0.9182 0.1836
vn -0.1250 -0.9753 0.1823
vn -0.9067 -0.2111 -0.3652
vn -0.9723 -0.1804 -0.1487
vn -0.9644 -0.1884 -0.1857
vn -0.2774 -0.9122 -0.3015
vn -0.2647 0.7542 0.6010
vn 0.0948 0.9663 -0.2395
vn 0.1917 0.7248 0.6617
vn -0.9442 -0.3294 -0.0033
vn -0.3802 0.0006 -0.9249
vn -0.9012 0.3960 -0.1759
vn -0.9701 0.0731 0.2314
vn -0.1698 -0.0218 -0.9852
vn 0.2069 -0.6944 -0.6892
vn 0.2780 -0.5785 -0.7669
vn 0.0153 0.3899 -0.9207
vn -0.9218 0.2220 -0.3178
vn -0.9933 0.1143 0.0199
vn -0.0161 0.9534 0.3012
vn 0.0522 0.9977 -0.0422
vn -0.0358 0.9977 0.0569
vn 0.0936 0.4002 0.9116
vn 0.0389 0.9666 0.2532
vn 0.1329 0.3516 0.9267
vn 0.1041 0.9629 0.2492
vn 0.0535 0.9510 0.3044
vn 0.1043 0.8515 0.5139
vn -0.9613 0.0046 0.2755
vn -0.3902 0.5114 -0.7656
vn -0.2318 0.4403 -0.8674
vn -0.0594 0.9792 0.1941
vn -0.9652 -0.0081 0.2614
vn -0.1294 0.9575 -0.2579
vn -0.1170 0.9572 -0.2649
vn -0.9695 0.2417 0.0395
vn -0.8670 0.4474 -0.2194
vn -0.8496 0.3010 0.4331
vn -0.9610 -0.0120 0.2762
vn -0.5633 0.6742 0.4777
vn -0.0871 0.9644 0.2496
vn 0.0766 -0.3722 0.9250
vn -0.4460 0.7232 0.5273
vn -0.0961 0.7051 -0.7026
vn -0.2273 0.8373 -0.4972
vn -0.0499 0.7623 0.6453
vn 0.9138 -0.1397 -0.3813
vn 0.8641 0.0000 -0.5034
vn 0.9748 -0.0886 -0.2049
vn 0.9815 -0.0140 -0.1912
vn 0.9788 0.0000 -0.2050
vn 0.9556 -0.0450 -0.2913
vn 0.3865 0.0067 -0.9223
vn -0.1287 0.1968 -0.9720
vn 0.6228 -0.4579 -0.6344
vn 0.4942 -0.8401 0.2235
vn 0.8130 -0.5236 -0.2545
vn 0.6472 -0.7518 0.1266
vn -0.0158 -0.7727 0.6345
vn 0.3656 -0.8614 0.3525
vn -0.3495 -0.7759 0.5252
vn 0.5338 -0.8356 -0.1296
vn 0.2438 -0.7238 0.6455
vn -0.7799 -0.3292 0.5323
vn 0.2718 -0.9350 -0.2279
vn -0.8231 -0.1959 0.5331
vn 0.9590 -0.0007 -0.2833
vn 0.9600 -0.0045 -0.2800
vn 0.9589 -0.0001 -0.2836
vn -0.0737 -0.9736 0.2161
vn 0.3217 -0.1672 -0.9320
vn 0.4860 -0.7229 -0.4911
vn 0.5016 -0.4110 -0.7612
vn 0.9588 0.0000 -0.2840
vn -0.7890 -0.5413 0.2907
vn -0.8311 -0.5106 0.2205
vn 0.0899 -0.9525 0.2910
vn -0.1729 0.5230 -0.8346
vn 0.5567 -0.6527 -0.5139
vn 0.5186 -0.2507 -0.8174
vn -0.4874 -0.8731 0.0131
vn -0.1358 -0.2287 0.9640
vn -0.5527 -0.8201 0.1481
vn -0.5116 -0.8387 0.1867
vn -0.4880 -0.8630 0.1308
vn 0.1417 -0.8980 0.4166
vn -0.2040 -0.0888 0.9749
vn -0.2842 -0.8159 0.5035
vn 0.1410 -0.9657 0.2179
vn -0.2556 -0.2061 -0.9445
vn -0.2517 -0.2013 -0.9466
vn -0.2507 -0.2001 -0.9471
vn -0.7118 -0.0863 0.6971
vn 0.3172 -0.8883 -0.3322
vn -0.5470 -0.3445 0.7629
vn -0.7501 -0.2335 0.6187
vn -0.3771 -0.2529 0.8910
vn -0.4739 0.0245 0.8802
vn -0.2580 -0.0377 -0.9654
vn -0.2567 -0.0303 -0.9660
vn -0.2522 -0.0299 -0.9672
vn -0.2763 -0.0386 0.9603
vn -0.3646 0.0698 0.9285
vn -0.2677 0.1422 -0.9529
vn -0.2499 0.1155 -0.9614
vn -0.4819 0.1592 0.8617
vn -0.1956 -0.3004 0.9335
vn -0.2279 0.3179 -0.9203
vn -0.8575 -0.2867 0.4272
vn -0.2501 0.2819 -0.9263
vn 0.0993 -0.1408 -0.9850
vn -0.6662 0.7240 0.1792
vn -0.4823 0.0751 0.8728
vn 0.8312 0.1066 -0.5456
vn 0.2888 -0.1672 -0.9427
vn 0.0457 0.8088 0.5863
vn -0.2347 0.4988 -0.8344
vn 0.1538 -0.9874 -0.0364
vn -0.4441 0.5764 0.6860
vn 0.0878 0.9761 -0.1987
vn -0.4003 0.5063 0.7638
vn 0.9670 -0.1368 -0.2148
vn 0.9748 0.0000 -0.2232
vn 0.3788 0.1982 -0.9040
vn 0.9315 0.1088 -0.3470
vn -0.7724 0.6090 0.1804
vn -0.2897 0.9559 0.0483
vn 0.0192 0.0005 0.9998
vn -0.7665 0.6093 0.2032
vn -0.7521 0.1642 0.6383
vn -0.3679 0.8932 0.2587
vn -0.2727 0.9596 0.0694
vn -0.4780 0.7957 0.3720
vn -0.3681 0.9245 0.0986
vn 0.9004 0.0660 -0.4300
vn 0.9685 -0.0022 -0.2492
vn 0.9807 -0.1009 -0.1677
vn 0.4835 0.8489 -0.2134
vn -0.3964 -0.9119 0.1062
vn 0.9435 0.2504 -0.2169
vn 0.4539 0.2195 -0.8636
vn -0.4356 0.7940 0.4240
vn 0.2678 0.9490 -0.1665
vn 0.0468 0.7414 0.6694
vn -0.6796 0.5806 0.4485
vn -0.5970 0.8017 0.0306
vn -0.7731 0.6209 0.1296
vn -0.5064 0.5023 0.7009
vn 0.2015 0.9466 -0.2517
vn -0.2522 -0.9009 0.3533
vn -0.0568 0.9916 0.1160
vn -0.0416 0.9941 0.0997
vn -0.0387 0.9549 -0.2944
vn 0.2371 0.9647 0.1147
vn 0.9435 0.2606 -0.2047
vn 0.1328 0.8634 0.4867
vn -0.1038 0.9193 0.3796
vn 0.1908 0.9631 0.1899
vn -0.1257 -0.8080 -0.5756
vn -0.0538 0.4901 -0.8700
vn -0.1875 -0.7120 -0.6767
vn -0.1520 -0.8223 -0.5483
vn -0.1516 -0.7743 -0.6144
vn -0.0693 -0.9637 0.2580
vn 0.3406 -0.8954 -0.2869
vn 0.3856 -0.7715 -0.5061
vn -0.0321 -0.9670 -0.2527
vn -0.0759 -0.9804 -0.1818
vn -0.8560 -0.5028 0.1202
vn -0.9366 -0.2474 0.2482
vn -0.0330 -0.9963 -0.0796
vn -0.9350 -0.2361 0.2645
vn -0.9659 -0.0002 0.2588
vn -0.9656 -0.0046 0.2601
vn -0.9654 -0.0040 0.2609
vn -0.9655 -0.0060 0.2602
vn -0.8569 -0.4615 0.2296
vn -0.8832 -0.4298 0.1879
vn -0.7761 -0.5434 0.3200
vn -0.9652 -0.0059 0.2615
vn -0.8919 -0.4368 0.1174
vn -0.2812 -0.3830 0.8799
vn -0.6777 -0.2445 0.6935
vn -0.4170 -0.5696 0.7082
vn -0.5139 -0.5595 0.6503
vn -0.6668 -0.6105 0.4274
vn -0.9288 -0.2741 0.2495
vn -0.6730 -0.6402 0.3705
vn -0.1849 -0.6769 -0.7125
vn -0.8852 -0.2085 0.4159
vn -0.4141 -0.6984 0.5837
vn -0.9557 -0.0693 0.2860
vn -0.3673 -0.8140 0.4500
vn -0.9279 0.0041 0.3729
vn -0.9715 0.0661 0.2275
vn -0.9199 0.0177 0.3917
vn -0.9274 -0.1900 0.3223
vn -0.9100 -0.2185 0.3523
vn -0.2360 0.3139 -0.9197
vn -0.9015 0.0205 0.4322
vn -0.9685 0.1426 0.2042
vn 0.4193 0.6401 -0.6437
vn -0.0786 0.4933 -0.8663
vn -0.6025 -0.4433 0.6637
vn -0.2366 0.4322 -0.8702
vn 0.1984 -0.1699 -0.9653
vn -0.7943 0.6074 -0.0142
vn -0.2302 0.8577 0.4597
vn -0.1683 0.9262 0.3374
vn -0.0453 0.1164 0.9922
vn -0.5924 0.5597 0.5795
vn -0.8136 0.5395 0.2169
vn 0.2008 0.0149 -0.9795
vn -0.0586 0.9412 0.3327
vn -0.2134 0.6370 -0.7408
vn -0.9653 0.0035 0.2610
vn -0.9659 -0.0006 0.2589
vn -0.9661 0.0017 0.2580
vn -0.9656 0.0059 0.2600
vn -0.9658 0.0068 0.2592
vn -0.9657 0.0068 0.2597
vn 0.0032 0.9332 0.3594
vn 0.2433 0.0505 -0.9686
vn -0.1594 0.8039 -0.5730
vn -0.1638 0.8039 -0.5718
vn -0.1588 0.8039 -0.5731
vn 0.3586 0.7489 -0.5572
vn -0.9628 0.0898 0.2550
vn -0.7240 -0.0634 0.6868
vn -0.9711 0.0895 0.2213
vn 0.9298 0.3020 -0.2105
vn 0.2888 0.9542 0.0777
vn 0.4691 0.8107 -0.3504
vn -0.0325 0.9639 -0.2642
vn -0.0142 0.9980 -0.0609
vn -0.0328 0.9988 -0.0357
vn 0.7620 0.5299 -0.3722
vn -0.0612 0.9391 0.3381
vn -0.0752 0.9774 -0.1977
vn -0.0739 0.9773 -0.1983
vn -0.0755 0.9774 -0.1975
vn -0.0221 0.9936 0.1110
vn -0.0889 0.9819 0.1671
vn 0.8473 -0.0361 -0.5299
vn 0.3279 0.8878 -0.3230
vn -0.1399 -0.8926 -0.4286
vn -0.1250 -0.9317 -0.3410
vn -0.1119 -0.8553 -0.5060
vn 0.0093 -0.9997 -0.0238
vn 0.0092 -0.9997 -0.0238
vn 0.0523 -0.9952 0.0824
vn 0.0160 -0.9872 0.1587
vn 0.0862 -0.9626 0.2569
vn 0.0584 -0.9498 0.3073
vn 0.1221 -0.8922 0.4348
vn 0.0989 -0.8786 0.4672
vn 0.1359 -0.7883 0.6001
vn 0.0152 -0.8988 0.4380
vn 0.1646 -0.8561 0.4899
vn 0.1637 -0.8558 0.4907
vn 0.1672 -0.8570 0.4874
vn 0.1684 -0.7672 0.6188
vn 0.1470 -0.7560 0.6378
vn -0.8559 -0.1971 0.4781
vn 0.0673 -0.5452 0.8356
vn -0.2370 -0.4151 -0.8784
vn -0.2183 -0.5521 -0.8047
vn -0.2174 -0.5199 -0.8261
vn -0.2476 -0.3596 -0.8997
vn -0.2467 -0.3840 -0.8897
vn -0.2379 -0.3820 -0.8930
vn -0.2370 -0.3816 -0.8934
vn -0.2559 -0.2062 -0.9445
vn -0.2550 -0.1912 -0.9478
vn -0.2619 -0.1928 -0.9456
vn -0.2624 -0.1928 -0.9455
vn -0.1794 -0.3685 0.9122
vn -0.1549 0.0000 0.9879
vn -0.2207 -0.2811 0.9339
vn 0.2491 -0.2721 0.9295
vn 0.1839 -0.4535 0.8721
vn 0.1630 -0.2138 0.9632
vn 0.2588 0.0000 0.9659
vn -0.0640 0.9344 -0.3504
vn -0.2556 -0.0287 -0.9663
vn -0.2594 -0.0323 -0.9652
vn -0.2535 0.0495 0.9661
vn -0.2656 0.1473 -0.9528
vn -0.2659 0.1475 -0.9527
vn -0.2566 0.1495 -0.9549
vn -0.2815 0.0000 0.9596
vn -0.1287 -0.3155 0.9402
vn 0.2564 0.0018 0.9666
vn 0.2588 0.0022 0.9659
vn -0.1196 0.0811 0.9895
vn -0.1976 0.1938 0.9609
vn 0.2540 0.0192 0.9670
vn 0.2586 0.0030 0.9660
vn -0.8741 0.1086 0.4734
vn -0.8314 0.0516 0.5533
vn 0.3291 0.6647 -0.6707
vn -0.2116 0.5557 -0.8040
vn -0.1906 0.6370 -0.7469
vn -0.2067 0.6761 -0.7072
vn -0.7560 0.3861 0.5285
vn 0.1506 0.5798 0.8007
vn 0.0670 0.6915 0.7193
vn -0.1431 0.7178 -0.6814
vn -0.1643 0.8039 -0.5717
vn -0.1835 0.7662 -0.6158
vn -0.9651 0.0189 0.2611
vn -0.6026 0.4459 0.6618
vn 0.1700 0.7723 0.6120
vn 0.1558 0.7619 0.6287
vn -0.1184 0.8682 -0.4819
vn -0.0804 0.9257 -0.3695
vn -0.1136 0.9500 -0.2909
vn -0.1376 0.8885 -0.4377
vn -0.0737 0.9773 -0.1985
vn 0.0509 0.9890 0.1391
vn -0.0546 0.9593 0.2771
vn 0.0947 0.9546 0.2824
vn 0.0567 0.9375 0.3433
vn -0.2132 0.8955 0.3907
vn 0.1343 0.8933 0.4289
vn 0.0939 0.8647 0.4934
vn -0.0767 -0.9519 -0.2968
vn -0.0348 -0.9787 -0.2024
vn -0.0689 -0.9899 -0.1235
vn -0.0913 -0.9558 -0.2794
vn -0.0723 -0.7300 -0.6796
vn -0.0010 -0.8637 -0.5041
vn 0.0094 -0.9997 -0.0239
vn -0.0286 -0.9988 0.0399
vn 0.0544 -0.9856 0.1599
vn 0.0146 -0.9792 0.2024
vn 0.0963 -0.9462 0.3090
vn 0.0538 -0.9330 0.3558
vn 0.0964 -0.9186 0.3832
vn -0.1951 -0.6898 -0.6972
vn -0.1638 -0.7826 -0.6005
vn -0.1691 -0.7925 -0.5859
vn -0.1780 -0.7284 -0.6617
vn -0.1965 -0.6402 -0.7426
vn -0.1976 -0.6398 -0.7427
vn -0.1971 -0.6459 -0.7376
vn -0.1558 -0.9227 -0.3528
vn 0.1979 -0.7188 0.6665
vn 0.1724 -0.6583 0.7328
vn 0.1996 -0.6318 0.7490
vn -0.2481 -0.3843 -0.8893
vn 0.2569 -0.1208 0.9589
vn -0.2281 0.0000 -0.9736
vn 0.2233 0.4852 0.8454
vn 0.2225 0.4806 0.8482
vn 0.2232 0.4827 0.8469
vn 0.2239 0.4863 0.8446
vn 0.2586 0.0001 0.9660
vn 0.0944 -0.0231 0.9953
vn 0.2244 0.4860 0.8446
vn 0.7773 0.3828 0.4992
vn -0.0948 0.9818 0.1648
vn 0.0779 0.0000 0.9970
vn -0.2707 0.0000 -0.9627
vn 0.2504 -0.2527 0.9346
vn 0.1946 -0.2021 0.9598
vn 0.0766 -0.1810 0.9805
vn 0.2169 -0.0253 0.9759
vn 0.6545 -0.0987 0.7496
vn -0.2182 0.4688 -0.8559
vn -0.2210 0.5790 -0.7848
vn 0.1986 0.6188 0.7601
vn 0.1979 0.6161 0.7624
vn 0.1981 0.6168 0.7618
vn -0.0329 0.9895 -0.1409
vn 0.0112 0.9995 -0.0290
vn -0.0324 0.9987 0.0392
vn 0.0172 0.9823 0.1868
vn 0.6220 -0.6956 -0.3596
vn 0.2112 -0.9707 -0.1142
vn 0.5045 -0.8350 -0.2196
vn 0.1053 -0.7439 -0.6600
vn 0.2822 -0.9206 -0.2700
vn 0.1680 -0.9424 -0.2893
vn 0.0641 -0.9971 0.0420
vn 0.1878 -0.9817 -0.0314
vn -0.4049 -0.8980 0.1722
vn 0.0837 -0.8349 -0.5441
vn -0.5015 -0.8230 0.2668
vn -0.3955 -0.9183 0.0170
vn 0.1359 -0.8834 0.4485
vn -0.1870 -0.0801 0.9791
vn 0.1680 -0.8573 0.4866
vn 0.1386 -0.8225 0.5516
vn -0.1307 -0.8267 -0.5473
vn -0.0522 -0.9985 -0.0180
vn -0.3765 -0.7533 0.5393
vn 0.0369 -0.7945 -0.6062
vn 0.2012 -0.6584 0.7253
vn -0.1456 -0.0846 0.9857
vn 0.2069 -0.5511 0.8084
vn 0.2069 -0.5513 0.8083
vn 0.2009 -0.5480 0.8120
vn 0.2717 -0.5234 0.8076
vn 0.2006 -0.5472 0.8126
vn 0.2003 -0.5469 0.8129
vn -0.2234 -0.5318 -0.8169
vn -0.2201 -0.5279 -0.8203
vn -0.2244 -0.5313 -0.8170
vn -0.2550 -0.1907 -0.9479
vn -0.2589 -0.0301 -0.9654
vn -0.2402 -0.3700 -0.8974
vn -0.2350 -0.3732 -0.8975
vn -0.2400 -0.3659 -0.8992
vn -0.2472 -0.2247 -0.9426
vn -0.2660 0.1469 -0.9527
vn -0.2511 0.3232 -0.9124
vn -0.2739 0.3051 -0.9121
vn -0.2344 0.4751 -0.8481
vn -0.2346 0.4750 -0.8481
vn -0.2349 0.4756 -0.8477
vn -0.2280 0.4700 -0.8527
vn -0.0121 0.6688 -0.7433
vn -0.3612 0.5937 -0.7191
vn -0.2086 0.6251 -0.7521
vn -0.2069 0.6233 -0.7541
vn -0.2100 0.6265 -0.7506
vn -0.2012 0.6017 -0.7730
vn 0.1989 0.6197 0.7592
vn 0.7942 0.4591 0.3981
vn -0.1548 0.7697 -0.6193
vn -0.1782 0.6940 -0.6975
vn -0.1778 0.7936 -0.5819
vn 0.1787 0.7520 0.6345
vn 0.1902 0.7399 0.6452
vn 0.2541 0.9014 -0.3507
vn 0.5491 0.7653 -0.3358
vn 0.2759 0.9220 -0.2715
vn 0.2769 0.9219 -0.2710
vn 0.2772 0.9219 -0.2707
vn -0.0068 1.0000 -0.0046
vn 0.0010 1.0000 0.0014
vn -0.0075 1.0000 -0.0048
vn 0.2855 0.9479 -0.1415
vn 0.4145 0.8892 -0.1938
vn 0.1908 0.9807 0.0416
vn 0.2462 0.9692 0.0032
vn 0.0918 0.9725 0.2143
vn 0.1797 0.9743 0.1359
vn 0.1103 0.9298 0.3510
vn 0.0886 0.9190 0.3842
vn 0.1241 0.8635 0.4889
vn 0.1242 0.8637 0.4884
vn 0.1240 0.8634 0.4890
vn 0.1243 0.8638 0.4882
vn 0.6448 -0.7644 0.0000
vn 0.0000 -1.0000 0.0000
vn 0.0000 -1.0000 0.0001
vn 0.0000 -1.0000 0.0013
vn 0.0008 -1.0000 0.0006
vn 0.6713 -0.7334 0.1073
vn 0.7256 -0.6436 -0.2435
vn -0.2279 -0.9730 -0.0364
vn 0.0000 -0.9603 -0.2791
vn 0.1176 -0.6334 -0.7648
vn -0.4431 -0.8932 0.0761
vn -0.2666 -0.7094 -0.6525
vn -0.0435 -0.0064 -0.9990
vn -0.5479 -0.8293 0.1096
vn -0.5166 -0.8419 -0.1557
vn -0.9762 0.2096 0.0556
vn -0.9805 -0.1775 -0.0847
vn -0.8541 -0.4937 0.1637
vn -0.8380 -0.5021 0.2134
vn -0.9670 -0.0738 0.2437
vn 0.0002 -1.0000 0.0017
vn -0.1536 -0.7181 -0.6788
vn -0.1530 -0.8284 -0.5389
vn -0.1728 -0.7483 -0.6405
vn -0.1964 -0.6427 -0.7405
vn -0.1864 -0.7010 0.6884
vn 0.6447 0.5526 -0.5282
vn 0.4144 -0.7254 0.5496
vn -0.5079 -0.1976 0.8384
vn -0.4753 -0.1122 0.8726
vn -0.6707 -0.6132 0.4172
vn 0.2300 -0.5469 0.8050
vn -0.2974 -0.0761 0.9517
vn 0.0980 -0.5240 -0.8461
vn -0.2363 0.2849 -0.9290
vn -0.2295 0.4725 -0.8509
vn -0.2266 0.4674 -0.8545
vn -0.2060 0.6225 -0.7550
vn -0.1927 0.7228 -0.6637
vn -0.1532 0.8047 -0.5735
vn 0.9912 0.0333 0.1281
vn 0.9882 0.0000 0.1530
vn 0.2578 0.0872 0.9622
vn 0.3776 0.9251 0.0411
vn 0.2228 0.9540 0.2005
vn -0.1006 0.4019 0.9101
vn 0.9906 0.0499 0.1276
vn 0.9463 0.2007 -0.2535
vn 0.9895 0.0353 -0.1403
vn 0.8170 0.5528 -0.1639
vn 0.2885 -0.4105 0.8650
vn -0.0768 0.9968 0.0206
vn 0.1844 0.7996 -0.5716
vn -0.0012 0.0004 -1.0000
vn -0.0017 0.0014 -1.0000
vn -0.0010 0.0000 -1.0000
vn -0.0019 0.0018 -1.0000
vn 0.5441 -0.0563 -0.8371
vn -0.0010 -0.0812 -0.9967
vn 0.0013 1.0000 -0.0001
vn 0.2747 0.9222 -0.2724
vn 0.0000 1.0000 -0.0020
vn -0.0023 1.0000 -0.0003
vn -0.0017 1.0000 -0.0001
vn -0.0000 1.0000 -0.0001
vn -0.1617 0.8115 -0.5616
vn -0.0001 1.0000 -0.0000
vn -0.0607 0.9981 0.0133
vn -0.1331 0.9908 0.0242
vn 0.9650 -0.0267 -0.2608
vn -0.0015 0.9943 -0.1067
vn -0.0100 0.9943 -0.1065
vn 0.0000 0.9943 -0.1067
vn -0.0109 0.9943 -0.1064
vn -0.0089 -0.9889 0.1482
vn -0.1061 0.9943 -0.0059
vn -0.1059 0.9944 -0.0065
vn -0.1066 0.9943 -0.0040
vn -0.0110 0.9953 -0.0967
vn -0.0019 0.9953 -0.0972
vn -0.0121 0.9952 -0.0968
vn 0.0000 0.9953 -0.0973
vn -0.1067 0.9943 -0.0034
vn -0.0353 0.9981 -0.0503
vn 0.3387 0.9198 0.1984
vn -0.0498 0.9982 -0.0342
vn 0.3595 0.9153 -0.1815
vn -0.0126 0.9186 0.3951
vn 0.3402 -0.2737 -0.8997
vn -0.0331 0.8392 0.5428
vn 0.7439 0.5815 0.3294
vn 0.0944 0.1362 0.9862
vn 0.0048 -1.0000 -0.0035
vn 0.0056 -1.0000 -0.0022
vn 0.0061 -1.0000 -0.0019
vn -0.9594 -0.1280 0.2515
vn 0.0068 -1.0000 -0.0030
vn 0.0053 -1.0000 -0.0032
vn 0.0035 -1.0000 -0.0039
vn -0.0016 -1.0000 -0.0039
vn -0.0003 -1.0000 0.0025
vn -0.0001 -1.0000 -0.0002
vn -0.0003 -1.0000 -0.0002
vn 0.7057 -0.0533 0.7065
vn 0.5211 0.0038 0.8535
vn 0.6338 0.0040 0.7735
vn 0.0032 -1.0000 -0.0001
vn 0.0039 -1.0000 -0.0001
vn 0.0053 -1.0000 -0.0002
vn 0.0016 -1.0000 -0.0004
vn 0.0003 -1.0000 -0.0001
vn 0.0001 -1.0000 -0.0000
vn 0.0024 -1.0000 -0.0006
vn 0.2692 -0.7874 -0.5545
vn -0.1145 -0.7061 -0.6988
vn 0.4613 -0.8872 -0.0009
vn 0.5006 -0.8646 -0.0438
vn 0.0000 -0.9950 -0.0995
vn -0.0005 -0.8583 0.5132
vn 0.0004 -0.8207 -0.5714
vn 0.5749 -0.6947 -0.4323
vn 0.0816 -0.9934 -0.0811
vn 0.0922 -0.9957 0.0000
vn 0.4783 -0.8782 0.0000
vn 0.3998 -0.7749 -0.4896
vn 0.4532 -0.8914 0.0000
vn 0.4398 -0.8948 0.0769
vn 0.0000 -0.8493 0.5279
vn 0.1082 -0.9941 0.0000
vn -0.1269 -0.3524 0.9272
vn 0.3727 -0.6532 0.6591
vn 0.9149 -0.0424 -0.4014
vn 0.5801 -0.6643 0.4713
vn 0.0000 -0.9953 0.0971
vn 0.0000 -0.8986 0.4388
vn 0.6513 -0.7580 0.0348
vn -0.3829 -0.8418 0.3805
vn -0.0033 -1.0000 0.0017
vn -0.4735 -0.7847 0.4000
vn -0.9726 -0.0475 -0.2277
vn -0.5676 -0.5953 0.5688
vn 0.2343 -0.4047 0.8839
vn -0.0004 -1.0000 -0.0000
vn -0.0026 -1.0000 0.0030
vn 0.0001 -1.0000 0.0001
vn -0.0040 -1.0000 0.0013
vn -0.0003 -1.0000 -0.0000
vn -0.0004 -1.0000 -0.0001
vn 0.0008 -1.0000 0.0011
vn 0.0012 -1.0000 0.0013
vn -0.5729 -0.8196 0.0000
vn -0.5556 -0.8285 0.0701
vn -0.5711 -0.8131 0.1126
vn -0.4929 -0.8701 0.0000
vn -0.4394 -0.8765 -0.1967
vn 0.0000 -0.8661 -0.4999
vn -0.4557 -0.7661 0.4532
vn 0.0000 -0.8349 0.5504
vn -0.2603 -0.8698 -0.4191
vn 0.0000 -0.7929 -0.6094
vn -0.5648 -0.8238 -0.0492
vn -0.2871 -0.6362 -0.7161
vn -0.5453 -0.8336 -0.0880
vn -0.5888 -0.2127 -0.7798
vn -0.7676 -0.3662 -0.5260
vn -0.6829 -0.6556 -0.3222
vn -0.3249 -0.6402 -0.6961
vn -0.8477 -0.0911 -0.5225
vn -0.8513 -0.0016 -0.5247
vn -0.9439 0.0054 0.3303
vn -0.8729 0.0056 0.4878
vn -0.9032 -0.4286 0.0217
vn -0.8225 -0.3134 0.4746
vn -0.8814 -0.0104 0.4722
vn -0.1518 -0.7731 -0.6158
vn -0.0118 -0.9115 -0.4111
vn -0.1421 -0.9608 -0.2382
vn -0.2040 -0.7393 -0.6417
vn 0.0012 -1.0000 0.0000
vn -0.9013 -0.4333 0.0000
vn -0.0002 -0.3780 -0.9258
vn 0.0000 -0.3779 -0.9258
vn -0.0001 -0.3779 -0.9258
vn -0.2809 -0.9597 0.0000
vn -0.0003 -0.3780 -0.9258
vn 0.0000 -0.9748 -0.2229
vn 0.0000 -0.9635 -0.2678
vn 0.7550 -0.4593 0.4681
vn 0.8196 0.3026 -0.4866
vn 0.0000 -0.1520 0.9884
vn -0.1596 0.4850 0.8598
vn 0.1676 0.9809 -0.0987
vn -0.0299 -0.1100 0.9935
vn 0.0751 -0.9886 -0.1305
vn -0.0094 0.0000 1.0000
vn -0.2191 -0.5324 -0.8176
vn -0.2334 -0.3756 -0.8969
vn -0.2578 -0.0240 -0.9659
vn -0.2550 0.1339 -0.9576
vn -0.2558 0.1395 -0.9566
vn -0.2546 0.1314 -0.9581
vn -0.2561 0.1413 -0.9563
vn -0.2423 0.3152 -0.9175
vn -0.2060 0.6226 -0.7550
vn -0.4902 0.8598 0.1431
vn -0.7728 -0.0016 0.6346
vn -0.7712 0.6226 -0.1326
vn 0.2077 0.0000 -0.9782
vn -0.7429 0.6322 -0.2200
vn -0.4818 0.3140 0.8181
vn 0.0249 0.9033 -0.4283
vn -0.0051 -0.2661 0.9639
vn 0.5382 -0.4839 0.6901
vn 0.8059 0.5859 -0.0850
vn 0.0000 0.9946 -0.1035
vn 0.1009 0.9759 -0.1935
vn 0.1128 -0.1885 0.9756
vn 0.0856 -0.9963 -0.0081
vn 0.7941 0.5895 -0.1479
vn 0.9923 0.0281 -0.1210
vn 0.0023 0.1907 0.9816
vn 0.1131 -0.0000 0.9936
vn 0.8680 0.4966 0.0000
vn -0.0000 1.0000 0.0000
vn -0.5050 0.0613 0.8609
vn -0.4992 -0.0000 0.8665
vn -0.1951 -0.9802 -0.0335
vn -0.2238 0.9738 0.0415
vn 0.0266 0.0000 0.9996
vn -0.1077 -0.9940 0.0200
vn -0.2503 -0.9398 -0.2327
vn 0.0932 0.9555 0.2799
vn 0.1004 0.9949 -0.0047
vn -0.5565 0.0043 -0.8308
vn -0.7553 0.0341 0.6545
vn -0.7121 -0.0188 0.7019
vn -0.4795 0.7728 0.4157
vn -0.2225 0.8212 0.5254
vn 0.0017 1.0000 -0.0021
vn -0.6130 0.0153 0.7900
vn -0.1374 -0.8145 -0.5636
vn -0.1055 -0.9908 -0.0844
vn -0.1970 -0.6495 -0.7344
vn -0.7633 -0.3785 0.5235
vn -0.2514 -0.2383 0.9381
vn -0.5138 0.6888 0.5114
vn -0.7007 -0.0448 0.7120
vn -0.9687 -0.1955 0.1529
vn -0.2220 -0.5253 -0.8214
vn -0.2368 -0.3790 -0.8946
vn -0.2787 -0.1898 -0.9414
vn -0.2588 -0.0000 0.9659
vn -0.2147 0.4834 -0.8487
vn 0.0000 0.9820 -0.1891
vn -0.2082 0.9780 -0.0130
vn -0.3974 0.1309 0.9082
vn 0.0056 -0.1883 0.9821
vn 0.1936 0.0077 0.9811
vn 0.0397 0.1627 0.9859
vn -0.9989 0.0000 0.0474
vn -0.9910 0.1078 -0.0797
vn -1.0000 0.0000 0.0000
vn 0.0000 0.0000 1.0000
vn 0.1323 -0.1134 0.9847
vn 0.9986 -0.0341 0.0396
vn 0.4821 0.0000 0.8761
vn 0.2204 0.0000 0.9754
vn -0.2117 -0.0000 0.9773
vn -0.1770 0.6784 -0.7131
vn -0.1975 0.5864 -0.7856
vn -0.9894 0.0000 0.1451
vn -0.8099 0.4190 -0.4104
vn 0.0004 -1.0000 0.0003
vn -0.1482 0.7446 -0.6509
vn -0.1743 0.7719 -0.6114
vn -0.8920 0.0000 -0.4520
vn -0.9588 0.0000 -0.2840
vn -0.1904 -0.7758 -0.6016
vn -0.9196 0.0039 0.3927
vn -0.9202 0.0000 0.3914
vn -0.9201 0.0004 0.3916
vn -0.9186 0.0013 0.3952
vn -0.7054 -0.0332 0.7081
vn -0.7394 0.0136 0.6731
vn -0.5674 0.0223 0.8232
vn -0.4277 0.0000 0.9039
vn -0.4141 -0.0118 0.9102
vn -0.0004 -1.0000 -0.0005
vn -0.2086 0.0000 0.9780
vn 0.0515 0.0000 0.9987
vn -0.0037 -1.0000 -0.0042
vn 0.2799 0.0076 0.9600
vn 0.2834 0.0042 0.9590
vn 0.2794 0.0082 0.9601
vn 0.2875 0.0000 0.9578
vn -0.0051 -1.0000 -0.0058
vn 0.5144 -0.0111 0.8575
vn 0.5500 -0.0419 0.8341
vn 0.0392 -0.9941 0.1008
vn 0.7001 0.0118 0.7139
vn 0.7121 0.0000 0.7021
vn 0.1018 -0.9925 0.0673
vn 0.0007 -1.0000 0.0001
vn 0.0026 -1.0000 0.0003
vn 0.0016 -1.0000 0.0002
vn 0.9999 0.0085 -0.0099
vn -0.1387 -0.9807 0.1379
vn -0.9185 0.0000 0.3954
vn 0.0698 0.8022 -0.5930
vn 0.1858 0.9822 0.0287
vn -0.4325 0.0046 -0.9016
vn -0.3646 -0.1325 -0.9217
vn -0.5064 -0.0049 0.8623
vn -0.3464 0.0002 0.9381
vn -0.9476 -0.3185 -0.0242
vn 0.0674 0.2908 0.9544
vn -0.5133 0.1214 0.8496
vn 0.0007 -0.9999 -0.0114
vn 0.0812 -0.5845 -0.8073
vn 0.1100 -0.6869 -0.7184
vn 0.0469 -0.5787 -0.8142
vn -0.9924 0.1229 0.0042
vn -0.3375 0.7581 0.5581
vn -0.2342 0.4259 0.8739
vn 0.2782 0.1827 0.9430
vn -0.2588 -0.0228 0.9657
vn -0.1015 0.7899 0.6048
vn 0.7808 -0.2295 -0.5811
vn 0.7397 -0.2505 -0.6246
vn 0.2517 -0.3304 -0.9097
vn -0.2100 0.1936 0.9583
vn -0.2077 0.1924 0.9591
vn -0.2082 0.1926 0.9589
vn 0.3891 -0.1349 -0.9112
vn 0.4419 -0.1169 -0.8894
vn 0.0322 0.6611 -0.7496
vn 0.4303 0.6082 -0.6670
vn 0.0005 1.0000 0.0044
vn -0.4918 0.8707 0.0000
vn 0.0000 0.8663 -0.4996
vn -0.5739 0.8189 0.0000
vn -0.4378 0.8766 -0.1996
vn -0.5225 0.8526 0.0000
vn -0.5716 0.8108 0.1259
vn -0.4244 0.8011 0.4220
vn -0.3799 0.8444 0.3777
vn -0.9139 0.4055 0.0186
vn 0.5056 0.0005 0.8627
vn -0.3149 0.5889 0.7443
vn 0.0001 1.0000 0.0025
vn 0.0000 0.8987 0.4385
vn 0.0004 1.0000 0.0005
vn -0.0204 0.9950 0.0983
vn 0.6597 0.7508 0.0336
vn -0.0014 1.0000 0.0008
vn 0.0000 1.0000 0.0017
vn -0.0016 1.0000 0.0003
vn 0.1060 0.9943 0.0129
vn -0.0005 1.0000 -0.0000
vn -0.0126 0.9998 -0.0129
vn 0.0000 0.8452 0.5344
vn -0.0984 0.5028 0.8588
vn 0.8886 0.4279 -0.1653
vn 0.4482 0.8939 0.0000
vn 0.4773 0.8788 0.0000
vn 0.4341 0.8967 0.0867
vn 0.0788 0.9967 0.0202
vn 0.0003 0.9996 -0.0297
vn 0.3966 0.7800 -0.4841
vn -0.0083 0.9994 0.0329
vn 0.0782 0.9936 -0.0819
vn 0.0000 0.9950 -0.0995
vn 0.0000 0.8217 -0.5699
vn 0.5770 0.6913 -0.4349
vn 0.0000 0.7933 -0.6089
vn 0.0784 0.7900 -0.6081
vn -0.0001 1.0000 -0.0078
vn -0.2598 0.8700 -0.4190
vn -0.0001 1.0000 -0.0096
vn -0.0002 0.9999 -0.0130
vn 0.0417 0.0000 -0.9991
vn 0.8075 -0.0042 -0.5898
vn 0.8075 -0.0029 -0.5899
vn 0.8074 -0.0011 -0.5900
vn 0.8073 0.0002 -0.5901
vn 0.1979 0.6046 -0.7715
vn -0.0964 0.5884 -0.8028
vn 0.4305 0.0000 -0.9026
vn 0.8810 -0.0001 -0.4732
vn 0.5399 0.0000 -0.8417
vn 0.5400 0.0000 -0.8417
vn 0.7202 -0.0000 -0.6938
vn 0.7278 0.0099 -0.6857
vn 0.9832 0.0000 -0.1826
vn 0.9837 0.0025 -0.1797
vn 0.9832 0.0000 -0.1828
vn 0.9975 0.0000 0.0705
vn 0.9396 0.0000 0.3422
vn 0.8478 0.0000 0.5303
vn -0.0001 1.0000 -0.0039
vn 0.0002 1.0000 -0.0015
vn -0.3291 0.0202 -0.9441
vn -0.2883 -0.4846 -0.8259
vn 0.1899 -0.5838 -0.7894
vn -0.1670 -0.0331 -0.9854
vn 0.2795 -0.3586 -0.8907
vn -0.1588 0.0049 -0.9873
vn 0.0994 -0.9765 0.1910
vn 0.1171 -0.8671 0.4842
vn -0.9090 0.0163 -0.4165
vn -0.5329 -0.0082 -0.8461
vn -0.9779 -0.0683 0.1978
vn -0.9402 -0.0727 -0.3326
vn -0.9840 -0.0409 0.1733
vn -0.1656 0.0002 0.9862
vn -0.1657 0.0002 0.9862
vn -0.1655 0.0001 0.9862
vn 0.9611 0.0000 -0.2764
vn 0.1506 0.0000 -0.9886
vn 0.3343 -0.1970 -0.9217
vn 0.9026 -0.3058 -0.3029
vn 0.9060 -0.0388 -0.4214
vn 0.9660 0.0003 -0.2585
vn 0.9660 0.0002 -0.2586
vn 0.9661 0.0005 -0.2583
vn 0.9656 -0.0241 -0.2588
vn 0.3993 -0.9105 -0.1070
vn 0.0359 0.0000 -0.9994
vn 0.5298 -0.7763 -0.3415
vn 0.5054 -0.5872 -0.6322
vn -0.1373 0.7755 0.6163
vn -0.2104 0.1938 0.9582
vn 0.1349 -0.9902 -0.0362
vn 0.3595 0.0000 -0.9331
vn 0.3622 -0.8057 -0.4686
vn 0.3750 -0.0513 -0.9256
vn 0.9658 0.0002 -0.2592
vn 0.8165 0.2702 -0.5102
vn -0.0357 0.9817 0.1870
vn 0.3327 0.7853 -0.5222
vn 0.8793 -0.4139 -0.2356
vn 0.1084 -0.0996 -0.9891
vn -0.2454 0.4008 -0.8827
vn 0.1073 -0.0679 -0.9919
vn 0.9657 0.0018 -0.2597
vn 0.8420 0.0000 -0.5394
vn 0.9646 0.0019 -0.2638
vn 0.8136 0.2735 -0.5130
vn 0.9652 0.0006 -0.2615
vn 0.2425 -0.9680 -0.0650
vn 0.1405 -0.1992 -0.9698
vn 0.9642 -0.0005 -0.2652
vn 0.9642 -0.0006 -0.2652
vn 0.3559 0.0000 -0.9345
vn 0.4182 -0.8150 -0.4011
vn 0.4060 -0.1398 -0.9031
vn 0.9654 0.0011 -0.2608
vn 0.9654 0.0024 -0.2608
vn 0.7901 0.2996 -0.5349
vn -0.0367 0.9960 0.0816
vn 0.2707 0.7987 -0.5373
vn 0.9656 0.0005 -0.2602
vn 0.1667 0.9850 -0.0447
vn 0.1968 -0.0269 -0.9801
vn 0.3916 0.8236 -0.4102
vn 0.0747 0.2344 -0.9693
vn 0.1404 0.2919 -0.9461
vn 0.4608 0.8211 -0.3368
vn 0.4211 0.8948 -0.1484
vn -0.2118 0.1199 -0.9699
vn -0.2578 0.0716 -0.9636
vn -0.2057 0.7028 -0.6810
vn -0.9079 0.0647 -0.4141
vn -0.5260 0.0647 -0.8480
vn -0.9351 0.0022 -0.3545
vn -0.4659 -0.0022 -0.8848
vn -0.9766 0.0060 0.2151
vn -0.9850 0.0691 0.1579
vn -0.7600 0.0230 0.6495
vn 0.3772 -0.9255 -0.0330
vn -0.1424 -0.9825 -0.1203
vn -0.4862 -0.0654 -0.8714
vn -0.0091 -0.9999 0.0136
vn -0.0003 -1.0000 0.0004
vn -0.0024 -1.0000 0.0015
vn 0.1283 -0.0612 -0.9898
vn 0.1349 -0.0694 -0.9884
vn 0.1278 -0.0606 -0.9899
vn -0.0000 -1.0000 0.0003
vn 0.1353 -0.0701 -0.9883
vn 0.0778 -0.7896 -0.6086
vn -0.0556 -0.9881 0.1435
vn -0.0303 -0.9874 0.1556
vn 0.0059 -0.9985 0.0542
vn 0.0881 -0.9961 -0.0073
vn 0.1720 -0.9847 0.0290
vn 0.0404 -0.0693 -0.9968
vn 0.5942 -0.3931 -0.7017
vn 0.1551 -0.9862 -0.0572
vn -0.3612 -0.0066 0.9325
vn -0.5136 -0.0119 0.8580
vn 0.0995 -0.3834 0.9182
vn 0.0222 0.0065 -0.9997
vn 0.0413 -0.0068 -0.9991
vn 0.0390 0.0007 0.9992
vn 0.0395 0.0003 0.9992
vn 0.0392 0.0005 0.9992
vn 0.0383 0.0012 0.9993
vn -0.1109 -0.2058 -0.9723
vn 0.0240 -0.2899 -0.9567
vn -0.1041 -0.8759 -0.4712
vn 0.0284 0.7837 0.6205
vn 0.0251 0.7824 0.6223
vn 0.0246 0.7822 0.6226
vn -0.0036 0.1999 0.9798
vn 0.0290 0.7839 0.6203
vn 0.0463 0.0080 0.9989
vn -0.0598 -0.7663 -0.6396
vn -0.1466 -0.8949 -0.4214
vn -0.1199 -0.7227 -0.6807
vn -0.0926 -0.6685 -0.7380
vn 0.0362 0.2306 0.9724
vn -0.0177 -0.0643 -0.9978
vn 0.0490 -0.1833 -0.9818
vn -0.0573 0.6020 -0.7964
vn 0.4445 0.1548 -0.8823
vn -0.0277 0.6722 -0.7399
vn 0.5856 -0.0460 -0.8093
vn 0.4371 0.1292 -0.8901
vn -0.0133 0.0473 -0.9988
vn 0.6173 -0.3915 -0.6824
vn -0.1401 -0.7264 -0.6728
vn -0.4183 -0.1807 -0.8902
vn -0.0010 -0.6177 -0.7864
vn 0.1042 0.6728 -0.7324
vn -0.4368 0.5447 -0.7159
vn -0.0653 0.8642 -0.4988
vn -0.1443 0.7398 -0.6572
vn -0.1424 0.8899 -0.4334
vn 0.1275 0.0602 -0.9900
vn 0.1274 0.0604 -0.9900
vn 0.1277 0.0600 -0.9900
vn 0.1026 0.0007 0.9947
vn -0.2724 0.3235 0.9062
vn -0.0015 1.0000 0.0014
vn -0.0007 1.0000 0.0025
vn -0.0016 1.0000 0.0014
vn -0.1436 0.9820 -0.1230
vn -0.0005 1.0000 0.0028
vn -0.0004 1.0000 0.0031
vn -0.0793 0.9791 0.1875
vn -0.0220 0.9894 0.1432
vn 0.0068 0.9978 0.0654
vn 0.0901 0.9959 -0.0093
vn 0.5802 0.0670 -0.8117
vn 0.1709 0.9831 -0.0661
vn 0.2039 0.9782 0.0406
vn 0.2193 -0.0063 -0.9756
vn 0.2203 -0.0071 -0.9754
vn 0.2205 -0.0070 -0.9754
vn 0.2192 -0.0061 -0.9757
vn 0.2237 0.0038 0.9747
vn 0.2266 0.0017 0.9740
vn 0.2263 0.0019 0.9741
vn 0.2234 0.0041 0.9747
vn 0.7860 -0.2347 -0.5720
vn 0.2151 -0.1714 -0.9614
vn 0.7007 -0.5403 -0.4659
vn 0.1425 0.7773 0.6128
vn 0.2837 0.0080 0.9589
vn 0.2838 0.0075 0.9588
vn 0.1767 0.7878 0.5900
vn 0.2839 0.0074 0.9588
vn 0.7695 -0.4411 -0.4618
vn 0.2511 0.2424 0.9371
vn 0.2761 0.2302 0.9332
vn 0.7926 -0.2185 -0.5692
vn 0.8344 -0.2066 -0.5109
vn 0.6711 0.4314 -0.6029
vn 0.5641 0.6658 -0.4883
vn 0.8139 0.3488 -0.4647
vn -0.7794 0.6121 -0.1336
vn 0.2363 0.3002 -0.9241
vn 0.5038 0.3859 0.7728
vn 0.9544 -0.2967 0.0343
vn 0.9381 0.0153 -0.3460
vn 0.9856 -0.0172 0.1680
vn 0.9853 -0.0192 0.1699
vn 0.9860 -0.0153 0.1662
vn 0.3887 -0.0059 -0.9214
vn 0.3807 -0.0011 -0.9247
vn 0.3792 -0.0003 -0.9253
vn 0.3893 -0.0064 -0.9211
vn 0.4090 -0.0033 0.9125
vn 0.4011 0.0017 0.9161
vn 0.4024 0.0009 0.9155
vn 0.4102 -0.0042 0.9120
vn 0.3892 -0.1006 -0.9157
vn 0.9657 0.0000 -0.2597
vn 0.9727 -0.0426 -0.2279
vn 0.6356 0.7699 0.0571
vn 0.4767 -0.0080 -0.8790
vn 0.2508 0.7804 0.5729
vn 0.4880 0.0074 0.8728
vn 0.3285 0.7938 0.5119
vn 0.1433 0.6741 0.7246
vn -0.9741 0.0119 0.2258
vn 0.9662 -0.0003 -0.2578
vn 0.9820 -0.1158 -0.1491
vn 0.9835 -0.0600 -0.1706
vn 0.9665 -0.0008 -0.2568
vn 0.9655 -0.0008 -0.2604
vn 0.9627 -0.1008 -0.2510
vn 0.9656 -0.0003 -0.2600
vn 0.8839 0.4033 -0.2368
vn 0.0096 -0.9996 -0.0262
vn 0.3449 0.0000 -0.9386
vn 0.0089 0.1170 -0.9931
vn 0.9132 0.0000 0.4076
vn 0.7320 0.6525 -0.1961
vn 0.5633 0.6904 -0.4540
vn 0.6631 0.7470 0.0480
vn 0.9927 0.0000 -0.1202
vn 0.8748 0.4728 -0.1059
vn 0.7439 0.6093 0.2744
vn 0.0927 -0.0794 -0.9925
vn 0.9853 -0.1224 -0.1193
vn 0.9764 -0.2162 -0.0000
vn 0.4133 0.0000 -0.9106
vn 0.0161 0.9999 0.0021
vn 0.3449 -0.0169 -0.9385
vn 0.9517 0.1721 -0.2542
vn 0.9516 0.1717 -0.2550
vn 0.9519 0.1724 -0.2535
vn 0.9948 0.0047 -0.1021
vn 0.9952 0.0066 -0.0974
vn 0.9517 -0.1477 -0.2690
vn 0.9769 -0.1506 -0.1516
vn 0.9773 -0.1710 -0.1249
vn 0.9245 -0.0358 -0.3795
vn 0.9508 0.1335 -0.2795
vn 0.9234 0.0000 -0.3838
vn 0.3154 0.6806 -0.6613
vn 0.9659 -0.0001 -0.2591
vn 0.5393 0.6533 -0.5314
vn 0.9530 0.0319 -0.3012
vn 0.8849 0.2184 -0.4114
vn -0.1756 0.9245 0.3383
vn 0.6520 0.6733 -0.3487
vn 0.5389 0.0926 -0.8372
vn 0.9383 0.0427 -0.3432
vn 0.0000 0.6485 0.7612
vn 0.7046 0.3144 -0.6362
vn 0.5631 0.0019 -0.8264
vn 0.6424 0.1792 0.7452
vn 0.4665 0.2609 0.8452
vn 0.4701 0.2616 0.8430
vn 0.4710 0.2618 0.8424
vn 0.9921 0.0532 -0.1140
vn 0.9995 0.0000 -0.0304
vn 0.5906 0.5534 -0.5872
vn 0.4655 0.2607 0.8458
vn 0.9764 0.0049 -0.2160
vn 0.9846 -0.1745 -0.0049
vn -0.0001 -1.0000 0.0001
vn -0.0001 -1.0000 0.0000
vn 0.9997 0.0202 0.0145
vn 1.0000 0.0000 0.0026
vn 0.0000 -1.0000 -0.0001
vn 0.0000 0.0000 -1.0000
vn -0.0381 0.0327 0.9987
vn 0.0306 -0.0263 0.9992
vn 0.8598 0.3876 -0.3324
vn 0.9653 0.0003 0.2611
vn 0.9808 0.0003 0.1952
vn 0.9807 0.0003 0.1953
vn 0.9808 0.0004 0.1951
vn 0.7401 0.0004 0.6725
vn 0.5940 -0.0088 -0.8044
vn 0.5983 -0.0126 -0.8012
vn 0.5992 -0.0134 -0.8005
vn 0.5935 -0.0083 -0.8048
vn 0.4770 0.0129 -0.8788
vn 0.5381 -0.0043 0.8429
vn 0.4177 0.7714 -0.4801
vn -0.0059 0.9999 0.0081
vn 0.6881 0.0019 -0.7256
vn 0.2674 0.6501 -0.7113
vn 0.6637 0.6651 0.3422
vn 0.3952 0.7808 0.4839
vn 0.9094 0.0031 -0.4158
vn 0.9094 0.0030 -0.4158
vn 0.9094 0.0034 -0.4159
vn 0.5690 0.7086 -0.4174
vn 0.9188 0.0018 0.3948
vn 0.9841 0.0044 -0.1776
vn 0.9841 0.0036 -0.1774
vn 0.9841 0.0038 -0.1775
vn 0.9094 0.0035 -0.4160
vn 0.9841 0.0046 -0.1777
vn 0.9974 0.0039 0.0724
vn 0.9973 0.0023 0.0728
vn 0.9974 0.0046 0.0722
vn 0.6728 0.1678 0.7206
vn 0.6732 0.1678 0.7202
vn 0.6724 0.1678 0.7210
vn 0.4784 0.7830 0.3977
vn 0.3162 0.6490 0.6919
vn 0.8821 0.0000 0.4711
vn 0.8421 0.2976 0.4497
vn 0.8059 0.3081 0.5055
vn 0.9837 0.0028 -0.1795
vn 0.9070 -0.0025 -0.4212
vn 0.9084 0.0013 -0.4181
vn 0.9053 -0.0061 -0.4248
vn 0.9086 0.0012 -0.4176
vn 0.7190 -0.0156 -0.6948
vn 0.8264 0.0287 -0.5624
vn 0.7101 -0.0089 -0.7041
vn 0.7426 -0.0149 0.6696
vn 0.5288 0.7739 -0.3484
vn 0.0146 0.9998 0.0112
vn 0.0125 0.9999 0.0100
vn 0.0112 0.9999 0.0092
vn 0.7148 0.6746 0.1841
vn 0.4927 0.7907 0.3633
vn 0.0159 0.9998 0.0119
vn 0.5794 0.7704 -0.2661
vn 0.5729 0.7880 -0.2256
vn 0.6198 0.7767 -0.1123
vn 0.6089 0.7889 -0.0829
vn 0.9973 0.0016 0.0730
vn 0.6202 0.7832 0.0426
vn 0.6233 0.7811 0.0372
vn 0.6197 0.7836 0.0435
vn 0.6238 0.7808 0.0364
vn 0.9385 -0.0044 0.3453
vn 0.9392 0.0029 0.3435
vn 0.9382 -0.0075 0.3461
vn 0.9394 0.0060 0.3426
vn 0.5770 0.7879 0.2153
vn 0.6064 0.7759 0.1741
vn 0.8471 0.0059 0.5313
vn 0.5629 0.7781 0.2789
vn 0.8641 -0.0156 -0.5031
vn 0.9417 -0.0086 -0.3363
vn 0.9369 0.0013 -0.3497
vn 0.9882 0.0090 -0.1528
vn 0.9910 -0.0052 -0.1340
vn 0.9971 -0.0066 0.0764
vn 0.9983 0.0081 0.0578
vn 0.9659 0.0063 0.2587
vn 0.9610 -0.0067 0.2765
vn 0.8868 -0.0033 0.4622
vn 0.8957 0.0089 0.4445
vn 0.8182 0.0228 0.5745
usemtl None
s 1
f 1/1/1 2/2/1 3/3/1
f 4/4/2 1/1/2 3/3/2
f 5/5/3 3/3/3 2/2/3
f 6/6/4 5/5/4 2/2/4
f 7/7/5 4/4/5 3/3/5
f 8/8/6 1/1/6 4/4/6
f 8/8/7 4/4/7 9/9/7
f 10/10/8 1/1/9 8/8/10
f 10/10/8 2/2/11 1/1/9
f 11/11/12 5/5/12 6/6/12
f 12/12/13 13/13/14 6/6/15
f 11/11/16 6/6/16 13/13/16
f 12/12/17 14/14/17 13/13/17
f 15/15/18 13/13/18 14/14/18
f 16/16/19 11/11/19 13/13/19
f 15/15/20 16/16/20 13/13/20
f 6/6/15 17/17/21 12/12/13
f 18/18/22 14/14/22 12/12/22
f 19/19/23 18/18/23 12/12/23
f 19/19/24 12/12/24 20/20/24
f 21/21/25 22/22/26 12/12/13
f 20/20/27 12/12/27 22/22/27
f 17/17/21 21/21/25 12/12/13
f 21/21/25 23/23/28 22/22/26
f 24/24/29 22/22/26 23/23/28
f 25/25/30 22/22/26 24/24/29
f 26/26/31 25/25/30 24/24/29
f 27/27/32 26/26/31 24/24/29
f 28/28/33 27/27/32 24/24/29
f 29/29/34 28/28/33 24/24/29
f 30/30/35 29/29/34 24/24/29
f 31/31/36 25/25/36 26/26/36
f 32/32/37 26/26/37 27/27/37
f 32/32/38 31/31/38 26/26/38
f 28/28/39 33/33/39 27/27/39
f 34/34/40 27/27/40 33/33/40
f 34/34/41 32/32/41 27/27/41
f 28/28/42 35/35/42 33/33/42
f 36/36/43 33/33/43 35/35/43
f 37/37/44 35/35/44 28/28/44
f 38/38/45 36/36/45 35/35/45
f 39/39/46 38/38/47 35/35/48
f 37/37/49 39/39/49 35/35/49
f 28/28/50 29/29/50 40/40/50
f 30/30/35 41/41/35 29/29/34
f 42/42/51 29/29/51 41/41/51
f 40/40/52 29/29/52 42/42/52
f 43/43/53 44/44/53 41/41/53
f 42/42/54 41/41/54 44/44/54
f 45/45/35 43/43/35 41/41/35
f 30/30/35 45/45/35 41/41/35
f 46/46/55 47/47/56 43/43/35
f 44/44/57 43/43/57 47/47/57
f 45/45/35 46/46/55 43/43/35
f 48/48/58 47/47/56 46/46/55
f 46/46/55 49/49/59 48/48/58
f 48/48/60 44/44/60 47/47/60
f 50/50/61 48/48/61 51/51/61
f 49/49/62 51/51/62 48/48/62
f 52/52/63 51/51/63 49/49/63
f 53/53/35 54/54/35 49/49/59
f 54/54/64 52/52/64 49/49/64
f 55/55/65 56/56/66 54/54/35
f 57/57/67 54/54/67 56/56/67
f 53/53/35 55/55/65 54/54/35
f 58/58/68 54/54/68 57/57/68
f 59/59/35 60/60/69 56/56/66
f 61/61/70 56/56/70 60/60/70
f 55/55/65 59/59/35 56/56/66
f 61/61/71 57/57/71 56/56/71
f 59/59/35 62/62/72 60/60/69
f 62/62/72 63/63/73 60/60/69
f 63/63/73 64/64/74 60/60/69
f 61/61/75 60/60/76 64/64/77
f 63/63/73 65/65/78 64/64/74
f 66/66/79 61/61/75 64/64/77
f 67/67/80 68/68/81 64/64/74
f 69/69/82 64/64/83 68/68/84
f 65/65/78 67/67/80 64/64/74
f 69/69/85 66/66/85 64/64/85
f 70/70/86 69/69/82 68/68/84
f 71/71/87 68/68/87 67/67/87
f 72/72/88 68/68/88 71/71/88
f 70/70/89 68/68/89 72/72/89
f 73/73/90 65/65/90 63/63/90
f 74/74/91 65/65/91 73/73/91
f 67/67/92 65/65/92 74/74/92
f 73/73/93 63/63/93 75/75/93
f 75/75/94 63/63/94 62/62/94
f 76/76/95 62/62/95 59/59/95
f 75/75/96 62/62/96 76/76/96
f 77/77/97 59/59/97 55/55/97
f 76/76/98 59/59/98 77/77/98
f 53/53/35 78/78/99 55/55/65
f 79/79/100 55/55/100 78/78/100
f 77/77/101 55/55/101 79/79/101
f 80/80/102 78/78/99 53/53/35
f 49/49/59 81/81/35 53/53/35
f 82/82/103 83/83/104 53/53/35
f 83/83/104 80/80/102 53/53/35
f 84/84/105 78/78/105 80/80/105
f 85/85/106 78/78/106 84/84/106
f 86/86/107 80/80/107 83/83/107
f 84/84/108 80/80/108 86/86/108
f 87/87/109 88/88/110 83/83/104
f 82/82/103 87/87/109 83/83/104
f 89/89/111 90/90/112 88/88/110
f 87/87/109 89/89/111 88/88/110
f 91/91/113 90/90/113 92/92/113
f 89/89/111 93/93/114 90/90/112
f 92/92/115 90/90/115 93/93/115
f 94/94/14 95/95/116 93/93/114
f 92/92/117 93/93/117 95/95/117
f 89/89/111 94/94/14 93/93/114
f 96/96/103 97/97/35 95/95/116
f 92/92/118 95/95/118 97/97/118
f 94/94/14 96/96/103 95/95/116
f 96/96/103 98/98/119 97/97/35
f 99/99/120 97/97/120 98/98/120
f 92/92/121 97/97/121 99/99/121
f 96/96/103 9/9/119 98/98/119
f 100/100/122 98/98/122 9/9/122
f 101/101/123 98/98/123 100/100/123
f 99/99/124 98/98/124 101/101/124
f 96/96/103 8/8/125 9/9/119
f 100/100/126 9/9/126 4/4/126
f 102/102/127 8/8/128 96/96/129
f 103/103/130 10/10/130 8/8/130
f 102/102/127 103/103/131 8/8/128
f 104/104/132 96/96/132 94/94/132
f 105/105/133 96/96/133 104/104/133
f 106/106/134 96/96/134 105/105/134
f 106/106/135 102/102/135 96/96/135
f 104/104/136 94/94/136 89/89/136
f 107/107/137 89/89/137 87/87/137
f 107/107/138 104/104/138 89/89/138
f 107/107/139 87/87/139 82/82/139
f 108/108/140 82/82/141 53/53/142
f 109/109/143 107/107/143 82/82/143
f 110/110/144 109/109/144 82/82/144
f 108/108/140 110/110/145 82/82/141
f 81/81/35 111/111/34 53/53/35
f 112/112/146 53/53/146 111/111/146
f 112/112/147 108/108/147 53/53/147
f 113/113/148 111/111/148 81/81/148
f 113/113/149 112/112/149 111/111/149
f 46/46/55 114/114/150 81/81/35
f 113/113/151 81/81/151 114/114/151
f 49/49/59 46/46/55 81/81/35
f 115/115/152 114/114/152 46/46/152
f 116/116/153 114/114/153 115/115/153
f 113/113/154 114/114/154 116/116/154
f 115/115/155 46/46/155 45/45/155
f 115/115/156 45/45/156 30/30/156
f 115/115/157 30/30/157 24/24/157
f 117/117/158 24/24/158 23/23/158
f 115/115/159 24/24/159 117/117/159
f 118/118/160 23/23/160 21/21/160
f 117/117/161 23/23/161 118/118/161
f 119/119/162 21/21/162 17/17/162
f 120/120/163 21/21/163 119/119/163
f 121/121/164 21/21/164 120/120/164
f 121/121/165 118/118/165 21/21/165
f 2/2/166 17/17/21 6/6/15
f 119/119/167 17/17/167 2/2/167
f 119/119/168 2/2/168 10/10/168
f 103/103/169 122/122/169 10/10/169
f 123/123/170 10/10/170 122/122/170
f 124/124/171 10/10/171 123/123/171
f 125/125/172 10/10/172 124/124/172
f 125/125/173 119/119/173 10/10/173
f 126/126/174 15/15/175 14/14/176
f 127/127/177 14/14/177 18/18/177
f 127/127/178 126/126/179 14/14/180
f 19/19/181 127/127/181 18/18/181
f 128/128/182 19/19/182 20/20/182
f 129/129/183 20/20/183 22/22/183
f 128/128/184 20/20/185 129/129/186
f 25/25/187 129/129/187 22/22/187
f 130/130/188 129/129/188 25/25/188
f 129/129/186 131/131/189 128/128/184
f 132/132/190 133/133/190 134/134/190
f 135/135/191 134/134/192 133/133/193
f 136/136/194 135/135/191 133/133/193
f 137/137/195 134/134/195 138/138/195
f 134/134/196 139/139/197 132/132/198
f 140/140/199 132/132/198 139/139/197
f 141/141/200 139/139/201 134/134/202
f 141/141/200 134/134/202 137/137/203
f 142/142/204 138/138/205 134/134/192
f 135/135/191 142/142/204 134/134/192
f 143/143/206 144/144/207 138/138/205
f 145/145/208 138/138/208 144/144/208
f 142/142/204 143/143/206 138/138/205
f 145/145/209 137/137/209 138/138/209
f 146/146/210 144/144/210 147/147/210
f 143/143/206 148/148/103 144/144/207
f 146/146/211 145/145/211 144/144/211
f 149/149/212 150/150/213 147/147/214
f 146/146/215 147/147/215 150/150/215
f 149/149/212 151/151/216 150/150/213
f 152/152/217 150/150/217 151/151/217
f 153/153/218 146/146/218 150/150/218
f 154/154/219 153/153/219 150/150/219
f 154/154/220 150/150/220 152/152/220
f 155/155/221 151/151/222 149/149/223
f 156/156/224 149/149/224 147/147/224
f 157/157/225 155/155/221 149/149/223
f 157/157/226 149/149/226 156/156/226
f 156/156/227 147/147/227 144/144/227
f 158/158/228 144/144/229 148/148/230
f 158/158/228 156/156/231 144/144/229
f 159/159/232 148/148/232 143/143/232
f 158/158/233 148/148/233 159/159/233
f 142/142/234 160/160/234 143/143/234
f 159/159/235 143/143/235 160/160/235
f 161/161/236 142/142/236 135/135/236
f 135/135/237 136/136/237 162/162/237
f 163/163/238 136/136/194 133/133/193
f 164/164/239 136/136/239 163/163/239
f 164/164/240 162/162/240 136/136/240
f 165/165/241 145/145/241 146/146/241
f 166/166/242 141/141/243 137/137/244
f 166/166/245 137/137/245 145/145/245
f 153/153/246 165/165/246 146/146/246
f 167/167/247 152/152/247 151/151/247
f 168/168/248 151/151/248 155/155/248
f 168/168/249 167/167/249 151/151/249
f 169/169/250 154/154/251 152/152/252
f 167/167/253 169/169/250 152/152/252
f 170/170/254 168/168/254 155/155/254
f 170/170/255 155/155/255 157/157/255
f 169/169/250 171/171/256 154/154/251
f 169/169/250 172/172/257 171/171/256
f 172/172/257 173/173/258 171/171/256
f 173/173/258 174/174/259 171/171/256
f 175/175/260 171/171/260 174/174/260
f 176/176/261 175/175/261 174/174/261
f 177/177/262 174/174/262 173/173/262
f 176/176/263 174/174/263 177/177/263
f 178/178/264 169/169/264 167/167/264
f 179/179/265 169/169/265 178/178/265
f 178/178/266 167/167/266 168/168/266
f 180/180/267 168/168/267 170/170/267
f 181/181/268 100/100/268 4/4/268
f 7/7/269 181/181/269 4/4/269
f 182/182/270 100/100/270 181/181/270
f 101/101/271 100/100/271 182/182/271
f 183/183/272 99/99/272 101/101/272
f 184/184/273 92/92/273 99/99/273
f 184/184/274 99/99/274 183/183/274
f 91/91/275 92/92/275 184/184/275
f 3/3/276 185/185/277 7/7/278
f 185/185/279 3/3/279 5/5/279
f 186/186/280 5/5/280 11/11/280
f 185/185/281 5/5/281 186/186/281
f 16/16/282 186/186/283 11/11/284
f 187/187/285 105/105/285 104/104/285
f 107/107/286 187/187/286 104/104/286
f 187/187/287 106/106/287 105/105/287
f 188/188/288 186/186/283 16/16/282
f 15/15/289 188/188/290 16/16/291
f 106/106/292 103/103/292 102/102/292
f 189/189/293 103/103/293 106/106/293
f 123/123/294 103/103/294 189/189/294
f 123/123/295 122/122/295 103/103/295
f 123/123/35 189/189/35 106/106/35
f 121/121/296 123/123/35 106/106/35
f 116/116/35 121/121/296 106/106/35
f 116/116/35 106/106/35 187/187/104
f 125/125/35 124/124/35 123/123/35
f 121/121/296 125/125/35 123/123/35
f 120/120/297 119/119/297 125/125/297
f 121/121/298 120/120/298 125/125/298
f 190/190/299 127/127/299 19/19/299
f 128/128/300 190/190/300 19/19/300
f 117/117/301 118/118/301 121/121/301
f 116/116/302 117/117/302 121/121/302
f 116/116/303 115/115/303 117/117/303
f 191/191/304 130/130/304 25/25/304
f 191/191/305 25/25/305 31/31/305
f 192/192/306 191/191/306 31/31/306
f 192/192/307 31/31/307 32/32/307
f 34/34/308 192/192/308 32/32/308
f 193/193/309 34/34/309 33/33/309
f 194/194/310 193/193/310 33/33/310
f 194/194/311 33/33/311 36/36/311
f 195/195/312 40/40/312 42/42/312
f 196/196/313 195/195/314 42/42/315
f 197/197/316 28/28/316 40/40/316
f 198/198/317 40/40/318 195/195/319
f 197/197/320 40/40/320 198/198/320
f 199/199/321 36/36/321 38/38/321
f 200/200/322 36/36/323 199/199/324
f 194/194/325 36/36/323 200/200/322
f 197/197/326 37/37/326 28/28/326
f 201/201/327 199/199/327 38/38/327
f 202/202/328 200/200/329 199/199/330
f 202/202/331 199/199/331 201/201/331
f 39/39/46 201/201/332 38/38/47
f 200/200/333 203/203/333 194/194/333
f 204/204/334 39/39/334 37/37/334
f 205/205/335 204/204/335 37/37/335
f 206/206/336 37/37/337 197/197/338
f 205/205/339 37/37/339 206/206/339
f 207/207/340 202/202/340 201/201/340
f 208/208/341 201/201/341 39/39/341
f 208/208/342 207/207/342 201/201/342
f 209/209/343 202/202/344 207/207/345
f 208/208/346 39/39/346 204/204/346
f 210/210/347 208/208/348 204/204/349
f 210/210/347 204/204/349 205/205/350
f 207/207/345 211/211/351 209/209/343
f 212/212/352 209/209/352 211/211/352
f 213/213/353 209/209/354 212/212/355
f 214/214/356 211/211/357 207/207/358
f 132/132/359 212/212/359 211/211/359
f 215/215/360 202/202/361 209/209/362
f 213/213/353 215/215/363 209/209/354
f 216/216/364 207/207/364 208/208/364
f 216/216/365 214/214/365 207/207/365
f 210/210/366 216/216/367 208/208/368
f 217/217/369 216/216/367 210/210/366
f 133/133/370 132/132/370 211/211/370
f 163/163/371 211/211/357 214/214/356
f 163/163/372 133/133/372 211/211/372
f 218/218/373 212/212/374 132/132/375
f 219/219/376 214/214/377 216/216/378
f 219/219/376 163/163/379 214/214/377
f 220/220/380 219/219/381 216/216/382
f 220/220/380 216/216/382 217/217/383
f 140/140/384 218/218/385 132/132/386
f 164/164/387 163/163/387 219/219/387
f 164/164/388 219/219/389 220/220/390
f 221/221/391 162/162/392 164/164/393
f 161/161/394 135/135/394 162/162/394
f 222/222/395 162/162/396 221/221/397
f 222/222/398 161/161/398 162/162/398
f 222/222/399 223/223/399 161/161/399
f 224/224/400 166/166/401 145/145/402
f 225/225/403 161/161/404 223/223/405
f 160/160/406 142/142/406 161/161/406
f 225/225/403 160/160/407 161/161/404
f 224/224/408 145/145/408 165/165/408
f 226/226/409 160/160/409 225/225/409
f 226/226/410 159/159/410 160/160/410
f 223/223/405 227/227/411 225/225/403
f 228/228/412 225/225/412 227/227/412
f 228/228/413 226/226/413 225/225/413
f 229/229/414 228/228/415 227/227/416
f 230/230/417 229/229/414 227/227/416
f 231/231/418 232/232/419 227/227/411
f 230/230/420 227/227/420 232/232/420
f 223/223/405 231/231/418 227/227/411
f 233/233/421 232/232/421 231/231/421
f 234/234/422 232/232/422 233/233/422
f 235/235/423 232/232/423 234/234/423
f 236/236/424 232/232/424 235/235/424
f 236/236/425 230/230/425 232/232/425
f 222/222/399 231/231/399 223/223/399
f 237/237/426 231/231/426 222/222/426
f 237/237/427 233/233/427 231/231/427
f 238/238/428 165/165/429 153/153/430
f 238/238/428 224/224/431 165/165/429
f 154/154/432 238/238/432 153/153/432
f 171/171/433 238/238/433 154/154/433
f 226/226/434 158/158/435 159/159/436
f 157/157/437 156/156/438 158/158/439
f 239/239/440 157/157/437 158/158/439
f 240/240/441 239/239/441 158/158/441
f 240/240/442 158/158/435 226/226/434
f 241/241/443 170/170/443 157/157/443
f 239/239/440 242/242/444 157/157/437
f 241/241/445 157/157/445 242/242/445
f 243/243/446 241/241/446 242/242/446
f 244/244/15 245/245/447 242/242/444
f 246/246/448 242/242/448 245/245/448
f 239/239/440 244/244/15 242/242/444
f 246/246/449 243/243/449 242/242/449
f 244/244/15 247/247/450 245/245/447
f 248/248/451 249/249/451 245/245/451
f 247/247/450 248/248/452 245/245/447
f 250/250/453 249/249/453 248/248/453
f 250/250/454 248/248/455 251/251/456
f 247/247/457 244/244/458 252/252/459
f 244/244/460 239/239/460 253/253/460
f 253/253/461 239/239/461 240/240/461
f 254/254/462 170/170/462 241/241/462
f 180/180/463 170/170/463 254/254/463
f 243/243/464 254/254/464 241/241/464
f 255/255/465 254/254/465 243/243/465
f 256/256/466 180/180/467 254/254/468
f 255/255/469 256/256/469 254/254/469
f 257/257/470 255/255/471 243/243/472
f 257/257/470 243/243/472 246/246/473
f 180/180/474 178/178/475 168/168/476
f 179/179/477 178/178/475 180/180/474
f 258/258/478 101/101/478 182/182/478
f 183/183/479 101/101/479 258/258/479
f 259/259/480 90/90/481 91/91/482
f 260/260/483 88/88/483 90/90/483
f 260/260/484 90/90/484 259/259/484
f 261/261/485 188/188/290 15/15/289
f 262/262/486 187/187/486 107/107/486
f 116/116/35 187/187/104 262/262/207
f 263/263/487 262/262/487 107/107/487
f 109/109/488 263/263/488 107/107/488
f 263/263/489 116/116/35 262/262/207
f 126/126/174 261/261/490 15/15/175
f 264/264/489 265/265/489 116/116/35
f 113/113/491 116/116/491 265/265/491
f 263/263/489 264/264/489 116/116/35
f 112/112/492 265/265/492 264/264/492
f 113/113/493 265/265/493 112/112/493
f 108/108/494 264/264/494 263/263/494
f 112/112/495 264/264/495 108/108/495
f 110/110/496 263/263/496 109/109/496
f 108/108/497 263/263/497 110/110/497
f 131/131/498 190/190/498 128/128/498
f 266/266/499 131/131/500 129/129/501
f 130/130/502 266/266/503 129/129/504
f 267/267/505 266/266/503 130/130/502
f 268/268/506 266/266/503 267/267/505
f 269/269/507 130/130/507 191/191/507
f 269/269/508 270/270/508 130/130/508
f 267/267/509 130/130/509 270/270/509
f 271/271/510 191/191/510 192/192/510
f 269/269/511 191/191/512 271/271/513
f 58/58/514 52/52/514 54/54/514
f 52/52/515 272/272/516 51/51/517
f 273/273/518 269/269/511 271/271/513
f 274/274/519 273/273/520 271/271/521
f 274/274/519 271/271/521 192/192/522
f 274/274/519 192/192/522 34/34/523
f 272/272/524 50/50/524 51/51/524
f 272/272/525 275/275/526 50/50/527
f 193/193/528 274/274/528 34/34/528
f 50/50/529 44/44/529 48/48/529
f 196/196/530 44/44/530 50/50/530
f 196/196/313 42/42/315 44/44/531
f 196/196/532 50/50/533 275/275/534
f 276/276/535 277/277/536 195/195/314
f 277/277/537 198/198/317 195/195/319
f 278/278/538 277/277/536 276/276/535
f 196/196/313 276/276/535 195/195/314
f 203/203/539 193/193/539 194/194/539
f 279/279/540 280/280/541 200/200/329
f 202/202/328 279/279/540 200/200/329
f 200/200/542 280/280/543 203/203/544
f 215/215/360 279/279/545 202/202/361
f 217/217/546 210/210/546 281/281/546
f 218/218/373 213/213/547 212/212/374
f 282/282/548 164/164/388 220/220/390
f 221/221/391 164/164/393 282/282/549
f 139/139/197 283/283/550 140/140/199
f 284/284/551 140/140/199 283/283/550
f 284/284/552 218/218/385 140/140/384
f 285/285/553 283/283/553 139/139/553
f 286/286/554 284/284/554 283/283/554
f 285/285/555 139/139/201 141/141/200
f 287/287/556 166/166/401 224/224/400
f 288/288/557 226/226/557 228/228/557
f 289/289/558 240/240/558 226/226/558
f 289/289/559 226/226/559 288/288/559
f 289/289/560 253/253/561 240/240/562
f 252/252/563 244/244/563 253/253/563
f 252/252/564 253/253/564 290/290/564
f 289/289/560 290/290/565 253/253/561
f 256/256/466 179/179/566 180/180/467
f 291/291/567 292/292/568 179/179/566
f 293/293/569 179/179/569 292/292/569
f 256/256/466 291/291/567 179/179/566
f 293/293/570 169/169/570 179/179/570
f 293/293/571 292/292/571 294/294/571
f 293/293/572 294/294/572 295/295/572
f 296/296/573 297/297/574 295/295/575
f 173/173/576 295/295/576 297/297/576
f 294/294/577 296/296/573 295/295/575
f 172/172/578 295/295/578 173/173/578
f 293/293/579 295/295/579 172/172/579
f 298/298/574 299/299/574 297/297/574
f 173/173/580 297/297/580 299/299/580
f 296/296/573 298/298/574 297/297/574
f 300/300/581 299/299/581 298/298/581
f 177/177/582 173/173/582 299/299/582
f 300/300/583 301/301/583 299/299/583
f 177/177/584 299/299/584 301/301/584
f 302/302/585 298/298/585 296/296/585
f 302/302/586 300/300/586 298/298/586
f 303/303/587 296/296/587 294/294/587
f 304/304/588 296/296/588 303/303/588
f 302/302/589 296/296/589 304/304/589
f 305/305/590 294/294/590 292/292/590
f 303/303/591 294/294/591 305/305/591
f 306/306/592 292/292/592 291/291/592
f 305/305/593 292/292/593 306/306/593
f 306/306/594 291/291/594 256/256/594
f 307/307/595 256/256/595 255/255/595
f 306/306/596 256/256/596 307/307/596
f 307/307/597 255/255/471 257/257/470
f 308/308/598 252/252/598 309/309/598
f 308/308/599 247/247/457 252/252/459
f 293/293/600 172/172/600 169/169/600
f 245/245/601 257/257/602 246/246/603
f 310/310/604 307/307/597 257/257/470
f 310/310/604 306/306/605 307/307/597
f 310/310/604 305/305/606 306/306/605
f 311/311/607 303/303/608 305/305/608
f 310/310/604 311/311/609 305/305/606
f 311/311/607 304/304/610 303/303/608
f 311/311/607 312/312/611 304/304/610
f 312/312/612 302/302/612 304/304/612
f 313/313/613 311/311/614 310/310/615
f 313/313/613 310/310/615 257/257/602
f 314/314/616 251/251/616 248/248/616
f 245/245/601 315/315/617 257/257/602
f 313/313/613 316/316/618 311/311/614
f 312/312/619 311/311/619 316/316/619
f 312/312/620 316/316/620 317/317/620
f 318/318/621 317/317/621 316/316/621
f 319/319/622 316/316/622 313/313/622
f 318/318/623 316/316/623 319/319/623
f 319/319/624 313/313/624 320/320/624
f 315/315/617 313/313/613 257/257/602
f 320/320/625 313/313/625 315/315/625
f 315/315/626 245/245/626 249/249/626
f 321/321/627 322/322/627 249/249/627
f 323/323/628 182/182/628 181/181/628
f 181/181/629 7/7/629 324/324/629
f 325/325/630 181/181/630 324/324/630
f 326/326/631 325/325/631 324/324/631
f 327/327/632 326/326/632 324/324/632
f 328/328/633 324/324/633 7/7/633
f 327/327/634 324/324/635 328/328/634
f 328/328/636 7/7/278 185/185/277
f 329/329/637 258/258/637 182/182/637
f 329/329/638 182/182/638 323/323/638
f 330/330/639 183/183/639 258/258/639
f 330/330/640 258/258/640 329/329/640
f 331/331/641 184/184/641 183/183/641
f 331/331/642 183/183/642 330/330/642
f 332/332/643 91/91/643 184/184/643
f 332/332/644 184/184/644 331/331/644
f 259/259/480 91/91/482 332/332/645
f 83/83/646 88/88/646 260/260/646
f 328/328/647 185/185/647 333/333/647
f 333/333/648 185/185/648 186/186/648
f 334/334/649 86/86/649 83/83/649
f 335/335/650 333/333/650 336/336/650
f 335/335/651 337/337/651 333/333/651
f 336/336/652 333/333/652 186/186/652
f 338/338/653 84/84/653 86/86/653
f 334/334/654 338/338/654 86/86/655
f 85/85/656 84/84/657 338/338/658
f 339/339/659 78/78/659 85/85/659
f 340/340/660 79/79/660 78/78/660
f 339/339/661 340/340/661 78/78/661
f 341/341/662 77/77/662 79/79/662
f 341/341/663 79/79/663 340/340/663
f 342/342/664 127/127/664 190/190/664
f 342/342/665 126/126/179 127/127/178
f 343/343/666 76/76/666 77/77/666
f 343/343/667 77/77/667 341/341/667
f 344/344/668 190/190/668 131/131/668
f 345/345/669 342/342/669 190/190/669
f 344/344/670 345/345/670 190/190/670
f 346/346/671 75/75/671 76/76/671
f 346/346/672 76/76/672 343/343/672
f 347/347/673 75/75/673 346/346/673
f 347/347/674 73/73/674 75/75/674
f 266/266/499 344/344/675 131/131/500
f 269/269/676 267/267/676 270/270/676
f 348/348/677 267/267/677 269/269/677
f 349/349/678 268/268/678 267/267/678
f 349/349/679 267/267/679 348/348/679
f 350/350/680 58/58/680 57/57/680
f 351/351/681 57/57/682 61/61/683
f 351/351/681 350/350/684 57/57/682
f 352/352/685 58/58/686 350/350/687
f 353/353/688 351/351/688 61/61/688
f 349/349/689 348/348/689 269/269/689
f 273/273/690 349/349/690 269/269/690
f 52/52/515 354/354/691 272/272/516
f 355/355/692 275/275/526 272/272/525
f 354/354/691 355/355/693 272/272/516
f 356/356/694 354/354/695 52/52/696
f 356/356/697 52/52/697 352/352/697
f 352/352/698 52/52/698 58/58/698
f 276/276/699 196/196/532 275/275/534
f 274/274/700 193/193/700 357/357/700
f 275/275/534 358/358/701 276/276/699
f 359/359/702 276/276/702 358/358/702
f 278/278/703 276/276/703 359/359/703
f 203/203/704 357/357/705 193/193/706
f 360/360/707 357/357/705 203/203/704
f 197/197/708 198/198/708 361/361/708
f 277/277/709 361/361/709 198/198/709
f 362/362/710 197/197/710 361/361/710
f 363/363/711 361/361/711 277/277/711
f 362/362/712 361/361/712 363/363/712
f 364/364/713 206/206/336 197/197/338
f 364/364/714 197/197/715 362/362/716
f 365/365/717 360/360/718 203/203/544
f 280/280/543 365/365/717 203/203/544
f 205/205/719 206/206/719 366/366/719
f 364/364/720 366/366/720 206/206/720
f 367/367/721 205/205/721 366/366/721
f 368/368/722 367/367/723 366/366/724
f 368/368/722 366/366/724 364/364/725
f 210/210/726 205/205/726 367/367/726
f 281/281/727 210/210/727 367/367/727
f 368/368/728 281/281/729 367/367/730
f 213/213/353 369/369/731 215/215/363
f 370/370/732 217/217/733 281/281/734
f 370/370/735 281/281/729 368/368/728
f 371/371/736 215/215/736 369/369/736
f 372/372/737 279/279/545 215/215/360
f 371/371/738 372/372/738 215/215/738
f 218/218/373 369/369/739 213/213/547
f 220/220/740 217/217/740 373/373/740
f 374/374/741 373/373/741 217/217/741
f 374/374/742 217/217/733 370/370/732
f 375/375/743 220/220/743 373/373/743
f 376/376/744 375/375/744 373/373/744
f 377/377/745 373/373/745 374/374/745
f 376/376/746 373/373/746 377/377/746
f 376/376/747 220/220/747 375/375/747
f 376/376/748 282/282/548 220/220/390
f 141/141/243 166/166/242 287/287/749
f 378/378/750 287/287/556 224/224/400
f 378/378/751 224/224/431 238/238/428
f 229/229/752 288/288/753 228/228/754
f 379/379/755 248/248/756 247/247/757
f 380/380/758 248/248/758 379/379/758
f 314/314/759 248/248/759 380/380/759
f 250/250/454 251/251/456 381/381/760
f 251/251/761 314/314/761 382/382/761
f 382/382/762 381/381/762 251/251/762
f 383/383/763 381/381/763 382/382/763
f 384/384/764 250/250/764 381/381/764
f 385/385/765 384/384/765 381/381/765
f 383/383/766 385/385/766 381/381/766
f 386/386/767 383/383/767 382/382/767
f 386/386/768 382/382/768 314/314/768
f 315/315/769 249/249/769 322/322/769
f 385/385/770 387/387/770 384/384/770
f 388/388/771 387/387/771 385/385/771
f 388/388/772 385/385/772 389/389/772
f 390/390/773 388/388/773 389/389/773
f 390/390/774 389/389/774 391/391/774
f 389/389/775 385/385/775 383/383/775
f 392/392/776 389/389/776 383/383/776
f 392/392/777 383/383/777 386/386/777
f 393/393/778 389/389/778 392/392/778
f 393/393/779 391/391/779 389/389/779
f 321/321/780 249/249/780 250/250/780
f 394/394/781 321/321/781 250/250/781
f 395/395/782 250/250/782 384/384/782
f 395/395/783 394/394/783 250/250/783
f 395/395/784 384/384/784 387/387/784
f 396/396/785 395/395/785 387/387/785
f 396/396/786 387/387/786 388/388/786
f 394/394/787 395/395/787 397/397/787
f 396/396/788 397/397/788 395/395/788
f 398/398/789 396/396/789 388/388/789
f 398/398/790 388/388/790 390/390/790
f 323/323/791 181/181/791 325/325/791
f 399/399/792 259/259/792 332/332/792
f 399/399/793 260/260/793 259/259/793
f 400/400/794 260/260/794 399/399/794
f 401/401/795 83/83/795 260/260/795
f 400/400/796 401/401/796 260/260/796
f 401/401/797 334/334/797 83/83/797
f 402/402/798 401/401/798 400/400/798
f 403/403/799 338/338/654 334/334/654
f 403/403/800 334/334/800 401/401/800
f 404/404/801 186/186/283 188/188/288
f 336/336/802 186/186/802 404/404/802
f 405/405/803 85/85/656 338/338/658
f 406/406/804 339/339/805 85/85/806
f 406/406/804 85/85/806 405/405/807
f 407/407/808 188/188/290 261/261/485
f 407/407/808 404/404/809 188/188/290
f 408/408/810 407/407/811 261/261/490
f 408/408/810 261/261/490 126/126/174
f 409/409/812 340/340/812 339/339/812
f 410/410/813 409/409/814 339/339/815
f 410/410/813 339/339/815 406/406/816
f 342/342/817 408/408/817 126/126/817
f 411/411/818 340/340/818 409/409/818
f 341/341/819 340/340/819 411/411/819
f 411/411/820 409/409/820 410/410/820
f 412/412/821 344/344/821 266/266/821
f 413/413/822 73/73/822 347/347/822
f 413/413/823 74/74/823 73/73/823
f 414/414/824 67/67/824 74/74/824
f 414/414/825 74/74/826 413/413/827
f 415/415/828 412/412/828 266/266/828
f 415/415/829 266/266/503 268/268/506
f 416/416/830 344/344/830 412/412/830
f 417/417/831 345/345/831 344/344/831
f 416/416/832 417/417/832 344/344/832
f 418/418/833 412/412/833 415/415/833
f 416/416/834 412/412/834 418/418/834
f 414/414/835 71/71/835 67/67/835
f 419/419/836 71/71/837 414/414/838
f 420/420/839 71/71/840 419/419/841
f 421/421/842 268/268/842 349/349/842
f 350/350/687 356/356/843 352/352/685
f 66/66/844 353/353/844 61/61/844
f 422/422/845 66/66/845 69/69/845
f 423/423/846 69/69/846 70/70/846
f 423/423/847 422/422/847 69/69/847
f 424/424/848 423/423/848 70/70/848
f 425/425/849 356/356/849 350/350/849
f 426/426/850 273/273/520 274/274/519
f 427/427/851 274/274/852 357/357/853
f 427/427/851 426/426/854 274/274/852
f 360/360/855 427/427/855 357/357/855
f 362/362/856 363/363/856 277/277/856
f 428/428/857 364/364/714 362/362/716
f 429/429/858 368/368/859 364/364/860
f 429/429/858 364/364/860 428/428/861
f 430/430/862 368/368/862 429/429/862
f 430/430/863 370/370/863 368/368/863
f 377/377/864 374/374/864 370/370/864
f 377/377/865 370/370/866 430/430/867
f 284/284/868 369/369/739 218/218/373
f 431/431/869 376/376/870 377/377/871
f 431/431/872 282/282/548 376/376/748
f 432/432/873 221/221/391 282/282/549
f 222/222/395 221/221/397 432/432/874
f 287/287/875 285/285/875 141/141/875
f 433/433/876 285/285/876 434/434/876
f 283/283/877 285/285/877 433/433/877
f 434/434/878 285/285/878 287/287/878
f 434/434/879 287/287/879 378/378/879
f 434/434/880 378/378/880 435/435/880
f 436/436/881 378/378/882 238/238/883
f 436/436/881 435/435/884 378/378/882
f 175/175/885 436/436/885 238/238/885
f 175/175/886 238/238/886 171/171/886
f 437/437/887 436/436/887 175/175/887
f 288/288/888 290/290/888 289/289/888
f 438/438/889 288/288/753 229/229/752
f 439/439/890 288/288/891 438/438/892
f 439/439/890 290/290/893 288/288/891
f 290/290/894 309/309/895 252/252/896
f 440/440/897 309/309/895 290/290/894
f 441/441/898 308/308/899 309/309/900
f 308/308/901 379/379/755 247/247/757
f 442/442/902 380/380/903 379/379/904
f 443/443/905 442/442/905 379/379/905
f 444/444/906 379/379/907 308/308/908
f 443/443/909 379/379/909 444/444/909
f 322/322/910 442/442/910 315/315/910
f 443/443/911 315/315/911 442/442/911
f 443/443/912 320/320/912 315/315/912
f 322/322/913 314/314/914 380/380/903
f 442/442/902 322/322/913 380/380/903
f 394/394/915 386/386/916 314/314/914
f 322/322/913 394/394/915 314/314/914
f 394/394/915 445/445/917 386/386/916
f 397/397/917 446/446/492 445/445/917
f 447/447/918 445/445/918 446/446/918
f 394/394/915 397/397/917 445/445/917
f 392/392/919 386/386/919 445/445/919
f 448/448/920 392/392/920 445/445/920
f 449/449/921 448/448/921 445/445/921
f 447/447/922 450/450/922 445/445/922
f 449/449/923 445/445/923 450/450/923
f 451/451/924 446/446/925 397/397/926
f 451/451/924 447/447/927 446/446/925
f 452/452/928 397/397/928 396/396/928
f 451/451/929 397/397/929 452/452/929
f 321/321/930 394/394/930 322/322/930
f 448/448/931 393/393/931 392/392/931
f 453/453/932 391/391/932 393/393/932
f 453/453/933 393/393/933 448/448/933
f 454/454/934 391/391/774 455/455/935
f 454/454/934 390/390/774 391/391/774
f 456/456/936 455/455/936 391/391/936
f 456/456/937 391/391/938 453/453/939
f 457/457/940 454/454/934 455/455/935
f 456/456/941 457/457/941 455/455/941
f 458/458/942 457/457/943 456/456/944
f 459/459/945 457/457/945 458/458/945
f 459/459/946 460/460/946 457/457/946
f 398/398/947 390/390/947 454/454/947
f 460/460/948 454/454/948 457/457/948
f 452/452/949 396/396/949 398/398/949
f 461/461/950 398/398/950 454/454/950
f 461/461/951 452/452/951 398/398/951
f 461/461/952 454/454/952 460/460/952
f 462/462/953 461/461/953 460/460/953
f 463/463/954 323/323/954 325/325/954
f 464/464/955 329/329/955 323/323/955
f 464/464/956 323/323/956 463/463/956
f 465/465/957 330/330/957 329/329/957
f 465/465/958 329/329/958 464/464/958
f 466/466/959 331/331/959 330/330/959
f 466/466/960 330/330/960 465/465/960
f 467/467/961 332/332/961 331/331/961
f 467/467/962 331/331/962 466/466/962
f 467/467/963 399/399/963 332/332/963
f 400/400/964 399/399/964 468/468/964
f 469/469/965 400/400/965 468/468/965
f 468/468/966 399/399/966 467/467/966
f 470/470/967 328/328/967 333/333/967
f 470/470/968 327/327/634 328/328/634
f 337/337/969 470/470/969 333/333/969
f 471/471/970 401/401/970 402/402/970
f 403/403/971 401/401/971 471/471/971
f 338/338/972 403/403/972 405/405/972
f 472/472/973 336/336/973 404/404/973
f 472/472/974 335/335/974 336/336/974
f 473/473/975 404/404/976 407/407/977
f 473/473/975 472/472/978 404/404/976
f 474/474/979 407/407/979 408/408/979
f 474/474/979 473/473/979 407/407/979
f 475/475/980 408/408/981 342/342/982
f 475/475/980 474/474/983 408/408/981
f 476/476/984 411/411/984 410/410/984
f 477/477/985 342/342/985 345/345/985
f 477/477/986 475/475/986 342/342/986
f 478/478/987 341/341/987 411/411/987
f 476/476/988 478/478/988 411/411/988
f 479/479/989 343/343/989 341/341/989
f 479/479/990 341/341/990 478/478/990
f 417/417/991 477/477/991 345/345/991
f 480/480/992 346/346/992 343/343/992
f 479/479/993 480/480/993 343/343/993
f 481/481/994 347/347/994 346/346/994
f 481/481/995 346/346/995 480/480/995
f 347/347/996 482/482/996 413/413/996
f 482/482/997 414/414/825 413/413/827
f 483/483/998 414/414/998 482/482/998
f 483/483/999 484/484/999 414/414/999
f 485/485/1000 414/414/1001 484/484/1002
f 486/486/1003 419/419/836 414/414/838
f 485/485/1000 486/486/1004 414/414/1001
f 487/487/1005 70/70/1005 72/72/1005
f 488/488/1006 71/71/840 420/420/839
f 488/488/1007 72/72/1007 71/71/1007
f 489/489/1008 488/488/1008 420/420/1008
f 490/490/1009 72/72/1009 488/488/1009
f 487/487/1010 72/72/1011 490/490/1012
f 491/491/1013 488/488/1014 489/489/1015
f 492/492/1016 490/490/1016 488/488/1016
f 493/493/1017 487/487/1010 490/490/1012
f 491/491/1018 492/492/1018 488/488/1018
f 494/494/1019 415/415/1019 268/268/1019
f 421/421/1020 494/494/1020 268/268/1020
f 495/495/1021 425/425/1021 350/350/1021
f 351/351/1022 495/495/1022 350/350/1022
f 353/353/1023 495/495/1023 351/351/1023
f 496/496/1024 495/495/1025 353/353/1026
f 483/483/1027 353/353/1027 66/66/1027
f 422/422/1028 483/483/1028 66/66/1028
f 497/497/1029 424/424/1029 70/70/1029
f 497/497/1030 70/70/1030 487/487/1030
f 498/498/1031 493/493/1031 490/490/1031
f 499/499/1032 490/490/1032 492/492/1032
f 500/500/1033 498/498/1033 490/490/1033
f 500/500/99 490/490/1034 499/499/114
f 501/501/1035 492/492/1036 491/491/1037
f 501/501/1038 499/499/1038 492/492/1038
f 273/273/1039 421/421/1039 349/349/1039
f 497/497/1040 487/487/1040 493/493/1040
f 502/502/1041 498/498/1041 500/500/1041
f 503/503/1042 421/421/1042 273/273/1042
f 426/426/1043 503/503/1043 273/273/1043
f 504/504/1044 358/358/1045 275/275/1046
f 504/504/1044 275/275/1046 355/355/1047
f 505/505/1048 426/426/1048 427/427/1048
f 506/506/1049 427/427/1049 360/360/1049
f 506/506/1050 505/505/1050 427/427/1050
f 507/507/1051 362/362/1052 277/277/1051
f 507/507/1051 277/277/1051 508/508/1053
f 365/365/1054 506/506/1054 360/360/1054
f 509/509/1055 365/365/1056 280/280/1057
f 428/428/857 362/362/716 507/507/1058
f 510/510/1059 280/280/1059 279/279/1059
f 510/510/1060 509/509/1055 280/280/1057
f 510/510/1061 279/279/1061 372/372/1061
f 511/511/1062 377/377/865 430/430/867
f 371/371/1063 369/369/1063 284/284/1063
f 511/511/1064 431/431/869 377/377/871
f 371/371/1065 284/284/1065 286/286/1065
f 512/512/1066 431/431/1066 511/511/1066
f 430/430/1067 513/513/1068 511/511/1069
f 512/512/1070 511/511/1070 513/513/1070
f 282/282/1071 431/431/1071 432/432/1071
f 237/237/1072 222/222/395 432/432/874
f 433/433/1073 434/434/1073 514/514/1073
f 514/514/1074 434/434/1074 435/435/1074
f 438/438/1075 229/229/1075 230/230/1075
f 176/176/1076 437/437/1076 175/175/1076
f 440/440/1077 290/290/1077 439/439/1077
f 515/515/1078 444/444/906 308/308/908
f 515/515/1079 308/308/1079 441/441/1079
f 516/516/35 443/443/35 444/444/35
f 517/517/1080 444/444/1080 515/515/1080
f 517/517/1081 516/516/1081 444/444/1081
f 518/518/1082 320/320/1082 443/443/1082
f 519/519/1083 320/320/1083 518/518/1083
f 319/319/1084 320/320/1084 519/519/1084
f 520/520/1085 518/518/1085 443/443/1085
f 516/516/35 520/520/35 443/443/35
f 521/521/1086 522/522/1086 523/523/1086
f 522/522/1087 459/459/1087 523/523/1087
f 524/524/1088 525/525/1089 523/523/1090
f 526/526/1091 523/523/1091 525/525/1091
f 526/526/1092 525/525/1092 527/527/1092
f 528/528/1093 527/527/1093 525/525/1093
f 529/529/1094 524/524/1094 523/523/1094
f 529/529/1095 523/523/1096 459/459/1097
f 530/530/1098 521/521/1098 523/523/1098
f 530/530/1099 523/523/1099 526/526/1099
f 531/531/1100 453/453/1100 448/448/1100
f 531/531/1101 448/448/1101 449/449/1101
f 456/456/937 453/453/939 531/531/1102
f 529/529/1095 459/459/1097 458/458/1103
f 522/522/1104 460/460/1104 459/459/1104
f 532/532/1105 452/452/1105 461/461/1105
f 533/533/1106 461/461/1106 462/462/1106
f 533/533/1107 532/532/1107 461/461/1107
f 462/462/1108 460/460/1108 522/522/1108
f 521/521/1109 462/462/1109 522/522/1109
f 521/521/1110 533/533/1110 462/462/1110
f 534/534/1111 325/325/1111 326/326/1111
f 535/535/1112 463/463/1112 325/325/1112
f 535/535/1113 325/325/1113 534/534/1113
f 536/536/1114 326/326/1114 327/327/1114
f 537/537/1115 534/534/1115 326/326/1115
f 536/536/1116 537/537/1116 326/326/1116
f 536/536/1117 327/327/1118 470/470/1119
f 538/538/1120 464/464/1120 463/463/1120
f 538/538/1121 463/463/1121 535/535/1121
f 539/539/1122 465/465/1122 464/464/1122
f 539/539/1123 464/464/1123 538/538/1123
f 466/466/1124 465/465/1125 539/539/1126
f 540/540/1127 536/536/1117 470/470/1119
f 337/337/1128 540/540/1129 470/470/1130
f 469/469/1131 402/402/1131 400/400/1131
f 541/541/1132 403/403/1132 471/471/1132
f 542/542/1133 541/541/1133 471/471/1133
f 402/402/1134 542/542/1134 471/471/1134
f 469/469/1135 542/542/1135 402/402/1135
f 543/543/1136 542/542/1136 544/544/1136
f 469/469/1137 544/544/1137 542/542/1137
f 545/545/1138 542/542/1138 543/543/1138
f 546/546/1139 541/541/1139 542/542/1139
f 547/547/1140 546/546/1140 542/542/1140
f 547/547/1141 542/542/1141 545/545/1141
f 548/548/1142 405/405/1142 403/403/1142
f 541/541/1143 548/548/1143 403/403/1143
f 549/549/1144 335/335/1144 472/472/1144
f 550/550/1145 472/472/1146 473/473/1147
f 550/550/1145 549/549/1148 472/472/1146
f 474/474/1149 550/550/1150 473/473/1151
f 551/551/1152 406/406/804 405/405/807
f 551/551/1152 405/405/807 548/548/1153
f 552/552/1154 551/551/1152 548/548/1153
f 553/553/1155 410/410/813 406/406/816
f 553/553/1156 406/406/1156 551/551/1156
f 554/554/1157 474/474/1158 475/475/1159
f 555/555/1160 478/478/1160 410/410/1160
f 476/476/1161 410/410/1161 478/478/1161
f 555/555/1162 410/410/1162 553/553/1162
f 556/556/1163 475/475/1163 477/477/1163
f 556/556/1164 554/554/1164 475/475/1164
f 557/557/1165 478/478/1165 555/555/1165
f 558/558/1166 480/480/1166 478/478/1166
f 479/479/1167 478/478/1167 480/480/1167
f 559/559/1168 558/558/1168 478/478/1168
f 559/559/1169 478/478/1169 557/557/1169
f 417/417/1170 556/556/1170 477/477/1170
f 560/560/1171 480/480/1171 558/558/1171
f 561/561/1172 481/481/1172 480/480/1172
f 561/561/1173 480/480/1173 560/560/1173
f 560/560/1174 558/558/1174 559/559/1174
f 562/562/1175 417/417/1175 416/416/1175
f 562/562/1176 563/563/1176 417/417/1176
f 564/564/1177 482/482/1177 481/481/1177
f 347/347/1178 481/481/1178 482/482/1178
f 561/561/1179 564/564/1179 481/481/1179
f 565/565/1180 483/483/1181 482/482/1182
f 565/565/1180 482/482/1182 564/564/1183
f 562/562/1184 416/416/1184 418/418/1184
f 566/566/1185 418/418/1185 415/415/1185
f 566/566/1186 562/562/1187 418/418/1188
f 422/422/1189 484/484/1189 483/483/1189
f 567/567/1190 484/484/1190 422/422/1190
f 567/567/1191 485/485/1191 484/484/1191
f 568/568/1192 483/483/1192 565/565/1192
f 569/569/1193 491/491/1013 489/489/1015
f 570/570/1194 415/415/1194 494/494/1194
f 421/421/1195 571/571/1195 494/494/1195
f 572/572/1196 494/494/1196 571/571/1196
f 573/573/1197 494/494/1197 572/572/1197
f 573/573/1198 570/570/1198 494/494/1198
f 566/566/1199 415/415/1199 570/570/1199
f 574/574/1200 575/575/1200 356/356/1200
f 425/425/1201 574/574/1201 356/356/1201
f 568/568/1202 353/353/1202 483/483/1202
f 568/568/1203 496/496/1203 353/353/1203
f 576/576/1204 422/422/1204 423/423/1204
f 567/567/1205 422/422/1205 576/576/1205
f 577/577/1206 423/423/1206 424/424/1206
f 577/577/1207 576/576/1207 423/423/1207
f 578/578/1208 499/499/1208 501/501/1208
f 579/579/116 500/500/99 499/499/114
f 578/578/1209 579/579/1209 499/499/1209
f 580/580/1210 578/578/1210 501/501/1210
f 503/503/1211 571/571/1211 421/421/1211
f 581/581/1196 572/572/1196 571/571/1196
f 582/582/1212 581/581/1196 571/571/1196
f 503/503/1213 582/582/1213 571/571/1213
f 573/573/1214 572/572/1214 581/581/1214
f 582/582/1212 583/583/1196 581/581/1196
f 584/584/1215 581/581/1215 583/583/1215
f 585/585/1216 573/573/1216 581/581/1216
f 585/585/1217 581/581/1217 584/584/1217
f 582/582/1212 586/586/1196 583/583/1196
f 587/587/1218 583/583/1218 586/586/1218
f 587/587/1219 584/584/1219 583/583/1219
f 582/582/1212 588/588/1196 586/586/1196
f 589/589/1220 586/586/1220 588/588/1220
f 589/589/1221 587/587/1221 586/586/1221
f 582/582/1212 590/590/1196 588/588/1196
f 358/358/1222 588/588/1222 590/590/1222
f 591/591/1223 592/592/1223 588/588/1223
f 589/589/1224 588/588/1224 592/592/1224
f 358/358/1225 591/591/1225 588/588/1226
f 582/582/1212 593/593/1227 590/590/1196
f 359/359/1228 590/590/1228 593/593/1228
f 359/359/1229 358/358/1229 590/590/1229
f 582/582/1212 594/594/1227 593/593/1227
f 278/278/1230 593/593/1230 594/594/1230
f 278/278/1231 359/359/1231 593/593/1231
f 582/582/1212 595/595/1232 594/594/1227
f 508/508/1233 594/594/1233 595/595/1233
f 508/508/1234 278/278/1234 594/594/1234
f 506/506/1235 596/596/1236 595/595/1232
f 508/508/1237 595/595/1237 596/596/1237
f 582/582/1212 506/506/1235 595/595/1232
f 506/506/1235 597/597/1238 596/596/1236
f 508/508/1239 596/596/1239 507/507/1239
f 507/507/1240 596/596/1240 597/597/1240
f 505/505/1241 506/506/1241 582/582/1241
f 505/505/1242 582/582/1242 426/426/1242
f 426/426/1243 582/582/1243 503/503/1243
f 598/598/1244 355/355/693 354/354/691
f 598/598/1245 354/354/1246 575/575/1247
f 598/598/1248 599/599/1248 355/355/1248
f 504/504/1249 355/355/1249 599/599/1249
f 356/356/694 575/575/1250 354/354/695
f 600/600/1251 598/598/1245 575/575/1247
f 574/574/1252 601/601/1252 575/575/1252
f 600/600/1253 575/575/1253 601/601/1253
f 602/602/1254 424/424/1254 497/497/1254
f 603/603/1255 497/497/1255 493/493/1255
f 603/603/1256 602/602/1256 497/497/1256
f 579/579/116 604/604/1257 500/500/99
f 502/502/1258 500/500/1258 604/604/1258
f 605/605/35 606/606/35 604/604/1257
f 579/579/116 605/605/35 604/604/1257
f 605/605/35 607/607/35 606/606/35
f 608/608/35 609/609/35 606/606/35
f 610/610/1259 606/606/1259 609/609/1259
f 607/607/35 608/608/35 606/606/35
f 610/610/1260 611/611/1260 606/606/1260
f 608/608/35 612/612/35 609/609/35
f 613/613/1261 609/609/1262 612/612/1263
f 614/614/1264 610/610/1264 609/609/1264
f 615/615/1265 609/609/1262 613/613/1261
f 615/615/1266 614/614/1266 609/609/1266
f 616/616/489 617/617/1267 612/612/35
f 613/613/1268 612/612/1269 617/617/1270
f 608/608/35 616/616/489 612/612/35
f 616/616/489 618/618/1271 617/617/1267
f 619/619/1272 613/613/1268 617/617/1270
f 618/618/1271 620/620/1273 617/617/1267
f 621/621/1274 617/617/1274 620/620/1274
f 619/619/1275 617/617/1275 621/621/1275
f 618/618/1271 622/622/1276 620/620/1273
f 621/621/1277 620/620/1277 622/622/1277
f 623/623/1278 622/622/1278 618/618/1278
f 624/624/1279 621/621/1279 622/622/1279
f 625/625/1280 622/622/1280 623/623/1280
f 608/608/35 626/626/35 616/616/489
f 627/627/1281 616/616/1281 626/626/1281
f 618/618/1282 616/616/1282 627/627/1282
f 628/628/1283 626/626/1283 608/608/1283
f 629/629/1284 626/626/1284 628/628/1284
f 627/627/1285 626/626/1285 629/629/1285
f 628/628/1286 608/608/1286 607/607/1286
f 628/628/1287 607/607/1287 605/605/1287
f 578/578/1288 605/605/1288 579/579/1288
f 630/630/1289 605/605/1289 578/578/1289
f 628/628/1290 605/605/1290 630/630/1290
f 580/580/1291 630/630/1291 578/578/1291
f 631/631/1292 630/630/1292 580/580/1292
f 632/632/1293 628/628/1293 630/630/1293
f 632/632/1294 630/630/1294 631/631/1294
f 633/633/1295 498/498/1295 502/502/1295
f 634/634/1296 493/493/1296 498/498/1296
f 633/633/1297 634/634/1297 498/498/1297
f 603/603/1298 493/493/1299 634/634/1300
f 635/635/1301 502/502/1301 604/604/1301
f 633/633/1302 502/502/1303 635/635/1304
f 629/629/1305 628/628/1305 632/632/1305
f 611/611/1306 635/635/1306 604/604/1306
f 611/611/1307 604/604/1307 606/606/1307
f 508/508/1308 277/277/1308 278/278/1308
f 636/636/1309 637/637/1309 611/611/1309
f 597/597/1310 506/506/1310 365/365/1310
f 638/638/1311 597/597/1311 365/365/1311
f 428/428/1312 597/597/1313 638/638/1314
f 507/507/1315 597/597/1315 428/428/1315
f 509/509/1316 638/638/1316 365/365/1316
f 429/429/1317 638/638/1318 509/509/1319
f 429/429/1320 428/428/1312 638/638/1314
f 510/510/1321 429/429/1317 509/509/1319
f 430/430/1322 429/429/1322 510/510/1322
f 513/513/1323 510/510/1323 372/372/1323
f 430/430/1067 510/510/1324 513/513/1068
f 371/371/1325 513/513/1325 372/372/1325
f 512/512/1326 513/513/1327 371/371/1328
f 286/286/1329 639/639/1330 512/512/1326
f 432/432/1331 512/512/1331 639/639/1331
f 371/371/1328 286/286/1329 512/512/1326
f 432/432/1332 431/431/1332 512/512/1332
f 286/286/1329 433/433/1333 639/639/1330
f 237/237/1334 432/432/1334 639/639/1334
f 433/433/1333 233/233/1335 639/639/1330
f 237/237/1336 639/639/1336 233/233/1336
f 514/514/1337 234/234/1338 233/233/1335
f 433/433/1333 514/514/1337 233/233/1335
f 514/514/1337 435/435/1339 234/234/1338
f 435/435/1339 235/235/492 234/234/1338
f 236/236/1340 235/235/1340 640/640/1340
f 435/435/1339 436/436/916 235/235/492
f 641/641/1341 640/640/1196 235/235/492
f 436/436/916 641/641/1341 235/235/492
f 642/642/1342 640/640/1343 641/641/1344
f 643/643/1345 236/236/1345 640/640/1345
f 643/643/1346 640/640/1343 642/642/1342
f 437/437/1347 644/644/1348 641/641/1341
f 642/642/1349 641/641/1350 644/644/1351
f 436/436/916 437/437/1347 641/641/1341
f 645/645/1352 642/642/1349 644/644/1351
f 645/645/1353 644/644/1354 646/646/1353
f 647/647/1355 644/644/1354 437/437/1356
f 646/646/1353 644/644/1354 647/647/1355
f 176/176/1357 647/647/1357 437/437/1357
f 283/283/1358 433/433/1358 286/286/1358
f 648/648/1359 438/438/1360 230/230/1361
f 236/236/1362 648/648/1359 230/230/1361
f 643/643/1363 235/235/1363 236/236/1363
f 177/177/1364 647/647/1364 176/176/1364
f 177/177/1365 646/646/1366 647/647/1367
f 300/300/1368 645/645/1368 646/646/1368
f 301/301/1369 646/646/1366 177/177/1365
f 300/300/1370 646/646/1370 301/301/1370
f 302/302/1371 642/642/1371 645/645/1371
f 302/302/1372 645/645/1372 300/300/1372
f 302/302/1373 643/643/1373 642/642/1373
f 648/648/1374 439/439/1374 438/438/1374
f 317/317/1375 440/440/1375 439/439/1375
f 317/317/1376 439/439/1376 648/648/1376
f 649/649/1377 440/440/1377 317/317/1377
f 309/309/1378 440/440/1378 649/649/1378
f 650/650/1379 651/651/1380 652/652/1381
f 653/653/1382 650/650/1379 652/652/1381
f 654/654/1383 652/652/1383 655/655/1383
f 653/653/1382 652/652/1381 654/654/1384
f 650/650/1379 656/656/1385 651/651/1380
f 652/652/1386 657/657/1386 655/655/1386
f 652/652/1387 651/651/1388 657/657/1389
f 658/658/1390 657/657/1389 651/651/1388
f 528/528/1391 651/651/1391 527/527/1391
f 656/656/1385 527/527/1392 651/651/1380
f 656/656/1385 526/526/1393 527/527/1392
f 659/659/1394 526/526/1394 656/656/1394
f 659/659/1395 530/530/1395 526/526/1395
f 660/660/1396 653/653/1396 654/654/1396
f 655/655/1397 661/661/1397 654/654/1397
f 660/660/1398 654/654/1398 661/661/1398
f 662/662/1399 517/517/1399 515/515/1399
f 662/662/1400 515/515/1401 441/441/1402
f 658/658/1403 651/651/1403 528/528/1403
f 658/658/1404 528/528/1405 663/663/1406
f 663/663/1407 528/528/1407 525/525/1407
f 664/664/1408 520/520/1409 516/516/1410
f 665/665/1411 518/518/1411 520/520/1411
f 665/665/1412 520/520/1412 664/664/1412
f 666/666/1413 516/516/1413 517/517/1413
f 664/664/1408 516/516/1410 666/666/1414
f 667/667/1415 666/666/1416 517/517/1417
f 667/667/1415 517/517/1417 662/662/1418
f 665/665/1419 666/666/1419 667/667/1419
f 665/665/1420 664/664/1420 666/666/1420
f 668/668/1421 665/665/1422 667/667/1423
f 524/524/1088 663/663/1424 525/525/1089
f 669/669/1425 319/319/1426 519/519/1427
f 670/670/1428 519/519/1428 518/518/1428
f 669/669/1429 519/519/1430 670/670/1431
f 669/669/1425 318/318/1432 319/319/1426
f 671/671/1433 518/518/1433 665/665/1433
f 671/671/1434 670/670/1434 518/518/1434
f 668/668/1421 672/672/1435 665/665/1422
f 671/671/1436 665/665/1436 672/672/1436
f 447/447/1437 673/673/1437 450/450/1437
f 449/449/1438 450/450/1438 673/673/1438
f 452/452/1439 673/673/1439 447/447/1439
f 674/674/1440 449/449/1440 673/673/1440
f 675/675/1441 674/674/1441 673/673/1441
f 676/676/1442 673/673/1442 452/452/1442
f 677/677/1443 673/673/1443 676/676/1443
f 675/675/1444 673/673/1444 677/677/1444
f 451/451/1445 452/452/1445 447/447/1445
f 531/531/1446 449/449/1446 674/674/1446
f 675/675/1447 531/531/1448 674/674/1449
f 678/678/1450 456/456/944 531/531/1451
f 679/679/1452 678/678/1450 531/531/1451
f 675/675/1447 679/679/1453 531/531/1448
f 458/458/942 456/456/944 678/678/1450
f 530/530/1454 680/680/1455 521/521/1456
f 681/681/1457 676/676/1457 452/452/1457
f 532/532/1458 681/681/1458 452/452/1458
f 682/682/1459 532/532/1459 533/533/1459
f 682/682/1460 683/683/1460 532/532/1460
f 684/684/1461 682/682/1462 533/533/1463
f 680/680/1464 533/533/1464 521/521/1464
f 684/684/1465 533/533/1465 680/680/1465
f 685/685/1466 534/534/1466 537/537/1466
f 686/686/1467 535/535/1467 534/534/1467
f 686/686/1468 534/534/1468 685/685/1468
f 687/687/1469 538/538/1469 535/535/1469
f 687/687/1470 535/535/1470 686/686/1470
f 688/688/1471 539/539/1471 538/538/1471
f 688/688/1472 538/538/1472 687/687/1472
f 689/689/1473 466/466/1124 539/539/1126
f 689/689/1474 539/539/1474 688/688/1474
f 690/690/1475 467/467/1475 466/466/1475
f 690/690/1476 466/466/1476 689/689/1476
f 468/468/1477 467/467/1477 690/690/1477
f 469/469/1478 468/468/1478 544/544/1478
f 691/691/1479 536/536/1117 540/540/1127
f 692/692/1480 540/540/1129 337/337/1128
f 692/692/1481 337/337/1482 335/335/1483
f 693/693/1484 540/540/1484 692/692/1484
f 694/694/1485 691/691/1479 540/540/1127
f 693/693/1486 694/694/1486 540/540/1486
f 693/693/1487 692/692/1487 695/695/1487
f 696/696/1488 692/692/1481 335/335/1483
f 696/696/1489 695/695/1489 692/692/1489
f 549/549/1490 696/696/1490 335/335/1490
f 697/697/1491 551/551/1152 552/552/1154
f 698/698/1492 553/553/1492 551/551/1492
f 697/697/1493 698/698/1493 551/551/1493
f 699/699/1494 555/555/1494 553/553/1494
f 699/699/1495 553/553/1495 698/698/1495
f 557/557/1496 555/555/1496 699/699/1496
f 563/563/1497 556/556/1497 417/417/1497
f 486/486/1498 565/565/1499 564/564/1500
f 485/485/1501 565/565/1499 486/486/1498
f 567/567/1502 565/565/1502 485/485/1502
f 567/567/1503 568/568/1503 565/565/1503
f 700/700/1504 419/419/1504 486/486/1504
f 701/701/1505 420/420/1506 419/419/1507
f 701/701/1505 419/419/1507 700/700/1508
f 489/489/1509 420/420/1509 701/701/1509
f 702/702/1510 566/566/1510 570/570/1510
f 585/585/1511 570/570/1511 573/573/1511
f 585/585/1512 702/702/1512 570/570/1512
f 703/703/1513 562/562/1187 566/566/1186
f 702/702/1514 703/703/1514 566/566/1514
f 704/704/1515 567/567/1515 576/576/1515
f 705/705/1516 576/576/1516 577/577/1516
f 705/705/1517 704/704/1517 576/576/1517
f 424/424/1518 602/602/1518 577/577/1518
f 706/706/1519 577/577/1519 602/602/1519
f 707/707/1520 577/577/1520 706/706/1520
f 707/707/1521 705/705/1521 577/577/1521
f 708/708/1522 491/491/1523 569/569/1524
f 709/709/1525 501/501/1035 491/491/1037
f 708/708/1522 709/709/1526 491/491/1523
f 580/580/1527 501/501/1527 709/709/1527
f 710/710/1528 592/592/1528 591/591/1528
f 711/711/1529 592/592/1529 710/710/1529
f 589/589/1530 592/592/1530 711/711/1530
f 591/591/1531 711/711/1531 710/710/1531
f 712/712/1532 706/706/1532 602/602/1532
f 713/713/1533 602/602/1533 603/603/1533
f 712/712/1534 602/602/1534 713/713/1534
f 712/712/1535 707/707/1535 706/706/1535
f 714/714/1536 713/713/1536 603/603/1536
f 504/504/1537 591/591/1225 358/358/1225
f 715/715/1538 634/634/1538 633/633/1538
f 714/714/1539 603/603/1298 634/634/1300
f 716/716/1540 629/629/1540 632/632/1540
f 717/717/1541 627/627/1541 629/629/1541
f 717/717/1542 629/629/1542 716/716/1542
f 718/718/1543 618/618/1543 627/627/1543
f 718/718/1544 627/627/1544 717/717/1544
f 623/623/1545 618/618/1545 718/718/1545
f 715/715/1546 633/633/1302 635/635/1304
f 719/719/1547 635/635/1548 611/611/1549
f 637/637/1550 719/719/1551 611/611/1552
f 715/715/1553 635/635/1548 719/719/1547
f 720/720/1554 719/719/1551 637/637/1550
f 721/721/1555 619/619/1556 621/621/1557
f 721/721/1555 621/621/1557 624/624/1558
f 636/636/1559 611/611/1559 610/610/1559
f 722/722/1560 636/636/1560 610/610/1560
f 723/723/1561 610/610/1561 614/614/1561
f 722/722/1562 610/610/1563 723/723/1564
f 724/724/1565 637/637/1566 636/636/1567
f 724/724/1565 636/636/1567 722/722/1568
f 619/619/1569 615/615/489 613/613/1570
f 725/725/1571 726/726/1571 619/619/1571
f 725/725/1572 619/619/1572 721/721/1572
f 727/727/1573 723/723/1573 614/614/1573
f 728/728/1574 614/614/35 615/615/489
f 728/728/1574 727/727/1575 614/614/35
f 729/729/1576 722/722/1562 723/723/1564
f 730/730/1577 722/722/1578 729/729/1579
f 730/730/1577 724/724/1580 722/722/1578
f 619/619/1569 728/728/1574 615/615/489
f 728/728/1574 731/731/1581 727/727/1575
f 732/732/1582 727/727/1582 731/731/1582
f 729/729/1583 723/723/1583 727/727/1583
f 732/732/1584 729/729/1584 727/727/1584
f 733/733/1585 734/734/1586 731/731/1581
f 728/728/1574 733/733/1585 731/731/1581
f 735/735/1587 736/736/1588 734/734/1586
f 733/733/1585 735/735/1587 734/734/1586
f 737/737/1589 738/738/1590 736/736/1588
f 739/739/1591 736/736/1591 738/738/1591
f 735/735/1587 737/737/1589 736/736/1588
f 737/737/1589 740/740/1592 738/738/1590
f 741/741/1593 739/739/1593 738/738/1593
f 740/740/1592 742/742/1594 738/738/1590
f 743/743/1595 738/738/1595 742/742/1595
f 743/743/1596 741/741/1596 738/738/1596
f 740/740/1592 744/744/1597 742/742/1594
f 744/744/1597 745/745/1598 742/742/1594
f 746/746/1599 747/747/1599 745/745/1599
f 748/748/1600 745/745/1600 747/747/1600
f 744/744/1597 746/746/1601 745/745/1598
f 749/749/1602 737/737/1602 735/735/1602
f 750/750/1603 735/735/1603 733/733/1603
f 751/751/1604 735/735/1604 750/750/1604
f 749/749/1605 735/735/1605 751/751/1605
f 752/752/1606 733/733/1606 728/728/1606
f 752/752/1607 728/728/1607 619/619/1607
f 752/752/1608 619/619/1608 726/726/1608
f 753/753/1609 752/752/1609 726/726/1609
f 754/754/1610 726/726/1610 725/725/1610
f 753/753/1611 726/726/1611 754/754/1611
f 755/755/1612 730/730/1613 729/729/1614
f 755/755/1615 729/729/1615 732/732/1615
f 756/756/1616 733/733/1616 752/752/1616
f 756/756/1617 752/752/1617 753/753/1617
f 757/757/1618 732/732/1618 731/731/1618
f 757/757/1619 758/758/1619 732/732/1619
f 750/750/1620 733/733/1621 756/756/1622
f 734/734/1623 757/757/1624 731/731/1625
f 759/759/1626 734/734/1626 736/736/1626
f 760/760/1627 736/736/1628 739/739/1629
f 760/760/1627 759/759/1630 736/736/1628
f 761/761/1631 739/739/1631 741/741/1631
f 761/761/1632 760/760/1632 739/739/1632
f 762/762/1633 741/741/1633 743/743/1633
f 762/762/1634 761/761/1634 741/741/1634
f 740/740/1635 737/737/1635 749/749/1635
f 763/763/1636 743/743/1637 742/742/1638
f 763/763/1636 762/762/1639 743/743/1637
f 764/764/1640 744/744/1641 740/740/1642
f 764/764/1640 740/740/1642 765/765/1643
f 766/766/1644 742/742/1644 745/745/1644
f 767/767/1645 763/763/1646 742/742/1647
f 766/766/1648 767/767/1645 742/742/1647
f 768/768/1649 745/745/1649 748/748/1649
f 768/768/1650 766/766/1650 745/745/1650
f 769/769/1651 746/746/1651 744/744/1651
f 747/747/1652 770/770/1652 748/748/1652
f 771/771/1653 748/748/1653 770/770/1653
f 771/771/1654 768/768/1654 748/748/1654
f 661/661/1655 771/771/1655 770/770/1655
f 643/643/1656 648/648/1656 235/235/1656
f 236/236/1657 235/235/1657 648/648/1657
f 312/312/1658 317/317/1659 648/648/1660
f 643/643/1661 312/312/1658 648/648/1660
f 660/660/1662 661/661/1662 770/770/1662
f 772/772/1663 770/770/1663 747/747/1663
f 772/772/1664 660/660/1664 770/770/1664
f 649/649/1665 317/317/1666 318/318/1667
f 302/302/1668 312/312/1668 643/643/1668
f 657/657/1669 661/661/1670 655/655/1671
f 773/773/1672 653/653/1672 660/660/1672
f 774/774/1673 660/660/1674 772/772/1675
f 773/773/1676 660/660/1674 774/774/1673
f 775/775/1677 773/773/1676 776/776/1678
f 774/774/1673 776/776/1678 773/773/1676
f 777/777/1679 776/776/1680 774/774/1681
f 778/778/1682 776/776/1682 777/777/1682
f 441/441/898 309/309/900 649/649/1683
f 662/662/1400 441/441/1402 649/649/1684
f 650/650/1685 653/653/1686 773/773/1687
f 779/779/1688 650/650/1685 773/773/1687
f 656/656/1689 650/650/1689 779/779/1689
f 656/656/1690 779/779/1691 780/780/1692
f 775/775/1693 781/781/1694 779/779/1688
f 782/782/1695 779/779/1695 781/781/1695
f 773/773/1687 775/775/1693 779/779/1688
f 780/780/1692 779/779/1691 782/782/1696
f 783/783/1697 667/667/1697 662/662/1697
f 784/784/1698 668/668/1699 667/667/1700
f 784/784/1698 667/667/1700 783/783/1701
f 783/783/1702 662/662/1702 785/785/1702
f 786/786/1703 524/524/1703 529/529/1703
f 787/787/1704 529/529/1095 458/458/1103
f 786/786/1705 529/529/1095 787/787/1704
f 656/656/1690 780/780/1692 659/659/1706
f 530/530/1707 659/659/1707 780/780/1707
f 530/530/1708 780/780/1708 788/788/1708
f 782/782/1696 789/789/1709 788/788/1710
f 790/790/1711 788/788/1711 789/789/1711
f 780/780/1692 782/782/1696 788/788/1710
f 791/791/1712 788/788/1713 790/790/1714
f 792/792/1715 790/790/1715 789/789/1715
f 782/782/1716 792/792/1716 789/789/1716
f 793/793/1717 318/318/1717 669/669/1717
f 794/794/1718 793/793/1718 669/669/1718
f 795/795/1719 796/796/1720 672/672/1435
f 797/797/1721 672/672/1721 796/796/1721
f 668/668/1421 795/795/1719 672/672/1435
f 797/797/1722 671/671/1722 672/672/1722
f 795/795/1719 447/447/1723 796/796/1720
f 796/796/1724 451/451/1724 447/447/1724
f 796/796/1725 447/447/1723 798/798/1726
f 795/795/1719 798/798/1726 447/447/1723
f 677/677/112 676/676/1727 798/798/1726
f 796/796/1725 798/798/1726 676/676/1727
f 799/799/1728 677/677/112 798/798/1726
f 800/800/1729 796/796/1730 676/676/1731
f 681/681/1732 800/800/1729 676/676/1731
f 675/675/1733 677/677/1733 799/799/1733
f 801/801/1734 799/799/1734 798/798/1734
f 675/675/1735 799/799/1735 679/679/1735
f 679/679/1736 799/799/1736 801/801/1736
f 802/802/1737 798/798/1738 795/795/1739
f 801/801/1740 798/798/1740 802/802/1740
f 803/803/1741 795/795/1741 668/668/1741
f 803/803/1742 668/668/1742 784/784/1742
f 802/802/1737 795/795/1739 803/803/1743
f 787/787/1744 458/458/1744 678/678/1744
f 530/530/1454 791/791/1712 680/680/1455
f 684/684/1745 680/680/1745 791/791/1745
f 530/530/1454 788/788/1713 791/791/1712
f 684/684/1746 791/791/1746 804/804/1746
f 791/791/1712 790/790/1714 804/804/1747
f 805/805/1748 682/682/1462 804/804/1749
f 806/806/1750 790/790/1750 792/792/1750
f 804/804/1751 790/790/1751 806/806/1751
f 794/794/1752 669/669/1429 670/670/1431
f 807/807/1753 670/670/1753 671/671/1753
f 807/807/1754 794/794/1754 670/670/1754
f 808/808/1755 671/671/1756 797/797/1757
f 808/808/1755 807/807/1758 671/671/1756
f 809/809/1759 808/808/1759 797/797/1759
f 809/809/1760 797/797/1760 796/796/1760
f 800/800/1761 809/809/1761 796/796/1761
f 683/683/1762 810/810/1762 532/532/1762
f 681/681/1763 532/532/1763 810/810/1763
f 811/811/1764 810/810/1764 683/683/1764
f 812/812/1765 681/681/1765 810/810/1765
f 811/811/1766 683/683/1766 682/682/1766
f 684/684/1461 804/804/1749 682/682/1462
f 805/805/1748 811/811/1767 682/682/1462
f 691/691/1768 537/537/1768 536/536/1768
f 813/813/1769 537/537/1769 691/691/1769
f 685/685/1770 537/537/1770 813/813/1770
f 814/814/1771 686/686/1771 685/685/1771
f 687/687/1772 686/686/1772 814/814/1772
f 468/468/1773 690/690/1773 544/544/1773
f 815/815/1774 544/544/1774 690/690/1774
f 815/815/1775 543/543/1776 544/544/1777
f 816/816/1778 695/695/1778 696/696/1778
f 817/817/1779 696/696/1779 549/549/1779
f 817/817/1780 816/816/1780 696/696/1780
f 548/548/1781 541/541/1781 546/546/1781
f 818/818/1782 548/548/1782 546/546/1782
f 819/819/1783 818/818/1783 546/546/1783
f 819/819/1784 546/546/1784 547/547/1784
f 820/820/1785 552/552/1785 548/548/1785
f 818/818/1786 820/820/1786 548/548/1786
f 821/821/1787 698/698/1787 552/552/1787
f 697/697/1788 552/552/1788 698/698/1788
f 822/822/1789 821/821/1789 552/552/1789
f 822/822/1790 552/552/1790 820/820/1790
f 823/823/1791 550/550/1150 474/474/1149
f 823/823/1792 474/474/1158 554/554/1157
f 824/824/1793 698/698/1794 821/821/1795
f 825/825/1796 699/699/1796 698/698/1796
f 824/824/1793 825/825/1797 698/698/1794
f 824/824/1798 821/821/1798 822/822/1798
f 826/826/1799 823/823/1799 554/554/1799
f 827/827/1800 554/554/1800 556/556/1800
f 827/827/1801 826/826/1801 554/554/1801
f 563/563/1802 827/827/1802 556/556/1802
f 828/828/1803 559/559/1803 557/557/1803
f 699/699/1804 828/828/1804 557/557/1804
f 829/829/1805 560/560/1805 559/559/1805
f 829/829/1806 559/559/1806 828/828/1806
f 830/830/1807 831/831/1807 832/832/1807
f 833/833/1808 832/832/1808 831/831/1808
f 834/834/1809 830/830/1809 832/832/1809
f 835/835/1810 832/832/1810 833/833/1810
f 836/836/1811 832/832/1811 835/835/1811
f 834/834/1812 832/832/1812 836/836/1812
f 837/837/1813 831/831/1814 830/830/1815
f 838/838/1816 833/833/1196 831/831/1814
f 837/837/1813 838/838/1816 831/831/1814
f 837/837/1817 830/830/1817 834/834/1817
f 838/838/1816 835/835/1196 833/833/1196
f 839/839/1818 561/561/1818 560/560/1818
f 839/839/1819 560/560/1819 829/829/1819
f 840/840/1820 564/564/1820 561/561/1820
f 840/840/1821 561/561/1821 839/839/1821
f 563/563/1822 562/562/1822 841/841/1822
f 703/703/1823 841/841/1823 562/562/1823
f 842/842/1196 843/843/492 835/835/1196
f 844/844/1824 835/835/1824 843/843/1824
f 838/838/1816 842/842/1196 835/835/1196
f 836/836/1825 835/835/1825 844/844/1825
f 842/842/1196 825/825/492 843/843/492
f 845/845/1826 843/843/1826 822/822/1826
f 825/825/1827 822/822/1827 843/843/1827
f 844/844/1828 843/843/1828 845/845/1828
f 846/846/1829 847/847/492 825/825/492
f 828/828/1830 825/825/1830 847/847/1830
f 842/842/1196 846/846/1829 825/825/492
f 848/848/1831 849/849/1832 847/847/492
f 828/828/1833 847/847/1833 849/849/1833
f 846/846/1829 848/848/1831 847/847/492
f 829/829/1834 828/828/1834 849/849/1834
f 839/839/1835 829/829/1835 849/849/1835
f 850/850/1836 851/851/1837 849/849/1838
f 839/839/1839 849/849/1839 851/851/1839
f 848/848/1831 850/850/1840 849/849/1832
f 850/850/1836 852/852/1841 851/851/1837
f 853/853/1842 851/851/1842 852/852/1842
f 840/840/1843 839/839/1843 851/851/1843
f 853/853/1844 840/840/1844 851/851/1844
f 854/854/1845 852/852/1845 850/850/1845
f 855/855/1846 852/852/1846 854/854/1846
f 856/856/1847 848/848/1847 857/857/1847
f 850/850/1848 848/848/1848 856/856/1848
f 857/857/1849 848/848/1849 846/846/1849
f 857/857/1850 846/846/1850 858/858/1850
f 858/858/1851 846/846/1851 842/842/1851
f 601/601/1852 842/842/1852 838/838/1852
f 574/574/1853 842/842/1853 601/601/1853
f 858/858/1854 842/842/1854 574/574/1854
f 601/601/1855 838/838/1855 837/837/1855
f 859/859/1856 860/860/1857 837/837/1858
f 600/600/1859 837/837/1858 860/860/1857
f 861/861/1860 859/859/1860 837/837/1860
f 601/601/1861 837/837/1861 600/600/1861
f 486/486/1862 564/564/1863 840/840/1864
f 569/569/1193 489/489/1015 701/701/1865
f 853/853/1866 701/701/1505 700/700/1508
f 853/853/1867 700/700/1867 486/486/1867
f 853/853/1868 852/852/1868 701/701/1868
f 862/862/1869 701/701/1869 852/852/1869
f 862/862/1870 569/569/1870 701/701/1870
f 863/863/1871 702/702/1871 585/585/1871
f 864/864/1872 589/589/1872 711/711/1872
f 504/504/1873 865/865/1873 711/711/1873
f 866/866/1874 711/711/1874 865/865/1874
f 591/591/1875 504/504/1875 711/711/1875
f 866/866/1876 864/864/1876 711/711/1876
f 867/867/1877 589/589/1877 864/864/1877
f 865/865/1878 860/860/1878 868/868/1878
f 859/859/1879 868/868/1879 860/860/1879
f 866/866/1880 865/865/1880 868/868/1880
f 861/861/1881 868/868/1881 859/859/1881
f 869/869/1882 868/868/1882 861/861/1882
f 866/866/1883 868/868/1884 869/869/1885
f 599/599/1886 860/860/1886 865/865/1886
f 598/598/1887 600/600/1887 860/860/1887
f 598/598/1888 860/860/1888 599/599/1888
f 599/599/1889 865/865/1889 504/504/1889
f 858/858/1890 574/574/1890 425/425/1890
f 857/857/1891 425/425/1891 495/495/1891
f 857/857/1892 858/858/1892 425/425/1892
f 856/856/1893 495/495/1025 496/496/1024
f 856/856/1893 857/857/1894 495/495/1025
f 870/870/1895 496/496/1895 568/568/1895
f 870/870/1896 856/856/1896 496/496/1896
f 854/854/1897 568/568/1897 567/567/1897
f 854/854/1898 870/870/1898 568/568/1898
f 855/855/1899 567/567/1899 704/704/1899
f 855/855/1900 854/854/1900 567/567/1900
f 871/871/1901 704/704/1901 705/705/1901
f 871/871/1902 855/855/1902 704/704/1902
f 705/705/1903 707/707/1903 712/712/1903
f 872/872/1904 585/585/1904 584/584/1904
f 873/873/1905 584/584/1905 587/587/1905
f 873/873/1906 872/872/1906 584/584/1906
f 863/863/1907 585/585/1907 872/872/1907
f 867/867/1908 587/587/1908 589/589/1908
f 873/873/1909 587/587/1909 867/867/1909
f 874/874/1910 873/873/1910 867/867/1910
f 714/714/1911 712/712/1911 713/713/1911
f 875/875/1912 580/580/1912 709/709/1912
f 631/631/1913 580/580/1913 875/875/1913
f 876/876/1914 632/632/1914 631/631/1914
f 877/877/1915 634/634/1915 715/715/1915
f 716/716/1916 632/632/1916 876/876/1916
f 878/878/1917 717/717/1917 716/716/1917
f 879/879/1918 718/718/1918 717/717/1918
f 879/879/1919 717/717/1919 878/878/1919
f 880/880/1920 881/881/1920 718/718/1920
f 623/623/1921 718/718/1921 881/881/1921
f 880/880/1922 718/718/1922 879/879/1922
f 625/625/1923 623/623/1923 881/881/1923
f 882/882/1924 881/881/1924 880/880/1924
f 882/882/1925 625/625/1926 881/881/1927
f 882/882/1925 883/883/1928 625/625/1926
f 883/883/1929 622/622/1929 625/625/1929
f 624/624/1930 622/622/1930 883/883/1930
f 882/882/1925 884/884/1931 883/883/1928
f 885/885/1932 886/886/1933 884/884/1931
f 882/882/1925 885/885/1932 884/884/1931
f 885/885/1932 887/887/1934 886/886/1933
f 884/884/1935 886/886/1935 888/888/1935
f 889/889/1936 888/888/1936 886/886/1936
f 890/890/1937 889/889/1937 886/886/1937
f 891/891/1938 892/892/1939 886/886/1933
f 887/887/1934 891/891/1938 886/886/1933
f 892/892/1940 890/890/1940 886/886/1940
f 893/893/1941 894/894/1941 891/891/1941
f 892/892/1942 891/891/1942 894/894/1942
f 895/895/1943 891/891/1943 887/887/1943
f 893/893/1944 891/891/1944 895/895/1944
f 895/895/1945 887/887/1946 896/896/1947
f 896/896/1947 887/887/1946 885/885/1948
f 880/880/1949 885/885/1949 882/882/1949
f 880/880/1950 879/879/1950 885/885/1950
f 896/896/1951 885/885/1951 879/879/1951
f 883/883/1952 721/721/1952 624/624/1952
f 897/897/1953 721/721/1953 883/883/1953
f 754/754/1954 721/721/1954 897/897/1954
f 754/754/1955 725/725/1955 721/721/1955
f 898/898/1956 754/754/1956 897/897/1956
f 899/899/1957 637/637/1957 724/724/1957
f 900/900/1958 899/899/1958 724/724/1958
f 900/900/1959 724/724/1580 730/730/1577
f 898/898/1960 753/753/1961 754/754/1962
f 898/898/1960 901/901/1963 753/753/1961
f 902/902/1964 756/756/1964 753/753/1964
f 902/902/1965 753/753/1965 901/901/1965
f 758/758/1966 755/755/1966 732/732/1966
f 757/757/1967 755/755/1967 758/758/1967
f 902/902/1968 750/750/1620 756/756/1622
f 903/903/1969 757/757/1624 734/734/1623
f 759/759/1970 903/903/1970 734/734/1970
f 750/750/1971 904/904/1972 751/751/1973
f 905/905/1974 751/751/1975 904/904/1976
f 750/750/1971 906/906/1977 904/904/1972
f 907/907/1978 905/905/1974 904/904/1976
f 908/908/1979 909/909/1979 904/904/1972
f 910/910/1980 904/904/1980 909/909/1980
f 906/906/1977 908/908/1979 904/904/1972
f 910/910/1981 907/907/1981 904/904/1981
f 911/911/1982 909/909/1982 908/908/1982
f 912/912/1983 909/909/1983 911/911/1983
f 910/910/1984 909/909/1984 912/912/1984
f 913/913/1985 911/911/1985 908/908/1985
f 913/913/1986 908/908/1987 914/914/1988
f 915/915/1989 908/908/1987 906/906/1990
f 914/914/1988 908/908/1987 915/915/1989
f 902/902/1968 906/906/1990 750/750/1620
f 915/915/1989 906/906/1990 902/902/1968
f 916/916/1991 749/749/1992 751/751/1993
f 916/916/1991 751/751/1993 905/905/1994
f 917/917/1995 749/749/1995 916/916/1995
f 765/765/1996 760/760/1997 761/761/1998
f 918/918/1999 759/759/1999 760/760/1999
f 765/765/1996 918/918/2000 760/760/1997
f 917/917/2001 740/740/2001 749/749/2001
f 919/919/2002 762/762/2002 763/763/2002
f 761/761/2003 762/762/2003 919/919/2003
f 765/765/2004 740/740/2004 917/917/2004
f 919/919/2005 763/763/2005 767/767/2005
f 769/769/2006 767/767/2007 766/766/2008
f 764/764/2009 765/765/1996 767/767/2010
f 919/919/2011 767/767/2010 765/765/1996
f 769/769/2012 764/764/2009 767/767/2010
f 920/920/2013 766/766/2013 768/768/2013
f 920/920/2014 769/769/2006 766/766/2008
f 921/921/2015 768/768/2015 771/771/2015
f 922/922/2016 768/768/2016 921/921/2016
f 922/922/2017 920/920/2017 768/768/2017
f 744/744/2018 764/764/2018 769/769/2018
f 922/922/2019 921/921/2019 771/771/2019
f 923/923/2020 771/771/2020 661/661/2020
f 923/923/2021 922/922/2021 771/771/2021
f 746/746/2022 769/769/2022 924/924/2022
f 657/657/1669 923/923/2023 661/661/1670
f 925/925/2024 923/923/2023 657/657/1669
f 747/747/2025 746/746/2025 924/924/2025
f 777/777/2026 747/747/2027 924/924/2028
f 772/772/2029 747/747/2029 777/777/2029
f 926/926/2030 657/657/1389 658/658/1390
f 927/927/2031 926/926/2030 658/658/1390
f 927/927/2032 663/663/2032 928/928/2032
f 927/927/2033 658/658/1404 663/663/1406
f 929/929/2034 927/927/2034 928/928/2034
f 782/782/2035 929/929/2035 792/792/2035
f 806/806/2036 929/929/2036 928/928/2036
f 806/806/2037 792/792/2037 929/929/2037
f 806/806/2038 928/928/2038 930/930/2038
f 930/930/2039 928/928/2039 663/663/2039
f 930/930/2040 663/663/1424 524/524/1088
f 793/793/2041 785/785/2042 649/649/1665
f 318/318/1667 793/793/2041 649/649/1665
f 793/793/2041 931/931/2043 785/785/2042
f 783/783/2044 785/785/2044 931/931/2044
f 662/662/2045 649/649/2045 785/785/2045
f 807/807/2046 931/931/2046 793/793/2046
f 808/808/2047 931/931/2047 807/807/2047
f 807/807/2048 793/793/2048 794/794/2048
f 930/930/2049 524/524/2050 786/786/2051
f 932/932/2052 784/784/2052 783/783/2052
f 931/931/2053 933/933/2053 783/783/2053
f 932/932/2054 783/783/2054 933/933/2054
f 803/803/2055 784/784/2055 932/932/2055
f 934/934/2056 802/802/2056 803/803/2056
f 935/935/2057 801/801/2057 802/802/2057
f 935/935/2058 802/802/2058 934/934/2058
f 936/936/2059 679/679/2059 801/801/2059
f 936/936/2060 801/801/2060 935/935/2060
f 937/937/2061 678/678/1450 679/679/1452
f 937/937/2061 679/679/1452 936/936/2062
f 787/787/2063 678/678/2063 937/937/2063
f 938/938/2064 808/808/2064 809/809/2064
f 938/938/2065 809/809/2065 800/800/2065
f 812/812/2066 800/800/2066 681/681/2066
f 812/812/2067 938/938/2067 800/800/2067
f 939/939/2068 685/685/2068 813/813/2068
f 940/940/2069 691/691/2069 694/694/2069
f 941/941/2070 691/691/2070 940/940/2070
f 939/939/2071 814/814/2071 685/685/2071
f 942/942/2072 687/687/2072 814/814/2072
f 942/942/2073 814/814/2073 939/939/2073
f 943/943/2074 688/688/2074 687/687/2074
f 943/943/2075 687/687/2075 942/942/2075
f 944/944/2076 689/689/2076 688/688/2076
f 944/944/2077 688/688/2077 943/943/2077
f 945/945/2078 690/690/2078 689/689/2078
f 945/945/2079 689/689/2079 944/944/2079
f 945/945/2080 815/815/2080 690/690/2080
f 693/693/2081 940/940/2081 694/694/2081
f 816/816/2082 940/940/2083 693/693/2084
f 946/946/2085 940/940/2083 816/816/2082
f 947/947/2086 940/940/2086 946/946/2086
f 947/947/2087 941/941/2087 940/940/2087
f 816/816/2088 693/693/2088 695/695/2088
f 815/815/1775 948/948/2089 543/543/1776
f 545/545/2090 543/543/2090 948/948/2090
f 949/949/2091 948/948/2089 815/815/1775
f 950/950/2092 547/547/2092 948/948/2092
f 545/545/2093 948/948/2093 547/547/2093
f 949/949/2094 950/950/2094 948/948/2094
f 949/949/2095 815/815/2095 945/945/2095
f 951/951/492 946/946/2085 816/816/2082
f 817/817/2096 951/951/492 816/816/2082
f 951/951/492 952/952/1196 946/946/2085
f 953/953/2097 946/946/2097 952/952/2097
f 953/953/2098 947/947/2098 946/946/2098
f 951/951/492 954/954/1196 952/952/1196
f 955/955/2099 952/952/2099 954/954/2099
f 955/955/2100 953/953/2100 952/952/2100
f 956/956/2101 954/954/2101 951/951/2101
f 955/955/2102 954/954/2102 956/956/2102
f 956/956/2103 951/951/2103 817/817/2103
f 957/957/2104 817/817/2104 549/549/2104
f 956/956/2105 817/817/2105 957/957/2105
f 818/818/2106 819/819/2106 820/820/2106
f 958/958/2107 820/820/2108 819/819/2109
f 550/550/2110 957/957/2110 549/549/2110
f 959/959/2111 957/957/2111 550/550/2111
f 960/960/2112 956/956/2112 957/957/2112
f 960/960/2113 957/957/2113 959/959/2113
f 823/823/2114 959/959/2114 550/550/2114
f 961/961/2115 956/956/2115 960/960/2115
f 962/962/2116 955/955/2116 956/956/2116
f 961/961/2117 962/962/2117 956/956/2117
f 845/845/2118 822/822/2118 820/820/2118
f 963/963/2119 845/845/2120 820/820/2121
f 963/963/2119 820/820/2121 958/958/2122
f 826/826/2123 959/959/2123 823/823/2123
f 964/964/2124 960/960/2124 959/959/2124
f 964/964/2125 959/959/2125 826/826/2125
f 965/965/2126 960/960/2126 964/964/2126
f 965/965/2127 961/961/2127 960/960/2127
f 824/824/2128 822/822/2128 825/825/2128
f 844/844/2129 845/845/2130 963/963/2131
f 827/827/2132 964/964/2133 826/826/1196
f 827/827/2132 966/966/2134 964/964/2133
f 967/967/2135 964/964/2135 966/966/2135
f 965/965/2136 964/964/2136 967/967/2136
f 699/699/2137 825/825/2137 828/828/2137
f 827/827/2132 968/968/2138 966/966/2134
f 969/969/2139 966/966/2139 968/968/2139
f 969/969/2140 967/967/2140 966/966/2140
f 970/970/2141 969/969/2141 968/968/2141
f 827/827/2132 971/971/2142 968/968/2138
f 972/972/2143 968/968/2143 971/971/2143
f 972/972/2144 970/970/2144 968/968/2144
f 841/841/2145 971/971/2145 827/827/2145
f 703/703/2146 971/971/2146 841/841/2146
f 702/702/2147 971/971/2147 703/703/2147
f 702/702/2148 972/972/2148 971/971/2148
f 841/841/2149 827/827/2149 563/563/2149
f 973/973/2150 834/834/2150 836/836/2150
f 837/837/2151 834/834/2151 974/974/2151
f 973/973/2152 974/974/2152 834/834/2152
f 975/975/2153 869/869/2153 861/861/2153
f 837/837/2154 974/974/2154 861/861/2154
f 975/975/2155 861/861/2155 974/974/2155
f 976/976/2156 866/866/1883 869/869/1885
f 973/973/2157 975/975/2157 974/974/2157
f 853/853/2158 486/486/1862 840/840/1864
f 977/977/2159 702/702/2159 863/863/2159
f 872/872/2160 977/977/2160 863/863/2160
f 978/978/2161 867/867/2161 864/864/2161
f 976/976/2162 864/864/2162 866/866/2162
f 978/978/2163 864/864/2163 976/976/2163
f 978/978/2164 874/874/2164 867/867/2164
f 850/850/2165 856/856/2165 870/870/2165
f 854/854/2166 850/850/2166 870/870/2166
f 979/979/2167 709/709/2167 708/708/2167
f 873/873/2168 874/874/2168 980/980/2168
f 980/980/2169 874/874/2169 981/981/2169
f 978/978/2170 981/981/2170 874/874/2170
f 871/871/2171 705/705/2171 712/712/2171
f 982/982/2172 871/871/2173 712/712/2174
f 983/983/2175 982/982/2175 712/712/2175
f 983/983/2176 712/712/2176 714/714/2176
f 984/984/2177 855/855/2177 871/871/2177
f 982/982/2172 984/984/2178 871/871/2173
f 875/875/2179 709/709/2179 979/979/2179
f 985/985/2180 631/631/2181 875/875/2182
f 876/876/2183 631/631/2183 985/985/2183
f 877/877/2184 714/714/2184 634/634/2184
f 986/986/2185 716/716/2185 876/876/2185
f 878/878/2186 716/716/2186 986/986/2186
f 896/896/2187 879/879/2187 878/878/2187
f 637/637/2188 899/899/2189 720/720/2190
f 987/987/2191 719/719/2191 720/720/2191
f 988/988/2192 720/720/2190 899/899/2189
f 884/884/2193 888/888/2194 897/897/2195
f 989/989/2196 897/897/2196 888/888/2196
f 883/883/2197 884/884/2193 897/897/2195
f 898/898/2198 897/897/2198 989/989/2198
f 990/990/2199 989/989/2199 888/888/2199
f 990/990/2200 888/888/2200 889/889/2200
f 991/991/2201 901/901/2201 992/992/2201
f 898/898/2202 992/992/2202 901/901/2202
f 902/902/2203 901/901/2203 991/991/2203
f 991/991/2204 992/992/2204 993/993/2204
f 994/994/2205 993/993/2205 992/992/2205
f 994/994/2206 992/992/2206 995/995/2206
f 898/898/2207 989/989/2207 992/992/2207
f 995/995/2208 992/992/2208 989/989/2208
f 990/990/2209 995/995/2209 989/989/2209
f 996/996/2210 730/730/1613 755/755/1612
f 997/997/2211 755/755/2211 757/757/2211
f 997/997/2212 996/996/2212 755/755/2212
f 915/915/2213 991/991/2213 993/993/2214
f 998/998/2215 915/915/2215 993/993/2215
f 998/998/2216 993/993/2216 994/994/2216
f 915/915/2213 902/902/2217 991/991/2213
f 914/914/2218 915/915/2218 998/998/2218
f 903/903/1969 997/997/2219 757/757/1624
f 999/999/2220 759/759/2221 918/918/2222
f 1000/1000/2223 759/759/2223 999/999/2223
f 1000/1000/2224 1001/1001/2224 759/759/2224
f 916/916/2225 905/905/2225 999/999/2225
f 907/907/2226 999/999/2226 905/905/2226
f 916/916/2227 999/999/2220 918/918/2222
f 917/917/2228 916/916/2228 918/918/2228
f 917/917/2229 918/918/2229 765/765/2229
f 907/907/2230 1000/1000/2230 999/999/2230
f 761/761/1998 919/919/2011 765/765/1996
f 920/920/2231 924/924/2231 769/769/2231
f 922/922/2232 924/924/2232 920/920/2232
f 1002/1002/2233 924/924/2233 922/922/2233
f 777/777/2026 924/924/2028 1002/1002/2234
f 1003/1003/2235 922/922/2235 923/923/2235
f 1002/1002/2236 922/922/2236 1003/1003/2236
f 1003/1003/2237 923/923/2237 1004/1004/2237
f 1005/1005/2238 923/923/2238 925/925/2238
f 1005/1005/2239 1004/1004/2240 923/923/2241
f 774/774/1681 772/772/2242 777/777/1679
f 926/926/2243 925/925/2243 657/657/2243
f 1006/1006/2244 925/925/2244 926/926/2244
f 1006/1006/2245 1005/1005/2245 925/925/2245
f 786/786/2051 1007/1007/2246 930/930/2049
f 806/806/2247 930/930/2247 1007/1007/2247
f 1007/1007/2248 786/786/1705 787/787/1704
f 932/932/2249 933/933/2250 931/931/2251
f 808/808/2252 932/932/2249 931/931/2251
f 938/938/2253 934/934/2254 932/932/2249
f 803/803/2255 932/932/2255 934/934/2255
f 808/808/2252 938/938/2253 932/932/2249
f 938/938/2253 935/935/2256 934/934/2254
f 812/812/2257 935/935/2256 938/938/2253
f 1007/1007/2248 787/787/1704 937/937/2258
f 813/813/2259 691/691/2259 1008/1008/2259
f 1009/1009/2260 1008/1008/2260 691/691/2260
f 1010/1010/2261 813/813/2261 1008/1008/2261
f 1011/1011/2262 1010/1010/2262 1008/1008/2262
f 1009/1009/2263 1011/1011/2263 1008/1008/2263
f 941/941/2264 1009/1009/2264 691/691/2264
f 939/939/2265 813/813/2265 1010/1010/2265
f 1012/1012/2266 939/939/2266 1010/1010/2266
f 1011/1011/1196 1012/1012/1196 1010/1010/1196
f 1012/1012/2267 1013/1013/2267 939/939/2267
f 1012/1012/2268 1014/1014/2268 1013/1013/2268
f 1015/1015/2269 1013/1013/2269 1014/1014/2269
f 942/942/2270 939/939/2270 1013/1013/2270
f 1016/1016/2271 942/942/2271 1013/1013/2271
f 1015/1015/2272 1016/1016/2272 1013/1013/2272
f 1015/1015/2273 1014/1014/2273 1012/1012/2273
f 1017/1017/2274 1012/1012/2274 1011/1011/2274
f 1017/1017/2275 1015/1015/2275 1012/1012/2275
f 1018/1018/2276 1011/1011/2276 1009/1009/2276
f 1017/1017/2277 1011/1011/2277 1018/1018/2277
f 1019/1019/2278 943/943/2278 942/942/2278
f 1016/1016/2279 1020/1020/2279 942/942/2279
f 1019/1019/2280 942/942/2280 1020/1020/2280
f 1019/1019/2281 944/944/2281 943/943/2281
f 1019/1019/2282 1021/1021/2282 944/944/2282
f 1022/1022/2283 945/945/2283 944/944/2283
f 949/949/2284 945/945/2284 1022/1022/2284
f 1022/1022/2285 944/944/2285 1021/1021/2285
f 1023/1023/2286 1009/1009/2286 941/941/2286
f 1024/1024/2287 1009/1009/2287 1023/1023/2287
f 1025/1025/2288 1018/1018/2288 1009/1009/2288
f 1024/1024/2289 1025/1025/2289 1009/1009/2289
f 947/947/2290 1023/1023/2290 941/941/2290
f 1024/1024/2291 1023/1023/2291 947/947/2291
f 1026/1026/2292 947/947/2292 953/953/2292
f 1027/1027/2293 1024/1024/2293 947/947/2293
f 1026/1026/2294 1027/1027/2294 947/947/2294
f 1028/1028/2295 547/547/2296 950/950/2297
f 1028/1028/2295 819/819/2298 547/547/2296
f 1026/1026/2299 953/953/2299 955/955/2299
f 958/958/2107 819/819/2109 1028/1028/2300
f 1026/1026/2301 955/955/2302 962/962/2303
f 1029/1029/2304 962/962/2305 961/961/2306
f 1030/1030/2307 961/961/2307 965/965/2307
f 1030/1030/2308 1029/1029/2309 961/961/2310
f 1031/1031/2311 844/844/2129 963/963/2131
f 969/969/2312 965/965/2312 967/967/2312
f 1032/1032/2313 965/965/2313 969/969/2313
f 1033/1033/2314 1030/1030/2314 965/965/2314
f 1033/1033/2315 965/965/2315 1032/1032/2315
f 1034/1034/2316 836/836/2317 844/844/2318
f 1034/1034/2316 844/844/2318 1031/1031/2319
f 1035/1035/2320 969/969/2320 970/970/2320
f 1036/1036/2321 1032/1032/2321 969/969/2321
f 1035/1035/2322 1036/1036/2323 969/969/2324
f 973/973/2325 836/836/2325 1034/1034/2325
f 972/972/1196 1037/1037/1196 970/970/1196
f 1038/1038/2326 970/970/2326 1037/1037/2326
f 1035/1035/2327 970/970/2327 1038/1038/2327
f 972/972/1196 1039/1039/1196 1037/1037/1196
f 1040/1040/2328 1037/1037/2328 1039/1039/2328
f 1041/1041/2329 1037/1037/2329 1040/1040/2329
f 1042/1042/2330 1037/1037/2330 1041/1041/2330
f 1042/1042/2331 1038/1038/2331 1037/1037/2331
f 702/702/2332 1039/1039/2333 972/972/2334
f 977/977/2335 1040/1040/2335 1039/1039/2335
f 977/977/2336 1039/1039/2333 702/702/2332
f 1043/1043/2337 1041/1041/2337 1040/1040/2337
f 977/977/1196 1043/1043/1196 1040/1040/1196
f 1044/1044/2338 1041/1041/2338 1043/1043/2338
f 1045/1045/2339 1041/1041/2339 1044/1044/2339
f 1045/1045/2340 1042/1042/2340 1041/1041/2340
f 1046/1046/2341 1044/1044/2341 1043/1043/2342
f 980/980/2343 1046/1046/2343 1043/1043/2343
f 980/980/2344 1043/1043/2344 977/977/2344
f 1046/1046/2341 1047/1047/2345 1044/1044/2341
f 1048/1048/2346 1044/1044/2346 1047/1047/2346
f 1048/1048/2347 1045/1045/2347 1044/1044/2347
f 1048/1048/2348 1047/1047/2348 1046/1046/2348
f 1049/1049/2349 1046/1046/2349 981/981/2349
f 1049/1049/2350 1048/1048/2350 1046/1046/2350
f 980/980/2351 981/981/2351 1046/1046/2351
f 978/978/2352 1049/1049/2352 981/981/2352
f 984/984/2353 852/852/2353 855/855/2353
f 872/872/2354 980/980/2354 977/977/2354
f 873/873/2355 980/980/2355 872/872/2355
f 1050/1050/2356 569/569/2356 862/862/2356
f 708/708/2357 569/569/2357 1050/1050/2357
f 979/979/2358 708/708/2358 1051/1051/2358
f 1052/1052/2359 984/984/2359 982/982/2359
f 983/983/2360 1052/1052/2360 982/982/2360
f 1053/1053/2361 875/875/2361 979/979/2361
f 1054/1054/2362 985/985/2180 875/875/2182
f 1054/1054/2363 875/875/2363 1053/1053/2363
f 1055/1055/2364 714/714/2364 877/877/2364
f 1055/1055/2365 983/983/2365 714/714/2365
f 1056/1056/2366 1055/1055/2366 877/877/2366
f 1057/1057/2367 986/986/2367 876/876/2367
f 1057/1057/2368 876/876/2369 985/985/2370
f 1058/1058/2371 878/878/2371 986/986/2371
f 1058/1058/2372 986/986/2372 1057/1057/2372
f 896/896/2373 878/878/2374 1058/1058/2375
f 1056/1056/2376 877/877/2376 715/715/2376
f 1056/1056/2377 715/715/1553 719/719/1547
f 1059/1059/2378 1056/1056/2377 719/719/1547
f 987/987/2379 1059/1059/2379 719/719/2379
f 1059/1059/2380 1060/1060/2380 1056/1056/2380
f 1061/1061/2381 1059/1059/2381 987/987/2381
f 988/988/2382 899/899/2382 900/900/2382
f 994/994/2383 995/995/2383 990/990/2383
f 996/996/2384 900/900/2384 730/730/2384
f 1001/1001/2385 903/903/2385 759/759/2385
f 1062/1062/2386 1001/1001/2386 1000/1000/2386
f 1062/1062/2387 1063/1063/2388 1001/1001/2389
f 1064/1064/2390 1000/1000/2390 907/907/2390
f 1064/1064/2391 1062/1062/2391 1000/1000/2391
f 1065/1065/2392 1004/1004/2240 1005/1005/2239
f 1066/1066/21 1003/1003/2393 1004/1004/35
f 1065/1065/2394 1066/1066/2394 1004/1004/2394
f 1067/1067/2395 1002/1002/2396 1003/1003/2393
f 1067/1067/2395 1003/1003/2393 1066/1066/21
f 778/778/2397 777/777/2397 1002/1002/2397
f 1068/1068/2398 1002/1002/2396 1067/1067/2395
f 1069/1069/2399 1002/1002/2399 1068/1068/2399
f 778/778/2400 1002/1002/2400 1069/1069/2400
f 929/929/2401 926/926/2401 927/927/2401
f 812/812/2257 1070/1070/2402 935/935/2256
f 936/936/2403 935/935/2403 1070/1070/2403
f 812/812/2257 810/810/2404 1070/1070/2402
f 811/811/2405 1070/1070/2405 810/810/2405
f 937/937/2406 936/936/2406 1070/1070/2406
f 805/805/2407 937/937/2407 1070/1070/2407
f 811/811/2408 805/805/2408 1070/1070/2408
f 1007/1007/2409 937/937/2409 805/805/2409
f 1021/1021/2410 1019/1019/2410 1020/1020/2410
f 1071/1071/2411 1021/1021/2411 1020/1020/2411
f 1071/1071/2412 1020/1020/2412 1016/1016/2412
f 1072/1072/2413 1021/1021/2414 1071/1071/2415
f 1022/1022/2416 1021/1021/2416 1072/1072/2416
f 1073/1073/2417 1016/1016/2417 1015/1015/2417
f 1074/1074/2418 1071/1071/2418 1016/1016/2418
f 1075/1075/2419 1074/1074/2419 1016/1016/2419
f 1073/1073/2420 1075/1075/2420 1016/1016/2420
f 1076/1076/2421 1015/1015/2421 1017/1017/2421
f 1073/1073/2422 1015/1015/2422 1076/1076/2422
f 1077/1077/2423 1072/1072/2413 1071/1071/2415
f 1078/1078/2424 1077/1077/2423 1071/1071/2415
f 1079/1079/2425 1078/1078/2425 1071/1071/2425
f 1080/1080/2426 1071/1071/2426 1074/1074/2426
f 1079/1079/2427 1071/1071/2427 1080/1080/2427
f 950/950/2428 1072/1072/2428 1077/1077/2428
f 949/949/2429 1022/1022/2429 1072/1072/2429
f 950/950/2430 949/949/2430 1072/1072/2430
f 1081/1081/2431 1082/1082/2432 1077/1077/2433
f 1028/1028/2434 1077/1077/2434 1082/1082/2434
f 1078/1078/2435 1081/1081/2431 1077/1077/2433
f 1028/1028/2436 950/950/2436 1077/1077/2436
f 958/958/2437 1028/1028/2437 1082/1082/2437
f 1083/1083/2438 1082/1082/2438 1081/1081/2438
f 1084/1084/2439 1082/1082/2439 1083/1083/2439
f 963/963/2440 958/958/2440 1082/1082/2440
f 963/963/2441 1082/1082/2441 1084/1084/2441
f 1078/1078/2435 1085/1085/2442 1081/1081/2431
f 1083/1083/2443 1081/1081/2443 1085/1085/2443
f 1086/1086/2444 1085/1085/2444 1078/1078/2444
f 1083/1083/2445 1085/1085/2445 1086/1086/2445
f 1087/1087/2446 1086/1086/2446 1078/1078/2446
f 1087/1087/2447 1078/1078/2447 1079/1079/2447
f 1088/1088/2448 1018/1018/2448 1025/1025/2448
f 1089/1089/2449 1017/1017/2449 1018/1018/2449
f 1089/1089/2450 1018/1018/2450 1088/1088/2450
f 1090/1090/2451 1025/1025/2451 1024/1024/2451
f 1091/1091/2452 1088/1088/2452 1025/1025/2452
f 1090/1090/2453 1091/1091/2453 1025/1025/2453
f 1090/1090/2454 1024/1024/2454 1027/1027/2454
f 1076/1076/2455 1017/1017/2455 1089/1089/2455
f 1080/1080/2456 1074/1074/2456 1075/1075/2456
f 1092/1092/2457 1027/1027/2457 1026/1026/2457
f 1093/1093/2458 1092/1092/2459 1026/1026/2460
f 962/962/2303 1093/1093/2461 1026/1026/2301
f 1094/1094/2462 1093/1093/2463 962/962/2464
f 1029/1029/2304 1094/1094/2465 962/962/2305
f 1083/1083/2466 1086/1086/2466 1087/1087/2466
f 1095/1095/2467 1030/1030/2467 1033/1033/2467
f 1033/1033/2468 1032/1032/2468 1036/1036/2468
f 1096/1096/2469 1033/1033/2469 1036/1036/2469
f 1096/1096/2470 1036/1036/2323 1035/1035/2322
f 1095/1095/2471 1033/1033/2471 1096/1096/2471
f 1097/1097/2472 1098/1098/2472 1099/1099/2472
f 1100/1100/2473 1099/1099/2473 1098/1098/2473
f 1101/1101/2474 1097/1097/2474 1099/1099/2474
f 1102/1102/2475 1099/1099/2475 1100/1100/2475
f 1103/1103/2476 1099/1099/2476 1102/1102/2476
f 1101/1101/2477 1099/1099/2478 1103/1103/2479
f 1104/1104/1196 1098/1098/1196 1097/1097/1196
f 1034/1034/2480 1100/1100/2481 1098/1098/2482
f 975/975/2483 1098/1098/2483 1104/1104/2483
f 973/973/2484 1098/1098/2484 975/975/2484
f 1034/1034/2485 1098/1098/2485 973/973/2485
f 1104/1104/2486 1097/1097/2486 1105/1105/2486
f 1101/1101/2487 1105/1105/2487 1097/1097/2487
f 1034/1034/2480 1102/1102/1815 1100/1100/2481
f 1106/1106/2488 1038/1038/2488 1042/1042/2488
f 1096/1096/2489 1035/1035/2489 1038/1038/2489
f 1107/1107/2490 1042/1042/2490 1045/1045/2490
f 1107/1107/2491 1106/1106/2491 1042/1042/2491
f 1108/1108/2492 1045/1045/2492 1048/1048/2492
f 1108/1108/2493 1107/1107/2493 1045/1045/2493
f 1049/1049/2494 1109/1109/2494 1048/1048/2494
f 1110/1110/2495 1048/1048/2495 1109/1109/2495
f 1110/1110/2496 1108/1108/2497 1048/1048/2498
f 1109/1109/2499 1104/1104/2499 1105/1105/2499
f 1110/1110/2500 1109/1109/2500 1105/1105/2500
f 1110/1110/2501 1105/1105/2501 1101/1101/2501
f 976/976/2502 1104/1104/2503 1109/1109/2502
f 869/869/2504 975/975/2504 1104/1104/2504
f 869/869/2505 1104/1104/2505 976/976/2505
f 976/976/2502 1109/1109/2502 1049/1049/2506
f 978/978/2507 976/976/2507 1049/1049/2507
f 984/984/2508 862/862/2509 852/852/2000
f 1052/1052/2510 1050/1050/2511 862/862/2512
f 1052/1052/2510 1111/1111/2513 1050/1050/2511
f 1051/1051/2514 1050/1050/2514 1111/1111/2514
f 1055/1055/2515 1111/1111/2515 1052/1052/2515
f 1060/1060/2516 1111/1111/2516 1055/1055/2516
f 1055/1055/2517 1052/1052/2517 983/983/2517
f 984/984/2508 1052/1052/2518 862/862/2509
f 708/708/2519 1050/1050/2519 1051/1051/2519
f 1053/1053/2520 979/979/2520 1051/1051/2520
f 1111/1111/2521 1112/1112/2521 1051/1051/2521
f 1053/1053/2522 1051/1051/2522 1112/1112/2522
f 1054/1054/2523 1053/1053/2523 1113/1113/2523
f 1060/1060/2524 1055/1055/2524 1056/1056/2524
f 1114/1114/2525 985/985/2525 1054/1054/2525
f 1057/1057/2368 985/985/2370 1114/1114/2526
f 895/895/2527 1058/1058/2527 1057/1057/2527
f 895/895/2528 896/896/2373 1058/1058/2375
f 1115/1115/2529 987/987/2530 720/720/2531
f 1115/1115/2532 1061/1061/2532 987/987/2532
f 1115/1115/2529 720/720/2531 988/988/2533
f 890/890/2534 990/990/2534 889/889/2534
f 1116/1116/2535 988/988/2535 900/900/2535
f 1116/1116/2536 1115/1115/2536 988/988/2536
f 1117/1117/2537 990/990/2537 890/890/2537
f 1118/1118/2538 900/900/2538 996/996/2538
f 1118/1118/2539 1116/1116/2539 900/900/2539
f 1119/1119/574 998/998/574 994/994/2540
f 1120/1120/2541 994/994/2540 990/990/2542
f 1120/1120/2541 1119/1119/574 994/994/2540
f 914/914/2543 998/998/2543 1119/1119/2543
f 997/997/2544 1118/1118/2544 996/996/2544
f 1121/1121/2545 903/903/2545 1001/1001/2545
f 1122/1122/2546 997/997/2219 903/903/1969
f 1121/1121/2547 1122/1122/2547 903/903/2547
f 1123/1123/2548 1001/1001/2548 1063/1063/2548
f 1123/1123/2549 1121/1121/2549 1001/1001/2549
f 1124/1124/2550 1064/1064/2551 907/907/2552
f 1124/1124/2550 907/907/2552 910/910/2553
f 1125/1125/2554 1126/1126/2555 1063/1063/2388
f 1062/1062/2387 1125/1125/2554 1063/1063/2388
f 1127/1127/2388 1128/1128/2556 1126/1126/2555
f 1125/1125/2554 1127/1127/2388 1126/1126/2555
f 1068/1068/2398 1129/1129/2557 1128/1128/2556
f 1127/1127/2388 1068/1068/2398 1128/1128/2556
f 1068/1068/2398 1067/1067/2395 1129/1129/2557
f 1130/1130/2558 1129/1129/2559 1067/1067/2560
f 1065/1065/2561 1067/1067/2561 1066/1066/2561
f 1065/1065/2562 1130/1130/2562 1067/1067/2562
f 1131/1131/2563 1125/1125/2563 1062/1062/2563
f 1131/1131/2564 1062/1062/2564 1064/1064/2564
f 1132/1132/2565 1063/1063/2565 1126/1126/2565
f 1132/1132/2566 1123/1123/2566 1063/1063/2566
f 1124/1124/2567 1131/1131/2567 1064/1064/2567
f 1133/1133/2568 1126/1126/2568 1128/1128/2568
f 1133/1133/2569 1132/1132/2569 1126/1126/2569
f 1134/1134/2570 1125/1125/2570 1131/1131/2570
f 1134/1134/2571 1131/1131/2571 1124/1124/2571
f 1135/1135/2572 1128/1128/2572 1129/1129/2572
f 1133/1133/2573 1128/1128/2573 1135/1135/2573
f 1136/1136/2574 1127/1127/2574 1125/1125/2574
f 1136/1136/2575 1125/1125/2575 1134/1134/2575
f 1135/1135/2576 1129/1129/2559 1130/1130/2558
f 1137/1137/2577 1068/1068/2578 1127/1127/2579
f 1137/1137/2577 1127/1127/2579 1136/1136/2580
f 1138/1138/2581 1135/1135/2581 1130/1130/2581
f 1139/1139/2582 1130/1130/2582 1065/1065/2582
f 1139/1139/2583 1138/1138/2583 1130/1130/2583
f 1140/1140/2584 1068/1068/2584 1137/1137/2584
f 1139/1139/2585 1065/1065/2585 1141/1141/2585
f 1069/1069/2586 1068/1068/2586 1140/1140/2586
f 1005/1005/2587 1141/1141/2587 1065/1065/2587
f 1006/1006/2588 1141/1141/2588 1005/1005/2588
f 781/781/2589 929/929/2590 782/782/2591
f 804/804/2592 806/806/2593 1007/1007/2594
f 1007/1007/2594 805/805/2595 804/804/2592
f 1142/1142/2596 1088/1088/2596 1091/1091/2596
f 1143/1143/2597 1089/1089/2597 1088/1088/2597
f 1143/1143/2598 1088/1088/2598 1142/1142/2598
f 1144/1144/2599 1076/1076/2599 1089/1089/2599
f 1144/1144/2600 1089/1089/2600 1143/1143/2600
f 1145/1145/2601 1075/1075/2601 1076/1076/2601
f 1073/1073/2602 1076/1076/2602 1075/1075/2602
f 1144/1144/2603 1145/1145/2603 1076/1076/2603
f 1146/1146/2604 1075/1075/2604 1145/1145/2604
f 1147/1147/2605 1080/1080/2606 1075/1075/2607
f 1147/1147/2605 1075/1075/2607 1146/1146/2608
f 1146/1146/2609 1145/1145/2610 1144/1144/2611
f 1148/1148/2612 1079/1079/2612 1080/1080/2612
f 1147/1147/2613 1148/1148/2613 1080/1080/2613
f 1087/1087/2614 1079/1079/2614 1148/1148/2614
f 1149/1149/2615 1083/1083/2615 1087/1087/2615
f 1150/1150/2616 1149/1149/2616 1087/1087/2616
f 1151/1151/2617 1150/1150/2618 1087/1087/2619
f 1084/1084/492 1083/1083/492 1149/1149/492
f 1102/1102/2620 1149/1149/2620 1150/1150/2620
f 1031/1031/2621 1084/1084/2621 1149/1149/2621
f 1031/1031/2622 1149/1149/2622 1102/1102/2622
f 1103/1103/2623 1102/1102/2623 1150/1150/2623
f 1152/1152/2624 1103/1103/2624 1150/1150/2624
f 1152/1152/2625 1150/1150/2626 1151/1151/2627
f 1031/1031/2628 963/963/2628 1084/1084/2628
f 1034/1034/2629 1031/1031/2629 1102/1102/2629
f 1153/1153/2630 1101/1101/2477 1103/1103/2479
f 1153/1153/2631 1103/1103/2632 1152/1152/2631
f 1154/1154/2633 1096/1096/2633 1038/1038/2633
f 1106/1106/2634 1154/1154/2634 1038/1038/2634
f 1060/1060/2635 1113/1113/1196 1112/1112/915
f 1053/1053/2636 1112/1112/2636 1113/1113/2636
f 1111/1111/2637 1060/1060/2635 1112/1112/915
f 1061/1061/917 1155/1155/2638 1113/1113/1196
f 1060/1060/2635 1061/1061/917 1113/1113/1196
f 1156/1156/2639 1157/1157/1196 1113/1113/1196
f 1054/1054/2640 1113/1113/2640 1157/1157/2640
f 1155/1155/2638 1156/1156/2639 1113/1113/1196
f 1156/1156/2639 1158/1158/1196 1157/1157/1196
f 1114/1114/2641 1054/1054/2641 1157/1157/2641
f 1158/1158/1196 1159/1159/1196 1157/1157/1196
f 1114/1114/2642 1157/1157/2642 1159/1159/2642
f 1160/1160/1196 894/894/2643 1159/1159/1196
f 893/893/2644 1159/1159/2644 894/894/2644
f 1161/1161/1196 1160/1160/1196 1159/1159/1196
f 1158/1158/1196 1161/1161/1196 1159/1159/1196
f 1057/1057/2645 1114/1114/2645 1159/1159/2645
f 1162/1162/2646 1057/1057/2646 1159/1159/2646
f 1162/1162/2647 1159/1159/2647 893/893/2647
f 1163/1163/2648 894/894/2648 1160/1160/2648
f 892/892/2649 894/894/2649 1163/1163/2649
f 1163/1163/2650 1160/1160/2651 1161/1161/2652
f 1164/1164/2653 1161/1161/2654 1158/1158/2655
f 1165/1165/2656 1161/1161/2654 1164/1164/2653
f 1165/1165/2657 1163/1163/2650 1161/1161/2652
f 1166/1166/2658 1158/1158/2659 1156/1156/2660
f 1164/1164/2661 1158/1158/2659 1166/1166/2658
f 1166/1166/2662 1156/1156/2663 1155/1155/2664
f 1115/1115/2665 1155/1155/2665 1061/1061/2665
f 1167/1167/2666 1155/1155/2666 1115/1115/2666
f 1166/1166/2662 1155/1155/2664 1167/1167/2667
f 1059/1059/2668 1061/1061/2668 1060/1060/2668
f 1162/1162/2669 895/895/2669 1057/1057/2669
f 1162/1162/2670 893/893/2670 895/895/2670
f 892/892/2671 1117/1117/2671 890/890/2671
f 1116/1116/2672 1167/1167/2673 1115/1115/2674
f 1168/1168/2675 1167/1167/2673 1116/1116/2672
f 1164/1164/2676 1166/1166/2676 1167/1167/2676
f 1168/1168/2677 1164/1164/2677 1167/1167/2677
f 1169/1169/2678 990/990/2678 1117/1117/2678
f 892/892/2679 1170/1170/2679 1117/1117/2679
f 1169/1169/2680 1117/1117/2680 1170/1170/2680
f 1169/1169/2681 1120/1120/2681 990/990/2681
f 1171/1171/2682 1119/1119/2682 1120/1120/2682
f 913/913/2683 914/914/2683 1119/1119/2683
f 913/913/2684 1119/1119/2684 1171/1171/2684
f 1169/1169/2685 1164/1164/2685 1120/1120/2685
f 1171/1171/2686 1120/1120/2686 1164/1164/2686
f 1118/1118/2687 1168/1168/2675 1116/1116/2672
f 1171/1171/2688 1164/1164/2688 1168/1168/2688
f 1118/1118/2687 911/911/2689 1168/1168/2675
f 1171/1171/2690 1168/1168/2690 911/911/2690
f 1118/1118/2687 997/997/2691 911/911/2689
f 913/913/2692 1171/1171/2692 911/911/2692
f 997/997/2691 912/912/2693 911/911/2689
f 997/997/2691 1172/1172/1196 912/912/2693
f 910/910/2694 912/912/2694 1124/1124/2694
f 1172/1172/1196 1132/1132/2142 912/912/2693
f 1132/1132/2142 1136/1136/2695 912/912/2693
f 1134/1134/2696 912/912/2696 1136/1136/2696
f 1134/1134/2697 1124/1124/2697 912/912/2697
f 1132/1132/2142 1133/1133/2698 1136/1136/2695
f 1133/1133/2698 1173/1173/2699 1136/1136/2695
f 1137/1137/2700 1136/1136/2700 1173/1173/2700
f 1135/1135/2701 1174/1174/2702 1173/1173/2699
f 1133/1133/2698 1135/1135/2701 1173/1173/2699
f 1140/1140/2703 1173/1173/2703 1174/1174/2703
f 1140/1140/2704 1137/1137/2704 1173/1173/2704
f 1139/1139/2705 1174/1174/2705 1138/1138/2705
f 778/778/2706 1174/1174/2706 1139/1139/2706
f 1069/1069/2707 1140/1140/2707 1174/1174/2707
f 1069/1069/2708 1174/1174/2708 778/778/2708
f 1138/1138/2709 1174/1174/2709 1135/1135/2709
f 1123/1123/2710 1132/1132/2710 1172/1172/2710
f 1123/1123/2711 1172/1172/2711 1121/1121/2711
f 1122/1122/2712 1172/1172/2712 997/997/2712
f 1121/1121/2713 1172/1172/2713 1122/1122/2713
f 778/778/2714 1139/1139/2715 1141/1141/2716
f 1006/1006/2717 776/776/2718 1141/1141/2716
f 778/778/2714 1141/1141/2716 776/776/2718
f 776/776/2718 1006/1006/2717 775/775/2719
f 926/926/2720 775/775/2721 1006/1006/2722
f 926/926/2720 929/929/2590 775/775/2721
f 929/929/2590 781/781/2589 775/775/2721
f 1175/1175/2723 1091/1091/2723 1090/1090/2723
f 1142/1142/2724 1091/1091/2724 1175/1175/2724
f 1027/1027/2725 1176/1176/2725 1090/1090/2725
f 1176/1176/2726 1175/1175/2726 1090/1090/2726
f 1092/1092/2727 1176/1176/2727 1027/1027/2727
f 1177/1177/2728 1143/1143/2728 1142/1142/2728
f 1178/1178/2729 1144/1144/2729 1143/1143/2729
f 1178/1178/2730 1143/1143/2730 1177/1177/2730
f 1146/1146/2609 1144/1144/2611 1178/1178/2731
f 1179/1179/2732 1148/1148/2732 1146/1146/2732
f 1147/1147/2733 1146/1146/2733 1148/1148/2733
f 1180/1180/2734 1179/1179/2734 1146/1146/2734
f 1148/1148/2735 1179/1179/2735 1180/1180/2735
f 1181/1181/2736 1095/1095/2737 1096/1096/2738
f 1110/1110/2739 1101/1101/2739 1153/1153/2739
f 1182/1182/2740 1154/1154/2741 1106/1106/2742
f 1181/1181/2743 1096/1096/2743 1154/1154/2743
f 1183/1183/2744 1106/1106/2744 1107/1107/2744
f 1183/1183/2745 1182/1182/2745 1106/1106/2745
f 1184/1184/2746 1107/1107/2746 1108/1108/2746
f 1184/1184/2747 1183/1183/2747 1107/1107/2747
f 1110/1110/2496 1184/1184/2748 1108/1108/2497
f 1170/1170/2749 892/892/2749 1163/1163/2749
f 1170/1170/2750 1163/1163/2750 1165/1165/2750
f 1169/1169/2751 1170/1170/2751 1165/1165/2751
f 1169/1169/2752 1165/1165/2752 1164/1164/2752
f 1185/1185/2753 1142/1142/2753 1175/1175/2753
f 1177/1177/2754 1142/1142/2754 1185/1185/2754
f 1186/1186/2755 1146/1146/2755 1178/1178/2755
f 1187/1187/2756 1092/1092/2459 1093/1093/2458
f 1187/1187/2757 1176/1176/2757 1092/1092/2757
f 1188/1188/2758 1187/1187/2756 1093/1093/2458
f 1186/1186/2759 1180/1180/2759 1146/1146/2759
f 1094/1094/2462 1188/1188/2760 1093/1093/2463
f 1189/1189/2761 1094/1094/2465 1029/1029/2304
f 1190/1190/2762 1187/1187/2756 1188/1188/2758
f 1191/1191/2763 1190/1190/2764 1188/1188/2765
f 1192/1192/2766 1191/1191/2766 1188/1188/2766
f 1192/1192/2767 1188/1188/2767 1094/1094/2767
f 1193/1193/2768 1148/1148/2768 1180/1180/2768
f 1193/1193/2769 1087/1087/2769 1148/1148/2769
f 1151/1151/2617 1087/1087/2619 1193/1193/2770
f 1194/1194/2771 1189/1189/2772 1029/1029/2773
f 1194/1194/2774 1029/1029/2309 1030/1030/2308
f 1095/1095/2775 1194/1194/2775 1030/1030/2775
f 1195/1195/2776 1194/1194/2777 1095/1095/2778
f 1196/1196/2779 1195/1195/2779 1095/1095/2779
f 1196/1196/2780 1095/1095/2737 1181/1181/2736
f 1110/1110/2781 1153/1153/2781 1197/1197/2781
f 1198/1198/2782 1181/1181/2782 1154/1154/2782
f 1199/1199/2783 1154/1154/2741 1182/1182/2740
f 1199/1199/2784 1198/1198/2784 1154/1154/2784
f 1198/1198/2785 1200/1200/2785 1181/1181/2785
f 1201/1201/2786 1182/1182/2786 1183/1183/2786
f 1201/1201/2787 1199/1199/2787 1182/1182/2787
f 1202/1202/2788 1183/1183/2788 1184/1184/2788
f 1201/1201/2789 1183/1183/2790 1202/1202/2791
f 1197/1197/2792 1202/1202/2793 1184/1184/2794
f 1110/1110/2795 1197/1197/2792 1184/1184/2794
f 1203/1203/2796 1175/1175/2796 1176/1176/2796
f 1185/1185/2797 1175/1175/2797 1203/1203/2797
f 1204/1204/2798 1203/1203/2798 1176/1176/2798
f 1204/1204/2799 1176/1176/2799 1187/1187/2799
f 1205/1205/2800 1177/1177/2800 1185/1185/2800
f 1206/1206/2801 1178/1178/2801 1177/1177/2801
f 1206/1206/2802 1177/1177/2802 1205/1205/2802
f 1186/1186/2803 1178/1178/2803 1206/1206/2803
f 1189/1189/2761 1192/1192/2804 1094/1094/2465
f 1207/1207/2805 1151/1151/2617 1193/1193/2770
f 1208/1208/2806 1152/1152/2625 1151/1151/2627
f 1208/1208/2806 1151/1151/2627 1207/1207/2807
f 1153/1153/2631 1152/1152/2631 1208/1208/2808
f 1209/1209/2809 1197/1197/2810 1153/1153/2811
f 1202/1202/2793 1197/1197/2792 1209/1209/2812
f 1196/1196/2813 1181/1181/2814 1200/1200/2815
f 1210/1210/2816 1200/1200/2816 1198/1198/2816
f 1211/1211/2817 1198/1198/2817 1199/1199/2817
f 1211/1211/2818 1210/1210/2818 1198/1198/2818
f 1212/1212/2819 1199/1199/2819 1201/1201/2819
f 1212/1212/2820 1211/1211/2821 1199/1199/2822
f 1202/1202/2791 1212/1212/2823 1201/1201/2789
f 1213/1213/2824 1203/1203/2824 1204/1204/2824
f 1214/1214/2825 1185/1185/2825 1203/1203/2825
f 1214/1214/2826 1203/1203/2826 1213/1213/2826
f 1213/1213/2827 1204/1204/2827 1215/1215/2827
f 1205/1205/2828 1185/1185/2828 1214/1214/2828
f 1216/1216/2829 1206/1206/2829 1205/1205/2829
f 1216/1216/2830 1186/1186/2830 1206/1206/2830
f 1217/1217/2831 1187/1187/2831 1190/1190/2831
f 1217/1217/2832 1204/1204/2832 1187/1187/2832
f 1218/1218/2833 1180/1180/2833 1186/1186/2833
f 1216/1216/2834 1218/1218/2835 1186/1186/2836
f 1193/1193/2837 1180/1180/2837 1218/1218/2837
f 1219/1219/2838 1189/1189/2772 1194/1194/2771
f 1220/1220/2839 1194/1194/2777 1195/1195/2776
f 1220/1220/2840 1219/1219/2840 1194/1194/2840
f 1221/1221/2841 1153/1153/2842 1208/1208/2843
f 1222/1222/2844 1195/1195/2844 1196/1196/2844
f 1222/1222/2845 1220/1220/2845 1195/1195/2845
f 1221/1221/2846 1209/1209/2809 1153/1153/2811
f 1223/1223/2847 1196/1196/2813 1200/1200/2815
f 1210/1210/2848 1223/1223/2848 1200/1200/2848
f 1222/1222/2849 1196/1196/2849 1223/1223/2849
f 1209/1209/2850 1212/1212/2851 1202/1202/2852
f 1217/1217/2853 1215/1215/2853 1204/1204/2853
f 1224/1224/2854 1215/1215/2854 1217/1217/2854
f 1190/1190/2855 1224/1224/2855 1217/1217/2855
f 1225/1225/2856 1205/1205/2856 1214/1214/2856
f 1226/1226/2857 1216/1216/2857 1205/1205/2857
f 1226/1226/2858 1205/1205/2858 1225/1225/2858
f 1227/1227/2859 1191/1191/2859 1192/1192/2859
f 1228/1228/2860 1218/1218/2835 1216/1216/2834
f 1228/1228/2860 1216/1216/2834 1226/1226/2861
f 1229/1229/2862 1193/1193/2862 1218/1218/2862
f 1228/1228/2863 1229/1229/2863 1218/1218/2863
f 1207/1207/2805 1193/1193/2770 1229/1229/2864
f 1230/1230/2865 1219/1219/2865 1220/1220/2865
f 1230/1230/2866 1220/1220/2866 1222/1222/2866
f 1231/1231/2867 1223/1223/2867 1210/1210/2867
f 1232/1232/2868 1210/1210/2868 1211/1211/2868
f 1232/1232/2869 1231/1231/2869 1210/1210/2869
f 1212/1212/2820 1232/1232/2870 1211/1211/2821
f 1233/1233/2871 1215/1215/2871 1224/1224/2871
f 1234/1234/2872 1213/1213/2872 1215/1215/2872
f 1234/1234/2873 1215/1215/2874 1233/1233/2875
f 1235/1235/2876 1214/1214/2876 1213/1213/2876
f 1235/1235/2877 1213/1213/2877 1234/1234/2877
f 1225/1225/2878 1214/1214/2878 1235/1235/2878
f 1226/1226/2879 1225/1225/2879 1236/1236/2879
f 1237/1237/2880 1190/1190/2764 1191/1191/2763
f 1238/1238/2881 1190/1190/2882 1237/1237/2883
f 1238/1238/2884 1224/1224/2884 1190/1190/2884
f 1227/1227/2885 1237/1237/2886 1191/1191/2887
f 1239/1239/2888 1227/1227/2888 1192/1192/2888
f 1240/1240/2889 1239/1239/2889 1192/1192/2804
f 1240/1240/2889 1192/1192/2804 1189/1189/2761
f 1227/1227/2885 1241/1241/2890 1237/1237/2886
f 1242/1242/2891 1237/1237/2891 1241/1241/2891
f 1242/1242/2892 1238/1238/2881 1237/1237/2883
f 1239/1239/2893 1241/1241/2893 1227/1227/2893
f 1243/1243/2894 1240/1240/2895 1189/1189/2772
f 1243/1243/2894 1189/1189/2772 1219/1219/2838
f 1244/1244/2896 1240/1240/2896 1243/1243/2896
f 1245/1245/2897 1208/1208/2806 1207/1207/2807
f 1230/1230/2898 1243/1243/2899 1219/1219/2900
f 1246/1246/2901 1244/1244/2901 1243/1243/2901
f 1221/1221/2841 1208/1208/2843 1245/1245/2902
f 1247/1247/2903 1243/1243/2899 1230/1230/2898
f 1248/1248/2904 1247/1247/2905 1230/1230/2906
f 1222/1222/2907 1248/1248/2907 1230/1230/2907
f 1249/1249/2908 1248/1248/2909 1222/1222/2910
f 1250/1250/2911 1222/1222/2911 1223/1223/2911
f 1250/1250/2912 1249/1249/2912 1222/1222/2912
f 1231/1231/2913 1250/1250/2913 1223/1223/2913
f 1251/1251/2914 1231/1231/2914 1232/1232/2914
f 1252/1252/2915 1232/1232/2915 1212/1212/2915
f 1251/1251/2916 1232/1232/2916 1252/1252/2916
f 1209/1209/2850 1252/1252/2917 1212/1212/2851
f 1234/1234/2873 1233/1233/2875 1253/1253/2918
f 1254/1254/2919 1233/1233/2919 1224/1224/2919
f 1255/1255/2920 1253/1253/2920 1233/1233/2920
f 1254/1254/2921 1255/1255/2921 1233/1233/2921
f 1254/1254/2922 1224/1224/2922 1238/1238/2922
f 1256/1256/2923 1235/1235/2923 1234/1234/2923
f 1225/1225/2924 1235/1235/2924 1236/1236/2924
f 1257/1257/2925 1236/1236/2925 1235/1235/2925
f 1258/1258/2926 1226/1226/2926 1236/1236/2926
f 1258/1258/2927 1236/1236/2927 1257/1257/2927
f 1257/1257/2928 1235/1235/2928 1256/1256/2928
f 1259/1259/2929 1228/1228/2860 1226/1226/2861
f 1258/1258/2930 1259/1259/2930 1226/1226/2930
f 1229/1229/2931 1228/1228/2931 1259/1259/2931
f 1260/1260/2932 1207/1207/2805 1229/1229/2864
f 1245/1245/2897 1207/1207/2807 1260/1260/2933
f 1261/1261/2934 1245/1245/2897 1260/1260/2933
f 1262/1262/2935 1221/1221/2841 1245/1245/2902
f 1262/1262/2935 1245/1245/2902 1261/1261/2936
f 1246/1246/2937 1243/1243/2937 1247/1247/2937
f 1262/1262/2938 1209/1209/2809 1221/1221/2846
f 1252/1252/2939 1209/1209/2939 1262/1262/2939
f 1263/1263/2940 1249/1249/2940 1250/1250/2940
f 1264/1264/2941 1250/1250/2941 1231/1231/2941
f 1264/1264/2942 1263/1263/2942 1250/1250/2942
f 1251/1251/2943 1264/1264/2943 1231/1231/2943
f 1265/1265/2944 1234/1234/2944 1253/1253/2944
f 1256/1256/2945 1234/1234/2945 1265/1265/2945
f 1266/1266/2946 1257/1257/2946 1256/1256/2946
f 1242/1242/2947 1254/1254/2947 1238/1238/2947
f 1267/1267/2948 1259/1259/2948 1257/1257/2948
f 1258/1258/2949 1257/1257/2949 1259/1259/2949
f 1267/1267/2950 1257/1257/2950 1266/1266/2950
f 1268/1268/2951 1262/1262/2952 1261/1261/2953
f 1269/1269/2954 1246/1246/2954 1247/1247/2954
f 1270/1270/2955 1247/1247/2905 1248/1248/2904
f 1270/1270/2956 1269/1269/2956 1247/1247/2956
f 1271/1271/2957 1252/1252/2957 1262/1262/2957
f 1271/1271/2958 1262/1262/2958 1268/1268/2958
f 1272/1272/2959 1248/1248/2909 1249/1249/2908
f 1263/1263/2960 1272/1272/2960 1249/1249/2960
f 1270/1270/2961 1248/1248/2961 1272/1272/2961
f 1273/1273/2962 1263/1263/2962 1264/1264/2962
f 1274/1274/2963 1264/1264/2963 1251/1251/2963
f 1274/1274/2964 1273/1273/2964 1264/1264/2964
f 1271/1271/2965 1251/1251/2965 1252/1252/2965
f 1271/1271/2966 1274/1274/2966 1251/1251/2966
f 1275/1275/2967 1255/1255/2967 1254/1254/2967
f 1242/1242/2968 1275/1275/2969 1254/1254/2970
f 1276/1276/2971 1255/1255/2971 1275/1275/2971
f 1277/1277/2972 1253/1253/2972 1255/1255/2972
f 1277/1277/2973 1255/1255/2973 1276/1276/2973
f 1242/1242/2968 1278/1278/2974 1275/1275/2969
f 1279/1279/2975 1275/1275/2975 1278/1278/2975
f 1279/1279/2976 1276/1276/2976 1275/1275/2976
f 1280/1280/2977 1278/1278/2977 1242/1242/2977
f 1281/1281/2978 1279/1279/2978 1278/1278/2978
f 1281/1281/2979 1278/1278/2979 1280/1280/2979
f 1265/1265/2980 1253/1253/2980 1277/1277/2980
f 1282/1282/2981 1256/1256/2981 1265/1265/2981
f 1266/1266/2982 1256/1256/2982 1282/1282/2982
f 1283/1283/2983 1242/1242/2983 1241/1241/2983
f 1283/1283/2984 1280/1280/2984 1242/1242/2984
f 1284/1284/2985 1241/1241/2985 1239/1239/2985
f 1284/1284/2986 1283/1283/2986 1241/1241/2986
f 1285/1285/2987 1267/1267/2987 1266/1266/2987
f 1285/1285/2988 1259/1259/2988 1267/1267/2988
f 1286/1286/2989 1259/1259/2989 1285/1285/2989
f 1286/1286/2990 1229/1229/2990 1259/1259/2990
f 1260/1260/2932 1229/1229/2864 1286/1286/2991
f 1287/1287/2992 1244/1244/2992 1246/1246/2992
f 1288/1288/2993 1240/1240/2993 1244/1244/2993
f 1289/1289/2994 1288/1288/2994 1244/1244/2994
f 1287/1287/2995 1289/1289/2995 1244/1244/2995
f 1270/1270/2996 1246/1246/2996 1269/1269/2996
f 1290/1290/2997 1246/1246/2997 1270/1270/2997
f 1290/1290/2998 1287/1287/2998 1246/1246/2998
f 1291/1291/2999 1270/1270/2999 1272/1272/2999
f 1292/1292/3000 1272/1272/3000 1263/1263/3000
f 1292/1292/3001 1291/1291/3001 1272/1272/3001
f 1293/1293/3002 1290/1290/3003 1270/1270/3004
f 1291/1291/3005 1293/1293/3002 1270/1270/3004
f 1273/1273/3006 1292/1292/3006 1263/1263/3006
f 1294/1294/3007 1273/1273/3007 1274/1274/3007
f 1271/1271/3008 1294/1294/3008 1274/1274/3008
f 1295/1295/3009 1276/1276/3009 1279/1279/3009
f 1296/1296/3010 1277/1277/3010 1276/1276/3010
f 1296/1296/3011 1276/1276/3011 1295/1295/3011
f 1297/1297/3012 1279/1279/3012 1281/1281/3012
f 1298/1298/3013 1279/1279/3013 1297/1297/3013
f 1299/1299/3014 1265/1265/3014 1277/1277/3014
f 1299/1299/3015 1277/1277/3015 1296/1296/3015
f 1282/1282/3016 1265/1265/3016 1299/1299/3016
f 1300/1300/3017 1266/1266/3017 1282/1282/3017
f 1300/1300/3018 1282/1282/3018 1301/1301/3018
f 1302/1302/3019 1280/1280/3019 1283/1283/3019
f 1281/1281/3020 1280/1280/3020 1303/1303/3020
f 1302/1302/3021 1303/1303/3021 1280/1280/3021
f 1304/1304/3022 1283/1283/3022 1284/1284/3022
f 1302/1302/3023 1283/1283/3023 1304/1304/3023
f 1285/1285/3024 1266/1266/3024 1300/1300/3024
f 1305/1305/3025 1306/1306/3025 1307/1307/3025
f 1308/1308/3026 1305/1305/3026 1307/1307/3026
f 1309/1309/3027 1307/1307/3027 1306/1306/3027
f 1310/1310/3028 1308/1308/3028 1307/1307/3028
f 1309/1309/3029 1310/1310/3029 1307/1307/3029
f 1239/1239/3030 1306/1306/3030 1305/1305/3030
f 1240/1240/3031 1306/1306/3031 1239/1239/3031
f 1240/1240/3032 1311/1311/3032 1306/1306/3032
f 1304/1304/3033 1305/1305/3033 1308/1308/3033
f 1284/1284/3034 1239/1239/3034 1305/1305/3034
f 1304/1304/3035 1284/1284/3035 1305/1305/3035
f 1312/1312/3036 1309/1309/3036 1306/1306/3036
f 1312/1312/3037 1306/1306/3037 1311/1311/3037
f 1313/1313/3038 1308/1308/3038 1310/1310/3038
f 1314/1314/3039 1304/1304/3039 1308/1308/3039
f 1315/1315/3040 1308/1308/3040 1313/1313/3040
f 1316/1316/3041 1308/1308/3041 1315/1315/3041
f 1314/1314/3042 1308/1308/3042 1316/1316/3042
f 1317/1317/3043 1310/1310/3043 1309/1309/3043
f 1318/1318/3044 1313/1313/3044 1310/1310/3044
f 1319/1319/3045 1309/1309/3045 1312/1312/3045
f 1319/1319/3046 1317/1317/3046 1309/1309/3046
f 1314/1314/3047 1302/1302/3047 1304/1304/3047
f 1320/1320/3048 1260/1260/2932 1286/1286/2991
f 1288/1288/3049 1311/1311/3049 1240/1240/3049
f 1288/1288/3050 1321/1321/3050 1311/1311/3050
f 1322/1322/3051 1312/1312/3051 1311/1311/3051
f 1322/1322/3052 1311/1311/3052 1321/1321/3052
f 1323/1323/3053 1312/1312/3053 1322/1322/3053
f 1323/1323/3054 1319/1319/3054 1312/1312/3054
f 1324/1324/3055 1261/1261/2934 1260/1260/2933
f 1324/1324/3056 1260/1260/3057 1320/1320/3058
f 1325/1325/3059 1326/1326/3059 1321/1321/3059
f 1325/1325/3060 1321/1321/3060 1288/1288/3060
f 1322/1322/3061 1321/1321/3061 1326/1326/3061
f 1327/1327/3062 1322/1322/3062 1326/1326/3062
f 1328/1328/3063 1326/1326/3063 1325/1325/3063
f 1329/1329/3064 1326/1326/3064 1328/1328/3064
f 1330/1330/3065 1326/1326/3065 1329/1329/3065
f 1330/1330/3066 1327/1327/3066 1326/1326/3066
f 1331/1331/3067 1323/1323/3067 1322/1322/3067
f 1331/1331/3068 1322/1322/3068 1327/1327/3068
f 1289/1289/3069 1325/1325/3069 1288/1288/3069
f 1287/1287/3070 1325/1325/3070 1289/1289/3070
f 1332/1332/3071 1325/1325/3071 1287/1287/3071
f 1333/1333/3072 1328/1328/3072 1325/1325/3072
f 1333/1333/3073 1325/1325/3073 1332/1332/3073
f 1334/1334/3074 1268/1268/2951 1261/1261/2953
f 1334/1334/3074 1261/1261/2953 1324/1324/3075
f 1332/1332/3076 1287/1287/3076 1290/1290/3076
f 1334/1334/3077 1271/1271/3077 1268/1268/3077
f 1335/1335/35 1290/1290/35 1293/1293/35
f 1336/1336/3078 1332/1332/3078 1290/1290/3078
f 1335/1335/3079 1336/1336/3079 1290/1290/3079
f 1337/1337/3080 1293/1293/3080 1291/1291/3080
f 1338/1338/3081 1293/1293/3081 1337/1337/3081
f 1339/1339/3082 1293/1293/3083 1338/1338/3084
f 1340/1340/35 1335/1335/35 1293/1293/35
f 1339/1339/3082 1340/1340/3085 1293/1293/3083
f 1341/1341/3086 1291/1291/3086 1292/1292/3086
f 1341/1341/3087 1337/1337/3087 1291/1291/3087
f 1342/1342/3088 1292/1292/3088 1273/1273/3088
f 1342/1342/3089 1341/1341/3089 1292/1292/3089
f 1342/1342/3090 1273/1273/3090 1294/1294/3090
f 1343/1343/3091 1294/1294/3091 1271/1271/3091
f 1344/1344/3092 1294/1294/3092 1343/1343/3092
f 1344/1344/3093 1342/1342/3093 1294/1294/3093
f 1343/1343/3094 1271/1271/3094 1334/1334/3094
f 1345/1345/3095 1346/1346/3096 1347/1347/3097
f 1345/1345/3095 1348/1348/3098 1346/1346/3096
f 1349/1349/3099 1345/1345/3099 1347/1347/3099
f 1350/1350/3100 1347/1347/3100 1346/1346/3100
f 1351/1351/3101 1349/1349/3101 1347/1347/3101
f 1351/1351/3102 1347/1347/3102 1350/1350/3102
f 1350/1350/3103 1346/1346/3103 1352/1352/3103
f 1353/1353/3104 1346/1346/3104 1354/1354/3104
f 1353/1353/3105 1352/1352/3105 1346/1346/3105
f 1348/1348/3098 1313/1313/3106 1346/1346/3096
f 1354/1354/3107 1346/1346/3107 1313/1313/3107
f 1348/1348/3108 1315/1315/3108 1313/1313/3108
f 1318/1318/3109 1354/1354/3109 1313/1313/3109
f 1302/1302/3110 1315/1315/3110 1348/1348/3110
f 1355/1355/3111 1315/1315/3111 1302/1302/3111
f 1303/1303/3112 1348/1348/3112 1345/1345/3112
f 1302/1302/3113 1348/1348/3113 1303/1303/3113
f 1356/1356/3114 1345/1345/3114 1349/1349/3114
f 1357/1357/3115 1303/1303/3115 1345/1345/3115
f 1356/1356/3116 1357/1357/3116 1345/1345/3116
f 1358/1358/3117 1356/1356/3117 1349/1349/3117
f 1359/1359/3118 1349/1349/3118 1351/1351/3118
f 1359/1359/3119 1358/1358/3119 1349/1349/3119
f 1360/1360/3120 1354/1354/3120 1318/1318/3120
f 1361/1361/3121 1354/1354/3121 1360/1360/3121
f 1361/1361/3122 1353/1353/3122 1354/1354/3122
f 1281/1281/3123 1303/1303/3123 1357/1357/3123
f 1362/1362/3124 1357/1357/3124 1356/1356/3124
f 1297/1297/3125 1281/1281/3125 1357/1357/3125
f 1362/1362/3126 1297/1297/3126 1357/1357/3126
f 1358/1358/3127 1362/1362/3127 1356/1356/3127
f 1298/1298/3128 1297/1297/3128 1362/1362/3128
f 1363/1363/3129 1298/1298/3129 1362/1362/3129
f 1364/1364/3130 1362/1362/3130 1358/1358/3130
f 1365/1365/3131 1362/1362/3131 1364/1364/3131
f 1363/1363/3132 1362/1362/3132 1365/1365/3132
f 1366/1366/3133 1279/1279/3133 1298/1298/3133
f 1366/1366/3134 1298/1298/3134 1363/1363/3134
f 1367/1367/3135 1295/1295/3135 1279/1279/3135
f 1367/1367/3136 1279/1279/3136 1366/1366/3136
f 1368/1368/3137 1361/1361/3137 1360/1360/3137
f 1314/1314/3138 1355/1355/3138 1302/1302/3138
f 1314/1314/3139 1315/1315/3139 1355/1355/3139
f 1314/1314/3140 1316/1316/3140 1315/1315/3140
f 1369/1369/3141 1296/1296/3141 1295/1295/3141
f 1369/1369/3142 1295/1295/3142 1367/1367/3142
f 1370/1370/3143 1299/1299/3143 1296/1296/3143
f 1370/1370/3144 1296/1296/3144 1369/1369/3144
f 1371/1371/3145 1301/1301/3145 1299/1299/3145
f 1282/1282/3146 1299/1299/3146 1301/1301/3146
f 1371/1371/3147 1299/1299/3147 1370/1370/3147
f 1372/1372/3148 1301/1301/3148 1371/1371/3148
f 1373/1373/3149 1300/1300/3149 1301/1301/3149
f 1373/1373/3150 1301/1301/3150 1372/1372/3150
f 1360/1360/3151 1318/1318/3151 1310/1310/3151
f 1317/1317/3152 1360/1360/3152 1310/1310/3152
f 1374/1374/3153 1368/1368/3153 1360/1360/3153
f 1374/1374/3154 1360/1360/3154 1317/1317/3154
f 1375/1375/3155 1285/1285/3155 1300/1300/3155
f 1375/1375/3156 1300/1300/3156 1373/1373/3156
f 1376/1376/3157 1286/1286/3157 1285/1285/3157
f 1376/1376/3158 1285/1285/3158 1375/1375/3158
f 1320/1320/3048 1286/1286/2991 1376/1376/3159
f 1377/1377/3160 1324/1324/3056 1320/1320/3058
f 1378/1378/3161 1323/1323/3161 1331/1331/3161
f 1333/1333/3162 1329/1329/3162 1328/1328/3162
f 1333/1333/3163 1330/1330/3163 1329/1329/3163
f 1379/1379/3164 1334/1334/3164 1324/1324/3164
f 1379/1379/3165 1324/1324/3165 1377/1377/3165
f 1336/1336/3166 1331/1331/3166 1327/1327/3166
f 1333/1333/3167 1327/1327/3167 1330/1330/3167
f 1333/1333/3168 1332/1332/3168 1327/1327/3168
f 1336/1336/3169 1327/1327/3169 1332/1332/3169
f 1380/1380/3170 1381/1381/3170 1331/1331/3170
f 1336/1336/3171 1380/1380/3171 1331/1331/3171
f 1378/1378/3172 1331/1331/3172 1381/1381/3172
f 1379/1379/3173 1343/1343/3173 1334/1334/3173
f 1382/1382/3174 1343/1343/3174 1379/1379/3174
f 1344/1344/3175 1343/1343/3175 1382/1382/3175
f 1383/1383/3176 1381/1381/3176 1380/1380/3176
f 1384/1384/3177 1381/1381/3177 1383/1383/3177
f 1385/1385/3178 1380/1380/3178 1336/1336/3178
f 1385/1385/3179 1383/1383/3179 1380/1380/3179
f 1386/1386/3180 1381/1381/3180 1384/1384/3180
f 1387/1387/3181 1378/1378/3181 1381/1381/3181
f 1386/1386/3182 1387/1387/3182 1381/1381/3182
f 1388/1388/3183 1386/1386/3183 1384/1384/3183
f 1389/1389/3184 1385/1385/3184 1336/1336/3184
f 1335/1335/3185 1389/1389/3185 1336/1336/3185
f 1390/1390/3186 1338/1338/3186 1337/1337/3186
f 1391/1391/3187 1337/1337/3187 1341/1341/3187
f 1391/1391/3188 1390/1390/3188 1337/1337/3188
f 1392/1392/3189 1339/1339/3189 1338/1338/3189
f 1393/1393/3190 1338/1338/3190 1390/1390/3190
f 1392/1392/3191 1338/1338/3191 1393/1393/3191
f 1394/1394/3192 1341/1341/3192 1342/1342/3192
f 1394/1394/3193 1391/1391/3193 1341/1341/3193
f 1344/1344/3194 1394/1394/3194 1342/1342/3194
f 1395/1395/3195 1383/1383/3195 1385/1385/3195
f 1388/1388/3196 1384/1384/3196 1383/1383/3196
f 1388/1388/3197 1383/1383/3197 1395/1395/3197
f 1396/1396/3198 1385/1385/3198 1389/1389/3198
f 1397/1397/3199 1395/1395/3199 1385/1385/3199
f 1398/1398/3200 1396/1396/3200 1389/1389/3200
f 1398/1398/3201 1389/1389/3201 1335/1335/3201
f 1399/1399/3202 1385/1385/3202 1396/1396/3202
f 1400/1400/3203 1396/1396/3203 1398/1398/3203
f 1400/1400/3204 1399/1399/3204 1396/1396/3204
f 1399/1399/3205 1397/1397/3205 1385/1385/3205
f 1339/1339/3206 1398/1398/3206 1335/1335/3206
f 1339/1339/3207 1335/1335/3207 1340/1340/3207
f 1401/1401/3208 1339/1339/3208 1392/1392/3208
f 1401/1401/3209 1398/1398/3209 1339/1339/3209
f 1402/1402/3210 1388/1388/3210 1395/1395/3210
f 1402/1402/3211 1395/1395/3211 1397/1397/3211
f 1403/1403/3212 1399/1399/3212 1400/1400/3212
f 1350/1350/3213 1352/1352/3213 1404/1404/3213
f 1405/1405/3214 1404/1404/3214 1352/1352/3214
f 1406/1406/3215 1350/1350/3215 1404/1404/3215
f 1407/1407/3216 1406/1406/3216 1404/1404/3216
f 1407/1407/3217 1404/1404/3217 1405/1405/3217
f 1353/1353/3218 1405/1405/3218 1352/1352/3218
f 1351/1351/1196 1350/1350/1196 1406/1406/1196
f 1408/1408/3219 1351/1351/3219 1406/1406/3219
f 1409/1409/3220 1406/1406/3220 1407/1407/3220
f 1409/1409/3221 1408/1408/3221 1406/1406/3221
f 1410/1410/3222 1359/1359/3222 1351/1351/3222
f 1408/1408/3223 1411/1411/3223 1351/1351/3223
f 1410/1410/3224 1351/1351/3224 1411/1411/3224
f 1412/1412/3225 1358/1358/3225 1359/1359/3225
f 1412/1412/3226 1364/1364/3226 1358/1358/3226
f 1413/1413/3227 1412/1412/3227 1359/1359/3227
f 1413/1413/3228 1359/1359/3228 1410/1410/3228
f 1365/1365/3229 1364/1364/3229 1412/1412/3229
f 1363/1363/3230 1365/1365/3230 1412/1412/3230
f 1414/1414/3231 1412/1412/3231 1413/1413/3231
f 1414/1414/3232 1363/1363/3232 1412/1412/3232
f 1415/1415/3233 1405/1405/3234 1353/1353/3235
f 1409/1409/3236 1407/1407/3236 1405/1405/3236
f 1416/1416/3237 1405/1405/3237 1415/1415/3237
f 1417/1417/3238 1409/1409/3238 1405/1405/3238
f 1416/1416/3239 1417/1417/3239 1405/1405/3239
f 1361/1361/3240 1415/1415/3233 1353/1353/3235
f 1367/1367/3241 1366/1366/3241 1363/1363/3241
f 1418/1418/3242 1367/1367/3242 1363/1363/3242
f 1416/1416/3243 1415/1415/3243 1361/1361/3243
f 1419/1419/3244 1361/1361/3244 1368/1368/3244
f 1420/1420/3245 1416/1416/3245 1361/1361/3245
f 1419/1419/3246 1420/1420/3246 1361/1361/3246
f 1421/1421/3247 1369/1369/3247 1367/1367/3247
f 1422/1422/3248 1367/1367/3248 1418/1418/3248
f 1421/1421/3249 1367/1367/3249 1422/1422/3249
f 1423/1423/3250 1370/1370/3250 1369/1369/3250
f 1423/1423/3251 1369/1369/3251 1421/1421/3251
f 1424/1424/3252 1371/1371/3252 1370/1370/3252
f 1424/1424/3253 1370/1370/3253 1423/1423/3253
f 1425/1425/3254 1372/1372/3254 1371/1371/3254
f 1425/1425/3255 1371/1371/3255 1424/1424/3255
f 1374/1374/3256 1419/1419/3257 1368/1368/3258
f 1426/1426/3259 1373/1373/3259 1372/1372/3259
f 1426/1426/3260 1372/1372/3260 1425/1425/3260
f 1427/1427/3261 1375/1375/3261 1373/1373/3261
f 1427/1427/3262 1373/1373/3262 1426/1426/3262
f 1428/1428/3263 1376/1376/3263 1375/1375/3263
f 1428/1428/3264 1375/1375/3264 1427/1427/3264
f 1319/1319/3265 1374/1374/3266 1317/1317/3267
f 1429/1429/3268 1320/1320/3268 1376/1376/3268
f 1429/1429/3269 1376/1376/3269 1428/1428/3269
f 1430/1430/3270 1319/1319/3270 1323/1323/3270
f 1431/1431/3271 1319/1319/3271 1430/1430/3271
f 1432/1432/3272 1377/1377/3272 1320/1320/3272
f 1432/1432/3273 1320/1320/3273 1429/1429/3273
f 1378/1378/3274 1430/1430/3274 1323/1323/3274
f 1387/1387/3275 1430/1430/3275 1378/1378/3275
f 1433/1433/3276 1431/1431/3276 1430/1430/3276
f 1433/1433/3277 1430/1430/3277 1387/1387/3277
f 1434/1434/3278 1379/1379/3278 1377/1377/3278
f 1434/1434/3279 1377/1377/3279 1432/1432/3279
f 1435/1435/3280 1378/1378/3280 1387/1387/3280
f 1436/1436/3281 1378/1378/3281 1435/1435/3281
f 1437/1437/3282 1387/1387/3282 1378/1378/3282
f 1436/1436/3283 1437/1437/3283 1378/1378/3283
f 1434/1434/3284 1382/1382/3284 1379/1379/3284
f 1438/1438/3285 1344/1344/3285 1382/1382/3285
f 1439/1439/3286 1382/1382/3286 1434/1434/3286
f 1438/1438/3287 1382/1382/3287 1439/1439/3287
f 1386/1386/3288 1435/1435/3288 1387/1387/3288
f 1440/1440/3289 1435/1435/3289 1386/1386/3289
f 1441/1441/1196 1435/1435/1196 1440/1440/1196
f 1441/1441/3290 1436/1436/3290 1435/1435/3290
f 1388/1388/3291 1440/1440/3291 1386/1386/3291
f 1442/1442/3292 1393/1393/3292 1390/1390/3292
f 1443/1443/3293 1390/1390/3293 1391/1391/3293
f 1444/1444/3294 1390/1390/3294 1443/1443/3294
f 1444/1444/3295 1442/1442/3295 1390/1390/3295
f 1442/1442/3296 1392/1392/3296 1393/1393/3296
f 1445/1445/3297 1391/1391/3297 1394/1394/3297
f 1445/1445/3298 1443/1443/3298 1391/1391/3298
f 1438/1438/3299 1394/1394/3299 1344/1344/3299
f 1438/1438/3300 1445/1445/3300 1394/1394/3300
f 1402/1402/3301 1440/1440/3301 1388/1388/3301
f 1446/1446/3302 1440/1440/3302 1402/1402/3302
f 1447/1447/3303 1440/1440/3303 1446/1446/3303
f 1448/1448/3304 1440/1440/3304 1447/1447/3304
f 1441/1441/3305 1440/1440/3305 1448/1448/3305
f 1449/1449/3306 1446/1446/3306 1402/1402/3306
f 1446/1446/3307 1448/1448/3307 1447/1447/3307
f 1401/1401/3308 1400/1400/3308 1398/1398/3308
f 1450/1450/3309 1400/1400/3309 1401/1401/3309
f 1403/1403/3310 1400/1400/3310 1450/1450/3310
f 1451/1451/3311 1450/1450/3311 1401/1401/3311
f 1452/1452/3312 1451/1451/3312 1401/1401/3312
f 1452/1452/3313 1401/1401/3313 1392/1392/3313
f 1453/1453/3314 1403/1403/3314 1450/1450/3314
f 1454/1454/3315 1450/1450/3315 1451/1451/3315
f 1453/1453/3316 1450/1450/3316 1454/1454/3316
f 1455/1455/3317 1449/1449/3317 1397/1397/3317
f 1455/1455/3318 1397/1397/3318 1399/1399/3318
f 1402/1402/3319 1397/1397/3319 1449/1449/3319
f 1456/1456/3320 1449/1449/3320 1455/1455/3320
f 1446/1446/3321 1449/1449/3321 1456/1456/3321
f 1403/1403/3322 1455/1455/3322 1399/1399/3322
f 1453/1453/3323 1455/1455/3323 1403/1403/3323
f 1453/1453/3324 1456/1456/3324 1455/1455/3324
f 1457/1457/3325 1411/1411/3325 1408/1408/3325
f 1457/1457/3326 1410/1410/3326 1411/1411/3326
f 1458/1458/3327 1408/1408/3327 1409/1409/3327
f 1459/1459/3328 1457/1457/3328 1408/1408/3328
f 1458/1458/3329 1459/1459/3329 1408/1408/3329
f 1460/1460/3330 1413/1413/3330 1410/1410/3330
f 1461/1461/3331 1460/1460/3331 1410/1410/3331
f 1457/1457/3332 1461/1461/3332 1410/1410/3332
f 1462/1462/3333 1414/1414/3333 1413/1413/3333
f 1462/1462/3334 1413/1413/3334 1460/1460/3334
f 1463/1463/3335 1363/1363/3335 1414/1414/3335
f 1463/1463/3336 1418/1418/3336 1363/1363/3336
f 1463/1463/3337 1414/1414/3337 1462/1462/3337
f 1464/1464/3338 1418/1418/3338 1463/1463/3338
f 1418/1418/104 1421/1421/104 1422/1422/3339
f 1465/1465/1592 1423/1423/3340 1421/1421/104
f 1418/1418/104 1465/1465/1592 1421/1421/104
f 1466/1466/3341 1467/1467/3342 1423/1423/3340
f 1425/1425/3343 1423/1423/3343 1467/1467/3343
f 1465/1465/1592 1466/1466/3341 1423/1423/3340
f 1425/1425/3344 1424/1424/3344 1423/1423/3344
f 1426/1426/3345 1467/1467/3345 1468/1468/3345
f 1466/1466/3341 1468/1468/3346 1467/1467/3342
f 1426/1426/3347 1425/1425/3347 1467/1467/3347
f 1469/1469/3348 1426/1426/3348 1468/1468/3348
f 1469/1469/3349 1468/1468/3349 1470/1470/3349
f 1471/1471/3350 1468/1468/3350 1466/1466/3350
f 1470/1470/3351 1468/1468/3351 1471/1471/3351
f 1472/1472/3352 1466/1466/3352 1465/1465/3352
f 1464/1464/3353 1465/1465/3353 1418/1418/3353
f 1472/1472/3354 1465/1465/3354 1464/1464/3354
f 1458/1458/3355 1409/1409/3355 1417/1417/3355
f 1473/1473/3356 1427/1427/3356 1426/1426/3356
f 1474/1474/3357 1426/1426/3357 1469/1469/3357
f 1475/1475/3358 1473/1473/3358 1426/1426/3358
f 1474/1474/3359 1475/1475/3359 1426/1426/3359
f 1473/1473/3360 1428/1428/3360 1427/1427/3360
f 1476/1476/3361 1429/1429/3361 1428/1428/3361
f 1476/1476/3362 1428/1428/3362 1473/1473/3362
f 1477/1477/3363 1432/1432/3363 1429/1429/3363
f 1477/1477/3364 1429/1429/3364 1476/1476/3364
f 1478/1478/3365 1431/1431/3365 1433/1433/3365
f 1479/1479/3366 1434/1434/3366 1432/1432/3366
f 1479/1479/3367 1432/1432/3367 1477/1477/3367
f 1433/1433/3368 1387/1387/3368 1437/1437/3368
f 1436/1436/3369 1433/1433/3369 1437/1437/3369
f 1480/1480/3370 1433/1433/3370 1436/1436/3370
f 1481/1481/3371 1478/1478/3371 1433/1433/3371
f 1481/1481/3372 1433/1433/3372 1480/1480/3372
f 1482/1482/3373 1439/1439/3373 1434/1434/3373
f 1483/1483/3374 1434/1434/3374 1479/1479/3374
f 1484/1484/3375 1434/1434/3375 1483/1483/3375
f 1485/1485/3376 1434/1434/3376 1484/1484/3376
f 1485/1485/3377 1482/1482/3377 1434/1434/3377
f 1482/1482/3378 1438/1438/3378 1439/1439/3378
f 1486/1486/3379 1436/1436/3379 1441/1441/3379
f 1487/1487/3380 1480/1480/3380 1436/1436/3380
f 1486/1486/3381 1487/1487/3381 1436/1436/3381
f 1444/1444/3382 1443/1443/3383 1445/1445/3384
f 1488/1488/3385 1445/1445/3384 1438/1438/3386
f 1488/1488/3385 1444/1444/3382 1445/1445/3384
f 1482/1482/3387 1488/1488/3385 1438/1438/3386
f 1489/1489/3388 1441/1441/3388 1448/1448/3388
f 1490/1490/3389 1448/1448/3389 1446/1446/3389
f 1490/1490/3390 1489/1489/3391 1448/1448/3392
f 1486/1486/3393 1441/1441/3393 1489/1489/3393
f 1452/1452/3394 1442/1442/3394 1444/1444/3394
f 1452/1452/3395 1392/1392/3395 1442/1442/3395
f 1491/1491/3396 1452/1452/3396 1444/1444/3396
f 1492/1492/3397 1446/1446/3397 1456/1456/3397
f 1493/1493/3398 1446/1446/3398 1492/1492/3398
f 1490/1490/3399 1446/1446/3399 1493/1493/3399
f 1494/1494/3400 1454/1454/3400 1451/1451/3400
f 1495/1495/3401 1451/1451/3401 1452/1452/3401
f 1495/1495/3402 1494/1494/3402 1451/1451/3402
f 1453/1453/3403 1454/1454/3403 1492/1492/3403
f 1496/1496/3404 1492/1492/3404 1454/1454/3404
f 1494/1494/3405 1496/1496/3406 1454/1454/3407
f 1497/1497/3408 1495/1495/3408 1452/1452/3408
f 1497/1497/3409 1452/1452/3409 1491/1491/3409
f 1453/1453/3410 1492/1492/3410 1456/1456/3410
f 1496/1496/3411 1493/1493/3411 1492/1492/3411
f 1498/1498/3412 1461/1461/3412 1457/1457/3412
f 1498/1498/3413 1460/1460/3413 1461/1461/3413
f 1498/1498/3414 1457/1457/3414 1459/1459/3414
f 1499/1499/3415 1463/1463/3416 1462/1462/3416
f 1500/1500/3417 1464/1464/3417 1463/1463/3417
f 1500/1500/3418 1463/1463/3418 1499/1499/3418
f 1501/1501/3419 1472/1472/3419 1464/1464/3419
f 1501/1501/3420 1464/1464/3420 1500/1500/3420
f 1501/1501/3421 1502/1502/3421 1472/1472/3421
f 1502/1502/3422 1466/1466/3422 1472/1472/3422
f 1471/1471/3423 1466/1466/3423 1502/1502/3423
f 1503/1503/3424 1502/1502/3424 1501/1501/3424
f 1504/1504/3425 1502/1502/3426 1503/1503/3427
f 1505/1505/3428 1471/1471/3428 1502/1502/3428
f 1505/1505/3429 1502/1502/3429 1504/1504/3429
f 1474/1474/3430 1469/1469/3430 1470/1470/3430
f 1506/1506/3431 1474/1474/3431 1470/1470/3431
f 1507/1507/3432 1416/1416/3432 1420/1420/3432
f 1508/1508/3433 1417/1417/3433 1416/1416/3433
f 1507/1507/3434 1508/1508/3434 1416/1416/3434
f 1509/1509/3435 1420/1420/3435 1419/1419/3435
f 1509/1509/3436 1507/1507/3437 1420/1420/3438
f 1510/1510/3439 1419/1419/3257 1374/1374/3256
f 1510/1510/3440 1509/1509/3441 1419/1419/3442
f 1511/1511/3443 1473/1473/3443 1475/1475/3443
f 1512/1512/3444 1473/1473/3444 1511/1511/3444
f 1511/1511/3445 1475/1475/3445 1474/1474/3445
f 1513/1513/3446 1511/1511/3446 1474/1474/3446
f 1514/1514/3447 1474/1474/3447 1506/1506/3447
f 1513/1513/3448 1474/1474/3448 1514/1514/3448
f 1515/1515/3449 1512/1512/3449 1511/1511/3449
f 1515/1515/3450 1511/1511/3450 1513/1513/3450
f 1516/1516/3451 1374/1374/3266 1319/1319/3265
f 1516/1516/3451 1510/1510/3452 1374/1374/3266
f 1517/1517/3444 1473/1473/3444 1512/1512/3444
f 1517/1517/3453 1476/1476/3453 1473/1473/3453
f 1515/1515/3449 1517/1517/3449 1512/1512/3449
f 1431/1431/3454 1516/1516/3455 1319/1319/3456
f 1518/1518/3457 1476/1476/3457 1517/1517/3457
f 1518/1518/3458 1477/1477/3458 1476/1476/3458
f 1519/1519/3459 1518/1518/3460 1517/1517/3449
f 1520/1520/3449 1519/1519/3459 1517/1517/3449
f 1515/1515/3449 1520/1520/3449 1517/1517/3449
f 1483/1483/3461 1477/1477/3461 1518/1518/3461
f 1483/1483/3462 1479/1479/3462 1477/1477/3462
f 1521/1521/3463 1483/1483/3463 1518/1518/3463
f 1519/1519/3459 1521/1521/3464 1518/1518/3460
f 1522/1522/3465 1484/1484/3465 1483/1483/3465
f 1522/1522/3466 1485/1485/3466 1484/1484/3466
f 1481/1481/3467 1480/1480/3467 1487/1487/3467
f 1523/1523/3468 1481/1481/3468 1487/1487/3468
f 1524/1524/3469 1487/1487/3469 1486/1486/3469
f 1524/1524/3470 1523/1523/3470 1487/1487/3470
f 1525/1525/3471 1482/1482/3471 1485/1485/3471
f 1526/1526/3472 1525/1525/3472 1485/1485/3472
f 1526/1526/3473 1485/1485/3473 1522/1522/3473
f 1527/1527/3474 1486/1486/3474 1489/1489/3474
f 1527/1527/3475 1489/1489/3391 1490/1490/3390
f 1524/1524/3476 1486/1486/3476 1527/1527/3476
f 1491/1491/3477 1444/1444/3477 1488/1488/3477
f 1525/1525/3478 1488/1488/3478 1482/1482/3478
f 1526/1526/3479 1488/1488/3479 1525/1525/3479
f 1528/1528/3480 1488/1488/3480 1526/1526/3480
f 1529/1529/3481 1490/1490/3481 1493/1493/3481
f 1530/1530/3482 1493/1493/3482 1496/1496/3482
f 1530/1530/3483 1529/1529/3483 1493/1493/3483
f 1527/1527/3484 1490/1490/3484 1529/1529/3484
f 1494/1494/3405 1530/1530/3485 1496/1496/3406
f 1531/1531/3486 1495/1495/3486 1497/1497/3486
f 1532/1532/3487 1497/1497/3487 1491/1491/3487
f 1533/1533/3488 1497/1497/3488 1532/1532/3488
f 1533/1533/3489 1531/1531/3489 1497/1497/3489
f 1488/1488/3490 1532/1532/3490 1491/1491/3490
f 1528/1528/3491 1532/1532/3491 1488/1488/3491
f 1528/1528/3492 1533/1533/3492 1532/1532/3492
f 1534/1534/3493 1460/1460/3493 1498/1498/3493
f 1535/1535/3494 1462/1462/3494 1460/1460/3494
f 1535/1535/3495 1460/1460/3495 1534/1534/3495
f 1536/1536/3496 1534/1534/3496 1498/1498/3496
f 1537/1537/3497 1536/1536/3497 1498/1498/3497
f 1537/1537/3498 1498/1498/3498 1459/1459/3498
f 1538/1538/3499 1499/1499/3415 1462/1462/3416
f 1538/1538/3500 1462/1462/3500 1535/1535/3500
f 1539/1539/3501 1500/1500/3501 1499/1499/3501
f 1539/1539/3502 1499/1499/3502 1538/1538/3502
f 1540/1540/3503 1501/1501/3503 1500/1500/3503
f 1540/1540/3504 1500/1500/3504 1539/1539/3504
f 1503/1503/3505 1501/1501/3505 1540/1540/3505
f 1541/1541/3506 1458/1458/3506 1417/1417/3506
f 1542/1542/3507 1459/1459/3507 1458/1458/3507
f 1543/1543/3508 1542/1542/3508 1458/1458/3508
f 1541/1541/3509 1543/1543/3509 1458/1458/3509
f 1541/1541/3510 1417/1417/3511 1508/1508/3512
f 1542/1542/3513 1537/1537/3513 1459/1459/3513
f 1544/1544/3514 1470/1470/3514 1471/1471/3514
f 1544/1544/3515 1471/1471/3515 1505/1505/3515
f 1506/1506/3516 1470/1470/3516 1544/1544/3516
f 1545/1545/3517 1507/1507/3437 1509/1509/3436
f 1546/1546/3518 1513/1513/3518 1514/1514/3518
f 1546/1546/3519 1515/1515/3519 1513/1513/3519
f 1522/1522/3520 1483/1483/3521 1521/1521/3522
f 1547/1547/3523 1522/1522/3520 1521/1521/3522
f 1520/1520/3449 1548/1548/3524 1519/1519/3459
f 1521/1521/3464 1519/1519/3459 1548/1548/3524
f 1549/1549/3525 1548/1548/3525 1520/1520/3525
f 1521/1521/3522 1548/1548/3526 1547/1547/3523
f 1550/1550/3527 1547/1547/3527 1548/1548/3527
f 1549/1549/3528 1550/1550/3528 1548/1548/3528
f 1551/1551/3529 1520/1520/3529 1515/1515/3529
f 1549/1549/3529 1520/1520/3529 1551/1551/3529
f 1546/1546/3530 1552/1552/3530 1515/1515/3530
f 1553/1553/3531 1515/1515/3531 1552/1552/3531
f 1554/1554/3532 1515/1515/3532 1553/1553/3532
f 1551/1551/3533 1515/1515/3533 1554/1554/3533
f 1514/1514/3518 1552/1552/3518 1546/1546/3518
f 1555/1555/3534 1552/1552/3534 1514/1514/3534
f 1555/1555/3535 1553/1553/3535 1552/1552/3535
f 1556/1556/3536 1478/1478/3536 1481/1481/3536
f 1556/1556/3537 1481/1481/3537 1523/1523/3537
f 1526/1526/3538 1522/1522/3539 1547/1547/3540
f 1557/1557/3541 1530/1530/3541 1494/1494/3541
f 1558/1558/3542 1494/1494/3542 1495/1495/3542
f 1558/1558/3543 1557/1557/3543 1494/1494/3543
f 1531/1531/3544 1558/1558/3544 1495/1495/3544
f 1559/1559/3545 1534/1534/3545 1536/1536/3545
f 1560/1560/3546 1535/1535/3546 1534/1534/3546
f 1560/1560/3547 1534/1534/3547 1559/1559/3547
f 1561/1561/3548 1536/1536/3548 1537/1537/3548
f 1559/1559/3549 1536/1536/3549 1561/1561/3549
f 1561/1561/3550 1537/1537/3550 1542/1542/3550
f 1562/1562/3551 1538/1538/3551 1535/1535/3551
f 1562/1562/3552 1535/1535/3552 1560/1560/3552
f 1563/1563/3553 1539/1539/3553 1538/1538/3553
f 1563/1563/3554 1538/1538/3554 1562/1562/3554
f 1564/1564/3555 1540/1540/3555 1539/1539/3555
f 1564/1564/3556 1539/1539/3556 1563/1563/3556
f 1565/1565/3557 1503/1503/3557 1540/1540/3557
f 1565/1565/3558 1540/1540/3558 1564/1564/3558
f 1566/1566/3559 1504/1504/3425 1503/1503/3427
f 1566/1566/3560 1503/1503/3560 1565/1565/3560
f 1567/1567/3561 1542/1542/3561 1543/1543/3561
f 1567/1567/3562 1561/1561/3562 1542/1542/3562
f 1568/1568/3563 1505/1505/3563 1504/1504/3563
f 1568/1568/3564 1504/1504/3564 1566/1566/3564
f 1569/1569/3565 1544/1544/3565 1505/1505/3565
f 1568/1568/3566 1569/1569/3566 1505/1505/3566
f 1555/1555/3567 1514/1514/3568 1544/1544/3569
f 1506/1506/3570 1544/1544/3570 1514/1514/3570
f 1553/1553/3571 1555/1555/3567 1544/1544/3569
f 1553/1553/3571 1544/1544/3569 1569/1569/3572
f 1545/1545/3573 1508/1508/3574 1507/1507/3575
f 1570/1570/3576 1509/1509/3441 1510/1510/3440
f 1516/1516/3451 1570/1570/3577 1510/1510/3452
f 1571/1571/3578 1545/1545/3579 1509/1509/3580
f 1570/1570/3581 1571/1571/3581 1509/1509/3581
f 1572/1572/3582 1516/1516/3455 1431/1431/3454
f 1478/1478/3583 1572/1572/3583 1431/1431/3583
f 1573/1573/3584 1572/1572/3584 1478/1478/3584
f 1574/1574/3585 1478/1478/3586 1556/1556/3587
f 1574/1574/3585 1573/1573/3588 1478/1478/3586
f 1524/1524/3589 1556/1556/3589 1523/1523/3589
f 1575/1575/3590 1556/1556/3590 1524/1524/3590
f 1576/1576/3591 1574/1574/3592 1556/1556/3593
f 1576/1576/3594 1556/1556/3594 1575/1575/3594
f 1577/1577/3595 1526/1526/3538 1547/1547/3540
f 1550/1550/3596 1577/1577/3596 1547/1547/3596
f 1578/1578/3597 1524/1524/3597 1527/1527/3597
f 1579/1579/3598 1575/1575/3598 1524/1524/3598
f 1578/1578/3599 1579/1579/3599 1524/1524/3599
f 1580/1580/3600 1528/1528/3600 1526/1526/3600
f 1580/1580/3601 1526/1526/3601 1577/1577/3601
f 1581/1581/3602 1527/1527/3602 1529/1529/3602
f 1582/1582/3603 1529/1529/3603 1530/1530/3603
f 1582/1582/3604 1581/1581/3605 1529/1529/3606
f 1581/1581/3607 1578/1578/3608 1527/1527/3609
f 1583/1583/3610 1530/1530/3610 1557/1557/3610
f 1583/1583/3611 1582/1582/3611 1530/1530/3611
f 1584/1584/3612 1557/1557/3612 1558/1558/3612
f 1584/1584/3613 1583/1583/3613 1557/1557/3613
f 1585/1585/3614 1558/1558/3614 1531/1531/3614
f 1585/1585/3615 1584/1584/3615 1558/1558/3615
f 1586/1586/3616 1531/1531/3616 1533/1533/3616
f 1586/1586/3617 1585/1585/3617 1531/1531/3617
f 1580/1580/3618 1533/1533/3619 1528/1528/3620
f 1580/1580/3618 1586/1586/3621 1533/1533/3619
f 1587/1587/3622 1559/1559/3622 1561/1561/3622
f 1588/1588/3623 1587/1587/3623 1561/1561/3624
f 1589/1589/3625 1561/1561/3624 1567/1567/3626
f 1589/1589/3625 1588/1588/3623 1561/1561/3624
f 1590/1590/3627 1559/1559/3627 1587/1587/3627
f 1560/1560/3628 1559/1559/3628 1590/1590/3628
f 1591/1591/3629 1590/1590/3629 1587/1587/3629
f 1588/1588/3630 1591/1591/3630 1587/1587/3630
f 1591/1591/3631 1560/1560/3631 1590/1590/3631
f 1592/1592/3632 1562/1562/3632 1560/1560/3632
f 1593/1593/3633 1592/1592/3633 1560/1560/3633
f 1591/1591/3634 1593/1593/3634 1560/1560/3634
f 1594/1594/3635 1563/1563/3635 1562/1562/3635
f 1594/1594/3636 1562/1562/3636 1592/1592/3636
f 1595/1595/3637 1564/1564/3637 1563/1563/3637
f 1595/1595/3638 1563/1563/3638 1594/1594/3638
f 1566/1566/3639 1565/1565/3639 1564/1564/3639
f 1596/1596/3640 1566/1566/3640 1564/1564/3640
f 1596/1596/3641 1564/1564/3641 1595/1595/3641
f 1597/1597/3642 1589/1589/3625 1567/1567/3626
f 1598/1598/3643 1543/1543/3643 1541/1541/3643
f 1567/1567/3644 1543/1543/3644 1598/1598/3644
f 1599/1599/3645 1598/1598/3645 1541/1541/3645
f 1508/1508/3512 1599/1599/3646 1541/1541/3510
f 1600/1600/3647 1569/1569/3647 1566/1566/3647
f 1568/1568/3648 1566/1566/3648 1569/1569/3648
f 1601/1601/3649 1600/1600/3649 1566/1566/3649
f 1602/1602/3650 1566/1566/3650 1596/1596/3650
f 1601/1601/3651 1566/1566/3651 1602/1602/3651
f 1603/1603/3652 1569/1569/3652 1600/1600/3652
f 1554/1554/3653 1553/1553/3653 1569/1569/3653
f 1603/1603/3654 1554/1554/3654 1569/1569/3654
f 1603/1603/3655 1600/1600/3655 1601/1601/3655
f 1604/1604/3656 1572/1572/3656 1573/1573/3656
f 1605/1605/3657 1604/1604/3658 1573/1573/3588
f 1605/1605/3657 1573/1573/3588 1574/1574/3585
f 1576/1576/3591 1605/1605/3659 1574/1574/3592
f 1576/1576/3660 1575/1575/3660 1579/1579/3660
f 1606/1606/3661 1579/1579/3661 1578/1578/3661
f 1607/1607/3662 1608/1608/3662 1609/1609/3662
f 1610/1610/3663 1609/1609/3663 1608/1608/3663
f 1611/1611/3664 1607/1607/3664 1609/1609/3664
f 1612/1612/3665 1609/1609/3665 1610/1610/3665
f 1613/1613/3666 1609/1609/3666 1612/1612/3666
f 1611/1611/3667 1609/1609/3667 1613/1613/3667
f 1584/1584/3668 1608/1608/3668 1607/1607/3668
f 1614/1614/1196 1610/1610/1196 1608/1608/1196
f 1615/1615/1196 1614/1614/1196 1608/1608/1196
f 1585/1585/3669 1615/1615/3669 1608/1608/3669
f 1585/1585/3670 1608/1608/3670 1584/1584/3670
f 1584/1584/3671 1607/1607/3671 1583/1583/3671
f 1616/1616/3672 1583/1583/3672 1607/1607/3672
f 1616/1616/3664 1607/1607/3664 1611/1611/3664
f 1617/1617/3673 1610/1610/3673 1614/1614/3673
f 1617/1617/3674 1612/1612/3674 1610/1610/3674
f 1618/1618/3675 1614/1614/3676 1615/1615/3677
f 1618/1618/3675 1617/1617/3678 1614/1614/3676
f 1619/1619/3679 1615/1615/3679 1585/1585/3679
f 1619/1619/3680 1618/1618/3680 1615/1615/3680
f 1620/1620/3681 1578/1578/3608 1581/1581/3607
f 1582/1582/3604 1620/1620/3682 1581/1581/3605
f 1621/1621/3683 1606/1606/3684 1578/1578/3608
f 1620/1620/3681 1621/1621/3683 1578/1578/3608
f 1622/1622/3685 1623/1623/3686 1606/1606/3684
f 1621/1621/3683 1622/1622/3685 1606/1606/3684
f 1623/1623/3687 1579/1579/3687 1606/1606/3687
f 1624/1624/3686 1625/1625/3688 1623/1623/3686
f 1622/1622/3685 1624/1624/3686 1623/1623/3686
f 1624/1624/3689 1626/1626/3689 1625/1625/3689
f 1627/1627/3690 1626/1626/3690 1624/1624/3690
f 1625/1625/3691 1626/1626/3691 1628/1628/3691
f 1629/1629/3692 1624/1624/3693 1622/1622/3694
f 1630/1630/3695 1624/1624/3693 1629/1629/3692
f 1627/1627/3696 1624/1624/3696 1630/1630/3696
f 1629/1629/3697 1622/1622/3698 1621/1621/3699
f 1631/1631/3700 1621/1621/3701 1620/1620/3702
f 1632/1632/3703 1621/1621/3701 1631/1631/3700
f 1629/1629/3697 1621/1621/3699 1632/1632/3704
f 1631/1631/3705 1620/1620/3705 1633/1633/3705
f 1616/1616/3706 1620/1620/3706 1582/1582/3706
f 1633/1633/3707 1620/1620/3707 1616/1616/3707
f 1616/1616/3708 1582/1582/3708 1583/1583/3708
f 1634/1634/3709 1585/1585/3709 1586/1586/3709
f 1619/1619/3710 1585/1585/3710 1634/1634/3710
f 1634/1634/3711 1586/1586/3711 1580/1580/3711
f 1635/1635/3712 1580/1580/3712 1577/1577/3712
f 1634/1634/3713 1580/1580/3713 1635/1635/3713
f 1636/1636/3714 1637/1637/3715 1595/1595/3716
f 1596/1596/3717 1595/1595/3717 1637/1637/3717
f 1594/1594/3718 1636/1636/3714 1595/1595/3716
f 1636/1636/3714 1638/1638/3719 1637/1637/3715
f 1636/1636/3714 1639/1639/3720 1638/1638/3719
f 1636/1636/3714 1640/1640/3721 1639/1639/3720
f 1641/1641/3722 1642/1642/3723 1640/1640/3721
f 1636/1636/3714 1641/1641/3722 1640/1640/3721
f 1643/1643/3724 1644/1644/3623 1642/1642/3723
f 1641/1641/3722 1643/1643/3724 1642/1642/3723
f 1645/1645/3623 1646/1646/3623 1644/1644/3623
f 1643/1643/3724 1645/1645/3623 1644/1644/3623
f 1645/1645/3623 1647/1647/3623 1646/1646/3623
f 1648/1648/3623 1649/1649/3623 1647/1647/3623
f 1645/1645/3623 1648/1648/3623 1647/1647/3623
f 1650/1650/3623 1651/1651/3623 1649/1649/3623
f 1648/1648/3623 1650/1650/3623 1649/1649/3623
f 1652/1652/3623 1653/1653/3623 1651/1651/3623
f 1654/1654/3725 1651/1651/3725 1653/1653/3725
f 1650/1650/3623 1652/1652/3623 1651/1651/3623
f 1655/1655/3726 1649/1649/3726 1651/1651/3726
f 1654/1654/3727 1655/1655/3727 1651/1651/3727
f 1652/1652/3623 1656/1656/3623 1653/1653/3623
f 1657/1657/3623 1658/1658/3623 1653/1653/3623
f 1656/1656/3623 1657/1657/3623 1653/1653/3623
f 1659/1659/3728 1660/1660/3729 1658/1658/3623
f 1657/1657/3623 1659/1659/3728 1658/1658/3623
f 1659/1659/3728 1661/1661/3730 1660/1660/3729
f 1662/1662/3623 1663/1663/3623 1652/1652/3623
f 1664/1664/3623 1662/1662/3623 1652/1652/3623
f 1665/1665/3623 1664/1664/3623 1652/1652/3623
f 1650/1650/3623 1665/1665/3623 1652/1652/3623
f 1662/1662/3623 1666/1666/3623 1663/1663/3623
f 1666/1666/3623 1667/1667/3623 1663/1663/3623
f 1668/1668/3731 1669/1669/3732 1667/1667/3623
f 1670/1670/3733 1668/1668/3731 1667/1667/3623
f 1666/1666/3623 1670/1670/3733 1667/1667/3623
f 1668/1668/3731 1671/1671/3734 1669/1669/3732
f 1672/1672/3735 1671/1671/3735 1668/1668/3735
f 1672/1672/3736 1673/1673/3736 1671/1671/3736
f 1672/1672/3737 1668/1668/3737 1670/1670/3737
f 1672/1672/3738 1670/1670/3738 1674/1674/3738
f 1675/1675/3739 1670/1670/3739 1666/1666/3739
f 1676/1676/3740 1674/1674/3740 1670/1670/3740
f 1677/1677/3741 1676/1676/3741 1670/1670/3741
f 1675/1675/3742 1677/1677/3742 1670/1670/3742
f 1675/1675/3743 1666/1666/3743 1662/1662/3743
f 1675/1675/3744 1662/1662/3744 1664/1664/3744
f 1678/1678/3745 1664/1664/3745 1665/1665/3745
f 1675/1675/3746 1664/1664/3746 1678/1678/3746
f 1679/1679/3747 1665/1665/3747 1650/1650/3747
f 1679/1679/3748 1678/1678/3748 1665/1665/3748
f 1648/1648/3623 1680/1680/3623 1650/1650/3623
f 1679/1679/3749 1650/1650/3749 1680/1680/3749
f 1681/1681/3750 1680/1680/3750 1648/1648/3750
f 1681/1681/3751 1682/1682/3751 1680/1680/3751
f 1683/1683/3752 1680/1680/3752 1682/1682/3752
f 1684/1684/3753 1679/1679/3753 1680/1680/3753
f 1683/1683/3754 1684/1684/3754 1680/1680/3754
f 1681/1681/3755 1648/1648/3755 1645/1645/3755
f 1685/1685/3756 1645/1645/3756 1643/1643/3756
f 1681/1681/3757 1645/1645/3757 1685/1685/3757
f 1685/1685/3758 1643/1643/3758 1641/1641/3758
f 1636/1636/3714 1686/1686/3759 1641/1641/3722
f 1687/1687/3760 1641/1641/3760 1686/1686/3760
f 1688/1688/3761 1641/1641/3761 1687/1687/3761
f 1689/1689/3762 1641/1641/3762 1688/1688/3762
f 1685/1685/3763 1641/1641/3763 1689/1689/3763
f 1690/1690/3764 1691/1691/3765 1592/1592/3766
f 1594/1594/3767 1592/1592/3766 1691/1691/3765
f 1692/1692/3768 1690/1690/3764 1592/1592/3766
f 1693/1693/3769 1692/1692/3768 1592/1592/3766
f 1694/1694/3770 1693/1693/3769 1592/1592/3766
f 1695/1695/3771 1694/1694/3770 1592/1592/3766
f 1696/1696/3772 1691/1691/3772 1690/1690/3772
f 1686/1686/3759 1594/1594/3767 1691/1691/3765
f 1687/1687/3773 1686/1686/3773 1691/1691/3773
f 1687/1687/3774 1691/1691/3774 1696/1696/3774
f 1697/1697/3775 1690/1690/3775 1692/1692/3775
f 1696/1696/3776 1690/1690/3776 1697/1697/3776
f 1693/1693/3769 1698/1698/3623 1692/1692/3768
f 1697/1697/3777 1692/1692/3777 1698/1698/3777
f 1699/1699/3778 1698/1698/3778 1693/1693/3778
f 1676/1676/3779 1698/1698/3779 1699/1699/3779
f 1700/1700/3780 1697/1697/3780 1698/1698/3780
f 1676/1676/3781 1700/1700/3781 1698/1698/3781
f 1699/1699/3782 1693/1693/3782 1694/1694/3782
f 1701/1701/3783 1694/1694/3783 1673/1673/3783
f 1699/1699/3784 1694/1694/3784 1701/1701/3784
f 1702/1702/3785 1694/1694/3785 1695/1695/3785
f 1703/1703/3786 1695/1695/3786 1592/1592/3786
f 1703/1703/3787 1589/1589/3787 1695/1695/3787
f 1702/1702/3788 1695/1695/3788 1589/1589/3788
f 1703/1703/3789 1592/1592/3789 1593/1593/3789
f 1703/1703/3790 1593/1593/3790 1591/1591/3790
f 1602/1602/3791 1596/1596/3791 1637/1637/3791
f 1638/1638/3792 1602/1602/3792 1637/1637/3792
f 1703/1703/3793 1591/1591/3793 1588/1588/3793
f 1603/1603/3794 1601/1601/3794 1602/1602/3794
f 1603/1603/3795 1602/1602/3795 1638/1638/3795
f 1704/1704/3796 1598/1598/3796 1599/1599/3796
f 1705/1705/3797 1567/1567/3797 1598/1598/3797
f 1704/1704/3798 1705/1705/3798 1598/1598/3798
f 1706/1706/3799 1704/1704/3799 1599/1599/3799
f 1705/1705/3800 1597/1597/3642 1567/1567/3626
f 1703/1703/3801 1588/1588/3801 1589/1589/3801
f 1702/1702/3802 1589/1589/3803 1597/1597/3804
f 1707/1707/3805 1597/1597/3805 1705/1705/3805
f 1707/1707/3806 1702/1702/3802 1597/1597/3804
f 1708/1708/3807 1705/1705/3807 1704/1704/3807
f 1708/1708/3808 1707/1707/3808 1705/1705/3808
f 1709/1709/3809 1554/1554/3809 1601/1601/3809
f 1603/1603/3810 1601/1601/3810 1554/1554/3810
f 1710/1710/3811 1709/1709/3811 1601/1601/3811
f 1711/1711/3812 1601/1601/3812 1603/1603/3812
f 1712/1712/3813 1601/1601/3813 1711/1711/3813
f 1710/1710/3814 1601/1601/3814 1712/1712/3814
f 1713/1713/3815 1554/1554/3815 1709/1709/3815
f 1551/1551/3816 1554/1554/3816 1713/1713/3816
f 1713/1713/3623 1709/1709/3623 1710/1710/3623
f 1714/1714/3817 1508/1508/3574 1545/1545/3573
f 1571/1571/3578 1714/1714/3818 1545/1545/3579
f 1715/1715/3819 1570/1570/3577 1516/1516/3451
f 1716/1716/3820 1516/1516/3821 1572/1572/3822
f 1716/1716/3820 1715/1715/3823 1516/1516/3821
f 1604/1604/3824 1716/1716/3824 1572/1572/3824
f 1576/1576/3591 1717/1717/3825 1605/1605/3659
f 1718/1718/3826 1613/1613/3826 1612/1612/3826
f 1618/1618/3827 1612/1612/3827 1617/1617/3827
f 1719/1719/3828 1612/1612/3828 1618/1618/3828
f 1720/1720/3829 1718/1718/3829 1612/1612/3829
f 1720/1720/3830 1612/1612/3830 1719/1719/3830
f 1721/1721/3831 1611/1611/3831 1613/1613/3831
f 1722/1722/3832 1613/1613/3832 1718/1718/3832
f 1721/1721/3833 1613/1613/3833 1722/1722/3833
f 1617/1617/3834 1723/1723/3834 1724/1724/3834
f 1725/1725/3835 1724/1724/3835 1723/1723/3835
f 1726/1726/3836 1724/1724/3836 1725/1725/3836
f 1727/1727/3837 1724/1724/3837 1726/1726/3837
f 1617/1617/3838 1724/1724/3838 1727/1727/3838
f 1728/1728/3839 1723/1723/3839 1617/1617/3839
f 1577/1577/3840 1725/1725/3840 1723/1723/3840
f 1635/1635/3841 1577/1577/3841 1723/1723/3841
f 1729/1729/3842 1635/1635/3842 1723/1723/3842
f 1729/1729/3843 1723/1723/3843 1728/1728/3843
f 1550/1550/3844 1725/1725/3844 1577/1577/3844
f 1549/1549/3845 1725/1725/3845 1550/1550/3845
f 1549/1549/3845 1726/1726/3845 1725/1725/3845
f 1633/1633/3846 1616/1616/3846 1611/1611/3846
f 1633/1633/3847 1611/1611/3847 1721/1721/3847
f 1719/1719/3848 1618/1618/3848 1619/1619/3848
f 1730/1730/3849 1634/1634/3849 1635/1635/3849
f 1730/1730/3850 1635/1635/3850 1729/1729/3850
f 1730/1730/3851 1619/1619/3851 1634/1634/3851
f 1731/1731/3852 1719/1719/3852 1619/1619/3852
f 1732/1732/3853 1731/1731/3853 1619/1619/3853
f 1730/1730/3854 1732/1732/3854 1619/1619/3854
f 1707/1707/3855 1694/1694/3855 1702/1702/3855
f 1636/1636/3714 1594/1594/3767 1686/1686/3759
f 1733/1733/3856 1603/1603/3856 1638/1638/3856
f 1639/1639/3857 1733/1733/3857 1638/1638/3857
f 1711/1711/3858 1603/1603/3858 1733/1733/3858
f 1734/1734/3859 1711/1711/3859 1733/1733/3859
f 1735/1735/3860 1734/1734/3860 1733/1733/3860
f 1735/1735/3861 1733/1733/3861 1639/1639/3861
f 1736/1736/3862 1704/1704/3862 1706/1706/3862
f 1708/1708/3863 1704/1704/3863 1736/1736/3863
f 1737/1737/3864 1599/1599/3646 1508/1508/3512
f 1713/1713/3865 1712/1712/3865 1711/1711/3865
f 1738/1738/3866 1713/1713/3866 1711/1711/3866
f 1739/1739/3867 1711/1711/3867 1734/1734/3867
f 1738/1738/3868 1711/1711/3868 1739/1739/3868
f 1713/1713/3869 1710/1710/3869 1712/1712/3869
f 1714/1714/3817 1737/1737/3870 1508/1508/3574
f 1740/1740/3871 1714/1714/3818 1571/1571/3578
f 1740/1740/3872 1571/1571/3872 1570/1570/3872
f 1741/1741/3873 1713/1713/3873 1738/1738/3873
f 1741/1741/3873 1551/1551/3873 1713/1713/3873
f 1742/1742/3874 1604/1604/3874 1605/1605/3874
f 1743/1743/3875 1727/1727/3875 1726/1726/3875
f 1549/1549/3845 1743/1743/3845 1726/1726/3845
f 1744/1744/3876 1727/1727/3876 1743/1743/3876
f 1745/1745/3877 1727/1727/3877 1744/1744/3877
f 1745/1745/3878 1617/1617/3878 1727/1727/3878
f 1741/1741/3845 1744/1744/3845 1743/1743/3845
f 1549/1549/3845 1741/1741/3845 1743/1743/3845
f 1741/1741/3845 1746/1746/3845 1744/1744/3845
f 1747/1747/3879 1744/1744/3879 1746/1746/3879
f 1747/1747/3880 1745/1745/3880 1744/1744/3880
f 1748/1748/3845 1749/1749/3845 1746/1746/3845
f 1750/1750/3881 1746/1746/3881 1749/1749/3881
f 1741/1741/3623 1748/1748/3623 1746/1746/3623
f 1747/1747/3882 1746/1746/3882 1750/1750/3882
f 1750/1750/3883 1749/1749/3883 1748/1748/3883
f 1751/1751/3845 1752/1752/3845 1748/1748/3845
f 1753/1753/3884 1748/1748/3884 1752/1752/3884
f 1754/1754/3845 1751/1751/3845 1748/1748/3845
f 1741/1741/3845 1754/1754/3845 1748/1748/3845
f 1750/1750/3883 1748/1748/3883 1753/1753/3883
f 1751/1751/3845 1755/1755/3845 1752/1752/3845
f 1756/1756/3885 1752/1752/3885 1755/1755/3885
f 1753/1753/3884 1752/1752/3884 1756/1756/3884
f 1757/1757/3449 1755/1755/3449 1751/1751/3449
f 1758/1758/3886 1756/1756/3886 1755/1755/3886
f 1759/1759/3449 1755/1755/3449 1757/1757/3449
f 1759/1759/3449 1760/1760/3449 1755/1755/3449
f 1761/1761/3887 1755/1755/3887 1760/1760/3887
f 1761/1761/3845 1758/1758/3845 1755/1755/3845
f 1762/1762/3888 1751/1751/3888 1754/1754/3888
f 1757/1757/3888 1751/1751/3888 1762/1762/3888
f 1763/1763/3889 1754/1754/3889 1741/1741/3889
f 1762/1762/3889 1754/1754/3889 1763/1763/3889
f 1549/1549/3873 1551/1551/3873 1741/1741/3873
f 1764/1764/3890 1717/1717/3890 1576/1576/3890
f 1742/1742/3891 1605/1605/3891 1717/1717/3891
f 1720/1720/3892 1722/1722/3892 1718/1718/3892
f 1720/1720/3893 1721/1721/3893 1722/1722/3893
f 1745/1745/3766 1728/1728/3766 1617/1617/3894
f 1623/1623/3895 1576/1576/3895 1579/1579/3895
f 1764/1764/3896 1576/1576/3896 1623/1623/3896
f 1633/1633/3897 1721/1721/3897 1720/1720/3897
f 1765/1765/3898 1720/1720/3898 1719/1719/3898
f 1765/1765/3899 1719/1719/3899 1731/1731/3899
f 1765/1765/3897 1633/1633/3897 1720/1720/3897
f 1745/1745/3766 1766/1766/3623 1728/1728/3766
f 1729/1729/3900 1728/1728/3901 1766/1766/3902
f 1767/1767/3903 1729/1729/3900 1766/1766/3902
f 1745/1745/3766 1768/1768/3623 1766/1766/3623
f 1769/1769/3904 1766/1766/3904 1768/1768/3904
f 1769/1769/3905 1767/1767/3905 1766/1766/3905
f 1745/1745/3766 1750/1750/3623 1768/1768/3623
f 1770/1770/3906 1769/1769/3906 1768/1768/3906
f 1753/1753/3623 1771/1771/3623 1768/1768/3623
f 1772/1772/3907 1768/1768/3907 1771/1771/3907
f 1750/1750/3623 1753/1753/3623 1768/1768/3623
f 1770/1770/3908 1768/1768/3908 1772/1772/3908
f 1756/1756/3909 1773/1773/3623 1771/1771/3623
f 1774/1774/3910 1771/1771/3910 1773/1773/3910
f 1753/1753/3623 1756/1756/3909 1771/1771/3623
f 1772/1772/3910 1771/1771/3910 1774/1774/3910
f 1756/1756/3909 1775/1775/3623 1773/1773/3623
f 1776/1776/3911 1773/1773/3911 1775/1775/3911
f 1774/1774/3911 1773/1773/3911 1776/1776/3911
f 1756/1756/3909 1777/1777/3912 1775/1775/3623
f 1778/1778/3913 1775/1775/3914 1777/1777/3915
f 1776/1776/3916 1775/1775/3914 1778/1778/3913
f 1756/1756/3909 1779/1779/3917 1777/1777/3912
f 1780/1780/3918 1777/1777/3918 1779/1779/3918
f 1778/1778/3919 1777/1777/3919 1780/1780/3919
f 1781/1781/3920 1779/1779/3920 1756/1756/3920
f 1780/1780/3921 1779/1779/3921 1782/1782/3921
f 1783/1783/3922 1782/1782/3922 1779/1779/3922
f 1784/1784/3923 1779/1779/3923 1781/1781/3923
f 1783/1783/3924 1779/1779/3925 1784/1784/3926
f 1781/1781/3927 1756/1756/3927 1758/1758/3927
f 1747/1747/3928 1750/1750/3928 1745/1745/3928
f 1767/1767/3903 1730/1730/3929 1729/1729/3900
f 1625/1625/3930 1764/1764/3930 1623/1623/3930
f 1785/1785/3845 1633/1633/3845 1765/1765/3845
f 1785/1785/3845 1631/1631/3845 1633/1633/3845
f 1765/1765/3931 1731/1731/3931 1732/1732/3931
f 1785/1785/3845 1765/1765/3845 1732/1732/3845
f 1786/1786/3845 1732/1732/3845 1730/1730/3845
f 1786/1786/3845 1785/1785/3845 1732/1732/3845
f 1787/1787/3845 1730/1730/3845 1767/1767/3845
f 1787/1787/3845 1786/1786/3845 1730/1730/3845
f 1788/1788/3932 1694/1694/3932 1707/1707/3932
f 1788/1788/3933 1673/1673/3933 1694/1694/3933
f 1640/1640/3934 1735/1735/3934 1639/1639/3934
f 1789/1789/3935 1640/1640/3935 1642/1642/3935
f 1788/1788/3936 1707/1707/3936 1708/1708/3936
f 1734/1734/3937 1735/1735/3937 1640/1640/3937
f 1734/1734/3938 1640/1640/3938 1789/1789/3938
f 1790/1790/3939 1708/1708/3939 1736/1736/3939
f 1791/1791/3940 1706/1706/3940 1599/1599/3940
f 1791/1791/3941 1599/1599/3941 1737/1737/3941
f 1790/1790/3942 1788/1788/3942 1708/1708/3942
f 1792/1792/3943 1739/1739/3943 1734/1734/3943
f 1793/1793/3944 1734/1734/3944 1789/1789/3944
f 1792/1792/3945 1734/1734/3945 1763/1763/3945
f 1793/1793/3946 1763/1763/3946 1734/1734/3946
f 1792/1792/3947 1738/1738/3947 1739/1739/3947
f 1794/1794/3948 1793/1793/3948 1789/1789/3948
f 1795/1795/3949 1737/1737/3949 1714/1714/3949
f 1795/1795/3950 1791/1791/3950 1737/1737/3950
f 1795/1795/3951 1714/1714/3951 1740/1740/3951
f 1792/1792/3873 1741/1741/3873 1738/1738/3873
f 1792/1792/3873 1763/1763/3873 1741/1741/3873
f 1762/1762/3952 1763/1763/3953 1793/1793/3954
f 1795/1795/3955 1740/1740/3955 1570/1570/3955
f 1795/1795/3956 1570/1570/3956 1715/1715/3956
f 1742/1742/3957 1717/1717/3957 1764/1764/3957
f 1742/1742/3958 1764/1764/3958 1625/1625/3958
f 1796/1796/3845 1787/1787/3845 1767/1767/3845
f 1796/1796/3845 1767/1767/3845 1769/1769/3845
f 1797/1797/3845 1796/1796/3845 1769/1769/3845
f 1770/1770/3959 1797/1797/3845 1769/1769/3845
f 1798/1798/3960 1631/1631/3960 1785/1785/3960
f 1798/1798/3961 1632/1632/3961 1631/1631/3961
f 1799/1799/3962 1785/1785/3962 1786/1786/3962
f 1799/1799/3963 1798/1798/3963 1785/1785/3963
f 1800/1800/3964 1786/1786/3964 1787/1787/3964
f 1800/1800/3965 1799/1799/3965 1786/1786/3965
f 1800/1800/3966 1787/1787/3966 1796/1796/3966
f 1801/1801/3967 1796/1796/3967 1797/1797/3967
f 1802/1802/3968 1800/1800/3968 1796/1796/3968
f 1803/1803/3969 1796/1796/3969 1801/1801/3969
f 1803/1803/3970 1802/1802/3970 1796/1796/3970
f 1770/1770/3959 1804/1804/3971 1797/1797/3845
f 1801/1801/3972 1797/1797/3972 1804/1804/3972
f 1770/1770/3959 1778/1778/3973 1804/1804/3971
f 1805/1805/3974 1804/1804/3974 1778/1778/3974
f 1805/1805/3975 1801/1801/3975 1804/1804/3975
f 1806/1806/3976 1807/1807/3977 1778/1778/3978
f 1805/1805/3979 1778/1778/3979 1807/1807/3979
f 1782/1782/3980 1806/1806/3976 1778/1778/3978
f 1780/1780/3981 1782/1782/3981 1778/1778/3981
f 1808/1808/3982 1807/1807/3982 1806/1806/3982
f 1809/1809/3983 1805/1805/3983 1807/1807/3983
f 1809/1809/3984 1807/1807/3984 1808/1808/3984
f 1810/1810/3845 1811/1811/3845 1806/1806/3976
f 1808/1808/3985 1806/1806/3985 1811/1811/3985
f 1782/1782/3980 1810/1810/3845 1806/1806/3976
f 1812/1812/3845 1813/1813/3845 1811/1811/3845
f 1814/1814/3986 1811/1811/3986 1813/1813/3986
f 1815/1815/3845 1812/1812/3845 1811/1811/3845
f 1810/1810/3845 1815/1815/3845 1811/1811/3845
f 1808/1808/3987 1811/1811/3987 1814/1814/3987
f 1816/1816/3988 1813/1813/3988 1817/1817/3988
f 1812/1812/3989 1817/1817/3989 1813/1813/3989
f 1814/1814/3990 1813/1813/3990 1816/1816/3990
f 1818/1818/3991 1819/1819/3991 1817/1817/3991
f 1816/1816/3992 1817/1817/3992 1819/1819/3992
f 1820/1820/3845 1821/1821/3845 1819/1819/3845
f 1816/1816/3993 1819/1819/3993 1821/1821/3993
f 1818/1818/3845 1820/1820/3845 1819/1819/3845
f 1820/1820/3845 1822/1822/3845 1821/1821/3845
f 1823/1823/3994 1821/1821/3994 1822/1822/3994
f 1816/1816/3995 1821/1821/3995 1823/1823/3995
f 1820/1820/3845 1632/1632/3845 1822/1822/3845
f 1824/1824/3996 1822/1822/3996 1632/1632/3996
f 1823/1823/3997 1822/1822/3997 1824/1824/3997
f 1825/1825/3845 1629/1629/3998 1632/1632/3845
f 1820/1820/3845 1825/1825/3845 1632/1632/3845
f 1824/1824/3999 1632/1632/3999 1798/1798/3999
f 1826/1826/4000 1630/1630/4001 1629/1629/3998
f 1825/1825/3845 1826/1826/4000 1629/1629/3998
f 1827/1827/4002 1627/1627/4002 1630/1630/4002
f 1626/1626/4003 1627/1627/4004 1628/1628/4005
f 1827/1827/4006 1628/1628/4005 1627/1627/4004
f 1828/1828/4007 1630/1630/4007 1826/1826/4007
f 1828/1828/4008 1827/1827/4008 1630/1630/4008
f 1829/1829/4009 1826/1826/4009 1825/1825/4009
f 1829/1829/4010 1828/1828/4010 1826/1826/4010
f 1830/1830/4011 1825/1825/4012 1820/1820/4012
f 1831/1831/4009 1829/1829/4009 1825/1825/4009
f 1830/1830/4011 1831/1831/4012 1825/1825/4012
f 1832/1832/4013 1830/1830/4013 1820/1820/4013
f 1818/1818/4014 1832/1832/4014 1820/1820/4014
f 1833/1833/4015 1817/1817/4016 1812/1812/4017
f 1834/1834/4018 1812/1812/4018 1815/1815/4018
f 1833/1833/4018 1812/1812/4018 1834/1834/4018
f 1835/1835/4019 1815/1815/4019 1810/1810/4019
f 1834/1834/4019 1815/1815/4019 1835/1835/4019
f 1783/1783/4020 1810/1810/4020 1782/1782/4020
f 1835/1835/4020 1810/1810/4020 1783/1783/4020
f 1772/1772/4021 1776/1776/4022 1778/1778/3973
f 1770/1770/3959 1772/1772/4021 1778/1778/3973
f 1772/1772/4021 1774/1774/3845 1776/1776/4022
f 1836/1836/4023 1673/1673/4023 1788/1788/4023
f 1790/1790/4024 1836/1836/4024 1788/1788/4024
f 1672/1672/4025 1701/1701/4025 1673/1673/4025
f 1671/1671/4026 1673/1673/4026 1836/1836/4026
f 1837/1837/4027 1836/1836/4027 1790/1790/4027
f 1837/1837/4028 1671/1671/4028 1836/1836/4028
f 1674/1674/4029 1699/1699/4029 1701/1701/4029
f 1676/1676/4030 1699/1699/4030 1674/1674/4030
f 1838/1838/4031 1696/1696/4031 1697/1697/4031
f 1700/1700/4032 1838/1838/4032 1697/1697/4032
f 1839/1839/4033 1687/1687/4033 1696/1696/4033
f 1839/1839/4034 1696/1696/4034 1838/1838/4034
f 1688/1688/4035 1687/1687/4035 1839/1839/4035
f 1794/1794/4036 1789/1789/4037 1642/1642/4036
f 1794/1794/4036 1642/1642/4036 1644/1644/4038
f 1840/1840/4039 1790/1790/4039 1736/1736/4039
f 1841/1841/4040 1790/1790/4040 1840/1840/4040
f 1841/1841/4041 1837/1837/4041 1790/1790/4041
f 1791/1791/4042 1842/1842/4042 1706/1706/4042
f 1736/1736/4043 1706/1706/4043 1842/1842/4043
f 1843/1843/4044 1842/1842/4045 1791/1791/4046
f 1840/1840/4047 1736/1736/4047 1842/1842/4047
f 1841/1841/4048 1840/1840/4048 1842/1842/4048
f 1844/1844/1196 1842/1842/4045 1843/1843/4044
f 1845/1845/4049 1842/1842/4049 1844/1844/4049
f 1846/1846/4050 1841/1841/4050 1842/1842/4050
f 1845/1845/4051 1846/1846/4051 1842/1842/4051
f 1847/1847/4052 1793/1793/4052 1794/1794/4052
f 1762/1762/3952 1793/1793/3954 1847/1847/4053
f 1795/1795/4044 1843/1843/4044 1791/1791/4046
f 1845/1845/4054 1844/1844/4054 1843/1843/4054
f 1795/1795/4044 1848/1848/1196 1843/1843/4044
f 1849/1849/4055 1843/1843/4055 1848/1848/4055
f 1850/1850/4056 1845/1845/4056 1843/1843/4056
f 1849/1849/4057 1850/1850/4057 1843/1843/4057
f 1851/1851/4058 1852/1852/1196 1848/1848/1196
f 1853/1853/4059 1848/1848/4059 1852/1852/4059
f 1795/1795/4044 1851/1851/4058 1848/1848/1196
f 1854/1854/4060 1848/1848/4060 1853/1853/4060
f 1849/1849/4061 1848/1848/4061 1854/1854/4061
f 1855/1855/4062 1852/1852/4062 1851/1851/4062
f 1856/1856/4063 1853/1853/4063 1852/1852/4063
f 1857/1857/4064 1852/1852/4064 1855/1855/4064
f 1857/1857/4065 1856/1856/4065 1852/1852/4065
f 1715/1715/2695 1858/1858/4066 1851/1851/4058
f 1855/1855/4067 1851/1851/4067 1858/1858/4067
f 1795/1795/4044 1715/1715/2695 1851/1851/4058
f 1859/1859/4068 1860/1860/1196 1858/1858/4066
f 1855/1855/4069 1858/1858/4069 1860/1860/4069
f 1716/1716/4070 1859/1859/4068 1858/1858/4066
f 1715/1715/2695 1716/1716/4070 1858/1858/4066
f 1861/1861/4071 1860/1860/4071 1859/1859/4071
f 1861/1861/4072 1855/1855/4072 1860/1860/4072
f 1604/1604/4073 1862/1862/4074 1859/1859/4068
f 1863/1863/4075 1859/1859/4075 1862/1862/4075
f 1716/1716/4070 1604/1604/4073 1859/1859/4068
f 1864/1864/4076 1861/1861/4076 1859/1859/4076
f 1863/1863/4077 1864/1864/4077 1859/1859/4077
f 1742/1742/4078 1865/1865/4079 1862/1862/4074
f 1866/1866/4080 1862/1862/4080 1865/1865/4080
f 1604/1604/4073 1742/1742/4078 1862/1862/4074
f 1867/1867/4081 1862/1862/4081 1866/1866/4081
f 1863/1863/4082 1862/1862/4082 1867/1867/4082
f 1625/1625/4083 1868/1868/492 1865/1865/4079
f 1869/1869/4084 1865/1865/4084 1868/1868/4084
f 1742/1742/4078 1625/1625/4083 1865/1865/4079
f 1870/1870/4085 1866/1866/4085 1865/1865/4085
f 1870/1870/4086 1865/1865/4086 1869/1869/4086
f 1625/1625/4083 1628/1628/492 1868/1868/492
f 1869/1869/4087 1868/1868/4087 1628/1628/4087
f 1871/1871/4088 1869/1869/4088 1628/1628/4088
f 1828/1828/4089 1628/1628/4089 1827/1827/4089
f 1871/1871/4090 1628/1628/4090 1828/1828/4090
f 1856/1856/4091 1854/1854/4091 1853/1853/4091
f 1861/1861/4092 1857/1857/4092 1855/1855/4092
f 1870/1870/4093 1867/1867/4093 1866/1866/4093
f 1872/1872/4094 1798/1798/4094 1799/1799/4094
f 1873/1873/4095 1824/1824/4095 1798/1798/4095
f 1874/1874/4096 1798/1798/4096 1872/1872/4096
f 1873/1873/4097 1798/1798/4097 1874/1874/4097
f 1875/1875/4098 1799/1799/4098 1800/1800/4098
f 1875/1875/4099 1872/1872/4099 1799/1799/4099
f 1802/1802/4100 1875/1875/4100 1800/1800/4100
f 1672/1672/4101 1674/1674/4101 1701/1701/4101
f 1876/1876/4102 1839/1839/4102 1838/1838/4102
f 1700/1700/4103 1876/1876/4103 1838/1838/4103
f 1683/1683/4104 1688/1688/4104 1839/1839/4104
f 1683/1683/4105 1839/1839/4106 1876/1876/4105
f 1677/1677/4107 1876/1876/4108 1700/1700/4109
f 1877/1877/4110 1683/1683/4105 1876/1876/4105
f 1677/1677/4107 1877/1877/4111 1876/1876/4108
f 1677/1677/4112 1700/1700/4112 1676/1676/4112
f 1878/1878/4113 1689/1689/4113 1688/1688/4113
f 1682/1682/4114 1688/1688/4114 1683/1683/4114
f 1682/1682/4115 1878/1878/4115 1688/1688/4115
f 1879/1879/4116 1683/1683/4116 1877/1877/4116
f 1684/1684/4117 1683/1683/4117 1879/1879/4117
f 1675/1675/4118 1877/1877/4118 1677/1677/4118
f 1675/1675/4119 1880/1880/4119 1877/1877/4119
f 1879/1879/4120 1877/1877/4120 1880/1880/4120
f 1685/1685/4121 1689/1689/4121 1878/1878/4121
f 1681/1681/4122 1685/1685/4122 1878/1878/4122
f 1681/1681/4123 1878/1878/4123 1682/1682/4123
f 1881/1881/4124 1671/1671/4124 1837/1837/4124
f 1881/1881/4125 1669/1669/4125 1671/1671/4125
f 1882/1882/4126 1794/1794/4127 1644/1644/4128
f 1882/1882/4126 1644/1644/4128 1646/1646/4129
f 1883/1883/4130 1837/1837/4130 1841/1841/4130
f 1883/1883/4131 1881/1881/4131 1837/1837/4131
f 1883/1883/4132 1841/1841/4132 1846/1846/4132
f 1882/1882/4133 1847/1847/4134 1794/1794/4135
f 1884/1884/4136 1762/1762/4136 1847/1847/4136
f 1885/1885/4137 1847/1847/4134 1882/1882/4133
f 1884/1884/4138 1847/1847/4138 1885/1885/4138
f 1886/1886/4139 1846/1846/4139 1845/1845/4139
f 1887/1887/4140 1883/1883/4140 1846/1846/4140
f 1886/1886/4141 1887/1887/4141 1846/1846/4141
f 1886/1886/4142 1845/1845/4142 1850/1850/4142
f 1757/1757/4143 1762/1762/4143 1884/1884/4143
f 1888/1888/4144 1850/1850/4144 1849/1849/4144
f 1888/1888/4145 1886/1886/4145 1850/1850/4145
f 1888/1888/4146 1849/1849/4146 1854/1854/4146
f 1889/1889/4147 1854/1854/4147 1856/1856/4147
f 1889/1889/4148 1888/1888/4148 1854/1854/4148
f 1890/1890/4149 1856/1856/4149 1857/1857/4149
f 1890/1890/4150 1889/1889/4150 1856/1856/4150
f 1891/1891/4151 1857/1857/4151 1861/1861/4151
f 1891/1891/4152 1890/1890/4152 1857/1857/4152
f 1891/1891/4153 1861/1861/4153 1864/1864/4153
f 1892/1892/4154 1864/1864/4154 1863/1863/4154
f 1892/1892/4155 1891/1891/4155 1864/1864/4155
f 1870/1870/4156 1863/1863/4156 1867/1867/4156
f 1892/1892/4157 1863/1863/4157 1870/1870/4157
f 1871/1871/4158 1870/1870/4158 1869/1869/4158
f 1893/1893/4159 1892/1892/4159 1870/1870/4159
f 1871/1871/4160 1893/1893/4160 1870/1870/4160
f 1894/1894/4161 1824/1824/4161 1873/1873/4162
f 1823/1823/4163 1824/1824/4161 1894/1894/4161
f 1895/1895/4164 1803/1803/4164 1801/1801/4164
f 1895/1895/4165 1801/1801/4165 1805/1805/4165
f 1809/1809/4166 1872/1872/4167 1875/1875/4168
f 1873/1873/4169 1874/1874/4169 1872/1872/4169
f 1894/1894/4170 1873/1873/4171 1872/1872/4167
f 1809/1809/4166 1894/1894/4170 1872/1872/4167
f 1803/1803/4172 1875/1875/4172 1802/1802/4172
f 1895/1895/4173 1809/1809/4173 1875/1875/4173
f 1895/1895/4174 1875/1875/4174 1803/1803/4174
f 1896/1896/4175 1894/1894/4175 1809/1809/4175
f 1897/1897/4176 1823/1823/4176 1894/1894/4176
f 1897/1897/4177 1894/1894/4177 1896/1896/4177
f 1898/1898/4178 1896/1896/4178 1809/1809/4178
f 1899/1899/4179 1669/1669/4180 1881/1881/4181
f 1899/1899/4179 1667/1667/4182 1669/1669/4180
f 1900/1900/4183 1882/1882/4184 1646/1646/4185
f 1900/1900/4183 1646/1646/4185 1647/1647/4186
f 1901/1901/4187 1881/1881/4187 1883/1883/4187
f 1901/1901/4188 1899/1899/4188 1881/1881/4188
f 1901/1901/4189 1883/1883/4189 1887/1887/4189
f 1900/1900/4190 1885/1885/4190 1882/1882/4190
f 1902/1902/4191 1884/1884/4191 1885/1885/4192
f 1903/1903/4193 1885/1885/4193 1900/1900/4193
f 1902/1902/4191 1885/1885/4192 1903/1903/4194
f 1886/1886/4195 1901/1901/4195 1887/1887/4195
f 1759/1759/4196 1757/1757/4196 1884/1884/4196
f 1759/1759/4197 1884/1884/4197 1902/1902/4197
f 1904/1904/4198 1890/1890/4198 1891/1891/4198
f 1904/1904/4199 1891/1891/4199 1892/1892/4199
f 1893/1893/4200 1904/1904/4200 1892/1892/4200
f 1905/1905/4201 1893/1893/4201 1871/1871/4201
f 1904/1904/4202 1893/1893/4202 1905/1905/4202
f 1829/1829/4203 1871/1871/4203 1828/1828/4203
f 1897/1897/4204 1816/1816/4204 1823/1823/4204
f 1809/1809/4205 1895/1895/4205 1805/1805/4205
f 1675/1675/4206 1678/1678/4206 1880/1880/4206
f 1879/1879/4207 1880/1880/4207 1678/1678/4207
f 1679/1679/4208 1879/1879/4208 1678/1678/4209
f 1684/1684/4210 1879/1879/4208 1679/1679/4208
f 1906/1906/4211 1667/1667/4212 1899/1899/4213
f 1906/1906/4211 1663/1663/4214 1667/1667/4212
f 1907/1907/4215 1900/1900/4216 1647/1647/4217
f 1907/1907/4215 1647/1647/4217 1649/1649/4218
f 1906/1906/4219 1899/1899/4219 1901/1901/4219
f 1890/1890/915 1901/1901/2342 1886/1886/4220
f 1908/1908/1196 1909/1909/1196 1901/1901/2342
f 1910/1910/4221 1901/1901/4221 1909/1909/4221
f 1905/1905/2509 1908/1908/1196 1901/1901/2342
f 1890/1890/915 1905/1905/2509 1901/1901/2342
f 1911/1911/4222 1901/1901/4222 1910/1910/4222
f 1906/1906/4223 1901/1901/4223 1911/1911/4223
f 1907/1907/4224 1903/1903/4224 1900/1900/4224
f 1912/1912/4225 1902/1902/4225 1903/1903/4225
f 1655/1655/4226 1903/1903/4226 1907/1907/4226
f 1912/1912/4227 1903/1903/4227 1655/1655/4227
f 1889/1889/4228 1890/1890/4228 1886/1886/4228
f 1913/1913/1196 1914/1914/4229 1909/1909/1196
f 1915/1915/4230 1909/1909/4230 1914/1914/4230
f 1916/1916/1196 1913/1913/1196 1909/1909/1196
f 1917/1917/1196 1916/1916/1196 1909/1909/1196
f 1908/1908/1196 1917/1917/1196 1909/1909/1196
f 1915/1915/4231 1910/1910/4231 1909/1909/4231
f 1918/1918/4232 1919/1919/4233 1914/1914/4229
f 1913/1913/1196 1918/1918/4232 1914/1914/4229
f 1919/1919/4234 1915/1915/4234 1914/1914/4234
f 1918/1918/4232 1920/1920/4235 1919/1919/4233
f 1920/1920/4235 1921/1921/1196 1919/1919/4233
f 1922/1922/1196 1923/1923/1196 1921/1921/1196
f 1924/1924/4236 1921/1921/4236 1923/1923/4236
f 1920/1920/4235 1922/1922/1196 1921/1921/1196
f 1925/1925/4237 1919/1919/4237 1921/1921/4237
f 1926/1926/4238 1925/1925/4238 1921/1921/4238
f 1924/1924/4239 1926/1926/4239 1921/1921/4239
f 1922/1922/1196 1927/1927/1196 1923/1923/1196
f 1924/1924/4240 1923/1923/4240 1927/1927/4240
f 1922/1922/1196 1928/1928/1196 1927/1927/1196
f 1929/1929/4241 1927/1927/4241 1928/1928/4241
f 1930/1930/4242 1924/1924/4242 1927/1927/4242
f 1929/1929/4243 1930/1930/4243 1927/1927/4243
f 1931/1931/4244 1928/1928/4244 1922/1922/4244
f 1932/1932/4245 1928/1928/4245 1931/1931/4245
f 1932/1932/4246 1929/1929/4246 1928/1928/4246
f 1920/1920/4235 1933/1933/1196 1922/1922/1196
f 1934/1934/3845 1922/1922/3845 1933/1933/3845
f 1935/1935/4247 1922/1922/4247 1934/1934/4247
f 1936/1936/4244 1931/1931/4244 1922/1922/4244
f 1784/1784/4248 1936/1936/4248 1922/1922/4248
f 1935/1935/4249 1784/1784/4249 1922/1922/4249
f 1937/1937/4250 1933/1933/4250 1920/1920/4250
f 1934/1934/4251 1933/1933/4251 1937/1937/4251
f 1938/1938/3845 1920/1920/3845 1918/1918/3845
f 1938/1938/4252 1937/1937/4252 1920/1920/4252
f 1939/1939/4253 1918/1918/4253 1913/1913/4254
f 1937/1937/4255 1918/1918/4253 1939/1939/4253
f 1938/1938/4256 1918/1918/4256 1937/1937/4256
f 1939/1939/4257 1913/1913/4257 1916/1916/4257
f 1940/1940/4258 1916/1916/4258 1917/1917/4258
f 1941/1941/4259 1939/1939/4259 1916/1916/4259
f 1941/1941/4260 1916/1916/4260 1940/1940/4260
f 1940/1940/4261 1917/1917/4261 1908/1908/4261
f 1829/1829/4262 1908/1908/4262 1905/1905/4262
f 1831/1831/4263 1940/1940/4263 1908/1908/4263
f 1831/1831/4264 1908/1908/4264 1829/1829/4264
f 1890/1890/915 1904/1904/4265 1905/1905/2509
f 1871/1871/4266 1829/1829/4266 1905/1905/4266
f 1886/1886/4267 1888/1888/4267 1889/1889/4267
f 1942/1942/4268 1910/1910/4268 1915/1915/4268
f 1943/1943/4269 1910/1910/4269 1942/1942/4269
f 1943/1943/4270 1911/1911/4270 1910/1910/4270
f 1944/1944/4271 1942/1942/4271 1915/1915/4271
f 1945/1945/4272 1915/1915/4272 1919/1919/4272
f 1946/1946/4273 1915/1915/4273 1945/1945/4273
f 1944/1944/4274 1915/1915/4274 1946/1946/4274
f 1944/1944/4275 1943/1943/4275 1942/1942/4275
f 1759/1759/4276 1902/1902/4276 1760/1760/4276
f 1912/1912/4277 1760/1760/4278 1902/1902/4279
f 1925/1925/4280 1945/1945/4280 1919/1919/4280
f 1926/1926/4281 1945/1945/4281 1925/1925/4281
f 1924/1924/4282 1945/1945/4282 1926/1926/4282
f 1924/1924/3845 1946/1946/3845 1945/1945/3845
f 1947/1947/4283 1760/1760/4278 1912/1912/4277
f 1761/1761/3887 1760/1760/3887 1947/1947/3887
f 1948/1948/4284 1937/1937/4284 1939/1939/4284
f 1948/1948/4285 1939/1939/4285 1941/1941/4285
f 1830/1830/3623 1941/1941/3624 1940/1940/3623
f 1830/1830/4011 1940/1940/4011 1831/1831/4012
f 1832/1832/4286 1948/1948/3623 1941/1941/3624
f 1832/1832/4286 1941/1941/3624 1830/1830/3623
f 1832/1832/4286 1949/1949/4287 1948/1948/3623
f 1934/1934/4288 1937/1937/4288 1948/1948/4288
f 1950/1950/4289 1934/1934/4289 1948/1948/4289
f 1935/1935/3623 1950/1950/4290 1948/1948/3623
f 1834/1834/3623 1935/1935/3623 1948/1948/3623
f 1833/1833/4287 1834/1834/3623 1948/1948/3623
f 1949/1949/4287 1833/1833/4287 1948/1948/3623
f 1935/1935/4291 1934/1934/4291 1950/1950/4291
f 1784/1784/4292 1781/1781/4292 1758/1758/4292
f 1761/1761/3845 1936/1936/3845 1758/1758/3845
f 1784/1784/4293 1758/1758/4293 1936/1936/4293
f 1897/1897/4294 1896/1896/4294 1816/1816/4294
f 1814/1814/4295 1816/1816/4295 1896/1896/4295
f 1898/1898/4296 1814/1814/4296 1896/1896/4297
f 1808/1808/4298 1814/1814/4296 1898/1898/4296
f 1809/1809/4299 1808/1808/4299 1898/1898/4299
f 1951/1951/4300 1663/1663/4301 1911/1911/4302
f 1951/1951/4300 1652/1652/4303 1663/1663/4301
f 1906/1906/4304 1911/1911/4304 1663/1663/4304
f 1907/1907/4305 1649/1649/4305 1655/1655/4305
f 1952/1952/4306 1911/1911/4306 1943/1943/4306
f 1951/1951/4307 1911/1911/4307 1952/1952/4307
f 1953/1953/4308 1943/1943/4308 1944/1944/4308
f 1953/1953/4309 1952/1952/4309 1943/1943/4309
f 1912/1912/4310 1655/1655/4310 1954/1954/4310
f 1654/1654/4311 1954/1954/4311 1655/1655/4311
f 1955/1955/3623 1944/1944/3623 1946/1946/3623
f 1955/1955/3845 1946/1946/3845 1924/1924/3845
f 1953/1953/3845 1944/1944/3845 1955/1955/3845
f 1956/1956/3845 1955/1955/3845 1924/1924/3845
f 1930/1930/3845 1956/1956/3845 1924/1924/3845
f 1957/1957/4312 1955/1955/4313 1956/1956/4314
f 1953/1953/4315 1955/1955/4315 1952/1952/4315
f 1957/1957/4316 1952/1952/4316 1955/1955/4316
f 1958/1958/4317 1956/1956/4318 1930/1930/4319
f 1958/1958/4320 1957/1957/4312 1956/1956/4314
f 1959/1959/4321 1958/1958/4317 1930/1930/4319
f 1929/1929/4322 1959/1959/4323 1930/1930/4324
f 1947/1947/4325 1912/1912/4326 1954/1954/4325
f 1960/1960/4327 1947/1947/4325 1954/1954/4325
f 1961/1961/4328 1954/1954/4328 1654/1654/4328
f 1960/1960/4329 1954/1954/4329 1961/1961/4329
f 1936/1936/4330 1947/1947/4330 1931/1931/4330
f 1960/1960/4331 1931/1931/4331 1947/1947/4331
f 1761/1761/4330 1947/1947/4330 1936/1936/4330
f 1960/1960/4332 1932/1932/4332 1931/1931/4332
f 1835/1835/3623 1784/1784/3926 1935/1935/3623
f 1835/1835/3623 1783/1783/3924 1784/1784/3926
f 1834/1834/3623 1835/1835/3623 1935/1935/3623
f 1817/1817/4016 1833/1833/4015 1949/1949/4333
f 1818/1818/4334 1949/1949/4335 1832/1832/4336
f 1818/1818/4334 1817/1817/4337 1949/1949/4335
f 1952/1952/4338 1656/1656/4338 1652/1652/4338
f 1962/1962/4339 1656/1656/4339 1952/1952/4339
f 1951/1951/4340 1952/1952/4340 1652/1652/4340
f 1963/1963/4341 1654/1654/4341 1653/1653/4341
f 1962/1962/4342 1952/1952/4342 1957/1957/4342
f 1963/1963/4343 1961/1961/4344 1654/1654/4345
f 1960/1960/4346 1961/1961/4346 1964/1964/4346
f 1965/1965/4347 1964/1964/4347 1961/1961/4347
f 1963/1963/4343 1965/1965/4348 1961/1961/4344
f 1966/1966/4349 1957/1957/4349 1958/1958/4349
f 1966/1966/4350 1962/1962/4350 1957/1957/4350
f 1967/1967/4351 1958/1958/4351 1959/1959/4351
f 1967/1967/4352 1966/1966/4352 1958/1958/4352
f 1968/1968/4353 1959/1959/4323 1929/1929/4322
f 1969/1969/4354 1959/1959/4355 1968/1968/4356
f 1969/1969/4354 1967/1967/4357 1959/1959/4355
f 1932/1932/4358 1968/1968/4359 1929/1929/4360
f 1964/1964/4361 1968/1968/4359 1932/1932/4358
f 1970/1970/4362 1968/1968/4362 1964/1964/4362
f 1970/1970/4363 1969/1969/4363 1968/1968/4363
f 1960/1960/4364 1964/1964/4364 1932/1932/4364
f 1965/1965/4365 1970/1970/4365 1964/1964/4365
f 1962/1962/4366 1657/1657/4366 1656/1656/4366
f 1966/1966/4367 1659/1659/4367 1657/1657/4367
f 1966/1966/4368 1657/1657/4368 1962/1962/4368
f 1967/1967/4369 1661/1661/4369 1659/1659/4369
f 1967/1967/4370 1659/1659/4370 1966/1966/4370
f 1969/1969/4371 1660/1660/4371 1661/1661/4371
f 1969/1969/4372 1661/1661/4372 1967/1967/4372
f 1970/1970/4373 1658/1658/4373 1660/1660/4373
f 1970/1970/4374 1660/1660/4374 1969/1969/4374
f 1965/1965/4375 1653/1653/4375 1658/1658/4375
f 1965/1965/4376 1658/1658/4376 1970/1970/4376
f 1963/1963/4377 1653/1653/4377 1965/1965/4377
