# Blender v2.82 (sub 7) OBJ File: ''
# www.blender.org
mtllib sim_sea_2-5_r_hip_1_prt.mtl
o sim_sea_2-5_r_hip_1_prt
v -82.699509 -163.910782 -69.689438
v -98.222649 -165.235443 -68.649673
v -99.192879 -162.561630 -68.527481
v -75.945358 -167.415848 -69.681396
v -83.072639 -160.574249 -70.068230
v -99.961800 -159.643890 -68.420967
v -100.588028 -159.818741 -49.015072
v -96.520470 -168.840317 -68.924820
v -97.866180 -166.478745 -58.633030
v -44.125877 -169.590927 -69.592163
v -95.523384 -170.328430 -68.895340
v -45.518063 -171.373306 -69.108063
v -93.906624 -172.403961 -68.873810
v -47.008614 -172.910233 -68.836060
v -92.388237 -174.043777 -68.858261
v -48.568207 -174.246811 -68.672562
v -90.816200 -175.412582 -68.837120
v -50.823479 -175.926193 -68.518234
v -88.916176 -176.891754 -68.831604
v -87.315033 -177.966309 -68.826080
v -54.093575 -177.961227 -68.467667
v -85.108543 -179.179565 -68.799385
v -56.686680 -179.309189 -68.453186
v -83.688309 -179.867645 -68.772499
v -81.358971 -180.759338 -68.738327
v -60.304592 -180.733383 -68.460365
v -78.619217 -181.537766 -68.676430
v -63.223946 -181.577972 -68.474648
v -75.693878 -182.099686 -68.615334
v -66.309746 -182.142181 -68.492714
v -72.610535 -182.405746 -68.564919
v -69.455055 -182.421982 -68.522568
v -44.457600 -171.847900 -67.435272
v -43.195183 -171.562897 -67.548317
v -65.978287 -167.415161 -69.839630
v -43.212753 -167.047272 -70.854019
v -40.045757 -166.990143 -73.661110
v -69.304779 -167.432007 -69.805557
v -72.626884 -167.429977 -69.750137
v -40.900421 -172.181549 -67.636360
v -39.439495 -170.711533 -71.911697
v -55.781387 -136.706635 -69.585815
v -43.453629 -136.750519 -71.068825
v -55.690308 -143.472580 -69.943817
v -55.539925 -146.844101 -70.188690
v -55.466328 -153.644958 -70.453781
v -55.611759 -157.072800 -70.463036
v -59.020519 -160.582489 -70.753670
v -62.573936 -164.104858 -70.559860
v -52.601772 -133.368668 -69.387375
v -44.405933 -134.243790 -69.370232
v -39.864285 -133.464478 -72.973221
v -43.485680 -132.243347 -67.651848
v -44.775223 -132.032654 -67.483467
v -41.243031 -131.612015 -67.890297
v -52.936081 -127.186340 -68.636223
v -47.301434 -130.986130 -68.731384
v -48.800797 -129.722794 -68.554214
v -51.451248 -127.469795 -68.588318
v -54.151554 -125.747643 -68.376396
v -58.215641 -126.908333 -69.351135
v -58.422485 -123.779137 -69.224892
v -57.872242 -133.247925 -69.590645
v -59.182602 -140.050262 -70.195030
v -59.359425 -135.908173 -69.688850
v -58.700085 -143.334213 -70.947060
v -61.615662 -142.808228 -72.941177
v -61.668797 -140.125900 -70.957642
v -59.033875 -147.421814 -72.701378
v -63.470200 -144.500793 -76.151878
v -62.254555 -145.887939 -76.312210
v -61.202759 -147.703568 -76.362976
v -58.540558 -150.248703 -72.637222
v -58.585754 -153.621887 -72.700783
v -59.237408 -156.480011 -72.783524
v -62.034576 -161.196304 -72.922508
v -63.420235 -159.236038 -76.286308
v -62.228905 -157.858047 -76.345543
v -66.776367 -163.493591 -72.709610
v -66.807144 -161.024139 -76.023880
v -64.845161 -160.281525 -76.153160
v -69.455360 -163.793671 -72.647362
v -72.278229 -163.684052 -72.671600
v -79.366646 -164.049332 -70.411339
v -76.240356 -164.773254 -70.951302
v -75.950249 -159.685028 -76.054535
v -74.331451 -160.579163 -76.033226
v -79.354294 -159.823196 -72.872864
v -86.289108 -157.019211 -69.748703
v -83.345955 -157.241074 -70.856880
v -80.571129 -158.082642 -72.891609
v -82.098045 -153.255844 -72.694641
v -79.303680 -155.469437 -76.214882
v -100.525436 -156.616486 -68.414551
v -100.894928 -150.265198 -68.501266
v -86.420731 -150.181671 -69.973183
v -82.164597 -150.696304 -72.702171
v -100.860565 -153.458740 -68.461014
v -100.605652 -147.116684 -68.568871
v -83.255112 -146.711533 -70.549965
v -100.088158 -144.100479 -68.743668
v -83.134605 -143.289856 -70.248871
v -79.763504 -144.108871 -72.972656
v -79.884239 -150.523438 -76.391159
v -79.348755 -148.244797 -76.377190
v -80.742447 -145.813049 -72.892021
v -79.580841 -139.997055 -70.725319
v -86.241486 -139.937500 -69.720444
v -99.215576 -141.342484 -68.759781
v -77.355331 -145.251709 -76.144188
v -76.001053 -144.100388 -76.003464
v -76.908745 -134.379440 -69.740143
v -79.805397 -135.708221 -69.902252
v -74.961220 -140.885605 -72.585526
v -81.660164 -135.384384 -69.866524
v -97.728142 -138.124908 -68.700592
v -86.235741 -136.557877 -69.569710
v -88.814392 -127.227829 -68.720238
v -85.865242 -126.678200 -69.139854
v -82.405106 -133.157135 -69.758362
v -91.452675 -129.704422 -68.587990
v -95.810692 -134.934555 -68.609009
v -93.656769 -132.073639 -68.607407
v -87.504417 -126.052437 -68.899071
v -84.769928 -124.817619 -68.478134
v -81.828949 -123.720795 -69.381279
v -80.972733 -121.573593 -69.380302
v -81.657516 -122.057915 -69.150520
v -98.239571 -166.549820 -32.791767
v -98.904106 -165.204453 -34.248421
v -99.919189 -162.720276 -34.257454
v -99.761475 -162.721771 -25.830551
v -98.143280 -165.044540 -16.083672
v -96.809616 -168.931503 -33.750175
v -100.760071 -159.883743 -32.579357
v -97.595055 -166.059296 -15.942235
v -96.650253 -168.577225 -18.001499
v -99.132355 -162.352600 -16.158924
v -100.007195 -159.722900 -16.023478
v -98.429726 -163.378922 -15.837725
v -99.097916 -159.163040 -15.956368
v -95.923218 -163.691101 -15.540776
v -96.124733 -168.422623 -16.192928
v -95.860153 -166.993927 -15.609289
v -98.785500 -153.608810 -15.925159
v -98.778297 -146.970917 -15.923488
v -98.772209 -143.649765 -15.926682
v -98.391731 -140.516312 -15.862085
v -101.532791 -156.767059 -38.360466
v -100.933090 -156.693771 -17.592653
v -100.057182 -156.624969 -16.535725
v -101.890472 -153.519150 -34.368954
v -101.215675 -153.559525 -17.448854
v -100.244286 -152.084396 -16.517632
v -101.783493 -150.261276 -44.998592
v -101.836250 -150.246552 -32.572311
v -101.191780 -150.361877 -17.505817
v -101.386559 -147.052673 -49.662479
v -101.503899 -147.006134 -31.720699
v -100.311897 -147.171890 -16.273365
v -100.940598 -143.903702 -33.285088
v -99.759621 -144.169113 -16.266321
v -99.969948 -141.023117 -28.868338
v -99.099770 -141.596771 -16.193110
v -98.937965 -138.634415 -36.082012
v -98.219765 -138.019775 -17.594994
v -97.590591 -138.437057 -16.335533
v -95.869713 -136.863800 -15.589986
v -96.548340 -135.168259 -54.344357
v -98.286720 -137.298325 -35.271484
v -98.234825 -137.373749 -30.851006
v -96.952629 -134.977966 -32.610554
v -96.741859 -135.151443 -17.469717
v -96.208229 -135.343933 -16.114222
v -95.306770 -133.990143 -15.542910
v -95.821999 -170.381012 -35.038063
v -94.206985 -172.366852 -32.643036
v -95.639946 -170.154861 -17.330671
v -94.075821 -172.159744 -17.416498
v -95.344154 -169.902405 -15.511310
v -92.830002 -170.543640 -15.295505
v -93.692535 -171.899506 -16.078964
v -92.489876 -130.298096 -15.328604
v -93.892677 -131.545715 -15.675328
v -95.760376 -133.676895 -17.270063
v -89.595459 -174.045731 -15.173223
v -89.096634 -127.082397 -15.207657
v -90.907982 -128.640640 -15.861403
v -92.538963 -173.604050 -15.282912
v -86.294495 -177.575760 -15.047142
v -86.275757 -126.265266 -15.054292
v -84.559601 -124.382835 -15.843214
v -89.137428 -176.794907 -15.176318
v -91.088257 -128.569702 -17.481934
v -89.088860 -126.948051 -17.430319
v -87.536407 -126.001305 -15.825913
v -82.888390 -177.604599 -15.017300
v -82.738228 -123.061623 -15.042199
v -79.531960 -181.213516 -14.870927
v -79.518860 -122.633652 -14.929909
v -78.585243 -122.188347 -16.126764
v -82.749214 -180.760757 -15.020162
v -81.467812 -122.761230 -15.767943
v -76.141960 -181.364594 -14.758581
v -76.151840 -122.432220 -14.774940
v -75.640053 -121.805237 -16.143749
v -72.732529 -181.452087 -14.693118
v -69.692902 -122.171211 -14.752492
v -71.112694 -121.523994 -16.069231
v -67.518478 -181.702850 -14.853332
v -65.866776 -122.414818 -14.758821
v -66.137688 -121.721291 -16.125214
v -62.507336 -181.185837 -14.958494
v -62.472244 -122.554970 -14.868060
v -63.026028 -121.961288 -16.100540
v -59.210033 -180.885254 -15.238468
v -59.113705 -122.753799 -15.025674
v -60.212585 -122.547562 -16.001898
v -56.366882 -179.800613 -15.420458
v -56.229031 -123.784798 -15.118776
v -57.682819 -123.337700 -15.843074
v -52.611511 -177.132172 -15.575553
v -55.771248 -126.280754 -15.132834
v -54.119888 -125.659096 -16.106253
v -56.358334 -124.016991 -17.740849
v -52.344761 -129.640518 -15.036044
v -52.923836 -127.094521 -15.861794
v -50.875076 -128.460373 -16.391304
v -51.994274 -127.214211 -16.283749
v -49.049812 -133.065506 -14.996586
v -49.566990 -130.277466 -15.830790
v -46.508678 -171.154984 -15.501380
v -47.585838 -131.266479 -16.377007
v -48.940014 -129.705124 -16.352886
v -45.821613 -136.463425 -14.771612
v -46.059341 -133.200500 -15.747268
v -43.899944 -133.893784 -16.123240
v -45.634827 -132.154404 -16.232319
v -43.129559 -166.955292 -14.716125
v -43.162868 -136.671494 -14.306332
v -42.921288 -146.708832 -14.327868
v -42.927040 -139.898438 -14.245397
v -38.943756 -133.129318 -13.969954
v -42.901039 -160.330154 -14.512770
v -42.896610 -163.735977 -14.559503
v -39.831230 -143.349319 -12.255829
v -40.582836 -156.891312 -13.197186
v -40.729332 -146.812759 -12.986914
v -40.526508 -153.539307 -13.042511
v -40.578892 -150.167023 -12.970965
v -38.392521 -146.877930 -10.168832
v -38.314205 -143.640350 -10.301965
v -38.314060 -153.545563 -10.210168
v -39.562363 -160.377106 -12.492301
v -38.267155 -156.888977 -10.306828
v -39.417107 -166.908386 -13.003468
v -43.868118 -169.859055 -16.036522
v -47.377350 -172.601303 -16.207771
v -48.997498 -174.119141 -16.419813
v -53.949265 -178.327682 -16.045515
v -58.470619 -180.658569 -16.066547
v -57.262871 -180.205612 -18.259562
v -63.029461 -181.823914 -16.134480
v -66.146248 -182.128571 -16.098387
v -71.002861 -182.293900 -16.045549
v -75.616455 -181.955521 -16.180361
v -78.743484 -181.690659 -15.950473
v -81.900681 -180.920258 -15.688283
v -85.137405 -178.912506 -15.969470
v -87.369064 -177.697830 -15.966882
v -90.773842 -175.019791 -15.993017
v -91.108055 -175.265884 -17.491755
v -89.176353 -176.875458 -17.392763
v -87.578552 -177.941635 -17.344130
v -92.561623 -173.740417 -15.688870
v -95.912445 -133.394196 -35.061798
v -94.290741 -131.432007 -41.455692
v -92.814079 -173.915298 -35.869926
v -91.033379 -175.568909 -48.205944
v -89.185860 -177.126450 -34.335243
v -91.096565 -175.506729 -32.657425
v -89.173958 -177.080307 -30.955257
v -92.729591 -129.807114 -46.700371
v -92.824974 -129.909927 -32.637753
v -92.671585 -130.038971 -18.253130
v -91.161079 -128.290329 -47.873371
v -89.182709 -126.826569 -52.638515
v -91.227982 -128.367050 -32.896069
v -89.307671 -126.734062 -32.184948
v -87.610046 -178.222977 -34.316673
v -87.724564 -125.528557 -34.574718
v -84.258621 -180.163361 -34.761875
v -84.482262 -179.824280 -17.827845
v -85.434341 -124.195915 -64.902298
v -82.057350 -121.761597 -64.903297
v -85.505280 -124.107651 -49.621487
v -84.224167 -123.194206 -61.722160
v -84.177818 -123.611656 -34.845547
v -85.484169 -124.304703 -31.431957
v -84.451973 -123.954262 -21.805426
v -78.802429 -182.295731 -34.300663
v -81.472137 -181.392517 -30.136013
v -78.721802 -182.273239 -30.973055
v -79.080078 -153.014816 -77.703209
v -80.209663 -120.978188 -69.455269
v -81.258942 -121.224014 -63.001595
v -81.857529 -121.956337 -58.430431
v -79.079300 -120.901711 -58.419956
v -79.177490 -120.310356 -63.324409
v -80.362358 -120.804634 -63.168076
v -78.840408 -121.547577 -34.372131
v -81.481728 -122.562973 -31.243328
v -78.717819 -121.643150 -30.901157
v -78.705803 -121.862793 -17.787416
v -75.813477 -182.986908 -34.325829
v -75.822762 -182.957001 -30.975916
v -75.739273 -182.555084 -19.278412
v -76.957016 -158.145981 -76.725304
v -78.181839 -155.862106 -77.555756
v -79.159653 -150.595459 -77.739319
v -61.186527 -154.203781 -77.979530
v -64.381721 -159.070908 -77.512772
v -78.348587 -147.772644 -77.676346
v -61.003819 -150.491928 -77.937828
v -74.076988 -159.599396 -77.033188
v -67.051720 -160.070053 -77.092285
v -69.390778 -160.404358 -76.974930
v -71.836365 -160.344360 -76.855721
v -62.998959 -157.547119 -77.406387
v -61.784016 -155.803436 -77.548393
v -60.916836 -153.359390 -77.738899
v -61.867527 -148.034378 -77.680222
v -64.476036 -144.881973 -77.365524
v -63.052361 -146.284088 -77.339920
v -75.328262 -144.850861 -77.149979
v -67.062065 -143.826401 -77.025681
v -69.426521 -143.471237 -76.926445
v -71.882835 -143.559158 -76.829895
v -74.076546 -144.114853 -76.890060
v -77.576431 -146.265076 -76.910286
v -78.711647 -147.152496 -76.235939
v -78.227058 -120.294106 -69.533592
v -75.329636 -119.727882 -69.464714
v -75.715309 -133.069809 -69.629478
v -71.922852 -136.039566 -69.658035
v -72.645905 -128.295349 -69.496964
v -72.053787 -129.580505 -69.273056
v -72.036598 -133.253143 -69.081680
v -68.940018 -119.563744 -69.317764
v -69.276695 -128.123962 -69.461082
v -69.371521 -131.551620 -68.938408
v -72.376244 -119.577766 -69.343925
v -66.082985 -119.694000 -69.378387
v -64.646973 -130.038788 -69.482170
v -66.642120 -131.160980 -69.068886
v -63.534855 -120.006943 -69.417030
v -64.563217 -133.206070 -69.518715
v -64.098572 -134.153625 -69.581863
v -69.966614 -135.889847 -69.566002
v -69.316315 -133.196762 -68.950302
v -66.844971 -132.519363 -69.054878
v -61.923756 -135.090439 -69.679832
v -66.559807 -140.373077 -72.523575
v -69.307938 -140.102066 -72.319473
v -60.169128 -120.948730 -69.384354
v -58.959351 -121.996872 -69.266273
v -58.842014 -121.939903 -67.572723
v -56.404377 -123.886398 -67.700302
v -60.048847 -120.920113 -63.209995
v -63.410969 -119.715347 -63.130142
v -75.952751 -120.100899 -58.322636
v -75.921837 -119.573128 -62.627987
v -75.813766 -120.847244 -34.360962
v -75.813591 -120.987572 -30.909294
v -75.746880 -121.307671 -17.823507
v -76.126541 -119.544739 -63.322987
v -72.489738 -119.077721 -64.746750
v -72.720520 -119.626343 -58.216251
v -72.442314 -119.220329 -63.277264
v -72.584900 -183.335876 -31.500095
v -72.567741 -182.731445 -17.924404
v -72.246925 -140.310837 -72.406937
v -72.609947 -120.622063 -31.240639
v -72.571503 -121.027206 -17.735371
v -69.345116 -183.334671 -32.892395
v -69.338875 -182.820923 -17.730448
v -71.996902 -135.962936 -69.613060
v -69.821426 -135.730194 -69.489403
v -69.381981 -119.329269 -63.583820
v -67.967613 -119.148018 -64.842514
v -69.348434 -120.479393 -32.499599
v -69.320534 -120.964325 -17.759485
v -66.165955 -183.022369 -32.446342
v -66.169464 -182.574036 -17.695814
v -66.816666 -142.865585 -75.947357
v -64.276672 -119.680748 -62.666553
v -66.015411 -119.833611 -58.261707
v -66.127335 -120.835815 -31.380079
v -66.178818 -121.237617 -17.685499
v -62.997177 -182.309570 -30.353117
v -64.861275 -143.617294 -76.129349
v -62.848576 -120.543289 -58.375645
v -62.820965 -119.975815 -62.674820
v -62.976551 -121.564064 -30.318764
v -60.086075 -181.357483 -32.650681
v -60.170258 -181.350372 -25.611982
v -59.760738 -121.631126 -58.400387
v -60.116451 -122.431023 -32.084335
v -60.116920 -122.410469 -26.847160
v -57.184597 -122.916412 -58.356239
v -58.553932 -121.758644 -62.910526
v -56.440884 -179.733521 -34.290119
v -56.703419 -179.895935 -24.626938
v -56.425362 -124.133690 -35.772274
v -57.615883 -123.408653 -23.760853
v -53.688786 -178.125473 -32.789139
v -56.021141 -123.536880 -61.676846
v -53.606777 -125.357040 -55.325947
v -53.761024 -125.711563 -34.132957
v -51.765602 -176.809479 -48.505356
v -51.562191 -176.715790 -32.758503
v -51.230438 -176.580734 -20.752781
v -51.106403 -176.248093 -17.687683
v -51.499172 -127.162048 -33.839310
v -50.228828 -175.722565 -53.074909
v -48.292297 -174.535507 -33.637341
v -50.092159 -175.722366 -32.220852
v -48.529209 -174.383682 -19.428347
v -50.524399 -128.242569 -17.782949
v -48.223866 -129.483963 -51.842922
v -50.114689 -128.181870 -48.628452
v -50.008862 -128.268646 -34.285992
v -48.447651 -129.427017 -32.389317
v -46.668850 -173.435135 -47.815506
v -44.262856 -172.484680 -47.901463
v -46.649414 -173.445816 -32.265736
v -45.186234 -172.643524 -44.469479
v -45.190617 -172.710892 -32.665092
v -46.948395 -172.952286 -18.033781
v -45.506588 -171.640564 -16.375664
v -47.091236 -130.941544 -18.081448
v -46.454536 -130.556168 -47.991524
v -44.098583 -131.671127 -48.070839
v -46.643387 -130.626404 -33.096348
v -45.012802 -131.485367 -44.572708
v -45.100960 -131.407196 -33.748184
v -43.045582 -172.324814 -47.920162
v -40.978123 -172.821655 -48.017181
v -43.644341 -172.181885 -44.440472
v -40.162704 -173.181946 -44.535831
v -43.559940 -172.099335 -31.406601
v -39.821106 -172.711624 -31.046446
v -43.552654 -171.464249 -21.007441
v -39.316772 -171.811981 -17.660259
v -39.170712 -171.580856 -14.323423
v -42.926640 -131.874725 -48.049747
v -43.478107 -132.002853 -44.468605
v -40.184944 -130.778122 -44.400112
v -40.980507 -131.323334 -48.128902
v -43.405266 -132.043930 -32.588615
v -39.590019 -131.305481 -30.994734
v -43.614521 -132.413406 -20.978130
v -39.130417 -131.930008 -17.538374
v -38.802540 -174.706390 -71.534065
v -38.751057 -174.979538 -47.942619
v -36.908432 -170.919968 -74.179405
v -37.029945 -165.414062 -78.082634
v -36.403446 -165.477142 -8.972109
v -38.312038 -172.431427 -10.879675
v -38.715664 -129.536102 -68.242188
v -36.679932 -162.640839 -78.653511
v -36.291718 -157.188049 -79.383705
v -36.198662 -151.540924 -79.478127
v -36.242657 -147.185806 -79.069702
v -36.485962 -141.618439 -77.949181
v -36.679417 -138.631409 -76.967079
v -37.286316 -132.827637 -74.543526
v -36.189339 -162.429733 -7.967313
v -36.013027 -157.008575 -6.923885
v -36.417980 -139.142380 -8.727626
v -36.289513 -141.735382 -7.856823
v -37.003220 -134.408432 -11.384245
v -39.312798 -128.795624 -55.028255
v -38.931892 -128.958466 -44.591587
v -37.944321 -131.492889 -12.680757
v -37.374836 -130.305710 -14.719930
v -37.949509 -129.180817 -30.988714
v -38.373486 -129.043091 -37.618656
v -36.228321 -186.462524 -29.668875
v -36.661091 -185.089127 -60.016590
v -36.343014 -186.447357 -56.104580
v -35.270924 -186.400024 -57.553787
v -36.192284 -187.031540 -53.812943
v -36.448452 -184.924133 -25.628746
v -36.623066 -183.780212 -23.321999
v -36.976936 -183.223877 -63.632816
v -35.433041 -185.350677 -60.244373
v -36.439877 -183.872833 -62.674301
v -35.505283 -183.117065 -64.067513
v -36.855320 -181.555771 -19.803625
v -37.238449 -181.550278 -66.209770
v -37.154194 -178.838333 -16.416397
v -37.633820 -179.177338 -69.191338
v -33.128155 -180.275345 -67.278084
v -38.248753 -176.896027 -71.722397
v -34.515099 -176.702896 -70.798523
v -37.565044 -175.835129 -13.507723
v -35.613495 -173.062988 -73.483131
v -38.058174 -173.796478 -11.918252
v -37.444359 -175.930466 -72.123497
v -35.501171 -166.532394 -77.521790
v -35.435673 -169.024429 -75.881386
v -35.302067 -159.596039 -79.385231
v -35.228867 -156.576111 -79.793098
v -35.222031 -151.453568 -79.991539
v -35.234814 -147.196136 -79.621223
v -35.293427 -144.200836 -79.138466
v -35.526367 -134.874664 -75.973953
v -35.368546 -137.488602 -76.977509
v -37.387539 -129.204163 -72.228699
v -36.449932 -131.219315 -73.782631
v -38.443035 -126.100990 -55.120342
v -37.102093 -124.855614 -68.140648
v -36.856194 -127.300415 -70.659279
v -37.422497 -122.912361 -51.198994
v -35.646290 -123.917244 -67.707603
v -37.210854 -122.609070 -65.944244
v -36.494965 -119.905334 -23.249462
v -36.960274 -120.872879 -63.467236
v -35.526478 -120.858910 -63.989090
v -36.413757 -118.804619 -25.483805
v -36.451317 -120.198792 -62.571545
v -36.672256 -118.983795 -59.914883
v -35.443108 -118.591644 -60.158741
v -36.248165 -117.261078 -29.560169
v -36.396339 -117.555229 -56.178764
v -35.319115 -117.515099 -57.537762
v -36.248775 -116.881363 -53.794983
v -36.003681 -116.157143 -34.840439
v -36.053722 -116.281715 -50.538925
v -35.169064 -115.586823 -50.667042
v -35.941002 -115.940620 -47.568592
v -35.166355 -115.076561 -47.625713
v -35.847118 -115.716911 -41.236801
v -35.851978 -115.711800 -44.476955
v -35.137337 -114.828041 -44.458492
v -35.902969 -115.861061 -38.147301
v -35.110397 -114.869865 -39.851368
v -35.163734 -115.433273 -35.037418
v -35.962650 -116.498344 -32.078243
v -35.299202 -118.436966 -25.411829
v -35.217594 -117.364883 -28.146627
v -35.205593 -120.710358 -21.806742
v -35.957443 -122.598534 -20.219858
v -36.494659 -122.841637 -27.702196
v -35.943623 -125.167809 -17.830030
v -36.928181 -122.786484 -34.364784
v -36.610294 -122.792015 -30.977644
v -37.255409 -122.820274 -41.169643
v -36.990761 -127.242905 -25.371357
v -35.053993 -123.813484 -18.345730
v -35.099312 -125.592499 -16.719084
v -35.890465 -131.510880 -12.312218
v -35.923851 -129.872025 -13.884342
v -35.444321 -134.702805 -10.376982
v -33.195721 -138.364395 -8.039586
v -36.198826 -147.194763 -6.790413
v -35.163120 -144.155350 -6.682339
v -36.092510 -150.894989 -6.600286
v -35.078278 -148.905502 -5.985515
v -35.033672 -153.422226 -5.958704
v -34.852455 -157.785858 -6.343843
v -35.395741 -168.192505 -9.279531
v -36.028435 -173.567841 -11.756444
v -35.667320 -177.047806 -14.537249
v -35.497375 -180.323502 -17.912649
v -35.380444 -183.141296 -21.680384
v -35.298698 -185.324341 -25.448294
v -35.155354 -186.374084 -28.190153
v -36.002274 -187.653946 -50.571445
v -35.904354 -187.607834 -35.193748
v -35.906364 -187.228928 -32.089741
v -35.874809 -187.929749 -47.596657
v -35.813091 -187.892242 -38.167461
v -35.066296 -188.544800 -36.254131
v -35.774487 -188.104034 -44.507942
v -35.202538 -188.863342 -41.242493
v -35.064476 -188.993347 -44.478863
v -35.087368 -188.762802 -47.628548
v -35.100807 -188.284286 -50.656551
v -36.833176 -126.935661 -33.002415
v -34.289711 -124.581718 -29.796606
v -36.146339 -126.550179 -32.134850
v -37.923256 -128.163895 -37.561008
v -38.063110 -126.270126 -44.903797
v -38.259407 -128.142426 -41.106686
v -38.293831 -126.177933 -51.458675
v -34.241676 -124.521400 -28.596554
v -36.147701 -126.739845 -26.310320
v -33.249001 -187.906555 -53.657402
v -33.322151 -188.554916 -50.743553
v -33.211571 -186.858444 -57.098797
v -33.382362 -188.953461 -47.654892
v -33.412010 -189.175110 -44.478848
v -33.370216 -189.124222 -39.990681
v -33.289421 -188.546326 -35.038452
v -33.207191 -187.920837 -31.897886
v -33.142853 -186.804337 -28.313950
v -33.147675 -185.517441 -25.403736
v -33.153984 -185.525604 -60.250511
v -32.976307 -183.363037 -63.814766
v -32.998867 -183.810440 -22.357616
v -32.912228 -181.025833 -18.537010
v -32.988796 -181.909576 -65.579933
v -32.969734 -178.755585 -16.050665
v -34.564232 -178.527512 -69.224930
v -32.936413 -177.099823 -14.479441
v -32.886234 -175.504837 -13.172367
v -32.505161 -173.118088 -73.686668
v -32.915287 -173.391068 -11.653963
v -32.827915 -171.860596 -10.739971
v -32.929356 -169.405960 -76.074753
v -33.049252 -166.514008 -77.480011
v -32.881065 -169.281219 -9.544006
v -32.968605 -165.610397 -8.068533
v -33.214230 -162.751038 -78.602875
v -33.307526 -159.690720 -79.265968
v -33.001587 -162.607391 -7.095592
v -33.035748 -159.744125 -6.336371
v -33.353313 -155.278244 -79.924133
v -33.107391 -156.691528 -5.825860
v -33.143536 -153.554123 -5.506372
v -33.430126 -150.335281 -79.931564
v -33.180538 -150.258347 -5.469036
v -33.413906 -145.928925 -79.577583
v -33.248672 -145.545059 -5.999950
v -33.233189 -141.263962 -78.621429
v -33.159088 -141.164688 -7.049313
v -33.046375 -137.718735 -77.525810
v -32.856655 -134.571747 -76.214195
v -32.915730 -134.588501 -9.673944
v -32.102535 -130.776505 -74.143311
v -32.860378 -131.578537 -11.298007
v -36.029961 -129.086212 -72.294937
v -32.668156 -128.757339 -72.503387
v -33.639610 -128.601166 -13.620750
v -32.130821 -127.008591 -71.144844
v -36.079449 -125.689575 -69.410919
v -32.768238 -125.443428 -69.630241
v -33.394505 -125.596603 -28.649744
v -33.583195 -125.569534 -29.618954
v -32.909172 -125.229736 -16.099899
v -32.946613 -123.680122 -67.898552
v -33.020145 -122.260750 -66.285034
v -33.070282 -122.149162 -19.421656
v -33.057816 -120.649719 -64.123398
v -33.131294 -119.688194 -62.676647
v -33.247913 -119.697525 -22.909813
v -33.191559 -118.383553 -60.314423
v -33.286728 -116.852676 -56.812992
v -33.236286 -118.376045 -25.342190
v -33.409870 -116.829140 -28.974869
v -33.285545 -115.896370 -53.649433
v -33.377575 -115.255379 -50.741821
v -33.466763 -114.865707 -47.634190
v -33.500874 -114.656616 -44.464970
v -33.410152 -114.640152 -41.148090
v -33.482826 -114.926987 -38.078968
v -33.438736 -115.303230 -35.004883
v -33.361557 -115.989433 -31.849421
v -32.029778 -187.158524 -53.701275
v -32.190311 -187.681030 -50.591255
v -31.781815 -186.181564 -57.301186
v -32.299328 -188.027557 -47.606239
v -32.376507 -188.245636 -44.393436
v -32.347298 -188.227249 -41.261879
v -32.275486 -188.089874 -38.169151
v -32.137451 -187.802979 -34.975765
v -31.963747 -187.291183 -32.143242
v -31.816025 -186.710190 -29.571941
v -31.583473 -185.186356 -25.504808
v -31.478891 -184.829681 -60.929535
v -31.150015 -182.916702 -64.186684
v -31.360580 -182.725601 -21.173744
v -30.969210 -179.998871 -66.896767
v -31.017532 -179.401993 -16.709120
v -30.672977 -176.282959 -69.338013
v -30.867233 -178.644791 -67.969147
v -32.149723 -174.400681 -71.334839
v -30.449503 -173.542923 -70.355911
v -30.733271 -175.652344 -13.252059
v -30.433666 -173.442368 -74.294304
v -30.485983 -173.405930 -11.688338
v -30.254707 -171.859222 -10.600603
v -31.064682 -169.197144 -76.144653
v -31.294519 -165.856216 -77.489906
v -30.791285 -169.329926 -9.670927
v -31.236149 -166.511719 -8.595221
v -31.836557 -162.559540 -77.883545
v -32.074791 -159.087006 -78.568893
v -31.565483 -162.048172 -7.144522
v -31.741590 -156.673126 -6.030065
v -32.209496 -153.521851 -79.237595
v -31.762154 -152.813965 -5.626019
v -32.244755 -149.857330 -79.224464
v -31.837101 -147.209641 -5.932517
v -32.113548 -143.930389 -78.604652
v -31.768381 -142.896011 -6.762482
v -31.384335 -138.626541 -77.623795
v -31.387310 -137.388504 -8.444772
v -30.798985 -134.555984 -76.267593
v -30.146687 -131.734009 -74.914879
v -30.361176 -131.779037 -10.630887
v -30.363314 -130.299149 -74.043465
v -30.774267 -126.294052 -70.666237
v -30.800247 -128.260712 -12.922142
v -31.094053 -124.764015 -16.113310
v -31.054728 -123.091522 -67.334755
v -31.322605 -122.087273 -19.413574
v -31.359472 -119.967125 -62.859898
v -31.551064 -120.198677 -22.502981
v -31.562136 -118.668449 -60.084274
v -31.766518 -117.656471 -57.490887
v -31.763241 -118.781937 -25.441994
v -32.022129 -117.355171 -29.327244
v -32.056908 -116.578773 -53.620930
v -32.230850 -116.116158 -50.624779
v -32.383968 -115.796631 -47.628582
v -32.491966 -115.642319 -44.403305
v -32.462955 -115.859062 -38.154972
v -32.343147 -116.211784 -34.968376
v -32.185143 -116.728127 -32.130127
v -29.596004 -170.809097 -31.097752
v -29.434776 -170.905548 -51.346340
v -29.506742 -170.875443 -37.856812
v -29.481001 -170.894104 -41.239666
v -29.447081 -170.904037 -47.973312
v -29.134129 -167.523880 -27.265841
v -28.880117 -167.668396 -30.501917
v -28.759659 -164.266876 -26.900309
v -29.179199 -164.003677 -23.782372
v -29.017916 -160.452881 -23.501390
v -28.938011 -157.001663 -23.282715
v -28.906158 -150.257965 -23.183258
v -28.989981 -146.886993 -23.331720
v -29.420242 -140.037445 -23.919779
v -29.406384 -136.399689 -27.431992
v -29.665457 -132.915375 -31.056334
v -29.572609 -132.947769 -51.278114
v -29.614538 -132.903259 -37.788795
v -29.593365 -132.900757 -41.155891
v -29.568413 -132.922501 -47.908600
v -27.974621 -138.884628 -52.204578
v -30.488768 -140.118881 -71.609627
v -30.049255 -139.960510 -68.322906
v -29.149940 -139.576172 -61.776928
v -28.346790 -139.085602 -55.374130
v -31.228249 -143.621887 -75.670158
v -31.043077 -153.615616 -76.177597
v -30.964087 -160.233597 -75.935860
v -30.892651 -163.539337 -75.719604
v -28.754539 -167.690643 -51.767563
v -30.610361 -143.608994 -71.929512
v -28.690910 -150.232437 -62.589825
v -30.218847 -150.255722 -68.735863
v -28.649637 -146.818405 -62.455475
v -28.742035 -156.936554 -62.411102
v -30.225163 -157.026947 -68.593246
v -30.580359 -153.653885 -70.795212
v -30.699900 -150.266296 -72.163315
v -28.935062 -160.366714 -62.068264
v -30.160408 -160.397614 -68.490211
v -30.571728 -160.210037 -71.847847
v -30.547457 -156.938278 -70.726814
v -29.286146 -163.956146 -61.579338
v -30.198227 -163.760452 -68.959473
v -26.661716 -135.708954 -38.596706
v -26.711496 -135.305252 -41.276608
v -26.673429 -136.349319 -35.946514
v -28.682852 -135.806793 -30.159100
v -26.510332 -138.306229 -32.385082
v -26.740606 -136.805267 -34.330418
v -26.540049 -139.596664 -30.796299
v -28.624195 -139.187561 -26.810526
v -26.544420 -141.484344 -29.204197
v -26.608248 -144.910110 -27.321495
v -26.656910 -143.526520 -27.787807
v -26.571856 -147.562622 -26.586353
v -26.577522 -150.427979 -26.085857
v -26.559528 -153.474792 -26.111889
v -26.516277 -156.380753 -26.511459
v -26.573019 -158.977341 -27.368238
v -26.536236 -162.361038 -29.268866
v -26.583012 -161.021500 -28.440420
v -26.576254 -164.138031 -30.934172
v -26.471403 -165.441818 -32.459614
v -26.631018 -167.390976 -35.961548
v -26.590082 -166.176926 -33.523056
v -26.575098 -168.160324 -38.568554
v -26.635803 -168.471909 -41.272007
v -26.695587 -168.450989 -44.141987
v -26.720676 -167.923279 -46.828777
v -26.787775 -167.276062 -48.842678
v -28.234970 -164.865280 -55.054729
v -27.748491 -165.523132 -52.710308
v -25.389603 -164.087341 -51.318153
v -26.301359 -161.949448 -55.453991
v -26.578619 -161.763367 -56.020779
v -26.586725 -158.579315 -58.273155
v -26.738453 -160.093765 -57.741421
v -26.542742 -156.111313 -59.044083
v -26.576212 -153.305954 -59.558037
v -26.562096 -150.450302 -59.579327
v -26.534140 -147.635910 -59.163002
v -26.545359 -145.142899 -58.386585
v -26.617706 -143.341797 -57.339310
v -26.558798 -141.985992 -56.250336
v -26.381109 -141.882980 -55.626156
v -25.406189 -139.839462 -51.230907
v -26.845053 -136.457458 -48.825081
v -26.810505 -135.807190 -46.892811
v -26.732361 -135.353363 -44.209423
v -25.739153 -166.846130 -47.490875
v -22.254288 -165.520859 -44.012516
v -22.821743 -163.178650 -50.529640
v -22.450859 -164.272293 -48.610233
v -22.162918 -165.465256 -41.336502
v -25.568247 -166.980682 -37.886890
v -26.566135 -166.685577 -34.699238
v -25.912809 -163.612427 -31.219479
v -26.547260 -160.131073 -28.022619
v -22.275856 -159.288467 -54.429829
v -25.601082 -156.826263 -57.883987
v -19.780487 -162.146393 -50.202450
v -19.732872 -159.367172 -53.056480
v -19.726631 -160.870117 -51.771671
v -22.314852 -153.004776 -56.402611
v -25.618719 -156.903244 -27.742548
v -22.278954 -150.628830 -56.345276
v -22.276905 -153.021484 -29.193048
v -25.610426 -147.023605 -57.954700
v -22.265352 -150.579163 -29.254482
v -25.645771 -146.888168 -27.687748
v -26.537395 -144.028549 -57.616417
v -22.807674 -140.676071 -50.501022
v -22.220766 -144.217529 -54.127354
v -19.660812 -142.824371 -51.963650
v -19.677267 -141.446472 -50.330421
v -25.988647 -140.178207 -31.126274
v -22.171246 -143.997711 -31.591776
v -25.782534 -136.928619 -47.478176
v -22.127764 -140.572922 -34.997520
v -22.235830 -138.221680 -44.061832
v -22.172985 -138.267990 -41.339066
v -25.620831 -136.778214 -37.798351
v -19.371897 -164.746307 -44.275272
v -19.560862 -163.589386 -47.604721
v -19.490561 -164.047668 -46.656178
v -16.095108 -164.786835 -41.447029
v -19.350550 -164.256210 -38.847076
v -22.117847 -163.214203 -34.965740
v -22.096539 -164.408630 -36.991482
v -19.338615 -163.902054 -37.812721
v -16.157499 -162.409119 -35.430359
v -19.445078 -161.114487 -33.714050
v -22.219065 -159.701843 -31.395452
v -19.418245 -159.518005 -32.349667
v -22.211321 -157.639740 -55.330059
v -19.519976 -156.696686 -54.472832
v -19.437195 -153.364578 -55.549252
v -19.485294 -155.868469 -54.858837
v -22.158287 -157.566391 -30.311146
v -16.198298 -156.877945 -31.117058
v -19.388197 -156.087479 -30.557333
v -19.391203 -153.411942 -30.035694
v -16.134510 -150.442734 -55.521339
v -16.125841 -150.391357 -30.218023
v -19.455847 -147.831024 -55.045471
v -19.395170 -147.692230 -30.543356
v -22.204037 -146.178131 -55.312546
v -19.449247 -146.907516 -54.734207
v -22.183022 -146.187500 -30.373035
v -16.247849 -144.440186 -53.213249
v -16.136137 -144.330612 -32.397842
v -16.070099 -146.845596 -31.039389
v -19.479136 -142.673431 -33.667011
v -22.436047 -139.491333 -48.374321
v -16.135769 -140.000427 -47.765636
v -19.464922 -139.537216 -46.834713
v -19.352367 -138.984558 -44.360691
v -22.098581 -139.378571 -37.143032
v -19.325203 -139.454056 -38.774048
v -16.086916 -141.337479 -35.352337
v -16.003393 -139.915466 -37.848644
v -16.105745 -139.044312 -41.432987
v -16.154510 -164.994446 -44.388134
v -16.205917 -164.527145 -47.118515
v -15.981380 -164.302139 -38.722363
v -16.072527 -163.886963 -37.744015
v -16.290487 -162.620377 -50.488842
v -16.297911 -159.634018 -53.461891
v -16.204163 -161.237701 -52.100422
v -16.131189 -161.098282 -33.737957
v -16.177881 -159.489532 -32.384647
v -10.830318 -163.222046 -31.686214
v -11.963989 -160.694260 -30.370462
v -16.169825 -155.993988 -30.713516
v -16.124214 -153.457932 -55.659664
v -16.191044 -156.220901 -55.287006
v -16.144979 -153.376511 -30.116535
v -16.051466 -147.774139 -55.073864
v -16.075283 -147.764374 -30.688282
v -16.158625 -146.768707 -54.660156
v -16.185865 -142.742416 -51.937031
v -16.133558 -142.694443 -33.719753
v -16.198532 -141.349472 -50.339825
v -16.127687 -139.589981 -46.901352
v -16.035345 -139.559280 -38.739731
v -16.134872 -138.934280 -44.357742
v -11.496539 -167.441299 -44.520695
v -11.193457 -166.891785 -38.027943
v -13.462534 -164.880096 -48.779800
v -11.071429 -166.866928 -47.683502
v -13.591621 -164.964249 -37.030277
v -11.889346 -164.554581 -34.320644
v -11.858225 -164.500519 -51.540401
v -12.018558 -160.768311 -55.438148
v -10.860729 -163.217636 -54.042213
v -13.461876 -157.914536 -55.623661
v -13.675407 -158.076080 -30.146181
v -11.176842 -156.829834 -28.030186
v -10.882837 -153.562103 -57.672565
v -10.751696 -156.760910 -57.591152
v -11.114373 -147.040558 -57.736946
v -11.056941 -153.528015 -28.017336
v -10.805933 -147.097000 -28.204632
v -13.651394 -146.023987 -55.740196
v -11.957365 -143.234360 -55.375248
v -12.042162 -143.085037 -30.306297
v -13.477024 -145.840576 -30.036825
v -10.818094 -140.634872 -54.037792
v -10.934806 -140.619553 -31.674286
v -11.875420 -139.321426 -51.480839
v -13.608056 -139.054047 -48.938816
v -11.207569 -137.025742 -47.707752
v -11.897814 -139.331482 -34.197189
v -11.185029 -136.966599 -38.080868
v -13.490140 -138.896774 -36.873631
v -11.556304 -136.437653 -44.514160
v -10.173091 -167.388779 -47.182270
v -10.146674 -167.865051 -41.538124
v -10.200963 -167.843170 -44.206394
v -10.128053 -166.062119 -50.587357
v -10.243977 -167.368637 -38.776234
v -10.158031 -166.635345 -36.266529
v -10.621371 -159.938400 -57.528629
v -10.196457 -164.610291 -52.637653
v -10.362355 -163.063812 -54.526478
v -10.108048 -165.273560 -33.711452
v -10.285509 -163.346252 -31.378145
v -10.244594 -161.405701 -29.390005
v -10.587769 -145.107391 -57.988918
v -10.617225 -158.748505 -27.723207
v -10.241376 -142.545959 -56.377651
v -10.674268 -143.919159 -28.288219
v -10.281007 -140.484528 -54.310932
v -10.104935 -138.536285 -51.959499
v -10.159730 -137.204041 -49.421150
v -10.149039 -137.747482 -35.158684
v -10.247904 -139.214157 -33.101402
v -10.399672 -141.038040 -30.885843
v -10.255903 -136.425919 -46.842175
v -10.233521 -136.020386 -44.118366
v -10.240494 -136.409103 -38.702145
v -10.153301 -136.021072 -41.704678
v -8.360461 -166.642563 -49.354012
v -8.349226 -164.856400 -52.615482
v -8.194698 -163.409058 -54.318256
v -8.165413 -161.883484 -56.120331
v -7.885414 -159.674164 -58.355846
v -10.265598 -158.757095 -57.881977
v -9.873016 -156.293091 -58.328083
v -7.974642 -156.502289 -58.932583
v -10.068051 -147.586990 -58.363823
v -9.687594 -153.467010 -58.562767
v -7.910444 -153.792542 -59.206104
v -9.754022 -150.424652 -58.565315
v -7.973472 -150.304428 -59.184498
v -8.026050 -147.402924 -58.917854
v -7.951537 -144.288010 -58.340595
v -8.384494 -137.221542 -36.267544
v -8.364493 -138.864151 -33.247040
v -8.209757 -140.412476 -31.383183
v -10.530286 -144.201675 -28.093727
v -8.148865 -142.037720 -29.343668
v -10.077674 -156.275391 -27.319798
v -9.897066 -147.563782 -27.438206
v -7.828833 -144.708694 -27.192892
v -9.761052 -153.431808 -27.134552
v -9.698865 -150.389023 -27.180567
v -7.935735 -147.470764 -26.745863
v -7.875260 -150.053192 -26.497620
v -7.928637 -153.456177 -26.508823
v -8.011491 -156.643021 -26.805305
v -7.965712 -159.160400 -27.307398
v -8.507659 -167.223846 -47.009090
v -8.617427 -167.421677 -43.502510
v -8.601954 -167.058334 -38.596710
v -8.400125 -166.498169 -35.725197
v -8.178122 -164.294647 -31.739573
v -7.998890 -161.858154 -29.006489
v -8.160306 -139.972946 -54.543854
v -8.368992 -137.545776 -50.555161
v -8.614072 -136.780121 -47.093552
v -8.636867 -136.442322 -43.520115
v -8.531118 -136.617432 -38.742695
v -8.043245 -165.947479 -50.872589
v -7.498814 -163.855820 -51.504623
v -8.106944 -166.265594 -37.969898
v -8.042330 -166.071960 -34.917290
v -7.673563 -163.710693 -31.035419
v -7.358948 -160.684052 -55.047096
v -7.353754 -160.491333 -58.196705
v -7.414813 -160.410507 -27.596607
v -7.006797 -155.024277 -59.114391
v -7.174764 -157.299774 -26.940567
v -6.962241 -148.884674 -26.583820
v -7.228935 -146.546143 -58.718220
v -7.481841 -143.457809 -58.028858
v -7.325212 -143.336380 -27.535006
v -7.340801 -143.157181 -30.691439
v -7.493207 -139.979462 -34.220177
v -7.703366 -140.128143 -54.637665
v -8.044458 -137.751740 -50.786087
v -8.050438 -137.873947 -34.840588
v -8.110211 -137.559799 -47.744320
vn -0.0686 0.0207 -0.9974
vn -0.0569 -0.1119 -0.9921
vn -0.0796 -0.1212 -0.9894
vn -0.0965 0.0109 -0.9953
vn -0.9667 -0.2535 -0.0335
vn -0.9047 -0.4256 -0.0206
vn -0.0406 0.0570 -0.9975
vn -0.0131 -0.0286 -0.9995
vn -0.0162 -0.2764 -0.9609
vn -0.0045 -0.0139 -0.9999
vn -0.0094 -0.2552 -0.9668
vn 0.0007 -0.0088 -1.0000
vn -0.0011 -0.1733 -0.9849
vn 0.0042 -0.0106 -0.9999
vn 0.0036 -0.1256 -0.9921
vn 0.0081 0.0066 -0.9999
vn 0.0066 -0.1004 -0.9949
vn 0.0081 0.0069 -0.9999
vn 0.0108 -0.0024 -0.9999
vn 0.0108 -0.0422 -0.9991
vn 0.0121 -0.0141 -0.9998
vn 0.0120 -0.0339 -0.9994
vn 0.0120 -0.0070 -0.9999
vn 0.0132 -0.0329 -0.9994
vn 0.0132 -0.0286 -0.9995
vn 0.0130 -0.0410 -0.9991
vn 0.0130 -0.0281 -0.9995
vn 0.0129 -0.0346 -0.9993
vn 0.0129 -0.0385 -0.9992
vn 0.0132 -0.0417 -0.9990
vn 0.5578 -0.6355 -0.5339
vn 0.4391 -0.5383 -0.7193
vn 0.1731 -0.9132 -0.3689
vn -0.0331 -0.4346 -0.9000
vn -0.6561 -0.1330 -0.7429
vn -0.0090 -0.2019 -0.9794
vn -0.0162 -0.2834 -0.9589
vn -0.0209 -0.3444 -0.9386
vn -0.2261 -0.7504 -0.6211
vn -0.4016 -0.8151 -0.4175
vn -0.4808 -0.4360 -0.7608
vn -0.1195 -0.0080 -0.9928
vn -0.6632 -0.0106 -0.7484
vn 0.0277 0.0532 -0.9982
vn 0.0698 0.0754 -0.9947
vn 0.0101 0.0391 -0.9992
vn -0.0284 0.0039 -0.9996
vn 0.0197 0.0635 -0.9978
vn -0.0204 -0.0344 -0.9992
vn -0.0411 -0.1719 -0.9843
vn 0.0632 0.5762 -0.8149
vn -0.6272 0.2594 -0.7344
vn -0.1171 0.1697 -0.9785
vn -0.4832 0.0206 -0.8753
vn 0.0069 0.6498 -0.7601
vn -0.2668 0.6957 -0.6670
vn -0.4614 0.7860 -0.4116
vn 0.2538 0.3984 -0.8814
vn 0.5403 0.5966 -0.5934
vn 0.0150 0.1214 -0.9925
vn 0.3163 0.4893 -0.8128
vn 0.0378 0.0294 -0.9989
vn 0.0770 0.2398 -0.9678
vn 0.1434 0.2919 -0.9456
vn 0.2183 0.0537 -0.9744
vn 0.1397 0.1269 -0.9820
vn 0.0390 0.0222 -0.9990
vn 0.0394 0.0399 -0.9984
vn 0.1243 0.0541 -0.9908
vn 0.0561 0.1235 -0.9908
vn 0.0329 0.0185 -0.9993
vn 0.3163 0.2557 -0.9136
vn 0.5766 0.2619 -0.7739
vn 0.2873 0.1283 -0.9492
vn 0.2221 0.5826 -0.7819
vn 0.3104 0.3534 -0.8825
vn 0.5261 0.5883 -0.6140
vn 0.5486 0.5533 -0.6268
vn 0.8454 0.1509 -0.5124
vn 0.6635 0.4020 -0.6310
vn 0.5725 0.0848 -0.8155
vn 0.6059 0.0375 -0.7947
vn 0.5730 0.0815 -0.8155
vn 0.5845 0.0075 -0.8114
vn 0.5366 -0.0205 -0.8436
vn 0.5805 -0.1090 -0.8070
vn 0.4553 -0.3754 -0.8073
vn 0.5485 -0.5861 -0.5963
vn 0.5407 -0.6106 -0.5786
vn 0.5916 -0.5373 -0.6012
vn 0.7871 -0.2396 -0.5684
vn 0.3308 -0.5126 -0.7924
vn 0.1864 -0.7870 -0.5881
vn 0.2441 -0.7516 -0.6128
vn 0.5145 -0.5961 -0.6164
vn -0.0053 -0.5913 -0.8065
vn -0.0135 -0.6158 -0.7877
vn 0.0504 -0.6135 -0.7881
vn -0.0190 -0.6138 -0.7893
vn -0.0171 -0.6139 -0.7892
vn -0.2511 -0.4419 -0.8612
vn -0.2523 -0.4419 -0.8609
vn -0.2096 -0.4059 -0.8896
vn -0.2745 -0.6731 -0.6867
vn -0.3518 -0.6528 -0.6709
vn -0.0753 -0.7550 -0.6514
vn -0.2038 -0.4923 -0.8462
vn -0.6190 -0.3939 -0.6794
vn -0.5746 -0.1555 -0.8035
vn -0.3578 -0.2427 -0.9017
vn -0.6198 -0.2285 -0.7508
vn -0.0970 0.0017 -0.9953
vn -0.5120 -0.3663 -0.7769
vn -0.3560 -0.2971 -0.8860
vn -0.7927 -0.0325 -0.6088
vn -0.6062 -0.4963 -0.6215
vn -0.0937 -0.0153 -0.9955
vn -0.1009 -0.0346 -0.9943
vn -0.5426 -0.0380 -0.8391
vn -0.0913 -0.0135 -0.9957
vn -0.0940 -0.0246 -0.9953
vn -0.5646 -0.0171 -0.8252
vn -0.1118 -0.0629 -0.9917
vn -0.4868 0.3082 -0.8173
vn -0.1011 -0.0121 -0.9948
vn -0.0924 0.0905 -0.9916
vn -0.6125 0.0907 -0.7853
vn -0.1125 -0.0382 -0.9929
vn -0.8506 0.0499 -0.5235
vn -0.7918 0.1896 -0.5807
vn -0.6929 0.4312 -0.5779
vn -0.7004 0.3736 -0.6081
vn -0.5009 0.4321 -0.7499
vn -0.1490 0.0178 -0.9887
vn -0.0823 0.0804 -0.9934
vn -0.0895 0.0225 -0.9957
vn -0.6653 0.3806 -0.6423
vn -0.4071 0.5665 -0.7165
vn -0.0307 0.1868 -0.9819
vn -0.3051 0.3034 -0.9027
vn -0.1231 0.7413 -0.6598
vn -0.1471 0.1165 -0.9822
vn 0.0141 0.1892 -0.9818
vn -0.0814 0.0445 -0.9957
vn -0.0760 0.0446 -0.9961
vn -0.0797 0.0551 -0.9953
vn -0.1496 0.0486 -0.9876
vn -0.0904 0.0467 -0.9948
vn -0.1068 0.0608 -0.9924
vn -0.0883 0.0671 -0.9938
vn -0.0860 0.0802 -0.9931
vn -0.0710 0.0247 -0.9972
vn -0.0085 0.3395 -0.9406
vn -0.4211 0.5138 -0.7475
vn -0.1423 0.0080 -0.9898
vn -0.0928 0.0454 -0.9947
vn -0.3364 0.1346 -0.9321
vn -0.5573 0.4603 -0.6910
vn -0.0793 0.0819 -0.9935
vn -0.9244 -0.3811 -0.0144
vn -0.9401 -0.3403 -0.0183
vn -0.8889 -0.4577 -0.0172
vn -0.8940 -0.4478 -0.0142
vn -0.9255 -0.3782 -0.0214
vn -0.9447 -0.3273 -0.0215
vn -0.9256 -0.3781 0.0173
vn -0.8928 -0.4485 0.0413
vn -0.9130 -0.4057 0.0418
vn -0.8588 -0.5122 -0.0084
vn -0.9605 -0.2781 -0.0112
vn -0.9557 -0.2939 0.0178
vn -0.8816 -0.4697 0.0474
vn -0.9222 -0.3840 0.0465
vn -0.8535 -0.5206 0.0203
vn -0.9367 -0.3421 0.0740
vn -0.9452 -0.3182 0.0736
vn -0.9717 -0.2315 0.0464
vn -0.6521 -0.2193 0.7257
vn -0.4755 -0.0506 0.8783
vn -0.0348 -0.0630 0.9974
vn -0.6001 -0.2169 0.7700
vn -0.1269 -0.0781 0.9888
vn -0.8020 -0.5285 0.2782
vn -0.3343 -0.3027 0.8925
vn -0.2009 -0.0242 0.9793
vn -0.1553 0.0032 0.9879
vn -0.2383 0.0000 0.9712
vn -0.1817 0.0013 0.9833
vn -0.1781 0.0013 0.9840
vn -0.1175 0.0013 0.9931
vn -0.9826 -0.1829 -0.0338
vn -0.9817 -0.1874 -0.0334
vn -0.9655 -0.2600 -0.0111
vn -0.9863 -0.1585 0.0464
vn -0.9600 -0.2786 0.0287
vn -0.7696 0.0921 0.6318
vn -0.1692 0.1581 0.9728
vn -0.9938 -0.1060 -0.0338
vn -0.9969 -0.0726 -0.0302
vn -0.9891 -0.1446 0.0291
vn -0.9950 -0.0915 0.0395
vn -0.7684 -0.0342 0.6390
vn -0.6134 -0.0913 0.7845
vn -0.4741 0.0217 0.8802
vn -0.3940 -0.0199 0.9189
vn -0.9992 -0.0112 -0.0378
vn -0.9974 -0.0659 -0.0302
vn -0.9998 0.0189 -0.0043
vn -0.9992 -0.0053 0.0398
vn -0.9990 0.0082 0.0428
vn -0.7059 0.0179 0.7080
vn -0.9950 0.0905 -0.0414
vn -0.9969 0.0685 -0.0377
vn -0.9936 0.1130 -0.0068
vn -0.9947 0.1032 -0.0043
vn -0.9949 0.0907 0.0433
vn -0.9684 0.2372 0.0773
vn -0.7574 -0.0428 0.6516
vn -0.3761 0.0002 0.9266
vn -0.2157 -0.0515 0.9751
vn -0.9852 0.1666 -0.0413
vn -0.9640 0.2647 -0.0246
vn -0.9845 0.1753 -0.0069
vn -0.9734 0.2158 0.0774
vn -0.9811 0.1803 0.0709
vn -0.2226 0.0013 0.9749
vn -0.3541 0.0629 0.9331
vn -0.9532 0.3014 -0.0246
vn -0.9375 0.3474 -0.0205
vn -0.9731 0.2191 0.0709
vn -0.9663 0.2457 0.0775
vn -0.3352 0.0213 0.9419
vn -0.5674 0.1224 0.8143
vn -0.9072 0.4199 -0.0271
vn -0.9389 0.3437 -0.0205
vn -0.9606 0.2669 0.0780
vn -0.8945 0.4466 0.0199
vn -0.7661 0.3890 0.5116
vn -0.8149 0.4078 0.4120
vn -0.6457 0.3973 0.6521
vn -0.1102 0.0020 0.9939
vn -0.8775 0.4788 -0.0265
vn -0.8561 0.5156 -0.0358
vn -0.8923 0.4507 -0.0261
vn -0.9030 0.4293 0.0179
vn -0.8758 0.4823 0.0185
vn -0.8564 0.5158 -0.0204
vn -0.9083 0.4178 0.0214
vn -0.8738 0.4857 0.0247
vn -0.8891 0.4573 0.0176
vn -0.8002 0.3214 0.5063
vn -0.8275 0.4096 0.3840
vn -0.4527 0.0741 0.8886
vn -0.8027 0.3228 0.5015
vn -0.8307 -0.5567 -0.0082
vn -0.7888 -0.6146 -0.0079
vn -0.8298 -0.5580 -0.0083
vn -0.7724 -0.6351 -0.0058
vn -0.8197 -0.5725 0.0157
vn -0.8459 -0.5330 0.0205
vn -0.7880 -0.6155 0.0160
vn -0.7846 -0.6198 0.0152
vn -0.8615 -0.4647 0.2046
vn -0.8952 -0.3391 0.2891
vn -0.7667 -0.6071 0.2089
vn -0.7681 -0.1151 0.6299
vn -0.3250 -0.0258 0.9454
vn -0.0305 0.0019 0.9995
vn -0.0882 0.0010 0.9961
vn -0.0853 0.0010 0.9964
vn -0.1800 -0.4038 0.8970
vn -0.6821 -0.6560 0.3231
vn -0.0778 0.0015 0.9970
vn -0.4910 0.3278 0.8071
vn -0.8116 0.4991 0.3037
vn -0.8349 0.3937 0.3846
vn -0.8176 0.4894 0.3035
vn -0.0367 0.0011 0.9993
vn -0.6788 0.7091 0.1906
vn -0.0371 0.0011 0.9993
vn -0.0318 0.0011 0.9995
vn -0.6783 0.7092 0.1924
vn -0.0543 0.0002 0.9985
vn -0.1975 0.5266 0.8269
vn -0.0452 0.0007 0.9990
vn 0.0105 0.0006 0.9999
vn -0.6703 0.7344 0.1067
vn -0.6300 0.7753 0.0447
vn -0.5559 0.8298 0.0482
vn -0.4513 0.8335 0.3186
vn -0.0038 0.0005 1.0000
vn -0.6424 0.7083 0.2925
vn -0.0088 0.0001 1.0000
vn -0.0350 0.0010 0.9994
vn -0.1362 0.9585 0.2504
vn -0.0463 0.0004 0.9989
vn 0.0291 0.0004 0.9996
vn -0.4191 0.8174 -0.3953
vn -0.1844 0.9794 0.0827
vn -0.0460 0.0003 0.9989
vn -0.0729 0.9168 0.3927
vn -0.0331 0.0010 0.9995
vn -0.1231 0.9577 0.2603
vn -0.0035 0.0012 1.0000
vn -0.0372 0.8804 0.4729
vn -0.0192 0.0003 0.9998
vn -0.0634 0.9161 0.3959
vn 0.0307 -0.0006 0.9995
vn 0.0016 -0.0016 1.0000
vn 0.0577 0.8948 0.4427
vn 0.0408 0.9134 0.4050
vn 0.0321 -0.0016 0.9995
vn 0.0509 0.9085 0.4148
vn 0.0212 -0.0022 0.9998
vn 0.0655 0.8950 0.4413
vn 0.0467 -0.0037 0.9989
vn 0.0649 0.9886 0.1358
vn 0.0847 -0.0016 0.9964
vn 0.1781 0.9154 0.3609
vn 0.0303 -0.0055 0.9995
vn 0.3327 0.9389 -0.0882
vn 0.0653 -0.0038 0.9979
vn 0.3032 0.9422 -0.1423
vn -0.0253 -0.0103 0.9996
vn 0.4825 0.0836 0.8719
vn 0.0452 -0.0055 0.9990
vn 0.3375 0.9361 -0.0995
vn 0.6346 0.7664 -0.0992
vn 0.3263 0.3580 0.8749
vn 0.3364 0.4235 0.8411
vn -0.0391 -0.0111 0.9992
vn 0.4543 0.3667 0.8119
vn 0.4135 0.4767 0.7757
vn 0.4258 0.3090 0.8504
vn 0.3284 0.3261 0.8864
vn 0.3419 0.4929 0.8001
vn -0.0277 -0.0151 0.9995
vn -0.0010 -0.0114 0.9999
vn 0.4004 0.3301 0.8548
vn 0.2800 0.4613 0.8419
vn 0.4025 0.3359 0.8516
vn 0.2452 0.2941 0.9238
vn 0.2353 0.4638 0.8541
vn -0.0896 -0.0192 0.9958
vn 0.2548 0.2940 0.9212
vn 0.1060 0.3826 0.9178
vn 0.2606 0.3171 0.9119
vn -0.1734 -0.0135 0.9848
vn -0.1068 0.5243 0.8448
vn -0.2068 -0.0165 0.9782
vn -0.3943 -0.0115 0.9189
vn -0.0897 0.0123 0.9959
vn -0.4515 -0.0128 0.8922
vn -0.4553 -0.0128 0.8902
vn -0.4313 -0.0127 0.9021
vn -0.4155 0.4181 0.8078
vn -0.5489 -0.0106 0.8358
vn -0.3771 0.1850 0.9075
vn -0.5226 -0.0254 0.8522
vn -0.5229 -0.0441 0.8513
vn -0.4793 -0.0126 0.8776
vn -0.6629 -0.0262 0.7483
vn -0.7697 -0.0315 0.6376
vn -0.6277 -0.0254 0.7781
vn -0.7825 0.0724 0.6184
vn -0.7685 0.0448 0.6383
vn -0.7734 -0.0255 0.6334
vn -0.7880 -0.0152 0.6155
vn -0.7880 -0.0131 0.6155
vn -0.5174 0.0215 0.8555
vn -0.7764 -0.1015 0.6221
vn -0.7801 -0.0290 0.6250
vn -0.4181 -0.0130 0.9083
vn -0.5170 -0.0782 0.8524
vn -0.4187 -0.0139 0.9080
vn 0.3882 -0.4615 0.7977
vn -0.3973 -0.2942 0.8693
vn 0.4286 -0.5911 0.6833
vn 0.6415 -0.6599 0.3912
vn 0.4786 -0.6004 0.6407
vn 0.5517 -0.7559 0.3525
vn 0.6491 -0.7568 0.0776
vn 0.3593 -0.9309 0.0660
vn 0.5124 -0.8578 -0.0393
vn 0.3738 -0.9274 0.0143
vn 0.1182 -0.8939 0.4325
vn 0.2480 -0.9678 -0.0434
vn 0.1018 -0.9015 0.4205
vn 0.0923 -0.8918 0.4429
vn 0.0357 -0.9329 0.3583
vn -0.0260 -0.8633 0.5041
vn -0.0310 -0.9270 0.3738
vn -0.0784 -0.8882 0.4526
vn -0.0536 -0.9272 0.3706
vn -0.0517 -0.9288 0.3669
vn -0.1417 -0.9883 0.0560
vn -0.2078 -0.9417 0.2644
vn -0.3811 -0.0176 0.9244
vn -0.4596 -0.7961 -0.3937
vn -0.0120 -0.5749 0.8181
vn -0.2583 -0.8713 0.4174
vn -0.3958 -0.7284 0.5592
vn -0.5192 -0.0875 0.8502
vn -0.7667 -0.5840 0.2668
vn -0.6408 -0.7667 0.0391
vn -0.5555 -0.8306 0.0399
vn -0.3657 -0.9053 0.2159
vn -0.1140 -0.5553 0.8238
vn -0.6217 -0.0559 0.7812
vn -0.8524 -0.4795 0.2087
vn -0.5216 -0.7996 0.2977
vn -0.7876 0.6154 -0.0306
vn -0.7985 0.6012 -0.0300
vn -0.8499 0.5266 -0.0204
vn -0.8200 0.5714 -0.0327
vn -0.8227 0.5682 0.0180
vn -0.8333 0.5525 0.0159
vn -0.7428 0.6693 0.0170
vn -0.7574 0.6528 0.0146
vn -0.7337 -0.6794 -0.0068
vn -0.7036 -0.7106 -0.0063
vn -0.6565 -0.7542 -0.0126
vn -0.6142 -0.7890 -0.0124
vn -0.5990 -0.8007 -0.0101
vn -0.7492 -0.6624 -0.0055
vn -0.6798 -0.7334 0.0002
vn -0.6464 -0.7630 0.0004
vn -0.6400 -0.7682 0.0127
vn -0.7276 -0.6859 0.0150
vn -0.7305 -0.6827 0.0156
vn -0.6906 -0.7232 0.0110
vn -0.7150 -0.6990 0.0150
vn -0.6405 -0.7679 0.0117
vn -0.6394 -0.7688 0.0115
vn -0.8349 -0.4439 0.3256
vn -0.5345 -0.8068 0.2517
vn -0.7314 0.6808 -0.0395
vn -0.7718 0.6350 -0.0330
vn -0.7208 0.6931 0.0002
vn -0.7612 0.6484 0.0146
vn -0.7650 0.6438 0.0139
vn -0.7092 0.7040 -0.0381
vn -0.6849 0.7275 -0.0400
vn -0.6458 0.7627 -0.0338
vn -0.6948 0.7192 0.0006
vn -0.6480 0.7616 0.0010
vn -0.6949 0.7191 0.0005
vn -0.6061 0.7954 -0.0073
vn -0.6936 0.7202 0.0139
vn -0.6842 0.7291 0.0158
vn -0.6511 0.7588 0.0159
vn -0.6301 0.7762 0.0206
vn -0.7042 0.7016 0.1091
vn -0.6917 0.7165 0.0911
vn -0.5572 -0.8303 -0.0109
vn -0.5711 -0.8208 -0.0100
vn -0.5712 -0.8207 0.0132
vn -0.5553 -0.8316 0.0125
vn -0.5691 -0.8221 0.0147
vn -0.6700 0.7416 -0.0338
vn -0.5446 0.8385 -0.0163
vn -0.6128 0.7902 -0.0073
vn -0.5860 0.8101 0.0204
vn -0.5404 0.8410 0.0266
vn -0.4817 -0.8763 -0.0106
vn -0.4357 -0.9000 -0.0151
vn -0.5023 -0.8646 -0.0125
vn -0.5000 -0.8660 0.0107
vn -0.5177 -0.8554 0.0151
vn -0.4750 -0.8446 0.2470
vn -0.4659 -0.8564 0.2224
vn -0.5281 -0.8211 0.2166
vn -0.3719 0.9004 -0.2257
vn -0.5674 0.7870 -0.2423
vn -0.6728 0.7309 -0.1143
vn -0.6597 0.7515 -0.0074
vn -0.6260 0.7798 -0.0074
vn -0.5845 0.8108 -0.0330
vn -0.4867 0.8734 0.0144
vn -0.6138 0.7893 -0.0160
vn -0.4902 0.8716 0.0100
vn -0.4477 0.8941 0.0102
vn -0.5079 0.8610 0.0268
vn -0.5193 0.8542 0.0246
vn -0.4390 0.8984 0.0144
vn -0.4767 0.8774 0.0545
vn -0.3573 -0.9339 -0.0141
vn -0.2728 -0.9618 -0.0227
vn -0.3808 -0.9245 -0.0163
vn -0.3433 -0.9391 -0.0164
vn -0.4210 -0.9070 0.0126
vn -0.3011 -0.9535 0.0137
vn -0.2946 -0.9549 0.0366
vn -0.4033 -0.9149 0.0179
vn -0.2350 -0.9717 0.0248
vn -0.8558 -0.0238 -0.5168
vn -0.8278 -0.2338 -0.5100
vn -0.8507 0.0023 -0.5257
vn -0.0347 0.0369 -0.9987
vn -0.1296 0.0413 -0.9907
vn -0.0140 0.0299 -0.9995
vn -0.1161 0.0467 -0.9921
vn -0.5985 0.7933 -0.1117
vn -0.4392 0.8957 -0.0688
vn -0.6179 0.7830 -0.0706
vn -0.5542 0.8324 -0.0026
vn -0.5325 0.8439 0.0655
vn -0.3534 0.9298 0.1027
vn -0.3837 0.9159 0.1181
vn -0.2085 0.7122 0.6703
vn -0.4288 0.9027 -0.0353
vn -0.4791 0.8776 0.0145
vn -0.3548 0.9345 0.0286
vn -0.3923 0.9195 0.0259
vn -0.3321 0.9429 0.0256
vn -0.3197 0.9468 0.0374
vn -0.3813 0.9243 0.0163
vn -0.3923 0.9198 0.0121
vn -0.4648 0.8837 0.0551
vn -0.3010 0.9535 0.0125
vn -0.3175 0.9481 0.0162
vn -0.1668 0.9652 0.2013
vn -0.1880 -0.9818 -0.0261
vn -0.2254 -0.9740 -0.0227
vn -0.2295 -0.9732 0.0121
vn -0.2252 -0.9743 0.0081
vn -0.2380 -0.9706 0.0373
vn -0.2294 -0.9727 0.0351
vn -0.0688 -0.9789 0.1922
vn -0.6496 -0.4607 -0.6048
vn -0.5302 -0.6055 -0.5935
vn -0.7700 -0.3249 -0.5491
vn -0.6172 -0.5393 -0.5729
vn -0.8811 -0.0360 -0.4716
vn -0.7756 -0.2741 -0.5686
vn -0.0165 -0.0155 -0.9997
vn -0.0193 -0.0578 -0.9981
vn -0.0166 -0.0847 -0.9963
vn -0.8576 0.2044 -0.4719
vn -0.8093 0.2444 -0.5342
vn -0.0110 0.0118 -0.9999
vn -0.0111 0.0255 -0.9996
vn -0.0388 -0.1801 -0.9829
vn -0.3260 -0.4726 -0.8188
vn -0.0294 -0.3200 -0.9470
vn -0.0213 -0.1951 -0.9806
vn -0.0543 -0.3831 -0.9221
vn 0.5040 -0.4041 -0.7633
vn 0.4636 -0.3879 -0.7967
vn 0.9407 -0.3266 0.0918
vn 0.7115 -0.0271 -0.7022
vn 0.0014 0.1047 -0.9945
vn 0.0014 0.1004 -0.9949
vn 0.4712 0.4647 -0.7497
vn -0.0189 0.1962 -0.9804
vn -0.0184 0.2653 -0.9640
vn -0.0105 0.2036 -0.9790
vn -0.0496 0.3628 -0.9306
vn -0.0955 0.4719 -0.8765
vn -0.4355 0.5750 -0.6926
vn -0.7404 0.5646 -0.3648
vn -0.6632 0.4629 -0.5882
vn -0.4873 0.3855 -0.7835
vn -0.7160 0.5137 -0.4728
vn -0.7139 0.3823 -0.5867
vn -0.6140 0.4687 -0.6351
vn -0.4412 0.6005 -0.6669
vn -0.4497 0.6032 -0.6587
vn 0.0471 0.0191 -0.9987
vn -0.0494 0.0289 -0.9984
vn 0.0815 0.0100 -0.9966
vn 0.0342 0.0532 -0.9980
vn 0.0205 0.0166 -0.9997
vn 0.1595 0.4353 -0.8861
vn 0.0251 0.0116 -0.9996
vn 0.1793 -0.0881 -0.9798
vn 0.1542 0.2062 -0.9663
vn 0.1446 -0.0508 -0.9882
vn 0.0098 0.0164 -0.9998
vn 0.0182 -0.1512 -0.9883
vn 0.0075 0.0173 -0.9998
vn 0.0400 0.0163 -0.9991
vn -0.0049 -0.1738 -0.9848
vn -0.0004 0.0100 -1.0000
vn -0.0882 -0.2024 -0.9753
vn -0.0204 0.0175 -0.9996
vn -0.0258 -0.1500 -0.9884
vn -0.0367 0.0106 -0.9993
vn -0.2060 0.0058 -0.9785
vn -0.0142 0.0081 -0.9999
vn -0.1032 0.0157 -0.9945
vn -0.0195 0.0569 -0.9982
vn -0.1146 0.2476 -0.9621
vn -0.1139 0.2678 -0.9567
vn -0.1937 0.0188 -0.9809
vn -0.0393 0.0132 -0.9991
vn 0.1241 0.3837 -0.9151
vn -0.1570 0.5230 -0.8377
vn -0.0239 0.4352 -0.9000
vn 0.0030 0.0205 -0.9998
vn 0.0760 0.2489 -0.9656
vn 0.0150 0.0190 -0.9997
vn 0.2838 0.2493 -0.9259
vn -0.0014 0.0377 -0.9993
vn -0.0146 0.0393 -0.9991
vn 0.1603 0.0254 -0.9867
vn 0.1200 0.0267 -0.9924
vn 0.9552 0.2860 -0.0758
vn 0.4828 0.6436 -0.5939
vn 0.4395 0.7247 -0.5307
vn 0.6556 0.7549 -0.0163
vn 0.4997 0.8638 -0.0637
vn 0.1210 0.9915 -0.0484
vn 0.2696 0.9617 -0.0499
vn -0.2498 0.9607 0.1208
vn -0.2430 0.9630 0.1163
vn -0.2489 0.9681 0.0285
vn -0.2254 0.9737 0.0316
vn -0.2200 0.9749 0.0346
vn -0.2254 0.9735 0.0396
vn -0.2201 0.9753 0.0165
vn -0.1840 0.9826 0.0250
vn -0.1253 0.9718 0.1996
vn -0.1731 0.9413 0.2898
vn -0.3887 0.9207 -0.0349
vn -0.3275 0.9437 -0.0477
vn -0.2432 0.9693 -0.0347
vn -0.1903 0.9802 -0.0539
vn -0.2419 0.9640 0.1106
vn -0.1000 0.9925 0.0700
vn -0.1481 0.9818 0.1193
vn -0.0867 0.9934 0.0749
vn -0.0821 0.9917 0.0989
vn -0.0983 -0.9948 -0.0261
vn -0.0858 -0.9960 -0.0249
vn -0.1149 -0.9933 0.0086
vn -0.0703 -0.9969 0.0348
vn -0.1090 -0.9930 0.0444
vn -0.0774 -0.9783 0.1924
vn -0.2156 -0.8960 0.3882
vn -0.3629 -0.5615 -0.7437
vn -0.3376 -0.6280 -0.7012
vn -0.1704 -0.6818 -0.7114
vn -0.1344 -0.7675 -0.6268
vn -0.2881 0.7150 -0.6370
vn -0.2766 0.7406 -0.6124
vn -0.1252 0.7811 -0.6117
vn -0.1827 0.7852 -0.5917
vn -0.0600 0.5434 -0.8373
vn -0.1462 0.9887 0.0316
vn -0.1060 0.9937 0.0371
vn -0.1091 0.9932 0.0404
vn -0.1108 0.9935 0.0249
vn -0.0888 0.9956 0.0301
vn -0.0641 0.9557 0.2872
vn -0.0920 0.9293 0.3577
vn -0.1458 0.9881 -0.0484
vn -0.0460 0.9930 -0.1091
vn -0.0048 -0.9997 -0.0251
vn -0.0106 -0.9996 -0.0256
vn -0.0303 -0.9985 0.0445
vn 0.0149 -0.9993 0.0339
vn -0.0423 -0.9647 0.2599
vn -0.0249 -0.7800 -0.6252
vn -0.0493 -0.7860 -0.6163
vn -0.0394 0.8038 -0.5936
vn -0.0520 0.8067 -0.5886
vn -0.0019 0.5413 -0.8408
vn -0.0138 0.5456 -0.8379
vn 0.3742 -0.1732 0.9110
vn -0.0047 0.5028 -0.8644
vn 0.0100 0.4251 -0.9051
vn 0.0433 0.1929 -0.9803
vn 0.0863 -0.0514 -0.9949
vn 0.0481 0.0088 -0.9988
vn 0.0341 0.2015 -0.9789
vn 0.0437 0.9957 0.0823
vn 0.0175 0.9952 0.0960
vn 0.0551 0.9777 0.2027
vn -0.0294 0.9989 0.0370
vn -0.0321 0.9990 0.0301
vn -0.0191 0.9993 0.0329
vn -0.0162 0.9542 0.2987
vn 0.0132 0.9941 -0.1078
vn -0.0034 0.9958 -0.0918
vn 0.0888 -0.9957 -0.0247
vn 0.1013 -0.9945 -0.0258
vn 0.0773 -0.9964 0.0337
vn 0.0935 -0.9952 0.0303
vn 0.0357 -0.9432 0.3303
vn 0.0719 -0.9610 0.2669
vn 0.0737 -0.7857 -0.6142
vn 0.0714 -0.7358 -0.6734
vn 0.0277 -0.8015 -0.5974
vn 0.0821 0.7347 -0.6734
vn 0.0356 0.8062 -0.5905
vn 0.0341 0.8068 -0.5899
vn -0.3491 -0.1279 0.9283
vn -0.0486 0.0056 -0.9988
vn -0.0411 -0.0042 -0.9991
vn 0.0485 0.9795 0.1955
vn 0.0583 0.9966 0.0576
vn 0.0614 0.9973 0.0403
vn 0.0910 0.9952 0.0367
vn 0.0970 0.9946 0.0375
vn 0.0987 0.9946 0.0325
vn 0.0859 0.9959 0.0295
vn 0.0410 0.9347 0.3530
vn 0.0760 0.9530 0.2934
vn 0.0432 0.9939 -0.1017
vn 0.1799 -0.9834 -0.0247
vn 0.2320 -0.9725 -0.0200
vn 0.2006 -0.9792 0.0298
vn 0.2163 -0.9757 0.0338
vn 0.0968 -0.9591 0.2661
vn 0.2210 -0.7018 -0.6773
vn 0.1890 -0.7645 -0.6163
vn 0.2085 0.7062 -0.6767
vn 0.2042 0.7154 -0.6682
vn 0.1485 0.7942 -0.5893
vn 0.2244 0.7378 -0.6366
vn 0.2212 0.9677 0.1209
vn 0.1918 0.9382 0.2881
vn 0.1977 0.9717 0.1295
vn 0.2198 0.9748 0.0373
vn 0.2134 0.9763 0.0365
vn 0.2157 0.9760 0.0294
vn 0.2102 0.9773 0.0280
vn 0.0712 0.9533 0.2936
vn 0.1450 0.9877 -0.0586
vn 0.2779 -0.9604 -0.0184
vn 0.2964 -0.9548 -0.0201
vn 0.3142 -0.9493 0.0047
vn 0.2470 -0.9684 0.0336
vn 0.2965 -0.9549 0.0164
vn 0.6159 -0.5564 -0.5577
vn 0.6143 -0.5158 -0.5971
vn 0.4889 -0.7276 -0.4812
vn 0.4457 -0.6814 -0.5806
vn 0.4317 0.6943 -0.5758
vn 0.5480 0.5528 -0.6278
vn 0.5477 0.5446 -0.6352
vn 0.3910 0.6327 -0.6685
vn 0.6369 0.4665 -0.6138
vn 0.3305 0.9354 0.1256
vn 0.3378 0.9361 0.0978
vn 0.3405 0.9329 0.1175
vn 0.3323 0.9426 0.0331
vn 0.3102 0.9500 0.0360
vn 0.2880 0.9576 -0.0037
vn 0.2524 0.9672 0.0279
vn 0.2035 0.9790 0.0142
vn 0.3371 0.9414 -0.0109
vn 0.4425 0.8906 0.1051
vn 0.4755 0.8761 0.0798
vn 0.3663 -0.9304 -0.0142
vn 0.4000 -0.9163 -0.0184
vn 0.4053 -0.9142 -0.0044
vn 0.3855 -0.9227 0.0055
vn 0.3894 -0.9210 -0.0106
vn 0.3575 -0.9339 0.0040
vn 0.6315 -0.4890 -0.6017
vn 0.7640 -0.4411 -0.4709
vn 0.8564 -0.1813 -0.4834
vn 0.8490 -0.3332 -0.4102
vn 0.9075 -0.0042 -0.4201
vn 0.9069 -0.0017 -0.4214
vn 0.8050 0.3343 -0.4902
vn 0.8945 0.1465 -0.4224
vn 0.7979 0.3386 -0.4987
vn 0.7483 0.4472 -0.4900
vn 0.5718 0.5118 -0.6412
vn 0.4457 0.8945 0.0332
vn 0.4458 0.8945 0.0332
vn 0.4066 0.9135 -0.0148
vn 0.3745 0.9272 -0.0036
vn 0.3547 0.9349 0.0149
vn 0.2985 0.9544 -0.0060
vn 0.4980 0.8648 -0.0644
vn 0.4611 -0.8872 -0.0143
vn 0.5084 -0.8611 -0.0097
vn 0.4973 -0.8676 -0.0011
vn 0.5055 -0.8628 -0.0026
vn 0.4926 -0.8703 0.0010
vn 0.6203 0.7813 -0.0687
vn 0.5997 0.7957 -0.0843
vn 0.6194 0.7805 -0.0847
vn 0.5604 0.8272 0.0418
vn 0.6822 0.7294 -0.0503
vn 0.5310 0.8469 0.0278
vn 0.5541 0.8320 0.0278
vn 0.5012 0.8651 0.0181
vn 0.4642 0.8857 -0.0075
vn 0.5129 0.8584 -0.0075
vn 0.4516 0.8922 -0.0042
vn 0.5870 0.8095 0.0093
vn 0.5282 -0.8490 -0.0126
vn 0.5093 -0.8606 -0.0097
vn 0.5525 -0.8335 -0.0022
vn 0.5384 -0.8427 -0.0018
vn 0.5526 -0.8334 -0.0059
vn 0.6120 -0.7885 0.0608
vn 0.6452 -0.7436 0.1753
vn 0.5345 0.8439 -0.0476
vn 0.6824 0.7310 -0.0055
vn 0.5381 0.8427 0.0180
vn 0.5390 0.8422 0.0083
vn 0.5914 0.8062 0.0191
vn 0.5967 -0.8024 -0.0124
vn 0.5565 -0.8308 -0.0105
vn 0.6027 -0.7979 -0.0113
vn 0.5605 -0.8282 -0.0023
vn 0.5700 -0.8216 -0.0037
vn 0.5485 -0.8361 -0.0036
vn 0.5615 -0.8275 -0.0062
vn 0.6297 -0.7768 0.0044
vn 0.5603 -0.8281 0.0182
vn 0.6117 -0.7887 0.0608
vn 0.6492 -0.7422 0.1663
vn 0.7259 0.6277 0.2812
vn 0.5190 0.8148 0.2583
vn 0.6476 0.7613 -0.0332
vn 0.5581 0.8297 -0.0078
vn 0.5459 0.8378 -0.0067
vn 0.5962 0.8028 0.0005
vn 0.5955 0.8034 0.0005
vn 0.5720 0.8203 0.0042
vn 0.5998 0.7999 0.0193
vn 0.5847 0.8110 0.0170
vn 0.5824 0.8127 0.0169
vn 0.6615 0.7492 0.0333
vn 0.6487 -0.7605 -0.0295
vn 0.3980 -0.9169 -0.0293
vn 0.3661 -0.9299 -0.0340
vn 0.4931 -0.8699 -0.0111
vn 0.5535 -0.8329 -0.0013
vn 0.4731 -0.8810 -0.0012
vn 0.3686 -0.9279 0.0562
vn 0.4488 -0.8936 -0.0049
vn 0.5286 -0.8479 0.0405
vn 0.6469 -0.7616 0.0400
vn 0.4635 -0.8836 0.0670
vn 0.6618 -0.7494 0.0190
vn 0.5004 -0.8209 0.2753
vn 0.4589 -0.8463 0.2705
vn 0.6623 -0.7303 0.1673
vn 0.3010 -0.4381 0.8471
vn 0.7168 0.6166 0.3256
vn 0.3806 0.8818 0.2786
vn 0.6417 0.7662 -0.0331
vn 0.5810 0.8129 -0.0406
vn 0.4265 0.9038 -0.0362
vn 0.3955 0.9179 -0.0309
vn 0.5015 0.8651 0.0104
vn 0.5237 0.8518 0.0107
vn 0.4287 0.9012 0.0642
vn 0.4507 0.8927 -0.0028
vn 0.5547 0.8321 0.0039
vn 0.5619 0.8266 0.0316
vn 0.5776 0.8156 0.0343
vn 0.4623 0.8861 0.0324
vn 0.5990 0.7991 0.0523
vn 0.2167 -0.9754 -0.0395
vn -0.2351 -0.9713 -0.0359
vn -0.2613 -0.9647 -0.0325
vn 0.1296 -0.9910 -0.0336
vn 0.1309 -0.9894 0.0632
vn 0.2861 -0.9576 0.0326
vn -0.2763 -0.9610 -0.0081
vn -0.2354 -0.9708 -0.0453
vn 0.2867 -0.9580 0.0042
vn -0.2759 -0.9612 0.0079
vn 0.3547 -0.9350 -0.0052
vn -0.1651 -0.9855 0.0385
vn 0.3112 -0.9486 0.0577
vn -0.1291 -0.9898 0.0605
vn -0.1680 -0.9831 0.0724
vn 0.2491 -0.9661 0.0683
vn 0.6847 -0.6798 0.2630
vn -0.2938 -0.9149 0.2768
vn -0.3687 -0.9261 0.0803
vn -0.4152 -0.2675 0.8695
vn 0.1715 0.9849 -0.0234
vn -0.2720 0.9622 -0.0103
vn 0.1582 0.9871 -0.0239
vn 0.1713 0.9852 -0.0075
vn 0.3134 0.9461 0.0821
vn -0.3481 0.9372 -0.0201
vn -0.2730 0.9620 -0.0104
vn -0.2748 0.9581 -0.0815
vn 0.3194 0.9476 0.0013
vn -0.3487 0.9372 0.0054
vn 0.3539 0.9353 -0.0039
vn -0.2090 0.9768 0.0477
vn 0.3209 0.9458 0.0501
vn 0.2072 0.9777 0.0348
vn -0.2010 0.9792 0.0275
vn 0.6775 0.6915 0.2507
vn -0.2999 0.9173 0.2621
vn -0.1455 0.9881 0.0508
vn -0.2783 0.9059 0.3190
vn -0.9101 -0.1804 -0.3730
vn -0.6952 -0.7184 -0.0262
vn -0.7734 -0.6339 -0.0057
vn -0.6264 -0.4129 -0.6612
vn -0.6650 -0.1747 -0.7262
vn -0.8287 0.0160 -0.5595
vn -0.6579 -0.4451 -0.6074
vn -0.6946 -0.7138 0.0888
vn -0.7455 -0.6652 0.0421
vn -0.5513 -0.8308 0.0766
vn -0.4908 -0.8674 0.0816
vn -0.7430 -0.2179 0.6328
vn -0.9426 0.1819 0.2800
vn -0.7981 -0.6003 0.0507
vn -0.6119 0.6751 -0.4120
vn -0.8622 0.0045 -0.5066
vn -0.8767 -0.0020 -0.4811
vn -0.8642 0.0058 -0.5032
vn -0.8090 0.0468 -0.5859
vn -0.7371 0.1022 -0.6680
vn -0.6131 0.2106 -0.7614
vn -0.5487 0.2726 -0.7903
vn -0.4782 0.7292 -0.4894
vn -0.8137 -0.0633 0.5778
vn -0.7648 -0.1526 0.6259
vn -0.8167 -0.0833 0.5710
vn -0.8322 -0.0376 0.5532
vn -0.8003 0.1661 0.5761
vn -0.7966 0.1566 0.5839
vn -0.7860 0.0437 0.6167
vn -0.6933 0.2856 0.6616
vn -0.8310 0.5562 0.0029
vn -0.6390 0.7658 -0.0718
vn -0.8158 0.5713 0.0905
vn -0.7829 0.6210 0.0383
vn -0.8457 0.5288 0.0717
vn -0.8182 0.5709 0.0684
vn -0.8179 0.5708 0.0724
vn -0.8043 0.5908 0.0637
vn -0.5382 0.8409 0.0570
vn -0.5438 0.8373 0.0574
vn -0.8965 0.4037 0.1826
vn -0.7971 0.0112 0.6037
vn -0.9762 -0.2168 0.0041
vn -0.3431 -0.8956 -0.2831
vn -0.9720 -0.2348 0.0041
vn -0.9872 -0.1593 0.0069
vn -0.9880 -0.1546 0.0065
vn -0.2632 -0.8666 -0.4240
vn -0.9864 -0.1644 0.0069
vn -0.2556 -0.9058 -0.3379
vn -0.3997 -0.8473 -0.3496
vn -0.0927 -0.8478 -0.5221
vn -0.9898 -0.1421 0.0082
vn -0.0972 -0.8392 -0.5351
vn -0.9933 -0.1150 0.0071
vn -0.9883 -0.1522 0.0100
vn 0.0774 -0.7751 -0.6271
vn -0.9928 -0.1194 0.0082
vn -0.9683 -0.2495 0.0104
vn 0.2051 -0.7017 -0.6823
vn -0.9887 -0.1491 0.0143
vn -0.7160 -0.1220 -0.6873
vn -0.0966 -0.3599 -0.9280
vn -0.9689 -0.2468 0.0159
vn -0.7633 -0.6451 0.0359
vn -0.9695 -0.2451 -0.0007
vn 0.2294 -0.5302 -0.8163
vn 0.2436 -0.5381 -0.8069
vn -0.1246 -0.5757 -0.8081
vn -0.2410 -0.5380 -0.8077
vn -0.2672 -0.1092 -0.9574
vn -0.2955 -0.1208 -0.9477
vn -0.4648 -0.0071 -0.8854
vn -0.3411 -0.0359 -0.9393
vn -0.4780 0.0772 -0.8750
vn -0.4693 0.0751 -0.8799
vn -0.5213 0.1464 -0.8407
vn -0.4749 0.1310 -0.8702
vn -0.3289 0.3344 -0.8832
vn -0.2925 0.3273 -0.8985
vn -0.9398 0.1650 -0.2994
vn -0.2479 0.5166 -0.8195
vn -0.6879 0.7056 -0.1704
vn -0.9853 0.1469 -0.0874
vn -0.3617 0.6511 -0.6673
vn -0.9269 0.3705 -0.0600
vn -0.2370 0.6854 -0.6885
vn -0.9993 -0.0337 -0.0150
vn -0.2265 0.6753 -0.7019
vn -0.9913 0.1312 0.0083
vn -0.2071 0.8108 -0.5474
vn -0.9376 0.3478 -0.0063
vn -0.9957 0.0923 0.0093
vn -0.1960 0.8338 -0.5161
vn -0.9904 0.1384 0.0067
vn -0.3503 0.8384 -0.4175
vn -0.4678 0.8132 -0.3462
vn -0.9835 0.1809 0.0035
vn -0.4096 0.8618 -0.2993
vn -0.9922 0.1244 0.0068
vn -0.3465 0.8733 -0.3423
vn -0.9792 0.2031 0.0032
vn -0.9519 0.3064 0.0006
vn -0.6237 0.7746 -0.1053
vn -0.9725 0.2330 0.0037
vn -0.9510 0.3092 0.0006
vn -0.7453 0.6650 -0.0481
vn -0.6240 0.7707 -0.1288
vn -0.9406 0.3396 0.0019
vn -0.7771 0.6289 -0.0242
vn -0.9280 0.3725 0.0006
vn -0.9432 0.3321 0.0010
vn -0.7453 0.6652 -0.0454
vn -0.7563 0.6542 0.0022
vn -0.7776 0.6286 0.0103
vn -0.7673 0.6411 0.0160
vn -0.6455 0.7622 0.0486
vn -0.7133 0.6970 0.0737
vn -0.6352 0.7653 0.1040
vn -0.8106 0.5795 0.0836
vn -0.3151 0.8917 0.3249
vn -0.3653 0.8703 0.3303
vn -0.3094 0.8574 0.4112
vn -0.3147 0.6810 0.6612
vn -0.9972 -0.0623 0.0410
vn -0.5929 0.5467 0.5912
vn -0.9745 -0.2050 0.0911
vn -0.9980 -0.0523 0.0344
vn -0.9982 -0.0358 0.0482
vn -0.9861 0.1656 0.0149
vn -0.9828 0.1598 0.0925
vn -0.5251 0.5815 0.6214
vn -0.5200 0.5803 0.6268
vn -0.9529 0.2983 0.0543
vn -0.5595 0.5377 0.6308
vn -0.9099 0.4147 0.0122
vn -0.0794 0.8710 0.4849
vn -0.5295 0.5816 0.6176
vn -0.5359 0.5356 0.6526
vn -0.1620 0.3568 0.9200
vn -0.4346 0.4217 0.7958
vn -0.4444 0.3960 0.8035
vn -0.2811 0.3878 0.8779
vn -0.8310 0.0933 0.5484
vn -0.5363 0.1532 0.8300
vn -0.7862 0.0444 0.6164
vn -0.8524 0.0024 0.5228
vn -0.5560 0.0267 0.8308
vn -0.8392 -0.0132 0.5437
vn -0.4497 0.1218 0.8848
vn -0.8377 -0.0397 0.5447
vn -0.6022 -0.0500 0.7968
vn -0.5183 -0.0000 0.8552
vn -0.8323 -0.0277 0.5536
vn -0.4961 -0.0968 0.8629
vn -0.5185 -0.1453 0.8427
vn -0.2374 -0.1958 0.9515
vn -0.9792 -0.2015 0.0254
vn 0.0062 -0.6139 0.7893
vn 0.0047 -0.6049 0.7963
vn -0.0597 -0.6987 0.7129
vn -0.1453 -0.7779 0.6113
vn -0.2442 -0.8269 0.5066
vn -0.3557 -0.8797 0.3156
vn -0.3567 -0.8474 0.3932
vn -0.3638 -0.8761 0.3164
vn -0.9529 -0.3032 0.0070
vn -0.8249 -0.5612 0.0680
vn -0.9632 -0.2686 0.0049
vn -0.9265 -0.3763 0.0076
vn -0.7192 -0.6934 0.0442
vn -0.9344 -0.3562 0.0070
vn -0.6915 -0.7171 0.0871
vn -0.8263 -0.5631 0.0138
vn -0.7431 -0.6662 0.0628
vn -0.9189 -0.3945 0.0076
vn -0.7813 -0.6241 -0.0098
vn -0.7813 -0.6241 -0.0083
vn -0.7270 -0.6859 -0.0324
vn -0.7268 -0.6853 -0.0449
vn -0.5765 -0.8080 -0.1214
vn -0.5764 -0.8075 -0.1251
vn -0.9956 0.0079 0.0935
vn -0.6138 -0.7894 0.0097
vn -0.6831 -0.2906 0.6700
vn -0.6068 -0.3014 0.7355
vn -0.9868 0.1549 0.0467
vn -0.9743 0.0498 0.2196
vn -0.9769 0.2132 0.0143
vn -0.9818 0.1857 0.0408
vn -0.9781 0.1856 0.0939
vn -0.9661 0.2542 0.0447
vn -0.9663 0.2548 0.0376
vn -0.9505 0.3048 -0.0600
vn -0.9502 0.3083 0.0452
vn -0.9482 0.3152 0.0395
vn -0.9063 0.4154 0.0776
vn -0.9496 0.3113 0.0378
vn -0.9423 0.3170 0.1076
vn -0.8687 0.4909 0.0658
vn -0.8890 0.4495 0.0870
vn -0.8888 0.4491 0.0915
vn -0.8956 0.4448 -0.0006
vn -0.5548 -0.3397 -0.7595
vn -0.5122 0.8586 0.0240
vn -0.4888 0.8719 0.0283
vn -0.7113 -0.1050 -0.6950
vn -0.5800 -0.8121 0.0640
vn -0.2671 -0.9379 -0.2215
vn -0.1578 -0.9353 -0.3167
vn -0.2678 -0.9390 -0.2157
vn -0.1796 -0.9699 -0.1645
vn -0.2136 -0.9339 -0.2867
vn -0.1281 -0.9266 -0.3537
vn -0.1122 -0.9816 -0.1546
vn -0.1553 -0.9794 -0.1294
vn -0.1091 -0.9914 -0.0718
vn -0.1119 -0.9912 -0.0702
vn -0.1627 -0.9861 0.0327
vn -0.1093 -0.9939 0.0123
vn -0.1858 -0.9803 0.0677
vn -0.0808 -0.9899 0.1168
vn -0.2570 -0.9352 0.2436
vn -0.1356 -0.9710 0.1969
vn -0.2213 -0.9378 0.2675
vn -0.2569 -0.9214 0.2917
vn -0.1933 -0.9610 0.1977
vn -0.0909 -0.9316 0.3519
vn -0.1683 -0.9016 0.3984
vn -0.0677 -0.8646 -0.4978
vn -0.0715 -0.9182 -0.3896
vn -0.0350 -0.8684 -0.4946
vn -0.0456 -0.8530 -0.5198
vn -0.0214 -0.8152 -0.5788
vn -0.1455 -0.8414 0.5204
vn -0.0880 -0.8671 0.4902
vn -0.1246 -0.8891 0.4404
vn -0.0868 -0.7936 0.6022
vn -0.0590 -0.8061 0.5888
vn 0.0290 -0.7715 -0.6355
vn 0.0422 -0.7182 -0.6946
vn -0.0787 -0.8084 0.5833
vn -0.0448 -0.7334 0.6783
vn -0.0380 -0.7384 0.6733
vn 0.1371 -0.6847 -0.7158
vn 0.1293 -0.6496 -0.7492
vn -0.0284 -0.7124 0.7012
vn -0.0498 -0.6870 0.7250
vn -0.0080 -0.6544 0.7561
vn -0.0284 -0.6330 0.7736
vn -0.0670 -0.3922 -0.9174
vn 0.1518 -0.6703 -0.7264
vn -0.0674 -0.3449 -0.9362
vn 0.0090 -0.6151 0.7884
vn -0.0170 -0.5835 0.8119
vn 0.0375 -0.5621 0.8262
vn 0.0009 -0.5128 0.8585
vn -0.1513 -0.5927 -0.7911
vn -0.1814 -0.5466 -0.8175
vn 0.0184 -0.5494 -0.8354
vn -0.1352 -0.4376 -0.8890
vn -0.0424 -0.3272 0.9440
vn 0.0206 -0.4202 0.9072
vn -0.0644 -0.3735 0.9254
vn 0.0186 -0.4278 -0.9037
vn -0.2565 -0.2022 0.9452
vn 0.0079 -0.2026 -0.9792
vn 0.0668 -0.2826 -0.9569
vn 0.0458 -0.2530 -0.9664
vn 0.0076 -0.2115 -0.9773
vn -0.2676 -0.2847 0.9205
vn -0.2535 -0.3007 0.9194
vn -0.2705 -0.2474 0.9304
vn -0.2683 -0.2499 0.9303
vn 0.0238 -0.1344 -0.9906
vn 0.0521 -0.1468 -0.9878
vn -0.1833 -0.1663 0.9689
vn -0.0430 -0.0386 -0.9983
vn -0.2380 -0.0952 0.9666
vn -0.2242 -0.1013 0.9693
vn 0.0341 -0.0010 -0.9994
vn -0.2605 0.0032 0.9655
vn -0.2336 -0.0136 0.9722
vn -0.0363 0.0865 -0.9956
vn -0.0166 0.0801 -0.9966
vn -0.1892 0.1072 0.9761
vn -0.0856 0.1569 -0.9839
vn -0.2432 0.1365 0.9603
vn -0.2251 0.3199 -0.9203
vn -0.0427 0.2022 -0.9784
vn -0.2897 0.3054 0.9071
vn -0.1722 0.2328 0.9572
vn -0.2167 0.2922 -0.9315
vn -0.2243 0.2985 -0.9277
vn -0.2671 0.2949 0.9174
vn -0.2906 0.3156 0.9033
vn -0.2029 0.2240 -0.9532
vn -0.1232 0.3492 -0.9289
vn -0.1752 0.3877 -0.9050
vn -0.2623 0.3996 0.8784
vn -0.1281 0.4917 -0.8613
vn -0.1334 0.4950 -0.8586
vn -0.2568 0.4626 0.8486
vn -0.2705 0.4712 0.8395
vn -0.1207 0.4751 -0.8716
vn 0.0557 0.6258 -0.7780
vn -0.2547 0.5864 -0.7689
vn -0.1070 0.5828 -0.8055
vn -0.1268 0.6037 -0.7871
vn -0.4225 0.6229 0.6583
vn -0.2533 0.5529 0.7938
vn -0.3951 0.5590 0.7290
vn -0.1175 0.6406 -0.7588
vn -0.4564 0.6720 -0.5832
vn -0.0980 0.6387 -0.7632
vn -0.1168 0.6657 -0.7371
vn -0.1093 0.6305 -0.7684
vn -0.3613 0.9320 0.0303
vn -0.6066 -0.3016 0.7356
vn -0.4493 0.8863 0.1122
vn -0.5108 -0.3639 -0.7789
vn -0.3048 0.6469 0.6990
vn -0.3077 0.6060 0.7335
vn -0.1114 0.7026 -0.7028
vn -0.1153 0.7461 -0.6558
vn -0.1119 0.7436 -0.6592
vn -0.0988 0.6921 -0.7150
vn -0.8170 -0.5733 0.0615
vn -0.7752 -0.6174 0.1337
vn -0.2844 0.7361 0.6143
vn -0.2317 0.7076 0.6675
vn -0.0997 0.7825 -0.6146
vn -0.1474 0.8563 -0.4949
vn -0.1002 0.8263 -0.5543
vn -0.1145 0.7956 -0.5949
vn -0.2917 0.6808 0.6719
vn -0.1110 0.8223 0.5581
vn -0.0958 0.8121 0.5756
vn -0.1142 0.8482 -0.5173
vn -0.1670 0.9148 -0.3678
vn -0.1117 0.9094 -0.4006
vn -0.1481 0.8641 -0.4810
vn -0.2500 0.9532 -0.1701
vn -0.0398 0.9307 0.3637
vn -0.1084 0.8493 0.5167
vn -0.0420 0.8780 0.4768
vn -0.1890 0.9596 0.2083
vn -0.0906 0.9147 0.3938
vn -0.2952 0.9240 -0.2429
vn -0.2654 0.9229 -0.2789
vn -0.1852 0.9290 -0.3205
vn -0.2986 0.9300 -0.2145
vn -0.1223 0.9788 -0.1641
vn -0.1856 0.9743 -0.1275
vn -0.1042 0.9916 -0.0769
vn -0.1232 0.9901 -0.0666
vn -0.1266 0.9919 0.0097
vn -0.1042 0.9946 -0.0021
vn -0.0646 0.9937 0.0913
vn -0.0768 0.9904 0.1151
vn -0.0985 0.9876 0.1223
vn -0.2080 0.9369 0.2810
vn -0.0774 0.9738 0.2137
vn -0.1980 0.9441 0.2635
vn -0.2077 0.9399 0.2711
vn 0.5002 -0.8298 -0.2473
vn 0.6167 -0.7715 -0.1562
vn 0.5164 -0.8485 -0.1159
vn 0.3927 -0.8940 -0.2156
vn 0.3576 -0.8624 -0.3582
vn 0.6497 -0.7555 -0.0848
vn 0.6155 -0.7852 -0.0687
vn 0.6694 -0.7415 -0.0455
vn 0.6503 -0.7588 -0.0359
vn 0.6610 -0.7504 0.0024
vn 0.6681 -0.7441 -0.0019
vn 0.6713 -0.7410 0.0173
vn 0.5366 -0.8391 0.0892
vn 0.6502 -0.7587 0.0401
vn 0.4709 -0.8675 0.1604
vn 0.5338 -0.8373 0.1185
vn 0.3257 -0.9043 0.2759
vn 0.4716 -0.8656 0.1685
vn 0.2146 -0.8931 0.3953
vn 0.3564 -0.8815 0.3099
vn 0.1469 -0.8489 -0.5077
vn 0.2501 -0.9139 -0.3196
vn 0.1098 -0.8619 -0.4951
vn 0.0590 -0.7704 -0.6348
vn 0.2117 -0.8570 0.4699
vn 0.2228 -0.8525 0.4729
vn 0.1108 -0.8044 0.5837
vn 0.2104 -0.6957 -0.6868
vn 0.1725 -0.6761 -0.7164
vn 0.2123 -0.6441 -0.7349
vn 0.1201 -0.8007 0.5869
vn -0.0172 -0.7386 0.6740
vn 0.3371 -0.6201 -0.7085
vn 0.2643 -0.4998 -0.8248
vn 0.2363 -0.6141 -0.7530
vn 0.5638 -0.6863 -0.4595
vn 0.5875 -0.6987 -0.4082
vn 0.3660 -0.3502 -0.8622
vn 0.0166 -0.6884 0.7251
vn -0.0148 -0.6335 0.7736
vn 0.0375 -0.6789 0.7333
vn 0.5954 -0.6641 -0.4522
vn -0.3137 -0.5388 -0.7818
vn -0.1620 -0.9865 -0.0258
vn 0.0079 -0.5833 0.8122
vn -0.0087 -0.5706 0.8211
vn -0.0462 -0.5102 0.8588
vn 0.0080 -0.5760 0.8174
vn 0.0102 -0.3983 -0.9172
vn 0.1549 -0.4266 -0.8911
vn 0.0070 -0.3731 -0.9278
vn 0.0453 -0.4194 0.9067
vn -0.0504 -0.3540 0.9339
vn 0.0889 -0.3696 0.9249
vn 0.0487 -0.3495 0.9357
vn 0.4754 -0.2324 -0.8486
vn 0.0366 -0.1125 -0.9930
vn 0.5446 -0.1617 -0.8230
vn 0.4735 -0.1392 -0.8697
vn 0.1501 -0.3032 0.9410
vn 0.1327 -0.2975 0.9455
vn 0.1310 -0.2526 0.9586
vn 0.5324 -0.1195 -0.8380
vn 0.1481 -0.1597 0.9760
vn 0.2263 -0.1906 0.9552
vn 0.6014 -0.0810 -0.7948
vn 0.1383 -0.0988 0.9855
vn 0.1484 -0.1022 0.9836
vn 0.5103 0.0066 -0.8600
vn 0.5056 0.0080 -0.8627
vn 0.0917 -0.0103 0.9957
vn 0.4908 0.0680 -0.8686
vn 0.0857 0.1127 0.9899
vn 0.2093 0.0562 0.9762
vn 0.5181 0.0776 -0.8518
vn 0.1702 0.1836 0.9682
vn 0.4125 0.1676 -0.8954
vn 0.0869 0.2304 0.9692
vn 0.1016 0.2888 -0.9520
vn 0.3218 0.1292 -0.9380
vn 0.0311 0.3336 0.9422
vn 0.1519 0.2791 0.9482
vn -0.0269 0.3859 -0.9221
vn 0.1081 0.3002 -0.9477
vn -0.0091 0.3978 0.9174
vn -0.1004 0.4919 -0.8649
vn -0.0267 0.4371 -0.8990
vn -0.1925 0.4687 0.8621
vn -0.0626 0.3723 0.9260
vn -0.0470 0.6218 -0.7818
vn -0.1294 0.6314 -0.7646
vn -0.0517 0.6216 -0.7816
vn -0.0899 0.5070 -0.8572
vn -0.2611 0.5504 0.7931
vn -0.1809 0.5208 0.8343
vn 0.0334 0.7020 -0.7114
vn -0.1033 0.6814 -0.7246
vn -0.2577 0.6080 0.7509
vn -0.1633 0.6575 0.7355
vn -0.0362 0.7495 -0.6610
vn -0.1790 0.7170 0.6737
vn -0.0304 0.7753 0.6309
vn 0.1200 0.7970 -0.5919
vn 0.0742 0.8323 -0.5494
vn 0.0424 0.8205 -0.5700
vn -0.0316 0.8170 0.5758
vn 0.1288 0.8503 0.5103
vn 0.2159 0.8570 -0.4678
vn 0.2966 0.8779 -0.3758
vn 0.2085 0.9166 -0.3412
vn 0.0993 0.9040 -0.4157
vn 0.2702 0.8904 0.3663
vn 0.1434 0.8693 0.4730
vn 0.2684 0.8752 0.4025
vn 0.4029 0.8675 0.2917
vn 0.4740 0.8428 -0.2549
vn 0.6032 0.7827 -0.1535
vn 0.4847 0.8682 -0.1059
vn 0.3765 0.8994 -0.2222
vn 0.6503 0.7559 -0.0761
vn 0.6030 0.7959 -0.0541
vn 0.6995 0.7135 -0.0395
vn 0.6519 0.7582 -0.0144
vn 0.6994 0.7144 -0.0227
vn 0.6756 0.7324 0.0844
vn 0.6344 0.7684 0.0849
vn 0.6758 0.7349 0.0559
vn 0.5524 0.8173 0.1642
vn 0.6328 0.7673 0.1044
vn 0.3997 0.8781 0.2632
vn 0.5513 0.8204 0.1515
vn 0.9651 -0.2618 -0.0046
vn 0.9725 -0.2329 -0.0032
vn 0.9458 -0.3247 -0.0057
vn 0.9546 -0.2977 -0.0048
vn 0.9383 -0.3458 -0.0059
vn 0.9111 -0.4120 -0.0061
vn 0.9267 -0.3758 -0.0048
vn 0.9213 -0.3888 -0.0049
vn 0.9880 -0.1544 0.0014
vn 0.9740 -0.2266 -0.0031
vn 0.9950 -0.0995 0.0053
vn 0.9859 -0.1674 0.0012
vn 0.9939 -0.1098 0.0054
vn 0.9982 -0.0603 0.0017
vn 0.9973 -0.0737 0.0018
vn 0.9970 -0.0774 0.0019
vn 0.9967 -0.0810 0.0017
vn 0.9939 -0.1100 0.0009
vn 0.9967 -0.0806 0.0020
vn 0.9889 -0.1485 0.0009
vn 0.9926 -0.1211 0.0009
vn 0.9804 0.1928 0.0414
vn 0.9032 -0.4292 0.0081
vn 0.9550 -0.2961 0.0155
vn 0.9027 -0.4302 0.0092
vn 0.8525 -0.5226 0.0051
vn 0.8229 -0.5682 0.0033
vn 0.9877 0.1159 0.1049
vn 0.9910 -0.1056 0.0825
vn 0.9696 -0.2343 0.0703
vn 0.9850 -0.1265 0.1177
vn 0.9899 0.0280 0.1387
vn 0.9910 -0.0035 0.1336
vn 0.9873 -0.0566 0.1483
vn 0.9870 -0.0009 0.1604
vn 0.9880 -0.0324 0.1507
vn 0.9870 -0.0116 0.1606
vn 0.9872 -0.0070 0.1596
vn 0.9863 0.0221 0.1637
vn 0.9867 0.0154 0.1617
vn 0.9863 0.0317 0.1620
vn 0.9863 0.0746 0.1474
vn 0.9910 -0.0286 0.1309
vn 0.9890 0.1009 0.1084
vn 0.9856 -0.1637 0.0427
vn 0.9757 0.1886 0.1116
vn 0.8779 0.4788 0.0033
vn 0.9921 0.1257 0.0029
vn 0.9891 0.1473 0.0034
vn 0.9962 0.0868 0.0034
vn 0.9951 0.0989 0.0038
vn 0.9960 0.0896 0.0037
vn 0.9965 0.0836 0.0035
vn 0.9916 0.1289 0.0054
vn 0.9958 0.0919 0.0036
vn 0.9870 0.1608 0.0063
vn 0.9898 0.1427 0.0055
vn 0.9805 0.1964 0.0068
vn 0.9832 0.1824 0.0063
vn 0.9589 0.2837 0.0077
vn 0.9710 0.2392 0.0063
vn 0.9416 0.3366 0.0088
vn 0.9516 0.3072 0.0078
vn 0.9148 0.4037 0.0103
vn 0.9317 0.3630 0.0089
vn 0.7667 0.6417 0.0187
vn 0.9078 0.4194 0.0103
vn -0.0173 0.7201 -0.6937
vn 0.9772 -0.2094 -0.0345
vn 0.8305 0.5570 0.0056
vn 0.8830 0.4694 0.0018
vn 0.8048 0.5935 0.0072
vn 0.9312 0.3646 -0.0039
vn 0.9611 0.2687 -0.0645
vn 0.9863 -0.0974 -0.1333
vn 0.9798 -0.1030 -0.1715
vn 0.9896 0.0507 -0.1348
vn 0.9900 0.0302 -0.1378
vn 0.9849 0.1122 -0.1321
vn 0.9672 0.2198 -0.1275
vn 0.9423 0.1487 -0.2999
vn 0.9367 0.0159 -0.3499
vn 0.9559 0.0325 -0.2918
vn 0.9345 0.0103 -0.3559
vn 0.9170 -0.0256 -0.3980
vn 0.9344 -0.0019 -0.3562
vn 0.9190 -0.0147 -0.3941
vn 0.9283 0.1102 -0.3550
vn 0.9155 -0.0065 -0.4023
vn 0.9903 -0.0920 -0.1044
vn 0.9949 0.0297 -0.0961
vn 0.9908 0.1226 -0.0567
vn 0.9732 -0.2162 -0.0789
vn 0.9911 -0.0225 -0.1314
vn 0.9865 -0.0194 -0.1629
vn 0.9704 -0.0063 -0.2412
vn 0.9896 -0.0106 -0.1433
vn 0.9720 -0.0025 -0.2348
vn 0.9868 0.0813 -0.1403
vn 0.9724 -0.0058 -0.2332
vn 0.9861 -0.0044 -0.1658
vn 0.9704 -0.0138 -0.2412
vn 0.9901 -0.0212 -0.1389
vn 0.9903 -0.0084 -0.1390
vn 0.9822 0.0131 -0.1875
vn 0.9926 0.0154 -0.1207
vn 0.9697 -0.0777 -0.2315
vn 0.9881 0.0432 -0.1475
vn 0.9888 0.0068 -0.1491
vn 0.9925 0.0059 -0.1225
vn 0.9926 0.0058 -0.1213
vn 0.9752 -0.1207 -0.1855
vn 0.9900 -0.0947 -0.1048
vn 0.9946 0.0221 -0.1014
vn 0.9736 -0.1908 -0.1254
vn 0.9953 0.0153 -0.0956
vn 0.9963 0.0088 -0.0852
vn 0.9951 0.0254 -0.0957
vn 0.9942 0.0237 -0.1048
vn 0.9963 0.0082 -0.0856
vn 0.9963 0.0006 -0.0857
vn 0.9866 -0.0075 -0.1629
vn 0.6895 0.7243 0.0049
vn 0.6406 0.7678 -0.0001
vn 0.6398 0.7616 0.1029
vn 0.7588 0.6513 0.0069
vn 0.7028 0.6907 0.1700
vn 0.8648 0.3915 0.3145
vn 0.8387 0.3998 0.3697
vn 0.8623 0.4452 0.2414
vn 0.8520 0.4936 0.1747
vn 0.8474 0.4257 0.3174
vn 0.8387 0.4149 0.3527
vn 0.8837 0.3234 0.3384
vn 0.8500 0.3300 0.4106
vn 0.8464 0.4007 0.3509
vn 0.8467 0.3419 0.4077
vn 0.8320 0.0991 0.5458
vn 0.8708 0.1843 0.4559
vn 0.8790 0.2381 0.4131
vn 0.8064 0.0460 0.5896
vn 0.8077 0.1677 0.5653
vn 0.7796 -0.0129 0.6262
vn 0.7786 0.1065 0.6184
vn 0.7660 -0.0010 0.6428
vn 0.8039 -0.0561 0.5921
vn 0.8044 -0.0692 0.5900
vn 0.8560 -0.0793 0.5109
vn 0.8610 -0.1762 0.4771
vn 0.7327 -0.6628 0.1545
vn 0.9047 -0.2008 0.3757
vn 0.9047 -0.2013 0.3754
vn 0.7801 -0.1576 0.6055
vn 0.8391 -0.5366 0.0898
vn 0.8898 -0.3225 0.3228
vn 0.7491 -0.2843 0.5984
vn 0.7757 -0.4524 0.4400
vn 0.7668 -0.6417 0.0164
vn 0.8667 -0.4522 0.2106
vn 0.8668 -0.4502 0.2145
vn 0.6807 -0.7325 0.0092
vn 0.6911 -0.6890 0.2182
vn 0.6470 -0.7590 0.0729
vn 0.6620 -0.7495 0.0044
vn 0.6480 -0.7614 -0.0190
vn 0.7373 -0.6755 0.0030
vn 0.7562 -0.6407 -0.1329
vn 0.8208 -0.2415 -0.5177
vn 0.8506 -0.4918 -0.1864
vn 0.8041 -0.5077 -0.3093
vn 0.6466 -0.5361 -0.5427
vn 0.8958 -0.3970 -0.1996
vn 0.6983 -0.6042 -0.3839
vn 0.6249 -0.7083 -0.3284
vn 0.7209 -0.5379 -0.4370
vn 0.8352 -0.5100 -0.2056
vn 0.6848 -0.5235 -0.5069
vn 0.8707 -0.1490 -0.4686
vn 0.9044 -0.2612 -0.3375
vn 0.9003 -0.2217 -0.3745
vn 0.8441 -0.1002 -0.5268
vn 0.8714 -0.1604 -0.4637
vn 0.8437 -0.0870 -0.5298
vn 0.8156 -0.0216 -0.5783
vn 0.8016 -0.0084 -0.5978
vn 0.8425 0.0110 -0.5386
vn 0.8167 0.0765 -0.5720
vn 0.8648 0.1057 -0.4908
vn 0.8480 0.1611 -0.5049
vn 0.9163 0.2282 -0.3292
vn 0.9162 0.2260 -0.3310
vn 0.8034 0.5776 -0.1450
vn 0.9105 0.2790 -0.3052
vn 0.3807 0.9190 -0.1030
vn 0.7261 0.5477 -0.4157
vn 0.8209 0.2971 -0.4877
vn 0.4688 0.6357 -0.6133
vn 0.7239 0.6899 -0.0061
vn 0.8350 0.5169 -0.1889
vn 0.7394 0.6600 -0.1331
vn 0.6634 0.7481 -0.0170
vn 0.6308 -0.7324 -0.2564
vn 0.5464 -0.8208 -0.1663
vn 0.5963 -0.7378 -0.3163
vn 0.4241 -0.6640 -0.6158
vn 0.5663 -0.8034 -0.1838
vn 0.5117 -0.7002 -0.4979
vn 0.5576 -0.8299 -0.0177
vn 0.5507 -0.8347 -0.0015
vn 0.7417 -0.6680 0.0603
vn 0.5501 -0.8143 0.1853
vn 0.9592 -0.2650 0.0988
vn 0.6501 -0.7105 0.2693
vn 0.3181 -0.8346 0.4497
vn 0.8798 -0.4313 0.2000
vn 0.8493 -0.3710 0.3755
vn 0.6102 -0.5637 0.5567
vn 0.8986 -0.3987 0.1834
vn 0.4205 -0.7648 -0.4881
vn 0.3861 -0.4486 0.8060
vn 0.9012 -0.2047 0.3819
vn 0.8715 -0.2360 0.4299
vn 0.5635 -0.6627 -0.4933
vn 0.5530 -0.5717 -0.6061
vn 0.6818 -0.2291 -0.6947
vn 0.7460 -0.2859 -0.6015
vn 0.3306 -0.8340 -0.4418
vn 0.4381 -0.3430 -0.8309
vn 0.4302 -0.7075 -0.5607
vn 0.4702 -0.5723 -0.6718
vn 0.9798 -0.0816 0.1825
vn 0.5957 -0.1379 -0.7913
vn 0.6500 -0.2861 -0.7040
vn 0.7912 -0.0717 0.6073
vn 0.7229 -0.2634 0.6388
vn 0.6023 -0.0089 -0.7982
vn 0.5946 0.0104 -0.8040
vn 0.5843 -0.0035 0.8116
vn 0.5855 -0.2116 0.7826
vn 0.7700 0.0859 -0.6322
vn 0.5954 0.2032 -0.7773
vn 0.5896 0.1378 0.7958
vn 0.5924 0.0175 0.8054
vn 0.7232 0.2083 -0.6584
vn 0.6845 0.2034 0.7001
vn 0.6409 0.2843 0.7130
vn 0.7229 0.3894 -0.5708
vn 0.9093 0.2359 -0.3429
vn 0.8340 0.3097 -0.4567
vn 0.7344 0.2398 0.6349
vn 0.9306 0.2101 -0.2996
vn 0.3864 0.8006 -0.4579
vn 0.5389 0.5515 -0.6368
vn 0.4855 0.3512 -0.8006
vn 0.2406 0.8939 -0.3783
vn 0.4159 0.6971 -0.5840
vn 0.3916 0.6382 -0.6629
vn 0.7508 0.4249 0.5058
vn 0.6101 0.4286 0.6664
vn 0.6211 0.5530 0.5554
vn 0.6430 0.7223 -0.2546
vn 0.6451 0.7195 -0.2572
vn 0.7662 0.4917 0.4137
vn 0.6188 0.5498 0.5611
vn 0.6054 0.6632 0.4401
vn 0.6925 0.7078 -0.1399
vn 0.5381 0.8427 -0.0177
vn 0.5277 0.8150 -0.2394
vn 0.5441 0.8311 0.1151
vn 0.5466 0.8374 0.0016
vn 0.6317 0.7529 0.1847
vn 0.5914 0.7653 0.2539
vn 0.6802 0.6976 0.2251
vn 0.2666 -0.9588 0.0982
vn 0.3725 -0.7269 -0.5770
vn 0.4233 -0.8634 -0.2745
vn 0.4171 -0.8059 -0.4203
vn 0.1114 -0.9936 0.0168
vn 0.2260 -0.9344 -0.2752
vn 0.4004 -0.9163 -0.0073
vn 0.1108 -0.9374 0.3301
vn 0.6038 -0.7539 0.2588
vn 0.4504 -0.7670 0.4570
vn 0.3224 -0.6685 0.6703
vn 0.4213 -0.8595 0.2894
vn 0.5543 -0.6727 0.4900
vn 0.3624 -0.7779 -0.5133
vn 0.3278 -0.8138 -0.4798
vn 0.1541 -0.8504 0.5030
vn 0.4566 -0.8059 0.3769
vn 0.1450 -0.6363 0.7577
vn 0.2476 -0.9347 0.2551
vn 0.5622 -0.5014 0.6576
vn 0.3264 -0.2675 0.9066
vn 0.4781 -0.5752 0.6637
vn 0.6113 -0.2412 0.7537
vn 0.5508 -0.2268 -0.8033
vn 0.5910 -0.4043 -0.6981
vn 0.4211 -0.5380 -0.7303
vn 0.2955 0.1136 -0.9486
vn 0.4565 -0.3915 -0.7990
vn 0.4604 -0.2442 -0.8535
vn 0.4102 -0.4494 -0.7936
vn 0.4130 -0.4522 -0.7906
vn 0.4937 -0.4048 0.7696
vn 0.1705 -0.4500 0.8766
vn 0.2797 -0.6646 0.6929
vn 0.3898 -0.6163 0.6843
vn 0.2917 0.1041 0.9508
vn 0.4242 -0.1728 0.8889
vn 0.1456 -0.1089 0.9833
vn 0.1322 0.0219 -0.9910
vn 0.2433 -0.2661 -0.9327
vn 0.1543 0.0241 0.9877
vn 0.2476 -0.2106 0.9457
vn 0.4263 -0.0099 -0.9045
vn 0.1164 0.3194 -0.9404
vn 0.4149 -0.0063 0.9099
vn 0.1402 0.2841 0.9485
vn 0.6119 0.2732 -0.7422
vn 0.4704 0.4595 -0.7534
vn 0.3195 0.7020 -0.6365
vn 0.4400 0.2840 -0.8519
vn 0.5757 0.1968 0.7937
vn 0.3859 0.6398 0.6646
vn 0.1485 0.5125 -0.8457
vn 0.1260 0.7596 -0.6381
vn 0.2598 0.2395 -0.9355
vn 0.6215 0.3784 0.6860
vn 0.1421 0.4808 0.8652
vn 0.1193 0.1094 0.9868
vn 0.1457 0.4731 0.8689
vn 0.4549 0.3551 0.8167
vn 0.1278 0.7526 0.6460
vn 0.4412 0.7490 -0.4943
vn 0.1176 0.8587 -0.4989
vn 0.2094 0.6994 -0.6834
vn 0.4552 0.8092 0.3714
vn 0.3462 0.6786 -0.6478
vn 0.2634 0.9605 0.0900
vn 0.3914 0.8942 -0.2175
vn 0.0942 0.9838 -0.1525
vn 0.5606 0.8066 0.1873
vn 0.6157 0.6849 0.3896
vn 0.3856 0.6795 0.6242
vn 0.1378 0.8646 0.4832
vn 0.1329 0.8593 0.4939
vn 0.1016 0.9867 0.1271
vn 0.3902 0.9207 -0.0075
vn 0.1254 0.6389 0.7590
vn 0.1271 0.9918 0.0139
vn 0.2263 0.9461 -0.2316
vn 0.1257 0.9463 0.2980
vn -0.0835 -0.9573 -0.2767
vn -0.0742 -0.9947 0.0717
vn -0.1650 -0.9727 -0.1634
vn -0.1884 -0.8897 -0.4159
vn -0.0199 -0.9842 0.1759
vn -0.0024 -0.9461 0.3240
vn -0.0269 -0.9211 0.3883
vn -0.0074 -0.8429 0.5381
vn -0.1551 -0.7638 -0.6265
vn -0.1565 -0.8690 -0.4695
vn -0.1388 -0.6438 -0.7525
vn -0.1386 -0.7479 -0.6491
vn -0.1375 -0.6457 -0.7511
vn -0.1392 -0.4553 -0.8794
vn 0.0083 -0.7906 0.6123
vn 0.0087 -0.6436 0.7653
vn 0.0139 -0.6498 0.7600
vn -0.4847 -0.6878 0.5403
vn -0.4810 -0.5725 0.6640
vn -0.4848 -0.5650 0.6677
vn 0.0135 -0.4365 0.8996
vn 0.0561 -0.4161 0.9076
vn -0.0396 -0.2649 -0.9635
vn -0.1606 -0.4114 -0.8972
vn -0.1414 -0.1290 -0.9815
vn -0.0320 0.0457 -0.9984
vn 0.0265 -0.1913 0.9812
vn 0.0537 -0.2225 0.9734
vn 0.0245 0.0338 0.9991
vn -0.0110 0.1657 -0.9861
vn 0.0467 0.1751 0.9834
vn 0.0079 0.3193 -0.9476
vn -0.0031 0.5277 -0.8494
vn -0.0141 0.3792 -0.9252
vn 0.0485 0.3563 0.9331
vn -0.0081 0.6010 -0.7992
vn 0.0162 0.6283 0.7778
vn -0.0230 0.7640 -0.6448
vn -0.0259 0.8857 -0.4635
vn -0.0127 0.7535 -0.6573
vn 0.0057 0.9033 -0.4290
vn 0.0149 0.7687 0.6394
vn 0.0258 0.9286 0.3702
vn -0.0151 0.9760 -0.2173
vn -0.0156 0.9992 0.0377
vn 0.0103 0.9683 -0.2496
vn 0.0295 0.9819 0.1870
vn -0.4635 -0.8748 -0.1410
vn -0.4356 -0.8972 0.0721
vn -0.4607 -0.8823 0.0962
vn -0.2384 -0.9521 -0.1914
vn -0.4245 -0.8791 -0.2167
vn -0.4035 -0.7637 -0.5040
vn -0.2738 -0.7742 -0.5706
vn -0.4879 -0.8557 0.1726
vn -0.4525 -0.8353 0.3123
vn -0.4828 -0.7930 0.3716
vn -0.4915 -0.7420 0.4559
vn -0.4599 -0.7886 0.4081
vn -0.4287 -0.6742 -0.6014
vn -0.4357 -0.8222 -0.3662
vn -0.4622 -0.5895 -0.6625
vn -0.4581 -0.7035 -0.5434
vn -0.4599 -0.5937 -0.6603
vn -0.2618 -0.5581 -0.7874
vn -0.4634 -0.2888 -0.8377
vn -0.4857 -0.6858 0.5421
vn -0.4850 -0.3849 0.7852
vn -0.4853 -0.3845 0.7853
vn -0.2141 -0.1532 -0.9647
vn -0.4883 -0.3494 0.7997
vn -0.4828 -0.3754 0.7912
vn -0.3581 -0.1163 -0.9264
vn -0.3846 -0.4607 -0.7999
vn -0.3931 -0.0395 -0.9187
vn -0.4260 0.0400 -0.9038
vn -0.3588 -0.0220 -0.9332
vn -0.3786 -0.2024 0.9031
vn -0.4716 0.0137 0.8817
vn -0.3803 0.0339 0.9242
vn -0.4869 0.1592 -0.8588
vn -0.4376 0.1666 0.8836
vn -0.3761 0.0416 0.9256
vn -0.4510 0.2981 -0.8413
vn -0.4996 0.4433 -0.7442
vn -0.4591 0.3836 -0.8013
vn -0.4838 0.3597 -0.7978
vn -0.4366 0.3233 0.8395
vn -0.5105 0.3982 0.7621
vn -0.4420 0.2955 0.8470
vn -0.4458 0.3141 0.8382
vn -0.4819 0.5377 -0.6919
vn -0.4930 0.5591 -0.6666
vn -0.4866 0.5495 0.6792
vn -0.5035 0.5810 0.6395
vn -0.4660 0.6650 -0.5836
vn -0.4780 0.7827 -0.3985
vn -0.4737 0.7819 -0.4052
vn -0.4828 0.6816 -0.5498
vn -0.4761 0.7961 -0.3736
vn -0.4743 0.7932 -0.3820
vn -0.4836 0.7674 0.4210
vn -0.4871 0.6784 0.5500
vn -0.4802 0.6934 0.5373
vn -0.4788 0.8092 0.3406
vn -0.4746 0.7794 0.4089
vn -0.4700 0.7977 0.3780
vn -0.4727 0.8530 -0.2212
vn -0.4774 0.8779 0.0378
vn -0.4787 0.8527 -0.2093
vn -0.4826 0.8579 0.1766
vn -0.4435 0.8908 0.0988
vn -0.3979 -0.8918 -0.2154
vn -0.4854 -0.8690 0.0962
vn -0.2959 -0.9552 -0.0018
vn -0.2600 -0.9542 -0.1481
vn -0.4840 -0.7901 -0.3762
vn -0.3182 -0.8819 -0.3478
vn -0.4885 -0.7800 -0.3911
vn -0.3436 -0.9264 0.1544
vn -0.4621 -0.7868 0.4093
vn -0.4861 -0.7775 0.3989
vn -0.2458 -0.9281 0.2796
vn -0.3821 -0.7516 -0.5377
vn -0.5391 -0.5947 -0.5964
vn -0.4694 -0.7279 -0.4998
vn -0.3336 -0.7436 -0.5795
vn -0.4194 -0.6467 -0.6371
vn -0.6878 -0.3878 -0.6136
vn -0.4673 -0.6990 0.5414
vn -0.4600 -0.7798 0.4246
vn -0.4998 -0.5656 0.6559
vn -0.4660 -0.6992 0.5421
vn -0.4794 -0.3811 0.7905
vn -0.5679 -0.3386 0.7502
vn -0.5710 -0.5816 0.5794
vn -0.5759 -0.0397 -0.8166
vn -0.1557 -0.0315 -0.9873
vn -0.2537 -0.0294 -0.9668
vn -0.3643 -0.0221 -0.9310
vn -0.4470 0.0127 0.8945
vn -0.9513 -0.2482 0.1830
vn -0.2155 0.0368 0.9758
vn -0.4688 0.3884 -0.7933
vn -0.5721 0.3372 -0.7477
vn -0.9558 0.2379 -0.1727
vn -0.5507 0.0447 0.8335
vn -0.2520 0.0359 0.9671
vn -0.6681 0.4087 0.6218
vn -0.4948 0.5591 -0.6652
vn -0.5722 0.5751 -0.5846
vn -0.5422 0.5806 0.6075
vn -0.4584 0.6992 -0.5487
vn -0.4636 0.7910 -0.3992
vn -0.4973 0.7775 -0.3850
vn -0.4604 0.7819 -0.4203
vn -0.4705 0.6965 -0.5418
vn -0.4778 0.7767 0.4104
vn -0.3886 0.7521 0.5323
vn -0.4691 0.7975 0.3794
vn -0.4601 0.7333 0.5006
vn -0.2927 0.7480 0.5957
vn -0.4566 0.6193 0.6387
vn -0.3796 0.9016 -0.2075
vn -0.2595 0.9555 -0.1401
vn -0.3119 0.9063 -0.2851
vn -0.4567 0.8841 0.0990
vn -0.3036 0.9527 0.0104
vn -0.4626 0.8809 0.1004
vn -0.2991 0.8901 0.3439
vn -0.0521 -0.9303 -0.3631
vn 0.0470 -0.8762 -0.4797
vn -0.1015 -0.8135 -0.5727
vn -0.0630 -0.7749 -0.6289
vn -0.0593 -0.7614 -0.6455
vn -0.1470 -0.6915 -0.7072
vn -0.1376 -0.6958 -0.7049
vn -0.2655 -0.2020 -0.9427
vn -0.6874 -0.0219 -0.7259
vn -0.3132 -0.1206 -0.9420
vn -0.6675 -0.0216 -0.7443
vn -0.2583 -0.1799 -0.9492
vn -0.6676 -0.0180 -0.7443
vn -0.3487 -0.0548 -0.9356
vn -0.6384 -0.0175 -0.7695
vn -0.3110 -0.0882 -0.9463
vn -0.6288 -0.0144 -0.7775
vn -0.3280 -0.0080 -0.9447
vn -0.3404 -0.0003 -0.9403
vn -0.2649 0.0391 -0.9635
vn -0.3322 0.0803 -0.9398
vn -0.1659 0.1133 -0.9796
vn -0.2727 0.1816 -0.9448
vn -0.2737 0.5384 -0.7970
vn -0.0558 0.9336 0.3541
vn 0.0382 0.8780 0.4772
vn -0.1065 0.8120 0.5738
vn -0.0774 0.7723 0.6305
vn 0.2572 0.6335 0.7298
vn -0.2098 0.6518 0.7288
vn -0.0809 0.7783 0.6226
vn -0.6551 0.0238 0.7551
vn -0.2916 0.1298 0.9477
vn -0.6641 0.0230 0.7473
vn -0.7892 0.0204 0.6138
vn -0.1453 0.6099 0.7790
vn -0.6429 0.0247 0.7656
vn -0.3348 0.0622 0.9402
vn -0.6557 0.0239 0.7546
vn -0.3353 0.1632 0.9279
vn -0.3541 0.0214 0.9350
vn -0.3626 0.0808 0.9284
vn -0.3234 -0.0256 0.9459
vn -0.3231 0.0020 0.9464
vn -0.2572 -0.1007 0.9611
vn -0.2547 -0.0830 0.9635
vn -0.2117 -0.5405 0.8143
vn -0.1815 -0.1955 0.9638
vn 0.1197 -0.9654 -0.2318
vn -0.0927 -0.7545 -0.6497
vn 0.3125 -0.9395 -0.1405
vn 0.1038 -0.9932 -0.0528
vn 0.2627 -0.9648 -0.0133
vn 0.1636 -0.9699 0.1801
vn 0.3573 -0.9315 0.0679
vn -0.0116 -0.9597 0.2808
vn 0.1639 -0.9703 0.1778
vn -0.0762 -0.8793 0.4701
vn -0.0534 -0.8726 0.4854
vn -0.2368 -0.7578 0.6080
vn -0.2547 -0.6894 0.6781
vn -0.2123 -0.7225 0.6580
vn -0.2441 -0.5147 0.8219
vn -0.2408 0.6849 -0.6877
vn -0.1455 0.6496 -0.7462
vn -0.2488 0.7549 -0.6068
vn -0.0639 0.8510 -0.5212
vn -0.0921 0.7622 0.6408
vn -0.1259 0.8773 -0.4632
vn 0.1614 0.9465 -0.2795
vn 0.0519 0.9759 -0.2122
vn 0.3025 0.9424 -0.1428
vn 0.1967 0.9762 -0.0910
vn 0.2584 0.9660 -0.0083
vn 0.1230 0.9838 0.1307
vn 0.2989 0.9539 0.0283
vn 0.1231 0.9657 0.2284
vn -0.3582 -0.8184 -0.4494
vn 0.8692 -0.3359 -0.3629
vn 0.8173 -0.5692 -0.0898
vn 0.9357 -0.3528 -0.0041
vn 0.9588 -0.2841 -0.0023
vn 0.9676 -0.2525 -0.0020
vn 0.8623 -0.4218 -0.2802
vn 0.9065 -0.4221 0.0046
vn 0.8338 -0.5508 0.0382
vn 0.8422 -0.5389 0.0163
vn 0.6626 -0.7425 0.0983
vn -0.0571 -0.8724 0.4855
vn 0.2946 -0.8286 0.4760
vn 0.9854 -0.1697 0.0096
vn -0.0709 -0.7423 0.6664
vn 0.8938 -0.3493 -0.2812
vn 0.8954 -0.3487 -0.2768
vn 0.8423 -0.5381 -0.0315
vn 0.9994 -0.0343 0.0088
vn 0.9967 -0.0811 0.0028
vn 0.1424 -0.7195 0.6798
vn 0.9970 -0.0769 -0.0002
vn -0.0036 -0.2061 0.9785
vn 0.9980 -0.0630 0.0022
vn 1.0000 0.0054 0.0020
vn -0.5990 -0.4215 0.6809
vn 0.0739 -0.1938 0.9783
vn 0.9997 -0.0254 0.0034
vn 0.3009 -0.0480 0.9525
vn 0.0861 -0.0945 0.9918
vn 0.1001 -0.0048 0.9950
vn 0.9996 0.0265 -0.0064
vn -0.0276 0.0950 0.9951
vn 0.9979 0.0644 -0.0054
vn 0.1744 0.1775 0.9686
vn 0.9966 0.0821 -0.0023
vn 0.0640 0.1570 0.9855
vn 1.0000 -0.0033 -0.0051
vn 0.8261 0.5628 0.0279
vn -0.6885 0.4030 0.6029
vn 0.8929 0.3531 0.2794
vn 0.9028 0.3491 0.2513
vn 0.9993 0.0362 -0.0105
vn 0.9974 0.0724 -0.0059
vn 0.8598 0.4255 0.2821
vn 0.9665 0.2565 0.0023
vn 0.8600 0.3398 0.3806
vn 0.9870 0.1600 -0.0113
vn 0.7685 0.6306 0.1084
vn 0.9290 0.3700 0.0047
vn 0.9578 0.2875 0.0026
vn -0.3169 0.8323 0.4547
vn 0.8989 0.4381 -0.0038
vn 0.8333 0.5526 -0.0169
vn 0.8199 0.5705 -0.0487
vn 0.1830 0.8438 -0.5044
vn 0.1770 0.8449 -0.5049
vn 0.4430 0.8815 -0.1636
vn 0.0998 0.7132 -0.6938
vn 0.0094 0.2186 -0.9758
vn 0.3267 0.1647 -0.9307
vn -0.5323 0.5445 -0.6482
vn 0.3255 0.0526 -0.9441
vn 0.1465 0.0932 -0.9848
vn 0.1120 0.0082 -0.9937
vn -0.0348 -0.0996 -0.9944
vn 0.0371 -0.1677 -0.9851
vn 0.0845 -0.1760 -0.9808
vn -0.6197 -0.5180 -0.5896
usemtl material_0.022
s off
f 1//1 2//1 3//1
f 1//2 4//2 2//2
f 5//3 1//3 3//3
f 6//4 5//4 3//4
f 7//5 6//5 3//5
f 8//6 9//6 2//6
f 4//7 8//7 2//7
f 10//8 11//8 8//8
f 4//9 10//9 8//9
f 12//10 13//10 11//10
f 10//11 12//11 11//11
f 14//12 15//12 13//12
f 12//13 14//13 13//13
f 16//14 17//14 15//14
f 14//15 16//15 15//15
f 18//16 19//16 17//16
f 16//17 18//17 17//17
f 18//18 20//18 19//18
f 21//19 22//19 20//19
f 18//20 21//20 20//20
f 23//21 24//21 22//21
f 21//22 23//22 22//22
f 23//23 25//23 24//23
f 26//24 27//24 25//24
f 23//25 26//25 25//25
f 28//26 29//26 27//26
f 26//27 28//27 27//27
f 30//28 31//28 29//28
f 28//29 30//29 29//29
f 30//30 32//30 31//30
f 33//31 14//31 12//31
f 34//32 12//32 10//32
f 33//33 12//33 34//33
f 35//34 36//34 10//34
f 37//35 10//35 36//35
f 38//36 35//36 10//36
f 39//37 38//37 10//37
f 4//38 39//38 10//38
f 40//39 34//39 10//39
f 41//40 40//40 10//40
f 37//41 41//41 10//41
f 42//42 43//42 36//42
f 37//43 36//43 43//43
f 44//44 42//44 36//44
f 45//45 44//45 36//45
f 46//46 45//46 36//46
f 47//47 46//47 36//47
f 48//48 47//48 36//48
f 49//49 48//49 36//49
f 35//50 49//50 36//50
f 50//51 51//51 43//51
f 52//52 43//52 51//52
f 42//53 50//53 43//53
f 52//54 37//54 43//54
f 53//55 51//55 54//55
f 55//56 51//56 53//56
f 55//57 52//57 51//57
f 56//58 57//58 51//58
f 54//59 51//59 57//59
f 50//60 56//60 51//60
f 56//61 58//61 57//61
f 56//62 59//62 58//62
f 56//63 60//63 59//63
f 61//64 60//64 56//64
f 62//65 60//65 61//65
f 61//66 56//66 50//66
f 63//67 50//67 42//67
f 61//68 50//68 63//68
f 44//69 64//69 42//69
f 65//70 42//70 64//70
f 63//71 42//71 65//71
f 44//72 66//72 64//72
f 67//73 64//73 66//73
f 68//74 65//74 64//74
f 67//75 68//75 64//75
f 69//76 66//76 44//76
f 67//77 66//77 70//77
f 71//78 70//78 66//78
f 69//79 72//79 66//79
f 71//80 66//80 72//80
f 69//81 44//81 45//81
f 73//82 45//82 46//82
f 69//83 45//83 73//83
f 73//84 46//84 74//84
f 75//85 46//85 47//85
f 74//86 46//86 75//86
f 75//87 47//87 48//87
f 76//88 48//88 49//88
f 76//89 77//89 48//89
f 78//90 48//90 77//90
f 75//91 48//91 78//91
f 79//92 49//92 35//92
f 80//93 49//93 79//93
f 81//94 49//94 80//94
f 76//95 49//95 81//95
f 79//96 35//96 38//96
f 82//97 38//97 39//97
f 79//98 38//98 82//98
f 83//99 39//99 4//99
f 82//100 39//100 83//100
f 84//101 85//101 4//101
f 83//102 4//102 85//102
f 1//103 84//103 4//103
f 86//104 85//104 84//104
f 87//105 85//105 86//105
f 83//106 85//106 87//106
f 88//107 84//107 1//107
f 86//108 84//108 88//108
f 88//109 1//109 5//109
f 89//110 90//110 5//110
f 91//111 5//111 90//111
f 6//112 89//112 5//112
f 91//113 88//113 5//113
f 92//114 90//114 89//114
f 93//115 90//115 92//115
f 93//116 91//116 90//116
f 6//117 94//117 89//117
f 95//118 96//118 89//118
f 97//119 89//119 96//119
f 98//120 95//120 89//120
f 94//121 98//121 89//121
f 97//122 92//122 89//122
f 99//123 100//123 96//123
f 97//124 96//124 100//124
f 95//125 99//125 96//125
f 101//126 102//126 100//126
f 103//127 100//127 102//127
f 99//128 101//128 100//128
f 104//129 97//129 100//129
f 105//130 104//130 100//130
f 106//131 105//131 100//131
f 103//132 106//132 100//132
f 103//133 102//133 107//133
f 108//134 107//134 102//134
f 109//135 108//135 102//135
f 101//136 109//136 102//136
f 103//137 107//137 110//137
f 111//138 110//138 107//138
f 112//139 107//139 113//139
f 114//140 107//140 112//140
f 114//141 111//141 107//141
f 115//142 107//142 108//142
f 113//143 107//143 115//143
f 116//144 117//144 108//144
f 115//145 108//145 117//145
f 109//146 116//146 108//146
f 118//147 119//147 117//147
f 120//148 117//148 119//148
f 121//149 118//149 117//149
f 122//150 123//150 117//150
f 116//151 122//151 117//151
f 120//152 115//152 117//152
f 124//153 125//153 119//153
f 126//154 119//154 125//154
f 118//155 124//155 119//155
f 126//156 120//156 119//156
f 127//157 126//157 125//157
f 127//158 125//158 128//158
f 123//159 121//159 117//159
f 129//160 2//160 9//160
f 130//161 3//161 2//161
f 129//162 130//162 2//162
f 8//163 129//163 9//163
f 131//164 3//164 130//164
f 7//165 3//165 131//165
f 132//166 131//166 130//166
f 133//167 132//167 130//167
f 129//168 133//168 130//168
f 134//169 129//169 8//169
f 135//170 7//170 131//170
f 135//171 131//171 132//171
f 136//172 133//172 129//172
f 137//173 136//173 129//173
f 137//174 129//174 134//174
f 138//175 132//175 133//175
f 139//176 132//176 138//176
f 139//177 135//177 132//177
f 140//178 138//178 133//178
f 141//179 138//179 140//179
f 141//180 139//180 138//180
f 140//181 133//181 136//181
f 142//182 140//182 136//182
f 143//183 136//183 137//183
f 144//184 136//184 143//184
f 142//185 136//185 144//185
f 145//186 141//186 140//186
f 146//187 145//187 140//187
f 147//188 146//188 140//188
f 148//189 147//189 140//189
f 142//190 148//190 140//190
f 149//191 94//191 6//191
f 149//192 6//192 7//192
f 149//193 7//193 135//193
f 149//194 135//194 139//194
f 150//195 149//195 139//195
f 151//196 150//196 139//196
f 141//197 151//197 139//197
f 98//198 94//198 149//198
f 152//199 98//199 149//199
f 152//200 149//200 150//200
f 153//201 152//201 150//201
f 154//202 150//202 151//202
f 154//203 153//203 150//203
f 145//204 151//204 141//204
f 145//205 154//205 151//205
f 155//206 95//206 98//206
f 155//207 98//207 152//207
f 156//208 155//208 152//208
f 156//209 152//209 153//209
f 157//210 156//210 153//210
f 154//211 157//211 153//211
f 158//212 99//212 95//212
f 158//213 95//213 155//213
f 159//214 158//214 155//214
f 159//215 155//215 156//215
f 159//216 156//216 157//216
f 160//217 159//217 157//217
f 160//218 157//218 154//218
f 146//219 154//219 145//219
f 146//220 160//220 154//220
f 101//221 99//221 158//221
f 161//222 101//222 158//222
f 161//223 158//223 159//223
f 161//224 159//224 160//224
f 162//225 161//225 160//225
f 147//226 160//226 146//226
f 147//227 162//227 160//227
f 109//228 101//228 161//228
f 163//229 109//229 161//229
f 163//230 161//230 162//230
f 164//231 163//231 162//231
f 148//232 162//232 147//232
f 148//233 164//233 162//233
f 165//234 116//234 109//234
f 165//235 109//235 163//235
f 166//236 163//236 164//236
f 166//237 165//237 163//237
f 167//238 166//238 164//238
f 167//239 164//239 148//239
f 168//240 167//240 148//240
f 168//241 148//241 142//241
f 169//242 116//242 170//242
f 169//243 122//243 116//243
f 170//244 116//244 165//244
f 171//245 170//245 165//245
f 172//246 170//246 171//246
f 172//247 169//247 170//247
f 166//248 171//248 165//248
f 172//249 171//249 166//249
f 173//250 172//250 166//250
f 174//251 166//251 167//251
f 174//252 173//252 166//252
f 175//253 167//253 168//253
f 174//254 167//254 175//254
f 176//255 8//255 11//255
f 13//256 176//256 11//256
f 176//257 134//257 8//257
f 177//258 176//258 13//258
f 178//259 134//259 176//259
f 178//260 137//260 134//260
f 179//261 178//261 176//261
f 179//262 176//262 177//262
f 180//263 137//263 178//263
f 180//264 143//264 137//264
f 179//265 180//265 178//265
f 144//266 143//266 180//266
f 142//267 144//267 180//267
f 168//268 142//268 180//268
f 175//269 168//269 180//269
f 181//270 175//270 180//270
f 182//271 181//271 180//271
f 182//272 180//272 179//272
f 181//273 183//273 175//273
f 184//274 175//274 183//274
f 185//275 173//275 175//275
f 174//276 175//276 173//276
f 184//277 185//277 175//277
f 186//278 187//278 183//278
f 188//279 183//279 187//279
f 189//280 186//280 183//280
f 181//281 189//281 183//281
f 188//282 184//282 183//282
f 190//283 191//283 187//283
f 192//284 187//284 191//284
f 193//285 190//285 187//285
f 186//286 193//286 187//286
f 188//287 187//287 194//287
f 195//288 194//288 187//288
f 196//289 195//289 187//289
f 192//290 196//290 187//290
f 197//291 198//291 191//291
f 192//292 191//292 198//292
f 190//293 197//293 191//293
f 199//294 200//294 198//294
f 201//295 198//295 200//295
f 202//296 199//296 198//296
f 197//297 202//297 198//297
f 203//298 192//298 198//298
f 201//299 203//299 198//299
f 204//300 205//300 200//300
f 206//301 200//301 205//301
f 199//302 204//302 200//302
f 206//303 201//303 200//303
f 207//304 208//304 205//304
f 209//305 205//305 208//305
f 204//306 207//306 205//306
f 209//307 206//307 205//307
f 207//308 210//308 208//308
f 210//309 211//309 208//309
f 212//310 208//310 211//310
f 212//311 209//311 208//311
f 213//312 214//312 211//312
f 215//313 211//313 214//313
f 210//314 213//314 211//314
f 215//315 212//315 211//315
f 216//316 217//316 214//316
f 218//317 214//317 217//317
f 213//318 216//318 214//318
f 218//319 215//319 214//319
f 219//320 220//320 217//320
f 221//321 217//321 220//321
f 216//322 219//322 217//322
f 221//323 218//323 217//323
f 222//324 223//324 220//324
f 224//325 220//325 223//325
f 219//326 222//326 220//326
f 221//327 220//327 225//327
f 224//328 225//328 220//328
f 226//329 227//329 223//329
f 224//330 223//330 227//330
f 222//331 226//331 223//331
f 228//332 227//332 226//332
f 229//333 224//333 227//333
f 229//334 227//334 228//334
f 230//335 231//335 226//335
f 228//336 226//336 231//336
f 232//337 230//337 226//337
f 222//338 232//338 226//338
f 233//339 231//339 230//339
f 234//340 228//340 231//340
f 234//341 231//341 233//341
f 235//342 236//342 230//342
f 233//343 230//343 236//343
f 232//344 235//344 230//344
f 237//345 236//345 235//345
f 238//346 233//346 236//346
f 238//347 236//347 237//347
f 239//348 240//348 235//348
f 237//349 235//349 240//349
f 232//350 239//350 235//350
f 241//351 242//351 240//351
f 243//352 240//352 242//352
f 244//353 241//353 240//353
f 245//354 244//354 240//354
f 239//355 245//355 240//355
f 243//356 237//356 240//356
f 246//357 242//357 241//357
f 243//358 242//358 246//358
f 247//359 248//359 241//359
f 246//360 241//360 248//360
f 244//361 247//361 241//361
f 249//362 250//362 248//362
f 251//363 248//363 250//363
f 247//364 249//364 248//364
f 252//365 246//365 248//365
f 252//366 248//366 251//366
f 251//367 250//367 249//367
f 253//368 249//368 247//368
f 251//369 249//369 253//369
f 254//370 247//370 244//370
f 255//371 247//371 254//371
f 253//372 247//372 255//372
f 256//373 244//373 245//373
f 254//374 244//374 256//374
f 256//375 245//375 239//375
f 257//376 239//376 232//376
f 256//377 239//377 257//377
f 257//378 232//378 258//378
f 259//379 232//379 222//379
f 258//380 232//380 259//380
f 260//381 222//381 219//381
f 259//382 222//382 260//382
f 261//383 219//383 216//383
f 260//384 219//384 262//384
f 261//385 262//385 219//385
f 263//386 216//386 213//386
f 261//387 216//387 263//387
f 264//388 213//388 210//388
f 263//389 213//389 264//389
f 264//390 210//390 265//390
f 265//391 210//391 207//391
f 266//392 207//392 204//392
f 265//393 207//393 266//393
f 267//394 204//394 199//394
f 266//395 204//395 267//395
f 268//396 199//396 202//396
f 267//397 199//397 268//397
f 269//398 202//398 197//398
f 268//399 202//399 269//399
f 269//400 197//400 190//400
f 270//401 190//401 193//401
f 269//402 190//402 270//402
f 271//403 193//403 186//403
f 271//404 272//404 193//404
f 273//405 193//405 272//405
f 274//406 193//406 273//406
f 270//407 193//407 274//407
f 271//408 186//408 189//408
f 182//409 189//409 181//409
f 275//410 189//410 182//410
f 271//411 189//411 275//411
f 276//412 122//412 169//412
f 123//413 122//413 276//413
f 276//414 169//414 172//414
f 277//415 123//415 276//415
f 173//416 276//416 172//416
f 185//417 276//417 173//417
f 277//418 276//418 185//418
f 184//419 277//419 185//419
f 15//420 278//420 13//420
f 279//421 278//421 15//421
f 279//422 15//422 17//422
f 19//423 279//423 17//423
f 280//424 279//424 19//424
f 177//425 13//425 278//425
f 281//426 278//426 279//426
f 280//427 281//427 279//427
f 282//428 281//428 280//428
f 275//429 177//429 278//429
f 275//430 179//430 177//430
f 272//431 278//431 281//431
f 272//432 275//432 278//432
f 273//433 272//433 281//433
f 273//434 281//434 282//434
f 182//435 179//435 275//435
f 271//436 275//436 272//436
f 283//437 121//437 123//437
f 283//438 123//438 277//438
f 283//439 277//439 284//439
f 284//440 277//440 184//440
f 285//441 284//441 184//441
f 286//442 121//442 283//442
f 118//443 121//443 286//443
f 287//444 118//444 286//444
f 284//445 288//445 286//445
f 289//446 286//446 288//446
f 283//447 284//447 286//447
f 289//448 287//448 286//448
f 285//449 288//449 284//449
f 194//450 288//450 285//450
f 289//451 288//451 194//451
f 195//452 289//452 194//452
f 188//453 194//453 285//453
f 188//454 285//454 184//454
f 20//455 290//455 19//455
f 290//456 280//456 19//456
f 290//457 282//457 280//457
f 274//458 273//458 282//458
f 274//459 282//459 290//459
f 124//460 118//460 287//460
f 291//461 124//461 287//461
f 291//462 287//462 289//462
f 291//463 289//463 195//463
f 196//464 291//464 195//464
f 22//465 290//465 20//465
f 24//466 292//466 22//466
f 292//467 290//467 22//467
f 293//468 290//468 292//468
f 293//469 274//469 290//469
f 269//470 274//470 293//470
f 269//471 270//471 274//471
f 268//472 269//472 293//472
f 294//473 125//473 124//473
f 295//474 125//474 294//474
f 295//475 128//475 125//475
f 124//476 296//476 294//476
f 297//477 294//477 296//477
f 297//478 295//478 294//478
f 298//479 297//479 296//479
f 296//480 124//480 291//480
f 299//481 296//481 291//481
f 298//482 296//482 299//482
f 196//483 299//483 291//483
f 300//484 299//484 196//484
f 298//485 299//485 300//485
f 192//486 300//486 196//486
f 25//487 292//487 24//487
f 301//488 25//488 27//488
f 302//489 292//489 25//489
f 301//490 302//490 25//490
f 302//491 293//491 292//491
f 303//492 302//492 301//492
f 267//493 302//493 303//493
f 268//494 293//494 302//494
f 267//495 268//495 302//495
f 304//496 92//496 97//496
f 93//497 92//497 304//497
f 104//498 304//498 97//498
f 127//499 115//499 120//499
f 305//500 115//500 127//500
f 305//501 113//501 115//501
f 127//502 120//502 126//502
f 295//503 127//503 128//503
f 295//504 306//504 127//504
f 305//505 127//505 306//505
f 297//506 306//506 295//506
f 307//507 306//507 297//507
f 308//508 306//508 307//508
f 309//509 306//509 308//509
f 310//510 306//510 309//510
f 310//511 305//511 306//511
f 307//512 297//512 298//512
f 311//513 308//513 307//513
f 312//514 307//514 298//514
f 311//515 307//515 312//515
f 313//516 311//516 312//516
f 300//517 312//517 298//517
f 203//518 312//518 300//518
f 203//519 300//519 192//519
f 314//520 312//520 203//520
f 314//521 313//521 312//521
f 201//522 314//522 203//522
f 315//523 27//523 29//523
f 315//524 301//524 27//524
f 316//525 303//525 301//525
f 316//526 301//526 315//526
f 317//527 267//527 303//527
f 317//528 303//528 316//528
f 266//529 267//529 317//529
f 318//530 88//530 91//530
f 86//531 88//531 318//531
f 319//532 91//532 93//532
f 318//533 91//533 319//533
f 104//534 320//534 304//534
f 93//535 304//535 319//535
f 321//536 304//536 320//536
f 321//537 319//537 304//537
f 321//538 322//538 319//538
f 105//539 320//539 104//539
f 105//540 323//540 320//540
f 324//541 321//541 320//541
f 323//542 324//542 320//542
f 322//543 325//543 319//543
f 318//544 319//544 325//544
f 322//545 326//545 325//545
f 326//546 327//546 325//546
f 328//547 325//547 327//547
f 329//548 322//548 321//548
f 330//549 329//549 321//549
f 331//550 330//550 321//550
f 324//551 331//551 321//551
f 323//552 332//552 324//552
f 323//553 333//553 332//553
f 334//554 332//554 333//554
f 323//555 335//555 333//555
f 335//556 336//556 333//556
f 335//557 337//557 336//557
f 338//558 337//558 335//558
f 338//559 335//559 339//559
f 335//560 323//560 340//560
f 340//561 323//561 105//561
f 341//562 105//562 106//562
f 110//563 105//563 341//563
f 110//564 340//564 105//564
f 103//565 341//565 106//565
f 103//566 110//566 341//566
f 111//567 340//567 110//567
f 111//568 335//568 340//568
f 342//569 112//569 113//569
f 305//570 342//570 113//570
f 343//571 344//571 112//571
f 345//572 112//572 344//572
f 342//573 343//573 112//573
f 345//574 114//574 112//574
f 343//575 346//575 344//575
f 347//576 344//576 346//576
f 348//577 345//577 344//577
f 347//578 348//578 344//578
f 349//579 350//579 346//579
f 351//580 346//580 350//580
f 352//581 349//581 346//581
f 343//582 352//582 346//582
f 351//583 347//583 346//583
f 353//584 354//584 350//584
f 355//585 350//585 354//585
f 349//586 353//586 350//586
f 355//587 351//587 350//587
f 356//588 357//588 354//588
f 355//589 354//589 357//589
f 353//590 356//590 354//590
f 356//591 358//591 357//591
f 359//592 357//592 358//592
f 360//593 357//593 359//593
f 361//594 357//594 360//594
f 355//595 357//595 361//595
f 356//596 362//596 358//596
f 363//597 358//597 362//597
f 359//598 358//598 364//598
f 363//599 364//599 358//599
f 365//600 65//600 362//600
f 68//601 362//601 65//601
f 356//602 365//602 362//602
f 68//603 363//603 362//603
f 61//604 63//604 65//604
f 62//605 61//605 65//605
f 366//606 62//606 65//606
f 365//607 366//607 65//607
f 367//608 62//608 366//608
f 368//609 62//609 367//609
f 60//610 62//610 368//610
f 369//611 366//611 365//611
f 367//612 366//612 369//612
f 370//613 356//613 353//613
f 365//614 356//614 370//614
f 371//615 309//615 308//615
f 371//616 372//616 309//616
f 371//617 308//617 311//617
f 373//618 371//618 311//618
f 374//619 311//619 313//619
f 374//620 373//620 311//620
f 374//621 313//621 314//621
f 375//622 374//622 314//622
f 206//623 314//623 201//623
f 206//624 375//624 314//624
f 309//625 305//625 310//625
f 309//626 342//626 305//626
f 376//627 342//627 309//627
f 376//628 343//628 342//628
f 372//629 376//629 309//629
f 377//630 376//630 372//630
f 378//631 372//631 371//631
f 379//632 372//632 378//632
f 377//633 372//633 379//633
f 31//634 315//634 29//634
f 380//635 315//635 31//635
f 380//636 316//636 315//636
f 381//637 317//637 316//637
f 381//638 316//638 380//638
f 265//639 266//639 317//639
f 265//640 317//640 381//640
f 86//641 318//641 325//641
f 87//642 86//642 325//642
f 328//643 87//643 325//643
f 328//644 83//644 87//644
f 339//645 335//645 111//645
f 114//646 339//646 111//646
f 382//647 339//647 114//647
f 382//648 338//648 339//648
f 345//649 382//649 114//649
f 378//650 371//650 373//650
f 383//651 378//651 373//651
f 383//652 373//652 374//652
f 383//653 374//653 375//653
f 384//654 383//654 375//654
f 209//655 375//655 206//655
f 209//656 384//656 375//656
f 377//657 343//657 376//657
f 377//658 352//658 343//658
f 32//659 380//659 31//659
f 385//660 380//660 32//660
f 386//661 381//661 380//661
f 386//662 380//662 385//662
f 265//663 381//663 386//663
f 82//664 83//664 328//664
f 327//665 82//665 328//665
f 364//666 338//666 382//666
f 364//667 337//667 338//667
f 359//668 382//668 345//668
f 359//669 364//669 382//669
f 387//670 345//670 348//670
f 388//671 345//671 387//671
f 359//672 345//672 388//672
f 360//673 387//673 348//673
f 351//674 348//674 347//674
f 351//675 360//675 348//675
f 360//676 388//676 387//676
f 389//677 379//677 378//677
f 390//678 377//678 379//678
f 390//679 379//679 389//679
f 391//680 389//680 378//680
f 391//680 378//680 383//680
f 391//681 383//681 384//681
f 392//682 391//682 384//682
f 209//683 392//683 384//683
f 390//684 352//684 377//684
f 390//685 349//685 352//685
f 393//686 32//686 30//686
f 393//687 385//687 32//687
f 394//688 386//688 385//688
f 394//689 385//689 393//689
f 264//690 265//690 386//690
f 264//691 386//691 394//691
f 79//692 82//692 327//692
f 80//693 327//693 326//693
f 80//694 79//694 327//694
f 395//695 336//695 337//695
f 363//696 337//696 364//696
f 363//697 395//697 337//697
f 360//698 359//698 388//698
f 355//699 360//699 351//699
f 355//700 361//700 360//700
f 370//701 390//701 389//701
f 396//702 389//702 397//702
f 370//703 389//703 396//703
f 397//704 389//704 391//704
f 398//705 397//705 391//705
f 398//706 391//706 392//706
f 399//707 398//707 392//707
f 212//708 392//708 209//708
f 212//709 399//709 392//709
f 390//710 353//710 349//710
f 28//711 393//711 30//711
f 400//712 393//712 28//712
f 400//713 394//713 393//713
f 263//714 394//714 400//714
f 263//715 264//715 394//715
f 81//716 80//716 326//716
f 81//717 326//717 322//717
f 401//718 336//718 395//718
f 401//719 333//719 336//719
f 68//720 395//720 363//720
f 68//721 401//721 395//721
f 402//722 396//722 397//722
f 403//723 370//723 396//723
f 403//724 396//724 402//724
f 402//725 397//725 398//725
f 404//726 402//726 398//726
f 404//727 398//727 399//727
f 215//728 404//728 399//728
f 215//729 399//729 212//729
f 370//730 353//730 390//730
f 405//731 28//731 26//731
f 405//732 400//732 28//732
f 406//733 400//733 405//733
f 261//734 263//734 400//734
f 261//735 400//735 406//735
f 78//736 77//736 322//736
f 78//737 322//737 329//737
f 81//738 322//738 77//738
f 76//739 81//739 77//739
f 401//740 70//740 333//740
f 71//741 333//741 70//741
f 71//742 334//742 333//742
f 68//743 70//743 401//743
f 67//744 70//744 68//744
f 407//745 403//745 402//745
f 369//746 370//746 403//746
f 407//747 369//747 403//747
f 408//748 407//748 402//748
f 408//749 402//749 404//749
f 409//750 408//750 404//750
f 409//751 404//751 215//751
f 218//752 409//752 215//752
f 365//753 370//753 369//753
f 410//754 369//754 407//754
f 410//755 411//755 369//755
f 412//756 26//756 23//756
f 412//757 405//757 26//757
f 413//758 405//758 412//758
f 413//759 406//759 405//759
f 262//760 406//760 413//760
f 262//761 261//761 406//761
f 78//762 329//762 330//762
f 75//763 78//763 330//763
f 74//764 75//764 330//764
f 74//765 330//765 331//765
f 73//766 74//766 331//766
f 73//767 331//767 324//767
f 72//768 324//768 332//768
f 69//769 73//769 324//769
f 69//770 324//770 72//770
f 71//771 72//771 332//771
f 71//772 332//772 334//772
f 410//773 407//773 408//773
f 414//774 410//774 408//774
f 415//775 414//775 408//775
f 415//776 408//776 409//776
f 415//777 409//777 218//777
f 221//778 415//778 218//778
f 411//779 367//779 369//779
f 21//780 412//780 23//780
f 416//781 412//781 21//781
f 260//782 413//782 412//782
f 260//783 412//783 416//783
f 260//784 262//784 413//784
f 411//785 368//785 367//785
f 417//786 368//786 411//786
f 60//787 368//787 417//787
f 410//788 417//788 411//788
f 418//789 60//789 417//789
f 414//790 417//790 410//790
f 418//791 417//791 414//791
f 419//792 418//792 414//792
f 225//793 414//793 415//793
f 419//794 414//794 225//794
f 221//795 225//795 415//795
f 224//796 419//796 225//796
f 420//797 21//797 18//797
f 420//798 416//798 21//798
f 421//799 416//799 420//799
f 422//800 260//800 416//800
f 422//801 416//801 421//801
f 423//802 260//802 422//802
f 423//803 259//803 260//803
f 59//804 60//804 418//804
f 424//805 59//805 418//805
f 424//806 418//806 419//806
f 424//807 419//807 224//807
f 229//808 424//808 224//808
f 16//809 425//809 18//809
f 420//810 18//810 425//810
f 426//811 425//811 16//811
f 427//812 421//812 420//812
f 425//813 427//813 420//813
f 426//814 427//814 425//814
f 422//815 421//815 427//815
f 428//816 422//816 427//816
f 428//817 427//817 426//817
f 428//818 423//818 422//818
f 259//819 423//819 428//819
f 229//820 228//820 429//820
f 234//821 429//821 228//821
f 430//822 58//822 59//822
f 430//823 59//823 431//823
f 424//824 431//824 59//824
f 424//825 432//825 431//825
f 433//826 431//826 432//826
f 433//827 430//827 431//827
f 229//828 432//828 424//828
f 229//829 429//829 432//829
f 433//830 432//830 429//830
f 234//831 433//831 429//831
f 434//832 16//832 14//832
f 33//833 434//833 14//833
f 435//834 434//834 33//834
f 426//835 16//835 434//835
f 436//836 426//836 434//836
f 437//837 436//837 434//837
f 437//838 434//838 435//838
f 438//839 436//839 437//839
f 439//840 426//840 436//840
f 440//841 439//841 436//841
f 440//842 436//842 438//842
f 439//843 428//843 426//843
f 258//844 428//844 439//844
f 440//845 258//845 439//845
f 259//846 428//846 258//846
f 440//847 257//847 258//847
f 234//848 233//848 441//848
f 238//849 441//849 233//849
f 430//850 57//850 58//850
f 442//851 57//851 430//851
f 443//852 57//852 442//852
f 54//853 57//853 443//853
f 444//854 442//854 430//854
f 445//855 442//855 444//855
f 445//856 443//856 442//856
f 446//857 445//857 444//857
f 433//858 444//858 430//858
f 234//859 444//859 433//859
f 234//860 441//860 444//860
f 446//861 444//861 441//861
f 238//862 446//862 441//862
f 447//863 33//863 34//863
f 448//864 447//864 34//864
f 448//865 34//865 40//865
f 447//866 435//866 33//866
f 449//867 435//867 447//867
f 437//868 435//868 449//868
f 450//869 449//869 447//869
f 450//870 447//870 448//870
f 451//871 437//871 449//871
f 450//872 451//872 449//872
f 438//873 437//873 451//873
f 452//874 451//874 450//874
f 453//875 438//875 451//875
f 454//876 453//876 451//876
f 454//877 451//877 452//877
f 453//878 440//878 438//878
f 257//879 440//879 453//879
f 454//880 257//880 453//880
f 455//881 257//881 454//881
f 256//882 257//882 455//882
f 443//883 456//883 53//883
f 55//884 53//884 456//884
f 54//885 443//885 53//885
f 445//886 456//886 443//886
f 457//887 456//887 445//887
f 458//888 456//888 457//888
f 459//889 55//889 456//889
f 458//890 459//890 456//890
f 445//891 460//891 457//891
f 458//892 457//892 460//892
f 446//893 460//893 445//893
f 461//894 458//894 460//894
f 238//895 460//895 446//895
f 238//896 462//896 460//896
f 461//897 460//897 462//897
f 237//898 462//898 238//898
f 463//899 462//899 237//899
f 463//900 461//900 462//900
f 243//901 463//901 237//901
f 464//902 40//902 41//902
f 465//903 448//903 40//903
f 465//904 40//904 464//904
f 466//905 41//905 37//905
f 464//906 41//906 466//906
f 467//907 37//907 52//907
f 467//908 466//908 37//908
f 465//909 450//909 448//909
f 465//910 452//910 450//910
f 465//911 454//911 452//911
f 465//912 455//912 454//912
f 468//913 256//913 455//913
f 469//914 468//914 455//914
f 465//915 469//915 455//915
f 470//916 52//916 55//916
f 471//917 467//917 52//917
f 472//918 471//918 52//918
f 473//919 472//919 52//919
f 474//920 473//920 52//920
f 475//921 474//921 52//921
f 476//922 475//922 52//922
f 477//923 476//923 52//923
f 470//924 477//924 52//924
f 478//925 254//925 256//925
f 468//926 478//926 256//926
f 478//927 479//927 254//927
f 255//928 254//928 479//928
f 480//929 243//929 246//929
f 481//930 480//930 246//930
f 252//931 481//931 246//931
f 480//932 482//932 243//932
f 483//933 55//933 459//933
f 470//934 55//934 483//934
f 484//935 459//935 458//935
f 484//936 483//936 459//936
f 485//937 486//937 458//937
f 487//938 458//938 486//938
f 488//939 484//939 458//939
f 487//940 488//940 458//940
f 485//941 458//941 461//941
f 485//942 461//942 463//942
f 485//943 463//943 243//943
f 482//944 485//944 243//944
f 489//945 490//945 491//945
f 492//946 491//946 490//946
f 493//947 489//947 491//947
f 489//948 494//948 490//948
f 495//949 496//949 490//949
f 497//950 490//950 496//950
f 494//951 495//951 490//951
f 497//952 492//952 490//952
f 498//953 497//953 496//953
f 499//954 498//954 496//954
f 500//955 501//955 496//955
f 499//956 496//956 501//956
f 495//957 500//957 496//957
f 502//958 503//958 501//958
f 504//959 501//959 503//959
f 500//960 502//960 501//960
f 502//961 505//961 503//961
f 506//962 503//962 505//962
f 502//963 507//963 505//963
f 464//964 466//964 505//964
f 508//965 505//965 466//965
f 507//966 509//966 505//966
f 465//967 505//967 509//967
f 465//968 464//968 505//968
f 510//969 506//969 505//969
f 508//970 510//970 505//970
f 511//971 466//971 467//971
f 511//972 512//972 466//972
f 513//973 471//973 472//973
f 514//974 513//974 472//974
f 515//975 472//975 473//975
f 515//976 514//976 472//976
f 516//977 473//977 474//977
f 516//978 515//978 473//978
f 517//979 474//979 475//979
f 517//980 516//980 474//980
f 518//981 476//981 477//981
f 518//982 519//982 476//982
f 470//983 520//983 477//983
f 521//984 477//984 520//984
f 470//985 522//985 520//985
f 522//986 523//986 520//986
f 524//987 520//987 523//987
f 522//988 525//988 523//988
f 526//989 524//989 523//989
f 525//990 527//990 523//990
f 527//991 526//991 523//991
f 528//992 529//992 527//992
f 530//993 527//993 529//993
f 525//994 528//994 527//994
f 528//995 531//995 529//995
f 532//996 530//996 529//996
f 531//997 533//997 529//997
f 534//998 529//998 533//998
f 532//999 529//999 534//999
f 535//1000 536//1000 533//1000
f 537//1001 533//1001 536//1001
f 531//1002 535//1002 533//1002
f 537//1003 534//1003 533//1003
f 535//1004 538//1004 536//1004
f 539//1005 540//1005 538//1005
f 541//1006 538//1006 540//1006
f 535//1007 539//1007 538//1007
f 539//1008 542//1008 540//1008
f 543//1009 540//1009 542//1009
f 543//1010 541//1010 540//1010
f 544//1011 545//1011 542//1011
f 546//1012 542//1012 545//1012
f 547//1013 544//1013 542//1013
f 539//1014 547//1014 542//1014
f 546//1015 543//1015 542//1015
f 548//1016 545//1016 544//1016
f 548//1017 546//1017 545//1017
f 548//1018 544//1018 547//1018
f 549//1019 547//1019 539//1019
f 549//1020 548//1020 547//1020
f 550//1021 549//1021 539//1021
f 550//1022 539//1022 535//1022
f 551//1023 535//1023 531//1023
f 552//1024 535//1024 551//1024
f 528//1025 551//1025 531//1025
f 553//1026 528//1026 554//1026
f 555//1027 556//1027 528//1027
f 554//1028 528//1028 556//1028
f 557//1029 558//1029 528//1029
f 555//1030 528//1030 558//1030
f 559//1031 557//1031 528//1031
f 525//1032 559//1032 528//1032
f 555//1033 560//1033 556//1033
f 561//1034 556//1034 562//1034
f 554//1035 556//1035 561//1035
f 487//1036 486//1036 556//1036
f 562//1037 556//1037 486//1037
f 560//1038 487//1038 556//1038
f 563//1039 486//1039 485//1039
f 564//1040 486//1040 563//1040
f 562//1041 486//1041 564//1041
f 563//1042 485//1042 482//1042
f 563//1043 482//1043 565//1043
f 565//1044 482//1044 480//1044
f 565//1045 480//1045 566//1045
f 251//1046 567//1046 481//1046
f 568//1047 481//1047 567//1047
f 252//1048 251//1048 481//1048
f 253//1049 569//1049 567//1049
f 570//1050 567//1050 569//1050
f 251//1051 253//1051 567//1051
f 568//1052 567//1052 570//1052
f 253//1053 479//1053 569//1053
f 571//1054 569//1054 479//1054
f 570//1055 569//1055 571//1055
f 253//1056 255//1056 479//1056
f 571//1057 479//1057 572//1057
f 572//1058 479//1058 478//1058
f 573//1059 468//1059 469//1059
f 465//1060 509//1060 469//1060
f 574//1061 509//1061 507//1061
f 469//1062 509//1062 574//1062
f 507//1063 502//1063 575//1063
f 502//1064 500//1064 576//1064
f 500//1065 495//1065 577//1065
f 578//1066 494//1066 489//1066
f 495//1067 494//1067 578//1067
f 578//1068 489//1068 579//1068
f 580//1069 581//1069 489//1069
f 582//1070 489//1070 581//1070
f 493//1071 580//1071 489//1071
f 583//1072 584//1072 581//1072
f 585//1073 581//1073 584//1073
f 580//1074 583//1074 581//1074
f 582//1075 581//1075 585//1075
f 586//1076 587//1076 584//1076
f 585//1077 584//1077 587//1077
f 583//1078 586//1078 584//1078
f 588//1079 586//1079 583//1079
f 587//1080 586//1080 588//1080
f 589//1081 583//1081 580//1081
f 588//1082 583//1082 589//1082
f 590//1083 580//1083 493//1083
f 589//1084 580//1084 590//1084
f 591//1085 558//1085 557//1085
f 592//1086 555//1086 558//1086
f 593//1087 558//1087 591//1087
f 592//1088 558//1088 593//1088
f 594//1089 557//1089 559//1089
f 591//1090 557//1090 594//1090
f 595//1091 559//1091 525//1091
f 596//1092 559//1092 595//1092
f 594//1093 559//1093 596//1093
f 597//1094 525//1094 522//1094
f 595//1095 525//1095 597//1095
f 470//1096 483//1096 522//1096
f 597//1097 522//1097 483//1097
f 597//1098 483//1098 484//1098
f 596//1099 484//1099 488//1099
f 595//1100 597//1100 484//1100
f 596//1101 595//1101 484//1101
f 591//1102 488//1102 487//1102
f 594//1103 596//1103 488//1103
f 591//1104 594//1104 488//1104
f 591//1105 487//1105 560//1105
f 598//1106 560//1106 555//1106
f 593//1107 591//1107 560//1107
f 599//1108 593//1108 560//1108
f 598//1109 599//1109 560//1109
f 598//1110 555//1110 592//1110
f 600//1111 493//1111 491//1111
f 601//1112 590//1112 493//1112
f 601//1113 493//1113 600//1113
f 602//1114 491//1114 492//1114
f 602//1115 600//1115 491//1115
f 602//1116 492//1116 497//1116
f 603//1117 589//1117 590//1117
f 603//1118 590//1118 601//1118
f 604//1119 588//1119 589//1119
f 604//1120 589//1120 603//1120
f 605//1121 587//1121 588//1121
f 605//1122 588//1122 604//1122
f 605//1123 585//1123 587//1123
f 606//1124 585//1124 605//1124
f 607//1125 582//1125 585//1125
f 607//1126 585//1126 606//1126
f 608//1127 489//1127 582//1127
f 608//1128 582//1128 607//1128
f 608//1129 579//1129 489//1129
f 609//1130 578//1130 579//1130
f 609//1131 579//1131 608//1131
f 610//1132 497//1132 498//1132
f 610//1133 602//1133 497//1133
f 611//1134 498//1134 499//1134
f 611//1135 610//1135 498//1135
f 611//1136 499//1136 501//1136
f 612//1137 495//1137 578//1137
f 612//1138 578//1138 609//1138
f 612//1139 577//1139 495//1139
f 613//1140 500//1140 577//1140
f 613//1141 577//1141 612//1141
f 614//1142 611//1142 501//1142
f 504//1143 614//1143 501//1143
f 613//1144 576//1144 500//1144
f 615//1145 502//1145 576//1145
f 615//1146 576//1146 613//1146
f 616//1147 504//1147 503//1147
f 506//1148 616//1148 503//1148
f 617//1149 575//1149 502//1149
f 617//1150 502//1150 615//1150
f 618//1151 507//1151 575//1151
f 618//1152 575//1152 617//1152
f 619//1153 510//1153 508//1153
f 619//1154 506//1154 510//1154
f 619//1155 508//1155 466//1155
f 620//1156 574//1156 507//1156
f 620//1157 507//1157 618//1157
f 621//1158 469//1158 574//1158
f 621//1159 574//1159 620//1159
f 622//1160 466//1160 512//1160
f 622//1161 619//1161 466//1161
f 623//1162 512//1162 511//1162
f 623//1163 622//1163 512//1163
f 624//1164 573//1164 469//1164
f 624//1165 469//1165 621//1165
f 625//1166 573//1166 624//1166
f 623//1167 511//1167 467//1167
f 625//1168 468//1168 573//1168
f 626//1169 467//1169 471//1169
f 626//1170 623//1170 467//1170
f 627//1171 471//1171 513//1171
f 627//1172 626//1172 471//1172
f 628//1173 478//1173 468//1173
f 628//1174 468//1174 625//1174
f 629//1175 572//1175 478//1175
f 629//1176 478//1176 628//1176
f 630//1177 513//1177 514//1177
f 630//1178 627//1178 513//1178
f 631//1179 572//1179 629//1179
f 630//1180 514//1180 515//1180
f 632//1181 571//1181 572//1181
f 632//1182 572//1182 631//1182
f 633//1183 630//1183 515//1183
f 634//1184 570//1184 571//1184
f 634//1185 571//1185 632//1185
f 635//1186 515//1186 516//1186
f 635//1187 633//1187 515//1187
f 636//1188 570//1188 634//1188
f 635//1189 516//1189 517//1189
f 636//1190 568//1190 570//1190
f 637//1191 517//1191 475//1191
f 637//1192 635//1192 517//1192
f 638//1193 481//1193 568//1193
f 638//1194 568//1194 636//1194
f 639//1195 475//1195 476//1195
f 639//1196 637//1196 475//1196
f 566//1197 480//1197 481//1197
f 566//1198 481//1198 638//1198
f 639//1199 476//1199 519//1199
f 640//1200 519//1200 518//1200
f 640//1201 639//1201 519//1201
f 641//1202 565//1202 566//1202
f 642//1203 518//1203 477//1203
f 642//1204 640//1204 518//1204
f 643//1205 565//1205 641//1205
f 643//1206 563//1206 565//1206
f 642//1207 477//1207 521//1207
f 520//1208 524//1208 521//1208
f 644//1209 521//1209 524//1209
f 645//1210 521//1210 644//1210
f 645//1211 642//1211 521//1211
f 646//1212 564//1212 563//1212
f 646//1213 563//1213 643//1213
f 646//1214 562//1214 564//1214
f 647//1215 644//1215 524//1215
f 648//1216 524//1216 526//1216
f 649//1217 524//1217 648//1217
f 647//1218 524//1218 649//1218
f 647//1219 645//1219 644//1219
f 650//1220 593//1220 599//1220
f 651//1221 592//1221 593//1221
f 651//1222 593//1222 650//1222
f 650//1223 599//1223 598//1223
f 652//1224 561//1224 562//1224
f 652//1225 562//1225 646//1225
f 653//1226 648//1226 526//1226
f 654//1227 526//1227 527//1227
f 654//1228 653//1228 526//1228
f 653//1229 649//1229 648//1229
f 651//1230 598//1230 592//1230
f 651//1231 650//1231 598//1231
f 655//1232 554//1232 561//1232
f 655//1233 561//1233 652//1233
f 656//1234 527//1234 530//1234
f 657//1235 530//1235 532//1235
f 657//1236 656//1236 530//1236
f 654//1237 527//1237 656//1237
f 655//1238 553//1238 554//1238
f 658//1239 528//1239 553//1239
f 658//1240 553//1240 655//1240
f 659//1241 532//1241 534//1241
f 660//1242 534//1242 537//1242
f 660//1243 659//1243 534//1243
f 657//1244 532//1244 659//1244
f 660//1245 537//1245 536//1245
f 661//1246 552//1246 551//1246
f 658//1247 551//1247 528//1247
f 658//1248 661//1248 551//1248
f 662//1249 535//1249 552//1249
f 662//1250 552//1250 661//1250
f 663//1251 536//1251 538//1251
f 660//1252 536//1252 663//1252
f 664//1253 538//1253 541//1253
f 664//1254 663//1254 538//1254
f 665//1255 541//1255 543//1255
f 665//1256 664//1256 541//1256
f 666//1257 543//1257 546//1257
f 666//1258 665//1258 543//1258
f 667//1259 546//1259 548//1259
f 667//1260 666//1260 546//1260
f 668//1261 667//1261 548//1261
f 669//1262 548//1262 549//1262
f 669//1263 668//1263 548//1263
f 670//1264 549//1264 550//1264
f 670//1265 669//1265 549//1265
f 662//1266 550//1266 535//1266
f 662//1267 670//1267 550//1267
f 671//1268 600//1268 602//1268
f 672//1269 601//1269 600//1269
f 672//1270 600//1270 671//1270
f 671//1271 602//1271 673//1271
f 673//1272 602//1272 610//1272
f 674//1273 603//1273 601//1273
f 674//1274 601//1274 672//1274
f 675//1275 604//1275 603//1275
f 675//1276 603//1276 674//1276
f 676//1277 605//1277 604//1277
f 676//1278 604//1278 675//1278
f 677//1279 605//1279 676//1279
f 678//1280 606//1280 605//1280
f 678//1281 605//1281 677//1281
f 679//1282 607//1282 606//1282
f 679//1283 606//1283 678//1283
f 680//1284 608//1284 607//1284
f 680//1285 607//1285 679//1285
f 681//1286 609//1286 608//1286
f 681//1287 608//1287 680//1287
f 682//1288 610//1288 611//1288
f 673//1289 610//1289 682//1289
f 682//1290 611//1290 683//1290
f 683//1291 611//1291 614//1291
f 681//1292 612//1292 609//1292
f 684//1293 612//1293 681//1293
f 684//1294 613//1294 612//1294
f 685//1295 614//1295 504//1295
f 683//1296 614//1296 685//1296
f 685//1297 504//1297 616//1297
f 686//1298 613//1298 684//1298
f 686//1299 615//1299 613//1299
f 687//1300 616//1300 506//1300
f 688//1301 616//1301 687//1301
f 685//1302 616//1302 688//1302
f 689//1303 506//1303 619//1303
f 690//1304 506//1304 689//1304
f 687//1305 506//1305 690//1305
f 686//1306 617//1306 615//1306
f 691//1307 618//1307 617//1307
f 691//1308 617//1308 686//1308
f 690//1309 689//1309 619//1309
f 692//1310 619//1310 622//1310
f 690//1311 619//1311 692//1311
f 693//1312 620//1312 618//1312
f 693//1313 618//1313 691//1313
f 694//1314 621//1314 620//1314
f 694//1315 620//1315 693//1315
f 692//1316 622//1316 695//1316
f 696//1317 622//1317 623//1317
f 695//1318 622//1318 696//1318
f 697//1319 624//1319 621//1319
f 697//1320 621//1320 694//1320
f 698//1321 625//1321 624//1321
f 698//1322 624//1322 697//1322
f 699//1323 623//1323 626//1323
f 696//1324 623//1324 699//1324
f 700//1325 626//1325 627//1325
f 699//1326 626//1326 700//1326
f 701//1327 628//1327 625//1327
f 701//1328 625//1328 698//1328
f 701//1329 629//1329 628//1329
f 700//1330 627//1330 630//1330
f 702//1331 631//1331 629//1331
f 702//1332 629//1332 701//1332
f 700//1333 630//1333 703//1333
f 704//1334 632//1334 631//1334
f 704//1335 631//1335 702//1335
f 705//1336 630//1336 633//1336
f 703//1337 630//1337 705//1337
f 704//1338 634//1338 632//1338
f 705//1339 633//1339 635//1339
f 706//1340 636//1340 634//1340
f 706//1341 634//1341 704//1341
f 705//1342 635//1342 707//1342
f 708//1343 636//1343 706//1343
f 707//1344 635//1344 637//1344
f 708//1345 638//1345 636//1345
f 709//1346 637//1346 639//1346
f 707//1347 637//1347 709//1347
f 710//1348 566//1348 638//1348
f 710//1349 638//1349 708//1349
f 711//1350 639//1350 640//1350
f 709//1351 639//1351 711//1351
f 710//1352 641//1352 566//1352
f 712//1353 640//1353 642//1353
f 711//1354 640//1354 712//1354
f 713//1355 643//1355 641//1355
f 713//1356 641//1356 710//1356
f 647//1357 642//1357 645//1357
f 714//1358 642//1358 715//1358
f 647//1359 715//1359 642//1359
f 712//1360 642//1360 714//1360
f 716//1361 646//1361 643//1361
f 716//1362 643//1362 713//1362
f 653//1363 647//1363 649//1363
f 653//1364 715//1364 647//1364
f 716//1365 652//1365 646//1365
f 717//1366 652//1366 716//1366
f 718//1367 653//1367 654//1367
f 717//1368 655//1368 652//1368
f 719//1369 655//1369 717//1369
f 720//1370 654//1370 656//1370
f 720//1371 656//1371 657//1371
f 718//1372 654//1372 720//1372
f 719//1373 658//1373 655//1373
f 721//1374 658//1374 719//1374
f 722//1375 657//1375 659//1375
f 723//1376 659//1376 660//1376
f 722//1377 659//1377 723//1377
f 720//1378 657//1378 722//1378
f 724//1379 662//1379 661//1379
f 721//1380 661//1380 658//1380
f 724//1381 661//1381 721//1381
f 725//1382 662//1382 724//1382
f 726//1383 660//1383 663//1383
f 727//1384 663//1384 664//1384
f 726//1385 663//1385 727//1385
f 723//1386 660//1386 726//1386
f 728//1387 664//1387 665//1387
f 727//1388 664//1388 728//1388
f 729//1389 665//1389 666//1389
f 728//1390 665//1390 729//1390
f 729//1391 666//1391 667//1391
f 730//1392 667//1392 668//1392
f 731//1393 668//1393 669//1393
f 730//1394 668//1394 731//1394
f 732//1395 669//1395 670//1395
f 731//1396 669//1396 732//1396
f 725//1397 670//1397 662//1397
f 732//1398 670//1398 725//1398
f 679//1399 671//1399 673//1399
f 680//1400 679//1400 673//1400
f 678//1401 672//1401 671//1401
f 679//1402 678//1402 671//1402
f 678//1403 674//1403 672//1403
f 676//1404 675//1404 674//1404
f 677//1405 676//1405 674//1405
f 678//1406 677//1406 674//1406
f 682//1407 681//1407 680//1407
f 673//1408 682//1408 680//1408
f 683//1409 684//1409 681//1409
f 682//1410 683//1410 681//1410
f 683//1411 686//1411 684//1411
f 683//1412 685//1412 686//1412
f 685//1413 688//1413 686//1413
f 687//1414 691//1414 686//1414
f 688//1415 687//1415 686//1415
f 690//1416 693//1416 691//1416
f 687//1417 690//1417 691//1417
f 692//1418 694//1418 693//1418
f 690//1419 692//1419 693//1419
f 733//1420 697//1420 694//1420
f 734//1421 694//1421 692//1421
f 735//1422 733//1422 694//1422
f 736//1423 735//1423 694//1423
f 737//1424 736//1424 694//1424
f 734//1425 737//1425 694//1425
f 738//1426 698//1426 697//1426
f 739//1427 738//1427 697//1427
f 733//1428 739//1428 697//1428
f 738//1429 740//1429 698//1429
f 741//1430 701//1430 698//1430
f 740//1431 741//1431 698//1431
f 741//1432 742//1432 701//1432
f 743//1433 702//1433 701//1433
f 742//1434 743//1434 701//1434
f 743//1435 704//1435 702//1435
f 743//1436 744//1436 704//1436
f 744//1437 706//1437 704//1437
f 745//1438 708//1438 706//1438
f 744//1439 745//1439 706//1439
f 745//1440 746//1440 708//1440
f 746//1441 710//1441 708//1441
f 746//1442 747//1442 710//1442
f 748//1443 713//1443 710//1443
f 747//1444 748//1444 710//1444
f 748//1445 712//1445 713//1445
f 714//1446 716//1446 713//1446
f 712//1447 714//1447 713//1447
f 715//1448 717//1448 716//1448
f 714//1449 715//1449 716//1449
f 718//1450 719//1450 717//1450
f 715//1451 718//1451 717//1451
f 720//1452 721//1452 719//1452
f 718//1453 720//1453 719//1453
f 722//1454 724//1454 721//1454
f 720//1455 722//1455 721//1455
f 723//1456 725//1456 724//1456
f 722//1457 723//1457 724//1457
f 726//1458 732//1458 725//1458
f 723//1459 726//1459 725//1459
f 727//1460 731//1460 732//1460
f 726//1461 727//1461 732//1461
f 728//1462 730//1462 731//1462
f 727//1463 728//1463 731//1463
f 729//1464 667//1464 730//1464
f 728//1465 729//1465 730//1465
f 653//1466 718//1466 715//1466
f 749//1467 711//1467 712//1467
f 750//1468 751//1468 712//1468
f 752//1469 712//1469 751//1469
f 748//1470 750//1470 712//1470
f 752//1471 749//1471 712//1471
f 749//1472 753//1472 711//1472
f 753//1473 709//1473 711//1473
f 754//1474 707//1474 709//1474
f 755//1475 754//1475 709//1475
f 756//1476 755//1476 709//1476
f 757//1477 756//1477 709//1477
f 753//1478 757//1478 709//1478
f 758//1479 707//1479 754//1479
f 759//1480 705//1480 707//1480
f 758//1481 759//1481 707//1481
f 759//1482 703//1482 705//1482
f 760//1483 700//1483 703//1483
f 759//1484 760//1484 703//1484
f 760//1485 699//1485 700//1485
f 761//1486 696//1486 699//1486
f 760//1487 761//1487 699//1487
f 762//1488 696//1488 761//1488
f 762//1489 695//1489 696//1489
f 734//1490 692//1490 695//1490
f 762//1491 734//1491 695//1491
f 763//1492 754//1492 755//1492
f 763//1493 758//1493 754//1493
f 764//1494 765//1494 755//1494
f 763//1495 755//1495 765//1495
f 766//1496 764//1496 755//1496
f 756//1497 766//1497 755//1497
f 767//1498 768//1498 765//1498
f 769//1499 765//1499 768//1499
f 764//1500 767//1500 765//1500
f 770//1501 765//1501 769//1501
f 763//1502 765//1502 770//1502
f 771//1503 772//1503 768//1503
f 773//1504 768//1504 772//1504
f 767//1505 771//1505 768//1505
f 774//1506 768//1506 773//1506
f 769//1507 768//1507 774//1507
f 775//1508 776//1508 772//1508
f 773//1509 772//1509 776//1509
f 771//1510 775//1510 772//1510
f 762//1511 761//1511 776//1511
f 773//1512 776//1512 761//1512
f 775//1513 762//1513 776//1513
f 773//1514 761//1514 760//1514
f 774//1515 760//1515 759//1515
f 774//1516 773//1516 760//1516
f 770//1517 759//1517 758//1517
f 769//1518 774//1518 759//1518
f 770//1519 769//1519 759//1519
f 763//1520 770//1520 758//1520
f 777//1521 751//1521 750//1521
f 778//1522 752//1522 751//1522
f 777//1523 778//1523 751//1523
f 779//1524 750//1524 748//1524
f 779//1525 777//1525 750//1525
f 747//1526 780//1526 748//1526
f 781//1527 748//1527 780//1527
f 782//1528 748//1528 781//1528
f 782//1529 779//1529 748//1529
f 783//1530 780//1530 747//1530
f 781//1531 780//1531 783//1531
f 746//1532 784//1532 747//1532
f 783//1533 747//1533 784//1533
f 785//1534 784//1534 746//1534
f 783//1535 784//1535 785//1535
f 786//1536 746//1536 745//1536
f 787//1537 746//1537 786//1537
f 787//1538 785//1538 746//1538
f 788//1539 745//1539 744//1539
f 786//1540 745//1540 788//1540
f 789//1541 744//1541 743//1541
f 788//1542 744//1542 789//1542
f 789//1543 743//1543 790//1543
f 791//1544 743//1544 742//1544
f 790//1545 743//1545 791//1545
f 792//1546 742//1546 741//1546
f 791//1547 742//1547 792//1547
f 793//1548 741//1548 740//1548
f 794//1549 741//1549 793//1549
f 794//1550 792//1550 741//1550
f 793//1551 740//1551 738//1551
f 795//1552 738//1552 739//1552
f 793//1553 738//1553 795//1553
f 796//1554 739//1554 733//1554
f 795//1555 739//1555 796//1555
f 797//1556 733//1556 735//1556
f 798//1557 733//1557 797//1557
f 798//1558 796//1558 733//1558
f 799//1559 735//1559 736//1559
f 797//1560 735//1560 799//1560
f 799//1561 736//1561 800//1561
f 801//1562 736//1562 737//1562
f 800//1563 736//1563 801//1563
f 802//1564 737//1564 734//1564
f 801//1565 737//1565 802//1565
f 803//1566 734//1566 762//1566
f 803//1567 802//1567 734//1567
f 804//1568 805//1568 762//1568
f 806//1569 762//1569 805//1569
f 775//1570 804//1570 762//1570
f 806//1571 803//1571 762//1571
f 806//1572 805//1572 804//1572
f 807//1573 806//1573 804//1573
f 808//1574 804//1574 775//1574
f 807//1575 804//1575 808//1575
f 809//1576 775//1576 771//1576
f 810//1577 808//1577 775//1577
f 810//1578 775//1578 809//1578
f 811//1579 771//1579 767//1579
f 811//1580 809//1580 771//1580
f 812//1581 811//1581 767//1581
f 813//1582 767//1582 764//1582
f 813//1583 812//1583 767//1583
f 814//1584 764//1584 766//1584
f 814//1585 813//1585 764//1585
f 815//1586 766//1586 756//1586
f 815//1587 814//1587 766//1587
f 816//1588 815//1588 756//1588
f 816//1589 756//1589 817//1589
f 818//1590 756//1590 757//1590
f 818//1591 817//1591 756//1591
f 819//1592 757//1592 753//1592
f 819//1593 818//1593 757//1593
f 820//1594 753//1594 749//1594
f 820//1595 819//1595 753//1595
f 821//1596 749//1596 752//1596
f 821//1597 820//1597 749//1597
f 822//1598 821//1598 752//1598
f 778//1599 822//1599 752//1599
f 823//1600 802//1600 803//1600
f 824//1601 801//1601 802//1601
f 824//1602 802//1602 823//1602
f 825//1603 803//1603 806//1603
f 826//1604 823//1604 803//1604
f 825//1605 826//1605 803//1605
f 827//1606 800//1606 801//1606
f 827//1607 801//1607 824//1607
f 828//1608 799//1608 800//1608
f 828//1609 800//1609 827//1609
f 829//1610 797//1610 799//1610
f 829//1611 799//1611 828//1611
f 829//1612 796//1612 797//1612
f 798//1613 797//1613 796//1613
f 793//1614 795//1614 796//1614
f 830//1615 793//1615 796//1615
f 830//1616 796//1616 829//1616
f 825//1617 806//1617 807//1617
f 831//1618 792//1618 793//1618
f 794//1619 793//1619 792//1619
f 831//1620 793//1620 830//1620
f 832//1621 807//1621 808//1621
f 832//1622 808//1622 810//1622
f 833//1623 809//1623 811//1623
f 833//1624 810//1624 809//1624
f 834//1625 825//1625 807//1625
f 835//1626 807//1626 832//1626
f 836//1627 834//1627 807//1627
f 835//1628 836//1628 807//1628
f 831//1629 791//1629 792//1629
f 837//1630 811//1630 812//1630
f 837//1631 833//1631 811//1631
f 838//1632 790//1632 791//1632
f 838//1633 791//1633 831//1633
f 839//1634 812//1634 813//1634
f 839//1635 837//1635 812//1635
f 840//1636 789//1636 790//1636
f 840//1637 790//1637 838//1637
f 841//1638 813//1638 814//1638
f 841//1639 839//1639 813//1639
f 842//1640 788//1640 789//1640
f 842//1641 789//1641 840//1641
f 841//1642 814//1642 815//1642
f 843//1643 786//1643 788//1643
f 843//1644 788//1644 842//1644
f 844//1645 815//1645 817//1645
f 816//1646 817//1646 815//1646
f 844//1647 841//1647 815//1647
f 787//1648 786//1648 843//1648
f 844//1649 817//1649 818//1649
f 845//1650 818//1650 819//1650
f 846//1651 844//1651 818//1651
f 847//1652 846//1652 818//1652
f 848//1653 818//1653 845//1653
f 847//1654 818//1654 848//1654
f 845//1655 819//1655 820//1655
f 849//1656 783//1656 785//1656
f 850//1657 785//1657 787//1657
f 849//1658 785//1658 850//1658
f 851//1659 820//1659 821//1659
f 851//1660 845//1660 820//1660
f 849//1661 781//1661 783//1661
f 852//1662 781//1662 849//1662
f 852//1663 782//1663 781//1663
f 851//1664 821//1664 822//1664
f 853//1665 822//1665 778//1665
f 853//1666 851//1666 822//1666
f 854//1667 778//1667 777//1667
f 854//1668 853//1668 778//1668
f 855//1669 777//1669 779//1669
f 854//1670 777//1670 855//1670
f 855//1671 779//1671 782//1671
f 856//1672 824//1672 823//1672
f 857//1673 823//1673 826//1673
f 858//1674 856//1674 823//1674
f 857//1675 858//1675 823//1675
f 859//1676 827//1676 824//1676
f 859//1677 824//1677 856//1677
f 860//1678 828//1678 827//1678
f 860//1679 827//1679 859//1679
f 861//1680 829//1680 828//1680
f 862//1681 861//1681 828//1681
f 863//1682 862//1682 828//1682
f 863//1683 828//1683 860//1683
f 830//1684 829//1684 861//1684
f 857//1685 826//1685 825//1685
f 834//1686 857//1686 825//1686
f 864//1687 861//1687 862//1687
f 865//1688 830//1688 861//1688
f 865//1689 861//1689 864//1689
f 864//1690 862//1690 863//1690
f 866//1691 831//1691 830//1691
f 867//1692 866//1692 830//1692
f 867//1693 830//1693 865//1693
f 838//1694 831//1694 866//1694
f 868//1695 810//1695 833//1695
f 868//1696 832//1696 810//1696
f 869//1697 868//1697 833//1697
f 870//1698 833//1698 837//1698
f 871//1699 869//1699 833//1699
f 870//1700 871//1700 833//1700
f 869//1701 832//1701 868//1701
f 869//1702 835//1702 832//1702
f 872//1703 838//1703 866//1703
f 873//1704 872//1704 866//1704
f 873//1705 866//1705 867//1705
f 874//1706 838//1706 872//1706
f 875//1707 840//1707 838//1707
f 875//1708 838//1708 874//1708
f 874//1709 872//1709 873//1709
f 876//1710 837//1710 839//1710
f 876//1711 870//1711 837//1711
f 877//1712 842//1712 840//1712
f 877//1713 840//1713 875//1713
f 878//1714 839//1714 841//1714
f 878//1715 876//1715 839//1715
f 879//1716 843//1716 842//1716
f 879//1717 842//1717 877//1717
f 846//1718 841//1718 844//1718
f 880//1719 841//1719 846//1719
f 881//1720 841//1720 880//1720
f 878//1721 841//1721 881//1721
f 787//1722 843//1722 882//1722
f 879//1723 882//1723 843//1723
f 883//1724 880//1724 846//1724
f 847//1725 883//1725 846//1725
f 883//1726 881//1726 880//1726
f 850//1727 787//1727 882//1727
f 884//1728 850//1728 882//1728
f 885//1729 882//1729 879//1729
f 884//1730 882//1730 885//1730
f 886//1731 849//1731 850//1731
f 886//1732 850//1732 884//1732
f 887//1733 845//1733 851//1733
f 888//1734 845//1734 887//1734
f 888//1735 848//1735 845//1735
f 886//1736 852//1736 849//1736
f 889//1737 887//1737 851//1737
f 890//1738 851//1738 853//1738
f 889//1739 851//1739 890//1739
f 889//1740 888//1740 887//1740
f 855//1741 782//1741 891//1741
f 852//1742 891//1742 782//1742
f 892//1743 855//1743 891//1743
f 893//1744 891//1744 852//1744
f 894//1745 891//1745 893//1745
f 892//1746 891//1746 894//1746
f 892//1747 854//1747 855//1747
f 886//1748 893//1748 852//1748
f 895//1749 853//1749 854//1749
f 895//1750 890//1750 853//1750
f 892//1751 895//1751 854//1751
f 896//1752 856//1752 858//1752
f 859//1753 856//1753 896//1753
f 897//1754 896//1754 858//1754
f 857//1755 897//1755 858//1755
f 898//1756 860//1756 859//1756
f 899//1757 863//1757 860//1757
f 899//1758 860//1758 898//1758
f 864//1759 863//1759 899//1759
f 900//1760 834//1760 836//1760
f 900//1761 857//1761 834//1761
f 901//1762 836//1762 835//1762
f 902//1763 900//1763 836//1763
f 901//1764 902//1764 836//1764
f 869//1765 901//1765 835//1765
f 903//1766 865//1766 864//1766
f 904//1767 865//1767 903//1767
f 904//1768 867//1768 865//1768
f 905//1769 903//1769 864//1769
f 906//1770 904//1770 903//1770
f 906//1771 903//1771 905//1771
f 873//1772 867//1772 904//1772
f 907//1773 874//1773 873//1773
f 908//1774 871//1774 870//1774
f 909//1775 869//1775 871//1775
f 908//1776 909//1776 871//1776
f 876//1777 908//1777 870//1777
f 910//1778 875//1778 874//1778
f 910//1779 874//1779 907//1779
f 910//1780 877//1780 875//1780
f 911//1781 876//1781 878//1781
f 912//1782 879//1782 877//1782
f 913//1783 878//1783 881//1783
f 883//1784 913//1784 881//1784
f 911//1785 878//1785 913//1785
f 912//1786 885//1786 879//1786
f 914//1787 883//1787 847//1787
f 915//1788 886//1788 884//1788
f 916//1789 847//1789 848//1789
f 888//1790 916//1790 848//1790
f 914//1791 847//1791 916//1791
f 917//1792 888//1792 889//1792
f 915//1793 893//1793 886//1793
f 918//1794 892//1794 894//1794
f 919//1795 889//1795 890//1795
f 895//1796 919//1796 890//1796
f 917//1797 889//1797 919//1797
f 918//1798 895//1798 892//1798
f 920//1799 896//1799 897//1799
f 921//1800 859//1800 896//1800
f 921//1801 896//1801 920//1801
f 922//1802 897//1802 857//1802
f 923//1803 920//1803 897//1803
f 922//1804 923//1804 897//1804
f 922//1805 857//1805 900//1805
f 921//1806 898//1806 859//1806
f 924//1807 899//1807 898//1807
f 924//1808 898//1808 921//1808
f 925//1809 864//1809 899//1809
f 925//1810 899//1810 924//1810
f 926//1811 900//1811 902//1811
f 926//1812 922//1812 900//1812
f 927//1813 902//1813 901//1813
f 928//1814 926//1814 902//1814
f 927//1815 928//1815 902//1815
f 929//1816 901//1816 869//1816
f 929//1817 927//1817 901//1817
f 905//1818 864//1818 925//1818
f 930//1819 873//1819 904//1819
f 930//1820 904//1820 906//1820
f 929//1821 869//1821 909//1821
f 931//1822 907//1822 873//1822
f 931//1823 873//1823 930//1823
f 932//1824 909//1824 908//1824
f 933//1825 929//1825 909//1825
f 932//1826 933//1826 909//1826
f 934//1827 908//1827 876//1827
f 934//1828 932//1828 908//1828
f 935//1829 910//1829 907//1829
f 935//1830 907//1830 931//1830
f 935//1831 877//1831 910//1831
f 934//1832 876//1832 911//1832
f 936//1833 912//1833 877//1833
f 936//1834 877//1834 935//1834
f 937//1835 911//1835 913//1835
f 938//1836 913//1836 883//1836
f 938//1837 937//1837 913//1837
f 934//1838 911//1838 937//1838
f 936//1839 885//1839 912//1839
f 939//1840 884//1840 885//1840
f 940//1841 885//1841 936//1841
f 939//1842 885//1842 940//1842
f 941//1843 883//1843 914//1843
f 941//1844 938//1844 883//1844
f 942//1845 915//1845 884//1845
f 942//1846 884//1846 939//1846
f 943//1847 914//1847 916//1847
f 944//1848 916//1848 888//1848
f 944//1849 943//1849 916//1849
f 941//1850 914//1850 943//1850
f 945//1851 888//1851 917//1851
f 945//1852 944//1852 888//1852
f 946//1853 894//1853 893//1853
f 942//1854 893//1854 915//1854
f 942//1855 946//1855 893//1855
f 947//1856 918//1856 894//1856
f 948//1857 894//1857 946//1857
f 947//1858 894//1858 948//1858
f 949//1859 917//1859 919//1859
f 949//1860 919//1860 895//1860
f 945//1861 917//1861 949//1861
f 947//1862 895//1862 918//1862
f 947//1863 949//1863 895//1863
f 950//1864 920//1864 923//1864
f 951//1865 921//1865 920//1865
f 952//1866 951//1866 920//1866
f 950//1867 952//1867 920//1867
f 953//1868 923//1868 922//1868
f 953//1869 950//1869 923//1869
f 953//1870 922//1870 926//1870
f 951//1871 954//1871 921//1871
f 925//1872 924//1872 921//1872
f 955//1873 925//1873 921//1873
f 954//1874 955//1874 921//1874
f 953//1875 926//1875 928//1875
f 956//1876 928//1876 927//1876
f 957//1877 953//1877 928//1877
f 958//1878 957//1878 928//1878
f 956//1879 958//1879 928//1879
f 956//1880 927//1880 929//1880
f 959//1881 905//1881 925//1881
f 955//1882 959//1882 925//1882
f 960//1883 906//1883 905//1883
f 959//1884 960//1884 905//1884
f 931//1885 930//1885 906//1885
f 961//1886 931//1886 906//1886
f 960//1887 961//1887 906//1887
f 956//1888 929//1888 933//1888
f 962//1889 933//1889 932//1889
f 956//1890 933//1890 962//1890
f 962//1891 932//1891 934//1891
f 963//1892 935//1892 931//1892
f 961//1893 963//1893 931//1893
f 963//1894 936//1894 935//1894
f 938//1895 934//1895 937//1895
f 964//1896 934//1896 938//1896
f 964//1897 962//1897 934//1897
f 965//1898 940//1898 936//1898
f 965//1899 936//1899 963//1899
f 965//1900 939//1900 940//1900
f 966//1901 938//1901 941//1901
f 966//1902 964//1902 938//1902
f 965//1903 942//1903 939//1903
f 967//1904 941//1904 943//1904
f 945//1905 943//1905 944//1905
f 968//1906 943//1906 945//1906
f 968//1907 967//1907 943//1907
f 967//1908 966//1908 941//1908
f 969//1909 948//1909 946//1909
f 969//1910 946//1910 942//1910
f 969//1911 947//1911 948//1911
f 970//1912 969//1912 942//1912
f 971//1913 970//1913 942//1913
f 965//1914 971//1914 942//1914
f 972//1915 945//1915 949//1915
f 973//1916 972//1916 949//1916
f 972//1917 968//1917 945//1917
f 974//1918 949//1918 947//1918
f 975//1919 973//1919 949//1919
f 974//1920 975//1920 949//1920
f 969//1921 974//1921 947//1921
f 976//1922 950//1922 953//1922
f 977//1923 976//1923 953//1923
f 957//1924 977//1924 953//1924
f 978//1925 957//1925 958//1925
f 979//1926 978//1926 958//1926
f 956//1927 980//1927 958//1927
f 979//1928 958//1928 980//1928
f 956//1929 981//1929 980//1929
f 962//1930 982//1930 981//1930
f 983//1931 981//1931 982//1931
f 956//1932 962//1932 981//1932
f 983//1933 980//1933 981//1933
f 984//1934 985//1934 982//1934
f 986//1935 982//1935 985//1935
f 962//1936 984//1936 982//1936
f 986//1937 983//1937 982//1937
f 984//1938 987//1938 985//1938
f 988//1939 985//1939 987//1939
f 988//1940 986//1940 985//1940
f 989//1941 987//1941 984//1941
f 989//1942 988//1942 987//1942
f 990//1943 984//1943 962//1943
f 990//1944 989//1944 984//1944
f 964//1945 990//1945 962//1945
f 991//1946 974//1946 969//1946
f 992//1947 991//1947 969//1947
f 992//1948 969//1948 970//1948
f 993//1949 970//1949 971//1949
f 965//1950 994//1950 971//1950
f 995//1951 971//1951 994//1951
f 993//1952 971//1952 995//1952
f 996//1953 997//1953 994//1953
f 998//1954 994//1954 997//1954
f 963//1955 996//1955 994//1955
f 965//1956 963//1956 994//1956
f 995//1957 994//1957 998//1957
f 999//1958 1000//1958 997//1958
f 1001//1959 997//1959 1000//1959
f 996//1960 999//1960 997//1960
f 998//1961 997//1961 1001//1961
f 1002//1962 1000//1962 999//1962
f 1001//1963 1000//1963 1002//1963
f 1003//1964 999//1964 996//1964
f 1002//1965 999//1965 1003//1965
f 1004//1966 996//1966 963//1966
f 1003//1967 996//1967 1004//1967
f 1005//1968 963//1968 961//1968
f 1004//1969 963//1969 1005//1969
f 1006//1970 950//1970 976//1970
f 977//1971 957//1971 978//1971
f 1007//1972 952//1972 950//1972
f 1007//1973 950//1973 1006//1973
f 1007//1974 951//1974 952//1974
f 1008//1975 954//1975 951//1975
f 1008//1976 951//1976 1007//1976
f 1009//1977 955//1977 954//1977
f 1009//1978 954//1978 1008//1978
f 1009//1979 959//1979 955//1979
f 1009//1980 1010//1980 959//1980
f 1010//1981 960//1981 959//1981
f 1011//1982 961//1982 960//1982
f 1010//1983 1011//1983 960//1983
f 1011//1984 1005//1984 961//1984
f 1012//1985 964//1985 966//1985
f 990//1986 964//1986 1012//1986
f 1012//1987 966//1987 967//1987
f 1013//1988 1012//1988 967//1988
f 993//1989 992//1989 970//1989
f 1013//1990 967//1990 968//1990
f 1014//1991 968//1991 972//1991
f 1014//1992 1013//1992 968//1992
f 1015//1993 972//1993 973//1993
f 1015//1994 1014//1994 972//1994
f 1015//1995 973//1995 975//1995
f 1016//1996 975//1996 974//1996
f 1016//1997 1015//1997 975//1997
f 991//1998 1016//1998 974//1998
f 976//1999 977//1999 1017//1999
f 1018//2000 1017//2000 977//2000
f 1006//2001 976//2001 1017//2001
f 1019//2002 1006//2002 1017//2002
f 1020//2003 1019//2003 1017//2003
f 1018//2004 1020//2004 1017//2004
f 1018//2005 977//2005 978//2005
f 1019//2006 1007//2006 1006//2006
f 1008//2007 1007//2007 1019//2007
f 1020//2008 1008//2008 1019//2008
f 1009//2009 1008//2009 1020//2009
f 1010//2010 1009//2010 1020//2010
f 1021//2011 1010//2011 1020//2011
f 1021//2012 1020//2012 1018//2012
f 1011//2013 1010//2013 1021//2013
f 1022//2014 978//2014 979//2014
f 1022//2015 1018//2015 978//2015
f 1022//2016 979//2016 1023//2016
f 1022//2017 1021//2017 1018//2017
f 1022//2018 1024//2018 1021//2018
f 1011//2019 1021//2019 1024//2019
f 1025//2020 1026//2020 1024//2020
f 1004//2021 1024//2021 1026//2021
f 1023//2022 1025//2022 1024//2022
f 1022//2023 1023//2023 1024//2023
f 1005//2024 1011//2024 1024//2024
f 1004//2025 1005//2025 1024//2025
f 1025//2026 1027//2026 1026//2026
f 1003//2027 1026//2027 1027//2027
f 1003//2028 1004//2028 1026//2028
f 1002//2029 1003//2029 1027//2029
f 1025//2030 1028//2030 1027//2030
f 1001//2031 1002//2031 1027//2031
f 1029//2032 1030//2032 1027//2032
f 998//2033 1027//2033 1030//2033
f 1028//2034 1029//2034 1027//2034
f 998//2035 1001//2035 1027//2035
f 1029//2036 1031//2036 1030//2036
f 995//2037 1030//2037 1031//2037
f 995//2038 998//2038 1030//2038
f 1032//2039 993//2039 1031//2039
f 995//2040 1031//2040 993//2040
f 1033//2041 1032//2041 1031//2041
f 1029//2042 1033//2042 1031//2042
f 992//2043 993//2043 1032//2043
f 1034//2044 1035//2044 1032//2044
f 992//2045 1032//2045 1035//2045
f 1033//2046 1034//2046 1032//2046
f 1016//2047 991//2047 1035//2047
f 1036//2048 1016//2048 1035//2048
f 1034//2049 1036//2049 1035//2049
f 992//2050 1035//2050 991//2050
f 1015//2051 1016//2051 1036//2051
f 1014//2052 1036//2052 1034//2052
f 1015//2053 1036//2053 1014//2053
f 1012//2054 1034//2054 1033//2054
f 1013//2055 1034//2055 1012//2055
f 1014//2056 1034//2056 1013//2056
f 1012//2057 1033//2057 1029//2057
f 989//2058 1029//2058 1028//2058
f 990//2059 1029//2059 989//2059
f 1012//2060 1029//2060 990//2060
f 988//2061 1028//2061 1025//2061
f 989//2062 1028//2062 988//2062
f 988//2063 1025//2063 986//2063
f 986//2064 1025//2064 983//2064
f 980//2065 1025//2065 1023//2065
f 983//2066 1025//2066 980//2066
f 980//2067 1023//2067 979//2067
