# Blender v2.82 (sub 7) OBJ File: ''
# www.blender.org
mtllib sim_sea_2-5_l_sole_prt.mtl
o sim_sea_2-5_l_sole_prt.001
v 29.263432 -658.836426 28.195095
v 29.717846 -661.672607 28.283714
v 27.741440 -661.614624 39.917847
v 120.291077 -661.768433 37.298557
v 28.610172 -658.827759 31.864178
v 27.845713 -658.796753 36.131432
v 27.077971 -658.780273 40.702797
v 27.315014 -661.687134 43.345703
v 118.983932 -661.734497 42.645950
v 30.106943 -658.801636 24.795256
v 120.973534 -661.678711 33.084850
v 121.387207 -661.666382 27.773102
v 30.667397 -661.595520 24.939257
v 28.106264 -655.114746 31.805676
v 28.707821 -654.361816 28.293573
v 27.517748 -655.459167 35.203812
v 26.490854 -654.538574 41.103222
v 27.284094 -654.631287 36.042606
v 116.072144 -661.790833 50.222027
v 26.766127 -661.694519 50.901558
v 117.882080 -661.714539 45.646442
v 114.767120 -661.774109 52.990101
v 26.532505 -661.739319 54.349010
v 26.054298 -658.853088 54.177944
v 112.060707 -661.787415 57.402676
v 26.776760 -661.823730 58.118927
v 26.340393 -658.807617 58.131786
v 110.343735 -661.780945 60.130436
v 27.208164 -661.882874 61.277157
v 26.902388 -658.974060 61.432457
v 109.163727 -661.760071 61.577152
v 28.164984 -661.969543 64.807014
v 27.711802 -659.030151 64.434250
v 105.676842 -661.725769 65.576790
v 28.453321 -661.967896 65.768143
v 28.153419 -658.986023 65.751999
v 103.819084 -661.710449 67.705505
v 29.895597 -661.965942 68.726089
v 29.466116 -658.927307 68.800110
v 101.934349 -661.671936 69.274124
v 31.430790 -661.955811 71.640099
v 31.265512 -658.977722 71.985657
v 97.882469 -661.590637 72.642838
v 32.477287 -661.902954 72.877686
v 96.420815 -661.533386 73.805618
v 34.364456 -661.801514 75.103256
v 33.909584 -658.963623 75.366920
v 93.702057 -661.430603 75.383377
v 35.907330 -661.684814 76.655647
v 35.540104 -658.945618 77.035255
v 89.289818 -661.242371 77.893105
v 37.804779 -661.510010 78.063744
v 37.396839 -658.790833 78.669830
v 86.600952 -661.093933 79.058777
v 40.025269 -661.261169 79.658401
v 39.855713 -658.838562 80.423363
v 82.094765 -660.840088 80.677246
v 41.454090 -661.107544 80.316170
v 44.314926 -660.804749 81.593483
v 43.722733 -658.709473 82.532898
v 75.720116 -660.419373 82.259872
v 47.676964 -660.464355 82.594398
v 47.069752 -658.556824 83.809868
v 79.196396 -660.600098 81.588654
v 71.827835 -660.182129 82.973686
v 51.208584 -660.132141 83.380753
v 51.111198 -658.461548 84.836800
v 68.258659 -660.031494 83.362854
v 57.224121 -659.916504 83.766006
v 56.207050 -658.330017 85.458595
v 61.171268 -659.887329 83.776405
v 68.632416 -658.339661 84.995178
v 61.173115 -658.322510 85.520927
v 72.483734 -658.490662 84.377571
v 76.049171 -658.562988 83.658089
v 79.684532 -658.682068 82.738136
v 86.732018 -658.786255 80.163719
v 93.328011 -658.976440 76.603302
v 98.190567 -658.902893 73.266113
v 102.246048 -658.870300 69.771545
v 104.187592 -658.530579 67.985283
v 106.157921 -658.944946 65.828590
v 109.665176 -659.011292 61.763325
v 113.955872 -658.959412 55.383091
v 112.547844 -658.820923 57.693695
v 116.687553 -658.964966 50.011650
v 119.305618 -658.973755 42.945290
v 120.268272 -658.875610 39.196533
v 121.022919 -658.867859 35.538567
v 121.630959 -658.810364 31.261683
v 121.583466 -661.674561 24.422592
v 32.844818 -661.578735 17.031775
v 121.326447 -661.643921 20.708416
v 122.005180 -658.824951 24.417999
v 120.951591 -661.652161 17.380280
v 121.667252 -658.829651 19.140785
v 33.977417 -661.499390 13.796761
v 120.234192 -661.660400 13.196669
v 37.556240 -661.514893 4.331500
v 118.628838 -661.540405 8.024863
v 120.676132 -658.822937 13.087706
v 119.794342 -658.697571 9.660172
v 40.038681 -661.645325 -2.999204
v 115.748009 -661.454956 -1.662355
v 114.816437 -661.551636 -7.313528
v 116.554611 -658.802246 -1.875492
v 41.981628 -661.565308 -9.032573
v 115.393990 -658.802856 -8.548630
v 42.604576 -661.611389 -12.712058
v 113.976257 -661.536194 -13.173059
v 43.228188 -661.631897 -16.388256
v 113.764725 -661.637573 -20.718872
v 114.820930 -658.868103 -13.239780
v 43.822937 -661.604309 -24.558401
v 113.912186 -661.619690 -24.833759
v 114.559250 -658.875977 -19.311911
v 43.772789 -661.609009 -20.772861
v 43.845352 -661.589722 -28.344994
v 114.220612 -661.607666 -28.588594
v 114.674042 -658.916382 -24.912556
v 43.663738 -661.539978 -32.455864
v 114.572563 -661.615845 -32.464931
v 38.567493 -661.901245 -52.118641
v 117.094360 -661.320740 -51.412357
v 115.280678 -658.898621 -32.370968
v 41.520405 -661.557068 -44.114170
v 42.481667 -661.489197 -40.133778
v 43.091640 -661.481384 -36.436863
v 117.529388 -661.402222 -54.950546
v 117.781403 -658.666504 -51.553673
v 116.233047 -658.767029 -39.697819
v 116.711411 -658.749146 -43.431702
v 117.194092 -658.668335 -47.102856
v 118.435989 -661.625549 -62.383099
v 35.442535 -661.572083 -62.967892
v 118.488960 -661.669434 -65.911407
v 118.929756 -658.856506 -62.348923
v 34.019970 -661.687317 -69.908447
v 118.458145 -661.788147 -73.493462
v 119.023399 -658.941833 -68.851883
v 34.699436 -661.607056 -66.575256
v 33.608673 -661.674377 -77.452751
v 118.094414 -661.813416 -77.000801
v 118.884430 -658.935791 -73.936569
v 34.051952 -661.916321 -84.206055
v 117.168060 -661.908997 -84.538841
v 33.814198 -661.777710 -80.925888
v 116.145981 -661.961731 -88.538010
v 35.089493 -661.978088 -87.688690
v 117.591057 -659.003540 -84.574692
v 35.904839 -661.991028 -90.268349
v 115.143333 -661.992798 -91.596809
v 116.564301 -658.989197 -88.489182
v 38.314922 -662.027954 -94.761597
v 113.552460 -661.966797 -94.545311
v 115.406227 -659.058594 -91.651405
v 112.747307 -661.950378 -96.034203
v 113.369644 -659.150208 -95.640465
v 39.259773 -661.983582 -96.200417
v 111.024063 -661.911987 -98.246307
v 107.841682 -661.795837 -101.667603
v 41.157803 -661.881165 -98.372932
v 111.212646 -659.201294 -98.682465
v 43.060432 -661.701965 -100.427834
v 46.462029 -661.478638 -102.975136
v 105.617996 -661.572083 -103.276543
v 109.092690 -659.104065 -101.090950
v 48.271873 -661.289001 -104.172363
v 104.120514 -661.370850 -104.305840
v 106.013786 -658.981750 -103.745316
v 52.716476 -660.891052 -106.165009
v 101.340057 -661.050476 -105.502586
v 104.238899 -658.935181 -104.964172
v 99.757988 -660.848450 -106.164833
v 101.219643 -658.746460 -106.625320
v 55.173519 -660.648865 -106.869080
v 97.322845 -660.591187 -106.890549
v 58.537346 -660.341553 -107.607491
v 93.967339 -660.267700 -107.628593
v 97.606842 -658.494263 -108.111420
v 61.714413 -660.160095 -107.955276
v 90.782013 -660.096558 -107.957245
v 93.252571 -658.523926 -109.194328
v 67.117683 -660.014587 -108.206863
v 87.280396 -659.968018 -108.193840
v 87.389229 -658.287476 -109.846893
v 65.649780 -658.277710 -109.750404
v 61.501270 -658.350647 -109.400993
v 58.187031 -658.541077 -108.835129
v 55.195976 -658.686768 -108.068275
v 51.460667 -658.773376 -106.709381
v 47.303501 -659.037720 -104.406418
v 42.764668 -658.936829 -100.800446
v 40.742905 -658.957520 -98.561035
v 38.598316 -655.651917 -96.529648
v 36.268223 -659.141418 -91.648277
v 37.912144 -659.168579 -94.712807
v 34.722790 -658.876465 -87.707268
v 33.854977 -659.028687 -84.307098
v 33.394455 -658.922607 -80.931061
v 33.182072 -658.874634 -77.389885
v 33.617737 -658.866516 -69.824722
v 34.884548 -658.833496 -63.089912
v 35.840275 -658.847351 -59.276997
v 39.437885 -659.127136 -47.936653
v 40.898067 -658.742310 -43.427059
v 42.308384 -658.717834 -36.455219
v 42.839851 -658.657776 -32.255318
v 43.188652 -659.094238 -25.279276
v 43.019714 -658.923401 -20.811607
v 42.573277 -658.695435 -16.866272
v 41.582256 -658.760010 -11.072578
v 40.142750 -658.926819 -5.426690
v 38.669769 -658.913818 -0.852104
v 35.850426 -658.811584 6.993754
v 33.416992 -658.791199 13.606493
v 32.081120 -658.828491 17.665373
v 25.514078 -654.607178 54.187885
v 25.790880 -654.501160 58.100956
v 26.355326 -654.646545 61.429146
v 27.203186 -654.493042 64.606674
v 27.723492 -655.301575 65.873940
v 28.906166 -654.474548 68.921982
v 26.777847 -647.728027 40.041790
v 26.663239 -647.746399 61.407169
v 27.524078 -647.778870 64.508453
v 29.007351 -647.782532 68.413002
v 28.661345 -651.711182 28.158031
v 27.486073 -647.296021 36.061638
v 28.747660 -647.667480 28.403591
v 29.524693 -654.624634 24.699383
v 26.555700 -647.827454 41.940502
v 25.777866 -647.676819 54.141743
v 26.126226 -647.424500 58.184486
v 27.120501 -646.184570 61.186790
v 30.554197 -654.405090 71.924675
v 30.633484 -647.950317 71.297981
v 29.731697 -647.719299 24.094532
v 29.910547 -644.112366 25.558455
v 27.134167 -646.095886 39.580452
v 26.899775 -644.512329 47.061008
v 26.749535 -644.487854 50.722870
v 26.272762 -645.930420 54.266399
v 29.196630 -646.605835 68.051270
v 31.165098 -646.331848 71.114456
v 28.216690 -643.775696 35.151329
v 29.822855 -638.432922 32.443645
v 29.725483 -637.775146 35.427433
v 30.369064 -638.505310 28.993763
v 27.763826 -643.686279 39.150291
v 28.463545 -640.853271 39.331596
v 28.128347 -641.073059 43.068249
v 28.165218 -640.315186 47.107372
v 28.113764 -640.683838 50.631031
v 27.997116 -641.578430 53.897293
v 28.682364 -641.517090 57.868526
v 29.052450 -642.077942 60.742748
v 28.639137 -644.204163 63.291702
v 31.395948 -643.017944 67.629570
v 30.682182 -641.549133 64.039253
v 34.613029 -641.967529 71.197380
v 29.626242 -636.673340 43.051842
v 30.836813 -633.673462 38.290844
v 30.941280 -633.573486 43.142166
v 29.622061 -636.858459 46.855202
v 31.076996 -633.970398 46.469727
v 29.860134 -637.161499 50.359310
v 31.043308 -635.929260 53.070839
v 31.383579 -637.396301 57.831425
v 31.829586 -638.265320 60.698551
v 31.825897 -655.235229 16.712263
v 31.424658 -654.766113 17.840467
v 31.651011 -655.177185 73.331757
v 33.364567 -654.630737 75.636864
v 32.800220 -654.578857 13.474624
v 32.263523 -647.378601 73.387100
v 32.509331 -647.858826 14.641539
v 31.619406 -646.274414 17.999649
v 30.720886 -646.114990 21.118050
v 35.241940 -654.618469 6.822956
v 37.060905 -647.927185 1.825116
v 34.402283 -644.081055 10.138232
v 33.249077 -643.862854 13.696385
v 34.981544 -647.763916 76.743309
v 33.941208 -646.428894 74.856018
v 35.118176 -655.461060 77.340424
v 36.903748 -654.767639 79.108055
v 34.960640 -654.544739 77.251900
v 32.267506 -643.935181 16.806833
v 32.650959 -640.435730 17.014725
v 31.514174 -640.360046 21.460663
v 30.997086 -638.395020 25.400698
v 36.469608 -643.482605 74.890182
v 37.906853 -646.713623 78.786064
v 39.398693 -643.880493 77.773254
v 32.187431 -636.474731 21.016306
v 33.189899 -636.524902 16.620670
v 33.268982 -640.849182 48.228493
v 33.285805 -640.442139 50.000687
v 32.869896 -642.088806 48.061344
v 32.821274 -642.079102 49.097424
v 35.070560 -640.277527 46.988010
v 35.206337 -643.539490 50.572533
v 35.056583 -642.923340 48.258526
v 33.661152 -639.546448 50.785683
v 33.309830 -640.696106 67.531052
v 33.691914 -638.326172 64.379692
v 36.393284 -638.383240 68.253326
v 31.771231 -632.934998 28.146479
v 33.371613 -632.686462 18.130920
v 31.266878 -633.307861 32.002396
v 32.067802 -633.364685 50.274323
v 33.636551 -634.310547 56.974583
v 34.698700 -635.300537 60.837212
v 36.837372 -635.480286 64.218079
v 33.234619 -629.152466 24.202929
v 33.244556 -628.276428 27.145407
v 32.250568 -630.562378 31.621189
v 32.725697 -629.405457 39.385117
v 32.474648 -630.495239 42.482914
v 32.470364 -631.899353 47.525894
v 33.984524 -630.715027 49.801407
v 34.718655 -632.007812 54.579224
v 37.131775 -632.656738 59.884956
v 37.214535 -630.976440 56.987198
v 32.811989 -629.175781 35.613728
v 34.216000 -626.010864 31.924036
v 34.341633 -626.109009 35.648300
v 35.664246 -623.876465 34.893009
v 35.946907 -622.739563 31.856691
v 34.329010 -626.713318 38.881008
v 36.457180 -623.701538 38.160088
v 34.975250 -626.697815 42.038754
v 35.095669 -627.990295 46.212811
v 35.668484 -629.554993 51.385437
v 37.225201 -627.208130 49.477859
v 34.263493 -654.614502 -87.787437
v 33.402531 -654.732849 -84.433388
v 35.973057 -654.688843 -92.079727
v 32.876987 -654.676636 -80.877441
v 32.688225 -654.858704 -77.258598
v 33.119381 -654.776489 -69.928490
v 34.354023 -654.640808 -62.995033
v 35.240036 -654.595825 -59.529446
v 35.611279 -655.137024 -58.445244
v 36.643028 -654.713257 -54.969620
v 38.763355 -654.766418 -48.220348
v 35.718933 -655.106079 5.619878
v 34.462357 -647.854004 -88.016434
v 33.632858 -647.781555 -84.967087
v 37.488804 -654.631470 -94.870132
v 32.993824 -647.819702 -80.740906
v 32.793442 -647.860107 -77.190865
v 33.276737 -647.843811 -69.819908
v 35.481144 -647.257019 -59.420357
v 36.574100 -647.597351 -55.740406
v 36.919102 -654.734558 2.210018
v 36.427353 -647.336182 -92.646545
v 38.933132 -654.513184 -97.176682
v 39.009003 -647.718018 -96.988693
v 37.732746 -646.101074 -94.568192
v 34.560814 -646.127747 -87.505424
v 40.243671 -654.849915 -98.853851
v 42.274681 -647.791199 -100.942986
v 40.797428 -644.088806 -98.318054
v 34.491272 -647.741028 -63.065887
v 34.793652 -646.078979 -62.732708
v 37.926273 -647.656067 -51.504402
v 38.083820 -645.972351 -51.677349
v 37.303795 -643.941101 -55.225845
v 37.151157 -643.598633 2.287447
v 35.641579 -645.297974 6.349524
v 38.094746 -654.779114 -1.122452
v 39.136299 -647.709473 -4.485503
v 38.766712 -648.010071 80.023888
v 40.140396 -654.538757 81.567902
v 39.162262 -655.179688 80.778564
v 33.645855 -644.270935 -80.656715
v 33.411690 -644.207092 -77.166901
v 33.939491 -644.151550 -69.843758
v 34.062279 -646.112305 -66.345268
v 35.438511 -643.819092 -88.552925
v 36.659359 -644.028076 -91.630966
v 37.360542 -640.403137 -91.319572
v 36.084980 -640.503235 -88.117348
v 39.187386 -643.814453 -96.037720
v 39.545059 -640.416870 -95.329842
v 35.021244 -640.658142 -84.276993
v 34.467926 -640.564941 -80.785454
v 34.971249 -640.742310 -66.806671
v 36.021553 -640.284180 -62.273373
v 36.312820 -643.768860 -58.599247
v 35.443748 -643.631287 -61.955784
v 37.387123 -637.801941 -58.772766
v 38.728683 -640.042847 -52.687172
v 36.107849 -643.295532 5.390819
v 36.207184 -640.085205 5.688989
v 34.649834 -640.228210 10.282781
v 37.327106 -639.895996 2.281449
v 38.073521 -646.309570 -1.041741
v 38.787292 -643.763123 50.507343
v 35.134453 -639.165222 54.841209
v 35.743500 -643.871216 54.062710
v 38.632229 -640.075317 47.102600
v 37.852180 -641.975952 47.835583
v 43.173271 -644.471863 80.573380
v 36.008629 -636.766602 -84.288605
v 35.782360 -635.328125 -80.708054
v 36.802658 -637.059082 -87.585968
v 35.464092 -635.660950 -76.994949
v 35.324787 -636.405518 -73.060760
v 36.604237 -634.250793 -65.640274
v 37.971825 -633.327271 -59.946186
v 35.415150 -635.721008 8.652785
v 35.662132 -639.895325 19.811222
v 34.733318 -639.799438 24.452852
v 36.170750 -642.571594 21.740538
v 35.621410 -642.457458 24.632290
v 39.041050 -644.720093 24.385109
v 38.460823 -645.168701 20.348482
v 34.261456 -636.468994 26.502102
v 34.265869 -639.573792 28.227242
v 35.367050 -636.686340 20.310328
v 36.521374 -643.527039 28.581467
v 39.293724 -644.478455 28.166111
v 34.102924 -639.515320 31.846216
v 36.352047 -643.691345 32.143261
v 34.377399 -639.539551 34.947922
v 34.866837 -636.741150 35.282581
v 34.219849 -636.296997 31.917810
v 36.137756 -643.792664 35.669930
v 36.452011 -640.207153 38.764568
v 36.605694 -638.483521 38.703785
v 36.524662 -643.002319 37.443111
v 38.378334 -642.376160 37.972332
v 46.060146 -645.206421 20.367935
v 39.156197 -644.132996 35.725979
v 39.101357 -640.316528 38.885956
v 38.865967 -637.268616 38.497635
v 34.876343 -637.657227 50.700459
v 35.103329 -637.936218 48.825920
v 38.804562 -637.165039 47.845200
v 35.876625 -637.296204 54.160400
v 36.081406 -639.748596 57.732414
v 37.705158 -638.177979 59.091778
v 37.321453 -635.558228 55.216187
v 36.351738 -641.715881 55.523418
v 36.090302 -644.091309 57.636921
v 50.270668 -644.759216 50.267929
v 42.603172 -643.977844 50.543140
v 46.412083 -644.372986 50.317139
v 37.093128 -640.597229 60.546074
v 38.717865 -639.466980 61.998463
v 36.053768 -644.260010 61.098579
v 57.657169 -644.960571 46.668732
v 39.234585 -644.492249 61.608643
v 39.816433 -639.976074 73.660011
v 37.981064 -629.205017 -84.085915
v 38.106594 -636.655212 -90.841667
v 39.707771 -627.287537 -87.939423
v 37.038628 -629.761658 -71.803162
v 38.288113 -629.810547 -62.390972
v 35.031464 -632.988953 10.828456
v 36.600330 -632.531799 5.015218
v 35.157959 -632.561401 32.118290
v 35.045830 -632.039856 28.358372
v 35.915279 -633.967224 34.794369
v 40.029514 -632.507141 37.569786
v 39.947948 -636.293884 38.411755
v 39.714130 -636.449402 48.010387
v 41.142784 -633.189392 65.137550
v 38.284809 -625.241333 -76.584251
v 39.127117 -623.594788 -80.318642
v 36.638714 -628.529724 6.062762
v 34.407871 -629.158875 15.788383
v 35.594177 -631.374451 31.869040
v 35.196136 -626.680664 13.996758
v 36.564411 -624.695984 8.697305
v 37.650780 -628.482727 2.042705
v 34.604561 -625.632751 20.861246
v 34.257473 -625.936523 24.259552
v 38.938473 -628.650024 55.179848
v 40.541828 -630.440125 59.991474
v 36.516743 -621.308777 15.871930
v 37.348461 -621.323059 9.024937
v 35.937569 -621.999634 20.486921
v 35.841873 -622.211060 24.435314
v 36.025112 -622.181519 28.429726
v 37.506802 -625.213989 45.530319
v 37.856251 -623.549866 42.136215
v 40.499840 -625.015747 50.200405
v 37.959007 -618.265564 20.783960
v 37.840042 -618.385559 16.398735
v 38.689453 -617.176025 10.740462
v 37.877888 -619.366394 27.557718
v 37.964825 -620.021301 31.108217
v 37.626602 -621.494751 35.090538
v 38.895042 -622.292847 41.147614
v 40.937305 -622.276550 44.941349
v 41.148888 -620.810059 41.845612
v 39.131344 -655.226074 -47.107548
v 40.049667 -654.858704 -43.793228
v 38.600563 -655.626221 -2.341674
v 39.562279 -654.656738 -5.763675
v 42.113483 -654.698425 -100.960678
v 45.477486 -654.874573 -103.986580
v 42.174305 -646.532410 -100.532364
v 44.314037 -644.102844 -102.008369
v 40.076279 -647.620850 -44.206635
v 40.922241 -654.568054 -39.929119
v 41.647209 -647.462402 -36.322762
v 40.593395 -654.706665 -9.619961
v 40.624664 -647.528076 -9.997580
v 39.193367 -646.153870 -4.490067
v 43.792130 -648.016357 83.019646
v 43.415470 -654.818726 83.405029
v 39.965206 -646.360901 -45.077568
v 40.616585 -643.427429 -43.776562
v 41.146687 -645.759521 -39.841385
v 44.211376 -646.842651 82.737701
v 41.798313 -640.645508 -98.462082
v 39.747078 -643.477844 -47.263409
v 38.796867 -643.456726 -50.584831
v 39.317345 -639.575562 -50.848854
v 40.298134 -637.983215 -48.016682
v 41.202682 -638.168884 -43.924839
v 41.886299 -639.144226 -39.569115
v 39.705605 -643.648743 -5.876296
v 39.720165 -638.875061 -5.483855
v 38.435711 -639.897705 -1.254988
v 40.626869 -643.454895 -9.213324
v 41.419506 -643.356995 -12.928339
v 114.541504 -645.485474 16.783796
v 38.431992 -645.355469 16.525356
v 42.085606 -645.666321 12.706688
v 39.585884 -644.267517 13.239566
v 36.624126 -639.944702 16.129110
v 114.406914 -645.464539 12.914638
v 39.671501 -642.845093 10.039086
v 37.791153 -639.972046 12.596840
v 114.226212 -645.409668 9.074142
v 42.055927 -645.770630 8.926245
v 45.786366 -645.962830 5.155358
v 43.079376 -644.613525 5.478444
v 39.327255 -640.096313 8.035819
v 114.046700 -645.341797 5.278167
v 42.722420 -642.962708 1.648966
v 40.592342 -640.045471 4.553251
v 110.363533 -645.508179 1.332399
v 45.822426 -645.963806 1.439337
v 110.175140 -645.420166 -2.507798
v 45.875973 -645.854431 -2.284258
v 43.631790 -643.035156 -1.292059
v 109.957733 -645.228821 -6.255513
v 46.009193 -645.746704 -5.993838
v 43.026623 -640.373230 -3.016126
v 49.723934 -645.804504 -9.730742
v 47.050663 -644.407593 -9.546878
v 43.997875 -640.138000 -6.623807
v 109.710655 -644.898499 -9.864696
v 46.628586 -642.878174 -13.505770
v 44.979939 -639.774658 -10.198315
v 94.554352 -644.717590 -13.315458
v 49.777744 -645.697571 -13.449616
v 98.275620 -644.612244 -13.285453
v 109.431274 -644.355225 -13.251992
v 90.888191 -644.821167 -17.252342
v 49.857407 -645.529846 -17.173098
v 47.202896 -642.684082 -17.362820
v 90.673409 -644.660400 -20.980511
v 49.982674 -645.291565 -22.771029
v 47.682289 -642.489258 -21.516722
v 90.705856 -644.540344 -24.674385
v 64.826012 -645.155457 -28.361542
v 50.396236 -644.576416 -30.267689
v 47.742195 -642.221130 -32.098274
v 90.970154 -644.485596 -28.471100
v 79.808517 -644.879822 -28.396921
v 68.567947 -645.096313 -28.380108
v 76.061897 -644.955750 -28.387897
v 61.159756 -645.059204 -32.069824
v 61.156570 -645.068604 -35.780304
v 50.340919 -644.614197 -35.868664
v 47.304611 -642.307068 -36.107246
v 61.337563 -645.026306 -39.516895
v 50.140041 -644.949158 -39.581875
v 46.796642 -642.433228 -39.419575
v 83.828308 -645.153259 -43.164482
v 46.692879 -644.405518 -43.347584
v 87.576866 -645.144653 -43.145020
v 110.004478 -645.078369 -43.011982
v 53.914829 -644.687866 -47.091557
v 47.002380 -643.931274 -47.026611
v 44.944515 -639.467163 -43.169632
v 80.042168 -645.163025 -46.957260
v 61.343235 -644.891968 -47.051754
v 57.617966 -644.789368 -47.083382
v 45.615383 -639.268066 -39.533653
v 50.255665 -644.605652 -50.746498
v 46.780819 -644.021606 -50.781048
v 44.362770 -639.505859 -46.317955
v 50.537872 -644.574341 -54.477036
v 43.832516 -643.736145 -54.841511
v 44.166546 -642.191833 -51.842262
v 43.448162 -639.544739 -50.072475
v 57.280357 -645.066284 -58.195290
v 43.261272 -644.187866 -58.427326
v 42.208412 -639.463257 -54.416153
v 43.202965 -639.599976 -51.011395
v 57.457737 -644.950867 -62.129082
v 42.443810 -644.882141 -62.117325
v 41.390347 -639.390991 -57.743370
v 113.886536 -644.851074 -66.049789
v 42.233219 -644.906799 -65.917603
v 40.435574 -639.263245 -61.572971
v 114.012566 -644.586121 -69.713821
v 38.688339 -644.487000 -69.599686
v 39.667946 -642.502136 -66.988457
v 39.611404 -639.412659 -65.289871
v 110.600479 -644.335510 -73.224464
v 38.680088 -644.063110 -72.987946
v 38.775352 -639.644104 -69.688477
v 39.470997 -639.833252 -66.134422
v 110.589561 -642.525574 -79.323746
v 38.799023 -643.187561 -76.020950
v 38.502602 -639.539978 -73.272385
v 38.837502 -642.122559 -78.745125
v 38.755280 -639.333923 -76.498413
v 42.241291 -639.922668 -82.867722
v 39.443714 -639.459106 -79.155312
v 106.835602 -640.445679 -83.480942
v 109.712708 -639.577515 -81.674934
v 112.003784 -640.153137 -79.310303
v 112.188171 -641.422852 -78.786705
v 113.348312 -642.201904 -73.530930
v 114.214279 -639.850830 -66.104179
v 114.082047 -639.727295 -69.999496
v 83.768471 -645.030640 -62.157154
v 113.570595 -644.790283 -62.298588
v 114.046936 -639.859924 -60.915943
v 76.261414 -645.009216 -62.150394
v 64.970222 -644.980042 -62.139473
v 110.050659 -645.136719 -58.431568
v 112.549667 -643.929443 -58.627312
v 83.700027 -645.063538 -58.239777
v 112.871056 -642.598938 -54.660454
v 113.621933 -639.697571 -54.713699
v 87.480316 -645.025940 -54.509663
v 110.122955 -645.169617 -52.670261
v 83.698685 -644.991272 -54.496296
v 87.661522 -645.071289 -50.789139
v 112.200363 -642.591187 -48.189022
v 87.666138 -645.140747 -46.985069
v 110.167854 -644.971924 -46.871452
v 112.387833 -639.741394 -42.807198
v 112.920296 -639.833313 -47.057102
v 76.294083 -645.128113 -39.437366
v 109.860191 -644.833984 -39.239819
v 111.976654 -639.708923 -39.051971
v 65.074448 -645.049683 -39.497013
v 72.553474 -645.100220 -39.454872
v 79.985245 -645.261963 -35.705688
v 109.647873 -644.510315 -35.641411
v 111.386581 -639.786499 -35.371906
v 109.306503 -643.873047 -32.404015
v 110.689796 -639.650085 -32.187771
v 105.649239 -643.087524 -29.576115
v 108.071098 -642.794250 -30.271687
v 109.400856 -639.358154 -29.276054
v 94.711784 -644.088257 -28.740379
v 105.838692 -639.571899 -26.601124
v 96.406532 -641.073608 -25.079842
v 98.834579 -640.594421 -25.534899
v 94.719009 -641.284729 -23.520773
v 95.332207 -641.236816 -24.550468
v 94.569786 -641.262451 -21.507359
v 95.129616 -641.290527 -20.285711
v 95.456390 -642.952209 -17.439487
v 96.080276 -641.166748 -19.656439
v 98.378021 -642.608093 -16.965065
v 111.272118 -639.821899 -9.873855
v 105.498169 -642.118835 -16.514967
v 108.211754 -641.862854 -15.827878
v 110.436890 -639.723450 -13.253669
v 111.833710 -640.045227 -6.607479
v 112.579506 -640.119690 -2.960426
v 113.547218 -640.157776 1.439887
v 113.080727 -643.075012 2.656463
v 115.314034 -639.856689 8.844917
v 114.552216 -640.104614 5.162702
v 115.912071 -639.788391 12.476677
v 116.511581 -639.866272 16.834898
v 76.471619 -645.398926 20.428141
v 114.453232 -645.437317 20.777420
v 116.457367 -642.642578 20.576000
v 72.670204 -645.362366 20.418491
v 68.870361 -645.330505 20.408726
v 65.070038 -645.303040 20.400558
v 53.666321 -645.239319 20.380198
v 49.863613 -645.222473 20.374706
v 116.195351 -642.724060 18.107677
v 80.195000 -645.612549 24.218790
v 114.343300 -645.253052 24.766603
v 116.297562 -642.532043 23.121613
v 91.153931 -645.555115 35.688934
v 113.742744 -644.767639 28.647797
v 115.660828 -639.238464 28.803965
v 116.396790 -639.417847 24.537743
v 113.293884 -644.285583 32.348724
v 114.733788 -639.255615 32.705235
v 102.443069 -644.439941 35.696144
v 112.572716 -643.855347 35.577927
v 113.696304 -639.607361 35.884266
v 98.667412 -644.717346 35.672508
v 94.908478 -645.102234 35.711750
v 109.592171 -643.232971 38.020287
v 111.672020 -643.197754 37.549622
v 112.348557 -640.092651 38.013927
v 103.619240 -643.322205 37.969475
v 109.392593 -639.802917 39.779385
v 101.997452 -639.827393 39.660198
v 106.435333 -639.639526 40.050529
v 100.431335 -639.845764 39.612694
v 98.782539 -639.993835 39.606888
v 94.208199 -643.073059 38.916584
v 95.981087 -640.300476 40.595364
v 96.824860 -640.017090 40.118816
v 79.880432 -645.013245 42.882061
v 91.061195 -644.834900 39.387913
v 90.955887 -644.861816 42.916267
v 94.741302 -639.936951 43.201557
v 95.207619 -639.984680 41.532608
v 87.520821 -644.905334 46.692348
v 91.436264 -644.387207 46.725342
v 94.993629 -639.859802 45.300400
v 83.696220 -644.945984 46.670902
v 76.250740 -644.941406 46.652214
v 68.803169 -644.947021 46.647415
v 65.088264 -644.950317 46.645363
v 61.374599 -644.955811 46.659775
v 50.307823 -644.891296 46.668552
v 91.726257 -644.893494 50.656502
v 95.405418 -644.297729 50.985565
v 94.600121 -642.501648 47.677979
v 95.689629 -640.087952 46.628685
v 91.874924 -644.285522 61.545719
v 98.662025 -643.842773 51.657135
v 97.826385 -639.829651 48.852169
v 96.396126 -639.952881 47.564960
v 101.109192 -643.580017 52.226803
v 102.107086 -638.826660 53.388321
v 101.126137 -643.480896 54.643230
v 101.819283 -639.456116 54.980354
v 98.157600 -643.638367 57.746479
v 100.465965 -643.242188 56.518806
v 100.801468 -640.199951 56.714333
v 94.911926 -643.707520 60.563156
v 97.133003 -643.354675 59.684849
v 97.351044 -640.402222 59.806084
v 98.865005 -639.346252 58.167557
v 94.931213 -639.610779 61.158554
v 87.801872 -644.075378 65.316040
v 90.253822 -643.789368 63.863693
v 90.225281 -640.393921 64.224236
v 92.206848 -639.024902 62.596539
v 87.758118 -645.032959 50.656609
v 83.986137 -644.961182 50.718933
v 81.888908 -644.828735 49.925358
v 76.363678 -644.815918 50.577198
v 76.622360 -644.874878 48.735035
v 68.497292 -644.877014 48.704643
v 68.859406 -644.820923 50.519104
v 64.341896 -644.771851 49.320129
v 61.958923 -644.806824 50.577705
v 63.390324 -644.751404 50.113224
v 42.551178 -644.705444 65.919525
v 57.236629 -645.287170 66.863441
v 39.399544 -644.479126 65.288834
v 50.151211 -644.203857 69.507805
v 61.724468 -644.054810 69.652802
v 62.037270 -644.434753 67.066475
v 46.783070 -644.015991 68.774246
v 43.484421 -643.900085 68.357796
v 61.939461 -644.863647 54.611183
v 61.898575 -644.837708 62.889820
v 51.062256 -643.528809 71.875717
v 65.127876 -644.026245 69.652679
v 65.183235 -638.909241 71.589050
v 61.396614 -638.629944 71.765518
v 68.777596 -644.104919 69.578712
v 64.943909 -644.207336 67.152832
v 75.923302 -644.084106 69.477966
v 68.988792 -644.622498 66.448280
v 72.066391 -643.472107 71.551018
v 74.461327 -643.523682 71.222969
v 75.030701 -641.217285 71.471352
v 68.714630 -643.465637 71.729324
v 65.172394 -643.480347 71.818398
v 61.612785 -643.480896 71.843254
v 58.071369 -643.488159 71.857292
v 54.556744 -643.503418 71.863342
v 79.401848 -643.983521 68.927261
v 79.421188 -640.986389 69.763290
v 76.482475 -640.583557 70.729675
v 72.433693 -640.471619 71.898819
v 68.827606 -640.198303 72.356544
v 62.090565 -640.032288 72.744240
v 57.741425 -639.802612 72.643806
v 54.296494 -639.899353 72.428635
v 51.210232 -640.330078 71.798500
v 49.665558 -639.005066 70.583183
v 46.270733 -639.577942 68.961914
v 43.776039 -640.454773 67.853500
v 42.173759 -639.377808 65.868179
v 40.111813 -640.440369 64.490532
v 42.171482 -639.840027 46.980240
v 39.894444 -639.918091 47.139740
v 43.941952 -639.685120 46.550400
v 45.847950 -642.953430 46.150494
v 54.053959 -644.672852 43.251381
v 51.208843 -643.979797 43.843140
v 46.085510 -639.615723 44.957298
v 57.768452 -644.975891 42.957920
v 52.419044 -644.095764 40.665501
v 47.393665 -639.649902 43.377731
v 57.429298 -644.918762 40.849850
v 57.785301 -644.937195 39.138363
v 76.191704 -645.184570 39.016872
v 76.333481 -645.330261 24.232807
v 72.630692 -645.107910 24.197954
v 70.467812 -644.946350 25.249063
v 68.949844 -644.983154 24.349937
v 65.092239 -644.923096 24.218601
v 53.183483 -644.726624 24.936153
v 57.585518 -644.835449 24.235743
v 53.880547 -644.795532 24.229195
v 50.648285 -644.867310 24.216164
v 52.358345 -644.693848 25.594549
v 42.583797 -644.232544 35.626431
v 46.240658 -644.302307 35.705067
v 43.957989 -639.972778 39.475372
v 45.498352 -640.181274 39.862228
v 46.743126 -642.297546 38.554668
v 50.289974 -643.620178 38.741554
v 50.757652 -644.665710 28.064606
v 50.771637 -644.454712 35.573166
v 42.251862 -640.058960 39.274879
v 40.242210 -640.083618 38.925274
v 80.664925 -644.799255 -57.906986
v 83.594231 -644.792419 -51.368938
v 78.857712 -644.771606 -58.415573
v 64.915916 -645.017151 -54.599762
v 76.181946 -644.953003 -58.318939
v 76.498459 -644.919067 -54.470234
v 79.018013 -644.777344 -57.073933
v 61.221222 -645.005249 -50.836292
v 80.361153 -644.898010 -54.382088
v 80.073540 -644.776855 -56.828373
v 80.085495 -644.988342 -50.740822
v 83.248215 -644.810974 -51.505238
v 83.194275 -644.826660 -49.668079
v 83.913490 -644.877991 -48.432259
v 84.442017 -644.833191 -49.577709
v 61.279865 -644.827881 -57.386604
v 60.006012 -644.838928 -58.374886
v 54.277718 -644.813171 -54.261982
v 57.571198 -644.872498 -54.617481
v 59.649719 -644.828430 -56.816601
v 60.216774 -644.932068 -54.310776
v 57.056973 -644.698059 -50.839054
v 56.588676 -644.673645 -50.959816
v 54.781326 -644.639954 -50.468540
v 55.169933 -644.633484 -50.397106
v 56.360115 -644.663940 -49.309258
v 55.404430 -644.642273 -49.297504
v 68.697105 -645.012268 -35.770149
v 64.908401 -644.889709 -35.203320
v 72.371208 -644.993530 -35.722000
v 68.676460 -644.993164 -32.101021
v 65.489716 -644.853210 -33.815865
v 64.331558 -644.871338 -33.813900
v 64.941887 -644.886902 -32.677074
v 72.356583 -644.956909 -32.086361
v 75.557877 -644.927734 -34.816265
v 74.280670 -644.867554 -33.395493
v 74.538757 -644.890076 -34.448860
v 75.566422 -644.883789 -32.938469
v 43.856735 -640.340027 76.736046
v 40.431206 -636.461365 -95.054665
v 39.861084 -637.517029 -79.242165
v 42.419567 -639.765564 -83.174522
v 39.170143 -634.434814 -73.576866
v 40.240440 -631.322388 -65.406532
v 40.108524 -633.588684 -64.467155
v 40.388535 -631.805908 -51.557121
v 38.480289 -632.532410 -1.307673
v 40.548298 -635.180542 -8.606199
v 37.033310 -636.489929 13.692914
v 38.510826 -636.450623 8.915039
v 41.281700 -637.829285 63.421566
v 43.622288 -636.642700 -99.238571
v 39.489494 -635.146545 -77.357857
v 42.087448 -631.715210 -43.945160
v 40.232815 -632.113281 -7.350942
v 37.533993 -632.465393 12.578341
v 36.713062 -632.381958 16.197681
v 38.688599 -632.237305 8.286398
v 35.874607 -632.106995 20.148754
v 35.316452 -631.993835 23.946018
v 38.120884 -636.525635 58.140648
v 40.635475 -634.984497 59.868824
v 39.113010 -633.810059 54.210991
v 41.947208 -631.766724 55.222702
v 39.742474 -633.846924 56.133347
v 40.553547 -641.572693 60.010345
v 43.829918 -636.279907 71.534760
v 40.298004 -629.393738 -90.988632
v 42.605492 -627.141663 -93.655998
v 44.675381 -629.974976 -97.858803
v 38.425522 -626.994446 -66.477402
v 39.299171 -629.169983 -59.002014
v 40.397697 -628.940613 -54.837406
v 42.342854 -629.013245 -47.508362
v 40.061893 -625.282898 -5.512737
v 38.093441 -628.521362 12.672149
v 37.392422 -628.301392 16.547979
v 39.131939 -628.231995 8.224466
v 36.818684 -628.178467 20.295864
v 36.464848 -628.096436 24.105171
v 36.510284 -627.888855 28.099497
v 37.110760 -627.908691 31.760201
v 42.661453 -624.707458 37.060524
v 40.427334 -628.856140 36.723446
v 39.807114 -633.326477 51.864769
v 42.579865 -632.933777 48.430309
v 44.247780 -632.769104 66.862915
v 42.268597 -624.271057 -90.976059
v 39.045452 -623.188477 -73.390282
v 39.681709 -622.551514 -69.596992
v 39.866444 -625.189697 -63.038116
v 40.512177 -626.538208 -58.551994
v 41.059551 -627.583008 -55.288307
v 41.608570 -628.431152 -51.775131
v 38.302822 -624.473694 1.222812
v 41.281208 -626.613098 -10.464720
v 38.714901 -623.960510 16.375383
v 39.295815 -623.745728 12.423176
v 38.463154 -623.758240 19.960442
v 38.016697 -624.443604 24.375139
v 38.197731 -624.519226 28.149126
v 38.822800 -624.794800 31.716730
v 39.833057 -625.771118 34.518467
v 43.883453 -629.841003 62.149952
v 41.946068 -618.253662 -83.873543
v 42.639904 -618.684692 -86.516281
v 40.847469 -618.803345 -76.712769
v 40.317303 -622.768127 -66.399773
v 40.581539 -625.698547 -60.347034
v 40.466030 -624.120911 -63.750511
v 42.291790 -628.569153 -50.992512
v 41.514118 -627.430481 -55.612064
v 39.931660 -621.322388 -2.669660
v 38.067734 -620.977844 5.251227
v 39.034729 -622.754639 24.407278
v 40.004421 -622.059998 28.832592
v 40.553665 -622.761780 32.101208
v 43.972126 -625.735657 55.277374
v 42.838425 -615.463013 -80.107101
v 41.330471 -618.806702 -72.695312
v 40.730595 -621.625000 -67.922928
v 41.011963 -625.795349 -60.325905
v 40.929829 -624.065002 -63.992123
v 40.126221 -618.141052 0.644141
v 41.499481 -619.647156 -5.183604
v 41.599880 -622.321411 -9.323994
v 38.992294 -618.203735 5.502287
v 44.234558 -621.805298 48.098183
v 44.233372 -620.614441 45.546780
v 40.435242 -615.426453 6.024458
v 40.758415 -616.230591 2.984534
v 40.457916 -614.488098 9.466694
v 40.304859 -614.481140 11.794692
v 40.223156 -614.714661 16.705235
v 39.936543 -615.455261 20.074715
v 39.219429 -617.135498 24.388250
v 40.927143 -617.124756 30.666069
v 41.246235 -615.568604 26.331043
v 40.659355 -619.321228 36.928215
v 43.894104 -618.319336 39.735374
v 42.034496 -613.120972 9.156592
v 41.336861 -615.371521 4.346519
v 41.364864 -616.330505 2.682781
v 42.079445 -612.531067 12.462771
v 42.321587 -612.523071 16.432461
v 42.370380 -613.781189 23.008604
v 44.028610 -615.627563 32.752636
v 44.604988 -613.385071 26.773848
v 41.585419 -654.851257 -36.579819
v 42.145824 -654.544800 -32.244644
v 42.324909 -655.475586 -31.660196
v 42.535381 -655.396729 -27.697464
v 41.944622 -654.749146 -16.684656
v 42.167744 -655.660583 -17.558647
v 42.452625 -655.513855 -20.855618
v 46.529446 -655.252075 84.617470
v 48.186405 -654.562622 -105.872047
v 42.394791 -654.422668 -28.462568
v 42.297791 -654.359619 -20.874832
v 47.490955 -654.718445 85.074120
v 42.348473 -647.442261 -29.928577
v 42.224220 -645.787292 -32.600777
v 42.429413 -654.544373 -24.552052
v 42.457783 -647.184875 -24.355778
v 41.887478 -647.495117 -16.766342
v 42.325569 -645.827759 -20.768879
v 41.882278 -645.923218 -16.610300
v 45.644493 -647.589539 -103.906799
v 44.731823 -640.426941 -101.439232
v 47.128174 -640.530640 -103.447327
v 46.416054 -643.822021 -103.688797
v 42.767731 -639.392456 -32.198509
v 42.708439 -643.381897 -27.683388
v 42.488708 -643.360352 -31.897228
v 42.906361 -639.557129 -26.039343
v 42.499763 -643.444580 -21.252005
v 42.660812 -639.548767 -20.931864
v 41.627377 -639.485291 -13.341115
v 47.490444 -641.954407 80.121971
v 50.591290 -646.804871 84.922615
v 47.626949 -636.391052 -102.733727
v 111.050362 -635.452087 -80.944672
v 46.195637 -639.766418 -83.391685
v 49.972534 -639.787659 -83.613297
v 53.752369 -639.828369 -83.832199
v 59.382156 -639.888123 -84.085838
v 75.841858 -640.039795 -84.476707
v 93.411400 -640.175110 -84.365540
v 102.859871 -640.147095 -84.039894
v 106.631691 -639.941467 -83.623405
v 112.584679 -635.374695 -77.732292
v 113.081291 -639.420776 -77.328697
v 41.958828 -632.747559 -54.607956
v 43.261154 -637.121399 -49.164139
v 42.450882 -632.430359 -40.408016
v 42.727966 -632.449951 -20.389147
v 41.580875 -630.201782 -13.269019
v 40.463413 -637.655396 3.280234
v 44.689934 -637.946411 66.686707
v 41.124104 -631.323486 -80.654541
v 43.404652 -635.845459 -84.556969
v 39.986771 -631.405334 -77.344696
v 42.116123 -628.536987 -53.680351
v 41.512131 -627.219116 -57.958427
v 41.018066 -628.175049 -61.735661
v 42.896416 -632.121582 -36.353741
v 43.217316 -631.855957 -32.085594
v 43.139553 -631.960571 -24.942078
v 40.233788 -632.217896 2.906075
v 41.965263 -632.371704 -2.673930
v 43.985176 -632.165771 39.432251
v 44.224724 -632.238403 47.491364
v 45.361885 -629.582153 55.987625
v 41.623558 -636.299194 62.443764
v 44.602089 -634.969299 63.924728
v 45.049557 -631.910828 60.110340
v 44.703915 -641.489868 64.285126
v 46.892353 -636.770325 73.841064
v 43.264469 -632.370728 -85.033020
v 45.195770 -634.168335 -87.259956
v 45.919228 -636.688354 -86.073715
v 41.562008 -627.769226 -80.735703
v 40.649052 -627.727783 -76.576263
v 42.839237 -628.056213 -84.073753
v 44.076900 -630.638794 -86.909698
v 41.286831 -624.344849 -65.578995
v 43.035149 -629.143799 -43.532448
v 43.579445 -628.998840 -39.311096
v 43.753529 -628.820557 -35.364151
v 43.727764 -628.879211 -32.041065
v 43.277401 -626.359192 -20.123516
v 42.655289 -626.755920 -17.174229
v 41.062050 -628.307129 0.669118
v 40.085358 -628.308350 4.451671
v 42.880531 -626.332825 -6.232869
v 44.824329 -624.324097 38.526047
v 47.141304 -632.429443 68.060860
v 45.893127 -625.515320 -96.878098
v 48.623566 -628.981079 -100.907158
v 42.838516 -623.071960 -81.710548
v 41.768345 -623.081665 -77.116348
v 44.145760 -623.441833 -85.624306
v 41.244392 -624.066101 -69.442734
v 41.083305 -625.344910 -62.275948
v 41.200073 -622.365234 -66.824547
v 41.232914 -626.425964 -58.773163
v 44.246944 -627.574524 -31.367252
v 44.275623 -626.534668 -28.681379
v 44.053905 -628.409729 -35.375690
v 43.993790 -625.791565 -24.183805
v 40.558441 -624.125610 4.702386
v 41.700752 -624.056641 -0.814490
v 39.880386 -624.087158 8.335983
v 47.477097 -628.390320 62.209423
v 44.373569 -618.171753 -89.509834
v 46.703243 -618.135742 -92.729660
v 41.933647 -619.258972 -71.985237
v 41.656532 -620.629150 -69.896507
v 41.790279 -627.856018 -54.559292
v 42.596455 -628.928589 -47.376514
v 43.184052 -629.303589 -45.841946
v 44.188190 -629.077271 -38.421089
v 44.755688 -627.727478 -31.349752
v 43.924515 -624.159607 -19.354176
v 42.741047 -622.060181 -12.617216
v 44.232231 -625.453979 -24.133444
v 41.159042 -620.410767 4.854419
v 41.631454 -620.631592 1.244617
v 42.230148 -620.535828 -2.966191
v 40.884155 -620.042358 8.713176
v 40.618820 -620.066589 12.442216
v 40.714260 -619.648193 16.570875
v 43.477280 -621.720947 34.795273
v 45.790485 -621.057373 36.407402
v 47.774025 -624.079346 55.261326
v 48.108444 -618.035828 -94.119781
v 41.271912 -621.105774 -68.647171
v 43.292065 -622.519592 -14.697494
v 44.540924 -624.434387 -20.364527
v 44.172161 -623.278564 -16.801270
v 43.793674 -622.462341 -14.838534
v 41.758327 -617.112732 5.222264
v 41.548622 -617.175232 1.452108
v 42.004890 -616.688354 9.004303
v 42.272110 -616.655212 12.688852
v 42.531631 -616.789917 16.447519
v 40.710930 -619.831299 20.401245
v 42.845299 -617.117188 20.275608
v 41.445850 -619.334534 24.918024
v 43.125988 -617.642883 24.001188
v 41.561550 -620.028625 28.208591
v 43.708961 -617.802246 26.888193
v 45.455185 -615.871094 24.447521
v 42.397984 -620.637756 31.708139
v 45.279713 -618.724304 32.430801
v 46.963383 -621.490295 49.883961
v 46.184509 -613.546936 -86.269020
v 43.876301 -614.889404 -83.416771
v 42.256653 -616.491272 -77.670860
v 41.779255 -617.828247 -74.598595
v 41.660057 -619.098938 -71.928291
v 43.242619 -616.006287 -78.814255
v 42.357769 -620.553528 -8.303804
v 42.398312 -620.002625 -6.356168
v 41.859379 -618.203308 -1.809021
v 42.626507 -615.147461 9.356726
v 41.895657 -616.095276 5.359622
v 43.456398 -614.900818 12.984220
v 44.606300 -614.514832 16.859535
v 45.324062 -614.935974 20.668747
v 47.302956 -618.281860 43.344753
v 43.763542 -614.836731 -81.493019
v 45.136681 -614.007446 -84.286377
v 42.661900 -616.155823 -77.984413
v 44.486145 -614.634460 -82.361847
v 47.677025 -612.694946 29.677298
v 47.291866 -615.129272 35.893120
v 42.735435 -612.611267 9.957251
v 42.861561 -613.257507 8.941300
v 44.385754 -611.761230 11.807695
v 43.663082 -611.380249 12.955472
v 45.109646 -610.682556 13.374327
v 45.119984 -610.881226 12.959873
v 44.565529 -610.915833 16.737772
v 44.342079 -611.647522 20.114080
v 47.671211 -610.306152 21.456644
v 48.823681 -647.627319 -106.091003
v 47.537453 -648.106567 84.544312
v 50.950661 -648.086182 85.517586
v 50.747490 -654.809998 85.956268
v 47.857651 -646.132141 -105.238434
v 50.624481 -643.971558 -106.408012
v 51.034550 -640.281921 -105.828575
v 50.651089 -641.575989 80.732826
v 46.964249 -639.568542 -97.124290
v 47.078842 -639.784058 -93.030151
v 46.333580 -643.819641 -97.392227
v 46.260796 -642.597961 -93.975235
v 48.368420 -639.565796 -98.956619
v 106.412659 -642.075562 -94.650986
v 50.046715 -643.800293 -97.460503
v 47.254730 -639.258362 -92.782013
v 46.992786 -636.083008 -96.444771
v 49.725460 -635.821777 -99.864265
v 50.019012 -640.204712 -91.073601
v 106.342918 -640.455872 -92.511841
v 102.626083 -640.489136 -92.414841
v 102.556076 -640.178162 -91.881104
v 98.841911 -640.240112 -91.603569
v 86.062576 -640.491272 -90.825676
v 65.281342 -640.863281 -90.400246
v 57.715393 -640.877014 -90.529655
v 44.325138 -633.322388 -43.151947
v 43.582893 -631.572388 -46.379452
v 45.740154 -635.487183 -35.779694
v 45.709202 -632.465149 -32.245132
v 45.883354 -632.064636 -24.557491
v 44.615974 -631.816345 -13.870505
v 44.033298 -631.867737 -10.799307
v 44.944687 -632.517761 40.594791
v 51.062473 -643.607849 39.590630
v 45.746796 -636.473389 41.422966
v 45.219070 -632.342590 46.017719
v 46.301353 -631.766663 -93.718124
v 46.202053 -634.846680 -89.485596
v 47.170048 -632.550842 -95.632812
v 48.290409 -631.516052 -97.365891
v 47.434483 -637.371094 -86.721924
v 53.741726 -639.947571 -88.581459
v 62.042824 -640.216736 -87.259727
v 76.081497 -640.127625 -86.881477
v 83.103378 -640.202637 -87.777122
v 99.232468 -639.790771 -85.723564
v 103.541153 -636.950134 -86.283020
v 106.470512 -636.165527 -85.011375
v 45.080700 -631.026672 -36.606464
v 45.639191 -631.536438 -21.274837
v 45.666195 -632.084045 41.482185
v 45.432590 -636.429382 65.920280
v 49.403427 -635.182190 67.214211
v 49.301926 -632.327698 63.783367
v 50.927795 -636.660400 75.135223
v 52.928581 -627.182861 -102.825233
v 46.304996 -628.575134 -92.947906
v 44.743912 -630.462402 -88.541740
v 47.446117 -628.037659 -94.599564
v 43.051666 -629.472900 -47.749832
v 44.084915 -629.689209 -41.161797
v 45.071609 -629.114014 -33.375751
v 45.423962 -628.509888 -28.400187
v 44.697586 -624.870911 -17.504522
v 44.822544 -631.816284 40.302677
v 46.836945 -627.788452 51.521614
v 46.572060 -628.573853 54.414211
v 46.498146 -628.887512 46.687748
v 46.612297 -628.238159 45.218632
v 49.509998 -627.860168 56.851521
v 51.099045 -632.459290 69.804558
v 49.096317 -625.986816 -99.920723
v 51.510731 -625.838318 -101.439240
v 45.519314 -624.098450 -88.988319
v 47.931591 -619.348999 -89.880966
v 48.777176 -623.895020 -93.823990
v 44.839500 -626.860474 -28.999773
v 44.953983 -625.779907 -24.453426
v 44.939751 -625.259399 -20.952631
v 46.019417 -624.063538 39.513905
v 49.519306 -625.942688 52.081749
v 51.485386 -628.616638 64.362640
v 49.606087 -618.871094 -96.031921
v 44.984203 -619.716980 -85.161613
v 46.318565 -620.549255 -88.180878
v 43.841949 -622.170898 -13.530164
v 43.365459 -621.461609 -10.157183
v 42.784309 -620.991516 -6.731189
v 49.313168 -618.431641 36.615189
v 51.014725 -624.828003 58.257637
v 50.640862 -617.793518 -96.083206
v 44.313892 -616.549683 -81.397034
v 45.764954 -616.121521 -84.368172
v 47.352978 -615.391418 -86.645889
v 43.030720 -616.935486 -77.338371
v 50.853245 -621.550476 52.590733
v 44.687428 -614.842773 -82.444000
v 42.336494 -614.533142 7.021432
v 46.333313 -617.131042 30.159218
v 49.346783 -614.575745 27.074867
v 49.589794 -616.669922 33.055943
v 50.931919 -618.060364 45.741890
v 49.177570 -612.802429 -89.559898
v 47.684616 -612.927124 -87.706657
v 51.257587 -612.467224 -91.002434
v 52.350750 -612.850769 -92.428192
v 43.711491 -612.801880 10.585995
v 45.466572 -612.418213 13.482499
v 48.166576 -610.459656 15.077945
v 46.498833 -611.068481 13.406537
v 46.406246 -613.013184 16.575729
v 49.307095 -611.204224 17.312233
v 49.072632 -612.884644 21.364986
v 48.264812 -612.182129 17.928623
v 51.008648 -612.721069 33.170509
v 51.158794 -614.608643 37.996609
v 46.340942 -613.512451 -85.672729
v 49.736347 -612.718994 -89.424500
v 47.960587 -613.507202 -87.249695
v 48.964931 -609.295959 15.374491
v 50.872879 -610.248779 25.514315
v 47.818096 -609.392944 15.898715
v 50.943733 -608.431458 16.609976
v 56.441952 -654.841125 86.717957
v 51.712261 -654.940796 -107.735344
v 54.262634 -648.108521 85.997299
v 51.736629 -647.844543 -107.673317
v 54.817383 -654.800598 -109.000504
v 51.621742 -646.415955 -107.422234
v 54.839935 -646.208740 -108.699677
v 56.057472 -647.908936 -109.336899
v 56.627083 -646.576538 85.613892
v 55.496021 -640.667542 -107.786606
v 102.905022 -643.648621 -97.880234
v 50.166447 -644.077515 -100.093903
v 104.717850 -642.744202 -96.696335
v 104.992943 -639.913147 -96.399918
v 53.909492 -644.075867 -100.145416
v 57.654324 -644.084900 -100.195221
v 57.605362 -643.966309 -102.825211
v 61.341476 -643.911133 -102.860367
v 65.085800 -643.863586 -102.899773
v 74.487450 -643.826111 -103.018745
v 83.909698 -643.703369 -103.000778
v 95.256760 -643.647217 -100.409492
v 87.607224 -643.540710 -102.888206
v 98.740051 -643.345093 -99.853683
v 101.397720 -643.054382 -99.175964
v 103.765602 -639.480103 -97.813133
v 53.897381 -644.690125 35.500805
v 57.629562 -644.779175 27.965134
v 52.621777 -644.084839 39.325996
v 57.069031 -644.008301 84.069237
v 51.744991 -636.229797 -105.210396
v 54.860687 -635.403503 -106.361191
v 49.973118 -639.961121 -100.461617
v 52.480465 -639.943604 -102.061661
v 52.529037 -635.703735 -101.841644
v 105.708084 -638.450256 -94.638489
v 102.590340 -636.965881 -89.464394
v 104.178276 -634.395569 -88.743668
v 103.212021 -631.713440 -93.935577
v 103.594131 -636.030518 -96.450371
v 99.042603 -640.027588 -89.063255
v 47.762627 -637.161499 -88.550812
v 46.152493 -636.375366 42.950966
v 54.032776 -637.034119 70.692772
v 50.470722 -632.704834 -99.569069
v 53.354912 -634.101685 67.637657
v 54.036915 -640.674683 80.471657
v 54.336208 -636.190308 75.389038
v 55.425953 -626.684021 -103.702751
v 49.244827 -628.273560 -96.843483
v 52.207855 -627.211670 -98.622330
v 46.671227 -628.036072 43.137512
v 47.088566 -624.242065 40.980328
v 53.321911 -629.223267 61.165066
v 54.021358 -632.668640 70.879593
v 51.062504 -622.756348 -95.117554
v 53.680950 -620.888123 -95.898834
v 48.409782 -624.451782 43.146923
v 50.570431 -623.871033 47.719521
v 50.504333 -624.856934 50.585430
v 53.359962 -625.763977 55.418232
v 54.144779 -630.632507 68.113464
v 54.684738 -622.076172 -100.950638
v 49.854965 -620.123840 -92.479752
v 52.688274 -618.623169 -93.882553
v 50.289158 -619.796692 39.631176
v 51.178062 -621.105652 42.413605
v 53.544445 -622.117554 47.989784
v 53.715298 -619.990845 43.627861
v 53.258171 -620.845886 44.927952
v 53.321407 -623.765686 51.308411
v 54.319454 -624.573059 59.070892
v 54.783108 -617.630249 -98.288528
v 49.154087 -616.124390 -89.290672
v 51.738331 -614.995239 -91.171364
v 53.459343 -618.546753 40.472729
v 53.582550 -615.279480 33.008446
v 54.375874 -621.179626 53.586979
v 49.669003 -613.274231 -88.902916
v 55.215511 -615.387085 42.269062
v 53.137550 -610.420044 19.175011
v 53.514339 -612.643677 25.432419
v 56.046082 -612.265686 35.235821
v 54.047226 -612.338989 -92.366692
v 52.564709 -612.737244 -91.157028
v 55.238522 -612.426636 -93.474869
v 49.038597 -609.867310 15.318211
v 52.114090 -609.108154 16.709740
v 53.169041 -608.367432 17.069897
v 54.430691 -609.852478 27.453440
v 54.057240 -608.009644 17.583700
v 55.177750 -608.074707 20.766958
v 58.062611 -654.987793 -109.885033
v 57.671310 -648.125305 86.289726
v 58.154808 -644.082214 -109.240974
v 58.814266 -637.978088 -108.170052
v 54.776569 -642.625061 -102.494408
v 60.860981 -639.885803 -104.799568
v 56.973064 -640.152527 -103.958191
v 64.687614 -639.824707 -105.223106
v 68.730095 -639.932739 -105.427498
v 83.810410 -639.822327 -105.296989
v 88.149384 -639.572388 -105.089500
v 91.115044 -643.380737 -102.704460
v 91.295235 -639.733337 -104.574371
v 93.838684 -643.156921 -102.315460
v 94.879288 -639.850525 -103.506798
v 96.172287 -639.443848 -103.062698
v 99.683357 -639.444702 -101.208076
v 101.931236 -639.788696 -99.607323
v 68.805244 -644.994324 27.916613
v 72.568695 -645.077820 27.896893
v 57.240063 -635.882996 -103.824280
v 58.250599 -636.402527 76.236046
v 56.070354 -632.213806 -102.434952
v 58.113541 -626.529358 -104.503128
v 58.296207 -633.024353 -106.764015
v 53.692429 -628.688293 -100.084488
v 57.002487 -627.976379 -101.323380
v 57.148594 -633.468140 67.589684
v 57.406994 -630.363770 63.809631
v 58.344971 -630.692078 68.979980
v 56.706902 -623.780090 -99.066727
v 56.983707 -628.171631 60.582718
v 58.906765 -628.767883 66.448647
v 58.142456 -621.779968 -102.066460
v 57.235809 -619.482849 -96.712944
v 57.454662 -622.992554 51.799706
v 57.959030 -626.162476 62.522053
v 58.797176 -618.554138 -100.207024
v 57.035885 -615.504456 -94.284843
v 60.666630 -618.706116 44.120316
v 57.304276 -621.411682 48.436497
v 59.196533 -615.980103 -98.366905
v 52.320686 -613.187134 -90.939926
v 56.197250 -612.571045 -92.709442
v 57.408051 -617.588562 40.590179
v 57.278397 -615.747009 36.166580
v 60.990875 -619.532898 52.347942
v 58.653412 -612.225098 -94.351822
v 57.200420 -614.195374 32.269028
v 57.721310 -610.533630 22.229679
v 61.484386 -617.174011 47.772774
v 57.388645 -612.193665 -93.481705
v 56.764896 -608.760742 18.156672
v 60.051495 -607.892090 18.511826
v 57.801926 -607.639221 18.193659
v 59.443848 -610.170532 31.086195
v 59.769093 -613.399536 39.512943
v 57.849171 -607.427429 19.391138
v 61.692963 -654.730164 -110.587074
v 61.232197 -654.890076 86.803017
v 61.420132 -651.696411 -110.719971
v 61.252979 -648.116699 86.285767
v 61.537560 -644.091187 -109.986481
v 61.755310 -647.884827 -110.645569
v 61.287994 -646.559998 85.670883
v 61.319481 -636.904236 -108.452469
v 61.776154 -643.998901 84.194672
v 61.060474 -636.226074 -104.815399
v 57.640293 -632.986267 -103.199615
v 60.853905 -632.004578 -103.850677
v 61.194370 -636.012573 70.299118
v 63.113708 -635.788086 75.665268
v 61.560177 -633.472534 72.826180
v 61.568272 -626.135376 -104.985435
v 60.826622 -627.621826 -102.214447
v 61.117847 -622.776123 -99.758240
v 61.221889 -630.244995 63.951996
v 61.215370 -626.979004 59.541435
v 61.149944 -628.143433 65.833694
v 64.809059 -621.287598 -102.960464
v 61.001732 -619.376404 -97.730286
v 61.258221 -624.636902 55.632862
v 61.247162 -622.558044 51.946857
v 63.665146 -618.125977 -100.778191
v 61.229774 -620.590149 48.236210
v 62.261185 -621.231567 55.469318
v 61.776482 -615.604065 -95.635101
v 61.200985 -613.142029 -94.408966
v 61.159573 -615.940491 38.000664
v 61.297569 -612.325745 -94.920380
v 60.689384 -612.614685 -94.247696
v 61.713623 -613.710999 32.592842
v 61.581142 -614.835449 43.184780
v 61.378521 -612.454895 -94.573654
v 61.145649 -607.999451 18.704632
v 61.934299 -611.224854 34.717060
v 62.781414 -609.310669 29.502110
v 63.746666 -607.156433 19.061129
v 61.305370 -607.406250 18.715445
v 64.860123 -607.043945 21.212257
v 63.135242 -607.090027 19.626898
v 65.068527 -655.168274 -110.974586
v 68.620392 -654.753174 86.206001
v 65.522087 -654.798035 -111.125580
v 68.604492 -648.172485 85.663475
v 65.302872 -640.224304 -109.732224
v 66.175697 -644.012390 -110.633926
v 69.004005 -644.796082 62.618492
v 65.151321 -644.793457 54.587776
v 63.174313 -644.265198 66.625732
v 64.007133 -644.426819 65.324066
v 65.510712 -636.617371 -108.941414
v 65.112747 -636.242310 -105.324234
v 66.128738 -632.922913 -108.055588
v 64.548615 -632.851440 -104.657333
v 67.486618 -636.060730 69.929070
v 65.106941 -640.592041 80.704315
v 66.441559 -629.190857 -106.849190
v 65.185226 -633.655090 68.238892
v 66.968178 -633.256775 72.478432
v 67.132370 -625.464844 -105.354454
v 64.787766 -627.352295 -102.695648
v 64.810875 -623.074280 -100.505203
v 65.582016 -627.267639 60.064854
v 66.779305 -629.180237 67.215752
v 65.012741 -625.036133 56.519707
v 65.000984 -625.842529 62.625671
v 66.179405 -618.778992 -98.202156
v 64.900734 -620.337158 48.195099
v 67.021576 -615.402771 -98.897118
v 67.126945 -613.067444 -95.133377
v 65.303429 -618.406311 44.337505
v 65.058540 -616.703369 40.500320
v 65.110809 -618.782288 51.300083
v 65.080513 -610.170654 23.786236
v 65.092384 -613.063293 31.511395
v 65.091766 -613.876465 33.632614
v 65.291290 -614.242310 42.521614
v 67.101799 -612.438477 -95.506889
v 64.890045 -607.776917 18.740881
v 70.683052 -607.178162 18.731716
v 66.999619 -612.631775 38.910492
v 64.920746 -609.476746 30.481750
v 68.803764 -655.193848 -111.085152
v 65.516502 -648.027283 -111.141556
v 65.491470 -646.672119 -110.982040
v 71.636627 -646.755310 84.712318
v 71.906654 -648.124451 85.177101
v 70.906021 -640.083679 -109.928612
v 68.910583 -644.783508 54.493656
v 64.432686 -644.736511 50.572582
v 84.157631 -644.402954 66.319756
v 80.211517 -644.738464 54.545135
v 80.958237 -644.787048 50.658878
v 84.002083 -644.773438 54.438293
v 87.251907 -640.411926 65.813400
v 82.792229 -643.922852 68.687782
v 82.357796 -640.719971 68.302910
v 84.277435 -639.348877 66.747887
v 64.180496 -644.183716 66.697037
v 69.489174 -644.446777 83.745598
v 67.852142 -635.397400 74.995674
v 69.116425 -632.599976 -104.893127
v 70.772186 -633.335388 67.294167
v 69.923271 -627.563965 -103.128403
v 70.614876 -622.287720 -100.404900
v 69.678413 -620.440613 -102.769608
v 68.825813 -623.264893 53.517502
v 72.203659 -625.034790 60.806374
v 71.658508 -621.374023 55.490807
v 69.492867 -616.143250 -96.712196
v 71.966957 -621.165100 49.554050
v 69.161438 -615.359985 37.570824
v 72.118340 -620.038574 53.291191
v 70.830460 -612.469238 -95.219948
v 72.334831 -613.534363 32.798428
v 70.656784 -607.532532 18.452663
v 70.507256 -611.146240 35.357368
v 68.239258 -607.631104 24.522593
v 71.665771 -606.950500 19.501022
v 83.786774 -655.239807 -111.302658
v 71.927650 -654.925049 85.661110
v 83.796196 -654.829773 -111.380058
v 87.483070 -647.995972 -111.307365
v 87.488716 -646.664856 -111.125488
v 75.389290 -636.699341 -109.136482
v 83.248032 -636.482422 -105.583611
v 72.410324 -640.216492 79.554344
v 73.152824 -637.000366 69.527779
v 73.678009 -638.931946 70.654343
v 72.249306 -632.035889 70.382080
v 73.812119 -635.097290 68.033852
v 73.241165 -624.498657 55.082161
v 72.566681 -630.619507 68.537544
v 73.089485 -622.845032 52.364361
v 72.746483 -615.746704 38.162296
v 78.845695 -612.124695 -95.269829
v 79.022232 -612.810242 -94.841743
v 72.623497 -612.330566 38.077244
v 77.355209 -607.120911 18.756056
v 72.898872 -607.597229 24.090298
v 91.097450 -655.397949 -110.809700
v 87.555809 -655.319519 -111.133713
v 72.916618 -655.626221 85.312248
v 76.222488 -655.258301 84.607475
v 87.494858 -651.617249 -111.390488
v 88.597214 -654.827637 -111.190376
v 90.785599 -651.537598 -111.083572
v 90.975029 -647.776001 -110.752480
v 77.615417 -646.922913 83.489784
v 78.375496 -648.097839 83.683907
v 87.452316 -643.983826 -110.633759
v 87.128685 -640.440369 -109.870193
v 93.900452 -644.333496 -109.494118
v 86.299316 -633.264038 -108.007263
v 83.687798 -632.447998 -104.751793
v 75.973328 -641.592163 68.078476
v 83.624153 -629.417358 -106.866966
v 75.609985 -632.375061 65.152359
v 76.845474 -635.064880 66.906654
v 83.689835 -625.599487 -105.248192
v 83.516129 -620.929749 -102.712654
v 83.770592 -627.389587 -102.810196
v 83.623383 -618.994690 -98.086914
v 80.537643 -621.553284 48.204155
v 79.762527 -620.059082 45.724628
v 79.610321 -620.761292 52.969463
v 83.369446 -615.272339 -98.568130
v 76.530388 -615.393738 36.647728
v 76.392761 -613.702942 32.556240
v 76.399490 -607.667908 18.156845
v 79.668701 -611.426758 34.456131
v 76.040665 -608.170105 25.475657
v 79.380066 -654.678101 83.928185
v 79.230415 -643.840332 81.107491
v 80.372787 -636.742249 73.877541
v 77.036171 -641.551941 67.926102
v 80.029472 -635.608948 66.244469
v 78.549927 -641.439819 67.816277
v 80.667801 -633.355652 64.395851
v 83.807793 -637.187988 65.851112
v 85.140114 -635.313965 64.179428
v 84.594681 -631.115845 60.397453
v 81.058807 -627.856567 58.047409
v 80.792908 -623.316467 51.214115
v 82.470894 -632.101013 67.685555
v 83.780624 -622.548828 -100.231766
v 79.298088 -626.938416 61.800327
v 83.100883 -629.525879 64.100693
v 84.440308 -618.866455 -101.294891
v 83.589310 -616.527527 -96.527626
v 80.890884 -615.579956 35.721481
v 84.148422 -613.081909 -94.491905
v 83.651726 -612.343445 -94.672798
v 80.623863 -614.342163 32.870342
v 80.342957 -612.716492 28.985992
v 79.875786 -612.626282 37.219940
v 83.866257 -610.524719 22.215992
v 79.782532 -610.174927 30.834276
v 80.005867 -607.366638 18.375546
v 80.241859 -608.013306 18.377275
v 81.445816 -607.172363 19.137520
v 82.865486 -654.878845 82.604927
v 86.219048 -647.719849 80.626183
v 82.408401 -646.624451 81.660507
v 86.923386 -636.903442 -108.989342
v 83.962288 -644.734558 80.013435
v 84.622353 -641.351746 77.079041
v 83.090652 -634.431763 70.226479
v 88.753853 -627.296936 53.037724
v 84.568787 -621.921936 46.682274
v 82.456787 -620.775879 51.898426
v 83.999832 -619.257874 42.091427
v 83.121841 -615.127197 41.102570
v 83.551086 -612.278870 -95.070976
v 84.187805 -614.889832 32.620861
v 83.931168 -613.362183 29.030443
v 83.178642 -611.999817 34.275761
v 83.345062 -609.574341 27.563681
v 80.708809 -607.875793 18.259222
v 84.674477 -608.477356 17.858429
v 83.092148 -607.481018 18.254457
v 82.192345 -607.630249 18.068928
v 83.707764 -607.590820 18.038513
v 86.080811 -654.758301 81.390182
v 87.741570 -636.361633 -105.157234
v 87.653969 -632.706238 -104.379211
v 86.567383 -641.602478 64.177284
v 90.778206 -638.791748 71.491013
v 86.747826 -630.099060 -106.780869
v 87.907600 -627.581482 -102.295471
v 88.380348 -635.651428 62.944134
v 85.233704 -633.125854 67.772713
v 87.153252 -625.710449 -104.842033
v 87.600121 -623.942810 -100.396133
v 86.926849 -629.901245 62.954739
v 87.702431 -621.686584 50.878544
v 87.643440 -619.626953 -97.646011
v 87.664116 -615.930786 -95.192413
v 87.305069 -621.098083 43.085445
v 87.865913 -619.492737 40.043167
v 88.626778 -624.989746 48.911045
v 87.992935 -622.416199 44.540928
v 89.034821 -620.883545 48.892040
v 90.332870 -625.376343 54.803215
v 86.488716 -615.987366 -98.649742
v 88.137009 -617.829529 36.734478
v 87.209068 -617.526428 43.969460
v 87.154922 -612.217285 -94.350609
v 89.086838 -612.716919 -93.061432
v 84.713470 -612.634277 -94.297432
v 88.252373 -614.327820 28.982594
v 87.812912 -612.732910 25.333239
v 86.864006 -615.067200 39.269115
v 87.684448 -612.260803 -93.754234
v 91.731270 -610.026184 17.480127
v 86.136444 -608.428284 17.527939
v 85.921806 -610.553040 29.281639
v 90.106171 -608.451294 17.036636
v 87.330193 -607.955566 17.644972
v 87.002647 -607.794922 19.456553
v 87.338097 -655.174561 80.718941
v 90.193504 -654.761780 79.340149
v 88.598412 -648.008484 79.559250
v 90.097939 -654.679565 -111.143524
v 93.721336 -636.770874 -107.558304
v 89.845886 -644.088379 76.864212
v 90.710190 -646.557251 77.861610
v 91.410988 -636.276245 -104.443565
v 87.382645 -641.429810 63.998749
v 91.609833 -633.836853 -107.149002
v 92.175041 -633.603149 -103.677208
v 91.713028 -637.076477 61.996090
v 92.117065 -634.811157 66.200218
v 93.408737 -639.813477 70.928429
v 93.131935 -635.458740 59.988392
v 92.119659 -626.383423 -104.014755
v 91.855347 -627.820984 -101.391869
v 91.716064 -625.023254 -99.876511
v 91.119972 -622.774170 -102.177452
v 90.055901 -625.156433 46.430916
v 91.377480 -628.146912 51.119183
v 92.494164 -628.631409 45.813911
v 90.806152 -628.381104 58.888943
v 90.298996 -617.711121 -99.189835
v 91.488831 -620.126343 -96.707863
v 92.127838 -617.019165 -94.218597
v 92.564606 -624.155579 41.601131
v 91.713486 -624.901917 43.113010
v 91.224976 -621.071533 39.290710
v 91.725990 -619.156738 36.391235
v 93.045647 -613.013733 -91.395508
v 92.097580 -617.419250 33.205540
v 92.949249 -614.917236 27.198511
v 90.441322 -613.488342 33.855606
v 91.126129 -612.386108 -92.735893
v 90.110268 -612.468628 -93.772751
v 92.384689 -612.677551 -91.803413
v 91.199425 -611.682251 21.032061
v 92.322678 -609.299072 16.502110
v 93.183029 -612.452820 29.589903
v 92.108833 -608.572876 16.963932
v 90.490883 -608.455505 19.137173
v 94.306084 -654.874634 -110.159630
v 92.987328 -654.758057 77.763885
v 94.534081 -648.065186 76.256508
v 91.820404 -654.568787 -110.781662
v 94.465096 -651.600708 -110.256599
v 94.969383 -654.093567 76.502617
v 94.433990 -647.939514 -110.061440
v 94.787582 -646.956970 75.676147
v 95.180397 -636.303711 -103.242493
v 93.387894 -641.922058 60.564270
v 95.918388 -636.499573 58.772541
v 94.375084 -632.898010 -105.993179
v 95.176208 -628.647522 -100.362770
v 96.224052 -631.938721 -101.395576
v 96.777046 -626.893677 -98.525879
v 92.767113 -629.825867 52.656651
v 93.818604 -632.072815 45.684757
v 95.400513 -633.187622 54.897617
v 94.906540 -635.669617 45.542439
v 95.358711 -635.658813 46.745510
v 94.685860 -632.062927 52.775341
v 94.644112 -632.385010 61.555733
v 93.238823 -628.287415 43.246971
v 95.793045 -618.636230 -97.534081
v 94.879868 -621.607117 -96.106300
v 95.911606 -619.062439 -93.543869
v 93.525513 -624.406250 41.054672
v 94.804359 -624.093018 39.692242
v 94.230492 -621.997253 47.345108
v 96.861649 -615.900513 -90.445480
v 95.114243 -620.745667 36.039017
v 95.259254 -617.480103 30.878757
v 93.700180 -613.395020 -93.390800
v 95.147934 -615.818604 -95.331070
v 95.778481 -613.500244 -89.900261
v 95.679314 -612.875427 -90.249825
v 95.157326 -616.151306 28.153032
v 96.148315 -614.612061 23.769066
v 94.682861 -617.853271 39.693729
v 94.254219 -612.701965 -91.694984
v 95.683334 -612.038452 18.385397
v 96.559128 -610.287903 15.274012
v 97.116013 -610.120972 14.900750
v 95.127853 -609.213074 15.817541
v 94.277191 -611.181213 25.166391
v 94.947021 -609.988892 20.840319
v 97.870773 -654.731323 -109.176842
v 97.001724 -654.660583 74.943314
v 97.934677 -648.044495 -108.971092
v 97.113426 -640.792542 -107.531731
v 98.754105 -640.214905 -19.670317
v 96.932564 -644.156860 72.311859
v 97.412804 -646.672913 73.506271
v 95.652351 -640.911316 -24.252485
v 95.215240 -640.789856 -21.617510
v 98.811829 -640.260803 -24.896326
v 95.865807 -640.914551 -20.273569
v 96.307549 -636.200134 48.169735
v 96.603394 -638.345520 59.414753
v 98.448441 -638.428284 65.671310
v 98.862564 -639.618042 -21.254499
v 97.695724 -641.786560 56.759415
v 96.785156 -635.094238 56.634464
v 97.631821 -634.256226 61.724468
v 99.084763 -633.205994 -104.132278
v 98.343758 -629.565247 -102.917778
v 100.051193 -636.717285 -104.951920
v 99.530029 -635.879150 -100.734123
v 97.881866 -630.716309 -99.730621
v 100.798698 -631.067871 -97.672523
v 96.270393 -624.341370 38.816528
v 98.764717 -628.310303 38.738838
v 99.149742 -636.596130 55.724648
v 97.753845 -637.223389 49.353371
v 98.166595 -632.702332 59.397945
v 97.517998 -626.415833 -101.816658
v 98.482666 -624.787964 37.339096
v 99.474030 -627.575256 -96.908607
v 98.583252 -620.659424 -92.598854
v 100.231606 -623.843567 -93.539124
v 98.065689 -621.593933 34.973816
v 100.063179 -618.923340 -89.707733
v 98.195267 -620.840698 42.097275
v 100.444687 -623.035034 43.612923
v 101.152237 -626.475342 48.075748
v 98.025063 -613.529297 -88.007545
v 100.579681 -615.402100 -86.217476
v 98.399261 -617.409668 27.792923
v 99.570152 -615.971863 23.176752
v 99.706680 -613.776062 17.909828
v 97.210602 -616.350403 34.617481
v 97.233971 -613.058105 -89.953896
v 100.391647 -613.339539 -86.772072
v 100.031197 -613.369934 -86.680168
v 100.738960 -611.305359 12.835299
v 100.250755 -613.825073 25.891033
v 98.216103 -615.076172 31.048199
v 97.045738 -609.381592 16.170124
v 98.335655 -609.800903 14.456875
v 100.560493 -654.817749 -107.844910
v 98.698700 -655.313354 73.502525
v 100.929810 -654.641296 71.706642
v 100.952805 -647.832703 71.150284
v 102.810791 -647.718323 -106.509705
v 100.324249 -646.472107 -107.558510
v 100.981133 -640.321838 -105.641068
v 101.835060 -636.751526 -98.755219
v 105.713593 -639.220642 -26.315702
v 102.326874 -639.638794 -25.566483
v 109.709457 -636.027649 -28.694489
v 102.170097 -639.772705 -19.245506
v 100.900665 -628.548523 38.504604
v 101.355331 -637.816528 52.794201
v 100.345581 -646.579895 71.107361
v 99.429466 -643.490540 69.818771
v 101.987274 -633.747986 -97.551865
v 104.430931 -635.249084 -87.125252
v 104.182518 -637.027405 -21.539745
v 104.277275 -637.063110 -23.052858
v 100.973495 -637.666687 54.526123
v 99.827797 -638.145264 56.456570
v 103.019455 -642.689026 66.055801
v 103.431870 -636.034668 58.606819
v 101.258972 -627.345825 -94.856903
v 103.647530 -632.267639 -91.793617
v 102.287453 -624.698486 35.279789
v 102.956650 -626.770447 -98.254608
v 101.732864 -622.580505 -96.360306
v 100.753487 -621.882874 33.095425
v 102.144753 -629.252197 51.264809
v 102.135117 -620.840515 -88.632561
v 103.343773 -623.882996 -89.250015
v 100.142967 -617.725891 -93.540726
v 103.148735 -619.178406 -85.686241
v 100.133324 -618.783081 28.781420
v 103.262573 -621.092224 29.508839
v 101.612434 -620.460999 37.953060
v 100.131927 -615.025757 -90.373962
v 100.057098 -613.906616 -86.162994
v 102.128258 -614.284729 -83.503784
v 103.729836 -616.116394 -81.539841
v 101.959122 -613.947388 -83.891632
v 102.454193 -616.447021 20.179443
v 103.322617 -614.864868 15.036541
v 102.037163 -617.078064 30.793451
v 103.126747 -613.898499 -83.202377
v 103.393524 -613.974670 -82.306732
v 100.292702 -610.379089 13.308314
v 103.310905 -611.540100 11.081742
v 104.351814 -612.863342 9.776587
v 100.494034 -610.225159 13.465870
v 104.710236 -654.833862 -105.544182
v 101.985672 -655.123535 -107.032150
v 102.719536 -655.440735 69.939301
v 104.658699 -654.461731 68.161018
v 102.922974 -654.551636 -106.656334
v 101.778633 -644.088684 -106.247589
v 104.669022 -646.225403 -105.016693
v 105.533554 -639.346375 -18.370148
v 108.524529 -639.497803 -16.534155
v 105.184036 -639.800415 -102.608589
v 105.379288 -636.846375 -101.370811
v 106.069962 -636.112854 -20.100889
v 109.343788 -636.186462 -16.695463
v 102.038269 -636.421326 39.648933
v 106.217026 -636.521057 40.093021
v 104.871559 -647.211975 67.216255
v 106.546585 -632.601501 -85.853683
v 105.981758 -636.018555 -24.298191
v 106.539795 -630.894104 -21.591734
v 106.374710 -632.636414 -23.763098
v 107.762115 -635.290466 -25.620968
v 106.729439 -632.554688 -20.582079
v 102.223289 -632.779419 39.253765
v 105.813255 -633.406006 39.522152
v 104.810966 -633.542603 -100.347206
v 104.728249 -637.661255 -95.868553
v 105.706802 -631.609009 -86.835876
v 106.579803 -630.211365 -85.803940
v 104.893333 -631.444031 -88.348022
v 102.336166 -629.633667 38.599697
v 105.621597 -630.120911 38.063641
v 105.087166 -638.726318 59.792545
v 102.594276 -628.547485 -93.389915
v 104.940086 -624.931702 33.836201
v 106.636925 -628.339050 36.042385
v 104.804733 -632.888184 53.173389
v 104.780151 -622.877441 -86.139442
v 104.445305 -619.785950 24.864305
v 108.807671 -627.571777 32.383480
v 107.485916 -623.281433 26.955679
v 110.448952 -626.836304 27.839050
v 105.908279 -629.547791 47.263359
v 104.140274 -624.074524 41.163002
v 104.281860 -622.247559 -93.479256
v 104.401123 -618.371399 -89.335419
v 105.669632 -619.883240 -81.312439
v 108.029739 -621.506226 21.106979
v 105.065903 -617.587646 17.889330
v 104.981766 -623.115784 38.557682
v 104.886971 -621.345154 35.513321
v 103.323738 -614.533936 -85.177193
v 104.640022 -614.789001 -78.997719
v 105.111610 -615.753052 -78.039688
v 106.433678 -615.457886 -73.352921
v 106.862877 -619.832886 -77.593765
v 106.310768 -615.934814 -73.896286
v 104.924042 -614.436279 -78.862450
v 106.415672 -617.089417 13.089101
v 106.139854 -617.752563 26.346584
v 104.573029 -614.098206 20.470526
v 104.972137 -614.335938 -79.665611
v 106.002121 -614.604492 -76.930145
v 106.505363 -614.981079 -74.206673
v 106.414658 -613.826660 6.517211
v 105.410362 -612.209045 9.601522
v 105.201485 -612.746826 8.550500
v 103.687134 -611.468567 11.364244
v 106.319382 -655.675964 -104.186623
v 108.470802 -654.758545 -102.472649
v 106.457947 -655.425476 66.171600
v 108.212547 -654.615845 64.375298
v 107.284920 -648.004150 -103.397629
v 107.820862 -647.046265 63.961437
v 108.031227 -644.339417 -101.762405
v 105.894241 -643.892456 -103.392509
v 106.316338 -643.526367 63.284359
v 110.390167 -636.145325 38.802299
v 113.035286 -638.460205 36.880756
v 108.984596 -633.006958 -83.508850
v 108.484917 -635.180481 -83.816406
v 108.402702 -632.472961 -25.870537
v 108.091324 -633.357178 -19.052555
v 107.915466 -635.352112 -18.912161
v 110.214767 -633.546204 37.397774
v 108.640144 -627.025574 -81.609245
v 110.479744 -631.938110 -81.119972
v 109.525795 -628.582397 -80.907471
v 107.126991 -628.866333 -23.326984
v 107.190315 -628.079224 -22.679935
v 106.970901 -628.643738 -20.883039
v 108.178947 -629.506104 -25.760551
v 108.792854 -629.428162 -16.701824
v 109.254478 -632.519409 -16.930864
v 108.559937 -630.910217 36.705368
v 109.419472 -640.766724 56.758793
v 106.998512 -626.710754 -93.844582
v 106.012947 -624.304504 -84.681885
v 107.455780 -623.657410 -81.445076
v 106.999474 -627.560547 -21.686359
v 107.138214 -626.045166 -21.278065
v 107.187698 -626.220459 -23.116627
v 108.745667 -627.551331 -28.271090
v 107.739105 -623.444580 -17.117014
v 109.528870 -628.249329 -13.893049
v 108.572411 -623.325012 -13.805088
v 108.570618 -633.665894 49.392769
v 107.314522 -620.751282 -24.574049
v 107.555260 -620.393005 -17.281551
v 108.027756 -623.617188 -28.105551
v 107.231384 -628.876709 44.521645
v 105.552841 -620.926697 -90.505974
v 108.383331 -623.194519 -77.608887
v 110.234489 -624.230347 21.749563
v 107.666199 -619.760559 -73.529182
v 107.126785 -616.265808 -67.285576
v 108.949615 -622.780029 -73.001801
v 108.027184 -620.206665 17.051489
v 109.710762 -621.280457 13.037089
v 109.637039 -620.332886 8.337356
v 106.904549 -616.238342 9.146544
v 109.013702 -623.527771 33.148716
v 106.871216 -617.530090 -83.435760
v 107.050156 -615.553528 -70.141258
v 107.635811 -616.467163 -63.557964
v 107.441521 -615.946106 -66.317223
v 107.884995 -615.972839 -65.851501
v 107.494576 -615.636169 -70.639732
v 107.303726 -615.561340 -70.367638
v 107.918587 -616.616760 -61.838127
v 107.718285 -617.096130 -62.205387
v 108.254951 -616.590332 -61.290138
v 108.095901 -617.477783 -56.186501
v 108.604118 -617.120422 -55.040184
v 107.858170 -614.679626 2.896620
v 108.046883 -615.685425 1.744307
v 107.528275 -616.005493 5.599296
v 109.103844 -619.030212 1.184142
v 109.180229 -619.188354 5.206179
v 108.365242 -616.682678 -2.233503
v 108.978806 -619.340271 -3.352639
v 108.353775 -615.622253 -1.557018
v 108.014664 -614.282593 3.326216
v 110.470566 -620.340942 23.041119
v 106.270454 -615.455750 -80.026939
v 106.235214 -614.677307 -76.546509
v 106.595108 -613.068970 6.834913
v 107.650719 -613.589417 5.599633
v 107.037315 -613.049683 8.507502
v 108.568352 -615.168274 -0.905003
v 108.556915 -614.557617 2.397139
v 105.919685 -612.897278 13.450441
v 110.229980 -654.795898 -100.708549
v 109.892357 -655.505615 62.213669
v 111.907089 -654.754456 59.716759
v 109.510742 -651.354980 62.733459
v 109.983185 -647.160339 -100.602554
v 110.607643 -642.248291 -98.026665
v 109.868614 -636.804871 -96.533653
v 111.598625 -646.119690 -98.399223
v 110.056236 -644.804443 59.702244
v 109.235916 -633.658264 -95.572716
v 110.679565 -636.215576 -13.539604
v 110.760483 -646.616577 59.849205
v 111.989677 -631.824768 -76.764122
v 110.314102 -632.058289 -31.401752
v 111.219872 -635.993286 -33.673870
v 113.421387 -635.118408 33.617409
v 111.604630 -644.756897 57.450268
v 111.537628 -631.451172 32.958084
v 110.716278 -638.762268 52.571850
v 109.452057 -626.822449 -90.065834
v 110.517242 -628.117126 -77.656723
v 113.586197 -632.446472 29.392086
v 108.686668 -621.891907 -85.990280
v 109.929092 -624.008728 -66.872475
v 111.476974 -628.084351 -66.170990
v 110.060059 -623.826477 -51.214138
v 110.456497 -627.283569 -40.951275
v 108.842766 -623.050903 -36.021351
v 109.781113 -627.664612 -33.616573
v 108.128426 -617.958862 -43.762646
v 108.332352 -620.462097 -37.464973
v 111.045937 -631.938843 -35.566044
v 112.429924 -632.175903 -49.894657
v 111.361542 -628.200989 -50.019814
v 107.766029 -620.751099 -28.916618
v 108.004066 -620.351135 -13.851747
v 109.227303 -624.023193 -10.982265
v 110.573586 -629.022339 -10.121949
v 110.149513 -623.325195 -3.622952
v 111.234688 -627.973877 -4.730359
v 111.791580 -627.585632 25.003901
v 114.480247 -632.158936 24.852819
v 112.397697 -627.286743 21.248457
v 114.830284 -631.743469 20.889296
v 112.706215 -633.856873 42.894421
v 110.782692 -627.741333 37.041145
v 110.400612 -626.304077 -87.543648
v 111.856392 -624.800903 -80.868919
v 110.124710 -624.031738 -62.136292
v 111.913071 -629.103516 -60.533585
v 108.289925 -617.820618 -50.910210
v 112.467354 -631.266846 -54.384708
v 108.197334 -618.680908 -37.593872
v 107.656448 -618.736328 -25.233753
v 107.639420 -618.458313 -18.528511
v 108.057594 -617.723999 -11.092794
v 108.291512 -617.001831 -6.100053
v 110.845268 -623.711792 0.601071
v 111.269142 -623.742188 5.178535
v 112.738609 -627.717346 4.592393
v 110.953072 -623.846863 16.847931
v 111.293365 -623.732300 13.036451
v 113.429672 -627.826477 12.954167
v 113.378067 -627.933044 16.853127
v 111.429993 -623.709595 9.052793
v 113.131454 -627.575317 8.791883
v 109.282356 -619.180115 -79.126862
v 108.534851 -617.660583 -48.942585
v 108.429451 -618.015259 -41.487549
v 108.135185 -618.442322 -31.088881
v 107.913467 -618.076965 -18.925554
v 108.207390 -617.237976 -11.343411
v 108.450790 -616.251587 -5.578930
v 112.307167 -623.566650 25.590866
v 109.515221 -618.774292 -76.725098
v 109.569321 -618.418762 -73.147316
v 108.738678 -617.538330 -50.619118
v 108.937386 -617.674622 -50.737640
v 108.734657 -618.226379 -38.947517
v 108.515877 -618.167664 -38.321671
v 108.865128 -618.547363 -34.440388
v 108.326668 -618.379395 -29.527210
v 108.733498 -618.681274 -24.599939
v 108.258942 -618.093323 -20.439344
v 108.382111 -617.791931 -16.884363
v 109.257149 -618.570984 -16.708485
v 108.719406 -617.021667 -10.709802
v 108.981857 -616.013733 -5.561911
v 108.751907 -615.859436 -4.784004
v 109.093216 -615.596985 -2.602711
v 108.057869 -615.574097 16.821028
v 109.438820 -615.171631 1.834778
v 109.391518 -614.910156 5.153759
v 109.179695 -615.080505 10.278734
v 111.856575 -654.701782 -98.755928
v 113.481628 -655.383545 -96.262001
v 114.428993 -654.603638 -94.838715
v 113.054474 -654.346863 58.023937
v 112.173462 -647.398438 -97.989021
v 112.782898 -651.488770 58.505501
v 112.512955 -647.941895 58.008320
v 111.971710 -640.447144 -95.235550
v 112.788551 -643.957764 -95.699371
v 114.094688 -646.138855 -94.465210
v 113.106895 -641.148438 -93.742630
v 112.253731 -635.898682 -40.904652
v 113.161339 -636.180359 -50.179947
v 111.517075 -636.187805 -9.977302
v 112.079575 -636.292908 -6.691833
v 114.339943 -636.066284 4.350160
v 113.740913 -643.499451 52.848404
v 114.036163 -646.302124 54.681454
v 113.219452 -639.341248 49.165936
v 112.538826 -634.145569 -90.159042
v 113.415237 -636.908691 -90.545761
v 113.767281 -636.010010 -66.138756
v 113.513809 -635.740784 -56.667992
v 111.907425 -631.434753 -5.135538
v 113.828171 -631.993347 4.363029
v 115.342979 -644.324890 50.609474
v 113.266266 -633.778503 -87.982140
v 115.010078 -635.844421 28.881901
v 115.819672 -635.898865 24.742105
v 117.325851 -643.302368 45.240517
v 114.535858 -633.701050 -83.957779
v 114.604530 -632.192139 9.094056
v 114.981346 -632.132935 12.788853
v 115.240990 -636.208618 8.842420
v 116.121483 -635.706848 20.904799
v 115.155807 -632.186218 16.785097
v 116.124802 -635.850281 16.579464
v 109.938652 -620.737793 -24.655283
v 111.561058 -624.722107 -25.125698
v 112.069351 -625.632080 -31.251820
v 110.682953 -621.528687 -37.808289
v 111.574242 -624.438293 -20.159248
v 113.116837 -631.054871 -20.484728
v 113.832481 -632.604248 -13.436193
v 112.070518 -624.284180 -13.253641
v 113.240051 -625.001892 -6.373688
v 113.816566 -629.410767 -9.104609
v 111.353729 -620.500610 -8.441723
v 112.755501 -625.083313 -76.812187
v 111.504280 -621.444031 -71.496613
v 112.071541 -624.993042 -36.838997
v 114.723198 -629.521240 -50.890915
v 113.392693 -625.890015 -49.890457
v 111.424820 -621.348206 -50.881855
v 111.805542 -621.857178 -53.458378
v 113.396233 -624.995300 -59.338909
v 109.755234 -618.372864 -11.908532
v 110.951851 -618.012207 -2.705711
v 115.132706 -631.065735 32.542892
v 112.528030 -623.048035 -63.692837
v 113.543076 -625.331665 -65.379311
v 112.684814 -621.370422 -1.978463
v 111.490517 -617.904968 1.775726
v 114.023827 -623.680542 19.423569
v 111.786552 -618.707031 12.730137
v 114.277298 -622.599854 12.522202
v 115.938683 -626.336670 15.879573
v 114.854889 -626.492981 23.518936
v 111.842049 -618.118408 5.363671
v 112.337006 -618.927002 8.584559
v 115.831818 -654.739136 -91.756927
v 116.989288 -655.192017 -88.577751
v 117.360107 -654.608459 -87.640465
v 115.995781 -654.790344 -32.450733
v 115.484543 -654.825134 -26.552345
v 116.378014 -654.819397 -35.892059
v 116.859390 -655.082642 -39.690498
v 117.307312 -655.328064 -43.372688
v 117.889450 -654.598022 -47.508507
v 117.676117 -655.500122 -46.654346
v 118.447571 -654.649292 -51.805428
v 115.306870 -654.908752 -20.956568
v 115.380424 -654.681458 -17.140144
v 115.774452 -654.772583 -10.995173
v 116.574799 -654.869019 -5.692099
v 117.274483 -655.073608 -2.094730
v 117.530815 -654.656860 -1.197748
v 115.682320 -654.572205 53.420380
v 116.974449 -655.034790 50.575577
v 117.590721 -654.553833 49.306030
v 116.366341 -654.540405 -90.487556
v 114.339790 -647.755737 -94.617043
v 117.369911 -654.464478 -42.940628
v 116.410156 -647.783447 -36.170864
v 115.604332 -651.088013 -26.340059
v 115.783897 -651.476807 -12.335371
v 116.725777 -652.848999 -5.743704
v 116.203156 -647.356750 -90.345604
v 115.769737 -647.753357 -30.182453
v 115.315697 -647.437134 -23.711123
v 115.333572 -647.734558 -16.993523
v 115.575874 -647.203735 -12.915199
v 116.655518 -647.730225 -5.468597
v 115.726212 -647.251038 52.283009
v 117.223770 -647.900635 49.309563
v 115.079735 -644.228455 -91.472382
v 115.635345 -643.679810 -33.240273
v 115.181320 -643.587952 -28.410910
v 116.349762 -646.414246 -36.465481
v 118.424538 -647.699951 -51.548531
v 117.803963 -646.377502 -47.540043
v 118.237061 -646.166992 -51.244667
v 114.910255 -643.343567 -24.532162
v 114.850121 -643.724426 -21.108900
v 115.195305 -646.068298 -16.879490
v 115.186272 -643.591309 -13.014110
v 115.618301 -643.467773 -9.274603
v 116.167137 -643.663513 -5.771336
v 117.457390 -646.093506 -1.200112
v 117.559464 -647.268799 -1.157203
v 117.721054 -651.591919 -1.089743
v 114.228973 -640.679626 -91.184631
v 116.259209 -643.984070 -88.142311
v 117.154060 -647.172546 -87.464439
v 114.586578 -639.558594 -26.914816
v 115.034698 -639.686096 -32.649345
v 117.392426 -643.695312 -46.829105
v 114.527252 -639.778259 -16.730381
v 114.790955 -640.063416 -13.175427
v 115.029594 -638.427002 -9.497171
v 116.954849 -643.671692 -2.170269
v 116.776108 -639.540222 -0.926821
v 116.726830 -640.315308 20.792303
v 116.495552 -641.007629 -84.348007
v 117.029068 -643.783936 -84.914497
v 117.726852 -646.384949 -84.387550
v 117.065430 -640.445190 -80.599236
v 116.937477 -640.119446 -47.533558
v 115.591705 -636.286987 -41.840740
v 116.646500 -637.130676 -50.589211
v 114.513542 -636.346008 -32.583267
v 113.841026 -635.626282 -20.885769
v 114.129074 -635.922791 -15.244190
v 115.722046 -635.795654 -3.871790
v 115.799377 -636.104858 12.695807
v 118.225761 -646.273926 45.716835
v 117.173576 -640.545044 41.955242
v 114.757057 -632.343201 -80.808395
v 115.390175 -632.496155 -76.945213
v 116.901299 -637.004700 -74.254486
v 114.772430 -632.555969 -41.687241
v 115.634506 -632.708008 -50.818043
v 113.870445 -632.502136 -33.078548
v 113.510796 -632.821899 -24.808828
v 115.185410 -630.134460 -2.385842
v 117.238441 -632.764343 5.640392
v 115.857689 -633.843872 35.419243
v 116.388092 -633.684326 -65.663727
v 117.169334 -636.666138 -65.715401
v 116.908371 -636.563782 -56.622440
v 116.129105 -633.252502 -58.223969
v 113.154060 -628.426758 -36.263180
v 116.237511 -629.077820 4.751935
v 117.648521 -636.587769 4.532789
v 118.423592 -639.678040 5.974327
v 118.204659 -640.414734 38.627029
v 118.747604 -639.405945 35.064098
v 114.897575 -624.940918 3.855936
v 116.982872 -633.772522 31.308212
v 113.755333 -622.059998 3.202134
v 115.530991 -625.247742 9.320877
v 114.159599 -622.182495 9.084084
v 117.280144 -629.635986 12.619979
v 115.906952 -625.998230 12.902771
v 116.977158 -629.620789 20.476080
v 118.485634 -633.657104 22.966911
v 116.709816 -631.068726 26.916796
v 118.134544 -654.612244 -84.444672
v 119.354362 -654.638123 -73.723022
v 119.517731 -654.877563 -69.465118
v 119.438820 -654.649719 -62.161850
v 119.474480 -654.859070 -65.970039
v 120.297119 -654.442505 9.112864
v 119.146591 -654.750549 4.658884
v 121.056519 -655.343567 12.737719
v 121.318863 -654.575256 13.623642
v 120.704346 -655.104004 39.241005
v 119.998940 -654.363953 42.579025
v 121.384804 -655.454163 35.965565
v 121.641624 -654.582581 35.035652
v 118.787804 -654.669861 46.030842
v 117.961983 -647.698730 -84.317993
v 119.141144 -647.858521 -73.949219
v 119.853539 -647.846252 42.100834
v 117.886040 -644.266907 -80.585159
v 118.278648 -644.304688 -77.510445
v 118.645706 -644.262634 -72.572563
v 119.364838 -647.834839 -67.762131
v 119.275177 -647.867249 -62.261421
v 119.234222 -647.679688 5.232199
v 120.029991 -647.373718 8.297668
v 118.715591 -644.022583 -63.379475
v 118.516846 -644.224487 -58.630459
v 118.522606 -645.988647 -54.802509
v 118.364670 -646.206177 2.349623
v 118.971489 -643.832825 5.918346
v 118.831268 -644.642944 42.433105
v 119.695328 -646.830994 41.758301
v 117.867859 -640.426453 -71.370003
v 117.971970 -640.519897 -62.412807
v 117.833679 -640.550781 -58.675911
v 117.330200 -639.987732 -52.021862
v 119.097008 -638.785034 9.910254
v 119.829842 -643.767456 9.546277
v 119.994095 -644.135925 37.648720
v 120.072723 -640.528564 13.716965
v 119.140923 -636.519592 13.224832
v 120.558762 -643.791565 12.971004
v 121.152840 -646.132263 13.836258
v 119.534943 -636.585510 16.870010
v 120.463287 -640.364319 17.060305
v 120.152809 -641.225403 31.718073
v 120.873199 -643.731689 31.990593
v 121.111015 -646.159729 35.210987
v 121.988380 -647.542969 31.658304
v 118.642731 -637.170654 31.219387
v 120.467232 -640.686401 27.932875
v 117.936089 -633.264771 9.575170
v 118.337730 -633.076355 13.209773
v 118.522408 -633.134216 16.794764
v 119.587502 -636.650146 20.513517
v 120.892715 -641.022400 20.630117
v 119.134567 -636.491028 26.983978
v 120.753792 -640.833496 23.756937
v 118.037254 -634.020752 27.351814
v 117.443924 -630.041260 16.691452
v 122.179749 -654.492126 18.756744
v 122.538788 -654.611572 24.589758
v 122.135460 -654.514648 31.576685
v 121.305046 -647.706299 13.566309
v 122.290413 -647.715210 20.666628
v 121.506706 -647.729553 34.851707
v 121.865295 -647.942017 16.699282
v 122.486588 -647.923645 24.351685
v 122.023254 -646.075073 20.716639
v 122.370422 -647.689819 27.747515
vn -0.9731 -0.1611 -0.1645
vn -0.0015 -1.0000 0.0047
vn -0.9658 -0.1945 -0.1715
vn -0.9657 -0.1948 -0.1716
vn -0.9698 -0.1821 -0.1622
vn -0.9732 -0.1931 -0.1251
vn -0.0007 -0.9998 -0.0212
vn -0.0015 -1.0000 0.0060
vn -0.9575 -0.1609 -0.2392
vn 0.0010 -0.9998 -0.0211
vn 0.0001 -1.0000 -0.0023
vn -0.0001 -0.9997 -0.0230
vn -0.9408 -0.2027 -0.2718
vn -0.9755 -0.1351 -0.1734
vn -0.9744 -0.1168 -0.1919
vn -0.9639 -0.1144 -0.2403
vn -0.9743 -0.1440 -0.1735
vn -0.9739 -0.1350 -0.1824
vn -0.9791 -0.1200 -0.1640
vn -0.9792 -0.1352 -0.1510
vn -0.9809 -0.1352 -0.1398
vn -0.0011 -1.0000 -0.0010
vn -0.9867 -0.1458 -0.0718
vn 0.0001 -0.9999 -0.0167
vn -0.0005 -1.0000 0.0065
vn -0.0006 -0.9999 -0.0130
vn -0.9835 -0.1670 -0.0688
vn -0.0010 -1.0000 0.0056
vn -0.9843 -0.1594 -0.0756
vn 0.0002 -0.9997 -0.0224
vn -0.9878 -0.1432 0.0608
vn -0.0004 -1.0000 -0.0033
vn -0.9846 -0.1588 0.0731
vn 0.0010 -0.9998 -0.0189
vn -0.9850 -0.1106 0.1325
vn 0.0004 -1.0000 0.0026
vn -0.9770 -0.1420 0.1592
vn 0.0016 -0.9997 -0.0249
vn -0.9594 -0.1153 0.2572
vn 0.0014 -0.9999 0.0156
vn -0.9597 -0.1146 0.2566
vn 0.0031 -1.0000 0.0009
vn -0.9535 -0.0943 0.2862
vn 0.0030 -0.9999 0.0112
vn -0.9419 -0.1047 0.3192
vn 0.0034 -1.0000 -0.0010
vn -0.8904 -0.1364 0.4342
vn 0.0032 -0.9999 0.0099
vn -0.9141 -0.0898 0.3954
vn 0.0041 -1.0000 0.0014
vn -0.8799 -0.1027 0.4639
vn 0.0039 -0.9996 0.0292
vn -0.8638 -0.1339 0.4858
vn 0.0049 -0.9993 0.0384
vn -0.7559 -0.1167 0.6442
vn 0.0050 -0.9995 0.0302
vn 0.0052 -0.9991 0.0411
vn -0.7463 -0.1792 0.6410
vn 0.0050 -0.9985 0.0554
vn -0.7801 -0.1370 0.6105
vn 0.0059 -0.9976 0.0691
vn -0.6893 -0.1893 0.6993
vn 0.0059 -0.9972 0.0751
vn -0.7030 -0.1767 0.6889
vn 0.0055 -0.9933 0.1158
vn -0.5600 -0.2594 0.7868
vn 0.0063 -0.9963 0.0858
vn -0.6399 -0.1890 0.7448
vn 0.0054 -0.9891 0.1468
vn -0.5371 -0.2879 0.7928
vn 0.0056 -0.9903 0.1390
vn -0.5641 -0.2594 0.7839
vn 0.0045 -0.9759 0.2183
vn -0.3714 -0.3031 0.8776
vn 0.0057 -0.9853 0.1705
vn 0.0045 -0.9752 0.2212
vn -0.3205 -0.4615 0.8272
vn -0.4398 -0.3489 0.8275
vn 0.0052 -0.9519 0.3062
vn -0.1812 -0.5689 0.8022
vn 0.0057 -0.9579 0.2871
vn 0.0057 -0.9624 0.2716
vn -0.2983 -0.4594 0.8366
vn 0.0056 -0.9394 0.3428
vn 0.0050 -0.9291 0.3699
vn -0.1045 -0.6569 0.7467
vn -0.1897 -0.5698 0.7996
vn 0.0058 -0.9085 0.4179
vn -0.0171 -0.7346 0.6783
vn 0.0058 -0.9134 0.4070
vn -0.0745 -0.6577 0.7496
vn 0.0056 -0.9103 0.4140
vn 0.0036 -0.7285 0.6850
vn 0.0276 -0.6972 0.7163
vn -0.0073 -0.7444 0.6677
vn 0.0453 -0.7436 0.6670
vn 0.0552 -0.6503 0.7577
vn 0.0859 -0.7015 0.7075
vn 0.1068 -0.6102 0.7850
vn 0.1351 -0.6633 0.7360
vn 0.1334 -0.5342 0.8348
vn 0.1751 -0.6120 0.7712
vn 0.2111 -0.5415 0.8138
vn 0.2842 -0.4271 0.8584
vn 0.2979 -0.4640 0.8343
vn 0.3410 -0.4216 0.8402
vn 0.4539 -0.3402 0.8235
vn 0.4440 -0.3135 0.8394
vn 0.4915 -0.1549 0.8570
vn 0.5418 -0.3065 0.7826
vn 0.5976 -0.2455 0.7633
vn 0.6235 -0.2034 0.7549
vn 0.6343 -0.2429 0.7339
vn 0.6317 -0.1403 0.7624
vn 0.6821 -0.2007 0.7032
vn 0.7451 -0.1437 0.6513
vn 0.7398 -0.1865 0.6465
vn 0.7078 -0.1842 0.6820
vn 0.7608 -0.1810 0.6232
vn 0.7435 -0.1793 0.6443
vn 0.8414 -0.1063 0.5299
vn 0.8364 -0.1946 0.5124
vn 0.8057 -0.1874 0.5619
vn 0.8337 -0.1878 0.5193
vn 0.8996 -0.1018 0.4247
vn 0.9169 -0.1729 0.3598
vn 0.8800 -0.1583 0.4477
vn 0.9284 -0.1453 0.3419
vn 0.9280 -0.1430 0.3440
vn 0.9619 -0.1377 0.2360
vn 0.9584 -0.1513 0.2421
vn 0.9761 -0.1523 0.1549
vn 0.9719 -0.1237 0.2002
vn 0.9813 -0.1766 0.0760
vn 0.9809 -0.1374 0.1376
vn -0.0009 -1.0000 0.0023
vn 0.9862 -0.1552 0.0581
vn -0.0004 -1.0000 -0.0082
vn 0.9868 -0.1462 -0.0695
vn -0.0009 -1.0000 -0.0024
vn 0.9878 -0.1461 0.0543
vn -0.0008 -1.0000 0.0026
vn 0.9776 -0.1795 -0.1097
vn 0.9860 -0.1545 -0.0630
vn -0.0019 -1.0000 0.0023
vn 0.9755 -0.1432 -0.1670
vn -0.0007 -0.9997 -0.0248
vn 0.0008 -0.9997 -0.0234
vn 0.9420 -0.1581 -0.2961
vn -0.0019 -1.0000 0.0009
vn 0.9745 -0.1579 -0.1597
vn 0.9378 -0.2406 -0.2501
vn 0.0027 -1.0000 -0.0096
vn 0.9341 -0.2220 -0.2797
vn -0.0011 -0.9998 0.0174
vn 0.0022 -0.9999 0.0167
vn 0.9425 -0.2986 -0.1503
vn 0.9191 -0.3000 -0.2554
vn 0.0005 -0.9999 -0.0131
vn 0.9477 -0.2732 -0.1648
vn 0.0010 -1.0000 -0.0028
vn 0.9551 -0.2625 -0.1376
vn -0.0001 -0.9999 0.0125
vn 0.0007 -0.9999 0.0134
vn 0.9530 -0.3023 -0.0227
vn 0.0011 -1.0000 0.0058
vn 0.9466 -0.3025 -0.1114
vn -0.0002 -1.0000 -0.0044
vn 0.9559 -0.2918 0.0330
vn -0.0004 -1.0000 -0.0012
vn -0.0004 -1.0000 -0.0053
vn 0.9656 -0.2568 -0.0413
vn -0.0003 -1.0000 -0.0033
vn 0.9602 -0.2683 0.0780
vn -0.0002 -1.0000 -0.0038
vn 0.9624 -0.2706 0.0217
vn -0.0011 -1.0000 0.0020
vn 0.9559 -0.2804 0.0874
vn -0.0003 -0.9999 -0.0121
vn 0.0075 -0.9999 -0.0146
vn 0.9592 -0.2542 0.1237
vn -0.0081 -0.9989 0.0460
vn -0.0037 -0.9998 0.0179
vn -0.0020 -1.0000 0.0024
vn -0.0011 -0.9999 -0.0146
vn 0.9641 -0.2539 0.0778
vn 0.0072 -0.9997 0.0239
vn 0.9622 -0.2425 0.1239
vn 0.9654 -0.2310 0.1213
vn 0.9640 -0.2362 0.1224
vn 0.9646 -0.2340 0.1217
vn 0.9619 -0.2422 0.1268
vn 0.9619 -0.2434 0.1246
vn 0.0074 -0.9995 0.0309
vn -0.0007 -0.9999 0.0124
vn 0.9843 -0.1757 0.0170
vn 0.9786 -0.1758 0.1072
vn -0.0005 -0.9999 0.0157
vn 0.9811 -0.1933 -0.0010
vn -0.0009 -0.9997 0.0243
vn -0.0008 -1.0000 0.0099
vn 0.9844 -0.1751 0.0165
vn -0.0017 -1.0000 0.0074
vn 0.9816 -0.1623 -0.1006
vn -0.0013 -1.0000 -0.0017
vn 0.9880 -0.1519 -0.0272
vn 0.0001 -0.9999 0.0127
vn 0.9825 -0.1431 -0.1189
vn -0.0024 -0.9991 0.0421
vn -0.0018 -0.9996 0.0296
vn 0.0003 -0.9999 0.0131
vn 0.9594 -0.1427 -0.2433
vn 0.0002 -0.9998 0.0178
vn 0.9824 -0.1445 -0.1185
vn 0.0001 -0.9999 0.0101
vn 0.9429 -0.1276 -0.3078
vn 0.0003 -1.0000 0.0051
vn 0.9589 -0.1308 -0.2520
vn 0.0008 -1.0000 -0.0093
vn 0.8764 -0.0873 -0.4736
vn 0.0001 -1.0000 0.0083
vn 0.9358 -0.0902 -0.3407
vn 0.0008 -0.9999 -0.0114
vn 0.8719 -0.1273 -0.4729
vn 0.8856 -0.1173 -0.4494
vn 0.0005 -0.9998 -0.0178
vn 0.7851 -0.0883 -0.6131
vn 0.0005 -0.9995 -0.0305
vn -0.0004 -0.9994 -0.0336
vn 0.7202 -0.1588 -0.6753
vn -0.0004 -0.9989 -0.0474
vn 0.8079 -0.1480 -0.5704
vn -0.0032 -0.9960 -0.0898
vn -0.0023 -0.9909 -0.1346
vn 0.5773 -0.0946 -0.8110
vn -0.0032 -0.9958 -0.0916
vn 0.7314 -0.2003 -0.6518
vn -0.0019 -0.9819 -0.1892
vn 0.5304 -0.2288 -0.8163
vn 0.6301 -0.2305 -0.7415
vn 0.0004 -0.9658 -0.2594
vn 0.3563 -0.2599 -0.8975
vn -0.0019 -0.9798 -0.2000
vn 0.5447 -0.2434 -0.8025
vn 0.0009 -0.9559 -0.2937
vn 0.3090 -0.4035 -0.8612
vn 0.4281 -0.3777 -0.8210
vn 0.0011 -0.9413 -0.3375
vn 0.2315 -0.3591 -0.9041
vn 0.0009 -0.9465 -0.3227
vn 0.0017 -0.9131 -0.4077
vn 0.1371 -0.5122 -0.8478
vn 0.0011 -0.9250 -0.3800
vn 0.2965 -0.5102 -0.8073
vn 0.0019 -0.8794 -0.4761
vn 0.0422 -0.6579 -0.7519
vn 0.0016 -0.8924 -0.4512
vn 0.1952 -0.6097 -0.7682
vn 0.0023 -0.8641 -0.5033
vn 0.0279 -0.6448 -0.7639
vn 0.0019 -0.8827 -0.4698
vn 0.0021 -0.7013 -0.7129
vn 0.0507 -0.7020 -0.7104
vn -0.0036 -0.6660 -0.7460
vn -0.0164 -0.6719 -0.7405
vn -0.0493 -0.6270 -0.7775
vn -0.0544 -0.6272 -0.7770
vn -0.1249 -0.5754 -0.8083
vn -0.1056 -0.5742 -0.8119
vn -0.1900 -0.5104 -0.8387
vn -0.1902 -0.5104 -0.8387
vn -0.3402 -0.4182 -0.8422
vn -0.3047 -0.4026 -0.8632
vn -0.0024 -0.9871 -0.1600
vn -0.5040 -0.3010 -0.8096
vn -0.4511 -0.2821 -0.8467
vn -0.5836 -0.1694 -0.7942
vn -0.6078 -0.2352 -0.7584
vn -0.7195 -0.1458 -0.6790
vn -0.7310 -0.1673 -0.6615
vn -0.7457 -0.1121 -0.6568
vn -0.7922 -0.1505 -0.5915
vn -0.8287 -0.1151 -0.5477
vn -0.8757 -0.1153 -0.4688
vn -0.8758 -0.1154 -0.4688
vn -0.8412 -0.1095 -0.5296
vn -0.9475 -0.1138 -0.2989
vn -0.9308 -0.0562 -0.3612
vn -0.9560 -0.0751 -0.2835
vn -0.9612 -0.1151 -0.2505
vn -0.9872 -0.1453 -0.0654
vn -0.9885 -0.0721 -0.1326
vn -0.9873 -0.1492 -0.0540
vn -0.9877 -0.1453 -0.0573
vn -0.9870 -0.1516 0.0535
vn -0.9689 -0.1441 0.2010
vn -0.9881 -0.1426 0.0571
vn -0.9618 -0.1871 0.1999
vn -0.9691 -0.1654 0.1831
vn -0.0004 -0.9995 -0.0302
vn -0.9391 -0.2203 0.2638
vn -0.9536 -0.1837 0.2384
vn -0.9435 -0.1496 0.2956
vn -0.8962 -0.2818 0.3427
vn -0.9300 -0.1861 0.3170
vn -0.9367 -0.2634 0.2307
vn -0.9504 -0.2683 0.1574
vn -0.9317 -0.3099 0.1896
vn -0.9505 -0.2809 0.1325
vn -0.9548 -0.2698 0.1247
vn -0.9537 -0.2983 0.0385
vn -0.9605 -0.2767 0.0307
vn -0.9690 -0.2468 -0.0067
vn -0.9627 -0.2702 -0.0131
vn -0.9673 -0.2522 -0.0269
vn -0.9645 -0.2348 -0.1210
vn -0.9584 -0.2701 -0.0928
vn -0.9548 -0.2500 -0.1606
vn -0.9563 -0.2404 -0.1663
vn -0.9549 -0.2512 -0.1585
vn -0.9247 -0.2333 -0.3009
vn -0.9197 -0.3081 -0.2436
vn -0.9265 -0.2303 -0.2977
vn -0.9251 -0.2204 -0.3093
vn -0.9109 -0.2557 -0.3240
vn -0.9092 -0.2355 -0.3434
vn -0.9204 -0.2135 -0.3275
vn -0.9171 -0.2134 -0.3368
vn -0.9441 -0.2022 -0.2604
vn -0.9325 -0.1878 -0.3086
vn -0.9439 -0.2028 -0.2606
vn -0.9887 -0.1297 -0.0758
vn -0.9893 -0.1257 -0.0745
vn -0.9894 -0.1257 0.0730
vn -0.9893 -0.1260 0.0734
vn -0.9793 -0.1237 0.1605
vn -0.9792 -0.1238 0.1607
vn -0.9594 -0.1173 0.2565
vn -0.9576 -0.1209 0.2614
vn -0.9401 -0.1203 0.3191
vn -0.9428 -0.1175 0.3121
vn -0.9142 -0.1195 0.3872
vn -0.9103 -0.1253 0.3945
vn -0.9877 0.0174 -0.1551
vn -0.9792 -0.0948 -0.1792
vn -0.9846 0.0445 0.1689
vn -0.9656 0.0499 0.2552
vn -0.9625 0.0438 0.2676
vn -0.9299 -0.0231 0.3671
vn -0.9336 0.0498 0.3547
vn -0.9294 0.0419 0.3666
vn -0.9830 -0.0265 -0.1815
vn -0.9808 -0.0680 -0.1826
vn -0.9862 0.0226 -0.1639
vn -0.9844 0.0431 -0.1705
vn -0.9860 0.0310 -0.1639
vn -0.9752 -0.0283 -0.2196
vn -0.9618 0.0370 -0.2713
vn -0.9677 -0.1397 -0.2097
vn -0.9931 0.0239 -0.1149
vn -0.9965 0.0374 -0.0742
vn -0.9978 0.0176 -0.0638
vn -0.9968 0.0384 0.0695
vn -0.9847 0.0447 0.1685
vn -0.9955 0.0462 0.0829
vn -0.9356 0.3001 0.1859
vn -0.9169 0.3048 0.2577
vn -0.8689 -0.1224 0.4797
vn -0.8758 0.0573 0.4793
vn -0.8688 0.0506 0.4926
vn -0.9652 0.1380 -0.2221
vn -0.9748 0.0097 -0.2227
vn -0.9734 0.1687 -0.1549
vn -0.9774 0.1838 -0.1047
vn -0.9773 0.2015 -0.0648
vn -0.9673 0.2504 -0.0414
vn -0.9616 0.2738 -0.0180
vn -0.9612 0.2677 0.0661
vn -0.9048 0.2513 0.3439
vn -0.8787 0.3798 0.2891
vn -0.8177 0.2852 0.5000
vn -0.8165 0.3225 0.4789
vn -0.9730 0.1585 -0.1680
vn -0.9685 0.1750 -0.1771
vn -0.9637 0.1999 -0.1772
vn -0.9653 0.2467 -0.0859
vn -0.9717 0.1760 -0.1575
vn -0.9782 0.1734 -0.1147
vn -0.9603 0.2204 -0.1712
vn -0.9627 0.2451 -0.1145
vn -0.9620 0.2472 -0.1160
vn -0.9684 0.2428 -0.0572
vn -0.9695 0.2364 -0.0642
vn -0.9676 0.2419 -0.0726
vn -0.9498 0.2877 -0.1225
vn -0.9721 0.2321 -0.0347
vn -0.9408 0.3364 -0.0409
vn -0.9574 0.2885 0.0162
vn -0.9286 0.3701 0.0257
vn -0.9392 0.3382 0.0591
vn -0.9090 0.3997 0.1184
vn -0.9144 0.3752 0.1520
vn -0.8937 0.4331 0.1171
vn -0.8967 0.3983 0.1932
vn -0.8731 0.4346 0.2210
vn -0.8830 0.3692 0.2897
vn -0.7786 0.5188 0.3530
vn -0.7853 0.5025 0.3617
vn -0.7939 0.5241 0.3084
vn -0.7188 0.5601 0.4118
vn -0.7127 0.4953 0.4968
vn -0.9473 0.3150 -0.0579
vn -0.9447 0.3214 -0.0658
vn -0.9533 0.2969 -0.0553
vn -0.9206 0.3902 0.0118
vn -0.9465 0.3223 0.0146
vn -0.8917 0.4520 0.0210
vn -0.9182 0.3871 0.0836
vn -0.9213 0.3836 -0.0636
vn -0.8944 0.4460 0.0336
vn -0.9147 0.3925 0.0961
vn -0.8694 0.4836 0.1014
vn -0.8760 0.4481 0.1786
vn -0.8282 0.5441 0.1345
vn -0.8472 0.4877 0.2108
vn -0.7884 0.5767 0.2140
vn -0.8006 0.5274 0.2844
vn -0.7718 0.5655 0.2908
vn -0.9389 -0.1490 -0.3104
vn -0.9540 -0.1428 -0.2636
vn -0.9498 -0.1415 -0.2790
vn -0.9551 -0.1391 -0.2617
vn -0.8644 -0.1280 0.4862
vn -0.8137 -0.1190 0.5690
vn -0.7790 -0.1376 0.6117
vn -0.7801 -0.1362 0.6106
vn -0.9494 -0.0840 -0.3027
vn -0.9385 -0.1472 -0.3123
vn -0.7979 -0.0367 0.6017
vn -0.7955 0.0682 0.6021
vn -0.9539 0.0108 -0.3001
vn -0.9592 0.0200 -0.2821
vn -0.9574 0.0604 -0.2822
vn -0.9575 0.0717 -0.2795
vn -0.9285 -0.1466 -0.3412
vn -0.9286 -0.1486 -0.3400
vn -0.9422 0.0173 -0.3347
vn -0.9388 -0.0022 -0.3446
vn -0.9446 0.1010 -0.3124
vn -0.9397 0.0726 -0.3341
vn -0.9637 0.0055 -0.2671
vn -0.7727 0.0564 0.6322
vn -0.7915 0.0890 0.6047
vn -0.7877 0.3185 0.5274
vn -0.7198 0.3141 0.6190
vn -0.7223 -0.1331 0.6786
vn -0.7004 -0.0153 0.7135
vn -0.7117 0.0547 0.7004
vn -0.6857 -0.2317 0.6901
vn -0.9597 0.1453 -0.2406
vn -0.9471 0.1083 -0.3021
vn -0.9523 0.1210 -0.2801
vn -0.9484 0.1474 -0.2808
vn -0.9604 0.1279 -0.2477
vn -0.9490 0.1054 -0.2970
vn -0.9474 0.1214 -0.2962
vn -0.9519 0.1739 -0.2522
vn -0.9690 0.1455 -0.1997
vn -0.9699 0.1798 -0.1640
vn -0.7202 0.4286 0.5455
vn -0.6587 0.5594 0.5032
vn -0.6147 0.4433 0.6524
vn -0.5788 0.5272 0.6222
vn -0.5777 0.4881 0.6543
vn -0.6633 0.5137 0.5442
vn -0.9590 0.1379 -0.2476
vn -0.9691 0.1451 -0.1996
vn -0.9687 0.1111 -0.2222
vn -0.9547 0.1035 -0.2789
vn 0.9475 -0.3135 0.0630
vn 0.9537 -0.2969 0.0475
vn 0.6036 -0.2942 0.7410
vn 0.5148 0.8571 0.0162
vn 0.3300 0.9173 0.2229
vn 0.0835 0.4310 0.8985
vn 0.8852 -0.4552 0.0962
vn 0.9219 -0.0496 -0.3841
vn 0.4871 -0.8061 0.3359
vn 0.6231 0.2801 -0.7302
vn -0.7043 0.5969 0.3842
vn -0.6969 0.6112 0.3752
vn -0.6821 0.5811 0.4439
vn -0.6019 0.6637 0.4441
vn -0.9616 0.2193 -0.1650
vn -0.9625 0.2177 -0.1616
vn -0.9704 0.1888 -0.1504
vn -0.9660 0.1330 -0.2218
vn -0.9541 0.2554 -0.1564
vn -0.9681 0.2278 -0.1046
vn -0.9397 0.3262 -0.1026
vn -0.9624 0.2668 -0.0503
vn -0.8590 0.5018 0.1017
vn -0.8740 0.4609 0.1542
vn -0.8539 0.4997 0.1455
vn -0.7500 0.6151 0.2432
vn -0.6996 0.6148 0.3641
vn -0.6913 0.6546 0.3060
vn -0.6801 0.6416 0.3547
vn -0.7069 0.6137 0.3517
vn -0.6039 0.6705 0.4310
vn -0.5952 0.6820 0.4251
vn -0.5986 0.6851 0.4151
vn -0.9645 0.2181 -0.1487
vn -0.9552 0.2846 -0.0815
vn -0.9414 0.3246 -0.0918
vn -0.9554 0.2882 -0.0650
vn -0.9101 0.4126 -0.0383
vn -0.9411 0.3382 0.0072
vn -0.8942 0.4476 0.0100
vn -0.9185 0.3904 0.0629
vn -0.8480 0.5212 0.0967
vn -0.8764 0.4641 0.1285
vn -0.8534 0.5015 0.1424
vn -0.7753 0.5974 0.2050
vn -0.7632 0.5907 0.2620
vn -0.7406 0.6193 0.2608
vn -0.7544 0.5951 0.2769
vn -0.6228 0.6994 0.3505
vn -0.6327 0.6776 0.3749
vn -0.6349 0.6800 0.3668
vn -0.9283 0.3718 0.0014
vn -0.9178 0.3969 -0.0088
vn -0.9180 0.3965 -0.0014
vn -0.8943 0.4456 0.0419
vn -0.8532 0.5198 0.0425
vn -0.8835 0.4666 -0.0416
vn -0.8793 0.4672 0.0931
vn -0.8924 0.4442 0.0796
vn -0.7997 0.5908 0.1073
vn -0.8215 0.5442 0.1702
vn -0.8582 0.5133 0.0116
vn -0.8212 0.5559 0.1290
vn -0.8328 0.5274 0.1678
vn -0.7929 0.5872 0.1628
vn -0.8085 0.5552 0.1953
vn -0.7778 0.5926 0.2091
vn -0.7104 0.6442 0.2835
vn -0.6988 0.6691 0.2529
vn -0.6892 0.6637 0.2905
vn -0.9281 -0.1067 -0.3568
vn -0.9620 -0.1087 -0.2504
vn -0.9620 -0.1084 -0.2508
vn -0.9252 -0.0969 -0.3668
vn -0.8769 -0.1036 -0.4695
vn -0.9844 -0.1183 -0.1306
vn -0.9837 -0.1078 -0.1437
vn -0.9911 -0.1200 -0.0578
vn -0.9911 -0.1201 -0.0577
vn -0.9912 -0.1193 0.0572
vn -0.9905 -0.1238 0.0597
vn -0.9746 -0.1275 0.1839
vn -0.9776 -0.1146 0.1763
vn -0.9629 -0.1216 0.2409
vn -0.9606 -0.1271 0.2472
vn -0.9561 -0.1191 0.2679
vn -0.9469 -0.1249 0.2963
vn -0.9468 -0.1250 0.2965
vn -0.9464 -0.1271 0.2971
vn -0.9302 -0.1562 -0.3322
vn -0.9384 -0.1489 -0.3117
vn -0.7067 -0.1462 0.6923
vn -0.6672 -0.1448 0.7307
vn -0.6446 -0.1604 0.7475
vn -0.9288 0.0148 -0.3702
vn -0.9686 0.0130 -0.2482
vn -0.9646 0.0195 -0.2629
vn -0.8736 -0.0980 -0.4766
vn -0.9890 0.0198 -0.1465
vn -0.9886 0.0213 -0.1493
vn -0.9986 0.0155 -0.0513
vn -0.9983 0.0181 -0.0561
vn -0.9982 0.0144 0.0586
vn -0.9976 0.0216 0.0654
vn -0.9844 0.0196 0.1749
vn -0.9685 0.0281 0.2472
vn -0.9539 -0.0700 0.2918
vn -0.9576 0.0272 0.2869
vn -0.9554 0.0226 0.2945
vn -0.9374 -0.0811 -0.3388
vn -0.9398 0.0003 -0.3417
vn -0.9294 -0.1386 -0.3422
vn -0.9213 0.0270 -0.3880
vn -0.8787 0.0175 -0.4770
vn -0.8478 0.0379 -0.5289
vn -0.8584 0.0238 -0.5125
vn -0.8515 0.0988 -0.5149
vn -0.9148 0.1617 -0.3701
vn -0.8451 -0.0538 -0.5319
vn -0.8540 -0.0974 -0.5111
vn -0.7852 0.0259 -0.6187
vn -0.7938 -0.1069 -0.5988
vn -0.7703 0.0332 -0.6368
vn -0.7617 0.1440 -0.6317
vn -0.9840 0.0214 0.1766
vn -0.9656 0.0219 0.2593
vn -0.9615 0.1259 0.2444
vn -0.9523 0.0237 0.3043
vn -0.9449 0.1475 0.2921
vn -0.9453 0.1196 0.3034
vn -0.9432 0.0547 -0.3277
vn -0.9446 0.0487 -0.3247
vn -0.9430 0.0008 -0.3327
vn -0.9328 -0.1511 -0.3271
vn -0.9498 -0.0088 -0.3127
vn -0.6516 0.0587 0.7563
vn -0.6825 0.0899 0.7253
vn -0.6067 0.0598 0.7927
vn -0.6057 -0.1592 0.7796
vn -0.6010 -0.0640 0.7967
vn -0.9556 0.1324 -0.2631
vn -0.9725 0.1821 -0.1454
vn -0.9845 0.1670 -0.0537
vn -0.9809 0.1819 -0.0691
vn -0.9822 0.1767 0.0640
vn -0.9837 0.1660 0.0696
vn -0.9801 0.0938 0.1748
vn -0.9754 0.1759 0.1328
vn -0.9711 0.1375 0.1953
vn -0.6158 0.2908 0.7323
vn -0.9104 0.1784 -0.3732
vn -0.9110 0.1773 -0.3724
vn -0.8656 0.2015 -0.4585
vn -0.8630 0.2065 -0.4611
vn -0.9005 0.2245 -0.3724
vn -0.9111 0.2069 -0.3565
vn -0.8200 0.1706 -0.5463
vn -0.8320 0.1957 -0.5190
vn -0.8581 0.2109 -0.4682
vn -0.9300 0.2200 -0.2944
vn -0.9546 0.2068 -0.2142
vn -0.9407 0.2276 -0.2514
vn -0.9638 0.2080 -0.1665
vn -0.9661 0.2037 -0.1585
vn -0.9744 0.2137 -0.0693
vn -0.9701 0.2329 0.0681
vn -0.9752 0.1765 0.1332
vn -0.9628 0.1887 0.1932
vn -0.9621 0.1804 0.2047
vn -0.9520 0.1665 0.2568
vn -0.9519 0.1723 0.2535
vn -0.9585 0.1860 0.2161
vn -0.9452 0.1581 0.2857
vn -0.9444 0.1471 0.2941
vn -0.9507 0.1785 0.2535
vn -0.9450 0.1593 0.2857
vn -0.9451 0.1781 0.2739
vn -0.9528 0.1872 0.2390
vn -0.9433 0.1528 0.2948
vn -0.9439 0.0648 -0.3237
vn -0.9412 0.0600 -0.3324
vn -0.9408 0.0729 -0.3311
vn -0.9458 0.0622 -0.3187
vn -0.9444 0.0592 -0.3233
vn -0.9498 0.0446 -0.3097
vn -0.9505 0.0525 -0.3061
vn -0.9528 0.0448 -0.3004
vn -0.9475 0.0726 -0.3115
vn 0.0649 0.9653 0.2528
vn 0.8677 0.3544 -0.3485
vn 0.9793 0.1493 -0.1365
vn 0.0636 0.9944 0.0847
vn -0.0535 0.4325 0.9001
vn -0.1779 0.7880 0.5894
vn 0.0224 0.3517 0.9358
vn -0.4622 0.5042 0.7295
vn -0.9386 0.2374 -0.2504
vn -0.9572 0.2426 -0.1582
vn -0.9572 0.2424 -0.1579
vn -0.9403 0.2341 -0.2472
vn -0.9038 0.2427 -0.3524
vn -0.9710 0.2342 -0.0477
vn -0.9679 0.2438 -0.0611
vn -0.9724 0.2333 0.0097
vn -0.9771 0.1968 0.0813
vn -0.9689 0.2255 0.1016
vn -0.9585 0.2012 0.2017
vn -0.9586 0.2058 0.1969
vn -0.9465 0.0452 -0.3195
vn -0.9541 0.1041 -0.2806
vn -0.9626 0.0687 -0.2619
vn -0.9499 0.0382 -0.3101
vn 0.9342 0.3077 0.1806
vn 0.9322 0.3226 0.1643
vn 0.5540 0.8294 0.0725
vn 0.6892 0.7026 -0.1771
vn 0.7792 0.4572 0.4288
vn 0.9805 0.0184 0.1958
vn 0.9419 0.3213 0.0975
vn 0.9906 0.0673 0.1187
vn 0.9828 0.0634 0.1733
vn 0.8692 0.4901 -0.0654
vn 0.3427 0.9235 0.1720
vn 0.5451 0.8336 -0.0897
vn 0.8670 0.4974 0.0310
vn 0.9987 0.0262 0.0445
vn 0.8767 0.4767 0.0637
vn 0.3320 0.9414 0.0592
vn 0.8802 0.4688 -0.0742
vn 0.9829 -0.1614 -0.0883
vn 0.9993 -0.0365 0.0088
vn 0.9808 -0.0313 -0.1927
vn 0.9178 0.3913 0.0670
vn 0.3163 0.9475 0.0464
vn 0.8621 0.2857 -0.4186
vn 0.8676 -0.0946 -0.4882
vn 0.8676 -0.0933 -0.4885
vn 0.9485 0.1552 -0.2761
vn -0.2043 0.9099 -0.3611
vn 0.0044 0.9960 -0.0892
vn 0.1124 0.9935 -0.0189
vn 0.1012 0.8004 -0.5909
vn 0.0590 0.4279 -0.9019
vn -0.0756 -0.0284 -0.9967
vn 0.0403 -0.1232 -0.9916
vn 0.1420 0.3593 -0.9223
vn 0.7841 -0.4870 0.3848
vn 0.9831 -0.1214 0.1371
vn 0.3194 -0.5879 0.7432
vn -0.0172 -0.2463 0.9691
vn 0.8571 -0.4387 -0.2701
vn 0.9463 0.1681 -0.2760
vn 0.7866 -0.5025 -0.3589
vn 0.8130 -0.4552 -0.3632
vn 0.3227 -0.0978 -0.9414
vn -0.8053 -0.2392 0.5425
vn 0.8233 -0.5377 -0.1819
vn 0.9953 0.0042 -0.0963
vn 0.0750 0.9957 0.0541
vn 0.0553 0.9954 0.0777
vn 0.1124 0.9754 0.1895
vn 0.1004 0.9829 0.1542
vn 0.9419 0.0093 -0.3359
vn 0.7411 -0.5210 -0.4236
vn 0.7857 -0.4158 -0.4581
vn 0.9619 -0.2734 -0.0032
vn 0.0133 0.9995 -0.0286
vn 0.0725 0.9961 0.0493
vn 0.7434 -0.3010 -0.5973
vn 0.0649 0.9967 0.0489
vn 0.1643 0.0931 -0.9820
vn -0.5105 0.6744 0.5334
vn -0.4793 0.6603 0.5781
vn -0.9359 0.2508 -0.2476
vn -0.9538 0.2531 -0.1620
vn -0.9138 0.2250 -0.3381
vn -0.9075 0.2578 -0.3315
vn -0.9224 0.2640 -0.2819
vn -0.9688 0.2475 0.0126
vn -0.9679 0.2308 0.0999
vn -0.9559 0.2207 0.1938
vn -0.9625 0.0730 -0.2614
vn -0.9646 0.0676 -0.2550
vn -0.9547 0.0160 -0.2970
vn -0.9651 0.1342 -0.2249
vn 0.9696 -0.2443 0.0152
vn 0.9868 -0.1535 -0.0507
vn 0.8983 -0.3787 -0.2227
vn 0.9070 -0.2081 -0.3660
vn 0.3518 -0.7496 -0.5606
vn 0.6061 -0.3544 -0.7120
vn 0.4650 -0.5754 -0.6728
vn 0.5267 -0.1953 -0.8273
vn 0.3304 -0.9269 0.1780
vn 0.8067 -0.5647 -0.1743
vn 0.3541 -0.9066 0.2297
vn 0.3194 -0.5791 0.7501
vn -0.5092 0.6830 0.5236
vn -0.4626 0.7272 0.5071
vn -0.4905 0.7321 0.4727
vn -0.9630 0.2630 -0.0590
vn -0.9652 0.2615 -0.0044
vn -0.9536 0.2758 -0.1207
vn -0.9566 0.2758 -0.0941
vn -0.9642 0.0758 -0.2542
vn -0.9693 0.1201 -0.2146
vn -0.9651 0.1341 -0.2249
vn -0.9713 0.1953 -0.1356
vn 0.9304 -0.3582 -0.0774
vn 0.5698 -0.6500 -0.5027
vn 0.6908 -0.3827 -0.6135
vn -0.5920 0.6930 0.4113
vn -0.4924 0.7442 0.4514
vn -0.9652 0.1542 -0.2114
vn -0.9711 0.1221 -0.2050
vn -0.9674 0.0728 -0.2427
vn -0.9597 0.1463 -0.2399
vn -0.9599 0.2464 -0.1340
vn -0.9677 0.2229 -0.1174
vn -0.9503 0.3035 -0.0699
vn -0.9489 0.3033 -0.0871
vn -0.6255 0.6975 0.3496
vn -0.6030 0.7176 0.3485
vn -0.6140 0.7014 0.3619
vn -0.5032 0.7538 0.4227
vn -0.5191 0.7300 0.4446
vn -0.9492 0.2820 -0.1395
vn -0.9647 0.2357 -0.1177
vn -0.9350 0.3296 -0.1309
vn -0.9610 0.2645 -0.0810
vn -0.9177 0.3930 -0.0586
vn -0.9389 0.3441 -0.0043
vn -0.9109 0.4124 0.0147
vn -0.9202 0.3895 0.0393
vn -0.9124 0.4067 0.0454
vn -0.7881 0.5948 0.1584
vn -0.7068 0.6698 0.2278
vn -0.7190 0.6504 0.2449
vn -0.6868 0.6673 0.2881
vn -0.5727 0.7372 0.3585
vn -0.5740 0.7466 0.3362
vn -0.8775 0.4781 -0.0386
vn -0.9118 0.4103 0.0135
vn -0.9306 0.3480 -0.1138
vn -0.9068 0.4189 -0.0466
vn -0.8795 0.4758 0.0042
vn -0.8300 0.5568 0.0340
vn -0.8481 0.5246 0.0751
vn -0.7895 0.6084 0.0810
vn -0.8104 0.5722 0.1254
vn -0.7683 0.6197 0.1605
vn -0.7703 0.6166 0.1627
vn -0.7689 0.6208 0.1534
vn -0.6855 0.6893 0.2344
vn -0.7216 0.6533 0.2290
vn -0.6676 0.7150 0.2077
vn -0.5882 0.7484 0.3064
vn -0.5913 0.7437 0.3119
vn -0.5880 0.7410 0.3243
vn -0.9561 -0.1308 0.2621
vn -0.9511 -0.1339 0.2784
vn -0.9324 -0.1738 0.3167
vn -0.9402 -0.1568 -0.3023
vn -0.9458 -0.1504 -0.2879
vn -0.5729 -0.1861 0.7982
vn -0.5423 -0.1824 0.8201
vn -0.7852 -0.1385 -0.6036
vn -0.9562 -0.0979 0.2758
vn -0.9445 -0.1292 -0.3021
vn -0.9534 -0.0030 -0.3016
vn -0.9395 -0.1519 -0.3071
vn -0.7347 -0.1367 -0.6645
vn -0.7358 -0.1381 -0.6630
vn -0.7485 0.0192 -0.6629
vn -0.6682 0.0175 -0.7438
vn -0.7597 0.1461 -0.6336
vn -0.6862 0.1755 -0.7059
vn -0.9536 0.0262 0.2998
vn -0.9601 0.0160 0.2793
vn -0.9591 0.0197 0.2825
vn -0.9551 -0.1870 0.2297
vn -0.9807 0.0148 0.1951
vn -0.9752 -0.0128 0.2212
vn -0.9660 -0.0117 -0.2582
vn -0.9653 -0.0095 -0.2610
vn -0.9651 0.0346 -0.2595
vn -0.9495 0.0436 -0.3108
vn -0.9510 0.0340 -0.3073
vn -0.9567 -0.1424 -0.2540
vn -0.9570 -0.1497 -0.2484
vn -0.5096 0.0950 0.8551
vn -0.4925 -0.1933 0.8486
vn -0.4829 0.0762 0.8724
vn -0.9531 0.1178 0.2786
vn -0.9536 0.1098 0.2804
vn -0.9601 0.0968 0.2625
vn -0.9753 0.1058 0.1941
vn -0.9752 0.1103 0.1921
vn -0.4753 0.4219 0.7721
vn -0.4769 0.3627 0.8006
vn -0.7936 0.1780 -0.5818
vn -0.7880 0.2040 -0.5809
vn -0.7875 0.2046 -0.5814
vn -0.7301 0.1847 -0.6579
vn -0.9501 0.1397 0.2791
vn -0.9502 0.1509 0.2728
vn -0.9482 0.1463 0.2819
vn -0.9521 0.1490 0.2670
vn -0.9650 0.1082 0.2391
vn -0.9527 0.1330 0.2734
vn -0.9643 0.1142 0.2388
vn -0.9673 0.1271 0.2196
vn -0.9573 0.1454 0.2498
vn -0.9762 0.1013 0.1915
vn -0.9772 0.1140 0.1789
vn -0.9634 0.0514 -0.2632
vn -0.9529 0.0277 -0.3020
vn -0.9508 0.0435 -0.3068
vn -0.9584 0.0306 -0.2837
vn -0.9634 0.0512 -0.2630
vn -0.9640 0.0247 -0.2647
vn -0.9774 0.0405 -0.2075
vn -0.9533 0.0439 -0.2989
vn 0.0052 0.9938 -0.1112
vn 0.0314 0.9973 -0.0659
vn 0.0019 0.9988 -0.0488
vn 0.8842 0.4662 -0.0294
vn 0.0049 0.9999 0.0159
vn 0.5092 0.7476 0.4263
vn 0.8575 0.3162 0.4059
vn -0.0025 0.9965 -0.0835
vn 0.0017 1.0000 0.0053
vn 0.9166 0.3235 0.2351
vn 0.5129 0.7793 0.3601
vn 0.8923 0.4032 0.2031
vn 0.8689 0.4055 0.2839
vn -0.0049 0.9996 -0.0275
vn 0.7705 0.6370 -0.0236
vn -0.0028 0.9999 0.0144
vn 0.4466 0.7999 0.4010
vn 0.8048 0.4481 0.3893
vn -0.0090 0.9982 -0.0598
vn -0.0050 0.9998 0.0182
vn 0.7622 0.4409 0.4740
vn 0.4531 0.8332 0.3169
vn 0.8589 0.4946 0.1331
vn 0.8104 0.5023 0.3017
vn -0.0071 1.0000 -0.0004
vn 0.6958 0.7182 0.0066
vn -0.0090 0.9994 -0.0337
vn -0.0066 0.9995 0.0293
vn 0.7871 0.6162 0.0294
vn -0.0070 0.9997 0.0232
vn 0.6889 0.6979 0.1958
vn -0.0080 0.9996 0.0287
vn 0.8839 0.4655 0.0453
vn -0.0066 0.9987 0.0514
vn 0.7718 0.4599 0.4391
vn 0.4417 0.7891 0.4269
vn 0.8552 0.3497 0.3825
vn -0.0152 0.9994 -0.0305
vn -0.0077 0.9958 0.0916
vn 0.8979 0.3517 0.2646
vn 0.4599 0.8437 0.2769
vn 0.9078 0.4146 0.0634
vn 0.8612 0.4243 0.2798
vn -0.0220 0.9994 0.0284
vn 0.6664 0.7450 0.0311
vn -0.0279 0.9985 -0.0462
vn -0.0231 0.9995 0.0198
vn -0.0146 0.9871 0.1595
vn -0.0172 0.9989 0.0446
vn 0.7289 0.6830 0.0464
vn -0.0219 0.9997 -0.0060
vn 0.6595 0.7394 0.1354
vn -0.0173 0.9990 0.0421
vn 0.7817 0.6220 0.0440
vn -0.0172 0.9989 0.0441
vn 0.7225 0.6817 0.1154
vn -0.0169 0.9993 0.0323
vn 0.0272 0.9950 0.0964
vn 0.6170 0.7795 0.1084
vn -0.0178 0.9998 0.0132
vn -0.0358 0.9924 -0.1174
vn -0.0159 0.9997 -0.0178
vn -0.0188 0.9994 -0.0274
vn -0.0203 0.9992 -0.0347
vn 0.7772 0.6289 0.0203
vn 0.0422 0.9990 -0.0157
vn 0.0420 0.9991 -0.0072
vn 0.6055 0.7957 -0.0113
vn 0.0444 0.9990 -0.0026
vn 0.6954 0.7128 -0.0912
vn 0.0074 0.9959 -0.0902
vn 0.5948 0.7971 -0.1041
vn 0.0419 0.9990 0.0134
vn 0.6065 0.7855 -0.1229
vn 0.0194 0.9919 0.1255
vn 0.5419 0.7452 -0.3885
vn -0.0025 0.9967 -0.0806
vn 0.0064 0.9972 0.0748
vn -0.0019 0.9972 -0.0747
vn 0.1091 0.9847 0.1361
vn 0.9371 0.3274 0.1210
vn 0.0202 0.9995 -0.0228
vn 0.0148 0.9973 -0.0723
vn 0.0274 0.9994 -0.0225
vn 0.0277 0.9994 -0.0216
vn 0.9236 0.3338 -0.1887
vn 0.9214 0.3369 -0.1935
vn 0.1660 0.9856 -0.0335
vn 0.8527 0.5187 -0.0628
vn 0.1076 0.9905 -0.0855
vn 0.8361 0.5245 -0.1609
vn 0.1251 0.9919 -0.0212
vn 0.6288 0.6606 -0.4102
vn 0.1655 0.9860 0.0208
vn 0.6139 0.5471 -0.5690
vn 0.7719 0.6053 -0.1943
vn 0.0642 0.9888 -0.1348
vn 0.9110 0.3653 -0.1911
vn 0.1190 0.9892 0.0850
vn 0.8973 0.3657 -0.2474
vn 0.8544 0.4170 -0.3099
vn 0.0044 0.9826 -0.1859
vn 0.8840 0.3830 -0.2679
vn 0.0620 0.9976 0.0321
vn 0.8996 0.3812 -0.2129
vn -0.0008 1.0000 -0.0065
vn 0.9386 0.3407 -0.0542
vn 0.0046 0.9957 0.0921
vn 0.9126 0.3471 -0.2159
vn 0.0015 0.9937 0.1118
vn 0.6686 0.4494 -0.5924
vn -0.0006 0.9974 0.0721
vn 0.6366 0.3804 -0.6708
vn 0.8726 0.4405 -0.2112
vn 0.0042 0.9923 0.1241
vn 0.9998 -0.0181 -0.0047
vn 0.0014 0.9976 0.0698
vn 0.9809 -0.0212 -0.1931
vn 0.8481 0.2172 -0.4833
vn 0.0039 0.9607 0.2774
vn 0.9978 0.0424 0.0514
vn 0.0046 0.9587 0.2845
vn 0.9966 0.0344 -0.0748
vn 0.0082 0.9313 0.3642
vn 0.9997 0.0138 0.0195
vn 0.9966 0.0212 0.0794
vn 0.0091 0.8789 0.4769
vn 0.0088 0.8792 0.4764
vn 0.9507 -0.1772 0.2547
vn 0.7901 -0.0866 0.6069
vn 0.7904 -0.0865 0.6064
vn 0.0114 0.8984 0.4391
vn 0.0120 0.8984 0.4391
vn -0.5708 0.4015 0.7163
vn -0.6219 0.3668 0.6918
vn -0.6050 0.7573 0.2458
vn -0.4720 0.2766 0.8371
vn -0.5801 0.7806 0.2327
vn -0.4859 0.7008 0.5223
vn -0.9974 0.0651 -0.0296
vn -0.9821 0.0250 0.1865
vn -0.9993 0.0163 0.0344
vn -0.0081 0.9998 -0.0169
vn -0.9892 0.1195 -0.0853
vn 0.0029 0.9976 0.0685
vn 0.0026 0.9978 0.0660
vn 0.0040 0.9966 0.0825
vn -0.9974 0.0650 -0.0321
vn -0.4325 0.8437 -0.3181
vn -0.9372 0.1751 -0.3017
vn 0.0034 0.9957 0.0923
vn -0.0080 0.9999 0.0083
vn -0.4368 0.8629 -0.2541
vn -0.9681 0.2504 -0.0056
vn -0.9486 0.3079 -0.0731
vn 0.0059 1.0000 0.0056
vn -0.6782 0.7348 0.0127
vn 0.0029 0.9998 -0.0213
vn 0.0026 0.9998 -0.0193
vn 0.0113 0.9996 0.0247
vn 0.0093 0.9996 0.0250
vn 0.0054 0.9999 0.0120
vn -0.7094 0.7008 -0.0744
vn -0.0073 0.9994 -0.0340
vn -0.7648 0.6441 -0.0160
vn 0.0059 0.9998 0.0182
vn -0.0031 0.9996 0.0274
vn -0.9124 0.4085 -0.0274
vn -0.0075 1.0000 0.0008
vn -0.7805 0.4007 -0.4799
vn -0.8769 0.4654 -0.1199
vn -0.0084 0.9979 -0.0650
vn -0.9218 0.3829 -0.0601
vn 0.0059 0.9978 0.0667
vn 0.0054 0.9978 0.0662
vn 0.0063 0.9973 0.0729
vn 0.0070 0.9973 0.0728
vn 0.0071 0.9967 0.0806
vn -0.9068 0.4089 -0.1028
vn -0.0250 0.9955 -0.0910
vn -0.9333 0.3485 -0.0864
vn -0.0090 0.9990 0.0447
vn -0.9136 0.3824 -0.1384
vn -0.0604 0.9782 -0.1989
vn -0.9355 0.3147 -0.1606
vn -0.0252 0.9983 -0.0528
vn -0.9126 0.3481 -0.2146
vn -0.2543 0.7956 -0.5498
vn -0.6670 0.4337 -0.6058
vn -0.1138 0.9095 -0.3998
vn -0.1263 0.8834 -0.4512
vn -0.0354 0.9993 -0.0092
vn -0.8599 0.3027 -0.4110
vn -0.2976 0.3702 -0.8800
vn -0.1167 0.6452 -0.7550
vn -0.5151 0.5697 -0.6404
vn -0.1271 0.7937 -0.5948
vn -0.2592 0.8010 -0.5397
vn -0.2038 0.7815 -0.5897
vn -0.6241 0.7807 -0.0322
vn -0.4444 0.8673 -0.2243
vn -0.3158 0.8729 -0.3719
vn -0.6557 0.7548 0.0188
vn -0.6196 0.7831 -0.0546
vn -0.6086 0.7905 0.0692
vn -0.6052 0.7396 0.2944
vn -0.3502 0.8864 0.3028
vn -0.2978 0.7827 0.5466
vn -0.3846 0.8223 0.4193
vn -0.0292 0.9212 0.3880
vn -0.0217 0.8782 0.4778
vn -0.1778 0.8663 0.4669
vn -0.9482 0.2919 0.1250
vn -0.0928 0.7655 0.6366
vn -0.2452 0.6361 0.7316
vn -0.8125 0.1766 0.5555
vn -0.9486 0.2060 0.2404
vn -0.9339 0.3445 0.0955
vn -0.9399 0.2894 0.1814
vn -0.9058 0.4172 0.0738
vn -0.9180 0.3455 0.1948
vn -0.8586 0.5098 0.0538
vn -0.8861 0.4189 0.1985
vn -0.6725 0.4190 0.6101
vn -0.6563 0.3774 0.6533
vn -0.9797 0.1940 0.0498
vn -0.9040 0.0964 0.4165
vn -0.9758 0.0985 0.1953
vn -0.9645 0.2595 0.0491
vn -0.9681 0.1961 0.1557
vn -0.9432 0.3304 0.0346
vn -0.9550 0.2637 0.1361
vn 0.0011 0.9999 -0.0121
vn -0.8132 0.5814 -0.0250
vn 0.0097 0.9972 0.0742
vn 0.0094 0.9972 0.0742
vn 0.0082 0.9981 0.0611
vn 0.0084 0.9981 0.0609
vn 0.0071 0.9989 0.0466
vn 0.0059 0.9997 0.0254
vn 0.0055 0.9997 0.0254
vn 0.0044 1.0000 0.0067
vn 0.0046 1.0000 0.0064
vn 0.0042 1.0000 0.0028
vn -0.8711 0.4851 0.0765
vn -0.8457 0.2924 0.4464
vn -0.0098 0.9989 -0.0464
vn -0.8250 0.5630 -0.0488
vn 0.0005 0.9984 0.0558
vn -0.8129 0.5774 -0.0761
vn -0.0766 0.9878 -0.1354
vn -0.9270 0.3268 -0.1843
vn -0.0106 0.9999 0.0051
vn -0.8094 0.2643 -0.5245
vn -0.9310 0.3208 -0.1741
vn -0.0774 0.9874 -0.1380
vn -0.9474 0.2819 -0.1516
vn -0.9203 0.3254 -0.2172
vn -0.0587 0.9877 -0.1447
vn -0.9331 0.2644 -0.2436
vn -0.0709 0.9803 -0.1846
vn -0.0999 0.9431 -0.3171
vn -0.1089 0.9219 -0.3717
vn -0.9207 0.2826 -0.2692
vn -0.0959 0.9303 -0.3541
vn -0.8448 0.2545 -0.4708
vn -0.0122 0.9653 -0.2608
vn -0.0572 0.9073 -0.4165
vn -0.8420 0.2569 -0.4743
vn -0.2197 0.1909 -0.9567
vn 0.0008 0.4564 -0.8898
vn -0.4442 0.3882 -0.8074
vn 0.5939 0.5566 -0.5809
vn 0.0587 0.4567 -0.8877
vn -0.0495 0.5198 -0.8529
vn -0.0420 0.6375 -0.7693
vn 0.0153 0.6526 -0.7576
vn -0.0735 0.6393 -0.7654
vn -0.0548 0.6398 -0.7666
vn -0.0969 0.8312 -0.5475
vn -0.5279 0.6607 -0.5337
vn -0.5247 0.6618 -0.5355
vn -0.1924 0.6831 -0.7045
vn -0.0757 0.9784 -0.1924
vn -0.5009 0.8471 -0.1775
vn 0.0279 0.9991 -0.0316
vn -0.0137 0.9999 0.0072
vn -0.7922 0.6100 -0.0190
vn -0.4572 0.6560 -0.6006
vn -0.6939 0.6877 -0.2135
vn -0.4581 0.6566 -0.5993
vn -0.1296 0.9858 -0.1065
vn -0.7829 0.6218 0.0212
vn -0.0106 0.9999 0.0018
vn 0.0006 0.9997 0.0235
vn -0.0008 0.9998 0.0183
vn -0.0009 0.9998 0.0174
vn -0.0014 0.9999 0.0139
vn -0.0012 0.9999 0.0152
vn 0.0094 0.9940 0.1091
vn -0.0131 0.9908 -0.1345
vn -0.7928 0.6051 0.0731
vn -0.1703 0.9756 0.1382
vn -0.5497 0.6707 0.4980
vn -0.1311 0.9820 0.1362
vn -0.5170 0.5267 0.6747
vn -0.6331 0.6362 0.4409
vn -0.1292 0.9906 -0.0443
vn -0.2416 0.5216 0.8183
vn -0.1550 0.9865 -0.0530
vn -0.7163 0.5251 0.4595
vn -0.5700 0.5845 0.5774
vn -0.1010 0.9946 -0.0248
vn -0.2029 -0.1920 0.9602
vn -0.7278 0.2845 0.6239
vn -0.1161 0.9924 -0.0399
vn -0.9855 0.1697 -0.0001
vn -0.9705 0.2249 -0.0865
vn -0.2758 0.9366 -0.2162
vn -0.9308 0.1247 -0.3435
vn -0.1680 0.9795 -0.1111
vn -0.8801 0.1881 -0.4359
vn -0.4813 0.1090 -0.8698
vn -0.2544 0.9285 -0.2705
vn -0.8758 0.0842 -0.4753
vn -0.2676 0.9202 -0.2856
vn -0.7787 0.1871 -0.5989
vn -0.5424 0.1701 -0.8227
vn -0.3759 0.0657 -0.9243
vn -0.3285 0.1374 -0.9345
vn -0.4508 0.1305 -0.8830
vn -0.0001 0.9984 -0.0557
vn -0.3478 0.8370 -0.4224
vn -0.8127 0.0548 -0.5801
vn -0.6963 0.1826 -0.6941
vn -0.4226 0.2031 -0.8833
vn -0.0351 0.9988 0.0343
vn -0.0351 0.9973 -0.0650
vn -0.0107 0.9999 0.0045
vn 0.0195 0.9993 0.0310
vn 0.0633 0.9980 -0.0008
vn 0.0007 0.9994 -0.0356
vn -0.0007 0.9995 -0.0319
vn 0.0002 0.9995 -0.0319
vn -0.0016 0.9995 -0.0317
vn -0.0009 0.9994 -0.0341
vn -0.0004 0.9995 -0.0325
vn 0.0089 0.9994 -0.0327
vn -0.0017 0.9977 -0.0671
vn 0.0161 0.9979 -0.0621
vn -0.0014 0.9993 -0.0378
vn -0.0486 0.9983 -0.0307
vn -0.0187 0.9987 -0.0482
vn 0.0385 0.9991 0.0170
vn -0.0494 0.9987 0.0151
vn 0.0642 0.9972 0.0371
vn 0.0217 0.9998 -0.0046
vn 0.0094 0.9993 -0.0366
vn -0.0069 0.9187 -0.3948
vn -0.1658 0.9726 -0.1629
vn 0.0900 0.9827 -0.1616
vn 0.0677 0.9608 -0.2687
vn 0.0587 0.9410 -0.3333
vn -0.0539 0.9984 0.0138
vn -0.0990 0.9951 -0.0036
vn -0.1705 0.9813 -0.0890
vn -0.0081 0.9637 -0.2670
vn -0.2180 -0.9521 -0.2146
vn 0.0030 -0.3540 0.9353
vn -0.0090 0.9626 -0.2709
vn -0.0613 -0.8388 -0.5410
vn -0.9929 -0.0140 -0.1180
vn -0.8220 -0.5664 -0.0597
vn 0.5713 -0.8018 -0.1752
vn 0.0167 -0.3620 0.9320
vn 0.0194 0.9948 -0.0995
vn 0.0200 0.9971 -0.0737
vn 0.1099 -0.8325 -0.5429
vn 0.9971 0.0175 -0.0746
vn -0.0069 0.9561 -0.2931
vn -0.0052 0.9865 -0.1635
vn 0.0736 0.9847 -0.1579
vn -0.0240 0.9458 -0.3238
vn -0.7028 0.2454 -0.6677
vn -0.0145 0.9513 -0.3080
vn -0.0115 0.9542 -0.2989
vn -0.0020 0.9661 -0.2580
vn -0.0030 0.9644 -0.2643
vn -0.0046 0.9612 -0.2759
vn -0.0080 0.9528 -0.3036
vn -0.0417 0.9958 -0.0815
vn -0.1582 0.2663 -0.9508
vn -0.5440 0.3582 -0.7588
vn -0.2463 0.3610 -0.8995
vn -0.1315 0.1382 -0.9816
vn -0.0525 0.1213 -0.9912
vn -0.1248 0.1293 -0.9837
vn -0.0255 0.1893 -0.9816
vn -0.1093 0.1910 -0.9755
vn -0.0068 0.2537 -0.9673
vn -0.0508 0.2164 -0.9750
vn -0.0044 0.2533 -0.9674
vn -0.0026 0.2085 -0.9780
vn 0.0337 0.2115 -0.9768
vn -0.0046 0.1546 -0.9880
vn 0.0571 0.1587 -0.9857
vn 0.9369 -0.0517 -0.3457
vn 0.2044 -0.0331 -0.9783
vn 0.2193 0.2172 -0.9512
vn 0.7081 0.2059 -0.6755
vn 0.1270 0.0565 -0.9903
vn 0.4174 0.0864 -0.9046
vn 0.9397 -0.1261 -0.3180
vn 0.4486 -0.1665 -0.8781
vn 0.1965 0.0045 -0.9805
vn 0.7903 0.0501 -0.6107
vn 0.9824 -0.1818 -0.0434
vn 0.6248 -0.2560 -0.7377
vn 0.8859 0.1257 -0.4464
vn 0.0297 0.6540 0.7559
vn -0.4575 0.6568 0.5994
vn 0.0306 0.6535 0.7563
vn 0.1124 0.6577 0.7448
vn 0.1237 0.6549 0.7456
vn 0.0986 0.9460 0.3089
vn 0.8654 0.4983 0.0526
vn 0.4012 0.9155 -0.0294
vn 0.2925 0.8789 0.3768
vn 0.6409 0.6470 0.4131
vn 0.0931 0.9819 0.1649
vn 0.0016 0.9998 -0.0195
vn 0.0358 0.3342 0.9418
vn 0.2478 0.9670 0.0591
vn 0.6215 0.6016 0.5018
vn 0.7135 0.6553 0.2478
vn 0.0824 0.9965 0.0137
vn 0.1566 0.9804 0.1197
vn 0.0017 0.9999 0.0102
vn 0.1021 0.9947 0.0105
vn -0.0126 0.9994 -0.0323
vn 0.0130 0.9983 -0.0567
vn 0.0728 0.9972 -0.0153
vn 0.0729 0.9973 -0.0091
vn 0.0098 0.9977 -0.0670
vn 0.0099 0.9977 -0.0667
vn 0.0601 0.9981 -0.0158
vn 0.0086 0.9966 -0.0819
vn 0.0082 0.9966 -0.0818
vn 0.0421 0.9969 -0.0667
vn 0.0420 0.9969 -0.0664
vn 0.0074 0.9961 -0.0880
vn 0.0282 0.9957 -0.0883
vn 0.0057 0.9951 -0.0991
vn 0.0061 0.9951 -0.0990
vn 0.0189 0.9949 -0.0991
vn 0.0046 0.9938 -0.1113
vn 0.0042 0.9938 -0.1112
vn 0.0113 0.9932 -0.1155
vn 0.0116 0.9933 -0.1153
vn 0.0109 0.9933 -0.1151
vn 0.0110 0.9933 -0.1148
vn -0.0170 0.9934 -0.1136
vn -0.0170 0.9934 -0.1133
vn 0.0044 0.9957 -0.0929
vn -0.0321 0.9958 -0.0855
vn -0.0296 0.9958 -0.0867
vn 0.0203 0.9980 -0.0591
vn -0.0247 0.9980 -0.0585
vn 0.0273 0.9980 -0.0575
vn 0.0287 0.6650 -0.7463
vn 0.2606 0.7085 -0.6558
vn 0.5263 0.6490 -0.5494
vn 0.3107 0.7508 -0.5830
vn -0.0078 0.9986 -0.0521
vn 0.0328 0.9991 -0.0281
vn 0.0252 0.9676 -0.2511
vn -0.0028 0.6580 -0.7530
vn 0.0548 0.6596 -0.7496
vn -0.6324 0.4886 -0.6011
vn -0.1029 0.6335 -0.7669
vn 0.1310 0.5927 -0.7947
vn 0.0878 0.9961 0.0099
vn 0.5463 0.3485 -0.7617
vn 0.8010 0.5987 -0.0093
vn 0.8013 0.5981 -0.0113
vn -0.0212 0.6296 -0.7767
vn 0.0825 0.9959 -0.0380
vn 0.0028 0.9979 -0.0654
vn 0.0254 0.9990 -0.0359
vn -0.0106 0.9998 -0.0149
vn -0.0682 0.9975 -0.0160
vn 0.0026 1.0000 0.0049
vn -0.0084 0.9999 -0.0081
vn -0.0601 0.9982 -0.0039
vn -0.0672 0.9977 0.0123
vn -0.0055 1.0000 0.0009
vn -0.0066 0.9987 0.0502
vn -0.0083 0.9999 -0.0114
vn -0.0107 0.9990 0.0439
vn -0.0010 0.9997 0.0247
vn -0.0509 0.9985 0.0209
vn -0.4407 -0.6815 -0.5842
vn -0.0257 -0.9977 0.0626
vn -0.1597 0.8519 0.4988
vn 0.0260 0.9981 -0.0562
vn -0.5755 -0.7891 0.2147
vn -0.0880 0.9943 0.0596
vn -0.5078 0.6476 -0.5681
vn 0.0142 0.9988 0.0462
vn -0.0674 0.9967 0.0453
vn -0.0007 0.9996 -0.0299
vn -0.0634 0.9980 0.0030
vn -0.0551 0.9985 0.0035
vn -0.0600 0.9981 0.0135
vn -0.0544 0.9985 0.0073
vn -0.0539 0.9972 0.0512
vn -0.0471 0.9965 0.0688
vn -0.0026 0.9986 0.0521
vn 0.0688 0.9976 0.0026
vn 0.0805 0.9966 0.0181
vn 0.0465 0.9971 0.0605
vn 0.0769 0.9970 0.0084
vn 0.0122 0.9974 -0.0708
vn 0.0089 0.9980 -0.0632
vn 0.0110 0.9980 -0.0629
vn 0.0567 0.9984 -0.0041
vn 0.0650 0.9979 -0.0032
vn -0.0332 0.9969 -0.0709
vn -0.0507 -0.7776 0.6267
vn -0.0281 0.9975 -0.0644
vn 0.0480 0.9988 0.0053
vn 0.0038 0.9995 -0.0324
vn 0.0101 0.9997 -0.0243
vn -0.0814 0.9964 0.0256
vn 0.0120 0.9984 -0.0551
vn -0.6174 -0.7809 0.0948
vn -0.0756 0.9960 -0.0476
vn -0.0720 0.9962 -0.0481
vn 0.0152 -0.8218 -0.5696
vn 0.0646 0.9978 -0.0150
vn -0.0862 0.9958 -0.0294
vn -0.0848 0.9961 -0.0261
vn -0.6462 -0.6592 0.3846
vn 0.4206 0.8013 -0.4254
vn -0.0224 -0.9989 -0.0412
vn 0.0208 0.9997 0.0151
vn 0.5688 0.5887 0.5744
vn 0.0735 0.9966 -0.0360
vn -0.0522 0.6425 0.7645
vn -0.3890 -0.6515 0.6513
vn 0.1089 -0.9906 0.0831
vn 0.6317 -0.5877 -0.5055
vn 0.0617 0.9974 -0.0376
vn -0.1666 0.6489 0.7424
vn 0.0172 0.9990 0.0407
vn 0.7999 0.5911 0.1038
vn 0.0182 0.9991 0.0372
vn 0.0667 0.9963 -0.0543
vn -0.0085 0.9990 -0.0445
vn -0.5503 0.6695 0.4990
vn -0.0173 0.9989 -0.0425
vn 0.0070 0.9999 0.0089
vn 0.0066 0.9999 0.0159
vn 0.0273 0.9988 0.0409
vn -0.0155 0.9998 0.0101
vn 0.0231 0.9991 0.0363
vn 0.0274 0.9994 0.0202
vn 0.0768 0.9970 0.0127
vn 0.0736 0.9968 -0.0322
vn 0.0191 0.9997 0.0155
vn 0.0206 0.9989 0.0410
vn 0.0069 0.9998 -0.0167
vn 0.0076 0.9998 -0.0165
vn 0.0269 0.9990 -0.0362
vn 0.0273 0.9990 -0.0356
vn -0.0050 1.0000 -0.0053
vn 0.0465 0.9989 -0.0049
vn -0.0047 0.9996 -0.0288
vn 0.0267 0.9989 -0.0375
vn 0.0064 0.9993 -0.0369
vn 0.0061 0.9993 -0.0363
vn -0.0490 0.9988 0.0089
vn -0.0605 0.9982 -0.0025
vn -0.0428 0.9986 -0.0310
vn -0.0356 0.9975 0.0611
vn -0.0399 0.9986 0.0350
vn -0.0155 0.9980 0.0617
vn -0.0100 0.9996 0.0274
vn 0.0241 0.9993 0.0284
vn -0.0187 0.9997 0.0184
vn -0.0098 0.9999 -0.0101
vn 0.0222 0.9989 0.0403
vn -0.0123 0.9995 -0.0292
vn 0.0076 0.9991 -0.0421
vn -0.0534 0.9985 -0.0103
vn 0.0047 0.9960 -0.0890
vn -0.0307 0.9991 -0.0289
vn -0.0181 0.9997 0.0178
vn -0.0076 0.9984 0.0569
vn -0.0202 0.9996 0.0180
vn 0.0535 0.9973 -0.0508
vn 0.0688 0.9971 -0.0323
vn 0.0705 0.9972 -0.0236
vn -0.0751 0.3855 0.9197
vn -0.4584 0.4813 0.7471
vn -0.3761 0.6632 0.6471
vn -0.8544 0.2295 -0.4662
vn -0.8576 0.2243 -0.4629
vn -0.7850 0.2163 -0.5805
vn 0.9477 -0.1923 0.2546
vn 0.7899 -0.1431 0.5964
vn 0.7902 -0.1432 0.5959
vn 0.7923 0.2145 0.5712
vn 0.7926 0.2146 0.5708
vn 0.7924 0.2152 0.5708
vn 0.9897 -0.1253 0.0695
vn 0.9806 0.0524 -0.1891
vn 0.9879 -0.1333 -0.0791
vn 0.9861 -0.1092 -0.1251
vn 0.9813 -0.0578 -0.1835
vn 0.9617 0.1453 -0.2322
vn -0.9512 0.1551 0.2668
vn -0.9516 0.1554 0.2652
vn -0.9572 0.1543 0.2447
vn -0.9571 0.0037 -0.2898
vn -0.9541 0.0169 -0.2991
vn -0.9585 0.0038 -0.2850
vn -0.9631 -0.0113 -0.2688
vn -0.9691 0.0089 -0.2465
vn 0.8984 0.3265 0.2937
vn 0.9432 0.1062 0.3148
vn 0.9443 0.1076 0.3111
vn 0.9455 0.1409 0.2935
vn 0.9665 0.0497 0.2518
vn 0.9677 0.0584 0.2454
vn 0.0590 -0.1217 -0.9908
vn 0.0194 -0.2483 0.9685
vn 0.0018 -0.2434 0.9699
vn 0.6434 -0.5191 -0.5627
vn 0.6459 -0.5887 -0.4861
vn 0.6437 -0.5185 -0.5628
vn -0.4018 0.6842 0.6086
vn -0.7680 0.2344 -0.5960
vn 0.9442 -0.1012 0.3135
vn 0.9825 -0.1495 0.1111
vn 0.6332 -0.4184 0.6512
vn 0.6329 -0.4181 0.6516
vn 0.9879 -0.1339 -0.0784
vn -0.9524 0.1875 0.2404
vn -0.9671 0.1369 0.2142
vn -0.9606 0.0148 -0.2775
vn 0.9548 -0.0371 0.2950
vn 0.9732 -0.0596 0.2221
vn 0.9657 -0.0020 0.2597
vn 0.9657 -0.0986 0.2402
vn 0.9761 -0.0524 0.2108
vn 0.9836 -0.1038 0.1477
vn 0.9756 -0.1279 0.1787
vn 0.0395 -0.1312 -0.9906
vn 0.9367 -0.1630 -0.3100
vn 0.9551 -0.2857 -0.0790
vn 0.6614 -0.6393 -0.3923
vn 0.6774 -0.4875 -0.5509
vn 0.7475 -0.5820 0.3202
vn 0.6200 -0.7560 -0.2098
vn 0.6256 -0.6920 -0.3603
vn 0.6178 -0.7534 -0.2252
vn 0.2807 -0.0241 -0.9595
vn -0.6856 -0.4130 0.5995
vn -0.3702 0.7313 0.5728
vn -0.4053 0.7448 0.5301
vn -0.8530 0.2481 -0.4592
vn -0.8968 0.2634 -0.3555
vn -0.8289 0.2671 -0.4915
vn -0.7660 0.2440 -0.5948
vn -0.7810 0.2669 -0.5646
vn -0.9599 0.2545 0.1177
vn -0.9556 0.2565 0.1447
vn -0.9403 0.2471 0.2338
vn -0.9402 0.2470 0.2344
vn -0.9396 0.2591 0.2237
vn -0.9150 0.3503 0.2001
vn -0.9251 0.2873 0.2484
vn -0.9605 0.0319 -0.2764
vn -0.9578 0.0394 -0.2848
vn -0.9576 0.0523 -0.2834
vn 0.9578 -0.1418 0.2501
vn 0.9586 -0.1786 0.2216
vn 0.9726 -0.1423 0.1840
vn 0.9700 -0.1040 0.2197
vn 0.9472 -0.2358 0.2174
vn 0.9723 -0.1752 0.1546
vn 0.9471 -0.2851 0.1477
vn 0.9671 -0.2360 0.0949
vn 0.9786 -0.1976 0.0580
vn 0.9427 -0.3292 0.0544
vn 0.9592 -0.2828 0.0038
vn 0.9287 -0.3373 -0.1541
vn 0.9133 -0.4018 -0.0665
vn 0.4358 -0.2043 -0.8766
vn 0.1716 -0.1192 -0.9779
vn 0.1306 -0.1450 -0.9808
vn 0.7465 -0.2264 -0.6257
vn 0.5712 -0.2439 -0.7837
vn 0.9315 -0.2933 0.2151
vn 0.6587 -0.5923 0.4640
vn 0.0760 -0.2390 0.9680
vn 0.1162 -0.2107 0.9706
vn 0.5836 -0.8120 0.0053
vn 0.3651 -0.9112 0.1906
vn -0.3955 0.7509 0.5289
vn -0.8573 0.3308 -0.3944
vn -0.8334 0.3217 -0.4494
vn -0.9535 0.2995 0.0346
vn -0.9437 0.3136 0.1056
vn -0.9435 0.3219 0.0785
vn -0.9171 0.3419 0.2048
vn -0.9027 0.3824 0.1970
vn -0.9095 0.3435 0.2342
vn -0.9002 0.3779 0.2166
vn -0.8163 0.4962 0.2958
vn -0.8355 0.4899 0.2489
vn -0.9594 0.1023 -0.2628
vn -0.9674 0.0430 -0.2497
vn -0.9686 0.1121 -0.2219
vn 0.9419 -0.2795 0.1862
vn 0.9632 -0.2358 0.1288
vn 0.9512 -0.2287 0.2072
vn 0.9299 -0.3343 0.1533
vn 0.9542 -0.2874 0.0832
vn 0.9139 -0.3951 0.0934
vn 0.9375 -0.3456 0.0411
vn 0.8940 -0.4479 0.0131
vn 0.9205 -0.3872 -0.0519
vn 0.8662 -0.4783 -0.1447
vn 0.8793 -0.4376 -0.1879
vn 0.7485 -0.3453 -0.5661
vn 0.7800 -0.2574 -0.5704
vn 0.7860 -0.4382 -0.4361
vn 0.6969 -0.3233 -0.6402
vn -0.4956 0.7407 0.4536
vn -0.4373 0.7710 0.4630
vn -0.3865 0.7697 0.5081
vn -0.9155 0.3358 -0.2215
vn -0.9109 0.3345 -0.2417
vn -0.8899 0.3514 -0.2909
vn -0.8581 0.3540 -0.3720
vn -0.9284 0.3686 -0.0469
vn -0.9291 0.3695 -0.0162
vn -0.8948 0.3968 0.2048
vn -0.9010 0.4002 0.1675
vn -0.6434 0.7027 0.3039
vn -0.5478 0.7657 0.3370
vn -0.7266 0.6136 0.3091
vn -0.0876 0.9651 0.2467
vn -0.1366 0.9563 0.2587
vn -0.9501 0.1607 -0.2674
vn -0.9509 0.2041 -0.2326
vn -0.9456 0.1686 -0.2781
vn -0.9582 0.1860 -0.2173
vn -0.9578 0.2383 -0.1608
vn 0.8564 -0.5163 0.0065
vn 0.8115 -0.5821 -0.0506
vn 0.8525 -0.5118 -0.1065
vn 0.7654 -0.6173 -0.1818
vn 0.8122 -0.5273 -0.2497
vn 0.6382 -0.6259 -0.4482
vn 0.7046 -0.5057 -0.4978
vn -0.4597 0.7798 0.4250
vn -0.4533 0.7678 0.4528
vn -0.4242 0.7934 0.4365
vn -0.9048 0.4154 -0.0934
vn -0.9019 0.4148 -0.1209
vn -0.8884 0.4463 0.1072
vn -0.8890 0.4520 0.0732
vn -0.8073 0.5559 0.1981
vn -0.8161 0.5367 0.2143
vn -0.6913 0.6271 0.3590
vn -0.5399 0.7370 0.4066
vn 0.1114 0.8997 0.4221
vn 0.1811 0.8946 0.4085
vn 0.1663 0.8415 0.5140
vn -0.9265 0.2972 -0.2310
vn -0.8790 0.3688 -0.3024
vn -0.9552 0.1402 -0.2605
vn -0.8735 0.3990 -0.2789
vn -0.9215 0.3262 -0.2109
vn -0.9228 0.3576 -0.1432
vn -0.9389 0.3236 -0.1178
vn -0.5777 0.7426 0.3387
vn -0.4735 0.7967 0.3756
vn -0.4715 0.7990 0.3731
vn -0.4459 0.7919 0.4173
vn -0.8553 0.4807 -0.1934
vn -0.8038 0.5484 -0.2305
vn -0.6997 0.6343 -0.3288
vn -0.8568 0.4943 -0.1465
vn -0.8708 0.4757 -0.1239
vn -0.8463 0.5297 -0.0572
vn -0.8384 0.5450 -0.0093
vn -0.8594 0.5112 0.0100
vn -0.8170 0.5765 0.0064
vn -0.8396 0.5411 0.0475
vn -0.8025 0.5889 0.0960
vn -0.7931 0.6026 0.0884
vn -0.6798 0.7180 0.1491
vn -0.7019 0.6853 0.1943
vn -0.7053 0.6848 0.1835
vn -0.6646 0.7135 0.2219
vn -0.6514 0.7279 0.2140
vn -0.6556 0.7186 0.2320
vn -0.5870 0.7568 0.2876
vn -0.5073 0.8095 0.2956
vn -0.4690 0.8117 0.3480
vn -0.4722 0.8087 0.3508
vn -0.5856 0.7661 -0.2649
vn -0.6642 0.7223 -0.1925
vn -0.1059 0.8607 -0.4979
vn -0.4777 0.8203 -0.3145
vn -0.7301 0.6815 -0.0501
vn -0.6639 0.7377 -0.1226
vn -0.7208 0.6928 0.0210
vn -0.7464 0.6641 0.0442
vn -0.7135 0.6946 0.0919
vn -0.6943 0.7021 0.1581
vn -0.6801 0.7165 0.1554
vn -0.6727 0.7258 0.1439
vn -0.5505 0.7978 0.2459
vn -0.5509 0.7975 0.2460
vn -0.5510 0.7983 0.2430
vn -0.6668 -0.1302 -0.7338
vn -0.6131 -0.1916 -0.7664
vn -0.9651 -0.1741 0.1958
vn -0.9728 -0.1455 0.1803
vn -0.9781 -0.1654 0.1261
vn -0.9743 -0.1777 0.1385
vn -0.9854 -0.1664 0.0370
vn -0.9839 -0.1696 0.0556
vn -0.9881 -0.1483 0.0401
vn -0.9699 -0.1765 -0.1679
vn -0.9718 -0.1463 -0.1850
vn -0.9840 -0.1525 -0.0922
vn -0.9827 -0.1546 -0.1023
vn -0.9821 -0.1645 -0.0922
vn -0.9859 -0.1644 -0.0310
vn -0.4603 -0.2286 0.8578
vn -0.3807 -0.2308 0.8954
vn -0.3318 -0.2748 0.9025
vn -0.5515 -0.1593 -0.8188
vn -0.9864 -0.1549 0.0555
vn -0.9936 -0.0898 0.0683
vn -0.9842 -0.1482 -0.0967
vn -0.9868 -0.1339 -0.0912
vn -0.3741 -0.1135 0.9204
vn -0.9809 0.0014 0.1944
vn -0.9918 0.0038 0.1279
vn -0.9940 -0.0072 0.1090
vn -0.9891 0.1004 0.1082
vn -0.9890 0.0135 0.1472
vn -0.9978 0.0071 0.0655
vn -1.0000 -0.0048 0.0087
vn -0.9998 0.0033 0.0195
vn -0.9902 -0.1394 0.0044
vn -0.9972 0.0058 -0.0747
vn -0.9986 -0.0395 -0.0338
vn -0.9971 -0.0747 -0.0133
vn -0.9906 -0.1334 -0.0288
vn -0.9933 0.0907 -0.0709
vn -0.9829 -0.1835 -0.0150
vn -0.9964 -0.0088 -0.0848
vn -0.9822 -0.0099 -0.1878
vn -0.9944 0.0072 -0.1058
vn -0.9830 -0.0054 -0.1834
vn -0.9814 0.0586 -0.1828
vn -0.9913 0.0098 -0.1314
vn -0.6580 0.1507 -0.7378
vn -0.6610 0.0234 -0.7500
vn -0.6926 0.1866 -0.6968
vn -0.7058 0.1945 -0.6812
vn -0.6260 0.1883 -0.7568
vn -0.6290 0.1727 -0.7580
vn -0.6284 0.1913 -0.7540
vn -0.9863 0.0746 0.1471
vn -0.9870 0.1053 0.1216
vn -0.9961 0.0467 0.0752
vn -0.9943 0.0932 0.0523
vn -0.9915 0.0777 0.1048
vn -0.9967 0.0796 0.0159
vn -0.9982 0.0292 0.0522
vn -0.9971 0.0720 0.0244
vn -0.9988 0.0378 -0.0320
vn -0.9964 0.0607 -0.0597
vn -0.9985 0.0439 -0.0320
vn -0.9962 0.0722 -0.0480
vn -0.9926 0.0501 -0.1106
vn -0.9943 0.0143 -0.1057
vn -0.9896 0.0493 -0.1351
vn -0.9880 0.0371 -0.1500
vn -0.9777 0.0303 -0.2078
vn -0.2654 0.5872 0.7647
vn -0.2614 0.5858 0.7671
vn -0.7063 0.1895 -0.6821
vn -0.6234 0.2052 -0.7545
vn -0.6478 0.2320 -0.7256
vn 0.0120 0.8868 0.4619
vn 0.0120 0.8871 0.4614
vn 0.0116 0.8870 0.4617
vn -0.5369 0.0248 0.8433
vn 0.0110 0.9814 0.1915
vn 0.0118 0.9815 0.1912
vn 0.0113 0.9815 0.1912
vn 0.0113 0.9952 0.0973
vn 0.0117 0.9952 0.0973
vn 0.0115 0.9998 0.0139
vn 0.0115 0.9997 0.0197
vn 0.0108 0.9976 0.0690
vn 0.0062 0.9788 0.2047
vn -0.0228 0.8054 0.5923
vn -0.1191 0.2251 0.9670
vn -0.5348 0.0224 0.8447
vn -0.8837 0.2127 0.4169
vn -0.6866 -0.4762 0.5494
vn -0.7893 -0.0357 0.6130
vn 0.9754 -0.0530 -0.2141
vn 0.9701 0.0307 -0.2408
vn 0.9828 -0.0359 -0.1814
vn 0.9708 0.0293 -0.2381
vn 0.9464 0.1785 -0.2693
vn 0.9774 0.0303 -0.2094
vn 0.8775 0.4074 -0.2531
vn 0.9509 0.1702 -0.2584
vn -0.9787 0.1044 0.1770
vn -0.9988 0.0131 -0.0480
vn -0.9906 0.0197 -0.1350
vn -0.9735 0.0075 -0.2287
vn -0.9756 -0.0032 -0.2194
vn 0.9108 0.3495 0.2199
vn 0.9123 0.3039 0.2746
vn 0.8840 0.2560 0.3912
vn 0.9317 0.1266 0.3403
vn 0.9381 0.2009 0.2821
vn 0.4929 -0.5336 -0.6872
vn 0.5368 -0.6106 -0.5822
vn 0.5094 -0.4915 -0.7064
vn -0.3223 0.6723 0.6664
vn 0.8490 -0.0272 0.5277
vn 0.8490 -0.0267 0.5278
vn 0.0542 0.3201 0.9458
vn 0.0545 0.3199 0.9459
vn 0.0548 0.3203 0.9457
vn 0.9443 0.0477 0.3257
vn 0.9442 0.0481 0.3259
vn 0.8477 -0.1145 0.5179
vn 0.8475 -0.1142 0.5183
vn 0.9828 0.0040 -0.1848
vn 0.9860 -0.0571 -0.1568
vn 0.9873 -0.1064 -0.1180
vn 0.9883 -0.1156 -0.1000
vn -0.9664 0.1332 0.2197
vn -0.9825 0.1351 0.1283
vn -0.9902 0.0960 0.1015
vn -0.9911 0.0573 0.1204
vn -0.9914 0.1117 0.0676
vn -0.9954 0.0429 -0.0854
vn -0.9874 -0.0037 -0.1579
vn -0.9994 0.0273 0.0232
vn -0.9744 -0.0083 -0.2246
vn 0.9336 0.0637 0.3526
vn 0.9498 0.1135 0.2916
vn 0.9454 0.0087 0.3257
vn 0.9594 0.0595 0.2757
vn 0.6429 -0.1261 -0.7555
vn 0.1170 -0.0059 -0.9931
vn 0.5487 -0.2027 0.8111
vn 0.2447 -0.1307 0.9608
vn 0.4981 -0.8457 0.1917
vn 0.4774 -0.8548 0.2033
vn 0.9301 -0.0194 -0.3668
vn 0.9782 -0.2069 0.0182
vn 0.5519 -0.6377 -0.5374
vn 0.5554 -0.5324 -0.6389
vn 0.5133 -0.6979 -0.4994
vn 0.1926 -0.0512 -0.9800
vn -0.6299 -0.4375 0.6418
vn -0.3203 0.7459 0.5839
vn -0.2610 0.7322 0.6292
vn 0.9031 0.0938 0.4190
vn 0.7942 0.1138 0.5969
vn 0.5553 0.5741 0.6017
vn 0.5553 0.5744 0.6014
vn 0.5656 0.4785 0.6717
vn 0.8845 -0.0986 0.4560
vn 0.9219 -0.2310 0.3111
vn 0.9701 -0.1146 0.2141
vn 0.9343 0.0128 0.3564
vn 0.9171 0.0018 0.3986
vn 0.8152 0.2047 0.5418
vn 0.9854 -0.1314 0.1080
vn 0.9801 -0.1891 0.0604
vn 0.9861 -0.1497 -0.0722
vn 0.9855 -0.1498 -0.0803
vn -0.9329 0.3161 0.1728
vn -0.9523 0.2648 0.1514
vn -0.9382 0.3282 0.1097
vn -0.9702 0.2251 0.0895
vn -0.9522 0.3041 0.0283
vn -0.9838 0.1677 0.0635
vn -0.9856 0.1691 -0.0082
vn -0.9925 0.0930 -0.0797
vn -0.9780 0.0931 -0.1869
vn -0.9764 0.0965 -0.1930
vn -0.9982 0.0597 -0.0100
vn -0.9773 0.0737 -0.1988
vn 0.9543 -0.0322 0.2970
vn 0.9664 -0.0620 0.2495
vn 0.9667 0.0043 0.2559
vn 0.9563 -0.1016 0.2743
vn 0.9675 -0.0604 0.2457
vn 0.5728 -0.1543 -0.8050
vn 0.5568 -0.7481 -0.3609
vn 0.5448 -0.7535 -0.3680
vn 0.5577 -0.7401 -0.3758
vn -0.2951 0.7763 0.5570
vn -0.3214 0.7638 0.5598
vn -0.7389 0.3308 -0.5870
vn -0.6277 0.3268 -0.7065
vn 0.9149 -0.1729 0.3649
vn 0.9555 -0.2056 0.2118
vn 0.9517 -0.2127 0.2212
vn 0.9326 -0.1545 0.3261
vn 0.8793 -0.0919 0.4674
vn 0.9784 -0.2052 0.0237
vn 0.9821 -0.1868 -0.0243
vn 0.9983 -0.0120 0.0579
vn 0.9992 0.0386 -0.0082
vn 0.9352 0.3189 0.1542
vn 0.9685 0.1616 0.1894
vn 0.9711 0.1678 -0.1695
vn 0.9981 -0.0331 -0.0528
vn -0.7861 0.5798 0.2143
vn -0.9677 0.2522 -0.0031
vn -0.9290 0.3700 -0.0007
vn -0.9771 0.2123 0.0112
vn -0.8864 0.4348 -0.1589
vn -0.8055 0.5866 -0.0835
vn -0.9765 0.1538 -0.1508
vn -0.9781 0.0951 -0.1852
vn -0.9458 0.1471 -0.2894
vn 0.9608 -0.1235 0.2481
vn 0.9765 -0.0765 0.2012
vn 0.9694 -0.0628 0.2374
vn 0.9531 -0.1787 0.2445
vn 0.9755 -0.1213 0.1833
vn 0.9716 -0.1796 0.1540
vn -0.3085 0.7971 0.5191
vn -0.3262 0.7866 0.5243
vn -0.7668 0.3876 -0.5116
vn -0.7465 0.3948 -0.5357
vn -0.7355 0.3915 -0.5529
vn 0.9672 -0.2178 0.1311
vn 0.9924 -0.1217 -0.0204
vn 0.9864 -0.1627 0.0241
vn 0.9905 -0.1073 0.0865
vn 0.6872 0.7019 0.1873
vn 0.9674 0.2368 0.0901
vn 0.4334 0.8693 0.2377
vn 0.8528 0.5148 0.0878
vn 0.9489 0.3149 -0.0186
vn 0.0967 0.9912 0.0904
vn -0.3987 0.8970 0.1909
vn 0.4361 0.8984 0.0526
vn 0.8589 0.5118 -0.0185
vn -0.3584 0.9289 0.0928
vn 0.5738 0.8187 -0.0196
vn 0.2151 0.9747 -0.0612
vn 0.1898 0.9802 -0.0556
vn -0.8071 0.5903 0.0089
vn 0.3824 0.9060 -0.1817
vn 0.2175 0.9554 -0.1998
vn 0.2882 0.9346 -0.2086
vn -0.9400 0.3190 -0.1213
vn -0.9654 0.1904 -0.1780
vn -0.8947 0.3571 -0.2685
vn -0.7838 0.5848 -0.2089
vn -0.7975 0.5852 -0.1467
vn -0.9854 0.1470 -0.0860
vn -0.9087 0.2991 -0.2912
vn 0.9663 -0.1643 0.1980
vn 0.9893 -0.0600 0.1331
vn 0.9882 -0.0636 0.1391
vn 0.9506 -0.2527 0.1801
vn 0.9830 -0.1624 0.0855
vn 0.9285 -0.3347 0.1608
vn 0.9669 -0.2462 0.0672
vn 0.9409 -0.3384 0.0125
vn 0.8999 -0.4222 0.1093
vn 0.6604 -0.5599 -0.5004
vn 0.5687 -0.5900 -0.5731
vn 0.5287 -0.5664 -0.6322
vn -0.3352 0.8107 0.4800
vn -0.3479 0.8032 0.4835
vn -0.8260 0.3842 -0.4125
vn -0.6518 0.4248 -0.6283
vn 0.7916 0.4877 0.3682
vn 0.6804 0.5901 0.4346
vn 0.1949 0.9329 0.3028
vn -0.0614 0.9334 0.3535
vn -0.6746 0.6629 -0.3249
vn 0.0020 0.9653 -0.2613
vn 0.0287 0.9440 -0.3286
vn -0.0976 0.9437 -0.3162
vn -0.3302 0.9176 -0.2212
vn -0.2165 0.8860 -0.4101
vn -0.8790 0.3906 -0.2736
vn -0.6879 0.6487 -0.3255
vn 0.9715 -0.1920 0.1389
vn 0.9981 0.0273 -0.0560
vn 0.9899 0.0153 0.1411
vn 0.9413 -0.3230 0.0979
vn 0.9838 -0.1738 -0.0446
vn 0.8965 -0.4389 0.0609
vn 0.9481 -0.3111 -0.0660
vn 0.8440 -0.5352 0.0347
vn 0.8994 -0.4303 -0.0775
vn 0.9074 -0.4198 -0.0193
vn 0.7851 -0.6187 -0.0289
vn 0.8361 -0.5365 -0.1144
vn 0.8601 -0.5023 0.0887
vn 0.8687 -0.4874 -0.0877
vn 0.6994 -0.7138 -0.0353
vn 0.7744 -0.6157 -0.1452
vn 0.8152 -0.5786 0.0258
vn 0.8187 -0.5554 -0.1459
vn 0.6533 -0.7358 -0.1782
vn 0.6161 -0.7471 -0.2494
vn 0.6373 -0.7572 -0.1431
vn 0.7805 -0.6209 -0.0736
vn 0.7175 -0.6367 -0.2823
vn 0.5787 -0.7688 -0.2721
vn 0.5953 -0.7481 -0.2932
vn 0.7047 -0.6601 -0.2601
vn 0.6343 -0.6329 -0.4438
vn 0.5166 -0.7353 -0.4387
vn 0.5671 -0.6766 -0.4698
vn -0.3574 0.8247 0.4384
vn -0.3856 0.8073 0.4468
vn -0.7634 0.5435 -0.3490
vn -0.8108 0.5053 -0.2953
vn -0.7597 0.5415 -0.3600
vn -0.8432 0.5078 -0.1764
vn -0.8502 0.5261 0.0190
vn -0.8177 0.5672 0.0988
vn -0.8275 0.5503 0.1109
vn -0.1743 0.8573 0.4844
vn -0.3445 0.8185 0.4599
vn -0.1783 0.8916 0.4162
vn -0.1016 0.8429 0.5284
vn 0.5137 0.7035 0.4911
vn 0.5192 0.7287 0.4466
vn -0.1245 0.9431 -0.3082
vn 0.1405 0.9519 -0.2722
vn -0.1916 0.9338 -0.3023
vn -0.5298 0.7643 -0.3677
vn 0.6129 0.7569 -0.2268
vn 0.9287 -0.3703 -0.0190
vn 0.9819 -0.1119 -0.1530
vn 0.9905 -0.1265 -0.0530
vn 0.8319 -0.5522 -0.0554
vn 0.9249 -0.3298 -0.1891
vn 0.7436 -0.6644 -0.0752
vn 0.8280 -0.5264 -0.1932
vn 0.6665 -0.7362 -0.1176
vn 0.7411 -0.6377 -0.2101
vn 0.6168 -0.7717 -0.1554
vn 0.6649 -0.7194 -0.2011
vn -0.3884 0.8491 0.3580
vn -0.3582 0.8454 0.3962
vn -0.3564 0.8466 0.3953
vn -0.6175 0.7845 -0.0576
vn -0.6386 0.7521 -0.1627
vn -0.5985 0.7991 -0.0569
vn -0.2010 0.9360 0.2888
vn -0.5099 0.8294 0.2283
vn -0.4663 0.8354 0.2911
vn 0.4532 0.7665 0.4552
vn 0.2434 0.8802 0.4074
vn -0.0755 0.9017 0.4257
vn 0.4435 0.7751 0.4500
vn -0.0259 0.9323 -0.3607
vn 0.8491 0.5142 -0.1209
vn -0.5539 0.7928 0.2544
vn -0.4255 0.8513 0.3070
vn -0.5105 0.8056 0.3007
vn -0.4337 0.8435 0.3168
vn -0.3898 0.8479 0.3593
vn -0.2073 0.8973 -0.3898
vn 0.3157 0.8179 -0.4810
vn 0.1466 0.8428 -0.5179
vn -0.3583 0.8974 -0.2575
vn -0.5535 0.8212 -0.1390
vn -0.3582 0.8974 -0.2577
vn 0.5481 0.4584 -0.6997
vn -0.1059 0.8958 -0.4317
vn -0.5962 0.8016 0.0438
vn -0.5850 0.8103 0.0341
vn -0.4327 0.9015 -0.0075
vn -0.5890 0.7970 0.1337
vn -0.6139 0.7745 0.1527
vn -0.4251 0.8900 0.1648
vn -0.5362 0.8114 0.2328
vn -0.4264 0.8710 0.2441
vn -0.4469 0.8590 0.2499
vn -0.4507 0.8492 0.2751
vn -0.4664 -0.1909 -0.8638
vn -0.2859 -0.2713 0.9190
vn -0.5731 0.0268 -0.8190
vn -0.5659 0.0220 -0.8242
vn -0.3745 0.0731 0.9243
vn -0.3795 0.0766 0.9220
vn -0.2738 0.0787 0.9586
vn -0.2585 -0.2765 0.9256
vn -0.2590 0.0707 0.9633
vn -0.5623 0.1044 -0.8203
vn -0.3483 0.3347 0.8756
vn -0.2931 0.4411 0.8483
vn -0.2592 0.3460 0.9017
vn -0.5864 0.1660 -0.7929
vn -0.5697 0.1821 -0.8014
vn -0.4926 0.1686 -0.8538
vn -0.5035 0.1884 -0.8432
vn -0.5193 0.1982 -0.8313
vn -0.2201 0.6115 0.7600
vn 0.9889 -0.1445 -0.0353
vn 0.9387 -0.3178 0.1336
vn 0.7843 -0.1542 0.6008
vn -0.0120 0.9415 -0.3369
vn -0.0113 0.9373 -0.3484
vn -0.0109 0.9374 -0.3480
vn 0.0155 0.3386 0.9408
vn 0.0149 0.3388 0.9408
vn 0.9533 -0.2990 -0.0424
vn 0.9377 -0.1712 -0.3024
vn 0.9977 0.0049 -0.0671
vn 0.7796 -0.1260 0.6134
vn 0.7862 -0.1389 0.6022
vn 0.5530 0.1295 -0.8231
vn -0.0137 0.7970 -0.6039
vn -0.0201 0.8837 -0.4675
vn -0.0183 0.8628 -0.5052
vn -0.0329 0.9729 -0.2288
vn -0.0333 0.9730 -0.2284
vn -0.0332 0.9723 -0.2312
vn -0.0338 0.9723 -0.2312
vn -0.0237 0.9431 -0.3317
vn 0.0063 0.8860 -0.4636
vn 0.1109 0.6915 -0.7139
vn 0.9584 0.1621 -0.2351
vn 0.9570 0.1368 -0.2558
vn 0.9783 0.0991 -0.1820
vn 0.9786 0.0442 -0.2011
vn 0.9790 0.0433 -0.1994
vn 0.9776 0.0991 -0.1858
vn 0.9274 0.3405 -0.1552
vn 0.9382 0.2277 -0.2606
vn 0.9809 0.1197 -0.1531
vn 0.9733 0.2012 -0.1105
vn 0.9556 0.2282 -0.1867
vn 0.9785 0.2034 -0.0328
vn 0.9849 0.1729 0.0100
vn 0.9712 0.1818 0.1538
vn 0.9374 0.1804 0.2980
vn 0.9736 0.1308 0.1869
vn 0.9519 0.1349 0.2752
vn 0.2561 0.1103 -0.9603
vn 0.3569 0.6339 -0.6862
vn 0.9144 0.1035 -0.3914
vn 0.1839 0.3708 -0.9103
vn 0.3453 0.8797 -0.3269
vn 0.2492 0.0269 0.9681
vn 0.9337 0.0598 0.3531
vn 0.4314 -0.5639 -0.7042
vn -0.6454 0.2512 -0.7214
vn -0.7632 -0.5760 -0.2929
vn 0.9904 0.1314 0.0431
vn 0.9849 0.1374 0.1052
vn 0.9821 0.1406 0.1254
vn -0.7674 -0.6411 -0.0024
vn 0.5712 0.5596 -0.6005
vn 0.5632 0.5766 -0.5919
vn 0.8760 -0.1494 0.4586
vn -0.5409 -0.0887 -0.8364
vn 0.8689 -0.1519 0.4710
vn 0.7811 -0.0975 0.6167
vn 0.0478 0.6586 0.7510
vn 0.0481 0.6587 0.7508
vn 0.4855 0.8365 0.2539
vn 0.5191 0.4815 0.7062
vn 0.0429 0.8055 0.5911
vn 0.0095 0.9996 -0.0251
vn 0.3719 0.9279 -0.0241
vn 0.0069 0.9952 -0.0973
vn 0.0430 0.9968 -0.0671
vn 0.0234 0.9837 -0.1784
vn -0.0543 0.9976 -0.0419
vn 0.0079 0.9995 -0.0319
vn 0.0061 0.9993 -0.0359
vn -0.0396 0.9930 0.1114
vn -0.0108 0.9733 0.2293
vn -0.1204 0.5872 0.8004
vn -0.2914 0.5903 0.7527
vn -0.4456 0.2921 0.8463
vn -0.6658 0.2322 0.7091
vn 0.9812 0.1165 -0.1541
vn 0.9868 0.1273 -0.1002
vn 0.9823 0.1823 0.0437
vn 0.9763 0.1794 0.1211
vn 0.9723 0.1860 0.1414
vn 0.9599 0.1231 0.2519
vn 0.9572 0.1156 0.2652
vn 0.7702 0.0227 -0.6374
vn 0.7703 -0.0062 -0.6376
vn 0.8212 -0.1021 0.5614
vn 0.9214 -0.0071 -0.3886
vn 0.8938 -0.2492 0.3729
vn 0.4123 -0.6450 -0.6435
vn 0.4106 -0.5633 -0.7171
vn 0.3983 -0.7379 -0.5449
vn 0.3788 -0.7059 -0.5985
vn 0.4200 -0.5836 -0.6949
vn -0.2116 0.7438 0.6341
vn -0.2243 0.7377 0.6368
vn -0.6302 0.2647 -0.7299
vn -0.4838 0.2703 -0.8324
vn -0.4329 0.1763 -0.8840
vn 0.7920 -0.0930 0.6034
vn -0.9008 -0.3408 -0.2691
vn 0.9496 -0.0746 0.3045
vn 0.7373 0.5156 0.4365
vn 0.8350 -0.1300 0.5346
vn 0.8239 0.4717 0.3141
vn 0.9358 0.2848 0.2078
vn 0.5862 0.3099 0.7486
vn 0.9395 0.2660 0.2156
vn -0.4620 0.7485 -0.4758
vn -0.9164 0.3336 0.2213
vn -0.6904 0.0056 0.7234
vn 0.3927 -0.1969 -0.8983
vn 0.4011 -0.8770 -0.2645
vn 0.8885 0.2430 0.3894
vn 0.9720 0.1104 -0.2076
vn 0.9877 -0.0025 -0.1562
vn 0.9785 0.1449 -0.1465
vn 0.9774 0.1505 -0.1484
vn 0.9735 0.1559 -0.1671
vn 0.9607 0.2402 -0.1395
vn 0.9835 0.1568 -0.0900
vn 0.9947 0.0986 -0.0277
vn 0.9836 0.1572 -0.0887
vn 0.9884 0.0611 0.1389
vn 0.9691 -0.0016 0.2466
vn 0.7728 0.0120 -0.6345
vn 0.7423 -0.1548 -0.6520
vn 0.7452 -0.2926 -0.5992
vn 0.5569 -0.7129 0.4262
vn 0.8797 -0.4731 -0.0479
vn 0.7211 -0.6829 0.1170
vn 0.9368 -0.3495 0.0138
vn 0.9398 -0.3335 -0.0744
vn 0.5955 -0.0460 0.8020
vn 0.4212 -0.8030 -0.4217
vn 0.3536 -0.7910 -0.4992
vn -0.2475 0.7798 0.5750
vn -0.6236 0.3317 -0.7079
vn -0.4931 0.3157 -0.8107
vn -0.5155 0.3405 -0.7863
vn 0.9504 -0.0950 0.2960
vn 0.9259 -0.0750 0.3703
vn 0.9166 -0.0843 0.3907
vn 0.8015 -0.3111 0.5107
vn 0.7857 -0.3154 0.5322
vn 0.8204 -0.3485 0.4534
vn 0.9112 0.2294 0.3421
vn 0.9028 0.2436 0.3545
vn 0.8438 0.5345 -0.0487
vn 0.9078 0.4075 -0.0991
vn 0.8973 0.4413 0.0093
vn 0.9269 0.3711 -0.0561
vn 0.8071 0.5805 -0.1075
vn 0.8842 0.4478 -0.1333
vn 0.8499 0.5066 -0.1451
vn 0.8914 0.4266 -0.1530
vn 0.9488 0.2986 -0.1034
vn 0.8344 0.5068 -0.2168
vn 0.9891 0.1460 0.0168
vn 0.9487 0.3014 -0.0955
vn 0.9926 0.1077 0.0565
vn 0.9890 0.1466 -0.0178
vn 0.9925 0.1076 0.0576
vn 0.6497 -0.1756 -0.7397
vn 0.5389 -0.8288 0.1507
vn 0.3903 -0.8969 -0.2078
vn 0.5824 -0.7546 -0.3022
vn 0.8276 -0.5343 -0.1718
vn 0.4147 -0.8769 -0.2430
vn -0.2333 0.8065 0.5433
vn -0.2486 0.7995 0.5469
vn -0.6120 0.4268 -0.6658
vn -0.5923 0.4187 -0.6884
vn 0.8788 -0.2484 0.4073
vn 0.8422 -0.2927 0.4529
vn 0.7887 -0.2997 0.5367
vn 0.9121 -0.2460 0.3279
vn 0.2814 0.8970 -0.3409
vn 0.3155 0.8838 -0.3455
vn 0.5743 0.7931 -0.2030
vn 0.8789 0.4724 -0.0667
vn 0.9534 0.2999 0.0332
vn 0.8809 0.4694 -0.0611
vn 0.9841 0.0732 0.1621
vn 0.9480 0.3181 -0.0120
vn 0.9810 0.0514 0.1870
vn 0.9894 0.0750 0.1240
vn 0.9786 0.0365 0.2027
vn 0.9857 0.0534 0.1599
vn 0.9758 -0.0134 0.2181
vn 0.9894 0.0311 0.1419
vn 0.4676 -0.5742 -0.6721
vn 0.5779 -0.6144 -0.5371
vn -0.2361 0.8174 0.5255
vn -0.2713 0.8230 0.4990
vn -0.4983 0.4430 -0.7453
vn 0.9101 -0.2227 0.3494
vn 0.8786 -0.2767 0.3892
vn 0.8266 -0.2864 0.4845
vn 0.8379 -0.3031 0.4539
vn 0.9566 -0.1884 0.2224
vn 0.9350 -0.2247 0.2743
vn 0.9739 -0.1959 0.1146
vn 0.3818 0.8931 -0.2377
vn 0.6316 0.7514 -0.1907
vn 0.8376 0.5462 0.0034
vn 0.3090 0.9258 -0.2176
vn 0.9394 0.3231 0.1150
vn 0.9868 0.0902 0.1343
vn 0.9257 0.3762 -0.0391
vn 0.9900 0.1311 0.0530
vn 0.5436 -0.6916 -0.4756
vn -0.2598 0.8327 0.4890
vn -0.3002 0.8410 0.4502
vn 0.9037 0.2918 0.3134
vn 0.9255 0.0292 0.3777
vn 0.8912 0.0789 0.4466
vn 0.9073 0.2847 0.3095
vn 0.7644 0.4879 0.4215
vn 0.9884 0.1439 0.0488
vn 0.5338 0.7322 -0.4229
vn 0.9663 -0.2570 -0.0148
vn 0.5300 -0.8073 -0.2596
vn 0.4575 -0.8510 -0.2581
vn 0.4035 -0.8584 -0.3169
vn 0.4435 -0.8663 -0.2297
vn 0.5576 -0.7787 -0.2875
vn 0.4430 -0.8175 -0.3679
vn 0.4429 -0.8167 -0.3699
vn -0.3192 0.8573 0.4040
vn -0.2875 0.8547 0.4322
vn -0.6597 0.5858 -0.4708
vn -0.6750 0.5820 -0.4534
vn -0.6531 0.5798 -0.4871
vn -0.5851 0.5974 -0.5485
vn -0.5116 0.6215 -0.5933
vn -0.5585 0.5050 -0.6581
vn -0.5182 0.6171 -0.5922
vn -0.5314 0.6223 -0.5748
vn 0.7234 0.5197 0.4545
vn 0.9716 -0.1924 -0.1379
vn 0.2783 0.8342 -0.4761
vn 0.8655 0.2295 -0.4453
vn 0.9005 -0.4087 -0.1488
vn 0.3931 0.7127 -0.5811
vn 0.9197 -0.3851 -0.0768
vn 0.8554 -0.1333 -0.5006
vn 0.6728 -0.6674 -0.3193
vn 0.3357 0.6175 -0.7113
vn 0.7028 0.0269 -0.7109
vn 0.7831 -0.6064 -0.1380
vn 0.7635 -0.5504 -0.3378
vn 0.5585 -0.7665 -0.3171
vn 0.6812 -0.5158 -0.5196
vn 0.6266 -0.7717 -0.1090
vn 0.5571 -0.7393 -0.3782
vn 0.4981 -0.8466 -0.1875
vn 0.5722 -0.7764 -0.2643
vn 0.5734 -0.7657 -0.2913
vn 0.5003 -0.8234 -0.2679
vn -0.3115 0.8816 0.3545
vn -0.2994 0.8785 0.3721
vn -0.3222 0.8682 0.3775
vn -0.3504 0.9358 0.0377
vn -0.3442 0.9382 0.0359
vn -0.1371 0.9896 -0.0437
vn 0.5183 0.6676 0.5345
vn 0.4316 0.6759 0.5974
vn -0.1506 0.9885 0.0126
vn -0.0562 0.9547 0.2922
vn 0.1729 0.9179 0.3573
vn 0.6993 0.4597 0.5474
vn 0.5234 0.6594 0.5397
vn 0.0859 0.7647 -0.6386
vn 0.5832 0.0855 -0.8078
vn -0.3480 0.9002 0.2618
vn -0.3049 0.9047 0.2975
vn -0.3345 0.8844 0.3256
vn -0.4253 0.9050 -0.0060
vn -0.0982 0.8964 -0.4323
vn -0.2391 0.9444 -0.2259
vn 0.0161 0.8069 -0.5905
vn -0.3902 0.9101 0.1392
vn -0.3210 0.9359 0.1453
vn -0.2592 0.9467 0.1912
vn -0.2277 -0.3061 0.9244
vn -0.1280 -0.3023 0.9446
vn -0.1059 -0.3313 0.9376
vn -0.4745 -0.1984 -0.8576
vn -0.1426 0.0687 0.9874
vn -0.1320 0.0632 0.9892
vn -0.4763 0.0160 -0.8791
vn -0.4664 0.0093 -0.8845
vn -0.3777 0.0094 -0.9259
vn -0.3597 -0.2192 -0.9070
vn -0.4673 0.1164 -0.8764
vn -0.3731 0.1314 -0.9184
vn -0.3590 0.0190 -0.9331
vn -0.3565 0.0931 -0.9296
vn -0.1193 0.3904 0.9129
vn -0.1272 0.4211 0.8980
vn -0.4802 0.1618 -0.8621
vn -0.4371 0.1868 -0.8798
vn -0.3794 0.1985 -0.9037
vn -0.3727 0.1937 -0.9075
vn -0.0060 0.9016 -0.4326
vn -0.0054 0.9016 -0.4326
vn -0.0037 0.9945 -0.1048
vn -0.0034 0.9944 -0.1054
vn 0.9292 0.3695 0.0033
vn 0.9290 0.3700 0.0029
vn -0.5215 0.8385 0.1579
vn -0.5336 -0.0366 0.8450
vn -0.0023 0.9905 -0.1372
vn -0.0001 0.9830 -0.1838
vn -0.0119 0.9989 0.0453
vn -0.0141 0.9978 0.0653
vn -0.0122 0.9987 0.0490
vn -0.0041 0.9999 -0.0116
vn -0.0131 0.9992 0.0378
vn -0.0164 0.9986 0.0502
vn -0.0490 0.9799 0.1933
vn -0.1479 0.8817 0.4480
vn -0.2400 0.7459 0.6213
vn -0.6209 0.1157 0.7753
vn -0.7262 0.1391 0.6733
vn -0.3725 -0.7457 0.5525
vn -0.9407 0.0564 0.3345
vn -0.0604 0.9969 -0.0505
vn 0.0744 0.9968 -0.0282
vn 0.0167 0.9998 0.0139
vn 0.0165 0.9999 -0.0007
vn 0.0994 0.9943 -0.0387
vn 0.2228 0.9505 -0.2165
vn 0.2517 0.9432 -0.2170
vn 0.0714 0.9886 -0.1326
vn -0.1164 0.5265 0.8421
vn -0.1655 0.6178 0.7687
vn -0.5181 0.2171 -0.8273
vn -0.5103 0.2054 -0.8351
vn -0.3865 0.2049 -0.8992
vn -0.3794 0.1989 -0.9036
vn 0.6934 0.0964 0.7141
vn 0.5348 0.1001 0.8391
vn 0.0123 0.4242 0.9055
vn 0.6739 -0.0659 0.7359
vn 0.5767 -0.0828 0.8127
vn 0.5375 -0.0498 0.8418
vn -0.0113 -0.7291 -0.6843
vn -0.9406 0.0570 0.3346
vn -0.6928 0.5798 -0.4288
vn -0.0695 0.6002 -0.7968
vn -0.0690 0.6005 -0.7966
vn -0.5261 0.5148 -0.6769
vn -0.9800 0.0281 -0.1971
vn -0.2144 -0.6985 -0.6827
vn -0.9594 0.1345 0.2481
vn -0.6541 0.7564 -0.0116
vn -0.6539 0.7565 -0.0110
vn -0.4985 0.8663 -0.0330
vn -0.4984 0.8663 -0.0324
vn -0.0241 0.9969 -0.0746
vn -0.0247 0.9969 -0.0743
vn -0.0119 0.9943 -0.1057
vn -0.0016 0.9954 -0.0958
vn -0.0206 0.9894 -0.1435
vn 0.0016 0.9798 -0.2000
vn 0.1018 0.9625 -0.2515
vn 0.0779 0.9522 -0.2954
vn 0.8199 0.5708 0.0448
vn 0.8314 0.5537 0.0458
vn 0.3403 0.7367 -0.5843
vn 0.8299 0.3691 0.4183
vn 0.5301 0.7889 -0.3109
vn 0.7484 0.6189 -0.2385
vn 0.3004 0.9523 0.0532
vn 0.7246 0.3519 0.5925
vn 0.2395 -0.4897 -0.8384
vn 0.2407 -0.4866 -0.8398
vn 0.6308 -0.2213 0.7437
vn 0.5693 -0.2114 0.7945
vn 0.7850 0.5836 0.2078
vn 0.4165 0.8918 0.1769
vn 0.9660 0.0212 -0.2578
vn 0.2978 -0.6196 -0.7262
vn 0.2680 -0.7367 -0.6209
vn 0.2575 -0.6679 -0.6982
vn -0.1488 0.7467 0.6484
vn -0.1512 0.7456 0.6490
vn -0.5026 0.2813 -0.8175
vn -0.3984 0.2910 -0.8698
vn -0.3677 0.2818 -0.8862
vn 0.7249 -0.3123 0.6139
vn 0.7024 0.5435 -0.4596
vn 0.9639 0.0231 0.2652
vn 0.5669 -0.2910 0.7706
vn 0.5848 -0.3138 0.7480
vn 0.7832 0.5975 0.1720
vn 0.7849 0.5894 0.1910
vn 0.9001 -0.0463 -0.4333
vn 0.9982 -0.0453 -0.0398
vn 0.9978 -0.0626 0.0222
vn 0.7803 -0.1799 -0.5990
vn 0.9730 -0.1853 -0.1376
vn 0.2184 -0.7788 -0.5881
vn 0.2906 -0.8082 -0.5122
vn -0.2136 0.7706 0.6004
vn -0.1527 0.7786 0.6087
vn -0.1706 0.7708 0.6139
vn 0.7148 -0.3437 0.6091
vn 0.5956 -0.4119 0.6896
vn 0.5149 -0.4059 0.7551
vn 0.5729 -0.4331 0.6958
vn 0.7751 -0.3746 -0.5089
vn 0.7840 -0.1814 -0.5937
vn 0.7523 -0.6575 -0.0425
vn 0.8442 -0.4086 -0.3470
vn 0.7789 -0.5984 -0.1879
vn 0.6987 -0.7131 -0.0575
vn 0.3443 -0.8713 -0.3496
vn 0.2655 -0.8268 -0.4959
vn -0.1752 0.8101 0.5596
vn -0.1565 0.7988 0.5810
vn -0.3867 0.4321 -0.8147
vn 0.6695 -0.4117 0.6183
vn 0.5708 -0.4156 0.7082
vn 0.5980 -0.4361 0.6725
vn 0.6115 -0.5976 -0.5186
vn 0.6375 -0.6259 -0.4493
vn 0.6327 -0.6030 -0.4858
vn 0.6265 -0.6137 -0.4805
vn 0.5123 -0.8482 -0.1343
vn 0.5447 -0.5828 -0.6031
vn 0.6356 -0.7284 -0.2556
vn 0.6384 -0.6878 -0.3454
vn 0.4093 -0.8656 -0.2883
vn 0.4981 -0.7895 -0.3586
vn 0.4143 -0.8443 -0.3399
vn 0.3907 -0.8264 -0.4055
vn -0.1937 0.8268 0.5280
vn -0.4966 0.4432 -0.7463
vn -0.4378 0.4690 -0.7671
vn 0.7129 -0.3784 0.5904
vn 0.7895 -0.3151 0.5266
vn 0.6469 -0.3676 0.6682
vn 0.6730 -0.4050 0.6189
vn 0.4292 -0.7626 -0.4840
vn 0.5368 -0.6844 -0.4934
vn 0.4264 -0.8089 -0.4048
vn 0.2964 -0.8649 -0.4051
vn 0.3246 -0.8684 -0.3748
vn -0.2277 0.8401 0.4924
vn -0.1912 0.8355 0.5151
vn -0.4297 0.4678 -0.7724
vn 0.8349 -0.0955 0.5421
vn 0.8318 -0.1159 0.5428
vn 0.6949 0.0063 0.7190
vn 0.7767 -0.2206 0.5900
vn 0.3075 -0.8941 -0.3256
vn -0.2165 0.8709 0.4413
vn -0.1956 0.8788 0.4353
vn -0.3837 0.6312 -0.6741
vn 0.5579 -0.7775 -0.2901
vn 0.3454 -0.8738 -0.3423
vn 0.3090 -0.9078 -0.2837
vn 0.3517 -0.8752 -0.3322
vn 0.3885 -0.7963 -0.4637
vn 0.2935 -0.9021 -0.3165
vn -0.2394 0.8894 0.3894
vn -0.2208 0.9009 0.3738
vn -0.2474 0.8712 -0.4241
vn 0.2296 0.9021 0.3653
vn 0.2309 0.8041 0.5478
vn -0.2590 0.9004 -0.3496
vn 0.5479 0.5364 0.6419
vn 0.4236 0.5924 0.6852
vn 0.5911 -0.7403 -0.3202
vn 0.5476 0.1517 -0.8229
vn 0.4559 -0.3370 -0.8238
vn 0.3445 0.1359 -0.9289
vn 0.4459 -0.2121 -0.8696
vn 0.4659 -0.6863 -0.5586
vn -0.2658 0.9160 0.3005
vn -0.2184 0.9183 0.3301
vn -0.2296 0.9040 0.3607
vn 0.1192 0.7136 -0.6903
vn 0.1361 0.6875 -0.7133
vn -0.1570 0.9847 0.0754
vn -0.2123 0.9578 0.1938
vn -0.2901 0.9324 0.2155
vn -0.3259 -0.2504 -0.9116
vn -0.2680 -0.2493 -0.9306
vn -0.2252 -0.2833 -0.9322
vn -0.0848 0.0789 0.9933
vn -0.2630 0.0002 -0.9648
vn -0.2628 0.1679 -0.9501
vn -0.0782 0.3540 0.9320
vn -0.2610 0.1870 -0.9471
vn -0.2787 0.1951 -0.9404
vn 0.0091 0.8493 0.5279
vn 0.6755 0.4894 0.5516
vn 0.4313 0.9016 0.0326
vn 0.0021 0.4342 0.9008
vn 0.2558 0.3140 0.9143
vn 0.1811 0.3075 0.9342
vn 0.0028 0.4988 0.8667
vn 0.0918 0.4411 0.8928
vn 0.0086 0.5352 0.8447
vn 0.0571 0.5020 0.8630
vn -0.0112 0.5141 0.8577
vn -0.0083 0.5090 0.8607
vn -0.0480 0.4895 0.8707
vn -0.0703 0.5066 0.8593
vn -0.0557 0.9753 0.2138
vn -0.0673 0.4578 0.8865
vn -0.1158 0.4939 0.8618
vn -0.1244 0.9347 0.3330
vn -0.1613 0.3791 0.9112
vn -0.2410 0.4522 0.8588
vn -0.6219 0.5104 0.5940
vn -0.4102 0.4206 0.8092
vn -0.1774 0.3608 0.9156
vn -0.3897 0.5508 0.7381
vn -0.2608 0.1682 0.9506
vn -0.4940 0.3894 0.7774
vn -0.7018 0.2048 0.6823
vn -0.0189 0.9997 0.0120
vn 0.0310 0.9994 -0.0154
vn 0.0223 0.9996 -0.0153
vn 0.0135 0.9998 0.0140
vn 0.0247 0.9995 -0.0189
vn 0.0117 0.9999 0.0089
vn 0.0109 0.9962 -0.0866
vn 0.0063 0.9999 0.0129
vn 0.0154 0.9999 0.0038
vn 0.0222 0.9998 0.0024
vn 0.0223 0.9992 0.0319
vn -0.0255 0.9997 0.0021
vn 0.0517 0.9986 -0.0072
vn 0.0711 0.9974 -0.0069
vn 0.0600 0.9982 -0.0093
vn 0.1584 0.9820 -0.1026
vn 0.1637 0.9862 0.0235
vn -0.2848 0.2184 -0.9334
vn 0.3894 0.1879 0.9017
vn 0.3857 -0.0522 0.9212
vn 0.3863 -0.0530 0.9209
vn 0.1608 0.9864 0.0324
vn 0.0679 -0.5124 -0.8561
vn -0.1232 0.6740 0.7284
vn -0.0321 0.7195 0.6938
vn 0.3709 -0.2231 0.9015
vn -0.1011 0.7490 0.6549
vn -0.2882 0.2963 -0.9106
vn -0.3159 0.3040 -0.8988
vn 0.5114 -0.2876 0.8098
vn 0.4819 -0.2946 0.8252
vn 0.3891 -0.2840 0.8763
vn 0.4530 -0.3181 0.8328
vn 0.1247 -0.7920 -0.5976
vn 0.1851 -0.7656 -0.6161
vn 0.1089 -0.7050 -0.7008
vn -0.0911 0.7818 0.6169
vn -0.0878 0.7834 0.6154
vn 0.4141 -0.4397 0.7970
vn 0.3963 -0.4134 0.8198
vn 0.1621 -0.8459 -0.5081
vn 0.1421 -0.8100 -0.5689
vn -0.1095 0.8028 0.5861
vn -0.1095 0.8029 0.5860
vn -0.1354 0.8295 0.5418
vn -0.3745 0.4303 -0.8213
vn -0.3089 0.4506 -0.8376
vn -0.2795 0.4396 -0.8536
vn 0.5242 -0.4264 0.7371
vn 0.3719 -0.4807 0.7941
vn 0.2151 -0.8775 -0.4287
vn 0.2149 -0.8804 -0.4228
vn -0.1572 0.8235 0.5451
vn -0.1440 0.8082 0.5710
vn -0.2780 0.4980 -0.8214
vn -0.3022 0.5213 -0.7980
vn 0.3799 -0.5166 0.7673
vn 0.5667 -0.3929 0.7243
vn 0.4042 -0.4616 0.7896
vn 0.1936 -0.8860 -0.4213
vn 0.1918 -0.8496 -0.4913
vn 0.2155 -0.8800 -0.4232
vn 0.2145 -0.8947 -0.3917
vn -0.1255 0.8442 0.5211
vn -0.2340 0.5892 -0.7734
vn 0.5896 -0.2866 0.7552
vn 0.6344 -0.2156 0.7423
vn 0.4347 -0.2507 0.8650
vn 0.4952 -0.4331 0.7531
vn 0.2283 -0.8933 -0.3872
vn 0.2209 -0.8525 -0.4738
vn 0.2116 -0.9001 -0.3809
vn -0.1375 0.8858 0.4432
vn -0.3408 0.6543 -0.6751
vn -0.2210 0.6726 -0.7062
vn -0.2682 0.6852 -0.6771
vn 0.6071 0.0532 0.7928
vn 0.3734 0.2310 0.8984
vn 0.2105 -0.9227 -0.3229
vn 0.2030 -0.9187 -0.3387
vn 0.2147 -0.9211 -0.3248
vn 0.1977 -0.9094 -0.3660
vn -0.1357 0.8865 0.4424
vn -0.1063 0.9757 -0.1915
vn 0.1704 0.8547 0.4903
vn 0.1829 0.7423 0.6447
vn -0.1064 0.9761 -0.1896
vn 0.2257 -0.8180 -0.5290
vn 0.2699 -0.8581 -0.4369
vn 0.2579 -0.7062 -0.6594
vn 0.2061 0.1746 -0.9628
vn 0.1667 0.3024 -0.9385
vn -0.1764 0.9292 0.3248
vn -0.1151 0.9631 0.2432
vn -0.1643 0.9087 0.3839
vn 0.0163 0.8072 -0.5900
vn -0.1918 0.9775 0.0875
vn -0.0694 0.9828 -0.1712
vn -0.1625 -0.2848 -0.9447
vn -0.1436 -0.3012 -0.9427
vn -0.0202 -0.3383 0.9408
vn -0.0112 -0.3497 0.9368
vn -0.1854 -0.0596 -0.9808
vn -0.0170 0.0667 0.9976
vn -0.2462 0.0053 -0.9692
vn 0.0009 0.0761 0.9971
vn -0.2127 0.1408 -0.9669
vn -0.2238 0.0387 -0.9739
vn -0.2218 0.1545 -0.9628
vn -0.0126 0.3927 0.9196
vn 0.0001 0.3674 0.9301
vn -0.1898 0.1895 -0.9633
vn -0.2105 0.1980 -0.9574
vn -0.0123 0.5169 0.8559
vn -0.0240 0.5027 0.8641
vn 0.2470 -0.0458 0.9679
vn 0.2120 -0.0073 0.9772
vn 0.0290 0.9996 0.0018
vn -0.3647 0.6750 0.6414
vn 0.0225 0.9996 -0.0147
vn 0.0517 0.9987 0.0014
vn 0.0226 0.9997 -0.0028
vn -0.0123 -0.5869 -0.8095
vn -0.0200 0.7188 0.6949
vn -0.2729 0.2362 -0.9326
vn -0.2122 0.2462 -0.9457
vn 0.3260 -0.2421 0.9139
vn 0.2621 -0.2379 0.9352
vn 0.2283 -0.2063 0.9515
vn -0.0581 -0.6065 -0.7929
vn -0.0051 -0.5740 -0.8188
vn 0.0215 -0.4874 -0.8729
vn -0.0158 -0.4377 -0.8990
vn 0.0575 -0.6835 -0.7277
vn -0.0098 0.7212 0.6927
vn -0.0221 0.7688 0.6391
vn -0.1667 0.3200 -0.9326
vn 0.2816 -0.3224 0.9038
vn 0.2427 -0.2957 0.9239
vn 0.2809 -0.3341 0.8997
vn -0.0581 -0.7695 -0.6360
vn -0.0592 0.7848 0.6169
vn 0.3958 -0.4132 0.8201
vn 0.2370 -0.4471 0.8625
vn 0.2420 -0.4502 0.8595
vn 0.0467 -0.8234 -0.5655
vn 0.0481 -0.7393 -0.6716
vn 0.0798 -0.8010 -0.5933
vn 0.1231 -0.8636 -0.4889
vn -0.0597 0.8010 0.5956
vn -0.0400 0.7936 0.6071
vn -0.1513 0.4520 -0.8791
vn -0.1746 0.4766 -0.8616
vn 0.2404 -0.4889 0.8386
vn 0.2429 -0.4908 0.8367
vn 0.1356 -0.8547 -0.5012
vn 0.1193 -0.8965 -0.4267
vn 0.1180 -0.8648 -0.4881
vn 0.1352 -0.8506 -0.5082
vn -0.0744 0.8226 0.5638
vn -0.1445 0.5160 -0.8443
vn -0.1511 0.5239 -0.8383
vn 0.1748 -0.9203 -0.3500
vn 0.1588 -0.8719 -0.4631
vn 0.2068 -0.8786 -0.4305
vn -0.1184 0.8463 0.5194
vn -0.0535 0.8334 0.5501
vn -0.1451 0.5902 -0.7941
vn 0.2277 -0.4989 0.8362
vn 0.3429 -0.3665 0.8649
vn 0.2534 -0.4005 0.8806
vn 0.2452 -0.3856 0.8895
vn 0.1360 -0.9132 -0.3841
vn 0.1285 -0.9205 -0.3690
vn -0.1163 0.8518 0.5108
vn -0.1204 0.7169 -0.6867
vn 0.3241 0.0252 0.9457
vn 0.1253 -0.9217 -0.3671
vn 0.1243 -0.9342 -0.3343
vn -0.1409 0.8833 0.4472
vn -0.1381 0.8974 0.4191
vn 0.0915 0.9910 0.0973
vn 0.1057 0.9396 0.3255
vn 0.2485 0.6621 0.7070
vn 0.2551 0.5385 0.8031
vn 0.1532 -0.1826 -0.9712
vn 0.2066 -0.8785 -0.4309
vn -0.1317 0.9241 0.3587
vn -0.1316 0.9238 0.3595
vn -0.1294 0.9600 0.2485
vn 0.1574 -0.1983 -0.9674
vn -0.0548 0.9836 -0.1718
vn 0.1445 0.0414 -0.9886
vn -0.1129 0.9654 0.2349
vn -0.1139 0.9652 0.2353
vn -0.0655 0.9970 0.0424
vn -0.1472 -0.3009 -0.9422
vn -0.0712 -0.3769 -0.9235
vn 0.0819 -0.3500 0.9332
vn 0.0659 -0.3190 0.9455
vn -0.0786 0.0264 -0.9966
vn -0.1400 -0.0559 -0.9886
vn 0.0789 0.0757 0.9940
vn 0.0847 0.0821 0.9930
vn 0.0813 0.3646 0.9276
vn -0.1425 0.2025 -0.9689
vn -0.1391 0.1617 -0.9770
vn -0.1388 0.1989 -0.9701
vn -0.0342 0.9993 0.0139
vn -0.0060 1.0000 -0.0032
vn -0.0218 0.9997 0.0107
vn -0.0217 0.9996 0.0179
vn -0.1804 0.9796 -0.0885
vn -0.0118 0.9876 -0.1565
vn -0.0293 0.9895 -0.1416
vn 0.1202 -0.6597 -0.7419
vn -0.3708 0.5593 -0.7414
vn -0.1279 0.2194 -0.9672
vn 0.1246 -0.0025 0.9922
vn 0.1098 0.0150 0.9938
vn -0.0005 1.0000 -0.0100
vn -0.0029 1.0000 -0.0073
vn 0.0162 0.9991 0.0401
vn 0.0131 0.9992 0.0383
vn -0.1595 0.2868 -0.9446
vn -0.1291 0.2516 -0.9592
vn 0.1617 -0.2123 0.9637
vn 0.1221 -0.1719 0.9775
vn -0.0549 -0.4913 -0.8693
vn -0.0162 -0.4432 -0.8963
vn -0.1582 -0.6086 -0.7775
vn -0.0812 -0.5971 -0.7980
vn -0.0299 -0.6332 -0.7734
vn -0.0750 -0.4561 -0.8868
vn -0.1241 -0.3966 -0.9095
vn -0.0087 -0.4472 -0.8944
vn -0.0121 0.7213 0.6925
vn -0.1589 0.3169 -0.9351
vn -0.1584 0.3157 -0.9356
vn -0.0513 -0.6065 -0.7934
vn 0.0899 -0.7373 -0.6696
vn 0.0094 0.7774 0.6289
vn -0.1074 0.3873 -0.9157
vn 0.1363 -0.3457 0.9284
vn 0.1261 -0.3382 0.9326
vn 0.1412 -0.4543 0.8796
vn 0.1378 -0.4520 0.8813
vn -0.0478 -0.8028 -0.5944
vn 0.0216 -0.7883 -0.6149
vn 0.0049 -0.8578 -0.5139
vn 0.0072 0.7955 0.6059
vn -0.0048 0.7905 0.6125
vn -0.1127 0.4462 -0.8878
vn 0.0371 -0.8430 -0.5366
vn 0.0234 -0.8707 -0.4912
vn 0.0051 0.8097 0.5868
vn -0.0384 0.8332 0.5516
vn 0.1359 -0.5041 0.8529
vn 0.1326 -0.5009 0.8553
vn 0.2379 -0.5085 0.8275
vn 0.1358 -0.5022 0.8540
vn 0.0555 -0.8820 -0.4680
vn 0.0242 -0.8704 -0.4917
vn 0.0576 -0.9047 -0.4220
vn -0.0989 0.6452 -0.7576
vn 0.1153 -0.4211 0.8997
vn 0.0771 -0.9278 -0.3649
vn 0.0784 -0.8947 -0.4396
vn 0.0989 -0.8982 -0.4284
vn 0.1001 -0.9071 -0.4089
vn -0.0467 0.8899 0.4538
vn -0.0346 0.8718 0.4886
vn -0.0996 0.7124 -0.6946
vn 0.4032 0.1135 0.9080
vn 0.1163 0.2030 0.9723
vn 0.1164 -0.9361 -0.3318
vn 0.0671 -0.9344 -0.3500
vn 0.0698 -0.9248 -0.3741
vn 0.0643 -0.9318 -0.3572
vn 0.0628 -0.9230 -0.3796
vn -0.0456 0.8904 0.4529
vn -0.0600 0.8871 0.4576
vn -0.0757 0.9154 0.3953
vn 0.0524 0.9398 0.3377
vn -0.0517 0.7524 -0.6567
vn 0.0549 -0.8353 -0.5471
vn 0.1708 -0.0280 -0.9849
vn 0.0013 0.0179 -0.9998
vn 0.0241 -0.2482 -0.9684
vn 0.1348 -0.8932 -0.4289
vn -0.0654 0.9196 0.3874
vn -0.0377 0.9328 0.3585
vn -0.0849 0.9397 0.3311
vn -0.0663 0.9226 0.3801
vn -0.0204 0.8731 -0.4871
vn -0.0412 0.9664 0.2539
vn -0.0791 0.9399 0.3322
vn -0.0550 0.9831 -0.1747
vn -0.0300 -0.3710 -0.9281
vn -0.1397 -0.2225 -0.9649
vn -0.0301 -0.3456 -0.9379
vn -0.1308 -0.0024 -0.9914
vn -0.1256 0.1137 -0.9855
vn 0.0917 0.4121 0.9065
vn 0.1321 0.3419 0.9304
vn 0.1441 0.0816 0.9862
vn -0.1412 0.1641 -0.9763
vn -0.0397 0.2227 -0.9741
vn -0.0026 1.0000 0.0016
vn -0.0023 0.9999 0.0146
vn -0.0223 0.9996 0.0182
vn -0.0178 0.9998 -0.0092
vn 0.0189 0.9998 -0.0096
vn -0.0264 0.9997 0.0018
vn -0.0005 0.9997 -0.0260
vn 0.0187 0.9994 -0.0296
vn 0.0201 0.9992 -0.0349
vn 0.0141 0.9993 -0.0332
vn -0.0060 0.9999 -0.0137
vn -0.0057 0.9994 -0.0327
vn 0.0083 0.9995 -0.0313
vn 0.0089 0.9999 -0.0108
vn -0.0396 0.9980 -0.0502
vn 0.0820 0.9953 -0.0506
vn -0.0976 0.9948 -0.0298
vn 0.0256 0.9994 -0.0242
vn 0.0179 0.9977 -0.0652
vn -0.2719 0.0893 -0.9582
vn -0.4710 0.0489 -0.8808
vn -0.5152 0.0862 -0.8527
vn -0.0148 0.9989 -0.0453
vn -0.0159 0.9781 -0.2075
vn -0.8680 -0.1736 -0.4653
vn -0.6609 0.0789 -0.7463
vn -0.2699 0.0876 -0.9589
vn 0.0494 0.9978 -0.0450
vn 0.0799 0.9797 -0.1836
vn 0.0858 0.9920 -0.0921
vn -0.0276 0.9898 -0.1394
vn 0.0897 0.4845 0.8702
vn 0.0778 0.4458 0.8917
vn -0.0396 0.2162 -0.9756
vn 0.0511 0.0221 0.9984
vn -0.0156 0.9996 0.0221
vn -0.0157 0.9997 -0.0197
vn -0.0019 0.9996 -0.0280
vn -0.0679 0.9838 -0.1656
vn -0.2152 -0.6171 -0.7569
vn -0.0032 0.6803 -0.7329
vn -0.8906 -0.2151 -0.4007
vn 0.0156 0.6765 -0.7363
vn 0.8338 -0.3126 -0.4550
vn -0.0385 -0.6591 -0.7510
vn 0.4354 0.5663 -0.6998
vn -0.0601 -0.6305 -0.7738
vn -0.0388 -0.6894 -0.7233
vn 0.0819 0.6730 0.7351
vn 0.1305 0.7013 0.7009
vn 0.0607 -0.1829 0.9813
vn 0.0030 -0.5053 -0.8629
vn 0.0765 -0.4755 -0.8764
vn 0.0362 0.7304 0.6820
vn -0.0941 -0.6310 -0.7700
vn 0.0275 0.7663 0.6420
vn 0.0652 -0.3378 0.9390
vn 0.0464 -0.4555 0.8890
vn 0.0554 -0.4637 0.8843
vn -0.0593 -0.7852 -0.6164
vn -0.0484 0.4762 -0.8780
vn -0.0234 -0.8478 -0.5299
vn 0.0173 -0.8706 -0.4917
vn 0.0532 0.8173 0.5737
vn 0.0497 0.8249 0.5630
vn -0.0633 0.5513 -0.8319
vn 0.0506 -0.4844 0.8734
vn 0.0758 -0.5612 0.8242
vn -0.0117 -0.8797 -0.4753
vn -0.0183 -0.8933 -0.4490
vn 0.0115 0.8426 0.5385
vn -0.0355 0.5972 -0.8013
vn 0.0092 -0.9138 -0.4061
vn 0.0311 -0.9243 -0.3803
vn 0.0089 0.8595 0.5110
vn 0.1002 -0.3923 0.9144
vn 0.0654 -0.2655 0.9619
vn 0.0032 -0.9347 -0.3554
vn 0.0029 -0.9337 -0.3580
vn 0.0285 0.8876 0.4596
vn 0.0047 0.9989 0.0463
vn 0.0168 -0.9031 -0.4291
vn -0.0331 0.9333 0.3575
vn -0.0654 0.6203 -0.7816
vn -0.0809 0.9639 0.2535
vn -0.0165 0.9998 -0.0111
vn 0.0243 0.9883 0.1505
vn 0.0183 0.9522 0.3051
vn -0.0182 0.9906 -0.1358
vn -0.0146 -0.3846 -0.9230
vn -0.0042 -0.4351 -0.9004
vn 0.1382 -0.3164 0.9385
vn 0.1381 -0.3163 0.9385
vn -0.0140 -0.2155 -0.9764
vn -0.0148 -0.1852 -0.9826
vn 0.1657 0.0705 0.9836
vn -0.0075 -0.0024 -1.0000
vn -0.0139 0.0181 -0.9997
vn -0.0065 0.1168 -0.9931
vn -0.0077 0.1354 -0.9908
vn -0.0065 0.1314 -0.9913
vn -0.0171 0.2492 -0.9683
vn 0.0141 -0.0141 0.9998
vn 0.0196 0.6968 0.7170
vn -0.0172 0.2359 -0.9716
vn 0.0124 -0.1310 0.9913
vn -0.1477 -0.5357 -0.8314
vn -0.1461 -0.5478 -0.8238
vn -0.1548 -0.5288 -0.8345
vn -0.1534 -0.5850 -0.7964
vn 0.1247 0.7416 0.6592
vn 0.0671 -0.3395 0.9382
vn -0.1413 -0.5805 -0.8019
vn 0.0721 0.7722 0.6313
vn -0.1002 -0.7963 -0.5965
vn 0.0594 0.7902 0.6100
vn 0.0555 0.7873 0.6141
vn -0.0450 -0.8422 -0.5372
vn 0.0686 0.8102 0.5821
vn -0.0494 -0.8659 -0.4978
vn -0.0556 -0.8543 -0.5167
vn -0.0384 -0.9028 -0.4283
vn -0.0262 -0.9020 -0.4308
vn 0.0118 0.8536 0.5207
vn -0.0068 0.7529 -0.6581
vn -0.0117 -0.4637 0.8859
vn -0.0302 0.3237 0.9457
vn -0.0373 -0.9248 -0.3786
vn 0.0014 -0.9365 -0.3507
vn 0.0123 0.9110 0.4121
vn 0.0421 0.8907 0.4527
vn -0.0333 0.8508 0.5244
vn 0.0602 -0.9183 -0.3913
vn 0.0090 0.9194 0.3933
vn -0.0076 0.9748 -0.2228
vn 0.0056 0.9904 0.1380
vn 0.0213 0.9523 0.3045
vn -0.0089 0.9577 -0.2875
vn 0.0747 -0.4002 -0.9134
vn 0.0845 -0.4109 -0.9078
vn 0.0326 -0.3991 -0.9163
vn 0.1032 -0.3226 0.9409
vn 0.2319 -0.3332 0.9139
vn 0.1844 -0.2803 0.9420
vn 0.0401 -0.1862 -0.9817
vn 0.2231 -0.1635 0.9610
vn -0.0227 0.0229 -0.9995
vn 0.0395 -0.0487 -0.9980
vn 0.0388 -0.1951 -0.9800
vn 0.0923 0.0232 -0.9955
vn 0.0935 -0.0299 -0.9952
vn 0.1474 0.1333 -0.9801
vn 0.1516 0.0791 -0.9853
vn 0.1971 0.3498 0.9159
vn 0.2139 0.2924 0.9321
vn -0.0002 0.1804 -0.9836
vn 0.0072 0.1682 -0.9857
vn -0.0003 0.2106 -0.9776
vn 0.1807 0.1798 -0.9670
vn 0.1694 0.2082 -0.9633
vn -0.0676 -0.1281 -0.9895
vn -0.4495 0.2427 -0.8597
vn 0.1850 0.5210 0.8333
vn 0.2102 0.6110 0.7632
vn -0.0092 0.0840 0.9964
vn -0.2717 -0.4625 -0.8439
vn 0.0072 0.2915 -0.9565
vn -0.0074 -0.2012 0.9795
vn -0.8484 -0.4192 -0.3232
vn -0.2423 -0.4506 -0.8592
vn -0.4748 -0.7884 0.3911
vn -0.7300 -0.2473 -0.6372
vn 0.0031 0.3073 -0.9516
vn 0.0072 0.2888 -0.9574
vn -0.0057 -0.3299 0.9440
vn -0.1969 -0.6484 -0.7354
vn -0.3446 -0.1211 -0.9309
vn -0.2703 -0.6100 -0.7449
vn -0.1064 -0.7952 -0.5969
vn 0.0090 0.3709 -0.9286
vn 0.0042 0.3903 -0.9207
vn 0.0196 0.4495 -0.8930
vn 0.0095 0.4774 -0.8786
vn -0.0169 -0.3581 0.9335
vn -0.0147 -0.4571 0.8893
vn -0.0123 -0.5427 0.8398
vn -0.0117 -0.4809 0.8767
vn -0.1144 -0.8722 -0.4757
vn -0.1158 -0.8663 -0.4859
vn 0.1437 0.8054 0.5750
vn 0.1127 0.8237 0.5557
vn 0.0110 0.6130 -0.7900
vn -0.0852 -0.8975 -0.4327
vn -0.0884 -0.8984 -0.4303
vn -0.0644 -0.9243 -0.3763
vn -0.0610 -0.9232 -0.3795
vn -0.0414 -0.9234 -0.3815
vn -0.0613 -0.9205 -0.3858
vn 0.0597 0.9484 0.3114
vn 0.0636 0.9322 0.3564
vn -0.0258 0.6197 -0.7844
vn 0.1344 0.9856 0.1028
vn 0.0257 0.9431 0.3316
vn 0.2507 -0.2794 0.9269
vn 0.2287 -0.2613 0.9378
vn 0.2286 -0.1117 0.9671
vn 0.2241 0.0699 0.9721
vn 0.2237 0.0702 0.9721
vn 0.0284 0.9993 -0.0235
vn 0.0186 0.9997 -0.0168
vn 0.1165 0.5684 0.8145
vn 0.2028 0.6826 0.7021
vn 0.0842 -0.9366 0.3401
vn -0.1343 -0.1577 -0.9783
vn -0.0238 -0.9464 0.3222
vn -0.2268 -0.1577 -0.9611
vn 0.0862 -0.9781 0.1892
vn -0.0518 -0.2476 -0.9675
vn -0.2599 -0.6084 -0.7498
vn 0.1458 0.7396 0.6571
vn -0.2292 -0.5777 -0.7834
vn -0.3102 -0.5489 -0.7762
vn -0.2698 -0.5271 -0.8059
vn -0.3206 -0.6566 -0.6827
vn -0.2373 -0.7270 -0.6443
vn -0.2414 -0.7261 -0.6438
vn -0.1160 -0.7954 -0.5948
vn -0.1489 -0.8263 -0.5432
vn 0.1703 0.7599 0.6273
vn -0.0209 -0.4700 0.8824
vn 0.1680 0.7677 0.6184
vn 0.1687 0.7843 0.5970
vn -0.1282 -0.8504 -0.5103
vn -0.1263 -0.8606 -0.4934
vn 0.1745 0.7849 0.5945
vn 0.0232 0.5591 -0.8287
vn -0.0215 -0.5173 0.8556
vn -0.0256 -0.5343 0.8449
vn 0.1039 0.8404 0.5320
vn 0.1288 0.8105 0.5715
vn 0.0146 0.6071 -0.7945
vn -0.1271 -0.8999 -0.4173
vn -0.1191 -0.9190 -0.3758
vn 0.0080 0.7288 -0.6846
vn -0.0237 -0.4369 0.8992
vn -0.0853 -0.4965 0.8638
vn -0.0432 0.0677 0.9968
vn -0.1096 -0.9155 -0.3872
vn -0.1110 -0.9196 -0.3769
vn 0.1048 0.8829 0.4578
vn -0.0321 0.8271 0.5611
vn -0.1183 -0.9158 -0.3839
vn -0.1475 -0.9159 -0.3733
vn 0.0836 0.9164 0.3914
vn 0.0369 0.9441 0.3275
vn 0.0897 0.8872 0.4525
vn -0.0137 0.6897 -0.7239
vn -0.0474 -0.8558 -0.5151
vn 0.0590 0.0188 -0.9981
vn -0.0050 0.8239 -0.5668
vn 0.0290 0.9833 0.1795
vn 0.1335 0.9552 0.2642
vn 0.0197 0.9968 -0.0773
vn 0.3317 -0.2455 0.9109
vn 0.3580 0.0892 0.9294
vn 0.3580 0.0892 0.9295
vn 0.3150 0.3496 0.8824
vn 0.3317 0.3138 0.8896
vn 0.2844 0.4885 0.8249
vn 0.0161 0.2075 -0.9781
vn 0.0088 0.2421 -0.9702
vn 0.0146 0.9999 0.0027
vn 0.0198 0.9998 -0.0098
vn -0.3234 0.6546 -0.6833
vn 0.0039 0.9998 -0.0187
vn 0.0032 0.9986 -0.0528
vn 0.1646 -0.9744 0.1533
vn 0.2831 0.4872 0.8261
vn 0.2861 0.5954 0.7508
vn 0.2100 0.6809 0.7016
vn 0.0170 0.2632 -0.9646
vn -0.1880 -0.2109 -0.9593
vn 0.2217 -0.8508 -0.4765
vn -0.0299 -0.3887 -0.9209
vn 0.2752 0.7065 0.6520
vn 0.2145 0.7453 0.6313
vn -0.2822 -0.8041 -0.5233
vn -0.2555 -0.8435 -0.4725
vn -0.2460 -0.8623 -0.4427
vn 0.2013 0.7993 0.5662
vn 0.2154 0.7989 0.5615
vn -0.1915 -0.8876 -0.4190
vn 0.1316 0.8798 0.4567
vn 0.1793 0.8671 0.4647
vn 0.0523 0.7573 -0.6510
vn -0.0560 0.2019 0.9778
vn -0.1664 -0.9101 -0.3795
vn -0.1664 -0.9138 -0.3704
vn 0.0259 0.9878 0.1538
vn -0.1594 -0.9119 -0.3782
vn 0.1686 0.9300 0.3267
vn 0.1680 0.9088 0.3819
vn 0.1549 0.9279 0.3391
vn -0.2211 -0.0833 -0.9717
vn -0.1430 -0.3185 -0.9371
vn 0.0139 0.8823 -0.4705
vn 0.0142 0.8823 -0.4705
vn -0.1338 0.0414 -0.9901
vn -0.0320 0.6337 -0.7729
vn 0.0173 0.9104 -0.4133
vn 0.0175 0.9105 -0.4131
vn 0.0743 0.9633 0.2579
vn 0.0367 0.9629 -0.2674
vn 0.0371 0.9628 -0.2675
vn 0.3497 -0.2610 0.8998
vn 0.3314 -0.2254 0.9162
vn 0.3487 0.0944 0.9325
vn -0.0961 0.0690 0.9930
vn -0.0486 0.0149 0.9987
vn 0.0023 0.9992 0.0401
vn 0.0037 0.9998 0.0211
vn 0.0049 0.9996 0.0293
vn -0.1041 -0.1899 0.9763
vn -0.0868 -0.2094 0.9740
vn -0.8308 -0.3576 -0.4266
vn -0.0896 -0.7871 0.6103
vn -0.6810 -0.1543 -0.7158
vn 0.2934 0.7047 0.6460
vn 0.1014 0.3469 -0.9324
vn -0.1107 -0.3696 0.9226
vn -0.3625 -0.0819 -0.9284
vn -0.3277 -0.6555 -0.6804
vn 0.2560 0.7427 0.6188
vn 0.2978 0.7101 0.6380
vn 0.1196 0.3858 -0.9148
vn 0.1109 0.3930 -0.9128
vn -0.1316 -0.3533 0.9262
vn -0.1323 -0.4658 0.8750
vn -0.1305 -0.4674 0.8744
vn -0.3173 -0.7565 -0.5718
vn -0.4216 -0.6853 -0.5938
vn 0.2636 0.7609 0.5929
vn 0.2537 0.7603 0.5980
vn 0.1174 0.4772 -0.8709
vn 0.2445 0.7944 0.5561
vn 0.1692 0.5056 -0.8460
vn -0.1730 -0.5145 0.8399
vn -0.1574 -0.5296 0.8335
vn -0.1943 -0.5260 0.8280
vn -0.1755 -0.5438 0.8206
vn -0.2378 -0.8526 -0.4653
vn -0.3309 -0.8334 -0.4426
vn -0.2581 -0.8859 -0.3855
vn -0.3081 -0.8168 -0.4878
vn -0.3208 -0.7966 -0.5124
vn -0.3848 -0.8187 -0.4263
vn -0.4184 -0.7628 -0.4931
vn 0.2460 0.7938 0.5562
vn 0.2415 0.8326 0.4985
vn 0.3148 0.7877 0.5296
vn 0.1225 0.6228 -0.7727
vn -0.2115 -0.4715 0.8561
vn -0.2060 -0.8674 -0.4530
vn -0.2141 -0.8802 -0.4235
vn 0.1827 0.8665 0.4646
vn 0.2360 0.8413 0.4863
vn 0.1169 0.7515 -0.6493
vn 0.1503 0.7316 -0.6649
vn -0.2128 -0.4728 0.8551
vn -0.3313 0.0083 0.9435
vn -0.2725 -0.0728 0.9594
vn -0.1595 -0.9124 -0.3768
vn -0.2065 -0.9056 -0.3706
vn -0.2064 -0.9055 -0.3708
vn -0.2099 -0.9033 -0.3741
vn -0.2383 -0.8837 -0.4028
vn 0.1891 0.8899 0.4151
vn 0.1928 0.8931 0.4063
vn 0.2027 0.8737 0.4422
vn -0.0599 0.9828 0.1748
vn -0.0383 0.9936 0.1065
vn -0.1895 0.5992 0.7778
vn -0.2581 0.2588 0.9308
vn -0.1445 -0.8850 -0.4426
vn -0.1454 -0.8848 -0.4427
vn -0.2163 -0.8847 -0.4129
vn -0.1663 -0.5515 -0.8175
vn -0.1656 -0.5554 -0.8149
vn 0.1273 0.9318 0.3399
vn 0.2258 0.8955 0.3835
vn -0.1311 0.0240 -0.9911
vn -0.1221 0.0675 -0.9902
vn -0.0313 0.5726 -0.8192
vn 0.1592 0.9861 -0.0472
vn 0.1589 0.9862 -0.0474
vn 0.1179 0.9842 -0.1322
vn 0.0922 0.9932 -0.0714
vn -0.0048 0.7644 -0.6447
vn 0.0933 0.9628 0.2534
vn 0.1694 0.9439 0.2836
vn 0.4072 -0.2052 0.8900
vn 0.4495 -0.2089 0.8685
vn 0.0812 -0.2820 -0.9560
vn 0.4440 -0.0956 0.8909
vn 0.4166 0.0900 0.9046
vn 0.4449 0.0761 0.8923
vn 0.0634 -0.3467 -0.9358
vn 0.0300 0.0125 -0.9995
vn 0.2090 0.2242 -0.9519
vn 0.1816 0.2479 -0.9516
vn 0.3502 0.4350 0.8295
vn 0.3342 0.5795 0.7433
vn 0.3796 0.4525 0.8069
vn 0.3800 0.4578 0.8038
vn 0.1949 0.2477 -0.9490
vn -0.1908 -0.0035 0.9816
vn -0.1631 -0.0319 0.9861
vn 0.2816 -0.8281 0.4847
vn 0.2649 -0.8328 0.4862
vn 0.3596 0.6326 0.6860
vn 0.1828 0.2852 -0.9409
vn 0.1932 0.2706 -0.9431
vn -0.1904 -0.2087 0.9593
vn -0.1811 -0.2229 0.9579
vn -0.1820 -0.1461 -0.9724
vn -0.3177 -0.1169 -0.9410
vn 0.3467 -0.8819 -0.3196
vn -0.1145 -0.3189 -0.9408
vn 0.3173 0.7175 0.6201
vn 0.3964 0.6826 0.6139
vn 0.1853 0.3321 -0.9249
vn -0.2123 -0.3590 0.9089
vn -0.4333 -0.5271 -0.7310
vn 0.2019 0.3801 -0.9026
vn 0.2130 0.3663 -0.9058
vn -0.2286 -0.3687 0.9010
vn -0.2301 -0.4655 0.8546
vn -0.2238 -0.4728 0.8523
vn -0.3515 -0.7091 -0.6113
vn 0.3170 0.7329 0.6019
vn 0.2074 0.4888 -0.8474
vn -0.3121 -0.8333 -0.4563
vn -0.6375 -0.7008 -0.3202
vn -0.5339 -0.7449 -0.4000
vn -0.7195 -0.6888 -0.0886
vn -0.7774 -0.4716 -0.4162
vn 0.2712 0.7877 0.5532
vn 0.2905 0.7866 0.5448
vn 0.3290 0.7376 0.5897
vn 0.1992 0.5120 -0.8355
vn 0.1752 0.5213 -0.8352
vn -0.2657 -0.5162 0.8142
vn -0.2426 -0.5349 0.8093
vn -0.3017 -0.5261 0.7951
vn -0.2639 -0.5694 0.7785
vn -0.5421 -0.7342 -0.4087
vn -0.6098 -0.7066 -0.3589
vn -0.5909 -0.5402 -0.5992
vn -0.5391 -0.6998 -0.4687
vn 0.1619 0.6027 -0.7814
vn -0.4612 -0.7771 -0.4284
vn -0.4442 -0.6527 -0.6137
vn -0.3341 -0.7589 -0.5589
vn 0.2292 0.7140 -0.6616
vn -0.3821 -0.3872 0.8391
vn -0.2995 -0.5029 0.8108
vn -0.2657 -0.8771 -0.4002
vn -0.2629 -0.8769 -0.4025
vn -0.2503 -0.8978 -0.3623
vn 0.2715 0.8608 0.4305
vn 0.0201 0.9983 0.0551
vn 0.1211 0.9731 -0.1960
vn -0.3433 0.2973 0.8909
vn -0.0852 0.9126 0.3999
vn -0.3324 0.3890 0.8592
vn -0.2953 -0.8482 -0.4397
vn -0.2110 -0.7190 -0.6622
vn 0.1913 0.9011 0.3892
vn 0.2215 0.9054 0.3622
vn -0.1157 0.2955 -0.9483
vn 0.0313 0.8402 -0.5414
vn 0.1810 0.9820 -0.0544
vn 0.1345 0.9898 0.0467
vn 0.2311 0.9298 0.2864
vn 0.2373 -0.3119 -0.9200
vn 0.4776 -0.2377 0.8459
vn 0.4609 -0.2006 0.8645
vn 0.2189 -0.1438 -0.9651
vn 0.4850 0.0863 0.8702
vn 0.4896 0.0823 0.8680
vn 0.2138 -0.2047 -0.9552
vn 0.2199 0.0745 -0.9727
vn 0.2187 -0.0293 -0.9754
vn 0.5181 0.0722 0.8523
vn 0.1981 0.0539 -0.9787
vn 0.2009 0.1812 -0.9627
vn 0.4666 0.2960 0.8335
vn 0.4174 0.3658 0.8319
vn 0.4716 0.3220 0.8209
vn -0.3037 -0.0259 0.9524
vn -0.2866 -0.0470 0.9569
vn 0.3872 0.6221 0.6805
vn 0.4531 0.4657 0.7601
vn 0.4823 0.5476 0.6838
vn -0.2997 -0.1828 0.9364
vn -0.9476 -0.2848 -0.1447
vn 0.3426 -0.4419 0.8291
vn -0.7796 -0.0861 -0.6204
vn -0.4283 -0.0970 -0.8984
vn 0.2530 0.3603 -0.8979
vn -0.3568 -0.3604 0.8619
vn -0.3322 -0.3771 0.8646
vn -0.3671 -0.4918 0.7895
vn -0.3827 -0.4547 0.8042
vn -0.5201 -0.7696 -0.3704
vn -0.4914 -0.7023 -0.5151
vn -0.7996 -0.5963 0.0716
vn -0.9229 -0.3491 -0.1624
vn -0.4640 -0.7135 -0.5251
vn -0.9565 -0.2873 -0.0517
vn -0.7371 -0.6139 0.2826
vn -0.7350 -0.6153 0.2849
vn -0.7535 -0.6511 -0.0913
vn 0.3611 0.7314 0.5785
vn -0.8048 -0.5111 -0.3019
vn -0.8930 -0.3323 -0.3036
vn -0.8139 -0.3840 -0.4361
vn 0.3256 0.5191 -0.7903
vn -0.3635 -0.5179 0.7743
vn -0.4126 -0.5163 0.7504
vn -0.3798 -0.5754 0.7243
vn -0.5016 -0.6297 -0.5932
vn -0.4971 -0.6481 -0.5769
vn -0.6686 -0.3277 -0.6675
vn -0.4776 -0.6450 -0.5966
vn -0.5097 -0.6748 -0.5337
vn 0.3251 0.7859 0.5260
vn 0.3429 0.7753 0.5305
vn -0.5040 -0.4174 0.7561
vn -0.3443 -0.8068 -0.4802
vn -0.4140 -0.7780 -0.4726
vn -0.3791 -0.6660 -0.6424
vn -0.3840 -0.7753 -0.5014
vn -0.3129 -0.8602 -0.4027
vn 0.3137 0.8346 0.4528
vn 0.1930 0.7084 -0.6789
vn 0.2517 0.6998 -0.6685
vn 0.2628 0.6938 -0.6705
vn 0.3196 0.6280 -0.7096
vn -0.4938 -0.3984 0.7730
vn -0.3950 0.2836 0.8738
vn -0.3827 0.4042 0.8308
vn -0.2321 -0.8869 -0.3994
vn -0.3045 -0.8606 -0.4081
vn -0.3132 -0.8747 -0.3700
vn -0.3220 -0.8682 -0.3776
vn 0.2849 0.8554 0.4326
vn 0.3038 0.8301 0.4676
vn 0.1798 0.9509 -0.2520
vn 0.2680 0.8580 -0.4382
vn -0.1986 0.8267 0.5264
vn 0.0904 0.9954 0.0302
vn -0.2136 -0.7177 -0.6628
vn -0.3257 -0.8373 -0.4391
vn -0.3357 -0.7774 -0.5319
vn -0.3484 -0.5445 -0.7630
vn -0.2368 -0.0068 -0.9715
vn -0.2291 0.3961 -0.8892
vn 0.1870 0.9309 0.3139
vn 0.2701 0.9511 0.1497
vn 0.0409 0.9144 -0.4028
vn 0.2038 0.9338 0.2942
vn 0.2105 0.9336 0.2899
vn 0.2639 -0.3171 -0.9109
vn 0.2335 -0.2800 -0.9312
vn 0.5696 -0.1749 0.8031
vn 0.5683 -0.1744 0.8041
vn 0.5599 -0.1642 0.8122
vn 0.2379 -0.0403 -0.9705
vn 0.2671 -0.0415 -0.9628
vn 0.2062 -0.0107 -0.9784
vn 0.3457 0.0529 -0.9369
vn 0.2971 0.1911 -0.9355
vn 0.2980 0.0265 -0.9542
vn 0.2959 0.2434 -0.9237
vn 0.3211 0.2192 -0.9213
vn -0.2766 0.7850 0.5544
vn -0.1913 0.7482 0.6353
vn -0.7145 0.5240 0.4636
vn 0.4050 0.5590 0.7235
vn 0.5424 0.4425 0.7141
vn -0.3121 -0.0442 0.9490
vn -0.5401 0.7920 -0.2847
vn -0.5958 0.8014 -0.0530
vn -0.4453 0.8880 -0.1148
vn -0.3598 0.7974 -0.4845
vn -0.2635 0.8726 -0.4113
vn -0.2538 0.8537 -0.4548
vn -0.4462 0.8664 0.2244
vn -0.5217 0.7885 0.3258
vn -0.4091 0.7860 0.4635
vn -0.2978 0.8430 0.4480
vn -0.9568 -0.1224 -0.2638
vn -0.9924 -0.0276 0.1203
vn -0.9484 -0.1235 0.2920
vn -0.8880 -0.0449 0.4576
vn -0.7846 -0.1167 0.6089
vn 0.7551 -0.5819 0.3019
vn -0.5413 -0.3429 -0.7678
vn 0.4924 0.6003 0.6302
vn 0.2703 0.3212 -0.9076
vn -0.2962 0.9506 -0.0929
vn -0.2312 0.9586 -0.1660
vn -0.2727 0.9369 0.2189
vn -0.3186 0.8940 0.3150
vn -0.7829 -0.0911 -0.6154
vn -0.4688 -0.0830 -0.8794
vn -0.9390 -0.2759 -0.2051
vn -0.8851 -0.0430 0.4633
vn -0.7662 -0.5718 0.2933
vn 0.0197 -0.3220 -0.9465
vn -0.9416 -0.3337 0.0451
vn -0.5661 -0.3480 -0.7473
vn 0.1968 -0.5591 0.8054
vn -0.4967 -0.6191 -0.6083
vn -0.8866 -0.1289 -0.4442
vn 0.4208 0.6782 0.6025
vn 0.4487 0.6590 0.6037
vn 0.3678 0.2944 -0.8821
vn 0.3631 0.3605 -0.8592
vn 0.3612 0.2988 -0.8833
vn 0.3604 0.3050 -0.8815
vn -0.3805 -0.2817 0.8808
vn -0.4891 -0.1049 0.8659
vn -0.4657 -0.2481 0.8495
vn -0.4698 -0.3970 0.7885
vn -0.4948 -0.3881 0.7776
vn -0.5767 -0.2686 0.7715
vn -0.7142 -0.0984 -0.6930
vn -0.9408 -0.1114 -0.3202
vn -0.5218 -0.0889 -0.8484
vn -0.1699 -0.0876 -0.9816
vn -0.2515 -0.0721 -0.9652
vn -0.7524 -0.5993 0.2734
vn -0.8983 -0.4333 0.0729
vn -0.8507 -0.5130 0.1150
vn -0.4919 -0.8593 0.1400
vn -0.6821 -0.1320 0.7193
vn -0.6760 -0.7040 0.2174
vn -0.3978 -0.7588 -0.5158
vn -0.3972 -0.0711 -0.9150
vn 0.4057 0.7007 0.5868
vn 0.4129 0.7107 0.5696
vn 0.3506 0.3812 -0.8554
vn 0.3381 0.3884 -0.8572
vn -0.5686 -0.3427 -0.7478
vn 0.3979 0.7414 0.5405
vn 0.3461 0.5000 -0.7939
vn 0.3269 0.5103 -0.7954
vn -0.3902 -0.4953 0.7762
vn -0.5345 -0.5028 0.6794
vn -0.5440 -0.3912 0.7423
vn -0.5340 -0.4826 0.6942
vn -0.5356 -0.5034 0.6780
vn -0.5345 -0.4817 0.6945
vn -0.4746 -0.6286 -0.6162
vn -0.4171 -0.6358 -0.6494
vn -0.5388 -0.5456 -0.6419
vn 0.4012 0.7460 0.5316
vn -0.4007 -0.7691 -0.4980
vn -0.4298 -0.5628 0.7061
vn -0.5527 -0.5587 0.6184
vn -0.5918 -0.4664 0.6574
vn 0.3721 0.8068 0.4589
vn 0.4296 0.7468 0.5076
vn 0.4200 0.7663 0.4862
vn -0.5873 -0.4219 0.6907
vn -0.6908 -0.3250 0.6458
vn -0.6100 0.3109 0.7288
vn -0.2995 -0.8706 -0.3903
vn -0.3710 -0.8468 -0.3812
vn -0.3977 -0.8425 -0.3633
vn -0.4051 -0.8380 -0.3656
vn -0.3977 -0.8432 -0.3618
vn -0.3702 -0.8404 -0.3958
vn 0.3155 0.8556 0.4104
vn 0.3155 0.8555 0.4105
vn 0.3918 0.8107 0.4351
vn 0.3613 0.8159 -0.4515
vn 0.0362 0.9958 0.0838
vn 0.1590 0.9847 -0.0707
vn -0.0367 0.9828 0.1810
vn -0.4897 0.5534 0.6738
vn -0.3879 -0.7524 -0.5324
vn -0.4552 -0.7606 -0.4629
vn 0.3465 0.8753 0.3373
vn 0.3556 0.8855 0.2991
vn 0.3305 0.8556 0.3985
vn 0.3515 0.8686 0.3494
vn 0.1244 0.9690 -0.2135
vn 0.1909 0.9588 0.2105
vn 0.1145 0.9814 -0.1539
vn 0.4196 -0.2744 -0.8652
vn 0.3577 -0.2216 -0.9072
vn 0.6097 -0.1377 0.7806
vn 0.6462 -0.1409 0.7501
vn 0.6469 -0.1416 0.7494
vn 0.6353 -0.0495 0.7707
vn 0.6201 0.0750 0.7809
vn 0.6346 0.0608 0.7705
vn 0.6190 0.0766 0.7816
vn 0.4493 0.0232 -0.8931
vn 0.4399 0.1298 -0.8886
vn 0.5933 0.2708 0.7581
vn 0.5983 0.2601 0.7579
vn 0.4063 0.2219 -0.8864
vn 0.3722 0.2398 -0.8966
vn -0.0929 0.7521 0.6524
vn 0.3961 0.2700 -0.8776
vn -0.4627 -0.1363 0.8759
vn -0.6732 -0.1258 0.7287
vn -0.5874 -0.2358 0.7742
vn -0.2045 0.5725 -0.7940
vn -0.2387 0.8573 -0.4562
vn -0.2228 0.7958 -0.5631
vn -0.6596 0.3183 -0.6809
vn -0.5967 0.1914 -0.7793
vn -0.1756 0.6306 0.7559
vn 0.0123 -0.0981 -0.9951
vn -0.6526 -0.1606 0.7405
vn -0.6957 -0.1543 0.7016
vn -0.7089 -0.1187 0.6952
vn 0.5601 0.4401 0.7018
vn 0.5656 0.4547 0.6880
vn 0.4711 0.6118 0.6354
vn -0.5546 -0.3377 0.7605
vn -0.6690 -0.2654 0.6943
vn -0.6822 -0.3635 0.6344
vn -0.7168 -0.1795 0.6737
vn -0.6602 0.7509 -0.0157
vn -0.5197 0.5127 -0.6834
vn -0.6818 0.5978 0.4217
vn -0.2437 0.5297 0.8124
vn -0.4393 0.8857 -0.1502
vn -0.4914 0.8694 -0.0513
vn -0.2486 0.7663 -0.5924
vn -0.1621 0.9270 0.3382
vn -0.3263 0.7355 0.5938
vn -0.4087 -0.8952 0.1777
vn -0.2000 -0.9790 0.0406
vn 0.8596 -0.4918 0.1385
vn 0.3419 -0.2749 -0.8986
vn -0.6565 -0.3920 -0.6445
vn -0.6603 -0.5371 -0.5250
vn -0.7014 -0.4059 -0.5859
vn -0.7040 -0.4683 -0.5339
vn 0.5096 0.6022 0.6145
vn -0.1168 -0.0738 -0.9904
vn 0.5023 0.6613 0.5571
vn 0.5417 0.6312 0.5551
vn -0.5642 -0.3749 0.7356
vn -0.6718 -0.3922 0.6283
vn -0.8155 -0.3406 0.4679
vn -0.8983 -0.1890 0.3967
vn 0.1831 -0.9421 -0.2809
vn -0.6582 -0.4265 0.6203
vn -0.4371 -0.3622 -0.8233
vn -0.1531 -0.6015 -0.7840
vn 0.5202 0.4002 -0.7545
vn 0.4764 0.5027 -0.7213
vn -0.5167 -0.5521 -0.6544
vn -0.3344 -0.6846 -0.6476
vn 0.4220 0.7419 0.5211
vn 0.4268 0.7436 0.5147
vn -0.6130 -0.4984 0.6131
vn -0.7030 -0.4518 0.5492
vn -0.7423 -0.4035 0.5349
vn 0.4985 0.5516 -0.6687
vn 0.4633 0.6093 -0.6435
vn -0.6170 -0.5065 0.6023
vn -0.7318 -0.4226 0.5347
vn -0.7107 -0.4793 0.5149
vn -0.4151 -0.7683 -0.4873
vn -0.4001 -0.8116 -0.4257
vn -0.4415 -0.7523 -0.4889
vn -0.4050 -0.7914 -0.4578
vn -0.4400 -0.8196 -0.3669
vn 0.4254 0.7996 0.4240
vn 0.4536 0.7723 0.4448
vn 0.4580 0.7060 -0.5402
vn 0.4187 0.7316 -0.5380
vn 0.4635 0.6751 -0.5740
vn -0.4744 0.5988 0.6453
vn -0.6750 -0.2610 0.6901
vn -0.7744 -0.2911 0.5617
vn -0.7677 -0.4594 0.4468
vn -0.8304 -0.1512 0.5362
vn -0.6564 0.5068 0.5587
vn -0.7184 0.3384 0.6077
vn -0.4913 -0.7993 -0.3460
vn -0.5031 -0.7985 -0.3306
vn -0.5662 -0.6899 -0.4511
vn 0.4377 0.8007 0.4091
vn 0.4498 0.8109 0.3742
vn -0.0365 0.9826 0.1819
vn 0.1122 0.9924 0.0508
vn -0.5660 0.6369 0.5235
vn -0.5235 -0.1344 -0.8414
vn -0.4523 -0.0949 -0.8868
vn -0.5482 -0.3584 -0.7557
vn -0.6193 -0.6859 -0.3822
vn -0.4976 0.3784 -0.7805
vn -0.3265 0.5809 -0.7456
vn 0.3714 0.8846 0.2819
vn -0.0896 0.8199 -0.5654
vn -0.1246 0.7847 -0.6072
vn 0.1263 0.9813 -0.1452
vn 0.4859 -0.1983 -0.8512
vn 0.4660 -0.1762 -0.8671
vn 0.4543 -0.1937 -0.8695
vn 0.6673 -0.1280 0.7337
vn 0.7052 -0.1314 0.6967
vn 0.6833 -0.1103 0.7218
vn 0.4836 -0.0657 -0.8728
vn 0.4445 0.0489 -0.8944
vn 0.4514 -0.3597 -0.8166
vn 0.6894 -0.0535 0.7224
vn 0.6865 0.0569 0.7249
vn 0.4455 0.0265 -0.8949
vn 0.5951 0.3138 0.7398
vn 0.4163 0.2298 -0.8797
vn 0.4903 0.1709 -0.8546
vn 0.4789 0.2465 -0.8425
vn -0.2756 0.5370 0.7973
vn -0.4328 0.5052 0.7467
vn -0.2607 0.3078 0.9150
vn 0.5472 0.2447 -0.8004
vn 0.5387 0.2902 -0.7910
vn 0.5344 0.2964 -0.7916
vn 0.5341 0.2588 -0.8048
vn -0.7473 -0.2013 0.6333
vn -0.6375 -0.3103 0.7052
vn -0.2582 0.7239 0.6397
vn -0.6697 0.4338 0.6028
vn -0.6419 0.4419 0.6267
vn -0.5096 0.1672 0.8440
vn 0.0304 -0.0037 -0.9995
vn 0.1056 -0.0046 -0.9944
vn 0.0868 0.0196 -0.9960
vn 0.2449 -0.1047 -0.9639
vn -0.7639 -0.6353 -0.1135
vn -0.8167 -0.4707 -0.3338
vn 0.6170 0.4517 0.6444
vn 0.6095 0.4218 0.6713
vn -0.8111 0.5379 0.2295
vn -0.4369 0.2157 0.8733
vn -0.6341 0.7297 -0.2558
vn -0.9315 0.3575 -0.0668
vn -0.6529 0.1918 -0.7328
vn -0.2450 0.5314 -0.8109
vn -0.6442 0.4456 -0.6217
vn -0.6959 0.4602 -0.5513
vn -0.6565 0.2193 0.7218
vn -0.7363 0.2882 0.6123
vn 0.1842 -0.1153 -0.9761
vn 0.0549 -0.1105 -0.9924
vn 0.1003 -0.1668 -0.9809
vn 0.5341 0.3288 -0.7788
vn -0.8125 -0.3454 0.4695
vn -0.7276 -0.2830 0.6249
vn -0.8189 -0.4368 0.3722
vn -0.9082 0.2947 0.2972
vn -0.5050 -0.0109 0.8630
vn -0.8860 0.2813 0.3686
vn -0.9424 0.1915 0.2743
vn -0.8647 0.1450 0.4810
vn -0.0864 -0.1998 -0.9760
vn -0.1859 -0.1936 -0.9633
vn -0.0025 -0.4059 -0.9139
vn 0.5090 0.6277 0.5889
vn 0.5674 0.5982 0.5658
vn 0.5285 0.3635 -0.7672
vn 0.5338 0.3796 -0.7556
vn -0.6866 0.1138 0.7181
vn -0.8169 -0.3971 0.4183
vn 0.9668 0.2130 -0.1414
vn -0.9285 -0.2312 0.2905
vn -0.7559 -0.3624 0.5452
vn -0.9293 -0.1502 0.3375
vn -0.2008 -0.3460 -0.9165
vn -0.4533 -0.4707 -0.7569
vn -0.2910 -0.6179 -0.7305
vn -0.2813 -0.6453 -0.7102
vn 0.5078 0.6753 0.5349
vn 0.5356 0.6650 0.5205
vn 0.5039 0.4737 -0.7222
vn -0.3928 -0.6877 -0.6106
vn -0.7693 -0.4058 0.4935
vn -0.7751 -0.4016 0.4878
vn -0.8841 -0.1276 0.4495
vn -0.4574 -0.7458 -0.4844
vn -0.5021 -0.7907 -0.3502
vn -0.6093 -0.6219 -0.4919
vn -0.5984 -0.7003 -0.3894
vn -0.6139 -0.7137 -0.3372
vn -0.6543 -0.6439 -0.3966
vn -0.5902 -0.7254 -0.3543
vn 0.5358 0.7076 0.4606
vn 0.5020 0.7436 0.4417
vn 0.5186 0.7057 0.4828
vn 0.5985 0.5398 -0.5919
vn 0.6226 0.5625 -0.5440
vn -0.8211 -0.3981 0.4091
vn -0.8172 -0.4100 0.4050
vn -0.5002 -0.7931 -0.3476
vn -0.4976 -0.7923 -0.3532
vn -0.6250 -0.7363 -0.2591
vn -0.6044 -0.7262 -0.3276
vn -0.6035 -0.7278 -0.3258
vn 0.5069 0.7429 0.4371
vn 0.5143 0.7482 0.4192
vn 0.4905 0.7876 0.3729
vn 0.6025 0.6084 -0.5166
vn 0.4741 0.7838 -0.4011
vn 0.5219 0.7575 -0.3922
vn 0.6176 0.6512 -0.4410
vn -0.8585 0.1375 0.4941
vn -0.8589 -0.3486 0.3752
vn -0.8687 0.0633 0.4913
vn -0.8343 -0.4072 0.3716
vn -0.9427 -0.1853 0.2776
vn -0.8904 -0.3505 0.2904
vn -0.9004 -0.3597 0.2448
vn -0.9593 -0.0658 0.2747
vn -0.7947 0.5195 0.3141
vn -0.6663 -0.6989 -0.2599
vn -0.6849 -0.6263 -0.3723
vn 0.4988 0.7894 0.3579
vn 0.5026 0.7934 0.3433
vn 0.4392 0.7822 0.4419
vn 0.1699 0.9849 0.0332
vn -0.2390 0.9428 0.2326
vn -0.7611 0.4249 0.4900
vn -0.3667 0.8866 0.2820
vn 0.1719 0.9846 0.0319
vn -0.1342 0.9779 0.1601
vn -0.6860 0.6582 0.3100
vn -0.8538 -0.1957 -0.4825
vn -0.4405 0.3980 -0.8047
vn -0.2784 0.7696 -0.5746
vn -0.0330 0.8924 -0.4500
vn 0.3952 0.8777 0.2709
vn 0.4090 0.8783 0.2475
vn -0.1069 0.7760 -0.6216
vn 0.1748 0.9571 -0.2312
vn 0.5559 -0.1603 -0.8157
vn 0.6558 -0.1591 -0.7380
vn 0.6425 -0.1472 -0.7520
vn 0.5780 -0.1790 -0.7962
vn 0.7226 -0.1131 0.6819
vn 0.7039 -0.1281 0.6987
vn 0.7376 -0.1275 0.6630
vn 0.6326 -0.0383 -0.7736
vn 0.5345 0.0634 -0.8428
vn 0.6325 0.0050 -0.7745
vn 0.7268 -0.0563 0.6845
vn 0.5720 0.0270 -0.8198
vn 0.7288 0.0674 0.6814
vn 0.7010 0.0719 0.7096
vn 0.6408 0.3343 0.6911
vn 0.7370 0.0749 0.6717
vn 0.5724 0.1012 -0.8137
vn 0.6150 0.2135 -0.7591
vn 0.5670 0.2488 -0.7852
vn 0.6204 0.2019 -0.7579
vn 0.6430 0.4265 0.6361
vn 0.6198 0.2501 -0.7439
vn 0.6346 0.2626 -0.7268
vn -0.7685 -0.2311 0.5966
vn -0.8268 -0.2194 0.5179
vn -0.1015 -0.2308 -0.9677
vn -0.2948 -0.0076 -0.9555
vn -0.6121 -0.0440 -0.7896
vn -0.5069 -0.3374 -0.7932
vn 0.6670 0.4054 0.6251
vn 0.5316 0.3328 -0.7789
vn -0.6650 0.1852 0.7235
vn -0.6092 0.5253 0.5941
vn -0.5084 -0.0050 0.8611
vn -0.7148 0.1895 -0.6731
vn -0.6131 0.0697 -0.7869
vn -0.6684 0.2200 0.7105
vn -0.6020 0.5379 0.5902
vn -0.5693 0.1075 0.8150
vn -0.4299 -0.2164 -0.8765
vn -0.2207 -0.4752 -0.8518
vn 0.6112 0.5619 0.5573
vn -0.8986 0.0034 0.4388
vn -0.6594 -0.4399 0.6096
vn -0.7775 -0.1692 0.6057
vn -0.7279 -0.2474 0.6395
vn -0.6925 0.2177 -0.6878
vn -0.9338 0.2944 0.2032
vn -0.9086 0.3064 -0.2838
vn -0.9460 0.0825 0.3134
vn -0.8716 0.2243 -0.4358
vn -0.7192 -0.0285 -0.6943
vn -0.9071 0.0877 0.4117
vn -0.7853 -0.2922 0.5459
vn -0.8108 -0.1627 0.5623
vn -0.4703 -0.3809 -0.7961
vn -0.3981 -0.4586 -0.7945
vn 0.6283 0.6030 0.4917
vn 0.6261 0.5957 0.5032
vn 0.6793 0.3800 -0.6278
vn -0.8790 -0.1299 0.4587
vn -0.5928 -0.2048 0.7789
vn -0.8166 -0.1315 0.5620
vn -0.8878 -0.1667 0.4291
vn -0.7512 -0.2930 0.5915
vn -0.9601 0.1253 -0.2499
vn -0.9599 0.1015 0.2615
vn -0.9796 0.1308 -0.1524
vn -0.9969 0.0167 0.0772
vn -0.9529 0.0457 -0.2998
vn -0.9191 -0.1823 -0.3494
vn -0.9925 0.0782 0.0944
vn -0.9025 -0.2581 0.3448
vn -0.9689 -0.0343 0.2450
vn -0.9195 -0.1848 0.3469
vn -0.4688 -0.5324 -0.7048
vn 0.5662 0.6678 0.4832
vn 0.6074 0.6377 0.4738
vn 0.6360 0.4644 -0.6163
vn 0.6557 0.4488 -0.6071
vn -0.8516 -0.2889 0.4373
vn -0.8222 -0.4032 0.4017
vn -0.9510 0.1586 -0.2655
vn -0.9996 -0.0076 -0.0262
vn -0.9995 0.0156 -0.0284
vn -0.9836 -0.0499 0.1732
vn -0.9982 0.0522 0.0304
vn -0.9552 -0.1639 -0.2464
vn -0.9836 -0.0248 -0.1786
vn -0.6280 -0.5981 -0.4980
vn 0.5775 0.6837 0.4461
vn 0.5371 0.7118 0.4526
vn 0.6623 0.5376 -0.5219
vn -0.8632 -0.4184 0.2826
vn -0.8792 -0.3988 0.2607
vn -0.9071 -0.3316 0.2593
vn -0.6364 -0.7197 -0.2776
vn -0.7105 -0.6557 -0.2556
vn -0.7189 -0.6437 -0.2622
vn 0.5833 0.6830 0.4397
vn -0.9311 -0.3117 0.1896
vn -0.8952 -0.4057 0.1841
vn -0.9859 0.1091 0.1272
vn -0.9409 -0.3237 0.0999
vn -0.9207 -0.3691 0.1271
vn -0.9194 -0.3653 0.1459
vn -0.6799 -0.6848 -0.2623
vn -0.6805 -0.6980 -0.2232
vn -0.7766 -0.6086 -0.1629
vn -0.7819 -0.6134 -0.1114
vn -0.7973 -0.5620 -0.2202
vn -0.8315 -0.5127 -0.2138
vn 0.5951 0.7026 0.3901
vn 0.5808 0.7467 0.3244
vn 0.4709 0.8524 -0.2273
vn 0.6986 0.6069 -0.3791
vn -0.8719 0.4550 0.1809
vn -0.9523 0.2686 0.1445
vn -0.6246 0.7678 0.1428
vn -0.8433 0.5142 0.1564
vn -0.0529 0.9928 0.1073
vn 0.2355 0.9706 0.0490
vn 0.4288 -0.7476 0.5073
vn 0.4291 -0.7472 0.5074
vn 0.1370 0.9833 0.1198
vn 0.1374 0.9832 0.1200
vn -0.7233 0.6675 0.1770
vn -0.9734 0.1791 0.1426
vn -0.9468 -0.3163 0.0585
vn -0.3579 0.9171 0.1755
vn -0.0883 0.9861 0.1406
vn -0.9490 0.2597 0.1786
vn -0.9400 0.3315 0.0800
vn -0.2309 0.9683 0.0951
vn -0.8538 0.3148 -0.4146
vn -0.9046 -0.3972 -0.1547
vn -0.8147 -0.5457 -0.1962
vn -0.9045 -0.3846 -0.1843
vn -0.7799 -0.5268 -0.3379
vn -0.9496 -0.2749 -0.1506
vn -0.8816 -0.4349 -0.1836
vn -0.8876 -0.4605 -0.0013
vn -0.9900 -0.1332 -0.0458
vn -0.9502 -0.3082 0.0473
vn -0.9763 -0.2152 -0.0242
vn -0.8140 0.5433 -0.2056
vn -0.9898 0.0688 -0.1247
vn -0.8363 -0.5430 -0.0765
vn 0.6394 0.7177 0.2758
vn 0.5708 0.7965 -0.1994
vn 0.6049 0.7685 -0.2085
vn 0.6959 0.6614 -0.2798
vn 0.1202 0.9862 0.1142
vn 0.2234 0.9696 0.0997
vn 0.2235 0.9695 0.1002
vn -0.3663 0.8141 -0.4505
vn -0.2806 0.8759 -0.3924
vn -0.5334 0.7092 -0.4610
vn 0.1594 0.9511 -0.2644
vn 0.3940 0.9119 -0.1147
vn 0.3421 0.9342 -0.1012
vn -0.7071 0.6678 -0.2323
vn 0.1850 0.9665 -0.1781
vn -0.0200 0.9554 -0.2946
vn 0.4728 0.8762 0.0941
vn 0.5029 0.8599 0.0872
vn 0.4378 0.8881 0.1397
vn 0.4303 0.8724 0.2318
vn 0.7014 -0.1228 -0.7021
vn 0.7488 -0.1378 0.6483
vn 0.7558 -0.1314 0.6414
vn 0.7903 -0.1282 0.5992
vn 0.7081 0.0277 -0.7056
vn 0.7043 0.0750 0.7059
vn 0.7827 -0.0327 0.6216
vn 0.6804 0.1786 -0.7108
vn 0.7141 0.0328 -0.6993
vn 0.7133 0.2738 -0.6452
vn 0.7272 0.2477 -0.6402
vn 0.7265 0.2376 -0.6448
vn -0.8267 0.2586 0.4997
vn 0.6999 0.4115 0.5839
vn 0.7019 0.2826 -0.6538
vn 0.6991 0.3186 -0.6402
vn 0.6892 0.3348 -0.6426
vn -0.8975 0.1553 -0.4129
vn -0.8933 0.2395 0.3803
vn -0.8565 0.1005 0.5062
vn 0.6708 0.5409 0.5074
vn 0.7488 0.3373 0.5705
vn 0.6410 0.5156 0.5686
vn -0.7470 -0.0884 0.6589
vn -0.9350 -0.1355 0.3276
vn -0.8687 -0.2605 0.4212
vn -0.8656 0.1306 0.4834
vn -0.8214 0.1377 -0.5535
vn -0.9400 -0.0826 -0.3310
vn -0.9568 0.0208 -0.2901
vn -0.9555 -0.0524 -0.2902
vn -0.8380 0.0146 0.5455
vn -0.9209 0.0026 0.3898
vn -0.8892 0.1096 0.4442
vn -0.7826 -0.3360 -0.5241
vn -0.7446 -0.4204 -0.5186
vn 0.7179 0.4805 0.5037
vn 0.6270 0.5957 0.5020
vn -0.9422 -0.0588 -0.3300
vn -0.6879 -0.5548 -0.4680
vn -0.6892 -0.5541 -0.4668
vn -0.7597 -0.4709 -0.4485
vn 0.6596 0.5777 0.4808
vn 0.7415 0.4862 0.4624
vn 0.6842 0.3758 -0.6250
vn 0.7824 0.3755 -0.4969
vn -0.8784 -0.3560 0.3188
vn -0.8716 -0.3808 0.3088
vn -0.9070 -0.2779 0.3164
vn -0.9042 -0.2819 0.3208
vn -0.9452 -0.1173 -0.3047
vn -0.9355 -0.1629 0.3135
vn -0.7657 -0.5800 -0.2780
vn -0.8128 -0.4775 -0.3337
vn -0.7670 -0.5293 -0.3627
vn 0.6213 0.6374 0.4558
vn 0.7124 0.4758 -0.5159
vn 0.7505 0.4610 -0.4736
vn 0.7672 0.4752 -0.4308
vn -0.9070 -0.3946 0.1470
vn -0.9352 -0.3448 0.0803
vn -0.9364 -0.3420 0.0792
vn -0.9329 -0.3515 0.0790
vn -0.9544 -0.2922 -0.0616
vn -0.9632 -0.2489 -0.1016
vn -0.9696 -0.2358 -0.0656
vn -0.9729 -0.2239 -0.0575
vn -0.9656 -0.2395 -0.1014
vn -0.9698 -0.2268 -0.0899
vn -0.9515 -0.3007 -0.0645
vn -0.9628 -0.2610 -0.0697
vn -0.9702 -0.2315 -0.0721
vn -0.9595 -0.2562 -0.1171
vn -0.9865 -0.1213 -0.1102
vn -0.9683 -0.1690 -0.1840
vn -0.9611 -0.2082 -0.1818
vn -0.9630 -0.2051 -0.1751
vn -0.9875 -0.1192 -0.1027
vn -0.9527 -0.1782 0.2461
vn -0.9901 -0.0526 0.1302
vn -0.9656 -0.1907 0.1768
vn -0.9668 -0.1820 0.1793
vn -0.9510 -0.2185 0.2187
vn -0.9633 -0.1117 0.2440
vn -0.9657 -0.2340 0.1122
vn -0.9465 -0.2879 0.1459
vn -0.9616 -0.2344 0.1427
vn -0.9505 -0.2618 0.1675
vn -0.7861 -0.5778 -0.2196
vn -0.8344 -0.4817 -0.2678
vn -0.8316 -0.5195 -0.1967
vn -0.8169 -0.5494 -0.1756
vn -0.8568 -0.4995 -0.1280
vn -0.8698 -0.4605 -0.1770
vn 0.6770 0.6093 0.4129
vn 0.6768 0.6089 0.4137
vn 0.6329 0.6623 0.4010
vn 0.7482 0.5238 -0.4073
vn 0.8015 0.4500 -0.3939
vn 0.7468 0.5390 -0.3895
vn 0.8558 0.4324 -0.2840
vn -0.9329 -0.3514 0.0786
vn -0.9363 -0.3492 0.0370
vn -0.9442 -0.3272 0.0374
vn -0.9442 -0.3272 0.0385
vn -0.9443 -0.3287 0.0136
vn -0.9513 -0.3081 0.0150
vn -0.9592 -0.2827 -0.0004
vn -0.9432 -0.3324 0.0007
vn -0.9537 -0.3002 -0.0196
vn -0.9592 -0.2813 -0.0271
vn -0.9552 -0.2939 -0.0356
vn -0.9971 -0.0754 0.0023
vn -0.9960 0.0626 -0.0639
vn -0.9959 -0.0787 -0.0439
vn -0.9857 0.1337 -0.1025
vn -0.9864 0.1643 -0.0093
vn -0.9976 0.0626 0.0299
vn -0.9846 -0.1167 0.1303
vn -0.9960 0.0747 0.0486
vn -0.9809 -0.1629 0.1067
vn -0.9981 -0.0339 0.0517
vn -0.9700 -0.2401 0.0383
vn -0.9576 -0.2844 0.0458
vn -0.9256 -0.3592 0.1196
vn -0.9574 -0.2555 0.1343
vn -0.9371 -0.3491 0.0041
vn -0.9058 -0.4160 0.0811
vn -0.9445 -0.2868 0.1602
vn -0.9306 -0.3564 0.0838
vn -0.7737 -0.6129 -0.1605
vn -0.8367 -0.5400 -0.0909
vn -0.7736 -0.6128 -0.1614
vn -0.7363 -0.6445 -0.2061
vn -0.8835 -0.4592 -0.0927
vn -0.8483 -0.5036 -0.1637
vn -0.8597 -0.5102 -0.0253
vn -0.8398 -0.5420 -0.0319
vn -0.9156 -0.4007 -0.0337
vn -0.8857 -0.4629 0.0355
vn -0.8727 -0.4810 -0.0833
vn -0.8198 -0.5638 -0.1000
vn 0.6304 0.6528 0.4202
vn 0.7841 0.5819 -0.2159
vn 0.8231 0.5002 -0.2690
vn -0.8559 0.5131 0.0648
vn -0.9725 0.2236 0.0646
vn -0.5649 0.8252 0.0032
vn -0.1536 0.9871 0.0448
vn -0.6029 0.7916 0.0994
vn -0.9720 0.2344 -0.0179
vn -0.7688 0.6388 -0.0308
vn -0.7836 0.6204 -0.0329
vn -0.8242 0.5657 -0.0255
vn -0.9519 0.3054 0.0234
vn -0.8263 0.5624 -0.0302
vn -0.9805 0.1960 0.0176
vn -0.9569 0.2901 -0.0092
vn -0.9995 -0.0242 0.0211
vn -0.9667 0.2484 -0.0622
vn -0.9088 -0.4168 -0.0197
vn -0.8860 -0.4618 0.0407
vn 0.6515 0.6916 0.3119
vn 0.7046 0.6413 0.3038
vn 0.5485 0.7373 0.3943
vn 0.7861 0.6049 -0.1273
vn 0.5474 0.8178 -0.1774
vn 0.6194 0.7691 -0.1577
vn 0.7642 0.6196 -0.1788
vn 0.7777 0.6254 -0.0643
vn 0.7658 0.6386 -0.0750
vn 0.4309 0.9008 0.0538
vn 0.4308 0.9008 0.0543
vn 0.7920 0.6101 -0.0217
vn -0.2774 0.9557 0.0987
vn 0.0472 0.9958 0.0784
vn 0.5881 0.8067 0.0584
vn -0.2294 0.9724 0.0430
vn 0.5843 0.8102 0.0480
vn -0.0666 0.9965 0.0498
vn 0.4002 0.9148 0.0541
vn 0.1261 0.9910 0.0443
vn 0.3991 0.9153 0.0537
vn -0.4077 0.9130 0.0132
vn 0.5514 0.8336 0.0319
vn 0.4448 0.8954 0.0181
vn -0.0726 0.9969 -0.0313
vn -0.0932 0.9951 -0.0320
vn 0.7175 0.6964 -0.0166
vn -0.2702 0.9601 -0.0721
vn 0.6721 0.7355 -0.0856
vn 0.5759 0.8160 -0.0496
vn -0.0842 0.9893 -0.1188
vn -0.2860 0.9536 -0.0944
vn -0.1858 0.9660 -0.1797
vn -0.4011 0.9056 -0.1380
vn -0.3838 0.8775 -0.2875
vn -0.8322 0.5445 -0.1053
vn -0.5860 0.7925 -0.1689
vn 0.0624 0.9823 -0.1764
vn 0.4157 0.8983 -0.1422
vn 0.6254 0.7173 0.3071
vn 0.5839 0.7742 0.2444
vn -0.1496 0.9722 -0.1803
vn 0.5138 0.8492 -0.1214
vn 0.5203 0.8470 -0.1089
vn 0.5946 0.8022 -0.0547
vn 0.6008 0.7991 -0.0216
vn 0.6639 0.7460 0.0522
vn 0.6296 0.7678 0.1187
vn 0.6562 0.7357 0.1680
vn 0.7431 -0.1171 -0.6588
vn 0.8109 -0.1187 -0.5730
vn 0.8151 -0.1259 -0.5655
vn 0.7636 -0.1457 -0.6291
vn 0.8540 -0.1093 -0.5086
vn 0.8097 -0.1542 0.5663
vn 0.8350 -0.1339 0.5337
vn 0.8427 -0.1339 0.5215
vn 0.7671 0.0340 -0.6406
vn 0.8359 -0.0143 -0.5486
vn 0.8354 0.0214 -0.5492
vn 0.8294 -0.0153 0.5585
vn 0.7910 0.0148 0.6117
vn 0.7835 0.0009 0.6214
vn 0.7675 0.0337 -0.6401
vn 0.7856 0.1361 0.6037
vn 0.7876 0.1439 0.5991
vn 0.7650 0.1424 -0.6281
vn 0.7814 0.2248 0.5821
vn 0.7929 0.2562 -0.5528
vn 0.7912 0.2574 -0.5548
vn 0.8279 0.1991 -0.5243
vn 0.8271 0.2038 -0.5238
vn -0.9393 0.2419 0.2432
vn -0.9858 0.0946 0.1386
vn -0.8862 0.0608 0.4594
vn -0.9521 0.2892 -0.0990
vn -0.9651 0.2482 -0.0840
vn -0.9349 0.2532 0.2488
vn 0.7706 0.3430 0.5371
vn 0.7911 0.2593 -0.5540
vn 0.8236 0.2583 -0.5049
vn 0.8219 0.3025 -0.4828
vn 0.8462 0.2366 -0.4774
vn -0.9918 0.0272 -0.1249
vn -0.9939 0.0193 -0.1090
vn -0.9952 -0.0171 -0.0969
vn -0.9871 0.0272 -0.1577
vn -0.9899 0.0032 -0.1415
vn -0.9750 0.0537 -0.2157
vn -0.9678 0.0721 0.2413
vn -0.9700 0.0856 0.2274
vn -0.9824 0.0683 0.1736
vn -0.9828 0.0711 0.1705
vn -0.9771 0.0686 0.2012
vn -0.9760 0.0362 0.2150
vn -0.9778 0.0661 0.1988
vn -0.9654 0.0017 0.2606
vn -0.8430 -0.0186 -0.5377
vn 0.7296 0.4935 0.4735
vn 0.7885 0.3926 0.4734
vn 0.7372 0.4974 0.4573
vn 0.7934 0.3132 0.5219
vn 0.8236 0.3105 -0.4745
vn 0.8160 0.3257 -0.4777
vn 0.8221 0.3034 -0.4817
vn -0.9856 -0.1080 0.1301
vn -0.9780 -0.1883 0.0894
vn -0.9801 -0.1768 0.0903
vn -0.9808 -0.1727 -0.0907
vn -0.9957 -0.0125 -0.0915
vn -0.9824 -0.1748 -0.0652
vn -0.9968 -0.0559 -0.0579
vn -0.9802 -0.1752 -0.0918
vn -0.9839 -0.1085 -0.1421
vn -0.9767 -0.1237 -0.1752
vn -0.9659 -0.1226 0.2280
vn -0.9575 -0.1352 0.2549
vn -0.9823 -0.0878 0.1654
vn -0.9719 -0.1239 0.2000
vn -0.9718 -0.1227 0.2014
vn -0.9767 -0.0961 0.1919
vn -0.9116 -0.2284 -0.3418
vn -0.9199 -0.2202 -0.3246
vn 0.7950 0.4550 0.4012
vn 0.7085 0.5634 0.4250
vn 0.7058 0.5609 0.4327
vn 0.8137 0.3489 -0.4650
vn 0.8458 0.3615 -0.3924
vn 0.8678 0.3532 -0.3496
vn -0.9595 -0.2771 0.0514
vn -0.9604 -0.2774 0.0241
vn -0.9929 -0.1153 0.0300
vn -0.9694 -0.2448 -0.0190
vn -0.9943 -0.1043 -0.0236
vn -0.9927 -0.1158 -0.0322
vn -0.9730 -0.2309 0.0065
vn -0.9778 -0.2035 -0.0494
vn -0.9960 -0.0601 -0.0667
vn -0.9635 -0.2609 -0.0609
vn -0.9656 -0.2063 0.1585
vn -0.9513 -0.2519 0.1776
vn -0.9651 -0.2065 0.1614
vn -0.9056 -0.3417 -0.2514
vn -0.9414 -0.1738 -0.2892
vn -0.9420 -0.2492 -0.2249
vn -0.9172 -0.3581 -0.1747
vn -0.9702 -0.1824 -0.1597
vn -0.9709 -0.1483 -0.1879
vn -0.9238 -0.3249 -0.2025
vn 0.8044 0.4538 0.3835
vn 0.8022 0.4804 0.3545
vn 0.8897 0.3636 -0.2759
vn 0.8886 0.3575 -0.2872
vn -0.9630 -0.2507 0.0986
vn -0.9083 -0.4064 0.0987
vn -0.9351 -0.3518 0.0418
vn -0.9456 -0.2924 0.1429
vn -0.9800 -0.1236 0.1556
vn -0.9524 -0.3006 0.0501
vn -0.9348 -0.3407 0.1008
vn -0.9680 -0.1652 0.1889
vn -0.9814 -0.1620 0.1027
vn -0.8750 -0.4674 -0.1264
vn -0.9443 -0.3081 -0.1157
vn -0.9384 -0.3334 -0.0905
vn -0.9224 -0.3850 -0.0316
vn -0.9508 -0.3097 0.0095
vn -0.9663 -0.2528 -0.0494
vn 0.8457 0.4672 -0.2580
vn 0.9268 0.3749 0.0212
vn 0.9310 0.3638 0.0308
vn 0.9249 0.3795 -0.0242
vn 0.9736 0.2277 -0.0156
vn 0.9722 0.2290 -0.0484
vn 0.9752 0.2082 -0.0747
vn 0.9676 0.2081 -0.1428
vn 0.9600 0.2270 -0.1638
vn 0.9342 0.3346 -0.1239
vn -0.9408 -0.3382 -0.0217
vn -0.9219 -0.3859 0.0351
vn 0.8774 0.4518 -0.1614
vn 0.8768 0.4525 -0.1628
vn 0.8842 0.4555 -0.1038
vn 0.8562 0.5127 -0.0639
vn 0.9428 0.3253 0.0731
vn 0.9114 0.4074 0.0573
vn 0.8514 0.5215 0.0555
vn 0.9118 0.4069 0.0544
vn 0.9180 0.3947 0.0377
vn 0.9413 0.3360 0.0322
vn 0.9196 0.3872 0.0665
vn 0.8595 0.5110 0.0115
vn 0.8628 0.5052 0.0184
vn 0.9230 0.3823 0.0441
vn 0.8628 0.5051 0.0184
vn 0.9249 0.3795 -0.0241
vn 0.8602 0.5058 -0.0642
vn 0.9226 0.3784 -0.0748
vn 0.9004 0.4207 -0.1108
vn 0.9026 0.3933 -0.1748
vn 0.8840 0.4482 -0.1325
vn 0.7474 0.5808 0.3227
vn 0.7535 0.5880 0.2941
vn 0.8356 0.5494 0.0033
vn 0.8395 0.5433 0.0117
vn 0.9046 0.4252 -0.0313
vn 0.8351 0.5501 0.0067
vn 0.8340 0.5518 0.0002
vn 0.9137 0.4064 -0.0004
vn 0.9018 0.4320 0.0134
vn 0.8295 0.5585 -0.0064
vn 0.8267 0.5625 0.0111
vn 0.8282 0.5604 0.0080
vn 0.8281 0.5591 0.0404
vn 0.7424 0.6617 -0.1044
vn 0.6737 0.7279 -0.1276
vn 0.7907 0.5990 -0.1263
vn 0.7028 0.6905 -0.1710
vn 0.7848 0.6089 -0.1153
vn 0.8924 0.4334 -0.1255
vn 0.9345 0.3232 -0.1490
vn 0.7844 0.6087 -0.1194
vn 0.7938 0.5982 -0.1097
vn 0.8926 0.4351 -0.1177
vn 0.7642 0.6197 0.1785
vn 0.7539 0.6224 0.2105
vn 0.8396 0.5311 0.1140
vn 0.7727 0.6012 0.2040
vn 0.8690 0.4830 0.1075
vn 0.8068 0.5506 0.2144
vn 0.7989 0.6004 -0.0359
vn 0.7953 0.6047 -0.0420
vn 0.7919 0.6083 0.0530
vn 0.7803 0.6243 0.0368
vn 0.7862 0.6137 0.0718
vn 0.7392 0.6502 0.1758
vn 0.8872 -0.0984 -0.4507
vn 0.9338 -0.1124 -0.3395
vn 0.9302 -0.1003 -0.3530
vn 0.8994 -0.1363 -0.4154
vn 0.9460 -0.1130 -0.3039
vn 0.9780 -0.1678 0.1241
vn 0.9834 -0.1629 0.0796
vn 0.9820 -0.1693 0.0841
vn 0.9836 -0.1426 0.1105
vn 0.9781 -0.1665 0.1245
vn 0.9767 -0.1663 0.1353
vn 0.9771 -0.1723 0.1247
vn 0.9764 -0.1723 0.1303
vn 0.9795 -0.1545 0.1292
vn 0.9790 -0.1658 0.1187
vn 0.9841 -0.1605 0.0762
vn 0.9795 -0.1544 0.1291
vn 0.9841 -0.1766 0.0214
vn 0.9827 -0.1833 0.0285
vn 0.9821 -0.1883 -0.0077
vn 0.9779 -0.2047 -0.0419
vn 0.9795 -0.1637 -0.1174
vn 0.9851 -0.1589 -0.0655
vn 0.9717 -0.1828 -0.1500
vn 0.9660 -0.1964 -0.1680
vn 0.9692 -0.1479 -0.1969
vn 0.9631 -0.1967 -0.1838
vn 0.8817 -0.1463 0.4485
vn 0.8601 -0.1163 0.4967
vn 0.8952 -0.1267 0.4272
vn 0.9103 -0.1232 0.3952
vn 0.9019 0.1533 -0.4038
vn 0.9372 -0.0386 -0.3467
vn 0.8812 -0.3518 -0.3158
vn 0.9131 0.0251 -0.4069
vn 0.9845 -0.1301 0.1175
vn 0.9824 -0.1355 0.1285
vn 0.9856 -0.1235 0.1157
vn 0.9844 -0.1151 0.1327
vn 0.9939 -0.0002 0.1104
vn 0.9956 -0.0368 0.0861
vn 0.9989 -0.0338 0.0312
vn 0.9975 -0.0290 -0.0644
vn 0.9856 -0.0775 -0.1502
vn 0.9858 -0.0657 -0.1545
vn 0.9656 -0.1690 -0.1974
vn 0.9759 -0.0781 -0.2039
vn 0.8685 -0.0010 0.4958
vn 0.9060 -0.0522 0.4200
vn 0.8424 0.0284 -0.5382
vn 0.9152 0.0287 -0.4019
vn 0.9943 -0.0023 0.1063
vn 0.9902 0.0010 0.1394
vn 0.9984 0.0142 0.0553
vn 0.9972 0.0295 0.0685
vn 0.9970 0.0259 0.0735
vn 0.9998 0.0072 -0.0197
vn 1.0000 -0.0022 -0.0028
vn 0.9938 0.0340 -0.1061
vn 0.9981 0.0080 -0.0603
vn 0.9903 0.0210 -0.1371
vn 0.9895 0.0290 -0.1414
vn 0.8836 0.0667 0.4634
vn 0.8968 0.0627 0.4380
vn 0.9060 0.0497 0.4204
vn 0.8570 0.1349 0.4973
vn 0.8366 0.1755 -0.5189
vn 0.8963 0.1751 -0.4074
vn 0.8970 0.1741 -0.4064
vn 0.9882 0.1115 0.1051
vn 0.9907 0.1012 0.0912
vn 0.9889 0.0716 0.1299
vn 0.9915 0.0108 0.1299
vn 0.9852 0.0765 0.1534
vn 0.9879 0.0968 0.1210
vn 0.9890 0.0698 0.1301
vn 0.9935 -0.0107 0.1133
vn 0.9917 -0.0015 0.1288
vn 0.9917 0.1111 0.0642
vn 0.9916 0.1136 0.0621
vn 0.9941 0.1043 0.0291
vn 0.9966 0.0826 0.0010
vn 0.9914 0.1304 -0.0087
vn 0.9918 0.1050 -0.0726
vn 0.9949 0.0862 -0.0529
vn 0.9877 0.1033 -0.1175
vn 0.9849 0.1082 -0.1351
vn 0.9805 0.1314 -0.1463
vn 0.9702 0.1001 -0.2206
vn 0.9779 0.0246 -0.2077
vn 0.9755 0.0331 -0.2175
vn 0.9741 0.0768 -0.2125
vn 0.8360 0.2322 0.4972
vn 0.7906 0.3221 0.5208
vn 0.8647 0.2429 -0.4397
vn 0.8737 0.2346 -0.4262
vn 0.9080 0.2452 -0.3396
vn 0.9217 0.1864 -0.3401
vn 0.9228 0.2167 -0.3184
vn 0.9895 0.1123 0.0909
vn 0.9877 0.1376 0.0741
vn 0.9835 0.1291 0.1270
vn 0.9860 0.1074 0.1274
vn 0.9905 0.1234 0.0614
vn 0.9942 0.1032 0.0290
vn 0.9941 0.1061 -0.0223
vn 0.9919 0.1081 -0.0669
vn 0.9921 0.1069 -0.0650
vn 0.9869 0.1101 -0.1177
vn 0.9882 0.1056 -0.1111
vn 0.9830 0.1083 -0.1480
vn 0.9715 0.1059 -0.2123
vn 0.9703 0.1164 -0.2120
vn -0.9893 0.1051 0.1015
vn -0.9960 0.0614 -0.0652
vn -0.9853 0.1249 -0.1168
vn -0.9877 0.1403 0.0696
vn 0.8136 0.3759 0.4436
vn 0.8239 0.3588 0.4386
vn 0.8661 0.2593 -0.4274
vn 0.9088 0.2524 -0.3323
vn 0.9280 0.2630 -0.2641
vn 0.9183 0.2712 -0.2883
vn 0.9433 0.2301 -0.2393
vn 0.9489 0.2061 -0.2391
vn 0.9482 0.2168 -0.2320
vn 0.9470 0.2638 -0.1835
vn 0.9587 0.2208 -0.1794
vn 0.9890 0.1369 0.0561
vn 0.9814 0.1487 0.1211
vn 0.9789 0.1650 0.1203
vn 0.9756 0.1959 0.0987
vn 0.9847 0.1167 0.1297
vn 0.9818 0.1509 0.1153
vn 0.9856 0.1523 0.0736
vn 0.9925 0.1112 0.0502
vn 0.9916 0.1224 0.0428
vn 0.9931 0.1139 -0.0294
vn 0.9912 0.1247 -0.0441
vn 0.9899 0.1266 -0.0633
vn 0.9886 0.1031 -0.1100
vn 0.9816 0.0955 -0.1655
vn 0.9714 0.1063 -0.2125
vn 0.9678 0.1101 -0.2265
vn -0.9788 -0.0195 0.2038
vn -0.9805 -0.0120 0.1963
vn -0.9858 -0.0399 0.1631
vn -0.9894 -0.0197 0.1439
vn -0.9872 -0.0865 0.1342
vn -0.9957 -0.0356 0.0858
vn -0.9954 -0.0957 0.0024
vn -0.9906 -0.1311 0.0390
vn -0.9861 -0.1589 -0.0488
vn 0.8628 0.3313 0.3818
vn 0.8674 0.3233 0.3783
vn 0.7967 0.4807 0.3665
vn 0.8782 0.3274 -0.3487
vn 0.9129 0.2838 -0.2935
vn 0.9471 0.2652 -0.1808
vn 0.9525 0.2676 -0.1455
vn 0.9605 0.2544 -0.1131
vn 0.9729 0.2096 0.0971
vn 0.9700 0.2265 0.0878
vn 0.9772 0.1783 0.1150
vn 0.9726 0.2094 0.1006
vn 0.9827 0.1793 0.0455
vn 0.9840 0.1710 0.0494
vn 0.9877 0.1541 0.0270
vn 0.9926 0.1131 -0.0447
vn 0.9847 0.1617 -0.0644
vn 0.9860 0.1368 -0.0949
vn 0.9843 0.1437 -0.1024
vn 0.9725 0.1409 -0.1856
vn 0.9732 0.1389 -0.1833
vn 0.9690 0.1445 -0.2005
vn -0.9683 -0.2028 0.1458
vn -0.9608 -0.2596 0.0975
vn -0.9785 -0.2025 0.0400
vn -0.9882 -0.1278 -0.0841
vn 0.8035 0.4890 0.3396
vn 0.9561 0.2881 -0.0542
vn 0.9409 0.3353 -0.0479
vn 0.9664 0.2539 -0.0404
vn 0.9444 0.3236 -0.0580
vn 0.9672 0.2500 0.0462
vn 0.9603 0.2756 0.0439
vn 0.9483 0.3167 0.0207
vn 0.9487 0.3160 0.0147
vn 0.9721 0.2257 0.0634
vn 0.9574 0.2757 0.0858
vn 0.9600 0.2673 0.0830
vn 0.9639 0.2471 0.0994
vn 0.9692 0.2328 0.0799
vn 0.9692 0.2423 0.0444
vn 0.9705 0.2356 0.0513
vn 0.9723 0.2338 -0.0069
vn 0.9602 0.2188 -0.1739
vn 0.9649 0.1631 -0.2058
vn 0.9713 0.1062 -0.2126
vn 0.9643 0.1357 -0.2275
vn 0.8520 0.4416 0.2812
vn 0.8647 0.4331 0.2544
vn 0.7678 0.5523 0.3247
vn 0.9122 0.3491 -0.2146
vn 0.9322 0.3338 -0.1396
vn 0.9187 0.3519 -0.1791
vn 0.9466 0.3223 0.0051
vn 0.9710 0.2382 0.0200
vn 0.9672 0.2530 0.0249
vn 0.9470 0.3117 0.0783
vn 0.9514 0.3059 0.0354
vn 0.9580 0.2308 -0.1703
vn 0.9467 0.2678 -0.1792
vn 0.9577 0.2413 -0.1566
vn 0.8489 0.4706 0.2405
vn 0.7661 0.5478 0.3360
vn 0.9170 0.3950 -0.0546
vn 0.9301 0.3341 -0.1527
vn 0.9340 0.3242 -0.1499
vn 0.9529 0.2882 -0.0943
vn 0.9120 0.4016 -0.0832
vn 0.9324 0.3568 -0.0567
vn 0.9484 0.2995 -0.1044
vn 0.9121 0.4095 0.0185
vn 0.9019 0.4320 -0.0041
vn 0.8769 0.4604 0.1383
vn 0.8843 0.4351 0.1695
vn 0.8785 0.4598 0.1300
vn 0.8119 0.5225 0.2604
vn 0.8900 0.4425 0.1101
vn 0.8211 0.5225 0.2299
vn 0.8885 0.4415 -0.1249
vn 0.8849 0.4620 -0.0592
vn 0.8747 0.4820 -0.0501
vn 0.8939 0.4476 -0.0250
vn 0.8427 0.5372 0.0364
vn 0.8633 0.4969 0.0883
vn 0.8992 0.4357 0.0399
vn 0.9611 -0.1115 -0.2525
vn 0.9636 -0.1298 -0.2337
vn 0.9858 -0.1185 -0.1191
vn 0.9883 -0.1025 -0.1127
vn 0.9918 -0.1247 -0.0273
vn 0.9933 -0.1064 -0.0441
vn 0.9925 -0.1208 0.0159
vn 0.9925 -0.1209 0.0159
vn 0.9928 -0.1188 0.0129
vn 0.9878 -0.1237 0.0945
vn 0.9819 -0.1561 0.1072
vn 0.9605 -0.1441 -0.2381
vn 0.9475 -0.1796 -0.2645
vn 0.9475 -0.1799 -0.2643
vn 0.9591 -0.1301 -0.2515
vn 0.9608 -0.1440 -0.2371
vn 0.9756 -0.1248 -0.1807
vn 0.9729 -0.1149 0.2005
vn 0.9617 -0.1253 0.2437
vn 0.9665 -0.1145 0.2296
vn 0.9680 -0.1295 0.2149
vn 0.9802 -0.1233 0.1551
vn 0.9404 -0.1160 0.3197
vn 0.9291 -0.1351 0.3444
vn 0.9714 0.0325 -0.2354
vn 0.9693 0.0287 -0.2441
vn 0.9438 0.0339 -0.3286
vn 0.9932 0.0275 -0.1129
vn 0.9933 0.0269 -0.1125
vn 0.9989 0.0302 -0.0366
vn 0.9981 -0.0604 0.0127
vn 0.9626 -0.0504 -0.2664
vn 0.9793 -0.0539 -0.1949
vn 0.9720 -0.0755 -0.2224
vn 0.9757 -0.0640 0.2095
vn 0.9764 -0.0326 0.2136
vn 0.9406 0.0551 0.3349
vn 0.9383 0.0461 0.3427
vn 0.9386 0.0516 0.3412
vn 0.9487 0.0278 -0.3149
vn 0.9622 0.1605 -0.2202
vn 0.9767 0.1677 -0.1343
vn 0.9855 0.1289 -0.1101
vn 0.9836 0.1641 -0.0745
vn 0.9801 0.1557 -0.1232
vn 0.9989 0.0304 -0.0362
vn 0.9880 0.1500 -0.0363
vn 0.9998 0.0192 0.0102
vn 0.9996 0.0244 0.0164
vn 0.9955 -0.0002 0.0953
vn 0.9966 0.0252 0.0787
vn 0.9673 0.0322 -0.2515
vn 0.9663 0.0377 -0.2546
vn 0.9709 0.0020 -0.2397
vn 0.9887 0.1488 0.0170
vn 0.9833 0.1815 -0.0122
vn 0.9864 0.1575 0.0480
vn 0.9929 0.0903 0.0774
vn 0.9909 0.1044 0.0848
vn 0.9878 0.1419 0.0639
vn 0.9651 0.0854 -0.2475
vn 0.9667 0.0750 -0.2447
vn 0.9657 0.1081 -0.2361
vn 0.9591 0.1119 -0.2601
vn 0.9240 0.1783 0.3384
vn 0.8779 0.2940 0.3779
vn 0.9176 0.2618 0.2992
vn 0.9069 0.2546 0.3358
vn 0.9659 0.2068 -0.1556
vn 0.9588 0.2209 -0.1789
vn 0.9706 0.2080 -0.1214
vn 0.9726 0.2205 -0.0742
vn 0.9793 0.2018 -0.0127
vn 0.9791 0.2029 -0.0140
vn 0.9784 0.2068 0.0035
vn 0.9819 0.1832 0.0489
vn 0.9796 0.1975 0.0379
vn 0.9841 0.1617 0.0730
vn 0.9813 0.1832 0.0587
vn 0.9840 0.1553 0.0868
vn 0.9831 0.1360 0.1227
vn 0.9836 0.1558 0.0906
vn 0.9621 0.1256 -0.2419
vn 0.9672 0.1101 -0.2287
vn 0.9596 0.1299 -0.2496
vn 0.9719 0.1308 -0.1960
vn 0.9603 0.1580 -0.2300
vn 0.9639 0.1333 -0.2305
vn 0.8899 0.3214 0.3237
vn 0.8853 0.3880 0.2563
vn 0.9237 0.2862 0.2548
vn 0.8766 0.3878 0.2849
vn 0.9691 0.2264 -0.0977
vn 0.9740 0.2154 -0.0709
vn 0.9699 0.2403 -0.0400
vn 0.9741 0.2247 0.0254
vn 0.9775 0.2074 0.0379
vn 0.9786 0.1976 0.0573
vn 0.9772 0.2030 0.0615
vn 0.9779 0.1883 0.0911
vn 0.9684 0.1497 -0.1997
vn 0.9717 0.1559 -0.1776
vn 0.9665 0.2058 -0.1535
vn 0.9606 0.1895 -0.2031
vn 0.9642 0.1693 -0.2040
vn 0.9654 0.1315 -0.2252
vn 0.9717 0.2134 -0.1012
vn 0.9650 0.2308 -0.1241
vn 0.9684 0.1830 -0.1697
vn 0.9281 0.2919 0.2311
vn 0.9267 0.3360 0.1680
vn 0.9346 0.3139 0.1676
vn 0.9545 0.2678 0.1314
vn 0.9600 0.2787 0.0253
vn 0.8979 0.3684 0.2411
vn 0.9242 0.3599 0.1280
vn 0.9130 0.3629 0.1861
vn 0.8901 0.3519 0.2895
vn 0.9423 0.2444 0.2288
vn 0.9645 0.1918 -0.1814
vn 0.9767 0.1494 -0.1542
vn 0.9606 0.2234 -0.1654
vn 0.9732 0.1975 -0.1178
vn 0.9555 0.2782 -0.0983
vn 0.9728 0.2267 -0.0465
vn 0.9712 0.2381 -0.0098
vn 0.9365 0.3507 -0.0073
vn 0.9590 0.2820 0.0296
vn 0.9568 0.2840 -0.0627
vn 0.9561 0.2870 0.0599
vn 0.9515 0.3018 0.0592
vn 0.9419 0.3352 0.0216
vn 0.9135 0.3871 0.1255
vn 0.9481 0.3134 0.0540
vn 0.9295 0.3317 0.1612
vn 0.8869 0.4287 0.1718
vn 0.9036 0.3690 0.2177
vn 0.8694 0.4370 0.2304
vn 0.8734 0.4202 0.2463
vn 0.9500 0.2829 -0.1325
vn 0.9655 0.2353 -0.1113
vn 0.9546 0.2729 -0.1196
vn 0.9438 0.3276 -0.0433
vn 0.9563 0.2924 -0.0094
vn 0.9284 0.3697 0.0368
vn 0.9404 0.3306 0.0793
vn 0.8976 0.4223 0.1268
vn 0.8489 0.4911 0.1954
vn 0.8706 0.4274 0.2438
vn 0.9347 0.3547 -0.0238
vn 0.9264 0.3765 0.0002
vn 0.9359 0.3510 0.0299
vn 0.9187 0.3887 0.0701
vn 0.9785 -0.1298 -0.1604
vn 0.9785 -0.1276 -0.1620
vn 0.9904 -0.1229 -0.0633
vn 0.9904 -0.1226 -0.0635
vn 0.9903 -0.1276 0.0544
vn 0.9909 -0.1207 0.0589
vn 0.9824 -0.1256 0.1380
vn 0.9825 -0.1255 0.1378
vn 0.9753 0.0001 -0.2209
vn 0.9862 0.0006 -0.1654
vn 0.9981 0.0010 -0.0614
vn 0.9896 0.0233 0.1417
vn 0.9681 0.0077 -0.2506
vn 0.9720 0.0097 -0.2346
vn 0.9653 0.1320 -0.2253
vn 0.9842 -0.0082 -0.1766
vn 0.9785 0.1230 -0.1657
vn 0.9941 0.0140 -0.1073
vn 0.9986 0.0059 -0.0528
vn 0.9800 0.1631 -0.1143
vn 0.9859 0.1619 -0.0433
vn 0.9983 -0.0020 0.0577
vn 0.9994 0.0090 0.0336
vn 0.9885 0.0191 0.1502
vn 0.9951 0.0199 0.0965
vn 0.9769 0.0249 0.2120
vn 0.9741 0.0381 0.2228
vn 0.9655 0.2073 0.1577
vn 0.9564 0.1905 0.2212
vn 0.9474 0.2245 0.2279
vn 0.9745 0.1863 -0.1248
vn 0.9750 0.1853 -0.1230
vn 0.9671 0.2140 -0.1375
vn 0.9791 0.1851 -0.0837
vn 0.9715 0.2371 -0.0032
vn 0.9753 0.2187 0.0301
vn 0.9650 0.2618 0.0150
vn 0.9686 0.2416 0.0580
vn 0.9572 0.2773 0.0831
vn 0.9592 0.2576 0.1164
usemtl material_0.031
s off
f 1//1 2//1 3//1
f 4//2 3//2 2//2
f 5//3 1//3 3//3
f 6//4 5//4 3//4
f 7//5 6//5 3//5
f 8//6 7//6 3//6
f 9//7 8//7 3//7
f 4//8 9//8 3//8
f 10//9 2//9 1//9
f 11//10 4//10 2//10
f 12//11 11//11 2//11
f 13//12 12//12 2//12
f 10//13 13//13 2//13
f 14//14 1//14 5//14
f 15//15 1//15 14//15
f 10//16 1//16 15//16
f 16//17 5//17 6//17
f 14//18 5//18 16//18
f 17//19 6//19 7//19
f 18//20 6//20 17//20
f 16//21 6//21 18//21
f 19//22 20//22 8//22
f 7//23 8//23 20//23
f 21//24 19//24 8//24
f 9//25 21//25 8//25
f 22//26 23//26 20//26
f 24//27 20//27 23//27
f 19//28 22//28 20//28
f 24//29 7//29 20//29
f 25//30 26//30 23//30
f 27//31 23//31 26//31
f 22//32 25//32 23//32
f 27//33 24//33 23//33
f 28//34 29//34 26//34
f 30//35 26//35 29//35
f 25//36 28//36 26//36
f 30//37 27//37 26//37
f 31//38 32//38 29//38
f 33//39 29//39 32//39
f 28//40 31//40 29//40
f 33//41 30//41 29//41
f 34//42 35//42 32//42
f 36//43 32//43 35//43
f 31//44 34//44 32//44
f 36//45 33//45 32//45
f 37//46 38//46 35//46
f 39//47 35//47 38//47
f 34//48 37//48 35//48
f 39//49 36//49 35//49
f 40//50 41//50 38//50
f 42//51 38//51 41//51
f 37//52 40//52 38//52
f 42//53 39//53 38//53
f 43//54 44//54 41//54
f 42//55 41//55 44//55
f 40//56 43//56 41//56
f 45//57 46//57 44//57
f 47//58 44//58 46//58
f 43//59 45//59 44//59
f 47//60 42//60 44//60
f 48//61 49//61 46//61
f 50//62 46//62 49//62
f 45//63 48//63 46//63
f 50//64 47//64 46//64
f 51//65 52//65 49//65
f 53//66 49//66 52//66
f 48//67 51//67 49//67
f 53//68 50//68 49//68
f 54//69 55//69 52//69
f 56//70 52//70 55//70
f 51//71 54//71 52//71
f 56//72 53//72 52//72
f 57//73 58//73 55//73
f 56//74 55//74 58//74
f 54//75 57//75 55//75
f 57//76 59//76 58//76
f 60//77 58//77 59//77
f 60//78 56//78 58//78
f 61//79 62//79 59//79
f 63//80 59//80 62//80
f 64//81 61//81 59//81
f 57//82 64//82 59//82
f 63//83 60//83 59//83
f 61//84 65//84 62//84
f 65//85 66//85 62//85
f 67//86 62//86 66//86
f 67//87 63//87 62//87
f 68//88 69//88 66//88
f 70//89 66//89 69//89
f 65//90 68//90 66//90
f 70//91 67//91 66//91
f 68//92 71//92 69//92
f 70//93 69//93 71//93
f 72//94 71//94 68//94
f 73//95 70//95 71//95
f 72//96 73//96 71//96
f 74//97 68//97 65//97
f 74//98 72//98 68//98
f 75//99 65//99 61//99
f 75//100 74//100 65//100
f 76//101 61//101 64//101
f 76//102 75//102 61//102
f 76//103 64//103 57//103
f 77//104 57//104 54//104
f 77//105 76//105 57//105
f 77//106 54//106 51//106
f 78//107 51//107 48//107
f 78//108 77//108 51//108
f 79//109 48//109 45//109
f 79//110 78//110 48//110
f 79//111 45//111 43//111
f 80//112 43//112 40//112
f 80//113 79//113 43//113
f 81//114 40//114 37//114
f 81//115 80//115 40//115
f 81//116 37//116 34//116
f 82//117 34//117 31//117
f 82//118 81//118 34//118
f 83//119 31//119 28//119
f 83//120 82//120 31//120
f 83//121 28//121 25//121
f 84//122 25//122 22//122
f 85//123 83//123 25//123
f 84//124 85//124 25//124
f 84//125 22//125 19//125
f 86//126 19//126 21//126
f 86//127 84//127 19//127
f 87//128 21//128 9//128
f 86//129 21//129 87//129
f 87//130 9//130 4//130
f 87//131 4//131 88//131
f 89//132 4//132 11//132
f 89//133 88//133 4//133
f 90//134 11//134 12//134
f 89//135 11//135 90//135
f 13//136 91//136 12//136
f 90//137 12//137 91//137
f 92//138 93//138 91//138
f 94//139 91//139 93//139
f 13//140 92//140 91//140
f 90//141 91//141 94//141
f 92//142 95//142 93//142
f 96//143 93//143 95//143
f 94//144 93//144 96//144
f 97//145 98//145 95//145
f 96//146 95//146 98//146
f 92//147 97//147 95//147
f 99//148 100//148 98//148
f 101//149 98//149 100//149
f 97//150 99//150 98//150
f 101//151 96//151 98//151
f 101//152 100//152 102//152
f 103//153 104//153 100//153
f 102//154 100//154 104//154
f 99//155 103//155 100//155
f 103//156 105//156 104//156
f 106//157 104//157 105//157
f 106//158 102//158 104//158
f 103//159 107//159 105//159
f 106//160 105//160 108//160
f 109//161 110//161 105//161
f 108//162 105//162 110//162
f 107//163 109//163 105//163
f 111//164 112//164 110//164
f 113//165 110//165 112//165
f 109//166 111//166 110//166
f 108//167 110//167 113//167
f 114//168 115//168 112//168
f 116//169 112//169 115//169
f 117//170 114//170 112//170
f 111//171 117//171 112//171
f 116//172 113//172 112//172
f 118//173 119//173 115//173
f 120//174 115//174 119//174
f 114//175 118//175 115//175
f 116//176 115//176 120//176
f 121//177 122//177 119//177
f 120//178 119//178 122//178
f 118//179 121//179 119//179
f 123//180 124//180 122//180
f 125//181 122//181 124//181
f 126//182 123//182 122//182
f 127//183 126//183 122//183
f 128//184 127//184 122//184
f 121//185 128//185 122//185
f 120//186 122//186 125//186
f 123//187 129//187 124//187
f 130//188 124//188 129//188
f 131//189 125//189 124//189
f 132//190 131//190 124//190
f 133//191 132//191 124//191
f 130//192 133//192 124//192
f 130//193 129//193 134//193
f 123//194 134//194 129//194
f 135//195 136//195 134//195
f 137//196 134//196 136//196
f 137//197 130//197 134//197
f 138//198 139//198 136//198
f 140//199 136//199 139//199
f 141//200 138//200 136//200
f 135//201 141//201 136//201
f 137//202 136//202 140//202
f 142//203 143//203 139//203
f 144//204 139//204 143//204
f 138//205 142//205 139//205
f 140//206 139//206 144//206
f 145//207 146//207 143//207
f 144//208 143//208 146//208
f 147//209 145//209 143//209
f 142//210 147//210 143//210
f 148//211 146//211 149//211
f 150//212 146//212 148//212
f 145//213 149//213 146//213
f 150//214 144//214 146//214
f 151//215 152//215 148//215
f 153//216 148//216 152//216
f 149//217 151//217 148//217
f 153//218 150//218 148//218
f 154//219 155//219 152//219
f 156//220 152//220 155//220
f 151//221 154//221 152//221
f 153//222 152//222 156//222
f 154//223 157//223 155//223
f 158//224 155//224 157//224
f 158//225 156//225 155//225
f 159//226 160//226 157//226
f 158//227 157//227 160//227
f 154//228 159//228 157//228
f 161//229 160//229 162//229
f 163//230 160//230 161//230
f 159//231 162//231 160//231
f 158//232 160//232 163//232
f 164//233 161//233 162//233
f 165//234 166//234 161//234
f 167//235 161//235 166//235
f 164//236 165//236 161//236
f 167//237 163//237 161//237
f 168//238 169//238 166//238
f 170//239 166//239 169//239
f 167//240 166//240 170//240
f 171//241 172//241 169//241
f 173//242 169//242 172//242
f 168//243 171//243 169//243
f 173//244 170//244 169//244
f 171//245 174//245 172//245
f 175//246 172//246 174//246
f 173//247 172//247 175//247
f 176//248 177//248 174//248
f 175//249 174//249 177//249
f 171//250 176//250 174//250
f 178//251 179//251 177//251
f 180//252 177//252 179//252
f 176//253 178//253 177//253
f 175//254 177//254 180//254
f 181//255 182//255 179//255
f 183//256 179//256 182//256
f 178//257 181//257 179//257
f 180//258 179//258 183//258
f 184//259 185//259 182//259
f 183//260 182//260 185//260
f 181//261 184//261 182//261
f 186//262 185//262 184//262
f 183//263 185//263 186//263
f 186//264 184//264 187//264
f 187//265 184//265 181//265
f 188//266 181//266 178//266
f 187//267 181//267 188//267
f 189//268 178//268 176//268
f 188//269 178//269 189//269
f 190//270 176//270 171//270
f 189//271 176//271 190//271
f 191//272 171//272 168//272
f 190//273 171//273 191//273
f 165//274 168//274 166//274
f 192//275 168//275 165//275
f 191//276 168//276 192//276
f 193//277 165//277 164//277
f 192//278 165//278 193//278
f 194//279 164//279 162//279
f 193//280 164//280 194//280
f 195//281 162//281 159//281
f 194//282 162//282 195//282
f 195//283 159//283 154//283
f 196//284 154//284 151//284
f 197//285 154//285 196//285
f 195//286 154//286 197//286
f 198//287 151//287 149//287
f 196//288 151//288 198//288
f 199//289 149//289 145//289
f 199//290 198//290 149//290
f 200//291 145//291 147//291
f 200//292 199//292 145//292
f 201//293 147//293 142//293
f 201//294 200//294 147//294
f 201//295 142//295 138//295
f 202//296 138//296 141//296
f 202//297 201//297 138//297
f 203//298 141//298 135//298
f 203//299 202//299 141//299
f 123//300 135//300 134//300
f 204//301 135//301 123//301
f 204//302 203//302 135//302
f 205//303 204//303 123//303
f 206//304 123//304 126//304
f 206//305 205//305 123//305
f 206//306 126//306 127//306
f 207//307 127//307 128//307
f 207//308 206//308 127//308
f 208//309 128//309 121//309
f 208//310 207//310 128//310
f 209//311 121//311 118//311
f 209//312 208//312 121//312
f 209//313 118//313 114//313
f 210//314 114//314 117//314
f 209//315 114//315 210//315
f 211//316 117//316 111//316
f 210//317 117//317 211//317
f 212//318 111//318 109//318
f 212//319 211//319 111//319
f 212//320 109//320 107//320
f 213//321 107//321 103//321
f 213//322 212//322 107//322
f 213//323 103//323 214//323
f 214//324 103//324 99//324
f 214//325 99//325 215//325
f 215//326 99//326 97//326
f 216//327 97//327 92//327
f 216//328 215//328 97//328
f 217//329 92//329 13//329
f 216//330 92//330 217//330
f 10//331 217//331 13//331
f 17//332 7//332 24//332
f 218//333 17//333 24//333
f 219//334 24//334 27//334
f 219//335 218//335 24//335
f 220//336 27//336 30//336
f 220//337 219//337 27//337
f 221//338 30//338 33//338
f 221//339 220//339 30//339
f 222//340 33//340 36//340
f 222//341 221//341 33//341
f 223//342 222//342 36//342
f 39//343 223//343 36//343
f 224//344 18//344 17//344
f 14//345 16//345 18//345
f 225//346 219//346 220//346
f 226//347 220//347 221//347
f 226//348 225//348 220//348
f 223//349 221//349 222//349
f 227//350 226//350 221//350
f 223//351 227//351 221//351
f 18//352 228//352 15//352
f 14//353 18//353 15//353
f 224//354 228//354 18//354
f 229//355 228//355 224//355
f 229//356 230//356 228//356
f 231//357 15//357 228//357
f 231//358 228//358 230//358
f 231//359 10//359 15//359
f 232//360 224//360 17//360
f 233//361 17//361 218//361
f 233//362 232//362 17//362
f 233//363 218//363 219//363
f 225//364 234//364 219//364
f 233//365 219//365 234//365
f 235//366 234//366 225//366
f 235//367 225//367 226//367
f 236//368 223//368 39//368
f 237//369 223//369 236//369
f 237//370 227//370 223//370
f 238//371 230//371 239//371
f 238//372 231//372 230//372
f 240//373 229//373 224//373
f 232//374 240//374 224//374
f 241//375 232//375 233//375
f 242//376 241//376 233//376
f 243//377 242//377 233//377
f 234//378 243//378 233//378
f 244//379 226//379 227//379
f 244//380 235//380 226//380
f 245//381 244//381 227//381
f 245//382 227//382 237//382
f 246//383 230//383 229//383
f 239//384 230//384 246//384
f 247//385 239//385 246//385
f 248//386 247//386 246//386
f 247//387 249//387 239//387
f 250//388 246//388 229//388
f 250//389 229//389 240//389
f 251//390 246//390 250//390
f 248//391 246//391 251//391
f 251//392 250//392 240//392
f 252//393 240//393 232//393
f 251//394 240//394 252//394
f 253//395 232//395 241//395
f 253//396 252//396 232//396
f 254//397 241//397 242//397
f 254//398 253//398 241//398
f 255//399 242//399 243//399
f 255//400 254//400 242//400
f 256//401 243//401 234//401
f 256//402 255//402 243//402
f 257//403 234//403 235//403
f 257//404 256//404 234//404
f 257//405 235//405 258//405
f 244//406 258//406 235//406
f 259//407 258//407 244//407
f 259//408 260//408 258//408
f 260//409 257//409 258//409
f 261//410 244//410 245//410
f 261//411 259//411 244//411
f 248//412 251//412 262//412
f 252//413 262//413 251//413
f 263//414 248//414 262//414
f 264//415 263//415 262//415
f 265//416 262//416 252//416
f 266//417 262//417 265//417
f 266//418 264//418 262//418
f 265//419 252//419 253//419
f 267//420 253//420 254//420
f 267//421 265//421 253//421
f 268//422 254//422 255//422
f 268//423 267//423 254//423
f 269//424 255//424 256//424
f 269//425 268//425 255//425
f 270//426 256//426 257//426
f 270//427 269//427 256//427
f 260//428 270//428 257//428
f 216//429 217//429 271//429
f 272//430 217//430 10//430
f 271//431 217//431 272//431
f 231//432 272//432 10//432
f 236//433 39//433 42//433
f 273//434 236//434 42//434
f 274//435 273//435 42//435
f 47//436 274//436 42//436
f 275//437 271//437 272//437
f 216//438 271//438 275//438
f 274//439 236//439 273//439
f 276//440 237//440 236//440
f 277//441 275//441 272//441
f 238//442 277//442 272//442
f 278//443 277//443 238//443
f 279//444 278//444 238//444
f 216//445 275//445 215//445
f 280//446 215//446 275//446
f 281//447 275//447 277//447
f 281//448 280//448 275//448
f 282//449 277//449 283//449
f 282//450 281//450 277//450
f 238//451 272//451 231//451
f 284//452 276//452 236//452
f 284//453 236//453 274//453
f 276//454 245//454 237//454
f 285//455 276//455 284//455
f 286//456 274//456 47//456
f 287//457 274//457 286//457
f 288//458 284//458 274//458
f 287//459 288//459 274//459
f 239//460 279//460 238//460
f 289//461 277//461 278//461
f 290//462 289//462 278//462
f 291//463 278//463 279//463
f 290//464 278//464 291//464
f 283//465 277//465 289//465
f 290//466 283//466 289//466
f 292//467 279//467 239//467
f 292//468 291//468 279//468
f 249//469 292//469 239//469
f 285//470 245//470 276//470
f 293//471 245//471 285//471
f 294//472 285//472 284//472
f 295//473 285//473 294//473
f 293//474 285//474 295//474
f 293//475 261//475 245//475
f 296//476 290//476 291//476
f 296//477 291//477 292//477
f 297//478 290//478 296//478
f 297//479 283//479 290//479
f 298//480 299//480 300//480
f 301//481 300//481 299//481
f 302//482 298//482 300//482
f 303//483 300//483 301//483
f 304//484 300//484 303//484
f 302//485 300//485 304//485
f 305//486 299//486 298//486
f 305//487 301//487 299//487
f 305//488 298//488 302//488
f 305//489 303//489 301//489
f 306//490 260//490 259//490
f 307//491 260//491 306//491
f 261//492 306//492 259//492
f 308//493 306//493 261//493
f 309//494 296//494 292//494
f 309//495 292//495 249//495
f 309//496 310//496 296//496
f 297//497 296//497 310//497
f 311//498 249//498 247//498
f 311//499 309//499 249//499
f 263//500 247//500 248//500
f 263//501 311//501 247//501
f 312//502 265//502 267//502
f 312//503 266//503 265//503
f 268//504 312//504 267//504
f 313//505 268//505 269//505
f 307//506 270//506 260//506
f 314//507 269//507 270//507
f 314//508 270//508 307//508
f 314//509 313//509 269//509
f 308//510 307//510 306//510
f 315//511 307//511 308//511
f 315//512 314//512 307//512
f 316//513 310//513 309//513
f 316//514 309//514 317//514
f 318//515 309//515 311//515
f 317//516 309//516 318//516
f 319//517 311//517 263//517
f 319//518 318//518 311//518
f 320//519 263//519 264//519
f 320//520 319//520 263//520
f 321//521 264//521 266//521
f 321//522 320//522 264//522
f 321//523 266//523 312//523
f 322//524 321//524 312//524
f 313//525 312//525 268//525
f 323//526 312//526 313//526
f 323//527 322//527 312//527
f 324//528 313//528 314//528
f 325//529 313//529 324//529
f 325//530 323//530 313//530
f 326//531 318//531 319//531
f 326//532 327//532 318//532
f 327//533 317//533 318//533
f 326//534 328//534 327//534
f 329//535 327//535 328//535
f 330//536 317//536 327//536
f 329//537 330//537 327//537
f 331//538 328//538 326//538
f 332//539 328//539 331//539
f 332//540 329//540 328//540
f 331//541 326//541 319//541
f 333//542 319//542 320//542
f 333//543 331//543 319//543
f 334//544 320//544 321//544
f 334//545 333//545 320//545
f 334//546 321//546 322//546
f 335//547 322//547 323//547
f 336//548 322//548 335//548
f 336//549 334//549 322//549
f 337//550 196//550 198//550
f 338//551 198//551 199//551
f 338//552 337//552 198//552
f 339//553 196//553 337//553
f 197//554 196//554 339//554
f 340//555 199//555 200//555
f 340//556 338//556 199//556
f 341//557 200//557 201//557
f 341//558 340//558 200//558
f 342//559 201//559 202//559
f 342//560 341//560 201//560
f 343//561 202//561 203//561
f 343//562 342//562 202//562
f 344//563 203//563 204//563
f 344//564 343//564 203//564
f 345//565 344//565 204//565
f 346//566 345//566 204//566
f 347//567 346//567 204//567
f 347//568 204//568 205//568
f 214//569 215//569 348//569
f 348//570 215//570 280//570
f 286//571 47//571 50//571
f 287//572 286//572 50//572
f 53//573 287//573 50//573
f 349//574 339//574 337//574
f 350//575 337//575 338//575
f 350//576 349//576 337//576
f 197//577 339//577 351//577
f 352//578 338//578 340//578
f 352//579 350//579 338//579
f 353//580 340//580 341//580
f 353//581 352//581 340//581
f 353//582 341//582 342//582
f 354//583 353//583 342//583
f 343//584 354//584 342//584
f 355//585 343//585 344//585
f 346//586 344//586 345//586
f 356//587 355//587 344//587
f 346//588 356//588 344//588
f 357//589 348//589 280//589
f 281//590 357//590 280//590
f 214//591 348//591 357//591
f 349//592 358//592 339//592
f 351//593 339//593 358//593
f 359//594 351//594 358//594
f 360//595 359//595 358//595
f 361//596 360//596 358//596
f 362//597 358//597 349//597
f 195//598 351//598 359//598
f 195//599 197//599 351//599
f 363//600 359//600 360//600
f 363//601 195//601 359//601
f 364//602 363//602 360//602
f 365//603 364//603 360//603
f 366//604 354//604 343//604
f 355//605 366//605 343//605
f 355//606 367//606 366//606
f 368//607 356//607 346//607
f 369//608 370//608 356//608
f 369//609 356//609 368//609
f 371//610 281//610 372//610
f 282//611 372//611 281//611
f 373//612 357//612 281//612
f 373//613 214//613 357//613
f 374//614 373//614 281//614
f 375//615 284//615 288//615
f 375//616 288//616 287//616
f 376//617 375//617 287//617
f 377//618 287//618 53//618
f 376//619 287//619 377//619
f 350//620 362//620 349//620
f 378//621 350//621 352//621
f 379//622 352//622 353//622
f 379//623 378//623 352//623
f 380//624 353//624 354//624
f 380//625 379//625 353//625
f 381//626 354//626 366//626
f 381//627 380//627 354//627
f 367//628 381//628 366//628
f 294//629 284//629 375//629
f 382//630 383//630 358//630
f 382//631 358//631 362//631
f 361//632 358//632 383//632
f 384//633 361//633 383//633
f 385//634 383//634 382//634
f 384//635 383//635 385//635
f 386//636 360//636 361//636
f 387//637 386//637 361//637
f 387//638 361//638 384//638
f 385//639 382//639 362//639
f 388//640 362//640 350//640
f 385//641 362//641 388//641
f 389//642 350//642 378//642
f 389//643 388//643 350//643
f 379//644 389//644 378//644
f 390//645 379//645 380//645
f 390//646 380//646 381//646
f 391//647 381//647 367//647
f 391//648 390//648 381//648
f 392//649 367//649 355//649
f 393//650 367//650 392//650
f 391//651 367//651 393//651
f 370//652 392//652 355//652
f 370//653 355//653 356//653
f 394//654 393//654 392//654
f 395//655 392//655 370//655
f 395//656 394//656 392//656
f 394//657 391//657 393//657
f 395//658 370//658 369//658
f 396//659 371//659 372//659
f 397//660 396//660 372//660
f 398//661 372//661 282//661
f 397//662 372//662 398//662
f 397//663 371//663 396//663
f 399//664 371//664 397//664
f 400//665 281//665 371//665
f 399//666 400//666 371//666
f 283//667 398//667 282//667
f 401//668 304//668 303//668
f 305//669 402//669 303//669
f 403//670 303//670 402//670
f 401//671 303//671 403//671
f 404//672 302//672 304//672
f 405//673 304//673 401//673
f 404//674 304//674 405//674
f 295//675 294//675 406//675
f 407//676 385//676 388//676
f 408//677 388//677 389//677
f 408//678 407//678 388//678
f 409//679 385//679 407//679
f 384//680 385//680 409//680
f 410//681 389//681 379//681
f 410//682 408//682 389//682
f 411//683 410//683 379//683
f 411//684 379//684 390//684
f 412//685 411//685 390//685
f 413//686 390//686 391//686
f 412//687 390//687 413//687
f 394//657 413//657 391//657
f 414//688 397//688 398//688
f 297//689 398//689 283//689
f 297//690 414//690 398//690
f 399//691 397//691 414//691
f 415//692 416//692 417//692
f 418//693 417//693 416//693
f 419//694 417//694 418//694
f 420//695 417//695 419//695
f 415//696 417//696 420//696
f 421//697 416//697 415//697
f 422//698 418//698 416//698
f 421//699 422//699 416//699
f 423//700 421//700 415//700
f 424//701 418//701 422//701
f 425//702 418//702 424//702
f 425//703 419//703 418//703
f 426//704 424//704 422//704
f 421//705 426//705 422//705
f 427//706 424//706 426//706
f 425//707 424//707 427//707
f 428//708 427//708 426//708
f 429//709 428//709 426//709
f 430//710 426//710 421//710
f 429//711 426//711 430//711
f 431//712 427//712 428//712
f 425//713 427//713 431//713
f 432//714 431//714 428//714
f 433//715 432//715 428//715
f 433//716 428//716 429//716
f 434//717 431//717 432//717
f 435//718 431//718 434//718
f 436//719 425//719 431//719
f 437//720 436//720 431//720
f 435//721 437//721 431//721
f 438//722 434//722 432//722
f 439//723 432//723 433//723
f 439//724 438//724 432//724
f 438//725 435//725 434//725
f 440//726 305//726 302//726
f 441//727 440//727 302//727
f 442//728 441//728 302//728
f 442//729 302//729 404//729
f 443//730 402//730 305//730
f 444//731 403//731 402//731
f 445//732 444//732 402//732
f 446//733 402//733 443//733
f 446//734 447//734 402//734
f 445//735 402//735 447//735
f 443//736 305//736 440//736
f 448//737 403//737 444//737
f 449//738 403//738 448//738
f 450//739 401//739 403//739
f 451//740 450//740 403//740
f 449//741 451//741 403//741
f 452//742 448//742 444//742
f 453//743 452//743 444//743
f 445//744 453//744 444//744
f 454//745 448//745 452//745
f 454//746 455//746 449//746
f 449//747 448//747 454//747
f 453//748 454//748 452//748
f 456//749 455//749 454//749
f 453//750 456//750 454//750
f 457//751 261//751 293//751
f 295//752 457//752 293//752
f 458//753 409//753 407//753
f 458//754 407//754 408//754
f 459//755 384//755 409//755
f 460//756 459//756 409//756
f 458//757 460//757 409//757
f 461//758 410//758 411//758
f 412//759 461//759 411//759
f 462//760 412//760 413//760
f 463//761 414//761 297//761
f 464//762 414//762 463//762
f 464//763 399//763 414//763
f 310//764 463//764 297//764
f 465//765 430//765 421//765
f 466//766 465//766 421//766
f 467//767 429//767 430//767
f 467//768 430//768 465//768
f 439//769 433//769 429//769
f 468//770 429//770 467//770
f 469//771 439//771 429//771
f 468//772 469//772 429//772
f 470//773 440//773 441//773
f 446//774 443//774 440//774
f 470//775 446//775 440//775
f 470//776 441//776 442//776
f 457//777 308//777 261//777
f 471//778 308//778 457//778
f 471//779 315//779 308//779
f 472//780 408//780 410//780
f 461//781 472//781 410//781
f 473//782 458//782 408//782
f 472//783 473//783 408//783
f 474//784 464//784 463//784
f 475//785 474//785 463//785
f 475//786 463//786 310//786
f 316//787 475//787 310//787
f 476//788 465//788 466//788
f 468//789 467//789 465//789
f 476//790 468//790 465//790
f 315//791 324//791 314//791
f 471//792 324//792 315//792
f 477//793 474//793 475//793
f 478//794 474//794 477//794
f 479//795 464//795 474//795
f 478//796 479//796 474//796
f 480//797 475//797 316//797
f 480//798 477//798 475//798
f 481//799 480//799 316//799
f 317//800 481//800 316//800
f 325//801 335//801 323//801
f 482//802 335//802 325//802
f 482//803 336//803 335//803
f 483//804 325//804 324//804
f 482//805 325//805 483//805
f 484//806 478//806 477//806
f 485//807 478//807 484//807
f 486//808 477//808 480//808
f 486//809 484//809 477//809
f 487//810 480//810 481//810
f 487//811 486//811 480//811
f 488//812 481//812 317//812
f 488//813 487//813 481//813
f 330//814 488//814 317//814
f 333//815 332//815 331//815
f 489//816 333//816 334//816
f 490//817 333//817 489//817
f 336//818 489//818 334//818
f 491//819 336//819 482//819
f 491//820 489//820 336//820
f 492//821 484//821 486//821
f 492//822 493//822 484//822
f 494//823 485//823 484//823
f 493//824 494//824 484//824
f 492//825 486//825 487//825
f 495//826 487//826 488//826
f 495//827 492//827 487//827
f 496//828 488//828 330//828
f 496//829 495//829 488//829
f 497//830 330//830 329//830
f 497//831 496//831 330//831
f 332//832 497//832 329//832
f 498//833 497//833 332//833
f 490//834 332//834 333//834
f 498//835 332//835 490//835
f 499//836 490//836 489//836
f 500//837 490//837 499//837
f 500//838 498//838 490//838
f 501//839 347//839 205//839
f 502//840 501//840 205//840
f 206//841 502//841 205//841
f 213//842 214//842 503//842
f 503//843 214//843 373//843
f 377//844 53//844 56//844
f 376//845 377//845 56//845
f 194//846 195//846 363//846
f 502//847 347//847 501//847
f 504//848 503//848 373//848
f 374//849 504//849 373//849
f 213//850 503//850 504//850
f 193//851 194//851 363//851
f 505//852 193//852 363//852
f 505//853 363//853 364//853
f 506//854 505//854 364//854
f 507//855 364//855 365//855
f 508//856 364//856 507//856
f 368//857 346//857 347//857
f 368//858 347//858 502//858
f 509//859 368//859 502//859
f 510//860 502//860 206//860
f 511//861 509//861 502//861
f 511//862 502//862 510//862
f 504//863 374//863 512//863
f 513//864 512//864 374//864
f 514//865 513//865 374//865
f 400//866 374//866 281//866
f 400//867 514//867 374//867
f 212//868 504//868 512//868
f 213//869 504//869 212//869
f 515//870 375//870 376//870
f 516//871 376//871 56//871
f 515//872 376//872 516//872
f 517//873 369//873 368//873
f 517//874 368//874 509//874
f 518//875 517//875 509//875
f 519//876 518//876 509//876
f 519//877 509//877 511//877
f 520//878 294//878 375//878
f 520//879 375//879 515//879
f 365//880 360//880 386//880
f 387//881 365//881 386//881
f 521//882 365//882 387//882
f 521//883 507//883 365//883
f 522//884 369//884 517//884
f 523//885 369//885 522//885
f 524//886 369//886 523//886
f 524//887 395//887 369//887
f 518//888 522//888 517//888
f 525//889 523//889 522//889
f 526//890 522//890 518//890
f 526//891 525//891 522//891
f 525//892 524//892 523//892
f 527//893 518//893 519//893
f 527//894 526//894 518//894
f 528//895 513//895 514//895
f 529//896 528//896 514//896
f 530//897 514//897 400//897
f 529//898 514//898 530//898
f 531//899 513//899 528//899
f 529//900 531//900 528//900
f 532//901 513//901 531//901
f 399//902 530//902 400//902
f 436//903 420//903 419//903
f 436//904 419//904 425//904
f 533//905 534//905 420//905
f 415//906 420//906 534//906
f 436//907 533//907 420//907
f 535//908 536//908 534//908
f 537//909 534//909 536//909
f 538//910 535//910 534//910
f 533//911 538//911 534//911
f 415//912 534//912 537//912
f 539//913 536//913 535//913
f 540//914 536//914 539//914
f 537//915 536//915 540//915
f 541//916 542//916 535//916
f 539//917 535//917 542//917
f 538//918 541//918 535//918
f 543//919 544//919 542//919
f 545//920 542//920 544//920
f 546//921 543//921 542//921
f 541//922 546//922 542//922
f 545//923 539//923 542//923
f 547//924 544//924 543//924
f 548//925 544//925 547//925
f 545//926 544//926 548//926
f 549//927 550//927 543//927
f 547//928 543//928 550//928
f 546//929 549//929 543//929
f 551//930 552//930 550//930
f 553//931 550//931 552//931
f 549//932 551//932 550//932
f 547//933 550//933 553//933
f 554//934 555//934 552//934
f 556//935 552//935 555//935
f 551//936 554//936 552//936
f 556//937 553//937 552//937
f 557//938 558//938 555//938
f 559//939 555//939 558//939
f 560//940 557//940 555//940
f 554//941 560//941 555//941
f 556//942 555//942 559//942
f 561//943 558//943 557//943
f 562//944 558//944 561//944
f 559//945 558//945 562//945
f 563//946 564//946 557//946
f 561//947 557//947 564//947
f 565//948 563//948 557//948
f 566//949 565//949 557//949
f 560//950 566//950 557//950
f 567//951 568//951 564//951
f 569//952 564//952 568//952
f 563//953 567//953 564//953
f 561//954 564//954 569//954
f 570//955 571//955 568//955
f 572//956 568//956 571//956
f 567//957 570//957 568//957
f 569//958 568//958 572//958
f 570//959 573//959 571//959
f 574//960 575//960 571//960
f 576//961 571//961 575//961
f 573//962 577//962 571//962
f 578//963 571//963 577//963
f 579//964 574//964 571//964
f 580//965 579//965 571//965
f 578//966 580//966 571//966
f 572//967 571//967 576//967
f 574//968 581//968 575//968
f 582//969 583//969 575//969
f 584//970 575//970 583//970
f 581//971 582//971 575//971
f 576//972 575//972 584//972
f 585//973 586//973 583//973
f 587//974 583//974 586//974
f 582//975 585//975 583//975
f 584//976 583//976 587//976
f 588//977 589//977 586//977
f 587//978 586//978 589//978
f 590//979 586//979 591//979
f 585//980 591//980 586//980
f 590//981 588//981 586//981
f 592//982 593//982 589//982
f 594//983 589//983 593//983
f 588//984 595//984 589//984
f 596//985 589//985 595//985
f 597//986 592//986 589//986
f 596//987 597//987 589//987
f 598//988 589//988 594//988
f 587//989 589//989 598//989
f 599//990 600//990 593//990
f 601//991 593//991 600//991
f 592//992 599//992 593//992
f 594//993 593//993 601//993
f 602//994 603//994 600//994
f 604//995 600//995 603//995
f 599//996 602//996 600//996
f 605//997 600//997 604//997
f 605//998 601//998 600//998
f 606//999 607//999 603//999
f 608//1000 603//1000 607//1000
f 602//1001 606//1001 603//1001
f 609//1002 603//1002 608//1002
f 604//1003 603//1003 609//1003
f 610//1004 611//1004 607//1004
f 612//1005 607//1005 611//1005
f 606//1006 610//1006 607//1006
f 608//1007 607//1007 612//1007
f 613//1008 614//1008 611//1008
f 615//1009 611//1009 614//1009
f 610//1010 613//1010 611//1010
f 612//1011 611//1011 615//1011
f 616//1012 617//1012 614//1012
f 618//1013 614//1013 617//1013
f 613//1014 616//1014 614//1014
f 619//1015 614//1015 618//1015
f 619//1016 615//1016 614//1016
f 620//1017 621//1017 617//1017
f 622//1018 617//1018 621//1018
f 616//1019 620//1019 617//1019
f 623//1020 617//1020 622//1020
f 618//1021 617//1021 623//1021
f 624//1022 625//1022 621//1022
f 626//1023 621//1023 625//1023
f 620//1024 624//1024 621//1024
f 622//1025 621//1025 626//1025
f 624//1026 627//1026 625//1026
f 628//1027 625//1027 627//1027
f 626//1028 625//1028 628//1028
f 629//1029 627//1030 624//1030
f 630//1031 628//1031 627//1031
f 629//1032 630//1033 627//1033
f 631//1034 629//1035 624//1034
f 632//1036 631//1036 624//1036
f 633//1037 632//1037 624//1037
f 634//1038 624//1038 635//1038
f 633//1039 624//1039 634//1039
f 635//1040 624//1040 620//1040
f 635//1041 620//1041 616//1041
f 636//1042 616//1042 613//1042
f 637//1043 635//1043 616//1043
f 636//1044 637//1044 616//1044
f 638//1045 639//1045 613//1045
f 640//1046 613//1046 639//1046
f 641//1047 638//1047 613//1047
f 642//1048 641//1048 613//1048
f 610//1049 642//1049 613//1049
f 640//1050 636//1050 613//1050
f 643//1051 644//1051 639//1051
f 640//1052 639//1052 644//1052
f 645//1053 643//1053 639//1053
f 638//1054 645//1054 639//1054
f 646//1055 644//1055 643//1055
f 647//1056 644//1056 646//1056
f 647//1057 640//1057 644//1057
f 648//1058 649//1058 643//1058
f 646//1059 643//1059 649//1059
f 650//1060 643//1061 645//1061
f 650//1062 648//1063 643//1063
f 648//1064 651//1064 649//1064
f 652//1065 646//1065 649//1065
f 653//1066 654//1066 649//1066
f 652//1067 649//1067 654//1067
f 651//1068 653//1068 649//1068
f 590//1069 591//1069 654//1069
f 655//1070 654//1070 591//1070
f 653//1071 590//1071 654//1071
f 656//1072 652//1072 654//1072
f 656//1073 654//1073 655//1073
f 657//1074 658//1074 591//1074
f 659//1075 591//1075 658//1075
f 585//1076 660//1077 591//1076
f 661//1078 591//1078 660//1079
f 657//1080 591//1080 661//1080
f 659//1081 655//1081 591//1081
f 662//1082 663//1082 658//1082
f 664//1083 658//1083 663//1083
f 657//1084 662//1084 658//1084
f 664//1085 659//1085 658//1085
f 578//1086 665//1086 663//1086
f 666//1087 663//1087 665//1087
f 662//1088 578//1088 663//1088
f 666//1089 664//1089 663//1089
f 667//1090 668//1090 665//1090
f 669//1091 665//1091 668//1091
f 670//1092 667//1092 665//1092
f 577//1093 670//1093 665//1093
f 578//1094 577//1094 665//1094
f 666//1095 665//1095 669//1095
f 669//1096 668//1096 667//1096
f 671//1097 667//1097 670//1097
f 669//1098 667//1098 671//1098
f 672//1099 670//1099 577//1099
f 673//1100 670//1100 672//1100
f 671//1101 670//1101 673//1101
f 674//1102 577//1102 573//1102
f 675//1103 577//1103 674//1103
f 672//1104 577//1104 675//1104
f 676//1105 573//1105 570//1105
f 676//1106 674//1106 573//1106
f 677//1107 570//1107 567//1107
f 677//1108 676//1108 570//1108
f 678//1109 567//1109 563//1109
f 679//1110 567//1110 678//1110
f 679//1111 677//1111 567//1111
f 678//1112 563//1112 565//1112
f 680//1113 565//1113 566//1113
f 680//1114 678//1114 565//1114
f 681//1115 566//1115 560//1115
f 682//1116 680//1116 566//1116
f 683//1117 682//1117 566//1117
f 684//1118 683//1118 566//1118
f 681//1119 684//1119 566//1119
f 685//1120 560//1120 554//1120
f 685//1121 681//1121 560//1121
f 686//1122 554//1122 551//1122
f 686//1123 685//1123 554//1123
f 687//1124 551//1124 549//1124
f 687//1125 686//1125 551//1125
f 688//1126 549//1126 546//1126
f 687//1127 549//1127 688//1127
f 689//1128 546//1128 541//1128
f 690//1129 688//1129 546//1129
f 689//1130 690//1130 546//1130
f 691//1131 541//1131 538//1131
f 691//1132 689//1132 541//1132
f 692//1133 538//1133 533//1133
f 692//1134 691//1134 538//1134
f 693//1135 694//1135 533//1135
f 695//1136 533//1136 694//1136
f 696//1137 693//1138 533//1138
f 697//1139 696//1140 533//1139
f 698//1141 697//1141 533//1141
f 699//1142 698//1143 533//1143
f 700//1144 699//1145 533//1144
f 436//1146 700//1146 533//1146
f 701//1147 533//1147 695//1147
f 692//1148 533//1148 701//1148
f 702//1149 703//1149 694//1149
f 704//1150 694//1150 703//1150
f 693//1151 702//1151 694//1151
f 704//1152 695//1152 694//1152
f 705//1153 706//1153 703//1153
f 707//1154 703//1154 706//1154
f 702//1155 705//1155 703//1155
f 708//1156 704//1156 703//1156
f 708//1157 703//1157 707//1157
f 705//1158 709//1158 706//1158
f 710//1159 706//1159 709//1159
f 710//1160 707//1160 706//1160
f 711//1161 712//1161 709//1161
f 713//1162 709//1162 712//1162
f 714//1163 711//1163 709//1163
f 715//1164 714//1164 709//1164
f 705//1165 715//1165 709//1165
f 710//1166 709//1166 713//1166
f 716//1167 717//1167 712//1167
f 718//1168 712//1168 717//1168
f 719//1169 716//1169 712//1169
f 711//1170 719//1170 712//1170
f 713//1171 712//1171 718//1171
f 718//1172 717//1172 716//1172
f 720//1173 716//1173 719//1173
f 718//1174 716//1174 720//1174
f 721//1175 719//1175 711//1175
f 722//1176 719//1176 721//1176
f 720//1177 719//1177 722//1177
f 723//1178 711//1178 714//1178
f 723//1179 721//1179 711//1179
f 724//1180 714//1180 715//1180
f 723//1181 714//1181 724//1181
f 725//1182 715//1182 705//1182
f 726//1183 715//1183 725//1183
f 727//1184 715//1184 726//1184
f 724//1185 715//1185 727//1185
f 728//1186 729//1186 705//1186
f 725//1187 705//1187 729//1187
f 702//1188 728//1188 705//1188
f 728//1189 730//1189 729//1189
f 731//1190 729//1190 730//1190
f 726//1191 725//1191 729//1191
f 732//1192 729//1192 731//1192
f 726//1193 729//1193 732//1193
f 733//1194 734//1194 730//1194
f 735//1195 730//1195 734//1195
f 736//1196 733//1196 730//1196
f 737//1197 736//1197 730//1197
f 738//1198 737//1198 730//1198
f 739//1199 738//1199 730//1199
f 740//1200 739//1200 730//1200
f 455//1201 740//1201 730//1201
f 741//1202 455//1202 730//1202
f 728//1203 741//1203 730//1203
f 735//1204 731//1204 730//1204
f 742//1205 743//1205 734//1205
f 744//1206 734//1206 743//1206
f 733//1207 742//1207 734//1207
f 745//1208 734//1208 744//1208
f 745//1209 735//1209 734//1209
f 746//1210 747//1210 743//1210
f 748//1211 743//1211 747//1211
f 742//1212 746//1212 743//1212
f 749//1213 744//1213 743//1213
f 748//1214 749//1214 743//1214
f 746//1215 750//1215 747//1215
f 751//1216 747//1216 750//1216
f 751//1217 748//1217 747//1217
f 746//1218 752//1218 750//1218
f 753//1219 750//1219 752//1219
f 753//1220 751//1220 750//1220
f 754//1221 755//1221 752//1221
f 756//1222 752//1222 755//1222
f 746//1223 754//1223 752//1223
f 753//1224 752//1224 756//1224
f 756//1225 755//1225 754//1225
f 757//1226 758//1226 754//1226
f 759//1227 754//1227 758//1227
f 746//1228 757//1228 754//1228
f 760//1229 754//1229 759//1229
f 756//1230 754//1230 760//1230
f 759//1231 758//1231 757//1231
f 761//1232 757//1232 746//1232
f 759//1233 757//1233 761//1233
f 762//1234 746//1234 742//1234
f 763//1235 746//1235 762//1235
f 764//1236 746//1236 763//1236
f 765//1237 746//1237 764//1237
f 761//1238 746//1238 765//1238
f 766//1239 742//1239 733//1239
f 762//1240 742//1240 766//1240
f 767//1241 733//1241 736//1241
f 766//1242 733//1242 767//1242
f 768//1243 767//1243 736//1243
f 768//1244 736//1244 737//1244
f 769//1245 737//1245 738//1245
f 770//1246 737//1246 769//1246
f 768//1247 737//1247 770//1247
f 771//1248 738//1248 739//1248
f 769//1249 738//1249 772//1249
f 771//1250 772//1250 738//1250
f 773//1251 739//1251 740//1251
f 771//1252 739//1252 773//1252
f 774//1253 740//1253 455//1253
f 775//1254 740//1254 774//1254
f 773//1255 740//1255 775//1255
f 776//1256 777//1256 455//1256
f 774//1257 455//1257 777//1257
f 778//1258 776//1258 455//1258
f 456//1259 778//1259 455//1259
f 741//1260 449//1260 455//1260
f 779//1261 780//1261 777//1261
f 781//1262 777//1262 780//1262
f 782//1263 779//1263 777//1263
f 783//1264 782//1264 777//1264
f 776//1265 783//1265 777//1265
f 784//1266 774//1266 777//1266
f 785//1267 784//1267 777//1267
f 781//1268 785//1268 777//1268
f 786//1269 787//1269 780//1269
f 788//1270 780//1271 787//1271
f 779//1272 786//1272 780//1272
f 789//1273 781//1274 780//1274
f 788//1275 789//1276 780//1277
f 786//1278 790//1278 787//1278
f 791//1279 787//1279 790//1279
f 788//1280 787//1281 791//1281
f 786//1282 792//1282 790//1282
f 793//1283 790//1283 792//1283
f 791//1284 790//1284 793//1284
f 794//1285 795//1285 792//1285
f 796//1286 792//1286 795//1286
f 797//1287 794//1287 792//1287
f 798//1288 797//1288 792//1288
f 799//1289 798//1289 792//1289
f 800//1290 799//1290 792//1290
f 801//1291 800//1291 792//1291
f 786//1292 801//1292 792//1292
f 802//1293 793//1293 792//1293
f 803//1294 802//1294 792//1294
f 804//1295 792//1295 796//1295
f 803//1296 792//1296 804//1296
f 796//1297 795//1297 794//1297
f 805//1298 794//1298 797//1298
f 796//1299 794//1299 805//1299
f 806//1300 797//1300 798//1300
f 805//1301 797//1301 806//1301
f 807//1302 798//1302 799//1302
f 806//1303 798//1303 807//1303
f 807//1304 799//1304 800//1304
f 808//1305 800//1305 801//1305
f 807//1306 800//1306 808//1306
f 809//1307 801//1307 786//1307
f 808//1308 801//1308 809//1308
f 810//1309 786//1309 779//1309
f 809//1310 786//1310 810//1310
f 811//1311 779//1311 782//1311
f 811//1312 810//1312 779//1312
f 812//1313 782//1313 783//1313
f 811//1314 782//1314 812//1314
f 813//1315 783//1315 776//1315
f 812//1316 783//1316 813//1316
f 814//1317 776//1317 778//1317
f 814//1318 813//1318 776//1318
f 815//1319 778//1319 456//1319
f 814//1320 778//1320 815//1320
f 453//1321 815//1321 456//1321
f 816//1322 401//1322 450//1322
f 817//1323 405//1323 401//1323
f 816//1324 817//1324 401//1324
f 818//1325 450//1325 451//1325
f 818//1326 816//1326 450//1326
f 819//1327 451//1327 449//1327
f 818//1328 451//1328 819//1328
f 819//1329 449//1329 741//1329
f 820//1330 821//1330 741//1330
f 822//1331 741//1331 821//1331
f 823//1332 820//1332 741//1332
f 728//1333 823//1333 741//1333
f 822//1334 819//1334 741//1334
f 824//1335 821//1335 820//1335
f 825//1336 822//1336 821//1336
f 824//1337 825//1337 821//1337
f 826//1338 820//1338 823//1338
f 826//1339 824//1339 820//1339
f 827//1340 823//1340 728//1340
f 826//1341 823//1341 827//1341
f 828//1342 728//1342 702//1342
f 827//1343 728//1343 828//1343
f 829//1344 702//1344 693//1344
f 828//1345 702//1345 829//1345
f 830//1346 693//1346 696//1347
f 829//1348 693//1348 830//1348
f 831//1349 696//1350 697//1349
f 831//1351 830//1351 696//1352
f 832//1353 697//1353 698//1353
f 831//1354 697//1354 832//1354
f 833//1355 698//1355 699//1356
f 832//1357 698//1357 833//1357
f 834//1358 699//1359 700//1358
f 833//1360 699//1361 835//1360
f 836//1362 835//1362 699//1363
f 836//1364 699//1365 834//1364
f 837//1366 700//1366 436//1366
f 838//1367 700//1367 837//1367
f 834//1368 700//1368 838//1368
f 839//1369 840//1369 436//1369
f 837//1370 436//1370 840//1370
f 437//1371 839//1371 436//1371
f 841//1372 840//1372 839//1372
f 841//1373 842//1373 840//1373
f 843//1374 840//1374 842//1374
f 844//1375 840//1375 843//1375
f 845//1376 837//1376 840//1376
f 846//1377 845//1377 840//1377
f 844//1378 846//1378 840//1378
f 847//1379 839//1379 437//1379
f 841//1380 839//1380 847//1380
f 438//1381 437//1381 435//1381
f 848//1382 437//1382 438//1382
f 847//1383 437//1383 848//1383
f 849//1384 645//1384 638//1384
f 850//1385 650//1386 645//1387
f 850//1388 645//1389 849//1389
f 851//1390 638//1390 641//1390
f 849//1391 638//1391 851//1391
f 852//1392 853//1392 641//1392
f 851//1393 641//1393 853//1393
f 642//1394 852//1394 641//1394
f 852//1395 854//1395 853//1395
f 855//1396 853//1396 854//1396
f 855//1397 851//1397 853//1397
f 856//1398 857//1398 854//1398
f 858//1399 854//1399 857//1399
f 852//1400 856//1400 854//1400
f 855//1401 854//1401 858//1401
f 856//1402 859//1402 857//1402
f 860//1403 857//1403 859//1403
f 850//1404 857//1405 650//1406
f 860//1407 650//1408 857//1407
f 858//1409 857//1409 850//1410
f 596//1411 595//1411 859//1411
f 861//1412 859//1412 595//1412
f 856//1413 596//1413 859//1413
f 850//1414 860//1415 859//1415
f 850//1416 859//1417 861//1417
f 862//1418 595//1418 588//1418
f 862//1419 861//1419 595//1419
f 862//1420 588//1420 590//1420
f 862//1421 590//1421 653//1421
f 863//1422 653//1422 651//1422
f 863//1423 862//1423 653//1423
f 863//1424 651//1424 648//1424
f 850//1425 648//1426 650//1427
f 863//1428 648//1428 850//1429
f 850//1430 650//1431 860//1432
f 864//1433 852//1433 642//1433
f 865//1434 642//1434 610//1434
f 864//1435 642//1435 865//1435
f 865//1436 610//1436 606//1436
f 866//1437 867//1438 606//1437
f 868//1439 606//1440 867//1441
f 602//1442 866//1442 606//1442
f 868//1443 865//1444 606//1444
f 868//1445 867//1446 866//1447
f 869//1448 867//1449 856//1448
f 870//1450 856//1450 867//1451
f 868//1452 871//1453 867//1454
f 870//1455 867//1456 871//1455
f 868//1457 867//1458 869//1459
f 872//1460 866//1460 602//1460
f 873//1461 866//1461 872//1461
f 868//1462 866//1463 873//1463
f 872//1464 602//1464 599//1464
f 872//1465 599//1465 592//1465
f 874//1466 592//1466 597//1466
f 875//1467 872//1467 592//1467
f 875//1468 592//1468 874//1468
f 870//1469 597//1469 596//1469
f 874//1470 597//1470 870//1470
f 870//1471 596//1471 856//1471
f 852//1472 869//1472 856//1472
f 864//1473 869//1473 852//1473
f 661//1474 660//1475 876//1474
f 877//1476 876//1476 660//1477
f 878//1478 876//1478 879//1478
f 880//1479 879//1479 876//1479
f 878//1480 661//1480 876//1480
f 880//1481 876//1481 877//1481
f 877//1482 660//1483 585//1482
f 877//1484 585//1484 582//1484
f 881//1485 582//1485 581//1485
f 877//1486 582//1486 881//1486
f 882//1487 581//1487 574//1487
f 882//1488 881//1488 581//1488
f 882//1489 574//1489 579//1489
f 883//1490 879//1490 579//1490
f 882//1491 579//1491 879//1491
f 580//1492 883//1492 579//1492
f 883//1493 878//1493 879//1493
f 880//1494 882//1494 879//1494
f 884//1495 661//1495 878//1495
f 884//1496 657//1496 661//1496
f 885//1497 878//1497 883//1497
f 886//1498 884//1498 878//1498
f 886//1499 878//1499 885//1499
f 887//1500 883//1500 580//1500
f 887//1501 885//1501 883//1501
f 887//1502 580//1502 578//1502
f 887//1503 578//1503 662//1503
f 884//1504 662//1504 657//1504
f 887//1505 662//1505 884//1505
f 817//1506 404//1506 405//1506
f 520//1507 406//1507 294//1507
f 888//1508 295//1508 406//1508
f 459//1509 387//1509 384//1509
f 889//1510 387//1510 459//1510
f 521//1511 387//1511 889//1511
f 890//1512 628//1512 630//1512
f 891//1513 890//1514 630//1514
f 891//1515 630//1516 629//1517
f 892//1518 626//1518 628//1518
f 619//1519 623//1519 622//1519
f 893//1520 622//1520 626//1520
f 894//1521 622//1521 893//1521
f 894//1522 619//1522 622//1522
f 619//1523 618//1523 623//1523
f 895//1524 394//1524 395//1524
f 895//1525 395//1525 524//1525
f 525//1526 895//1526 524//1526
f 896//1527 529//1527 530//1527
f 464//1528 530//1528 399//1528
f 464//1529 896//1529 530//1529
f 897//1530 529//1530 896//1530
f 531//1531 529//1531 897//1531
f 545//1532 540//1532 539//1532
f 898//1533 540//1533 545//1533
f 898//1534 537//1534 540//1534
f 899//1535 898//1535 545//1535
f 423//1536 415//1536 537//1536
f 423//1537 537//1537 898//1537
f 848//1538 438//1538 439//1538
f 470//1539 442//1539 404//1539
f 817//1540 470//1540 404//1540
f 814//1541 815//1541 453//1541
f 900//1542 453//1542 445//1542
f 900//1543 814//1543 453//1543
f 888//1544 457//1544 295//1544
f 901//1545 521//1545 889//1545
f 902//1546 628//1546 890//1546
f 902//1547 892//1547 628//1547
f 902//1548 890//1548 891//1549
f 892//1550 893//1550 626//1550
f 413//1551 394//1551 895//1551
f 903//1552 895//1552 525//1552
f 904//1553 897//1553 896//1553
f 905//1554 898//1554 899//1554
f 906//1555 898//1555 905//1555
f 907//1556 905//1556 899//1556
f 908//1557 423//1557 898//1557
f 908//1558 898//1558 906//1558
f 909//1559 423//1559 908//1559
f 421//1560 423//1560 909//1560
f 848//1561 439//1561 469//1561
f 446//1562 910//1562 447//1562
f 445//1563 447//1563 910//1563
f 911//1564 910//1564 446//1564
f 911//1565 445//1565 910//1565
f 912//1566 446//1566 470//1566
f 913//1567 446//1567 912//1567
f 914//1568 911//1568 446//1568
f 913//1569 914//1569 446//1569
f 911//1570 915//1570 445//1570
f 900//1571 445//1571 915//1571
f 916//1572 457//1572 888//1572
f 916//1573 471//1573 457//1573
f 917//1574 889//1574 459//1574
f 917//1575 459//1575 460//1575
f 918//1576 889//1576 917//1576
f 919//1577 901//1577 889//1577
f 918//1578 919//1578 889//1578
f 920//1579 461//1579 412//1579
f 462//1580 920//1580 412//1580
f 921//1581 462//1581 413//1581
f 922//1582 921//1582 413//1582
f 922//1583 413//1583 895//1583
f 923//1584 895//1584 903//1584
f 923//1585 922//1585 895//1585
f 479//1586 904//1586 896//1586
f 479//1587 896//1587 464//1587
f 924//1588 904//1588 479//1588
f 925//1589 905//1589 907//1589
f 926//1590 906//1590 905//1590
f 926//1591 905//1591 925//1591
f 927//1592 925//1592 907//1592
f 928//1593 908//1593 906//1593
f 928//1594 906//1594 926//1594
f 929//1595 909//1595 908//1595
f 929//1596 908//1596 928//1596
f 466//1597 421//1597 909//1597
f 930//1598 466//1598 909//1598
f 930//1599 909//1599 929//1599
f 931//1600 466//1600 930//1600
f 476//1601 466//1601 931//1601
f 932//1602 469//1602 468//1602
f 847//1603 848//1603 469//1603
f 932//1604 847//1604 469//1604
f 933//1605 468//1605 476//1605
f 932//1606 468//1606 933//1606
f 934//1607 912//1607 470//1607
f 935//1608 934//1608 470//1608
f 816//1609 470//1609 817//1609
f 935//1610 470//1610 816//1610
f 913//1611 912//1611 934//1611
f 913//1612 934//1612 935//1612
f 936//1613 471//1613 916//1613
f 937//1614 917//1614 460//1614
f 937//1615 918//1615 917//1615
f 938//1616 472//1616 461//1616
f 939//1617 938//1617 461//1617
f 920//1618 939//1618 461//1618
f 940//1619 920//1619 462//1619
f 941//1620 462//1620 921//1620
f 941//1621 940//1621 462//1621
f 941//1622 921//1622 922//1622
f 942//1623 941//1623 922//1623
f 943//1624 942//1624 922//1624
f 944//1625 924//1625 479//1625
f 945//1626 904//1626 924//1626
f 478//1627 944//1627 479//1627
f 946//1628 926//1628 925//1628
f 947//1629 946//1629 925//1629
f 927//1630 947//1630 925//1630
f 948//1631 928//1631 926//1631
f 948//1632 926//1632 946//1632
f 949//1633 929//1633 928//1633
f 949//1634 928//1634 948//1634
f 950//1635 930//1635 929//1635
f 950//1636 929//1636 949//1636
f 951//1637 931//1637 930//1637
f 951//1638 930//1638 950//1638
f 933//1639 476//1639 931//1639
f 952//1640 933//1640 931//1640
f 952//1641 931//1641 951//1641
f 932//1642 933//1642 952//1642
f 471//1643 483//1643 324//1643
f 953//1644 483//1644 471//1644
f 936//1645 953//1645 471//1645
f 954//1646 458//1646 473//1646
f 954//1647 460//1647 458//1647
f 955//1648 460//1648 954//1648
f 955//1649 937//1649 460//1649
f 956//1650 473//1650 472//1650
f 938//1651 956//1651 472//1651
f 957//1652 939//1652 920//1652
f 940//1653 957//1653 920//1653
f 958//1654 940//1654 941//1654
f 942//1655 958//1655 941//1655
f 958//1656 959//1656 940//1656
f 960//1657 942//1657 943//1657
f 961//1658 942//1658 960//1658
f 962//1659 924//1659 944//1659
f 963//1660 962//1660 944//1660
f 945//1661 924//1661 962//1661
f 963//1662 944//1662 478//1662
f 485//1663 963//1663 478//1663
f 964//1664 949//1664 948//1664
f 965//1665 950//1665 949//1665
f 965//1666 949//1666 964//1666
f 966//1667 951//1667 950//1667
f 966//1668 950//1668 965//1668
f 932//1669 952//1669 951//1669
f 966//1670 932//1670 951//1670
f 967//1671 491//1671 482//1671
f 953//1672 967//1672 482//1672
f 953//1673 482//1673 483//1673
f 968//1674 954//1674 473//1674
f 956//1675 968//1675 473//1675
f 969//1676 956//1676 938//1676
f 969//1677 938//1677 939//1677
f 970//1678 939//1678 957//1678
f 970//1679 969//1679 939//1679
f 959//1680 957//1680 940//1680
f 970//1681 957//1681 959//1681
f 971//1682 972//1682 959//1682
f 971//1683 959//1683 958//1683
f 972//1684 970//1684 959//1684
f 973//1685 962//1685 963//1685
f 974//1686 962//1686 973//1686
f 975//1687 945//1687 962//1687
f 974//1688 975//1688 962//1688
f 976//1689 973//1689 963//1689
f 494//1690 963//1690 485//1690
f 494//1691 976//1691 963//1691
f 491//1692 499//1692 489//1692
f 977//1693 499//1693 491//1693
f 978//1694 499//1694 977//1694
f 967//1695 977//1695 491//1695
f 979//1696 973//1696 976//1696
f 980//1697 973//1697 979//1697
f 980//1698 974//1698 973//1698
f 981//1699 976//1699 494//1699
f 981//1700 979//1700 976//1700
f 982//1701 981//1701 494//1701
f 983//1702 494//1702 493//1702
f 983//1703 982//1703 494//1703
f 984//1704 493//1704 492//1704
f 984//1705 983//1705 493//1705
f 985//1706 984//1706 492//1706
f 985//1707 492//1707 495//1707
f 986//1708 495//1708 496//1708
f 987//1709 495//1709 986//1709
f 987//1710 985//1710 495//1710
f 988//1711 986//1711 496//1711
f 988//1712 496//1712 497//1712
f 988//1713 497//1713 498//1713
f 500//1714 988//1714 498//1714
f 989//1715 988//1715 500//1715
f 978//1716 989//1716 500//1716
f 978//1717 500//1717 499//1717
f 990//1718 980//1718 979//1718
f 990//1719 979//1719 981//1719
f 991//1720 992//1720 980//1720
f 991//1721 980//1721 990//1721
f 993//1722 981//1722 982//1722
f 993//1723 990//1723 981//1723
f 994//1724 982//1724 983//1724
f 994//1725 993//1725 982//1725
f 994//1726 983//1726 984//1726
f 987//1727 984//1727 985//1727
f 995//1728 984//1728 987//1728
f 995//1729 994//1729 984//1729
f 996//1730 987//1730 986//1730
f 997//1731 987//1731 996//1731
f 997//1732 995//1732 987//1732
f 506//1733 193//1733 505//1733
f 192//1734 193//1734 506//1734
f 998//1735 206//1735 207//1735
f 998//1736 510//1736 206//1736
f 999//1737 207//1737 208//1737
f 999//1738 998//1738 207//1738
f 1000//1739 999//1739 208//1739
f 1001//1740 1000//1740 208//1740
f 209//1741 1001//1741 208//1741
f 512//1742 211//1742 212//1742
f 1002//1743 211//1743 512//1743
f 1003//1744 211//1744 1002//1744
f 1003//1745 210//1745 211//1745
f 1004//1746 210//1746 1003//1746
f 209//1747 210//1747 1004//1747
f 516//1748 56//1748 60//1748
f 1005//1749 516//1749 60//1749
f 1005//1750 60//1750 63//1750
f 1006//1751 192//1751 506//1751
f 1001//1752 999//1752 1000//1752
f 1001//1753 1007//1753 999//1753
f 1008//1754 1003//1754 1002//1754
f 1004//1755 1003//1755 1008//1755
f 1009//1756 516//1756 1005//1756
f 511//1757 510//1757 998//1757
f 999//1758 511//1758 998//1758
f 1010//1759 511//1759 999//1759
f 1011//1760 511//1760 1010//1760
f 1011//1761 519//1761 511//1761
f 1007//1762 1010//1762 999//1762
f 1012//1763 1010//1763 1007//1763
f 1013//1764 1010//1764 1012//1764
f 1001//1765 1012//1765 1007//1765
f 1014//1766 1013//1766 1012//1766
f 1014//1767 1012//1767 1008//1767
f 1004//1768 1012//1768 1001//1768
f 1004//1769 1008//1769 1012//1769
f 1015//1770 1013//1770 1014//1770
f 209//1771 1004//1771 1001//1771
f 1014//1772 1008//1772 1002//1772
f 512//1773 1014//1773 1002//1773
f 1016//1774 1015//1774 1014//1774
f 513//1775 1014//1775 512//1775
f 532//1776 1014//1776 513//1776
f 532//1777 1016//1777 1014//1777
f 1017//1778 364//1778 508//1778
f 1017//1779 506//1779 364//1779
f 1018//1780 508//1780 507//1780
f 1018//1781 507//1781 521//1781
f 1019//1782 508//1782 1018//1782
f 1020//1783 1017//1783 508//1783
f 1019//1784 1020//1784 508//1784
f 1021//1785 519//1785 1011//1785
f 1021//1786 527//1786 519//1786
f 1022//1787 1011//1787 1010//1787
f 1023//1788 1011//1788 1022//1788
f 1021//1789 1011//1789 1023//1789
f 1022//1790 1010//1790 1013//1790
f 1024//1791 1023//1791 1022//1791
f 1024//1792 1021//1792 1023//1792
f 1025//1793 1022//1793 1013//1793
f 1025//1794 1013//1794 1015//1794
f 1026//1795 1022//1795 1025//1795
f 1024//1796 1022//1796 1026//1796
f 1026//1797 1025//1797 1015//1797
f 1027//1798 1015//1798 1016//1798
f 1026//1799 1015//1799 1027//1799
f 1027//1800 1016//1800 532//1800
f 531//1801 1027//1801 532//1801
f 1028//1802 520//1802 1029//1802
f 1028//1803 406//1803 520//1803
f 901//1804 1018//1804 521//1804
f 1030//1805 1019//1805 1018//1805
f 1030//1806 1018//1806 901//1806
f 891//1807 629//1808 631//1809
f 1031//1810 631//1810 632//1810
f 1032//1811 891//1812 631//1813
f 1033//1814 1032//1815 631//1814
f 1034//1816 1033//1816 631//1816
f 1035//1817 1034//1817 631//1817
f 1036//1818 1035//1818 631//1818
f 1037//1819 1036//1819 631//1819
f 1038//1820 1037//1820 631//1820
f 1039//1821 1038//1821 631//1821
f 1031//1822 1039//1822 631//1822
f 1040//1823 1031//1823 632//1823
f 1041//1824 632//1824 633//1824
f 1041//1825 1040//1825 632//1825
f 894//1826 615//1826 619//1826
f 1042//1827 612//1827 615//1827
f 1042//1828 615//1828 894//1828
f 1042//1829 608//1829 612//1829
f 1043//1830 609//1830 608//1830
f 1043//1831 608//1831 1042//1831
f 605//1832 604//1832 609//1832
f 605//1833 609//1833 1043//1833
f 1044//1834 526//1834 527//1834
f 1045//1835 1024//1835 1026//1835
f 1027//1836 1045//1836 1026//1836
f 897//1837 1027//1837 531//1837
f 897//1838 1046//1838 1027//1838
f 556//1839 1047//1839 553//1839
f 547//1840 553//1840 1047//1840
f 548//1841 547//1841 1047//1841
f 899//1842 545//1842 548//1842
f 899//1843 548//1843 1047//1843
f 812//1844 813//1844 814//1844
f 1048//1845 814//1845 900//1845
f 1048//1846 812//1846 814//1846
f 1028//1847 888//1847 406//1847
f 1049//1848 891//1849 1050//1848
f 1032//1850 1050//1851 891//1852
f 1051//1853 891//1854 1049//1853
f 902//1855 891//1856 1051//1855
f 1052//1857 1042//1857 894//1857
f 1052//1858 894//1858 1053//1858
f 1054//1859 894//1859 893//1859
f 1053//1860 894//1860 1054//1860
f 903//1861 525//1861 526//1861
f 1044//1862 903//1862 526//1862
f 1055//1863 1044//1863 527//1863
f 1056//1864 527//1864 1021//1864
f 1056//1865 1055//1865 527//1865
f 1057//1866 1024//1866 1045//1866
f 1046//1867 1045//1867 1027//1867
f 1021//1868 1024//1868 1057//1868
f 904//1869 1046//1869 897//1869
f 1058//1870 1047//1870 556//1870
f 1059//1871 1058//1871 556//1871
f 907//1872 899//1872 1047//1872
f 907//1873 1047//1873 1058//1873
f 1060//1874 847//1874 932//1874
f 1060//1875 841//1875 847//1875
f 1061//1876 935//1876 816//1876
f 1061//1877 816//1877 818//1877
f 1062//1878 913//1878 935//1878
f 1062//1879 935//1879 1061//1879
f 911//1880 1063//1880 915//1880
f 900//1881 915//1881 1063//1881
f 1064//1882 1063//1882 911//1882
f 1064//1883 900//1883 1063//1883
f 1065//1884 1064//1884 911//1884
f 1064//1885 1066//1885 900//1885
f 1048//1886 900//1886 1066//1886
f 1067//1887 916//1887 888//1887
f 1028//1888 1067//1888 888//1888
f 1068//1889 1049//1889 1050//1889
f 1069//1890 1068//1890 1050//1890
f 1070//1891 1050//1891 1032//1892
f 1069//1893 1050//1893 1070//1893
f 1071//1894 1049//1894 1068//1894
f 1072//1895 1051//1895 1049//1895
f 1072//1896 1049//1896 1071//1896
f 1073//1897 1071//1897 1068//1897
f 1074//1898 1073//1898 1068//1898
f 1074//1899 1068//1899 1069//1899
f 892//1900 902//1900 1051//1900
f 1072//1901 892//1901 1051//1901
f 1075//1902 893//1902 892//1902
f 1054//1903 893//1903 1075//1903
f 1076//1904 923//1904 903//1904
f 1077//1905 903//1905 1044//1905
f 1077//1906 1076//1906 903//1906
f 1078//1907 1044//1907 1055//1907
f 1078//1908 1077//1908 1044//1908
f 1079//1909 1055//1909 1056//1909
f 1057//1910 1079//1910 1056//1910
f 1080//1911 1057//1911 1045//1911
f 1081//1912 1045//1912 1046//1912
f 1081//1913 1080//1913 1045//1913
f 1056//1914 1021//1914 1057//1914
f 945//1915 1046//1915 904//1915
f 1082//1916 1058//1916 1059//1916
f 1083//1917 1058//1917 1082//1917
f 1084//1918 1082//1918 1059//1918
f 927//1919 907//1919 1058//1919
f 927//1920 1058//1920 1083//1920
f 1085//1921 1060//1921 932//1921
f 913//1922 911//1922 914//1922
f 1065//1923 911//1923 913//1923
f 1062//1924 1065//1924 913//1924
f 1067//1925 936//1925 916//1925
f 1086//1926 936//1926 1067//1926
f 1087//1927 919//1927 918//1927
f 1087//1928 1088//1928 919//1928
f 1089//1929 1071//1929 1073//1929
f 1090//1930 1072//1930 1071//1930
f 1090//1931 1071//1931 1089//1931
f 1091//1932 1089//1932 1073//1932
f 1091//1933 1073//1933 1074//1933
f 1092//1934 892//1934 1072//1934
f 1092//1935 1075//1935 892//1935
f 1093//1936 1054//1936 1075//1936
f 1094//1937 1075//1937 1092//1937
f 972//1938 1093//1938 1075//1938
f 972//1939 1075//1939 1094//1939
f 1095//1940 1053//1940 1054//1940
f 1095//1941 1054//1941 1093//1941
f 923//1942 943//1942 922//1942
f 1079//1943 1078//1943 1055//1943
f 1096//1944 1078//1944 1079//1944
f 1097//1945 1079//1945 1057//1945
f 1097//1946 1096//1946 1079//1946
f 1096//1947 1098//1947 1078//1947
f 1099//1948 1057//1948 1080//1948
f 975//1949 1081//1949 1046//1949
f 945//1950 975//1950 1046//1950
f 1100//1951 1083//1951 1082//1951
f 1100//1952 1082//1952 1101//1952
f 1101//1953 1082//1953 1084//1953
f 1102//1954 927//1954 1083//1954
f 1102//1955 1083//1955 1100//1955
f 947//1956 927//1956 1102//1956
f 1086//1957 953//1957 936//1957
f 1103//1958 953//1958 1086//1958
f 1104//1959 918//1959 937//1959
f 1105//1960 918//1960 1104//1960
f 1087//1961 918//1961 1105//1961
f 1106//1962 1072//1962 1090//1962
f 1107//1963 1092//1963 1072//1963
f 1107//1964 1072//1964 1106//1964
f 1094//1965 1092//1965 1107//1965
f 971//1966 1095//1966 1093//1966
f 971//1967 1093//1967 972//1967
f 1108//1968 1095//1968 961//1968
f 961//1969 1095//1969 971//1969
f 1053//1970 1095//1970 1108//1970
f 1109//1971 960//1971 943//1971
f 1109//1972 943//1972 923//1972
f 1110//1973 960//1973 1109//1973
f 960//1974 1108//1974 961//1974
f 1076//1975 1109//1975 923//1975
f 1110//1976 1109//1976 1076//1976
f 1111//1977 1076//1977 1077//1977
f 1111//1978 1110//1978 1076//1978
f 1098//1979 1077//1979 1078//1979
f 1111//1980 1077//1980 1098//1980
f 1112//1981 1111//1981 1098//1981
f 1112//1982 1098//1982 1096//1982
f 1113//1983 1099//1983 1080//1983
f 1114//1984 1080//1984 1081//1984
f 1114//1985 1113//1985 1080//1985
f 1115//1986 1099//1986 1113//1986
f 1097//1987 1099//1987 1115//1987
f 1097//1988 1057//1988 1099//1988
f 1114//1989 1081//1989 975//1989
f 1116//1990 1100//1990 1101//1990
f 1116//1991 1101//1991 1117//1991
f 1118//1992 1117//1992 1101//1992
f 1119//1993 1102//1993 1100//1993
f 1119//1994 1100//1994 1116//1994
f 1120//1995 947//1995 1102//1995
f 1120//1996 1102//1996 1119//1996
f 1121//1997 947//1997 1120//1997
f 946//1998 947//1998 1121//1998
f 1122//1999 932//1999 966//1999
f 1123//2000 932//2000 1122//2000
f 1123//2001 1085//2001 932//2001
f 1103//2002 967//2002 953//2002
f 1124//2003 967//2003 1103//2003
f 1104//2004 937//2004 955//2004
f 1125//2005 1087//2005 1105//2005
f 972//2006 1094//2006 1126//2006
f 1107//2007 1126//2007 1094//2007
f 961//2008 971//2008 958//2008
f 961//2009 958//2009 942//2009
f 1127//2010 1113//2010 1114//2010
f 1128//2011 1115//2011 1113//2011
f 1129//2012 1113//2012 1127//2012
f 1129//2013 1128//2013 1113//2013
f 1128//2014 1097//2014 1115//2014
f 1130//2015 1129//2015 1127//2015
f 974//2016 1114//2016 975//2016
f 974//2017 1127//2017 1114//2017
f 1131//2018 1116//2018 1117//2018
f 1132//2019 1131//2019 1117//2019
f 1118//2020 1132//2020 1117//2020
f 1133//2021 1119//2021 1116//2021
f 1133//2022 1116//2022 1131//2022
f 1134//2023 1120//2023 1119//2023
f 1134//2024 1119//2024 1133//2024
f 1135//2025 1121//2025 1120//2025
f 1135//2026 1120//2026 1134//2026
f 1136//2027 946//2027 1121//2027
f 1137//2028 1136//2028 1121//2028
f 1137//2029 1121//2029 1135//2029
f 948//2030 946//2030 1136//2030
f 1138//2031 948//2031 1136//2031
f 1139//2032 1138//2032 1136//2032
f 1139//2033 1136//2033 1137//2033
f 964//2034 948//2034 1138//2034
f 1140//2035 964//2035 1138//2035
f 1141//2036 1140//2036 1138//2036
f 1142//2037 1138//2037 1139//2037
f 1142//2038 1141//2038 1138//2038
f 965//2039 964//2039 1140//2039
f 1143//2040 965//2040 1140//2040
f 1144//2041 1143//2041 1140//2041
f 1144//2042 1140//2042 1141//2042
f 966//2043 965//2043 1143//2043
f 1122//2044 966//2044 1143//2044
f 1123//2045 1122//2045 1143//2045
f 1144//2046 1123//2046 1143//2046
f 1124//2047 977//2047 967//2047
f 1145//2048 977//2048 1124//2048
f 1146//2049 1104//2049 955//2049
f 1147//2050 955//2050 954//2050
f 1146//2051 955//2051 1147//2051
f 968//2052 1147//2052 954//2052
f 1148//2053 968//2053 956//2053
f 1149//2054 956//2054 969//2054
f 1149//2055 1148//2055 956//2055
f 1126//2056 969//2056 970//2056
f 1150//2057 969//2057 1126//2057
f 1150//2058 1149//2058 969//2058
f 972//2059 1126//2059 970//2059
f 1126//2060 1106//2060 1150//2060
f 1151//2061 1150//2061 1106//2061
f 1152//2062 1127//2062 974//2062
f 1153//2063 1127//2063 1152//2063
f 1153//2064 1130//2064 1127//2064
f 1152//2065 974//2065 980//2065
f 1153//2066 1152//2066 1154//2066
f 1155//2067 1133//2067 1131//2067
f 1155//2068 1131//2068 1156//2068
f 1156//2069 1131//2069 1132//2069
f 1157//2070 1134//2070 1133//2070
f 1157//2071 1133//2071 1155//2071
f 1158//2072 1135//2072 1134//2072
f 1158//2073 1134//2073 1157//2073
f 1159//2074 1137//2074 1135//2074
f 1159//2075 1135//2075 1158//2075
f 1142//2076 1139//2076 1137//2076
f 1159//2077 1142//2077 1137//2077
f 1160//2078 989//2078 978//2078
f 1145//2079 1160//2079 978//2079
f 1145//2080 978//2080 977//2080
f 1161//2081 1147//2081 968//2081
f 1162//2082 1146//2082 1147//2082
f 1161//2083 1162//2083 1147//2083
f 1163//2084 1161//2084 968//2084
f 1163//2085 968//2085 1148//2085
f 1163//2086 1148//2086 1149//2086
f 1164//2087 1163//2087 1151//2087
f 1164//2088 1161//2088 1163//2088
f 1150//2089 1163//2089 1149//2089
f 1151//2090 1163//2090 1150//2090
f 992//2091 1152//2091 980//2091
f 1154//2092 1152//2092 992//2092
f 996//2093 986//2093 988//2093
f 1165//2094 996//2094 1166//2094
f 989//2095 996//2095 988//2095
f 1166//2096 996//2096 989//2096
f 1160//2097 1166//2097 989//2097
f 1167//2098 991//2098 990//2098
f 1168//2099 991//2099 1167//2099
f 1169//2100 1168//2100 1167//2100
f 1170//2101 1167//2101 990//2101
f 1170//2102 990//2102 993//2102
f 1171//2103 1167//2103 1170//2103
f 1172//2104 1169//2104 1167//2104
f 1172//2105 1167//2105 1171//2105
f 1173//2106 1170//2106 993//2106
f 1173//2107 993//2107 994//2107
f 1173//2108 1171//2108 1170//2108
f 1174//2109 1173//2109 994//2109
f 1174//2110 994//2110 995//2110
f 1175//2111 1173//2111 1174//2111
f 997//2112 1174//2112 995//2112
f 1165//2113 1174//2113 997//2113
f 1165//2114 1175//2114 1174//2114
f 1165//2115 997//2115 996//2115
f 1006//2116 191//2116 192//2116
f 1009//2117 1005//2117 63//2117
f 1176//2118 1006//2118 506//2118
f 1017//2119 1176//2119 506//2119
f 1177//2120 515//2120 516//2120
f 1177//2121 516//2121 1009//2121
f 1178//2122 1177//2122 1009//2122
f 1179//2123 1009//2123 63//2123
f 1178//2124 1009//2124 1179//2124
f 1180//2125 1176//2125 1017//2125
f 520//2126 515//2126 1177//2126
f 1029//2127 520//2127 1177//2127
f 1029//2128 1177//2128 1178//2128
f 1180//2129 1017//2129 1020//2129
f 1019//2130 1180//2130 1020//2130
f 1181//2131 1176//2131 1180//2131
f 1182//2132 1181//2132 1180//2132
f 1182//2133 1180//2133 1019//2133
f 1183//2134 1028//2134 1029//2134
f 1184//2135 1185//2135 1186//2135
f 1187//2136 1186//2136 1185//2136
f 1188//2137 1184//2137 1186//2137
f 1189//2138 1186//2138 1187//2138
f 1189//2139 1190//2140 1186//2139
f 1188//2141 1186//2141 1190//2142
f 1191//2143 1185//2143 1184//2143
f 1191//2144 1187//2144 1185//2144
f 1192//2145 1191//2145 1184//2145
f 1193//2146 1192//2146 1184//2146
f 1193//2147 1184//2147 1188//2147
f 1194//2148 1187//2148 1191//2148
f 1195//2149 1189//2149 1187//2149
f 1196//2150 1195//2150 1187//2150
f 1197//2151 1196//2151 1187//2151
f 1198//2152 1197//2153 1187//2153
f 1199//2154 1198//2155 1187//2154
f 1200//2156 1199//2156 1187//2156
f 1201//2157 1200//2157 1187//2157
f 1194//2158 1201//2158 1187//2158
f 1043//2159 601//2159 605//2159
f 1202//2160 601//2160 1043//2160
f 1202//2161 594//2161 601//2161
f 1202//2162 1043//2162 1203//2162
f 1203//2163 1043//2163 1042//2163
f 1202//2164 598//2164 594//2164
f 584//2165 587//2165 598//2165
f 1204//2166 584//2166 598//2166
f 1204//2167 598//2167 1202//2167
f 1205//2168 576//2168 584//2168
f 1205//2169 584//2169 1204//2169
f 1206//2170 576//2170 1205//2170
f 572//2171 576//2171 1206//2171
f 561//2172 569//2172 1207//2172
f 562//2173 561//2173 1207//2173
f 1208//2174 562//2174 1207//2174
f 559//2175 562//2175 1208//2175
f 1209//2176 842//2176 841//2176
f 1210//2177 843//2177 842//2177
f 1211//2178 842//2178 1209//2178
f 1211//2179 1210//2179 842//2179
f 1210//2180 844//2180 843//2180
f 1212//2181 818//2181 819//2181
f 822//2182 1212//2182 819//2182
f 811//2183 812//2183 1048//2183
f 1030//2184 901//2184 919//2184
f 1213//2185 1191//2186 1192//2186
f 1214//2187 1191//2188 1213//2189
f 1214//2190 1194//2191 1191//2191
f 1215//2192 1213//2193 1192//2192
f 1216//2194 1215//2194 1192//2194
f 1216//2195 1192//2195 1193//2195
f 1033//2196 1070//2196 1032//2197
f 1217//2198 1070//2198 1033//2198
f 1069//2199 1070//2199 1217//2199
f 1217//2200 1033//2200 1034//2200
f 1218//2201 1034//2201 1035//2201
f 1218//2202 1217//2202 1034//2202
f 1219//2203 1035//2203 1036//2203
f 1219//2204 1218//2204 1035//2204
f 1200//2205 1219//2205 1036//2205
f 1220//2206 1200//2206 1036//2206
f 1221//2207 1036//2207 1037//2207
f 1221//2208 1220//2208 1036//2208
f 1222//2209 1221//2209 1037//2209
f 1222//2210 1037//2210 1038//2210
f 1223//2211 1038//2211 1039//2211
f 1223//2212 1222//2212 1038//2212
f 1224//2213 1223//2213 1039//2213
f 1031//2214 1224//2214 1039//2214
f 1225//2215 1204//2215 1202//2215
f 1205//2216 1204//2216 1225//2216
f 1226//2217 572//2217 1206//2217
f 1226//2218 569//2218 572//2218
f 1207//2219 569//2219 1226//2219
f 1059//2220 559//2220 1208//2220
f 1059//2221 556//2221 559//2221
f 1227//2222 1211//2222 1209//2222
f 1060//2223 1209//2223 841//2223
f 1061//2224 818//2224 1212//2224
f 1064//2225 1228//2225 1066//2225
f 1048//2226 1066//2226 1228//2226
f 1229//2227 1228//2227 1064//2227
f 1229//2228 1048//2228 1228//2228
f 1230//2229 1064//2229 1065//2229
f 1230//2230 1229//2230 1064//2230
f 1229//2231 811//2231 1048//2231
f 1183//2232 1067//2232 1028//2232
f 1231//2233 1067//2233 1183//2233
f 1088//2234 1030//2234 919//2234
f 1232//2235 1030//2235 1088//2235
f 1214//2236 1213//2237 1215//2238
f 1233//2239 1234//2239 1213//2240
f 1235//2241 1233//2241 1213//2242
f 1214//2243 1213//2244 1234//2245
f 1214//2246 1235//2247 1213//2248
f 1214//2249 1215//2250 1216//2250
f 1074//2251 1069//2251 1234//2251
f 1236//2252 1203//2252 1042//2252
f 1052//2253 1236//2253 1042//2253
f 1237//2254 1202//2254 1203//2254
f 1237//2255 1203//2255 1236//2255
f 1237//2256 1225//2256 1202//2256
f 1238//2257 1225//2257 1237//2257
f 1238//2258 1205//2258 1225//2258
f 1239//2259 1206//2259 1205//2259
f 1239//2260 1205//2260 1238//2260
f 1207//2261 1226//2261 1240//2261
f 1084//2262 1059//2262 1208//2262
f 1227//2263 1209//2263 1060//2263
f 1241//2264 1060//2264 1085//2264
f 1241//2265 1227//2265 1060//2265
f 1242//2266 1061//2266 1212//2266
f 1243//2267 1061//2267 1242//2267
f 1062//2268 1061//2268 1243//2268
f 1244//2269 1242//2269 1212//2269
f 1245//2270 1244//2270 1212//2270
f 1245//2271 1212//2271 822//2271
f 1246//2272 1065//2272 1062//2272
f 1246//2273 1230//2273 1065//2273
f 1247//2274 1086//2274 1067//2274
f 1248//2275 1088//2275 1087//2275
f 1249//2276 1232//2276 1088//2276
f 1249//2277 1088//2277 1248//2277
f 1250//2278 1234//2278 1233//2278
f 1091//2279 1074//2279 1234//2279
f 1091//2280 1234//2280 1250//2280
f 1251//2281 1250//2281 1233//2281
f 1252//2282 1251//2282 1233//2282
f 1252//2283 1233//2283 1235//2283
f 1069//2284 1214//2285 1234//2284
f 960//2286 1236//2286 1052//2286
f 1110//2287 1236//2287 960//2287
f 1108//2288 1052//2288 1053//2288
f 960//2289 1052//2289 1108//2289
f 1110//2290 1237//2290 1236//2290
f 1111//2291 1237//2291 1110//2291
f 1111//2292 1238//2292 1237//2292
f 1112//2293 1238//2293 1111//2293
f 1253//2294 1239//2294 1238//2294
f 1253//2295 1238//2295 1112//2295
f 1254//2296 1206//2296 1239//2296
f 1254//2297 1239//2297 1253//2297
f 1255//2298 1226//2298 1206//2298
f 1255//2299 1206//2299 1254//2299
f 1240//2300 1226//2300 1255//2300
f 1256//2301 1241//2301 1085//2301
f 1257//2302 1242//2302 1244//2302
f 1246//2303 1243//2303 1242//2303
f 1257//2304 1246//2304 1242//2304
f 1257//2305 1244//2305 1245//2305
f 1246//2306 1062//2306 1243//2306
f 1247//2307 1103//2307 1086//2307
f 1258//2308 1103//2308 1247//2308
f 1259//2309 1087//2309 1125//2309
f 1248//2310 1087//2310 1259//2310
f 1260//2311 1091//2311 1250//2311
f 1261//2312 1260//2312 1250//2312
f 1251//2313 1261//2313 1250//2313
f 1089//2314 1091//2314 1260//2314
f 1253//2315 1112//2315 1096//2315
f 1253//2316 1096//2316 1097//2316
f 1128//2317 1254//2317 1253//2317
f 1128//2318 1255//2318 1254//2318
f 1129//2319 1240//2319 1255//2319
f 1129//2320 1255//2320 1128//2320
f 1262//2321 1207//2321 1240//2321
f 1262//2322 1240//2322 1129//2322
f 1263//2323 1208//2323 1207//2323
f 1263//2324 1207//2324 1262//2324
f 1264//2325 1084//2325 1208//2325
f 1264//2326 1208//2326 1263//2326
f 1118//2327 1101//2327 1084//2327
f 1118//2328 1084//2328 1264//2328
f 1265//2329 1085//2329 1123//2329
f 1265//2330 1256//2330 1085//2330
f 1266//2331 1103//2331 1258//2331
f 1266//2332 1124//2332 1103//2332
f 1267//2333 1248//2333 1259//2333
f 1268//2334 1089//2334 1260//2334
f 1269//2335 1268//2335 1260//2335
f 1270//2336 1269//2336 1260//2336
f 1261//2337 1270//2337 1260//2337
f 1271//2338 1090//2338 1089//2338
f 1271//2339 1089//2339 1268//2339
f 1106//2340 1090//2340 1271//2340
f 1128//2341 1253//2341 1097//2341
f 1130//2342 1262//2342 1129//2342
f 1153//2343 1263//2343 1262//2343
f 1153//2344 1262//2344 1130//2344
f 1153//2345 1264//2345 1263//2345
f 1154//2346 1118//2346 1264//2346
f 1154//2347 1264//2347 1153//2347
f 1132//2348 1118//2348 1154//2348
f 1265//2349 1123//2349 1144//2349
f 1272//2350 1124//2350 1266//2350
f 1272//2351 1145//2351 1124//2351
f 1151//2352 1271//2352 1268//2352
f 1273//2353 1151//2353 1268//2353
f 1269//2354 1273//2354 1268//2354
f 1151//2355 1106//2355 1271//2355
f 1126//2356 1107//2356 1106//2356
f 992//2357 1132//2357 1154//2357
f 1274//2358 1132//2358 992//2358
f 1156//2359 1132//2359 1274//2359
f 1142//2360 1275//2360 1141//2360
f 1276//2361 1275//2361 1142//2361
f 1276//2362 1277//2362 1275//2362
f 1276//2363 1142//2363 1159//2363
f 1144//2364 1141//2364 1275//2364
f 1277//2365 1144//2365 1275//2365
f 1277//2366 1265//2366 1144//2366
f 1278//2367 1160//2367 1145//2367
f 1272//2368 1278//2368 1145//2368
f 1279//2369 1105//2369 1104//2369
f 1280//2370 1104//2370 1146//2370
f 1279//2371 1104//2371 1280//2371
f 1279//2372 1125//2372 1105//2372
f 1281//2373 1125//2373 1279//2373
f 1267//2374 1259//2374 1125//2374
f 1282//2375 1267//2375 1125//2375
f 1282//2376 1125//2376 1281//2376
f 1164//2377 1151//2377 1273//2377
f 1168//2378 1274//2378 992//2378
f 991//2379 1168//2379 992//2379
f 1283//2380 1156//2380 1274//2380
f 1169//2381 1283//2381 1274//2381
f 1169//2382 1274//2382 1168//2382
f 1155//2383 1156//2383 1283//2383
f 1284//2384 1155//2384 1283//2384
f 1285//2385 1284//2385 1283//2385
f 1286//2386 1283//2386 1169//2386
f 1285//2387 1283//2387 1286//2387
f 1157//2388 1155//2388 1284//2388
f 1287//2389 1157//2389 1284//2389
f 1288//2390 1287//2390 1284//2390
f 1285//2391 1288//2391 1284//2391
f 1158//2392 1157//2392 1287//2392
f 1288//2393 1158//2393 1287//2393
f 1289//2394 1159//2394 1158//2394
f 1288//2395 1290//2395 1158//2395
f 1289//2396 1158//2396 1290//2396
f 1276//2397 1159//2397 1289//2397
f 1291//2398 1166//2398 1292//2398
f 1278//2399 1166//2399 1160//2399
f 1278//2400 1292//2400 1166//2400
f 1293//2401 1280//2401 1146//2401
f 1293//2402 1146//2402 1162//2402
f 1294//2403 1279//2403 1280//2403
f 1295//2404 1280//2404 1293//2404
f 1295//2405 1294//2405 1280//2405
f 1294//2406 1281//2406 1279//2406
f 1164//2407 1293//2407 1162//2407
f 1164//2408 1162//2408 1161//2408
f 1273//2409 1293//2409 1164//2409
f 1273//2410 1295//2410 1293//2410
f 1296//2411 1169//2411 1172//2411
f 1296//2412 1286//2412 1169//2412
f 1297//2413 1175//2413 1165//2413
f 1291//2414 1297//2414 1165//2414
f 1291//2415 1165//2415 1166//2415
f 1298//2416 1171//2416 1173//2416
f 1296//2417 1172//2417 1171//2417
f 1299//2418 1171//2418 1298//2418
f 1299//2419 1296//2419 1171//2419
f 1175//2420 1298//2420 1173//2420
f 1299//2421 1298//2421 1175//2421
f 1297//2422 1299//2422 1175//2422
f 1179//2423 63//2423 67//2423
f 1300//2424 1179//2424 67//2424
f 1300//2425 67//2425 70//2425
f 191//2426 1006//2426 1301//2426
f 1302//2427 1178//2427 1179//2427
f 1302//2428 1179//2428 1300//2428
f 1303//2429 1006//2429 1176//2429
f 1303//2430 1301//2430 1006//2430
f 1304//2431 1301//2431 1303//2431
f 1304//2432 191//2432 1301//2432
f 1305//2433 1303//2433 1176//2433
f 1306//2434 1303//2434 1305//2434
f 1307//2435 1304//2435 1303//2435
f 1306//2436 1307//2436 1303//2436
f 1308//2437 1029//2437 1178//2437
f 1308//2438 1178//2438 1302//2438
f 1305//2439 1176//2439 1181//2439
f 1182//2440 1305//2440 1181//2440
f 1309//2441 1305//2441 1182//2441
f 1309//2442 1306//2442 1305//2442
f 1189//2443 1310//2443 1190//2444
f 1311//2445 1190//2446 1310//2445
f 1188//2447 1190//2448 1311//2447
f 1189//2449 1312//2449 1310//2449
f 1313//2450 1310//2450 1312//2450
f 1314//2451 1311//2451 1310//2451
f 1315//2452 1314//2452 1310//2452
f 1316//2453 1315//2453 1310//2453
f 1317//2454 1316//2454 1310//2454
f 1318//2455 1317//2455 1310//2455
f 1319//2456 1318//2456 1310//2456
f 1320//2457 1319//2457 1310//2457
f 1320//2458 1310//2458 1321//2458
f 1321//2459 1322//2459 1320//2459
f 1323//2460 1321//2460 1310//2460
f 1324//2461 1323//2461 1310//2461
f 1325//2462 1324//2462 1310//2462
f 1313//2463 1325//2463 1310//2463
f 1195//2464 1312//2464 1189//2464
f 1313//2465 1312//2465 1195//2465
f 838//2466 837//2466 845//2466
f 1326//2467 845//2467 846//2467
f 827//2468 1327//2468 845//2468
f 838//2469 845//2469 1327//2469
f 1326//2470 827//2470 845//2470
f 1210//2471 846//2471 844//2471
f 1328//2472 846//2472 1210//2472
f 1328//2473 1326//2473 846//2473
f 1329//2474 1029//2474 1308//2474
f 1183//2475 1029//2475 1329//2475
f 1330//2476 1182//2476 1019//2476
f 1330//2477 1019//2477 1030//2477
f 1331//2478 1182//2478 1330//2478
f 1331//2479 1309//2479 1182//2479
f 1332//2480 1188//2480 1311//2480
f 1333//2481 1332//2481 1311//2481
f 1333//2482 1311//2482 1314//2482
f 1193//2483 1188//2483 1332//2483
f 1334//2484 1193//2484 1332//2484
f 1334//2485 1332//2485 1333//2485
f 1335//2486 1195//2486 1196//2486
f 1335//2487 1313//2487 1195//2487
f 1335//2488 1196//2488 1197//2488
f 1336//2489 1197//2489 1198//2490
f 1337//2491 1197//2491 1336//2491
f 1338//2492 1339//2492 1197//2492
f 1335//2493 1197//2493 1339//2493
f 1338//2494 1197//2494 1337//2494
f 1336//2495 1198//2496 1340//2495
f 1340//2497 1198//2498 1222//2497
f 1222//2499 1198//2500 1199//2499
f 1222//2501 1199//2501 1221//2501
f 1220//2502 1221//2502 1199//2502
f 1220//2503 1199//2503 1200//2503
f 1219//2504 1200//2504 1201//2504
f 1218//2505 1201//2505 1194//2505
f 1219//2506 1201//2506 1218//2506
f 1341//2507 1194//2507 1214//2508
f 1218//2509 1194//2509 1341//2509
f 1342//2510 825//2510 1210//2510
f 824//2511 1210//2511 825//2511
f 1211//2512 1342//2512 1210//2512
f 824//2513 1328//2513 1210//2513
f 822//2514 825//2514 1342//2514
f 809//2515 810//2515 811//2515
f 1343//2516 809//2516 811//2516
f 1344//2517 1216//2517 1193//2517
f 1334//2518 1344//2518 1193//2518
f 1069//2519 1217//2519 1341//2519
f 1218//2520 1341//2520 1217//2520
f 1227//2521 1342//2521 1211//2521
f 1343//2522 811//2522 1229//2522
f 1345//2523 1229//2523 1230//2523
f 1345//2524 1343//2524 1229//2524
f 1346//2525 1231//2525 1183//2525
f 1347//2526 1231//2526 1346//2526
f 1330//2527 1030//2527 1232//2527
f 1348//2528 1331//2528 1330//2528
f 1348//2529 1330//2529 1232//2529
f 1349//2530 1235//2530 1216//2530
f 1214//2531 1216//2532 1235//2532
f 1350//2533 1349//2533 1216//2533
f 1344//2534 1350//2534 1216//2534
f 1069//2535 1341//2535 1214//2536
f 1351//2537 1342//2537 1227//2537
f 1245//2538 822//2538 1342//2538
f 1245//2539 1342//2539 1351//2539
f 1352//2540 1227//2540 1241//2540
f 1351//2541 1227//2541 1352//2541
f 1345//2542 1230//2542 1353//2542
f 1353//2543 1230//2543 1246//2543
f 1231//2544 1247//2544 1067//2544
f 1347//2545 1247//2545 1231//2545
f 1354//2546 1247//2546 1347//2546
f 1252//2547 1235//2547 1349//2547
f 1355//2548 1252//2548 1349//2548
f 1356//2549 1355//2549 1349//2549
f 1356//2550 1349//2550 1350//2550
f 1357//2551 1351//2551 1352//2551
f 1256//2552 1352//2552 1241//2552
f 1358//2553 1245//2553 1351//2553
f 1358//2554 1351//2554 1357//2554
f 1359//2555 1245//2555 1358//2555
f 1257//2556 1245//2556 1359//2556
f 1360//2557 1246//2557 1257//2557
f 1360//2558 1353//2558 1246//2558
f 1361//2559 1258//2559 1247//2559
f 1354//2560 1361//2560 1247//2560
f 1362//2561 1232//2561 1249//2561
f 1363//2562 1251//2562 1252//2562
f 1364//2563 1363//2563 1252//2563
f 1355//2564 1364//2564 1252//2564
f 1365//2565 1352//2565 1256//2565
f 1366//2566 1357//2566 1352//2566
f 1366//2567 1352//2567 1365//2567
f 1265//2568 1365//2568 1256//2568
f 1367//2569 1358//2569 1357//2569
f 1368//2570 1357//2570 1366//2570
f 1368//2571 1369//2571 1357//2571
f 1367//2572 1357//2572 1369//2572
f 1370//2573 1359//2573 1358//2573
f 1367//2574 1370//2574 1358//2574
f 1370//2575 1257//2575 1359//2575
f 1370//2576 1360//2576 1257//2576
f 1371//2577 1266//2577 1258//2577
f 1267//2578 1249//2578 1248//2578
f 1372//2579 1362//2579 1249//2579
f 1373//2580 1270//2580 1251//2580
f 1261//2581 1251//2581 1270//2581
f 1374//2582 1373//2582 1251//2582
f 1363//2583 1374//2583 1251//2583
f 1375//2584 1365//2584 1265//2584
f 1368//2585 1366//2585 1365//2585
f 1375//2586 1368//2586 1365//2586
f 1376//2587 1265//2587 1277//2587
f 1376//2588 1375//2588 1265//2588
f 1377//2589 1272//2589 1266//2589
f 1371//2590 1377//2590 1266//2590
f 1372//2591 1249//2591 1267//2591
f 1295//2592 1273//2592 1270//2592
f 1269//2593 1270//2593 1273//2593
f 1378//2594 1295//2594 1270//2594
f 1373//2595 1378//2595 1270//2595
f 1376//2596 1277//2596 1276//2596
f 1377//2597 1278//2597 1272//2597
f 1379//2598 1278//2598 1377//2598
f 1372//2599 1267//2599 1282//2599
f 1288//2600 1289//2600 1290//2600
f 1380//2601 1289//2601 1288//2601
f 1381//2602 1276//2602 1289//2602
f 1380//2603 1381//2603 1289//2603
f 1380//2604 1288//2604 1285//2604
f 1376//2605 1276//2605 1381//2605
f 1379//2606 1292//2606 1278//2606
f 1382//2607 1292//2607 1379//2607
f 1383//2608 1282//2608 1281//2608
f 1384//2609 1281//2609 1294//2609
f 1384//2610 1383//2610 1281//2610
f 1385//2611 1282//2611 1383//2611
f 1378//2612 1294//2612 1295//2612
f 1378//2613 1384//2613 1294//2613
f 1285//2614 1286//2614 1386//2614
f 1296//2615 1386//2615 1286//2615
f 1387//2616 1285//2616 1386//2616
f 1388//2617 1386//2617 1296//2617
f 1388//2618 1387//2618 1386//2618
f 1387//2619 1380//2619 1285//2619
f 1389//2620 1297//2620 1291//2620
f 1382//2621 1389//2621 1291//2621
f 1382//2622 1291//2622 1292//2622
f 1390//2623 1296//2623 1299//2623
f 1388//2624 1296//2624 1390//2624
f 1391//2625 1390//2625 1299//2625
f 1389//2626 1299//2626 1297//2626
f 1389//2627 1391//2627 1299//2627
f 1304//2628 190//2628 191//2628
f 1392//2629 190//2629 1304//2629
f 1392//2630 189//2630 190//2630
f 1393//2631 1302//2631 1300//2631
f 1392//2632 1304//2632 1307//2632
f 1394//2633 1307//2633 1306//2633
f 1308//2634 1302//2634 1393//2634
f 1395//2635 1306//2635 1309//2635
f 1395//2636 1394//2636 1306//2636
f 1396//2637 1314//2637 1315//2637
f 1333//2638 1314//2638 1396//2638
f 1396//2639 1315//2639 1316//2639
f 1397//2640 1316//2640 1317//2640
f 1398//2641 1396//2641 1316//2641
f 1397//2642 1398//2642 1316//2642
f 1399//2643 1317//2643 1318//2643
f 1399//2644 1397//2644 1317//2644
f 1400//2645 1318//2645 1319//2645
f 1400//2646 1399//2646 1318//2646
f 1401//2647 1400//2647 1319//2647
f 1401//2648 1319//2648 1320//2648
f 1402//2649 1320//2649 1322//2649
f 1402//2650 1401//2650 1320//2650
f 1321//2651 1403//2651 1322//2651
f 1404//2652 1322//2652 1403//2652
f 1404//2653 1402//2653 1322//2653
f 1321//2654 1405//2654 1403//2654
f 1406//2655 1403//2655 1405//2655
f 1406//2656 1404//2656 1403//2656
f 1407//2657 1405//2657 1321//2657
f 1407//2658 1406//2658 1405//2658
f 1408//2659 1321//2659 1323//2659
f 1408//2660 1407//2660 1321//2660
f 1409//2661 1323//2661 1324//2661
f 1409//2662 1408//2662 1323//2662
f 1325//2663 1409//2663 1324//2663
f 875//2664 873//2664 872//2664
f 828//2665 835//2665 1327//2665
f 834//2666 1327//2666 835//2666
f 827//2667 828//2667 1327//2667
f 838//2668 1327//2668 834//2668
f 828//2669 833//2669 835//2669
f 836//2670 834//2670 835//2670
f 828//2671 1410//2671 833//2671
f 832//2672 833//2672 1410//2672
f 828//2673 1411//2673 1410//2673
f 831//2674 1410//2674 1411//2674
f 831//2675 832//2675 1410//2675
f 828//2676 830//2676 1411//2676
f 831//2677 1411//2677 830//2677
f 828//2678 829//2678 830//2678
f 1328//2679 827//2679 1326//2679
f 826//2680 827//2680 1328//2680
f 1395//2681 1309//2681 1331//2681
f 1398//2682 1333//2682 1396//2682
f 1412//2683 1334//2683 1333//2683
f 1398//2684 1412//2684 1333//2684
f 826//2685 1328//2685 824//2685
f 808//2686 809//2686 1343//2686
f 1329//2687 1346//2687 1183//2687
f 1413//2688 1346//2688 1329//2688
f 1414//2689 1334//2689 1412//2689
f 1413//2690 1347//2690 1346//2690
f 1415//2691 1331//2691 1348//2691
f 1415//2692 1416//2692 1331//2692
f 1417//2693 1350//2693 1334//2693
f 1344//2694 1334//2694 1350//2694
f 1418//2695 1417//2695 1334//2695
f 1418//2696 1334//2696 1414//2696
f 1419//2697 1345//2697 1353//2697
f 1420//2698 1419//2698 1353//2698
f 1419//2699 1343//2699 1345//2699
f 1413//2700 1354//2700 1347//2700
f 1421//2701 1354//2701 1413//2701
f 1422//2702 1356//2702 1350//2702
f 1417//2703 1422//2703 1350//2703
f 1423//2704 1353//2704 1360//2704
f 1423//2705 1420//2705 1353//2705
f 1421//2706 1361//2706 1354//2706
f 1424//2707 1361//2707 1421//2707
f 1424//2708 1258//2708 1361//2708
f 1362//2709 1348//2709 1232//2709
f 1425//2710 1348//2710 1362//2710
f 1425//2711 1415//2711 1348//2711
f 1355//2712 1356//2712 1364//2712
f 1426//2713 1356//2713 1422//2713
f 1360//2714 1370//2714 1427//2714
f 1427//2715 1370//2715 1367//2715
f 1428//2716 1371//2716 1258//2716
f 1424//2717 1428//2717 1258//2717
f 1429//2718 1362//2718 1372//2718
f 1429//2719 1425//2719 1362//2719
f 1426//2720 1364//2720 1356//2720
f 1363//2721 1364//2721 1374//2721
f 1430//2722 1364//2722 1426//2722
f 1431//2723 1368//2723 1375//2723
f 1431//2724 1369//2724 1368//2724
f 1432//2725 1427//2725 1367//2725
f 1369//2726 1432//2726 1367//2726
f 1377//2727 1371//2727 1428//2727
f 1433//2728 1429//2728 1372//2728
f 1434//2729 1378//2729 1374//2729
f 1373//2730 1374//2730 1378//2730
f 1435//2731 1434//2731 1374//2731
f 1364//2732 1435//2732 1374//2732
f 1436//2733 1375//2733 1376//2733
f 1431//2734 1375//2734 1436//2734
f 1437//2735 1436//2735 1376//2735
f 1438//2736 1379//2736 1377//2736
f 1385//2737 1372//2737 1282//2737
f 1439//2738 1372//2738 1385//2738
f 1439//2739 1433//2739 1372//2739
f 1378//2740 1434//2740 1384//2740
f 1435//2741 1384//2741 1434//2741
f 1440//2742 1376//2742 1381//2742
f 1441//2743 1381//2743 1380//2743
f 1441//2744 1440//2744 1381//2744
f 1440//2745 1437//2745 1376//2745
f 1438//2746 1442//2746 1379//2746
f 1443//2747 1385//2747 1383//2747
f 1435//2748 1383//2748 1384//2748
f 1435//2749 1443//2749 1383//2749
f 1443//2750 1439//2750 1385//2750
f 1444//2751 1380//2751 1387//2751
f 1441//2752 1380//2752 1444//2752
f 1445//2753 1444//2753 1387//2753
f 1446//2754 1387//2754 1388//2754
f 1446//2755 1445//2755 1387//2755
f 1447//2756 1389//2756 1382//2756
f 1391//2757 1389//2757 1447//2757
f 1379//2758 1448//2758 1382//2758
f 1446//2759 1388//2759 1390//2759
f 1449//2760 1390//2760 1391//2760
f 1449//2761 1446//2761 1390//2761
f 1450//2762 189//2762 1392//2762
f 1450//2763 188//2763 189//2763
f 1451//2764 1300//2764 70//2764
f 1451//2765 70//2765 73//2765
f 1452//2766 1450//2766 1392//2766
f 1451//2767 1393//2767 1300//2767
f 1452//2768 1392//2768 1307//2768
f 1453//2769 1393//2769 1451//2769
f 1454//2770 1307//2770 1394//2770
f 1455//2771 1452//2771 1307//2771
f 1454//2772 1455//2772 1307//2772
f 1456//2773 1308//2773 1393//2773
f 1456//2774 1393//2774 1453//2774
f 1457//2775 1394//2775 1395//2775
f 1457//2776 1454//2776 1394//2776
f 1456//2777 1329//2777 1308//2777
f 1458//2778 1329//2778 1456//2778
f 1459//2779 1412//2779 1398//2779
f 1459//2780 1398//2780 1397//2780
f 875//2781 871//2781 873//2781
f 868//2782 873//2783 871//2783
f 874//2784 870//2784 871//2784
f 875//2785 874//2785 871//2785
f 807//2786 808//2786 1343//2786
f 1458//2787 1413//2787 1329//2787
f 1416//2788 1395//2788 1331//2788
f 1416//2789 1457//2789 1395//2789
f 1460//2790 1414//2790 1412//2790
f 1461//2791 1460//2791 1412//2791
f 1461//2792 1412//2792 1459//2792
f 789//2793 807//2794 1343//2794
f 1462//2795 789//2796 1343//2795
f 1462//2797 1343//2797 1419//2797
f 1463//2798 1413//2798 1458//2798
f 1464//2799 1413//2799 1463//2799
f 1465//2800 1416//2800 1415//2800
f 1461//2801 1414//2801 1460//2801
f 1466//2802 1418//2802 1414//2802
f 1466//2803 1414//2803 1461//2803
f 1462//2804 1419//2804 1420//2804
f 1464//2805 1421//2805 1413//2805
f 1417//2806 1418//2806 1422//2806
f 1467//2807 1422//2807 1418//2807
f 1467//2808 1418//2808 1466//2808
f 1468//2809 1420//2809 1423//2809
f 1468//2810 1462//2810 1420//2810
f 1469//2811 1468//2811 1423//2811
f 1469//2812 1423//2812 1360//2812
f 1470//2813 1424//2813 1421//2813
f 1470//2814 1421//2814 1464//2814
f 1471//2815 1415//2815 1425//2815
f 1471//2816 1465//2816 1415//2816
f 1472//2817 1426//2817 1422//2817
f 1472//2818 1422//2818 1467//2818
f 1473//2819 1360//2819 1427//2819
f 1474//2820 1427//2820 1432//2820
f 1474//2821 1473//2821 1427//2821
f 1473//2822 1469//2822 1360//2822
f 1470//2823 1428//2823 1424//2823
f 1475//2824 1425//2824 1429//2824
f 1475//2825 1471//2825 1425//2825
f 1476//2826 1432//2826 1369//2826
f 1476//2827 1474//2827 1432//2827
f 1476//2828 1369//2828 1431//2828
f 1477//2829 1377//2829 1428//2829
f 1477//2830 1428//2830 1470//2830
f 1433//2831 1475//2831 1429//2831
f 1478//2832 1430//2832 1426//2832
f 1364//2833 1430//2833 1435//2833
f 1479//2834 1435//2834 1430//2834
f 1479//2835 1430//2835 1478//2835
f 1480//2836 1436//2836 1437//2836
f 1480//2837 1437//2837 1440//2837
f 1477//2838 1438//2838 1377//2838
f 1481//2839 1433//2839 1439//2839
f 1479//2840 1482//2840 1435//2840
f 1480//2841 1440//2841 1483//2841
f 1483//2842 1440//2842 1441//2842
f 1484//2843 1379//2843 1442//2843
f 1448//2844 1379//2844 1484//2844
f 1485//2845 1439//2845 1443//2845
f 1485//2846 1481//2846 1439//2846
f 1482//2847 1443//2847 1435//2847
f 1482//2848 1485//2848 1443//2848
f 1486//2849 1444//2849 1445//2849
f 1441//2850 1444//2850 1486//2850
f 1487//2851 1447//2851 1382//2851
f 1448//2852 1487//2852 1382//2852
f 1488//2853 1391//2853 1447//2853
f 1489//2854 1490//2854 1446//2854
f 1489//2855 1446//2855 1449//2855
f 1445//2856 1446//2856 1490//2856
f 1488//2857 1449//2857 1391//2857
f 1491//2858 1449//2858 1488//2858
f 1492//2859 1449//2859 1491//2859
f 1493//2860 188//2860 1450//2860
f 1493//2861 187//2861 188//2861
f 1494//2862 1451//2862 73//2862
f 1494//2863 73//2863 72//2863
f 1495//2864 1452//2864 1455//2864
f 1495//2865 1450//2865 1452//2865
f 1494//2866 1453//2866 1451//2866
f 1496//2867 1453//2867 1494//2867
f 1456//2868 1453//2868 1496//2868
f 1497//2869 1454//2869 1457//2869
f 1498//2870 1455//2870 1454//2870
f 1497//2871 1498//2871 1454//2871
f 775//2872 774//2872 784//2872
f 1499//2873 784//2873 785//2873
f 1499//2874 1500//2874 784//2874
f 775//2875 784//2875 1500//2875
f 1501//2876 785//2876 781//2876
f 1502//2877 1499//2877 785//2877
f 1502//2878 785//2878 1501//2878
f 789//2879 1501//2880 781//2880
f 1503//2881 1497//2881 1457//2881
f 1504//2882 1459//2882 1397//2882
f 1504//2883 1397//2883 1399//2883
f 868//2884 864//2885 865//2885
f 868//2886 869//2887 864//2887
f 1505//2888 1457//2888 1416//2888
f 1505//2889 1503//2889 1457//2889
f 1506//2890 1461//2890 1459//2890
f 1506//2891 1459//2891 1504//2891
f 1507//2892 789//2893 1462//2892
f 788//2894 807//2895 789//2896
f 1507//2897 788//2898 789//2899
f 1508//2900 1463//2900 1458//2900
f 1509//2901 1416//2901 1465//2901
f 1509//2902 1505//2902 1416//2902
f 1510//2903 1507//2903 1462//2903
f 1510//2904 1462//2904 1468//2904
f 1511//2905 1464//2905 1463//2905
f 1512//2906 1509//2906 1465//2906
f 1513//2907 1466//2907 1461//2907
f 1513//2908 1461//2908 1506//2908
f 1514//2909 1467//2909 1466//2909
f 1514//2910 1466//2910 1513//2910
f 1510//2911 1468//2911 1469//2911
f 1515//2912 1510//2912 1469//2912
f 1515//2913 1469//2913 1473//2913
f 1511//2914 1470//2914 1464//2914
f 1516//2915 1470//2915 1511//2915
f 1471//2916 1512//2916 1465//2916
f 1517//2917 1515//2917 1473//2917
f 1517//2918 1473//2918 1474//2918
f 1516//2919 1518//2919 1470//2919
f 1518//2920 1477//2920 1470//2920
f 1519//2921 1472//2921 1467//2921
f 1519//2922 1467//2922 1514//2922
f 1426//2923 1472//2923 1478//2923
f 1478//2924 1472//2924 1519//2924
f 1520//2925 1474//2925 1476//2925
f 1520//2926 1517//2926 1474//2926
f 1520//2927 1476//2927 1431//2927
f 1521//2928 1475//2928 1433//2928
f 1522//2929 1479//2929 1478//2929
f 1523//2930 1431//2930 1436//2930
f 1523//2931 1520//2931 1431//2931
f 1524//2932 1436//2932 1480//2932
f 1524//2933 1523//2933 1436//2933
f 1525//2934 1442//2934 1438//2934
f 1477//2935 1525//2935 1438//2935
f 1521//2936 1433//2936 1481//2936
f 1482//2937 1479//2937 1485//2937
f 1485//2938 1479//2938 1522//2938
f 1526//2939 1483//2939 1441//2939
f 1526//2940 1527//2940 1483//2940
f 1528//2941 1480//2941 1483//2941
f 1527//2942 1528//2942 1483//2942
f 1528//2943 1524//2943 1480//2943
f 1525//2944 1484//2944 1442//2944
f 1525//2945 1529//2945 1484//2945
f 1529//2946 1448//2946 1484//2946
f 1485//2947 1530//2947 1481//2947
f 1521//2948 1481//2948 1530//2948
f 1531//2949 1441//2949 1486//2949
f 1490//2950 1486//2950 1445//2950
f 1532//2951 1486//2951 1490//2951
f 1532//2952 1531//2952 1486//2952
f 1531//2953 1526//2953 1441//2953
f 1533//2954 1487//2954 1448//2954
f 1534//2955 1487//2955 1533//2955
f 1487//2956 1488//2956 1447//2956
f 1529//2957 1533//2957 1448//2957
f 1489//2958 1532//2958 1490//2958
f 1534//2959 1491//2959 1488//2959
f 1534//2960 1488//2960 1487//2960
f 1489//2961 1449//2961 1492//2961
f 1535//2962 187//2962 1493//2962
f 1495//2963 1493//2963 1450//2963
f 1535//2964 1493//2964 1495//2964
f 1455//2965 1536//2965 1495//2965
f 1537//2966 1536//2966 1455//2966
f 1538//2967 1456//2967 1496//2967
f 1538//2968 1496//2968 1539//2968
f 1539//2969 1496//2969 1494//2969
f 1537//2970 1455//2970 1498//2970
f 1540//2971 1498//2971 1497//2971
f 1499//2972 1541//2972 1500//2972
f 1542//2973 1500//2973 1541//2973
f 1542//2974 775//2974 1500//2974
f 1543//2975 772//2975 1541//2975
f 1542//2976 1541//2976 772//2976
f 1499//2977 1543//2977 1541//2977
f 1543//2978 769//2978 772//2978
f 773//2979 1542//2979 772//2979
f 771//2980 773//2980 772//2980
f 1543//2981 1544//2981 769//2981
f 1545//2982 769//2982 1544//2982
f 1545//2983 770//2983 769//2983
f 1543//2984 1546//2984 1544//2984
f 1545//2985 1544//2985 1546//2985
f 762//2986 767//2986 1546//2986
f 768//2987 1546//2987 767//2987
f 1543//2988 762//2988 1546//2988
f 768//2989 1545//2989 1546//2989
f 762//2990 766//2990 767//2990
f 1547//2991 762//2991 1543//2991
f 764//2992 762//2992 1547//2992
f 764//2993 763//2993 762//2993
f 1499//2994 793//2994 1543//2994
f 1548//2995 1543//2995 793//2995
f 1549//2996 1543//2996 1548//2996
f 1550//2997 1543//2997 1549//2997
f 1547//2998 1543//2998 1550//2998
f 1502//2999 793//2999 1499//2999
f 1502//3000 1551//3000 793//3000
f 791//3001 793//3001 1551//3001
f 802//3002 1548//3002 793//3002
f 1538//3003 1458//3003 1456//3003
f 1552//3004 1458//3004 1538//3004
f 1503//3005 1540//3005 1497//3005
f 1504//3006 1399//3006 1400//3006
f 882//3007 880//3007 881//3007
f 880//3008 877//3008 881//3008
f 773//3009 775//3009 1542//3009
f 1551//3010 1502//3010 1501//3010
f 788//3011 1551//3012 1501//3012
f 788//3013 1501//3014 789//3015
f 788//3016 791//3017 1551//3017
f 806//3018 807//3018 788//3019
f 1552//3020 1508//3020 1458//3020
f 1553//3021 1508//3021 1552//3021
f 1554//3022 1506//3022 1504//3022
f 806//3023 788//3024 1507//3023
f 1553//3025 1463//3025 1508//3025
f 1555//3026 1507//3026 1510//3026
f 1553//3027 1511//3027 1463//3027
f 1556//3028 1513//3028 1506//3028
f 1557//3029 1514//3029 1513//3029
f 1557//3030 1513//3030 1556//3030
f 1515//3031 1555//3031 1510//3031
f 1558//3032 1512//3032 1471//3032
f 1559//3033 1515//3033 1517//3033
f 1559//3034 1517//3034 1520//3034
f 1560//3035 1518//3035 1516//3035
f 1561//3036 1518//3036 1560//3036
f 1558//3037 1471//3037 1475//3037
f 1519//3038 1514//3038 1557//3038
f 1562//3039 1478//3039 1519//3039
f 1563//3040 1559//3040 1520//3040
f 1563//3041 1520//3041 1523//3041
f 1477//3042 1518//3042 1561//3042
f 1521//3043 1558//3043 1475//3043
f 1564//3044 1523//3044 1524//3044
f 1564//3045 1524//3045 1528//3045
f 1477//3046 1565//3046 1525//3046
f 1522//3047 1478//3047 1562//3047
f 1566//3048 1485//3048 1522//3048
f 1567//3049 1564//3049 1528//3049
f 1527//3050 1567//3050 1528//3050
f 1565//3051 1529//3051 1525//3051
f 1566//3052 1530//3052 1485//3052
f 1568//3053 1526//3053 1531//3053
f 1569//3054 1534//3054 1533//3054
f 1532//3055 1568//3055 1531//3055
f 1570//3056 1491//3056 1534//3056
f 1571//3057 1492//3057 1491//3057
f 1571//3058 1491//3058 1570//3058
f 1569//3059 1570//3059 1534//3059
f 1571//3060 1489//3060 1492//3060
f 1572//3061 187//3061 1535//3061
f 1572//3062 186//3062 187//3062
f 1573//3063 1494//3063 72//3063
f 1573//3064 72//3064 74//3064
f 1574//3065 1535//3065 1495//3065
f 1574//3066 1572//3066 1535//3066
f 1539//3067 1494//3067 1573//3067
f 1575//3068 1495//3068 1536//3068
f 1575//3069 1574//3069 1495//3069
f 1576//3070 1536//3070 1537//3070
f 1576//3071 1575//3071 1536//3071
f 1498//3072 1576//3072 1537//3072
f 1577//3073 1540//3073 1503//3073
f 1578//3074 1504//3074 1400//3074
f 1579//3075 1553//3075 1552//3075
f 1505//3076 1577//3076 1503//3076
f 1554//3077 1504//3077 1578//3077
f 1580//3078 806//3078 1507//3078
f 1581//3079 805//3079 806//3079
f 1580//3080 1581//3080 806//3080
f 1580//3081 1507//3081 1555//3081
f 1582//3082 1553//3082 1579//3082
f 1506//3083 1554//3083 1556//3083
f 1583//3084 1580//3084 1555//3084
f 1582//3085 1511//3085 1553//3085
f 1584//3086 1555//3086 1515//3086
f 1582//3087 1516//3087 1511//3087
f 1582//3088 1585//3088 1516//3088
f 1584//3089 1515//3089 1559//3089
f 1516//3090 1585//3090 1560//3090
f 1586//3091 1559//3091 1563//3091
f 1586//3092 1584//3092 1559//3092
f 1563//3093 1523//3093 1564//3093
f 1587//3094 1563//3094 1564//3094
f 1561//3095 1565//3095 1477//3095
f 1588//3096 1521//3096 1530//3096
f 1589//3097 1522//3097 1562//3097
f 1566//3098 1522//3098 1589//3098
f 1587//3099 1564//3099 1567//3099
f 1567//3100 1527//3100 1526//3100
f 1590//3101 1533//3101 1529//3101
f 1590//3102 1529//3102 1565//3102
f 1566//3103 1588//3103 1530//3103
f 1567//3104 1526//3104 1568//3104
f 1590//3105 1569//3105 1533//3105
f 1591//3106 1532//3106 1489//3106
f 1592//3107 1571//3107 1570//3107
f 1592//3108 1570//3108 1569//3108
f 1591//3109 1489//3109 1571//3109
f 1593//3110 186//3110 1594//3110
f 1593//3111 183//3111 186//3111
f 1594//3112 186//3112 1572//3112
f 1595//3113 1573//3113 74//3113
f 1596//3114 1595//3114 74//3114
f 1596//3115 74//3115 75//3115
f 1594//3116 1572//3116 1574//3116
f 1573//3117 1595//3117 1596//3117
f 1575//3118 1597//3118 1574//3118
f 1598//3119 1574//3119 1597//3119
f 1598//3120 1594//3120 1574//3120
f 1599//3121 1597//3121 1575//3121
f 1599//3122 1598//3122 1597//3122
f 1600//3123 1575//3123 1576//3123
f 1600//3124 1599//3124 1575//3124
f 1601//3125 1538//3125 1539//3125
f 1601//3126 1539//3126 1602//3126
f 1603//3127 1576//3127 1498//3127
f 1604//3128 1498//3128 1540//3128
f 1604//3129 1603//3129 1498//3129
f 1605//3130 1576//3130 1603//3130
f 1600//3131 1576//3131 1605//3131
f 1549//3132 1548//3132 802//3132
f 1549//3133 802//3133 803//3133
f 1601//3134 1552//3134 1538//3134
f 1601//3135 1579//3135 1552//3135
f 1578//3136 1400//3136 1401//3136
f 796//3137 805//3137 1581//3137
f 1606//3138 1577//3138 1505//3138
f 1607//3139 1554//3139 1578//3139
f 1608//3140 1581//3140 1580//3140
f 804//3141 796//3141 1581//3141
f 804//3142 1581//3142 1608//3142
f 1608//3143 1580//3143 1583//3143
f 1609//3144 1505//3144 1509//3144
f 1609//3145 1606//3145 1505//3145
f 1607//3146 1556//3146 1554//3146
f 1610//3147 1583//3147 1555//3147
f 1611//3148 1608//3148 1583//3148
f 1610//3149 1611//3149 1583//3149
f 1610//3150 1555//3150 1584//3150
f 1612//3151 1509//3151 1512//3151
f 1612//3152 1609//3152 1509//3152
f 1613//3153 1512//3153 1558//3153
f 1613//3154 1612//3154 1512//3154
f 1614//3155 1556//3155 1607//3155
f 1557//3156 1556//3156 1614//3156
f 1615//3157 1519//3157 1557//3157
f 1562//3158 1519//3158 1615//3158
f 1616//3159 1586//3159 1563//3159
f 1617//3160 1616//3160 1563//3160
f 1585//3161 1618//3161 1560//3161
f 1618//3162 1561//3162 1560//3162
f 1619//3163 1558//3163 1521//3163
f 1617//3164 1563//3164 1587//3164
f 1620//3165 1617//3165 1587//3165
f 1620//3166 1587//3166 1567//3166
f 1621//3167 1620//3167 1567//3167
f 1622//3168 1567//3168 1568//3168
f 1621//3169 1567//3169 1622//3169
f 1623//3170 1592//3170 1569//3170
f 1590//3171 1623//3171 1569//3171
f 1532//3172 1622//3172 1568//3172
f 1624//3173 1571//3173 1592//3173
f 1624//3174 1592//3174 1623//3174
f 1625//3175 1596//3175 75//3175
f 1625//3176 75//3176 76//3176
f 1625//3177 1573//3177 1596//3177
f 1602//3178 1539//3178 1573//3178
f 1625//3179 1602//3179 1573//3179
f 886//3180 887//3180 884//3180
f 886//3181 885//3181 887//3181
f 1626//3182 1579//3182 1601//3182
f 1627//3183 1579//3183 1626//3183
f 1628//3184 804//3184 1608//3184
f 1611//3185 1628//3185 1608//3185
f 803//3186 804//3186 1628//3186
f 1629//3187 1628//3187 1611//3187
f 1630//3188 803//3188 1628//3188
f 1629//3189 1630//3189 1628//3189
f 1629//3190 1611//3190 1610//3190
f 1627//3191 1582//3191 1579//3191
f 1629//3192 1610//3192 1631//3192
f 1632//3193 1629//3193 1631//3193
f 1633//3194 1632//3194 1631//3194
f 1634//3195 1633//3195 1631//3195
f 1610//3196 1635//3196 1631//3196
f 1634//3197 1631//3197 1635//3197
f 1610//3198 1584//3198 1635//3198
f 1636//3199 1635//3199 1584//3199
f 1637//3200 1582//3200 1627//3200
f 1638//3201 1557//3201 1614//3201
f 1637//3202 1585//3202 1582//3202
f 1637//3203 1639//3203 1585//3203
f 1636//3204 1584//3204 1586//3204
f 1636//3205 1586//3205 1616//3205
f 1640//3206 1639//3206 1637//3206
f 1641//3207 1613//3207 1558//3207
f 1615//3208 1557//3208 1638//3208
f 1642//3209 1562//3209 1615//3209
f 1565//3210 1561//3210 1618//3210
f 1639//3211 1618//3211 1585//3211
f 1619//3212 1641//3212 1558//3212
f 1643//3213 1617//3213 1620//3213
f 1643//3214 1620//3214 1621//3214
f 1588//3215 1619//3215 1521//3215
f 1642//3216 1589//3216 1562//3216
f 1644//3217 1589//3217 1642//3217
f 1645//3218 1566//3218 1589//3218
f 1646//3219 1643//3219 1621//3219
f 1647//3220 1646//3220 1621//3220
f 1648//3221 1565//3221 1618//3221
f 1645//3222 1588//3222 1566//3222
f 1647//3223 1621//3223 1622//3223
f 1647//3224 1622//3224 1649//3224
f 1648//3225 1623//3225 1590//3225
f 1650//3226 1624//3226 1623//3226
f 1648//3227 1590//3227 1565//3227
f 1651//3228 1622//3228 1532//3228
f 1652//3229 1649//3229 1622//3229
f 1651//3230 1652//3230 1622//3230
f 1591//3231 1651//3231 1532//3231
f 1653//3232 1571//3232 1624//3232
f 1653//3233 1624//3233 1650//3233
f 1653//3234 1591//3234 1571//3234
f 1654//3235 1625//3235 76//3235
f 1602//3236 1625//3236 1655//3236
f 1654//3237 1655//3237 1625//3237
f 1656//3238 1601//3238 1602//3238
f 1656//3239 1602//3239 1655//3239
f 1656//3240 1626//3240 1601//3240
f 1657//3241 1540//3241 1577//3241
f 1657//3242 1604//3242 1540//3242
f 855//3243 849//3243 851//3243
f 858//3244 850//3245 849//3244
f 855//3246 858//3246 849//3246
f 768//3247 770//3247 1545//3247
f 1549//3248 803//3248 1630//3248
f 1658//3249 1626//3249 1656//3249
f 1659//3250 1626//3250 1658//3250
f 1659//3251 1627//3251 1626//3251
f 1606//3252 1657//3252 1577//3252
f 1632//3253 1630//3253 1629//3253
f 1550//3254 1549//3254 1630//3254
f 1632//3255 1550//3255 1630//3255
f 1660//3256 1627//3256 1659//3256
f 1660//3257 1637//3257 1627//3257
f 1661//3258 1635//3258 1636//3258
f 1662//3259 1636//3259 1616//3259
f 1662//3260 1616//3260 1617//3260
f 1640//3261 1618//3261 1639//3261
f 1640//3262 1663//3262 1618//3262
f 1664//3263 1617//3263 1643//3263
f 1665//3264 1648//3264 1618//3264
f 1665//3265 1618//3265 1663//3265
f 1666//3266 1619//3266 1588//3266
f 1645//3267 1589//3267 1644//3267
f 1667//3268 1643//3268 1646//3268
f 1667//3269 1646//3269 1647//3269
f 1645//3270 1666//3270 1588//3270
f 1668//3271 1647//3271 1649//3271
f 1669//3272 1650//3272 1623//3272
f 1669//3273 1623//3273 1648//3273
f 1670//3274 1650//3274 1669//3274
f 1671//3275 1652//3275 1651//3275
f 1671//3276 1672//3276 1652//3276
f 1673//3277 1651//3278 1591//3278
f 1674//3279 1671//3279 1651//3279
f 1675//3280 1674//3280 1651//3280
f 1673//3281 1675//3282 1651//3282
f 1670//3283 1653//3283 1650//3283
f 1673//3284 1591//3285 1653//3285
f 1676//3286 1654//3286 76//3286
f 1676//3287 76//3287 77//3287
f 1655//3288 1654//3288 1676//3288
f 1677//3289 1578//3289 1401//3289
f 1677//3290 1401//3290 1402//3290
f 862//3291 863//3291 861//3291
f 863//3292 850//3293 861//3292
f 1678//3294 1607//3294 1578//3294
f 1678//3295 1578//3295 1677//3295
f 1679//3296 1550//3296 1632//3296
f 1679//3297 1547//3297 1550//3297
f 1679//3298 1632//3298 1633//3298
f 1680//3299 1660//3299 1659//3299
f 1681//3300 1606//3300 1609//3300
f 1682//3301 1607//3301 1678//3301
f 1683//3302 1679//3302 1633//3302
f 1634//3303 1683//3303 1633//3303
f 1684//3304 1637//3304 1660//3304
f 1684//3305 1660//3305 1680//3305
f 1685//3306 1609//3306 1612//3306
f 1685//3307 1681//3307 1609//3307
f 1682//3308 1614//3308 1607//3308
f 1686//3309 1638//3309 1614//3309
f 1686//3310 1614//3310 1682//3310
f 1661//3311 1634//3311 1635//3311
f 1661//3312 1683//3312 1634//3312
f 1684//3313 1640//3313 1637//3313
f 1687//3314 1640//3314 1684//3314
f 1685//3315 1612//3315 1613//3315
f 1687//3316 1688//3316 1640//3316
f 1641//3317 1685//3317 1613//3317
f 1689//3318 1615//3318 1638//3318
f 1689//3319 1638//3319 1686//3319
f 1690//3320 1642//3320 1615//3320
f 1690//3321 1615//3321 1689//3321
f 1662//3322 1617//3322 1664//3322
f 1691//3323 1662//3323 1664//3323
f 1692//3324 1664//3324 1643//3324
f 1692//3325 1691//3325 1664//3325
f 1693//3326 1636//3326 1662//3326
f 1694//3327 1693//3327 1662//3327
f 1691//3328 1694//3328 1662//3328
f 1640//3329 1688//3329 1663//3329
f 1695//3330 1663//3330 1688//3330
f 1695//3331 1688//3331 1696//3331
f 1697//3332 1641//3332 1619//3332
f 1690//3333 1644//3333 1642//3333
f 1698//3334 1692//3334 1643//3334
f 1698//3335 1643//3335 1667//3335
f 1699//3336 1665//3336 1663//3336
f 1699//3337 1663//3337 1695//3337
f 1700//3338 1619//3338 1666//3338
f 1700//3339 1697//3339 1619//3339
f 1701//3340 1644//3340 1690//3340
f 1702//3341 1645//3341 1644//3341
f 1701//3342 1702//3342 1644//3342
f 1667//3343 1647//3343 1668//3343
f 1703//3344 1667//3344 1668//3344
f 1704//3345 1703//3345 1668//3345
f 1704//3346 1668//3346 1649//3346
f 1703//3347 1698//3347 1667//3347
f 1705//3348 1648//3348 1665//3348
f 1705//3349 1669//3349 1648//3349
f 1699//3350 1705//3350 1665//3350
f 1706//3351 1666//3351 1645//3351
f 1706//3352 1700//3352 1666//3352
f 1701//3353 1706//3353 1645//3353
f 1701//3354 1645//3354 1702//3354
f 1672//3355 1649//3355 1652//3355
f 1704//3356 1649//3356 1672//3356
f 1707//3357 1704//3357 1672//3357
f 1708//3358 1672//3358 1671//3358
f 1707//3359 1672//3359 1708//3359
f 1709//3360 1670//3360 1669//3360
f 1705//3361 1709//3361 1669//3361
f 1674//3362 1708//3362 1671//3362
f 1710//3363 1708//3363 1674//3363
f 1711//3364 1674//3364 1675//3364
f 1673//3365 1653//3366 1675//3366
f 1712//3367 1675//3367 1653//3367
f 1712//3368 1711//3368 1675//3368
f 1710//3369 1674//3369 1711//3369
f 1712//3370 1653//3370 1670//3370
f 1709//3371 1712//3371 1670//3371
f 1713//3372 1676//3372 77//3372
f 1714//3373 1713//3373 77//3373
f 1593//3374 1594//3374 1598//3374
f 1714//3375 1676//3375 1713//3375
f 1715//3376 1655//3376 1676//3376
f 1714//3377 1715//3377 1676//3377
f 1716//3378 1593//3378 1598//3378
f 1599//3379 1716//3379 1598//3379
f 1717//3380 1603//3380 1604//3380
f 1717//3381 1605//3381 1603//3381
f 1655//3382 1658//3382 1656//3382
f 1718//3383 1659//3383 1658//3383
f 1719//3384 1658//3384 1655//3384
f 1718//3385 1658//3385 1719//3385
f 1717//3386 1604//3386 1657//3386
f 1720//3387 1677//3387 1402//3387
f 1720//3388 1402//3388 1404//3388
f 1721//3389 1547//3389 1679//3389
f 764//3390 1547//3390 1721//3390
f 1680//3391 1659//3391 1718//3391
f 1722//3392 1657//3392 1606//3392
f 1722//3393 1717//3393 1657//3393
f 1723//3394 1678//3394 1677//3394
f 1723//3395 1677//3395 1720//3395
f 1683//3396 1721//3396 1679//3396
f 1724//3397 1721//3397 1683//3397
f 765//3398 764//3398 1721//3398
f 1724//3399 765//3399 1721//3399
f 1725//3400 1684//3400 1680//3400
f 1725//3401 1680//3401 1726//3401
f 1722//3402 1606//3402 1681//3402
f 1723//3403 1682//3403 1678//3403
f 1727//3404 1724//3404 1683//3404
f 1728//3405 1681//3405 1685//3405
f 1728//3406 1722//3406 1681//3406
f 1729//3407 1682//3407 1723//3407
f 1730//3408 1686//3408 1682//3408
f 1730//3409 1682//3409 1729//3409
f 1727//3410 1683//3410 1661//3410
f 1725//3411 1687//3411 1684//3411
f 1731//3412 1728//3412 1685//3412
f 1693//3413 1661//3413 1636//3413
f 1732//3414 1693//3414 1694//3414
f 1733//3415 1661//3415 1693//3415
f 1734//3416 1733//3416 1693//3416
f 1732//3417 1734//3417 1693//3417
f 1687//3418 1735//3418 1688//3418
f 1696//3419 1688//3419 1735//3419
f 1735//3420 1687//3420 1725//3420
f 1736//3421 1685//3421 1641//3421
f 1736//3422 1731//3422 1685//3422
f 1737//3423 1689//3423 1686//3423
f 1737//3424 1686//3424 1730//3424
f 1738//3425 1690//3425 1689//3425
f 1738//3426 1689//3426 1737//3426
f 1739//3427 1694//3427 1691//3427
f 1740//3428 1732//3428 1694//3428
f 1740//3429 1694//3429 1739//3429
f 1739//3430 1691//3430 1692//3430
f 1736//3431 1641//3431 1697//3431
f 1741//3432 1692//3432 1698//3432
f 1741//3433 1739//3433 1692//3433
f 1742//3434 1741//3434 1698//3434
f 1700//3435 1736//3435 1697//3435
f 1743//3436 1701//3436 1690//3436
f 1743//3437 1690//3437 1738//3437
f 1744//3438 1698//3438 1703//3438
f 1745//3439 1744//3439 1703//3439
f 1745//3440 1703//3440 1704//3440
f 1746//3441 1705//3441 1699//3441
f 1747//3442 1700//3442 1706//3442
f 1747//3443 1748//3443 1700//3443
f 1749//3444 1706//3444 1701//3444
f 1749//3445 1747//3445 1706//3445
f 1749//3446 1701//3446 1743//3446
f 1750//3447 1704//3447 1707//3447
f 1751//3448 1707//3448 1708//3448
f 1746//3449 1709//3449 1705//3449
f 1746//3450 1752//3450 1709//3450
f 1710//3451 1751//3451 1708//3451
f 1753//3452 1710//3452 1711//3452
f 1754//3453 1711//3453 1712//3453
f 1754//3454 1753//3454 1711//3454
f 1752//3455 1712//3455 1709//3455
f 1755//3456 183//3456 1593//3456
f 1756//3457 1714//3457 77//3457
f 1756//3458 77//3458 78//3458
f 1755//3459 1593//3459 1716//3459
f 1715//3460 1714//3460 1757//3460
f 1756//3461 1757//3461 1714//3461
f 1758//3462 1755//3462 1716//3462
f 1759//3463 1599//3463 1600//3463
f 1716//3464 1599//3464 1759//3464
f 1760//3465 1757//3465 1756//3465
f 1759//3466 1600//3466 1761//3466
f 1605//3467 1761//3467 1600//3467
f 1719//3468 1715//3468 1757//3468
f 1719//3469 1655//3469 1715//3469
f 1762//3470 1719//3470 1757//3470
f 1763//3471 1720//3471 1404//3471
f 1763//3472 1404//3472 1406//3472
f 1726//3473 1680//3473 1718//3473
f 1762//3474 1718//3474 1719//3474
f 1726//3475 1718//3475 1762//3475
f 1763//3476 1723//3476 1720//3476
f 1764//3477 765//3477 1724//3477
f 1764//3478 761//3478 765//3478
f 1764//3479 1724//3479 1727//3479
f 1765//3480 1764//3480 1727//3480
f 1728//3481 1766//3481 1722//3481
f 1767//3482 1729//3482 1723//3482
f 1767//3483 1723//3483 1768//3483
f 1769//3484 1729//3484 1767//3484
f 1769//3485 1730//3485 1729//3485
f 1770//3486 1661//3486 1733//3486
f 1770//3487 1727//3487 1661//3487
f 1771//3488 1770//3488 1733//3488
f 1771//3489 1733//3489 1734//3489
f 1772//3490 1727//3490 1770//3490
f 1771//3491 1773//3491 1770//3491
f 1774//3492 1770//3492 1773//3492
f 1775//3493 1770//3493 1774//3493
f 1772//3494 1770//3494 1775//3494
f 1776//3495 1735//3495 1725//3495
f 1777//3496 1734//3496 1732//3496
f 1771//3497 1734//3497 1777//3497
f 1777//3498 1732//3498 1740//3498
f 1778//3499 1731//3499 1736//3499
f 1779//3500 1737//3500 1730//3500
f 1780//3501 1738//3501 1737//3501
f 1780//3502 1737//3502 1779//3502
f 1781//3503 1740//3503 1739//3503
f 1741//3504 1781//3504 1739//3504
f 1777//3505 1740//3505 1781//3505
f 1782//3506 1781//3506 1741//3506
f 1782//3507 1741//3507 1742//3507
f 1783//3508 1695//3508 1696//3508
f 1783//3509 1696//3509 1735//3509
f 1784//3510 1743//3510 1738//3510
f 1744//3511 1742//3511 1698//3511
f 1785//3512 1742//3512 1744//3512
f 1785//3513 1782//3513 1742//3513
f 1786//3514 1785//3514 1744//3514
f 1786//3515 1744//3515 1745//3515
f 1783//3516 1699//3516 1695//3516
f 1700//3517 1748//3517 1736//3517
f 1787//3518 1736//3518 1748//3518
f 1788//3519 1736//3519 1787//3519
f 1788//3520 1778//3520 1736//3520
f 1789//3521 1743//3521 1784//3521
f 1790//3522 1749//3522 1743//3522
f 1790//3523 1743//3523 1789//3523
f 1750//3524 1745//3524 1704//3524
f 1791//3525 1786//3525 1745//3525
f 1792//3526 1745//3526 1750//3526
f 1791//3527 1745//3527 1792//3527
f 1793//3528 1746//3528 1699//3528
f 1793//3529 1699//3529 1783//3529
f 1794//3530 1748//3530 1747//3530
f 1787//3531 1748//3531 1794//3531
f 1790//3532 1747//3532 1749//3532
f 1790//3533 1794//3533 1747//3533
f 1795//3534 1707//3534 1751//3534
f 1795//3535 1750//3535 1707//3535
f 1796//3536 1795//3536 1751//3536
f 1797//3537 1796//3537 1751//3537
f 1798//3538 1751//3538 1710//3538
f 1798//3539 1797//3539 1751//3539
f 1799//3540 1712//3540 1752//3540
f 1800//3541 1753//3541 1754//3541
f 1798//3542 1710//3542 1753//3542
f 1799//3543 1754//3543 1712//3543
f 1799//3544 1800//3544 1754//3544
f 1801//3545 183//3545 1755//3545
f 1801//3546 180//3546 183//3546
f 1760//3547 1756//3547 78//3547
f 1802//3548 1760//3548 78//3548
f 1802//3549 78//3549 79//3549
f 1759//3550 1755//3550 1758//3550
f 1801//3551 1755//3551 1759//3551
f 1716//3552 1759//3552 1758//3552
f 1801//3553 1759//3553 1761//3553
f 1803//3554 1761//3554 1605//3554
f 1803//3555 1801//3555 1761//3555
f 1804//3556 1605//3556 1717//3556
f 1804//3557 1803//3557 1605//3557
f 1805//3558 679//3558 678//3558
f 1805//3559 678//3559 680//3559
f 749//3560 745//3560 744//3560
f 1806//3561 1726//3561 1762//3561
f 1806//3562 1762//3562 1807//3562
f 1407//3563 1763//3563 1406//3563
f 1808//3564 675//3564 674//3564
f 1809//3565 674//3565 676//3565
f 1809//3566 1808//3566 674//3566
f 1808//3567 672//3567 675//3567
f 1810//3568 672//3568 1808//3568
f 1810//3569 673//3569 672//3569
f 1811//3570 676//3570 677//3570
f 1811//3571 1809//3571 676//3571
f 1811//3572 677//3572 679//3572
f 1805//3573 1811//3573 679//3573
f 1777//3574 732//3574 731//3574
f 1773//3575 731//3575 735//3575
f 1773//3576 1777//3576 731//3576
f 745//3577 1773//3577 735//3577
f 749//3578 1812//3578 745//3578
f 1813//3579 761//3579 1764//3579
f 759//3580 761//3580 1813//3580
f 1814//3581 1726//3581 1806//3581
f 1722//3582 1766//3582 1717//3582
f 1815//3583 1808//3583 1809//3583
f 1815//3584 1810//3584 1808//3584
f 1805//3585 1809//3585 1811//3585
f 1805//3586 1815//3586 1809//3586
f 1782//3587 726//3587 732//3587
f 727//3588 726//3588 1782//3588
f 1771//3589 1777//3589 1773//3589
f 1812//3590 1773//3590 745//3590
f 1812//3591 1774//3591 1773//3591
f 1765//3592 1813//3592 1764//3592
f 1816//3593 1813//3593 1765//3593
f 760//3594 759//3594 1813//3594
f 760//3595 1813//3595 1816//3595
f 1817//3596 1765//3596 1727//3596
f 1816//3597 1765//3597 1817//3597
f 1818//3598 1725//3598 1726//3598
f 1818//3599 1726//3599 1814//3599
f 1819//3600 1717//3600 1766//3600
f 1820//3601 1819//3601 1766//3601
f 1821//3602 1804//3602 1717//3602
f 1819//3603 1821//3603 1717//3603
f 1768//3604 1723//3604 1763//3604
f 1822//3605 1763//3605 1407//3605
f 1768//3606 1763//3606 1822//3606
f 1769//3607 1767//3607 1768//3607
f 1823//3608 1769//3608 1768//3608
f 1824//3609 1823//3609 1768//3609
f 1781//3610 1782//3610 732//3610
f 1777//3611 1781//3611 732//3611
f 1825//3612 727//3612 1782//3612
f 1826//3613 727//3613 1825//3613
f 1826//3614 724//3614 727//3614
f 1775//3615 1774//3615 1812//3615
f 1772//3616 1775//3616 1812//3616
f 1817//3617 1772//3617 1812//3617
f 1827//3618 1817//3618 1812//3618
f 1828//3619 1812//3619 749//3619
f 1827//3620 1812//3620 1828//3620
f 1817//3621 1727//3621 1772//3621
f 1827//3622 1816//3622 1817//3622
f 1818//3623 1776//3623 1725//3623
f 1818//3624 1829//3624 1776//3624
f 1830//3625 1766//3625 1728//3625
f 1830//3626 1820//3626 1766//3626
f 1831//3627 1826//3627 1825//3627
f 1829//3628 1735//3628 1776//3628
f 1778//3629 1728//3629 1731//3629
f 1830//3630 1728//3630 1778//3630
f 1779//3631 1730//3631 1769//3631
f 1832//3632 1779//3632 1769//3632
f 1832//3633 1769//3633 1823//3633
f 1833//3634 1780//3634 1779//3634
f 1834//3635 1779//3635 1832//3635
f 1834//3636 1833//3636 1779//3636
f 1785//3637 1825//3637 1782//3637
f 1835//3638 1825//3638 1785//3638
f 1835//3639 1831//3639 1825//3639
f 1783//3640 1735//3640 1829//3640
f 1835//3641 1785//3641 1786//3641
f 1784//3642 1738//3642 1780//3642
f 1836//3643 1780//3643 1833//3643
f 1836//3644 1784//3644 1780//3644
f 1837//3645 1793//3645 1783//3645
f 1838//3646 1783//3646 1839//3646
f 1837//3647 1783//3647 1838//3647
f 1840//3648 1789//3648 1784//3648
f 1841//3649 1840//3649 1784//3649
f 1840//3650 1790//3650 1789//3650
f 1795//3651 1792//3651 1750//3651
f 1842//3652 1791//3652 1792//3652
f 1843//3653 1842//3653 1792//3653
f 1844//3654 1792//3654 1795//3654
f 1843//3655 1792//3655 1844//3655
f 1842//3656 1786//3656 1791//3656
f 1845//3657 1746//3657 1793//3657
f 1845//3658 1752//3658 1746//3658
f 1845//3659 1793//3659 1837//3659
f 1846//3660 1787//3660 1794//3660
f 1847//3661 1794//3661 1790//3661
f 1847//3662 1846//3662 1794//3662
f 1848//3663 1847//3663 1790//3663
f 1848//3664 1790//3664 1840//3664
f 1844//3665 1795//3665 1796//3665
f 1849//3666 1844//3666 1796//3666
f 1850//3667 1799//3667 1752//3667
f 1800//3668 1799//3668 1850//3668
f 1851//3669 1752//3669 1845//3669
f 1850//3670 1752//3670 1851//3670
f 1852//3671 1798//3671 1753//3671
f 1852//3672 1753//3672 1800//3672
f 1852//3673 1853//3673 1798//3673
f 1854//3674 180//3674 1801//3674
f 1854//3675 175//3675 180//3675
f 1855//3676 1802//3676 79//3676
f 1856//3677 1855//3677 79//3677
f 1856//3678 79//3678 80//3678
f 1856//3679 1802//3679 1855//3679
f 1760//3680 1802//3680 1857//3680
f 1856//3681 1857//3681 1802//3681
f 1757//3682 1760//3682 1857//3682
f 1858//3683 1801//3683 1803//3683
f 1859//3684 1858//3684 1803//3684
f 1807//3685 1757//3685 1857//3685
f 1807//3686 1762//3686 1757//3686
f 1860//3687 1803//3687 1804//3687
f 1860//3688 1859//3688 1803//3688
f 682//3689 1805//3689 680//3689
f 1860//3690 1804//3690 1821//3690
f 1822//3691 1407//3691 1408//3691
f 1861//3692 1822//3692 1408//3692
f 1861//3693 1408//3693 1409//3693
f 1862//3694 671//3694 673//3694
f 1863//3695 673//3695 1810//3695
f 1862//3696 673//3696 1863//3696
f 1864//3697 671//3697 1862//3697
f 1864//3698 669//3698 671//3698
f 1865//3699 1805//3699 682//3699
f 1866//3700 723//3700 724//3700
f 1828//3701 749//3701 748//3701
f 1867//3702 1828//3702 748//3702
f 1867//3703 748//3703 751//3703
f 1868//3704 1806//3704 1807//3704
f 1869//3705 1806//3705 1868//3705
f 1814//3706 1806//3706 1869//3706
f 1824//3707 1768//3707 1822//3707
f 1870//3708 1824//3708 1822//3708
f 1339//3709 1822//3709 1861//3709
f 1339//3710 1870//3710 1822//3710
f 1871//3711 1340//3711 1222//3711
f 1337//3712 1336//3712 1340//3712
f 1337//3713 1340//3713 1871//3713
f 1871//3714 1222//3714 1223//3714
f 1872//3715 1810//3715 1815//3715
f 1872//3716 1873//3716 1810//3716
f 1863//3717 1810//3717 1873//3717
f 1865//3718 1815//3718 1805//3718
f 1872//3719 1815//3719 1865//3719
f 1874//3720 1827//3720 1828//3720
f 1874//3721 1828//3721 1867//3721
f 1875//3722 760//3722 1816//3722
f 1827//3723 1875//3723 1816//3723
f 756//3724 760//3724 1875//3724
f 1874//3725 1875//3725 1827//3725
f 753//3726 756//3726 1875//3726
f 1874//3727 753//3727 1875//3727
f 1814//3728 1869//3728 1876//3728
f 1866//3729 724//3729 1826//3729
f 1829//3730 1818//3730 1877//3730
f 1818//3731 1814//3731 1876//3731
f 1832//3732 1823//3732 1824//3732
f 1878//3733 1832//3733 1824//3733
f 1338//3734 1824//3734 1870//3734
f 1879//3735 1878//3735 1824//3735
f 1338//3736 1879//3736 1824//3736
f 1878//3737 1834//3737 1832//3737
f 1880//3738 1826//3738 1831//3738
f 1880//3739 1866//3739 1826//3739
f 1881//3740 1820//3740 1830//3740
f 1830//3741 1778//3741 1882//3741
f 1883//3742 1831//3742 1835//3742
f 1883//3743 1880//3743 1831//3743
f 1884//3744 1783//3744 1829//3744
f 1884//3745 1839//3745 1783//3745
f 1836//3746 1833//3746 1834//3746
f 1885//3747 1836//3747 1834//3747
f 1886//3748 1885//3748 1834//3748
f 1882//3749 1778//3749 1887//3749
f 1887//3750 1778//3750 1788//3750
f 1841//3751 1784//3751 1836//3751
f 1888//3752 1841//3752 1836//3752
f 1888//3753 1836//3753 1885//3753
f 1889//3754 1835//3754 1786//3754
f 1842//3755 1889//3755 1786//3755
f 1890//3756 1835//3756 1889//3756
f 1883//3757 1835//3757 1890//3757
f 1889//3758 1842//3758 1843//3758
f 1891//3759 1845//3759 1837//3759
f 1891//3760 1837//3760 1838//3760
f 1787//3761 1846//3761 1788//3761
f 1892//3762 1788//3762 1846//3762
f 1887//3763 1788//3763 1892//3763
f 1848//3764 1840//3764 1893//3764
f 1893//3765 1840//3765 1841//3765
f 1894//3766 1893//3766 1841//3766
f 1895//3767 1841//3767 1888//3767
f 1895//3768 1894//3768 1841//3768
f 1896//3769 1848//3769 1893//3769
f 1896//3770 1893//3770 1894//3770
f 1897//3771 1843//3771 1844//3771
f 1898//3772 1897//3772 1844//3772
f 1898//3773 1844//3773 1849//3773
f 1891//3774 1851//3774 1845//3774
f 1899//3775 1850//3775 1851//3775
f 1900//3776 1847//3776 1848//3776
f 1901//3777 1900//3777 1848//3777
f 1901//3778 1848//3778 1896//3778
f 1797//3779 1849//3779 1796//3779
f 1902//3780 1797//3780 1798//3780
f 1903//3781 1849//3781 1797//3781
f 1904//3782 1898//3782 1849//3782
f 1903//3783 1904//3783 1849//3783
f 1902//3784 1903//3784 1797//3784
f 1850//3785 1852//3785 1800//3785
f 1902//3786 1798//3786 1853//3786
f 1905//3787 1902//3787 1853//3787
f 1905//3788 1853//3788 1852//3788
f 1906//3789 175//3789 1907//3789
f 1906//3790 173//3790 175//3790
f 1854//3791 1907//3791 175//3791
f 1908//3792 1856//3792 80//3792
f 1909//3793 1908//3793 80//3793
f 1909//3794 80//3794 81//3794
f 1906//3795 1907//3795 1854//3795
f 1910//3796 1854//3796 1801//3796
f 1910//3797 1906//3797 1854//3797
f 1909//3798 1856//3798 1908//3798
f 1909//3799 1857//3799 1856//3799
f 1910//3800 1801//3800 1858//3800
f 1868//3801 1807//3801 1857//3801
f 1911//3802 1859//3802 1860//3802
f 1912//3803 1859//3803 1911//3803
f 1858//3804 1859//3804 1912//3804
f 1913//3805 1865//3805 682//3805
f 1914//3806 1913//3806 682//3806
f 1914//3807 682//3807 683//3807
f 1915//3808 1911//3808 1860//3808
f 1916//3809 1860//3809 1821//3809
f 1916//3810 1915//3810 1860//3810
f 1915//3811 1912//3811 1911//3811
f 1339//3812 1861//3812 1409//3812
f 1325//3813 1339//3813 1409//3813
f 1872//3814 1865//3814 1913//3814
f 1917//3815 1872//3815 1913//3815
f 1918//3816 1917//3816 1913//3816
f 1918//3817 1913//3817 1914//3817
f 1919//3818 721//3818 723//3818
f 1920//3819 721//3819 1919//3819
f 1920//3820 722//3820 721//3820
f 1866//3821 1919//3821 723//3821
f 1874//3822 1867//3822 751//3822
f 1874//3823 751//3823 753//3823
f 1921//3824 1869//3824 1868//3824
f 1876//3825 1869//3825 1921//3825
f 1922//3826 1871//3826 1223//3826
f 1922//3827 1223//3827 1224//3827
f 1923//3828 1863//3828 1873//3828
f 1924//3829 1873//3829 1872//3829
f 1925//3830 1923//3830 1873//3830
f 1923//3831 1862//3831 1863//3831
f 1926//3832 1862//3832 1923//3832
f 1864//3833 1862//3833 1926//3833
f 1927//3834 1872//3834 1917//3834
f 1927//3835 1924//3835 1872//3835
f 1928//3836 1919//3836 1866//3836
f 1929//3837 1919//3837 1928//3837
f 1929//3838 1920//3838 1919//3838
f 1821//3839 1819//3839 1930//3839
f 1338//3840 1870//3840 1339//3840
f 1931//3841 1339//3841 1325//3841
f 1335//3842 1339//3842 1931//3842
f 1932//3843 1337//3843 1871//3843
f 1933//3844 1871//3844 1922//3844
f 1933//3845 1932//3845 1871//3845
f 1934//3846 1338//3846 1337//3846
f 1932//3847 1934//3847 1337//3847
f 1935//3848 1928//3848 1866//3848
f 1936//3849 1928//3849 1935//3849
f 1936//3850 1929//3850 1928//3850
f 1818//3851 1876//3851 1877//3851
f 1937//3852 1877//3852 1876//3852
f 1930//3853 1819//3853 1820//3853
f 1881//3854 1930//3854 1820//3854
f 1938//3855 1878//3855 1879//3855
f 1834//3856 1878//3856 1938//3856
f 1938//3857 1879//3857 1338//3857
f 1934//3858 1938//3858 1338//3858
f 1886//3859 1834//3859 1938//3859
f 1934//3860 1886//3860 1938//3860
f 1936//3861 1935//3861 1866//3861
f 1939//3862 1866//3862 1880//3862
f 1940//3863 1866//3863 1939//3863
f 1940//3864 1936//3864 1866//3864
f 1877//3865 1884//3865 1829//3865
f 1941//3866 1884//3866 1877//3866
f 1830//3867 1882//3867 1881//3867
f 1939//3868 1880//3868 1883//3868
f 1888//3869 1885//3869 1886//3869
f 1942//3870 1888//3870 1886//3870
f 1942//3871 1886//3871 1934//3871
f 1939//3872 1883//3872 1890//3872
f 1943//3873 1890//3873 1889//3873
f 1944//3874 1940//3874 1939//3874
f 1945//3875 1939//3875 1890//3875
f 1946//3876 1944//3876 1939//3876
f 1946//3877 1939//3877 1945//3877
f 1945//3878 1890//3878 1943//3878
f 1947//3879 1838//3879 1839//3879
f 1948//3880 1891//3880 1838//3880
f 1947//3881 1948//3881 1838//3881
f 1949//3882 1882//3882 1887//3882
f 1950//3883 1949//3883 1887//3883
f 1951//3884 1895//3884 1888//3884
f 1951//3885 1888//3885 1942//3885
f 1943//3886 1889//3886 1843//3886
f 1897//3887 1943//3887 1843//3887
f 1952//3888 1943//3888 1897//3888
f 1952//3889 1897//3889 1953//3889
f 1953//3890 1897//3890 1898//3890
f 1948//3891 1954//3891 1891//3891
f 1955//3892 1891//3892 1954//3892
f 1955//3893 1851//3893 1891//3893
f 1950//3894 1887//3894 1892//3894
f 1846//3895 1847//3895 1892//3895
f 1956//3896 1892//3896 1847//3896
f 1950//3897 1892//3897 1956//3897
f 1957//3898 1896//3898 1894//3898
f 1958//3899 1894//3899 1895//3899
f 1958//3900 1957//3900 1894//3900
f 1951//3901 1958//3901 1895//3901
f 1959//3902 1957//3902 1958//3902
f 1960//3903 1958//3903 1951//3903
f 1961//3904 1958//3904 1960//3904
f 1959//3905 1958//3905 1961//3905
f 1959//3906 1962//3906 1957//3906
f 1953//3907 1898//3907 1963//3907
f 1904//3908 1963//3908 1898//3908
f 1964//3909 1965//3909 1850//3909
f 1899//3910 1964//3910 1850//3910
f 1955//3911 1899//3911 1851//3911
f 1966//3912 1900//3912 1901//3912
f 1962//3913 1901//3913 1896//3913
f 1962//3914 1896//3914 1957//3914
f 1967//3915 1901//3915 1962//3915
f 1967//3916 1966//3916 1901//3916
f 1968//3917 1967//3917 1962//3917
f 1968//3918 1962//3918 1959//3918
f 1969//3919 1904//3919 1903//3919
f 1970//3920 1903//3920 1902//3920
f 1971//3921 1969//3921 1903//3921
f 1970//3922 1971//3922 1903//3922
f 1965//3923 1852//3923 1850//3923
f 1965//3924 1905//3924 1852//3924
f 1972//3925 1902//3925 1905//3925
f 1970//3926 1902//3926 1972//3926
f 1973//3927 170//3927 173//3927
f 1974//3928 170//3928 1973//3928
f 1974//3929 167//3929 170//3929
f 1906//3930 1973//3930 173//3930
f 1909//3931 81//3931 82//3931
f 1975//3932 1909//3932 82//3932
f 1976//3933 1975//3933 82//3933
f 1974//3934 1973//3934 1906//3934
f 1977//3935 1906//3935 1910//3935
f 1974//3936 1906//3936 1977//3936
f 1976//3937 1909//3937 1975//3937
f 1858//3938 1977//3938 1910//3938
f 1976//3939 1921//3939 1909//3939
f 1921//3940 1857//3940 1909//3940
f 1921//3941 1868//3941 1857//3941
f 1978//3942 1921//3942 1976//3942
f 1912//3943 1977//3943 1858//3943
f 1912//3944 1979//3944 1977//3944
f 1980//3945 1912//3945 1915//3945
f 1979//3946 1912//3946 1980//3946
f 1876//3947 1921//3947 1981//3947
f 1979//3948 1980//3948 1915//3948
f 1979//3949 1915//3949 1916//3949
f 1931//3950 1325//3950 1313//3950
f 1335//3951 1931//3951 1313//3951
f 1982//3952 720//3952 722//3952
f 1982//3953 722//3953 1920//3953
f 1983//3954 720//3954 1982//3954
f 1983//3955 718//3955 720//3955
f 1978//3956 1981//3956 1921//3956
f 1821//3957 1930//3957 1916//3957
f 1984//3958 1922//3958 1224//3958
f 1985//3959 1224//3959 1031//3959
f 1984//3960 1224//3960 1985//3960
f 1986//3961 1923//3961 1925//3961
f 1986//3962 1926//3962 1923//3962
f 1987//3963 1927//3963 1917//3963
f 1988//3964 1917//3964 1918//3964
f 1987//3965 1917//3965 1988//3965
f 1989//3966 1920//3966 1929//3966
f 1989//3967 1982//3967 1920//3967
f 1937//3968 1876//3968 1981//3968
f 1990//3969 1933//3969 1922//3969
f 1991//3970 1922//3970 1984//3970
f 1992//3971 1990//3971 1922//3971
f 1992//3972 1922//3972 1991//3972
f 1993//3973 1925//3973 1873//3973
f 1994//3974 1873//3974 1924//3974
f 1993//3975 1873//3975 1994//3975
f 1995//3976 1924//3976 1927//3976
f 1996//3977 1925//3977 1993//3977
f 1996//3978 1986//3978 1925//3978
f 1997//3979 1995//3979 1927//3979
f 1998//3980 1927//3980 1987//3980
f 1997//3981 1927//3981 1998//3981
f 1999//3982 1929//3982 1936//3982
f 1999//3983 1989//3983 1929//3983
f 2000//3984 1877//3984 1937//3984
f 1941//3985 1877//3985 2000//3985
f 2001//3986 1930//3986 1881//3986
f 1942//3987 1934//3987 1932//3987
f 2002//3988 1932//3988 1933//3988
f 2002//3989 1942//3989 1932//3989
f 2003//3990 2002//3990 1933//3990
f 1990//3991 2003//3991 1933//3991
f 2004//3992 1994//3992 1924//3992
f 2005//3993 1924//3993 1995//3993
f 2005//3994 2004//3994 1924//3994
f 2006//3995 1993//3995 1994//3995
f 2007//3996 1993//3996 2006//3996
f 2007//3997 1996//3997 1993//3997
f 2008//3998 2005//3998 1995//3998
f 2009//3999 1995//3999 1997//3999
f 2010//4000 2008//4000 1995//4000
f 2009//4001 2010//4001 1995//4001
f 1999//4002 1936//4002 1940//4002
f 1884//4003 1941//4003 1947//4003
f 2011//4004 1947//4004 1941//4004
f 1882//4005 1949//4005 1881//4005
f 2001//4006 1881//4006 1949//4006
f 2003//4007 1942//4007 2002//4007
f 2003//4008 1951//4008 1942//4008
f 2005//4009 1994//4009 2004//4009
f 2006//4010 1994//4010 2005//4010
f 2012//4011 2006//4011 2005//4011
f 2013//4012 2005//4012 2008//4012
f 2013//4013 2012//4013 2005//4013
f 2007//4014 2006//4014 2014//4014
f 2012//4015 2014//4015 2006//4015
f 1944//4016 1999//4016 1940//4016
f 2015//4017 1948//4017 1947//4017
f 1884//4018 1947//4018 1839//4018
f 2016//4019 1949//4019 1950//4019
f 1960//4020 1951//4020 2003//4020
f 2017//4021 1960//4021 2003//4021
f 2017//4022 2003//4022 1990//4022
f 1952//4023 1945//4023 1943//4023
f 2018//4024 1946//4024 1945//4024
f 1952//4025 2018//4025 1945//4025
f 1954//4026 1948//4026 2015//4026
f 2019//4027 1961//4027 1960//4027
f 2017//4028 2019//4028 1960//4028
f 2020//4029 1959//4029 1961//4029
f 2020//4030 1961//4030 2019//4030
f 2021//4031 2020//4031 2019//4031
f 2021//4032 2019//4032 2017//4032
f 2022//4033 1953//4033 1963//4033
f 1952//4034 1953//4034 2022//4034
f 2023//4035 2022//4035 1963//4035
f 2024//4036 2023//4036 1963//4036
f 2025//4037 1963//4037 1904//4037
f 2024//4038 1963//4038 2025//4038
f 2026//4039 1955//4039 1954//4039
f 1899//4040 1955//4040 2026//4040
f 1847//4041 1900//4041 1956//4041
f 1950//4042 1956//4042 2027//4042
f 1968//4043 1959//4043 2028//4043
f 2029//4044 1959//4044 2020//4044
f 2030//4045 2028//4045 1959//4045
f 2030//4046 1959//4046 2029//4046
f 2031//4047 2028//4047 2030//4047
f 2032//4048 2028//4048 2031//4048
f 2033//4049 2028//4050 2032//4050
f 2033//4051 1968//4052 2028//4052
f 2034//4053 2030//4053 2029//4053
f 2035//4054 2029//4054 2020//4054
f 2035//4055 2020//4055 2021//4055
f 2036//4056 2030//4056 2034//4056
f 2036//4057 2031//4057 2030//4057
f 2034//4058 2029//4058 2035//4058
f 2034//4059 2035//4059 2037//4059
f 2038//4060 2036//4060 2034//4060
f 2039//4061 2040//4061 1969//4061
f 2041//4062 1969//4062 2040//4062
f 1971//4063 2039//4063 1969//4063
f 2025//4064 1969//4064 2041//4064
f 2025//4065 1904//4065 1969//4065
f 2042//4066 2041//4066 2040//4066
f 2043//4067 2025//4067 2041//4067
f 2043//4068 2041//4068 2042//4068
f 2044//4069 2040//4069 2039//4069
f 2042//4070 2040//4070 2045//4070
f 2044//4071 2045//4071 2040//4071
f 2046//4072 2039//4072 2047//4072
f 2046//4073 2044//4073 2039//4073
f 2024//4074 2025//4074 2043//4074
f 2048//4075 1965//4075 1964//4075
f 1966//4076 1956//4076 1900//4076
f 2049//4077 1956//4077 1966//4077
f 2049//4078 2027//4078 1956//4078
f 2050//4079 1967//4079 1968//4079
f 2033//4080 2050//4081 1968//4081
f 2051//4082 2039//4082 1971//4082
f 1970//4083 2051//4083 1971//4083
f 2047//4084 2039//4084 2051//4084
f 2052//4085 2047//4085 2051//4085
f 2053//4086 2051//4086 1970//4086
f 2053//4087 2052//4087 2051//4087
f 2054//4088 2046//4088 2047//4088
f 2055//4089 2054//4089 2047//4089
f 2052//4090 2055//4090 2047//4090
f 2056//4091 1970//4091 1972//4091
f 2056//4092 2053//4092 1970//4092
f 2056//4093 1972//4093 1905//4093
f 2056//4094 1905//4094 1965//4094
f 2057//4095 167//4095 1974//4095
f 1976//4096 82//4096 83//4096
f 2058//4097 1976//4097 83//4097
f 2059//4098 2058//4098 83//4098
f 2057//4099 1974//4099 1977//4099
f 2060//4100 1978//4100 1976//4100
f 1976//4101 2058//4101 2059//4101
f 2061//4102 1977//4102 1979//4102
f 2061//4103 2057//4103 1977//4103
f 2062//4104 1979//4104 2063//4104
f 2064//4105 1979//4105 2062//4105
f 2061//4106 1979//4106 2064//4106
f 684//4107 1914//4107 683//4107
f 1981//4108 1978//4108 2065//4108
f 1979//4109 1916//4109 2063//4109
f 2066//4110 1916//4110 1930//4110
f 2066//4111 2063//4111 1916//4111
f 666//4112 669//4112 1864//4112
f 2067//4113 1918//4113 1914//4113
f 2067//4114 1914//4114 684//4114
f 1937//4115 1981//4115 2065//4115
f 2068//4116 2065//4116 1978//4116
f 2065//4117 2000//4117 1937//4117
f 1991//4118 1985//4118 1031//4118
f 2069//4119 1991//4119 1031//4119
f 2069//4120 1031//4120 1040//4120
f 1991//4121 1984//4121 1985//4121
f 1986//4122 1864//4122 1926//4122
f 2070//4123 1864//4123 1986//4123
f 2071//4124 666//4124 1864//4124
f 2070//4125 2071//4125 1864//4125
f 1998//4126 1988//4126 1918//4126
f 1998//4127 1918//4127 2067//4127
f 1998//4128 1987//4128 1988//4128
f 2072//4129 1982//4129 1989//4129
f 1983//4130 1982//4130 2072//4130
f 2065//4131 2073//4131 2000//4131
f 2011//4132 1941//4132 2000//4132
f 2070//4133 1986//4133 1996//4133
f 1944//4134 1989//4134 1999//4134
f 2074//4135 1989//4135 1944//4135
f 2072//4136 1989//4136 2074//4136
f 2011//4137 2000//4137 2075//4137
f 2075//4138 2000//4138 2073//4138
f 2001//4139 2066//4139 1930//4139
f 2076//4140 2066//4140 2001//4140
f 2077//4141 1990//4141 1992//4141
f 2077//4142 2017//4142 1990//4142
f 2077//4143 1992//4143 1991//4143
f 2069//4144 2077//4144 1991//4144
f 2070//4145 1996//4145 2007//4145
f 2009//4146 1997//4146 1998//4146
f 2078//4147 2074//4147 1944//4147
f 2072//4148 2074//4148 2078//4148
f 2078//4149 1944//4149 1946//4149
f 2015//4150 1947//4150 2011//4150
f 2016//4151 2001//4151 1949//4151
f 2016//4152 2076//4152 2001//4152
f 2079//4153 2076//4153 2016//4153
f 2021//4154 2017//4154 2077//4154
f 2080//4155 2021//4155 2077//4155
f 2081//4156 2080//4156 2077//4156
f 2081//4157 2077//4157 2069//4157
f 2082//4158 2083//4158 2084//4158
f 2085//4159 2084//4159 2083//4159
f 2086//4160 2082//4160 2084//4160
f 2087//4161 2086//4161 2084//4161
f 2088//4162 2085//4162 2083//4162
f 2088//4163 2083//4163 2089//4163
f 2090//4164 2083//4164 2082//4164
f 2090//4165 2089//4165 2083//4165
f 2091//4166 2087//4166 2084//4166
f 2014//4167 2084//4167 2085//4167
f 2091//4168 2084//4168 2014//4168
f 2007//4169 2014//4169 2085//4169
f 2070//4170 2007//4170 2085//4170
f 2070//4171 2085//4171 2088//4171
f 2012//4172 2091//4172 2014//4172
f 2092//4173 2008//4173 2010//4173
f 2092//4174 2013//4174 2008//4174
f 2093//4175 2010//4175 2009//4175
f 2092//4176 2010//4176 2093//4176
f 2094//4177 2093//4177 2009//4177
f 1998//4178 2094//4178 2009//4178
f 2045//4179 2092//4179 2093//4179
f 2095//4180 2045//4180 2093//4180
f 2095//4181 2093//4181 2094//4181
f 2096//4182 2095//4182 2094//4182
f 2018//4183 2097//4183 1946//4183
f 2098//4184 1946//4184 2097//4184
f 2098//4185 2078//4185 1946//4185
f 2099//4186 2097//4186 2018//4186
f 2098//4187 2097//4187 2100//4187
f 2099//4188 2100//4188 2097//4188
f 2011//4189 2101//4189 2015//4189
f 2102//4190 2015//4190 2101//4190
f 1954//4191 2015//4191 2102//4191
f 1950//4192 2079//4192 2016//4192
f 2103//4193 2076//4193 2079//4193
f 2027//4194 2079//4194 1950//4194
f 2079//4195 2104//4195 2103//4195
f 2035//4196 2021//4196 2080//4196
f 2081//4197 2105//4197 2080//4197
f 2105//4198 2035//4198 2080//4198
f 2037//4199 2035//4199 2105//4199
f 2106//4200 2105//4200 2081//4200
f 2107//4201 2037//4201 2105//4201
f 2082//4202 2107//4202 2105//4202
f 2106//4203 2082//4203 2105//4203
f 2108//4204 2082//4204 2106//4204
f 2086//4205 2107//4205 2082//4205
f 2090//4206 2082//4206 2108//4206
f 2109//4207 2086//4207 2087//4207
f 2110//4208 2087//4208 2091//4208
f 2110//4209 2109//4209 2087//4209
f 2110//4210 2091//4210 2012//4210
f 2111//4211 2110//4211 2012//4211
f 2111//4212 2012//4212 2013//4212
f 2112//4213 2013//4213 2092//4213
f 2112//4214 2111//4214 2013//4214
f 2113//4215 2092//4215 2045//4215
f 2113//4216 2112//4216 2092//4216
f 2044//4217 2113//4217 2045//4217
f 2042//4218 2045//4218 2095//4218
f 2114//4219 2042//4219 2095//4219
f 2096//4220 2114//4220 2095//4220
f 2043//4221 2042//4221 2114//4221
f 2115//4222 2043//4222 2114//4222
f 2116//4223 2114//4223 2096//4223
f 2115//4224 2114//4224 2116//4224
f 2117//4225 2022//4225 2023//4225
f 2118//4226 2117//4226 2023//4226
f 2018//4227 2022//4227 2117//4227
f 2018//4228 1952//4228 2022//4228
f 2119//4229 2117//4229 2118//4229
f 2120//4230 2018//4230 2117//4230
f 2120//4231 2117//4231 2119//4231
f 2121//4232 2118//4232 2023//4232
f 2121//4233 2122//4233 2118//4233
f 2119//4234 2118//4234 2122//4234
f 2121//4235 2023//4235 2024//4235
f 2120//4236 2099//4236 2018//4236
f 2026//4237 1954//4237 2102//4237
f 2123//4238 2027//4238 2049//4238
f 2079//4239 2027//4239 2123//4239
f 2124//4240 2037//4240 2107//4240
f 2124//4241 2034//4241 2037//4241
f 2124//4242 2107//4242 2086//4242
f 2125//4243 2124//4243 2086//4243
f 2125//4244 2086//4244 2109//4244
f 2126//4245 2125//4245 2109//4245
f 2126//4246 2109//4246 2110//4246
f 2127//4247 2126//4247 2110//4247
f 2127//4248 2110//4248 2111//4248
f 2128//4249 2111//4249 2112//4249
f 2128//4250 2127//4250 2111//4250
f 2129//4251 2112//4251 2113//4251
f 2129//4252 2128//4252 2112//4252
f 2046//4253 2113//4253 2044//4253
f 2046//4254 2129//4254 2113//4254
f 2115//4255 2024//4255 2043//4255
f 2121//4256 2024//4256 2115//4256
f 2026//4257 2048//4257 1964//4257
f 2130//4258 2048//4258 2026//4258
f 1899//4259 2026//4259 1964//4259
f 2050//4260 2123//4260 2049//4260
f 1967//4261 2050//4261 2049//4261
f 1966//4262 1967//4262 2049//4262
f 2131//4263 2123//4263 2050//4263
f 2032//4264 2131//4264 2050//4264
f 2132//4265 2131//4265 2032//4265
f 2033//4266 2032//4267 2050//4267
f 2031//4268 2132//4268 2032//4268
f 2133//4269 2038//4269 2034//4269
f 2133//4270 2034//4270 2124//4270
f 2134//4271 2038//4271 2133//4271
f 2133//4272 2124//4272 2125//4272
f 2135//4273 2134//4273 2133//4273
f 2136//4274 2133//4274 2125//4274
f 2135//4275 2133//4275 2136//4275
f 2136//4276 2125//4276 2126//4276
f 2135//4277 2136//4277 2137//4277
f 2138//4278 2136//4278 2126//4278
f 2138//4279 2137//4279 2136//4279
f 2139//4280 2137//4280 2138//4280
f 2138//4281 2126//4281 2127//4281
f 2140//4282 2138//4282 2127//4282
f 2140//4283 2139//4283 2138//4283
f 2141//4284 2140//4284 2127//4284
f 2142//4285 2140//4285 2141//4285
f 2142//4286 2139//4286 2140//4286
f 2143//4287 2141//4287 2127//4287
f 2143//4288 2127//4288 2128//4288
f 2144//4289 2143//4289 2128//4289
f 2144//4290 2128//4290 2129//4290
f 2145//4291 2144//4291 2129//4291
f 2054//4292 2129//4292 2046//4292
f 2145//4293 2129//4293 2054//4293
f 2145//4294 2055//4294 2144//4294
f 2146//4295 2144//4295 2055//4295
f 1965//4296 2048//4296 2147//4296
f 2147//4297 2056//4297 1965//4297
f 2055//4298 2145//4298 2054//4298
f 2148//4299 2146//4299 2055//4299
f 2052//4300 2148//4300 2055//4300
f 2149//4301 2148//4301 2052//4301
f 2053//4302 2149//4302 2052//4302
f 2150//4303 2149//4303 2053//4303
f 2056//4304 2150//4304 2053//4304
f 2147//4305 2150//4305 2056//4305
f 2151//4306 163//4306 167//4306
f 2152//4307 158//4307 163//4307
f 2152//4308 163//4308 2151//4308
f 2057//4309 2151//4309 167//4309
f 2153//4310 158//4310 2152//4310
f 2059//4311 83//4311 85//4311
f 2154//4312 2059//4312 85//4312
f 2154//4313 85//4313 84//4313
f 2155//4314 2151//4314 2057//4314
f 2153//4315 2152//4315 2151//4315
f 2155//4316 2153//4316 2151//4316
f 2154//4317 2156//4317 2059//4317
f 2156//4318 2060//4318 2059//4318
f 1976//4319 2059//4319 2060//4319
f 2061//4320 2155//4320 2057//4320
f 1978//4321 2060//4321 2156//4321
f 2157//4322 1978//4322 2156//4322
f 2064//4323 2155//4323 2061//4323
f 2068//4324 1978//4324 2157//4324
f 2062//4325 2158//4325 2064//4325
f 2159//4326 2064//4326 2158//4326
f 2160//4327 2064//4327 2159//4327
f 2155//4328 2064//4328 2160//4328
f 1041//4329 634//4329 635//4329
f 637//4330 1041//4330 635//4330
f 1041//4331 633//4331 634//4331
f 656//4332 646//4332 652//4332
f 647//4333 646//4333 656//4333
f 690//4334 687//4334 688//4334
f 2065//4335 2068//4335 2073//4335
f 2063//4336 2158//4336 2062//4336
f 2161//4337 2159//4337 2158//4337
f 2161//4338 2158//4338 2063//4338
f 2161//4339 2160//4339 2159//4339
f 2162//4340 656//4340 655//4340
f 2162//4341 655//4341 659//4341
f 2162//4342 2163//4342 656//4342
f 2071//4343 659//4343 664//4343
f 2071//4344 2162//4344 659//4344
f 2071//4345 664//4345 666//4345
f 2164//4346 684//4346 681//4346
f 2164//4347 2067//4347 684//4347
f 2165//4348 681//4348 685//4348
f 2165//4349 2164//4349 681//4349
f 2165//4350 685//4350 686//4350
f 2166//4351 686//4351 687//4351
f 2166//4352 2165//4352 686//4352
f 2166//4353 687//4353 690//4353
f 713//4354 718//4354 1983//4354
f 2075//4355 2073//4355 2167//4355
f 2168//4356 2167//4356 2073//4356
f 2167//4357 2169//4357 2075//4357
f 2068//4358 2168//4358 2073//4358
f 2170//4359 2063//4359 2066//4359
f 2171//4360 2063//4360 2170//4360
f 2171//4361 2161//4361 2063//4361
f 637//4362 1040//4362 1041//4362
f 2172//4363 2069//4363 1040//4363
f 2172//4364 1040//4364 637//4364
f 2089//4365 2163//4365 2162//4365
f 647//4366 656//4366 2163//4366
f 2173//4367 2163//4367 2089//4367
f 647//4368 2163//4368 2173//4368
f 2088//4369 2089//4369 2162//4369
f 2088//4370 2162//4370 2071//4370
f 2070//4371 2088//4371 2071//4371
f 2094//4372 2067//4372 2164//4372
f 2094//4373 1998//4373 2067//4373
f 2174//4374 2164//4374 2165//4374
f 2174//4375 2094//4375 2164//4375
f 2175//4376 2165//4376 2166//4376
f 2175//4377 2174//4377 2165//4377
f 2072//4378 713//4378 1983//4378
f 710//4379 713//4379 2072//4379
f 2167//4380 2176//4380 2169//4380
f 2011//4381 2075//4381 2169//4381
f 2011//4382 2169//4382 2101//4382
f 2076//4383 2170//4383 2066//4383
f 2103//4384 2170//4384 2076//4384
f 2177//4385 2170//4385 2103//4385
f 2081//4386 2069//4386 2172//4386
f 2106//4387 2081//4387 2172//4387
f 636//4388 2172//4388 637//4388
f 2173//4389 2106//4389 2172//4389
f 640//4390 2173//4390 2172//4390
f 640//4391 2172//4391 636//4391
f 2108//4392 2106//4392 2173//4392
f 2108//4393 2173//4393 2089//4393
f 647//4394 2173//4394 640//4394
f 2090//4395 2108//4395 2089//4395
f 2096//4396 2094//4396 2174//4396
f 2116//4397 2174//4397 2175//4397
f 2116//4398 2096//4398 2174//4398
f 2178//4399 2072//4399 2078//4399
f 707//4400 2072//4400 2178//4400
f 710//4401 2072//4401 707//4401
f 2179//4402 2178//4402 2078//4402
f 708//4403 707//4403 2178//4403
f 2179//4404 708//4404 2178//4404
f 2179//4405 2078//4405 2098//4405
f 2180//4406 2169//4406 2176//4406
f 2101//4407 2169//4407 2180//4407
f 2181//4408 2103//4408 2104//4408
f 2177//4409 2103//4409 2181//4409
f 2122//4410 2116//4410 2175//4410
f 2121//4411 2116//4411 2122//4411
f 2121//4412 2115//4412 2116//4412
f 2182//4413 2122//4413 2175//4413
f 2166//4414 2182//4414 2175//4414
f 2119//4415 2122//4415 2182//4415
f 2183//4416 2119//4416 2182//4416
f 2184//4417 2182//4417 2166//4417
f 2183//4418 2182//4418 2184//4418
f 2120//4419 2100//4419 2099//4419
f 2185//4420 2098//4420 2100//4420
f 2179//4421 2098//4421 2185//4421
f 2186//4422 2100//4422 2120//4422
f 2185//4423 2100//4423 2187//4423
f 2186//4424 2187//4424 2100//4424
f 2123//4425 2104//4425 2079//4425
f 2188//4426 2189//4426 2190//4426
f 2188//4427 2190//4427 2191//4427
f 2188//4428 2192//4428 2189//4428
f 2193//4429 2189//4429 2192//4429
f 2194//4430 2193//4430 2192//4430
f 2195//4431 2194//4431 2192//4431
f 2196//4432 2194//4432 2195//4432
f 2196//4433 2197//4433 2194//4433
f 2196//4434 2195//4434 2198//4434
f 2183//4435 2120//4435 2119//4435
f 2186//4436 2120//4436 2183//4436
f 2131//4437 2104//4437 2123//4437
f 2199//4438 2104//4438 2131//4438
f 2200//4439 2199//4439 2131//4439
f 2132//4440 2200//4440 2131//4440
f 2201//4441 2202//4441 2203//4441
f 2191//4442 2203//4442 2204//4442
f 2135//4443 2191//4443 2204//4443
f 2203//4444 2205//4444 2204//4444
f 2206//4445 2205//4445 2203//4445
f 2202//4446 2206//4446 2203//4446
f 2201//4447 2203//4447 2191//4447
f 2137//4448 2191//4448 2135//4448
f 2137//4449 2188//4449 2191//4449
f 2190//4450 2201//4450 2191//4450
f 2139//4451 2188//4451 2137//4451
f 2142//4452 2192//4452 2188//4452
f 2142//4453 2188//4453 2139//4453
f 2207//4454 2195//4454 2192//4454
f 2207//4455 2192//4455 2142//4455
f 2207//4456 2198//4456 2195//4456
f 2208//4457 2198//4457 2207//4457
f 2209//4458 2130//4458 2026//4458
f 2102//4459 2209//4459 2026//4459
f 2031//4460 2210//4460 2200//4460
f 2031//4461 2200//4461 2132//4461
f 2200//4462 2210//4462 2211//4462
f 2036//4463 2210//4463 2031//4463
f 2038//4464 2210//4464 2036//4464
f 2206//4465 2211//4465 2210//4465
f 2205//4466 2206//4466 2210//4466
f 2205//4467 2210//4467 2038//4467
f 2204//4468 2205//4468 2038//4468
f 2134//4469 2204//4469 2038//4469
f 2135//4470 2204//4470 2134//4470
f 2143//4471 2207//4471 2142//4471
f 2141//4472 2143//4472 2142//4472
f 2144//4473 2208//4473 2207//4473
f 2144//4474 2207//4474 2143//4474
f 2146//4475 2208//4475 2144//4475
f 2212//4476 2198//4476 2208//4476
f 2212//4477 2196//4477 2198//4477
f 2148//4478 2208//4478 2146//4478
f 2213//4479 2208//4479 2148//4479
f 2212//4480 2208//4480 2213//4480
f 2147//4481 2048//4481 2214//4481
f 2215//4482 2147//4482 2214//4482
f 2215//4483 2214//4483 2216//4483
f 2130//4484 2214//4484 2048//4484
f 2217//4485 2216//4485 2214//4485
f 2214//4486 2130//4486 2218//4486
f 2149//4487 2213//4487 2148//4487
f 2219//4488 2213//4488 2149//4488
f 2150//4489 2219//4489 2149//4489
f 2220//4490 2219//4490 2150//4490
f 2215//4491 2220//4491 2150//4491
f 2147//4492 2215//4492 2150//4492
f 2221//4493 156//4493 158//4493
f 2222//4494 153//4494 156//4494
f 2222//4495 156//4495 2221//4495
f 2153//4496 2221//4496 158//4496
f 2223//4497 153//4497 2222//4497
f 2224//4498 125//4498 131//4498
f 2225//4499 120//4499 125//4499
f 2225//4500 125//4500 2224//4500
f 2224//4501 131//4501 2226//4501
f 2227//4502 131//4502 132//4502
f 2226//4503 131//4503 2227//4503
f 2228//4504 132//4504 133//4504
f 2227//4505 132//4505 2228//4505
f 2229//4506 133//4506 130//4506
f 2230//4507 2228//4507 133//4507
f 2229//4508 2230//4508 133//4508
f 2229//4509 130//4509 2231//4509
f 2232//4510 116//4510 120//4510
f 2232//4511 120//4511 2225//4511
f 2233//4512 116//4512 2232//4512
f 2234//4513 113//4513 116//4513
f 2234//4514 108//4514 113//4514
f 2234//4515 116//4515 2233//4515
f 2235//4516 108//4516 2234//4516
f 2236//4517 106//4517 108//4517
f 2236//4518 108//4518 2235//4518
f 2237//4519 106//4519 2236//4519
f 2238//4520 84//4520 86//4520
f 2154//4521 84//4521 2238//4521
f 2239//4522 2238//4522 86//4522
f 2240//4523 2239//4523 86//4523
f 2241//4524 2221//4524 2153//4524
f 2223//4525 2222//4525 2221//4525
f 2241//4526 2223//4526 2221//4526
f 2241//4527 2153//4527 2242//4527
f 2243//4528 2228//4528 2230//4528
f 2243//4529 2227//4529 2228//4529
f 2229//4530 2243//4530 2230//4530
f 2226//4531 2227//4531 2243//4531
f 2224//4532 2226//4532 2244//4532
f 2245//4533 2225//4533 2224//4533
f 2232//4534 2225//4534 2245//4534
f 2246//4535 2234//4535 2233//4535
f 2247//4536 2235//4536 2234//4536
f 2247//4537 2234//4537 2246//4537
f 2237//4538 2236//4538 2235//4538
f 2247//4539 2237//4539 2235//4539
f 2156//4540 2154//4540 2238//4540
f 2238//4541 2239//4541 2240//4541
f 2155//4542 2242//4542 2153//4542
f 2248//4543 2241//4543 2242//4543
f 2249//4544 2224//4544 2244//4544
f 2226//4545 2243//4545 2244//4545
f 2249//4546 2245//4546 2224//4546
f 2250//4547 2245//4547 2249//4547
f 2250//4548 2232//4548 2245//4548
f 2251//4549 2233//4549 2232//4549
f 2251//4550 2232//4550 2250//4550
f 2252//4551 2246//4551 2233//4551
f 2252//4552 2233//4552 2251//4552
f 2253//4553 2247//4553 2246//4553
f 2253//4554 2246//4554 2252//4554
f 2254//4555 2156//4555 2238//4555
f 2255//4556 2254//4556 2238//4556
f 2255//4557 2238//4557 2240//4557
f 2254//4558 2157//4558 2156//4558
f 2160//4559 2242//4559 2155//4559
f 2256//4560 2248//4560 2242//4560
f 2256//4561 2242//4561 2160//4561
f 2257//4562 2249//4562 2244//4562
f 2258//4563 2249//4563 2257//4563
f 2259//4564 2244//4564 2260//4564
f 2243//4565 2260//4565 2244//4565
f 2259//4566 2257//4566 2244//4566
f 2261//4567 2260//4567 2262//4567
f 2261//4568 2259//4568 2260//4568
f 2229//4569 2260//4569 2243//4569
f 2229//4570 2231//4570 2260//4570
f 2263//4571 2250//4571 2249//4571
f 2263//4572 2249//4572 2258//4572
f 2264//4573 2250//4573 2263//4573
f 2265//4574 2251//4574 2250//4574
f 2265//4575 2250//4575 2264//4575
f 2266//4576 2252//4576 2251//4576
f 2266//4577 2251//4577 2265//4577
f 2267//4578 2252//4578 2266//4578
f 2268//4579 2253//4579 2252//4579
f 2268//4580 2252//4580 2267//4580
f 2269//4581 2253//4581 2268//4581
f 2270//4582 2247//4582 2253//4582
f 2270//4583 2271//4583 2247//4583
f 2269//4584 2270//4584 2253//4584
f 2168//4585 2157//4585 2254//4585
f 2068//4586 2157//4586 2168//4586
f 2272//4587 2256//4587 2160//4587
f 2161//4588 2272//4588 2160//4588
f 2273//4589 2256//4589 2272//4589
f 2274//4590 2256//4590 2273//4590
f 2248//4591 2256//4591 2274//4591
f 2275//4592 2258//4592 2257//4592
f 2275//4593 2257//4593 2276//4593
f 2276//4594 2257//4594 2277//4594
f 2259//4595 2277//4595 2257//4595
f 2275//4596 2263//4596 2258//4596
f 2264//4597 2263//4597 2275//4597
f 2278//4598 2265//4598 2264//4598
f 2279//4599 2266//4599 2265//4599
f 2279//4600 2265//4600 2278//4600
f 2280//4601 2267//4601 2266//4601
f 2280//4602 2266//4602 2279//4602
f 2268//4603 2267//4603 2280//4603
f 2281//4604 2268//4604 2282//4604
f 2269//4605 2268//4605 2281//4605
f 2283//4606 701//4606 695//4606
f 708//4607 695//4607 704//4607
f 2283//4608 695//4608 708//4608
f 2283//4609 692//4609 701//4609
f 2167//4610 2168//4610 2176//4610
f 2254//4611 2176//4611 2168//4611
f 2171//4612 2272//4612 2161//4612
f 2171//4613 2273//4613 2272//4613
f 2181//4614 2284//4614 2273//4614
f 2181//4615 2273//4615 2171//4615
f 2285//4616 2273//4616 2284//4616
f 2286//4617 2273//4617 2285//4617
f 2286//4618 2274//4618 2273//4618
f 2287//4619 2284//4619 2181//4619
f 2284//4620 2286//4620 2285//4620
f 2288//4621 2277//4621 2261//4621
f 2276//4622 2277//4622 2288//4622
f 2289//4623 2276//4623 2288//4623
f 2290//4624 2289//4624 2288//4624
f 2261//4625 2277//4625 2259//4625
f 2291//4626 2276//4626 2289//4626
f 2291//4627 2275//4627 2276//4627
f 2292//4628 2275//4628 2291//4628
f 2292//4629 2264//4629 2275//4629
f 2293//4630 2278//4630 2264//4630
f 2293//4631 2264//4631 2292//4631
f 2293//4632 2279//4632 2278//4632
f 2293//4633 2280//4633 2279//4633
f 2294//4634 2268//4634 2280//4634
f 2294//4635 2282//4635 2268//4635
f 2282//4636 2269//4636 2281//4636
f 2184//4637 690//4637 689//4637
f 2184//4638 2166//4638 690//4638
f 2295//4639 689//4639 691//4639
f 2295//4640 2184//4640 689//4640
f 2187//4641 691//4641 692//4641
f 2187//4642 2295//4642 691//4642
f 2185//4643 2187//4643 692//4643
f 2283//4644 2185//4644 692//4644
f 2179//4645 2283//4645 708//4645
f 2254//4646 2180//4646 2176//4646
f 2254//4647 2296//4647 2180//4647
f 2101//4648 2180//4648 2297//4648
f 2170//4649 2177//4649 2171//4649
f 2181//4650 2171//4650 2177//4650
f 2298//4651 2287//4651 2181//4651
f 2299//4652 2287//4652 2298//4652
f 2300//4653 2287//4653 2299//4653
f 2301//4654 2289//4654 2290//4654
f 2301//4655 2290//4655 2302//4655
f 2303//4656 2291//4656 2289//4656
f 2303//4657 2289//4657 2301//4657
f 2304//4658 2292//4658 2291//4658
f 2304//4659 2291//4659 2303//4659
f 2193//4660 2292//4660 2304//4660
f 2194//4661 2293//4661 2292//4661
f 2194//4662 2292//4662 2193//4662
f 2197//4663 2280//4663 2293//4663
f 2197//4664 2293//4664 2194//4664
f 2305//4665 2294//4665 2280//4665
f 2305//4666 2280//4666 2197//4666
f 2306//4667 2294//4667 2305//4667
f 2183//4668 2184//4668 2295//4668
f 2186//4669 2295//4669 2187//4669
f 2186//4670 2183//4670 2295//4670
f 2179//4671 2185//4671 2283//4671
f 2101//4672 2297//4672 2307//4672
f 2308//4673 2300//4673 2299//4673
f 2199//4674 2308//4674 2299//4674
f 2309//4675 2300//4675 2308//4675
f 2211//4676 2308//4676 2199//4676
f 2302//4677 2310//4677 2311//4677
f 2202//4678 2302//4678 2311//4678
f 2202//4679 2311//4679 2206//4679
f 2308//4680 2206//4680 2311//4680
f 2290//4681 2310//4681 2302//4681
f 2202//4682 2301//4682 2302//4682
f 2312//4683 2301//4683 2202//4683
f 2312//4684 2303//4684 2301//4684
f 2190//4685 2303//4685 2312//4685
f 2189//4686 2303//4686 2190//4686
f 2189//4687 2304//4687 2303//4687
f 2193//4688 2304//4688 2189//4688
f 2313//4689 2306//4689 2305//4689
f 2306//4690 2314//4690 2294//4690
f 2282//4691 2294//4691 2314//4691
f 2282//4692 2314//4692 2315//4692
f 2316//4693 2307//4693 2297//4693
f 2316//4694 2317//4694 2307//4694
f 2102//4695 2101//4695 2307//4695
f 2104//4696 2298//4696 2181//4696
f 2199//4697 2299//4697 2298//4697
f 2199//4698 2298//4698 2104//4698
f 2206//4699 2308//4699 2211//4699
f 2310//4700 2308//4700 2311//4700
f 2310//4701 2309//4701 2308//4701
f 2201//4702 2312//4702 2202//4702
f 2190//4703 2312//4703 2201//4703
f 2196//4704 2305//4704 2197//4704
f 2318//4705 2313//4705 2305//4705
f 2318//4706 2305//4706 2196//4706
f 2307//4707 2319//4707 2209//4707
f 2102//4708 2307//4708 2209//4708
f 2200//4709 2211//4709 2199//4709
f 2320//4710 2318//4710 2196//4710
f 2320//4711 2196//4711 2212//4711
f 2321//4712 2313//4712 2318//4712
f 2322//4713 2321//4713 2318//4713
f 2322//4714 2318//4714 2320//4714
f 2323//4715 2313//4715 2321//4715
f 2216//4716 2321//4716 2322//4716
f 2324//4717 2321//4717 2216//4717
f 2214//4718 2218//4718 2325//4718
f 2326//4719 2325//4719 2218//4719
f 2325//4720 2217//4720 2214//4720
f 2327//4721 2218//4721 2130//4721
f 2327//4722 2326//4722 2218//4722
f 2209//4723 2327//4723 2130//4723
f 2213//4724 2320//4724 2212//4724
f 2219//4725 2320//4725 2213//4725
f 2220//4726 2322//4726 2320//4726
f 2220//4727 2320//4727 2219//4727
f 2215//4728 2216//4728 2322//4728
f 2215//4729 2322//4729 2220//4729
f 2217//4730 2324//4730 2216//4730
f 2328//4731 150//4731 153//4731
f 2223//4732 2328//4732 153//4732
f 2328//4733 144//4733 150//4733
f 2329//4734 144//4734 2328//4734
f 2330//4735 140//4735 144//4735
f 2330//4736 144//4736 2329//4736
f 2331//4737 137//4737 140//4737
f 2331//4738 140//4738 2332//4738
f 2332//4739 140//4739 2330//4739
f 2231//4740 137//4740 2331//4740
f 2231//4741 130//4741 137//4741
f 2333//4742 102//4742 2334//4742
f 2334//4743 102//4743 106//4743
f 2237//4744 2334//4744 106//4744
f 2335//4745 101//4745 102//4745
f 2335//4746 102//4746 2333//4746
f 2336//4747 101//4747 2335//4747
f 2337//4748 88//4748 89//4748
f 2338//4749 87//4749 88//4749
f 2338//4750 88//4750 2337//4750
f 2339//4751 2337//4751 89//4751
f 2340//4752 2339//4752 89//4752
f 2341//4753 87//4753 2338//4753
f 2240//4754 86//4754 87//4754
f 2240//4754 87//4754 2341//4754
f 2274//4755 2328//4755 2223//4755
f 2274//4756 2342//4756 2328//4756
f 2274//4757 2223//4757 2241//4757
f 2343//4758 2329//4758 2328//4758
f 2342//4759 2343//4759 2328//4759
f 2330//4760 2329//4760 2343//4760
f 2331//4761 2332//4761 2330//4761
f 2271//4762 2334//4762 2237//4762
f 2271//4763 2237//4763 2247//4763
f 2336//4764 2335//4764 2333//4764
f 2340//4765 2337//4765 2339//4765
f 2338//4766 2337//4766 2340//4766
f 2255//4767 2341//4767 2338//4767
f 2344//4768 2255//4768 2338//4768
f 2255//4769 2240//4769 2341//4769
f 2248//4770 2274//4770 2241//4770
f 2286//4771 2342//4771 2274//4771
f 2345//4772 2342//4772 2286//4772
f 2346//4773 2343//4773 2342//4773
f 2347//4774 2343//4774 2346//4774
f 2346//4775 2342//4775 2345//4775
f 2348//4776 2330//4776 2343//4776
f 2347//4777 2348//4777 2343//4777
f 2348//4778 2331//4778 2330//4778
f 2349//4779 2331//4779 2348//4779
f 2260//4780 2231//4780 2331//4780
f 2349//4781 2260//4781 2331//4781
f 2350//4782 2271//4782 2270//4782
f 2351//4783 2271//4783 2350//4783
f 2351//4784 2334//4784 2271//4784
f 2352//4785 2349//4785 2348//4785
f 2352//4786 2348//4786 2347//4786
f 2353//4787 2349//4787 2352//4787
f 2354//4788 2260//4788 2349//4788
f 2262//4789 2260//4789 2354//4789
f 2354//4790 2349//4790 2353//4790
f 2355//4791 2350//4791 2270//4791
f 2355//4792 2270//4792 2269//4792
f 2356//4793 2350//4793 2355//4793
f 2351//4794 2350//4794 2356//4794
f 2296//4795 2255//4795 2344//4795
f 2254//4796 2255//4796 2296//4796
f 2357//4797 2296//4797 2344//4797
f 2358//4798 2357//4798 2344//4798
f 2287//4799 2345//4799 2286//4799
f 2284//4800 2287//4800 2286//4800
f 2346//4801 2345//4801 2287//4801
f 2359//4802 2347//4802 2346//4802
f 2309//4803 2352//4803 2347//4803
f 2309//4804 2347//4804 2359//4804
f 2360//4805 2352//4805 2309//4805
f 2361//4806 2353//4806 2352//4806
f 2361//4807 2352//4807 2360//4807
f 2362//4808 2354//4808 2353//4808
f 2362//4809 2353//4809 2361//4809
f 2362//4810 2262//4810 2354//4810
f 2288//4811 2261//4811 2262//4811
f 2288//4812 2262//4812 2362//4812
f 2315//4813 2355//4813 2269//4813
f 2282//4814 2315//4814 2269//4814
f 2315//4815 2356//4815 2355//4815
f 2363//4816 2356//4816 2315//4816
f 2364//4817 2356//4817 2363//4817
f 2351//4818 2356//4818 2364//4818
f 2180//4819 2296//4819 2357//4819
f 2297//4820 2357//4820 2365//4820
f 2358//4821 2365//4821 2357//4821
f 2180//4822 2357//4822 2297//4822
f 2300//4823 2346//4823 2287//4823
f 2300//4824 2359//4824 2346//4824
f 2309//4825 2359//4825 2300//4825
f 2310//4826 2360//4826 2309//4826
f 2310//4827 2361//4827 2360//4827
f 2310//4828 2362//4828 2361//4828
f 2290//4829 2362//4829 2310//4829
f 2290//4830 2288//4830 2362//4830
f 2363//4831 2315//4831 2314//4831
f 2366//4832 2364//4832 2363//4832
f 2367//4833 2366//4833 2363//4833
f 2368//4834 2364//4834 2366//4834
f 2369//4835 2364//4835 2368//4835
f 2369//4836 2351//4836 2364//4836
f 2370//4837 2366//4837 2367//4837
f 2371//4838 2366//4838 2370//4838
f 2366//4839 2369//4839 2368//4839
f 2372//4840 2317//4840 2373//4840
f 2365//4841 2373//4841 2317//4841
f 2374//4842 2373//4842 2365//4842
f 2374//4843 2375//4843 2373//4843
f 2372//4844 2373//4844 2375//4844
f 2316//4845 2365//4845 2317//4845
f 2376//4846 2372//4846 2377//4846
f 2317//4847 2372//4847 2376//4847
f 2297//4848 2365//4848 2316//4848
f 2358//4849 2374//4849 2365//4849
f 2378//4850 2363//4850 2314//4850
f 2378//4851 2314//4851 2306//4851
f 2379//4852 2367//4852 2363//4852
f 2379//4853 2363//4853 2378//4853
f 2380//4854 2370//4854 2367//4854
f 2380//4855 2367//4855 2379//4855
f 2381//4856 2371//4856 2370//4856
f 2326//4857 2381//4857 2370//4857
f 2326//4858 2370//4858 2380//4858
f 2382//4859 2371//4859 2381//4859
f 2383//4860 2382//4860 2381//4860
f 2326//4861 2383//4861 2381//4861
f 2384//4862 2382//4862 2383//4862
f 2385//4863 2383//4863 2326//4863
f 2377//4864 2384//4864 2383//4864
f 2376//4865 2377//4865 2383//4865
f 2319//4866 2376//4866 2383//4866
f 2319//4867 2383//4867 2385//4867
f 2307//4868 2317//4868 2376//4868
f 2307//4869 2376//4869 2319//4869
f 2323//4870 2378//4870 2306//4870
f 2323//4871 2306//4871 2313//4871
f 2323//4872 2379//4872 2378//4872
f 2386//4873 2380//4873 2379//4873
f 2386//4874 2379//4874 2323//4874
f 2325//4875 2326//4875 2380//4875
f 2325//4876 2380//4876 2386//4876
f 2327//4877 2385//4877 2326//4877
f 2209//4878 2319//4878 2385//4878
f 2209//4879 2385//4879 2327//4879
f 2321//4880 2324//4880 2323//4880
f 2217//4881 2386//4881 2323//4881
f 2217//4882 2323//4882 2324//4882
f 2217//4883 2325//4883 2386//4883
f 2387//4884 96//4884 101//4884
f 2336//4885 2387//4885 101//4885
f 2388//4886 94//4886 96//4886
f 2388//4887 96//4887 2387//4887
f 2388//4888 90//4888 94//4888
f 2389//4889 90//4889 2388//4889
f 2340//4890 89//4890 90//4890
f 2340//4891 90//4891 2389//4891
f 2390//4892 2336//4892 2333//4892
f 2387//4893 2336//4893 2390//4893
f 2388//4894 2387//4894 2391//4894
f 2392//4895 2340//4895 2389//4895
f 2333//4896 2334//4896 2351//4896
f 2390//4897 2333//4897 2351//4897
f 2369//4898 2390//4898 2351//4898
f 2393//4899 2387//4899 2390//4899
f 2393//4900 2390//4900 2369//4900
f 2393//4901 2391//4901 2387//4901
f 2394//4902 2388//4902 2391//4902
f 2395//4903 2391//4903 2393//4903
f 2394//4904 2391//4904 2395//4904
f 2396//4905 2389//4905 2388//4905
f 2396//4906 2388//4906 2394//4906
f 2375//4907 2392//4907 2389//4907
f 2375//4908 2389//4908 2396//4908
f 2338//4909 2340//4909 2392//4909
f 2344//4910 2338//4910 2392//4910
f 2374//4911 2392//4911 2375//4911
f 2374//4912 2344//4912 2392//4912
f 2358//4913 2344//4913 2374//4913
f 2371//4914 2393//4914 2369//4914
f 2366//4915 2371//4915 2369//4915
f 2382//4916 2395//4916 2393//4916
f 2382//4917 2393//4917 2371//4917
f 2384//4918 2394//4918 2395//4918
f 2384//4919 2395//4919 2382//4919
f 2377//4920 2396//4920 2394//4920
f 2377//4921 2394//4921 2384//4921
f 2372//4922 2375//4922 2396//4922
f 2372//4923 2396//4923 2377//4923
