# Blender v2.82 (sub 7) OBJ File: ''
# www.blender.org
mtllib sim_sea_2-5_l_shank_prt.mtl
o sim_sea_2-5_l_shank_prt
v 22.168730 -485.268921 -69.269585
v 23.530985 -495.223724 -68.858643
v 21.745729 -501.972351 -59.350182
v 20.205835 -475.978668 -59.960533
v 20.478090 -496.068542 -50.364838
v 24.645756 -505.362701 -69.141403
v 23.046448 -483.721527 -70.412323
v 22.416271 -474.921265 -68.877235
v 25.282228 -490.831085 -72.947311
v 21.458265 -458.842865 -23.292793
v 21.384394 -493.652618 -32.374157
v 24.122902 -503.649567 -22.904726
v 24.701405 -457.428314 -14.159099
v 27.299051 -508.614502 -15.296562
v 19.211742 -449.014496 -59.041000
v 17.988379 -437.184723 -50.539776
v 20.339682 -492.232483 -41.092518
v 19.184902 -449.479645 -32.769821
v 20.608446 -439.576935 -65.762352
v 21.515959 -445.471375 -67.907135
v 25.074797 -462.583008 -74.510605
v 18.172659 -441.100037 -41.565662
v 20.442642 -431.042694 -23.661392
v 23.715744 -426.612274 -14.421590
v 27.427082 -428.743713 -7.336860
v 29.076670 -458.418427 -6.699295
v 19.059500 -409.301605 -59.488461
v 21.469469 -422.695435 -67.841286
v 24.801466 -437.524292 -72.807487
v 18.630096 -410.087006 -32.853626
v 21.024752 -400.759308 -66.102547
v 24.614870 -407.624420 -71.461510
v 18.089058 -400.517120 -41.347301
v 32.973629 -414.582062 0.780618
v 18.394323 -397.033356 -50.680939
v 21.934940 -401.646942 -68.008118
v 20.601519 -403.575134 -23.756481
v 23.899128 -403.502502 -13.942010
v 28.794243 -408.015747 -4.741847
v 28.011105 -386.331940 -7.411477
v 19.613768 -390.896912 -59.187824
v 22.781542 -391.689301 -69.401878
v 22.111290 -389.974304 -68.560219
v 19.542797 -381.377777 -33.706478
v 21.276300 -382.243408 -23.941404
v 24.835402 -384.745575 -13.855520
v 20.287638 -382.357971 -58.928707
v 19.051939 -381.180725 -47.303883
v 23.314972 -382.720032 -67.367241
v 25.169264 -392.654785 -71.207314
v 22.638288 -366.772430 -50.168087
v 22.866646 -369.148224 -56.714756
v 22.248953 -373.575287 -59.281727
v 24.570381 -376.721466 -65.485489
v 25.021713 -380.472473 -67.605537
v 22.030462 -367.706146 -41.730766
v 22.495470 -367.833618 -33.299927
v 24.130453 -367.380798 -25.825989
v 23.328236 -373.271179 -22.556545
v 28.077227 -373.551880 -10.685821
v 27.392744 -368.409760 -16.220549
v 24.934044 -370.279877 -60.722820
v 24.324089 -368.508209 -57.851349
v 28.110159 -374.679962 -64.620445
v 27.903727 -368.302582 -57.367699
v 30.536211 -366.685760 -48.904148
v 23.554462 -366.582642 -37.068138
v 30.515263 -366.593903 -41.805153
v 30.386038 -367.581085 -17.946177
v 34.190460 -608.130249 -48.547066
v 30.336367 -601.483215 -49.737808
v 34.328369 -605.315613 -55.580090
v 38.898560 -607.740051 -48.637470
v 39.355949 -605.948181 -56.462582
v 27.727655 -595.945374 -42.013649
v 28.069735 -593.875793 -51.559471
v 34.398666 -608.425354 -41.633904
v 33.733860 -599.528625 -61.358437
v 38.890190 -607.682251 -41.459641
v 34.498291 -605.264832 -32.535393
v 29.942160 -593.845703 -29.900637
v 39.429085 -606.111389 -33.580860
v 34.555828 -596.835083 -24.750879
v 33.647358 -586.452087 -64.465370
v 34.332527 -594.665588 -63.345383
v 27.188656 -586.590881 -51.958935
v 39.567772 -595.309814 -65.043137
v 39.446030 -587.182800 -66.231895
v 26.468937 -586.620056 -40.806438
v 28.004044 -586.393066 -32.555088
v 31.281776 -586.679321 -26.508101
v 40.409069 -599.950439 -24.422398
v 33.937672 -583.650940 -22.862307
v 28.480841 -578.463928 -56.849976
v 26.337088 -578.080750 -49.507854
v 32.158054 -578.810242 -62.522026
v 39.046265 -568.995117 -63.599556
v 25.929243 -577.952515 -40.844368
v 27.495251 -578.413025 -32.852074
v 31.445316 -577.196533 -25.610373
v 32.763630 -577.363586 -24.384697
v 24.121799 -560.426392 -50.495335
v 33.860229 -567.292358 -63.989532
v 27.138411 -559.903992 -60.145786
v 37.431168 -568.773315 -63.994514
v 23.725765 -559.568726 -39.383015
v 25.418852 -560.545959 -30.131582
v 26.733284 -561.189636 -27.499073
v 33.400879 -566.508728 -24.283279
v 37.554272 -569.269531 -25.139322
v 39.836857 -578.064819 -22.779102
v 31.884939 -557.620239 -67.285194
v 26.598751 -550.051514 -63.040730
v 35.275433 -555.458557 -71.143906
v 29.428492 -550.992126 -16.686676
v 30.609634 -551.843018 -16.500517
v 32.921314 -557.520508 -20.475252
v 36.137375 -557.092651 -23.569721
v 23.738432 -548.694641 -49.888878
v 26.979431 -547.893005 -64.212364
v 23.725937 -548.729309 -37.108391
v 26.028250 -548.902283 -23.363794
v 38.285435 -545.774109 -3.636643
v 32.580124 -547.875000 -11.026328
v 34.651398 -549.745239 -13.485115
v 40.640427 -545.808716 -4.197816
v 24.375887 -539.418884 -58.252377
v 23.154060 -539.492249 -49.919197
v 32.850376 -541.022217 -72.932251
v 26.048943 -529.176514 -66.876022
v 28.374289 -539.508362 -16.193472
v 32.768780 -539.084290 -8.692719
v 46.336124 -544.234802 2.175465
v 35.925896 -522.124268 -78.313210
v 39.125408 -553.949341 -73.870842
v 30.740789 -502.187439 -8.375513
v 36.899338 -531.268738 -3.352042
v 36.577595 -503.932465 -2.175684
v 30.880327 -499.623749 -77.162209
v 34.211182 -487.001160 -80.707237
v 40.480801 -478.872070 -84.764656
v 34.822792 -457.269928 -0.059694
v 32.810902 -463.612610 -81.652725
v 35.485481 -444.166168 -81.785637
v 42.894043 -444.588898 -84.641586
v 30.956882 -441.795776 -3.041971
v 33.468964 -445.897491 -0.504533
v 43.171818 -448.821350 6.774294
v 42.114674 -455.418060 5.331198
v 41.697334 -432.259125 7.575023
v 26.717710 -428.457520 -73.052048
v 30.226267 -438.361969 -75.721916
v 29.762383 -434.850250 -73.155945
v 39.926693 -433.846985 -68.379990
v 39.556824 -418.340973 7.327129
v 28.605625 -419.875000 -71.882126
v 39.264492 -419.564697 -65.221222
v 39.961388 -427.986847 -66.167076
v 27.330465 -410.251251 -72.052216
v 28.447292 -411.541626 -71.722610
v 38.390491 -409.319885 -65.613564
v 39.056404 -408.725067 7.508636
v 27.737932 -401.098572 -72.077530
v 36.911194 -399.862274 -69.103157
v 39.270641 -397.143433 8.209854
v 27.583172 -392.341736 -71.572983
v 37.176228 -393.923523 -67.798576
v 28.401333 -381.839142 -68.372322
v 28.583305 -390.273254 -70.931343
v 39.621037 -381.277161 6.150985
v 38.265697 -383.449585 -63.935246
v 37.820480 -377.146393 -60.465199
v 36.484604 -372.901917 0.423134
v 31.455442 -371.444763 -60.207249
v 37.928539 -373.816681 -58.035137
v 31.042881 -368.844482 -10.285926
v 37.213654 -371.342804 -54.312702
v 37.380501 -369.247925 -48.579853
v 37.396942 -368.715637 -41.958710
v 37.342560 -369.833618 -35.056454
v 34.255070 -368.736664 -9.055532
v 41.835278 -368.956329 2.843079
v 40.568050 -587.162109 -20.435558
v 40.651852 -593.868408 -21.376398
v 39.212620 -557.101562 -69.328529
v 43.765705 -553.134766 -75.428764
v 39.651207 -563.847717 -29.226358
v 40.948872 -551.976807 -69.569412
v 40.749657 -550.311951 -60.979778
v 39.747063 -557.150085 -61.073006
v 45.670876 -548.756470 -74.911842
v 40.012405 -560.567688 -57.501102
v 57.381367 -551.282166 -81.080750
v 43.581177 -553.060974 -76.605453
v 38.491962 -548.105103 -22.552444
v 39.829815 -558.152283 -30.705595
v 36.584320 -546.686462 -10.499497
v 42.115734 -546.916199 -58.214275
v 40.870632 -548.943237 -29.895107
v 41.802937 -548.124207 -31.995283
v 40.397984 -558.857056 -32.805889
v 42.543255 -540.349915 -24.869024
v 38.508293 -540.019836 -12.054845
v 40.888115 -539.551392 -21.596189
v 49.107338 -530.885559 -11.423886
v 43.248745 -538.734497 1.005993
v 41.475388 -519.109253 -81.408989
v 49.346081 -525.146912 -83.239380
v 50.679966 -552.270325 -79.552635
v 39.436962 -534.973694 -12.438965
v 42.194763 -534.019653 -19.260897
v 43.013687 -531.026306 1.355774
v 51.004269 -531.034546 5.197613
v 52.053665 -543.375977 4.931733
v 49.068550 -539.275940 4.002805
v 43.203960 -538.681396 -24.436483
v 54.654980 -531.856018 -24.623873
v 57.206650 -530.489929 -22.144266
v 50.724617 -507.306030 5.946527
v 42.357296 -505.963745 1.966538
v 48.503941 -478.501709 -87.300423
v 42.041992 -475.904083 4.310417
v 51.767269 -439.081421 -76.021721
v 49.589420 -436.371735 -70.928040
v 49.012833 -431.789886 -63.143536
v 51.150928 -431.478882 12.539177
v 50.318577 -459.136841 8.730374
v 43.589329 -422.122040 -61.331238
v 46.557343 -419.004669 12.410872
v 44.866959 -405.289551 12.494680
v 45.122723 -388.211639 12.064150
v 37.258141 -379.232941 -7.966339
v 39.730980 -380.263672 -3.752970
v 40.110355 -390.419403 -11.380802
v 41.413139 -389.752197 -4.966852
v 40.344387 -391.274414 -12.322011
v 51.552956 -382.764557 3.964970
v 44.178295 -370.797760 1.321136
v 35.593765 -370.986359 -8.578135
v 39.605000 -381.686676 -23.813963
v 43.145767 -390.886841 -3.666441
v 49.606091 -373.792999 10.835279
v 51.669518 -388.529938 15.850668
v 37.940197 -374.271576 -25.949656
v 41.674217 -369.037659 0.278427
v 48.425488 -368.947754 7.041200
v 42.016258 -548.722900 -50.308701
v 49.479095 -535.921387 -31.882935
v 49.950947 -536.667908 -40.656036
v 45.738255 -540.792603 -50.238487
v 48.985977 -536.270935 -59.166950
v 60.841240 -552.352051 -81.969597
v 48.135666 -547.515381 -76.645737
v 47.392788 -537.692322 -65.453262
v 48.251404 -539.810120 -1.526189
v 46.433807 -544.242676 -0.002775
v 58.957993 -544.410034 6.121479
v 56.841999 -540.120972 2.033958
v 55.569023 -543.854736 3.914652
v 59.392242 -544.096985 6.757416
v 57.678856 -519.239746 -85.344330
v 50.416149 -539.596008 -76.831657
v 58.060787 -545.799316 -79.984489
v 51.193844 -532.992310 -68.178383
v 55.788536 -532.422546 -58.496868
v 57.843475 -529.542358 -69.034294
v 55.478611 -531.607056 -63.719013
v 52.166172 -533.956116 -76.627098
v 59.160664 -532.844910 -78.118706
v 57.577518 -532.967896 -49.858650
v 57.742970 -532.968079 -40.756329
v 57.611252 -532.456055 -31.751541
v 59.252380 -530.308044 -23.745560
v 62.563503 -529.865540 -21.757565
v 66.619957 -530.302673 -11.654668
v 83.142845 -531.054016 -25.000433
v 77.884354 -530.244446 -21.833820
v 82.943382 -531.002380 -8.829401
v 85.774872 -530.546143 -22.570324
v 86.029984 -529.285522 -11.922245
v 96.026054 -539.268555 -24.151520
v 94.773537 -529.855469 -23.033577
v 90.777061 -527.841187 -12.151596
v 94.855118 -520.558289 -22.598131
v 92.995918 -520.616577 -13.559310
v 97.024384 -518.511353 -28.363974
v 103.311081 -527.259460 -22.700125
v 101.486504 -539.622070 -21.208574
v 94.225983 -511.650970 -15.391207
v 95.601540 -511.350464 -31.069023
v 94.717827 -510.809967 -23.451305
v 103.478119 -524.252747 -30.346254
v 110.461075 -518.588379 -24.421038
v 106.188972 -511.231262 -13.630556
v 103.227768 -530.250488 -12.649349
v 110.845711 -510.373413 -19.578115
v 112.426208 -510.810822 -22.157804
v 98.086021 -543.798096 -26.671375
v 104.530525 -557.564636 -22.733150
v 103.484901 -539.445740 -11.096468
v 86.914536 -535.365112 -35.930313
v 77.546852 -532.648926 -35.922840
v 64.909149 -532.402161 -36.302891
v 50.304592 -534.671448 -2.408606
v 55.525379 -534.704651 -0.561619
v 63.858856 -530.881104 8.079258
v 66.541061 -531.483765 -8.266923
v 58.781933 -475.244690 10.097806
v 58.805679 -506.334778 8.137315
v 59.270084 -462.162964 10.910046
v 60.943356 -444.613983 -87.877022
v 57.683929 -473.850769 -88.926758
v 58.355057 -446.629059 12.463915
v 58.549770 -435.320557 14.292960
v 50.134312 -429.133026 -40.392590
v 85.227905 -428.858948 -40.346199
v 46.944511 -420.923401 -32.026436
v 42.964138 -410.375000 -31.280336
v 41.457684 -409.883606 -59.757469
v 51.328552 -426.973450 -33.753521
v 58.326706 -426.910889 -30.581820
v 84.766518 -426.099121 -31.327696
v 77.016205 -426.259918 -30.020914
v 56.445599 -421.986542 -23.426140
v 52.878174 -420.109863 -23.482473
v 41.757748 -391.654816 -32.497181
v 42.092140 -398.522217 -21.370129
v 44.060535 -410.051880 -23.310707
v 53.131657 -419.766144 -22.111761
v 50.924259 -410.417023 2.331793
v 51.384411 -411.257202 3.834329
v 52.978916 -420.891876 0.657419
v 52.177654 -418.646820 5.865371
v 51.924400 -412.247223 2.342153
v 57.040649 -419.571472 8.761299
v 58.009403 -421.419952 -1.335601
v 56.552235 -409.365540 8.020281
v 44.490585 -400.516266 -4.172318
v 44.125095 -406.099518 -12.593755
v 56.019459 -389.702301 6.446352
v 52.136238 -409.051544 16.033232
v 59.124557 -404.541321 19.190296
v 59.465759 -417.105011 18.110773
v 41.054131 -381.123871 -59.707394
v 39.750832 -373.695740 -33.946102
v 39.606434 -372.890991 -50.387791
v 42.476231 -400.610535 -12.383881
v 57.536938 -418.959961 -13.066013
v 55.041237 -383.421021 5.946530
v 59.159119 -387.441742 18.287111
v 52.868683 -368.497009 7.488344
v 60.021099 -373.825104 14.866056
v 60.269142 -368.576477 11.966309
v 68.067795 -552.030945 -82.111076
v 66.941917 -513.410217 -86.738853
v 67.615005 -544.159058 7.105573
v 66.661469 -541.379028 2.607117
v 66.778152 -544.169678 4.986254
v 66.445213 -528.931030 -68.679573
v 63.609413 -531.524536 -54.313030
v 66.790070 -532.106079 -49.881084
v 65.662231 -514.127014 8.901649
v 67.518967 -502.425262 9.302403
v 67.499687 -492.937561 10.026631
v 66.858582 -468.224060 -89.875160
v 67.355721 -474.713379 10.924032
v 67.377312 -465.178955 11.412176
v 75.396759 -450.900482 12.968599
v 66.219673 -447.523010 13.075139
v 80.491959 -441.051514 -76.578552
v 85.185577 -432.622650 -63.321949
v 94.285789 -425.218567 -60.257690
v 84.515526 -439.880402 -69.891609
v 97.045677 -429.276398 -62.815804
v 97.668839 -425.035980 -61.943512
v 86.621277 -420.592224 -29.035166
v 91.878693 -422.901031 -41.202118
v 77.534973 -425.688843 -28.528526
v 67.805779 -426.218414 -28.950348
v 67.640045 -417.807312 18.796408
v 66.692154 -421.858093 -16.919802
v 66.520912 -419.338348 11.619379
v 61.673359 -408.863953 11.200640
v 63.439281 -420.886658 -9.838008
v 67.601402 -421.952667 -2.014499
v 66.813416 -421.356995 -14.345852
v 63.070488 -400.910919 11.748966
v 67.393356 -400.370880 20.127542
v 63.373779 -391.066467 10.477192
v 62.246578 -382.724365 8.423514
v 66.540367 -370.897339 9.780509
v 80.136612 -382.799042 7.767766
v 76.687347 -370.483032 9.474762
v 57.110840 -371.496552 7.961056
v 66.509750 -387.084198 19.369104
v 70.756157 -374.750885 16.457394
v 70.614632 -368.490570 11.323618
v 72.549004 -368.420685 13.401572
v 76.831139 -551.324463 -83.092285
v 76.698402 -543.881897 -84.474899
v 75.852242 -532.191406 -79.557037
v 81.735336 -548.636963 -82.892967
v 76.965775 -531.257690 -85.691788
v 75.910507 -544.222229 6.640860
v 76.685287 -541.487061 2.021448
v 77.475929 -544.305054 4.294671
v 75.304504 -531.780518 8.002861
v 75.494102 -528.888977 -68.815392
v 67.046089 -529.896179 -60.124821
v 76.389793 -530.428101 -59.430962
v 76.141655 -532.586609 -49.877930
v 80.346451 -532.080566 -55.510757
v 84.742233 -534.765564 -49.961449
v 76.950951 -500.870026 -87.716156
v 93.535583 -535.112488 -4.354204
v 86.522247 -541.067993 0.568338
v 76.880562 -495.461121 9.467335
v 76.124977 -492.182465 -89.206070
v 75.959076 -483.162964 -89.899498
v 75.916222 -465.485352 11.283161
v 75.865822 -474.142090 -89.606125
v 74.022842 -444.773407 -87.524117
v 75.493881 -436.412445 15.090474
v 75.375832 -424.142609 17.734966
v 76.280510 -422.945557 -21.641624
v 76.750000 -420.390289 -16.183268
v 82.393127 -420.748779 -23.234016
v 92.256775 -405.905670 -34.524071
v 76.827805 -419.512360 11.427575
v 67.902664 -409.698700 14.516080
v 82.542114 -413.820801 2.741344
v 76.865814 -421.886749 0.474141
v 75.789085 -409.172791 19.955414
v 76.690125 -419.616211 -13.209264
v 68.062584 -401.417511 14.895618
v 74.573410 -409.537994 14.415167
v 74.126076 -401.388885 14.919029
v 75.411423 -394.842163 20.692978
v 68.123940 -394.432678 13.778845
v 73.849625 -394.714050 14.189808
v 77.386787 -390.957611 9.749127
v 79.684608 -383.492096 18.230402
v 81.366753 -551.200317 -83.204674
v 84.367989 -543.682800 -85.277824
v 84.701340 -553.417664 -84.669991
v 89.921387 -531.654541 -88.767593
v 81.817085 -530.561951 -81.151405
v 91.005760 -544.443298 4.161110
v 83.367188 -544.304993 5.743444
v 87.767693 -544.308411 2.670852
v 84.046738 -530.925293 6.726051
v 84.369469 -522.550110 -85.275551
v 84.902390 -527.305420 -64.390755
v 82.868683 -529.555725 -63.394688
v 86.758179 -533.781006 -58.626678
v 85.007248 -501.790741 -86.363014
v 84.422104 -502.003662 8.074072
v 89.085968 -493.182678 -93.263435
v 90.515709 -501.375366 -92.700180
v 88.615814 -484.240692 -92.656059
v 84.789879 -464.635498 10.012055
v 88.638161 -477.992340 -91.013847
v 82.257523 -465.236237 -87.426582
v 82.120811 -455.773590 -86.533752
v 84.025131 -445.512543 -86.467491
v 84.274666 -437.039978 13.429406
v 83.572243 -426.726105 15.685506
v 93.801331 -409.815918 15.204718
v 86.226700 -419.246979 8.657463
v 80.549393 -408.414093 9.846977
v 85.890892 -411.029999 6.001559
v 87.347977 -411.273346 4.362634
v 85.774727 -421.145599 0.562762
v 84.556107 -409.155243 18.342596
v 85.819984 -418.541443 -12.784569
v 86.448586 -418.799042 -21.590158
v 95.189156 -418.818695 -13.452250
v 92.621300 -411.113098 2.820421
v 84.431465 -394.719360 18.926136
v 79.103104 -400.487640 10.059786
v 87.710548 -383.357422 4.883468
v 86.229652 -371.315033 7.463214
v 85.934334 -382.343475 5.704872
v 82.460251 -372.149323 14.141404
v 87.283913 -368.856598 8.551826
v 86.394859 -368.809998 10.961965
v 96.658440 -545.311157 -1.311990
v 90.746010 -531.175903 4.762109
v 82.886452 -521.146606 -78.357559
v 84.709564 -520.138306 -70.069725
v 97.167152 -538.509399 -62.321526
v 93.865028 -541.465576 -49.390823
v 94.569786 -521.466125 -63.767574
v 94.881409 -529.682068 -64.295029
v 101.636948 -530.617615 -67.478256
v 106.380760 -539.758057 -69.588181
v 106.311951 -521.454163 -71.197662
v 108.617111 -528.887817 -71.495750
v 93.014107 -511.258301 -63.507256
v 96.629837 -519.179321 -60.910782
v 104.617043 -523.343506 -59.401230
v 83.662407 -511.514496 -78.193161
v 85.299889 -511.906128 -70.565186
v 85.047508 -506.759491 -77.024857
v 88.246147 -505.442261 -70.793945
v 93.512718 -503.463043 -68.342018
v 91.703613 -490.577179 6.593025
v 94.607758 -502.191956 -71.970924
v 93.803360 -503.972809 -86.671280
v 98.412926 -492.824554 -91.521049
v 94.207916 -475.881195 -88.923347
v 92.346642 -462.034088 7.946891
v 83.964211 -455.725342 -85.367844
v 83.978432 -464.964966 -86.429405
v 94.661545 -471.743561 -85.834259
v 94.212502 -448.452454 -85.712440
v 85.195236 -455.238861 -78.632408
v 94.104279 -461.331177 -72.307487
v 89.146011 -463.977020 -76.603493
v 94.160034 -465.452942 -76.287758
v 84.348747 -447.227234 -77.302628
v 86.409454 -453.581909 -71.955177
v 94.310532 -456.489319 -66.385132
v 96.022057 -445.725861 -81.686729
v 92.465591 -435.050537 11.079398
v 101.250259 -445.924866 -83.339088
v 93.576424 -447.013153 -63.209827
v 95.719261 -439.290649 -63.231293
v 95.910744 -445.111725 -82.583031
v 94.744720 -410.846832 -31.934278
v 93.602783 -415.305817 -33.418560
v 91.589935 -418.525665 5.626318
v 91.782845 -412.344482 4.377533
v 93.992775 -420.475067 -2.395297
v 97.820625 -412.752106 -26.397291
v 91.565575 -394.688507 16.444727
v 99.690292 -394.403076 -2.194183
v 98.615540 -381.353149 -2.273985
v 92.298393 -380.155334 3.108676
v 92.078491 -380.641296 13.768005
v 93.380928 -372.509857 4.000475
v 96.632233 -374.215546 9.224105
v 91.714706 -530.515137 -91.437576
v 94.110100 -521.978821 -88.715034
v 101.768837 -505.165375 -78.846832
v 100.696068 -484.690033 -91.070152
v 104.961060 -510.625488 -84.244904
v 100.961517 -514.583130 -96.265434
v 109.320610 -501.527405 -80.554321
v 103.501274 -494.450958 -87.097618
v 109.652740 -492.382507 -81.771317
v 99.607262 -539.549622 -0.349501
v 94.016296 -538.994690 2.973550
v 103.699348 -546.194885 -4.562949
v 99.121857 -539.805786 -5.688745
v 101.580391 -546.249634 -5.573592
v 97.370903 -547.556824 -57.805214
v 100.894348 -506.298279 1.189616
v 95.330017 -510.991486 -59.865265
v 98.687698 -512.223450 -54.891319
v 96.502762 -503.691833 -61.177689
v 98.237038 -500.326721 -60.432098
v 96.690361 -502.644836 -68.241821
v 97.553764 -500.726410 -21.614439
v 96.867065 -498.839905 -17.847231
v 97.749870 -503.481781 -30.168158
v 97.178925 -494.937592 -18.925035
v 96.785522 -494.735962 -17.565355
v 100.006538 -493.317566 -17.886282
v 105.056763 -503.371338 -14.334199
v 99.666016 -492.982025 -18.206539
v 99.148659 -501.939880 -32.193047
v 112.442146 -505.543549 -24.557468
v 104.837669 -523.106079 -41.746468
v 98.074997 -511.223907 -40.872688
v 98.777122 -497.496399 2.681245
v 101.609802 -479.161713 -89.248558
v 100.803986 -456.642090 4.469287
v 106.822998 -465.259735 -81.249023
v 105.278206 -464.284821 -80.909149
v 106.684425 -454.424011 -80.152687
v 104.215546 -457.701721 -68.188011
v 96.665344 -454.478882 -51.858524
v 104.122215 -457.890442 -64.948486
v 96.984962 -444.075592 7.894486
v 107.592476 -454.532623 -80.710114
v 105.721565 -445.317261 -79.158035
v 105.994919 -442.910034 -79.229080
v 95.330925 -447.558075 -49.604404
v 99.066132 -456.879852 -47.899036
v 96.654610 -451.230804 -46.059750
v 98.985252 -441.664856 -24.468830
v 97.399033 -446.051697 -30.417757
v 97.513611 -443.904388 -26.155151
v 101.579254 -443.125580 -23.500689
v 98.888588 -449.060852 -31.732073
v 101.422752 -440.361786 -25.671247
v 103.855415 -439.680298 -30.668131
v 104.537460 -435.927368 -64.815849
v 103.834496 -438.514862 -40.343853
v 100.790131 -434.223907 6.953776
v 104.491058 -428.114441 -66.351608
v 100.355392 -410.711945 11.228894
v 95.714073 -422.413269 -58.463390
v 95.201180 -418.853271 -50.101414
v 94.254372 -418.440582 -41.297459
v 97.215149 -410.137787 -58.365673
v 95.359566 -411.154327 -49.060116
v 100.325844 -409.743958 -62.873150
v 108.144775 -445.694031 -76.558640
v 117.985153 -440.413818 -58.944496
v 114.766769 -441.500946 -67.645599
v 115.253471 -428.932617 -75.094078
v 113.749725 -426.286255 -73.363022
v 104.022346 -409.722626 -65.665237
v 113.968575 -409.857666 -72.381554
v 94.301575 -409.371643 -40.617722
v 95.881378 -419.034668 -12.413104
v 104.576103 -416.860962 -5.011027
v 106.773193 -411.780579 -3.647766
v 97.207840 -397.154907 -28.439426
v 110.937943 -411.670380 -9.701207
v 100.829811 -397.700195 -27.658577
v 99.940292 -412.686920 -26.275690
v 94.257271 -399.589813 -31.379354
v 106.971733 -419.073486 -13.905601
v 98.699821 -395.152893 12.744238
v 95.872437 -402.097229 -59.118179
v 92.864922 -402.479675 -50.821602
v 93.105743 -394.072357 -58.640499
v 99.358711 -405.187408 -62.093029
v 96.376198 -391.149719 -61.232796
v 93.207901 -390.627655 -58.754807
v 92.439392 -400.787354 -49.984871
v 92.578781 -390.816162 -50.113182
v 92.173637 -404.030426 -34.798050
v 92.174911 -397.851227 -48.490112
v 93.165123 -391.440277 -31.635395
v 106.357994 -403.774597 -3.690718
v 104.374626 -392.045868 -7.685162
v 98.936760 -390.776581 -62.029266
v 103.772614 -404.622589 -64.265984
v 95.301872 -382.615265 -60.465725
v 92.544083 -381.792633 -31.792782
v 91.750946 -382.034973 -50.342365
v 98.335075 -383.366455 -61.510235
v 93.083511 -394.744934 -29.952015
v 96.813469 -390.819855 -26.899649
v 96.926987 -381.963440 -26.482990
v 100.030724 -381.987671 -24.867138
v 98.656044 -384.344330 11.091107
v 98.087090 -371.150360 1.456061
v 103.881493 -378.113403 -9.037036
v 92.130089 -379.189972 -57.352936
v 92.586487 -379.016602 -58.037292
v 98.199570 -377.553741 -59.854816
v 92.326782 -370.487793 -50.223888
v 96.663857 -369.638794 -54.142681
v 91.656158 -371.922394 -49.978058
v 95.461807 -365.060577 -44.411633
v 91.263420 -370.726593 -37.984535
v 91.749466 -369.949402 -39.158520
v 96.605064 -368.694489 -34.876232
v 94.229881 -374.129486 -31.723734
v 91.079468 -374.927856 -49.236279
v 103.802750 -364.532013 -52.204945
v 93.177872 -377.849640 -29.256540
v 92.733063 -378.370361 -29.829779
v 97.156258 -376.069092 -26.764658
v 101.261597 -374.797577 -23.844046
v 100.890114 -370.365967 -29.242056
v 98.394196 -369.093811 4.977818
v 99.345131 -362.196228 -46.030098
v 99.481606 -362.606903 -41.647388
v 102.317047 -363.490906 -50.244091
v 104.016693 -363.414154 -37.555580
v 99.129005 -368.999908 2.023324
v 100.380470 -605.621155 -31.636362
v 99.891579 -600.483643 -24.818771
v 100.140198 -602.209717 -61.284023
v 100.488960 -605.454651 -54.577366
v 102.683952 -605.557678 -55.112026
v 103.649895 -601.819153 -62.128479
v 99.909515 -595.591919 -65.378456
v 103.436806 -594.753357 -63.969761
v 99.815910 -588.352173 -21.275669
v 100.194160 -587.573792 -65.912643
v 103.902672 -586.315186 -64.451042
v 105.111305 -578.034851 -63.815987
v 99.791016 -577.950684 -22.984377
v 100.975662 -569.403809 -63.379192
v 105.202568 -565.585144 -65.705254
v 100.106476 -568.030334 -31.808376
v 99.610703 -560.541260 -56.747009
v 103.139816 -558.181702 -64.145004
v 100.312119 -569.925537 -24.925331
v 106.111870 -557.915894 -67.656342
v 99.453239 -559.077209 -32.279186
v 103.820076 -557.893311 -23.568644
v 106.821274 -567.162720 -24.621082
v 104.761925 -577.959167 -24.292326
v 102.871361 -589.289307 -23.384798
v 102.663780 -600.520569 -26.716326
v 103.114983 -607.400146 -32.040752
v 100.771957 -607.342712 -43.398937
v 101.497910 -607.913757 -44.866577
v 109.932396 -559.997864 -64.094780
v 110.203697 -483.495148 -82.229897
v 107.178841 -557.167786 -68.283989
v 108.675415 -559.475464 -66.877525
v 109.328262 -557.623840 -20.112034
v 105.990746 -549.457214 -68.505585
v 111.945389 -552.888672 -17.217159
v 106.191757 -549.208923 -12.845125
v 107.874107 -547.882812 -9.200522
v 104.258301 -529.927551 -3.113622
v 98.783218 -511.394989 -50.802849
v 105.485931 -523.199951 -50.297325
v 112.640190 -519.891785 -45.571808
v 111.525665 -517.738647 -56.218174
v 113.050514 -511.470947 -56.065933
v 108.276825 -518.969788 -74.713852
v 105.282066 -513.595459 -73.648079
v 112.769623 -518.498047 -31.541132
v 104.360275 -500.290344 -48.356289
v 104.330376 -500.494537 -41.748390
v 106.290726 -483.143524 -1.540140
v 114.714470 -504.721039 -49.194477
v 114.689362 -504.792480 -40.696011
v 113.062393 -505.626038 -55.729122
v 114.169464 -504.919342 -31.580450
v 105.168152 -511.585266 -76.811523
v 109.969772 -474.754425 -81.954170
v 104.811638 -475.318512 -86.054024
v 108.999908 -464.800232 -80.452217
v 116.598778 -454.113190 -60.101585
v 114.076340 -453.112762 -66.579811
v 115.193283 -447.353973 -68.795326
v 117.695045 -456.387024 -50.513397
v 99.276314 -456.127289 -39.363506
v 105.896225 -465.594940 -45.320766
v 105.406136 -465.819733 -39.344822
v 110.908859 -465.652527 -39.488503
v 110.350433 -464.691803 -45.324062
v 99.333672 -453.145813 -31.987532
v 105.656822 -467.478302 -29.745104
v 110.828362 -467.072510 -32.355442
v 101.727829 -459.473480 -21.138639
v 113.747742 -459.246277 -20.682577
v 112.525124 -446.503662 -28.739624
v 115.372627 -456.054657 -28.694927
v 105.536278 -467.249176 -26.417725
v 112.527420 -463.920410 -21.144602
v 101.869095 -459.611725 -17.093836
v 111.323349 -460.334442 -16.233852
v 102.557510 -461.046906 -17.319674
v 111.042412 -463.123291 -16.674974
v 102.748535 -446.782379 3.790938
v 108.162933 -439.387085 -0.003544
v 110.792931 -442.533295 -80.140762
v 111.648712 -440.953003 -29.365438
v 112.289841 -437.583435 -78.083069
v 117.794724 -440.731842 -50.054169
v 117.294121 -440.917023 -41.767529
v 106.128227 -408.882568 6.538044
v 106.678589 -420.346954 -23.950645
v 112.140121 -416.800262 -15.099779
v 113.645668 -411.111755 -13.290309
v 114.439484 -400.483795 -70.895401
v 106.236855 -413.386719 -37.990326
v 103.623833 -410.650360 -32.213081
v 106.771706 -417.197937 -37.646137
v 106.553612 -417.749542 -35.376682
v 109.335831 -413.611755 -37.763546
v 111.281235 -418.588501 -33.268089
v 109.234062 -416.595428 -38.080185
v 115.671432 -410.099976 -30.003809
v 105.624916 -401.128296 -30.328732
v 111.540680 -401.978119 -29.615906
v 111.869316 -419.335358 -23.480949
v 104.088531 -390.280304 -61.976097
v 104.871330 -398.992493 -63.171429
v 108.317329 -398.936737 -63.705704
v 115.427116 -400.375580 -21.164000
v 114.406525 -391.067780 -19.084826
v 106.312698 -392.929657 -9.104781
v 104.833107 -389.553711 7.209025
v 103.852112 -381.603882 -61.013557
v 110.299622 -389.821014 -63.478741
v 111.047096 -381.312683 -62.651382
v 113.356834 -372.124603 -19.906086
v 105.829117 -377.359131 -11.769909
v 112.962372 -401.048950 -13.728569
v 111.238029 -374.272491 -16.061127
v 103.998787 -371.935669 -57.690887
v 111.843803 -372.207520 -59.797298
v 106.827599 -374.476166 1.145081
v 117.174561 -368.183167 -58.613106
v 104.228951 -370.008240 -28.609076
v 109.190331 -368.976074 -9.216658
v 109.294586 -363.104553 -50.884361
v 112.778847 -364.115417 -35.130932
v 110.271400 -368.451172 -28.250320
v 107.686752 -368.888885 -2.545267
v 114.871742 -368.634979 -20.629057
v 109.416893 -363.150818 -37.167023
v 108.901917 -577.582886 -50.195152
v 107.397141 -577.316467 -58.910305
v 108.973511 -577.767822 -40.575031
v 107.830925 -577.298218 -31.372488
v 116.059608 -565.525146 -35.786354
v 113.940079 -566.038879 -30.668081
v 116.150124 -564.171265 -33.460350
v 116.698685 -565.483032 -41.811413
v 113.902214 -567.729004 -51.593960
v 116.174774 -564.908020 -48.367863
v 112.982246 -564.226746 -57.907635
v 115.085030 -561.075073 -56.196419
v 115.256584 -551.913086 -61.226482
v 115.270538 -560.868896 -27.672993
v 109.154037 -538.456421 -70.127327
v 112.752480 -539.708618 -67.518021
v 116.232468 -538.540771 -64.447281
v 112.852409 -551.374512 -17.212093
v 108.334541 -538.858521 -7.966915
v 110.639908 -519.094666 -74.278671
v 116.641464 -527.557617 -66.054230
v 111.788254 -537.641541 -68.328262
v 113.218040 -539.832092 -15.806240
v 117.861908 -512.899109 -67.651047
v 109.506874 -520.203796 -7.591356
v 105.971069 -515.455750 -83.234619
v 111.895142 -511.006836 -76.119514
v 118.164230 -502.922852 -69.452583
v 115.994461 -510.326172 -46.237701
v 115.109016 -511.432343 -30.934612
v 112.088593 -502.215698 -77.596573
v 109.991547 -491.492798 -6.135848
v 112.512314 -494.578552 -9.759587
v 117.985970 -493.566132 -71.166389
v 113.316467 -484.086121 -78.483841
v 117.779900 -483.178375 -72.908897
v 117.735413 -477.145447 -73.611259
v 114.427452 -452.413391 -8.283444
v 117.082649 -462.317780 -74.851372
v 112.185204 -444.987518 -4.649648
v 118.163841 -455.928711 -39.500755
v 117.887817 -439.315369 -76.077286
v 118.652237 -447.269775 -60.698452
v 119.788193 -447.813416 -50.497253
v 119.218475 -447.679962 -40.790600
v 117.566322 -428.778381 -74.836502
v 109.356354 -422.347382 1.288635
v 115.872047 -420.119232 -7.537060
v 116.242439 -409.933197 -21.349245
v 112.425468 -402.312897 -0.381981
v 116.817146 -402.375183 -72.940811
v 115.653069 -390.978851 -70.359825
v 109.935387 -385.825226 1.036187
v 117.787704 -383.989227 -70.827644
v 111.691780 -377.819489 -3.359747
v 117.237617 -375.400269 -66.403618
v 116.109772 -382.040588 -8.638084
v 113.410149 -368.928345 -9.746268
v 113.058495 -363.296967 -49.857529
v 121.223717 -365.853851 -50.530121
v 118.891289 -372.535980 -64.291519
v 121.622810 -368.326721 -58.204746
v 119.380402 -369.190613 -20.460129
v 122.824905 -367.386383 -33.220703
v 117.848305 -557.231812 -41.036388
v 116.404457 -560.542175 -30.343473
v 117.336838 -556.924255 -49.358395
v 115.494156 -556.600403 -24.915512
v 118.062408 -548.345398 -49.830032
v 118.725571 -542.001160 -40.653793
v 117.676987 -548.666992 -32.630062
v 115.982979 -549.065063 -24.256681
v 116.883263 -539.754883 -62.832363
v 118.579819 -530.279846 -58.733162
v 119.449547 -530.303162 -50.239475
v 119.104836 -524.989136 -31.787561
v 122.684753 -481.589813 -50.299168
v 115.418694 -497.032623 -14.750696
v 120.759460 -498.280548 -59.402901
v 122.920731 -475.025482 -41.176796
v 119.847382 -473.718933 -23.151503
v 121.585068 -483.899231 -59.415440
v 119.856674 -483.533356 -67.076782
v 121.986198 -472.162567 -32.475811
v 122.498322 -465.926971 -59.676605
v 120.625183 -463.254181 -68.188866
v 117.639000 -456.389374 -14.595442
v 121.888351 -441.807587 -66.814034
v 121.919487 -439.776489 -23.255379
v 121.861610 -420.157349 -68.498459
v 119.119217 -423.479645 -73.504517
v 119.850281 -414.309235 -14.621089
v 118.359566 -402.434479 -73.185112
v 122.400940 -414.760925 -66.823975
v 118.978271 -397.799377 -72.583633
v 121.353806 -397.472412 -69.183884
v 119.690247 -382.777374 -14.668132
v 118.913673 -383.343231 -70.492737
v 121.074821 -383.168152 -67.782753
v 118.996368 -376.147949 -67.310806
v 120.176201 -373.731567 -64.794296
v 118.304359 -374.048645 -14.852503
v 122.654099 -381.576111 -22.340582
v 121.564857 -373.336456 -22.108654
v 121.710693 -369.248932 -25.137270
v 123.186440 -367.326599 -49.740692
v 123.696701 -441.503601 -59.229343
v 124.872749 -432.113373 -50.405128
v 123.932297 -434.630280 -32.465961
v 124.909134 -429.159698 -41.164143
v 124.176033 -400.417694 -59.498524
v 125.533974 -400.250122 -42.250488
v 124.910294 -398.687317 -32.329823
v 125.146896 -404.055206 -50.727917
v 123.212822 -397.313354 -24.150579
v 125.232269 -380.815399 -50.781853
v 123.878754 -381.525146 -59.104355
v 125.294083 -381.165894 -34.710037
v 123.963631 -368.274231 -41.522572
vn -0.9499 -0.1415 -0.2788
vn -0.9873 -0.0619 -0.1464
vn -0.9931 -0.0612 -0.0999
vn -0.9629 -0.0989 -0.2510
vn -0.6981 -0.1246 -0.7050
vn -0.8186 0.0413 -0.5728
vn -0.9710 0.0322 -0.2369
vn -0.8702 -0.1018 -0.4821
vn -0.8803 -0.0838 -0.4670
vn -0.5972 0.0961 -0.7963
vn -0.9733 -0.0560 0.2224
vn -0.9337 -0.0552 0.3537
vn -0.9384 -0.0529 0.3414
vn -0.9695 -0.0274 -0.2436
vn -0.9973 -0.0423 -0.0604
vn -0.9948 -0.0334 -0.0967
vn -0.9991 -0.0422 0.0026
vn -0.9926 -0.0484 0.1111
vn -0.9809 -0.0472 0.1887
vn -0.9700 -0.0283 -0.2414
vn -0.9368 -0.0171 -0.3493
vn -0.8934 -0.0125 -0.4490
vn -0.8738 -0.0333 -0.4852
vn -0.9991 -0.0423 0.0021
vn -0.9963 -0.0415 0.0751
vn -0.9788 -0.0331 0.2021
vn -0.9405 -0.0299 0.3386
vn -0.9381 -0.0271 0.3453
vn -0.8886 -0.0245 0.4581
vn -0.8641 -0.0373 0.5019
vn -0.9773 -0.0061 -0.2117
vn -0.9908 -0.0053 -0.1352
vn -0.9217 -0.0008 -0.3879
vn -0.8305 -0.0001 -0.5570
vn -0.8497 0.0265 -0.5267
vn -0.9948 -0.0138 0.1013
vn -0.9864 -0.0135 0.1636
vn -0.9613 0.0079 -0.2754
vn -0.9432 0.0072 -0.3321
vn -0.7984 0.0221 -0.6017
vn -0.9998 -0.0022 0.0196
vn -0.9981 -0.0024 0.0609
vn -0.8752 0.0682 0.4790
vn -0.9960 0.0098 -0.0888
vn -0.8992 0.0164 -0.4372
vn -0.7796 0.0123 -0.6262
vn -0.9995 0.0100 -0.0290
vn -0.9782 0.0064 0.2074
vn -0.9427 0.0006 0.3337
vn -0.9479 0.0066 0.3184
vn -0.8834 -0.0027 0.4687
vn -0.8299 -0.0619 0.5544
vn -0.8768 0.0274 0.4800
vn -0.9689 0.0332 -0.2450
vn -0.9923 0.0318 -0.1193
vn -0.8994 0.0153 -0.4368
vn -0.9665 0.0396 -0.2537
vn -0.8245 -0.0455 -0.5640
vn -0.8025 -0.0152 -0.5964
vn -0.9941 0.0346 0.1024
vn -0.9814 0.0327 0.1893
vn -0.9834 0.0365 0.1778
vn -0.9475 0.0327 0.3181
vn -0.8920 0.0424 0.4500
vn -0.9649 0.0837 -0.2489
vn -0.9933 0.0620 -0.0977
vn -0.9902 0.0816 -0.1135
vn -0.4932 0.2202 -0.8415
vn -0.9178 0.2079 -0.3382
vn -0.5313 0.2173 -0.8188
vn -0.5935 0.0356 -0.8040
vn -0.9989 0.0448 -0.0159
vn -0.9975 0.0610 0.0369
vn -0.9385 0.0453 0.3424
vn -0.9683 0.2162 -0.1248
vn -0.9720 0.2081 -0.1094
vn -0.9687 0.2111 -0.1309
vn -0.9211 0.1921 -0.3387
vn -0.8228 0.3196 -0.4700
vn -0.5677 0.3522 -0.7441
vn -0.4473 0.2486 -0.8591
vn -0.9715 0.2330 -0.0442
vn -0.9766 0.2117 0.0383
vn -0.9795 0.1930 0.0569
vn -0.9597 0.2082 0.1888
vn -0.9590 0.2031 0.1975
vn -0.9711 0.2025 0.1266
vn -0.9164 0.1524 0.3702
vn -0.9171 0.1625 0.3640
vn -0.7780 0.3929 -0.4903
vn -0.8905 0.3074 0.3354
vn -0.8912 0.2720 0.3630
vn -0.7542 0.4174 -0.5069
vn -0.6431 0.5831 -0.4964
vn -0.5690 0.7665 -0.2980
vn -0.0665 0.4849 -0.8721
vn -0.1489 0.5933 -0.7911
vn 0.0215 0.8529 -0.5216
vn 0.0237 0.9762 -0.2153
vn -0.0325 0.9835 -0.1778
vn -0.6608 0.7497 0.0354
vn -0.0079 0.9999 -0.0139
vn -0.0089 0.9999 -0.0130
vn -0.6851 0.7268 0.0488
vn -0.6154 0.7834 0.0871
vn -0.0611 0.9954 0.0738
vn -0.1747 0.9710 0.1633
vn -0.8252 -0.5186 -0.2237
vn 0.0697 -0.9266 -0.3695
vn -0.1610 -0.9600 -0.2292
vn -0.8682 -0.4926 0.0600
vn -0.9467 -0.3061 -0.1003
vn -0.8820 -0.4713 0.0065
vn -0.8564 -0.4062 -0.3187
vn -0.8858 -0.3396 -0.3161
vn 0.1648 -0.9852 -0.0470
vn 0.0827 -0.9965 0.0081
vn -0.8713 -0.4606 0.1695
vn -0.8839 -0.4062 0.2320
vn -0.0920 -0.9403 0.3276
vn 0.1535 -0.9710 0.1831
vn -0.7836 -0.4186 0.4591
vn -0.8870 -0.1123 -0.4479
vn -0.7880 -0.1473 -0.5978
vn -0.8802 -0.1315 -0.4560
vn -0.3277 -0.3225 -0.8880
vn -0.3056 -0.1536 -0.9397
vn -0.3211 -0.1418 -0.9364
vn -0.9901 -0.1255 -0.0627
vn -0.9903 -0.1233 -0.0642
vn -0.9623 -0.1767 0.2066
vn -0.9705 -0.1549 0.1848
vn -0.8788 -0.0599 0.4735
vn -0.3727 -0.6282 0.6830
vn -0.7143 -0.1859 0.6747
vn -0.7740 -0.1252 0.6207
vn -0.8798 -0.1345 -0.4559
vn -0.9600 -0.0156 -0.2795
vn -0.8395 -0.0256 -0.5427
vn -0.2736 0.1319 -0.9528
vn -0.9960 -0.0623 -0.0644
vn -0.9952 -0.0865 -0.0456
vn -0.9813 -0.0557 0.1841
vn -0.9802 -0.0602 0.1886
vn -0.8794 -0.0298 0.4752
vn -0.8746 -0.0378 0.4834
vn -0.6837 -0.0571 0.7276
vn -0.8055 -0.0069 0.5926
vn -0.9530 -0.1348 -0.2712
vn -0.7439 0.0249 -0.6678
vn -0.8333 -0.1545 -0.5308
vn -0.5220 -0.0315 -0.8524
vn 0.0089 0.0247 -0.9997
vn 0.2343 -0.0243 -0.9719
vn -0.9923 -0.1154 -0.0450
vn -0.9917 -0.1259 -0.0256
vn -0.9731 -0.1409 0.1825
vn -0.9776 -0.1303 0.1651
vn -0.8478 -0.1912 0.4946
vn -0.8979 -0.1664 0.4076
vn -0.6783 0.0330 0.7340
vn -0.4522 -0.0279 0.8915
vn 0.1889 -0.0203 0.9818
vn -0.1986 0.1955 0.9604
vn -0.1971 0.2060 0.9585
vn -0.9454 -0.1220 -0.3021
vn -0.7245 -0.3502 -0.5937
vn -0.7801 -0.2153 -0.5875
vn -0.5878 -0.3659 -0.7215
vn -0.2038 -0.4885 -0.8484
vn -0.6559 -0.4607 0.5980
vn -0.8963 -0.1887 0.4014
vn -0.4646 -0.4825 0.7425
vn 0.5895 -0.2882 0.7546
vn 0.6882 -0.2516 0.6805
vn 0.1286 -0.1120 0.9853
vn -0.9541 -0.0157 -0.2991
vn -0.9733 -0.1121 -0.2001
vn -0.7686 -0.1951 -0.6093
vn -0.9993 0.0076 -0.0362
vn -0.9995 -0.0326 -0.0011
vn -0.9837 -0.0369 0.1761
vn -0.9854 -0.0440 0.1645
vn -0.8979 -0.1851 0.3993
vn -0.5280 -0.6019 0.5991
vn -0.6135 -0.4958 0.6146
vn -0.2364 -0.6200 0.7481
vn 0.0786 -0.9189 0.3866
vn 0.3594 -0.9197 0.1580
vn 0.5910 -0.6081 0.5301
vn -0.9318 -0.0319 -0.3616
vn -0.9766 -0.0627 -0.2059
vn -0.9796 -0.1396 -0.1449
vn -0.7476 -0.1746 -0.6409
vn -0.7736 -0.1268 -0.6208
vn -0.9529 -0.0887 -0.2902
vn -0.6771 -0.2014 -0.7078
vn -0.9980 -0.0634 -0.0011
vn -0.8990 -0.1008 0.4262
vn -0.8364 -0.1238 0.5339
vn -0.8560 -0.1004 0.5072
vn 0.0356 -0.9772 0.2095
vn -0.7612 -0.1511 0.6307
vn -0.7318 -0.0738 -0.6775
vn -0.5167 -0.1902 -0.8348
vn -0.4759 -0.1683 -0.8632
vn -0.9982 -0.0597 0.0015
vn -0.9925 -0.0517 0.1105
vn -0.9848 -0.0560 0.1643
vn -0.9316 -0.0429 0.3610
vn -0.8604 -0.0516 0.5070
vn -0.8775 -0.0444 0.4776
vn -0.7556 -0.0471 0.6534
vn -0.7260 -0.0828 0.6827
vn -0.9584 -0.0754 -0.2755
vn -0.9874 -0.0623 -0.1453
vn -0.9931 -0.0725 -0.0925
vn -0.9981 -0.0614 0.0105
vn -0.9710 -0.0433 0.2351
vn -0.9316 -0.0429 0.3609
vn -0.9630 -0.0812 -0.2571
vn -0.7186 -0.1077 -0.6870
vn -0.7329 -0.0379 0.6793
vn -0.7352 -0.1308 -0.6651
vn -0.7291 -0.1434 -0.6693
vn -0.5604 -0.0835 -0.8240
vn -0.4636 -0.0828 -0.8822
vn -0.8727 -0.0551 0.4851
vn -0.7504 -0.0538 0.6588
vn -0.7350 -0.0583 0.6756
vn -0.6574 -0.0584 -0.7513
vn -0.5948 -0.0680 -0.8010
vn -0.8644 -0.0520 0.5001
vn -0.6809 -0.0455 -0.7310
vn -0.4822 -0.0642 -0.8737
vn -0.6695 0.0870 -0.7377
vn -0.3572 0.0428 -0.9330
vn -0.3299 0.0266 -0.9436
vn -0.6257 0.0461 -0.7787
vn -0.8193 -0.0332 0.5723
vn -0.7550 -0.0583 0.6532
vn -0.7492 -0.0634 0.6593
vn -0.6075 -0.0413 0.7932
vn -0.5783 -0.0848 0.8114
vn -0.7057 0.0061 0.7085
vn -0.6152 -0.0926 0.7829
vn -0.4631 0.0740 -0.8832
vn -0.3138 0.0407 -0.9486
vn -0.3443 0.5109 -0.7877
vn 0.8258 0.3998 -0.3978
vn 0.2954 0.5888 -0.7524
vn 0.1200 0.7671 -0.6302
vn -0.8060 -0.0233 0.5915
vn -0.6596 -0.0881 0.7464
vn 0.1691 0.0965 -0.9809
vn 0.5242 0.1123 -0.8441
vn 0.4954 0.1373 -0.8578
vn 0.3756 0.3255 -0.8678
vn -0.7171 -0.0446 0.6955
vn -0.1570 0.0594 -0.9858
vn 0.4401 0.0255 -0.8976
vn 0.5190 0.0262 -0.8543
vn 0.5296 0.0127 -0.8481
vn 0.3260 0.0409 -0.9445
vn -0.7186 -0.0505 0.6936
vn -0.2066 0.0065 -0.9784
vn 0.4807 0.1978 -0.8543
vn 0.3104 -0.0164 -0.9505
vn 0.5041 -0.2285 -0.8329
vn -0.7855 0.0202 0.6185
vn -0.7293 -0.0279 0.6836
vn -0.2925 0.0499 -0.9550
vn -0.1526 0.0224 -0.9880
vn 0.3740 0.0599 -0.9255
vn 0.2788 0.1942 -0.9405
vn -0.7951 0.0457 0.6047
vn -0.1789 0.2770 -0.9441
vn -0.0955 0.2970 -0.9501
vn 0.0129 0.2906 -0.9568
vn 0.3788 0.1022 -0.9198
vn -0.7738 0.0983 0.6258
vn -0.0135 0.4637 -0.8859
vn 0.4313 0.2705 -0.8607
vn 0.4453 0.4298 -0.7855
vn 0.4257 0.4593 -0.7797
vn 0.4297 0.2728 -0.8608
vn -0.8778 0.1231 0.4629
vn -0.7767 0.1306 0.6162
vn -0.7921 0.1553 0.5903
vn 0.2328 0.7336 -0.6384
vn 0.1386 0.7457 -0.6517
vn 0.4382 0.5336 -0.7233
vn 0.4443 0.5187 -0.7305
vn -0.7535 0.4326 0.4951
vn -0.7359 0.4184 0.5324
vn 0.4014 0.8209 -0.4063
vn 0.3482 0.8949 -0.2793
vn 0.3885 0.8618 -0.3262
vn 0.4353 0.7861 -0.4388
vn 0.2944 0.9556 -0.0115
vn 0.3527 0.9326 -0.0759
vn 0.1839 0.9457 0.2680
vn 0.2942 0.9431 0.1551
vn 0.2339 0.9717 -0.0328
vn -0.1563 0.9685 0.1939
vn -0.2894 0.9251 0.2457
vn 0.0843 0.9958 -0.0354
vn -0.6447 0.5464 0.5346
vn -0.2079 -0.7017 -0.6814
vn -0.0382 -0.6269 -0.7782
vn -0.0235 -0.8283 0.5597
vn -0.4307 -0.1307 0.8930
vn -0.4082 -0.1482 0.9008
vn -0.2731 -0.4220 0.8645
vn -0.2272 0.2258 0.9473
vn -0.3707 -0.4852 -0.7919
vn 0.2024 -0.9783 0.0451
vn 0.9581 -0.2265 -0.1756
vn -0.6785 -0.6514 0.3395
vn -0.7217 -0.1935 -0.6645
vn 0.2856 0.1016 -0.9530
vn -0.2090 -0.9525 0.2214
vn 0.1067 -0.6147 -0.7815
vn 0.8682 0.0372 0.4948
vn 0.5632 0.3474 0.7498
vn -0.0687 -0.8301 -0.5533
vn 0.0277 0.1830 -0.9827
vn -0.0469 -0.8211 -0.5689
vn 0.9450 -0.3163 0.0832
vn -0.0499 0.7456 0.6645
vn 0.9875 -0.1439 -0.0648
vn -0.1518 0.0977 0.9836
vn 0.7948 -0.2432 0.5560
vn 0.1597 0.9631 -0.2166
vn 0.9979 0.0100 -0.0645
vn -0.1639 -0.2477 0.9549
vn -0.4866 -0.0508 0.8721
vn 0.7770 0.2659 -0.5706
vn -0.3854 0.8782 0.2834
vn 0.8388 -0.4076 0.3610
vn 0.3376 0.7522 -0.5658
vn 0.8345 -0.3939 0.3854
vn 0.0485 -0.9705 -0.2362
vn 0.2864 -0.8699 0.4017
vn 0.2933 -0.8561 0.4255
vn 0.8373 -0.2730 0.4738
vn 0.8900 0.0883 0.4474
vn 0.9461 -0.2684 0.1813
vn 0.2813 -0.7554 0.5918
vn 0.8893 -0.4447 0.1068
vn 0.9440 -0.1343 -0.3014
vn 0.7096 -0.6678 0.2247
vn 0.9613 -0.1598 -0.2243
vn 0.9381 -0.1341 0.3192
vn 0.9241 -0.1359 0.3572
vn 0.9676 0.0346 0.2501
vn 0.9415 -0.1462 0.3037
vn 0.8747 -0.3600 0.3245
vn 0.9556 -0.2341 0.1788
vn 0.9330 -0.2858 0.2187
vn 0.8253 -0.2856 0.4871
vn 0.9029 -0.3340 0.2706
vn 0.8411 -0.0036 -0.5409
vn 0.3126 -0.3004 -0.9011
vn 0.7147 -0.5885 -0.3780
vn -0.5615 -0.1418 0.8153
vn -0.4909 -0.1687 -0.8547
vn -0.4169 -0.1526 -0.8960
vn -0.3659 -0.1430 -0.9196
vn -0.3332 -0.1523 -0.9305
vn 0.9597 -0.1590 0.2316
vn 0.1463 -0.1018 -0.9840
vn 0.8872 -0.3408 0.3110
vn 0.7795 -0.3908 0.4896
vn -0.6400 -0.0543 0.7665
vn -0.6066 -0.0735 0.7916
vn -0.4327 -0.0540 0.8999
vn -0.4278 -0.0483 0.9026
vn -0.4636 -0.1392 0.8751
vn -0.4592 -0.0209 0.8881
vn 0.3868 -0.9218 0.0275
vn 0.7338 -0.4275 0.5281
vn 0.3942 -0.6433 0.6563
vn 0.2657 -0.9335 0.2409
vn 0.2545 -0.9542 0.1571
vn -0.6085 -0.0413 0.7925
vn -0.4331 -0.0335 0.9007
vn -0.5903 -0.0351 0.8064
vn -0.4337 -0.0333 0.9005
vn -0.4497 -0.0853 -0.8891
vn -0.2966 -0.0866 -0.9511
vn -0.2893 -0.0882 -0.9532
vn -0.5970 -0.0686 0.7993
vn -0.6236 -0.0588 0.7795
vn -0.5878 -0.0382 0.8081
vn -0.1203 0.8881 -0.4436
vn 0.0421 0.7849 -0.6182
vn -0.0928 0.8620 -0.4983
vn 0.4181 0.3188 -0.8507
vn 0.0932 0.8611 -0.4999
vn -0.4579 -0.0836 0.8851
vn -0.4283 -0.1271 0.8947
vn -0.4099 -0.1123 0.9052
vn 0.7059 0.1365 -0.6951
vn 0.4363 0.3962 -0.8079
vn -0.5906 -0.0765 0.8033
vn -0.4490 -0.1563 0.8797
vn 0.6781 0.0297 -0.7344
vn -0.5906 -0.0777 0.8032
vn -0.6341 -0.0476 0.7718
vn -0.6389 -0.0347 0.7685
vn -0.5805 0.0292 0.8137
vn -0.6593 0.1111 0.7436
vn 0.8447 0.3412 -0.4123
vn 0.9566 0.1971 -0.2148
vn 0.9704 0.2404 0.0229
vn 0.8501 0.4774 -0.2223
vn 0.5650 0.2025 -0.7998
vn 0.5636 0.1687 -0.8086
vn 0.9724 0.2046 0.1123
vn 0.9716 0.2087 0.1116
vn 0.8685 0.1400 -0.4755
vn 0.6526 0.7176 -0.2433
vn 0.6295 0.0750 -0.7733
vn -0.5540 0.2402 0.7971
vn -0.4801 0.2216 0.8487
vn 0.9667 0.2415 0.0849
vn 0.8575 0.5142 0.0186
vn 0.7555 -0.0038 -0.6551
vn 0.7465 0.3205 -0.5831
vn 0.6214 0.5585 -0.5495
vn 0.5679 0.8108 -0.1418
vn -0.5803 0.3004 0.7570
vn -0.5424 0.4320 0.7205
vn -0.5258 0.2071 0.8250
vn 0.7725 0.5893 0.2365
vn 0.0870 0.9955 -0.0370
vn 0.9885 -0.1509 -0.0042
vn 0.9635 -0.2677 -0.0050
vn 0.9398 -0.3417 0.0038
vn 0.9993 -0.0279 -0.0239
vn 0.9989 -0.0403 -0.0253
vn 0.9996 0.0159 -0.0245
vn 0.9996 0.0113 -0.0252
vn 0.9968 0.0797 -0.0016
vn 0.9994 0.0255 -0.0245
vn 0.9997 0.0199 0.0151
vn 0.9955 -0.0863 -0.0385
vn 0.9885 -0.1515 -0.0049
vn 0.9913 -0.1310 0.0158
vn 0.9743 -0.2220 -0.0385
vn 0.9883 -0.1525 -0.0049
vn 0.7513 -0.4768 0.4564
vn 0.8236 -0.4238 0.3768
vn 0.8245 -0.5652 0.0281
vn 0.8426 -0.5309 0.0905
vn 0.9022 -0.4227 -0.0853
vn 0.8855 -0.4138 -0.2112
vn 0.8265 -0.5126 0.2325
vn 0.8411 -0.5399 0.0325
vn 0.1780 -0.6314 0.7548
vn 0.9725 -0.1991 0.1211
vn 0.1847 -0.9650 0.1860
vn 0.2305 -0.0614 0.9711
vn -0.2301 -0.1422 -0.9627
vn 0.6514 -0.3622 0.6667
vn 0.6656 -0.3377 0.6656
vn 0.3937 -0.1085 0.9128
vn 0.4168 -0.0946 0.9041
vn 0.6477 -0.5508 0.5264
vn 0.9627 0.0728 -0.2605
vn 0.5977 -0.4687 -0.6505
vn 0.2510 -0.9679 0.0148
vn -0.0148 -0.9999 0.0030
vn 0.3332 -0.4258 -0.8412
vn 0.3072 -0.6976 -0.6473
vn 0.3563 -0.5144 -0.7800
vn 0.6403 -0.5972 -0.4831
vn -0.1770 -0.8299 0.5291
vn -0.1654 -0.1156 -0.9794
vn 0.9219 -0.2587 0.2883
vn 0.3293 -0.0727 0.9414
vn 0.8193 -0.4889 0.2995
vn 0.4855 -0.8711 0.0739
vn 0.2235 -0.6179 -0.7538
vn 0.6151 -0.7726 -0.1572
vn 0.6062 -0.7944 -0.0389
vn 0.9438 -0.2980 0.1426
vn 0.2233 -0.1044 0.9691
vn 0.2631 -0.1594 0.9515
vn 0.5434 -0.8119 -0.2135
vn 0.4980 -0.8529 -0.1570
vn 0.4227 -0.8850 0.1951
vn 0.5516 -0.8341 -0.0100
vn 0.3887 -0.9160 0.0989
vn 0.4288 -0.9016 0.0575
vn 0.5100 -0.8526 0.1138
vn 0.3781 -0.8961 0.2323
vn 0.1134 -0.9930 0.0321
vn 0.1218 -0.9883 -0.0917
vn 0.2689 -0.9334 0.2375
vn 0.0331 -0.9994 -0.0119
vn -0.0231 -0.9771 0.2114
vn -0.0249 -0.9985 -0.0485
vn -0.0174 -0.9694 0.2448
vn -0.0380 -0.9989 -0.0280
vn -0.0166 -0.9750 0.2217
vn -0.0269 -0.9926 0.1181
vn 0.3315 -0.9255 -0.1829
vn 0.0595 -0.1099 0.9922
vn 0.0856 -0.9736 0.2117
vn -0.4499 -0.6414 0.6214
vn 0.2941 -0.9499 0.1054
vn 0.4518 -0.0457 0.8909
vn 0.9794 -0.0180 0.2013
vn 0.9056 -0.2059 0.3707
vn 0.5562 0.6949 0.4559
vn 0.0954 0.1053 0.9898
vn -0.4771 -0.1023 0.8729
vn 0.9754 -0.0929 0.2000
vn 0.8388 0.3302 0.4328
vn 0.9932 0.0239 0.1135
vn 0.9978 0.0196 0.0629
vn 0.6847 0.6731 0.2796
vn -0.7256 0.6456 0.2380
vn -0.9871 0.1557 0.0381
vn -0.7410 0.4265 -0.5187
vn -0.6067 0.3596 -0.7089
vn -0.7375 0.4260 -0.5241
vn -0.9880 0.1502 0.0365
vn -0.4155 -0.5792 0.7014
vn -0.7661 -0.1823 0.6163
vn -0.9644 -0.1801 0.1937
vn -0.9810 0.0053 0.1938
vn -0.5388 -0.8304 0.1416
vn -0.2678 -0.9242 0.2721
vn -0.0227 -0.9877 0.1545
vn -0.0240 -0.9874 0.1565
vn 0.2793 -0.9402 0.1950
vn 0.1491 -0.9623 0.2276
vn 0.8730 -0.3974 -0.2828
vn 0.3183 -0.2826 -0.9049
vn 0.3505 -0.3341 -0.8749
vn -0.2413 -0.6643 0.7075
vn -0.3595 -0.0506 0.9318
vn -0.2428 -0.0150 0.9700
vn -0.2181 -0.0396 0.9751
vn 0.4706 -0.8690 0.1533
vn 0.2210 -0.9059 0.3614
vn 0.1353 -0.9070 -0.3988
vn 0.0267 -0.9380 -0.3456
vn 0.0465 -0.9436 -0.3279
vn 0.0164 -0.9442 -0.3288
vn -0.1845 -0.0886 -0.9788
vn -0.4381 -0.0744 0.8959
vn -0.2543 -0.0611 0.9652
vn -0.3787 -0.0566 0.9238
vn -0.2656 -0.0579 0.9623
vn -0.2524 -0.0506 0.9663
vn -0.3023 0.0247 -0.9529
vn -0.3994 -0.0442 0.9157
vn -0.1762 0.0479 -0.9832
vn -0.2024 0.0577 -0.9776
vn -0.2706 -0.1116 0.9562
vn -0.2885 -0.1221 0.9497
vn -0.2112 -0.1525 0.9655
vn -0.0837 0.8766 -0.4739
vn -0.1360 0.8494 -0.5100
vn 0.8595 0.5011 -0.1009
vn -0.0076 0.9933 -0.1156
vn 0.8783 0.4630 -0.1195
vn 0.9259 0.3579 -0.1207
vn 0.9829 0.1775 -0.0489
vn 0.8745 0.2086 -0.4379
vn 0.7177 0.6139 -0.3288
vn 0.1408 0.9338 -0.3291
vn -0.0071 0.9561 -0.2929
vn -0.0282 0.9797 -0.1984
vn -0.0463 0.9871 -0.1533
vn 0.5802 0.5828 -0.5689
vn 0.2245 0.8293 -0.5117
vn 0.7614 0.3269 -0.5599
vn 0.4353 0.8161 -0.3800
vn 0.8840 -0.0338 -0.4663
vn 0.9968 0.0609 -0.0517
vn 0.9978 0.0650 0.0101
vn 0.9716 0.1897 -0.1414
vn 0.7327 0.6684 -0.1279
vn 0.7762 0.5625 -0.2846
vn 0.9608 0.2162 -0.1734
vn 0.9867 0.1320 0.0949
vn -0.4165 -0.2226 0.8815
vn 0.3586 0.8760 -0.3225
vn 0.0332 0.9837 -0.1769
vn 0.3523 -0.1374 0.9257
vn 0.6306 -0.5790 -0.5168
vn 0.6530 -0.1347 -0.7453
vn 0.8783 0.3801 -0.2901
vn 0.8495 0.4628 -0.2531
vn 0.6904 -0.0262 -0.7229
vn 0.7138 -0.0366 -0.6994
vn 0.5059 -0.0384 -0.8617
vn -0.4628 -0.0624 0.8843
vn -0.4385 -0.0020 0.8987
vn -0.3175 -0.1621 0.9343
vn -0.3841 -0.1320 0.9138
vn -0.3913 -0.0893 0.9159
vn -0.4110 -0.0012 0.9116
vn 0.8449 0.0785 -0.5292
vn 0.9047 0.0134 -0.4257
vn 0.7902 0.1380 -0.5971
vn 0.9997 0.0141 -0.0204
vn 0.9935 0.1125 0.0178
vn 0.9870 0.1190 0.1081
vn 0.9857 0.1552 0.0662
vn 0.9849 0.1734 -0.0002
vn 0.9329 0.2760 0.2311
vn 0.7978 0.5610 0.2210
vn 0.8952 0.4455 0.0139
vn 0.8322 0.5463 0.0950
vn 0.8706 0.4279 -0.2428
vn 0.7706 0.5902 -0.2405
vn 0.8423 0.5371 -0.0453
vn 0.6342 0.4199 -0.6492
vn 0.9857 0.1688 -0.0029
vn 0.9749 0.2225 0.0100
vn 0.9504 0.2898 -0.1126
vn 0.6630 0.7011 -0.2625
vn 0.6959 0.6014 -0.3925
vn 0.9293 0.2880 -0.2313
vn 0.9473 0.2179 -0.2349
vn 0.6896 0.7215 -0.0631
vn 0.9391 0.1475 -0.3105
vn 0.6056 0.1259 -0.7857
vn 0.5133 0.2423 -0.8233
vn 0.6155 0.0332 -0.7874
vn 0.9857 0.1552 0.0661
vn -0.4994 0.0293 0.8659
vn -0.3156 0.0507 0.9475
vn 0.8219 0.3182 -0.4725
vn 0.5446 0.1534 -0.8246
vn 0.5103 0.1615 -0.8447
vn -0.3322 0.2496 0.9096
vn -0.3480 0.2580 0.9013
vn 0.7818 0.5779 -0.2339
vn 0.5160 0.2484 -0.8198
vn -0.3404 0.5269 0.7788
vn -0.3173 0.4700 0.8236
vn -0.0290 0.9991 -0.0298
vn -0.0867 0.9872 0.1341
vn -0.1534 0.9504 0.2704
vn 0.0410 -0.5567 0.8297
vn 0.3454 -0.2250 0.9111
vn 0.0797 -0.2049 0.9755
vn -0.0808 -0.1087 -0.9908
vn 0.1145 -0.1511 0.9819
vn -0.0260 -0.8897 0.4557
vn -0.0053 -0.4484 -0.8938
vn -0.0046 -0.9714 -0.2373
vn 0.0546 -0.6465 -0.7610
vn -0.4078 -0.4733 -0.7808
vn -0.0554 -0.7388 -0.6717
vn -0.0428 -0.0851 0.9955
vn 0.0522 -0.9361 0.3479
vn 0.1980 -0.9666 -0.1627
vn 0.0926 -0.9923 -0.0818
vn 0.2730 -0.9089 -0.3151
vn 0.0804 -0.9407 -0.3296
vn 0.0162 -0.9999 -0.0003
vn 0.0923 -0.9897 -0.1096
vn 0.0431 -0.9974 0.0574
vn -0.2180 -0.0472 0.9748
vn -0.2578 -0.0335 0.9656
vn -0.1473 -0.0327 0.9885
vn -0.1264 -0.0139 0.9919
vn -0.1189 -0.0626 0.9909
vn -0.0986 -0.0759 0.9922
vn -0.1355 -0.0779 -0.9877
vn -0.1001 -0.0783 -0.9919
vn -0.0605 -0.0692 -0.9958
vn -0.0928 -0.0497 0.9944
vn -0.0834 -0.0587 0.9948
vn -0.0927 -0.0507 0.9944
vn -0.0843 -0.0611 0.9946
vn -0.1332 0.0504 -0.9898
vn -0.0888 -0.1043 0.9906
vn -0.0361 -0.1294 0.9909
vn 0.0556 0.9206 -0.3865
vn -0.0943 -0.1574 0.9830
vn 0.0219 0.9866 -0.1617
vn 0.0167 0.8411 -0.5407
vn 0.0505 0.8737 -0.4839
vn -0.5995 0.7900 -0.1283
vn 0.7510 0.4037 -0.5226
vn -0.1583 0.6706 -0.7247
vn -0.0157 0.2037 -0.9789
vn -0.3513 0.6925 -0.6300
vn -0.9130 0.3747 -0.1614
vn -0.6394 0.6562 -0.4008
vn -0.6695 0.7225 -0.1724
vn -0.0221 0.9363 -0.3506
vn 0.0359 0.8276 -0.5601
vn -0.0476 0.9886 -0.1430
vn -0.1591 0.4246 -0.8913
vn -0.4898 0.8574 -0.1579
vn -0.3142 -0.1796 0.9322
vn -0.1336 -0.1812 0.9743
vn -0.0989 -0.1994 0.9749
vn 0.1908 0.9284 -0.3188
vn 0.0293 0.9837 -0.1773
vn 0.5298 -0.0362 -0.8474
vn 0.2853 0.0939 -0.9538
vn 0.7910 0.3143 0.5249
vn 0.0414 0.9819 -0.1850
vn 0.0624 0.9928 0.1021
vn 0.4485 0.8438 -0.2946
vn 0.3581 0.8097 -0.4650
vn 0.1116 0.9744 -0.1950
vn 0.2205 0.9562 -0.1926
vn 0.4144 0.8799 -0.2324
vn 0.2614 0.9605 0.0954
vn 0.5297 -0.0346 -0.8475
vn -0.0686 -0.0873 0.9938
vn 0.4716 -0.0577 -0.8799
vn 0.6059 -0.1203 -0.7864
vn 0.3271 -0.0242 -0.9447
vn 0.4526 -0.1550 -0.8782
vn 0.3259 -0.0099 -0.9453
vn -0.0365 -0.2435 -0.9692
vn -0.0350 0.1265 -0.9914
vn -0.0358 0.1274 -0.9912
vn 0.1796 0.1335 -0.9746
vn 0.1997 0.1294 -0.9713
vn -0.1479 0.0525 0.9876
vn -0.1361 0.0474 0.9896
vn -0.1210 0.2491 0.9609
vn -0.1531 0.2767 0.9487
vn 0.2090 0.1432 -0.9674
vn 0.1588 0.3282 -0.9312
vn -0.0922 0.4539 0.8862
vn -0.1076 0.4847 0.8681
vn -0.0183 0.9987 0.0479
vn 0.0086 0.9991 -0.0416
vn 0.0342 -0.9306 -0.3645
vn -0.0571 -0.1833 -0.9814
vn -0.1000 -0.1055 -0.9894
vn 0.0970 -0.1644 0.9816
vn -0.0643 -0.0944 -0.9935
vn 0.0910 -0.1622 0.9826
vn 0.0044 -0.9775 0.2109
vn -0.0513 -0.6492 -0.7589
vn -0.0418 -0.8795 -0.4741
vn -0.0578 -0.6366 -0.7690
vn -0.0014 -0.7396 -0.6730
vn -0.0490 -0.7040 -0.7085
vn 0.0009 -0.0729 0.9973
vn 0.0548 -0.1060 0.9929
vn 0.0100 -0.9264 0.3764
vn 0.0628 -0.9534 0.2952
vn 0.1825 -0.9755 -0.1229
vn 0.1923 -0.9686 -0.1577
vn -0.0485 -0.9929 -0.1086
vn -0.0331 -0.9571 -0.2878
vn 0.0022 -0.9868 -0.1620
vn -0.0511 -0.9943 -0.0938
vn -0.0415 -0.9919 -0.1201
vn -0.0555 -0.9389 -0.3398
vn -0.0513 -0.9987 0.0007
vn -0.0242 -0.9861 0.1642
vn -0.2784 -0.9602 0.0237
vn -0.2394 -0.9347 -0.2626
vn -0.2456 -0.9694 -0.0034
vn 0.0028 -0.0493 0.9988
vn -0.0141 -0.0665 -0.9977
vn -0.0896 -0.8302 -0.5503
vn -0.0760 -0.6948 -0.7152
vn 0.0516 -0.6717 -0.7391
vn 0.1754 -0.6883 -0.7039
vn 0.0179 -0.0411 0.9990
vn 0.0089 -0.0356 0.9993
vn 0.1029 -0.1586 -0.9820
vn 0.0390 -0.0760 0.9963
vn -0.1159 -0.0690 -0.9909
vn -0.0866 -0.0780 -0.9932
vn 0.0110 -0.0491 0.9987
vn 0.0436 -0.0590 0.9973
vn 0.0515 0.0330 -0.9981
vn 0.0793 0.0754 -0.9940
vn 0.0133 -0.0512 0.9986
vn 0.0109 -0.1144 0.9934
vn 0.0280 0.0913 -0.9954
vn -0.0417 -0.1445 0.9886
vn 0.0205 0.9428 -0.3327
vn -0.0193 -0.1881 0.9820
vn 0.0395 -0.2102 0.9769
vn -0.0638 0.9363 -0.3453
vn -0.1288 0.9745 -0.1836
vn -0.1016 0.9043 -0.4146
vn -0.0342 0.9263 -0.3752
vn -0.2313 0.8886 -0.3961
vn -0.4225 0.8228 -0.3800
vn -0.3132 -0.9307 -0.1891
vn 0.1761 -0.4032 -0.8980
vn -0.8447 -0.3544 0.4010
vn -0.7749 0.6175 0.1349
vn 0.0131 0.9822 -0.1873
vn 0.4810 0.1884 -0.8563
vn -0.5328 0.7531 0.3860
vn 0.0498 0.9761 -0.2114
vn -0.2578 -0.0890 0.9621
vn -0.0878 -0.0507 0.9948
vn 0.0152 -0.1471 0.9890
vn -0.1918 0.9509 -0.2428
vn -0.1328 0.9462 -0.2951
vn -0.1398 0.9576 -0.2521
vn 0.4729 0.0312 -0.8806
vn -0.0215 0.2905 -0.9566
vn 0.0036 0.0457 -0.9989
vn -0.0166 0.0608 -0.9980
vn 0.5304 -0.0348 -0.8470
vn 0.0185 -0.1283 0.9916
vn -0.0864 -0.0535 0.9948
vn 0.5179 -0.1395 -0.8440
vn 0.0630 -0.1581 -0.9854
vn 0.0044 -0.1084 -0.9941
vn 0.5045 -0.1259 -0.8542
vn -0.1044 0.0498 0.9933
vn 0.0184 -0.6867 -0.7267
vn -0.0284 -0.7519 -0.6587
vn -0.0489 -0.2201 -0.9742
vn 0.0298 0.2012 0.9791
vn 0.0237 0.2220 0.9748
vn -0.0485 0.5960 -0.8015
vn 0.0104 -0.8535 -0.5210
vn 0.0895 -0.1329 0.9871
vn -0.0976 -0.1835 -0.9782
vn -0.2135 -0.0682 -0.9746
vn 0.0353 -0.5135 0.8574
vn -0.7149 -0.2740 -0.6433
vn -0.2326 -0.0884 -0.9685
vn -0.4067 -0.6495 -0.6425
vn -0.0951 -0.2366 -0.9669
vn 0.2808 -0.0933 0.9552
vn -0.0118 -0.9843 -0.1761
vn 0.0065 -0.9894 0.1454
vn 0.0061 -0.9932 0.1161
vn -0.0855 -0.6400 -0.7636
vn -0.0109 -0.9977 -0.0666
vn -0.1278 -0.5739 -0.8089
vn 0.1534 -0.1001 0.9831
vn 0.1183 -0.0787 0.9899
vn -0.1251 0.8601 -0.4946
vn -0.6611 0.4575 -0.5946
vn -0.2181 0.2307 -0.9483
vn 0.0223 -0.9554 0.2945
vn 0.2935 -0.9471 0.1300
vn -0.0718 -0.9430 -0.3250
vn -0.4098 -0.8224 -0.3945
vn -0.3341 -0.9247 -0.1828
vn 0.0320 -0.9858 -0.1647
vn -0.6459 -0.0223 -0.7631
vn 0.1580 -0.0656 -0.9853
vn -0.1104 -0.7708 -0.6274
vn 0.7606 -0.2638 -0.5932
vn 0.1212 -0.0556 -0.9911
vn 0.4097 -0.6524 -0.6376
vn 0.1427 -0.0461 0.9887
vn 0.1489 -0.0480 0.9877
vn -0.3066 -0.1891 -0.9329
vn -0.0888 -0.9859 -0.1419
vn 0.3635 -0.5896 -0.7213
vn -0.3463 -0.1244 -0.9298
vn -0.2185 -0.0788 -0.9726
vn -0.2949 0.0493 -0.9542
vn 0.1468 -0.0551 0.9876
vn 0.1371 -0.0526 0.9892
vn -0.1002 0.0313 -0.9945
vn -0.1856 0.2504 -0.9502
vn 0.2167 0.0826 -0.9727
vn -0.0289 0.2572 -0.9659
vn 0.2464 0.0946 -0.9645
vn 0.1511 -0.1082 0.9826
vn 0.1041 -0.0129 -0.9945
vn 0.1740 -0.1438 0.9742
vn 0.1352 -0.1193 0.9836
vn 0.1078 0.9201 -0.3766
vn 0.1758 -0.2058 0.9627
vn 0.1683 -0.1997 0.9653
vn 0.2115 -0.1003 0.9722
vn -0.0898 0.9733 -0.2113
vn -0.0130 0.2842 -0.9587
vn -0.6158 0.0951 -0.7822
vn -0.2611 -0.3065 -0.9153
vn -0.5599 0.0702 -0.8255
vn -0.7904 -0.5702 -0.2241
vn -0.2871 -0.0666 0.9556
vn -0.0786 0.9715 -0.2235
vn -0.4477 -0.8534 -0.2670
vn 0.0208 -0.3620 0.9319
vn 0.1792 -0.1492 0.9724
vn 0.2993 -0.2209 0.9282
vn -0.1015 0.9623 -0.2525
vn -0.2795 -0.3444 -0.8963
vn -0.0905 0.9198 -0.3818
vn -0.7078 -0.3863 -0.5914
vn -0.4154 0.8932 -0.1721
vn -0.1845 0.9819 -0.0419
vn -0.3134 0.9021 -0.2967
vn 0.0276 0.9992 -0.0273
vn -0.7743 0.1787 -0.6071
vn -0.1378 0.9163 -0.3761
vn 0.6005 -0.1746 -0.7803
vn -0.0609 0.0799 -0.9949
vn -0.0038 0.9036 -0.4285
vn -0.6091 0.0156 -0.7930
vn 0.1926 -0.0454 0.9802
vn 0.1809 -0.0382 0.9828
vn -0.6846 -0.1071 -0.7210
vn -0.6848 -0.1056 -0.7210
vn -0.7076 -0.1499 -0.6905
vn 0.1885 0.1399 0.9721
vn -0.3606 -0.1036 -0.9269
vn -0.3656 -0.0960 -0.9258
vn -0.1990 0.0797 -0.9768
vn -0.3419 0.1523 -0.9273
vn -0.3420 0.1569 -0.9265
vn 0.1174 0.3112 0.9431
vn -0.1411 0.4073 -0.9023
vn -0.1460 0.4522 -0.8799
vn 0.0876 0.4128 0.9066
vn 0.0190 0.9985 -0.0513
vn 0.1574 0.5774 0.8012
vn 0.0200 0.9997 -0.0120
vn 0.5937 0.0704 0.8016
vn 0.3071 -0.1583 0.9384
vn 0.7372 -0.0681 0.6723
vn 0.1509 -0.3464 0.9259
vn 0.6743 -0.0990 0.7318
vn -0.3820 -0.6019 -0.7013
vn -0.0772 -0.9940 0.0779
vn -0.3131 -0.3582 -0.8796
vn 0.2774 -0.0844 0.9570
vn 0.2020 -0.0404 0.9786
vn 0.6357 -0.2851 0.7174
vn 0.1662 -0.0021 0.9861
vn 0.9817 -0.1012 -0.1611
vn 0.9767 -0.0489 -0.2089
vn 0.1976 0.7291 -0.6552
vn 0.8649 0.4948 0.0850
vn 0.4297 0.8336 0.3471
vn -0.4843 -0.8124 -0.3248
vn -0.5681 -0.7924 -0.2222
vn -0.4823 -0.8192 -0.3104
vn 0.4406 -0.6650 -0.6030
vn -0.0751 -0.2360 -0.9688
vn -0.0740 0.0611 -0.9954
vn 0.3886 -0.5658 -0.7272
vn -0.4402 -0.3030 -0.8452
vn -0.6247 -0.1472 -0.7668
vn -0.4377 -0.1373 -0.8886
vn -0.4884 -0.0524 -0.8711
vn -0.4747 -0.1122 -0.8730
vn -0.5344 0.0339 -0.8445
vn 0.5455 0.1043 -0.8316
vn 0.7514 0.1310 -0.6467
vn -0.9274 0.1567 -0.3398
vn 0.4186 0.5375 -0.7321
vn 0.1081 0.9791 0.1723
vn 0.0607 0.1115 -0.9919
vn -0.5933 -0.8029 0.0575
vn -0.5160 -0.8484 0.1180
vn 0.9709 -0.0821 0.2248
vn 0.5492 -0.6702 -0.4993
vn 0.9758 -0.0751 -0.2055
vn -0.4462 -0.7300 0.5177
vn 0.9905 -0.0233 0.1353
vn 0.4568 -0.8893 0.0202
vn 0.9735 -0.0826 -0.2132
vn 0.6763 -0.0925 -0.7308
vn 0.2793 -0.0483 0.9590
vn 0.9597 -0.2463 -0.1352
vn -0.3443 -0.3734 0.8614
vn 0.8865 -0.4116 -0.2114
vn 0.8918 -0.1554 -0.4250
vn 0.4844 -0.2504 -0.8382
vn 0.6261 -0.4395 -0.6440
vn 0.2735 -0.0498 0.9606
vn 0.5570 -0.7322 -0.3920
vn 0.2912 0.2062 0.9342
vn 0.3424 -0.9393 0.0228
vn 0.4905 -0.8580 -0.1525
vn -0.2345 -0.9635 0.1295
vn 0.9920 0.1254 -0.0117
vn 0.1848 -0.0353 -0.9821
vn 0.2775 -0.0525 0.9593
vn 0.2057 0.3589 -0.9104
vn 0.2798 -0.0518 0.9587
vn 0.5309 0.0872 -0.8430
vn 0.4869 0.1004 -0.8676
vn 0.3685 0.5127 -0.7755
vn 0.3748 0.5279 -0.7621
vn 0.4263 -0.6314 -0.6478
vn -0.6053 -0.1468 -0.7823
vn 0.9832 0.0223 -0.1813
vn -0.5134 0.5365 -0.6697
vn 0.9669 -0.1663 0.1937
vn -0.6358 -0.7527 0.1706
vn -0.3510 0.6761 -0.6478
vn 0.4400 -0.6493 -0.6203
vn 0.0719 -0.0069 -0.9974
vn 0.8404 0.2710 -0.4693
vn -0.4206 -0.8633 -0.2790
vn 0.2879 0.9259 -0.2445
vn 0.4938 0.7378 -0.4602
vn 0.6869 -0.3618 -0.6303
vn 0.6205 0.1000 -0.7778
vn 0.1110 -0.8134 0.5711
vn 0.9680 0.1371 -0.2101
vn 0.3691 0.9164 0.1549
vn 0.5054 0.8115 -0.2933
vn 0.4258 0.5496 0.7187
vn 0.3622 -0.1153 0.9249
vn 0.7621 0.5919 0.2623
vn 0.6144 0.2772 -0.7387
vn 0.8648 0.1307 0.4847
vn 0.7005 0.5404 -0.4662
vn -0.2267 0.5220 0.8222
vn 0.6156 -0.1008 0.7816
vn -0.2717 0.6979 -0.6627
vn 0.6734 0.4992 -0.5453
vn 0.2427 0.6756 -0.6962
vn 0.2975 -0.1114 0.9482
vn 0.1746 0.3706 -0.9123
vn 0.6205 0.2920 -0.7278
vn 0.9700 0.1615 -0.1819
vn 0.4935 0.1958 -0.8474
vn 0.8305 -0.2319 -0.5065
vn 0.7018 0.4980 -0.5095
vn 0.3906 0.1372 0.9103
vn 0.1017 0.8265 0.5536
vn 0.2990 -0.1118 0.9477
vn 0.0936 0.9196 -0.3814
vn 0.0889 0.9257 -0.3676
vn 0.5120 -0.0322 -0.8584
vn 0.3119 -0.1827 0.9324
vn 0.3237 -0.1693 0.9309
vn 0.0146 -0.1913 -0.9814
vn 0.1534 -0.3970 -0.9049
vn 0.1226 -0.9887 -0.0868
vn -0.7002 0.5823 -0.4131
vn -0.8147 0.1706 -0.5542
vn -0.6814 0.3823 -0.6242
vn -0.2451 0.9468 -0.2084
vn -0.3155 -0.3035 -0.8991
vn -0.4691 -0.1608 -0.8684
vn -0.4982 0.1845 -0.8472
vn 0.5695 -0.7052 -0.4224
vn 0.2700 -0.3830 0.8834
vn -0.6268 -0.6272 0.4623
vn -0.1786 0.9425 -0.2825
vn -0.3596 0.1274 -0.9244
vn 0.3375 -0.4199 0.8425
vn -0.3387 0.9328 -0.1232
vn -0.6006 -0.2575 0.7569
vn -0.5297 0.7077 0.4676
vn -0.0990 0.7266 0.6799
vn 0.0121 -0.2339 0.9722
vn -0.3215 0.8809 0.3474
vn -0.9549 0.1567 0.2521
vn 0.8191 -0.4943 0.2912
vn 0.8823 0.2286 -0.4115
vn -0.8093 -0.5181 -0.2767
vn -0.6394 -0.6012 -0.4792
vn -0.6495 -0.0983 -0.7540
vn -0.8073 0.0570 -0.5874
vn -0.2341 -0.9701 -0.0642
vn -0.1381 -0.9709 0.1958
vn 0.3284 -0.0353 0.9439
vn 0.3193 -0.0304 0.9472
vn -0.5480 0.0227 -0.8361
vn -0.6027 0.2794 -0.7475
vn -0.4930 0.0226 -0.8697
vn -0.3853 0.2777 -0.8800
vn 0.5243 -0.4436 -0.7269
vn -0.1729 -0.7251 -0.6665
vn 0.1039 -0.7283 -0.6773
vn -0.2719 -0.1693 -0.9473
vn -0.4156 -0.0989 -0.9041
vn -0.0279 -0.0484 -0.9984
vn -0.5416 -0.0497 -0.8391
vn -0.3932 0.0547 -0.9178
vn -0.5547 0.3863 -0.7370
vn 0.2955 0.1830 0.9376
vn 0.3233 0.1657 0.9317
vn -0.4096 0.1543 -0.8991
vn -0.4203 0.1636 -0.8925
vn 0.2715 0.2669 0.9247
vn -0.3110 0.4931 -0.8125
vn 0.3522 0.3610 0.8635
vn 0.3520 0.3937 0.8492
vn 0.4482 -0.7580 -0.4739
vn -0.7596 -0.2299 -0.6083
vn -0.6115 0.3172 -0.7248
vn 0.5542 -0.3352 -0.7619
vn 0.2442 0.4177 0.8752
vn 0.3370 -0.1509 0.9293
vn -0.7048 -0.0919 0.7035
vn -0.9172 0.3969 0.0357
vn -0.5436 0.8307 0.1199
vn 0.1325 0.0741 -0.9884
vn 0.1835 0.0030 -0.9830
vn -0.2820 -0.7478 -0.6010
vn -0.7515 -0.0594 -0.6571
vn -0.4380 -0.7708 -0.4625
vn -0.6549 -0.0195 -0.7555
vn 0.6164 0.3508 -0.7050
vn 0.4480 -0.4823 0.7528
vn 0.6396 0.0635 0.7661
vn 0.5655 0.5054 -0.6518
vn 0.3365 -0.1005 0.9363
vn 0.0423 -0.9500 -0.3094
vn 0.2071 0.8263 -0.5238
vn 0.0476 0.0508 0.9976
vn 0.7597 -0.5982 0.2550
vn 0.9921 -0.1237 0.0189
vn -0.2708 -0.9538 0.1304
vn 0.8451 -0.5235 -0.1088
vn 0.7136 -0.0587 -0.6981
vn 0.6728 -0.1216 -0.7298
vn 0.9457 0.0282 -0.3239
vn 0.6793 0.2314 -0.6964
vn 0.5022 -0.0901 0.8600
vn -0.0993 -0.9935 0.0549
vn 0.5383 -0.1892 0.8212
vn -0.5078 -0.3853 -0.7705
vn -0.6596 -0.2642 -0.7036
vn 0.4178 -0.0329 0.9079
vn 0.5121 0.0178 0.8587
vn -0.9470 -0.1603 -0.2785
vn -0.7795 -0.6148 0.1203
vn -0.8915 -0.4468 0.0744
vn -0.6457 -0.6588 -0.3859
vn -0.0721 -0.1694 -0.9829
vn 0.1496 -0.2176 -0.9645
vn 0.0351 -0.0569 -0.9978
vn -0.1383 -0.5436 -0.8279
vn 0.4401 -0.0508 0.8965
vn 0.4566 -0.0588 0.8877
vn 0.8204 0.1987 -0.5362
vn 0.9793 0.1366 0.1493
vn 0.8345 0.1981 -0.5142
vn 0.4532 0.8762 -0.1636
vn -0.8836 0.4585 -0.0945
vn 0.4135 0.5228 -0.7455
vn 0.8992 -0.2132 -0.3821
vn -0.1089 -0.9020 -0.4178
vn 0.7287 -0.2329 -0.6440
vn 0.8015 -0.3514 -0.4839
vn 0.0888 -0.9833 -0.1588
vn 0.6757 -0.7281 -0.1152
vn 0.7752 -0.2423 -0.5833
vn -0.1119 -0.4911 -0.8639
vn 0.8569 -0.3598 -0.3691
vn 0.2487 -0.9351 -0.2525
vn 0.2356 -0.9434 0.2334
vn -0.0988 -0.6374 -0.7642
vn 0.5676 0.3872 0.7265
vn 0.8958 -0.3100 0.3185
vn 0.9801 -0.1945 0.0395
vn 0.9507 -0.2883 0.1146
vn 0.9526 -0.2750 0.1300
vn 0.9606 -0.0000 0.2779
vn -0.1274 0.0654 -0.9897
vn 0.9811 -0.0255 0.1916
vn 0.2706 -0.2348 -0.9336
vn 0.3027 -0.1787 -0.9362
vn 0.4110 -0.8770 0.2489
vn 0.0659 -0.4169 0.9066
vn 0.4769 -0.3034 -0.8249
vn 0.8366 -0.5156 0.1853
vn -0.2956 -0.9531 0.0648
vn -0.7121 -0.1129 0.6929
vn -0.5863 -0.7368 0.3366
vn -0.7312 -0.0977 0.6752
vn -0.3401 -0.6182 -0.7087
vn 0.8763 -0.2838 0.3892
vn 0.8397 0.5212 0.1526
vn 0.8544 0.4700 0.2216
vn 0.9198 -0.3195 0.2279
vn 0.1476 -0.0671 -0.9868
vn 0.4514 -0.0425 0.8913
vn -0.3264 -0.9428 0.0678
vn 0.1527 0.2507 -0.9559
vn 0.1352 0.2899 -0.9475
vn 0.1601 0.4484 -0.8794
vn 0.4082 -0.0524 0.9114
vn 0.4367 -0.0609 0.8975
vn -0.0179 0.5994 -0.8002
vn -0.3052 0.7877 -0.5351
vn 0.0918 0.4544 -0.8861
vn 0.1593 0.4468 -0.8803
vn -0.9454 0.0787 -0.3162
vn -0.6388 0.5300 -0.5577
vn -0.4621 0.8546 -0.2371
vn -0.4375 -0.4536 -0.7764
vn -0.3920 0.1258 -0.9113
vn -0.0203 0.7744 -0.6324
vn -0.3997 0.7162 -0.5721
vn 0.9750 0.1347 -0.1767
vn 0.1626 0.9735 -0.1611
vn 0.1323 0.9893 0.0614
vn 0.0836 -0.8399 0.5363
vn -0.4833 0.7208 0.4969
vn -0.3926 0.9045 0.1668
vn 0.4220 -0.1064 0.9003
vn 0.4373 -0.1104 0.8925
vn -0.5061 -0.7958 -0.3326
vn 0.4707 0.7253 -0.5025
vn -0.0363 -0.7205 -0.6925
vn -0.2964 -0.9045 -0.3066
vn -0.6612 -0.5036 -0.5561
vn 0.3329 -0.0424 -0.9420
vn -0.2357 0.5217 0.8199
vn 0.3864 0.7624 -0.5191
vn 0.5424 -0.0343 0.8394
vn 0.6183 0.5920 -0.5169
vn -0.9655 -0.1403 -0.2194
vn -0.3500 0.7519 0.5587
vn -0.2541 0.0573 0.9655
vn 0.9676 0.2243 -0.1158
vn 0.5886 0.7984 0.1272
vn 0.9658 0.2271 -0.1254
vn 0.8587 0.4477 -0.2492
vn 0.9685 -0.2335 -0.0861
vn 0.9655 0.2301 -0.1221
vn 0.9897 -0.0592 -0.1300
vn 0.6604 -0.6776 0.3236
vn 0.1237 0.8849 -0.4491
vn 0.8378 0.5052 -0.2071
vn 0.5910 0.5502 -0.5899
vn -0.5803 0.6977 -0.4202
vn 0.5383 -0.5015 -0.6773
vn 0.9590 -0.2664 -0.0971
vn 0.2843 -0.9552 -0.0825
vn 0.5189 -0.8437 0.1375
vn -0.2012 0.0672 -0.9772
vn 0.3409 -0.9359 -0.0892
vn 0.3987 -0.9104 -0.1105
vn 0.4494 -0.0887 0.8889
vn 0.0328 0.7875 -0.6155
vn -0.4468 0.2428 -0.8611
vn -0.3991 -0.1791 -0.8992
vn 0.4948 -0.1656 0.8531
vn 0.4510 -0.1516 0.8796
vn -0.3742 0.6273 -0.6830
vn -0.9070 0.3887 -0.1619
vn -0.7638 0.5756 -0.2919
vn -0.8777 0.4650 -0.1162
vn -0.8567 0.4510 -0.2503
vn -0.8308 0.1059 -0.5465
vn -0.9968 0.0305 -0.0741
vn -0.9760 0.1208 -0.1814
vn -0.5293 0.0405 -0.8475
vn -0.8226 0.1090 -0.5581
vn -0.9957 -0.0235 -0.0893
vn -0.9827 0.1071 -0.1513
vn -0.5616 -0.7127 0.4203
vn -0.2715 -0.9563 -0.1089
vn -0.2682 -0.7796 0.5660
vn -0.4057 -0.8764 0.2596
vn -0.5075 0.5358 -0.6748
vn -0.6157 0.1555 -0.7725
vn -0.6027 0.0144 -0.7978
vn -0.5594 0.0167 -0.8287
vn -0.6097 0.0554 -0.7907
vn -0.9941 0.0132 -0.1075
vn -0.9905 0.0383 -0.1322
vn -0.9583 0.0594 -0.2795
vn -0.9316 0.3046 -0.1982
vn -0.9987 0.0014 0.0512
vn -0.9759 -0.1498 -0.1587
vn -0.9594 -0.0268 -0.2809
vn 0.3642 0.2116 0.9070
vn 0.6259 -0.6112 -0.4845
vn 0.6329 0.6353 0.4426
vn 0.9810 0.0377 0.1904
vn -0.3046 0.9492 0.0791
vn -0.0800 0.7927 -0.6044
vn -0.4471 0.6653 -0.5979
vn 0.3925 0.5405 0.7442
vn -0.9062 0.0966 -0.4116
vn -0.3625 0.4125 -0.8357
vn 0.2912 0.6982 -0.6540
vn -0.2221 0.3596 -0.9063
vn -0.3419 0.3786 -0.8601
vn 0.3806 0.4956 -0.7807
vn -0.8693 0.0304 0.4934
vn 0.9896 -0.1080 -0.0951
vn -0.9052 -0.0326 -0.4238
vn -0.4527 0.8392 0.3013
vn -0.1919 0.1200 0.9740
vn -0.5748 0.2050 -0.7922
vn -0.0283 0.9987 -0.0425
vn -0.0599 0.0952 0.9936
vn -0.7263 -0.4065 0.5543
vn -0.7074 -0.0568 0.7046
vn 0.6805 0.4713 -0.5611
vn -0.8855 -0.4634 -0.0335
vn -0.8757 -0.3913 -0.2828
vn -0.8317 -0.5519 -0.0609
vn -0.6767 -0.0655 0.7333
vn -0.3965 0.0460 0.9169
vn 0.6817 0.4566 -0.5717
vn 0.4531 -0.0110 -0.8914
vn 0.6161 0.7451 -0.2556
vn -0.9753 -0.2122 -0.0607
vn -0.4555 0.7612 0.4616
vn -0.9424 -0.1781 0.2830
vn -0.0301 0.9681 -0.2489
vn -0.6275 -0.7714 -0.1057
vn 0.1108 -0.5350 0.8375
vn 0.2295 0.9246 0.3042
vn 0.4602 -0.0048 0.8878
vn -0.8958 -0.2887 -0.3380
vn -0.9252 -0.3104 -0.2184
vn -0.9210 -0.1858 -0.3424
vn -0.7375 -0.2162 -0.6398
vn -0.5785 -0.0731 -0.8124
vn -0.6168 -0.0078 -0.7870
vn -0.9702 -0.1496 -0.1908
vn -0.9977 0.0131 -0.0667
vn -0.9970 0.0272 -0.0720
vn -0.9947 0.0331 -0.0973
vn -0.9979 -0.0551 -0.0341
vn -0.9984 -0.0483 -0.0278
vn -0.9968 -0.0730 -0.0330
vn -0.9967 -0.0702 -0.0418
vn -0.9753 -0.2059 -0.0797
vn -0.9672 -0.1769 -0.1825
vn -0.9806 0.0112 -0.1955
vn -0.8474 0.0566 -0.5279
vn -0.9341 0.3253 0.1467
vn -0.9317 0.3337 0.1437
vn -0.9151 -0.2649 0.3039
vn -0.8674 0.0308 0.4966
vn -0.8542 0.1377 0.5015
vn -0.9283 -0.3554 -0.1094
vn -0.9045 -0.3696 -0.2128
vn -0.9561 -0.2870 -0.0592
vn -0.8008 -0.1870 -0.5690
vn -0.6538 -0.0092 -0.7566
vn -0.9859 -0.1288 0.1069
vn -0.8356 0.4632 -0.2954
vn -0.9973 0.0651 0.0338
vn 0.4672 0.3912 -0.7929
vn 0.6032 0.7936 -0.0797
vn 0.4013 0.0661 -0.9136
vn 0.7958 0.0878 -0.5991
vn 0.1716 0.1020 -0.9799
vn 0.6550 0.7469 -0.1146
vn -0.3730 -0.1184 -0.9203
vn -0.2860 0.0176 -0.9581
vn -0.4166 -0.0265 -0.9087
vn -0.2698 0.0288 -0.9625
vn -0.6369 -0.3429 -0.6905
vn -0.7451 -0.0654 -0.6637
vn -0.2964 -0.0045 -0.9550
vn -0.4469 0.0580 -0.8927
vn -0.4407 -0.0089 -0.8976
vn -0.6168 -0.0069 -0.7871
vn -0.9883 0.1362 -0.0690
vn -0.9267 0.1707 -0.3348
vn -0.9769 -0.2092 0.0445
vn -0.3152 0.0455 -0.9479
vn -0.3023 0.0422 -0.9523
vn -0.9975 -0.0637 0.0295
vn -0.9956 0.0606 0.0708
vn -0.5896 0.7332 0.3388
vn -0.4999 -0.3617 0.7869
vn -0.0660 0.3286 0.9421
vn -0.7738 0.3026 0.5565
vn -0.4536 -0.2371 0.8591
vn -0.2393 -0.2434 0.9400
vn -0.7909 -0.0186 0.6117
vn -0.4617 -0.0358 0.8863
vn -0.7712 -0.0393 0.6353
vn 0.4448 0.1520 0.8827
vn 0.4631 0.1358 0.8758
vn -0.6187 0.1769 -0.7655
vn -0.5171 0.2701 -0.8122
vn -0.8147 0.1614 -0.5570
vn -0.7648 -0.0890 -0.6381
vn -0.7894 -0.2053 -0.5785
vn -0.3657 0.3151 -0.8758
vn -0.8106 0.3819 -0.4438
vn -0.6279 0.5153 -0.5833
vn -0.8593 0.3356 -0.3859
vn -0.5211 0.7457 -0.4152
vn -0.8886 0.4532 -0.0702
vn -0.8891 0.4527 -0.0684
vn -0.8294 0.5543 -0.0702
vn -0.9082 0.4124 -0.0709
vn -0.9081 0.4124 -0.0728
vn -0.5169 0.7775 0.3583
vn -0.4962 0.8043 0.3270
vn -0.4947 0.8054 0.3266
vn -0.5625 0.5848 0.5844
vn -0.5613 0.5846 0.5858
vn 0.3058 -0.2296 -0.9240
vn -0.9831 0.1763 -0.0498
vn -0.9830 0.1759 -0.0516
vn -0.8805 -0.4393 0.1784
vn -0.9462 -0.3193 -0.0518
vn -0.8797 -0.4410 0.1780
vn -0.9706 0.1374 -0.1978
vn -0.9930 -0.0804 -0.0863
vn -0.8141 -0.5215 -0.2557
vn -0.2565 0.2592 -0.9312
vn -0.3816 0.4911 -0.7831
vn -0.1750 0.5536 -0.8142
vn -0.9789 0.0753 -0.1899
vn -0.9760 0.2144 0.0389
vn -0.9761 -0.1204 0.1811
vn -0.9867 -0.1380 -0.0859
vn -0.8648 0.2791 0.4175
vn -0.5194 -0.2399 0.8202
vn 0.5100 -0.7001 -0.4997
vn 0.6553 -0.4886 -0.5761
vn 0.6238 -0.7740 0.1083
vn -0.6989 -0.1683 0.6952
vn -0.7396 -0.3037 0.6007
vn -0.9653 -0.0568 -0.2548
vn -0.9388 0.2090 -0.2740
vn -0.6065 0.5457 0.5783
vn -0.1994 0.0704 0.9774
vn -0.2165 0.3744 0.9016
vn 0.7454 -0.6513 0.1423
vn 0.6493 -0.4955 -0.5770
vn -0.5494 0.0612 0.8333
vn -0.7343 -0.0251 0.6783
vn -0.5912 0.0614 0.8042
vn -0.5386 -0.2269 0.8114
vn -0.4616 -0.0470 0.8859
vn -0.5884 0.5530 0.5899
vn -0.5754 0.6123 0.5423
vn -0.6245 0.6950 0.3563
vn -0.5788 0.5834 0.5697
vn 0.7497 -0.0635 -0.6587
vn -0.5094 0.1943 -0.8383
vn 0.4828 0.2511 0.8390
vn 0.3955 0.5017 0.7693
vn -0.6463 0.6566 -0.3888
vn -0.5652 0.8196 0.0944
vn -0.3337 0.7042 -0.6267
vn -0.4309 0.7314 -0.5286
vn -0.6486 0.6821 0.3377
vn -0.5979 0.5635 0.5701
vn -0.5361 0.6062 0.5875
vn -0.3687 0.7766 0.5108
vn -0.3879 0.8082 0.4431
vn -0.3504 0.7656 0.5395
vn -0.4340 0.4205 -0.7968
vn 0.0018 0.9998 -0.0186
vn -0.6080 0.4644 -0.6439
vn 0.0450 0.9981 0.0429
vn -0.9958 -0.0915 -0.0025
vn -0.9930 -0.1182 -0.0056
vn -0.1454 -0.8935 -0.4248
vn -0.0154 -0.8816 -0.4718
vn -0.9993 -0.0379 -0.0050
vn 0.4215 -0.4665 -0.7777
vn -0.1997 -0.2527 -0.9467
vn -0.9994 0.0350 -0.0079
vn 0.3876 -0.0750 -0.9188
vn -1.0000 -0.0059 -0.0012
vn 0.3849 -0.0737 -0.9200
vn 0.3611 0.0188 -0.9323
vn -0.9988 0.0457 -0.0196
vn -0.5700 0.1375 -0.8101
vn -1.0000 -0.0038 -0.0085
vn 0.5855 -0.1258 -0.8008
vn -0.9904 -0.1366 -0.0213
vn -0.9101 0.1491 -0.3866
vn -0.9840 -0.1772 -0.0194
vn -0.9980 0.0608 -0.0164
vn -0.3313 -0.1955 -0.9230
vn -0.7630 0.1036 -0.6380
vn -0.8621 -0.1871 -0.4709
vn -0.9855 -0.1697 0.0038
vn -0.9973 -0.0729 -0.0021
vn -0.8795 -0.2283 -0.4177
vn -0.9942 -0.1019 0.0351
vn -0.8528 -0.2455 0.4609
vn -0.7245 -0.1464 0.6736
vn -0.8909 -0.0412 0.4523
vn -0.9580 0.2678 0.1024
vn -0.1474 0.2415 0.9591
vn 0.0328 -0.1854 0.9821
vn -0.7822 0.1601 0.6021
vn 0.2515 0.1575 0.9549
vn 0.5621 -0.0276 0.8266
vn 0.5006 -0.2398 0.8318
vn 0.3828 -0.7244 0.5733
vn -0.5313 -0.8406 0.1054
vn -0.9831 -0.1827 -0.0060
vn -0.4879 -0.8676 0.0962
vn -0.7282 -0.6786 -0.0962
vn -0.1024 -0.9668 -0.2342
vn 0.7432 -0.6657 -0.0670
vn -0.2788 -0.5992 0.7505
vn 0.5450 -0.2477 0.8010
vn -0.3849 -0.0558 -0.9213
vn -0.0752 0.2040 -0.9761
vn 0.4600 -0.1365 -0.8774
vn 0.2544 -0.0191 0.9669
vn 0.6553 -0.0040 -0.7553
vn 0.6832 -0.1522 -0.7142
vn 0.6550 -0.0794 -0.7515
vn -0.0910 -0.5607 -0.8230
vn -0.4634 -0.2762 0.8420
vn -0.7582 -0.0759 -0.6475
vn -0.6782 -0.1390 -0.7216
vn -0.4542 -0.0954 -0.8858
vn 0.0017 -0.7639 0.6453
vn -0.4654 -0.2600 0.8460
vn -0.6232 -0.0620 -0.7796
vn -0.3586 -0.0893 -0.9292
vn -0.3811 -0.0852 -0.9206
vn -0.8588 -0.3110 0.4071
vn -0.3599 -0.9077 -0.2158
vn -0.0367 -0.9335 0.3566
vn 0.0667 -0.9168 0.3938
vn -0.8615 -0.1521 -0.4844
vn -0.7349 -0.2913 -0.6124
vn -0.2348 -0.8736 0.4263
vn -0.7678 -0.1275 -0.6279
vn 0.6398 -0.0900 0.7633
vn 0.9969 0.0117 -0.0776
vn -0.8962 -0.3997 -0.1928
vn -0.3876 0.8881 0.2472
vn 0.8839 0.4573 -0.0983
vn 0.8543 0.5051 -0.1223
vn -0.4901 0.6827 0.5420
vn 0.8677 0.4888 -0.0905
vn -0.0609 0.0061 0.9981
vn -0.4343 0.9003 0.0273
vn 0.5229 0.0708 0.8495
vn -0.6730 0.7081 0.2137
vn 0.8124 0.4699 0.3453
vn -0.4794 0.0954 0.8724
vn 0.6387 0.7620 0.1069
vn 0.0941 -0.3307 0.9390
vn 0.8207 -0.5394 -0.1884
vn -0.3881 0.8983 0.2059
vn -0.7784 -0.2178 -0.5888
vn -0.7350 -0.2878 -0.6140
vn 0.9900 0.0402 -0.1356
vn -0.9256 -0.2178 -0.3095
vn -0.5243 0.8513 0.0231
vn -0.5346 0.8293 -0.1628
vn 0.5990 -0.0601 0.7985
vn 0.8848 -0.4604 0.0726
vn 0.8937 -0.4308 0.1254
vn 0.8674 0.4948 0.0533
vn 0.8642 -0.4981 0.0702
vn 0.8944 -0.4471 -0.0098
vn 0.0775 -0.0392 0.9962
vn 0.8785 -0.1739 -0.4449
vn 0.8927 -0.1152 -0.4357
vn 0.8694 0.4904 0.0605
vn -0.3974 0.9168 -0.0402
vn 0.8141 -0.4441 0.3743
vn -0.4153 0.9056 -0.0861
vn -0.7647 -0.1659 -0.6227
vn 0.6234 -0.0533 0.7801
vn -0.3729 -0.9078 0.1918
vn 0.8634 0.1527 0.4809
vn -0.3804 -0.9243 -0.0303
vn -0.3940 -0.9191 -0.0089
vn -0.6560 -0.6782 0.3312
vn 0.0256 -0.8617 -0.5068
vn 0.9333 0.3278 -0.1466
vn -0.3100 -0.9323 0.1862
vn -0.9318 -0.1817 -0.3143
vn -0.1375 0.4139 0.8999
vn 0.1832 -0.9806 0.0697
vn 0.5727 0.7971 -0.1916
vn -0.3899 -0.8936 0.2224
vn 0.9770 0.0381 0.2099
vn -0.1793 -0.9537 -0.2415
vn -0.3800 -0.9243 -0.0345
vn -0.1876 -0.9732 -0.1326
vn 0.5186 -0.0201 0.8548
vn -0.8140 -0.5157 -0.2672
vn -0.8782 -0.4768 -0.0371
vn -0.8173 -0.4992 -0.2878
vn 0.6001 0.1591 -0.7839
vn 0.6776 0.0413 -0.7343
vn 0.4644 0.3044 -0.8317
vn 0.6058 0.1455 -0.7822
vn 0.2471 0.3770 -0.8926
vn -0.1278 -0.4866 -0.8642
vn -0.1548 0.0975 -0.9831
vn -0.5146 0.0798 -0.8537
vn 0.0470 -0.0624 -0.9969
vn 0.3394 0.0229 -0.9404
vn 0.6006 0.1762 -0.7799
vn 0.5793 -0.0643 0.8125
vn -0.9657 0.2189 -0.1393
vn 0.7623 0.4484 0.4668
vn -0.3060 0.9509 0.0466
vn -0.4423 0.8443 0.3026
vn -0.3236 0.3938 0.8604
vn -0.5275 0.5952 0.6062
vn -0.7339 -0.1500 0.6625
vn 0.4615 0.8076 -0.3671
vn -0.0362 0.9969 -0.0698
vn -0.3694 0.8938 0.2542
vn 0.7953 0.6018 -0.0726
vn 0.1198 0.3668 0.9226
vn 0.9111 0.4080 -0.0584
vn 0.8417 0.5325 0.0891
vn -0.0294 0.9989 0.0352
vn -0.1954 0.9645 0.1775
vn -0.1213 0.6009 0.7901
vn 0.8252 0.5214 -0.2172
vn 0.9924 0.1114 -0.0528
vn 0.9492 0.2534 -0.1864
vn 0.9112 0.4093 0.0469
vn 0.0085 0.9854 0.1700
vn -0.0247 0.9805 0.1949
vn 0.9122 0.4082 0.0368
vn 0.0356 -0.8598 -0.5093
vn 0.1988 0.0827 -0.9765
vn -0.0879 -0.9192 -0.3840
vn 0.2109 0.0583 -0.9758
vn 0.8987 0.4386 0.0024
vn -0.3805 0.9215 -0.0772
vn -0.1948 0.9515 -0.2380
vn 0.8937 0.4485 -0.0159
vn -0.0733 -0.9968 -0.0315
vn 0.0269 -0.9743 -0.2237
vn 0.9017 0.4324 0.0004
vn 0.2421 0.8367 -0.4912
vn -0.2551 0.9337 -0.2513
vn 0.1041 0.2031 -0.9736
vn 0.1101 0.1445 -0.9834
vn 0.5622 -0.0541 0.8253
vn 0.6372 -0.0729 0.7672
vn 0.6078 -0.0538 0.7923
vn 0.3314 -0.0437 -0.9425
vn 0.1769 -0.0005 -0.9842
vn -0.9661 0.1234 0.2268
vn -0.8170 0.4704 -0.3336
vn 0.1684 0.0226 -0.9855
vn 0.2269 -0.0737 -0.9711
vn 0.5351 -0.1269 0.8352
vn 0.6501 -0.0887 0.7547
vn -0.6530 0.7238 0.2230
vn 0.1943 0.3259 -0.9252
vn -0.1428 0.3666 -0.9194
vn -0.1832 -0.9823 -0.0391
vn -0.1790 -0.9833 -0.0328
vn -0.1408 -0.9830 -0.1181
vn -0.1839 -0.9791 -0.0866
vn 0.6492 -0.1244 0.7504
vn -0.8289 0.4483 -0.3347
vn -0.0496 0.1654 0.9850
vn -0.1074 -0.7617 -0.6390
vn 0.3433 0.8993 0.2710
vn 0.8721 -0.4879 0.0364
vn -0.4202 0.9017 -0.1021
vn 0.1352 -0.1907 -0.9723
vn -0.7567 0.5150 -0.4027
vn 0.1672 0.4648 0.8695
vn -0.6606 0.6058 -0.4435
vn -0.3599 0.3680 -0.8573
vn 0.9222 0.3799 -0.0731
vn -0.6796 0.6021 -0.4190
vn 0.7100 0.6887 0.1470
vn -0.6540 0.5334 -0.5364
vn -0.5929 0.1859 -0.7835
vn -0.5706 0.1912 -0.7987
vn -0.5512 0.1576 -0.8194
vn 0.9257 0.1608 0.3425
vn 0.9354 0.3122 0.1658
vn -0.0669 0.0804 0.9945
vn 0.0641 0.9683 0.2415
vn -0.1424 0.8916 0.4299
vn 0.1986 -0.1101 0.9739
vn -0.0346 -0.9092 0.4150
vn 0.8302 0.0981 0.5487
vn 0.8500 -0.0019 0.5267
vn 0.3289 -0.2494 0.9108
vn -0.1411 -0.1636 0.9764
vn -0.1728 -0.1345 0.9757
vn -0.0983 -0.8740 0.4758
vn 0.7203 0.6780 0.1463
vn -0.2057 0.9538 0.2191
vn 0.1455 0.9871 0.0666
vn -0.2278 -0.1439 -0.9630
vn 0.7180 0.4781 -0.5058
vn -0.1590 0.9464 -0.2811
vn -0.8892 0.0066 -0.4574
vn -0.8226 -0.0457 -0.5668
vn 0.5156 -0.0285 0.8564
vn 0.6322 -0.0082 0.7748
vn -0.0050 0.1578 -0.9875
vn 0.1946 0.1505 -0.9693
vn -0.1530 0.2173 -0.9640
vn -0.5864 0.5292 -0.6132
vn -0.3474 -0.8283 0.4396
vn -0.3881 -0.3218 0.8636
vn -0.4311 -0.2415 0.8694
vn -0.1677 -0.9516 0.2576
vn -0.6517 -0.3409 -0.6775
vn -0.9294 -0.0827 -0.3597
vn -0.8899 -0.2067 -0.4066
vn 0.6607 0.0182 0.7505
vn -0.0004 0.1103 -0.9939
vn -0.2414 0.1106 -0.9641
vn -0.2247 0.1014 -0.9691
vn -0.2416 0.1149 -0.9635
vn 0.0656 0.0750 -0.9950
vn -0.1539 0.0580 -0.9864
vn -0.7769 -0.5746 -0.2575
vn -0.2645 -0.1238 0.9564
vn -0.6463 -0.7243 -0.2402
vn -0.4057 0.0171 0.9139
vn -0.6279 -0.1502 -0.7637
vn -0.8000 -0.0859 -0.5938
vn -0.6776 -0.1443 -0.7211
vn -0.6765 -0.0068 -0.7364
vn -0.5573 -0.1569 -0.8153
vn -0.6526 -0.1074 -0.7500
vn 0.6005 0.1233 0.7901
vn -0.0188 0.3252 -0.9455
vn -0.2354 0.3191 -0.9180
vn -0.2230 0.3093 -0.9245
vn 0.0910 0.2747 -0.9572
vn -0.9383 -0.2109 -0.2741
vn -0.2238 -0.2829 0.9327
vn -0.2913 -0.0857 0.9528
vn 0.6038 0.2596 0.7537
vn 0.6417 0.2116 0.7372
vn -0.2617 0.5701 -0.7788
vn -0.2194 0.5771 -0.7867
vn -0.2053 0.5166 -0.8313
vn -0.1394 0.7274 0.6719
vn -0.2072 0.0841 0.9747
vn -0.1998 0.7505 0.6299
vn -0.7028 -0.5005 -0.5055
vn -0.3468 0.7607 0.5487
vn -0.7950 0.1601 0.5852
vn -0.7825 0.4461 -0.4345
vn -0.6874 0.3873 -0.6145
vn -0.6543 0.1319 0.7446
vn -0.8904 0.2390 0.3875
vn 0.5936 -0.8048 -0.0063
vn 0.2820 -0.9113 -0.3000
vn 0.5769 0.3945 0.7152
vn -0.0948 0.8477 -0.5219
vn -0.0656 0.8019 -0.5939
vn -0.1952 0.7873 0.5849
vn -0.1384 0.8246 0.5485
vn -0.0998 0.7998 0.5919
vn -0.2467 0.8500 0.4654
vn -0.5456 -0.2003 -0.8137
vn -0.2478 0.8578 0.4503
vn -0.0227 0.9996 -0.0182
vn 0.0046 0.9994 0.0329
vn -0.3401 -0.1926 0.9204
vn -0.5978 0.4494 0.6638
vn -0.8768 0.3404 0.3398
vn -0.1082 0.9938 -0.0241
vn 0.3972 0.6087 0.6869
vn -0.1556 0.9867 -0.0480
vn 0.5749 0.3876 0.7206
vn 0.0126 0.9956 0.0929
vn -0.0835 0.9345 -0.3460
vn 0.0921 0.9957 0.0025
vn -0.0659 0.9626 0.2629
vn -0.0793 0.8438 0.5307
vn 0.9791 -0.2023 -0.0201
vn 0.9444 -0.3260 -0.0437
vn 0.9768 -0.1267 -0.1725
vn 0.9803 -0.1970 -0.0111
vn 0.9792 -0.1563 0.1296
vn 0.9664 -0.1146 0.2299
vn 0.9120 -0.1513 0.3812
vn 0.9231 -0.1249 0.3636
vn 0.9108 -0.1622 0.3797
vn 0.8350 -0.5345 0.1309
vn 0.6320 -0.3850 0.6725
vn 0.8186 -0.4652 0.3367
vn 0.8350 -0.4891 0.2522
vn 0.8457 -0.5335 -0.0165
vn 0.8473 -0.5241 0.0862
vn 0.8700 -0.4648 -0.1644
vn 0.8620 -0.4658 -0.1999
vn 0.8688 -0.4824 -0.1117
vn 0.9079 -0.0849 -0.4106
vn 0.8694 -0.3438 -0.3548
vn 0.8793 -0.3505 -0.3225
vn 0.8250 -0.0775 -0.5598
vn 0.8971 -0.0859 -0.4333
vn 0.8049 -0.2236 -0.5496
vn 0.7996 -0.2330 -0.5534
vn 0.8824 -0.3450 -0.3199
vn 0.8594 -0.4017 -0.3163
vn 0.1330 -0.2591 -0.9566
vn 0.8140 -0.3803 -0.4391
vn 0.7745 -0.3155 -0.5483
vn 0.6021 -0.5106 0.6139
vn -0.4118 -0.2987 0.8609
vn 0.6072 -0.5266 0.5950
vn 0.8261 -0.4262 0.3688
vn 0.7459 -0.5069 -0.4321
vn 0.2634 -0.1221 -0.9569
vn 0.5555 -0.1394 -0.8198
vn 0.5489 -0.1399 -0.8241
vn 0.6831 -0.1639 -0.7117
vn 0.7619 -0.2037 -0.6148
vn 0.6831 -0.4112 0.6036
vn 0.8194 -0.1185 0.5608
vn 0.7128 -0.1306 0.6891
vn -0.4680 -0.1508 -0.8708
vn 0.6173 0.1764 -0.7667
vn 0.6794 -0.2033 -0.7050
vn 0.5990 -0.2792 -0.7505
vn 0.5817 -0.0979 -0.8075
vn 0.8401 -0.0917 0.5347
vn 0.6767 -0.0884 0.7310
vn 0.1574 -0.2999 -0.9409
vn 0.7299 -0.1338 -0.6703
vn 0.8435 -0.0637 0.5334
vn 0.7086 -0.0587 0.7032
vn 0.0224 -0.9221 -0.3863
vn -0.9269 -0.3613 0.1018
vn -0.8668 -0.4344 -0.2448
vn 0.8150 -0.2459 -0.5248
vn 0.8359 -0.2419 -0.4927
vn 0.7328 -0.1424 -0.6654
vn -0.9271 0.3366 0.1651
vn -0.9407 0.2227 0.2559
vn -0.9485 0.3160 -0.0226
vn -0.9439 0.3288 -0.0308
vn -0.9047 0.3128 -0.2894
vn -0.8984 0.3230 -0.2975
vn -0.9789 -0.2045 0.0009
vn 0.7610 0.0235 -0.6483
vn 0.7518 -0.1253 -0.6474
vn 0.7209 -0.0656 -0.6899
vn 0.7910 -0.1183 -0.6003
vn 0.0844 -0.0575 0.9948
vn 0.9773 0.2118 0.0085
vn -0.9690 -0.0122 0.2467
vn -0.9540 -0.0632 0.2931
vn -0.8483 -0.2174 -0.4829
vn -0.9512 -0.1255 -0.2819
vn 0.7045 -0.0544 0.7076
vn 0.7349 -0.0467 0.6766
vn 0.8023 -0.0437 0.5953
vn 0.7939 -0.0949 -0.6005
vn 0.7112 -0.1181 -0.6930
vn -0.9547 -0.1624 -0.2493
vn 0.7631 -0.0831 -0.6409
vn 0.7845 -0.0832 -0.6145
vn 0.7893 -0.0863 -0.6079
vn 0.7604 -0.0804 -0.6445
vn -0.9743 -0.2250 -0.0048
vn -0.9831 -0.1733 -0.0585
vn -0.9865 -0.1490 -0.0679
vn 0.7727 0.0731 -0.6306
vn 0.7372 0.0410 -0.6744
vn 0.7754 -0.0674 -0.6279
vn 0.7961 -0.0572 0.6025
vn 0.5233 0.1768 -0.8336
vn 0.7281 -0.0252 -0.6850
vn 0.7253 -0.0561 0.6861
vn 0.7936 -0.0568 0.6058
vn -0.7894 0.5892 0.1725
vn -0.9298 0.3630 0.0618
vn -0.7860 0.5862 -0.1962
vn -0.7478 0.6639 0.0042
vn -0.9665 0.2447 0.0777
vn -0.9203 0.3900 -0.0313
vn -0.9306 0.1468 -0.3354
vn -0.8720 0.2681 -0.4096
vn 0.5066 -0.0287 -0.8617
vn 0.5815 -0.0636 -0.8110
vn -0.8738 0.2959 0.3859
vn -0.9582 0.2336 0.1650
vn -0.9478 0.2950 0.1213
vn -0.8748 0.3122 0.3705
vn -0.9905 0.1324 0.0367
vn -0.9697 0.2368 -0.0602
vn 0.7211 -0.0551 0.6907
vn -0.7471 -0.1801 0.6398
vn -0.9232 -0.1377 0.3587
vn -0.9027 -0.1870 0.3876
vn -0.9292 -0.2782 -0.2433
vn -0.8662 -0.1889 -0.4627
vn -0.8722 0.0352 -0.4879
vn -0.7857 0.4246 -0.4498
vn 0.0835 0.3225 -0.9429
vn 0.4527 0.1179 -0.8838
vn -0.8668 -0.3038 -0.3954
vn 0.6875 -0.1027 0.7189
vn 0.7081 -0.1026 0.6986
vn 0.6350 -0.1212 0.7629
vn 0.8097 -0.0522 0.5846
vn 0.8015 -0.0496 0.5960
vn -0.9956 -0.0906 -0.0246
vn -0.9616 -0.2667 -0.0641
vn -0.9585 -0.2803 -0.0524
vn -0.9570 -0.2751 0.0919
vn -0.7138 0.0512 -0.6984
vn -0.8459 0.2580 0.4667
vn -0.9107 0.4042 0.0856
vn -0.8949 0.4434 0.0505
vn -0.7645 -0.0422 0.6433
vn -0.9614 0.2706 -0.0508
vn -0.8665 0.4514 -0.2132
vn 0.7678 -0.0645 0.6375
vn -0.5696 0.1565 -0.8069
vn -0.4337 0.0982 -0.8957
vn -0.7897 -0.0801 -0.6082
vn -0.7212 0.0055 -0.6927
vn -0.9455 -0.0780 -0.3161
vn -0.7306 0.1753 -0.6599
vn -0.7712 0.1335 -0.6224
vn -0.5906 0.1204 -0.7979
vn -0.7901 -0.4230 0.4435
vn -0.9940 -0.0861 0.0672
vn -0.9445 -0.0744 -0.3198
vn 0.7275 0.0249 0.6857
vn 0.7523 0.0572 0.6563
vn -0.7722 0.1284 -0.6223
vn -0.9478 -0.0331 -0.3172
vn -0.9026 -0.0947 -0.4198
vn -0.8567 -0.0696 -0.5110
vn 0.0254 -0.9991 0.0344
vn -0.6981 0.2691 -0.6636
vn -0.7297 0.1787 -0.6600
vn 0.6997 0.1850 0.6901
vn 0.7353 0.1951 0.6491
vn -0.3724 0.6793 -0.6323
vn -0.6567 0.3117 -0.6868
vn -0.7677 0.4314 0.4738
vn 0.0299 0.1738 -0.9843
vn 0.6758 -0.7176 -0.1682
vn -0.4319 -0.4672 0.7715
vn 0.3051 -0.8930 -0.3308
vn 0.3579 -0.3359 -0.8713
vn 0.1982 0.9623 0.1860
vn -0.7544 0.0710 0.6525
vn -0.5023 0.8023 0.3225
vn 0.8104 0.1353 0.5701
vn 0.8265 0.2142 0.5205
vn 0.7489 0.2811 0.6000
vn 0.7517 0.2827 0.5959
vn 0.1608 0.8921 -0.4223
vn 0.2476 0.8909 -0.3808
vn -0.3695 0.6802 -0.6331
vn 0.0802 0.8027 -0.5910
vn 0.0585 0.9511 -0.3034
vn 0.1070 0.9535 0.2817
vn 0.2675 0.9414 0.2053
vn 0.4450 -0.6769 -0.5863
vn -0.6357 0.2135 0.7418
vn 0.8261 -0.4954 0.2687
vn 0.0490 0.9982 0.0335
vn 0.1206 0.9918 0.0429
vn 0.0503 0.9987 0.0029
vn 0.2425 0.9684 0.0584
vn 0.3027 0.9513 0.0586
vn 0.2993 0.9525 0.0566
vn 0.9875 -0.1291 -0.0902
vn 0.9857 -0.1441 0.0874
vn 0.9854 -0.1456 0.0880
vn 0.9621 -0.1668 -0.2156
vn 0.9862 -0.1518 -0.0662
vn 0.9661 -0.2378 0.1008
vn 0.7759 -0.4415 0.4507
vn 0.9366 -0.2234 0.2698
vn 0.9613 -0.0955 -0.2586
vn 0.9716 -0.1276 -0.1993
vn 0.9964 -0.0558 -0.0633
vn 0.9963 -0.0850 -0.0132
vn 0.9905 -0.0855 0.1073
vn 0.9950 -0.0593 0.0807
vn 0.9714 -0.0825 0.2228
vn 0.9785 -0.0674 0.1948
vn 0.7543 -0.3837 0.5327
vn 0.7206 -0.4335 0.5412
vn 0.9208 -0.0929 0.3788
vn 0.9695 -0.1548 -0.1902
vn 0.8589 -0.1783 -0.4802
vn 0.9202 -0.0759 0.3840
vn 0.9267 -0.0033 -0.3759
vn 0.9867 -0.0791 -0.1417
vn 0.9860 -0.1327 -0.1013
vn 0.6361 -0.1348 -0.7597
vn 0.9564 -0.0768 -0.2818
vn 0.9968 -0.0771 -0.0188
vn 0.9950 -0.0628 0.0779
vn 0.9786 -0.0659 0.1948
vn 0.9497 -0.1110 -0.2927
vn 0.9926 -0.0660 -0.1018
vn 0.9978 -0.0663 -0.0055
vn 0.9289 -0.0568 0.3660
vn 0.8521 -0.0566 0.5203
vn 0.9737 -0.0709 -0.2165
vn 0.9732 -0.0691 -0.2194
vn 0.9941 -0.0695 -0.0829
vn 0.9979 -0.0624 0.0191
vn 0.9952 -0.0617 0.0759
vn 0.9712 -0.0532 0.2324
vn 0.9366 -0.0531 0.3463
vn 0.8507 -0.0555 0.5227
vn 0.9707 -0.0253 -0.2390
vn 0.9666 -0.0557 -0.2502
vn 0.9706 -0.0900 -0.2233
vn 0.9406 -0.0379 -0.3373
vn 0.9928 -0.0571 -0.1053
vn 0.9909 -0.0524 0.1237
vn 0.9752 -0.0504 0.2153
vn 0.9736 -0.0527 -0.2222
vn 0.9409 -0.0323 -0.3370
vn 0.9929 -0.0520 -0.1066
vn 0.8503 -0.0569 0.5232
vn 0.9327 -0.0549 -0.3564
vn 0.8829 -0.0004 -0.4695
vn 0.9721 -0.0494 -0.2294
vn 0.9361 -0.0525 0.3479
vn 0.8772 -0.0497 0.4776
vn 0.9728 -0.0427 -0.2275
vn 0.9335 -0.0559 0.3542
vn 0.8783 -0.0561 -0.4749
vn 0.9137 -0.0291 -0.4054
vn 0.8739 0.0110 -0.4860
vn 0.9203 -0.0292 -0.3900
vn 0.9293 -0.0486 0.3661
vn 0.8784 -0.0459 0.4758
vn 0.3789 0.1196 -0.9177
vn 0.8879 -0.0503 0.4574
vn 0.1066 0.0590 -0.9925
vn 0.5827 0.0334 -0.8120
vn 0.9675 -0.0184 -0.2522
vn -0.1525 0.0888 -0.9843
vn 0.8791 -0.0212 0.4763
vn 0.8113 -0.0759 0.5797
vn 0.5596 0.0328 -0.8281
vn 0.8756 0.0050 -0.4830
vn 0.8183 0.0251 -0.5742
vn 0.9411 0.0109 -0.3381
vn 0.8885 0.0052 0.4589
vn -0.1492 0.1468 -0.9778
vn -0.5798 0.1232 -0.8054
vn -0.0869 0.1183 -0.9892
vn 0.2071 0.1410 -0.9681
vn 0.8143 0.0723 -0.5759
vn 0.7754 0.0938 -0.6244
vn 0.8614 0.0493 0.5055
vn 0.8265 0.0769 0.5576
vn 0.0402 0.4037 -0.9140
vn -0.2637 0.4283 -0.8643
vn 0.7455 0.2647 -0.6116
vn 0.7562 0.2574 -0.6016
vn 0.8510 0.2157 0.4789
vn 0.9135 0.1530 0.3769
vn 0.7801 0.1368 0.6106
vn -0.1240 0.6343 -0.7631
vn 0.2900 0.6187 -0.7301
vn 0.9029 0.1076 0.4163
vn 0.9697 0.1222 0.2117
vn 0.8623 0.2890 0.4158
vn 0.8254 0.3385 0.4517
vn 0.8596 0.2840 0.4247
vn 0.3780 0.6734 -0.6353
vn 0.6389 0.7413 -0.2056
vn 0.5960 0.8028 0.0159
vn 0.9941 -0.0470 -0.0982
vn 0.9751 -0.0589 0.2138
vn 0.9722 -0.0435 -0.2301
vn 0.9953 -0.0442 -0.0856
vn 0.9990 -0.0442 0.0059
vn 0.9910 -0.0514 0.1234
vn 0.9990 -0.0433 0.0099
vn 0.9955 -0.0432 0.0846
vn 0.9812 -0.0509 0.1860
vn 0.9728 -0.0129 -0.2314
vn 0.9928 -0.0124 -0.1192
vn 0.9794 -0.0186 -0.2008
vn 0.9998 -0.0215 0.0029
vn 0.9951 -0.0274 0.0945
vn 0.9977 -0.0191 0.0657
vn 0.9797 -0.0274 0.1988
vn 0.9934 -0.0110 -0.1145
vn 0.9991 -0.0102 -0.0410
vn 0.9780 -0.0254 0.2072
vn 0.9549 -0.0228 0.2962
vn 0.9615 0.0209 -0.2738
vn 0.9937 -0.0039 -0.1116
vn 0.9990 -0.0038 -0.0439
vn 0.9615 0.0208 -0.2738
vn 0.9866 0.0189 -0.1621
vn 0.9476 0.0494 -0.3155
vn 0.9999 0.0140 -0.0035
vn 0.9978 -0.0131 0.0648
vn 0.9795 0.0116 0.2013
vn 0.9779 0.0070 0.2089
vn 0.9400 0.0053 0.3411
vn 0.9332 -0.0082 0.3592
vn 0.9253 0.1809 -0.3332
vn 0.9719 0.1607 -0.1718
vn 0.9636 0.1783 -0.1991
vn 0.9086 0.2022 -0.3653
vn 0.9948 0.1018 -0.0016
vn 0.9850 0.1552 -0.0753
vn 0.9797 0.1629 0.1170
vn 0.9698 0.1221 0.2110
vn 0.9730 0.1560 0.1701
vn 0.6921 0.7216 0.0178
vn 0.5398 0.8010 0.2590
usemtl material_0.009
s off
f 1//1 2//1 3//1
f 4//2 1//2 3//2
f 5//3 4//3 3//3
f 6//4 3//4 2//4
f 7//5 2//5 1//5
f 8//6 7//6 1//6
f 8//7 1//7 4//7
f 9//8 2//8 7//8
f 9//9 6//9 2//9
f 9//10 7//10 8//10
f 10//11 11//11 12//11
f 13//12 12//12 14//12
f 13//13 10//13 12//13
f 15//14 8//14 4//14
f 16//15 4//15 5//15
f 16//16 15//16 4//16
f 17//17 16//17 5//17
f 18//18 17//18 11//18
f 10//19 18//19 11//19
f 19//20 8//20 15//20
f 20//21 8//21 19//21
f 21//22 8//22 20//22
f 21//23 9//23 8//23
f 22//24 16//24 17//24
f 18//25 22//25 17//25
f 23//26 18//26 10//26
f 13//27 23//27 10//27
f 24//28 23//28 13//28
f 25//29 24//29 13//29
f 25//30 13//30 26//30
f 27//31 19//31 15//31
f 16//32 27//32 15//32
f 28//33 20//33 19//33
f 29//34 20//34 28//34
f 29//35 21//35 20//35
f 30//36 22//36 18//36
f 23//37 30//37 18//37
f 31//38 19//38 27//38
f 28//39 19//39 31//39
f 32//40 29//40 28//40
f 33//41 16//41 22//41
f 30//42 33//42 22//42
f 34//43 24//43 25//43
f 35//44 27//44 16//44
f 36//45 28//45 31//45
f 32//46 28//46 36//46
f 33//47 35//47 16//47
f 37//48 30//48 23//48
f 38//49 23//49 24//49
f 38//50 37//50 23//50
f 39//51 38//51 24//51
f 39//52 24//52 34//52
f 40//53 38//53 39//53
f 41//54 31//54 27//54
f 35//55 41//55 27//55
f 42//56 36//56 31//56
f 43//57 31//57 41//57
f 42//58 31//58 43//58
f 32//59 36//59 42//59
f 44//60 33//60 30//60
f 45//61 30//61 37//61
f 45//62 44//62 30//62
f 38//63 45//63 37//63
f 40//64 46//64 38//64
f 47//65 43//65 41//65
f 48//66 41//66 35//66
f 48//67 47//67 41//67
f 49//68 42//68 43//68
f 49//69 43//69 47//69
f 50//70 42//70 49//70
f 50//71 32//71 42//71
f 48//72 35//72 33//72
f 44//73 48//73 33//73
f 46//74 45//74 38//74
f 51//75 47//75 48//75
f 52//76 47//76 51//76
f 53//77 47//77 52//77
f 53//78 49//78 47//78
f 54//79 49//79 53//79
f 55//80 49//80 54//80
f 55//81 50//81 49//81
f 56//82 51//82 48//82
f 57//83 48//83 44//83
f 57//84 56//84 48//84
f 58//85 44//85 45//85
f 58//86 57//86 44//86
f 59//87 58//87 45//87
f 60//88 59//88 45//88
f 60//89 45//89 46//89
f 54//90 53//90 52//90
f 61//91 58//91 59//91
f 61//92 59//92 60//92
f 62//93 54//93 52//93
f 63//94 62//94 52//94
f 51//95 63//95 52//95
f 64//96 55//96 54//96
f 62//97 64//97 54//97
f 65//98 62//98 63//98
f 66//99 63//99 51//99
f 66//100 65//100 63//100
f 67//101 51//101 56//101
f 68//102 51//102 67//102
f 68//103 66//103 51//103
f 67//104 56//104 57//104
f 58//105 67//105 57//105
f 69//106 67//106 58//106
f 61//107 69//107 58//107
f 70//108 71//108 72//108
f 73//109 70//109 72//109
f 73//110 72//110 74//110
f 75//111 71//111 70//111
f 75//112 76//112 71//112
f 77//113 75//113 70//113
f 78//114 72//114 71//114
f 76//115 78//115 71//115
f 79//116 77//116 70//116
f 79//117 70//117 73//117
f 80//118 75//118 77//118
f 81//119 75//119 80//119
f 82//120 80//120 77//120
f 82//121 77//121 79//121
f 83//122 81//122 80//122
f 84//123 78//123 76//123
f 85//124 78//124 84//124
f 86//125 84//125 76//125
f 87//126 78//126 85//126
f 88//127 85//127 84//127
f 88//128 87//128 85//128
f 89//129 76//129 75//129
f 89//130 86//130 76//130
f 90//131 75//131 81//131
f 90//132 89//132 75//132
f 91//133 90//133 81//133
f 92//134 83//134 80//134
f 93//135 91//135 81//135
f 93//136 81//136 83//136
f 94//137 84//137 86//137
f 95//138 94//138 86//138
f 96//139 84//139 94//139
f 97//140 88//140 84//140
f 98//141 86//141 89//141
f 98//142 95//142 86//142
f 99//143 89//143 90//143
f 99//144 98//144 89//144
f 100//145 90//145 91//145
f 100//146 99//146 90//146
f 101//147 100//147 91//147
f 93//148 101//148 91//148
f 102//149 94//149 95//149
f 103//150 84//150 96//150
f 104//151 96//151 94//151
f 103//152 96//152 104//152
f 105//153 84//153 103//153
f 105//154 97//154 84//154
f 106//155 95//155 98//155
f 106//156 102//156 95//156
f 107//157 98//157 99//157
f 107//158 106//158 98//158
f 108//159 99//159 100//159
f 108//160 107//160 99//160
f 109//161 100//161 101//161
f 109//162 108//162 100//162
f 110//163 109//163 101//163
f 111//164 101//164 93//164
f 110//165 101//165 111//165
f 102//166 104//166 94//166
f 112//167 103//167 104//167
f 112//168 104//168 113//168
f 114//169 103//169 112//169
f 114//170 105//170 103//170
f 115//171 108//171 109//171
f 115//172 107//172 108//172
f 116//173 115//173 109//173
f 117//174 116//174 109//174
f 118//175 117//175 109//175
f 118//176 109//176 110//176
f 119//177 104//177 102//177
f 119//178 113//178 104//178
f 112//179 113//179 120//179
f 121//180 102//180 106//180
f 121//181 119//181 102//181
f 121//182 106//182 107//182
f 122//183 121//183 107//183
f 115//184 122//184 107//184
f 123//185 115//185 116//185
f 123//186 124//186 115//186
f 125//187 116//187 117//187
f 126//188 123//188 116//188
f 126//189 116//189 125//189
f 125//190 117//190 118//190
f 127//191 120//191 113//191
f 128//192 113//192 119//192
f 128//193 127//193 113//193
f 129//194 112//194 120//194
f 130//195 129//195 120//195
f 127//196 130//196 120//196
f 114//197 112//197 129//197
f 121//198 128//198 119//198
f 131//199 122//199 115//199
f 132//200 115//200 124//200
f 132//201 131//201 115//201
f 133//202 123//202 126//202
f 123//203 132//203 124//203
f 134//204 129//204 130//204
f 135//205 114//205 129//205
f 134//206 135//206 129//206
f 17//207 128//207 121//207
f 11//208 17//208 121//208
f 122//209 11//209 121//209
f 14//210 122//210 131//210
f 136//211 131//211 132//211
f 136//212 14//212 131//212
f 137//213 136//213 132//213
f 137//214 132//214 123//214
f 3//215 130//215 127//215
f 5//216 127//216 128//216
f 5//217 3//217 127//217
f 17//218 5//218 128//218
f 12//219 11//219 122//219
f 14//220 12//220 122//220
f 3//221 6//221 130//221
f 134//222 130//222 6//222
f 138//223 136//223 137//223
f 139//224 134//224 6//224
f 139//225 6//225 9//225
f 134//226 139//226 140//226
f 141//227 134//227 140//227
f 136//228 13//228 14//228
f 142//229 26//229 136//229
f 142//230 136//230 138//230
f 143//231 139//231 9//231
f 140//232 139//232 143//232
f 26//233 13//233 136//233
f 21//234 143//234 9//234
f 141//235 140//235 143//235
f 144//236 143//236 21//236
f 145//237 143//237 144//237
f 145//238 141//238 143//238
f 144//239 21//239 29//239
f 146//240 25//240 26//240
f 147//241 146//241 26//241
f 147//242 26//242 142//242
f 148//243 147//243 142//243
f 148//244 142//244 149//244
f 150//245 146//245 147//245
f 148//246 150//246 147//246
f 151//247 152//247 29//247
f 151//248 29//248 32//248
f 144//249 29//249 152//249
f 151//250 153//250 152//250
f 154//251 152//251 153//251
f 154//252 144//252 152//252
f 34//253 25//253 146//253
f 155//254 146//254 150//254
f 156//255 153//255 151//255
f 157//256 153//256 156//256
f 157//257 158//257 153//257
f 158//258 154//258 153//258
f 155//259 34//259 146//259
f 159//260 151//260 32//260
f 160//261 156//261 151//261
f 161//262 156//262 160//262
f 161//263 157//263 156//263
f 159//264 160//264 151//264
f 162//265 34//265 155//265
f 163//266 159//266 32//266
f 161//267 160//267 159//267
f 164//268 159//268 163//268
f 164//269 161//269 159//269
f 165//270 39//270 34//270
f 165//271 34//271 162//271
f 166//272 163//272 32//272
f 166//273 32//273 50//273
f 167//274 163//274 166//274
f 167//275 164//275 163//275
f 165//276 40//276 39//276
f 55//277 166//277 50//277
f 55//278 168//278 166//278
f 169//279 166//279 168//279
f 167//280 166//280 169//280
f 170//281 40//281 165//281
f 64//282 168//282 55//282
f 171//283 169//283 168//283
f 172//284 168//284 64//284
f 172//285 171//285 168//285
f 171//286 167//286 169//286
f 60//287 46//287 40//287
f 173//288 40//288 170//288
f 173//289 60//289 40//289
f 62//290 65//290 64//290
f 174//291 64//291 65//291
f 175//292 64//292 174//292
f 172//293 64//293 175//293
f 176//294 61//294 60//294
f 173//295 176//295 60//295
f 177//296 174//296 65//296
f 178//297 65//297 66//297
f 177//298 65//298 178//298
f 177//299 175//299 174//299
f 179//300 66//300 68//300
f 179//301 178//301 66//301
f 180//302 68//302 67//302
f 180//303 179//303 68//303
f 69//304 180//304 67//304
f 181//305 69//305 61//305
f 182//306 61//306 176//306
f 182//307 181//307 61//307
f 182//308 176//308 173//308
f 78//309 74//309 72//309
f 74//310 78//310 87//310
f 92//311 80//311 82//311
f 183//312 83//312 184//312
f 183//313 93//313 83//313
f 184//314 83//314 92//314
f 111//315 93//315 183//315
f 135//316 105//316 114//316
f 185//317 105//318 135//318
f 186//319 105//320 185//321
f 186//322 97//323 105//323
f 187//324 118//324 110//324
f 187//325 110//325 111//325
f 186//326 185//327 135//328
f 188//329 189//329 185//330
f 190//331 185//332 189//331
f 191//333 188//333 185//334
f 192//335 185//336 190//335
f 186//337 185//338 192//339
f 191//340 185//341 186//342
f 193//343 135//343 194//343
f 186//344 135//345 193//345
f 195//346 118//346 196//346
f 187//347 196//347 118//347
f 197//348 118//348 195//348
f 125//349 118//349 197//349
f 198//350 189//350 188//350
f 198//351 190//351 189//351
f 191//352 198//352 188//352
f 192//353 190//353 198//353
f 199//354 195//354 196//354
f 200//355 199//355 196//355
f 201//356 196//356 187//356
f 200//357 196//357 201//357
f 202//358 195//358 199//358
f 203//359 197//359 195//359
f 204//360 203//360 195//360
f 202//361 204//361 195//361
f 202//362 199//362 200//362
f 126//363 125//363 197//363
f 205//364 197//364 203//364
f 205//365 126//365 197//365
f 206//366 123//366 133//366
f 194//367 135//367 134//367
f 207//368 194//368 134//368
f 208//369 209//369 194//369
f 208//370 194//370 207//370
f 210//371 203//371 204//371
f 205//372 203//372 210//372
f 211//373 210//373 204//373
f 202//374 211//374 204//374
f 212//375 123//375 206//375
f 212//376 137//376 123//376
f 213//377 212//377 206//377
f 214//378 206//378 133//378
f 215//379 206//379 214//379
f 213//380 206//380 215//380
f 205//381 210//381 211//381
f 202//382 216//382 211//382
f 217//383 211//383 216//383
f 217//384 218//384 211//384
f 205//385 211//385 218//385
f 212//386 138//386 137//386
f 219//387 212//387 213//387
f 220//388 138//388 212//388
f 219//389 220//389 212//389
f 141//390 207//390 134//390
f 221//391 207//391 141//391
f 221//392 208//392 207//392
f 222//393 138//393 220//393
f 222//394 142//394 138//394
f 149//395 142//395 222//395
f 223//396 145//396 144//396
f 224//397 144//397 154//397
f 224//398 223//398 144//398
f 225//399 154//399 158//399
f 225//400 224//400 154//400
f 226//401 150//401 148//401
f 227//402 148//402 149//402
f 226//403 148//403 227//403
f 228//404 158//404 157//404
f 228//405 225//405 158//405
f 229//406 155//406 150//406
f 229//407 150//407 226//407
f 161//408 228//408 157//408
f 230//409 155//409 229//409
f 230//410 162//410 155//410
f 230//411 165//411 162//411
f 231//412 165//412 230//412
f 231//413 170//413 165//413
f 232//414 233//414 234//414
f 235//415 234//415 233//415
f 236//416 232//416 234//416
f 236//417 234//417 235//417
f 237//418 235//418 233//418
f 238//419 237//419 233//419
f 239//420 232//420 240//420
f 236//421 240//421 232//421
f 233//422 232//422 239//422
f 236//423 235//423 241//423
f 237//424 241//424 235//424
f 242//425 170//425 231//425
f 242//426 231//426 243//426
f 244//427 239//427 240//427
f 181//428 239//428 244//428
f 238//429 233//429 239//429
f 245//430 239//430 181//430
f 245//431 238//431 239//431
f 181//432 244//432 69//432
f 242//433 173//433 170//433
f 246//434 173//434 242//434
f 246//435 182//435 173//435
f 244//436 180//436 69//436
f 245//437 181//437 182//437
f 92//438 82//438 74//438
f 82//439 73//439 74//439
f 82//440 79//440 73//440
f 87//441 184//441 92//441
f 74//442 87//442 92//442
f 88//443 183//443 184//443
f 87//444 88//444 184//444
f 97//445 111//445 183//445
f 88//446 97//446 183//446
f 192//447 187//447 111//447
f 97//448 192//448 111//448
f 192//449 201//449 187//449
f 247//450 200//450 201//450
f 198//451 247//451 201//451
f 192//452 198//452 201//452
f 216//453 200//453 248//453
f 202//454 200//454 216//454
f 249//455 200//455 247//455
f 248//456 200//456 249//456
f 250//457 247//457 198//457
f 249//458 247//458 250//458
f 251//459 198//459 191//459
f 250//460 198//460 251//460
f 186//461 192//462 97//462
f 209//463 193//463 194//463
f 252//464 193//464 209//464
f 252//465 209//465 208//465
f 253//466 191//466 186//467
f 193//468 253//468 186//469
f 254//470 191//470 253//470
f 251//471 191//471 254//471
f 255//472 256//472 126//472
f 133//473 126//473 256//473
f 257//474 133//474 256//474
f 258//475 256//475 255//475
f 259//476 257//476 256//476
f 258//477 259//477 256//477
f 205//478 255//478 126//478
f 260//479 133//479 257//479
f 261//480 252//480 208//480
f 262//481 254//481 253//481
f 263//482 262//482 253//482
f 264//483 254//483 262//483
f 265//484 251//484 254//484
f 266//485 254//485 264//485
f 267//486 265//486 254//486
f 266//487 267//487 254//487
f 268//488 264//488 262//488
f 269//489 268//489 262//489
f 269//490 262//490 263//490
f 270//491 250//491 251//491
f 270//492 251//492 265//492
f 271//493 249//493 250//493
f 271//494 250//494 270//494
f 272//495 248//495 249//495
f 272//496 249//496 271//496
f 217//497 216//497 248//497
f 272//498 217//498 248//498
f 273//499 274//499 218//499
f 275//500 218//500 274//500
f 217//501 273//501 218//501
f 275//502 205//502 218//502
f 276//503 277//503 274//503
f 278//504 274//504 277//504
f 273//505 276//505 274//505
f 278//506 275//506 274//506
f 276//507 279//507 277//507
f 280//508 277//508 279//508
f 278//509 277//509 280//509
f 281//510 282//510 279//510
f 283//511 279//511 282//511
f 276//512 281//512 279//512
f 283//513 280//513 279//513
f 281//514 284//514 282//514
f 285//515 282//515 284//515
f 283//516 282//516 285//516
f 286//517 284//517 287//517
f 288//518 287//518 284//518
f 281//519 288//519 284//519
f 289//520 285//520 284//520
f 290//521 284//521 286//521
f 290//522 291//522 284//522
f 289//523 284//523 291//523
f 292//524 286//524 287//524
f 293//525 292//525 287//525
f 294//526 287//526 295//526
f 296//527 287//527 294//527
f 297//528 293//528 287//528
f 297//529 287//529 296//529
f 295//530 287//530 288//530
f 298//531 288//531 281//531
f 299//532 288//532 298//532
f 300//533 288//533 299//533
f 295//534 288//534 300//534
f 301//535 281//535 276//535
f 301//536 276//536 302//536
f 303//537 276//537 273//537
f 303//538 302//538 276//538
f 272//539 273//539 217//539
f 303//540 273//540 272//540
f 304//541 255//541 205//541
f 305//542 255//542 304//542
f 305//543 258//543 255//543
f 260//544 214//544 133//544
f 213//545 215//545 214//545
f 306//546 214//546 260//546
f 306//547 213//547 214//547
f 266//548 264//548 268//548
f 266//549 268//549 269//549
f 305//550 304//550 205//550
f 305//551 205//551 275//551
f 307//552 305//552 275//552
f 278//553 307//553 275//553
f 261//554 208//554 221//554
f 219//555 222//555 220//555
f 308//556 219//556 309//556
f 227//557 222//557 219//557
f 308//558 227//558 219//558
f 310//559 227//559 308//559
f 221//560 141//560 145//560
f 227//561 149//561 222//561
f 311//562 221//562 145//562
f 311//563 312//563 221//563
f 313//564 227//564 310//564
f 314//565 226//565 227//565
f 314//566 227//566 313//566
f 223//567 311//567 145//567
f 225//568 223//568 224//568
f 315//569 225//569 228//569
f 316//570 225//570 315//570
f 317//571 315//571 228//571
f 318//572 317//572 228//572
f 318//573 228//573 319//573
f 161//574 319//574 228//574
f 317//575 320//575 315//575
f 321//576 315//576 320//576
f 322//577 316//577 315//577
f 323//578 315//578 321//578
f 323//579 322//579 315//579
f 324//580 320//580 317//580
f 324//581 321//581 320//581
f 325//582 317//582 318//582
f 325//583 324//583 317//583
f 319//584 161//584 164//584
f 326//585 318//585 319//585
f 327//586 318//586 326//586
f 328//587 318//587 327//587
f 329//588 318//588 328//588
f 325//589 318//589 329//589
f 330//590 331//590 332//590
f 333//591 332//591 331//591
f 334//592 330//592 332//592
f 335//593 332//593 333//593
f 336//594 332//594 335//594
f 334//595 332//595 336//595
f 337//596 331//596 330//596
f 337//597 333//597 331//597
f 338//598 330//598 339//598
f 334//599 339//599 330//599
f 340//600 330//600 338//600
f 340//601 337//601 330//601
f 337//602 335//602 333//602
f 341//603 230//603 229//603
f 243//604 230//604 341//604
f 342//605 341//605 229//605
f 343//606 229//606 226//606
f 342//607 229//607 343//607
f 342//608 243//608 341//608
f 344//609 164//609 167//609
f 344//610 319//610 164//610
f 171//611 344//611 167//611
f 344//612 326//612 319//612
f 344//613 345//613 326//613
f 240//614 326//614 345//614
f 240//615 327//615 326//615
f 344//616 346//616 345//616
f 244//617 240//617 345//617
f 244//618 345//618 180//618
f 179//619 345//619 346//619
f 180//620 345//620 179//620
f 175//621 346//621 344//621
f 178//622 346//622 175//622
f 179//623 346//623 178//623
f 175//624 344//624 171//624
f 347//625 328//625 327//625
f 236//626 347//626 327//626
f 339//627 328//627 347//627
f 348//628 328//628 339//628
f 348//629 329//629 328//629
f 338//630 339//630 347//630
f 236//631 338//631 347//631
f 334//632 348//632 339//632
f 236//633 241//633 338//633
f 340//634 338//634 241//634
f 349//635 241//635 237//635
f 340//636 241//636 349//636
f 240//637 236//637 327//637
f 243//638 231//638 230//638
f 350//639 243//639 342//639
f 172//640 175//640 171//640
f 351//641 237//641 238//641
f 351//642 349//642 237//642
f 352//643 243//643 350//643
f 352//644 242//644 243//644
f 177//645 178//645 175//645
f 351//646 238//646 245//646
f 353//647 246//647 242//647
f 353//648 242//648 352//648
f 351//649 245//649 182//649
f 353//650 182//650 246//650
f 353//651 351//651 182//651
f 354//652 193//652 252//652
f 263//653 253//653 193//653
f 354//654 263//654 193//654
f 355//655 252//655 261//655
f 269//656 263//656 354//656
f 356//657 260//657 257//657
f 357//658 259//658 258//658
f 358//659 257//659 259//659
f 357//660 358//660 259//660
f 307//661 258//661 305//661
f 307//662 357//662 258//662
f 306//663 260//663 356//663
f 359//664 266//664 269//664
f 360//665 265//665 267//665
f 361//666 270//666 265//666
f 361//667 265//667 360//667
f 359//668 267//668 266//668
f 302//669 271//669 270//669
f 302//670 270//670 361//670
f 303//671 272//671 271//671
f 309//672 213//672 306//672
f 309//673 219//673 213//673
f 362//674 309//674 306//674
f 363//675 309//675 362//675
f 364//676 308//676 309//676
f 364//677 309//677 363//677
f 312//678 261//678 221//678
f 355//679 261//679 312//679
f 365//680 355//680 312//680
f 366//681 308//681 364//681
f 367//682 310//682 308//682
f 367//683 308//683 366//683
f 368//684 310//684 367//684
f 311//685 365//685 312//685
f 369//686 313//686 310//686
f 369//687 310//687 368//687
f 370//688 311//688 223//688
f 369//689 314//689 313//689
f 316//690 371//690 225//690
f 370//691 225//691 371//691
f 370//692 223//692 225//692
f 372//693 371//693 316//693
f 373//694 370//694 371//694
f 374//695 373//695 371//695
f 375//696 374//696 371//696
f 375//697 371//697 372//697
f 376//698 316//698 322//698
f 377//699 316//699 376//699
f 377//700 372//700 316//700
f 378//701 323//701 321//701
f 379//702 321//702 324//702
f 378//703 321//703 379//703
f 376//704 322//704 323//704
f 376//705 323//705 378//705
f 343//706 226//706 314//706
f 380//707 314//707 369//707
f 380//708 343//708 314//708
f 379//709 324//709 381//709
f 382//710 336//710 335//710
f 383//711 335//711 337//711
f 383//712 382//712 335//712
f 384//713 334//713 336//713
f 385//714 336//714 382//714
f 384//715 336//715 385//715
f 325//716 329//716 324//716
f 386//717 324//717 329//717
f 386//718 381//718 324//718
f 386//719 329//719 348//719
f 384//720 348//720 334//720
f 384//721 386//721 348//721
f 387//722 383//722 337//722
f 388//723 342//723 343//723
f 389//724 337//724 340//724
f 389//725 387//725 337//725
f 349//726 390//726 340//726
f 389//727 340//727 390//727
f 391//728 390//728 349//728
f 392//729 389//729 390//729
f 393//730 390//730 391//730
f 393//731 392//731 390//731
f 391//732 349//732 394//732
f 351//733 394//733 349//733
f 395//734 350//734 342//734
f 395//735 342//735 388//735
f 396//736 352//736 350//736
f 396//737 350//737 395//737
f 397//738 394//738 351//738
f 397//739 391//739 394//739
f 398//740 352//740 396//740
f 398//741 353//741 352//741
f 398//742 351//742 353//742
f 397//743 351//743 398//743
f 399//744 354//744 252//744
f 400//745 399//745 252//745
f 400//746 252//746 355//746
f 401//747 354//747 402//747
f 403//748 400//748 355//748
f 401//749 269//749 354//749
f 404//750 356//750 257//750
f 405//751 358//751 357//751
f 406//752 257//752 358//752
f 405//753 406//753 358//753
f 278//754 357//754 307//754
f 405//755 357//755 278//755
f 407//756 306//756 356//756
f 407//757 356//757 404//757
f 408//758 359//758 269//758
f 408//759 269//759 401//759
f 359//760 409//760 267//760
f 360//761 267//761 409//761
f 410//762 409//762 359//762
f 410//763 360//763 409//763
f 408//764 410//764 359//764
f 411//765 361//765 360//765
f 412//766 411//766 360//766
f 410//767 412//767 360//767
f 411//768 302//768 361//768
f 303//769 271//769 302//769
f 301//770 302//770 411//770
f 413//771 411//771 412//771
f 301//772 411//772 413//772
f 407//773 362//773 306//773
f 414//774 403//774 355//774
f 415//775 278//775 280//775
f 416//776 405//776 278//776
f 415//777 416//777 278//777
f 283//778 415//778 280//778
f 417//779 362//779 407//779
f 417//780 363//780 362//780
f 418//781 414//781 355//781
f 417//782 364//782 363//782
f 419//783 355//783 365//783
f 419//784 418//784 355//784
f 420//785 366//785 364//785
f 420//786 364//786 417//786
f 421//787 419//787 365//787
f 422//788 421//788 365//788
f 420//789 367//789 366//789
f 368//790 367//790 420//790
f 422//791 365//791 311//791
f 368//792 423//792 369//792
f 370//793 422//793 311//793
f 424//794 380//794 369//794
f 424//795 369//795 423//795
f 425//796 379//796 381//796
f 426//797 381//797 386//797
f 426//798 425//798 381//798
f 425//799 378//799 379//799
f 426//800 378//800 425//800
f 427//801 378//801 426//801
f 428//802 376//803 378//803
f 428//804 378//805 427//805
f 429//806 385//806 382//806
f 383//807 430//807 382//807
f 431//808 384//808 385//808
f 432//809 385//809 429//809
f 431//810 385//810 432//810
f 433//811 343//811 380//811
f 433//812 380//812 424//812
f 431//813 386//813 384//813
f 431//814 434//814 386//814
f 426//815 386//815 434//815
f 435//816 430//816 383//816
f 436//817 382//817 430//817
f 437//818 430//818 435//818
f 437//819 436//819 430//819
f 387//820 435//820 383//820
f 438//821 388//821 343//821
f 438//822 343//822 433//822
f 439//823 435//823 387//823
f 440//824 435//824 439//824
f 440//825 437//825 435//825
f 389//826 439//826 387//826
f 438//827 395//827 388//827
f 440//828 439//828 389//828
f 441//829 440//829 389//829
f 392//830 441//830 389//830
f 442//831 395//831 438//831
f 396//832 395//832 442//832
f 397//833 393//833 391//833
f 443//834 354//834 399//834
f 443//835 402//835 354//835
f 444//836 399//836 400//836
f 444//837 445//837 399//837
f 443//838 399//838 445//838
f 446//839 400//840 403//840
f 446//841 444//842 400//842
f 447//843 401//843 402//843
f 448//844 257//844 406//844
f 449//845 404//845 257//845
f 449//846 257//846 448//846
f 416//847 406//847 405//847
f 450//848 448//848 406//848
f 416//849 450//849 406//849
f 451//850 407//850 404//850
f 451//851 404//851 449//851
f 452//852 446//853 403//854
f 453//855 408//855 401//855
f 453//856 401//856 447//856
f 454//857 412//857 410//857
f 455//858 412//858 454//858
f 413//859 412//859 455//859
f 454//860 410//860 408//860
f 456//861 403//862 414//862
f 456//863 452//864 403//865
f 453//866 454//866 408//866
f 457//867 417//867 407//867
f 457//868 407//868 451//868
f 458//869 414//869 418//869
f 459//870 456//871 414//870
f 458//872 459//872 414//872
f 460//873 418//873 419//873
f 460//874 458//874 418//874
f 461//875 420//875 417//875
f 461//876 417//876 457//876
f 462//877 419//877 421//877
f 462//878 460//878 419//878
f 463//879 421//879 422//879
f 463//880 462//880 421//880
f 464//881 463//881 422//881
f 461//882 368//882 420//882
f 465//883 464//883 422//883
f 466//884 423//884 368//884
f 466//885 368//885 461//885
f 370//886 465//886 422//886
f 467//887 424//887 423//887
f 467//888 423//888 466//888
f 468//889 424//889 467//889
f 469//890 432//890 429//890
f 436//891 429//891 382//891
f 470//892 429//892 436//892
f 471//893 469//893 429//893
f 471//894 429//894 470//894
f 472//895 431//896 432//896
f 473//897 432//897 469//897
f 472//898 432//899 473//899
f 474//900 433//900 424//900
f 474//901 424//901 468//901
f 475//902 426//902 434//902
f 472//903 475//904 434//904
f 472//905 434//906 431//906
f 476//907 426//907 475//907
f 476//908 427//908 426//908
f 477//909 476//909 475//909
f 478//910 475//911 472//912
f 478//913 477//914 475//914
f 470//915 436//915 437//915
f 479//916 438//916 433//916
f 479//917 433//917 474//917
f 480//918 437//918 440//918
f 480//919 470//919 437//919
f 480//920 440//920 441//920
f 442//921 438//921 479//921
f 481//922 441//922 392//922
f 480//923 441//923 481//923
f 482//924 392//924 393//924
f 483//925 481//925 392//925
f 482//926 483//926 392//926
f 484//927 396//927 442//927
f 485//928 393//928 397//928
f 485//929 482//929 393//929
f 398//930 396//930 484//930
f 486//931 397//931 398//931
f 486//932 398//932 484//932
f 485//933 397//933 486//933
f 444//934 402//934 445//934
f 443//935 445//935 402//935
f 447//936 402//936 444//936
f 446//937 447//938 444//938
f 487//939 450//939 416//939
f 487//940 448//940 450//940
f 415//941 487//941 416//941
f 488//942 451//942 449//942
f 488//943 449//943 448//943
f 489//944 447//944 446//945
f 490//946 453//946 447//946
f 490//947 447//947 489//947
f 452//948 489//949 446//950
f 491//951 455//951 454//951
f 492//952 413//952 455//952
f 492//953 455//953 491//953
f 493//954 454//954 453//954
f 494//955 491//955 454//955
f 493//956 494//956 454//956
f 490//957 493//957 453//957
f 494//958 495//958 491//958
f 496//959 491//959 495//959
f 497//960 495//960 494//960
f 498//961 496//961 495//961
f 498//962 495//962 497//962
f 497//963 494//963 493//963
f 499//964 493//964 490//964
f 499//965 500//965 493//965
f 501//966 493//967 500//967
f 497//968 493//968 501//969
f 492//970 301//970 413//970
f 281//971 301//971 492//971
f 502//972 489//972 452//973
f 502//974 490//974 489//974
f 456//975 502//976 452//977
f 503//978 490//978 502//978
f 499//979 490//979 503//979
f 488//980 457//980 451//980
f 504//981 502//981 456//982
f 505//983 503//983 502//983
f 505//984 502//984 504//984
f 506//985 503//985 505//985
f 499//986 503//986 506//986
f 507//987 457//987 488//987
f 508//988 504//988 456//989
f 506//990 505//990 504//990
f 508//991 506//991 504//991
f 508//992 456//993 509//992
f 458//994 510//994 459//994
f 507//995 461//995 457//995
f 511//996 462//996 463//996
f 512//997 461//997 507//997
f 464//998 513//998 463//998
f 514//999 463//999 513//999
f 515//1000 463//1000 514//1000
f 511//1001 463//1001 515//1001
f 516//1002 513//1002 464//1002
f 517//1003 514//1004 513//1004
f 518//1005 517//1006 513//1007
f 518//1008 513//1009 516//1009
f 516//1010 464//1010 465//1010
f 519//1011 514//1011 517//1012
f 520//1013 514//1013 519//1013
f 520//1014 515//1014 514//1014
f 518//1015 519//1016 517//1017
f 521//1018 522//1018 517//1019
f 523//1020 517//1021 522//1020
f 524//1022 521//1022 517//1023
f 518//1024 517//1025 523//1026
f 524//1027 517//1028 518//1029
f 518//1030 520//1031 519//1031
f 525//1032 461//1032 512//1032
f 526//1033 516//1033 465//1033
f 527//1034 523//1034 522//1034
f 373//1035 522//1035 521//1035
f 528//1036 522//1036 373//1036
f 527//1037 522//1037 528//1037
f 373//1038 521//1038 370//1038
f 529//1039 370//1039 521//1039
f 529//1040 521//1040 524//1040
f 525//1041 466//1041 461//1041
f 529//1042 465//1042 370//1042
f 529//1043 526//1043 465//1043
f 374//1044 528//1044 373//1044
f 525//1045 467//1045 466//1045
f 468//1046 467//1046 525//1046
f 530//1047 376//1048 428//1049
f 531//1050 377//1050 376//1050
f 530//1051 531//1052 376//1052
f 532//1053 473//1053 469//1053
f 533//1054 469//1054 471//1054
f 533//1055 532//1055 469//1055
f 478//1056 472//1057 473//1058
f 534//1059 473//1060 532//1060
f 478//1061 473//1062 534//1063
f 428//1064 427//1065 476//1065
f 535//1066 428//1067 476//1066
f 477//1068 535//1068 476//1068
f 530//1069 428//1070 535//1071
f 472//1072 471//1073 470//1073
f 480//1074 472//1075 470//1074
f 533//1076 471//1076 472//1077
f 536//1078 479//1078 474//1078
f 536//1079 474//1079 468//1079
f 480//1080 481//1080 472//1081
f 537//1082 472//1083 481//1082
f 478//1084 533//1085 472//1086
f 537//1087 478//1088 472//1089
f 538//1090 537//1090 481//1090
f 539//1091 481//1091 483//1091
f 538//1092 481//1092 539//1092
f 540//1093 442//1093 479//1093
f 540//1094 479//1094 536//1094
f 541//1095 483//1095 482//1095
f 541//1096 539//1096 483//1096
f 540//1097 484//1097 442//1097
f 485//1098 541//1098 482//1098
f 542//1099 484//1099 540//1099
f 486//1100 484//1100 542//1100
f 452//1101 543//1102 446//1103
f 452//1104 446//1105 544//1106
f 545//1107 509//1107 544//1107
f 545//1108 544//1108 446//1109
f 546//1110 458//1110 460//1110
f 546//1111 510//1111 458//1111
f 456//1112 459//1113 543//1113
f 456//1114 543//1115 452//1116
f 547//1117 545//1117 446//1118
f 452//1119 544//1120 509//1120
f 456//1121 452//1122 509//1123
f 547//1124 446//1125 543//1124
f 545//1126 508//1126 509//1126
f 547//1127 543//1127 548//1127
f 549//1128 547//1128 550//1128
f 551//1129 549//1129 550//1129
f 548//1130 550//1130 547//1130
f 510//1131 550//1131 548//1131
f 552//1132 553//1132 448//1132
f 554//1133 448//1133 487//1133
f 552//1134 448//1134 554//1134
f 555//1135 487//1135 415//1135
f 555//1136 556//1136 487//1136
f 488//1137 448//1137 553//1137
f 552//1138 488//1138 553//1138
f 557//1139 492//1139 491//1139
f 557//1140 281//1140 492//1140
f 298//1141 281//1141 557//1141
f 555//1142 415//1142 283//1142
f 295//1143 283//1143 285//1143
f 294//1144 285//1144 289//1144
f 294//1145 295//1145 285//1145
f 295//1146 555//1146 283//1146
f 558//1147 507//1147 488//1147
f 558//1148 488//1148 552//1148
f 499//1149 559//1149 500//1149
f 560//1150 500//1151 559//1151
f 560//1152 501//1153 500//1154
f 506//1155 561//1155 559//1155
f 562//1156 559//1157 561//1157
f 499//1158 506//1158 559//1158
f 562//1159 560//1160 559//1161
f 562//1162 561//1163 506//1163
f 563//1164 506//1164 508//1164
f 563//1165 562//1166 506//1165
f 292//1167 290//1167 286//1167
f 564//1168 565//1168 291//1168
f 289//1169 291//1169 565//1169
f 566//1170 564//1170 291//1170
f 290//1171 566//1171 291//1171
f 567//1172 568//1172 565//1172
f 569//1173 565//1173 568//1173
f 564//1174 567//1174 565//1174
f 570//1175 289//1175 565//1175
f 569//1176 570//1176 565//1176
f 569//1177 568//1177 567//1177
f 571//1178 567//1178 564//1178
f 569//1179 567//1179 571//1179
f 572//1180 564//1180 566//1180
f 573//1181 564//1181 572//1181
f 569//1182 564//1182 570//1182
f 296//1183 570//1183 564//1183
f 569//1184 571//1184 564//1184
f 573//1185 296//1185 564//1185
f 572//1186 566//1186 290//1186
f 574//1187 290//1187 292//1187
f 574//1188 575//1188 290//1188
f 572//1189 290//1189 575//1189
f 570//1190 294//1190 289//1190
f 576//1191 507//1191 558//1191
f 563//1192 508//1192 545//1192
f 577//1193 460//1193 462//1193
f 577//1194 546//1194 460//1194
f 577//1195 462//1195 511//1195
f 578//1196 512//1196 507//1196
f 578//1197 507//1197 576//1197
f 579//1198 511//1198 515//1198
f 580//1199 515//1199 520//1199
f 580//1200 579//1200 515//1200
f 577//1201 511//1201 579//1201
f 581//1202 520//1203 518//1204
f 581//1205 580//1206 520//1206
f 582//1207 518//1208 523//1207
f 527//1209 583//1209 523//1209
f 584//1210 523//1210 583//1210
f 584//1211 582//1211 523//1211
f 581//1212 518//1213 582//1214
f 585//1215 525//1215 512//1215
f 585//1216 512//1216 578//1216
f 581//1217 518//1218 516//1219
f 586//1220 581//1221 516//1220
f 586//1222 516//1222 526//1222
f 587//1223 524//1223 518//1224
f 587//1225 518//1226 581//1227
f 588//1228 529//1228 524//1228
f 588//1229 524//1229 587//1229
f 527//1230 589//1230 583//1230
f 590//1231 584//1231 583//1231
f 591//1232 583//1232 589//1232
f 591//1233 590//1233 583//1233
f 592//1234 593//1234 589//1234
f 591//1235 589//1235 593//1235
f 527//1236 592//1236 589//1236
f 592//1237 594//1237 593//1237
f 595//1238 593//1238 594//1238
f 591//1239 593//1239 596//1239
f 595//1240 596//1240 593//1240
f 597//1241 594//1241 592//1241
f 597//1242 595//1242 594//1242
f 527//1243 528//1243 592//1243
f 598//1244 592//1244 528//1244
f 598//1245 597//1245 592//1245
f 599//1246 528//1246 374//1246
f 600//1247 528//1247 599//1247
f 600//1248 598//1248 528//1248
f 601//1249 525//1249 585//1249
f 588//1250 526//1250 529//1250
f 602//1251 374//1251 375//1251
f 602//1252 599//1252 374//1252
f 603//1253 468//1253 525//1253
f 603//1254 525//1254 601//1254
f 375//1255 372//1255 604//1255
f 605//1256 372//1256 377//1256
f 605//1257 604//1257 372//1257
f 606//1258 605//1258 377//1258
f 531//1259 606//1259 377//1259
f 607//1260 375//1260 604//1260
f 608//1261 604//1261 605//1261
f 607//1262 604//1262 608//1262
f 609//1263 602//1263 375//1263
f 609//1264 375//1264 607//1264
f 588//1265 599//1265 602//1265
f 588//1266 587//1266 599//1266
f 610//1267 599//1267 587//1267
f 611//1268 600//1268 599//1268
f 612//1269 599//1269 610//1269
f 611//1270 599//1270 612//1270
f 613//1271 588//1271 602//1271
f 614//1272 613//1272 602//1272
f 615//1273 602//1273 609//1273
f 616//1274 602//1274 615//1274
f 616//1275 614//1275 602//1275
f 617//1276 605//1276 606//1276
f 617//1277 608//1277 605//1277
f 530//1278 606//1279 531//1279
f 617//1280 606//1280 530//1281
f 533//1282 534//1283 532//1282
f 478//1284 534//1285 618//1286
f 619//1287 618//1287 534//1288
f 478//1289 534//1290 533//1291
f 620//1292 534//1293 478//1294
f 620//1295 619//1295 534//1296
f 621//1297 530//1298 535//1297
f 622//1299 535//1300 477//1300
f 623//1301 621//1301 535//1301
f 622//1302 624//1303 535//1303
f 623//1304 535//1304 624//1304
f 625//1305 428//1306 530//1307
f 617//1308 530//1309 428//1310
f 621//1311 625//1312 530//1313
f 478//1314 618//1315 477//1315
f 622//1316 477//1317 618//1317
f 626//1318 618//1319 619//1319
f 622//1320 618//1321 626//1322
f 627//1323 536//1323 468//1323
f 628//1324 629//1324 630//1324
f 607//1325 608//1325 629//1325
f 628//1326 607//1326 629//1326
f 631//1327 628//1327 630//1327
f 632//1328 631//1328 630//1328
f 632//1329 630//1329 633//1329
f 629//1330 634//1330 630//1330
f 635//1331 630//1331 634//1331
f 635//1332 633//1332 630//1332
f 428//1333 636//1334 634//1335
f 637//1336 634//1336 636//1337
f 629//1338 428//1339 634//1338
f 635//1340 634//1340 637//1340
f 625//1341 637//1342 636//1343
f 625//1344 636//1345 428//1346
f 617//1347 428//1348 629//1347
f 617//1349 629//1349 608//1349
f 609//1350 607//1350 628//1350
f 609//1351 628//1351 631//1351
f 638//1352 637//1352 625//1353
f 638//1354 635//1354 637//1354
f 621//1355 636//1356 625//1357
f 638//1358 625//1359 636//1360
f 639//1361 478//1362 537//1361
f 639//1363 620//1363 478//1364
f 640//1365 639//1365 537//1365
f 640//1366 537//1366 538//1366
f 641//1367 631//1367 632//1367
f 642//1368 609//1368 631//1368
f 641//1369 642//1369 631//1369
f 643//1370 632//1370 633//1370
f 644//1371 633//1371 635//1371
f 645//1372 643//1372 633//1372
f 644//1373 645//1373 633//1373
f 646//1374 632//1374 643//1374
f 646//1375 641//1375 632//1375
f 644//1376 635//1376 638//1376
f 638//1377 636//1378 647//1377
f 621//1379 647//1379 636//1380
f 638//1381 647//1381 648//1381
f 648//1382 647//1382 621//1382
f 648//1383 621//1383 623//1383
f 649//1384 638//1384 648//1384
f 650//1385 649//1385 648//1385
f 644//1386 638//1386 649//1386
f 651//1387 540//1387 536//1387
f 651//1388 536//1388 627//1388
f 541//1389 538//1389 539//1389
f 652//1390 538//1390 541//1390
f 653//1391 538//1391 652//1391
f 653//1392 640//1392 538//1392
f 643//1393 654//1393 655//1393
f 656//1394 643//1394 655//1394
f 654//1395 657//1395 655//1395
f 658//1396 655//1396 657//1396
f 654//1397 659//1397 657//1397
f 658//1398 657//1398 660//1398
f 661//1399 662//1400 657//1400
f 660//1401 657//1401 662//1401
f 659//1402 661//1403 657//1402
f 663//1404 660//1404 662//1404
f 663//1405 662//1405 661//1406
f 663//1407 661//1408 664//1409
f 665//1410 661//1411 659//1410
f 665//1412 664//1413 661//1414
f 665//1415 659//1415 654//1415
f 665//1416 654//1416 645//1416
f 645//1417 654//1417 643//1417
f 656//1418 646//1418 643//1418
f 658//1419 656//1419 655//1419
f 666//1420 656//1420 658//1420
f 664//1421 645//1422 644//1422
f 665//1423 645//1423 664//1424
f 667//1425 661//1426 668//1425
f 664//1427 668//1428 661//1429
f 649//1430 667//1430 668//1430
f 644//1431 649//1431 668//1431
f 664//1432 644//1433 668//1433
f 669//1434 661//1435 667//1434
f 664//1436 661//1437 669//1438
f 669//1439 667//1439 649//1439
f 670//1440 669//1441 649//1441
f 670//1442 649//1443 650//1443
f 671//1444 669//1445 670//1446
f 669//1447 663//1447 664//1448
f 652//1449 541//1449 485//1449
f 542//1450 540//1450 651//1450
f 672//1451 486//1451 542//1451
f 673//1452 658//1452 660//1452
f 674//1453 673//1453 660//1453
f 675//1454 666//1454 658//1454
f 675//1455 658//1455 673//1455
f 674//1456 660//1456 663//1456
f 671//1457 663//1458 669//1458
f 676//1459 663//1459 671//1460
f 676//1461 674//1461 663//1461
f 677//1462 652//1462 485//1462
f 677//1463 485//1463 486//1463
f 653//1464 652//1464 677//1464
f 672//1465 677//1465 486//1465
f 678//1466 679//1466 680//1466
f 681//1467 678//1467 680//1467
f 682//1468 681//1468 680//1468
f 683//1469 682//1469 680//1469
f 679//1470 684//1470 680//1470
f 685//1471 680//1471 684//1471
f 685//1472 683//1472 680//1472
f 686//1473 687//1473 684//1473
f 688//1474 684//1474 687//1474
f 679//1475 686//1475 684//1475
f 688//1476 685//1476 684//1476
f 689//1477 688//1477 687//1477
f 690//1478 691//1478 687//1478
f 692//1479 687//1479 691//1479
f 686//1480 690//1480 687//1480
f 692//1481 689//1481 687//1481
f 693//1482 694//1482 691//1482
f 695//1483 691//1483 694//1483
f 696//1484 693//1484 691//1484
f 690//1485 696//1485 691//1485
f 697//1486 692//1486 691//1486
f 697//1487 691//1487 695//1487
f 695//1488 694//1488 557//1488
f 698//1489 557//1489 694//1489
f 693//1490 698//1490 694//1490
f 491//1491 695//1491 557//1491
f 698//1492 298//1492 557//1492
f 699//1493 298//1493 698//1493
f 299//1494 298//1494 699//1494
f 699//1495 698//1495 693//1495
f 699//1496 693//1496 696//1496
f 700//1497 696//1497 690//1497
f 299//1498 696//1498 700//1498
f 299//1499 699//1499 696//1499
f 701//1500 690//1500 686//1500
f 701//1501 686//1501 702//1501
f 702//1502 686//1502 679//1502
f 703//1503 679//1503 678//1503
f 704//1504 678//1504 705//1504
f 681//1505 705//1505 678//1505
f 704//1506 705//1506 706//1506
f 706//1507 705//1507 681//1507
f 706//1508 681//1508 682//1508
f 704//1509 706//1509 682//1509
f 704//1510 703//1510 678//1510
f 702//1511 679//1511 703//1511
f 543//1512 459//1512 548//1512
f 459//1513 510//1513 548//1513
f 707//1514 689//1514 692//1514
f 700//1515 690//1515 701//1515
f 551//1516 550//1516 510//1516
f 708//1517 510//1517 546//1517
f 708//1518 551//1518 510//1518
f 697//1519 709//1519 710//1519
f 711//1520 299//1520 700//1520
f 712//1521 697//1521 695//1521
f 712//1522 695//1522 491//1522
f 709//1523 697//1523 712//1523
f 713//1524 714//1524 299//1524
f 713//1525 299//1525 711//1525
f 496//1526 712//1526 491//1526
f 498//1527 712//1527 496//1527
f 498//1528 709//1528 712//1528
f 300//1529 299//1529 714//1529
f 715//1530 487//1530 556//1530
f 714//1531 715//1531 556//1531
f 554//1532 487//1532 715//1532
f 300//1533 714//1533 556//1533
f 300//1534 556//1534 555//1534
f 715//1535 714//1535 713//1535
f 295//1536 300//1536 555//1536
f 716//1537 552//1537 554//1537
f 560//1538 497//1539 501//1540
f 560//1541 717//1542 501//1543
f 718//1544 501//1545 717//1544
f 719//1546 501//1547 718//1546
f 720//1548 501//1549 719//1548
f 721//1550 501//1551 720//1550
f 721//1552 560//1553 501//1554
f 722//1555 498//1555 497//1555
f 723//1556 722//1556 497//1556
f 560//1557 723//1558 497//1558
f 724//1559 574//1559 292//1559
f 293//1560 724//1560 292//1560
f 716//1561 558//1561 552//1561
f 725//1562 717//1562 560//1563
f 575//1564 718//1564 717//1564
f 726//1565 575//1565 717//1565
f 726//1566 717//1566 725//1566
f 562//1567 725//1568 560//1569
f 574//1570 718//1570 575//1570
f 719//1571 718//1571 574//1571
f 572//1572 575//1572 726//1572
f 724//1573 719//1573 574//1573
f 296//1574 294//1574 570//1574
f 727//1575 558//1575 716//1575
f 728//1576 725//1576 562//1577
f 729//1578 726//1578 725//1578
f 729//1579 725//1579 728//1579
f 723//1580 562//1581 563//1580
f 560//1582 562//1583 723//1584
f 730//1585 562//1586 560//1587
f 728//1588 562//1589 730//1588
f 731//1590 572//1590 726//1590
f 731//1591 726//1591 729//1591
f 731//1592 573//1592 572//1592
f 727//1593 576//1593 558//1593
f 732//1594 563//1594 545//1594
f 547//1595 732//1595 545//1595
f 723//1596 563//1596 732//1596
f 733//1597 546//1597 577//1597
f 733//1598 708//1598 546//1598
f 734//1599 577//1599 579//1599
f 733//1600 577//1600 734//1600
f 735//1601 734//1601 579//1601
f 581//1602 579//1603 580//1603
f 586//1604 579//1604 581//1605
f 735//1606 579//1606 586//1606
f 735//1607 733//1607 734//1607
f 727//1608 578//1608 576//1608
f 610//1609 581//1610 582//1609
f 736//1611 582//1611 584//1611
f 737//1612 582//1612 736//1612
f 738//1613 582//1613 737//1613
f 738//1614 610//1614 582//1614
f 610//1615 587//1615 581//1616
f 739//1617 584//1617 590//1617
f 739//1618 736//1618 584//1618
f 740//1619 741//1619 590//1619
f 739//1620 590//1620 741//1620
f 591//1621 740//1621 590//1621
f 742//1622 741//1622 740//1622
f 743//1623 741//1623 742//1623
f 744//1624 741//1624 743//1624
f 739//1625 741//1625 744//1625
f 745//1626 742//1626 740//1626
f 596//1627 745//1627 740//1627
f 591//1628 596//1628 740//1628
f 746//1629 742//1629 745//1629
f 747//1630 742//1630 746//1630
f 747//1631 743//1631 742//1631
f 748//1632 746//1632 745//1632
f 749//1633 748//1633 745//1633
f 750//1634 745//1634 596//1634
f 751//1635 749//1635 745//1635
f 750//1636 751//1636 745//1636
f 752//1637 746//1637 748//1637
f 753//1638 746//1638 752//1638
f 753//1639 747//1639 746//1639
f 754//1640 752//1640 748//1640
f 755//1641 754//1641 748//1641
f 749//1642 755//1642 748//1642
f 756//1643 752//1643 754//1643
f 757//1644 752//1644 756//1644
f 757//1645 753//1645 752//1645
f 755//1646 756//1646 754//1646
f 755//1647 757//1647 756//1647
f 758//1648 585//1648 578//1648
f 759//1649 758//1649 578//1649
f 759//1650 578//1650 727//1650
f 760//1651 586//1651 526//1651
f 760//1652 735//1652 586//1652
f 597//1653 596//1653 595//1653
f 598//1654 596//1654 597//1654
f 761//1655 596//1655 598//1655
f 761//1656 750//1656 596//1656
f 601//1657 585//1657 758//1657
f 759//1658 601//1658 758//1658
f 762//1659 526//1659 588//1659
f 760//1660 526//1660 762//1660
f 613//1661 762//1661 588//1661
f 763//1662 600//1662 611//1662
f 763//1663 764//1663 600//1663
f 761//1664 598//1664 600//1664
f 764//1665 761//1665 600//1665
f 765//1666 603//1666 601//1666
f 620//1667 626//1668 619//1667
f 622//1669 626//1670 766//1671
f 767//1672 766//1672 626//1673
f 622//1674 626//1675 620//1676
f 768//1677 767//1677 626//1678
f 768//1679 626//1680 622//1681
f 642//1682 615//1682 609//1682
f 769//1683 615//1683 642//1683
f 769//1684 616//1684 615//1684
f 770//1685 771//1685 772//1685
f 773//1686 772//1686 771//1686
f 774//1687 770//1687 772//1687
f 775//1688 772//1688 773//1688
f 776//1689 772//1689 775//1689
f 774//1690 772//1690 776//1690
f 777//1691 771//1691 770//1691
f 624//1692 773//1692 771//1692
f 623//1693 624//1693 771//1693
f 778//1694 623//1694 771//1694
f 779//1695 778//1695 771//1695
f 779//1696 771//1696 777//1696
f 777//1697 770//1697 774//1697
f 766//1698 773//1698 624//1698
f 780//1699 773//1699 766//1699
f 780//1700 775//1700 773//1700
f 622//1701 766//1702 624//1702
f 767//1703 780//1703 766//1703
f 622//1704 620//1705 639//1705
f 627//1706 468//1706 603//1706
f 765//1707 627//1707 603//1707
f 641//1708 781//1708 642//1708
f 782//1709 642//1709 781//1709
f 783//1710 642//1710 782//1710
f 769//1711 642//1711 783//1711
f 784//1712 623//1712 778//1712
f 785//1713 648//1713 623//1713
f 785//1714 623//1714 784//1714
f 784//1715 778//1715 779//1715
f 786//1716 639//1716 640//1716
f 622//1717 639//1718 786//1718
f 787//1719 627//1719 765//1719
f 788//1720 781//1720 641//1720
f 789//1721 782//1721 781//1721
f 790//1722 781//1722 788//1722
f 790//1723 789//1723 781//1723
f 646//1724 788//1724 641//1724
f 789//1725 783//1725 782//1725
f 791//1726 650//1727 648//1727
f 791//1728 648//1729 785//1729
f 792//1730 786//1730 640//1730
f 792//1731 640//1731 653//1731
f 793//1732 622//1733 786//1732
f 794//1734 786//1734 792//1734
f 794//1735 793//1735 786//1735
f 787//1736 651//1736 627//1736
f 795//1737 788//1737 646//1737
f 796//1738 788//1738 795//1738
f 796//1739 790//1739 788//1739
f 656//1740 795//1740 646//1740
f 791//1741 670//1742 650//1743
f 797//1744 542//1744 651//1744
f 797//1745 651//1745 787//1745
f 666//1746 795//1746 656//1746
f 798//1747 795//1747 666//1747
f 798//1748 796//1748 795//1748
f 671//1749 670//1750 799//1751
f 791//1752 799//1753 670//1754
f 800//1755 792//1755 653//1755
f 800//1756 653//1756 677//1756
f 670//1757 792//1758 800//1758
f 670//1759 794//1760 792//1760
f 672//1761 542//1761 797//1761
f 801//1762 666//1762 675//1762
f 801//1763 798//1763 666//1763
f 676//1764 671//1765 799//1764
f 802//1766 676//1766 799//1766
f 803//1767 799//1767 791//1768
f 802//1769 799//1769 803//1769
f 804//1770 800//1770 677//1770
f 804//1771 677//1771 672//1771
f 671//1772 670//1773 800//1774
f 805//1775 671//1776 800//1775
f 804//1777 805//1777 800//1777
f 804//1778 672//1778 797//1778
f 806//1779 673//1779 674//1779
f 801//1780 675//1780 673//1780
f 801//1781 673//1781 806//1781
f 676//1782 806//1782 674//1782
f 806//1783 676//1783 802//1783
f 807//1784 704//1784 683//1784
f 682//1785 683//1785 704//1785
f 808//1786 807//1786 683//1786
f 807//1787 809//1787 704//1787
f 809//1788 810//1788 704//1788
f 701//1789 703//1789 704//1789
f 810//1790 701//1790 704//1790
f 701//1791 702//1791 703//1791
f 700//1792 701//1792 810//1792
f 811//1793 810//1793 809//1793
f 812//1794 700//1794 810//1794
f 813//1795 812//1795 810//1795
f 811//1796 813//1796 810//1796
f 814//1797 809//1797 807//1797
f 811//1798 809//1798 814//1798
f 815//1799 807//1799 808//1799
f 816//1800 807//1800 815//1800
f 814//1801 807//1801 816//1801
f 683//1802 689//1802 808//1802
f 817//1803 808//1803 689//1803
f 815//1804 808//1804 817//1804
f 685//1805 688//1805 689//1805
f 683//1806 685//1806 689//1806
f 707//1807 817//1807 689//1807
f 818//1808 817//1808 707//1808
f 816//1809 815//1809 817//1809
f 818//1810 816//1810 817//1810
f 692//1811 697//1811 710//1811
f 819//1812 707//1812 710//1812
f 819//1813 818//1813 707//1813
f 820//1814 700//1814 812//1814
f 713//1815 711//1815 700//1815
f 820//1816 713//1816 700//1816
f 820//1817 812//1817 813//1817
f 692//1818 710//1818 707//1818
f 821//1819 709//1819 498//1819
f 821//1820 710//1820 709//1820
f 822//1821 710//1821 821//1821
f 823//1822 710//1822 822//1822
f 823//1823 819//1823 710//1823
f 824//1824 715//1824 713//1824
f 825//1825 715//1825 824//1825
f 554//1826 715//1826 825//1826
f 826//1827 821//1827 498//1827
f 823//1828 822//1828 821//1828
f 827//1829 821//1829 826//1829
f 828//1830 823//1830 821//1830
f 827//1831 828//1831 821//1831
f 829//1832 825//1832 824//1832
f 716//1833 554//1833 825//1833
f 826//1834 498//1834 722//1834
f 830//1835 827//1835 826//1835
f 831//1836 825//1836 829//1836
f 716//1837 825//1837 831//1837
f 832//1838 826//1838 722//1838
f 732//1839 832//1839 722//1839
f 723//1840 732//1840 722//1840
f 833//1841 826//1841 832//1841
f 834//1842 826//1842 833//1842
f 834//1843 830//1843 826//1843
f 835//1844 720//1844 719//1844
f 835//1845 721//1845 720//1845
f 836//1846 719//1846 724//1846
f 836//1847 835//1847 719//1847
f 297//1848 724//1848 293//1848
f 836//1849 724//1849 297//1849
f 547//1850 832//1850 732//1850
f 833//1851 832//1851 547//1851
f 837//1852 833//1852 547//1852
f 549//1853 837//1853 547//1853
f 834//1854 833//1854 837//1854
f 730//1855 560//1856 721//1855
f 728//1857 730//1857 721//1857
f 835//1858 728//1858 721//1858
f 573//1859 297//1859 296//1859
f 836//1860 297//1860 573//1860
f 727//1861 716//1861 831//1861
f 838//1862 727//1862 831//1862
f 839//1863 838//1863 831//1863
f 840//1864 834//1864 837//1864
f 551//1865 837//1865 549//1865
f 836//1866 573//1866 731//1866
f 841//1867 837//1867 551//1867
f 842//1868 837//1868 841//1868
f 842//1869 840//1869 837//1869
f 841//1870 551//1870 708//1870
f 835//1871 729//1871 728//1871
f 835//1872 731//1872 729//1872
f 836//1873 731//1873 835//1873
f 842//1874 841//1874 708//1874
f 843//1875 708//1875 733//1875
f 843//1876 842//1876 708//1876
f 844//1877 838//1877 839//1877
f 845//1878 733//1878 735//1878
f 845//1879 843//1879 733//1879
f 846//1880 727//1880 838//1880
f 844//1881 846//1881 838//1881
f 847//1882 744//1882 743//1882
f 751//1883 743//1883 747//1883
f 847//1884 743//1884 751//1884
f 847//1885 739//1885 744//1885
f 749//1886 747//1886 753//1886
f 751//1887 747//1887 749//1887
f 755//1888 753//1888 757//1888
f 749//1889 753//1889 755//1889
f 848//1890 735//1890 760//1890
f 848//1891 845//1891 735//1891
f 849//1892 737//1892 736//1892
f 850//1893 736//1893 739//1893
f 850//1894 849//1894 736//1894
f 849//1895 738//1895 737//1895
f 851//1896 739//1896 847//1896
f 851//1897 850//1897 739//1897
f 759//1898 727//1898 846//1898
f 612//1899 610//1899 738//1899
f 611//1900 612//1900 738//1900
f 849//1901 611//1901 738//1901
f 847//1902 751//1902 750//1902
f 851//1903 750//1903 761//1903
f 851//1904 847//1904 750//1904
f 613//1905 760//1905 762//1905
f 852//1906 760//1906 613//1906
f 852//1907 848//1907 760//1907
f 851//1908 761//1908 764//1908
f 853//1909 759//1909 846//1909
f 765//1910 759//1910 853//1910
f 601//1911 759//1911 765//1911
f 854//1912 853//1912 846//1912
f 854//1913 846//1913 844//1913
f 849//1914 763//1914 611//1914
f 850//1915 764//1915 763//1915
f 851//1916 764//1916 850//1916
f 850//1917 763//1917 849//1917
f 613//1918 614//1918 616//1918
f 777//1919 776//1919 775//1919
f 855//1920 775//1920 780//1920
f 855//1921 777//1921 775//1921
f 777//1922 774//1922 776//1922
f 768//1923 780//1923 767//1923
f 855//1924 780//1924 768//1924
f 856//1925 765//1925 853//1925
f 857//1926 616//1926 769//1926
f 857//1927 613//1927 616//1927
f 793//1928 768//1928 622//1929
f 855//1930 768//1930 793//1930
f 789//1931 769//1931 783//1931
f 858//1932 769//1932 789//1932
f 858//1933 857//1933 769//1933
f 784//1934 779//1934 777//1934
f 855//1935 784//1935 777//1935
f 855//1936 793//1936 784//1936
f 787//1937 765//1937 856//1937
f 859//1938 787//1938 856//1938
f 858//1939 789//1939 790//1939
f 793//1940 785//1940 784//1940
f 794//1941 785//1941 793//1941
f 794//1942 791//1943 785//1942
f 860//1944 790//1944 796//1944
f 860//1945 858//1945 790//1945
f 797//1946 787//1946 859//1946
f 797//1947 859//1947 861//1947
f 862//1948 796//1948 798//1948
f 862//1949 860//1949 796//1949
f 805//1950 803//1950 791//1951
f 670//1952 791//1953 794//1954
f 805//1955 791//1956 670//1957
f 805//1958 802//1958 803//1958
f 859//1959 863//1959 861//1959
f 864//1960 861//1960 863//1960
f 804//1961 797//1961 861//1961
f 864//1962 804//1962 861//1962
f 865//1963 798//1963 801//1963
f 866//1964 798//1964 865//1964
f 867//1965 862//1965 798//1965
f 868//1966 867//1966 798//1966
f 866//1967 868//1967 798//1967
f 869//1968 802//1968 805//1968
f 869//1969 870//1969 802//1969
f 805//1970 670//1971 671//1972
f 864//1973 805//1973 804//1973
f 864//1974 869//1974 805//1974
f 806//1975 865//1975 801//1975
f 806//1976 802//1976 865//1976
f 866//1977 865//1977 802//1977
f 870//1978 866//1978 802//1978
f 871//1979 814//1979 816//1979
f 872//1980 813//1980 814//1980
f 872//1981 814//1981 871//1981
f 873//1982 816//1982 818//1982
f 871//1983 816//1983 873//1983
f 811//1984 814//1984 813//1984
f 874//1985 813//1985 872//1985
f 820//1986 813//1986 874//1986
f 875//1987 873//1987 818//1987
f 875//1988 818//1988 819//1988
f 876//1989 871//1989 873//1989
f 876//1990 873//1990 875//1990
f 877//1991 872//1991 871//1991
f 877//1992 871//1992 876//1992
f 878//1993 874//1993 872//1993
f 878//1994 872//1994 877//1994
f 713//1995 820//1995 874//1995
f 824//1996 713//1996 874//1996
f 824//1997 874//1997 878//1997
f 875//1998 819//1998 879//1998
f 823//1999 879//1999 819//1999
f 829//2000 824//2000 878//2000
f 880//2001 879//2001 823//2001
f 881//2002 875//2002 879//2002
f 881//2003 879//2003 880//2003
f 827//2004 823//2004 828//2004
f 880//2005 823//2005 827//2005
f 876//2006 875//2006 881//2006
f 882//2007 877//2007 876//2007
f 878//2008 877//2008 882//2008
f 880//2009 827//2009 830//2009
f 883//2010 881//2010 880//2010
f 876//2011 881//2011 883//2011
f 884//2012 829//2012 878//2012
f 831//2013 829//2013 884//2013
f 885//2014 880//2014 830//2014
f 885//2015 830//2015 834//2015
f 883//2016 880//2016 885//2016
f 886//2017 876//2017 883//2017
f 882//2018 876//2018 886//2018
f 887//2019 878//2019 882//2019
f 884//2020 878//2020 887//2020
f 839//2021 831//2021 884//2021
f 885//2022 834//2022 840//2022
f 888//2023 885//2023 840//2023
f 888//2024 840//2024 889//2024
f 842//2025 889//2025 840//2025
f 883//2026 885//2026 888//2026
f 890//2027 882//2027 886//2027
f 887//2028 882//2028 890//2028
f 891//2029 888//2029 889//2029
f 889//2030 842//2030 843//2030
f 891//2031 883//2031 888//2031
f 844//2032 839//2032 884//2032
f 892//2033 889//2033 843//2033
f 892//2034 843//2034 845//2034
f 891//2035 889//2035 892//2035
f 893//2036 884//2036 887//2036
f 844//2037 884//2037 893//2037
f 894//2038 891//2038 892//2038
f 895//2039 893//2039 887//2039
f 892//2040 845//2040 848//2040
f 896//2041 892//2041 848//2041
f 896//2042 848//2042 897//2042
f 894//2043 892//2043 896//2043
f 898//2044 893//2044 895//2044
f 844//2045 893//2045 898//2045
f 852//2046 897//2046 848//2046
f 854//2047 844//2047 898//2047
f 899//2048 852//2048 613//2048
f 899//2049 897//2049 852//2049
f 900//2050 894//2050 896//2050
f 857//2051 899//2051 613//2051
f 856//2052 854//2052 898//2052
f 856//2053 853//2053 854//2053
f 901//2054 897//2054 899//2054
f 902//2055 896//2055 897//2055
f 902//2056 897//2056 901//2056
f 902//2057 900//2057 896//2057
f 903//2058 856//2058 898//2058
f 901//2059 899//2059 857//2059
f 860//2060 857//2060 858//2060
f 901//2061 857//2061 860//2061
f 904//2062 901//2062 860//2062
f 905//2063 902//2063 901//2063
f 904//2064 905//2064 901//2064
f 863//2065 856//2065 903//2065
f 859//2066 856//2066 863//2066
f 906//2067 904//2067 860//2067
f 906//2068 860//2068 862//2068
f 907//2069 905//2069 904//2069
f 906//2070 907//2070 904//2070
f 864//2071 863//2071 903//2071
f 908//2072 903//2072 909//2072
f 864//2073 903//2073 908//2073
f 867//2074 906//2074 862//2074
f 867//2075 907//2075 906//2075
f 910//2076 908//2076 909//2076
f 911//2077 910//2077 909//2077
f 869//2078 908//2078 910//2078
f 864//2079 908//2079 869//2079
f 869//2080 910//2080 911//2080
f 907//2081 867//2081 868//2081
f 912//2082 868//2082 866//2082
f 870//2083 912//2083 866//2083
f 883//2084 891//2084 913//2084
f 895//2085 887//2085 890//2085
f 894//2086 913//2086 891//2086
f 914//2087 883//2087 913//2087
f 914//2088 886//2088 883//2088
f 915//2089 890//2089 886//2089
f 916//2090 886//2090 914//2090
f 915//2091 886//2091 916//2091
f 895//2092 890//2092 915//2092
f 917//2093 913//2093 894//2093
f 914//2094 913//2094 917//2094
f 900//2095 917//2095 894//2095
f 918//2096 916//2096 914//2096
f 919//2097 915//2097 916//2097
f 919//2098 916//2098 918//2098
f 895//2099 915//2099 919//2099
f 920//2100 914//2100 917//2100
f 918//2101 914//2101 920//2101
f 921//2102 895//2102 919//2102
f 898//2103 895//2103 921//2103
f 902//2104 917//2104 900//2104
f 922//2105 920//2105 917//2105
f 918//2106 920//2106 922//2106
f 923//2107 917//2107 902//2107
f 922//2108 917//2108 923//2108
f 905//2109 923//2109 902//2109
f 924//2110 918//2110 922//2110
f 924//2111 919//2111 918//2111
f 909//2112 921//2112 919//2112
f 909//2113 919//2113 924//2113
f 903//2114 898//2114 921//2114
f 903//2115 921//2115 909//2115
f 868//2116 923//2116 905//2116
f 912//2117 922//2117 923//2117
f 912//2118 923//2118 868//2118
f 907//2119 868//2119 905//2119
f 925//2120 924//2120 922//2120
f 925//2121 922//2121 912//2121
f 870//2122 924//2122 925//2122
f 911//2123 909//2123 924//2123
f 911//2124 924//2124 870//2124
f 870//2125 925//2125 912//2125
f 869//2126 911//2126 870//2126
