# Blender v2.82 (sub 7) OBJ File: ''
# www.blender.org
mtllib sim_sea_2-5_root_link_prt.mtl
o sim_sea_2-5_root_link_prt
v -107.089401 -97.782898 -97.239548
v -107.387199 -95.430031 -99.250610
v -105.393059 -99.459831 -106.162399
v -106.519897 -98.176903 -100.382385
v -107.373878 -81.842804 -99.952621
v -108.676865 -81.703331 -93.271904
v -100.803978 -99.860588 -115.407158
v -103.810127 -99.424263 -110.204430
v -108.523048 -96.734024 -87.355232
v -106.890228 -97.883430 -85.583237
v -107.751610 -97.737968 -85.581093
v -106.706123 -97.855988 -91.169945
v -106.016266 -98.002800 -101.191429
v -109.701836 -82.209846 -84.021461
v -108.896515 -95.561974 -79.307495
v -109.739510 -90.663254 -79.534081
v -106.489799 -98.164436 -76.053497
v -107.552147 -97.683136 -78.183998
v -104.866470 -97.121262 -78.791885
v -108.869202 -95.698463 -74.103096
v -109.825912 -91.035301 -74.776581
v -104.874771 -97.476295 -74.951874
v -106.672829 -97.999680 -69.600090
v -107.717560 -97.674141 -66.444351
v -105.325737 -97.468918 -71.224968
v -109.497276 -91.309402 -60.020905
v -106.145370 -97.258194 -67.224098
v -109.210426 -91.795403 -54.917873
v -107.473038 -97.961021 -58.592995
v -108.144417 -98.109169 -51.414478
v -107.497444 -98.198357 -48.632366
v -108.359146 -81.698479 -38.890949
v -107.109894 -98.414879 -41.477966
v -106.486916 -98.687057 -38.580761
v -106.110802 -98.594849 -37.673828
v -106.529457 -81.760742 -29.752848
v -104.949371 -98.853493 -30.998016
v -103.673103 -98.869446 -28.122446
v -101.116348 -98.998070 -21.291954
v -102.163101 -98.694443 -22.665787
v -104.429329 -81.952972 -22.962076
v -105.510857 -81.204475 -105.954010
v -103.690979 -81.230530 -110.377174
v -109.713562 -80.644737 -51.536564
v -109.783607 -76.989426 -74.689102
v -110.028091 -80.766495 -68.095604
v -105.697990 -85.564621 -80.289474
v -106.104057 -85.058624 -72.460838
v -104.949165 -89.715485 -78.348602
v -105.221130 -90.092201 -72.420113
v -104.346786 -92.925873 -75.049553
v -104.380760 -92.532585 -79.307457
v -106.386940 -79.564255 -74.871658
v -104.840019 -92.862976 -71.343468
v -106.589401 -86.334785 -63.370815
v -106.812866 -80.393044 -61.027195
v -106.106636 -90.408783 -64.591537
v -105.632324 -92.165771 -67.410019
v -106.739418 -90.813065 -59.057037
v -107.781029 -66.974411 -85.725517
v -109.250786 -70.985718 -66.480995
v -107.837837 -71.186272 -38.631470
v -108.519661 -69.730194 -45.845684
v -103.845505 -65.331284 -102.298973
v -106.449593 -66.333908 -93.449356
v -106.283348 -69.785889 -30.855116
v -103.590279 -61.325298 -23.951029
v -107.366455 -59.770428 -72.792793
v -107.665527 -60.527161 -51.319130
v -107.742805 -60.466499 -61.328037
v -106.278267 -60.452251 -35.920441
v -104.702393 -51.990582 -83.320381
v -103.315994 -59.926575 -99.534843
v -102.213974 -48.792492 -91.396141
v -105.059052 -48.772163 -68.767616
v -103.802544 -44.781113 -41.740139
v -103.262642 -41.250580 -47.738766
v -104.007805 -53.647923 -30.012531
v -103.063591 -42.144768 -73.277878
v -103.742188 -42.091816 -56.006496
v -101.190331 -99.374901 -115.242714
v -103.518044 -99.620422 -109.154137
v -101.714516 -95.164566 -115.141235
v -99.107452 -100.316345 -116.961189
v -94.057877 -102.619156 -122.973930
v -96.627159 -98.794121 -121.532959
v -105.103920 -94.681984 -101.369156
v -106.024918 -95.391594 -91.399879
v -103.732307 -85.782059 -101.998322
v -105.712830 -90.705406 -91.707726
v -104.367844 -94.977936 -80.427322
v -104.312256 -93.682426 -81.197281
v -106.779388 -86.162704 -49.962669
v -105.632355 -85.321526 -37.941952
v -104.338219 -81.253098 -32.157784
v -102.493729 -81.419914 -25.741470
v -100.047295 -92.069427 -15.338219
v -98.484016 -98.091827 -15.134237
v -97.772598 -98.279083 -14.753448
v -95.990273 -98.010910 -11.488960
v -100.868340 -81.527428 -115.276955
v -96.583641 -86.490639 -121.121437
v -105.043053 -84.309143 -94.715797
v -101.074059 -84.755386 -108.474030
v -105.738106 -85.445457 -86.037491
v -100.749855 -81.430275 -14.958524
v -101.686111 -78.744041 -101.830116
v -104.209389 -78.976166 -95.685745
v -100.282089 -79.619675 -106.096107
v -99.381927 -79.108040 -107.696907
v -105.852448 -79.399796 -84.287460
v -106.709671 -80.101929 -51.171169
v -105.756866 -79.867355 -40.250492
v -96.971390 -81.776505 -9.401959
v -99.827278 -72.243805 -113.930893
v -96.873245 -80.697311 -120.140762
v -92.758537 -77.675217 -100.612740
v -99.860847 -70.667366 -99.002151
v -93.928177 -74.842697 -101.724113
v -96.857574 -69.676414 -9.766135
v -101.256752 -68.823151 -96.053665
v -103.746727 -68.564789 -89.462555
v -94.300949 -70.937912 -99.285950
v -105.527344 -68.697937 -77.214737
v -105.510834 -62.726307 -69.196518
v -105.332039 -63.158066 -49.320930
v -103.582199 -63.281384 -36.795616
v -100.376434 -64.265038 -23.983128
v -100.857864 -69.931427 -15.943250
v -100.549484 -65.154724 -109.629539
v -95.663239 -65.820145 -116.741943
v -93.941856 -69.302376 -97.606133
v -101.232857 -63.743313 -90.804977
v -100.103317 -65.036766 -94.415894
v -99.448433 -64.741943 -94.791641
v -103.325928 -62.764946 -82.346153
v -104.201035 -60.924690 -42.111958
v -102.320030 -63.468807 -31.543627
v -100.815399 -61.153610 -17.058470
v -98.577835 -61.189518 -13.096194
v -95.698013 -60.477028 -9.082190
v -98.712303 -59.331505 -109.329086
v -93.978760 -62.099911 -89.861488
v -101.593170 -58.071327 -81.165993
v -99.719070 -61.174782 -89.071205
v -94.104927 -61.288857 -89.178993
v -101.620018 -52.321568 -75.460838
v -104.231468 -56.457230 -60.853348
v -104.215309 -57.268383 -49.222584
v -101.592514 -57.254921 -36.498707
v -100.866768 -59.593445 -33.572254
v -93.413963 -56.991253 -30.888823
v -100.257797 -50.797421 -99.538353
v -93.595497 -59.978748 -85.675476
v -92.202148 -57.920891 -81.572151
v -99.878166 -52.278732 -80.585640
v -101.495071 -52.286694 -42.444431
v -100.475784 -54.124241 -38.467926
v -93.662750 -51.960541 -36.740356
v -100.922417 -56.583809 -35.876347
v -100.389473 -51.542336 -19.937765
v -96.839371 -53.164680 -12.729928
v -95.874985 -49.797630 -107.141212
v -98.640991 -40.506725 -49.515312
v -97.663315 -41.761871 -42.652283
v -101.267395 -39.515862 -34.801418
v -100.597763 -48.009239 -22.759481
v -100.310783 -42.399574 -90.029114
v -97.991882 -44.345222 -98.648140
v -94.590599 -34.165760 -95.676651
v -100.903770 -37.845890 -79.928490
v -103.152077 -40.848995 -65.932755
v -100.465736 -41.972107 -28.020191
v -95.421738 -39.146076 -17.742296
v -99.084312 -35.638790 -84.769707
v -99.015099 -32.796894 -79.196083
v -99.280960 -30.737038 -70.400116
v -97.160851 -32.695072 -29.309046
v -96.620262 -35.738609 -23.703852
v -96.666634 -24.323830 -62.878727
v -97.350861 -25.460627 -54.946259
v -97.756302 -26.848713 -50.218731
v -97.783646 -28.052588 -44.680286
v -97.725418 -29.485205 -38.900040
v -97.427856 -30.904341 -34.022339
v -91.441254 -104.239449 -124.115082
v -83.621162 -109.169136 -128.708664
v -90.115898 -102.759590 -126.347412
v -90.488167 -96.213524 -126.709373
v -94.827263 -98.507118 -120.298477
v -97.132767 -97.218422 -117.752167
v -99.830818 -94.801582 -113.911102
v -93.386658 -81.538033 -123.571999
v -95.257919 -85.039223 -115.887398
v -100.313454 -81.050095 -20.329105
v -97.220047 -86.706047 -14.516375
v -94.251450 -97.165176 -10.220160
v -94.865463 -97.518318 -10.102481
v -94.877991 -81.066521 -6.980208
v -91.321655 -95.908073 -6.724306
v -92.465584 -81.407463 -4.770460
v -97.673752 -84.441368 -112.997658
v -92.946022 -84.374619 -118.024376
v -89.502174 -81.187210 -126.290115
v -89.348969 -83.242577 -110.016396
v -97.154457 -80.241653 -111.089310
v -91.628769 -79.439011 -111.449493
v -96.971825 -80.388039 -14.395652
v -97.557022 -77.082108 -108.144066
v -96.394005 -77.799606 -110.159920
v -92.707214 -78.114281 -110.290070
v -89.187630 -65.321693 -122.303627
v -93.009491 -76.768547 -106.668678
v -93.259315 -75.268311 -101.939713
v -92.168381 -74.324547 -96.402672
v -96.573067 -63.585651 -16.539446
v -95.342690 -63.397018 -14.701747
v -91.645203 -61.168728 -4.876727
v -92.587746 -66.052292 -94.153847
v -92.300186 -69.098549 -95.080383
v -92.125824 -64.499550 -90.874451
v -95.279884 -59.948875 -18.721834
v -96.697159 -58.563881 -22.262196
v -98.673714 -58.032494 -26.057438
v -90.873596 -57.404591 -19.317692
v -91.481903 -50.668915 -113.057259
v -84.960716 -49.849518 -118.042221
v -91.877342 -63.736897 -84.587112
v -97.975082 -53.741070 -27.401133
v -95.873405 -50.482460 -25.286499
v -98.529694 -52.571674 -31.792727
v -93.771095 -50.190754 -24.968302
v -90.699226 -58.401237 -21.496435
v -93.212234 -60.060501 -85.194130
v -92.331276 -53.904888 -81.857758
v -90.606194 -63.813381 -75.299080
v -90.794518 -59.707756 -77.074699
v -89.335869 -52.669060 -74.622169
v -98.647118 -48.327480 -80.665825
v -93.163551 -51.413902 -84.229851
v -98.002686 -48.404423 -32.587753
v -96.832954 -48.918423 -28.153297
v -98.543404 -47.104622 -37.232777
v -92.447136 -45.187374 -10.421134
v -89.523392 -50.170040 -6.376345
v -92.878860 -39.859562 -103.698280
v -88.377426 -41.536003 -110.129364
v -96.735916 -47.165375 -84.784859
v -92.144196 -48.279255 -85.876366
v -92.555382 -51.260700 -84.069000
v -96.948616 -45.082130 -80.491776
v -97.564568 -44.396893 -75.415833
v -96.166901 -45.308784 -84.711411
v -95.748077 -46.222698 -87.460281
v -98.089676 -43.501228 -70.164116
v -98.335808 -42.446705 -64.645515
v -98.149605 -40.840755 -58.958992
v -96.945717 -44.712173 -34.848633
v -96.145103 -46.124168 -29.579285
v -94.038780 -45.969578 -29.245148
v -93.535378 -48.837696 -27.740835
v -94.634857 -41.370987 -14.838070
v -95.478851 -45.330143 -87.539795
v -91.296852 -44.917534 -89.000954
v -92.046211 -46.035648 -88.405907
v -89.416801 -45.086433 -85.021965
v -88.900749 -43.919136 -80.070412
v -89.916916 -44.452480 -74.947182
v -90.050079 -43.160831 -70.484550
v -89.667824 -43.246746 -64.660629
v -89.430931 -41.704529 -59.219078
v -90.835159 -36.657650 -56.555077
v -96.459610 -37.233459 -49.145515
v -96.333344 -38.839970 -45.341320
v -93.279282 -44.364952 -35.882248
v -92.837181 -39.135960 -45.495716
v -92.325890 -42.326691 -42.774853
v -96.142014 -30.991505 -87.886948
v -95.052689 -34.663551 -50.120033
v -94.628029 -34.692940 -56.034340
v -92.173660 -34.646824 -55.849030
v -92.640305 -34.712444 -50.642654
v -92.125923 -37.425297 -48.995308
v -90.158844 -36.592182 -11.557714
v -88.016617 -37.334381 -9.591249
v -92.265770 -31.938002 -17.936361
v -93.733376 -37.431358 -16.236937
v -92.315933 -28.224796 -93.073433
v -88.931854 -30.713560 -100.921898
v -97.567467 -29.160393 -77.771118
v -92.286240 -34.682991 -53.427292
v -92.053986 -27.079275 -21.717852
v -93.061874 -31.316860 -20.267431
v -94.754753 -25.449619 -77.116707
v -93.202682 -25.855820 -85.257072
v -95.587692 -24.825987 -70.375656
v -96.649658 -29.617413 -33.673767
v -96.686028 -28.064333 -37.635685
v -93.818176 -22.944981 -38.118523
v -94.013405 -27.158846 -27.832895
v -93.363121 -23.405210 -33.252384
v -91.746201 -21.628521 -27.159576
v -93.140549 -26.163376 -26.431087
v -91.436119 -27.688774 -18.872156
v -90.809479 -21.915775 -21.932631
v -89.481117 -21.836197 -16.682634
v -93.023209 -25.971041 -81.620361
v -92.413895 -25.661263 -85.503082
v -94.909218 -24.016476 -69.030998
v -93.014221 -23.989645 -69.842285
v -91.541336 -18.093605 -64.497589
v -96.381660 -23.411892 -59.443497
v -92.493095 -16.299362 -54.079754
v -96.505020 -24.095135 -54.409069
v -92.849091 -20.215807 -48.001945
v -93.746162 -20.342005 -52.112938
v -92.374352 -16.431786 -53.315983
v -97.045784 -26.799379 -44.803734
v -92.622253 -20.460600 -43.511909
v -92.844048 -21.050583 -38.092838
v -85.146545 -108.121277 -127.484764
v -88.100960 -97.932762 -125.108871
v -91.607040 -96.460480 -122.483536
v -90.687241 -84.986404 -120.752106
v -92.944824 -81.435211 -9.411728
v -89.204834 -95.121872 -5.579556
v -89.656784 -81.114624 -6.488322
v -84.025009 -92.751083 -0.988982
v -88.992088 -81.322968 -2.186671
v -87.974380 -93.814407 -3.664811
v -87.615814 -84.455406 -123.371834
v -87.969460 -79.859138 -114.911140
v -92.017403 -81.459381 -116.311752
v -86.722565 -78.146561 -114.636986
v -91.316193 -90.891190 -85.390854
v -91.947868 -85.095665 -85.323212
v -90.759476 -90.512199 -90.671516
v -91.826256 -82.905670 -88.564194
v -89.732681 -96.022057 -90.736534
v -91.346336 -85.121254 -91.196106
v -89.800720 -90.761017 -96.758987
v -88.869583 -95.319626 -95.625610
v -92.096214 -85.998222 -79.860924
v -91.826752 -74.291779 -75.018890
v -91.893456 -78.158478 -72.943985
v -92.029793 -84.145622 -75.735901
v -91.528824 -90.793037 -74.730721
v -91.076874 -94.064178 -75.417076
v -90.676697 -94.871712 -85.008644
v -90.821312 -95.144005 -80.173386
v -91.736656 -80.351601 -91.516457
v -91.763008 -79.314499 -90.360298
v -91.963959 -78.906181 -96.716064
v -90.895264 -84.641510 -96.346245
v -91.869347 -85.814514 -74.247231
v -91.230270 -90.548920 -69.448654
v -91.457558 -85.365601 -69.344032
v -90.480965 -69.514603 -70.180695
v -91.437141 -70.429947 -76.151390
v -91.173973 -74.686684 -69.189163
v -87.005165 -79.873360 -112.403732
v -92.139488 -78.093391 -106.913223
v -91.672089 -75.196594 -90.217789
v -90.695572 -90.482910 -64.240486
v -89.205597 -69.405045 -63.994141
v -90.798645 -76.242630 -64.024727
v -92.440941 -65.089531 -10.124280
v -89.018600 -64.746078 -6.684618
v -89.363022 -64.591553 -2.871456
v -83.431175 -61.694248 0.119999
v -81.348122 -65.196518 -126.751633
v -90.337929 -84.442352 -101.950256
v -91.668777 -74.175934 -91.201920
v -91.531761 -68.738953 -90.977173
v -91.572060 -70.121819 -84.833717
v -91.598373 -71.838226 -87.301796
v -91.557426 -69.292076 -80.291855
v -91.552635 -69.248009 -86.031593
v -91.045387 -68.819275 -74.579956
v -90.350685 -64.619308 -73.438042
v -88.202057 -62.443005 -62.677101
v -90.816956 -59.320259 -11.288599
v -89.019669 -58.411461 -69.657631
v -88.400635 -57.616550 -8.026782
v -88.906746 -55.208275 -4.302022
v -90.476524 -59.438072 -23.634996
v -86.903488 -56.906631 -19.072464
v -90.048615 -47.732674 -80.085953
v -89.575272 -48.746338 -75.006805
v -86.875267 -53.463341 -4.066704
v -84.496353 -55.928497 -1.950310
v -82.669449 -44.035236 -116.090576
v -88.553329 -50.194534 -6.325160
v -85.867683 -34.418716 -107.049690
v -79.618904 -34.699089 -111.637321
v -91.394661 -37.575500 -93.258057
v -90.772095 -39.708977 -94.786018
v -87.070389 -45.917046 -90.014191
v -90.460823 -36.055420 -82.216003
v -91.888504 -57.363716 -26.466167
v -90.980873 -45.637932 -9.174798
v -85.708435 -37.202866 -8.851248
v -85.769592 -41.986488 -8.506040
v -89.188522 -35.415565 -98.609695
v -86.086571 -44.980087 -95.675072
v -91.198120 -33.017200 -86.584846
v -90.958855 -32.327347 -90.864067
v -90.474281 -30.623974 -92.566917
v -89.918480 -37.147724 -80.893738
v -89.831329 -36.067650 -80.425713
v -90.868370 -32.584240 -81.831894
v -86.797684 -43.102798 -80.376450
v -88.377731 -58.554424 -64.408966
v -88.817703 -53.675831 -69.771568
v -88.181847 -63.936668 -58.902016
v -90.928947 -37.015934 -52.943863
v -88.229362 -69.591927 -53.403286
v -89.087624 -41.544720 -54.187321
v -93.118057 -48.020954 -37.099483
v -93.377228 -53.147057 -33.007915
v -91.323921 -40.046730 -47.541843
v -92.454842 -44.252876 -41.097385
v -88.594002 -50.527275 -50.304684
v -89.450531 -32.083374 -11.772890
v -87.555023 -32.227425 -9.163809
v -89.785156 -25.665924 -93.286789
v -85.580818 -25.967230 -99.276344
v -82.480209 -25.730806 -101.838554
v -88.045296 -22.296530 -12.585058
v -90.332253 -25.726770 -90.459480
v -87.396729 -25.701420 -96.369934
v -91.949730 -26.467987 -74.721436
v -92.242149 -27.143806 -79.398010
v -89.074509 -30.495377 -75.099777
v -90.713982 -30.533766 -79.338440
v -90.121391 -26.606215 -70.882401
v -86.596024 -26.913563 -69.087212
v -86.560707 -22.629236 -67.283409
v -84.838737 -16.444901 -64.163239
v -92.044670 -16.637634 -48.271816
v -91.620628 -15.972236 -38.134033
v -91.836472 -16.545595 -43.651356
v -90.626404 -16.561354 -27.318995
v -89.577324 -16.517969 -21.861176
v -90.529762 -14.852717 -62.040607
v -86.252731 -13.718173 -62.594044
v -90.039970 -8.084096 -56.116508
v -90.285728 -4.813190 -51.798122
v -91.847977 -13.497867 -46.379452
v -91.069427 -6.992982 -48.288860
v -90.370522 -4.155608 -48.889072
v -90.023895 -2.695242 -43.420498
v -91.796295 -13.862658 -44.314075
v -91.278091 -7.050481 -44.152855
v -91.560555 -10.865611 -43.534428
v -90.563965 -6.185685 -38.274712
v -91.038651 -6.105196 -43.091946
v -91.369270 -11.217413 -40.352612
v -86.120827 -10.025070 -59.863316
v -90.217979 -10.789255 -32.265587
v -87.877373 -3.823214 -33.246391
v -89.874557 -2.596022 -38.688076
v -86.514435 -5.607069 -54.989452
v -86.285835 -3.833087 -52.249428
v -80.851097 -1.590659 -42.990410
v -82.831596 -101.732979 -130.384384
v -78.684250 -113.130486 -130.123688
v -81.335457 -102.155304 -128.500809
v -87.286041 -104.415733 -80.360420
v -89.247177 -101.029053 -80.912758
v -87.278702 -104.361488 -84.604866
v -70.352119 -106.055412 -84.714775
v -65.509644 -106.423927 -85.640488
v -87.316475 -103.394279 -89.662750
v -65.486290 -105.344986 -90.355225
v -88.620422 -100.551132 -90.328636
v -87.264778 -101.843384 -93.516678
v -65.433052 -103.809685 -94.534561
v -87.173004 -100.095322 -96.423531
v -70.287285 -101.512520 -97.587303
v -89.125710 -89.875099 -101.094406
v -87.091225 -98.166878 -98.761932
v -65.400169 -100.207809 -100.703972
v -87.092163 -95.878662 -101.019257
v -69.946434 -97.275070 -102.578941
v -89.573792 -84.272224 -106.705513
v -87.228363 -93.137283 -103.297203
v -64.798073 -95.008179 -105.414940
v -87.465439 -90.712547 -105.052902
v -69.983192 -91.926796 -106.429764
v -88.177094 -87.358292 -107.403282
v -65.305244 -88.821167 -108.718300
v -65.529243 -84.628815 -110.242943
v -65.739990 -80.185562 -111.593811
v -87.400368 -103.804741 -75.824577
v -89.158890 -100.727005 -74.965210
v -88.659775 -100.233070 -69.941223
v -90.329552 -96.166794 -69.583885
v -87.523209 -102.319153 -71.157547
v -90.506882 -95.281326 -63.720425
v -87.703659 -100.631271 -67.577263
v -87.891579 -99.423737 -65.342285
v -70.469414 -102.083038 -66.705551
v -65.483826 -101.063957 -64.142448
v -70.661942 -98.596123 -61.014347
v -89.842987 -94.888702 -59.573620
v -70.461311 -103.903175 -70.410133
v -65.480873 -105.857086 -74.678459
v -70.363060 -105.633530 -75.922386
v -70.419037 -106.209305 -80.252876
v -61.049503 -107.225960 -80.190956
v -60.991688 -106.676895 -75.919304
v -61.025505 -107.104736 -84.564415
v -60.978912 -106.448975 -89.143227
v -65.364929 -104.460960 -70.444153
v -81.743576 -96.774979 -131.201080
v -82.277328 -95.854218 -128.020233
v -59.646523 -103.414978 -99.629250
v -60.888199 -105.663414 -93.209549
v -59.746933 -105.342041 -95.166550
v -61.918495 -99.468994 -105.099403
v -61.170509 -101.691460 -102.221504
v -60.714924 -102.913445 -66.317932
v -60.816734 -105.477173 -71.752708
v -65.462967 -98.992889 -60.923290
v -60.797729 -93.974800 -108.783752
v -57.798866 -104.254211 -115.343407
v -90.459908 -76.602371 -60.089226
v -90.322990 -80.278923 -58.894199
v -89.620483 -92.465240 -56.993969
v -70.787788 -96.740356 -58.161034
v -61.031269 -97.146332 -57.562813
v -60.759857 -101.061638 -63.263325
v -59.690899 -97.588409 -57.998489
v -88.740311 -69.449684 -58.690464
v -89.091621 -74.907928 -53.193615
v -90.022575 -81.794365 -55.110348
v -89.061043 -87.294701 -52.155560
v -89.547356 -84.544487 -53.216892
v -88.345512 -79.974754 -48.343933
v -88.582527 -75.014091 -48.055485
v -88.861259 -85.776779 -50.974838
v -85.872597 -83.575752 -44.826374
v -87.254913 -79.360664 -43.750153
v -86.239738 -86.168465 -47.337894
v -85.350258 -87.801811 -48.083160
v -75.804688 -94.301186 -55.397518
v -65.673553 -94.934891 -54.949100
v -70.520081 -89.524582 -45.867565
v -76.083565 -89.136429 -46.710773
v -60.343803 -93.377937 -51.292004
v -59.987118 -95.167854 -54.395668
v -83.496552 -92.751198 -1.384689
v -86.458305 -80.826691 -4.211607
v -78.857956 -90.356552 1.172766
v -83.138100 -79.945831 -125.612312
v -60.820286 -87.542122 -110.470627
v -59.851337 -89.473404 -110.235794
v -80.430672 -81.271965 -1.033801
v -83.166954 -82.299011 0.772203
v -78.789337 -81.174133 2.451644
v -81.391609 -80.915855 -130.382767
v -85.673683 -79.969704 -123.005096
v -61.028824 -83.345757 -111.171104
v -83.896049 -84.599052 -43.978302
v -84.591499 -81.267487 -41.840065
v -85.453606 -67.196472 -29.378506
v -79.931480 -72.546066 -30.710730
v -79.098015 -82.668419 -40.164070
v -76.238556 -83.217087 -39.732399
v -85.248650 -76.955452 -115.150452
v -81.271423 -74.830223 -114.605499
v -84.206406 -76.467239 -122.263702
v -81.793930 -73.899254 -123.955917
v -65.403336 -76.846596 -112.353699
v -87.164207 -68.240746 -33.262035
v -88.759583 -63.336842 -32.552532
v -89.420364 -61.498684 -26.885796
v -85.116058 -64.880585 -26.387930
v -79.034973 -76.626839 -34.209862
v -75.345139 -66.071289 -24.408947
v -86.583374 -58.767429 -21.141859
v -69.971085 -66.964653 -23.934912
v -75.270035 -66.509697 -24.723591
v -76.026314 -59.460930 -20.498611
v -70.839851 -65.947212 -23.363689
v -80.015862 -68.608986 -27.934015
v -75.742981 -72.259354 -29.211136
v -70.653496 -70.719673 -26.721539
v -69.716583 -68.634033 -24.997019
v -75.958076 -77.730659 -34.177460
v -70.952614 -76.237869 -31.264551
v -88.936493 -63.701000 -37.501602
v -88.675606 -52.783577 -48.241619
v -88.987144 -58.312737 -42.728355
v -88.886528 -47.375786 -53.832813
v -89.853310 -54.168659 -42.882450
v -90.636948 -58.269268 -37.374573
v -81.926041 -64.868698 -1.849927
v -86.612061 -61.895374 -5.044438
v -79.348862 -59.567413 1.179608
v -77.911270 -50.449669 -122.112152
v -81.748528 -53.786930 -16.043581
v -86.610008 -53.504601 -5.569514
v -85.041557 -54.774563 -3.388849
v -84.074203 -50.983315 -11.153847
v -81.316330 -51.413208 -13.679399
v -86.785378 -50.644562 -6.323956
v -80.780685 -45.832306 -9.895467
v -84.669579 -49.087833 -10.191993
v -84.501106 -47.711388 -110.360329
v -85.640480 -45.878117 -108.422546
v -84.155304 -50.550056 -111.675407
v -83.425560 -51.535889 -107.633652
v -82.758308 -47.163815 -112.254135
v -80.930206 -53.400551 -105.865097
v -82.061295 -51.532566 -114.557007
v -81.976845 -52.652367 -103.487640
v -85.685532 -42.502689 -106.667023
v -87.607552 -39.635048 -104.154816
v -84.099831 -48.099205 -101.391663
v -84.049675 -41.689999 -108.591438
v -81.959229 -51.183426 -100.397949
v -85.605270 -54.566994 -3.236956
v -80.972290 -41.816437 -9.229337
v -70.752411 -47.654938 -12.043063
v -83.733444 -48.273949 -99.312035
v -82.293076 -48.676331 -94.318871
v -87.078476 -35.696754 -102.327065
v -84.633858 -35.500126 -105.121948
v -82.018631 -47.100391 -90.016327
v -54.821587 -43.677971 -79.715195
v -54.161606 -47.560207 -89.538910
v -54.147144 -45.997658 -85.108635
v -49.619083 -45.165089 -80.145187
v -81.442726 -41.671043 -78.022079
v -54.142857 -42.242382 -77.299927
v -84.505486 -36.423397 -75.109642
v -81.206413 -38.256973 -74.453781
v -65.323135 -37.292458 -7.322834
v -65.350533 -41.734337 -8.563589
v -79.526451 -26.272467 -104.554405
v -86.188347 -26.066727 -97.892120
v -91.165260 -26.482796 -87.244759
v -81.243362 -34.435123 -71.697319
v -85.219223 -30.305471 -71.111603
v -81.378387 -32.145302 -70.434700
v -87.212090 -27.508982 -9.625190
v -87.006302 -23.233315 -10.746300
v -86.935143 -18.471767 -12.807662
v -88.509834 -17.071386 -17.239935
v -87.060303 -14.547466 -15.379411
v -88.319756 -12.054712 -22.640640
v -87.107903 -12.448951 -17.301079
v -87.073608 -10.424798 -19.651707
v -87.123756 -7.925703 -23.393938
v -87.428398 -5.428519 -28.678015
v -70.499702 -3.426992 -28.023909
v -89.789124 -2.702946 -37.374931
v -65.511902 -2.865800 -27.876865
v -65.657318 -1.602151 -32.289776
v -70.467171 -6.094334 -22.405376
v -70.453728 -8.802579 -18.488224
v -70.456955 -10.999153 -16.020182
v -70.436287 -13.274670 -13.924776
v -70.437759 -17.222565 -11.165515
v -70.302551 -22.777233 -8.696355
v -65.348572 -27.325638 -7.016346
v -65.305664 -32.345818 -6.764480
v -60.583363 -32.302372 -5.821224
v -60.624924 -27.862825 -5.935667
v -60.484707 -37.307442 -6.479672
v -65.237663 -22.746017 -7.889657
v -60.628094 -23.951706 -6.715927
v -81.399651 -18.083666 -64.975006
v -60.875607 -18.114038 -8.904362
v -59.605488 -18.103960 -8.666965
v -59.520226 -23.109873 -6.753423
v -65.320259 -16.067560 -10.882052
v -81.302681 -10.243898 -59.936203
v -81.306541 -12.869864 -61.950871
v -65.317780 -12.957722 -13.145742
v -60.332565 -9.737206 -15.084022
v -60.646156 -14.793005 -10.820474
v -59.779125 -12.356751 -12.507086
v -81.255836 -7.772173 -57.515755
v -65.327110 -8.044636 -18.196985
v -65.364960 -5.793167 -21.481384
v -60.957542 -4.076494 -23.342312
v -60.805721 -6.057049 -19.786526
v -59.694008 -6.338654 -19.069792
v -81.076019 -3.838841 -51.836239
v -81.304192 -2.415145 -47.911400
v -60.860695 -1.885070 -28.956882
v -65.426498 -0.787808 -36.571495
v -59.864449 -3.886397 -23.425056
v -59.793140 -1.937966 -28.303560
v -58.692181 -0.921460 -33.110046
v -75.949242 -115.006340 -129.831543
v -73.883537 -99.408676 -133.843765
v -74.653870 -111.728325 -129.702271
v -72.836922 -101.823189 -130.802872
v -73.623764 -95.863480 -131.056076
v -77.641380 -89.674126 1.128273
v -74.325409 -84.135422 -130.408035
v -76.313324 -79.117180 -128.766693
v -75.019844 -80.885048 1.060755
v -73.765594 -80.341835 3.671044
v -74.027359 -88.104637 2.596322
v -70.998405 -85.884590 -41.275124
v -73.612663 -81.103325 -133.150070
v -71.031105 -80.766144 -35.675858
v -72.601402 -65.002251 -129.890610
v -80.405113 -70.440567 -114.615585
v -80.442360 -68.924805 -122.874832
v -73.332603 -68.335808 -127.162369
v -57.582474 -79.071541 -111.752998
v -57.022594 -74.297882 -111.774185
v -55.193958 -70.145721 -111.422119
v -75.832787 -69.018028 0.877765
v -80.124657 -62.297989 -120.078323
v -76.229042 -66.118904 -113.256042
v -79.419243 -63.770676 -121.384750
v -76.936378 -62.978714 -123.009178
v -73.642281 -61.019466 2.810118
v -69.604950 -49.449162 -124.494720
v -80.370796 -58.308388 -118.328850
v -80.452911 -60.209515 -110.940186
v -79.046989 -62.155201 -112.685539
v -77.698730 -58.339893 -120.678970
v -76.085373 -64.239883 -112.312569
v -78.573608 -58.899864 0.220179
v -76.558502 -57.437920 -108.321831
v -80.566551 -53.490391 -116.286819
v -77.708794 -52.592705 -118.168823
v -70.699448 -56.782467 -18.365520
v -70.649040 -53.863804 -16.148184
v -60.985321 -54.643169 -15.676085
v -65.400955 -51.240524 -14.051789
v -65.630447 -57.265781 -18.190447
v -74.684448 -60.648575 2.429448
v -76.917229 -55.282879 -105.809975
v -78.805519 -47.356911 -115.214760
v -72.780273 -35.266159 -115.102997
v -76.664703 -37.464802 -111.256927
v -51.299210 -51.958672 -98.866913
v -55.728115 -49.274330 -94.103821
v -65.342041 -48.295193 -11.881810
v -60.724258 -46.065121 -9.789983
v -70.594254 -45.345833 -10.632965
v -59.804268 -52.540443 -13.915998
v -60.549507 -49.562172 -11.946613
v -80.464828 -35.355694 -108.089417
v -54.083977 -39.084370 -73.229759
v -54.734589 -35.138435 -70.622368
v -59.240383 -41.309319 -7.429825
v -74.459167 -26.460083 -107.279640
v -70.361015 -28.804699 -111.172073
v -78.826302 -26.732126 -104.659035
v -54.664333 -32.655960 -69.380890
v -49.332569 -32.582554 -68.268456
v -49.604782 -27.380959 -67.255562
v -52.668041 -23.104733 -66.033363
v -76.153290 -6.001834 -55.199047
v -76.140373 -4.058038 -51.967411
v -68.390266 -121.607269 -129.469666
v -68.629074 -121.564972 -130.593521
v -71.003838 -115.786850 -132.525620
v -66.275307 -117.214584 -128.286118
v -69.780602 -85.751686 3.331650
v -69.477707 -79.079308 -131.156097
v -70.307480 -79.850288 2.553464
v -70.873306 -61.667408 2.909668
v -71.761497 -62.452423 -125.703773
v -71.195206 -52.327976 -121.687447
v -69.302223 -62.427814 3.699198
v -65.491394 -34.101688 -116.636116
v -71.820107 -45.085274 -117.769035
v -53.203499 -57.781300 -105.805367
v -51.585068 -54.038242 -101.825584
v -72.263115 -35.899315 -112.460693
v -72.623482 -27.058247 -107.898064
v -48.546577 -43.745247 -76.016960
v -48.614510 -37.023220 -69.406433
v -69.605865 -27.088121 -109.706032
v -68.743645 -27.145103 -109.712494
v -55.417931 -18.410389 -64.224594
v -52.176643 -0.433600 -37.768143
v -63.389118 -128.511292 -129.404266
v -63.082802 -116.087509 -134.468277
v -65.168991 -121.535126 -127.696373
v -65.255615 -122.578583 -127.423492
v -67.129837 -111.940323 -129.026047
v -66.908508 -107.239037 -130.003067
v -63.660480 -99.267151 -136.233612
v -65.537361 -102.856430 -131.453323
v -65.690575 -96.091965 -132.795959
v -63.134140 -80.543152 -135.512955
v -63.441368 -85.345757 -133.292496
v -60.028931 -90.259628 -45.567501
v -60.539547 -86.719810 -40.838470
v -53.302856 -90.951378 -44.769978
v -53.456078 -89.256493 -42.448135
v -69.495949 -85.556908 3.659371
v -67.769119 -81.791298 3.685705
v -66.250366 -76.995918 4.356940
v -68.197067 -83.151787 3.893988
v -59.842094 -76.534554 -29.608850
v -60.015636 -79.679497 -32.846439
v -52.428459 -77.241531 -27.644583
v -52.314667 -75.290718 -25.959702
v -59.924236 -71.630867 -25.859148
v -54.781296 -84.987755 -37.979134
v -54.438995 -80.704285 -32.595070
v -35.777412 -84.101974 -33.697083
v -36.185745 -82.921532 -31.707350
v -48.998077 -78.668274 -27.965246
v -35.968803 -85.722389 -35.552666
v -44.606895 -85.401810 -36.813736
v -49.536922 -85.211487 -37.409542
v -36.164898 -82.600723 -27.207642
v -35.441662 -89.968079 -37.410847
v -32.514294 -86.352394 -27.443346
v -31.412428 -90.026398 -32.172901
v -48.278389 -90.003082 -41.872360
v -42.640884 -91.199272 -41.300205
v -38.258209 -90.998489 -39.496174
v -63.766460 -68.637825 4.328505
v -62.865391 -65.149773 -132.287277
v -66.360023 -68.162697 -129.350067
v -65.121796 -68.661331 -24.468178
v -65.883476 -63.458118 4.238690
v -56.329578 -68.449387 -131.558914
v -63.657738 -63.297165 -128.509827
v -65.406731 -66.609718 -23.409660
v -60.256271 -64.015343 -21.806267
v -64.476669 -65.072296 4.282447
v -60.206882 -52.119366 -124.721443
v -55.485191 -65.394844 -110.305428
v -61.670654 -60.878197 -20.082981
v -61.545986 -49.122028 -126.261765
v -63.791775 -49.448616 -122.655289
v -66.241714 -35.621727 -114.237068
v -38.256538 -57.981667 -104.253822
v -65.114380 -27.533304 -110.546463
v -65.358025 -27.432468 -110.975838
v -49.629761 -13.352192 -61.452980
v -52.599869 -10.045088 -58.958931
v -54.265285 -0.900723 -42.471973
v -63.977242 -127.330231 -127.665855
v -61.722858 -131.047882 -126.987724
v -57.087517 -136.662186 -127.170303
v -55.423950 -132.202393 -131.111313
v -60.582142 -125.406380 -120.550766
v -56.861988 -137.092422 -125.336685
v -59.791332 -133.150284 -125.422531
v -64.008568 -126.262817 -127.370224
v -63.154541 -122.594833 -126.505402
v -62.949024 -124.957642 -126.282585
v -61.821018 -118.650757 -123.767715
v -53.360428 -116.466492 -136.015900
v -61.244228 -111.838486 -121.347122
v -61.509266 -118.413330 -122.108368
v -61.231911 -117.249100 -120.980225
v -60.441986 -108.064316 -121.783951
v -59.021744 -106.434998 -120.677078
v -60.036201 -102.302467 -132.063660
v -38.632401 -104.803261 -66.936829
v -57.959316 -85.901314 -136.801666
v -61.407490 -100.101532 -105.119858
v -54.828918 -95.740128 -54.224838
v -50.003525 -99.928802 -59.995792
v -56.801697 -79.559662 -133.908279
v -64.186180 -69.691032 4.506593
v -64.464577 -65.494400 4.391033
v -52.139912 -60.910110 -107.846367
v -59.651772 -55.557728 -16.169405
v -54.536747 -60.305367 -19.328056
v -57.854809 -34.109806 -118.035271
v -60.386665 -35.664532 -115.596886
v -57.065983 -28.028334 -112.891617
v -52.468437 -28.308710 -113.670853
v -54.552227 -4.202923 -51.811737
v -48.828709 -6.334426 -54.752178
v -38.671349 -2.738532 -47.800385
v -38.792995 -1.359635 -42.951778
v -53.617973 -143.682312 -125.246819
v -52.782196 -143.207443 -123.115959
v -54.261574 -138.681778 -123.134117
v -53.579712 -131.704605 -120.598236
v -50.360825 -139.809433 -122.488670
v -55.027786 -132.021271 -118.183113
v -53.263596 -134.637344 -115.488449
v -49.891636 -134.832748 -112.455055
v -59.821953 -126.176407 -117.679710
v -57.850571 -129.668152 -116.801880
v -57.292793 -131.560150 -108.370186
v -58.036953 -129.294678 -106.161148
v -57.750984 -131.093262 -109.796120
v -56.090588 -132.769455 -112.432434
v -57.623863 -130.463898 -106.701477
v -57.067276 -128.192352 -103.431137
v -59.746754 -124.489014 -111.701630
v -51.995041 -135.069489 -106.320198
v -55.127541 -132.340500 -104.751381
v -53.854160 -134.212234 -112.258698
v -55.131126 -129.616287 -102.058258
v -61.316032 -122.208061 -122.358910
v -59.929157 -125.192558 -116.044937
v -58.687923 -122.319450 -107.636307
v -60.650036 -121.348053 -116.180969
v -57.429466 -123.327583 -104.611015
v -53.923431 -127.559265 -100.532402
v -54.814568 -126.992607 -101.037483
v -60.505772 -117.533447 -117.203926
v -59.675014 -117.508850 -112.758720
v -58.328014 -117.958359 -108.338638
v -55.885757 -118.027504 -104.926918
v -60.061672 -110.729294 -117.623016
v -58.951454 -113.061600 -112.100723
v -57.205620 -112.590378 -108.207016
v -53.599987 -98.448448 -137.810379
v -58.710571 -107.873146 -114.046417
v -58.101479 -106.419426 -111.901474
v -57.649380 -107.804451 -108.798798
v -56.379910 -108.367867 -106.546051
v -53.074238 -113.116211 -104.422928
v -55.049461 -111.436470 -105.708519
v -57.957306 -104.946373 -116.947189
v -57.484940 -102.199173 -113.097641
v -39.005657 -102.386360 -61.873749
v -53.302731 -104.084091 -132.153870
v -57.477531 -103.899582 -131.478226
v -45.980659 -100.601990 -134.881989
v -53.238766 -95.780640 -135.119431
v -56.013218 -105.587181 -128.559555
v -54.936008 -105.555695 -127.572395
v -58.834858 -103.244446 -131.648605
v -55.148987 -104.808800 -120.959511
v -54.633736 -102.441071 -115.705780
v -55.771477 -100.253822 -112.908188
v -54.745064 -93.585510 -110.434113
v -54.834545 -105.458672 -99.376053
v -52.488308 -85.228615 -135.223282
v -51.581470 -92.583725 -47.038048
v -48.385525 -94.162857 -48.948803
v -50.369457 -96.452972 -54.243206
v -49.390091 -98.198929 -56.944019
v -49.008270 -80.529129 -137.458115
v -53.986176 -64.926842 -133.612549
v -54.549873 -62.940918 -130.122726
v -54.692768 -68.710587 -23.676249
v -51.838055 -49.280582 -127.791862
v -54.761719 -63.988949 -21.496548
v -49.389748 -66.685043 -22.528479
v -49.006611 -59.927654 -18.955038
v -49.407669 -68.965363 -23.251326
v -49.594406 -56.684494 -16.527729
v -47.628338 -46.838188 -123.846443
v -47.992008 -34.407478 -119.437103
v -54.021183 -35.427826 -116.528709
v -52.654785 -28.544115 -113.386787
v -38.746429 -17.937962 -64.050552
v -38.678459 -4.712708 -51.951740
v -50.701672 -148.436478 -122.449379
v -48.757782 -153.441360 -121.061943
v -51.131958 -141.543869 -120.367401
v -47.726524 -156.317612 -119.076096
v -48.842129 -149.778351 -121.637917
v -50.034676 -143.075592 -122.527260
v -44.020267 -132.520218 -132.648666
v -51.412846 -135.288834 -105.941589
v -52.844830 -133.817337 -104.284325
v -49.475437 -133.032150 -101.767845
v -51.147678 -135.138489 -105.842331
v -50.573841 -133.182770 -101.938858
v -51.630108 -129.432922 -126.162468
v -52.153873 -130.094727 -122.615242
v -51.750443 -129.980469 -125.875076
v -48.487270 -129.113724 -126.678162
v -49.893448 -131.131088 -121.543427
v -47.313942 -129.957458 -126.347839
v -49.326748 -129.521317 -122.964554
v -52.944653 -126.334923 -100.143913
v -49.799633 -126.149742 -99.377632
v -53.134521 -119.441635 -102.436195
v -49.638615 -119.516121 -101.431290
v -49.818405 -113.020126 -103.558502
v -49.577682 -105.596222 -98.837448
v -49.365559 -106.358528 -126.478539
v -37.909447 -105.544006 -88.619339
v -38.686382 -103.980537 -65.103096
v -48.169228 -100.894295 -114.580391
v -39.864922 -103.766785 -117.466011
v -54.062847 -100.642883 -114.569893
v -38.969101 -89.220505 -110.390350
v -44.245892 -93.276497 -110.496536
v -48.159004 -91.717758 -44.131756
v -45.009861 -79.435417 -135.298752
v -37.596432 -84.232521 -110.725121
v -38.605434 -87.413300 -110.613861
v -38.041782 -74.470970 -111.654900
v -42.879414 -68.133965 -132.939148
v -45.675579 -77.993050 -23.619993
v -48.468987 -75.668083 -24.373966
v -44.163471 -64.848267 -134.539886
v -38.580299 -65.657333 -109.492065
v -44.212399 -51.403976 -126.412643
v -38.358746 -49.999912 -11.021083
v -39.383846 -50.141521 -93.833473
v -44.277081 -35.644714 -117.721191
v -38.072159 -37.047325 -5.248187
v -38.376465 -32.565414 -4.674775
v -47.714062 -28.615793 -114.378975
v -38.246498 -8.097387 -15.658472
v -46.944138 -158.753021 -118.372543
v -43.046246 -148.356827 -125.633438
v -44.907322 -161.922607 -116.343742
v -43.465214 -164.052658 -114.600906
v -46.520973 -145.812378 -122.270668
v -43.707504 -148.495621 -121.907501
v -45.756207 -139.719986 -122.922844
v -46.519238 -134.749207 -115.515396
v -43.663467 -133.628021 -108.502045
v -49.200386 -133.153748 -101.992577
v -44.787445 -134.248535 -112.517723
v -45.611668 -131.768723 -120.569130
v -45.338570 -128.926804 -122.517792
v -43.946709 -116.381363 -136.857666
v -45.690193 -126.516182 -99.839226
v -47.993263 -131.985718 -101.569290
v -45.912857 -113.016914 -104.240471
v -40.000664 -118.264099 -103.784973
v -44.590935 -98.262146 -138.704926
v -44.358257 -105.163948 -99.046661
v -43.263412 -107.072304 -126.086113
v -44.280285 -104.565071 -132.967010
v -37.343201 -106.318390 -84.789009
v -37.989681 -104.378510 -93.839363
v -43.841164 -95.563232 -135.919815
v -44.144505 -101.339455 -114.284340
v -39.629734 -104.964050 -121.918770
v -44.092014 -100.701050 -59.940514
v -41.819195 -97.978546 -53.086647
v -42.169109 -84.893456 -135.954880
v -42.963692 -92.655098 -43.258720
v -43.924191 -95.260391 -49.255623
v -37.096546 -94.014778 -41.643551
v -37.962307 -92.353371 -40.503105
v -38.006462 -79.242516 -111.474648
v -36.162018 -82.966164 -20.298475
v -39.024536 -81.818214 -24.289490
v -38.228252 -81.141495 -20.696989
v -37.423931 -80.527069 -20.351086
v -31.652325 -87.268661 -17.476072
v -36.301968 -82.411880 -19.272367
v -34.886398 -84.684341 -22.675940
v -29.504337 -90.057732 -22.141369
v -29.965256 -89.960892 -26.984045
v -38.739544 -75.334991 -22.518112
v -43.208504 -62.438198 -131.092590
v -47.886654 -69.508919 -46.962627
v -47.943916 -70.483040 -43.795231
v -47.808090 -70.838531 -46.731686
v -34.740921 -73.233681 -44.139408
v -39.800671 -72.112762 -47.859638
v -47.707973 -68.149963 -41.261024
v -44.739319 -68.531670 -40.912571
v -47.830727 -65.682022 -42.806633
v -47.517723 -66.094368 -41.359425
v -47.522552 -65.709015 -44.588337
v -43.603855 -65.610741 -40.966560
v -40.069023 -64.253448 -43.199184
v -39.059437 -68.878304 -23.308357
v -37.772785 -70.352341 -110.992462
v -39.378357 -66.518738 -22.881844
v -38.868076 -59.492905 -19.218582
v -35.066990 -62.042377 -22.615110
v -35.547146 -58.874477 -19.663795
v -37.996277 -69.047760 -23.472881
v -39.973553 -49.264957 -128.933716
v -39.000866 -53.943905 -14.080141
v -47.059917 -39.764141 -70.093613
v -39.047825 -37.011677 -68.101814
v -39.092556 -32.440918 -67.475281
v -37.050957 -29.436392 -115.865990
v -38.209137 -22.837551 -6.052205
v -38.334743 -7.825047 -56.431847
v -38.664116 -0.522818 -35.446968
v -39.968933 -168.263474 -111.955681
v -43.422710 -162.805771 -116.186012
v -36.115612 -171.243423 -108.655479
v -37.334797 -163.832489 -116.579018
v -34.167454 -164.657227 -111.839592
v -34.287220 -160.771027 -114.490028
v -45.051384 -132.894257 -118.259064
v -40.329872 -131.090332 -120.133392
v -39.793354 -132.188354 -117.582710
v -39.819630 -126.878342 -122.123703
v -39.923923 -127.245682 -128.185928
v -34.719231 -132.185013 -126.949921
v -39.259918 -133.540054 -114.079819
v -31.562281 -132.573349 -109.318275
v -39.272205 -132.070587 -106.095932
v -43.277420 -132.737244 -105.693184
v -46.516235 -132.083572 -102.069885
v -32.964432 -133.379578 -112.853432
v -39.311520 -129.525925 -102.918022
v -39.250996 -126.579956 -101.091942
v -39.890675 -123.859940 -101.026489
v -39.582096 -117.485085 -104.431671
v -43.661579 -111.218544 -105.476860
v -35.708549 -100.409798 -139.112991
v -39.897858 -107.573387 -126.121902
v -33.591370 -101.984634 -127.120865
v -39.410709 -101.045830 -134.528259
v -39.366596 -106.167549 -133.280746
v -41.857239 -108.033928 -106.455032
v -40.172813 -107.076286 -108.303642
v -40.736687 -111.901871 -107.120674
v -39.438026 -103.170227 -99.493340
v -38.342842 -107.142387 -79.678635
v -37.776749 -107.009117 -75.103951
v -38.288921 -106.216911 -70.937363
v -32.854153 -95.809334 -139.369965
v -43.237740 -100.456696 -113.368797
v -40.738068 -102.054314 -112.979584
v -39.804405 -101.249725 -59.319515
v -38.991928 -99.900497 -54.603745
v -39.348537 -93.793518 -108.958061
v -35.240437 -99.406982 -50.762924
v -35.769947 -97.878647 -48.532375
v -34.450729 -103.151360 -56.647102
v -37.427944 -101.149040 -55.760353
v -35.047058 -96.375664 -43.674946
v -31.426647 -101.197174 -43.298538
v -33.740753 -105.035286 -58.284042
v -30.266848 -111.333244 -59.036919
v -29.872711 -111.002609 -53.941181
v -36.210114 -80.712715 -138.290268
v -34.514111 -64.839035 -134.848953
v -40.003601 -69.881897 -49.555725
v -33.389469 -80.691612 -18.384182
v -33.324242 -74.741623 -22.562881
v -32.810574 -83.479187 -17.104887
v -25.714161 -77.907074 -17.271009
v -32.167381 -73.151909 -24.519901
v -25.733000 -81.422173 -14.063205
v -27.484818 -79.817017 -15.992784
v -31.551666 -85.675041 -16.179817
v -30.001204 -87.263885 -15.324244
v -25.888155 -85.102821 -12.510219
v -39.923309 -64.661118 -46.083099
v -29.349581 -69.095413 -39.277737
v -34.177155 -75.074341 -46.750355
v -33.381859 -76.883553 -48.949345
v -31.854048 -76.565720 -53.472118
v -38.070446 -69.939735 -50.815357
v -32.764507 -74.100624 -53.876724
v -29.005281 -71.285545 -41.556858
v -24.641676 -75.878922 -47.561390
v -24.997442 -78.302811 -50.010376
v -27.979872 -77.555161 -53.856842
v -23.901215 -71.836197 -41.766552
v -26.111290 -75.063240 -56.259918
v -23.466040 -80.858429 -52.351170
v -19.610083 -69.925293 -51.126453
v -25.100605 -69.525589 -38.185207
v -17.744923 -68.805542 -38.090069
v -18.784918 -70.094650 -41.227131
v -30.214378 -63.327385 -38.351997
v -23.646885 -67.809219 -34.965374
v -34.822437 -64.021774 -39.841774
v -39.767975 -65.183838 -40.613224
v -38.113758 -61.713558 -107.086029
v -38.270397 -53.781311 -99.588570
v -38.349800 -46.598866 -8.841757
v -38.235420 -41.986942 -6.643427
v -35.484707 -34.442036 -120.296661
v -38.618549 -48.770538 -89.209938
v -38.369411 -47.797886 -85.043083
v -39.723690 -46.678112 -79.997581
v -37.854984 -46.324139 -75.314049
v -38.832279 -41.123974 -69.007782
v -38.931602 -27.571390 -66.840729
v -38.268341 -27.965593 -4.920055
v -39.321598 -29.335772 -114.948166
v -38.744823 -22.920689 -65.866486
v -38.254269 -17.812344 -8.150660
v -38.250484 -12.062225 -60.458736
v -37.282860 -14.023001 -10.433667
v -38.361385 -4.012956 -21.837051
v -38.419868 -1.584573 -28.297428
v -32.107010 -173.262955 -107.497490
v -32.979862 -171.608505 -106.843262
v -31.761463 -173.121658 -106.025665
v -33.386253 -169.622177 -108.023140
v -34.383919 -154.343552 -117.967102
v -33.826332 -148.135208 -121.626945
v -33.873875 -143.316025 -123.582458
v -30.487993 -132.203552 -133.310242
v -34.688183 -138.514236 -124.923187
v -33.673241 -130.598679 -119.853172
v -32.766556 -115.695976 -137.502655
v -34.987503 -127.133919 -128.902969
v -29.889957 -131.428543 -116.706146
v -32.878548 -133.213455 -114.038010
v -34.601036 -126.720390 -102.011009
v -38.636490 -121.416603 -123.673096
v -37.691902 -123.177376 -129.366287
v -34.607517 -122.017914 -130.523865
v -34.609665 -126.782372 -121.352097
v -32.830132 -120.582832 -122.517487
v -33.368401 -125.828735 -102.248383
v -37.680634 -117.230789 -124.761520
v -32.678448 -116.468422 -123.790237
v -37.640614 -115.562668 -126.548088
v -33.377304 -114.893135 -125.714043
v -37.344032 -113.342278 -125.729462
v -33.866924 -113.140297 -125.880508
v -38.854584 -110.495941 -126.696404
v -36.229710 -114.412117 -131.666397
v -32.831665 -123.295868 -103.398132
v -38.749523 -116.897392 -105.236366
v -37.277828 -110.699036 -132.290482
v -34.107960 -111.426491 -132.216766
v -34.121338 -116.339096 -131.676788
v -34.393532 -106.638908 -127.303902
v -33.393444 -110.818436 -126.884178
v -35.709785 -106.905663 -132.380402
v -38.532269 -110.387215 -109.763496
v -37.791046 -113.734993 -108.383781
v -33.616154 -111.994110 -112.373947
v -34.589138 -118.229477 -106.531868
v -34.534859 -114.721367 -109.674927
v -39.532883 -105.955605 -111.511124
v -33.130070 -107.982216 -115.212456
v -39.137550 -105.766563 -123.625595
v -35.096191 -104.554253 -124.668327
v -34.137455 -101.686043 -130.376892
v -37.716179 -99.844063 -105.699295
v -37.250629 -99.122780 -104.901253
v -38.158810 -102.217239 -99.847664
v -37.496693 -106.510895 -108.927597
v -38.403515 -104.983704 -115.560577
v -37.204109 -103.724014 -94.707581
v -35.961555 -107.656319 -79.884865
v -35.897152 -107.865135 -75.293770
v -30.978613 -112.269547 -68.814842
v -30.713476 -111.684448 -64.073387
v -37.578636 -104.757484 -64.929916
v -33.488033 -95.097687 -134.156235
v -33.407852 -101.495766 -123.179375
v -32.726952 -102.125778 -119.980003
v -33.830414 -105.504059 -116.733131
v -38.180099 -94.076172 -108.188446
v -37.730923 -101.009590 -112.248924
v -33.362675 -90.124855 -134.990936
v -37.305542 -88.244843 -110.444221
v -32.331936 -96.671440 -39.520901
v -31.752172 -93.954193 -37.301697
v -27.753328 -102.646088 -34.855885
v -28.053406 -94.305473 -34.824574
v -28.157513 -91.408768 -23.952709
v -29.926224 -106.039291 -43.251476
v -29.340544 -106.074913 -38.009800
v -33.969791 -81.074364 -134.707962
v -30.700705 -94.706177 -121.009727
v -28.717728 -95.299599 -17.091333
v -27.359018 -90.174019 -13.531871
v -27.442398 -95.377129 -13.742393
v -28.815603 -95.208847 -21.235502
v -33.819313 -74.270294 -133.678070
v -33.845776 -69.252304 -132.431717
v -34.011467 -62.703205 -130.441513
v -35.051277 -62.786255 -47.600693
v -29.798716 -54.983356 -131.796875
v -33.870987 -57.909653 -128.857224
v -37.232456 -65.328568 -109.019020
v -35.096573 -63.014397 -43.399914
v -34.046379 -53.079720 -126.952354
v -35.077564 -54.363369 -15.143730
v -33.854568 -46.274239 -123.912689
v -35.170818 -49.515568 -11.306278
v -38.055965 -50.926952 -94.541771
v -34.552071 -40.423782 -6.978480
v -31.017740 -36.241863 -118.699883
v -35.777508 -41.875870 -68.082756
v -34.472832 -33.823189 -66.696014
v -35.520966 -36.771969 -5.822425
v -35.552792 -32.504974 -5.424451
v -31.888706 -29.854839 -115.712860
v -34.513451 -27.836525 -66.056297
v -35.521416 -27.759857 -5.662408
v -20.710678 -30.222689 -116.949997
v -30.230158 -29.697060 -115.973892
v -35.831394 -23.119761 -65.462654
v -35.008701 -24.060402 -6.543932
v -34.927456 -19.246511 -63.996220
v -33.887669 -18.336296 -9.161217
v -35.483124 -13.773696 -61.258846
v -33.456802 -10.877834 -58.671925
v -35.144066 -9.496271 -14.721773
v -33.630192 -12.515007 -12.574161
v -33.599876 -8.766075 -56.748611
v -34.446419 -6.916314 -54.714466
v -33.908237 -5.579336 -19.788052
v -33.356174 -7.348018 -17.330326
v -34.548061 -4.562751 -51.084713
v -34.902798 -1.843467 -41.437801
v -33.887531 -2.655423 -28.183729
v -35.465965 -1.229072 -37.790680
v -34.395405 -1.707368 -34.156319
v -28.364763 -174.351120 -103.604095
v -28.537855 -174.493805 -105.688110
v -29.679209 -168.527390 -113.028015
v -26.952024 -169.269409 -101.078110
v -22.813995 -163.694168 -117.143677
v -27.920164 -164.312683 -105.803200
v -30.636520 -168.549591 -106.038902
v -31.141556 -160.753784 -112.107323
v -31.024021 -163.146088 -110.391388
v -26.744963 -153.197052 -111.090279
v -28.065460 -148.385895 -126.438667
v -25.184978 -146.286865 -117.534935
v -31.491911 -153.265839 -116.902176
v -29.013363 -144.135986 -122.653343
v -24.965723 -146.292603 -121.280785
v -25.766842 -135.764755 -123.295944
v -33.779404 -136.614517 -125.461464
v -25.804165 -115.654015 -137.649094
v -28.806007 -133.327454 -126.260567
v -28.714466 -135.195099 -125.579887
v -28.227623 -125.933922 -125.760666
v -24.556669 -137.967758 -114.315125
v -25.719904 -137.776474 -119.422958
v -32.970146 -126.390129 -102.661247
v -30.283699 -130.237946 -108.117722
v -28.427347 -121.220253 -127.142952
v -27.830524 -127.747803 -124.154259
v -25.896187 -133.925262 -124.179634
v -26.641823 -121.441864 -123.120056
v -34.161316 -120.816376 -130.779205
v -30.642096 -115.982361 -122.848053
v -32.604355 -120.623131 -105.106476
v -30.935356 -116.348061 -131.220673
v -31.065180 -119.664726 -130.389343
v -31.120937 -113.142731 -131.301758
v -33.511879 -114.468948 -111.067253
v -32.203777 -119.009087 -109.182549
v -32.624302 -114.942238 -111.821808
v -26.731087 -112.179741 -127.229355
v -21.709305 -100.422920 -139.531082
v -31.505442 -101.915535 -120.000801
v -32.467316 -104.146385 -90.396759
v -29.267019 -103.891029 -90.381599
v -35.578163 -106.308868 -84.589180
v -29.379745 -105.966179 -84.919342
v -32.743202 -100.868431 -96.516792
v -28.067924 -100.114998 -95.407852
v -30.111420 -103.712463 -91.015900
v -29.051611 -107.847443 -80.920395
v -35.245182 -107.783897 -76.200356
v -29.036816 -108.147194 -78.225410
v -28.591814 -117.096550 -75.777313
v -28.575809 -109.383209 -78.215492
v -28.478706 -123.190742 -71.823769
v -30.528034 -96.919403 -126.694656
v -31.095587 -97.549500 -120.726906
v -25.543482 -94.206718 -118.515182
v -36.966427 -100.503075 -101.622025
v -32.536709 -96.362228 -102.041985
v -28.407516 -95.117470 -100.704170
v -27.793175 -97.557281 -98.225700
v -36.980106 -95.650932 -106.440605
v -26.495953 -89.588875 -132.581787
v -27.742262 -94.197952 -128.331772
v -26.531099 -92.615768 -132.549408
v -32.633732 -89.437141 -106.690132
v -27.737459 -89.594536 -105.372421
v -27.585516 -92.605843 -102.849167
v -23.772408 -81.843895 -138.661224
v -27.954197 -84.901955 -132.084183
v -32.672749 -86.933022 -107.906174
v -29.199778 -86.582779 -107.813118
v -36.807861 -84.844063 -110.641624
v -28.597145 -79.854813 -131.514191
v -36.749912 -79.577217 -111.531982
v -27.523581 -79.647720 -113.211037
v -27.357143 -84.312950 -112.097023
v -27.197666 -104.350464 -24.523565
v -29.158642 -74.818939 -131.169388
v -36.678787 -74.486786 -111.737320
v -27.099018 -75.557831 -113.341530
v -25.062239 -69.523270 -135.711563
v -30.340265 -70.669807 -131.115112
v -36.967983 -69.611977 -110.711975
v -25.996214 -73.083923 -114.370041
v -27.362116 -74.750252 -56.004799
v -36.436504 -69.205765 -52.443867
v -28.405113 -69.810013 -55.827053
v -25.000992 -64.788422 -134.530716
v -28.233517 -69.073647 -128.561386
v -30.752357 -66.718567 -106.874199
v -34.865494 -64.722145 -53.201698
v -28.794188 -65.018707 -56.550434
v -32.241112 -70.673508 -25.472137
v -24.486115 -55.641537 -132.141647
v -27.974710 -64.152092 -127.621994
v -27.529968 -58.760567 -126.885452
v -37.320976 -59.591763 -105.292702
v -33.122826 -64.662773 -106.481705
v -29.575369 -66.266457 -105.578217
v -30.515423 -60.890999 -48.654831
v -30.800829 -61.913963 -43.512291
v -31.935213 -60.952602 -55.066299
v -31.992025 -63.213448 -56.705784
v -29.312983 -59.196995 -54.789661
v -32.464584 -63.363956 -25.168726
v -29.567520 -62.885983 -27.971176
v -30.028076 -59.693829 -23.866205
v -29.468416 -57.888832 -20.237427
v -29.233410 -54.171360 -126.300728
v -28.644287 -62.814445 -101.716957
v -37.326469 -54.586254 -100.133118
v -32.999802 -58.368004 -101.090157
v -28.880632 -60.593472 -99.819817
v -32.696510 -61.429501 -56.911037
v -27.783968 -60.588718 -58.458183
v -27.552141 -63.320004 -57.005241
v -29.741354 -56.223011 -18.277721
v -30.047300 -53.851982 -15.901323
v -26.175331 -49.067589 -129.449631
v -26.268166 -52.229263 -124.763535
v -28.860188 -58.433304 -97.467667
v -33.059208 -53.778786 -94.894760
v -28.618252 -56.286518 -94.334259
v -30.284649 -52.236843 -14.574051
v -29.260075 -43.669548 -126.593880
v -26.316204 -46.961838 -123.121368
v -29.097731 -42.489922 -121.741524
v -37.345276 -49.477436 -90.117188
v -32.881706 -52.270527 -91.791199
v -28.144787 -53.077560 -88.752663
v -36.536011 -48.348042 -85.035873
v -26.670027 -51.544086 -84.475281
v -34.173893 -47.696114 -70.217827
v -31.530693 -49.128643 -66.461060
v -31.677147 -51.248524 -68.522522
v -32.226681 -51.245045 -66.941795
v -26.355419 -48.208408 -71.352020
v -27.739725 -52.782478 -66.167114
v -28.695049 -51.468433 -68.462440
v -29.353209 -48.545094 -64.885620
v -35.984543 -47.284031 -74.683517
v -30.403732 -42.771965 -65.982613
v -31.190783 -40.904861 -9.048483
v -30.841858 -44.879036 -11.070653
v -26.762314 -40.712543 -120.849083
v -36.277107 -47.540188 -79.862343
v -25.741911 -49.356937 -78.520287
v -25.987579 -48.525520 -74.095375
v -31.125757 -37.961609 -65.825760
v -31.532652 -33.034512 -65.398651
v -31.499741 -36.503147 -8.203978
v -31.602383 -32.249435 -7.942368
v -31.571032 -28.174492 -64.729660
v -31.507286 -28.081379 -8.093169
v -31.320230 -23.608341 -63.793983
v -31.205875 -23.530016 -8.714702
v -30.768879 -18.256622 -62.187374
v -30.643528 -19.488190 -10.313906
v -30.585724 -14.466133 -59.964909
v -30.232100 -17.210981 -11.883623
v -29.611750 -10.331438 -14.997557
v -29.814121 -11.682388 -14.144258
v -29.598013 -9.006634 -56.179798
v -28.720074 -6.226109 -19.509789
v -29.135141 -7.894699 -17.369572
v -28.886385 -5.079226 -51.316109
v -30.349262 -4.701842 -47.284939
v -31.044228 -3.661002 -42.131882
v -30.434540 -4.640091 -25.605242
v -31.178562 -3.401162 -33.006882
v -27.938293 -180.774002 -56.880482
v -27.129072 -181.935410 -52.357246
v -26.689762 -182.797134 -45.346741
v -25.372225 -184.066010 -46.016327
v -26.999710 -182.214355 -34.191978
v -27.706556 -181.055206 -28.924473
v -19.127895 -183.688004 -53.053860
v -28.095400 -179.439468 -25.245007
v -28.495474 -177.827682 -62.824600
v -28.136475 -179.241943 -60.287411
v -28.426876 -176.138153 -20.351578
v -28.635490 -175.635803 -66.022278
v -28.828789 -169.509933 -54.923752
v -28.178991 -170.902145 -70.213272
v -28.766706 -173.059555 -43.159725
v -28.777422 -172.072510 -49.343094
v -28.152002 -173.938110 -68.534592
v -28.833158 -162.543472 -61.344120
v -27.982616 -163.479477 -72.990120
v -27.778852 -167.985992 -72.298149
v -28.386799 -161.217010 -69.745499
v -28.014030 -160.589905 -72.212029
v -28.220787 -153.796326 -63.616787
v -28.287184 -153.346191 -66.818825
v -27.860680 -153.108994 -70.168839
v -28.194996 -146.876862 -63.040478
v -28.212477 -147.837357 -66.899918
v -27.978079 -143.613373 -72.210770
v -27.865107 -148.553345 -70.217590
v -28.317059 -141.505997 -60.889027
v -28.104992 -139.204269 -73.110138
v -27.726381 -141.921371 -73.618301
v -26.852152 -148.203018 -74.511024
v -27.924849 -138.074127 -73.716896
v -28.423613 -135.045349 -55.284359
v -28.429003 -134.194168 -70.767891
v -27.370016 -132.113373 -74.996376
v -28.972759 -121.268333 -57.311382
v -28.778952 -130.875977 -43.414650
v -27.504772 -127.023689 -75.068771
v -29.833509 -124.723938 -23.091682
v -29.735888 -114.305389 -29.038637
v -28.682121 -114.523323 -16.986565
v -28.782463 -132.058899 -36.147396
v -27.185745 -120.239601 -13.665563
v -27.619354 -122.989204 -15.002272
v -29.050400 -137.265396 -26.918720
v -27.951954 -134.153458 -14.724775
v -28.902147 -134.793503 -30.714531
v -29.001881 -141.229126 -24.661787
v -27.600863 -138.235336 -12.856817
v -28.925823 -142.863678 -16.706678
v -27.552311 -143.557816 -11.825228
v -25.826553 -131.978241 -12.266309
v -30.120689 -150.564178 -14.827219
v -29.887047 -152.063812 -13.498861
v -29.042393 -146.981583 -22.251383
v -29.207071 -147.957275 -21.530373
v -29.089298 -153.862595 -21.999725
v -30.131968 -152.657776 -15.340109
v -29.184538 -158.711502 -21.554634
v -29.044712 -160.136093 -23.204439
v -29.051558 -158.357376 -12.269032
v -28.540958 -161.733688 -12.052928
v -28.531704 -157.589981 -11.121720
v -28.491417 -153.221390 -10.515488
v -28.880024 -164.975922 -26.063965
v -28.368710 -165.984879 -13.655830
v -28.859030 -170.641724 -32.304161
v -28.051615 -170.906036 -16.426891
v -27.879128 -173.546127 -18.101343
v -27.570086 -178.311295 -23.049322
v -25.218227 -183.577316 -39.135582
v -28.657427 -132.117020 -37.974197
v -28.667852 -131.188324 -43.194832
v -28.387674 -133.673462 -49.711971
v -25.983356 -142.323669 -54.164280
v -28.322325 -135.294128 -55.072407
v -26.397198 -137.532181 -48.520214
v -28.217285 -141.817642 -60.636944
v -26.399000 -148.124832 -58.498932
v -26.549276 -153.532242 -59.062965
v -28.347466 -160.599899 -60.613956
v -26.765259 -164.013977 -54.214809
v -28.403070 -162.840073 -59.525024
v -28.700249 -171.706085 -49.354408
v -28.743025 -169.590347 -53.947372
v -26.731174 -168.319946 -43.124275
v -28.683374 -171.232697 -37.129959
v -28.716602 -170.151291 -32.484459
v -26.888103 -164.282043 -32.454369
v -26.851555 -158.449005 -27.964228
v -28.772909 -164.813049 -26.415857
v -26.791220 -153.299118 -27.020031
v -26.868048 -148.029251 -27.255657
v -28.880127 -141.588272 -24.894812
v -25.666952 -142.262039 -32.195259
v -28.763577 -134.995056 -31.113459
v -26.406816 -137.200577 -37.953281
v -22.928843 -183.636932 -33.070538
v -24.097618 -176.425629 -101.552483
v -23.924133 -175.206589 -104.874527
v -24.830879 -172.193878 -109.370705
v -16.104570 -174.611984 -106.135422
v -22.270920 -176.184311 -96.014343
v -24.034843 -174.859650 -96.844536
v -24.856249 -173.163239 -96.747223
v -24.859055 -169.593597 -96.469917
v -5.516492 -176.141449 -66.054245
v -24.475843 -172.810898 -75.648689
v -24.300432 -167.704025 -113.860214
v -25.901321 -165.550766 -101.889290
v -24.312067 -165.540009 -99.331581
v -23.935522 -173.581573 -80.426216
v -22.027359 -176.080688 -91.092232
v -22.699661 -175.361313 -91.153961
v -18.745859 -177.845932 -91.005043
v -5.468972 -175.330093 -76.187698
v -25.291090 -169.186462 -80.247620
v -24.982040 -163.023056 -51.492252
v -25.041988 -165.789200 -43.692257
v -25.715878 -164.908798 -37.627823
v -26.267454 -159.221481 -106.625000
v -25.543232 -164.279800 -79.965424
v -24.820019 -156.678101 -55.544426
v -25.259056 -159.678299 -30.954571
v -24.971329 -154.285675 -107.622040
v -26.904671 -153.314423 -74.095306
v -25.619766 -157.244232 -78.238312
v -24.839256 -153.494293 -56.464409
v -25.513430 -148.334656 -113.991867
v -24.334415 -149.524292 -108.814644
v -24.989302 -147.175491 -56.179852
v -24.965199 -153.695160 -29.662819
v -27.851284 -148.761459 -10.916264
v -24.259623 -145.060059 -9.537532
v -24.035999 -144.179382 -111.319321
v -24.629658 -142.585968 -113.219513
v -24.981089 -144.525238 -118.397758
v -23.240627 -145.498337 -121.485519
v -24.994509 -147.100845 -30.475510
v -25.538300 -146.420807 -78.175201
v -25.294416 -154.048477 -78.382164
v -25.279585 -142.307373 -79.587196
v -25.155638 -139.152496 -10.718397
v -23.937178 -138.844025 -9.943505
v -16.382090 -132.746155 -133.188873
v -25.707369 -137.333572 -79.465782
v -24.712194 -140.700714 -49.847561
v -24.824579 -140.204010 -36.712376
v -24.660151 -143.593124 -32.675003
v -23.975161 -131.920822 -11.756559
v -23.993126 -136.889603 -10.486165
v -23.308935 -124.552979 -135.609451
v -28.922316 -131.078262 -111.632706
v -22.642881 -133.463379 -114.374855
v -19.372250 -139.289124 -105.483009
v -22.345221 -136.962234 -112.927261
v -18.220060 -131.093735 -105.458397
v -27.818836 -126.838547 -106.654152
v -18.874123 -127.051941 -105.572441
v -26.749884 -127.002556 -112.024651
v -20.254103 -127.846657 -112.228485
v -25.983068 -137.011078 -43.308380
v -24.729885 -138.677765 -43.522446
v -25.840200 -126.702957 -12.299743
v -7.233000 -79.589546 -14.670879
v -27.767731 -127.053711 -115.917076
v -22.690908 -128.471329 -115.818329
v -22.743799 -131.750778 -115.108803
v -28.569120 -123.043777 -111.554344
v -19.752010 -122.888664 -111.519783
v -28.036585 -122.447540 -116.844177
v -20.223776 -120.830070 -115.349983
v -29.749002 -123.361656 -107.084854
v -18.642422 -123.215942 -107.309280
v -28.386433 -120.790512 -73.958061
v -26.115229 -126.721916 -79.607491
v -28.420040 -116.414116 -127.479881
v -30.634127 -117.079002 -117.890327
v -23.438555 -116.297745 -124.124733
v -21.203159 -118.644173 -121.228035
v -29.259659 -106.476891 -122.668205
v -29.802942 -111.341393 -122.634903
v -28.707638 -102.749481 -121.545364
v -22.999144 -97.802040 -120.071373
v -23.297504 -94.527832 -118.078598
v -22.556532 -101.060730 -122.335091
v -27.231245 -107.233040 -124.997826
v -21.951620 -104.419785 -124.477318
v -22.674538 -112.192162 -125.394928
v -26.331816 -121.992950 -80.222534
v -27.324392 -115.874428 -79.682480
v -28.411732 -110.978477 -79.815880
v -24.759855 -123.098457 -83.752098
v -24.521305 -119.350861 -85.304459
v -27.335289 -105.851479 -13.697994
v -26.532539 -111.183411 -84.326683
v -21.715492 -106.582863 -126.156883
v -22.725456 -111.080666 -126.531227
v -21.131994 -91.376518 -139.590652
v -29.366905 -93.490639 -122.905899
v -25.620668 -89.889137 -117.606651
v -22.745226 -107.354477 -92.597183
v -24.850452 -112.694405 -86.858467
v -21.968491 -101.673546 -97.544518
v -21.363657 -105.624855 -95.360718
v -25.090269 -103.210426 -25.239489
v -25.650881 -92.068985 -24.481653
v -25.650953 -94.281960 -34.434288
v -25.347891 -101.739952 -33.995853
v -25.089291 -89.101738 -127.371544
v -29.134586 -93.926270 -124.535881
v -22.313652 -92.292885 -114.430618
v -25.127306 -88.058235 -113.447121
v -17.755629 -97.939186 -118.489052
v -20.238325 -93.381187 -113.532341
v -19.293644 -95.567436 -116.349609
v -26.591288 -95.043907 -100.858360
v -20.614767 -101.096344 -99.329124
v -25.915501 -84.931900 -127.783852
v -27.463415 -91.555557 -124.063225
v -26.152458 -84.841721 -122.877571
v -26.329662 -84.665749 -117.700974
v -26.865456 -90.006943 -105.360176
v -19.892450 -96.125412 -105.975029
v -26.778954 -74.576675 -127.364319
v -22.713772 -73.393028 -136.805481
v -25.579906 -79.445152 -15.549970
v -20.774200 -68.584282 -52.996407
v -6.829385 -78.286041 -16.206228
v -6.402084 -77.330688 -17.962423
v -26.875732 -68.681061 -106.394981
v -25.419533 -69.299904 -105.725372
v -25.808975 -69.822906 -122.882164
v -24.390379 -65.260590 -124.233276
v -16.833900 -65.467804 -124.117241
v -23.658272 -72.807747 -114.243958
v -20.235615 -66.238487 -54.255913
v -23.295298 -70.630905 -27.806553
v -18.487719 -69.298203 -31.552141
v -17.869940 -56.434792 -132.543106
v -25.537479 -57.517540 -125.951584
v -27.365911 -65.624275 -103.287666
v -26.654959 -60.441685 -58.702972
v -29.036655 -59.103207 -26.973534
v -28.884380 -62.916000 -32.760391
v -23.642313 -67.518379 -34.228397
v -27.853363 -59.356651 -97.647255
v -29.333067 -54.661900 -55.176865
v -29.052204 -54.263081 -60.270050
v -28.805973 -54.922039 -50.162186
v -28.775055 -52.974926 -41.342113
v -28.366585 -10.735208 -50.226398
v -29.135145 -53.886284 -21.048851
v -28.648197 -11.543670 -19.889023
v -29.351482 -6.583187 -29.289579
v -29.253851 -6.623579 -43.308289
v -29.156071 -49.177551 -60.281055
v -29.888844 -43.906731 -65.172127
v -26.684731 -52.955582 -66.093170
v -17.990829 -56.933151 -62.709362
v -27.382204 -43.384186 -43.620880
v -26.995146 -43.469067 -37.762676
v -26.921333 -38.453648 -44.084846
v -28.255390 -37.824684 -49.199146
v -28.136034 -32.447510 -49.093330
v -28.028038 -27.071499 -48.973663
v -27.849876 -16.138420 -48.757496
v -27.097692 -44.799744 -35.269951
v -23.928741 -37.107414 -37.550022
v -25.843704 -40.380733 -34.048752
v -24.146015 -35.316517 -40.571690
v -24.108852 -32.344151 -41.828785
v -23.815639 -29.005516 -41.077003
v -26.995987 -16.236433 -35.953079
v -27.084740 -22.305258 -42.653667
v -23.035862 -28.520351 -38.713871
v -22.923662 -27.822968 -37.053181
v -23.757889 -26.329622 -37.055546
v -27.222603 -16.136240 -27.224348
v -26.661007 -21.603020 -27.354069
v -23.497723 -26.431284 -34.515408
v -26.876266 -32.042385 -27.815722
v -23.046829 -28.578138 -33.882675
v -27.123882 -37.117760 -28.511992
v -24.159410 -32.188946 -31.661596
v -27.406666 -48.085197 -30.570129
v -27.165861 -41.358246 -29.931585
v -24.157127 -34.640022 -32.350967
v -28.534428 -53.955025 -26.625553
v -28.870853 -48.016277 -21.487553
v -28.051222 -11.046819 -43.144646
v -28.289951 -10.112822 -28.333744
v -17.987740 -53.544430 -131.534180
v -26.861353 -54.498348 -90.043442
v -24.592899 -48.227398 -70.466934
v -27.771549 -51.584621 -68.119270
v -16.019672 -44.822628 -127.657921
v -21.916744 -40.630695 -120.717842
v -24.951397 -47.688423 -73.489937
v -23.880445 -47.502689 -71.657951
v -18.809557 -36.760750 -122.697083
v -18.615553 -42.643246 -126.364471
v -19.400471 -35.399605 -118.512688
v -22.989347 -184.573059 -47.387180
v -18.554274 -185.334549 -48.288719
v -18.481222 -185.569595 -37.840927
v -6.025133 -181.144119 -56.899483
v -12.997835 -184.436859 -33.068394
v -5.717731 -179.255844 -60.168121
v -5.715672 -177.778397 -62.753868
v -5.582199 -181.807480 -28.968197
v -8.293231 -184.563156 -32.943386
v -5.996158 -179.626526 -25.313879
v -6.053112 -176.202744 -21.035770
v -18.111322 -172.385132 -109.336021
v -19.059433 -170.108597 -111.683403
v -23.940790 -170.065216 -111.605423
v -18.816174 -177.623627 -95.768135
v -23.896254 -173.578506 -90.835823
v -23.491316 -166.118851 -89.807533
v -23.784698 -164.818024 -87.339874
v -20.090052 -157.951218 -90.783905
v -22.848042 -164.297333 -97.959663
v -20.968386 -162.986176 -91.872490
v -23.855871 -161.262604 -84.032333
v -24.350163 -163.010788 -83.669838
v -24.598152 -158.652847 -81.164490
v 23.154190 -176.806183 -91.103630
v -8.232349 -175.256638 -69.373611
v -4.078851 -173.413147 -68.703270
v 2.524030 -175.211624 -76.074432
v 3.938775 -173.404861 -68.722519
v 24.650524 -172.848251 -75.706276
v 8.170295 -175.079590 -69.388199
v 23.533621 -175.891144 -91.217827
v 28.624537 -174.054474 -68.394821
v 24.310892 -173.768631 -80.485802
v 27.916857 -168.035629 -72.255745
v 28.158314 -168.512589 -71.531097
v 22.379654 -176.308151 -96.064117
v 24.006708 -174.838715 -96.944824
v 24.166452 -173.589249 -91.807350
v 14.583195 -177.696152 -95.844666
v -8.549961 -173.303925 -17.958828
v -18.734728 -167.678940 -114.032631
v -5.504916 -170.561874 -16.291159
v -5.794522 -166.115768 -13.583197
v -24.001921 -156.124466 -105.267662
v -22.614069 -155.864471 -103.396576
v -20.612394 -156.141953 -101.231819
v -21.850115 -160.543182 -100.041733
v -20.689232 -162.388458 -96.731316
v -18.945324 -159.011246 -97.561272
v -24.994385 -162.561783 -35.297958
v -5.897353 -162.064667 -11.872499
v -20.052942 -147.620651 -99.696548
v -19.413477 -152.886993 -97.105881
v -19.449999 -148.909851 -96.154747
v -19.525505 -152.566711 -96.982010
v -20.090673 -158.614075 -99.362045
v -24.069683 -153.406570 -80.811142
v -22.035364 -152.748917 -84.940269
v -19.984524 -158.256531 -91.061401
v -19.262558 -158.244217 -97.381790
v -19.917185 -153.841797 -91.278389
v -23.284176 -164.189774 -43.703186
v -23.189041 -161.396301 -51.160343
v -14.566109 -160.875015 -43.329498
v -13.916250 -159.303101 -37.021049
v -18.469852 -154.487061 -53.194557
v -18.674526 -159.683380 -50.022266
v -23.200838 -158.739655 -32.465202
v -13.710407 -156.991974 -34.528080
v -13.877693 -153.125229 -33.216858
v -6.282570 -157.829956 -11.157889
v -16.746300 -148.489792 -126.535339
v -23.057821 -144.518921 -109.426468
v -23.336924 -147.873062 -107.526329
v -24.371901 -148.445496 -80.269562
v -22.940489 -147.702835 -54.357437
v -18.234825 -153.184952 -53.527512
v -13.580368 -148.232941 -33.895458
v -6.724294 -152.257706 -10.767975
v -17.476700 -145.848602 -120.959129
v -15.057596 -146.389816 -120.878571
v -19.474213 -143.141846 -101.164558
v -19.696617 -143.502380 -96.425125
v -22.010229 -147.919800 -85.134659
v -23.521347 -145.114227 -53.112282
v -13.557150 -148.012070 -52.105423
v -13.828126 -152.356659 -52.599384
v -13.486975 -145.730240 -35.423576
v 13.386935 -143.941269 -119.178391
v 11.816951 -145.011536 -119.501846
v 17.464865 -149.197906 -119.762688
v 12.645572 -146.229126 -121.102837
v 17.202673 -144.650742 -121.938484
v 17.976883 -142.654602 -111.797028
v 14.475254 -138.122116 -120.195236
v 18.247936 -139.163605 -113.571136
v -18.530519 -138.507751 -101.769165
v -22.101030 -142.881241 -85.778473
v -22.107483 -137.870041 -86.534523
v -25.246334 -137.062241 -80.533081
v -20.673559 -147.550613 -89.127632
v -13.689358 -146.260712 -50.969219
v -13.759291 -143.486511 -47.963749
v -13.698183 -143.281616 -38.451637
v -13.793299 -142.170486 -43.387577
v -18.756887 -136.608704 -110.758484
v -18.916451 -138.779358 -105.777641
v -17.982714 -131.830719 -106.489891
v -17.331808 -133.341766 -101.710449
v -18.245790 -131.723328 -109.656685
v -15.808679 -136.602600 -107.533073
v -15.539438 -134.377731 -109.262589
v -16.259977 -136.043900 -109.408699
v -15.891161 -133.730423 -107.545181
v -22.418089 -132.555115 -86.322144
v -25.402905 -132.031265 -80.691185
v -20.565422 -137.128143 -91.039261
v -7.583473 -138.953369 -11.586467
v -7.063710 -137.705505 -12.526766
v 13.905548 -133.640823 -123.910225
v 13.613839 -135.401642 -123.190147
v 17.627308 -135.117340 -125.640656
v 18.564011 -132.710541 -117.771240
v 22.293743 -139.385574 -125.332336
v 16.925777 -130.635071 -123.821060
v 17.780285 -133.585052 -126.006599
v 21.610252 -130.749527 -114.994705
v 23.344631 -125.504593 -119.724983
v -10.796938 -134.651276 -126.022125
v -20.704327 -130.657410 -114.624458
v -19.903114 -128.318741 -111.989311
v -20.979338 -129.476807 -115.270378
v -23.884867 -126.665726 -84.699005
v -20.708988 -132.176483 -89.778900
v -7.751338 -132.167389 -13.865101
v -17.532375 -128.204849 -103.553070
v -17.699926 -119.667229 -96.575676
v -20.339144 -127.145950 -90.674416
v -6.405390 -94.149208 -19.264380
v -5.029082 -75.661797 -24.436354
v -6.340494 -89.145576 -21.997488
v -2.557135 -79.083595 -32.129410
v -4.350348 -132.231247 -27.356411
v -6.503069 -101.554680 -19.907228
v -5.365836 -107.032829 -26.947645
v -3.790113 -121.887695 -32.601074
v -6.523995 -115.129074 -137.803085
v -19.999050 -120.246460 -115.649651
v -17.787731 -116.982277 -111.012756
v -20.523155 -116.084061 -122.535652
v -15.637810 -119.893135 -98.541985
v -16.276327 -116.952209 -109.441605
v -20.903505 -121.830040 -90.908760
v -23.282730 -115.425903 -88.601624
v -20.199163 -125.717476 -91.001869
v -20.584990 -130.738113 -90.059013
v -16.154840 -109.198944 -121.511116
v -17.463709 -111.236435 -118.072563
v -22.295654 -111.194077 -91.411339
v -18.741348 -116.442810 -95.786308
v -14.320637 -109.268410 -126.253395
v -17.972099 -107.285805 -126.378181
v -17.101343 -107.785789 -120.045677
v -11.126198 -109.022339 -126.266258
v -11.329978 -107.922852 -126.611565
v -16.344234 -107.769722 -121.286903
v -5.611610 -106.180229 -120.474266
v -8.055222 -107.301453 -122.219864
v -17.606581 -100.944290 -121.070656
v -18.657211 -106.748558 -98.277817
v -22.489140 -102.981499 -31.603695
v -22.505280 -103.537750 -27.471909
v -17.972710 -101.968880 -34.556915
v -4.793195 -106.409683 -32.837608
v -18.136400 -103.424423 -25.477797
v -24.007284 -95.435371 -23.664888
v -21.887630 -100.080040 -23.138563
v -18.133850 -100.297203 -22.586065
v -22.593325 -99.525215 -35.092304
v -5.972952 -105.344078 -24.714521
v -20.941923 -92.506035 -132.471039
v -20.773327 -90.852280 -129.434662
v -20.808048 -92.697441 -130.243484
v -17.843336 -99.771828 -106.134956
v -18.763515 -101.556786 -100.861084
v -22.691813 -95.666550 -35.295898
v -5.179223 -100.263901 -38.588703
v -5.228099 -103.457573 -36.909817
v -18.156918 -93.684128 -35.632725
v -24.409821 -91.874550 -27.239670
v -22.145451 -91.683662 -31.894178
v -18.124199 -90.878067 -32.493561
v -5.285590 -94.426033 -39.273968
v -22.361395 -92.378319 -24.307753
v -18.088800 -95.081329 -22.202803
v -18.275633 -91.904388 -23.978575
v -20.821543 -91.607155 -132.127701
v -23.574598 -89.597214 -112.409828
v -21.103703 -91.549522 -111.860542
v -21.131229 -92.682106 -106.778137
v -17.368677 -99.994583 -109.014206
v -19.895721 -95.816948 -106.019783
v -25.477612 -74.760468 -75.054253
v -25.704878 -94.757462 -74.691521
v -25.198244 -94.378654 -79.490112
v -18.566792 -99.015007 -75.022903
v -25.397625 -89.711243 -80.031029
v -18.520149 -96.001823 -83.562309
v -18.264194 -97.286224 -81.754730
v -25.295092 -69.853722 -69.922180
v -25.612656 -94.687645 -69.662186
v -18.746134 -97.842293 -67.103600
v -25.032188 -70.340736 -65.080505
v -25.284134 -89.971077 -64.504486
v -22.576990 -93.996315 -65.406723
v -24.814714 -65.717056 -65.321495
v -18.715397 -95.391350 -64.470779
v -25.316952 -79.971916 -59.407536
v -24.664097 -84.754417 -59.613808
v -22.654865 -89.213631 -60.652580
v -25.308224 -75.097115 -59.492523
v -24.926472 -70.748146 -60.293705
v -18.682211 -92.931885 -61.837936
v -18.636959 -90.488892 -59.220047
v -18.060732 -87.887405 -56.320068
v -22.632536 -83.440208 -54.884342
v -18.626802 -85.318993 -54.136585
v -18.397242 -68.427475 -58.436386
v -18.208864 -74.111473 -53.288120
v -17.108479 -70.397896 -54.940842
v -18.010714 -65.279114 -64.265305
v -17.607674 -66.421402 -61.587944
v -24.347275 -66.814896 -68.025925
v -18.599373 -66.082428 -68.648247
v -24.703556 -71.357277 -73.087166
v -18.019209 -67.868179 -71.423851
v -19.153093 -70.066826 -74.097046
v -25.222330 -80.059700 -80.160004
v -24.666977 -76.525818 -78.472198
v -18.185312 -71.696877 -76.160538
v -18.933662 -75.063583 -79.973907
v -24.818125 -84.920387 -85.128693
v -24.455605 -81.760101 -83.713905
v -18.909000 -77.232185 -82.097893
v -24.843279 -88.987701 -85.099373
v -19.163115 -80.725456 -85.277145
v -24.346870 -88.166031 -87.982399
v -24.322140 -86.223740 -87.881226
v -18.102854 -83.518761 -87.782066
v -19.877844 -85.286064 -88.824097
v -18.299488 -93.492401 -86.644707
v -20.759199 -86.857300 -89.566032
v -18.104862 -90.322861 -27.253613
v -18.595955 -82.384438 -52.273987
v -16.863550 -69.517654 -135.870804
v -21.797388 -65.285423 -134.308304
v -22.121824 -68.072372 -134.783356
v -19.257933 -67.881599 -134.773773
v -13.218160 -69.636612 -136.159424
v -17.538029 -74.007912 -115.696823
v -15.798650 -70.108055 -123.134315
v -9.998581 -61.765896 -126.224342
v -8.404258 -61.360298 -126.589081
v -18.381603 -74.017265 -111.813690
v -13.506809 -75.518707 -111.375198
v -15.571853 -75.643265 -117.583229
v -22.267723 -72.960556 -111.173897
v -13.100339 -73.588486 -106.302368
v -8.583770 -77.531174 -111.054893
v -21.541014 -72.408035 -106.388474
v -17.753189 -70.826401 -104.029152
v -26.069881 -64.309402 -100.837669
v -21.941645 -68.266304 -101.704041
v -17.999821 -69.158745 -101.041550
v -17.952024 -67.917290 -35.235584
v -18.143194 -65.334625 -134.415726
v -16.654612 -64.667488 -134.622742
v -18.262432 -66.728691 -98.418259
v -26.107672 -59.101906 -95.593513
v -22.024630 -62.987396 -96.321358
v -18.316608 -64.137581 -95.708496
v -18.454449 -67.631744 -52.171593
v -17.819271 -65.698669 -54.813484
v -18.238298 -62.725277 -57.041321
v -12.417378 -67.697342 -34.930496
v -18.288544 -61.507088 -93.078857
v -22.222227 -57.769215 -91.014603
v -18.358868 -58.967201 -90.501564
v -17.410130 -60.133129 -60.195076
v -18.179352 -56.356979 -87.630615
v -22.886522 -52.866333 -85.075546
v -18.207273 -54.054298 -84.827232
v -17.229612 -54.476574 -65.632027
v -17.492496 -51.064453 -67.783287
v -18.192177 -51.882252 -81.869164
v -18.303926 -50.243988 -79.091835
v -13.612541 -48.111454 -74.218880
v -23.550627 -47.536598 -73.222672
v -16.945311 -48.281315 -72.099823
v -18.213612 -49.865776 -69.907967
v -23.176056 -35.729824 -37.324852
v -23.337109 -34.376099 -39.400074
v -23.246967 -35.489822 -35.034584
v -23.534737 -32.764015 -32.778790
v -9.351841 -30.600410 -116.990761
v -23.407787 -31.790239 -40.287556
v -10.773629 -35.225800 -121.760307
v -13.811128 -30.271675 -116.979370
v -13.430601 -183.900299 -52.884613
v -5.922797 -182.820618 -52.686073
v -4.330934 -179.902390 -53.545471
v -13.966123 -185.958054 -48.066284
v -11.492354 -185.943527 -49.520676
v -6.591683 -185.279785 -49.474648
v -13.933343 -186.351166 -37.963413
v -6.334158 -185.817490 -35.920139
v -11.674461 -186.864487 -38.338947
v -11.071619 -186.153625 -36.073002
v -5.169975 -183.441849 -33.299225
v -5.393776 -177.538696 -23.366220
v -11.548190 -171.877380 -110.232414
v -5.776721 -164.433105 -116.929749
v -12.666255 -157.448441 -121.502846
v -5.505900 -163.298584 -12.330565
v -14.662647 -158.981094 -48.513615
v -7.611345 -153.654953 -49.041080
v -8.900083 -156.872147 -42.847752
v -9.693202 -156.601990 -46.912376
v -7.965674 -156.997009 -38.048061
v -6.607581 -157.214233 -34.593876
v -7.731748 -153.047668 -33.446388
v -6.451843 -148.617126 -34.598484
v -6.628287 -148.055145 -51.625866
v -7.432396 -148.029053 -49.047832
v -6.738831 -153.600403 -51.542755
v -11.058898 -135.641251 -132.105438
v -11.258647 -141.368134 -129.720169
v -9.563279 -145.197845 -47.026924
v -9.272555 -144.836365 -43.401463
v -9.316738 -145.121384 -39.422199
v -7.309159 -148.438232 -38.014439
v -4.314983 -137.479248 -27.011841
v -5.149016 -141.737427 -24.705509
v -7.512789 -126.206802 -135.146286
v -16.406069 -131.944443 -99.386154
v -15.851396 -131.337341 -100.280441
v -15.704435 -128.993973 -101.210434
v -14.051530 -128.269333 -96.573898
v -12.145231 -130.072037 -97.469025
v -13.487649 -129.453506 -100.329102
v -1.314026 -121.021652 -136.483521
v -16.849266 -120.673958 -96.996826
v -16.745901 -115.428444 -98.137634
v -13.473204 -116.408005 -99.498741
v -13.982493 -120.196205 -105.954582
v -13.017179 -116.558632 -108.107651
v -8.470261 -119.271156 -99.471542
v -7.817978 -112.260323 -101.164368
v -17.276022 -112.701950 -113.663635
v -19.407948 -110.895531 -103.065460
v -17.499174 -111.071892 -117.704659
v -17.013739 -112.456161 -109.918556
v -12.610056 -112.303604 -108.765579
v -9.080670 -117.056969 -107.501572
v -7.412119 -112.552361 -107.553940
v -16.417671 -111.613144 -111.339844
v -16.578159 -109.977798 -99.736702
v -17.134914 -106.790695 -100.681534
v -12.887499 -112.294487 -101.312531
v -16.341770 -102.317894 -101.769768
v -16.671745 -102.462059 -108.531059
v -15.728585 -104.859528 -102.331367
v -16.756468 -102.355232 -108.681900
v -17.235315 -108.503899 -118.237602
v -14.599894 -106.152878 -113.122360
v -16.954567 -108.220581 -118.398865
v -13.585941 -105.819870 -117.605217
v -1.364660 -106.808174 -59.822426
v -2.653926 -106.397118 -48.898064
v -1.624543 -110.884689 -65.447289
v -12.442387 -101.108269 -120.086990
v -12.994554 -99.956924 -118.503746
v -15.303893 -101.456367 -112.260284
v -17.061033 -100.386055 -109.480644
v -6.751830 -99.643936 -116.672836
v 12.709124 -100.306435 -119.685715
v -15.687578 -102.476143 -105.196434
v -15.067946 -104.264473 -105.845032
v -1.781494 -95.417419 -46.685825
v -14.503821 -100.571144 -75.376686
v -8.393703 -99.219093 -66.513817
v -15.194100 -99.218483 -82.260040
v -13.409941 -83.204071 -50.808781
v -5.648916 -92.300194 -37.754612
v -5.370278 -87.567619 -34.112244
v -2.025102 -90.252853 -42.953819
v -13.095388 -79.581650 -138.466553
v -13.638985 -83.763954 -87.970512
v -12.560474 -94.981537 -90.053329
v 7.621855 -80.231110 -48.393013
v -8.160395 -101.501945 -69.352570
v -11.412487 -102.504128 -76.565125
v -12.480453 -101.817848 -76.478889
v -2.761187 -101.596031 -69.348854
v -2.647531 -104.062538 -72.110283
v -2.523157 -106.549568 -74.805496
v -8.658472 -104.470299 -77.151588
v 2.910521 -104.165375 -71.968285
v 2.711096 -105.775604 -75.182487
v 2.547224 -107.515083 -82.872398
v -9.146987 -104.723457 -81.018715
v -2.543387 -107.631828 -82.926941
v 11.435575 -102.340057 -76.682175
v 8.867205 -104.282661 -77.514870
v 8.439420 -99.146797 -66.372322
v 7.958784 -101.032906 -69.695709
v 12.955158 -82.408669 -51.721771
v 13.790436 -98.680923 -66.530602
v 12.569113 -101.730240 -76.468201
v 12.411999 -76.983147 -47.075569
v 18.738438 -95.254089 -64.389091
v 18.558855 -97.161095 -67.237968
v 14.451325 -100.716171 -75.635025
v 18.740578 -92.894958 -61.869858
v 18.658863 -90.258324 -59.343918
v 18.023335 -87.434990 -56.759670
v 18.486502 -82.129471 -52.162598
v 22.602177 -94.214142 -65.971115
v 25.091391 -94.254379 -70.116905
v 18.348553 -98.709175 -75.025215
v 25.702747 -90.179871 -64.853371
v 22.788942 -89.611900 -61.090473
v 24.920399 -84.924583 -59.642746
v 23.891788 -81.138824 -52.449158
v 22.981337 -83.695717 -55.047989
v 21.832373 -73.101662 -52.747540
v 25.057491 -79.904846 -59.443466
v 23.034794 -74.437103 -49.122650
v 24.705219 -78.596481 -50.313168
v 28.159418 -73.895241 -54.338673
v 29.013771 -76.178520 -46.787685
v 28.815239 -78.245811 -49.057732
v 28.475060 -77.307556 -53.211834
v 19.489384 -73.377449 -52.044926
v 18.367634 -72.717110 -51.267612
v 6.591783 -72.467102 -45.537998
v 17.526077 -71.047340 -50.237881
v -12.405450 -79.923447 -49.794540
v -13.242177 -74.440201 -49.820251
v -5.724061 -72.086723 -47.658302
v -16.047506 -73.189232 -51.863632
v -5.769230 -86.581734 -26.624376
v -2.348468 -84.733162 -37.798096
v -14.783899 -78.229401 -83.773613
v -13.956505 -69.245575 -101.673943
v -13.251991 -71.297150 -103.892036
v -14.687030 -74.719040 -79.981224
v -12.778580 -71.765602 -76.686394
v -10.238101 -64.499550 -99.961533
v -7.049378 -66.887268 -102.994156
v -8.195314 -74.341270 -107.020958
v -7.521577 -64.463638 -101.437447
v -6.911867 -64.778442 -101.838379
v -16.461029 -66.374901 -57.449215
v -17.788452 -69.908768 -50.271286
v -12.425399 -67.169365 -43.119270
v -14.525939 -67.811729 -39.510639
v -11.509147 -63.567673 -48.099659
v -15.130664 -70.004761 -49.873249
v -10.274385 -65.199776 -39.023724
v -2.802405 -71.239128 -30.015480
v -7.988758 -62.363113 -40.945797
v -14.682394 -63.793755 -96.752426
v -10.330737 -59.983639 -95.503738
v -14.734576 -65.359894 -68.556770
v -14.065758 -70.202591 -74.672462
v -14.012378 -67.437065 -71.273399
v -13.332419 -62.953869 -65.419746
v -13.120106 -65.022293 -68.233521
v -11.269884 -58.222515 -53.517826
v -15.321013 -65.036476 -54.631771
v -10.284058 -64.136818 -43.537025
v -4.219412 -61.823860 -40.675022
v -5.640450 -53.279228 -44.864834
v -9.909422 -58.630104 -48.903500
v -7.592506 -53.435570 -45.248398
v 2.814684 -71.761307 -30.086748
v 1.876496 -64.705078 -38.703022
v -4.369199 -59.056499 -43.568508
v 12.085904 -67.306015 -34.778938
v 8.374509 -65.794693 -38.266361
v 1.907107 -64.786163 -39.237984
v 4.949333 -76.131943 -24.721212
v 9.510447 -66.526184 -37.946991
v 1.397018 -68.051231 -43.359398
v -1.975812 -70.416550 -46.637085
v 7.346547 -71.261955 -44.981239
v 1.823810 -66.075508 -41.442657
v 8.915689 -67.916664 -40.806732
v 18.974133 -70.926064 -28.604376
v 18.689619 -68.285278 -34.213760
v 29.633881 -62.858906 -28.175863
v 23.790400 -66.870773 -35.139648
v 29.050982 -70.215515 -26.163700
v 29.918262 -74.937981 -21.686832
v 3.173701 -74.541771 -27.949785
v -3.188031 -74.121338 -27.783930
v -12.769854 -59.950054 -133.646896
v -14.477247 -58.812901 -91.097656
v -10.522404 -53.106670 -59.063606
v -14.585035 -59.693310 -60.083279
v -8.293336 -49.230030 -129.931427
v -13.585923 -55.830143 -86.980888
v -7.766526 -58.799461 -95.596123
v -7.461025 -55.536030 -87.340012
v -9.644069 -49.869324 -61.751122
v -14.366398 -54.689285 -65.314758
v 0.594464 -34.870152 -118.200233
v 7.430489 -39.674538 -119.884315
v -2.866645 -48.491661 -75.959908
v -13.458649 -49.335804 -70.935577
v -8.966905 -39.029366 -124.276672
v 13.037186 -174.680649 -106.114510
v 23.802288 -176.289246 -101.477882
v -7.287534 -151.525177 -43.421902
v -3.588485 -144.141373 -128.552368
v -3.448775 -129.579498 -134.094238
v -3.142639 -129.421783 -96.648361
v -8.139288 -128.510651 -96.881081
v -6.301513 -129.348114 -99.584732
v -3.535210 -129.974319 -99.090897
v -7.909428 -119.822113 -105.430862
v -4.716398 -116.166557 -99.520340
v -5.076804 -120.512360 -99.166924
v -4.449150 -111.793663 -101.068985
v -2.052494 -118.362755 -98.210365
v -2.303608 -120.795471 -105.495270
v -3.027636 -122.547897 -97.714325
v -1.989523 -127.215408 -100.610657
v 3.523237 -123.958481 -103.471924
v 3.003627 -111.357140 -99.107559
v 2.877057 -118.643562 -97.240143
v 3.476429 -116.367905 -97.512962
v -2.869693 -111.744141 -107.818420
v 0.112724 -108.263832 -102.133575
v 2.997499 -107.757042 -101.706520
v 0.143378 -100.523132 -139.504272
v 3.896012 -105.744705 -116.859352
v 1.720583 -99.795799 -115.786537
v -10.379922 -101.957123 -88.866745
v -11.520977 -101.017746 -87.538231
v -10.534693 -105.238777 -88.939209
v -9.822699 -105.790909 -86.052490
v -7.334962 -100.435768 -90.439842
v -7.671109 -106.283371 -84.587860
v -6.845258 -106.390961 -88.971764
v -8.170893 -100.263283 -88.649704
v -12.763809 -97.674263 -89.323669
v -13.167371 -101.026459 -81.965187
v -11.147603 -102.768311 -79.598160
v -12.408926 -100.173492 -82.541641
v -11.345958 -95.310081 -91.216507
v 6.028090 -80.645096 -138.833298
v -9.812766 -92.193512 -94.932274
v -10.079364 -91.320992 -94.584709
v -9.899118 -93.648430 -94.964172
v -7.357288 -91.536522 -95.073692
v -7.750961 -97.882179 -90.850380
v -6.981356 -96.481255 -94.999962
v -7.235541 -91.438530 -91.134949
v -7.754242 -90.562073 -94.362991
v -8.382201 -83.008492 -87.968658
v -13.373709 -79.865944 -85.213272
v -8.332641 -79.892090 -85.380814
v -13.083700 -79.677185 -125.545876
v -13.685979 -79.765671 -122.270432
v -12.547015 -82.516670 -125.146423
v -10.932664 -83.412239 -122.378647
v -7.556461 -78.944191 -128.427856
v -7.893062 -84.616653 -121.576241
v -7.645792 -85.631157 -123.719276
v -14.969550 -75.271164 -122.292053
v -11.673181 -79.740265 -117.743317
v -8.099543 -83.145729 -119.143562
v -8.290655 -81.405853 -116.587677
v -8.438159 -79.390831 -113.765053
v -11.896474 -74.689484 -126.998215
v -12.806972 -70.155220 -126.876518
v -7.612411 -68.029312 -127.127609
v -7.613560 -74.624214 -128.351944
v -5.999777 -77.736504 -83.447449
v -12.946347 -74.116379 -79.345558
v -8.299595 -74.739426 -80.062035
v -7.248011 -68.690331 -48.845558
v -15.135329 -68.529274 -53.073528
v -9.565296 -71.655464 -76.518204
v -7.996457 -66.824677 -70.414185
v -8.005621 -65.320496 -68.540810
v -2.272722 -68.843430 -72.881950
v -2.639220 -67.007927 -70.834747
v -7.050111 -74.413673 -79.718903
v -2.164895 -71.671028 -76.499550
v -8.014213 -63.196255 -52.643074
v -7.738658 -65.719765 -50.261456
v -14.465418 -63.182777 -58.651325
v -8.415208 -58.551907 -58.114323
v -13.050283 -57.992260 -63.897068
v -7.079149 -59.164589 -66.432739
v 1.837124 -65.064110 -70.051689
v 1.836810 -62.511951 -68.712036
v -8.187925 -55.288708 -132.388153
v -10.919682 -56.475609 -67.391647
v -8.742810 -51.982597 -62.252937
v -9.842504 -52.986450 -54.277424
v -12.064967 -52.770866 -68.365814
v -6.506466 -54.515881 -69.677559
v 7.195967 -57.942982 -69.320450
v -8.879830 -48.101799 -59.152126
v -8.365205 -49.509708 -72.443588
v -7.447432 -43.583000 -42.144718
v -7.297814 -42.249149 -126.398003
v -3.107264 -49.627392 -73.335762
v 0.463019 -30.311157 -117.358887
v -6.326905 -185.697388 -38.560143
v 23.867723 -175.179214 -104.976730
v 0.911291 -154.655273 -123.189484
v 5.554079 -160.632751 -119.503471
v -5.968527 -158.832672 -60.395767
v -5.009559 -158.250092 -53.065319
v -5.319855 -161.928650 -58.963081
v -3.791974 -161.735519 -54.103230
v -4.945548 -159.978561 -62.694843
v -2.012655 -163.558289 -53.781231
v -4.303609 -164.333023 -59.687595
v 5.033829 -157.971344 -52.994049
v 4.251661 -162.375656 -53.901981
v -7.235428 -152.882446 -58.350040
v -4.818384 -153.853653 -64.391129
v -6.866013 -157.176956 -28.361443
v -4.950346 -162.151947 -32.268848
v 6.574271 -157.315872 -34.575943
v -7.221804 -153.345322 -27.616444
v 6.450177 -148.812286 -34.581505
v -5.281553 -162.413788 -26.985479
v -4.334509 -164.905487 -26.070826
v -1.897288 -163.105515 -32.368004
v -5.001886 -160.227554 -22.968740
v -5.299923 -153.893295 -21.544886
v 6.725864 -153.171204 -51.439167
v -7.115378 -149.062119 -58.216793
v -4.946263 -147.400345 -63.963303
v -6.926427 -149.246078 -27.756348
v -5.262802 -147.214828 -22.427862
v 24.619684 -149.350983 -121.475357
v -4.969622 -144.321335 -53.861477
v 6.668531 -148.072113 -51.568291
v -5.358847 -143.885361 -59.942936
v -4.084294 -142.041382 -61.287846
v -5.641118 -143.739227 -26.185879
v -4.467061 -144.802521 -32.595245
v -2.471806 -142.842361 -33.059502
v 2.259493 -143.178131 -32.968521
v 4.859970 -144.191879 -32.780418
v -0.617411 -135.425598 -132.112000
v -1.966347 -143.483765 -53.891792
v -3.704879 -126.902321 -96.877029
v 3.059390 -126.361206 -95.259262
v 3.399849 -129.132507 -95.144470
v 3.439901 -122.263939 -96.542267
v -2.681814 -117.436989 -107.771843
v 2.812277 -110.685387 -138.380096
v 1.173198 -112.630005 -109.900795
v 0.032773 -107.870544 -105.124664
v 2.466385 -106.485580 -106.150734
v 13.463882 -106.659531 -116.880646
v 12.530036 -106.547928 -120.016052
v 8.235892 -106.476624 -114.102524
v 11.362438 -106.968224 -113.766922
v 3.065513 -100.946838 -114.445198
v 3.425123 -106.004593 -113.281761
v -2.552309 -107.624641 -83.720131
v -2.945088 -100.643196 -90.304321
v -0.960701 -105.932396 -89.234367
v 2.689923 -91.273796 -139.706329
v 11.623534 -97.823349 -114.698570
v 8.127902 -100.187988 -113.664093
v -6.741342 -97.742188 -94.596367
v -2.499081 -97.608734 -90.734352
v 11.747942 -99.769089 -112.758995
v 17.553185 -97.561974 -118.459740
v 14.005809 -97.079842 -113.267342
v 14.940239 -95.982170 -115.668831
v 17.785963 -95.531601 -116.605682
v 17.561970 -99.890984 -119.918152
v -2.359731 -94.642113 -95.019051
v -4.325184 -97.731812 -94.411850
v -3.678714 -91.085587 -94.428337
v -4.093907 -89.495758 -93.272354
v 13.352836 -77.174026 -111.085464
v 7.756134 -84.739517 -123.742607
v 8.065221 -84.191063 -121.648933
v 8.346537 -82.877899 -119.422310
v 8.681535 -81.179993 -116.871719
v 9.109637 -79.399498 -114.341362
v -3.982871 -83.585640 -88.714943
v -1.867234 -81.114098 -86.617004
v 11.000267 -83.414909 -122.946236
v 12.608533 -82.172737 -124.951515
v 7.772014 -78.637192 -128.443329
v 13.102714 -79.867851 -125.843880
v 13.660917 -80.006638 -122.320679
v 11.830503 -80.170624 -118.561417
v 15.518417 -76.129364 -117.819214
v 13.047723 -74.707115 -105.787003
v 7.849405 -74.415131 -106.640083
v 17.381899 -74.638824 -115.712349
v 18.058300 -76.717812 -107.961143
v 23.724478 -73.353455 -114.298172
v 18.461103 -75.643097 -111.454971
v 2.568702 -74.301964 -107.107307
v -3.501312 -66.673660 -103.335350
v -2.453613 -74.406868 -79.801674
v -2.487390 -77.890289 -83.630531
v 2.817060 -60.684437 -134.314590
v 8.118649 -69.098694 -128.036179
v 8.080956 -67.645248 -127.825645
v -4.431562 -65.124489 -102.346802
v 1.857447 -67.743149 -72.124992
v -1.404574 -69.873993 -74.352119
v -4.191851 -60.907902 -98.537270
v 8.571789 -62.273483 -68.679832
v 7.741294 -60.455666 -68.877533
v 8.356805 -64.452751 -69.675247
v -5.379070 -64.479202 -48.676197
v -8.111023 -46.164188 -56.595589
v -12.349946 -48.331177 -66.894096
v -8.277718 -47.921345 -59.057655
v -7.685218 -46.097481 -56.551769
v -4.986955 -58.299648 -95.325272
v 1.590583 -54.887474 -70.390053
v 7.095218 -54.931911 -70.160851
v 13.239974 -60.064274 -66.858421
v -6.964571 -56.916912 -57.312428
v 0.262322 -51.348129 -130.894028
v -7.214201 -58.503307 -95.319946
v -2.106841 -55.778641 -88.070168
v 13.097727 -46.841564 -74.201759
v 3.028823 -49.457752 -73.061462
v 8.391042 -48.862072 -72.569069
v 15.040843 -52.811237 -68.666069
v 13.465030 -48.288803 -71.750153
v -6.450316 -58.380508 -64.994560
v -7.349493 -52.708683 -61.190750
v -6.628547 -45.545250 -55.499207
v -6.953331 -53.699409 -58.105175
v 4.318233 -44.841572 -127.793770
v 2.541505 -30.301014 -117.138969
v -5.556091 -47.586494 -45.997643
v -7.415650 -45.606415 -53.886379
v -6.387259 -44.127331 -49.555168
v -4.844313 -184.183716 -47.857864
v -4.705395 -184.543747 -38.221630
v -1.354761 -172.954193 -37.700264
v -4.654033 -175.406433 -61.015999
v -1.394750 -172.735443 -48.523472
v -2.384962 -170.859619 -32.072926
v 1.264384 -172.999725 -37.689751
v -2.388054 -170.191696 -54.058044
v 2.231635 -170.029800 -54.079956
v 1.303890 -172.727570 -48.522018
v -3.953684 -169.319931 -64.158875
v -1.690174 -169.325806 -68.004715
v 1.611040 -169.334198 -68.082108
v -3.191646 -169.654343 -59.035431
v 1.845990 -162.850891 -53.856312
v -3.906877 -164.147049 -64.000961
v -2.762714 -153.385681 -70.102692
v -3.333684 -147.930923 -75.501526
v -2.871113 -135.330811 -55.557735
v -2.016860 -132.014542 -75.685120
v -3.148443 -126.886459 -54.182636
v -1.346364 -133.781555 -48.761852
v 2.622816 -143.325226 -53.879253
v 2.621524 -135.293655 -55.518097
v 1.180787 -133.835876 -48.594200
v -1.574358 -121.030769 -74.649612
v -2.962043 -126.227493 -48.930401
v -3.035560 -121.370468 -48.965157
v -1.660306 -115.867912 -70.343460
v -3.245284 -131.905746 -32.514679
v -3.189921 -126.683678 -38.052177
v -1.939908 -136.744522 -34.366306
v -1.404321 -134.889618 -37.812252
v -5.046248 -168.846909 -17.262737
v 2.587068 -163.371124 -32.360481
v 2.391099 -170.840317 -32.054123
v -1.261537 -76.057030 -30.411797
v 1.278435 -76.174049 -30.516035
v -1.087172 -81.249542 -35.722641
v 1.163529 -81.218147 -35.786781
v 2.537895 -79.251221 -32.430420
v -0.989012 -86.753319 -41.297714
v 1.067424 -86.678368 -41.309566
v 2.514798 -84.422935 -37.809692
v -0.906283 -92.138588 -45.908245
v 0.845693 -92.127869 -45.908646
v 2.053448 -90.197647 -43.023640
v 1.587823 -95.414291 -46.622643
v 2.320651 -106.147835 -48.899532
v -0.792762 -108.239700 -63.117756
v 0.626330 -108.553596 -62.911232
v 1.197785 -107.884514 -59.409447
v -0.859891 -112.784225 -68.430031
v 0.723879 -112.904076 -68.271805
v 1.451695 -111.287880 -64.901436
v -0.809177 -117.879364 -73.270416
v 0.806502 -117.866211 -73.371315
v 1.578358 -116.018372 -70.137726
v 1.605397 -120.840576 -75.311829
v -2.039990 -142.796188 -78.464996
v -1.707389 -134.586197 -77.928719
v 1.927703 -134.540543 -77.933426
v 2.204497 -131.971481 -75.728661
v -2.154206 -146.944672 -77.928780
v -1.962580 -151.248474 -74.924469
v -0.758978 -150.431915 -78.353477
v 2.528597 -153.119202 -70.036293
v 1.814583 -151.528336 -74.979156
v -2.124950 -163.998840 -67.190369
v 2.066998 -163.958359 -67.217102
v 4.511370 -164.281815 -59.703262
v 3.658866 -169.556366 -59.032356
v 5.424349 -161.975143 -58.842598
v 6.018077 -158.982224 -60.192345
v 7.263954 -152.835449 -58.336212
v 7.496755 -153.332794 -48.882835
v 13.778969 -148.163940 -51.957386
v 14.036455 -152.477570 -52.284592
v 4.517758 -144.784210 -53.893017
v 7.183861 -149.095306 -58.122379
v 7.481386 -148.035629 -48.870213
v 13.675095 -146.359512 -51.020218
v 4.444369 -141.942062 -61.286510
v 5.594547 -144.276810 -60.188339
v 1.816399 -136.917023 -34.300522
v 1.291572 -134.975037 -37.777004
v 4.211141 -137.529160 -26.928947
v 3.395790 -132.178452 -32.251663
v 4.442777 -132.314362 -26.891676
v 5.633008 -143.931091 -25.990168
v 4.925802 -141.681396 -24.887789
v 7.376280 -148.341537 -37.891254
v 13.503797 -148.187073 -33.862293
v 6.962898 -149.316833 -27.756559
v 7.680532 -153.134735 -33.436832
v 4.380601 -161.607834 -32.252636
v 6.832975 -157.235382 -28.290064
v 7.223360 -153.385345 -27.585800
v 7.983201 -157.045959 -37.797016
v 13.653748 -157.206558 -34.592419
v 13.817219 -153.155701 -33.200459
v 5.287672 -162.607666 -27.266939
v 4.488376 -164.729553 -25.972660
v 0.785815 -150.522644 -78.425171
v 2.178504 -146.816757 -77.858528
v 2.304307 -142.844986 -78.259987
v 2.689064 -130.057709 -99.790031
v 2.944265 -121.804001 -105.627151
v 0.156386 -117.490784 -108.046280
v 2.685436 -107.563339 -83.674881
v 5.891020 -106.065712 -89.121925
v -1.293910 -94.288208 -94.863510
v 0.664314 -91.281654 -93.565277
v 2.523308 -96.643600 -90.659866
v 2.770378 -89.580040 -92.258072
v -2.954210 -86.087433 -90.718605
v 1.761190 -86.886017 -90.759232
v 1.562087 -83.429260 -88.339508
v 11.999691 -71.393845 -126.540375
v 11.760043 -75.301445 -126.945335
v 3.026540 -76.903885 -82.620911
v 1.633848 -74.651215 -80.087502
v 12.260015 -69.356514 -136.240723
v 3.321205 -66.635437 -103.143044
v 0.700484 -71.089775 -75.925789
v 4.205344 -64.985313 -102.116165
v 1.407801 -69.656036 -74.265427
v -4.543763 -63.350986 -47.814266
v 6.877931 -66.866707 -102.523933
v 7.187673 -64.566826 -101.000145
v 13.088350 -72.787361 -102.787773
v 2.937096 -63.100761 -100.913925
v 4.146573 -60.829678 -98.651955
v -3.050760 -63.209015 -100.965630
v -3.034711 -62.906559 -43.685825
v -2.941412 -58.541126 -95.590828
v 3.186397 -58.435406 -95.557999
v -1.588101 -57.542801 -92.986137
v 1.852234 -56.716057 -90.733719
v 2.447213 -55.596313 -87.658028
v 24.828094 -47.310822 -73.643425
v 17.744322 -52.366180 -81.731094
v 23.182940 -47.214764 -73.039505
v 8.989902 -47.347862 -74.421097
v 3.325003 -47.987858 -74.898361
v 7.958033 -41.674393 -125.942497
v 13.072057 -35.587227 -121.944557
v 13.101163 -170.992889 -111.147705
v 3.733956 -169.336411 -64.099136
v 4.774360 -175.073318 -62.602615
v 5.512364 -176.081284 -66.062561
v 3.858005 -164.065735 -63.975990
v 14.691113 -163.959839 -117.097595
v 5.054750 -153.737686 -64.520920
v 5.075470 -159.738037 -62.631958
v 4.346173 -179.993484 -53.539097
v 4.784779 -184.423889 -47.881577
v 4.500346 -182.022705 -32.873989
v 5.551878 -172.362106 -18.108955
v 5.173162 -147.498428 -64.000824
v 13.441194 -154.621979 -123.073860
v 15.190605 -147.635391 -126.894211
v 3.053910 -147.552582 -75.455856
v 3.635553 -142.755844 -75.635193
v 13.912354 -138.422729 -131.091766
v 3.181471 -126.764343 -38.004978
v 3.031774 -126.238327 -48.909458
v 7.798080 -129.236160 -94.988152
v 11.732192 -126.943764 -94.667694
v 7.803308 -130.115997 -99.858284
v 7.787576 -122.051392 -105.965614
v 22.875355 -126.150551 -135.197220
v 9.163510 -124.481331 -96.430832
v 3.467363 -121.246681 -49.016151
v 3.150029 -126.543816 -54.387154
v 5.437314 -107.373428 -27.303440
v 8.987179 -117.521004 -108.970230
v 10.781225 -115.499374 -137.749069
v 7.647868 -113.542351 -110.859520
v 2.442666 -110.353142 -110.943230
v 7.581892 -110.551208 -98.858963
v 7.674044 -116.254105 -98.096619
v 7.950277 -110.998596 -112.017647
v 8.649222 -104.806763 -106.441330
v 7.701914 -106.940262 -101.433533
v 7.731975 -106.181664 -84.578362
v 9.213860 -104.626823 -81.189438
v 11.180223 -102.842049 -87.912636
v 5.058687 -106.608589 -33.157051
v 12.443877 -105.629646 -101.675011
v 7.824054 -100.534607 -87.902534
v 5.454053 -100.347382 -39.176361
v 5.334437 -103.714684 -37.090828
v 5.423837 -94.329529 -39.680893
v 12.584176 -97.374756 -88.244789
v 6.972159 -91.297707 -91.790771
v 7.598032 -91.700554 -89.944122
v 9.763708 -92.681534 -89.488106
v 5.491868 -87.506676 -34.388390
v 8.993664 -82.954796 -87.173416
v 8.466321 -77.100861 -82.597893
v 8.466552 -74.940994 -80.528915
v 7.037565 -79.634415 -14.292114
v 5.928026 -86.718185 -27.272491
v 15.558728 -70.349403 -123.004837
v 6.791208 -77.992775 -15.864954
v 16.632793 -64.687691 -134.541641
v 1.984910 -68.710014 -73.208000
v 8.496639 -69.709824 -74.745789
v 8.287866 -62.320129 -126.834007
v 21.892488 -35.545822 -118.448639
v 16.777718 -65.268799 -123.877411
v 13.922832 -57.358051 -124.938477
v 8.283976 -67.123436 -71.952248
v 9.213042 -69.418747 -43.330715
v 11.776778 -68.458282 -41.939514
v 11.634306 -55.000656 -132.232285
v 5.232237 -58.157284 -95.184555
v 7.503913 -59.334572 -96.470589
v 10.919356 -49.484707 -130.015717
v 7.462597 -55.927086 -87.400520
v 12.241943 -57.066620 -87.105804
v 13.518932 -30.485298 -116.764557
v 18.466227 -30.306429 -116.992661
v 5.907155 -182.954926 -52.676399
v 6.632724 -185.525146 -49.485115
v 13.369100 -184.088638 -53.036289
v 6.244570 -185.880859 -38.437542
v 4.620898 -184.616150 -38.078297
v 5.508257 -183.428528 -33.363869
v 6.484957 -185.448059 -36.209423
v 10.992429 -186.558075 -36.001507
v 6.015660 -181.340088 -56.878399
v 11.422174 -186.108627 -49.368721
v 11.892501 -186.626251 -47.729687
v 27.797750 -180.745590 -56.886909
v 11.694788 -186.729126 -38.500088
v 5.854591 -181.476730 -29.121374
v 8.269774 -182.337601 -28.720465
v 13.033996 -184.916885 -33.055943
v 28.029716 -179.278214 -60.316574
v 5.710939 -179.276825 -60.252163
v 28.409321 -177.918381 -62.852692
v 5.721222 -177.645706 -62.997868
v 22.579247 -183.294510 -52.941578
v 26.988634 -181.870590 -52.331959
v 28.605659 -176.036469 -65.810341
v 18.738150 -185.667236 -48.447849
v 14.177842 -186.349380 -48.258823
v 23.086950 -184.840866 -43.668278
v 5.565729 -177.708496 -23.635937
v 5.816904 -179.454498 -24.975056
v 27.833988 -181.183182 -28.726309
v 23.057297 -184.142090 -32.898144
v 18.249189 -184.636398 -32.911598
v 5.913694 -175.762543 -20.573832
v 28.198984 -179.478806 -25.062590
v 27.701475 -178.422989 -23.109894
v 28.462503 -176.204575 -20.405033
v 6.512532 -77.211044 -17.800779
v 25.964397 -77.717804 -16.444839
v 25.646362 -79.020836 -14.757158
v 25.669193 -80.583260 -13.127182
v 7.403373 -132.107391 -13.635427
v 6.050527 -101.806740 -20.606972
v 6.405793 -89.546089 -22.519588
v 6.517355 -94.315308 -19.929054
v 7.126463 -137.703796 -12.529142
v 24.013767 -136.986404 -10.818523
v 26.047003 -131.977295 -12.086687
v 25.882414 -126.729485 -12.474616
v 5.344719 -147.171310 -21.918627
v 5.555810 -163.019180 -12.375034
v 7.702574 -138.754852 -11.515131
v 25.561113 -139.019836 -10.371491
v 5.349417 -153.857407 -21.338812
v 6.856569 -152.737137 -11.047156
v 5.042078 -160.225616 -22.922979
v 6.368994 -157.891815 -11.317205
v 5.758163 -166.338882 -13.641648
v 5.934907 -162.014587 -11.939709
v 8.335398 -173.397385 -17.845375
v 6.412353 -170.909439 -16.119913
v 3.871488 -121.787727 -32.556145
v 18.201689 -90.921082 -32.646046
v 18.148396 -90.226898 -27.421127
v 5.774826 -92.231689 -38.102665
v 18.309950 -93.921593 -35.785500
v 18.336159 -99.855049 -36.137531
v 18.349983 -95.633270 -36.462261
v 18.289076 -102.054100 -34.795494
v 18.287804 -103.969360 -32.097698
v 18.313643 -104.509392 -27.738474
v 5.963941 -105.551483 -25.109407
v 18.276871 -103.822754 -25.785622
v 18.143852 -95.351524 -22.324423
v 18.197985 -100.599182 -22.718290
v 22.517300 -92.590675 -24.680595
v 27.796329 -173.467041 -17.909773
v 28.405569 -171.037643 -16.310843
v 27.983273 -167.712708 -14.386168
v 28.455311 -165.378845 -13.402328
v 28.210400 -161.818924 -12.027248
v 28.637030 -157.593491 -11.097543
v 28.650719 -153.255920 -10.401976
v 7.296616 -151.390640 -43.216679
v 9.623985 -156.447739 -46.906555
v 8.876074 -156.793579 -42.710926
v 14.652954 -158.567032 -48.838428
v 14.624156 -160.790802 -43.322392
v 9.217700 -144.834167 -43.348782
v 9.274390 -145.151459 -39.562759
v 9.464140 -145.176697 -46.780418
v 13.669012 -143.630554 -48.017757
v 18.487808 -154.465881 -53.217289
v 14.110078 -159.350327 -37.066101
v 13.657942 -143.354935 -38.430588
v 13.734821 -145.780579 -35.466625
v 23.719679 -147.409424 -9.276366
v 28.089252 -148.642410 -10.800058
v 13.751888 -142.233185 -43.401806
v 27.946520 -144.169708 -11.336349
v 28.002846 -138.238373 -12.587100
v 12.696807 -129.383423 -95.030190
v 12.882445 -123.861168 -102.935707
v 12.828221 -130.253845 -99.955322
v 16.501001 -127.641022 -102.388977
v 27.663256 -122.971924 -15.195719
v 28.204681 -134.236145 -14.746860
v 12.239423 -121.837715 -106.013718
v 31.632153 -83.219933 -17.022202
v 27.029154 -84.877235 -13.555997
v 27.270794 -79.532135 -15.308657
v 27.336000 -90.401573 -13.871531
v 32.159355 -84.943169 -16.634335
v 27.442686 -95.561226 -14.006080
v 27.217461 -120.840385 -13.849399
v 7.502255 -123.518303 -102.165657
v 13.833414 -114.883011 -97.888412
v 14.025325 -110.210266 -98.410774
v 21.868494 -99.438881 -139.588074
v 14.226314 -111.070381 -112.310341
v 10.126343 -105.935638 -85.913185
v 11.226747 -102.697495 -79.608978
v 11.693368 -101.253090 -86.923782
v 10.793455 -105.725540 -88.485046
v 22.341162 -104.130394 -27.567694
v 22.297789 -103.618690 -31.771513
v 25.164110 -102.073135 -34.237270
v 25.051476 -103.548157 -25.328974
v 10.454291 -104.375496 -106.335411
v 22.420794 -99.824493 -35.572521
v 21.874735 -100.458191 -23.360781
v 24.018166 -95.650414 -23.849903
v 10.859544 -91.712677 -91.393425
v 11.267073 -95.152191 -89.532486
v 22.583630 -95.969238 -35.735714
v 25.558186 -94.406387 -34.689182
v 12.146188 -79.378365 -138.585678
v 12.494385 -95.118698 -88.657036
v 22.099077 -91.856186 -32.203430
v 24.407427 -91.987617 -27.444437
v 25.669783 -92.144707 -24.654133
v 13.903360 -83.343437 -86.416695
v 18.949200 -80.911781 -83.752563
v 15.354322 -77.470863 -82.264313
v 11.700162 -71.927193 -77.245071
v 15.121913 -67.342728 -71.496376
v 14.314284 -74.428886 -79.582932
v 18.563538 -72.464127 -76.878616
v 18.584347 -69.800186 -73.393990
v 30.614676 -78.733757 -18.956881
v 11.852386 -63.720818 -68.481712
v 12.162169 -62.606712 -67.513557
v 11.090468 -57.623650 -68.246719
v 7.392689 -58.894909 -95.994080
v 16.136433 -47.264450 -72.461372
v 17.596272 -42.547886 -126.306610
v 18.577150 -37.759174 -123.321098
v 20.718679 -30.193974 -116.643074
v 13.939992 -186.150085 -38.048546
v 25.377077 -183.883957 -38.955456
v 27.078218 -182.378204 -34.115364
v 17.841505 -172.388824 -109.480667
v 23.640518 -174.481979 -106.298187
v 18.729212 -167.850739 -113.931549
v 27.944305 -163.737930 -116.996284
v 15.499909 -160.920746 -93.930481
v 15.784378 -160.546417 -92.144386
v 15.340071 -161.685318 -94.097809
v 16.001600 -162.371063 -92.143684
v 15.775551 -160.860657 -93.989288
v 18.115864 -163.110596 -91.697006
v 18.511486 -162.746964 -95.707680
v 17.584187 -160.079208 -91.539886
v 25.202475 -165.301743 -43.622272
v 23.332392 -162.004410 -35.605476
v 23.274002 -161.196365 -50.689575
v 23.249655 -158.651382 -32.375416
v 25.102898 -153.627701 -29.599894
v 23.102722 -153.445572 -55.047466
v 24.727221 -155.266052 -55.416412
v 25.042446 -147.004684 -30.451101
v 23.081535 -147.587006 -54.290913
v 24.460136 -143.644394 -32.738556
v 20.939220 -135.284103 -132.204376
v 24.079617 -144.919006 -53.193844
v 24.748138 -140.641617 -49.835041
v 24.859421 -140.180634 -36.726398
v 24.741259 -138.702988 -43.514854
v 17.032740 -129.677521 -94.303566
v 17.567661 -131.622284 -100.451271
v 16.875521 -126.482628 -93.439514
v 20.139906 -134.496902 -98.634651
v 19.693737 -127.977066 -91.309853
v 20.206383 -128.669891 -103.476570
v 21.303743 -133.101807 -102.386650
v 20.299967 -124.612236 -103.846863
v 19.146025 -121.638260 -94.252136
v 22.400885 -123.341835 -107.976227
v 18.352945 -115.551186 -96.109024
v 19.545708 -116.628296 -111.876312
v 17.425310 -101.975876 -108.760635
v 19.106050 -111.310097 -113.683022
v 20.724894 -101.729309 -109.235588
v 18.873272 -105.614761 -98.086586
v 15.995761 -108.002731 -126.218201
v 16.289762 -109.149483 -126.065117
v 14.076138 -107.716408 -121.804863
v 19.591124 -109.990768 -126.692787
v 18.332924 -109.058136 -120.065056
v 17.886545 -107.754852 -119.179367
v 23.906090 -111.051086 -127.328308
v 22.393734 -108.310852 -126.274689
v 21.014874 -107.772301 -119.075706
v 17.297895 -104.997803 -99.641647
v 22.256458 -99.835686 -120.339958
v 16.586102 -99.968948 -110.109688
v 14.647094 -96.908783 -113.022552
v 13.329111 -100.992058 -81.672363
v 15.279921 -99.218781 -81.908943
v 12.434390 -100.352127 -82.601852
v 21.157848 -90.064987 -139.549927
v 18.338869 -96.378922 -82.156616
v 18.263857 -97.166672 -81.184540
v 23.121235 -79.744186 -138.327240
v 18.503305 -85.331772 -86.071487
v 17.851166 -94.034088 -85.006935
v 21.285849 -73.072273 -136.753174
v 14.808125 -75.598610 -122.190559
v 18.757250 -78.013390 -81.847145
v 26.149036 -85.038857 -80.369926
v 24.872198 -80.610237 -79.107559
v 16.737617 -69.635620 -135.910156
v 18.769133 -74.877785 -79.334213
v 9.649837 -64.802490 -99.343285
v 14.099796 -70.820290 -98.980286
v 16.729664 -74.081619 -100.857491
v 14.005558 -68.686668 -96.944893
v 14.191751 -65.779152 -94.328400
v 15.871758 -69.365509 -96.045990
v 18.304331 -67.867477 -71.221199
v 25.174292 -74.707680 -69.280159
v 24.595072 -69.853432 -68.713760
v 14.332411 -64.815109 -68.813423
v 18.879292 -70.091949 -40.986305
v 18.454762 -69.366096 -53.433147
v 18.730028 -71.109680 -49.827652
v 19.153469 -68.928200 -52.867188
v 26.227453 -57.800327 -125.974342
v 24.489256 -65.243362 -124.248528
v 9.750177 -60.244530 -95.185722
v 13.630542 -65.181808 -94.476601
v 18.596336 -65.522339 -64.186729
v 20.256260 -61.115417 -60.479763
v 18.773811 -64.316208 -59.415154
v 21.115456 -66.890450 -68.069054
v 14.439679 -68.128716 -38.590248
v 17.979212 -68.926155 -38.069691
v 22.280451 -55.241306 -131.949570
v 24.976559 -64.724823 -134.364426
v 26.408850 -40.897007 -120.843391
v 23.028479 -49.137150 -123.752632
v 14.078101 -62.879322 -91.714058
v 12.928998 -59.515732 -89.377419
v 13.533369 -59.991932 -89.114578
v 17.932402 -54.714397 -66.654419
v 19.233181 -57.813969 -63.682896
v 23.450430 -48.599236 -129.276169
v 20.316862 -53.591530 -131.411789
v 15.968678 -58.390999 -86.589348
v 15.755962 -63.669704 -90.845901
v 25.699942 -53.862713 -85.302124
v 26.932804 -52.444813 -84.377029
v 22.901985 -49.912369 -78.520134
v 14.222165 -48.541828 -71.251839
v 21.521961 -44.779598 -127.443253
v 19.909868 -50.845226 -68.246468
v 19.386259 -49.330414 -69.951576
v 25.301075 -183.801544 -45.505966
v 24.930552 -172.215881 -109.466034
v 24.039194 -170.108948 -111.655052
v 18.950323 -170.146774 -111.743050
v 24.453003 -167.752365 -113.865593
v 27.651041 -148.301392 -126.436264
v 23.674868 -165.881287 -97.869148
v 21.077309 -158.241104 -89.625786
v 22.703568 -165.764648 -90.034103
v 21.867559 -161.044754 -98.968460
v 25.009787 -162.730011 -51.263306
v 25.127897 -163.724915 -35.576431
v 25.392239 -159.628693 -30.843895
v 18.175821 -152.068619 -110.942123
v 19.676546 -152.037521 -105.606697
v 21.171267 -157.962296 -113.040611
v 21.421968 -157.856262 -107.174995
v 23.459053 -156.355637 -116.332069
v 22.621675 -159.394165 -105.852089
v 23.142927 -159.915451 -109.446945
v 19.402796 -149.339417 -106.681099
v 20.954851 -151.846130 -102.437569
v 20.653839 -147.156342 -104.396042
v 17.548853 -148.947266 -111.903427
v 19.583206 -152.699524 -117.333397
v 25.039646 -147.097336 -56.069595
v 24.947788 -153.366058 -56.441692
v 20.771362 -140.796265 -108.289589
v 29.850389 -135.604736 -131.976425
v 21.297752 -136.586472 -110.678688
v 23.144358 -132.984573 -127.173729
v 26.459129 -130.356445 -133.894180
v 20.573023 -129.287888 -125.842529
v 23.261822 -128.277985 -126.145668
v 31.588552 -115.993408 -137.411438
v 23.002542 -127.226509 -105.578239
v 23.131130 -122.657738 -112.012032
v 30.034859 -123.074677 -107.178574
v 23.449087 -131.925217 -106.392616
v 19.111023 -116.593857 -94.991455
v 21.059492 -122.106758 -90.936432
v 23.345547 -115.529564 -88.813148
v 20.587862 -117.168678 -113.161705
v 21.669579 -105.466797 -95.189537
v 21.720680 -110.583214 -121.557274
v 19.181570 -110.747833 -119.084717
v 21.779718 -116.583366 -121.486443
v 20.260185 -110.393028 -117.260666
v 20.752184 -116.168869 -118.057701
v 23.827187 -117.809402 -121.971375
v 21.752485 -118.284668 -116.621094
v 21.915703 -99.412125 -102.361656
v 22.938093 -101.885170 -97.127403
v 19.632036 -101.557068 -101.742607
v 26.599066 -108.149628 -124.768066
v 27.283958 -107.007133 -121.850471
v 27.882097 -111.570541 -122.294838
v 26.590872 -111.853661 -127.320786
v 27.685091 -102.958260 -120.892273
v 20.554068 -99.935722 -108.900032
v 18.692183 -101.285103 -106.758698
v 22.219633 -92.680298 -113.643723
v 21.413683 -99.670242 -107.180481
v 22.671579 -97.247910 -119.130608
v 25.147667 -94.057518 -118.073982
v 26.325224 -87.836403 -112.230316
v 30.632572 -101.989479 -119.422546
v 24.960440 -94.198677 -74.712074
v 25.408348 -89.987862 -79.874939
v 24.387217 -93.542007 -78.428848
v 20.865610 -91.643929 -132.152924
v 20.830606 -92.566864 -130.339386
v 21.010229 -92.485382 -132.469208
v 26.461086 -92.559074 -132.780518
v 20.971243 -91.063293 -129.618759
v 25.104324 -89.141258 -127.360443
v 26.559971 -89.553810 -132.763351
v 24.539782 -86.453712 -83.192497
v 24.066366 -89.393814 -82.904312
v 21.985256 -76.376236 -78.492004
v 24.121996 -74.132309 -105.598495
v 18.652296 -76.824715 -106.820236
v 25.976299 -73.435944 -114.626930
v 25.799463 -69.871307 -122.998421
v 28.169559 -69.018234 -128.589462
v 28.075508 -64.168335 -127.661797
v 28.859283 -69.451286 -106.314781
v 26.734079 -74.430054 -127.520538
v 27.039482 -75.643944 -113.548347
v 36.788242 -69.707237 -110.560875
v 32.806049 -67.808334 -107.387383
v 22.555826 -74.182076 -110.820320
v 27.338352 -70.333031 -105.287849
v 19.663574 -76.915840 -102.317917
v 21.588713 -76.150932 -105.667847
v 23.721434 -74.163803 -101.237305
v 19.263327 -72.827332 -97.713409
v 21.622828 -72.834915 -97.753983
v 21.419716 -76.618614 -102.342316
v 24.577253 -75.794312 -74.073906
v 20.050203 -70.556282 -55.222397
v 18.335283 -65.331001 -134.335495
v 19.398161 -67.852295 -134.705643
v 22.122211 -68.076111 -134.665192
v 24.970070 -69.530472 -135.606476
v 18.965702 -66.880951 -92.139328
v 23.911335 -69.188759 -96.022255
v 21.502527 -66.888657 -92.123383
v 19.050493 -61.683464 -87.813614
v 23.994249 -63.714520 -90.957008
v 21.636740 -61.658588 -87.884888
v 24.352873 -58.063862 -87.092926
v 19.621403 -66.907150 -57.616009
v 20.128984 -67.489876 -58.215012
v 19.718687 -67.332535 -55.805473
v 20.918007 -68.977921 -58.995846
v 24.345007 -75.209877 -59.665028
v 19.446461 -66.625046 -61.420616
v 23.806683 -71.386513 -41.699875
v 25.034302 -69.113342 -38.200806
v 20.436808 -69.002586 -53.135258
v 20.648897 -71.959740 -50.393116
v 21.667496 -65.207581 -134.162567
v 19.963545 -66.056450 -64.066589
v 20.272791 -66.180367 -56.192192
v 24.004982 -70.287994 -64.787727
v 22.287903 -65.301353 -55.889347
v 28.978745 -58.982155 -54.377945
v 30.491928 -62.817757 -38.183163
v 29.037239 -62.624786 -32.885944
v 26.695932 -52.289452 -125.119476
v 28.585033 -54.006359 -59.990799
v 22.612335 -60.889889 -59.258194
v 20.218838 -53.942528 -66.412376
v 29.042976 -48.192528 -64.472397
v 22.664206 -52.959736 -66.215385
v 27.026291 -47.233047 -123.455872
v 25.484875 -49.530338 -78.241638
v 23.240005 -47.294266 -71.384315
v 24.144461 -48.107777 -70.098450
v 23.005562 -36.761200 -122.560822
v 32.467209 -29.897333 -115.561722
v 29.356209 -173.707092 -106.332916
v 27.672466 -174.244019 -103.505020
v 31.177256 -171.210281 -110.445343
v 36.813931 -163.725784 -116.618042
v 24.608442 -169.558258 -96.101578
v 22.144764 -159.153198 -101.042793
v 23.367590 -161.054276 -102.116165
v 24.865526 -165.000427 -101.173332
v 26.508257 -169.074463 -100.654503
v 24.459345 -162.693130 -83.215187
v 25.337097 -169.171524 -80.379684
v 24.775219 -162.124405 -105.418671
v 28.995323 -157.446655 -116.658844
v 29.079523 -160.989532 -113.976898
v 21.698227 -151.970383 -96.309761
v 21.670538 -153.520920 -90.595657
v 27.059088 -164.853165 -105.743484
v 22.974812 -152.287079 -84.521759
v 21.999311 -158.052155 -87.488564
v 21.933807 -148.514893 -91.154938
v 21.833563 -143.281815 -95.961159
v 22.951490 -147.804291 -84.945175
v 24.382322 -153.152420 -80.818520
v 24.688236 -148.673737 -80.224518
v 24.608932 -156.917267 -80.623230
v 25.503065 -157.140411 -78.771461
v 25.368223 -154.185272 -78.669571
v 25.571024 -147.581192 -78.241882
v 35.089390 -138.611435 -125.514511
v 34.039413 -148.821243 -122.451492
v 22.153671 -142.631836 -89.681824
v 21.551968 -142.731232 -100.616814
v 21.971027 -137.401108 -101.004196
v 21.427830 -138.346741 -96.802948
v 23.313538 -136.535324 -106.424843
v 23.311852 -132.539856 -110.716820
v 30.384037 -131.168488 -107.476906
v 28.229109 -127.313271 -106.287109
v 24.014347 -127.370911 -113.103912
v 27.952642 -126.860939 -112.509583
v 30.297310 -131.266983 -110.648705
v 29.582508 -122.430031 -112.093933
v 24.874794 -121.309425 -121.827599
v 30.667624 -125.576042 -120.020424
v 26.992037 -121.692360 -122.727615
v 22.933680 -142.850250 -85.703140
v 25.429741 -141.747070 -79.825851
v 21.912201 -137.731277 -90.523697
v 22.847618 -137.894150 -86.462105
v 25.370127 -137.058868 -80.577660
v 21.611650 -132.271927 -89.234550
v 22.924728 -132.742630 -86.071335
v 25.475771 -132.045624 -80.746346
v 28.658600 -127.086601 -128.180069
v 20.347178 -127.686958 -90.222549
v 23.879816 -127.018089 -84.626053
v 24.909637 -125.399200 -82.952965
v 24.680260 -119.261726 -85.276703
v 30.086893 -115.819649 -122.394524
v 24.687426 -115.300613 -86.560059
v 22.529270 -111.147949 -91.238953
v 24.919353 -112.757103 -86.909950
v 23.248030 -107.116264 -92.319733
v 28.439562 -103.476219 -89.215401
v 39.987164 -100.296127 -138.899078
v 27.950209 -99.918503 -94.825691
v 28.650393 -101.509087 -92.166840
v 33.227470 -95.225098 -139.351868
v 23.298044 -96.011658 -105.237289
v 24.386383 -96.454048 -102.321068
v 28.320015 -95.177887 -101.009758
v 25.022907 -90.155754 -107.432480
v 27.981102 -89.481339 -106.463638
v 28.191130 -92.742714 -103.615166
v 28.202391 -97.485138 -98.294296
v 27.205065 -104.558990 -24.608170
v 27.994213 -94.368874 -34.991566
v 27.658815 -102.842094 -35.014194
v 28.144300 -91.341011 -24.053970
v 27.643404 -94.294151 -128.307953
v 24.750940 -88.848709 -111.700531
v 36.996235 -80.445854 -138.202484
v 28.771334 -93.294037 -123.683296
v 30.549215 -97.155846 -126.960693
v 26.074432 -84.970909 -127.777962
v 25.929922 -84.713470 -122.557953
v 27.310965 -91.335091 -123.752510
v 25.368614 -87.479576 -108.316803
v 26.918184 -86.960068 -108.172806
v 25.951426 -84.559578 -112.331902
v 26.735849 -83.216873 -113.195625
v 25.242666 -74.732689 -64.144379
v 24.427147 -73.159767 -44.313267
v 29.047449 -73.990898 -44.309109
v 22.414408 -69.535324 -53.791439
v 28.178247 -69.679588 -55.336178
v 28.565825 -61.082317 -98.373909
v 28.115643 -64.986275 -56.647572
v 29.027079 -68.895042 -39.299603
v 38.380291 -69.010590 -23.728605
v 32.697304 -63.237518 -25.525583
v 32.426834 -69.235107 -25.911791
v 27.703823 -54.438206 -88.792679
v 23.522522 -63.056416 -57.503643
v 29.041151 -59.108192 -27.546839
v 30.086611 -59.716755 -24.250650
v 35.303513 -61.996601 -22.737972
v 29.173880 -53.849827 -131.305771
v 27.821306 -60.954487 -58.302361
v 28.669092 -63.516289 -57.347279
v 27.792080 -52.375980 -66.125862
v 28.953682 -54.440536 -54.871731
v 28.767900 -48.956284 -59.961155
v 29.637424 -9.155767 -56.281780
v 30.017445 -11.421422 -58.232880
v 24.505222 -51.082821 -68.008018
v 29.085011 -40.932487 -124.973351
v 25.893438 -48.132729 -71.043724
v 28.490229 -51.369267 -68.125809
v 30.173420 -42.565754 -65.738983
v 22.936834 -35.678432 -35.064060
v 22.793503 -28.234053 -38.662601
v 22.992117 -35.869682 -37.361454
v 25.747835 -40.654709 -33.417870
v 23.876125 -37.328133 -37.637684
v 23.129274 -34.442699 -39.546638
v 22.951965 -29.549622 -39.846355
v 23.219250 -32.209408 -40.420071
v 23.955332 -35.377129 -40.715691
v 23.976042 -32.389084 -42.015995
v 26.493382 -21.538467 -43.388916
v 23.732479 -28.942936 -41.471115
v 23.363384 -26.129255 -37.234707
v 22.862171 -27.813169 -34.649319
v 23.140009 -34.233986 -33.171356
v 23.462925 -26.091986 -34.789417
v 27.026432 -21.816778 -26.982435
v 23.137743 -29.831942 -32.872078
v 23.641539 -32.353016 -31.636957
v 23.919424 -29.518085 -31.226896
v 23.877934 -34.760223 -31.851210
v 26.995270 -43.399982 -32.853020
v 27.490158 -42.780319 -27.193205
v 27.211735 -43.546001 -38.888744
v 27.265451 -40.964699 -42.460522
v 36.331013 -30.864164 -115.692230
v 28.223251 -38.045525 -49.022850
v 26.515617 -38.182564 -44.179005
v 28.166969 -32.735966 -48.933262
v 26.848890 -32.337921 -26.617889
v 26.912231 -27.096106 -26.753702
v 36.800468 -29.513096 -115.914986
v 28.111036 -27.426258 -48.842876
v 26.129082 -20.858450 -32.547619
v 28.008802 -16.596121 -48.683853
v 27.064932 -16.148031 -36.397778
v 28.715549 -47.921207 -21.961504
v 27.158607 -16.523127 -26.963924
v 26.649145 -182.771164 -46.322281
v 28.162422 -173.837936 -103.586121
v 24.776363 -173.086334 -96.731216
v 32.664925 -171.554962 -106.808998
v 25.534613 -164.135239 -80.223366
v 28.128246 -163.097061 -72.735550
v 27.913601 -160.002151 -72.850388
v 30.629513 -168.930923 -106.227844
v 34.095119 -167.038589 -110.035896
v 30.013601 -163.984970 -111.067421
v 26.775669 -163.879578 -53.600136
v 25.914907 -164.820465 -48.874081
v 28.731697 -168.998840 -53.582733
v 28.648260 -170.927994 -48.940624
v 28.914785 -168.136429 -57.020741
v 28.694889 -173.209915 -44.984852
v 25.595442 -159.174744 -54.598984
v 28.677561 -164.339706 -59.086155
v 26.810001 -168.172684 -43.049099
v 28.631298 -172.124252 -37.157204
v 28.711952 -172.482071 -37.214520
v 26.838858 -164.450287 -32.066612
v 28.671265 -171.194885 -32.194435
v 26.961193 -158.405365 -27.932878
v 28.581039 -163.515533 -26.140556
v 29.041117 -163.584534 -24.491261
v 40.788162 -164.309448 -113.656578
v 26.877825 -153.376358 -74.249260
v 27.825867 -153.387909 -70.237579
v 28.227434 -159.071167 -70.791061
v 28.509409 -159.969009 -61.649601
v 28.652258 -161.143341 -61.752590
v 26.384344 -153.238846 -58.773037
v 28.182199 -154.132523 -63.500446
v 26.882837 -153.317657 -26.974781
v 29.192705 -153.774475 -21.866833
v 44.219276 -148.430573 -125.453079
v 26.852495 -148.117294 -74.538826
v 27.689892 -149.019821 -70.175354
v 28.395679 -154.756775 -66.913162
v 26.367653 -148.015198 -58.388447
v 28.141308 -147.060959 -63.074154
v 26.929033 -148.027115 -27.177849
v 29.083881 -148.230789 -21.951378
v 27.634371 -141.972656 -73.834877
v 28.154181 -147.901703 -66.978493
v 27.750040 -142.763000 -73.410866
v 25.988928 -142.302383 -54.096279
v 28.068007 -141.718689 -60.531303
v 28.165045 -141.501404 -60.799454
v 28.760519 -141.383896 -24.883192
v 28.861818 -141.182388 -24.654579
v 25.607882 -142.258453 -32.150444
v 27.818310 -137.856979 -73.231483
v 25.756630 -137.321075 -79.504662
v 26.485474 -137.265396 -48.518490
v 28.350504 -135.489182 -55.153275
v 28.433935 -135.318771 -55.477993
v 26.023161 -137.015854 -43.191864
v 28.560804 -135.202972 -30.806643
v 28.663338 -134.994171 -30.599819
v 28.651489 -137.314316 -27.011230
v 26.481667 -137.194809 -37.813648
v 35.041077 -132.228577 -127.170258
v 27.259878 -131.956512 -75.283928
v 28.259567 -134.001251 -71.219330
v 28.594637 -132.509201 -50.173786
v 28.819361 -131.969360 -37.642056
v 28.710791 -131.448273 -42.853916
v 28.812183 -131.166763 -43.061604
v 28.965693 -131.670853 -37.049095
v 26.100342 -126.675835 -79.681801
v 27.382982 -127.037888 -75.368896
v 28.439018 -122.848854 -72.298714
v 27.875015 -122.997803 -74.459297
v 26.503191 -121.867126 -79.873596
v 28.027252 -121.022865 -126.644516
v 34.066563 -121.972748 -130.638657
v 31.758375 -132.382339 -111.097458
v 33.135090 -126.697937 -102.788963
v 33.299454 -131.440399 -107.301544
v 35.241405 -126.852104 -101.918427
v 32.969730 -130.748993 -115.556236
v 30.609343 -126.191208 -117.477394
v 32.874123 -123.333466 -103.546089
v 28.078569 -116.078316 -127.195999
v 30.918814 -119.798302 -130.174316
v 32.541634 -120.307663 -105.206291
v 29.543146 -121.513168 -117.140541
v 27.408903 -115.552689 -79.334236
v 28.679161 -116.984093 -75.859070
v 27.283751 -105.965736 -13.950080
v 29.681021 -124.255318 -22.999004
v 28.596487 -113.208450 -17.213612
v 30.452517 -87.200043 -15.776107
v 30.886536 -116.327271 -131.193710
v 34.219555 -116.306381 -131.916443
v 31.457727 -115.823952 -122.754639
v 32.987621 -110.506508 -126.467270
v 30.864546 -112.950905 -131.405731
v 34.118835 -111.262802 -132.229141
v 31.812489 -111.234322 -112.656685
v 32.797047 -112.880257 -111.707710
v 30.812008 -116.285248 -117.860237
v 26.528660 -111.214592 -84.401413
v 28.505039 -110.810059 -79.916740
v 36.005348 -107.507973 -78.826836
v 31.582682 -108.112602 -113.353447
v 29.083858 -105.256943 -85.158699
v 28.891010 -107.602997 -80.871353
v 29.164848 -108.005325 -78.648651
v 28.699018 -109.222260 -78.459290
v 35.926434 -107.619476 -76.049904
v 35.157574 -107.022507 -79.709129
v 35.352768 -107.447929 -76.731537
v 36.052853 -105.827850 -84.481087
v 32.808128 -102.211288 -91.779945
v 37.060947 -104.445831 -89.660873
v 32.807056 -100.509262 -95.310829
v 31.636246 -93.980606 -37.347885
v 33.388699 -90.084869 -135.172028
v 33.498074 -94.957100 -134.166122
v 30.889328 -97.723648 -120.626495
v 32.310822 -102.197906 -119.274040
v 25.932409 -89.834808 -117.091034
v 30.338423 -94.721024 -120.997971
v 32.445347 -96.178406 -102.114311
v 37.265121 -100.609016 -101.752762
v 28.018538 -84.900131 -132.182571
v 33.622395 -84.965683 -135.150284
v 26.116257 -84.567490 -117.068176
v 27.274281 -79.615128 -113.269966
v 36.657139 -79.614746 -111.865158
v 36.942928 -85.055130 -111.458595
v 36.660648 -74.535210 -111.754707
v 29.179495 -74.780495 -131.283157
v 28.585714 -79.821518 -131.659683
v 31.601025 -89.649452 -107.459549
v 37.024479 -95.802750 -106.956032
v 33.838337 -79.253815 -134.777924
v 33.850254 -74.308395 -133.703735
v 34.404148 -75.574905 -46.964329
v 32.667835 -76.839073 -48.753044
v 34.782017 -69.130684 -40.401386
v 31.927370 -76.495415 -53.067001
v 39.783775 -72.825523 -44.150867
v 40.178055 -72.398193 -47.963848
v 33.682072 -74.120399 -53.182449
v 38.058224 -70.450745 -50.875416
v 39.887642 -70.259033 -49.836010
v 47.952229 -68.406929 -41.719666
v 47.640293 -70.960777 -44.121067
v 47.505489 -71.126427 -46.757164
v 47.745216 -69.710213 -47.150913
v 47.740582 -66.042015 -41.592442
v 39.416435 -65.767052 -41.104588
v 34.799992 -64.359505 -40.335510
v 30.413086 -70.372047 -131.081039
v 33.921253 -68.430931 -132.308197
v 36.175999 -69.504868 -52.521568
v 39.107868 -64.937126 -134.742767
v 34.271927 -62.638634 -130.538071
v 29.015265 -65.970093 -103.405251
v 34.167683 -64.753395 -106.489258
v 28.819923 -56.755840 -93.610535
v 35.165924 -64.708984 -52.856220
v 27.972012 -58.906078 -126.921013
v 33.961857 -58.102455 -128.950775
v 29.365309 -62.796452 -101.105988
v 37.258644 -59.630531 -105.344711
v 32.538647 -61.283115 -56.760109
v 31.831411 -63.200459 -56.476181
v 31.374863 -61.340084 -43.191635
v 34.293633 -49.175003 -129.199402
v 29.579916 -53.991299 -126.429459
v 33.800083 -53.456707 -127.284096
v 29.814060 -60.121441 -99.196358
v 29.485048 -58.492733 -96.863022
v 33.068577 -58.769741 -101.337624
v 37.206863 -54.407501 -100.283020
v 31.929359 -60.699299 -54.759274
v 33.941204 -51.629185 -126.499474
v 33.974075 -46.455956 -124.058678
v 33.082493 -53.998466 -95.200607
v 29.392567 -54.075832 -90.287392
v 33.058071 -52.453434 -92.057304
v 32.130890 -50.928852 -66.622070
v 31.567434 -48.814587 -65.941711
v 34.266171 -47.463242 -70.064034
v 31.434084 -50.701324 -68.314735
v 28.722548 -42.258514 -121.549919
v 33.693211 -42.306725 -121.844025
v 37.183788 -49.359257 -90.175941
v 36.593678 -48.358585 -85.085373
v 36.212811 -47.523468 -79.870483
v 25.677559 -48.400238 -73.936737
v 35.981785 -47.141640 -74.617210
v 33.946171 -39.846714 -120.527695
v 33.867863 -36.006687 -118.418076
v 44.156651 -33.846809 -119.240723
v 28.787043 -52.034145 -40.184471
v 27.992962 -48.216000 -32.589420
v 28.625463 -54.906181 -49.915943
v 43.857265 -29.044067 -114.701759
v 31.471598 -60.089561 -48.027576
v 28.984381 -5.392668 -51.468670
v 28.560823 -11.132212 -50.207447
v 30.442638 -14.431346 -60.136578
v 30.869314 -17.854267 -61.798561
v 29.643734 -43.643963 -64.841797
v 31.385187 -23.630333 -63.643284
v 30.990864 -37.820614 -65.610443
v 34.366875 -37.426723 -66.863159
v 35.563892 -41.862900 -67.829247
v 31.569012 -28.145617 -64.557709
v 31.455811 -32.947716 -65.224411
v 34.555412 -32.517651 -66.481537
v 35.202293 -24.330410 -65.565941
v 34.083202 -19.330448 -63.751617
v 35.937061 -12.514349 -60.591522
v 34.149300 -17.309841 -62.867485
v 33.613121 -8.822002 -56.850452
v 34.339073 -7.168795 -55.030216
v 30.922121 -4.606612 -45.772984
v 34.176723 -3.369455 -46.532654
v 35.293907 -4.950501 -51.666058
v 29.548937 -6.932212 -43.236561
v 29.471556 -6.585789 -30.717653
v 31.513527 -3.638601 -32.715321
v 35.500504 -1.409915 -37.640343
v 37.105206 -1.640106 -42.797501
v 30.697578 -4.593234 -26.201830
v 34.053997 -2.664359 -28.365742
v 34.860725 -1.727391 -34.139496
v 34.759880 -5.649358 -19.611032
v 29.190189 -6.132231 -20.040630
v 29.611526 -56.231384 -18.443764
v 29.515196 -7.830501 -17.776501
v 29.282024 -57.863712 -20.526152
v 29.071032 -11.445177 -20.428392
v 29.974403 -53.883442 -15.968539
v 29.995087 -11.002728 -14.654516
v 35.291859 -9.474442 -14.775110
v 33.590237 -7.339859 -17.483236
v 30.216578 -52.377926 -14.707298
v 30.672483 -44.993336 -10.860712
v 30.522343 -17.260101 -12.160215
v 34.056465 -14.467999 -11.193702
v 30.840666 -19.531153 -10.489003
v 31.162451 -41.050625 -8.948051
v 31.315060 -23.434032 -8.824869
v 33.920429 -18.272158 -9.083490
v 34.857098 -24.172384 -6.525509
v 31.499336 -36.558270 -8.147150
v 31.582479 -28.112743 -8.121705
v 31.637772 -32.291019 -7.925427
v 35.536160 -27.780695 -5.630415
v 35.580578 -32.528961 -5.396914
v 35.574993 -36.807503 -5.799748
v 35.463776 -40.886822 -6.813058
v 34.857849 -49.545643 -11.309666
v 33.982483 -52.018082 -13.308162
v 35.562958 -54.563377 -15.180392
v 33.618301 -58.565842 -19.751688
v 28.955917 -53.826550 -21.435528
v 35.186852 -62.889065 -43.488018
v 36.733124 -63.071255 -47.501911
v 28.655836 -53.946705 -27.426327
v 28.365526 -10.759824 -27.477633
v 28.237364 -11.315160 -42.540211
v 29.165598 -158.411041 -12.234793
v 29.458406 -158.861557 -21.539845
v 29.966290 -152.690369 -12.959087
v 30.289524 -152.674240 -15.251603
v 30.230877 -150.633728 -14.752427
v 28.730190 -142.939514 -16.841375
v 28.372433 -143.188873 -12.077250
v 29.978344 -150.707901 -13.331654
v 29.496487 -118.127975 -44.494839
v 29.563625 -114.506516 -25.714413
v 29.861927 -111.030960 -53.807087
v 29.994011 -111.243065 -58.907013
v 35.318897 -171.254272 -109.425026
v 38.515469 -169.446335 -110.576065
v 40.740204 -167.746918 -112.452942
v 42.106899 -148.785919 -122.147575
v 40.406277 -139.708160 -124.323105
v 43.470551 -132.318268 -132.739120
v 40.411625 -131.002563 -120.218102
v 34.491520 -129.933792 -119.153450
v 40.756695 -130.362976 -126.864006
v 39.442123 -127.031464 -128.092270
v 32.956608 -132.345810 -112.373253
v 34.824261 -132.891983 -111.572723
v 33.741898 -132.364288 -108.556183
v 40.161987 -133.815903 -112.156433
v 40.158428 -133.573669 -113.697327
v 39.436985 -132.239288 -105.604820
v 39.408123 -133.362915 -108.866051
v 39.228947 -129.788895 -102.572861
v 37.706825 -122.895844 -129.397003
v 32.047581 -120.207787 -122.013824
v 32.413975 -118.311653 -108.924011
v 33.339176 -107.432457 -113.292786
v 33.945118 -109.149612 -111.690361
v 33.570396 -113.149933 -110.662811
v 34.827991 -117.948006 -106.459793
v 39.533745 -126.677132 -122.068855
v 38.766663 -121.439110 -123.673210
v 33.647202 -126.292488 -102.323425
v 44.846870 -127.584305 -100.214996
v 40.004051 -126.473190 -100.814217
v 44.285416 -115.933426 -136.907303
v 38.070488 -115.734322 -126.825279
v 35.899239 -116.199562 -128.166016
v 37.740963 -117.262665 -124.720932
v 39.664364 -122.334381 -101.767502
v 39.025295 -118.406364 -104.061531
v 45.935600 -125.173119 -99.999275
v 31.004416 -112.138641 -68.943573
v 30.651377 -111.527336 -64.145714
v 30.536966 -106.166466 -48.314236
v 29.816397 -106.036995 -43.153267
v 34.603714 -103.404465 -56.381016
v 33.708580 -105.083435 -58.069294
v 38.799858 -104.991310 -67.542572
v 37.690086 -104.452393 -64.254509
v 38.735546 -104.101944 -65.360046
v 38.408218 -106.203072 -71.202644
v 37.387012 -110.641396 -132.161407
v 36.331345 -114.331810 -131.559402
v 33.178448 -112.605606 -125.015427
v 37.248318 -113.243828 -125.424942
v 34.495674 -114.142731 -109.484581
v 45.791798 -117.425270 -102.624504
v 45.896698 -113.082611 -104.332672
v 28.384069 -95.449799 -17.431826
v 34.225040 -106.540794 -127.254608
v 35.780937 -106.578331 -132.605698
v 39.591995 -106.124382 -133.124344
v 40.101013 -107.639061 -125.589828
v 39.011444 -110.585976 -126.473488
v 34.141201 -110.768852 -110.993568
v 38.691593 -110.296211 -109.547958
v 37.952400 -113.565674 -108.365417
v 39.465363 -106.114273 -111.491661
v 33.781193 -105.352463 -115.605461
v 38.314587 -106.965561 -75.400002
v 29.196489 -106.119995 -38.001335
v 28.645496 -95.253403 -21.467010
v 29.455109 -89.947166 -22.263765
v 31.902821 -87.048843 -17.842545
v 29.938852 -89.797508 -26.960884
v 34.825726 -84.940872 -22.994875
v 37.918228 -82.645157 -22.005182
v 36.425446 -83.174744 -20.452017
v 31.449709 -89.838036 -31.981186
v 32.448132 -85.952179 -27.384083
v 32.209755 -96.722015 -39.538994
v 31.297543 -101.113655 -43.363098
v 33.494022 -102.072899 -127.381233
v 35.098579 -104.529144 -124.527824
v 39.340290 -105.833351 -123.450356
v 34.063328 -101.627823 -130.555069
v 39.531376 -101.358475 -134.680450
v 33.239552 -101.608871 -123.123405
v 39.977722 -103.723160 -116.857170
v 39.072845 -102.245476 -61.677460
v 38.758678 -99.632401 -54.816917
v 35.261974 -99.416687 -50.700245
v 38.729111 -95.700912 -135.722900
v 39.724499 -104.892418 -121.856583
v 38.420853 -104.938042 -114.990196
v 38.202732 -105.447906 -86.779808
v 38.555031 -104.096291 -93.486496
v 35.272671 -96.493752 -43.824482
v 35.813259 -97.870888 -48.521904
v 36.798817 -94.283356 -41.586414
v 38.113853 -94.207062 -42.826622
v 37.282261 -92.502106 -40.308960
v 38.642998 -102.350105 -99.685303
v 37.326187 -99.395432 -105.116501
v 43.758446 -95.279152 -48.982677
v 41.664642 -97.795982 -53.123608
v 35.600147 -90.118553 -37.340092
v 38.569870 -90.961456 -39.533962
v 42.678204 -91.421127 -41.168404
v 41.276932 -84.895500 -135.992523
v 38.022221 -93.674644 -109.040489
v 37.845177 -100.963997 -112.405930
v 36.705765 -88.451485 -110.726898
v 35.745098 -83.937233 -33.532604
v 38.280884 -88.650650 -110.776672
v 37.653286 -84.539719 -111.470100
v 35.993942 -85.654320 -35.251186
v 49.488564 -85.322960 -37.128269
v 36.005154 -82.073463 -27.616747
v 36.150105 -82.611404 -31.720535
v 39.684731 -81.250237 -27.019812
v 37.862656 -79.264267 -111.734467
v 49.459591 -81.124222 -31.970739
v 43.839603 -67.969368 -132.896454
v 37.910351 -74.779037 -111.719849
v 47.156902 -77.341110 -23.851736
v 48.555569 -75.474861 -24.118528
v 41.858410 -79.702324 -21.785923
v 38.230103 -81.234444 -20.339077
v 52.617249 -74.942612 -25.885956
v 49.521141 -68.890465 -23.174892
v 54.664055 -68.714432 -23.609325
v 52.551025 -76.756615 -27.665524
v 37.647701 -65.276260 -108.865395
v 37.650711 -70.718803 -110.978691
v 39.442799 -66.678131 -23.123619
v 42.634148 -62.623230 -131.227493
v 37.915257 -53.914867 -100.140083
v 37.981369 -59.923946 -105.965942
v 39.769711 -64.373810 -43.506378
v 39.806911 -64.541870 -46.436272
v 38.874794 -59.646996 -19.379658
v 39.055241 -55.652958 -15.630943
v 43.782970 -51.297932 -126.433685
v 38.305832 -50.390076 -94.291550
v 38.920925 -52.549171 -12.827366
v 38.493904 -49.978889 -10.950137
v 44.224449 -46.329723 -123.874763
v 38.045364 -47.295132 -82.132050
v 38.444309 -48.632870 -89.134598
v 37.802540 -46.214291 -75.278786
v 38.319427 -46.731430 -8.887555
v 38.464756 -42.205231 -6.617712
v 38.858353 -37.081692 -67.976852
v 38.621479 -40.937649 -68.971809
v 44.758102 -35.706577 -117.645752
v 39.089100 -32.584713 -67.487595
v 38.435699 -37.093063 -5.151030
v 38.391911 -32.448746 -4.651746
v 38.898247 -29.697155 -115.111259
v 38.867935 -27.552172 -66.810150
v 38.483994 -27.940063 -4.874763
v 47.391472 -28.854986 -114.445297
v 38.781982 -23.027781 -65.836479
v 38.280254 -22.578756 -6.121251
v 38.566887 -18.008944 -64.052841
v 38.218430 -17.792374 -8.090957
v 38.337940 -13.406162 -61.488300
v 38.184402 -13.219146 -10.981840
v 38.614410 -10.641227 -59.350594
v 38.391785 -9.290078 -14.361334
v 38.507923 -7.366817 -55.925297
v 38.339127 -5.926057 -18.536201
v 38.391212 -4.621171 -51.783939
v 38.896599 -2.850764 -47.907288
v 38.431927 -3.396941 -23.191177
v 38.616814 -1.676013 -28.123268
v 39.792694 -0.590766 -38.164841
v 38.678337 -0.856106 -33.158138
v 43.681889 -161.482651 -117.060806
v 42.918602 -164.809875 -114.039581
v 46.905788 -150.892807 -123.447227
v 45.523220 -150.331924 -121.317413
v 46.484684 -144.317963 -122.572441
v 45.637173 -139.772110 -122.982178
v 45.299938 -131.835052 -120.638008
v 45.629208 -128.895096 -126.963501
v 45.385281 -134.954208 -112.874023
v 47.022938 -134.329361 -103.879875
v 44.940723 -133.027039 -118.366951
v 46.363922 -135.007797 -115.672630
v 42.767200 -132.993607 -104.510124
v 45.791466 -132.311890 -102.413055
v 45.103680 -129.011566 -122.568604
v 49.676289 -126.171188 -99.812164
v 44.419971 -121.812340 -101.149315
v 40.923103 -111.967155 -107.155365
v 39.824951 -107.481941 -108.574921
v 44.284168 -106.848839 -126.345451
v 50.947670 -100.626602 -134.455063
v 48.541843 -104.270645 -132.615646
v 42.354282 -106.887856 -124.728630
v 40.737152 -102.120865 -113.223045
v 37.790504 -100.015625 -105.844795
v 61.023396 -106.515091 -89.247574
v 61.064259 -107.160301 -84.535614
v 59.833298 -105.706741 -93.882675
v 38.505817 -107.012833 -79.396690
v 61.032253 -107.298462 -80.061310
v 59.487648 -103.945351 -67.600311
v 60.621078 -101.299515 -63.393688
v 45.153927 -95.838089 -138.629013
v 45.707325 -95.692955 -136.015686
v 44.149036 -101.338318 -114.125336
v 43.464359 -100.516357 -112.988464
v 43.785465 -105.281181 -120.971802
v 44.634285 -105.103615 -99.076401
v 41.754402 -108.160759 -106.573967
v 39.786129 -101.084023 -59.388721
v 44.150845 -100.282471 -59.542461
v 48.294586 -94.161423 -48.754406
v 48.266609 -91.738457 -43.976849
v 43.370216 -92.573242 -43.089085
v 49.303669 -98.061295 -56.988182
v 50.311954 -96.358536 -54.207489
v 51.606758 -92.660095 -47.063339
v 53.292267 -91.070206 -44.756031
v 44.306049 -93.356094 -110.412453
v 50.326305 -87.850891 -110.967789
v 48.169510 -80.738098 -137.569595
v 48.206253 -79.531227 -135.107025
v 38.683086 -84.192017 -111.205116
v 60.959282 -83.614029 -111.223038
v 58.746964 -79.126663 -111.857124
v 48.392033 -90.047340 -41.689034
v 54.779438 -84.937469 -37.807701
v 48.615582 -78.689629 -26.899933
v 54.727741 -80.098106 -32.408463
v 70.334366 -79.339783 -34.081886
v 59.948563 -77.062080 -30.253811
v 63.285961 -73.686905 -27.871708
v 59.584843 -72.775291 -26.539764
v 70.781433 -76.770493 -31.862125
v 70.587425 -71.650345 -27.475657
v 75.861824 -72.545242 -29.634897
v 75.783012 -77.650444 -34.244965
v 70.914192 -81.546043 -36.458710
v 60.326576 -84.877174 -38.622097
v 53.378777 -89.538269 -42.604645
v 59.238106 -70.159798 -111.445778
v 38.419590 -66.014366 -109.431488
v 56.517334 -65.770905 -110.199074
v 47.345352 -65.880173 -44.949558
v 54.695629 -64.061783 -21.507368
v 49.369946 -66.663727 -22.478998
v 60.089527 -68.570892 -24.230190
v 39.996941 -61.309231 -107.371971
v 49.311153 -59.681885 -18.819342
v 53.848476 -58.081028 -105.997200
v 51.969540 -56.086948 -16.105156
v 45.338974 -49.192074 -128.433807
v 39.575306 -54.742752 -101.906174
v 39.385250 -52.263958 -98.457878
v 49.448566 -49.341129 -94.439919
v 39.746384 -47.293957 -84.783836
v 51.907288 -47.277775 -89.474266
v 39.745632 -46.481983 -79.750946
v 47.145088 -39.633564 -70.103088
v 48.622047 -37.056259 -69.432060
v 56.972984 -28.450323 -112.826546
v 59.439754 -22.867208 -6.712500
v 60.763031 -14.749154 -10.906520
v 60.728817 -18.182585 -8.924798
v 59.761883 -12.367320 -12.560279
v 52.035240 -8.034362 -57.232338
v 52.348866 -6.272106 -55.134197
v 52.417950 -1.006563 -42.641804
v 60.956387 -4.107602 -23.472055
v 60.873520 -6.085553 -19.914808
v 60.536037 -2.121786 -28.455544
v 59.273067 -0.877201 -33.279903
v 44.902519 -161.205887 -116.626411
v 47.561935 -155.054337 -120.164558
v 47.211182 -155.739456 -119.185783
v 48.731628 -149.872452 -121.614990
v 50.840969 -141.605484 -120.583252
v 54.895084 -138.667526 -128.102585
v 50.347942 -139.748703 -122.522255
v 50.016186 -143.073090 -122.622375
v 55.605961 -132.279922 -131.212204
v 51.159969 -134.904739 -112.764389
v 53.128120 -116.522797 -135.976730
v 49.669212 -131.126053 -121.368767
v 49.016678 -129.599548 -122.914703
v 52.014736 -129.821686 -125.476509
v 53.957298 -134.550552 -105.984077
v 47.588501 -134.181000 -103.561821
v 49.766640 -113.155106 -103.820099
v 53.705742 -98.761276 -137.774765
v 43.636482 -111.290665 -105.493164
v 49.829037 -105.620865 -98.739861
v 49.805241 -106.238892 -126.712128
v 50.609070 -100.824860 -114.603859
v 55.238262 -104.954407 -121.115532
v 50.819706 -99.752602 -59.792068
v 51.280354 -85.099403 -135.404037
v 62.737076 -74.523911 -111.911346
v 52.803047 -65.048744 -133.786072
v 60.303440 -80.574791 -136.029907
v 53.823166 -63.084690 -130.294815
v 47.585381 -65.924500 -43.374886
v 54.661858 -60.975460 -19.766703
v 54.608196 -57.971909 -17.663658
v 56.537640 -51.820900 -125.217033
v 52.625370 -55.846500 -103.957748
v 54.515648 -53.680386 -101.772568
v 53.908600 -51.677025 -98.863983
v 54.753494 -34.301197 -118.538506
v 49.583401 -46.085167 -85.461594
v 49.961491 -44.814075 -79.934082
v 48.537163 -43.676289 -76.101151
v 49.376080 -32.764034 -68.340347
v 60.606388 -36.795925 -6.236298
v 54.596233 -27.508339 -67.551888
v 52.794342 -23.053421 -66.126289
v 51.872730 -145.640625 -124.512688
v 51.105995 -146.506500 -123.045135
v 51.804836 -144.712860 -123.037048
v 54.473858 -138.396973 -123.274857
v 53.505093 -134.768982 -115.517250
v 53.657509 -131.515076 -120.274986
v 52.242542 -129.962433 -122.376175
v 51.763863 -129.354126 -125.873596
v 54.234348 -134.233215 -112.526627
v 53.277306 -134.751648 -105.146538
v 55.073952 -129.861221 -102.256256
v 54.689186 -126.995262 -100.945290
v 57.097664 -128.525970 -103.479118
v 52.819862 -125.345436 -100.584259
v 53.040176 -113.309059 -104.627968
v 54.989296 -105.554123 -99.336594
v 55.002075 -105.606041 -127.646255
v 53.979218 -103.897545 -132.115646
v 61.031467 -106.750481 -75.788223
v 60.892750 -105.615906 -71.843567
v 58.726559 -96.334732 -134.195892
v 54.714188 -102.399101 -115.505104
v 54.079082 -100.602257 -114.482857
v 58.852520 -103.388023 -131.705719
v 57.612095 -104.221458 -116.168510
v 58.761925 -106.159691 -120.873726
v 54.731236 -93.524284 -110.583351
v 54.904865 -95.561760 -54.028812
v 59.637234 -90.462685 -45.445786
v 57.969849 -80.650124 -133.951096
v 55.774532 -68.353104 -131.655396
v 58.526806 -60.803787 -108.110062
v 57.921474 -49.308109 -126.877327
v 60.727577 -48.151752 -122.600349
v 59.628181 -54.088329 -15.104591
v 60.735657 -49.704182 -12.050391
v 55.119389 -48.976898 -94.270866
v 59.627033 -41.737411 -7.512495
v 60.515163 -41.765320 -122.396843
v 54.669430 -35.630547 -116.611557
v 54.844269 -43.646790 -79.752861
v 54.110798 -39.074257 -73.262062
v 54.481316 -42.208405 -77.333511
v 60.610252 -32.237305 -5.756734
v 54.734676 -32.674740 -69.454453
v 60.651463 -27.852650 -5.964900
v 57.592892 -28.134180 -112.962975
v 55.007683 -18.377626 -64.429939
v 60.823006 -9.804286 -15.151356
v 59.642193 -7.430875 -17.865368
v 55.663277 -2.270676 -48.055138
v 56.516205 -137.677933 -126.978226
v 57.859421 -135.632126 -125.919830
v 54.637547 -132.365509 -117.742012
v 59.687370 -132.999741 -125.471268
v 57.911545 -130.922745 -109.049843
v 55.879829 -132.152573 -104.689247
v 57.699757 -130.758377 -106.722343
v 57.419189 -129.759521 -116.607552
v 55.693874 -132.990997 -113.151604
v 60.464592 -116.395638 -134.870316
v 55.739250 -119.518280 -104.251968
v 54.951996 -111.456154 -105.854576
v 64.066696 -101.250206 -136.004120
v 56.092945 -105.647278 -128.534683
v 60.025024 -102.515137 -132.073685
v 57.615341 -104.094734 -131.538101
v 56.414623 -108.390831 -106.555717
v 57.532066 -107.704651 -108.738190
v 57.897495 -113.724785 -109.535767
v 59.767368 -103.761696 -99.323555
v 63.130894 -96.114151 -136.330368
v 55.914978 -100.195938 -113.196426
v 57.613419 -102.044586 -112.528740
v 60.554485 -97.333588 -57.762981
v 59.815174 -93.876373 -109.114212
v 60.191662 -87.746002 -110.313034
v 60.258812 -95.116730 -54.315678
v 59.899658 -93.456726 -51.209896
v 63.368378 -65.227104 -132.205643
v 63.503429 -63.477051 -128.605820
v 80.291550 -62.889824 -112.923157
v 60.122646 -63.890915 -21.816502
v 61.386250 -60.735985 -20.100157
v 59.958729 -59.918514 -19.459803
v 65.342972 -66.334885 -23.416418
v 60.948616 -54.715023 -15.749254
v 60.534492 -46.161678 -9.835716
v 62.626507 -36.447212 -115.604233
v 81.741669 -43.143272 -79.936539
v 81.390724 -41.437035 -77.908073
v 81.022903 -37.802708 -74.281708
v 80.872688 -33.991684 -71.787483
v 54.781780 -35.120224 -70.676697
v 84.574799 -37.086773 -75.650764
v 89.936584 -36.090347 -80.261292
v 89.261520 -31.062656 -74.997398
v 60.604057 -41.007820 -7.414305
v 66.634613 -27.695498 -110.183266
v 85.738686 -31.246521 -70.923637
v 86.169533 -26.758650 -68.954597
v 60.644592 -23.942553 -6.674423
v 81.353958 -10.231091 -59.769615
v 65.374634 -0.775963 -36.595905
v 62.223976 -129.661362 -129.295853
v 68.579659 -122.644768 -130.604218
v 59.299244 -126.434212 -117.051323
v 60.210987 -125.285698 -119.306641
v 64.318970 -127.227936 -127.693359
v 59.707504 -125.290108 -115.940018
v 58.322178 -128.469101 -115.155777
v 58.043327 -129.338196 -106.036346
v 60.738712 -122.103409 -120.309647
v 62.959530 -125.208160 -126.143394
v 60.583702 -121.878494 -119.111252
v 57.696278 -123.382027 -105.585472
v 69.125664 -115.840630 -133.067688
v 63.472214 -121.916183 -126.485306
v 66.312500 -117.349701 -128.364243
v 61.028343 -117.675880 -121.563469
v 60.948051 -116.170372 -120.898979
v 61.557583 -117.828140 -123.417053
v 58.779781 -121.620247 -108.626251
v 58.011978 -106.393204 -111.774918
v 59.037796 -111.517601 -113.493904
v 61.588226 -100.063446 -105.498909
v 61.914745 -99.747543 -105.079849
v 60.855194 -103.166893 -99.460541
v 57.796028 -104.162445 -115.278305
v 65.307587 -104.041557 -94.610588
v 60.873703 -105.644554 -93.122520
v 60.894730 -103.062408 -66.270401
v 59.280212 -106.555855 -121.034218
v 59.000687 -106.306206 -118.798882
v 65.560295 -102.905830 -131.374847
v 70.270355 -96.141914 -131.892578
v 60.898880 -94.045357 -108.629898
v 65.641769 -98.968201 -60.894009
v 65.290062 -88.861794 -108.667641
v 65.788177 -94.940117 -54.945496
v 70.660301 -96.717331 -58.290382
v 70.820038 -94.713226 -55.242111
v 65.229576 -90.104141 -45.783176
v 65.399567 -76.844452 -112.042313
v 69.369637 -80.727089 -134.225830
v 69.238472 -78.909203 -131.208298
v 66.396179 -67.960602 -129.301071
v 76.153587 -65.221535 -113.242378
v 76.457359 -59.590847 -109.852081
v 67.704750 -49.450615 -124.970772
v 70.698135 -51.825268 -121.578949
v 65.425941 -51.215923 -13.938552
v 65.574928 -57.111248 -18.168901
v 70.591057 -53.755615 -16.370724
v 70.695007 -50.983128 -14.388359
v 69.601242 -66.125313 -23.484329
v 75.821091 -56.718292 -18.666994
v 82.346382 -50.210331 -100.246727
v 65.267265 -41.706657 -8.430984
v 89.367783 -45.079029 -84.983292
v 87.148819 -46.364586 -90.007401
v 88.848228 -43.747471 -79.567841
v 92.253998 -48.351986 -85.961227
v 91.680786 -45.180573 -89.676292
v 92.374390 -46.254456 -88.939568
v 89.944160 -47.582726 -79.898918
v 90.016632 -44.528076 -74.696884
v 97.764114 -44.557163 -75.369209
v 89.980186 -37.107922 -80.686340
v 97.094879 -45.098240 -80.405891
v 64.212700 -34.488842 -117.017609
v 68.984444 -35.323269 -113.245972
v 65.235390 -27.553587 -111.005829
v 70.786789 -27.188631 -109.014122
v 86.137833 -22.648243 -67.280144
v 81.207390 -22.559200 -66.739037
v 65.373161 -22.638205 -7.992410
v 65.359871 -27.321552 -6.982942
v 81.527016 -17.385502 -64.380447
v 70.278465 -18.712866 -10.131959
v 65.419044 -16.249252 -10.817942
v 65.424622 -12.863406 -13.260876
v 75.920937 -7.704099 -57.276951
v 76.084625 -5.913070 -55.125744
v 65.449165 -8.173205 -18.059744
v 81.439903 -3.705528 -51.945789
v 65.549065 -2.911883 -27.803770
v 86.584099 -1.391944 -43.227940
v 66.739594 -124.345161 -128.985306
v 59.424538 -124.892952 -111.571938
v 70.373520 -116.814400 -129.583023
v 60.070847 -122.121468 -116.240402
v 60.170982 -115.062317 -117.004715
v 59.448528 -117.482414 -112.710663
v 60.838184 -108.981972 -121.633873
v 67.184387 -112.087799 -129.008911
v 73.564026 -111.123123 -129.901382
v 73.411118 -99.451393 -133.904510
v 66.919456 -107.346420 -129.968628
v 73.745529 -101.556305 -130.591461
v 65.494316 -105.303864 -90.382927
v 70.377319 -103.125496 -94.259918
v 65.508850 -106.463837 -85.760208
v 87.252602 -103.352539 -89.672859
v 87.207458 -101.819000 -93.574211
v 70.422195 -106.042458 -85.177719
v 70.446388 -106.258087 -80.316788
v 70.474388 -105.532684 -75.254921
v 65.413422 -105.886299 -74.354172
v 65.491547 -104.457199 -70.353485
v 70.493607 -102.234344 -66.774338
v 87.384499 -103.847366 -75.770592
v 87.594894 -102.394981 -71.071686
v 65.431664 -101.079636 -63.955719
v 70.524506 -100.894913 -64.505562
v 65.477547 -100.546059 -101.084221
v 70.298500 -99.374275 -99.932861
v 64.708138 -95.413956 -105.640701
v 70.046951 -94.342148 -104.559036
v 70.244057 -97.078377 -102.336746
v 70.350639 -101.269608 -97.445305
v 89.507652 -97.124268 -61.833115
v 70.472588 -88.678070 -108.298874
v 70.242302 -91.949051 -106.314781
v 70.317390 -89.548882 -45.769558
v 76.056602 -89.380653 -46.985119
v 90.029404 -95.089218 -59.546501
v 85.614250 -93.531723 -56.128235
v 68.842087 -85.027534 -132.114929
v 65.497665 -84.704407 -110.151604
v 86.404099 -84.226593 -109.873444
v 70.916000 -86.791275 -42.243282
v 76.267075 -82.919815 -39.340252
v 76.302765 -87.543228 -44.555122
v 65.712952 -80.219154 -111.374809
v 86.747215 -80.482216 -112.271172
v 86.924362 -77.987572 -114.467392
v 81.438660 -74.713844 -114.596954
v 67.572815 -83.210709 3.925788
v 66.044456 -78.747681 3.813685
v 67.884598 -83.330444 3.584728
v 64.265610 -69.352600 4.390284
v 69.677383 -61.994389 3.043556
v 64.287460 -69.398605 4.202881
v 69.498207 -85.648666 3.337015
v 69.044182 -84.900696 3.599190
v 70.163445 -80.111969 2.524227
v 65.724365 -75.404999 4.321799
v 72.830254 -80.613998 3.821539
v 72.986977 -87.378235 2.880368
v 68.348160 -65.906448 3.984002
v 72.797188 -65.490105 -129.963226
v 73.507545 -67.874840 -126.771172
v 70.164307 -68.403732 -25.077850
v 64.382217 -66.520287 4.315310
v 64.748047 -65.441048 4.133621
v 65.009132 -64.826439 4.245177
v 70.714119 -66.513824 -23.955547
v 75.496269 -66.520676 -24.897810
v 76.038376 -59.637928 -20.566839
v 72.855209 -61.146465 2.714722
v 70.960434 -55.420246 -126.711662
v 71.685959 -62.487244 -125.546951
v 82.115685 -51.908688 -103.481407
v 65.386612 -48.062691 -11.996487
v 80.646927 -47.619209 -11.249079
v 81.142700 -53.809566 -15.464038
v 84.419014 -51.525368 -12.032404
v 71.579102 -44.476437 -117.275764
v 70.430420 -45.399147 -10.585022
v 70.454529 -41.678970 -8.910956
v 74.311623 -41.877132 -118.807640
v 65.339516 -37.306652 -7.355260
v 72.012283 -35.298397 -115.510452
v 72.058357 -30.692245 -109.532097
v 65.342957 -32.367268 -6.758595
v 87.952499 -37.097492 -9.455579
v 85.762169 -41.710087 -9.154527
v 70.865219 -28.474878 -110.724693
v 87.481087 -32.173573 -9.282394
v 87.263245 -27.473499 -9.635969
v 87.207008 -23.148878 -10.580491
v 87.204277 -17.673761 -13.024697
v 87.200294 -19.625044 -11.968506
v 70.314110 -10.868285 -15.853937
v 87.261215 -14.518459 -15.235575
v 65.484245 -5.703407 -21.680794
v 87.166939 -10.412721 -19.594053
v 87.289818 -12.444502 -17.148390
v 70.374092 -5.123866 -23.912954
v 65.674446 -1.601750 -32.257439
v 87.495491 -5.316972 -28.675152
v 87.144234 -8.046600 -23.140116
v 88.049614 -3.686342 -33.176949
v 71.842285 -118.822281 -130.114059
v 72.544075 -118.337822 -130.790695
v 76.466148 -114.889519 -129.989731
v 74.013313 -115.617180 -131.564789
v 87.173737 -104.301193 -84.659737
v 87.237930 -104.431152 -80.374649
v 76.736465 -95.713486 -130.070404
v 87.114349 -100.084061 -96.529312
v 87.053452 -98.263756 -98.857613
v 87.012306 -96.011375 -101.101257
v 88.551262 -100.450363 -90.320946
v 89.292938 -101.020119 -80.728462
v 88.828033 -95.287270 -95.661011
v 89.746239 -96.003052 -90.741470
v 89.252769 -100.719040 -74.955673
v 87.740448 -100.581215 -67.488670
v 88.651665 -100.056847 -69.979675
v 90.543938 -96.171234 -69.541283
v 87.925964 -99.319550 -65.212440
v 77.324768 -81.030678 -131.974380
v 87.080887 -93.361519 -103.294655
v 87.264465 -91.003426 -104.963585
v 90.621910 -95.355125 -63.649166
v 77.449997 -84.380089 -129.235107
v 87.740517 -87.839951 -106.998634
v 88.975937 -84.050629 -109.708336
v 76.814857 -78.874077 -128.520966
v 89.343674 -84.669243 -106.506577
v 91.857880 -78.355247 -111.926987
v 92.366318 -77.871170 -107.066055
v 73.837646 -87.950974 2.529452
v 75.271996 -81.230881 0.963107
v 85.534920 -79.916023 -122.846603
v 87.495125 -84.375435 -123.319038
v 88.114494 -79.701981 -114.722702
v 85.376343 -76.830231 -114.994019
v 92.168739 -81.494019 -116.345863
v 76.328773 -69.662170 -113.614609
v 76.686913 -68.276588 0.559029
v 76.832611 -62.833862 -122.541061
v 77.560020 -58.021477 -120.262749
v 77.370827 -59.773750 0.926918
v 76.966759 -56.758442 -108.047134
v 77.684921 -50.436722 -122.105972
v 81.583023 -56.326946 -18.183176
v 88.616417 -57.592979 -8.118053
v 86.498825 -59.513763 -20.526899
v 86.407097 -57.796185 -18.311710
v 91.171730 -58.596542 -19.133673
v 90.781319 -59.326469 -11.399377
v 94.466309 -62.294754 -15.729997
v 91.051964 -59.477165 -21.734983
v 90.879913 -60.409424 -24.289833
v 94.810371 -60.101398 -18.753044
v 86.114578 -63.863094 -24.970026
v 77.752655 -52.364330 -117.635345
v 78.655830 -46.896145 -114.601402
v 81.809807 -53.840595 -105.908577
v 85.339012 -46.294518 -108.318115
v 82.014030 -51.721951 -114.137886
v 83.629181 -51.880291 -107.954575
v 84.107857 -48.063545 -102.620567
v 84.200241 -49.988522 -10.203102
v 86.850937 -50.718758 -6.261339
v 80.763329 -45.160320 -10.308234
v 86.719238 -53.618206 -5.875384
v 76.852547 -39.395142 -111.966583
v 80.745132 -36.068256 -107.906364
v 91.032074 -45.508247 -9.204165
v 89.447418 -32.070793 -11.762609
v 93.225037 -42.365166 -12.308286
v 90.224457 -36.589462 -11.399873
v 88.633499 -50.348042 -6.279569
v 89.693573 -49.982445 -6.658334
v 79.007843 -29.867823 -105.624199
v 76.644127 -27.285442 -106.128273
v 73.987106 -27.165546 -108.067017
v 88.145401 -22.197968 -12.367642
v 88.711807 -16.960897 -17.029285
v 88.639183 -11.755270 -22.278055
v 81.299126 -2.164838 -48.004395
v 84.775772 -5.240760 -54.675220
v 89.855606 -2.682560 -37.406391
v 89.981606 -2.530313 -38.720203
v 90.584137 -6.158684 -38.297638
v 78.053902 -113.901512 -130.204559
v 80.565865 -102.299500 -131.328751
v 81.779961 -99.493088 -128.240189
v 82.229752 -109.249428 -128.057266
v 82.454987 -96.304703 -130.904434
v 89.749046 -90.714760 -96.735710
v 88.980568 -89.725479 -101.005569
v 82.046059 -84.914589 -127.084557
v 90.224800 -84.705063 -101.884750
v 88.895058 -89.660217 -54.697426
v 85.257195 -87.870720 -48.255325
v 89.588341 -85.104836 -54.073986
v 89.956932 -81.657143 -55.074345
v 86.232231 -86.260864 -47.240948
v 88.763657 -86.685493 -51.881588
v 83.461334 -84.276459 -43.953026
v 82.588417 -91.762962 -0.630408
v 84.080704 -92.286606 -0.884506
v 82.931824 -89.524239 0.085192
v 78.621414 -81.201057 2.455525
v 85.763786 -80.634529 -41.516911
v 78.782089 -74.709030 -32.672356
v 79.522293 -70.967735 -115.188416
v 80.758919 -68.809761 -27.922148
v 85.906380 -66.900703 -28.892990
v 80.691643 -80.709038 -1.099033
v 81.006866 -65.184898 -126.876923
v 80.245834 -68.973808 -122.753693
v 81.428764 -73.989380 -123.839874
v 80.013382 -62.771744 -119.458588
v 78.588669 -58.910290 1.135614
v 79.264252 -60.394352 -111.904182
v 79.903595 -59.043438 -118.378304
v 85.664436 -54.457226 -3.173512
v 82.114296 -47.914536 -94.532158
v 82.276855 -44.261993 -116.382057
v 79.614960 -34.618382 -111.668617
v 82.042534 -47.663464 -112.362442
v 83.706932 -41.679798 -108.125618
v 84.199371 -35.442894 -104.642456
v 78.607841 -26.578793 -105.142197
v 84.770889 -26.251450 -99.405884
v 84.182915 -25.804005 -100.431274
v 81.340149 -12.806674 -61.727947
v 81.150253 -7.680799 -57.480015
v 89.576637 -3.015430 -43.330662
v 82.961967 -110.293037 -128.770691
v 88.394386 -106.284904 -126.034943
v 84.632561 -101.806099 -129.501892
v 88.297997 -97.710770 -124.927330
v 88.389008 -94.589691 -3.759239
v 86.501778 -80.819405 -4.119658
v 89.982018 -95.267754 -5.600570
v 84.751999 -80.875206 -128.919815
v 86.003181 -83.642578 -44.763702
v 87.238693 -79.519218 -43.632145
v 83.306320 -80.713493 0.741863
v 82.138222 -79.018593 -125.496925
v 84.016380 -76.554375 -122.061394
v 86.783218 -64.568024 -26.343937
v 87.424812 -68.191010 -33.079498
v 90.117744 -61.846542 -26.658968
v 83.600410 -62.182163 -0.020196
v 82.149200 -63.149738 -1.885515
v 86.455849 -65.192574 -4.633877
v 84.998138 -54.586624 -3.420890
v 85.556213 -55.149387 -2.550370
v 83.867493 -50.729607 -111.451080
v 85.545952 -50.107506 -117.738319
v 85.021927 -46.535698 -99.310410
v 86.832870 -41.313152 -103.411720
v 86.608025 -45.528427 -96.408646
v 85.226601 -43.106056 -106.889587
v 86.848831 -31.530643 -99.383186
v 86.514122 -37.429417 -102.428810
v 88.800568 -35.691017 -98.486488
v 83.281776 -25.911957 -101.474953
v 85.330246 -33.899319 -107.162231
v 89.265594 -26.754097 -92.569206
v 89.066315 -25.774435 -92.999680
v 86.153610 -17.929062 -64.890594
v 85.482605 -14.193636 -62.830105
v 85.752625 -8.608755 -58.450871
v 86.570091 -5.757610 -55.193554
v 85.994125 -3.894250 -52.228760
v 85.993385 -2.632434 -49.042774
v 89.737549 -105.348129 -125.805473
v 90.232635 -98.098869 -126.810913
v 91.572830 -97.284698 -122.634941
v 91.366051 -95.963165 -6.322220
v 90.400330 -81.386162 -125.832832
v 90.003540 -80.737129 -6.659592
v 88.708191 -81.603127 -2.091679
v 92.840118 -84.497520 -117.928368
v 89.725334 -65.900452 -122.118523
v 88.760643 -63.225952 -7.020594
v 89.275024 -61.886662 -3.112791
v 87.988922 -60.367371 -121.057472
v 87.162933 -52.563072 -4.464149
v 89.289024 -44.795166 -111.426147
v 90.225906 -37.079842 -95.668060
v 90.764885 -39.933563 -94.796181
v 90.465935 -36.219463 -82.181557
v 89.924881 -30.040054 -92.745293
v 91.388008 -34.899437 -90.470993
v 89.625526 -30.248884 -74.799576
v 92.873909 -24.073940 -70.250389
v 89.751785 -27.709845 -71.819038
v 88.101791 -25.385107 -95.493591
v 91.188354 -25.327581 -90.209557
v 91.442146 -25.596567 -87.178062
v 90.963867 -26.337269 -87.373260
v 92.398491 -25.325708 -85.452560
v 90.714272 -18.425709 -64.366524
v 89.800697 -9.448029 -57.281982
v 89.886238 -5.012681 -51.467957
v 90.075836 -4.102902 -48.743004
v 96.739838 -98.722954 -121.475723
v 95.830269 -101.784821 -120.464867
v 94.795509 -97.584023 -120.110207
v 91.602478 -93.835983 -75.528038
v 91.733101 -90.613052 -69.492752
v 90.943558 -90.677383 -64.168457
v 90.826866 -95.059631 -84.492485
v 90.788887 -90.496666 -90.616180
v 91.520004 -90.848412 -85.150040
v 90.883293 -84.702339 -96.341667
v 91.402351 -85.165497 -91.113350
v 92.699226 -77.691116 -100.570442
v 92.006187 -78.947540 -96.767029
v 92.262146 -90.458138 -79.327515
v 92.556114 -90.367775 -75.130989
v 90.356361 -80.332413 -58.788040
v 90.360611 -76.557777 -60.099068
v 88.375854 -80.083031 -48.234634
v 88.876419 -74.869225 -53.255047
v 88.626587 -74.766525 -48.125423
v 90.734840 -76.200287 -64.033783
v 88.511398 -69.396271 -58.691738
v 88.697639 -69.392029 -53.354187
v 89.002228 -69.029366 -63.346771
v 91.165993 -74.717522 -69.196404
v 91.746407 -85.665131 -69.371979
v 90.440842 -69.525955 -70.155464
v 92.046021 -77.561531 -73.107857
v 92.533981 -86.444878 -74.385422
v 92.724388 -85.303337 -75.821526
v 96.256798 -89.466637 -75.879578
v 92.719574 -86.964714 -79.708305
v 91.920746 -84.941238 -87.564209
v 94.041374 -97.408905 -9.729457
v 95.218231 -97.829552 -10.543004
v 97.717247 -98.502625 -14.819530
v 93.388184 -81.573448 -5.675458
v 95.824493 -86.014267 -121.823578
v 93.130898 -80.868179 -9.617001
v 96.952286 -81.428482 -14.380336
v 94.994431 -81.090927 -122.071579
v 91.722961 -80.366364 -91.646317
v 92.542221 -74.391800 -96.584137
v 91.762741 -79.507767 -90.368294
v 91.711044 -75.411125 -90.287254
v 95.082634 -84.843773 -115.813362
v 97.729652 -84.603737 -112.756279
v 93.350342 -76.576591 -106.805016
v 93.027512 -77.426575 -110.495415
v 96.409340 -77.640694 -110.228767
v 97.248512 -80.010582 -111.174332
v 89.060440 -63.332802 -32.470455
v 89.316254 -54.145248 -42.743740
v 89.304474 -63.617226 -37.466484
v 89.978111 -58.235729 -37.367794
v 89.185524 -58.275410 -42.729782
v 91.548180 -62.312946 -4.740624
v 92.347366 -68.900108 -95.458252
v 91.551697 -68.718384 -91.004684
v 91.738083 -74.125748 -91.040085
v 94.241020 -69.484215 -97.392693
v 93.902580 -74.802094 -101.610497
v 97.705376 -77.013618 -107.973122
v 88.512352 -52.772369 -48.223930
v 88.466888 -50.526333 -50.318176
v 93.254578 -57.152901 -31.094339
v 91.699905 -58.128429 -27.182936
v 93.246567 -51.831112 -36.359741
v 93.363441 -53.040005 -31.946384
v 92.311150 -44.447849 -41.185165
v 92.583725 -47.702198 -37.308575
v 88.692444 -47.314529 -53.853569
v 91.484596 -40.276962 -47.601917
v 92.599892 -42.830292 -42.809299
v 89.022255 -41.599590 -54.256931
v 88.499596 -63.891682 -58.833267
v 89.491348 -41.650692 -59.268383
v 91.011383 -37.036449 -53.024254
v 92.293625 -37.576477 -49.074913
v 88.344482 -58.423882 -64.369026
v 89.694023 -43.250275 -64.667633
v 98.354149 -40.920784 -59.140659
v 88.316872 -62.439991 -62.632702
v 91.014206 -36.578331 -56.616714
v 96.378242 -37.184650 -57.351727
v 88.919083 -53.240200 -69.761551
v 90.167831 -43.522072 -70.338013
v 98.361191 -42.720139 -64.696373
v 88.752640 -58.271084 -69.648468
v 89.489479 -48.580528 -74.917763
v 98.221237 -43.807846 -70.149330
v 89.382484 -52.453976 -74.561073
v 92.340767 -53.841721 -81.814278
v 92.728973 -51.377392 -84.134933
v 90.694931 -59.673271 -77.035873
v 92.203545 -57.898205 -81.520691
v 90.273064 -64.602997 -73.424080
v 90.543037 -63.800686 -75.286377
v 91.963448 -63.254436 -10.837812
v 92.131943 -64.710808 -90.615509
v 91.610542 -71.941093 -87.412971
v 91.839272 -63.735523 -84.557671
v 91.540001 -69.076775 -85.955582
v 91.564644 -70.174690 -85.011047
v 92.605064 -65.544106 -93.710663
v 99.526375 -64.697945 -94.842972
v 91.028687 -68.849579 -74.573769
v 91.452728 -70.491959 -76.157074
v 91.934097 -74.455276 -75.006615
v 95.636635 -65.709877 -116.630791
v 93.809883 -61.936874 -90.025246
v 93.174896 -60.035213 -85.214066
v 93.548927 -59.947670 -85.707085
v 91.551674 -69.336403 -80.348969
v 94.144104 -50.633781 -24.839046
v 92.104790 -52.739708 -113.683540
v 99.719727 -52.319260 -80.409248
v 101.436127 -58.161003 -81.109863
v 100.078941 -53.365021 -80.242271
v 93.913651 -49.398335 -28.038961
v 94.157410 -45.804630 -28.857119
v 96.727951 -58.618893 -22.382223
v 96.076424 -50.659260 -25.324308
v 96.255363 -46.037170 -29.414219
v 96.964317 -48.978779 -28.149321
v 97.255386 -44.154739 -35.880875
v 93.091614 -39.406349 -45.568409
v 96.521912 -38.897278 -45.319942
v 97.840851 -41.725941 -42.656181
v 96.900063 -47.200653 -84.909180
v 93.396973 -51.370037 -84.264610
v 95.561813 -45.459896 -87.595261
v 96.253822 -45.383579 -84.832581
v 95.930176 -46.300808 -87.549065
v 91.864204 -47.036095 -9.057148
v 90.595490 -33.650913 -101.347328
v 94.242935 -44.592625 -105.525475
v 92.462303 -34.757713 -53.446835
v 92.848961 -34.908764 -50.807068
v 92.502327 -34.874660 -55.968422
v 94.992821 -34.807640 -56.319794
v 95.068008 -34.514832 -50.186001
v 96.697777 -37.386703 -49.372440
v 91.107109 -32.875851 -86.895744
v 90.957008 -32.472851 -81.793358
v 90.913605 -30.381647 -79.315559
v 92.405357 -31.992958 -17.826149
v 93.962662 -37.797604 -16.079065
v 95.973778 -37.362377 -20.081900
v 94.538986 -41.137947 -14.613204
v 91.409821 -27.530497 -18.845238
v 93.193214 -31.344957 -20.242662
v 90.207726 -10.673909 -32.365742
v 91.610489 -15.908912 -38.154655
v 90.675308 -16.547901 -27.288141
v 89.701591 -16.422640 -21.735411
v 90.851562 -21.873098 -21.877235
v 91.747635 -21.600637 -27.145859
v 89.577164 -21.786421 -16.593155
v 92.073257 -27.029926 -21.637287
v 91.998856 -26.370071 -91.139694
v 93.047867 -25.571484 -80.406990
v 92.123528 -26.239096 -74.870544
v 92.253105 -26.958508 -79.207405
v 96.058517 -34.643856 -23.176456
v 93.137123 -26.149187 -26.386930
v 94.003716 -27.158304 -27.784960
v 97.038040 -34.375469 -25.991028
v 93.362556 -25.369753 -84.278214
v 94.670326 -25.234938 -77.330521
v 94.831459 -24.171074 -69.282478
v 96.678093 -29.724463 -33.608479
v 93.344925 -23.409096 -33.246300
v 92.415733 -16.634041 -53.263172
v 92.008087 -16.693409 -48.187355
v 93.580162 -20.315607 -52.209141
v 92.787933 -20.250185 -47.954731
v 92.379051 -16.176935 -54.040260
v 97.645218 -27.213894 -48.609486
v 96.446182 -24.203232 -54.427799
v 91.749886 -13.558282 -46.394691
v 91.799454 -16.575438 -43.625813
v 91.708939 -13.916328 -44.319759
v 92.597656 -20.473495 -43.512444
v 96.946686 -26.891640 -44.686966
v 92.854416 -20.953285 -38.208641
v 93.714340 -23.005720 -38.095966
v 91.349480 -11.210908 -40.373486
v 90.920654 -6.174924 -43.120476
v 91.210197 -7.092574 -44.209850
v 91.495712 -10.902088 -43.562050
v 91.015739 -7.044552 -48.428818
v 95.392059 -101.953384 -121.777893
v 97.085121 -97.315262 -117.745140
v 100.352654 -100.340813 -114.673172
v 99.679031 -94.777168 -113.864502
v 97.794334 -98.276054 -14.118842
v 100.701813 -99.079811 -19.400305
v 100.772247 -99.037926 -20.414557
v 100.149887 -81.511398 -19.876762
v 97.097649 -81.093719 -9.619890
v 98.669174 -80.873329 -118.166756
v 99.102737 -86.074783 -118.385658
v 99.537270 -78.941437 -107.367371
v 101.126968 -84.769310 -108.175575
v 95.588600 -60.984764 -8.972594
v 98.696358 -64.023254 -21.088179
v 94.434181 -71.012634 -99.150436
v 100.113190 -71.105591 -98.905518
v 100.935974 -74.488411 -100.374344
v 101.264450 -69.008667 -96.132324
v 100.120399 -65.244316 -94.740402
v 101.262848 -63.649940 -90.958076
v 94.041016 -61.229984 -89.287254
v 99.715485 -60.972263 -89.259193
v 98.475769 -58.479073 -109.049309
v 96.099922 -49.985973 -106.939613
v 98.900017 -48.118542 -80.991745
v 101.201279 -51.073647 -76.373192
v 100.922935 -63.643585 -26.320824
v 98.725548 -57.989521 -26.260567
v 98.062820 -53.622780 -27.324032
v 95.326775 -43.265121 -14.549927
v 100.190323 -59.488987 -16.239262
v 98.102592 -48.320675 -32.523941
v 98.573486 -52.439384 -31.689859
v 97.734695 -43.493767 -98.589455
v 94.971130 -34.544174 -95.191277
v 102.548439 -50.821808 -67.886391
v 98.822411 -40.393063 -49.815025
v 98.670189 -47.151096 -37.047585
v 104.351654 -56.599110 -51.548790
v 97.397453 -32.894573 -87.106689
v 97.129669 -32.509750 -29.684107
v 96.068054 -24.940189 -67.969864
v 92.222862 -17.177332 -60.696598
v 95.496635 -23.434025 -64.266846
v 97.089211 -24.553267 -58.877338
v 96.299911 -23.411480 -59.451805
v 97.684555 -29.406151 -39.663418
v 96.653671 -28.127590 -37.863331
v 97.514336 -31.043930 -33.931885
v 101.205261 -99.678604 -114.908577
v 103.584335 -99.668236 -110.450745
v 103.465958 -99.637482 -108.936607
v 105.260704 -99.399643 -106.519135
v 106.379364 -98.209755 -101.973083
v 106.110840 -97.807747 -100.309525
v 105.184868 -94.478294 -100.735069
v 103.695335 -85.772255 -102.045532
v 102.559708 -81.164932 -25.809921
v 103.755524 -98.935394 -27.813717
v 102.682693 -98.752625 -23.839117
v 104.893082 -99.023361 -30.416588
v 104.170525 -81.406593 -31.318977
v 100.335686 -81.717705 -14.260525
v 102.984459 -81.640884 -111.904411
v 101.682922 -78.601570 -102.118103
v 100.784943 -68.315369 -110.675957
v 104.421112 -79.025307 -94.953751
v 100.624641 -64.949867 -15.713530
v 101.802109 -62.368980 -30.639143
v 104.091042 -66.280891 -84.897003
v 100.814812 -59.059837 -33.036774
v 101.112900 -56.282433 -35.682903
v 103.579552 -63.556992 -36.528004
v 100.036125 -50.318600 -99.724091
v 102.889435 -58.682564 -99.754379
v 103.823433 -61.983822 -78.392693
v 100.419426 -53.434521 -37.597424
v 101.089500 -51.301666 -41.200104
v 104.880440 -62.946434 -44.668545
v 97.808701 -44.376278 -18.448612
v 101.152473 -48.942516 -23.173414
v 102.188454 -48.529167 -91.201363
v 104.137962 -57.365967 -69.639343
v 100.646713 -42.748257 -27.743423
v 100.234627 -36.721004 -81.738052
v 104.172302 -49.767906 -82.974525
v 99.019485 -32.544964 -79.183739
v 102.090012 -42.796700 -33.442692
v 97.473877 -28.691992 -76.752068
v 99.909157 -32.836342 -74.934433
v 102.200020 -37.167435 -64.477325
v 103.929848 -42.419643 -58.148327
v 100.682304 -35.538086 -40.760689
v 106.976631 -97.635277 -91.474083
v 107.400162 -97.606850 -94.357918
v 106.126556 -95.208626 -91.423607
v 105.747528 -90.656136 -91.618279
v 104.345451 -94.968040 -80.356720
v 104.321800 -93.643875 -81.217491
v 106.718987 -97.793800 -85.483749
v 107.720924 -97.638741 -82.996529
v 104.408852 -92.477104 -79.316261
v 104.834656 -97.233398 -78.860336
v 104.934311 -97.478569 -74.829102
v 104.423874 -92.894821 -75.076714
v 106.600449 -98.494286 -70.890480
v 107.626541 -98.085289 -73.829483
v 104.876282 -92.987289 -71.257759
v 105.398247 -97.560349 -71.118988
v 105.583992 -92.103783 -67.317383
v 106.113457 -97.348450 -67.092094
v 107.089973 -98.162003 -64.477791
v 107.820534 -98.321510 -66.055527
v 106.785385 -90.911507 -58.924877
v 107.577400 -97.907784 -58.867901
v 108.220200 -97.663521 -57.318607
v 107.645950 -98.524391 -50.826260
v 107.851089 -98.615768 -47.117558
v 105.587463 -86.393806 -37.200001
v 106.574165 -85.955940 -45.971516
v 106.259949 -98.646255 -37.587196
v 106.738792 -98.768440 -39.358253
v 106.874611 -98.653397 -39.062824
v 105.378380 -80.925995 -106.097343
v 104.996956 -84.587120 -95.392349
v 105.774857 -85.427811 -86.081276
v 105.768890 -85.433380 -80.123177
v 105.147522 -89.934593 -73.752968
v 105.085716 -89.382477 -78.275223
v 106.076385 -84.924156 -73.399437
v 106.088074 -90.502045 -64.621498
v 106.558868 -85.822975 -63.679756
v 106.647629 -81.175903 -51.586258
v 104.252495 -81.382027 -22.400591
v 106.397827 -81.232903 -29.069382
v 105.825195 -79.258362 -85.075668
v 106.406387 -80.052628 -74.321144
v 106.719765 -80.275391 -61.533318
v 105.610680 -80.042686 -39.088154
v 105.531219 -68.461365 -75.537514
v 105.339462 -62.857380 -69.302048
v 105.635986 -63.193295 -57.991814
v 104.021576 -65.309975 -101.828056
v 107.287689 -81.822258 -100.247414
v 103.714760 -61.762314 -24.323454
v 106.026031 -63.143059 -32.716755
v 106.508263 -66.215988 -92.959152
v 104.118576 -53.811455 -30.044081
v 107.150650 -62.346264 -40.738071
v 104.126022 -46.231171 -74.896065
v 107.481361 -60.976086 -75.525444
v 103.774506 -44.508018 -41.890476
v 107.477142 -59.560490 -51.325691
v 107.550316 -59.489574 -68.403908
v 107.820587 -60.558926 -61.958633
v 103.577415 -42.070290 -48.960724
v 107.403191 -95.298721 -99.427002
v 108.763779 -81.587990 -92.488899
v 108.541939 -96.508705 -87.601067
v 109.597519 -81.760818 -84.911034
v 108.884583 -95.530312 -79.343704
v 109.756821 -90.253403 -78.796646
v 109.126472 -95.298653 -74.782829
v 109.733925 -90.635689 -59.172558
v 109.230652 -94.064186 -56.792164
v 108.607323 -81.577141 -40.160587
v 107.225456 -81.982498 -32.478779
v 110.155380 -82.511047 -72.431244
v 109.635284 -80.588760 -50.356277
v 110.158348 -81.245735 -67.842995
v 109.360519 -73.499352 -74.484009
v 108.445900 -66.747337 -50.484692
v 109.070023 -74.637650 -49.164669
v 107.421684 -67.359741 -38.310383
v 107.665115 -65.851852 -84.561775
vn -0.9611 -0.2394 -0.1377
vn 0.9773 0.1392 0.1597
vn -0.9627 -0.0130 -0.2702
vn -0.9815 -0.0089 -0.1912
vn -0.4383 -0.8807 -0.1794
vn -0.9679 -0.2223 -0.1168
vn -0.9937 -0.0497 -0.1003
vn -0.5599 -0.8286 0.0024
vn -0.7565 -0.6528 -0.0405
vn -0.1665 -0.9860 -0.0057
vn 0.9518 -0.3051 0.0299
vn 0.3831 -0.9228 0.0399
vn -0.9921 -0.0546 -0.1129
vn -0.8276 -0.5597 0.0431
vn -0.9851 -0.1705 -0.0209
vn -0.9922 -0.0549 -0.1117
vn -0.1665 -0.9858 -0.0221
vn -0.8507 -0.5250 0.0268
vn -0.4433 -0.8962 0.0186
vn 0.4838 -0.8739 -0.0461
vn -0.8423 -0.5390 -0.0097
vn -0.9796 -0.2010 -0.0001
vn -0.9848 -0.1709 -0.0313
vn 0.4374 -0.8955 -0.0819
vn -0.4306 -0.9025 0.0108
vn -0.8439 -0.5364 -0.0115
vn -0.3074 -0.9516 -0.0036
vn 0.4024 -0.9148 0.0348
vn 0.3649 -0.9299 0.0460
vn -0.9445 -0.3233 0.0586
vn -0.9799 -0.1984 0.0181
vn 0.5135 -0.8450 0.1497
vn -0.9557 -0.2933 0.0258
vn -0.3598 -0.9328 -0.0229
vn -0.9823 -0.1843 -0.0332
vn -0.1265 -0.9914 -0.0323
vn 0.7221 -0.6896 0.0549
vn -0.0350 -0.9991 -0.0239
vn -0.9909 -0.0896 0.1004
vn 0.1242 -0.9904 -0.0606
vn -0.4948 -0.8686 0.0248
vn 0.4299 -0.8987 -0.0869
vn -0.9755 -0.1030 0.1946
vn -0.9674 -0.1648 0.1925
vn -0.9749 -0.1044 0.1966
vn 0.0678 -0.9971 -0.0356
vn 0.6226 -0.7614 -0.1808
vn 0.1870 -0.9784 -0.0884
vn -0.9406 -0.1217 0.3169
vn -0.4819 -0.8581 0.1775
vn -0.9505 -0.1091 0.2909
vn -0.9550 -0.0028 -0.2967
vn -0.9311 -0.0018 -0.3647
vn -0.9248 0.0024 -0.3805
vn -0.9860 -0.0876 0.1421
vn -0.9912 -0.0884 0.0988
vn -0.9998 0.0031 -0.0179
vn -1.0000 -0.0002 -0.0087
vn -0.9994 0.0032 -0.0352
vn 0.9801 0.1947 0.0383
vn 0.9833 0.1729 0.0561
vn 0.9681 0.2432 0.0599
vn 0.9809 0.1945 0.0101
vn 0.9816 0.1892 0.0260
vn 0.9963 0.0719 0.0470
vn 0.9749 0.1833 0.1266
vn -0.9992 -0.0337 0.0216
vn 0.9820 0.1729 0.0767
vn 0.9983 0.0157 0.0555
vn 0.9972 0.0665 0.0347
vn 0.9899 0.0827 0.1153
vn 0.9899 0.0823 0.1153
vn 0.9675 0.1954 0.1603
vn -0.9992 -0.0356 0.0192
vn -0.9969 -0.0602 0.0503
vn 0.9895 0.0816 0.1191
vn 0.9900 0.0767 0.1188
vn -0.9882 0.1130 -0.1033
vn -0.9969 0.0762 0.0184
vn -0.9928 0.0465 0.1102
vn -0.9930 0.0540 0.1048
vn -0.9795 0.0437 0.1964
vn -0.9470 0.1631 -0.2766
vn -0.9715 0.1386 -0.1924
vn -0.9509 0.1661 -0.2610
vn -0.9090 0.1817 -0.3751
vn -0.9777 0.1399 -0.1569
vn -0.9904 0.1166 -0.0739
vn -0.9969 0.0780 0.0077
vn -0.9952 0.0934 0.0296
vn -0.9812 0.0376 0.1894
vn -0.9539 0.0469 0.2963
vn -0.9507 0.0533 0.3055
vn -0.9884 0.1441 -0.0486
vn -0.9888 0.1433 -0.0406
vn -0.9936 0.1092 0.0286
vn -0.9904 0.1378 0.0085
vn -0.9867 0.1140 0.1163
vn -0.9792 0.0973 0.1782
vn -0.9663 0.1232 0.2260
vn -0.9638 0.2218 -0.1478
vn -0.9421 0.2212 -0.2521
vn -0.9729 0.2140 -0.0880
vn -0.9880 0.1530 -0.0231
vn -0.9857 0.1439 0.0881
vn -0.9424 0.2532 -0.2187
vn -0.9485 0.2516 -0.1926
vn -0.9771 0.2120 -0.0192
vn -0.9757 0.2156 0.0391
vn -0.9785 0.1870 0.0872
vn -0.9693 0.2041 0.1374
vn -0.9659 0.1260 0.2261
vn -0.9694 0.2347 -0.0719
vn -0.9685 0.2341 -0.0845
vn -0.9763 0.2162 -0.0124
vn -0.9776 0.2103 0.0088
vn -0.7767 -0.4795 -0.4085
vn -0.0790 -0.9969 0.0040
vn -0.8825 -0.0988 -0.4598
vn -0.3587 -0.9257 -0.1202
vn -0.7478 -0.4211 -0.5132
vn 0.2823 -0.7925 0.5406
vn -0.8027 -0.0857 -0.5902
vn -0.7609 -0.2930 -0.5790
vn 0.4106 -0.8598 0.3035
vn 0.6858 -0.6707 0.2826
vn 0.9133 -0.2331 0.3339
vn 0.9628 -0.2608 0.0704
vn 0.9631 -0.2597 0.0701
vn 0.9530 -0.1274 0.2750
vn 0.9943 -0.0605 0.0876
vn 0.9520 -0.2756 -0.1334
vn 0.9814 -0.1273 -0.1434
vn 0.9854 -0.0757 -0.1527
vn 0.7363 -0.6763 0.0209
vn 0.9988 -0.0157 0.0457
vn 0.8972 -0.3802 -0.2247
vn 0.9703 -0.2411 -0.0202
vn 0.9926 -0.1143 0.0397
vn 0.9999 0.0086 -0.0072
vn 0.9877 -0.1011 0.1197
vn 0.9848 -0.1114 0.1330
vn 0.9747 -0.0907 0.2045
vn 0.9722 -0.0970 0.2130
vn 0.9849 -0.0939 0.1457
vn 0.9853 -0.0918 0.1441
vn 0.9936 -0.0984 0.0547
vn 0.9982 -0.0594 0.0010
vn 0.9912 -0.0383 -0.1268
vn 0.9686 -0.0202 -0.2478
vn 0.9806 -0.0392 -0.1918
vn 0.9605 -0.0271 -0.2768
vn -0.9205 -0.1180 0.3725
vn -0.6836 -0.6209 0.3836
vn -0.3874 -0.8737 0.2942
vn -0.8715 -0.2112 0.4426
vn -0.3821 -0.8804 0.2810
vn -0.9212 0.0023 -0.3890
vn -0.8642 0.0486 -0.5008
vn -0.7881 0.0428 -0.6141
vn -0.7756 0.0238 -0.6308
vn 0.9700 -0.1352 0.2019
vn 0.9211 -0.1675 0.3515
vn 0.9941 -0.0625 0.0884
vn 0.9886 0.1124 -0.0999
vn 0.9950 -0.0711 0.0704
vn 0.9819 0.1756 -0.0712
vn 0.9857 0.1686 -0.0034
vn 0.9997 -0.0196 0.0144
vn 0.9935 -0.0692 -0.0900
vn -0.9042 -0.0747 0.4206
vn 0.9048 -0.2709 0.3285
vn 0.9732 -0.1160 0.1986
vn 0.8946 -0.2686 0.3572
vn 0.8861 -0.3002 0.3532
vn 0.8671 -0.3131 0.3875
vn 0.9968 -0.0041 0.0793
vn 0.9822 -0.1287 0.1368
vn 0.9998 0.0208 -0.0065
vn 0.9964 0.0623 0.0576
vn 0.9999 -0.0087 0.0143
vn 0.9990 0.0422 -0.0117
vn 0.9954 -0.0170 -0.0938
vn 0.9959 -0.0287 -0.0863
vn 0.9819 -0.0544 -0.1814
vn -0.8268 -0.0745 0.5576
vn -0.8498 0.1678 -0.4997
vn -0.7753 0.1749 -0.6069
vn -0.7766 0.0672 -0.6264
vn -0.7623 -0.3908 -0.5159
vn 0.0852 -0.9701 0.2272
vn 0.8802 -0.3212 0.3493
vn 0.1682 -0.3594 0.9179
vn -0.9979 -0.0419 0.0488
vn -0.1641 0.3008 0.9394
vn -0.5995 -0.3288 -0.7297
vn 0.3269 -0.9379 -0.1159
vn -0.8260 0.0247 0.5632
vn 0.8214 -0.2198 0.5263
vn 0.9025 -0.2498 0.3508
vn 0.0176 -0.5283 0.8488
vn 0.9826 -0.1255 0.1370
vn 0.9822 -0.1233 0.1415
vn 0.9962 -0.0669 0.0554
vn 0.9978 -0.0610 0.0270
vn 0.9967 -0.0802 -0.0081
vn 0.9783 -0.0894 -0.1868
vn 0.9566 -0.0896 -0.2773
vn -0.9089 0.0271 0.4161
vn -0.8395 0.0385 0.5420
vn -0.8671 0.1908 -0.4601
vn -0.8965 0.1937 -0.3984
vn -0.7839 0.2618 -0.5630
vn -0.7453 0.2055 -0.6343
vn 0.0622 -0.8327 0.5503
vn 0.8688 -0.3577 0.3423
vn 0.8110 -0.4222 0.4049
vn 0.5887 -0.4653 0.6610
vn 0.1711 -0.3595 0.9173
vn 0.0007 -0.7166 0.6975
vn 0.8835 -0.3873 0.2634
vn 0.9615 -0.2381 0.1372
vn 0.9965 -0.0683 0.0488
vn 0.9626 -0.2183 0.1606
vn 0.9969 -0.0784 -0.0107
vn 0.9924 -0.0898 -0.0847
vn 0.9887 -0.0657 -0.1348
vn 0.9829 -0.0962 -0.1570
vn 0.9665 -0.1015 -0.2359
vn 0.9610 -0.1002 -0.2576
vn -0.9236 0.0527 0.3797
vn -0.9267 0.0555 0.3717
vn -0.8394 0.0425 0.5418
vn -0.8161 0.0601 0.5748
vn -0.8686 0.0666 0.4911
vn -0.8739 0.2956 -0.3858
vn -0.8736 0.2867 -0.3932
vn -0.7802 0.2751 -0.5618
vn 0.1579 -0.9129 0.3764
vn 0.8816 -0.3917 0.2634
vn 0.6394 -0.6519 0.4075
vn 0.0045 -0.5613 0.8276
vn 0.0449 -0.6391 0.7678
vn 0.4200 -0.9073 0.0202
vn 0.8163 -0.4049 0.4119
vn 0.9523 -0.2604 0.1590
vn 0.9488 -0.3046 0.0834
vn 0.9825 -0.1861 -0.0129
vn 0.9832 -0.1819 -0.0141
vn 0.9782 -0.1839 -0.0965
vn 0.9257 -0.2939 -0.2380
vn 0.8680 -0.4430 -0.2244
vn 0.8651 -0.2646 -0.4260
vn -0.9603 -0.2138 -0.1791
vn 0.4457 -0.5406 -0.7135
vn -0.8723 0.2921 -0.3923
vn -0.0184 -0.9322 0.3616
vn 0.0334 -0.8979 0.4390
vn -0.0123 -0.9360 0.3518
vn 0.9044 -0.2983 0.3049
vn 0.0447 -0.1127 0.9926
vn 0.9408 -0.3007 -0.1565
vn 0.8986 -0.4133 -0.1474
vn 0.8856 -0.2914 -0.3616
vn -0.8959 0.0855 -0.4360
vn 0.4482 -0.6409 -0.6233
vn -0.8498 -0.5269 -0.0143
vn 0.3690 -0.5856 -0.7217
vn 0.5494 0.2031 -0.8105
vn -0.9191 0.0053 -0.3939
vn -0.8356 -0.5417 0.0913
vn 0.5394 -0.7953 0.2768
vn -0.9367 0.1843 0.2979
vn -0.9184 0.1503 0.3660
vn -0.8662 0.1782 0.4668
vn -0.8584 0.1638 0.4862
vn -0.9067 0.3036 -0.2926
vn -0.8315 0.3470 -0.4337
vn 0.9485 -0.3159 -0.0233
vn 0.9307 -0.3128 -0.1898
vn 0.9318 -0.3417 -0.1228
vn -0.9195 -0.2657 -0.2898
vn 0.3730 -0.8022 -0.4663
vn -0.9561 0.2416 0.1660
vn -0.9368 0.1829 0.2982
vn -0.8894 0.3320 -0.3142
vn -0.8864 0.3527 -0.2998
vn -0.8667 0.3829 -0.3196
vn -0.8304 0.3513 -0.4325
vn -0.9400 0.2940 -0.1732
vn -0.9271 0.3183 -0.1979
vn -0.9504 0.2851 -0.1244
vn -0.9696 0.2431 -0.0272
vn -0.9757 0.2164 0.0346
vn -0.9461 0.2523 0.2032
vn -0.9369 0.2410 0.2531
vn -0.8695 0.2759 0.4096
vn -0.9248 0.3235 -0.2001
vn -0.9659 0.2526 -0.0562
vn -0.9424 0.3185 0.1026
vn -0.9134 0.3672 -0.1759
vn -0.9385 0.3337 -0.0891
vn -0.9252 0.3624 -0.1128
vn -0.9415 0.3297 -0.0695
vn -0.9047 0.3550 0.2355
vn -0.8875 0.3137 0.3377
vn -0.8915 0.3564 0.2795
vn -0.9317 0.3630 0.0143
vn -0.9288 0.3695 -0.0272
vn -0.9332 0.3593 -0.0105
vn -0.9329 0.3597 0.0175
vn -0.9337 0.3572 0.0248
vn -0.9270 0.3674 0.0753
vn -0.9261 0.3654 0.0938
vn -0.9270 0.3619 0.0990
vn -0.9059 0.3887 0.1683
vn -0.9019 0.3843 0.1971
vn -0.5720 -0.8017 -0.1734
vn -0.5052 -0.8606 0.0635
vn -0.6458 -0.1519 -0.7483
vn -0.6133 -0.3630 -0.7015
vn -0.6232 -0.0785 -0.7782
vn 0.6577 -0.2366 0.7152
vn 0.6423 -0.1242 0.7564
vn 0.6968 -0.2750 0.6625
vn 0.8528 -0.1626 0.4963
vn -0.6351 0.0281 -0.7719
vn -0.6524 0.0330 -0.7572
vn 0.7320 -0.2118 0.6475
vn 0.6686 -0.2121 0.7127
vn 0.9361 -0.0231 -0.3508
vn 0.8772 -0.0135 -0.4800
vn 0.9278 -0.0118 -0.3729
vn 0.8913 -0.0333 -0.4522
vn 0.5612 -0.7917 -0.2414
vn -0.7878 -0.1846 0.5876
vn -0.7693 -0.1307 0.6253
vn -0.7900 0.3016 0.5338
vn -0.7315 -0.1277 0.6698
vn 0.4540 -0.8894 -0.0524
vn -0.6795 -0.1373 0.7207
vn -0.6450 -0.1518 0.7490
vn 0.7285 -0.2092 0.6523
vn 0.8529 -0.1629 0.4960
vn 0.7878 -0.2149 0.5772
vn 0.6955 -0.2035 0.6891
vn -0.6879 0.0876 -0.7205
vn -0.5759 0.0605 -0.8153
vn -0.7898 -0.4218 -0.4452
vn 0.0521 -0.9684 0.2439
vn 0.7707 -0.3077 0.5580
vn 0.7208 -0.3587 0.5931
vn -0.4587 -0.7185 0.5228
vn 0.1200 -0.4230 0.8982
vn -0.9005 0.4167 -0.1246
vn 0.0257 -0.5074 0.8613
vn -0.3515 0.1382 0.9259
vn -0.4654 -0.4141 -0.7822
vn 0.2833 -0.9590 0.0083
vn 0.8722 -0.0249 -0.4884
vn 0.6607 -0.4651 0.5892
vn 0.7141 -0.6800 -0.1664
vn -0.2169 0.8509 -0.4786
vn 0.7270 0.0310 -0.6860
vn 0.7053 -0.4332 0.5611
vn 0.0026 -0.3564 0.9343
vn 0.1372 -0.5867 0.7981
vn -0.5905 -0.4769 0.6511
vn -0.7601 0.0267 0.6492
vn -0.6453 0.2196 -0.7317
vn -0.6550 0.2260 -0.7210
vn -0.0372 -0.9480 0.3160
vn -0.3553 -0.8018 0.4805
vn -0.0318 -0.9532 0.3007
vn -0.0679 -0.9370 0.3425
vn -0.7156 -0.4179 0.5598
vn -0.9133 -0.2444 0.3258
vn -0.4660 -0.8524 0.2371
vn 0.8723 -0.0822 -0.4821
vn 0.8166 -0.1144 -0.5657
vn 0.8318 -0.0896 -0.5477
vn -0.6727 0.0312 0.7392
vn 0.9266 -0.0766 -0.3680
vn 0.8900 -0.0938 -0.4462
vn -0.7280 0.0409 0.6844
vn -0.7159 0.0426 0.6969
vn -0.1950 -0.6748 0.7118
vn -0.8219 -0.1591 0.5470
vn -0.8047 -0.2410 0.5425
vn -0.3665 -0.5875 0.7214
vn -0.2078 -0.8724 0.4424
vn 0.7906 -0.4963 -0.3586
vn 0.8004 -0.3755 -0.4673
vn 0.9031 -0.3358 -0.2675
vn 0.7998 -0.3746 -0.4690
vn -0.8625 -0.4580 0.2150
vn 0.2133 -0.5574 -0.8024
vn -0.6921 -0.6224 0.3655
vn 0.6105 -0.7016 -0.3675
vn 0.6121 -0.7156 -0.3364
vn -0.7224 0.3451 -0.5992
vn -0.5975 0.3414 -0.7256
vn -0.8935 -0.3623 0.2654
vn -0.9052 -0.3399 0.2551
vn -0.7645 -0.6356 0.1073
vn -0.8947 -0.4319 -0.1143
vn 0.5189 -0.7542 0.4024
vn 0.6575 0.1256 0.7429
vn -0.8404 -0.1502 0.5207
vn 0.8401 -0.2632 -0.4744
vn 0.8596 -0.2748 -0.4308
vn 0.5126 0.4429 -0.7355
vn -0.8388 0.5444 -0.0058
vn 0.6363 0.7616 0.1224
vn -0.8022 0.3501 0.4837
vn -0.9280 -0.1270 -0.3504
vn 0.3938 -0.7915 -0.4673
vn 0.1883 -0.3610 -0.9134
vn -0.0282 -0.9099 0.4140
vn -0.0241 -0.3191 -0.9474
vn 0.1281 -0.3452 -0.9297
vn -0.8157 0.1512 0.5584
vn -0.7260 0.3517 -0.5909
vn -0.7206 -0.4901 0.4905
vn -0.7837 -0.1868 0.5923
vn 0.1815 0.0756 0.9805
vn -0.9832 -0.1241 0.1335
vn -0.8820 -0.2548 0.3965
vn -0.9373 0.1013 0.3336
vn -0.9238 -0.0025 0.3829
vn -0.9415 0.0812 0.3269
vn 0.4860 -0.1339 0.8637
vn 0.2631 0.7100 0.6532
vn -0.7439 -0.1621 0.6483
vn 0.5222 -0.7410 0.4221
vn 0.7094 0.0445 0.7034
vn -0.6437 0.4355 0.6293
vn 0.9489 -0.2540 -0.1875
vn 0.9476 -0.1713 -0.2698
vn 0.5154 0.4437 -0.7331
vn -0.8349 0.0826 -0.5442
vn 0.6944 0.7099 0.1178
vn -0.7130 0.7007 0.0252
vn 0.8585 -0.2712 -0.4353
vn -0.7277 0.2119 0.6524
vn -0.6825 0.2264 0.6949
vn -0.6574 0.2033 0.7256
vn -0.7973 0.3977 -0.4540
vn -0.6967 0.4226 -0.5796
vn 0.6447 0.6034 0.4694
vn 0.2983 0.3660 0.8815
vn -0.3419 0.5856 0.7349
vn -0.3385 0.5215 0.7832
vn 0.8486 -0.4583 0.2644
vn 0.9546 -0.2969 0.0254
vn 0.8696 -0.4642 0.1682
vn 0.9258 -0.2932 0.2385
vn 0.3065 0.8567 0.4150
vn 0.9367 -0.2946 0.1893
vn 0.8237 -0.4953 0.2758
vn 0.9159 -0.3703 0.1547
vn 0.8939 -0.4312 0.1223
vn 0.9258 -0.3734 0.0598
vn 0.9262 -0.3697 0.0741
vn 0.9275 -0.3687 0.0613
vn 0.9223 -0.3394 -0.1848
vn 0.8989 -0.3762 -0.2249
vn 0.8972 -0.3871 -0.2128
vn 0.8908 -0.3605 -0.2768
vn 0.8836 -0.4010 -0.2417
vn 0.1941 -0.8324 -0.5191
vn 0.1717 -0.4810 -0.8597
vn 0.0760 -0.8986 -0.4321
vn 0.1219 -0.4442 -0.8876
vn -0.8475 0.2428 0.4721
vn -0.8589 0.2668 0.4371
vn -0.7648 0.2492 0.5941
vn -0.7973 0.3987 -0.4531
vn 0.9372 -0.2622 0.2300
vn -0.8665 -0.0554 -0.4960
vn 0.3312 -0.0159 0.9434
vn 0.1314 0.7391 0.6606
vn -0.7525 -0.4544 -0.4767
vn 0.2163 0.3417 0.9146
vn 0.2664 0.9356 -0.2318
vn 0.0336 -0.9993 0.0157
vn -0.8584 -0.0966 -0.5038
vn 0.1385 -0.9872 0.0787
vn -0.1668 -0.1670 -0.9718
vn 0.0424 -0.9734 0.2251
vn -0.0112 0.8233 -0.5675
vn 0.3011 0.9509 0.0713
vn 0.0716 -0.9945 -0.0760
vn 0.1703 0.7190 0.6739
vn -0.0153 -0.9911 0.1319
vn 0.1464 -0.9865 -0.0737
vn -0.9946 -0.0876 0.0552
vn 0.0485 -0.9838 0.1726
vn -0.0240 -0.9605 0.2773
vn -0.0900 -0.9790 0.1830
vn 0.0416 -0.9990 -0.0175
vn -0.0868 -0.9580 0.2734
vn -0.0879 -0.9574 0.2752
vn -0.0204 -0.4711 0.8818
vn 0.8272 -0.5584 0.0628
vn 0.7979 -0.5625 -0.2165
vn 0.8192 -0.5181 -0.2460
vn -0.0108 -0.9357 -0.3527
vn -0.0885 -0.6524 -0.7527
vn -0.1072 -0.9493 -0.2956
vn -0.0865 -0.6544 -0.7512
vn 0.1134 -0.9552 -0.2732
vn 0.0267 -0.9723 -0.2320
vn -0.8664 0.3779 -0.3265
vn -0.8849 0.3752 -0.2759
vn 0.8805 -0.4735 0.0224
vn 0.8526 -0.5187 0.0638
vn -0.0615 -0.3998 0.9145
vn -0.0853 -0.3801 0.9210
vn -0.0947 -0.9182 -0.3846
vn -0.2100 -0.2440 -0.9468
vn -0.0243 -0.8962 -0.4430
vn 0.0067 -0.5181 -0.8553
vn -0.8806 0.3128 0.3559
vn -0.7758 0.3816 0.5026
vn -0.6543 0.0981 0.7498
vn -0.7017 0.3291 0.6319
vn -0.8413 0.3788 0.3856
vn -0.7845 0.2924 0.5469
vn -0.7977 0.3623 0.4821
vn -0.8126 0.4651 -0.3513
vn -0.7374 0.4665 -0.4885
vn -0.7346 0.4879 -0.4715
vn -0.8777 0.4313 -0.2090
vn -0.8830 0.4241 -0.2012
vn -0.9045 0.4083 -0.1229
vn -0.0195 -0.9998 0.0036
vn 0.0140 -0.9999 -0.0088
vn 0.0198 -0.9997 -0.0140
vn -0.8711 0.3914 0.2965
vn -0.8376 0.3444 0.4242
vn -0.8416 0.3760 0.3876
vn -0.7589 0.6137 -0.2180
vn -0.8102 0.5571 -0.1823
vn -0.7733 0.5771 -0.2626
vn -0.7745 0.6139 -0.1525
vn -0.8450 0.5283 -0.0834
vn -0.8375 0.5239 -0.1556
vn -0.8621 0.4700 0.1893
vn -0.8652 0.4640 0.1898
vn -0.8566 0.4939 0.1491
vn -0.8620 0.4694 0.1915
vn -0.8724 0.4384 0.2160
vn -0.8739 0.4498 0.1844
vn -0.9030 0.3379 0.2653
vn -0.8823 0.4600 0.1000
vn -0.8602 0.4939 0.1271
vn -0.8659 0.4198 0.2720
vn -0.8815 0.3821 0.2775
vn -0.8889 0.3251 0.3226
vn -0.9140 0.3079 0.2644
vn -0.9068 0.3225 0.2717
vn -0.9538 0.2375 0.1840
vn -0.9423 0.2206 0.2518
vn -0.9427 0.2370 0.2349
vn 0.3218 0.9467 0.0141
vn -0.2269 0.9730 0.0420
vn -0.6230 0.7681 -0.1480
vn -0.0890 0.9805 -0.1755
vn -0.1331 0.9774 -0.1643
vn -0.6300 0.7636 -0.1418
vn -0.2963 0.6810 -0.6696
vn -0.6432 0.7516 -0.1462
vn -0.9237 0.3824 -0.0249
vn -0.8103 0.5637 -0.1600
vn -0.7934 0.5836 -0.1730
vn -0.8576 0.5121 0.0485
vn -0.8891 0.4559 0.0401
vn -0.8606 0.5039 0.0742
vn -0.8172 0.5626 0.1257
vn -0.8405 0.5153 0.1676
vn -0.8438 0.4045 0.3526
vn -0.8726 0.4401 0.2120
vn -0.8521 0.5123 0.1071
vn -0.8254 0.5550 0.1033
vn -0.8132 0.5774 0.0726
vn -0.8510 0.5124 0.1154
vn -0.8578 0.4967 0.1318
vn -0.8780 0.4493 0.1649
vn -0.8224 0.5682 0.0282
vn -0.8830 0.4523 0.1254
vn -0.4180 -0.8785 0.2312
vn 0.4288 -0.0854 0.8994
vn 0.6182 -0.1487 0.7718
vn 0.5475 -0.1606 0.8212
vn 0.6235 -0.1653 0.7641
vn 0.5448 -0.1677 0.8216
vn 0.7786 -0.0243 -0.6270
vn 0.7934 -0.0347 -0.6077
vn 0.6809 -0.0189 -0.7321
vn 0.6657 -0.0269 -0.7458
vn 0.5921 -0.7405 -0.3179
vn 0.3487 -0.9345 0.0708
vn -0.5148 -0.3715 0.7726
vn -0.6180 -0.1419 0.7732
vn -0.5874 -0.1534 0.7946
vn -0.3837 -0.5107 0.7693
vn 0.7316 -0.2022 0.6511
vn 0.6562 -0.1196 0.7451
vn 0.3912 -0.7742 0.4976
vn 0.9391 -0.3374 0.0651
vn -0.5612 -0.3575 -0.7465
vn -0.3057 0.4956 -0.8129
vn 0.8381 0.3423 -0.4248
vn 0.0208 -0.9323 0.3610
vn 0.0546 -0.5187 0.8532
vn -0.7298 0.4488 0.5157
vn 0.4972 -0.7535 0.4301
vn -0.9880 -0.1064 -0.1118
vn -0.9880 -0.1081 -0.1101
vn -0.9767 -0.1806 -0.1159
vn -0.9898 -0.1158 -0.0830
vn -0.9813 -0.1214 -0.1496
vn -0.9623 -0.2319 -0.1421
vn -0.9645 -0.1774 -0.1958
vn -0.9932 -0.1077 -0.0448
vn -0.9992 0.0320 -0.0218
vn -0.9994 0.0286 -0.0182
vn -0.9998 0.0193 0.0074
vn -0.9998 0.0205 0.0061
vn -0.9904 -0.1370 -0.0185
vn -0.9909 -0.1330 -0.0185
vn -0.9773 -0.1692 -0.1271
vn -0.9860 -0.1621 -0.0386
vn -0.9898 -0.1411 -0.0211
vn -0.9904 -0.0882 -0.1064
vn -0.9996 0.0043 -0.0266
vn -0.9999 0.0133 -0.0085
vn -0.9966 -0.0801 0.0213
vn -0.9766 -0.1886 -0.1031
vn -0.9805 -0.1685 -0.1016
vn -0.9980 -0.0565 0.0279
vn -0.9966 -0.0681 0.0466
vn -0.9971 -0.0709 0.0280
vn -0.9955 -0.0739 0.0597
vn -0.9868 -0.1495 0.0627
vn -0.9962 -0.0174 0.0859
vn -0.9962 -0.0195 0.0855
vn -0.9801 0.1067 0.1673
vn -0.9810 0.1388 0.1358
vn -0.9880 0.1433 0.0568
vn -0.9857 0.0238 0.1669
vn -0.9951 -0.0454 0.0877
vn 0.7758 -0.0184 -0.6307
vn -0.5732 0.2104 -0.7920
vn -0.0074 -0.9232 0.3842
vn 0.0610 0.0783 -0.9951
vn -0.7135 -0.6896 0.1242
vn -0.8592 -0.0613 0.5079
vn -0.8649 -0.4993 0.0507
vn -0.6568 -0.2279 0.7188
vn -0.9230 -0.3798 0.0623
vn -0.2208 -0.4570 -0.8616
vn -0.2190 -0.3353 -0.9163
vn 0.9655 0.0457 0.2565
vn 0.5713 -0.6827 -0.4556
vn -0.9992 0.0209 0.0329
vn -0.9997 0.0225 -0.0115
vn -0.9937 -0.0456 0.1026
vn -0.9850 0.0237 0.1708
vn -0.9662 0.1671 0.1962
vn -0.9975 -0.0083 0.0700
vn -0.9648 0.2242 0.1377
vn 0.7715 -0.0514 -0.6342
vn 0.7105 -0.0525 -0.7017
vn 0.6659 -0.0349 -0.7452
vn -0.5970 0.0196 0.8020
vn -0.4603 0.0261 0.8874
vn -0.4838 0.2223 -0.8465
vn -0.8155 -0.5615 0.1406
vn -0.9961 -0.0494 0.0730
vn -0.9627 0.0076 0.2705
vn -0.9816 -0.0563 0.1824
vn -0.9765 -0.1887 -0.1038
vn -0.9041 -0.3878 0.1794
vn -0.9335 -0.3497 0.0799
vn -0.9914 0.0925 0.0926
vn -0.9995 0.0243 0.0218
vn -0.9994 0.0325 -0.0121
vn -0.9994 0.0320 -0.0116
vn -0.9998 0.0218 0.0002
vn -0.9953 0.0212 0.0950
vn -0.9869 0.0111 0.1611
vn -0.9743 -0.0886 0.2071
vn -0.9791 -0.0727 0.1897
vn -0.9988 0.0480 -0.0055
vn -0.9911 0.1179 0.0612
vn 0.8346 -0.1169 -0.5383
vn 0.8260 -0.0892 -0.5566
vn -0.6342 0.0298 0.7726
vn -0.9798 -0.1749 -0.0971
vn -0.9802 -0.1979 0.0110
vn -0.8238 -0.5450 -0.1559
vn -0.8389 -0.5423 -0.0464
vn -0.9692 -0.1507 0.1947
vn -0.9998 0.0189 -0.0025
vn -0.9977 -0.0458 -0.0496
vn -0.9988 -0.0482 0.0120
vn -0.9998 0.0188 -0.0023
vn -0.9984 -0.0562 -0.0100
vn -0.9690 -0.1407 0.2031
vn -0.9886 -0.1399 0.0560
vn -0.9913 0.1167 0.0609
vn -0.9896 0.0480 0.1358
vn -0.9847 0.1007 0.1423
vn -0.9849 0.1061 0.1368
vn -0.9817 0.1229 0.1454
vn -0.9746 0.1028 0.1991
vn -0.9763 0.1372 0.1672
vn -0.9768 0.1119 0.1826
vn 0.7389 -0.3269 -0.5893
vn 0.7610 -0.3210 -0.5638
vn -0.1796 -0.1448 0.9730
vn 0.7258 -0.6680 -0.1645
vn 0.7484 -0.6423 -0.1653
vn -0.9788 0.1013 0.1782
vn -0.9732 0.0521 0.2238
vn 0.8332 -0.3249 -0.4475
vn 0.7054 -0.1897 -0.6829
vn -0.5120 0.1537 0.8451
vn -0.6234 0.3613 -0.6934
vn 0.7096 -0.6842 -0.1683
vn 0.0566 0.0973 0.9936
vn -0.7297 -0.6420 0.2354
vn 0.1554 -0.3566 -0.9212
vn 0.1007 0.6535 -0.7502
vn -0.4179 -0.8056 0.4200
vn -0.8603 0.4261 -0.2798
vn -0.1288 0.6636 0.7369
vn -0.3219 -0.8398 0.4373
vn 0.5176 0.8462 -0.1265
vn 0.1271 -0.9908 -0.0464
vn 0.9361 0.3076 0.1708
vn -0.9024 0.2289 0.3652
vn -0.9227 -0.0186 0.3851
vn -0.9406 0.3052 0.1486
vn -0.9042 0.3056 0.2984
vn -0.8510 -0.4398 -0.2870
vn -0.9633 -0.2667 0.0290
vn -0.6411 0.2238 0.7341
vn -0.3712 0.3143 0.8737
vn -0.3965 0.3470 0.8499
vn -0.5837 0.4210 -0.6943
vn -0.5423 0.4515 -0.7086
vn 0.4006 0.8159 0.4169
vn -0.7401 0.5171 0.4300
vn -0.9125 0.2734 0.3044
vn -0.2477 -0.9653 -0.0831
vn 0.1459 0.5292 -0.8358
vn -0.7477 0.6595 -0.0775
vn -0.3402 -0.5695 -0.7483
vn 0.4131 0.4976 0.7627
vn 0.2073 -0.9773 0.0442
vn -0.6817 0.6428 0.3494
vn -0.0297 0.5578 0.8294
vn -0.6917 0.4136 -0.5920
vn -0.6641 0.4644 -0.5859
vn -0.6291 0.4848 -0.6077
vn -0.5109 0.5004 -0.6990
vn 0.9689 0.1336 0.2082
vn 0.8406 0.5370 -0.0714
vn 0.3189 0.6898 0.6500
vn 0.3457 0.9173 0.1974
vn 0.9963 -0.0330 -0.0797
vn 0.9034 0.3770 0.2043
vn 0.0556 0.7257 -0.6858
vn 0.9747 0.2046 0.0906
vn 0.8839 0.2289 -0.4079
vn 0.1983 0.9554 -0.2188
vn 0.2159 0.9745 -0.0607
vn 0.6600 0.7397 -0.1312
vn -0.9513 -0.2566 -0.1709
vn -0.9672 -0.2085 -0.1450
vn -0.9211 -0.1227 0.3695
vn -0.5648 0.2944 0.7709
vn -0.5825 0.2468 0.7745
vn -0.0320 0.5176 0.8550
vn -0.3096 0.1576 0.9377
vn -0.3571 0.3511 0.8656
vn -0.1772 0.0731 0.9815
vn 0.9249 -0.0025 0.3803
vn 0.7460 0.6239 0.2329
vn 0.5888 0.4055 0.6992
vn 0.9902 0.1001 -0.0975
vn 0.9942 -0.1005 0.0394
vn 0.9803 -0.1433 0.1356
vn 0.9534 0.1844 -0.2387
vn 0.3968 0.8952 0.2026
vn 0.9414 0.0673 -0.3305
vn 0.9889 0.1250 -0.0800
vn 0.9336 0.1458 -0.3273
vn -0.5130 -0.1366 -0.8474
vn 0.4992 0.6344 0.5902
vn 0.9823 0.1314 -0.1334
vn 0.9193 0.0916 -0.3827
vn -0.5083 0.8595 0.0532
vn -0.9766 -0.0749 -0.2015
vn -0.1267 -0.1438 0.9815
vn -0.9476 0.2846 0.1451
vn -0.0538 -0.7419 0.6683
vn -0.3783 0.9090 -0.1749
vn -0.3218 0.9464 -0.0296
vn 0.9825 -0.0739 -0.1711
vn -0.1212 -0.0592 -0.9909
vn 0.0426 0.9352 0.3516
vn -0.9974 -0.0709 -0.0092
vn -0.9837 -0.0760 -0.1629
vn -0.9945 -0.0828 0.0641
vn -0.9927 -0.1181 -0.0260
vn -0.9904 -0.1105 0.0829
vn -0.9967 -0.0552 0.0590
vn -0.9966 -0.0788 -0.0258
vn -0.9923 -0.0851 -0.0905
vn -0.9687 -0.2435 -0.0493
vn -0.9961 -0.0569 -0.0672
vn -0.9972 -0.0286 0.0689
vn -0.9164 -0.3932 0.0750
vn -0.8391 -0.5420 -0.0471
vn -0.8554 -0.5128 -0.0731
vn -0.9906 0.0018 -0.1365
vn -0.9512 0.2025 0.2327
vn -0.9952 0.0402 0.0889
vn -0.9149 0.0906 -0.3934
vn -0.8690 0.3070 -0.3880
vn -0.7998 -0.4585 -0.3874
vn -0.9448 -0.1768 -0.2757
vn -0.9443 -0.1720 -0.2807
vn -0.8121 -0.3513 -0.4659
vn -0.7996 -0.4592 -0.3870
vn -0.9321 0.1418 0.3334
vn -0.8900 0.3033 0.3404
vn -0.9999 0.0135 0.0071
vn -0.9845 0.1615 -0.0689
vn -0.7983 0.1532 0.5824
vn -0.6437 0.1370 0.7529
vn -0.8491 0.3494 0.3961
vn -0.3022 -0.0524 0.9518
vn -0.8082 0.0238 0.5885
vn -0.6470 0.6008 -0.4695
vn -0.6328 0.6115 -0.4750
vn -0.5342 0.5782 -0.6167
vn 0.8954 -0.4447 -0.0216
vn 0.9569 -0.2900 -0.0178
vn -0.9583 -0.2573 -0.1246
vn -0.7976 -0.5254 -0.2963
vn -0.8951 -0.3919 -0.2129
vn -0.9085 -0.2856 -0.3050
vn -0.8918 0.2562 0.3728
vn -0.8960 0.1629 0.4131
vn -0.9254 0.2444 0.2895
vn -0.6942 0.6632 -0.2798
vn -0.2649 0.9601 -0.0900
vn 0.1514 0.9872 0.0505
vn -0.4407 0.8262 -0.3509
vn 0.0567 0.9979 0.0325
vn 0.3306 0.9352 0.1265
vn 0.9128 0.3923 -0.1138
vn 0.8005 0.5841 -0.1345
vn 0.8607 0.3821 -0.3364
vn 0.9074 0.4072 -0.1040
vn 0.8370 0.5394 -0.0914
vn 0.5960 0.7609 -0.2565
vn 0.0905 0.9959 -0.0073
vn 0.6425 0.5122 -0.5700
vn 0.2054 0.5491 -0.8101
vn -0.1324 0.6837 -0.7177
vn 0.2735 0.3715 -0.8872
vn 0.4498 0.3434 -0.8245
vn -0.9524 0.2293 0.2008
vn -0.9728 0.2233 0.0613
vn -0.9335 0.3507 0.0753
vn -0.9721 0.2341 -0.0143
vn -0.9794 0.1980 0.0402
vn -0.9802 0.1974 0.0178
vn -0.8962 0.4292 0.1127
vn -0.9699 0.2178 0.1089
vn -0.9670 0.2338 0.1016
vn -0.9589 0.2164 0.1837
vn -0.9588 0.2176 0.1826
vn -0.9053 0.3971 -0.1511
vn -0.2623 0.6336 -0.7278
vn -0.0716 0.4694 -0.8801
vn -0.9524 0.2368 -0.1919
vn -0.8266 -0.5619 0.0311
vn -0.9474 0.2269 -0.2258
vn -0.9825 0.1859 0.0147
vn -0.9968 0.0155 0.0779
vn -0.9717 0.2227 -0.0787
vn -0.9817 0.0650 -0.1789
vn -0.9711 0.2387 -0.0022
vn -0.9958 0.0769 -0.0492
vn -0.9580 0.2833 -0.0444
vn -0.9900 0.1326 0.0482
vn -0.9971 0.0756 0.0109
vn -0.9901 0.0906 0.1070
vn -0.9854 0.1380 0.0994
vn -0.9588 0.2820 -0.0348
vn -0.9959 0.0610 0.0666
vn -0.9891 0.1279 0.0736
vn -0.9954 0.0783 0.0550
vn -0.9868 0.1083 0.1203
vn -0.9993 0.0221 0.0289
vn -0.9990 0.0240 0.0366
vn -0.9984 0.0359 0.0443
vn -0.3493 0.6313 -0.6924
vn -0.2541 0.5809 -0.7733
vn -0.9843 0.1083 0.1396
vn -0.9831 0.1542 0.0988
vn -0.9512 0.2926 0.0986
vn -0.8862 0.3418 0.3129
vn -0.8997 0.2164 0.3790
vn -0.9811 0.1915 0.0269
vn -0.2815 0.6995 -0.6568
vn -0.2541 0.7640 -0.5931
vn -0.2555 0.9414 -0.2202
vn -0.3994 0.7844 -0.4745
vn -0.1042 0.9625 -0.2504
vn -0.1829 0.9747 -0.1287
vn -0.4634 -0.1477 -0.8737
vn -0.3903 -0.1628 -0.9062
vn 0.3966 -0.0979 0.9128
vn -0.8648 -0.5021 -0.0079
vn -0.0997 -0.9949 -0.0129
vn -0.0996 -0.9868 -0.1281
vn -0.8938 -0.4418 -0.0778
vn -0.0933 -0.9780 -0.1863
vn -0.1024 -0.9696 -0.2224
vn -0.8745 -0.4458 -0.1911
vn -0.1005 -0.9225 -0.3726
vn -0.8985 -0.4312 -0.0817
vn -0.0944 -0.9341 -0.3443
vn -0.9322 -0.2965 -0.2077
vn -0.1069 -0.8506 -0.5149
vn -0.9137 -0.3098 -0.2630
vn -0.1008 -0.8654 -0.4909
vn -0.9106 -0.3026 -0.2814
vn -0.1285 -0.7629 -0.6336
vn -0.9408 -0.2721 -0.2021
vn -0.9058 -0.2668 -0.3290
vn -0.1070 -0.8462 -0.5220
vn -0.8986 -0.3083 -0.3121
vn -0.1211 -0.6971 -0.7066
vn -0.1285 -0.6679 -0.7331
vn -0.8351 -0.3755 -0.4019
vn -0.1250 -0.6378 -0.7600
vn -0.9185 -0.3141 -0.2403
vn -0.1212 -0.6564 -0.7447
vn -0.8314 -0.3769 -0.4083
vn -0.1040 -0.5899 -0.8007
vn -0.1224 -0.4901 -0.8630
vn -0.5260 -0.6558 -0.5416
vn -0.5602 -0.5518 -0.6178
vn -0.0838 -0.5837 -0.8076
vn -0.9228 -0.3458 -0.1702
vn -0.9044 -0.4222 -0.0624
vn -0.1021 -0.4859 -0.8681
vn -0.0396 -0.5436 -0.8384
vn 0.0638 -0.6116 -0.7886
vn -0.0758 -0.3444 -0.9358
vn -0.9062 -0.3824 -0.1804
vn -0.9390 -0.3390 -0.0586
vn -0.0261 -0.2919 -0.9561
vn 0.1071 -0.2845 -0.9527
vn 0.0222 -0.5882 -0.8084
vn 0.1316 -0.5206 -0.8436
vn -0.9573 -0.2392 -0.1624
vn -0.8963 -0.4034 -0.1840
vn -0.9389 -0.3039 -0.1617
vn -0.8793 -0.4556 -0.1387
vn -0.9208 -0.3845 -0.0650
vn -0.9670 -0.2322 -0.1044
vn -0.9697 -0.1610 -0.1839
vn -0.9465 -0.2507 -0.2031
vn -0.9630 -0.2463 -0.1092
vn -0.9585 -0.2742 -0.0777
vn -0.9665 -0.2531 -0.0432
vn -0.8630 -0.5038 0.0384
vn -0.9611 -0.2748 0.0282
vn -0.8677 -0.4951 0.0448
vn -0.9658 -0.2592 0.0070
vn -0.9133 -0.3864 0.1287
vn -0.9611 -0.2750 0.0240
vn -0.8347 -0.5337 0.1354
vn -0.8414 -0.5209 0.1437
vn -0.9237 -0.3819 0.0297
vn -0.9848 -0.1595 0.0687
vn -0.9988 -0.0419 -0.0239
vn -0.9818 -0.1599 0.1028
vn -0.8011 -0.5522 0.2310
vn -0.7787 -0.5827 0.2326
vn -0.7940 -0.5644 0.2261
vn -0.0977 -0.8790 0.4667
vn -0.0900 -0.8530 0.5141
vn -0.0900 -0.8490 0.5207
vn -0.7977 -0.5749 0.1821
vn -0.1101 -0.7991 0.5910
vn -0.1021 -0.9018 0.4200
vn -0.0974 -0.8933 0.4387
vn -0.1044 -0.9485 0.2992
vn -0.1014 -0.9440 0.3138
vn -0.1026 -0.9681 0.2287
vn -0.1057 -0.9859 0.1301
vn -0.1050 -0.9856 0.1324
vn -0.1054 -0.9938 -0.0359
vn -0.1076 -0.9935 -0.0359
vn -0.1097 -0.9851 0.1324
vn -0.1078 -0.9859 0.1282
vn -0.1074 -0.9792 -0.1720
vn -0.1113 -0.9934 -0.0281
vn -0.1757 -0.9594 -0.2204
vn -0.1152 -0.9831 -0.1420
vn -0.1073 -0.9628 0.2480
vn -0.1012 -0.9440 0.3140
vn -0.0858 -0.9455 0.3141
vn -0.4802 -0.0390 -0.8763
vn -0.4594 -0.0751 -0.8850
vn 0.4475 -0.0013 0.8943
vn -0.2270 -0.9167 -0.3288
vn -0.2705 -0.9026 -0.3350
vn -0.2798 -0.8791 -0.3859
vn -0.2794 -0.9081 -0.3120
vn -0.2536 -0.6841 -0.6839
vn -0.3604 -0.8304 -0.4250
vn -0.4142 -0.8512 -0.3224
vn -0.4382 -0.7630 -0.4753
vn -0.1850 -0.9641 -0.1904
vn -0.0947 -0.8923 0.4414
vn -0.0935 -0.8937 0.4389
vn -0.1321 -0.9510 0.2794
vn -0.0786 -0.9011 0.4265
vn -0.0930 -0.8499 0.5187
vn -0.0734 -0.8385 0.5399
vn -0.0788 -0.8381 0.5397
vn -0.3585 -0.2941 -0.8860
vn -0.3176 -0.7327 -0.6019
vn -0.7796 0.1636 0.6046
vn -0.8347 -0.5446 -0.0813
vn -0.6350 0.7588 0.1449
vn -0.6605 0.2574 -0.7053
vn -0.9866 -0.0288 0.1607
vn -0.9678 -0.0108 0.2514
vn -0.9963 -0.0139 0.0845
vn -0.9994 -0.0334 0.0118
vn -0.9919 -0.0382 0.1215
vn -0.1209 -0.8346 0.5375
vn -0.1206 -0.7183 0.6852
vn -0.0730 -0.8303 0.5525
vn -0.0681 -0.8377 0.5418
vn -0.1184 -0.8499 0.5135
vn -0.0868 -0.8203 0.5653
vn -0.0835 -0.8239 0.5605
vn -0.9715 0.2134 0.1031
vn -0.9703 0.2257 0.0870
vn -0.9817 0.0248 0.1887
vn -0.9745 0.1641 0.1530
vn -0.9717 0.2141 0.0997
vn -0.9970 -0.0481 0.0599
vn -0.9878 0.1005 0.1187
vn -0.9838 -0.1790 -0.0131
vn -0.9705 -0.0018 0.2410
vn -0.9796 -0.0701 0.1882
vn -0.9649 -0.0610 0.2555
vn -0.9893 0.1059 0.1002
vn -0.9641 -0.0719 0.2555
vn -0.9612 -0.0384 0.2731
vn -0.8201 -0.2802 0.4989
vn -0.7695 -0.3829 0.5111
vn -0.9722 -0.0194 0.2334
vn -0.7427 -0.4087 0.5305
vn -0.6372 -0.5791 0.5085
vn -0.6851 -0.4568 0.5674
vn -0.1691 -0.8708 0.4617
vn -0.1713 -0.8368 0.5200
vn -0.0764 -0.8123 0.5782
vn -0.0759 -0.8739 0.4801
vn -0.1953 -0.8457 0.4966
vn -0.1358 -0.8535 0.5031
vn -0.0690 -0.8187 0.5701
vn -0.0746 -0.8737 0.4807
vn -0.0874 -0.8317 0.5484
vn -0.0833 -0.8674 0.4907
vn 0.6023 -0.0394 -0.7973
vn 0.5816 -0.0340 -0.8128
vn 0.1977 -0.9439 0.2644
vn 0.2663 -0.8958 0.3559
vn 0.5429 -0.1265 0.8302
vn 0.4748 -0.1065 0.8736
vn -0.2913 -0.2430 -0.9252
vn -0.2556 -0.3425 -0.9041
vn -0.2867 -0.2390 -0.9277
vn -0.2874 -0.2564 -0.9228
vn 0.4587 -0.0955 -0.8834
vn -0.4671 -0.1413 0.8729
vn -0.5404 -0.0965 0.8359
vn -0.3306 -0.1304 0.9347
vn -0.3264 -0.1280 0.9365
vn -0.4533 0.0560 -0.8896
vn -0.4513 0.0545 -0.8907
vn 0.8931 -0.4030 0.1998
vn 0.7299 -0.5874 0.3496
vn 0.6744 -0.3453 0.6527
vn -0.1120 -0.2939 -0.9493
vn -0.1523 -0.1701 -0.9736
vn -0.5520 -0.5385 0.6366
vn -0.5509 -0.5292 0.6454
vn -0.8234 -0.3781 0.4232
vn -0.5508 -0.5294 0.6453
vn -0.4337 -0.6123 0.6610
vn -0.5222 -0.5727 0.6319
vn -0.3690 -0.5554 0.7453
vn -0.2365 -0.7141 0.6589
vn -0.2017 -0.7363 0.6459
vn -0.2140 -0.7473 0.6291
vn -0.4466 0.2026 -0.8715
vn 0.6593 -0.7132 0.2380
vn 0.4702 -0.7687 -0.4336
vn 0.9090 -0.4032 0.1055
vn 0.7773 -0.4240 0.4647
vn 0.6781 -0.3306 0.6564
vn 0.0338 -0.2250 -0.9738
vn 0.1125 -0.7929 -0.5989
vn -0.0575 -0.2160 -0.9747
vn -0.9390 -0.2318 0.2539
vn -0.8827 -0.3349 0.3297
vn -0.9985 -0.0492 0.0257
vn -0.7803 -0.4258 0.4582
vn -0.6298 -0.6345 0.4480
vn -0.9514 -0.3079 -0.0111
vn -0.4080 -0.6990 0.5873
vn -0.7872 -0.6035 0.1268
vn -0.3687 -0.6504 0.6641
vn -0.3685 -0.6506 0.6640
vn -0.2167 -0.7599 0.6129
vn -0.2253 -0.6651 0.7120
vn -0.3212 -0.6599 0.6792
vn -0.1681 -0.5936 0.7870
vn -0.0858 -0.5138 0.8536
vn -0.1803 -0.5145 0.8383
vn -0.1675 -0.5875 0.7917
vn -0.2551 -0.5922 0.7643
vn -0.2649 -0.5797 0.7706
vn -0.2024 -0.5921 0.7800
vn -0.1815 -0.5770 0.7964
vn -0.1690 -0.5473 0.8197
vn -0.3404 -0.4891 0.8031
vn -0.3447 -0.5460 0.7636
vn -0.2443 -0.5624 0.7900
vn -0.2119 -0.6626 0.7184
vn -0.2398 -0.6473 0.7235
vn -0.2284 -0.6494 0.7253
vn -0.1864 -0.6184 0.7634
vn -0.2506 -0.6782 0.6908
vn 0.5815 -0.0324 -0.8129
vn -0.4498 0.0225 0.8929
vn -0.3636 0.0248 0.9312
vn 0.4704 -0.8824 0.0084
vn 0.6873 -0.7181 -0.1099
vn -0.9815 0.1632 0.1006
vn -0.9968 -0.0692 0.0407
vn -0.9973 -0.0072 -0.0731
vn -0.9990 -0.0046 -0.0445
vn -0.9997 -0.0206 -0.0115
vn -0.6917 -0.7220 0.0190
vn -0.7950 -0.6022 0.0727
vn -0.8536 -0.5164 0.0680
vn -0.7610 -0.6135 0.2108
vn -0.6669 -0.6633 0.3395
vn -0.9897 0.1040 0.0984
vn -0.9927 -0.0271 0.1175
vn -0.9979 -0.0284 0.0574
vn -0.9907 0.1037 0.0878
vn -0.9896 0.1318 0.0574
vn -0.9814 0.0394 0.1880
vn -0.9914 0.0452 0.1225
vn -0.9830 0.1353 0.1239
vn -0.9733 0.0469 0.2247
vn -0.9784 0.1551 0.1367
vn -0.9500 -0.0515 -0.3081
vn -0.9681 -0.2212 -0.1174
vn -0.9447 -0.2021 -0.2584
vn -0.9430 -0.2068 -0.2607
vn -0.9446 -0.2011 -0.2595
vn -0.9981 -0.0047 -0.0611
vn -0.7338 -0.3091 -0.6049
vn -0.8633 -0.1977 -0.4644
vn -0.8371 0.0662 -0.5430
vn -0.6988 0.1303 -0.7033
vn -0.9268 -0.1842 -0.3274
vn -0.9179 -0.2808 -0.2806
vn -0.7556 -0.5696 -0.3234
vn -0.8790 -0.3947 -0.2677
vn -0.8180 -0.3617 -0.4473
vn -0.9023 -0.2747 -0.3322
vn -0.9158 -0.1871 -0.3553
vn -0.8468 -0.1646 -0.5057
vn -0.8233 -0.5602 0.0908
vn -0.9023 -0.4261 -0.0664
vn 0.4663 -0.0015 -0.8846
vn 0.5876 -0.0308 -0.8086
vn 0.5489 -0.0323 -0.8353
vn -0.2750 0.0494 0.9602
vn -0.8554 -0.5156 0.0489
vn 0.3111 -0.9200 -0.2383
vn 0.6872 -0.0162 -0.7263
vn 0.6969 -0.1906 -0.6914
vn -0.5039 0.1541 0.8499
vn -0.4461 0.3489 -0.8242
vn -0.4643 0.3624 -0.8081
vn 0.6689 -0.4983 0.5516
vn 0.9485 0.2448 -0.2009
vn -0.0892 -0.7474 0.6583
vn 0.5116 -0.8591 0.0141
vn -0.0530 -0.6492 0.7588
vn 0.8344 -0.0346 -0.5501
vn 0.8007 -0.0376 -0.5978
vn 0.5873 0.0582 -0.8073
vn 0.8604 -0.4789 0.1745
vn 0.6657 -0.0847 0.7414
vn 0.7624 -0.5210 0.3837
vn -0.4273 0.2346 0.8732
vn -0.3649 0.2542 0.8957
vn -0.5097 -0.7804 -0.3620
vn 0.8634 0.1775 0.4722
vn -0.6961 -0.7140 -0.0753
vn -0.3315 -0.2596 -0.9071
vn 0.8410 0.3381 0.4224
vn -0.1952 -0.9731 0.1223
vn 0.3779 -0.6557 -0.6537
vn 0.8725 0.0265 0.4879
vn -0.3312 -0.0126 -0.9435
vn 0.6508 -0.1710 0.7398
vn -0.4226 0.4337 -0.7959
vn 0.7495 -0.2009 0.6308
vn -0.4415 -0.1666 -0.8816
vn 0.9319 0.3534 -0.0821
vn -0.6551 -0.7317 -0.1883
vn 0.7491 -0.2012 0.6312
vn 0.5471 0.8306 0.1038
vn 0.5410 0.8339 0.1088
vn 0.2274 0.8572 0.4621
vn 0.7568 -0.2062 0.6203
vn 0.6009 0.2146 0.7700
vn -0.6294 0.4023 -0.6649
vn 0.9658 0.0128 0.2590
vn -0.8667 -0.4973 -0.0392
vn 0.8998 0.3470 -0.2644
vn 0.9163 0.3263 -0.2323
vn -0.5901 -0.7547 0.2867
vn 0.4343 -0.4111 0.8015
vn -0.1045 -0.0666 -0.9923
vn 0.4190 -0.2182 0.8814
vn 0.9301 0.3556 -0.0915
vn 0.8625 0.5045 0.0391
vn -0.5946 -0.7810 -0.1909
vn 0.7867 -0.2766 0.5519
vn 0.8389 -0.0743 0.5392
vn 0.8215 0.5702 0.0001
vn 0.8483 0.4931 0.1928
vn 0.8999 0.4022 -0.1685
vn 0.9692 0.2456 -0.0152
vn 0.9140 0.3643 -0.1784
vn -0.5129 0.8401 -0.1765
vn -0.5795 0.2514 0.7753
vn -0.4631 0.1119 0.8792
vn -0.2434 0.1976 -0.9496
vn -0.2756 -0.8256 -0.4923
vn 0.5965 0.8019 -0.0327
vn 0.5946 0.8040 0.0087
vn 0.6336 -0.7725 0.0422
vn -0.1414 0.8300 -0.5396
vn 0.6395 -0.7677 0.0409
vn 0.1559 0.6144 0.7734
vn 0.0668 0.3494 0.9346
vn 0.0323 0.6241 0.7807
vn 0.0931 0.3465 0.9334
vn 0.0598 0.2374 0.9696
vn -0.2313 0.3600 0.9038
vn 0.1373 0.2269 0.9642
vn 0.1852 0.5185 0.8348
vn -0.5413 -0.2591 0.7999
vn 0.2581 0.7059 0.6596
vn -0.0228 0.6140 0.7889
vn 0.5706 -0.1078 0.8141
vn 0.7187 0.1455 0.6799
vn 0.5648 -0.1051 0.8185
vn 0.1629 -0.7414 0.6510
vn 0.1565 -0.2779 0.9478
vn 0.1543 -0.2708 0.9502
vn 0.3150 0.7747 0.5483
vn -0.6990 0.3345 -0.6321
vn 0.9456 -0.1152 0.3042
vn -0.8737 -0.4674 -0.1349
vn 0.9185 0.3590 -0.1658
vn 0.9302 0.3413 -0.1352
vn -0.5431 -0.7880 0.2899
vn 0.9481 0.3165 0.0295
vn 0.9179 0.3756 0.1283
vn 0.5841 0.7298 0.3553
vn 0.5999 0.6609 0.4510
vn 0.8088 -0.3334 0.4843
vn 0.8143 -0.2257 0.5347
vn 0.7114 -0.3722 0.5961
vn 0.7715 -0.2716 0.5753
vn 0.9233 0.3103 -0.2262
vn 0.9659 0.2002 -0.1642
vn 0.9285 0.2788 -0.2454
vn -0.3479 0.9316 0.1048
vn -0.2485 0.3865 0.8882
vn -0.1866 0.2969 0.9365
vn -0.2186 0.0697 -0.9733
vn -0.2574 -0.7922 -0.5533
vn 0.8404 0.5258 -0.1315
vn 0.8323 0.5452 -0.1008
vn 0.2237 0.9546 0.1969
vn 0.2277 0.9722 -0.0547
vn 0.3200 0.9304 -0.1789
vn 0.7195 0.6361 -0.2789
vn 0.0248 0.9143 -0.4044
vn 0.1625 0.9319 -0.3242
vn 0.0214 0.9378 -0.3464
vn 0.1659 0.8995 -0.4042
vn 0.0228 0.9194 -0.3926
vn 0.1820 0.9077 -0.3781
vn 0.0235 0.9428 -0.3326
vn 0.1823 0.9223 -0.3407
vn 0.2287 0.9043 -0.3604
vn 0.0265 0.8262 -0.5627
vn 0.0316 0.8553 -0.5172
vn 0.1896 0.8197 -0.5405
vn 0.3639 0.1505 -0.9192
vn 0.1463 0.0693 0.9868
vn -0.5028 0.4865 -0.7145
vn 0.9338 -0.1557 0.3221
vn 0.6325 0.4885 -0.6010
vn 0.5003 0.7386 -0.4518
vn 0.5579 0.5809 -0.5927
vn -0.0746 0.0349 0.9966
vn -0.0732 -0.2679 0.9607
vn -0.0416 -0.1240 0.9914
vn -0.4907 0.5809 -0.6495
vn -0.4689 0.5713 -0.6736
vn 0.9278 -0.1698 0.3321
vn 0.8268 -0.3018 0.4748
vn 0.8195 -0.3005 0.4879
vn 0.9939 0.0963 0.0541
vn 0.9673 -0.1234 0.2216
vn 0.9406 0.1589 -0.3000
vn 0.8730 0.3487 -0.3408
vn 0.9983 -0.0036 -0.0588
vn 0.5288 0.4088 -0.7438
vn 0.5723 0.5789 -0.5808
vn 0.4474 0.7616 -0.4688
vn 0.5334 0.4323 -0.7270
vn 0.4383 0.5286 -0.7270
vn -0.8363 0.1635 0.5234
vn -0.8006 0.1157 0.5880
vn -0.8126 0.1841 0.5530
vn -0.8957 0.2801 0.3453
vn -0.9219 0.1796 0.3432
vn -0.7783 0.2592 0.5719
vn -0.8927 0.2275 0.3890
vn -0.9464 0.2205 0.2361
vn -0.9077 0.3370 0.2500
vn -0.9461 0.2127 0.2440
vn -0.8931 0.2263 0.3888
vn -0.9156 0.3039 0.2632
vn -0.9386 0.2956 0.1781
vn -0.9544 0.1895 0.2306
vn -0.8650 0.4463 0.2293
vn -0.9419 0.2545 0.2192
vn -0.9237 0.3127 0.2212
vn -0.9342 0.2770 0.2249
vn -0.9178 0.3378 0.2089
vn -0.9178 0.3359 0.2117
vn -0.1234 0.9324 0.3398
vn -0.4302 -0.9016 -0.0454
vn -0.1074 0.9549 0.2770
vn -0.1077 0.9458 0.3065
vn -0.1153 0.9430 0.3121
vn -0.1238 0.8944 0.4298
vn -0.1224 0.8963 0.4262
vn -0.1192 0.8249 0.5525
vn -0.1232 0.8161 0.5646
vn -0.1154 0.7535 0.6472
vn -0.1186 0.7418 0.6601
vn -0.1155 0.6694 0.7339
vn -0.1148 0.6724 0.7313
vn -0.1238 0.5411 0.8318
vn -0.1148 0.5691 0.8142
vn -0.1225 0.3958 0.9101
vn -0.1207 0.4008 0.9082
vn -0.1166 0.2572 0.9593
vn -0.1247 0.2214 0.9672
vn -0.1061 0.1044 0.9889
vn -0.1187 0.0487 0.9917
vn -0.1071 -0.1111 0.9880
vn -0.1937 -0.1094 0.9749
vn -0.2177 0.0471 0.9749
vn -0.1960 0.0234 0.9803
vn -0.1664 -0.2643 0.9500
vn -0.1706 -0.1318 0.9765
vn -0.5407 0.5897 -0.5999
vn 0.8203 0.5267 0.2230
vn 0.9349 0.2041 0.2903
vn 0.4039 0.5841 -0.7040
vn -0.1556 0.1887 0.9696
vn -0.1958 0.1883 0.9624
vn -0.1981 0.1916 0.9613
vn 0.6242 0.7104 0.3250
vn -0.0264 0.9978 0.0601
vn 0.6050 0.7360 0.3036
vn 0.0034 0.4497 -0.8932
vn -0.1498 0.3441 0.9269
vn -0.1761 0.3963 0.9011
vn -0.1739 0.3642 0.9149
vn -0.1714 0.2678 0.9481
vn -0.1611 0.3500 0.9228
vn -0.1721 0.5644 0.8074
vn -0.1576 0.4876 0.8587
vn 0.0148 0.5941 -0.8042
vn -0.0012 0.6087 -0.7934
vn 0.0248 0.5083 -0.8609
vn -0.1575 0.5812 0.7983
vn -0.1520 0.6716 0.7251
vn -0.1507 0.6689 0.7279
vn -0.1687 0.5802 0.7968
vn -0.1556 0.5991 0.7854
vn -0.1564 0.6757 0.7204
vn -0.1481 0.5019 0.8522
vn -0.0183 0.7400 -0.6723
vn 0.0210 0.6993 -0.7145
vn -0.1495 0.8147 0.5602
vn -0.1375 0.8687 0.4758
vn -0.1521 0.8127 0.5624
vn -0.1609 0.8132 0.5593
vn -0.1309 0.8637 0.4867
vn -0.1475 0.7502 0.6446
vn -0.1339 0.7646 0.6305
vn -0.1581 0.8106 0.5638
vn -0.1528 0.7383 0.6569
vn 0.0442 0.8369 -0.5455
vn 0.0280 0.9402 -0.3394
vn -0.1474 0.9776 -0.1502
vn -0.1363 0.9512 0.2769
vn -0.0830 0.9798 0.1819
vn -0.0692 0.9807 0.1828
vn -0.1148 0.9250 0.3622
vn -0.1310 0.9171 0.3764
vn -0.1223 0.9223 0.3666
vn -0.1319 0.9472 0.2922
vn -0.1477 0.8931 0.4249
vn -0.0721 0.9972 -0.0186
vn -0.0809 0.9930 0.0861
vn -0.1259 0.9755 0.1806
vn -0.0768 0.9793 0.1871
vn -0.6113 -0.7864 -0.0886
vn -0.5668 -0.7900 0.2340
vn -0.3253 -0.1398 -0.9352
vn 0.1706 -0.1060 0.9796
vn 0.2160 0.0283 0.9760
vn 0.2588 0.0596 0.9641
vn 0.3309 -0.0225 0.9434
vn 0.2580 0.0750 0.9632
vn 0.4863 -0.8713 -0.0663
vn 0.4334 -0.1119 0.8942
vn 0.4286 -0.1230 0.8951
vn 0.3308 -0.0323 0.9431
vn 0.3644 -0.0689 -0.9287
vn 0.4524 -0.1417 -0.8805
vn -0.2129 -0.1332 0.9680
vn -0.2259 -0.1261 0.9660
vn -0.1958 -0.7500 0.6318
vn -0.1463 -0.7826 0.6051
vn -0.3228 0.2139 -0.9220
vn 0.4289 -0.3261 0.8424
vn -0.2355 -0.6855 0.6889
vn -0.2144 -0.6895 0.6918
vn -0.1748 -0.7272 0.6638
vn -0.3345 0.2071 -0.9193
vn 0.9784 -0.1933 -0.0739
vn 0.9665 -0.2516 -0.0505
vn 0.5094 -0.3126 0.8017
vn 0.4863 -0.2587 0.8346
vn 0.0306 -0.1590 -0.9868
vn 0.0729 -0.0130 -0.9973
vn 0.1156 -0.1808 -0.9767
vn 0.1180 -0.1652 -0.9792
vn 0.1259 -0.0271 -0.9917
vn 0.4036 -0.0087 -0.9149
vn 0.3603 0.0103 -0.9328
vn -0.4502 -0.8355 -0.3151
vn 0.9990 -0.0427 -0.0123
vn 0.6276 -0.4422 -0.6408
vn 0.6535 -0.4371 -0.6180
vn -0.2754 -0.5689 0.7749
vn 0.1311 0.1563 -0.9790
vn 0.1212 0.1894 -0.9744
vn 0.6250 -0.3288 0.7081
vn 0.0381 -0.5190 -0.8539
vn 0.5883 -0.3302 0.7382
vn 0.5123 -0.2838 0.8106
vn -0.2626 0.0499 0.9636
vn -0.2426 0.0447 0.9691
vn -0.3216 0.3651 -0.8737
vn -0.6468 0.1724 -0.7429
vn 0.7644 -0.2181 0.6067
vn -0.8235 -0.5422 0.1666
vn 0.9984 0.0510 0.0242
vn 0.2158 0.8807 0.4216
vn 0.7494 0.6508 -0.1218
vn 0.1753 0.3837 0.9067
vn 0.6325 -0.2780 0.7229
vn 0.6540 0.7510 0.0909
vn 0.5811 0.8076 -0.1003
vn 0.3073 0.2287 0.9237
vn 0.8826 0.1792 -0.4346
vn 0.6754 -0.1767 0.7160
vn 0.8921 0.1464 -0.4274
vn -0.4601 0.7271 -0.5095
vn -0.6222 0.4757 0.6217
vn 0.2999 -0.2441 0.9222
vn -0.1882 -0.0297 -0.9817
vn 0.0977 -0.9452 -0.3114
vn 0.4425 0.0617 -0.8946
vn -0.5125 -0.7763 -0.3670
vn 0.9761 0.2077 0.0643
vn 0.6094 -0.1912 -0.7695
vn 0.6382 -0.1924 -0.7455
vn -0.3021 -0.5247 0.7959
vn 0.5087 -0.3184 0.7999
vn 0.0056 -0.2631 -0.9648
vn 0.5884 -0.2951 0.7527
vn 0.6255 -0.3114 0.7154
vn 0.5659 0.7382 -0.3671
vn -0.0029 -0.6194 0.7851
vn -0.1111 -0.4745 0.8732
vn 0.0033 -0.6050 0.7962
vn 0.0018 -0.7058 0.7084
vn -0.0873 -0.6017 0.7940
vn 0.0248 -0.6539 0.7562
vn -0.0832 -0.5152 0.8530
vn -0.0757 -0.4765 0.8759
vn -0.0852 -0.6068 0.7903
vn 0.4975 0.0213 -0.8672
vn -0.0827 0.5801 0.8104
vn -0.0677 0.6157 0.7851
vn -0.2970 0.3489 -0.8889
vn -0.6646 0.3001 -0.6843
vn 0.9292 -0.0004 0.3697
vn -0.7640 -0.6419 0.0663
vn 0.4190 0.8974 0.1383
vn 0.4350 0.6991 0.5675
vn 0.5590 -0.3151 0.7669
vn 0.7695 0.0867 0.6327
vn 0.8147 0.5058 -0.2835
vn 0.9594 0.2576 0.1146
vn 0.8329 0.4731 -0.2870
vn -0.4793 0.7989 -0.3635
vn -0.4154 0.4485 0.7914
vn -0.1043 0.1484 0.9834
vn -0.2432 0.1706 -0.9549
vn -0.0083 -0.8976 -0.4407
vn 0.4506 0.8841 -0.1239
vn 0.4238 0.9006 -0.0969
vn 0.0258 -0.4591 0.8880
vn -0.1557 -0.4419 0.8835
vn 0.3772 0.4206 0.8251
vn 0.1178 0.7959 0.5938
vn -0.3528 0.4878 -0.7985
vn 0.5035 -0.3953 0.7683
vn 0.2331 0.8107 -0.5370
vn 0.9782 0.2038 0.0404
vn 0.5335 -0.4112 0.7391
vn 0.0442 0.9021 -0.4292
vn 0.0701 0.9143 -0.3990
vn 0.8265 0.5374 -0.1676
vn 0.8061 0.5614 -0.1873
vn 0.0239 0.9247 -0.3800
vn 0.0453 0.8877 -0.4581
vn -0.0937 -0.5893 0.8024
vn -0.0921 -0.5731 0.8143
vn 0.0864 -0.5235 0.8476
vn 0.0941 -0.5240 0.8465
vn -0.1101 -0.5125 0.8516
vn -0.0788 -0.5903 0.8033
vn -0.1545 -0.5817 0.7986
vn -0.1806 -0.5228 0.8331
vn -0.1523 -0.5714 0.8064
vn 0.4137 0.7803 0.4691
vn 0.5090 0.0460 -0.8596
vn -0.3598 0.4949 -0.7910
vn 0.5474 -0.3693 0.7510
vn 0.4939 0.7253 -0.4796
vn 0.9964 0.0809 0.0234
vn 0.4847 -0.3382 0.8067
vn 0.0239 0.9382 -0.3452
vn 0.0789 -0.1595 0.9840
vn 0.0839 -0.1535 0.9846
vn -0.0355 -0.4576 0.8885
vn -0.1060 -0.3741 0.9213
vn 0.0532 0.7198 -0.6922
vn 0.0484 0.5846 -0.8099
vn 0.0544 0.5567 -0.8289
vn 0.0327 0.7894 -0.6130
vn 0.1227 0.7832 -0.6095
vn -0.1395 -0.4049 0.9036
vn -0.1570 -0.2741 0.9488
vn -0.3606 0.6025 -0.7120
vn -0.3303 0.5778 -0.7464
vn -0.3446 0.5984 -0.7233
vn 0.5906 -0.4273 0.6845
vn 0.7185 -0.3447 0.6042
vn 0.5412 -0.3976 0.7410
vn 0.0481 0.4457 -0.8939
vn 0.0437 0.4844 -0.8738
vn 0.0940 0.5596 -0.8234
vn 0.1780 0.4361 -0.8821
vn 0.0510 0.2965 -0.9537
vn 0.0435 0.3371 -0.9404
vn 0.0394 0.3875 -0.9210
vn 0.0509 0.3080 -0.9500
vn 0.5376 0.7184 0.4414
vn 0.6119 0.4948 0.6171
vn 0.4293 0.4797 0.7652
vn 0.0346 0.5010 -0.8648
vn 0.0168 0.7762 -0.6302
vn 0.0241 0.8537 -0.5203
vn 0.0327 0.9402 -0.3391
vn 0.0222 0.8567 -0.5154
vn -0.2941 -0.2868 0.9117
vn -0.6361 -0.7642 0.1064
vn -0.4023 -0.4348 -0.8057
vn -0.1927 -0.1677 0.9668
vn -0.1529 0.0215 0.9880
vn -0.3378 -0.1344 -0.9316
vn -0.3415 -0.0793 -0.9365
vn -0.3062 0.0406 -0.9511
vn -0.3334 0.0560 -0.9411
vn 0.3150 -0.1012 -0.9437
vn 0.4678 -0.8498 -0.2431
vn 0.4965 -0.7721 -0.3968
vn 0.3258 -0.1749 0.9291
vn 0.3196 -0.0958 -0.9427
vn 0.3226 -0.2260 0.9192
vn 0.1152 0.0335 -0.9928
vn -0.2059 -0.6810 0.7027
vn 0.3655 0.0107 -0.9308
vn 0.2963 0.0279 -0.9547
vn 0.4623 -0.3277 0.8239
vn 0.2147 0.5297 -0.8206
vn 0.9853 0.1703 -0.0166
vn 0.4604 -0.3495 0.8160
vn 0.3394 0.0309 -0.9401
vn 0.4554 -0.3557 0.8162
vn 0.4449 -0.3425 0.8275
vn 0.2688 0.9452 0.1850
vn -0.2531 0.4747 -0.8430
vn -0.2940 0.4969 -0.8165
vn 0.1191 0.6920 -0.7120
vn 0.9775 0.2107 -0.0105
vn 0.4490 -0.3949 0.8015
vn 0.0804 0.7621 -0.6424
vn 0.1038 0.7790 -0.6184
vn 0.0704 0.7329 -0.6767
vn 0.1102 0.7224 -0.6826
vn 0.0750 0.7110 -0.6992
vn 0.1953 0.9067 0.3739
vn 0.4236 -0.3762 0.8240
vn 0.0687 0.8131 -0.5781
vn 0.1100 0.8120 -0.5733
vn 0.3740 -0.4132 0.8303
vn 0.4307 -0.4359 0.7902
vn 0.0215 0.9335 -0.3579
vn 0.4293 -0.4241 0.7974
vn 0.4679 0.7913 -0.3937
vn 0.2268 0.6841 -0.6933
vn 0.4726 0.2897 -0.8323
vn 0.4068 -0.4033 0.8196
vn 0.1976 0.1973 -0.9602
vn -0.2502 0.6901 -0.6791
vn 0.4192 0.5095 0.7515
vn 0.4015 0.3624 0.8411
vn 0.0645 0.9898 -0.1273
vn 0.0393 0.4166 -0.9083
vn 0.0315 0.3754 -0.9263
vn -0.0312 0.9983 -0.0499
vn -0.0197 0.9968 0.0768
vn -0.8015 -0.5792 0.1485
vn -0.2712 -0.3576 -0.8936
vn -0.4702 0.2596 0.8435
vn -0.5168 0.3119 0.7973
vn -0.4822 -0.0039 0.8761
vn -0.2331 -0.3932 -0.8894
vn -0.0853 0.1249 0.9885
vn -0.2408 -0.1198 -0.9632
vn -0.0284 0.1155 0.9929
vn -0.0818 0.2065 0.9750
vn -0.2248 -0.1093 -0.9682
vn 0.1241 0.2765 0.9530
vn 0.2156 0.0698 0.9740
vn 0.1145 0.1959 0.9739
vn -0.2218 0.0402 -0.9743
vn -0.2280 0.0438 -0.9727
vn 0.2129 -0.0412 0.9762
vn 0.2553 -0.0088 0.9668
vn -0.0750 -0.8740 0.4802
vn -0.0883 -0.7851 0.6131
vn -0.0732 -0.8022 0.5926
vn -0.1458 -0.8654 0.4794
vn -0.1540 -0.7989 0.5814
vn -0.1509 -0.8032 0.5763
vn 0.4658 -0.8772 0.1167
vn 0.2454 -0.0926 0.9650
vn -0.0868 -0.7356 0.6719
vn 0.3460 -0.0922 -0.9337
vn -0.1564 -0.1303 0.9791
vn -0.0659 -0.0562 0.9962
vn -0.0992 -0.0434 0.9941
vn -0.1086 -0.7101 0.6956
vn -0.1245 -0.6913 0.7118
vn -0.2464 -0.6886 0.6821
vn -0.2724 -0.5873 0.7621
vn -0.2553 -0.6234 0.7391
vn -0.1687 -0.7661 0.6202
vn -0.1697 -0.7738 0.6102
vn -0.0979 -0.7400 0.6654
vn -0.1286 -0.8643 0.4863
vn -0.1278 -0.8437 0.5213
vn -0.0966 -0.7447 0.6603
vn -0.1174 -0.7883 0.6040
vn -0.1050 -0.7771 0.6206
vn -0.1008 -0.7754 0.6233
vn -0.2507 -0.7425 0.6212
vn -0.9274 -0.3728 0.0309
vn -0.2960 -0.9527 0.0693
vn -0.9158 -0.2510 0.3136
vn -0.7079 -0.6963 0.1188
vn -0.7304 -0.3947 0.5574
vn -0.8109 -0.5384 0.2293
vn -0.1466 -0.4118 0.8994
vn -0.1128 -0.6929 0.7121
vn -0.2110 -0.6420 0.7371
vn -0.2655 -0.6447 0.7168
vn -0.2804 -0.6546 0.7021
vn -0.1042 -0.7344 0.6706
vn -0.1777 -0.6953 0.6964
vn -0.1111 -0.7349 0.6690
vn -0.1011 -0.7475 0.6565
vn 0.3643 -0.0655 -0.9290
vn -0.1013 0.0237 0.9946
vn -0.2257 0.2036 -0.9527
vn -0.2309 0.2070 -0.9507
vn 0.2962 -0.2376 0.9251
vn -0.0796 -0.6310 0.7717
vn -0.1333 -0.6030 0.7866
vn 0.2201 0.0260 -0.9751
vn -0.1521 0.0128 0.9883
vn 0.2041 -0.2162 0.9548
vn 0.1994 -0.2733 0.9410
vn 0.2910 -0.3175 0.9025
vn 0.2838 -0.3015 0.9103
vn -0.0943 -0.6089 0.7876
vn -0.0991 -0.5449 0.8327
vn -0.0655 -0.4647 0.8830
vn -0.0426 -0.4628 0.8855
vn 0.2262 0.0325 -0.9735
vn -0.1865 0.0449 0.9814
vn 0.2539 -0.3689 0.8941
vn 0.2665 -0.3822 0.8848
vn 0.1115 0.4391 -0.8915
vn 0.1362 0.4595 -0.8777
vn 0.1114 0.4264 -0.8977
vn -0.0277 -0.5073 0.8613
vn -0.0649 -0.4690 0.8808
vn -0.2139 0.3567 -0.9094
vn -0.2180 0.3591 -0.9075
vn -0.0368 -0.4951 0.8680
vn 0.1532 0.8277 0.5399
vn 0.3369 0.2692 -0.9022
vn 0.2214 0.9134 0.3416
vn 0.2818 -0.4376 0.8538
vn 0.2552 -0.3536 0.8999
vn -0.2057 0.4891 -0.8476
vn 0.2596 -0.4682 0.8446
vn 0.0822 0.7091 -0.7003
vn 0.2694 -0.4721 0.8394
vn -0.2553 0.5705 -0.7806
vn 0.2756 -0.4320 0.8588
vn 0.2736 -0.4306 0.8601
vn -0.1586 0.6806 -0.7152
vn -0.1465 0.6418 -0.7527
vn 0.0212 0.5013 -0.8650
vn 0.0314 0.4524 -0.8913
vn 0.0217 0.6085 -0.7932
vn 0.0195 0.6993 -0.7145
vn 0.0281 0.7635 -0.6452
vn -0.0224 0.9863 -0.1632
vn -0.8218 -0.5525 0.1389
vn -0.8043 -0.5814 0.1229
vn -0.8582 -0.5102 0.0563
vn -0.8630 -0.5049 0.0195
vn -0.7666 -0.6286 -0.1313
vn -0.4018 -0.5177 -0.7554
vn -0.6027 -0.2655 0.7525
vn -0.5779 -0.1959 0.7923
vn -0.5601 -0.1689 0.8110
vn -0.8022 -0.3982 0.4448
vn -0.7810 -0.4209 0.4614
vn -0.7861 -0.3891 0.4803
vn -0.7709 -0.6347 -0.0541
vn -0.7897 -0.5827 0.1919
vn -0.8002 -0.4046 0.4427
vn -0.7955 -0.3788 0.4729
vn -0.6423 -0.2957 0.7071
vn -0.5487 -0.5587 0.6219
vn -0.6697 -0.2164 0.7104
vn 0.5799 0.0861 -0.8101
vn -0.8752 -0.1528 0.4589
vn -0.8874 -0.4175 0.1956
vn 0.4973 0.1806 0.8485
vn 0.5590 0.2127 0.8014
vn -0.5359 -0.0735 0.8411
vn -0.8473 0.3720 0.3790
vn 0.5846 -0.2995 -0.7540
vn -0.7182 0.0032 0.6959
vn -0.7236 -0.0919 0.6841
vn -0.5993 -0.3097 0.7381
vn -0.1601 -0.3692 -0.9155
vn -0.7927 -0.0431 0.6081
vn -0.4887 -0.8461 0.2129
vn -0.7767 -0.3330 0.5346
vn -0.8223 0.0366 0.5678
vn -0.7670 0.1650 0.6200
vn -0.7734 0.2326 0.5897
vn -0.7133 0.4110 0.5677
vn -0.7518 0.2373 0.6153
vn -0.0561 0.9369 0.3450
vn 0.0886 0.1959 0.9766
vn -0.0586 -0.8540 0.5169
vn -0.1990 0.0433 -0.9790
vn -0.7537 -0.6002 -0.2676
vn -0.6803 0.0039 0.7329
vn -0.7780 -0.6279 -0.0196
vn -0.0950 -0.8299 0.5498
vn -0.1101 -0.8292 0.5480
vn -0.0935 -0.8413 0.5325
vn 0.2055 -0.1326 0.9696
vn 0.7400 -0.3231 -0.5900
vn 0.7977 -0.3856 -0.4637
vn 0.8301 -0.2241 -0.5106
vn 0.1998 -0.2108 0.9569
vn -0.1343 -0.6033 0.7861
vn -0.1136 0.0118 0.9935
vn 0.1289 0.2344 -0.9636
vn 0.1634 0.2314 -0.9590
vn -0.0748 0.0225 0.9969
vn 0.1090 0.4142 -0.9036
vn -0.0246 -0.4898 0.8715
vn 0.0937 0.6110 -0.7861
vn 0.1095 0.5828 -0.8052
vn 0.1033 0.5678 -0.8166
vn -0.1177 -0.5590 0.8207
vn -0.0392 -0.5824 0.8120
vn -0.0515 -0.4986 0.8653
vn -0.1044 -0.5857 0.8038
vn 0.2552 0.2477 0.9346
vn -0.1168 -0.5981 0.7929
vn -0.1552 0.5038 -0.8498
vn 0.1945 -0.4847 0.8528
vn -0.1282 0.6432 -0.7549
vn 0.2013 -0.4297 0.8803
vn 0.1750 0.9277 0.3299
vn 0.0371 0.9889 -0.1440
vn 0.0635 0.9815 -0.1805
vn 0.1806 0.8320 0.5246
vn 0.0305 0.9843 -0.1739
vn -0.1628 0.5015 0.8497
vn 0.0095 0.8569 -0.5154
vn 0.0089 0.9307 -0.3657
vn 0.0200 0.7408 -0.6714
vn 0.0193 0.8269 -0.5620
vn -0.1131 0.8639 0.4908
vn -0.0944 0.8680 0.4875
vn 0.0080 0.9523 -0.3050
vn 0.0201 0.9618 -0.2730
vn -0.0241 0.9958 -0.0882
vn -0.8972 -0.4416 0.0067
vn -0.5127 -0.4532 -0.7292
vn -0.7067 -0.2283 0.6696
vn -0.7038 -0.3635 0.6103
vn -0.6982 -0.1833 0.6920
vn -0.5895 -0.4924 0.6403
vn -0.5160 -0.3666 0.7742
vn -0.1783 -0.0543 0.9825
vn -0.8438 0.2542 -0.4726
vn -0.9289 0.2211 -0.2970
vn -0.9048 -0.3162 0.2854
vn -0.4591 -0.7591 0.4615
vn -0.3157 -0.8441 0.4334
vn -0.9560 -0.2198 0.1942
vn -0.9518 -0.2534 0.1728
vn -0.8507 -0.3923 0.3500
vn -0.4512 -0.7876 0.4197
vn 0.2225 -0.9749 0.0056
vn 0.0616 -0.9922 -0.1083
vn -0.8898 -0.4329 0.1442
vn -0.7116 -0.7026 -0.0014
vn -0.9352 -0.3513 0.0453
vn -0.7497 -0.4769 0.4588
vn -0.9603 -0.2651 0.0869
vn -0.9602 -0.2730 0.0595
vn -0.5706 -0.8178 0.0746
vn -0.7080 -0.6465 0.2842
vn -0.5914 -0.7850 0.1846
vn -0.5442 -0.8375 0.0495
vn -0.8572 -0.5068 -0.0909
vn -0.7883 -0.6050 -0.1119
vn -0.7146 -0.5117 0.4770
vn -0.7350 -0.4772 0.4817
vn -0.9242 0.0039 0.3819
vn 0.7365 0.3815 -0.5585
vn 0.8221 -0.3204 -0.4706
vn 0.8887 -0.3566 -0.2882
vn 0.8795 -0.3468 -0.3259
vn 0.9054 -0.0316 -0.4235
vn -0.9967 -0.0787 -0.0175
vn -0.9838 -0.1762 0.0322
vn -0.9120 -0.0408 0.4082
vn -0.9683 -0.2368 0.0790
vn -0.9627 -0.0331 0.2684
vn -0.6747 -0.7095 0.2037
vn -0.6648 -0.6585 0.3527
vn -0.9225 -0.1606 0.3509
vn -0.9414 -0.2524 0.2239
vn -0.9809 -0.1814 0.0706
vn -0.6855 -0.6949 -0.2171
vn -0.9435 0.0101 0.3311
vn -0.9239 -0.0053 0.3826
vn -0.6496 -0.1685 0.7414
vn -0.6102 -0.3095 0.7293
vn -0.7496 0.1028 0.6539
vn -0.3106 -0.2455 -0.9183
vn -0.9092 -0.0734 0.4099
vn -0.9635 0.2222 0.1492
vn 0.3305 -0.8059 0.4911
vn -0.8516 -0.4024 0.3360
vn -0.8839 -0.2577 0.3903
vn 0.7588 0.2351 -0.6074
vn -0.6991 -0.6122 0.3694
vn 0.7181 -0.4114 0.5613
vn -0.9222 0.1323 0.3633
vn 0.2833 0.2246 0.9324
vn -0.9728 0.0444 0.2273
vn -0.9794 0.0860 0.1826
vn 0.7839 0.0806 -0.6157
vn 0.6276 0.3869 0.6756
vn -0.8834 0.4231 0.2017
vn 0.3070 0.5120 0.8022
vn 0.3323 0.6143 -0.7157
vn 0.4849 0.6249 0.6118
vn -0.9746 0.1117 0.1942
vn -0.9536 0.0547 0.2962
vn -0.8519 0.2747 0.4459
vn -0.6549 0.2336 0.7187
vn -0.8013 0.1590 0.5768
vn -0.9781 0.0758 0.1938
vn -0.9745 0.1317 0.1814
vn -0.9706 0.0774 0.2278
vn -0.9545 0.0180 0.2977
vn -0.9476 0.1098 0.2999
vn -0.9055 0.1799 0.3842
vn -0.8020 0.1535 0.5772
vn -0.1453 -0.1082 -0.9834
vn -0.1602 -0.0999 -0.9820
vn -0.9456 0.2279 0.2324
vn -0.9580 0.1387 0.2512
vn -0.9734 0.1187 0.1960
vn -0.9104 -0.0334 0.4123
vn -0.8732 -0.0208 0.4869
vn -0.6275 0.2848 0.7247
vn -0.6705 -0.2553 0.6966
vn -0.7212 -0.1268 0.6810
vn -0.9736 0.1187 0.1949
vn -0.9132 0.3001 0.2757
vn -0.7309 0.6797 -0.0627
vn -0.9638 0.2327 0.1301
vn -0.9494 0.2859 0.1303
vn -0.9466 0.3083 -0.0948
vn -0.9360 0.3473 -0.0574
vn 0.7529 -0.6576 -0.0268
vn -0.9712 0.1846 0.1507
vn 0.7324 -0.6758 -0.0829
vn -0.9782 0.2075 -0.0134
vn -0.9729 0.2213 -0.0665
vn -0.8968 0.0056 -0.4424
vn 0.5400 -0.0162 0.8415
vn -0.9073 -0.4169 -0.0539
vn -0.0652 -0.9020 0.4267
vn -0.0820 -0.9017 0.4244
vn 0.1570 0.5517 0.8191
vn 0.1265 0.4331 0.8924
vn 0.1558 0.2812 0.9469
vn 0.4699 0.8456 0.2532
vn -0.5718 0.5525 0.6064
vn 0.0957 0.9373 0.3352
vn -0.6058 -0.7941 -0.0489
vn -0.3414 0.8734 0.3474
vn 0.6362 0.7640 -0.1076
vn 0.1703 0.2669 0.9485
vn 0.6703 -0.1508 -0.7266
vn -0.5526 0.8163 -0.1681
vn -0.3844 0.8552 -0.3477
vn -0.9604 -0.1422 -0.2397
vn -0.9945 0.0843 0.0619
vn -0.9908 0.1312 0.0333
vn -0.6792 0.6342 -0.3693
vn -0.3597 0.8282 -0.4297
vn -0.2797 0.6978 -0.6594
vn 0.2183 0.1345 0.9666
vn -0.7491 0.1218 -0.6512
vn 0.6331 -0.6131 0.4725
vn 0.5983 0.5478 -0.5849
vn 0.4058 0.3500 -0.8443
vn 0.2577 0.9308 0.2591
vn -0.2669 0.3612 -0.8935
vn -0.3378 0.6596 -0.6714
vn -0.3270 0.3726 -0.8685
vn -0.1720 0.6807 -0.7121
vn -0.8136 -0.5732 0.0972
vn -0.9144 -0.3818 -0.1347
vn -0.3837 -0.8627 0.3294
vn -0.3449 -0.8589 -0.3786
vn -0.8256 -0.4381 0.3557
vn -0.0861 -0.8189 0.5674
vn -0.1568 0.0249 -0.9873
vn 0.1835 -0.0034 0.9830
vn -0.2394 -0.2521 -0.9376
vn -0.1134 -0.8898 0.4420
vn -0.1548 -0.8634 0.4801
vn -0.1595 -0.8753 0.4565
vn -0.1402 -0.8885 0.4369
vn -0.1304 -0.8510 0.5086
vn -0.1344 -0.8537 0.5031
vn 0.1735 0.0092 0.9848
vn -0.1617 -0.8551 0.4927
vn -0.1357 0.1058 -0.9851
vn 0.1738 -0.0951 0.9802
vn -0.1339 0.1967 -0.9713
vn 0.9543 -0.2880 0.0797
vn 0.8795 -0.2862 0.3802
vn -0.1495 0.2053 -0.9672
vn 0.1777 -0.3016 0.9367
vn -0.0672 -0.5173 0.8532
vn -0.1694 -0.3772 0.9105
vn -0.0701 -0.4397 0.8954
vn 0.2910 0.0456 0.9556
vn 0.8083 0.1683 0.5642
vn -0.1465 0.3625 -0.9204
vn 0.1762 -0.3643 0.9145
vn -0.0491 -0.4192 0.9066
vn -0.0462 -0.5047 0.8621
vn -0.0362 -0.4193 0.9071
vn -0.0236 -0.5061 0.8622
vn -0.0630 -0.4638 0.8837
vn -0.0919 -0.3559 0.9300
vn -0.0908 -0.3003 0.9495
vn -0.0360 -0.5802 0.8137
vn -0.0386 -0.5992 0.7997
vn -0.0129 -0.6006 0.7994
vn -0.1396 0.3585 -0.9230
vn 0.1413 -0.4801 0.8658
vn -0.1073 0.4979 -0.8605
vn 0.1446 -0.4791 0.8658
vn 0.1410 -0.4773 0.8674
vn 0.1462 -0.4346 0.8887
vn -0.1363 0.6500 -0.7476
vn 0.1636 -0.4501 0.8779
vn -0.1146 0.1943 0.9742
vn 0.2152 0.6779 0.7030
vn -0.0004 0.3593 -0.9332
vn -0.0046 0.4846 -0.8747
vn 0.0226 0.6148 -0.7883
vn 0.0080 0.9287 -0.3707
vn 0.0217 0.8291 -0.5587
vn -0.0686 0.9791 0.1914
vn -0.8825 -0.4319 0.1860
vn -0.6497 -0.1639 0.7423
vn -0.8011 -0.1506 0.5793
vn -0.7672 -0.2289 0.5992
vn -0.9237 -0.3773 -0.0667
vn -0.1626 0.3357 0.9278
vn -0.5437 -0.2736 0.7934
vn 0.0780 0.8315 -0.5501
vn -0.2079 -0.0323 0.9776
vn -0.1309 -0.4673 -0.8744
vn -0.5427 -0.8399 0.0113
vn -0.6907 -0.6897 -0.2174
vn -0.1490 -0.9835 0.1022
vn -0.3345 -0.9419 -0.0313
vn -0.1590 -0.9816 -0.1059
vn -0.5615 -0.7886 0.2507
vn -0.7096 -0.7040 0.0293
vn -0.5889 -0.5644 0.5785
vn 0.0694 0.4179 -0.9059
vn -0.1780 0.8284 -0.5312
vn 0.3670 0.7563 -0.5416
vn -0.2993 -0.8634 0.4061
vn -0.6745 -0.4892 0.5529
vn -0.4946 -0.6113 0.6177
vn -0.5041 -0.5756 0.6438
vn -0.1359 -0.2785 -0.9508
vn 0.9811 -0.1547 0.1160
vn -0.7828 0.6156 -0.0907
vn 0.7922 -0.6054 0.0768
vn 0.1008 0.4449 0.8899
vn -0.0753 0.9553 0.2860
vn 0.0831 -0.9494 -0.3030
vn 0.0214 0.9685 0.2481
vn 0.0911 0.4703 0.8778
vn 0.1779 -0.9718 -0.1550
vn 0.0924 -0.8090 -0.5805
vn -0.0772 0.8172 0.5711
vn 0.0861 -0.9923 -0.0894
vn -0.0961 -0.6395 -0.7627
vn 0.1146 0.6428 0.7574
vn -0.3107 -0.4417 0.8416
vn -0.3102 -0.4421 0.8416
vn -0.1344 -0.1380 0.9813
vn -0.1338 -0.1382 0.9813
vn -0.4525 0.0800 0.8882
vn -0.2280 -0.1242 0.9657
vn -0.1480 -0.3307 0.9321
vn -0.1482 -0.3302 0.9322
vn -0.4897 0.2629 0.8313
vn -0.5661 0.2702 0.7788
vn -0.2578 0.2985 0.9189
vn -0.2426 0.2923 0.9251
vn -0.5761 0.2499 0.7782
vn -0.2535 0.2921 0.9222
vn -0.2582 0.2942 0.9202
vn -0.7280 -0.4860 0.4835
vn -0.0988 -0.5633 0.8203
vn -0.2047 -0.5205 0.8289
vn -0.8987 -0.3032 0.3167
vn 0.0714 0.9420 0.3280
vn 0.5651 0.8217 -0.0746
vn 0.0428 -0.9811 -0.1886
vn 0.0420 -0.9891 -0.1412
vn -0.5116 -0.7895 0.3391
vn 0.1621 0.9811 -0.1056
vn -0.1484 0.9070 -0.3942
vn 0.0778 0.8095 -0.5819
vn -0.0031 0.9619 -0.2733
vn -0.7591 0.3259 -0.5635
vn 0.0943 0.5101 -0.8549
vn 0.0211 0.5292 -0.8483
vn -0.0259 -0.9997 -0.0025
vn -0.0079 0.0384 -0.9992
vn -0.0200 0.5041 -0.8634
vn -0.0070 0.0352 -0.9994
vn -0.0058 -0.1236 -0.9923
vn -0.1871 -0.8591 0.4763
vn -0.1626 -0.8767 0.4527
vn -0.1898 -0.7989 0.5707
vn -0.1791 -0.7882 0.5887
vn 0.1174 -0.1388 0.9833
vn 0.0126 -0.1640 -0.9864
vn -0.0057 -0.1216 -0.9926
vn -0.0063 -0.0330 -0.9994
vn 0.0133 -0.1454 -0.9893
vn 0.0062 -0.0052 -1.0000
vn 0.1167 -0.2102 0.9707
vn 0.1047 -0.2221 0.9694
vn 0.0070 0.0814 -0.9967
vn -0.4688 -0.5615 0.6818
vn -0.3900 -0.1754 0.9040
vn -0.3902 -0.2050 0.8976
vn -0.0936 0.2100 -0.9732
vn 0.1045 -0.2824 0.9536
vn 0.0503 0.2314 -0.9715
vn -0.0906 0.3581 -0.9293
vn 0.1141 -0.3953 0.9114
vn 0.0499 0.4513 -0.8910
vn 0.1140 -0.4206 0.9001
vn -0.0456 -0.5589 0.8280
vn -0.1257 0.5104 -0.8507
vn 0.0547 0.8908 -0.4511
vn -0.0458 -0.5260 0.8492
vn 0.0943 -0.4995 0.8612
vn 0.0553 0.9283 -0.3676
vn -0.0503 -0.2455 0.9681
vn -0.0527 -0.1313 0.9899
vn -0.0529 -0.1303 0.9901
vn -0.0512 0.0253 0.9984
vn -0.0794 0.6497 -0.7560
vn -0.0865 0.6577 -0.7483
vn -0.0890 -0.9810 -0.1721
vn -0.0399 0.7635 0.6446
vn 0.0252 0.9028 -0.4294
vn -0.9555 -0.2813 0.0887
vn -0.2440 -0.4823 -0.8413
vn -0.2243 -0.5001 -0.8364
vn -0.7371 -0.0420 0.6745
vn -0.8646 -0.2131 0.4550
vn 0.3412 -0.0499 0.9387
vn 0.0146 0.1492 0.9887
vn -0.0406 0.3585 0.9327
vn 0.6085 0.7596 -0.2296
vn 0.0939 -0.0024 0.9956
vn 0.0094 0.1053 0.9944
vn -0.2123 -0.4067 -0.8886
vn 0.3806 -0.8354 0.3966
vn 0.0689 -0.8251 0.5608
vn 0.4783 -0.8768 0.0503
vn 0.4648 -0.8854 0.0002
vn 0.1264 -0.9682 -0.2158
vn 0.3859 -0.8745 0.2937
vn 0.3402 -0.8852 0.3174
vn 0.1950 -0.9808 -0.0083
vn 0.2343 -0.9713 -0.0419
vn -0.2395 -0.8535 0.4628
vn -0.2214 -0.4687 0.8552
vn 0.0538 -0.8961 0.4406
vn 0.0542 -0.8959 0.4409
vn 0.2053 -0.5301 0.8227
vn 0.2944 -0.9019 0.3161
vn 0.3339 -0.8785 0.3417
vn -0.0131 -0.8860 0.4634
vn -0.0130 -0.8863 0.4629
vn 0.0062 -0.8624 0.5062
vn 0.1143 -0.9861 0.1204
vn -0.3624 -0.0654 -0.9297
vn 0.0796 0.9577 0.2767
vn 0.1812 -0.6859 -0.7047
vn 0.1009 -0.5692 -0.8160
vn -0.9048 0.4254 0.0188
vn 0.1144 -0.9885 0.0990
vn -0.0840 -0.2511 -0.9643
vn 0.1550 -0.9852 -0.0731
vn 0.0770 -0.3239 0.9430
vn 0.0772 -0.3233 0.9431
vn 0.3280 -0.6026 0.7275
vn 0.3285 -0.6025 0.7273
vn 0.1184 -0.3444 0.9313
vn 0.1188 -0.3440 0.9314
vn 0.1632 0.3111 0.9363
vn 0.1902 0.2956 0.9362
vn -0.0876 -0.1041 -0.9907
vn 0.0781 -0.5368 0.8401
vn 0.1423 -0.5655 0.8124
vn 0.0902 0.9445 0.3160
vn 0.0799 0.9403 0.3308
vn 0.1040 0.4685 0.8773
vn 0.0909 -0.9440 0.3172
vn 0.0306 -0.9788 -0.2024
vn 0.0519 -0.9899 -0.1323
vn 0.0487 -0.9747 -0.2184
vn 0.0377 -0.9939 0.1038
vn -0.0963 -0.0999 -0.9903
vn 0.0798 0.1685 0.9825
vn 0.1313 0.8654 -0.4836
vn 0.1318 0.9071 -0.3998
vn -0.2395 0.9344 -0.2639
vn -0.1195 -0.8825 0.4548
vn -0.2383 -0.8236 0.5147
vn -0.1223 -0.9078 0.4012
vn 0.0706 0.0048 0.9975
vn 0.0851 -0.0101 0.9963
vn 0.0183 0.4651 -0.8851
vn 0.1130 0.4236 -0.8988
vn -0.2472 -0.8521 0.4612
vn -0.2100 -0.8619 0.4615
vn -0.1000 0.0452 -0.9940
vn -0.0996 0.0451 -0.9940
vn -0.2312 -0.8631 0.4490
vn -0.1733 -0.8457 0.5048
vn -0.1900 -0.8890 0.4166
vn -0.2249 -0.7819 0.5815
vn -0.2387 -0.7601 0.6044
vn -0.3335 -0.7295 0.5972
vn -0.2796 -0.6381 0.7174
vn -0.2771 -0.6114 0.7412
vn 0.0731 -0.0814 0.9940
vn 0.0128 -0.1475 -0.9890
vn 0.0139 -0.0376 -0.9992
vn -0.4941 -0.4473 0.7455
vn -0.3116 -0.9489 -0.0494
vn -0.3113 -0.9489 -0.0506
vn -0.2726 -0.7816 0.5611
vn -0.4671 -0.3518 0.8112
vn -0.3759 -0.0293 0.9262
vn -0.6433 -0.7555 -0.1238
vn -0.5034 0.1836 0.8443
vn -0.7038 -0.4802 0.5235
vn -0.6120 -0.7595 0.2205
vn -0.7072 -0.6961 0.1236
vn -0.7152 -0.6937 0.0854
vn -0.5703 -0.8214 0.0036
vn -0.7082 -0.7040 0.0533
vn -0.7904 -0.5825 -0.1895
vn -0.6463 -0.5991 -0.4726
vn -0.1779 -0.1867 0.9662
vn -0.4156 -0.2126 0.8844
vn -0.1875 0.3375 0.9225
vn 0.0945 -0.3021 0.9486
vn 0.9971 0.0655 0.0382
vn 0.2000 0.9737 -0.1086
vn 0.1650 0.1782 0.9701
vn 0.1664 0.9836 0.0701
vn 0.9959 -0.0902 -0.0097
vn 0.1715 0.7168 -0.6759
vn 0.1376 0.7425 -0.6556
vn 0.9990 0.0262 -0.0375
vn 0.9661 -0.1008 -0.2377
vn 0.9652 -0.1987 0.1700
vn 0.1466 -0.9425 -0.3003
vn 0.1831 -0.9820 0.0465
vn 0.1557 -0.9341 -0.3214
vn 0.0078 -0.3022 0.9532
vn 0.0044 0.1217 0.9926
vn 0.0955 -0.3813 0.9195
vn 0.0262 0.1571 -0.9872
vn 0.0271 0.3085 -0.9508
vn 0.1067 -0.0574 -0.9926
vn 0.1087 -0.0606 -0.9922
vn 0.0376 -0.1728 0.9842
vn 0.0389 -0.4642 0.8849
vn 0.0430 -0.4690 0.8822
vn 0.1082 -0.1627 0.9807
vn 0.2021 -0.4643 0.8623
vn 0.5189 -0.5393 0.6633
vn 0.1716 0.1281 0.9768
vn 0.1239 -0.1715 0.9774
vn -0.0899 0.3585 -0.9292
vn 0.0926 0.5659 -0.8193
vn -0.0348 -0.6090 0.7924
vn -0.0335 -0.5906 0.8063
vn -0.0834 0.5044 -0.8595
vn 0.6816 0.5165 -0.5182
vn 0.1281 0.3090 -0.9424
vn 0.0711 0.2584 -0.9634
vn 0.1337 0.1359 -0.9817
vn 0.1003 -0.4295 0.8975
vn 0.0731 0.1943 -0.9782
vn -0.0540 0.6583 -0.7508
vn -0.0353 0.3563 0.9337
vn -0.0332 0.6973 0.7160
vn 0.0006 0.7497 -0.6618
vn -0.0091 0.9958 0.0915
vn 0.0261 0.9936 -0.1102
vn 0.0048 0.9781 0.2080
vn -0.5393 -0.7210 -0.4350
vn -0.3521 -0.7023 -0.6187
vn -0.7102 -0.1589 0.6858
vn -0.3101 -0.6458 -0.6977
vn -0.1593 -0.6658 -0.7289
vn -0.2216 0.4768 0.8506
vn -0.1628 0.4254 0.8903
vn -0.2054 0.5471 0.8115
vn -0.1478 -0.5660 -0.8110
vn -0.1694 0.4112 0.8957
vn -0.1272 -0.5354 -0.8349
vn -0.0239 0.1094 0.9937
vn 0.9757 0.0457 -0.2144
vn -0.0255 -0.9917 -0.1259
vn -0.7633 -0.4949 -0.4152
vn 0.9990 -0.0437 -0.0135
vn -0.0427 -0.2829 0.9582
vn 0.9113 -0.2922 0.2900
vn -0.4105 -0.7111 -0.5708
vn -0.1472 0.9306 0.3350
vn 0.9704 -0.1543 -0.1860
vn 0.1763 -0.8674 -0.4654
vn 0.2999 -0.3626 0.8824
vn 0.2647 -0.5625 -0.7833
vn 0.0452 0.9706 -0.2365
vn 0.3252 -0.9098 -0.2578
vn 0.1496 -0.8964 -0.4173
vn 0.9004 -0.0041 0.4351
vn 0.1295 -0.4364 -0.8904
vn 0.6613 -0.4718 -0.5831
vn 0.6893 0.7100 0.1439
vn 0.0624 0.4379 0.8969
vn 0.1734 0.9847 -0.0154
vn -0.0121 -0.8119 -0.5837
vn 0.1055 0.3446 0.9328
vn 0.1773 -0.8567 -0.4844
vn 0.1486 -0.9858 0.0788
vn 0.2247 -0.8971 -0.3804
vn 0.0946 -0.9875 0.1261
vn 0.0449 -0.9916 0.1214
vn 0.1062 -0.9119 0.3964
vn 0.0573 -0.9116 0.4070
vn 0.1260 -0.9505 0.2841
vn 0.3540 -0.8616 0.3639
vn 0.1846 -0.9439 0.2739
vn 0.0657 -0.9755 -0.2098
vn 0.0409 -0.9864 0.1591
vn 0.0774 -0.9783 0.1924
vn 0.3449 -0.8203 0.4563
vn 0.2382 -0.5389 0.8080
vn 0.2524 -0.4822 0.8389
vn 0.2770 -0.5103 0.8141
vn 0.1892 -0.7653 0.6152
vn 0.1745 -0.3630 0.9153
vn 0.3531 -0.9078 -0.2265
vn 0.2221 -0.9735 0.0552
vn 0.1246 0.1652 0.9784
vn 0.1911 0.0213 0.9813
vn 0.0908 0.2925 0.9519
vn 0.1589 0.4390 0.8843
vn 0.3591 0.4743 0.8038
vn 0.6866 -0.4907 0.5364
vn 0.2505 0.3157 0.9152
vn -0.0706 -0.1037 -0.9921
vn 0.1428 0.9365 0.3201
vn -0.7590 -0.6058 -0.2384
vn -0.0316 -0.1413 -0.9895
vn -0.0197 0.4281 0.9035
vn 0.3153 0.9265 0.2053
vn 0.1382 0.2355 0.9620
vn 0.8395 -0.3473 0.4179
vn 0.7771 -0.2650 0.5708
vn 0.5146 0.4561 0.7261
vn 0.5106 0.1480 0.8470
vn 0.3711 -0.8168 0.4417
vn 0.3388 -0.8986 -0.2788
vn 0.6725 -0.6957 0.2524
vn 0.0043 -0.9996 -0.0277
vn 0.0313 -0.9877 -0.1531
vn -0.0187 -0.9916 0.1277
vn 0.0030 -0.9996 0.0287
vn -0.0416 -0.9597 0.2781
vn -0.0205 -0.9827 0.1843
vn -0.0429 -0.9431 0.3296
vn -0.0516 -0.0237 -0.9984
vn -0.0379 0.2170 0.9754
vn 0.4419 0.3860 -0.8098
vn 0.4002 0.4289 -0.8099
vn 0.3012 0.9089 -0.2883
vn -0.1692 -0.9190 0.3561
vn -0.3305 -0.8344 0.4411
vn -0.1634 -0.9407 0.2973
vn 0.3132 0.3903 -0.8658
vn 0.2553 -0.3082 -0.9164
vn 0.3627 0.3579 -0.8604
vn -0.3576 -0.8431 0.4017
vn -0.3058 -0.8177 0.4877
vn -0.3110 -0.8525 0.4202
vn -0.3084 -0.8207 0.4809
vn -0.4780 -0.8335 0.2772
vn -0.4144 -0.8411 0.3475
vn -0.6631 -0.6815 0.3096
vn -0.3883 -0.8625 0.3246
vn -0.7776 -0.5725 0.2600
vn -0.7812 -0.5660 0.2634
vn -0.4730 -0.8318 0.2904
vn -0.6279 -0.6317 0.4547
vn -0.8481 -0.4915 0.1978
vn -0.8741 -0.4757 0.0985
vn -0.8706 -0.4186 0.2585
vn -0.4580 -0.8409 0.2884
vn -0.2960 -0.9036 0.3095
vn -0.0682 0.0561 -0.9961
vn -0.0640 0.0541 -0.9965
vn -0.0607 0.2007 -0.9778
vn -0.0315 0.2150 -0.9761
vn 0.2759 0.5975 0.7529
vn -0.0562 0.5742 0.8168
vn -0.0084 0.1511 0.9885
vn -0.3470 0.3307 0.8776
vn -0.4600 0.2343 0.8564
vn -0.3980 0.2656 0.8781
vn -0.3115 0.5484 0.7760
vn 0.4883 0.5134 0.7057
vn -0.4483 0.2943 0.8441
vn -0.3872 0.5048 0.7715
vn -0.3487 0.7227 0.5968
vn -0.5112 0.0679 0.8568
vn -0.4240 0.1343 0.8957
vn -0.6332 -0.2181 0.7426
vn -0.5373 -0.0717 0.8404
vn -0.5343 0.3476 0.7705
vn 0.2335 -0.5312 0.8144
vn 0.2398 -0.5402 0.8066
vn -0.0888 0.8050 -0.5867
vn 0.4855 0.7604 -0.4313
vn 0.1008 0.6997 -0.7073
vn 0.0174 0.7752 -0.6315
vn 0.9466 0.0253 0.3215
vn 0.2424 0.7085 0.6628
vn 0.9003 0.3701 0.2290
vn 0.6792 0.6970 0.2299
vn 0.1978 0.7216 -0.6635
vn 0.0306 0.7082 -0.7054
vn 0.1736 0.9832 0.0565
vn 0.0584 0.7789 -0.6244
vn 0.2589 0.9535 0.1544
vn 0.0716 -0.4299 0.9000
vn -0.9861 -0.0216 0.1646
vn -0.7529 -0.0579 0.6555
vn 0.6264 0.6963 -0.3504
vn 0.2640 -0.7951 0.5460
vn 0.4100 0.8729 -0.2644
vn -0.8855 -0.4578 -0.0795
vn -0.0035 0.8203 -0.5719
vn -0.8088 0.5258 -0.2635
vn -0.6943 0.6961 0.1826
vn 0.1531 0.0183 0.9880
vn 0.0700 0.8487 -0.5241
vn -0.0737 0.8266 -0.5580
vn -0.3260 0.9444 0.0433
vn -0.2822 0.9166 -0.2831
vn 0.2407 0.7178 -0.6534
vn 0.1103 0.1736 -0.9786
vn 0.5585 0.2124 -0.8019
vn 0.2200 0.8161 -0.5344
vn 0.3311 -0.5453 -0.7701
vn 0.1985 -0.2092 -0.9575
vn 0.0978 -0.0564 -0.9936
vn -0.0304 0.3456 -0.9379
vn 0.0757 0.5128 -0.8552
vn 0.1633 -0.9757 0.1462
vn 0.1354 -0.9272 -0.3493
vn 0.0776 0.6046 -0.7927
vn 0.0463 -0.5932 0.8037
vn 0.0062 -0.6793 0.7338
vn 0.0976 0.7398 -0.6658
vn 0.0815 0.8117 -0.5784
vn 0.0900 0.8495 -0.5198
vn -0.0485 -0.5388 0.8410
vn -0.0477 -0.4321 0.9006
vn -0.0485 -0.4288 0.9021
vn -0.0573 0.5155 -0.8550
vn 0.0804 0.9519 -0.2956
vn 0.1083 0.9374 -0.3310
vn 0.0804 0.9696 -0.2311
vn 0.1487 0.9441 -0.2941
vn 0.1121 0.9760 -0.1865
vn 0.2407 0.8969 -0.3710
vn 0.1517 0.9792 -0.1345
vn 0.2068 0.7872 -0.5810
vn 0.2248 0.7686 -0.5990
vn 0.1633 0.2204 -0.9616
vn -0.0447 -0.2702 0.9618
vn -0.0501 0.6531 -0.7556
vn 0.0408 0.1278 -0.9910
vn -0.0451 0.0543 0.9975
vn 0.0773 -0.4514 0.8889
vn 0.0078 0.2800 -0.9600
vn 0.0416 0.2033 -0.9782
vn -0.0346 0.1773 0.9836
vn -0.0433 0.2159 0.9755
vn 0.1225 0.7232 0.6797
vn 0.0067 0.3424 -0.9395
vn -0.0276 0.3850 0.9225
vn 0.0156 0.5205 -0.8537
vn -0.0317 0.5379 0.8424
vn -0.0277 0.5211 0.8531
vn 0.0014 0.6029 -0.7978
vn -0.0325 0.5767 0.8163
vn -0.0204 0.6594 0.7516
vn 0.0211 0.6890 -0.7245
vn -0.0194 0.8339 0.5516
vn 0.0257 0.8219 -0.5690
vn -0.0219 0.9286 0.3705
vn -0.0156 0.9359 0.3519
vn -0.0312 0.8704 0.4913
vn 0.0257 0.9935 -0.1112
vn -0.0164 0.9889 0.1474
vn -0.3144 -0.8575 -0.4073
vn -0.0494 -0.7069 -0.7056
vn -0.4928 0.0717 0.8672
vn -0.4242 0.3967 0.8140
vn -0.4635 0.4930 0.7363
vn -0.0738 0.4737 0.8776
vn -0.0430 0.5102 0.8590
vn -0.0400 0.3754 0.9260
vn -0.0351 -0.4066 -0.9129
vn 0.1600 0.1502 0.9756
vn 0.0205 0.2721 0.9620
vn -0.9451 -0.3086 -0.1078
vn 0.6452 -0.6369 -0.4219
vn -0.0182 -0.2971 0.9547
vn -0.5351 -0.7602 -0.3683
vn 0.2062 -0.5464 0.8117
vn -0.0414 -0.2513 -0.9670
vn -0.6618 -0.1918 -0.7247
vn -0.0633 0.9759 -0.2088
vn 0.6414 -0.7671 0.0166
vn 0.1258 0.3636 0.9230
vn -0.3071 -0.8930 -0.3289
vn 0.1037 -0.9225 -0.3718
vn 0.0515 -0.9895 -0.1350
vn -0.3127 -0.8952 -0.3176
vn 0.0471 -0.8538 -0.5184
vn -0.2964 -0.8291 -0.4741
vn 0.1059 -0.9051 -0.4119
vn 0.3095 -0.8131 -0.4930
vn 0.3243 -0.7364 0.5937
vn 0.2316 -0.7100 0.6650
vn 0.1962 -0.6916 0.6952
vn -0.0403 -0.2520 -0.9669
vn 0.9771 -0.2128 -0.0039
vn 0.8751 -0.4019 0.2695
vn 0.3164 0.1001 0.9433
vn 0.1311 0.2906 0.9478
vn 0.1397 -0.4368 -0.8886
vn 0.1738 -0.8729 -0.4560
vn 0.0128 -0.9741 -0.2259
vn -0.2619 -0.8038 -0.5342
vn 0.2272 -0.8319 -0.5062
vn 0.0652 -0.3509 -0.9341
vn -0.0437 -0.2591 -0.9649
vn -0.2626 -0.7529 -0.6034
vn 0.2283 -0.3112 -0.9225
vn 0.1468 -0.2233 -0.9636
vn 0.1500 -0.5231 0.8390
vn 0.1937 -0.0066 0.9810
vn 0.1903 0.0211 0.9815
vn 0.9634 -0.1652 0.2109
vn 0.2251 -0.2930 -0.9292
vn 0.2271 -0.2954 -0.9280
vn 0.9999 -0.0112 0.0120
vn -0.8783 -0.1689 -0.4473
vn -0.1281 -0.3435 0.9304
vn -0.4973 -0.6707 -0.5503
vn 0.4666 -0.5488 0.6936
vn 0.9916 -0.1046 -0.0755
vn -0.0283 -0.2391 -0.9706
vn 0.2361 -0.4550 -0.8586
vn 0.9236 0.2303 0.3064
vn -0.4756 -0.1967 -0.8574
vn -0.1847 0.9685 0.1668
vn 0.7209 0.1529 -0.6760
vn 0.2561 0.4314 0.8650
vn 0.4807 0.3926 0.7841
vn 0.9205 0.3016 0.2485
vn 0.0161 0.1702 0.9853
vn 0.6517 0.7144 -0.2546
vn -0.3187 -0.3648 -0.8748
vn 0.1039 0.1084 0.9887
vn 0.9262 0.2813 0.2509
vn -0.0217 -0.3319 -0.9431
vn -0.2264 0.1094 -0.9679
vn -0.0545 -0.3868 -0.9205
vn -0.0406 -0.1095 -0.9932
vn 0.8845 0.4410 0.1522
vn -0.2161 0.1123 0.9699
vn -0.0163 0.0304 0.9994
vn 0.5652 0.4182 0.7111
vn 0.5805 0.4792 0.6583
vn 0.5289 0.4208 0.7370
vn 0.4057 0.5801 0.7064
vn 0.4455 0.5936 0.6702
vn 0.4465 0.5489 0.7066
vn 0.7439 0.0758 0.6640
vn 0.4253 0.4626 0.7779
vn 0.9021 0.3185 0.2913
vn 0.5503 0.4109 0.7269
vn 0.5291 0.4465 0.7216
vn 0.3964 0.4728 0.7870
vn -0.0502 -0.1142 -0.9922
vn -0.4814 -0.6795 0.5537
vn 0.6480 -0.6649 0.3714
vn -0.3452 0.8071 -0.4790
vn -0.3628 0.8039 -0.4714
vn -0.2602 0.7223 -0.6407
vn -0.5938 0.1856 0.7829
vn -0.2811 -0.2689 0.9212
vn 0.9371 -0.3425 0.0673
vn 0.9111 -0.1751 -0.3733
vn 0.6222 -0.7336 0.2733
vn -0.2930 0.4650 -0.8354
vn 0.2811 -0.8595 0.4269
vn 0.8582 0.3905 0.3331
vn 0.4511 0.8311 0.3253
vn 0.9026 0.1237 -0.4122
vn 0.4038 -0.8680 -0.2889
vn -0.3585 -0.8961 -0.2617
vn -0.2231 -0.9546 -0.1976
vn -0.4521 -0.8888 0.0754
vn -0.4068 -0.9103 0.0769
vn -0.2358 -0.9680 -0.0859
vn -0.2142 -0.9759 -0.0414
vn -0.2968 -0.9503 0.0941
vn -0.6475 -0.7593 0.0648
vn -0.4216 -0.8661 -0.2687
vn -0.4037 -0.8864 -0.2265
vn -0.6823 -0.7058 0.1908
vn -0.6543 -0.7452 0.1285
vn -0.5770 -0.7514 0.3201
vn -0.6818 -0.6297 0.3724
vn -0.5877 -0.7471 0.3107
vn -0.5786 -0.7575 0.3024
vn -0.1717 0.1097 0.9790
vn -0.5122 0.4648 0.7223
vn -0.9602 -0.1070 0.2581
vn -0.4684 0.8827 -0.0381
vn -0.4990 0.7199 -0.4824
vn -0.3030 0.9162 -0.2623
vn -0.4290 0.8646 0.2616
vn -0.3606 0.5616 -0.7447
vn 0.7226 0.6809 -0.1193
vn -0.0033 0.8416 0.5400
vn 0.2651 0.5576 0.7866
vn 0.2600 0.6236 0.7372
vn 0.9177 -0.2573 -0.3028
vn 0.5744 0.2782 -0.7699
vn 0.2712 -0.9364 0.2227
vn 0.0333 0.5067 -0.8615
vn 0.5043 -0.7989 -0.3278
vn -0.0979 0.0186 0.9950
vn -0.1729 0.1673 0.9706
vn 0.1495 -0.3068 -0.9400
vn 0.4427 -0.3805 -0.8119
vn -0.3298 -0.7637 0.5549
vn -0.5809 -0.6442 0.4976
vn -0.4964 -0.4831 0.7212
vn -0.4647 -0.6879 0.5576
vn -0.5617 -0.5690 0.6006
vn -0.8280 -0.2380 0.5078
vn -0.9287 -0.2622 0.2623
vn -0.5578 -0.0232 0.8296
vn -0.8541 -0.4180 0.3097
vn -0.2541 -0.9352 0.2467
vn -0.5793 -0.5875 0.5650
vn -0.9482 -0.2926 0.1233
vn -0.9525 -0.2862 0.1045
vn -0.7998 -0.1615 0.5781
vn -0.7920 -0.6024 -0.0989
vn -0.1321 -0.0398 0.9904
vn 0.0451 -0.1315 -0.9903
vn -0.5836 0.6716 0.4564
vn -0.0761 -0.1580 0.9845
vn -0.6062 0.2523 0.7542
vn -0.5467 -0.8218 0.1608
vn -0.7070 0.2005 -0.6782
vn -0.6599 0.5665 0.4936
vn -0.6995 -0.4707 0.5377
vn -0.7674 -0.2522 0.5894
vn -0.5790 -0.0237 0.8150
vn -0.9131 -0.2212 0.3426
vn -0.5636 -0.0029 0.8260
vn -0.9300 -0.1806 -0.3202
vn -0.9394 -0.3426 0.0147
vn -0.0520 -0.1947 0.9795
vn -0.0747 -0.1476 0.9862
vn -0.0841 -0.2406 0.9670
vn 0.4630 0.5627 0.6848
vn -0.0760 -0.3115 0.9472
vn -0.0896 -0.2917 0.9523
vn 0.4279 -0.5051 0.7495
vn 0.4561 -0.5178 0.7238
vn -0.0796 0.3294 -0.9408
vn -0.0297 -0.3926 0.9192
vn -0.0760 -0.3109 0.9474
vn 0.1768 0.4973 -0.8494
vn 0.2447 -0.9583 0.1478
vn 0.3459 -0.9371 -0.0472
vn 0.2659 -0.8968 -0.3536
vn -0.0112 -0.3672 0.9301
vn 0.2213 -0.9337 -0.2814
vn 0.1258 -0.6724 0.7294
vn 0.2215 -0.7016 0.6772
vn 0.0237 -0.4763 0.8790
vn -0.0187 -0.4073 0.9131
vn 0.1629 -0.6211 0.7666
vn 0.1452 -0.6124 0.7771
vn 0.2383 0.8410 -0.4858
vn 0.1554 -0.5333 0.8316
vn 0.2578 -0.4209 0.8697
vn 0.2743 -0.4285 0.8609
vn 0.0423 -0.4893 0.8711
vn 0.2115 0.9646 -0.1573
vn 0.3541 0.7477 -0.5617
vn 0.1431 0.2201 -0.9649
vn 0.3131 0.1117 -0.9431
vn 0.2039 0.1349 -0.9696
vn 0.2391 -0.2712 0.9323
vn 0.1922 -0.2495 0.9491
vn 0.2573 -0.1054 0.9606
vn 0.2278 -0.0887 0.9696
vn 0.0482 -0.4177 0.9073
vn 0.0613 -0.4416 0.8951
vn 0.1806 0.1212 -0.9761
vn 0.1960 0.1055 -0.9749
vn 0.2574 0.0454 0.9652
vn 0.2554 0.0467 0.9657
vn 0.0204 0.9301 -0.3668
vn 0.1186 0.3752 0.9193
vn 0.1187 0.3115 0.9428
vn 0.1478 0.1971 -0.9692
vn 0.1822 0.1727 -0.9680
vn 0.2255 0.2075 0.9519
vn 0.2425 0.1929 0.9508
vn 0.0573 0.9972 -0.0474
vn 0.0990 0.8587 0.5029
vn 0.1296 0.3396 -0.9316
vn 0.1515 0.3189 -0.9356
vn 0.2515 0.3749 0.8923
vn 0.2731 0.3553 0.8940
vn 0.0722 0.5158 -0.8537
vn 0.1682 0.4546 -0.8747
vn 0.2523 0.4511 0.8561
vn 0.1445 0.6011 -0.7860
vn 0.0766 0.6664 0.7417
vn 0.1829 0.6292 0.7554
vn 0.0883 0.6871 -0.7212
vn 0.1074 0.7574 -0.6440
vn 0.1063 0.6735 -0.7315
vn 0.0400 0.8339 0.5505
vn 0.1213 0.7238 0.6792
vn 0.0704 0.8171 0.5722
vn 0.0885 0.8212 -0.5637
vn 0.0573 0.9016 -0.4288
vn 0.0436 0.8388 -0.5427
vn 0.2188 0.9400 -0.2618
vn 0.2116 0.9427 -0.2579
vn 0.1658 0.9236 0.3457
vn 0.2100 0.9231 0.3220
vn 0.1353 0.9845 -0.1121
vn 0.2521 0.9662 0.0529
vn 0.1747 0.9750 -0.1373
vn 0.2246 0.9650 0.1356
vn 0.2272 0.9646 0.1338
vn -0.4857 -0.8519 0.1958
vn -0.4509 -0.8722 0.1896
vn -0.3668 -0.9256 0.0938
vn 0.0562 -0.7704 -0.6350
vn -0.6586 -0.1298 0.7412
vn -0.6164 -0.2063 0.7599
vn -0.1300 -0.7242 -0.6772
vn -0.0243 -0.6279 -0.7779
vn -0.7180 0.2410 0.6530
vn -0.6490 0.3968 0.6491
vn -0.6141 0.5759 0.5397
vn -0.6342 0.3688 0.6795
vn -0.5364 0.4642 0.7048
vn -0.5534 0.6372 0.5364
vn -0.5457 0.4706 0.6934
vn -0.6549 0.3519 0.6688
vn -0.5873 0.2376 0.7737
vn -0.0469 -0.5173 -0.8545
vn -0.0280 -0.5258 -0.8501
vn -0.4571 0.4818 0.7476
vn -0.4370 0.8298 0.3471
vn -0.4550 0.4792 0.7506
vn -0.1132 0.3726 0.9211
vn -0.2031 0.9791 -0.0134
vn -0.1135 0.3730 0.9209
vn -0.0500 -0.3967 -0.9166
vn -0.2410 0.2229 0.9446
vn -0.1634 0.1383 0.9768
vn -0.0623 -0.7983 -0.5990
vn 0.8834 -0.3277 0.3348
vn -0.2787 0.3829 0.8808
vn -0.0189 -0.2486 -0.9684
vn 0.9733 0.1472 -0.1764
vn -0.0655 -0.5351 -0.8422
vn -0.0512 0.3083 0.9499
vn -0.2233 0.8383 0.4973
vn -0.0729 0.3384 0.9382
vn -0.4454 0.3022 0.8428
vn -0.1265 -0.0571 0.9903
vn -0.9847 -0.1585 -0.0730
vn -0.4939 -0.8554 -0.1558
vn -0.9221 -0.1668 0.3491
vn -0.3884 -0.8683 0.3087
vn -0.4005 -0.8460 0.3518
vn -0.4925 -0.8667 0.0797
vn -0.5143 -0.5024 -0.6951
vn -0.7274 -0.4211 -0.5418
vn -0.6338 -0.0875 -0.7685
vn 0.3943 -0.6303 0.6688
vn 0.3820 -0.5978 0.7048
vn 0.4727 -0.5936 0.6513
vn 0.4789 -0.5539 0.6811
vn 0.1851 -0.5276 0.8291
vn 0.2330 -0.5133 0.8260
vn -0.5137 0.8530 -0.0921
vn -0.4875 0.2964 0.8213
vn -0.4437 0.2348 0.8649
vn -0.3972 -0.4183 -0.8169
vn -0.3379 -0.3069 -0.8897
vn -0.3223 -0.9362 0.1405
vn -0.2809 -0.9206 -0.2712
vn -0.1823 -0.9695 0.1641
vn -0.5320 -0.1632 -0.8309
vn -0.4036 -0.1665 -0.8997
vn -0.9189 0.1336 0.3712
vn -0.1166 -0.1511 -0.9816
vn -0.6655 -0.6239 0.4097
vn -0.3467 0.2151 -0.9130
vn 0.4068 -0.3362 0.8494
vn 0.2733 0.3490 0.8964
vn -0.3608 -0.7138 -0.6003
vn 0.9305 -0.3013 0.2083
vn -0.4839 0.3502 0.8020
vn -0.9913 -0.0602 0.1171
vn 0.4572 -0.2782 -0.8447
vn -0.2764 -0.7629 0.5844
vn -0.5747 0.7537 0.3188
vn -0.1002 -0.0238 -0.9947
vn 0.3033 0.4947 0.8144
vn 0.9927 -0.0321 -0.1161
vn -0.3459 -0.6714 -0.6555
vn -0.1384 0.1959 0.9708
vn -0.3414 0.7090 0.6171
vn -0.2104 0.2454 0.9463
vn -0.2346 0.1068 0.9662
vn -0.1416 0.0168 0.9898
vn -0.9248 -0.2962 0.2386
vn -0.9571 -0.2541 0.1396
vn 0.5165 -0.6355 -0.5740
vn -0.8142 0.5326 -0.2309
vn 0.4488 -0.6046 -0.6581
vn 0.6520 0.5004 0.5697
vn 0.3324 0.6705 0.6632
vn 0.6130 0.7121 0.3422
vn 0.7320 0.4225 0.5345
vn 0.7051 0.4545 0.5443
vn 0.7255 0.3450 0.5956
vn -0.9146 -0.3149 0.2537
vn -0.9644 -0.2153 0.1538
vn -0.3542 0.8403 -0.4104
vn -0.1915 -0.9720 0.1365
vn -0.0251 0.3456 -0.9380
vn -0.5116 -0.5296 0.6767
vn -0.5802 -0.1217 -0.8054
vn -0.5568 -0.2313 -0.7978
vn 0.6900 0.3605 0.6276
vn -0.0298 -0.1104 -0.9934
vn -0.0202 -0.1173 -0.9929
vn -0.9618 0.1396 0.2354
vn -0.9581 0.1557 0.2403
vn -0.9631 0.2118 0.1661
vn -0.9587 0.2194 0.1809
vn -0.5007 0.3076 0.8092
vn -0.0911 -0.1666 -0.9818
vn -0.1057 -0.2749 -0.9557
vn -0.5317 0.5895 -0.6081
vn -0.9860 0.1615 0.0405
vn -0.9853 0.1688 0.0249
vn 0.4110 0.5584 0.7206
vn -0.0958 0.6324 0.7687
vn 0.5255 0.4360 0.7306
vn 0.2853 -0.8715 -0.3989
vn 0.1757 -0.9602 -0.2171
vn 0.0791 -0.9800 -0.1829
vn 0.1557 -0.9501 -0.2704
vn 0.0344 -0.9425 -0.3325
vn 0.0761 -0.9326 -0.3527
vn 0.4124 -0.8507 -0.3260
vn 0.2615 -0.7739 -0.5767
vn 0.3340 -0.6923 -0.6396
vn 0.2765 -0.8025 -0.5287
vn 0.0282 -0.9790 -0.2021
vn 0.0272 -0.9037 -0.4274
vn 0.0360 -0.9615 -0.2725
vn 0.0147 -0.9065 -0.4220
vn 0.6660 -0.7298 -0.1548
vn 0.7685 -0.6110 -0.1899
vn 0.1674 0.9185 -0.3583
vn 0.0788 -0.9904 0.1133
vn 0.0600 -0.9971 -0.0462
vn -0.1120 -0.9794 -0.1678
vn -0.1123 -0.9793 -0.1685
vn 0.5001 0.8630 -0.0713
vn -0.1702 -0.9795 -0.1080
vn -0.7693 -0.6174 0.1643
vn -0.7367 -0.6554 0.1664
vn -0.0594 -0.5725 0.8177
vn -0.7845 -0.6199 -0.0172
vn -0.7791 -0.6233 -0.0669
vn 0.2186 0.9749 0.0413
vn 0.7770 0.1978 0.5976
vn -0.1003 -0.8691 -0.4843
vn -0.3936 -0.1541 -0.9063
vn 0.7685 0.0633 0.6367
vn -0.9660 -0.2443 0.0842
vn -0.9625 -0.1600 -0.2191
vn -0.6828 -0.6312 0.3679
vn -0.8646 -0.4901 0.1108
vn -0.9611 -0.2561 0.1031
vn -0.0299 -0.0373 -0.9989
vn -0.8503 0.3225 0.4160
vn -0.8474 0.4967 0.1877
vn -0.8452 0.5056 0.1731
vn -0.8948 0.3617 0.2617
vn 0.0563 -0.2307 0.9714
vn -0.5078 0.3121 0.8030
vn -0.8559 0.5166 -0.0242
vn -0.8519 0.5237 -0.0091
vn 0.9966 0.0113 -0.0816
vn 0.8958 -0.3730 0.2417
vn 0.6221 -0.7009 -0.3489
vn 0.4610 -0.7726 -0.4366
vn 0.2100 -0.9474 -0.2415
vn 0.4001 -0.5055 -0.7645
vn 0.4359 -0.6872 -0.5812
vn 0.4401 -0.5830 -0.6830
vn 0.9946 -0.0955 -0.0405
vn 0.6281 -0.3558 -0.6920
vn -0.3379 0.1641 0.9268
vn -0.5155 0.7627 0.3907
vn -0.3737 0.8986 0.2298
vn -0.2295 0.0131 0.9732
vn 0.8900 0.2720 -0.3660
vn 0.5395 -0.4070 -0.7371
vn 0.3968 -0.7544 -0.5229
vn 0.2477 -0.2112 -0.9455
vn 0.4452 -0.6613 -0.6037
vn 0.4480 -0.5608 -0.6963
vn 0.5207 -0.3748 -0.7671
vn -0.0237 0.0661 -0.9975
vn -0.4294 -0.0570 0.9013
vn -0.3111 -0.1955 0.9301
vn 0.5247 -0.3652 -0.7690
vn 0.0679 -0.4350 -0.8979
vn 0.1991 -0.5568 -0.8064
vn 0.8199 -0.0871 0.5658
vn -0.2022 0.5489 0.8111
vn 0.5034 -0.1233 -0.8552
vn -0.8081 -0.5413 0.2322
vn -0.4777 -0.1584 0.8641
vn 0.5989 0.7261 -0.3379
vn -0.2566 0.8012 0.5407
vn -0.0246 -0.1664 -0.9858
vn 0.0911 -0.7203 -0.6877
vn -0.1779 -0.1621 -0.9706
vn -0.0239 -0.8791 -0.4761
vn -0.1351 -0.2347 -0.9626
vn -0.0862 -0.1549 -0.9842
vn -0.6735 -0.7376 0.0494
vn -0.8143 -0.0348 -0.5795
vn -0.9861 -0.1459 -0.0797
vn -0.4815 -0.1208 0.8681
vn -0.4885 -0.1137 0.8651
vn -0.0560 -0.0395 -0.9976
vn -0.1691 -0.0374 -0.9849
vn -0.1791 -0.0128 -0.9837
vn -0.0608 -0.0381 -0.9974
vn 0.0150 0.2103 -0.9775
vn -0.4199 -0.2209 0.8803
vn -0.4822 -0.1486 0.8634
vn -0.0568 0.2023 -0.9777
vn -0.2579 0.1842 -0.9484
vn -0.1903 -0.3034 -0.9337
vn 0.2066 0.1422 -0.9680
vn 0.3808 0.2850 0.8796
vn 0.2225 0.5614 0.7971
vn 0.6241 0.2517 0.7397
vn 0.3896 0.0227 0.9207
vn 0.3708 0.0449 0.9276
vn 0.0312 0.2415 -0.9699
vn -0.4759 -0.5139 0.7138
vn -0.0133 0.3668 -0.9302
vn 0.3620 0.3619 -0.8591
vn 0.0326 0.7720 -0.6348
vn 0.2390 0.3326 -0.9123
vn 0.7099 -0.5153 0.4800
vn 0.9255 -0.2737 0.2618
vn 0.9418 -0.3068 0.1373
vn 0.3872 -0.0363 0.9213
vn 0.4476 -0.1460 0.8823
vn 0.4821 -0.0209 0.8759
vn 0.3356 0.0860 0.9381
vn 0.3934 0.1684 0.9038
vn 0.2625 -0.2247 0.9384
vn 0.3929 0.3400 0.8544
vn -0.0238 0.3061 -0.9517
vn 0.0310 0.2510 -0.9675
vn -0.4598 -0.2688 0.8463
vn -0.5604 -0.1268 0.8185
vn -0.3194 -0.2889 0.9025
vn -0.4385 -0.0860 0.8946
vn 0.3874 0.5064 -0.7704
vn 0.3926 0.5052 -0.7685
vn 0.4098 0.4639 -0.7854
vn 0.3491 0.7399 -0.5751
vn 0.4240 -0.8524 0.3060
vn 0.4269 -0.8502 0.3080
vn 0.4959 -0.7762 0.3895
vn 0.2466 -0.9678 -0.0499
vn 0.3475 -0.9232 -0.1643
vn 0.3441 -0.9247 -0.1626
vn 0.7897 -0.3730 0.4870
vn -0.2114 0.7346 -0.6448
vn 0.2681 0.7367 0.6207
vn 0.3686 0.7051 0.6058
vn 0.1475 -0.3545 -0.9234
vn 0.4322 -0.7142 -0.5505
vn 0.0661 0.9600 0.2720
vn 0.5032 -0.6645 -0.5526
vn -0.5046 0.1429 -0.8514
vn -0.4935 0.8162 0.3005
vn 0.9301 -0.1224 0.3463
vn 0.2292 -0.8433 0.4861
vn 0.3446 -0.8341 0.4308
vn -0.6761 0.0663 0.7338
vn 0.2313 -0.9313 -0.2815
vn 0.6982 -0.0084 0.7159
vn 0.6960 -0.0085 0.7180
vn 0.4317 -0.5424 0.7207
vn 0.1757 -0.6567 0.7334
vn 0.4651 -0.8191 0.3357
vn 0.6088 -0.5917 0.5284
vn -0.2058 -0.3655 0.9078
vn -0.3172 -0.2348 0.9188
vn 0.1640 0.6003 -0.7828
vn 0.4848 0.5591 -0.6726
vn 0.4199 0.6516 -0.6317
vn 0.4280 0.6489 -0.6291
vn 0.5012 0.5432 -0.6736
vn 0.4851 0.5972 -0.6388
vn 0.4435 0.6124 -0.6544
vn 0.8563 0.2889 -0.4281
vn 0.2605 0.2113 0.9421
vn 0.0708 0.2093 0.9753
vn 0.0672 0.3120 0.9477
vn 0.0706 0.4731 0.8782
vn 0.4878 -0.8717 -0.0461
vn 0.5574 -0.8301 -0.0154
vn 0.2840 -0.8875 0.3629
vn 0.2847 -0.8509 0.4415
vn 0.2312 -0.9313 -0.2814
vn 0.1809 -0.7368 0.6515
vn 0.1751 -0.7059 0.6863
vn 0.1464 -0.6908 0.7081
vn -0.0400 0.3896 -0.9201
vn -0.2098 -0.3895 0.8968
vn 0.2410 0.7216 -0.6490
vn 0.4832 0.6894 -0.5397
vn 0.4051 0.7883 -0.4631
vn 0.4155 0.7850 -0.4595
vn 0.4733 0.7269 -0.4976
vn 0.4836 0.7042 -0.5198
vn 0.5183 0.6276 -0.5809
vn 0.1783 -0.6090 0.7729
vn 0.1781 -0.6086 0.7732
vn -0.0398 0.4494 -0.8924
vn -0.1317 -0.4012 0.9065
vn -0.2294 -0.2916 0.9286
vn -0.0496 -0.4494 0.8919
vn 0.0233 -0.4661 0.8844
vn -0.1301 -0.3653 0.9217
vn 0.4473 0.8262 -0.3425
vn 0.2610 0.9042 -0.3381
vn 0.3506 0.8805 -0.3191
vn 0.3606 0.8306 -0.4243
vn 0.3855 0.8421 -0.3772
vn 0.3398 0.9112 -0.2330
vn 0.2792 0.9270 -0.2505
vn 0.3111 0.9160 -0.2532
vn 0.3838 0.8193 -0.4260
vn 0.4066 0.8124 -0.4180
vn -0.2062 -0.5038 0.8388
vn 0.8206 0.3682 -0.4370
vn 0.8811 -0.3595 0.3071
vn 0.5993 0.4036 0.6913
vn 0.3058 -0.8725 -0.3811
vn 0.1561 0.5126 0.8443
vn 0.3062 0.9462 0.1044
vn 0.0550 0.8762 0.4788
vn 0.4400 0.7340 0.5173
vn 0.0326 0.6497 0.7595
vn 0.5009 -0.5342 -0.6809
vn 0.5859 -0.5289 -0.6139
vn 0.0327 0.2896 0.9566
vn 0.5061 -0.0587 -0.8605
vn 0.5878 -0.0096 -0.8089
vn 0.8759 0.3594 -0.3220
vn 0.7665 0.5943 -0.2436
vn -0.1623 -0.2724 -0.9484
vn 0.0742 0.9953 0.0618
vn -0.0035 0.9804 -0.1971
vn 0.3837 0.4076 -0.8287
vn 0.5009 0.5786 -0.6436
vn 0.3905 0.4100 -0.8243
vn -0.3484 0.4517 0.8213
vn 0.2072 0.6484 -0.7325
vn -0.0621 0.6714 -0.7385
vn -0.4234 -0.0948 0.9010
vn -0.1043 -0.9759 -0.1915
vn 0.7456 0.6661 0.0200
vn 0.2808 0.3742 -0.8838
vn 0.2700 0.2738 -0.9231
vn 0.4347 -0.4110 0.8013
vn 0.3761 -0.3938 0.8388
vn -0.0867 0.5210 -0.8491
vn -0.0085 -0.4398 0.8981
vn 0.2842 0.9450 -0.1618
vn 0.1876 0.9690 -0.1607
vn 0.3053 0.8775 -0.3699
vn 0.2749 0.9484 -0.1582
vn 0.4741 0.8777 -0.0702
vn 0.1263 0.9904 -0.0561
vn 0.1886 0.9670 -0.1712
vn 0.5205 0.6524 -0.5509
vn 0.7650 -0.4870 -0.4213
vn 0.1283 0.9870 -0.0969
vn 0.3647 0.1003 -0.9257
vn 0.3694 0.0925 -0.9246
vn 0.3751 0.0864 -0.9229
vn 0.3762 0.1108 -0.9199
vn 0.5116 -0.1330 0.8489
vn 0.5067 -0.1280 0.8526
vn 0.5394 -0.0742 0.8388
vn 0.5112 -0.0405 0.8585
vn 0.4185 0.0993 -0.9028
vn 0.3710 0.1295 -0.9196
vn 0.5199 0.0394 0.8533
vn 0.5366 0.0183 0.8437
vn 0.3592 0.2147 -0.9082
vn 0.4209 0.1598 -0.8929
vn 0.4759 0.1409 0.8681
vn 0.5210 0.0815 0.8496
vn 0.3307 0.2657 -0.9056
vn 0.3595 0.2341 -0.9033
vn 0.4142 0.3102 0.8557
vn 0.4475 0.2745 0.8511
vn 0.2871 0.4517 -0.8447
vn 0.2511 0.4805 -0.8403
vn 0.3945 0.5316 0.7495
vn 0.4373 0.4555 0.7754
vn 0.2862 0.5192 -0.8053
vn 0.3472 0.3775 0.8585
vn 0.1319 0.6177 0.7753
vn 0.2925 0.3429 0.8927
vn 0.2368 0.4932 0.8370
vn 0.1437 0.6717 -0.7268
vn 0.1360 0.7605 -0.6350
vn 0.1420 0.7141 0.6854
vn 0.0712 0.8171 0.5720
vn 0.0954 0.6847 0.7226
vn 0.1061 0.7741 0.6241
vn 0.0543 0.8385 -0.5422
vn 0.0882 0.9942 -0.0611
vn 0.3785 0.8944 -0.2382
vn 0.1862 0.9676 -0.1703
vn 0.2843 0.9052 0.3159
vn 0.1089 0.9691 0.2215
vn 0.4355 0.8940 0.1049
vn 0.4722 0.8812 -0.0231
vn 0.4112 0.9071 -0.0893
vn 0.4333 0.8950 0.1063
vn -0.7546 -0.6553 -0.0333
vn -0.7043 -0.7086 -0.0430
vn -0.8584 -0.5129 0.0029
vn -0.8502 -0.5264 0.0018
vn -0.2280 -0.9403 -0.2528
vn -0.2264 -0.9524 -0.2040
vn -0.9836 -0.1805 0.0027
vn -0.7710 -0.5964 -0.2233
vn -0.9693 -0.2459 0.0056
vn -0.9941 -0.1086 0.0059
vn -0.9983 -0.0581 0.0039
vn -0.9974 0.0543 -0.0473
vn -0.9965 -0.0830 0.0036
vn -0.9996 -0.0263 -0.0029
vn -0.9996 -0.0274 -0.0026
vn -0.9389 -0.1728 -0.2975
vn -0.9973 -0.0008 -0.0728
vn -0.9986 -0.0367 -0.0391
vn -0.9472 -0.0901 -0.3078
vn -0.9894 0.0276 -0.1425
vn -0.9944 -0.0831 -0.0659
vn -0.9998 0.0047 0.0214
vn -0.9908 0.0579 -0.1220
vn -0.9973 0.0585 -0.0438
vn -0.9999 0.0136 0.0012
vn -0.9920 0.0116 -0.1255
vn -0.9998 0.0020 0.0210
vn -0.9989 0.0466 -0.0071
vn -0.9940 -0.0595 -0.0912
vn -0.9946 -0.0021 -0.1037
vn -0.9992 -0.0336 -0.0237
vn -0.9590 -0.0829 -0.2712
vn -0.9995 -0.0116 -0.0278
vn -0.9643 -0.1177 -0.2371
vn -0.9548 -0.0928 -0.2823
vn -0.9229 -0.0574 -0.3808
vn -0.9980 -0.0631 -0.0031
vn -0.9738 0.0415 -0.2235
vn -0.9998 -0.0012 -0.0176
vn -0.9784 0.0478 -0.2013
vn -0.9994 -0.0329 -0.0088
vn -0.9994 -0.0077 -0.0330
vn -0.9972 -0.0743 -0.0037
vn -0.9661 -0.0292 -0.2563
vn -0.9663 -0.0289 -0.2559
vn -0.9973 -0.0661 -0.0318
vn -0.9997 -0.0053 -0.0257
vn -0.9963 -0.0854 -0.0059
vn -0.9965 -0.0797 -0.0234
vn -0.9943 0.0596 0.0880
vn -0.9938 -0.1098 -0.0183
vn -0.9656 0.0266 0.2586
vn -0.9888 -0.0964 0.1137
vn -0.9969 -0.0420 -0.0663
vn -0.9973 -0.0547 -0.0495
vn -0.9658 0.0352 0.2568
vn -0.9918 -0.0282 0.1248
vn -0.9961 0.0340 0.0811
vn -0.9600 0.0448 0.2765
vn -0.9713 0.2309 0.0567
vn -0.8174 0.1801 0.5472
vn -0.9315 0.2160 0.2928
vn -0.9142 0.1794 0.3634
vn -0.9908 0.1179 -0.0667
vn -0.9876 0.1330 -0.0829
vn -0.9999 0.0121 0.0120
vn -0.9903 -0.0088 -0.1384
vn -0.9744 -0.0016 -0.2247
vn -0.9878 0.0051 -0.1556
vn -0.9857 0.0451 -0.1625
vn -0.9927 -0.1192 0.0188
vn -0.9843 -0.1754 0.0208
vn -0.9955 0.0109 -0.0938
vn -0.9818 -0.0986 0.1624
vn -0.9887 -0.1480 0.0235
vn -0.8783 -0.1029 0.4668
vn -0.8958 -0.0530 0.4413
vn -0.9110 -0.0407 0.4104
vn -0.9979 -0.0543 0.0367
vn -0.9978 -0.0559 0.0371
vn -0.9995 -0.0139 0.0297
vn -0.9983 -0.0450 0.0375
vn -0.9978 -0.0653 0.0061
vn -0.7548 -0.3581 0.5495
vn -0.5713 -0.4659 0.6757
vn -0.4038 -0.7708 0.4927
vn -0.5575 -0.8297 0.0279
vn -0.9427 -0.3293 -0.0540
vn -0.9249 -0.3746 -0.0648
vn -0.9414 -0.3260 0.0863
vn -0.9206 -0.2644 0.2873
vn -0.9480 -0.3028 0.0976
vn -0.9549 -0.2112 0.2085
vn -0.8968 -0.4283 0.1112
vn -0.9644 -0.1169 0.2372
vn -0.9455 -0.0414 0.3231
vn -0.9321 -0.0266 0.3613
vn -0.9323 -0.1586 0.3251
vn -0.9307 0.1516 0.3328
vn -0.9385 -0.0099 0.3451
vn -0.9673 0.2522 -0.0280
vn -0.8993 0.2961 0.3219
vn -0.6273 -0.7785 0.0214
vn -0.9573 0.1453 0.2500
vn -0.9725 0.2080 0.1045
vn -0.9740 0.2022 0.1022
vn -0.9351 0.3369 0.1099
vn -0.9171 0.3934 0.0644
vn -0.9595 0.2079 0.1902
vn -0.9612 0.2674 -0.0677
vn -0.9133 0.3930 -0.1065
vn -0.9645 0.2557 -0.0664
vn -0.9534 0.2967 0.0540
vn -0.9161 0.1804 -0.3581
vn -0.9581 0.2104 -0.1943
vn -0.9533 0.2448 -0.1769
vn -0.9099 0.0720 -0.4085
vn -0.9159 0.0827 -0.3927
vn -0.9178 -0.0083 -0.3970
vn -0.9074 -0.0320 -0.4190
vn -0.9442 -0.1216 -0.3060
vn -0.9177 -0.1522 -0.3669
vn -0.9026 -0.2213 -0.3692
vn -0.9158 -0.0520 -0.3983
vn -0.9043 -0.3407 -0.2572
vn -0.9374 -0.3024 -0.1728
vn -0.9189 -0.3720 -0.1312
vn -0.9142 -0.3516 -0.2016
vn -0.9132 -0.4045 -0.0496
vn -0.6741 -0.7355 0.0673
vn -0.3580 -0.9252 0.1260
vn -0.3634 -0.9189 0.1535
vn -0.4733 -0.8753 0.0993
vn -0.0831 -0.9341 -0.3471
vn -0.1263 -0.7793 -0.6138
vn -0.0281 -0.8255 -0.5637
vn -0.0277 -0.8351 -0.5494
vn -0.5054 -0.8386 0.2032
vn -0.7830 -0.4062 0.4710
vn -0.6631 -0.6473 0.3761
vn -0.9083 0.0458 0.4158
vn -0.8871 -0.0364 0.4602
vn -0.0188 -0.8251 -0.5647
vn -0.0189 -0.8267 -0.5623
vn -0.8372 -0.2703 -0.4754
vn -0.0012 -0.7070 -0.7072
vn -0.0242 -0.6280 -0.7779
vn -0.7321 0.3361 0.5925
vn -0.8254 0.3957 0.4027
vn -0.8011 0.3346 0.4963
vn -0.7331 0.4412 0.5177
vn -0.8397 -0.2348 -0.4896
vn -0.8260 -0.5637 -0.0025
vn -0.7315 -0.6812 0.0283
vn -0.9083 -0.4168 -0.0356
vn -0.4731 -0.8741 0.1101
vn -0.1191 -0.9558 0.2690
vn -0.1343 -0.9657 -0.2224
vn -0.9544 -0.0870 -0.2855
vn -0.9283 -0.2762 -0.2488
vn -0.8804 0.4275 0.2051
vn -0.8348 0.5494 -0.0348
vn -0.8969 0.4189 0.1417
vn -0.8418 0.3194 0.4351
vn -0.9042 0.4171 -0.0918
vn -0.8369 0.5208 -0.1686
vn -0.9519 0.2969 -0.0759
vn -0.8843 0.3954 -0.2483
vn -0.7390 0.3343 0.5849
vn -0.8185 0.2695 0.5074
vn -0.7929 0.3391 0.5063
vn -0.7441 0.3648 0.5596
vn -0.9380 0.0806 -0.3373
vn -0.9446 -0.0297 -0.3269
vn -0.8916 0.2982 0.3409
vn -0.8439 0.3039 0.4421
vn -0.8732 0.2304 0.4294
vn -0.9232 0.2799 -0.2635
vn -0.9372 0.2164 -0.2735
vn -0.7100 0.4323 -0.5558
vn -0.8849 0.3940 -0.2483
vn -0.7702 0.3791 0.5129
vn -0.7514 0.3145 0.5801
vn -0.9892 0.0571 -0.1350
vn -0.9670 0.0853 -0.2399
vn -0.9400 0.0717 -0.3337
vn -0.9380 0.0544 -0.3425
vn -0.8324 0.0919 0.5465
vn -0.8597 0.1370 0.4922
vn -0.8601 0.1017 -0.4999
vn -0.6751 0.4966 0.5456
vn -0.8329 0.2367 0.5002
vn -0.8726 0.3936 0.2892
vn -0.6904 0.6523 0.3130
vn -0.9717 -0.0035 -0.2364
vn -0.8483 -0.0316 0.5286
vn -0.8342 -0.0446 0.5496
vn -0.8248 -0.0373 -0.5643
vn -0.7999 0.1639 -0.5773
vn -0.9896 -0.0292 0.1411
vn -0.8667 0.1666 0.4701
vn -0.4828 0.1469 0.8633
vn -0.9542 0.2888 0.0785
vn -0.9920 0.1249 0.0206
vn -0.9709 -0.1052 0.2151
vn -0.0846 0.4171 0.9049
vn -0.9731 -0.0087 -0.2303
vn -0.9363 -0.1647 0.3103
vn -0.7074 -0.3899 0.5896
vn -0.8521 -0.0764 -0.5178
vn -0.8538 -0.0674 -0.5162
vn -0.8553 0.1364 0.4998
vn -0.5060 0.1765 0.8443
vn -0.9078 0.3676 0.2019
vn -0.7245 0.0253 0.6888
vn -0.2566 -0.9538 0.1559
vn -0.9262 -0.0764 -0.3693
vn -0.9370 -0.0187 -0.3488
vn -0.9379 -0.0206 -0.3463
vn -0.9250 -0.0573 -0.3755
vn -0.9246 -0.0704 -0.3745
vn -0.8934 -0.2555 -0.3696
vn -0.6204 0.1438 0.7710
vn -0.5507 0.0912 0.8297
vn -0.5429 0.0827 0.8357
vn -0.0072 -0.3918 -0.9200
vn -0.5740 -0.7110 -0.4062
vn -0.8556 -0.4635 -0.2304
vn -0.8862 -0.2497 -0.3902
vn -0.6230 -0.3998 -0.6724
vn -0.9334 0.0099 -0.3588
vn -0.9276 -0.0708 -0.3669
vn -0.9405 -0.2900 0.1773
vn -0.7163 -0.5570 0.4203
vn -0.8625 -0.3345 0.3797
vn -0.8887 -0.3315 -0.3168
vn -0.7175 -0.3197 -0.6189
vn -0.8010 -0.4742 -0.3654
vn -0.8536 -0.5040 -0.1316
vn -0.5648 0.2930 0.7715
vn -0.2650 -0.0159 0.9641
vn -0.5891 0.2005 0.7828
vn -0.5894 0.2021 0.7822
vn -0.0567 -0.2381 -0.9696
vn -0.9533 0.0545 0.2972
vn -0.5966 -0.1900 0.7797
vn -0.9730 -0.0733 0.2188
vn -0.6648 -0.6874 -0.2924
vn -0.0237 0.2268 0.9737
vn 0.8603 0.4581 0.2237
vn -0.9333 0.3407 0.1135
vn 0.0606 -0.0420 0.9973
vn 0.6191 -0.7848 -0.0264
vn 0.0600 0.8175 -0.5728
vn -0.9980 0.0292 0.0568
vn -0.6452 -0.7390 0.1942
vn 0.3181 -0.6595 -0.6811
vn -0.9629 0.2623 -0.0637
vn -0.6537 -0.1649 -0.7385
vn 0.5173 0.8370 -0.1784
vn -0.8356 -0.1114 0.5380
vn 0.9798 -0.1510 -0.1313
vn -0.5870 0.6759 0.4457
vn 0.7718 -0.5044 0.3871
vn -0.6838 -0.0377 0.7287
vn 0.9851 0.1430 -0.0950
vn -0.5958 0.2632 0.7587
vn -0.1111 -0.9754 0.1902
vn 0.7477 -0.2764 0.6038
vn 0.4523 -0.6086 0.6519
vn -0.1213 -0.3170 0.9406
vn -0.2158 -0.0074 0.9764
vn 0.8693 -0.4761 -0.1329
vn 0.3855 0.8996 -0.2050
vn -0.8225 0.5202 0.2299
vn 0.7765 0.6288 0.0411
vn -0.2344 -0.9479 0.2158
vn -0.1047 -0.1642 -0.9809
vn -0.0409 -0.0740 -0.9964
vn 0.9136 0.4067 -0.0015
vn -0.5913 0.1642 0.7896
vn -0.1991 -0.9181 0.3427
vn 0.7906 -0.5766 -0.2061
vn -0.2200 0.4285 -0.8764
vn -0.4047 0.0521 0.9130
vn 0.9044 -0.3034 -0.3001
vn -0.9476 -0.0296 -0.3179
vn -0.8968 -0.4274 0.1140
vn -0.9036 -0.4096 0.1258
vn -0.8553 -0.5044 0.1184
vn -0.9012 -0.4130 -0.1313
vn -0.9063 -0.4165 -0.0723
vn -0.9108 -0.4036 -0.0864
vn -0.8016 -0.5919 -0.0844
vn -0.7725 -0.6054 0.1915
vn -0.8557 -0.5022 -0.1245
vn -0.7574 0.0022 0.6529
vn -0.8094 0.0387 0.5860
vn -0.2669 0.1385 0.9537
vn 0.0744 -0.9595 -0.2718
vn -0.9260 0.1156 0.3594
vn -0.0439 -0.7815 -0.6224
vn -0.9093 0.0811 0.4081
vn 0.8915 -0.3914 -0.2280
vn -0.8331 0.4822 0.2711
vn -0.0607 -0.1486 0.9870
vn 0.1484 0.2214 -0.9638
vn -0.1857 0.3778 0.9071
vn 0.2947 -0.3948 -0.8702
vn 0.0400 -0.1625 0.9859
vn -0.2042 0.2102 0.9561
vn 0.3160 -0.1927 -0.9290
vn 0.8726 0.4288 -0.2338
vn 0.0018 0.1188 -0.9929
vn -0.0125 0.1427 -0.9897
vn 0.9909 0.0797 0.1087
vn -0.2206 0.1801 0.9586
vn -0.0335 -0.0504 0.9982
vn 0.6135 0.1568 0.7739
vn 0.7858 0.1098 0.6087
vn 0.6882 0.4523 0.5673
vn 0.0183 0.1329 0.9910
vn -0.0994 0.4154 0.9042
vn 0.7287 0.3238 0.6035
vn -0.9802 -0.1092 -0.1652
vn -0.9596 -0.1654 -0.2275
vn -0.9515 -0.0817 -0.2967
vn -0.9546 -0.0406 -0.2950
vn -0.8823 -0.0859 0.4628
vn -0.7643 0.0463 0.6432
vn 0.9002 -0.3771 -0.2178
vn -0.7606 -0.5726 0.3060
vn -0.2145 0.2675 -0.9394
vn -0.9023 -0.0288 -0.4302
vn 0.7527 -0.5887 -0.2947
vn -0.8163 0.1703 0.5519
vn 0.8031 0.5821 0.1275
vn -0.6280 0.7743 0.0781
vn 0.2414 -0.0967 0.9656
vn 0.1774 0.0811 0.9808
vn 0.6414 -0.7377 0.2108
vn 0.4478 0.8720 -0.1977
vn 0.8476 0.4612 0.2623
vn -0.5329 0.4937 0.6873
vn -0.2210 0.9695 0.1062
vn -0.1476 -0.1852 0.9715
vn -0.5237 0.7663 0.3722
vn 0.6810 0.0536 0.7303
vn -0.4913 0.4514 0.7448
vn 0.8607 0.4514 0.2355
vn 0.8014 0.5432 0.2502
vn -0.0117 0.9976 0.0679
vn 0.8804 0.4532 0.1397
vn -0.0179 0.9965 0.0822
vn 0.7585 0.5885 0.2800
vn 0.8763 0.4121 0.2493
vn 0.9438 0.2430 0.2240
vn 0.8863 0.1892 0.4226
vn 0.7074 0.3313 0.6244
vn 0.9702 -0.1069 0.2176
vn 0.4125 0.8994 0.1446
vn 0.9644 -0.1831 0.1907
vn 0.8619 0.4954 0.1082
vn 0.0607 0.2073 0.9764
vn 0.3838 -0.3180 0.8669
vn 0.2723 -0.5495 0.7899
vn -0.1958 -0.0374 0.9799
vn 0.2430 -0.4881 0.8383
vn 0.2043 -0.3100 0.9285
vn 0.2495 -0.5294 0.8109
vn -0.0690 0.6266 0.7763
vn 0.8206 -0.0878 0.5647
vn 0.6933 -0.2369 0.6806
vn 0.1180 0.7694 0.6278
vn 0.3163 -0.7702 0.5538
vn 0.3497 -0.7581 0.5505
vn 0.3337 -0.4634 0.8209
vn 0.3096 -0.4454 0.8401
vn 0.3047 -0.1130 0.9457
vn 0.3480 -0.1057 0.9315
vn 0.9152 0.4027 -0.0164
vn 0.0188 0.9903 -0.1379
vn -0.3630 0.4662 0.8068
vn 0.0650 0.9884 -0.1369
vn -0.3128 -0.9478 -0.0617
vn 0.4966 0.4494 -0.7426
vn -0.2061 -0.9749 -0.0841
vn 0.1529 0.2250 0.9623
vn 0.9963 0.0430 0.0744
vn 0.1795 0.2601 0.9487
vn -0.9435 -0.1872 -0.2735
vn -0.9324 -0.1212 -0.3405
vn -0.9083 -0.2116 -0.3610
vn -0.2266 -0.5319 -0.8159
vn 0.5835 -0.8043 -0.1125
vn -0.9657 -0.2432 0.0905
vn -0.9473 -0.2923 0.1310
vn -0.9516 -0.0821 -0.2963
vn -0.9505 -0.0734 0.3019
vn -0.7293 -0.0072 0.6842
vn -0.5785 0.0035 0.8157
vn -0.6653 0.0030 0.7465
vn 0.1847 -0.3082 -0.9332
vn -0.6775 -0.0206 0.7352
vn 0.4013 -0.7692 -0.4972
vn -0.7932 0.2845 0.5384
vn -0.2921 -0.3984 0.8695
vn -0.2842 0.1692 -0.9437
vn -0.1785 0.2018 -0.9630
vn -0.9203 -0.1163 -0.3734
vn -0.9200 -0.0917 -0.3810
vn -0.9206 -0.2134 -0.3271
vn -0.9143 -0.1040 -0.3915
vn -0.9172 -0.0086 0.3984
vn -0.8227 -0.0073 0.5685
vn -0.8623 -0.0067 0.5064
vn -0.9346 -0.0080 0.3557
vn -0.9922 -0.1233 0.0207
vn -0.9862 -0.1620 -0.0350
vn -0.9886 0.1504 0.0083
vn 0.3093 0.6892 -0.6553
vn 0.9827 -0.0486 -0.1785
vn -0.9095 -0.3373 0.2430
vn -0.9784 -0.2061 -0.0176
vn -0.8838 -0.3056 -0.3543
vn -0.9109 -0.1799 -0.3713
vn -0.9979 0.0630 0.0138
vn -0.9652 -0.2392 0.1062
vn -0.9461 0.2583 0.1953
vn -0.9741 0.2090 0.0869
vn -0.9741 0.2080 0.0889
vn 0.2329 -0.3802 0.8951
vn 0.6451 0.6122 0.4573
vn -0.3025 0.6746 0.6734
vn 0.7709 0.2418 0.5893
vn -0.3292 0.6935 0.6409
vn -0.1592 -0.0463 0.9862
vn 0.8322 0.2797 0.4788
vn 0.2119 -0.6062 0.7665
vn 0.2324 -0.5805 0.7804
vn -0.0167 -0.0055 -0.9998
vn -0.9520 0.1583 0.2618
vn -0.9524 0.1559 0.2620
vn -0.9468 0.1699 0.2734
vn -0.8172 0.5247 -0.2384
vn -0.8107 0.5384 -0.2302
vn -0.8178 0.5231 -0.2401
vn -0.8274 0.5185 -0.2157
vn -0.8189 0.5332 -0.2125
vn -0.6517 0.1642 0.7405
vn -0.6500 0.1654 0.7417
vn -0.6835 0.7299 -0.0129
vn -0.6821 0.7311 -0.0145
vn -0.2541 -0.2035 0.9455
vn -0.3826 -0.8866 0.2597
vn -0.8381 -0.5040 -0.2088
vn -0.5108 -0.5278 -0.6786
vn -0.3962 -0.6113 -0.6851
vn -0.4498 -0.6385 -0.6245
vn -0.4721 -0.4807 -0.7390
vn -0.3928 -0.6616 -0.6388
vn -0.8590 -0.4868 -0.1585
vn -0.8336 -0.4850 -0.2644
vn -0.4237 0.8898 0.1696
vn -0.1992 0.0284 -0.9795
vn -0.3438 0.0465 -0.9379
vn -0.1603 -0.0095 0.9870
vn -0.3984 0.9026 0.1633
vn -0.3500 0.0408 0.9359
vn -0.0502 0.0831 -0.9953
vn -0.7421 0.4754 -0.4726
vn -0.7893 0.5557 -0.2610
vn -0.8081 0.5422 -0.2302
vn -0.2402 -0.8226 0.5154
vn -0.2222 -0.8035 0.5522
vn -0.9893 -0.0467 0.1379
vn -0.5771 -0.4984 0.6470
vn -0.5396 -0.5135 0.6672
vn -0.2593 -0.5193 0.8143
vn -0.8126 -0.5819 0.0327
vn -0.5380 -0.6632 0.5203
vn -0.5622 -0.6289 0.5370
vn -0.4185 -0.7428 0.5226
vn -0.2759 -0.9599 -0.0492
vn -0.4067 -0.7828 0.4711
vn -0.0302 -0.7161 -0.6974
vn -0.4343 -0.7070 -0.5581
vn -0.3918 -0.5695 -0.7226
vn -0.0390 -0.6415 -0.7661
vn -0.1968 -0.9479 0.2507
vn -0.0257 -0.9758 0.2170
vn -0.9489 -0.1612 0.2713
vn -0.8598 -0.3105 0.4054
vn -0.7620 0.5903 -0.2664
vn -0.7070 0.7070 0.0193
vn -0.7969 0.5887 -0.1352
vn -0.8647 0.2462 -0.4379
vn -0.9455 -0.1229 0.3016
vn -0.9793 0.1983 -0.0403
vn -0.9792 -0.1983 -0.0436
vn -0.9760 -0.1356 -0.1704
vn -0.7495 -0.5685 0.3391
vn -0.2849 -0.6240 -0.7276
vn -0.5217 -0.6571 -0.5441
vn -0.5146 -0.5178 -0.6835
vn -0.7032 -0.6214 -0.3455
vn -0.4050 -0.8652 -0.2955
vn -0.8074 -0.1668 0.5659
vn -0.9000 -0.0923 0.4260
vn -0.8088 -0.2990 -0.5063
vn -0.0083 0.3890 0.9212
vn -0.0095 0.2156 -0.9764
vn -0.8369 -0.1297 0.5317
vn -0.9815 -0.0768 -0.1751
vn -0.9946 0.1028 -0.0155
vn -0.9776 -0.2090 -0.0264
vn -0.9832 -0.1772 -0.0442
vn -0.9936 -0.0796 -0.0808
vn -0.9260 0.2164 0.3094
vn 0.2957 0.5389 0.7888
vn -0.4015 -0.6077 0.6852
vn 0.1858 0.6063 0.7732
vn -0.6518 -0.0594 -0.7560
vn -0.2903 0.5894 0.7539
vn -0.0335 0.6024 0.7975
vn -0.2884 0.7027 0.6505
vn -0.0315 0.2541 -0.9667
vn -0.6882 -0.2051 0.6959
vn -0.8400 -0.1063 0.5321
vn -0.9121 0.4099 0.0079
vn -0.3312 -0.1037 0.9378
vn 0.0563 -0.4858 0.8723
vn 0.4789 0.7360 0.4785
vn -0.0227 0.7446 0.6672
vn -0.0068 0.8538 0.5206
vn -0.7181 -0.2681 -0.6423
vn -0.0092 0.8793 0.4761
vn 0.2631 0.8113 -0.5220
vn 0.5630 0.7482 -0.3510
vn 0.5032 0.7788 -0.3745
vn -0.9858 0.1628 0.0407
vn -0.9408 0.3230 0.1031
vn 0.0119 0.7825 0.6226
vn -0.1275 0.8362 0.5335
vn -0.0868 0.9147 -0.3946
vn -0.2401 0.1258 0.9626
vn -0.1813 0.0395 0.9826
vn -0.3704 0.5040 0.7803
vn 0.2117 0.5306 0.8208
vn 0.2454 0.2188 0.9444
vn 0.4868 0.4106 0.7710
vn -0.0282 0.2541 -0.9668
vn -0.6996 -0.0983 0.7078
vn -0.9151 -0.1615 0.3694
vn -0.8321 0.3787 0.4052
vn -0.3731 -0.0953 0.9229
vn -0.6753 0.0630 0.7349
vn 0.4249 0.6779 -0.5999
vn 0.4958 0.5846 -0.6422
vn 0.5281 0.6455 -0.5517
vn -0.1885 0.3803 0.9054
vn -0.0858 0.4075 0.9092
vn 0.1271 0.4742 0.8712
vn 0.9940 0.0156 -0.1087
vn 0.8849 0.3994 -0.2399
vn 0.6136 0.7633 -0.2021
vn 0.6365 0.7161 -0.2865
vn 0.9748 -0.1738 0.1401
vn 0.6713 0.7355 0.0911
vn 0.9436 -0.2017 0.2627
vn 0.4264 0.8717 -0.2416
vn -0.3209 -0.2360 0.9172
vn -0.2805 -0.2471 0.9275
vn 0.5712 0.5674 -0.5931
vn 0.4834 0.6427 -0.5944
vn 0.5442 0.5842 -0.6021
vn 0.9272 0.0359 0.3728
vn 0.9404 0.1057 0.3231
vn 0.9740 0.2155 0.0706
vn 0.1643 0.3019 0.9391
vn 0.9750 -0.0582 0.2146
vn 0.9803 0.0275 0.1954
vn -0.0199 0.6559 0.7546
vn 0.9620 -0.2450 0.1209
vn 0.9631 -0.2414 0.1192
vn 0.9485 -0.2404 0.2064
vn 0.9635 -0.2622 0.0545
vn 0.9643 -0.2588 0.0567
vn 0.9845 -0.1671 -0.0534
vn 0.9848 -0.1663 -0.0494
vn 0.9893 0.0016 -0.1460
vn 0.9859 0.0881 -0.1423
vn 0.9320 0.0159 -0.3621
vn 0.9299 0.1021 -0.3534
vn 0.9997 0.0063 0.0217
vn 0.9955 0.0927 0.0177
vn 0.9950 -0.0100 -0.0997
vn 0.9969 0.0611 -0.0503
vn 0.9150 -0.4023 -0.0292
vn 0.9149 -0.4029 -0.0252
vn 0.9895 -0.1029 -0.1014
vn 0.9324 -0.2634 0.2474
vn 0.9883 -0.0165 0.1516
vn 0.8981 -0.0192 0.4394
vn 0.9545 -0.0191 0.2977
vn 0.9897 -0.0151 0.1425
vn 0.9838 -0.0157 0.1786
vn 0.9812 -0.0138 0.1923
vn 0.9829 -0.0136 0.1835
vn 0.9817 -0.0161 0.1899
vn 0.3594 -0.3789 0.8528
vn 0.9885 -0.0131 0.1508
vn 0.9775 -0.0136 0.2103
vn 0.9806 -0.0135 0.1957
vn 0.9722 -0.0146 0.2337
vn 0.9475 -0.0053 0.3197
vn 0.9280 -0.0064 0.3726
vn 0.9013 -0.0049 0.4332
vn 0.9125 -0.0046 0.4091
vn 0.9643 0.0318 -0.2630
vn 0.8696 0.4937 -0.0048
vn 0.8649 0.5020 0.0046
vn 0.8555 0.5178 -0.0022
vn 0.4680 0.8835 -0.0183
vn 0.8579 0.5137 0.0119
vn 0.9340 0.1485 0.3250
vn 0.9328 0.3495 -0.0881
vn 0.1363 0.7609 -0.6344
vn 0.9692 0.0355 -0.2436
vn 0.5777 0.3919 -0.7160
vn 0.9957 0.0201 -0.0900
vn 0.9984 0.0070 0.0556
vn 0.2758 0.5135 -0.8126
vn 0.9981 0.0498 -0.0359
vn 0.9910 0.1284 0.0384
vn 0.8924 0.1866 -0.4109
vn 0.9071 0.0792 -0.4134
vn 0.7718 0.1168 -0.6250
vn 0.7721 0.1084 -0.6262
vn 0.8896 0.0828 -0.4492
vn 0.8930 0.0851 -0.4418
vn 0.6749 0.1124 -0.7293
vn 0.6185 0.1267 -0.7755
vn 0.6193 0.1183 -0.7762
vn 0.5597 0.1173 -0.8203
vn -0.4265 0.6516 0.6273
vn 0.8615 0.4863 0.1461
vn 0.8572 0.4936 0.1465
vn -0.3813 0.5228 0.7624
vn 0.8970 0.1297 0.4226
vn 0.9200 0.1956 0.3397
vn 0.9354 0.3536 0.0085
vn 0.9579 0.2757 0.0805
vn 0.9748 0.0204 0.2221
vn 0.1375 0.9530 0.2699
vn 0.2795 0.3365 0.8992
vn 0.2884 0.9025 0.3199
vn 0.9942 -0.0847 -0.0669
vn 0.9793 -0.1986 0.0404
vn 0.9942 -0.0972 -0.0450
vn 0.9670 -0.0168 -0.2543
vn 0.9646 -0.0162 -0.2634
vn 0.9334 -0.0108 -0.3586
vn 0.8915 -0.0056 -0.4530
vn 0.9315 -0.0098 -0.3637
vn 0.9849 -0.1663 -0.0482
vn 0.8997 -0.4315 -0.0657
vn 0.9643 -0.2480 -0.0927
vn 0.8966 -0.4349 0.0837
vn 0.8308 -0.1286 -0.5415
vn 0.9295 -0.2840 -0.2352
vn 0.8522 -0.4439 -0.2769
vn 0.8746 -0.0099 -0.4847
vn 0.9078 -0.1730 -0.3821
vn 0.8816 -0.0072 -0.4720
vn 0.8739 0.0324 -0.4849
vn 0.6340 0.5690 -0.5237
vn 0.8636 0.3321 -0.3793
vn 0.9977 -0.0149 -0.0666
vn 0.8699 0.3404 -0.3569
vn 0.8610 0.4807 -0.1661
vn 0.8758 0.4210 -0.2360
vn 0.9942 0.1029 -0.0323
vn 0.8001 0.5978 -0.0496
vn 0.9987 -0.0438 0.0264
vn 0.8084 0.5857 -0.0594
vn 0.9539 -0.0329 0.2982
vn 0.8552 -0.0405 0.5167
vn 0.9866 0.0983 0.1302
vn 0.9353 0.2654 0.2342
vn 0.8741 -0.1076 0.4737
vn 0.8089 -0.1185 0.5759
vn 0.8144 0.1006 0.5715
vn 0.9932 -0.0457 0.1072
vn 0.8316 -0.1837 0.5241
vn 0.8626 -0.1147 0.4926
vn 0.8270 -0.1515 0.5414
vn 0.9985 -0.0394 0.0381
vn 0.9210 -0.3220 0.2193
vn 0.9178 -0.3334 0.2156
vn 0.9777 -0.2079 -0.0298
vn 0.9851 -0.1647 -0.0504
vn 0.9872 -0.0130 0.1592
vn 0.9838 -0.0820 0.1592
vn 0.9499 -0.0195 0.3118
vn 0.9935 -0.0367 0.1075
vn 0.9887 -0.1037 0.1078
vn 0.9952 -0.0956 -0.0226
vn 0.9649 0.2626 0.0060
vn 0.9648 0.2611 -0.0315
vn 0.9578 0.2873 -0.0027
vn 0.9429 0.3138 0.1117
vn 0.9420 0.3220 0.0945
vn 0.9796 0.1871 0.0733
vn 0.9836 0.1786 0.0235
vn 0.9791 0.2032 0.0030
vn 0.9917 0.1112 -0.0653
vn 0.9956 0.0842 -0.0406
vn -0.0260 0.3824 -0.9236
vn -0.0198 0.3342 -0.9423
vn 0.5322 0.6787 -0.5061
vn 0.4786 0.7430 -0.4678
vn 0.3831 0.7864 -0.4846
vn 0.5386 0.6764 -0.5024
vn 0.1126 0.8818 0.4580
vn -0.2937 0.7434 0.6009
vn -0.2834 0.9449 0.1638
vn -0.1239 0.7897 0.6008
vn -0.1817 0.6732 0.7168
vn -0.0322 0.4530 -0.8909
vn -0.0916 -0.2971 0.9504
vn -0.2280 -0.2433 0.9428
vn -0.0933 -0.3461 0.9335
vn 0.4369 0.7883 -0.4332
vn -0.5506 0.8143 -0.1836
vn 0.0623 -0.7621 -0.6445
vn -0.8218 -0.5680 -0.0445
vn 0.1539 0.3053 0.9397
vn 0.3334 -0.1534 -0.9302
vn -0.2195 0.7354 -0.6411
vn -0.2008 0.8856 0.4188
vn -0.5877 0.7956 0.1469
vn 0.2596 -0.5738 0.7767
vn 0.6245 -0.7459 -0.2315
vn -0.0736 -0.8341 0.5466
vn -0.0326 0.5280 -0.8486
vn -0.0280 0.4853 -0.8739
vn -0.0454 0.5420 -0.8391
vn 0.0159 -0.4209 0.9070
vn -0.0196 -0.3429 0.9392
vn -0.0186 -0.3808 0.9245
vn -0.0164 0.6598 -0.7512
vn 0.0160 -0.4218 0.9066
vn -0.0184 0.6571 -0.7536
vn -0.4074 -0.8184 -0.4054
vn -0.2196 -0.9299 -0.2949
vn -0.1733 -0.9846 -0.0209
vn -0.0142 -0.8110 -0.5849
vn -0.1718 -0.9830 0.0650
vn -0.3403 -0.9382 0.0628
vn -0.2214 -0.9724 0.0740
vn -0.0763 -0.9469 0.3124
vn -0.0711 -0.8814 0.4669
vn 0.0016 -0.9120 -0.4102
vn -0.0150 -0.8652 -0.5012
vn 0.0034 -0.8733 -0.4872
vn 0.0021 -0.8683 -0.4961
vn 0.0033 -0.8959 -0.4442
vn -0.0304 -0.9164 0.3992
vn -0.0370 -0.8346 0.5497
vn -0.0265 -0.8130 0.5817
vn -0.0061 -0.8888 0.4582
vn -0.0057 -0.8590 0.5120
vn 0.0170 -0.7760 0.6305
vn 0.0180 -0.7805 0.6249
vn -0.0206 -0.8267 -0.5623
vn -0.0175 -0.7205 -0.6933
vn -0.0170 -0.7212 -0.6926
vn -0.3893 -0.9057 0.1679
vn -0.8916 -0.4382 0.1140
vn -0.9862 0.0312 0.1624
vn -0.9776 -0.0171 0.2096
vn -0.6139 -0.7880 0.0470
vn -0.8104 -0.5689 0.1400
vn -0.7308 -0.6733 0.1121
vn -0.4742 -0.8794 0.0420
vn -0.3820 -0.9234 -0.0375
vn -0.8306 -0.5569 -0.0033
vn -0.9841 0.0756 -0.1610
vn -0.9556 -0.2946 -0.0037
vn -0.9796 -0.0390 -0.1969
vn -0.9384 0.2470 -0.2418
vn -0.8964 0.3392 -0.2854
vn -0.9752 0.1995 0.0962
vn -0.6981 0.7085 0.1032
vn -0.7465 0.6595 0.0885
vn -0.7836 0.2588 -0.5648
vn -0.9438 0.2148 -0.2512
vn -0.9515 0.1914 -0.2409
vn -0.8876 0.3041 -0.3460
vn -0.9033 0.1741 -0.3922
vn -0.8990 0.1787 -0.3999
vn -0.9560 0.0601 -0.2873
vn 0.0249 -0.9890 0.1456
vn -0.0667 -0.9976 -0.0163
vn 0.3781 -0.9113 0.1632
vn 0.0130 -0.9923 0.1231
vn 0.0110 -0.9715 0.2366
vn 0.0016 -0.9688 0.2478
vn 0.0992 -0.9660 0.2387
vn 0.1071 -0.9917 -0.0709
vn -0.3141 -0.9062 0.2831
vn 0.9241 -0.3821 0.0084
vn 0.0585 -0.9794 -0.1934
vn 0.9671 -0.2537 -0.0198
vn 0.8071 -0.5878 0.0558
vn 0.8544 -0.2553 -0.4527
vn 0.8445 -0.2082 -0.4934
vn 0.9004 -0.3959 -0.1803
vn 0.6413 -0.7623 -0.0871
vn 0.9658 -0.2572 0.0325
vn 0.9630 -0.2690 -0.0165
vn 0.0249 -0.9897 0.1408
vn 0.1705 -0.9774 -0.1248
vn -0.0023 -0.9989 -0.0466
vn -0.0731 -0.9769 -0.2006
vn 0.0211 -0.6580 0.7528
vn 0.0005 -0.5356 0.8445
vn 0.0040 -0.7262 0.6874
vn -0.1179 -0.6951 -0.7091
vn -0.0177 -0.6919 -0.7218
vn -0.0192 -0.6937 -0.7201
vn -0.0212 -0.6287 -0.7774
vn 0.4134 -0.7370 -0.5347
vn 0.0022 -0.4905 0.8714
vn 0.0028 -0.5219 0.8530
vn -0.0058 -0.5204 0.8539
vn -0.7844 0.3491 0.5127
vn -0.7735 0.3560 0.5243
vn -0.6513 0.3882 0.6520
vn -0.4853 0.3528 0.8000
vn -0.7836 0.4474 0.4310
vn -0.6778 0.7335 0.0513
vn -0.7023 0.4788 0.5267
vn -0.7164 0.4916 0.4951
vn -0.8869 0.4329 -0.1614
vn -0.6010 0.6485 -0.4671
vn -0.0051 -0.3530 0.9356
vn -0.0110 -0.2192 0.9756
vn -0.0130 -0.3893 0.9210
vn -0.7659 0.3144 0.5609
vn -0.8018 -0.0190 0.5973
vn -0.8169 0.2406 0.5242
vn -0.9056 0.1645 0.3909
vn -0.6778 -0.4686 0.5666
vn -0.9535 0.1920 0.2322
vn -0.6854 -0.4585 0.5657
vn -0.8791 -0.0878 0.4684
vn -0.6545 0.3633 0.6630
vn -0.9614 0.0053 0.2752
vn -0.7052 0.4501 0.5478
vn -0.8494 -0.1034 0.5175
vn -0.9304 0.1171 -0.3474
vn -0.8927 0.1454 -0.4266
vn -0.8964 0.1471 -0.4182
vn -0.9185 0.1179 -0.3774
vn -0.7722 0.2600 -0.5798
vn -0.9661 -0.2332 -0.1108
vn -0.9917 0.0266 -0.1256
vn -0.9483 0.0017 -0.3172
vn -0.9775 0.2086 -0.0305
vn -0.8906 0.4131 -0.1904
vn -0.9274 -0.3586 -0.1066
vn -0.9288 0.0782 -0.3623
vn -0.8981 0.0719 -0.4338
vn -0.6509 0.7171 0.2493
vn -0.6755 0.6933 0.2511
vn -0.5471 0.4604 0.6990
vn -0.6490 0.7114 -0.2698
vn -0.3482 0.8793 0.3249
vn -0.3082 0.9203 -0.2410
vn -0.3414 0.9197 -0.1940
vn -0.4485 0.5203 0.7268
vn -0.4115 0.8197 0.3985
vn -0.3837 0.4921 0.7814
vn -0.6246 0.6325 -0.4580
vn -0.2738 0.6523 -0.7068
vn -0.3074 0.7104 -0.6331
vn -0.6362 0.1925 -0.7471
vn -0.2999 0.3810 -0.8746
vn -0.2551 0.3006 -0.9190
vn 0.0001 -0.1375 0.9905
vn -0.0002 -0.1664 0.9861
vn -0.0121 -0.5220 -0.8529
vn -0.9509 0.1732 0.2564
vn 0.1571 -0.9455 -0.2853
vn -0.8399 -0.5154 -0.1698
vn -0.8343 0.2714 0.4798
vn -0.8458 0.2347 0.4792
vn -0.4819 -0.4428 0.7561
vn 0.4497 -0.8276 0.3360
vn -0.8948 0.2541 0.3671
vn -0.8977 0.2714 0.3472
vn -0.8924 -0.0051 -0.4513
vn -0.8797 -0.0152 -0.4752
vn -0.8966 -0.0063 -0.4427
vn -0.6709 -0.0493 0.7399
vn -0.4109 0.2508 0.8765
vn -0.3904 -0.1990 0.8989
vn -0.3998 0.2942 0.8681
vn -0.2957 -0.1181 -0.9479
vn -0.2980 -0.1134 -0.9478
vn 0.0172 -0.1277 0.9917
vn 0.0146 -0.0686 0.9975
vn -0.0619 0.3730 0.9258
vn 0.0098 1.0000 -0.0010
vn -0.0409 -0.0340 0.9986
vn -0.8986 0.2371 0.3692
vn -0.9873 -0.0373 0.1545
vn -0.9925 0.1159 -0.0378
vn -0.8989 0.2702 0.3449
vn -0.8955 -0.0596 -0.4411
vn -0.8990 -0.0129 -0.4378
vn -0.6571 -0.4414 0.6110
vn -0.4845 -0.6010 0.6357
vn -0.2213 -0.4626 0.8585
vn -0.2016 -0.0248 0.9792
vn -0.2353 -0.0953 0.9672
vn -0.2954 -0.4872 -0.8218
vn -0.2944 -0.4900 -0.8205
vn -0.0114 -0.3890 -0.9212
vn -0.0820 -0.9629 0.2572
vn -0.0620 0.3710 -0.9265
vn -0.0424 0.9864 -0.1589
vn -0.0116 -0.4387 -0.8985
vn 0.0836 0.1739 -0.9812
vn -0.0095 0.7935 -0.6084
vn 0.5594 0.7733 -0.2986
vn 0.0202 -0.9612 0.2750
vn 0.6540 0.5634 -0.5049
vn 0.5896 0.0308 0.8071
vn 0.8325 -0.3010 -0.4652
vn 0.8259 -0.2433 -0.5086
vn 0.0444 -0.8286 0.5581
vn -0.8418 0.5341 0.0784
vn -0.9061 0.2308 0.3546
vn -0.8890 -0.0976 -0.4474
vn -0.8958 -0.0722 -0.4386
vn -0.8901 -0.0691 -0.4505
vn -0.9094 -0.0682 -0.4102
vn -0.8877 -0.0762 -0.4540
vn -0.9450 -0.0581 -0.3217
vn -0.9488 -0.0078 -0.3157
vn -0.9481 -0.0053 -0.3179
vn -0.9424 -0.0511 -0.3305
vn -0.2355 -0.6182 0.7499
vn -0.2389 -0.5411 0.8063
vn -0.2826 -0.9139 0.2915
vn -0.2907 -0.7064 0.6453
vn -0.2986 -0.7369 -0.6064
vn -0.2893 -0.7541 -0.5896
vn -0.2949 -0.9315 -0.2129
vn -0.2906 -0.9347 -0.2048
vn 0.0944 0.0600 0.9937
vn -0.3251 0.8579 0.3980
vn -0.6204 0.7261 0.2966
vn -0.5304 -0.0156 -0.8476
vn -0.9439 0.1318 0.3028
vn -0.9408 0.1332 -0.3117
vn -0.9602 0.2209 0.1712
vn -0.5097 -0.2180 0.8323
vn -0.5020 -0.1400 0.8534
vn -0.7952 0.1389 0.5902
vn -0.6815 -0.0950 0.7256
vn -0.7524 0.1962 0.6288
vn -0.3922 0.8478 0.3569
vn -0.3106 -0.1781 0.9337
vn -0.2532 -0.2354 0.9383
vn -0.3814 0.8568 0.3470
vn -0.4951 0.1389 0.8577
vn -0.4699 -0.0273 -0.8823
vn -0.4824 -0.0175 -0.8758
vn -0.8875 -0.0335 -0.4597
vn -0.9134 -0.0412 -0.4050
vn -0.8844 -0.0421 -0.4649
vn -0.9431 -0.0419 -0.3298
vn -0.9423 -0.0509 -0.3309
vn -0.2965 -0.9184 0.2619
vn 0.0981 0.2689 0.9582
vn 0.1002 0.0675 0.9927
vn 0.1277 0.2452 0.9610
vn 0.1256 0.5631 0.8168
vn -0.0027 -0.2855 -0.9584
vn 0.0060 -0.3794 -0.9252
vn -0.0094 0.9949 0.1000
vn 0.0092 -0.4325 -0.9016
vn -0.0013 0.9699 0.2436
vn 0.7719 -0.3460 -0.5333
vn 0.9269 0.3689 0.0685
vn 0.3402 0.2545 0.9052
vn 0.4203 0.5136 0.7480
vn 0.7720 -0.3439 -0.5345
vn 0.4290 -0.4542 0.7808
vn 0.7421 -0.4525 -0.4945
vn 0.6912 -0.6879 -0.2215
vn 0.6933 -0.5954 -0.4060
vn 0.0039 -0.9191 0.3941
vn 0.0372 -0.9984 0.0422
vn -0.0696 -0.9804 -0.1843
vn 0.5474 -0.2170 -0.8083
vn -0.7528 0.2213 0.6199
vn -0.9322 -0.2281 0.2809
vn -0.3287 0.2048 0.9220
vn -0.8277 0.0036 0.5612
vn -0.7700 -0.2828 0.5719
vn -0.9223 0.2815 0.2649
vn 0.0013 0.4802 0.8772
vn -0.5556 -0.7099 0.4328
vn -0.5046 0.7585 0.4125
vn 0.3620 -0.6792 -0.6384
vn -0.9145 -0.0405 -0.4026
vn -0.8833 -0.0933 -0.4595
vn -0.9344 -0.0535 -0.3523
vn -0.8826 -0.0943 -0.4605
vn -0.8879 -0.0972 -0.4496
vn -0.8969 0.0845 -0.4342
vn 0.1291 0.0139 0.9915
vn 0.1286 0.2480 0.9602
vn -0.4727 -0.7649 0.4377
vn 0.3285 0.0266 0.9441
vn -0.8577 -0.1247 0.4987
vn -0.9634 0.0564 0.2622
vn 0.6047 0.0467 -0.7951
vn -0.1426 0.5929 0.7926
vn 0.4277 -0.9015 -0.0661
vn 0.6383 -0.0171 0.7696
vn 0.3698 -0.9214 -0.1195
vn 0.7450 -0.0902 -0.6610
vn -0.8990 0.0286 0.4370
vn -0.1668 0.6159 0.7700
vn -0.4955 -0.3745 -0.7838
vn -0.9945 0.0866 0.0587
vn -0.4057 -0.7689 -0.4941
vn -0.8621 -0.3307 0.3840
vn -0.8601 -0.0771 -0.5042
vn -0.8606 -0.0272 -0.5085
vn 0.1135 0.0053 0.9935
vn 0.9803 -0.0066 0.1976
vn -0.0248 0.7653 0.6432
vn 0.9788 -0.0815 0.1881
vn 0.9963 0.0312 0.0807
vn 0.9613 -0.1053 0.2544
vn 0.9595 0.1083 0.2601
vn 0.9546 0.1765 0.2398
vn 0.9862 -0.0076 0.1652
vn 0.9758 0.0207 0.2177
vn 0.9951 -0.0215 0.0966
vn 0.9673 0.0711 0.2435
vn -0.0017 -0.2239 -0.9746
vn -0.8206 0.4773 0.3142
vn -0.9213 0.2836 0.2659
vn -0.8733 0.3847 0.2990
vn -0.4428 0.4983 0.7454
vn -0.9216 0.2837 0.2649
vn -0.4225 0.8923 -0.1589
vn -0.1782 0.9388 -0.2947
vn 0.3167 0.2111 -0.9247
vn -0.6468 0.4532 0.6135
vn -0.8594 -0.1480 -0.4893
vn -0.8661 -0.1134 -0.4868
vn -0.8591 -0.1420 -0.4918
vn -0.8457 -0.1606 -0.5089
vn -0.6682 -0.1034 -0.7368
vn -0.7958 -0.0490 -0.6036
vn -0.8906 -0.0169 -0.4545
vn -0.8848 -0.1169 -0.4511
vn -0.8427 -0.1244 -0.5238
vn -0.8689 -0.1812 -0.4606
vn -0.8383 -0.1393 -0.5271
vn 0.2175 -0.4995 -0.8386
vn -0.4810 0.1774 0.8586
vn 0.2527 -0.5754 -0.7778
vn -0.5650 0.3137 0.7631
vn -0.5912 0.3368 0.7329
vn -0.9067 0.3268 0.2666
vn -0.8441 0.5361 -0.0036
vn 0.6310 -0.7077 0.3179
vn -0.8630 -0.1549 -0.4809
vn -0.8403 -0.1499 -0.5209
vn -0.8456 -0.1441 -0.5141
vn -0.8454 -0.1473 -0.5135
vn -0.8790 -0.0838 -0.4694
vn -0.7014 0.5215 0.4858
vn -0.5985 0.5591 0.5738
vn -0.5716 0.5955 0.5645
vn -0.0158 -0.0794 0.9967
vn -0.1620 0.9604 -0.2267
vn -0.2069 0.9738 -0.0943
vn -0.8031 -0.2597 -0.5362
vn -0.7861 -0.2646 -0.5586
vn -0.8611 -0.1902 -0.4714
vn -0.0046 -0.1214 -0.9926
vn 0.1043 0.2527 0.9619
vn -0.3106 0.8892 0.3360
vn -0.1873 -0.9809 -0.0517
vn 0.5709 0.8185 -0.0646
vn -0.7353 -0.4848 0.4736
vn -0.7519 -0.4536 0.4784
vn 0.0630 0.3096 0.9488
vn 0.0115 -0.8754 -0.4832
vn -0.0975 -0.9932 -0.0632
vn -0.0007 0.0615 0.9981
vn -0.5117 -0.8516 -0.1137
vn -0.4805 0.8755 0.0517
vn -0.0878 -0.9939 -0.0664
vn 0.5216 -0.1288 -0.8434
vn -0.7399 0.0729 0.6687
vn 0.5275 -0.8493 -0.0193
vn 0.1334 -0.9791 0.1537
vn -0.4054 0.8969 -0.1768
vn -0.0735 0.9366 -0.3425
vn -0.3167 0.9354 -0.1574
vn 0.1191 -0.9921 -0.0401
vn -0.2355 0.9661 -0.1053
vn -0.0979 0.9875 -0.1233
vn -0.1941 -0.5521 0.8109
vn -0.1812 -0.5258 0.8311
vn -0.6478 0.0659 0.7590
vn -0.6203 0.0641 0.7817
vn -0.6990 0.6913 -0.1832
vn -0.1893 -0.5774 0.7942
vn -0.7424 -0.4075 -0.5318
vn -0.6857 -0.3556 -0.6351
vn 0.2851 0.9466 0.1506
vn 0.2348 0.9632 0.1306
vn 0.0590 0.9131 0.4034
vn 0.1942 0.9721 0.1316
vn 0.1970 0.9728 0.1221
vn 0.1944 0.7978 0.5708
vn 0.0266 0.9930 -0.1148
vn 0.5765 0.0843 -0.8127
vn 0.4655 0.1129 -0.8778
vn 0.1557 0.4357 -0.8865
vn -0.0043 0.6789 -0.7342
vn 0.3209 0.0686 0.9446
vn 0.0819 0.3585 0.9299
vn 0.1818 0.8075 -0.5612
vn 0.1672 0.8934 -0.4170
vn -0.0233 0.9382 0.3453
vn -0.3218 0.3852 -0.8649
vn -0.1854 0.9780 0.0952
vn -0.2977 0.3242 -0.8979
vn -0.0142 0.0109 0.9998
vn -0.2373 -0.6398 0.7310
vn -0.6072 -0.6963 -0.3828
vn -0.6473 -0.3501 -0.6770
vn -0.4915 -0.7953 -0.3549
vn -0.6082 -0.3097 -0.7308
vn 0.3040 0.0579 0.9509
vn 0.1988 0.0567 0.9784
vn 0.2130 0.5757 0.7894
vn 0.1939 0.4542 0.8696
vn 0.1715 -0.2296 0.9581
vn 0.5362 -0.8240 0.1832
vn 0.4851 -0.8510 0.2011
vn 0.2414 -0.8251 0.5108
vn 0.1637 -0.7363 0.6565
vn 0.2133 0.1177 0.9699
vn 0.2318 -0.3779 0.8963
vn 0.0307 -0.2215 -0.9747
vn 0.2399 -0.0005 -0.9708
vn 0.1074 -0.2597 -0.9597
vn 0.2386 -0.4631 -0.8536
vn -0.0873 -0.9902 -0.1091
vn 0.1493 0.0712 -0.9862
vn -0.3001 -0.9389 0.1688
vn -0.3420 -0.9032 0.2593
vn -0.1907 -0.3279 0.9253
vn -0.9998 0.0125 0.0144
vn -0.9919 0.1066 0.0688
vn -0.0091 0.2154 0.9765
vn -0.5593 -0.7705 -0.3059
vn -0.7645 -0.5754 0.2906
vn -0.7846 -0.5385 0.3073
vn -0.6089 -0.6381 0.4712
vn -0.6076 -0.6110 0.5074
vn -0.5605 -0.6870 0.4626
vn -0.5285 -0.6901 0.4944
vn -0.1943 0.9596 0.2035
vn -0.4607 -0.8473 -0.2643
vn -0.5850 -0.7909 -0.1794
vn -0.3706 -0.3354 -0.8661
vn -0.8689 -0.4836 -0.1058
vn -0.0519 -0.7867 0.6152
vn -0.8396 -0.5431 -0.0058
vn -0.9570 0.0317 0.2884
vn -0.2225 -0.3283 0.9180
vn 0.2426 -0.1368 -0.9604
vn 0.9945 -0.0094 0.1043
vn 0.5126 0.8500 0.1212
vn 0.9960 0.0329 -0.0829
vn 0.5379 0.1197 0.8345
vn 0.4413 0.8642 0.2418
vn 0.4673 0.7506 0.4672
vn 0.9998 -0.0130 -0.0182
vn 0.4236 0.9056 -0.0203
vn 0.9996 -0.0118 -0.0243
vn 0.5049 0.8555 -0.1152
vn 0.9986 -0.0143 -0.0505
vn 0.6356 0.5491 -0.5426
vn 0.9945 -0.0418 0.0960
vn 0.9957 -0.0137 -0.0917
vn 0.3965 0.8185 -0.4158
vn 0.5081 0.6274 -0.5900
vn 0.9519 0.1417 -0.2718
vn 0.6965 0.4450 -0.5629
vn 1.0000 -0.0016 0.0096
vn 0.9841 -0.0553 0.1688
vn 0.9996 -0.0135 -0.0232
vn 0.5075 0.4988 -0.7026
vn 0.4100 0.8005 -0.4372
vn 0.5166 0.6215 -0.5889
vn 0.9074 0.0397 -0.4183
vn 0.9618 0.1414 -0.2345
vn 0.5565 0.4180 -0.7180
vn 0.6254 0.6400 -0.4465
vn 0.6574 0.4756 -0.5845
vn 0.4488 0.7925 -0.4130
vn 0.5663 0.6027 -0.5621
vn -0.0118 -0.0924 -0.9957
vn 0.9705 0.0025 0.2411
vn -0.0740 -0.9204 -0.3839
vn 0.8579 0.3086 -0.4109
vn 0.9352 0.2856 -0.2094
vn 0.3329 -0.1990 -0.9217
vn 0.1059 -0.9937 0.0367
vn 0.9136 0.3578 0.1934
vn 0.6183 -0.4652 -0.6335
vn 0.6237 -0.5599 -0.5455
vn 0.3555 -0.9306 -0.0871
vn 0.1568 -0.0588 -0.9859
vn 0.5593 -0.7557 -0.3409
vn 0.5671 -0.7233 -0.3940
vn 0.8229 -0.4626 0.3300
vn 0.0012 -0.9265 0.3763
vn 0.1593 -0.5579 0.8145
vn 0.1418 -0.9769 0.1600
vn 0.8515 -0.3938 0.3462
vn 0.3206 -0.8310 0.4547
vn 0.3237 -0.7635 0.5589
vn 0.2692 -0.5271 0.8060
vn 0.2825 -0.7962 0.5350
vn 0.8746 -0.3139 0.3696
vn 0.3994 -0.7725 0.4937
vn 0.9976 -0.0172 0.0677
vn 0.3701 -0.6367 0.6765
vn 0.3318 -0.4485 0.8299
vn 0.3408 -0.7369 0.5837
vn 0.9163 -0.2464 0.3156
vn 0.4767 -0.7485 0.4610
vn 0.9962 -0.0055 0.0865
vn 0.9942 -0.0166 0.1064
vn 0.4698 -0.6150 0.6333
vn 0.3315 -0.4169 0.8463
vn 0.3295 -0.6485 0.6862
vn 0.9820 -0.0223 0.1875
vn 0.3498 -0.8208 0.4517
vn 0.9857 -0.0049 0.1683
vn 0.4056 -0.5201 0.7517
vn 0.2180 -0.0535 0.9745
vn 0.2866 -0.6836 0.6712
vn 0.5876 0.7459 0.3137
vn 0.2133 0.4588 0.8625
vn 0.4966 -0.5824 0.6436
vn 0.7119 0.6801 0.1750
vn 0.5584 0.6233 0.5474
vn 0.3944 0.6690 -0.6300
vn 0.2384 -0.9682 0.0763
vn 0.1317 -0.9575 -0.2566
vn 0.2165 -0.8835 -0.4154
vn 0.2100 -0.9723 0.1023
vn 0.4305 0.6277 -0.6486
vn 0.2355 0.7183 -0.6546
vn 0.4347 0.6336 -0.6401
vn 0.3644 -0.4007 -0.8406
vn 0.2840 -0.2215 -0.9329
vn 0.3309 -0.5996 0.7286
vn -0.0221 -0.1206 -0.9925
vn 0.1147 0.0478 -0.9922
vn 0.3777 0.4934 -0.7836
vn -0.7189 0.2694 0.6408
vn 0.5981 0.5639 0.5694
vn 0.0485 0.9647 0.2590
vn 0.9779 -0.1067 0.1799
vn -0.0189 0.2613 -0.9651
vn 0.1042 0.2394 -0.9653
vn 0.2363 0.1365 -0.9620
vn -0.0366 0.5901 -0.8065
vn -0.0167 0.5399 -0.8416
vn -0.0641 0.3244 -0.9437
vn 0.2936 0.6588 0.6927
vn 0.8945 0.2743 0.3530
vn 0.1078 0.3340 0.9364
vn 0.1509 0.2637 0.9527
vn 0.1640 0.2393 0.9570
vn 0.2884 0.9553 0.0650
vn 0.5151 0.8363 -0.1881
vn 0.2713 0.9606 0.0612
vn 0.1844 0.9822 -0.0346
vn 0.7838 0.4555 0.4221
vn 0.3040 0.8820 -0.3600
vn 0.3734 0.8567 -0.3559
vn 0.3825 0.9124 -0.1455
vn 0.2370 0.9604 -0.1469
vn 0.1376 0.9686 -0.2072
vn 0.5600 0.8004 -0.2138
vn 0.5960 0.7823 -0.1808
vn 0.2815 0.5237 -0.8041
vn 0.2821 0.5236 -0.8039
vn 0.4734 0.6471 -0.5977
vn 0.4910 0.6414 -0.5895
vn 0.2685 0.8512 -0.4510
vn 0.2692 0.8505 -0.4518
vn 0.2694 0.8502 -0.4523
vn 0.6664 -0.5554 -0.4975
vn -0.5685 -0.2840 -0.7721
vn 0.6375 -0.7260 -0.2580
vn -0.6499 -0.7484 -0.1321
vn -0.0055 0.8835 -0.4685
vn -0.0890 0.9492 -0.3018
vn -0.0318 -0.5718 -0.8198
vn -0.0267 0.1710 -0.9849
vn -0.0065 -0.2832 -0.9591
vn -0.0142 0.2429 -0.9699
vn -0.0061 0.1418 -0.9899
vn 0.5451 0.5839 -0.6017
vn 0.3994 0.5733 -0.7154
vn 0.5853 0.5774 -0.5692
vn 0.4832 0.6230 -0.6152
vn 0.3301 0.7843 -0.5253
vn 0.4012 0.6660 -0.6288
vn 0.2704 0.7196 -0.6395
vn 0.4689 -0.8695 -0.1554
vn -0.4781 -0.5654 0.6721
vn 0.5123 0.8490 0.1297
vn 0.8954 -0.2976 -0.3312
vn -0.0469 0.8115 0.5825
vn 0.0489 0.6033 0.7960
vn 0.3175 0.4717 0.8226
vn 0.9040 -0.4181 0.0889
vn 0.3562 -0.5097 -0.7832
vn -0.8347 -0.0625 -0.5471
vn -0.0081 0.9302 -0.3670
vn 0.0446 0.8694 0.4922
vn -0.0071 0.8678 -0.4968
vn 0.1171 0.3690 0.9220
vn 0.4048 0.5607 -0.7224
vn 0.5000 0.6987 -0.5117
vn 0.4000 0.7314 -0.5523
vn 0.3162 0.8046 -0.5025
vn 0.4063 0.6563 -0.6357
vn 0.3184 0.6685 -0.6721
vn 0.2808 0.9532 -0.1124
vn 0.8717 -0.1412 -0.4692
vn 0.0788 0.7599 0.6453
vn 0.1038 0.6261 0.7728
vn 0.3287 0.6653 -0.6704
vn 0.2262 0.8572 -0.4626
vn 0.2405 0.8486 -0.4712
vn 0.3233 0.7328 -0.5987
vn 0.3023 0.6958 -0.6515
vn 0.3118 -0.8368 -0.4501
vn -0.8410 -0.5335 0.0901
vn 0.0889 0.7510 0.6543
vn 0.0450 0.5353 0.8435
vn 0.2068 -0.1400 0.9683
vn 0.8162 -0.5675 -0.1080
vn 0.4161 -0.2918 -0.8612
vn -0.7401 0.2701 -0.6159
vn 0.1992 0.8163 -0.5422
vn 0.0838 0.9311 -0.3550
vn 0.1856 0.8496 -0.4937
vn 0.2296 0.7839 -0.5768
vn 0.0212 0.9428 -0.3327
vn 0.0707 0.8870 -0.4563
vn 0.1274 0.8116 0.5701
vn 0.2641 0.9236 0.2778
vn 0.8720 0.0526 -0.4866
vn 0.1884 0.8813 0.4333
vn 0.1403 0.7621 0.6321
vn -0.0442 0.9503 -0.3083
vn -0.0996 0.9941 -0.0425
vn 0.3704 0.8772 -0.3055
vn 0.6942 -0.0746 -0.7159
vn 0.1117 0.9937 0.0020
vn 0.0764 0.9771 0.1985
vn 0.8551 -0.4168 -0.3085
vn 0.8738 -0.1986 -0.4439
vn 0.8765 -0.3692 -0.3089
vn 0.8865 -0.4595 0.0552
vn 0.8695 -0.4878 0.0780
vn 0.8402 -0.3653 0.4007
vn 0.8276 -0.1513 0.5406
vn 0.9024 -0.2141 0.3739
vn 0.0400 -0.3772 0.9253
vn 0.9082 0.0144 -0.4183
vn 0.9189 -0.1053 -0.3801
vn 0.8778 0.0239 0.4785
vn -0.0368 0.6537 -0.7558
vn 0.0699 0.5928 0.8023
vn 0.0604 0.7984 0.5991
vn 0.9456 0.0473 -0.3217
vn 0.0045 0.8981 -0.4397
vn 0.8709 0.4864 -0.0697
vn 0.9686 0.2307 0.0926
vn -0.0130 -0.8130 -0.5821
vn 0.1419 -0.9186 -0.3689
vn 0.8257 -0.5169 -0.2257
vn 0.8239 -0.5208 -0.2234
vn -0.0225 -0.9185 -0.3948
vn -0.1130 -0.9432 -0.3123
vn 0.1318 -0.8117 -0.5690
vn -0.2322 -0.8849 -0.4037
vn 0.1139 -0.8001 -0.5890
vn -0.1699 -0.9852 -0.0210
vn -0.1327 -0.9904 -0.0381
vn -0.1463 -0.9115 0.3844
vn -0.0347 -0.9289 0.3686
vn -0.1434 -0.9121 0.3841
vn -0.2559 -0.9009 0.3507
vn 0.0440 -0.8550 0.5167
vn 0.3513 -0.8644 0.3596
vn 0.6733 -0.5988 0.4337
vn 0.9280 -0.3108 0.2056
vn 0.3376 -0.7672 0.5454
vn 0.5473 -0.6499 0.5274
vn -0.0134 -0.8247 -0.5654
vn 0.1714 -0.6439 0.7457
vn 0.7359 -0.4763 0.4812
vn 0.0830 -0.6984 -0.7109
vn -0.0174 -0.6263 -0.7794
vn -0.0137 -0.5572 -0.8303
vn 0.6654 -0.0650 0.7436
vn -0.1588 -0.3875 0.9081
vn -0.0563 -0.5083 -0.8593
vn -0.4277 0.0345 -0.9033
vn -0.2829 0.8992 0.3338
vn -0.3749 0.5688 0.7321
vn -0.3427 0.4993 0.7958
vn -0.5683 0.7694 0.2917
vn -0.4998 0.7107 0.4951
vn -0.4656 0.8724 0.1488
vn -0.3828 0.9049 -0.1860
vn -0.5794 0.8040 0.1337
vn 0.0166 0.7326 -0.6805
vn -0.3268 0.9265 0.1868
vn -0.0394 0.3194 -0.9468
vn -0.0006 0.2654 -0.9641
vn 0.9163 0.0448 0.3980
vn -0.9962 -0.0407 -0.0775
vn -0.7215 0.0153 -0.6922
vn -0.9921 -0.0892 -0.0881
vn -0.9812 0.0616 -0.1828
vn -0.3611 0.2917 0.8857
vn -0.2717 0.6484 0.7112
vn -0.1043 -0.1304 -0.9860
vn -0.0332 -0.2425 -0.9696
vn -0.9855 -0.0530 -0.1613
vn -0.6592 -0.3309 -0.6752
vn -0.0693 -0.1084 0.9917
vn -0.3818 -0.5231 0.7619
vn -0.0068 -0.9999 0.0080
vn -0.8048 0.5934 -0.0109
vn -0.8396 -0.5317 -0.1111
vn 0.1610 0.9839 0.0776
vn 0.0313 -0.8175 -0.5751
vn -0.1444 0.0177 0.9894
vn 0.0614 0.7322 -0.6783
vn -0.1116 -0.5148 -0.8500
vn 0.8179 0.0878 0.5686
vn 0.9474 0.0601 0.3142
vn -0.0239 -0.3887 -0.9211
vn -0.0385 -0.3831 -0.9229
vn -0.9945 -0.0903 -0.0535
vn -0.9640 0.1696 -0.2046
vn -0.9899 -0.0156 -0.1412
vn -0.4119 -0.6744 0.6129
vn -0.3823 -0.7099 0.5915
vn -0.4929 -0.8371 0.2371
vn -0.3981 -0.9091 0.1226
vn -0.4239 -0.7185 -0.5514
vn -0.3840 -0.9221 0.0481
vn -0.5179 -0.5803 -0.6285
vn -0.4158 -0.8889 -0.1921
vn -0.9815 0.0261 -0.1895
vn -0.9262 0.2184 -0.3074
vn -0.9681 0.0351 -0.2482
vn -0.5070 -0.8593 -0.0672
vn 0.9822 0.0189 0.1867
vn 0.9786 -0.0919 0.1843
vn 0.9889 0.0612 0.1352
vn -0.0017 -0.2846 -0.9586
vn 0.0128 0.3429 0.9393
vn -0.0000 0.6318 0.7751
vn -0.8982 -0.1555 0.4111
vn 0.7585 0.3553 -0.5463
vn -0.6638 -0.7473 0.0298
vn -0.6535 -0.7489 0.1104
vn -0.7040 -0.7000 0.1197
vn -0.6503 -0.7417 0.1642
vn -0.9448 -0.0424 0.3249
vn -0.4623 0.8292 -0.3144
vn -0.7810 0.6214 -0.0625
vn -0.8267 0.2516 0.5032
vn -0.7379 0.2022 0.6439
vn -0.6276 0.6851 -0.3698
vn -0.6879 -0.0826 -0.7211
vn -0.4853 0.8333 0.2647
vn 0.1307 0.5483 -0.8260
vn -0.2762 0.3694 0.8873
vn 0.0020 -0.2520 -0.9677
vn 0.4667 -0.4992 -0.7301
vn -0.8037 -0.1620 0.5726
vn -0.9779 0.1746 -0.1146
vn 0.5557 -0.7195 -0.4165
vn 0.5601 -0.5176 0.6468
vn -0.8812 -0.3044 0.3617
vn -0.8153 0.1684 -0.5541
vn 0.4471 -0.8089 0.3818
vn -0.2902 -0.9243 0.2479
vn -0.7060 -0.2959 -0.6434
vn -0.6923 -0.3130 -0.6502
vn -0.6762 -0.3916 -0.6241
vn -0.0032 -0.2212 -0.9752
vn -0.6770 -0.2889 -0.6768
vn -0.6143 -0.3276 -0.7179
vn 0.0469 0.0154 0.9988
vn -0.6922 -0.1072 -0.7137
vn -0.7687 0.1497 -0.6218
vn -0.6391 -0.0679 -0.7661
vn -0.3872 -0.0126 -0.9219
vn -0.2584 0.2393 -0.9359
vn -0.5072 0.8490 -0.1480
vn -0.5495 0.7321 -0.4025
vn -0.3864 0.4247 0.8187
vn -0.5351 0.5309 0.6571
vn -0.0942 0.9936 -0.0617
vn 0.0230 0.9486 -0.3156
vn -0.1664 -0.1636 -0.9724
vn 0.0279 0.0409 -0.9988
vn -0.1062 -0.2240 -0.9688
vn 0.1701 -0.1612 -0.9722
vn -0.8268 -0.1333 -0.5465
vn -0.8389 -0.0499 -0.5419
vn -0.6137 -0.1477 -0.7756
vn -0.6046 -0.0658 -0.7938
vn -0.9216 0.2780 0.2710
vn -0.9805 -0.0045 -0.1965
vn -0.9100 0.1523 -0.3857
vn -0.9367 0.3036 0.1742
vn -0.9564 0.2210 -0.1910
vn -0.7158 -0.2024 0.6683
vn -0.7195 -0.0445 0.6930
vn 0.8973 -0.2426 0.3687
vn 0.8155 -0.3212 0.4814
vn -0.4131 -0.3116 0.8557
vn -0.3910 0.1771 0.9032
vn -0.5436 -0.2944 0.7860
vn -0.1482 -0.0565 0.9873
vn -0.2548 0.0606 0.9651
vn -0.0651 0.5210 0.8511
vn -0.2160 0.1694 0.9616
vn 0.2633 0.0609 0.9628
vn -0.1438 0.0648 0.9875
vn 0.3592 0.9293 -0.0861
vn 0.2183 0.9637 -0.1535
vn -0.8026 0.5963 0.0171
vn -0.7627 0.6328 -0.1334
vn -0.4238 -0.5974 -0.6808
vn -0.1500 0.8767 0.4571
vn -0.0007 0.9113 0.4117
vn -0.7534 -0.1575 -0.6384
vn -0.7303 -0.1715 -0.6612
vn -0.4334 -0.2414 -0.8683
vn -0.8103 -0.2922 -0.5080
vn 0.0643 0.4289 0.9010
vn -0.9857 -0.1489 0.0784
vn -0.5207 -0.2813 -0.8061
vn 0.2168 0.2071 0.9540
vn -0.4452 -0.8655 0.2297
vn -0.8153 -0.2712 -0.5116
vn -0.3888 -0.1521 -0.9087
vn -0.5643 -0.7036 0.4318
vn 0.0750 0.8899 0.4500
vn -0.9985 0.0393 -0.0372
vn -0.5715 0.7324 0.3702
vn -0.2461 0.0279 0.9689
vn -0.7423 -0.0312 -0.6693
vn 0.8556 -0.0518 0.5151
vn -0.8210 0.5634 0.0929
vn 0.5310 -0.8021 -0.2732
vn -0.6021 0.2950 0.7419
vn -0.0576 0.6860 -0.7253
vn 0.6899 0.6711 0.2716
vn -0.7756 -0.6133 0.1491
vn -0.9024 0.0606 -0.4267
vn -0.1467 -0.4556 0.8780
vn -0.3192 -0.2307 0.9192
vn 0.0411 0.2978 -0.9537
vn 0.6466 -0.4067 -0.6454
vn -0.2418 0.9344 -0.2617
vn -0.1051 0.9633 -0.2471
vn 0.0135 -0.9947 0.1019
vn -0.4613 -0.7258 -0.5103
vn -0.9978 0.0197 0.0631
vn -0.7216 -0.6871 0.0848
vn -0.9029 -0.1488 0.4032
vn -0.9391 -0.2453 -0.2406
vn -0.1563 -0.9291 0.3351
vn -0.9034 -0.1483 0.4023
vn 0.4080 -0.2038 0.8900
vn -0.3410 -0.8700 0.3562
vn -0.8267 0.1945 0.5280
vn 0.2319 0.2993 0.9255
vn -0.4578 -0.5213 -0.7202
vn -0.9950 0.0993 -0.0140
vn -0.9051 0.3693 0.2107
vn 0.7878 -0.6126 0.0637
vn 0.8620 -0.1267 0.4908
vn 0.1696 -0.9259 -0.3376
vn -0.4586 0.4100 0.7884
vn 0.1260 0.1463 -0.9812
vn 0.2708 -0.7111 0.6489
vn 0.0775 0.7228 0.6867
vn -0.7969 0.0028 0.6041
vn 0.2418 0.6894 0.6828
vn 0.6043 0.7901 0.1033
vn 0.2631 -0.9645 -0.0225
vn -0.2996 0.6786 0.6706
vn 0.5013 -0.3174 0.8049
vn -0.3403 -0.2470 -0.9073
vn -0.7577 0.5654 -0.3258
vn 0.3373 0.9146 0.2232
vn 0.7014 -0.2909 0.6506
vn 0.4337 0.8800 0.1937
vn -0.6003 0.7585 0.2538
vn -0.5530 0.7564 0.3493
vn -0.9740 -0.2245 -0.0288
vn 0.8970 0.3701 -0.2417
vn 0.7022 -0.6923 -0.1663
vn -0.0386 0.9992 -0.0117
vn 0.3667 0.7989 -0.4767
vn -0.3417 -0.9213 0.1857
vn -0.6480 0.4640 -0.6040
vn -0.5684 0.8200 -0.0677
vn 0.0907 -0.7523 -0.6525
vn -0.2612 0.9407 -0.2167
vn -0.3625 0.9082 -0.2094
vn 0.9638 0.2385 0.1189
vn 0.1975 0.8036 0.5615
vn 0.9417 0.3121 0.1257
vn 0.9230 -0.3648 0.1227
vn -0.1522 0.7680 -0.6221
vn 0.9934 0.0714 0.0894
vn 0.9680 -0.2222 0.1163
vn -0.1814 0.1326 0.9744
vn 0.0855 0.9635 0.2535
vn -0.3029 -0.5126 -0.8034
vn 0.7367 -0.5112 0.4427
vn 0.8904 0.4113 -0.1951
vn -0.1624 -0.6476 0.7445
vn -0.3429 -0.8126 0.4713
vn -0.3674 -0.8643 -0.3435
vn -0.5347 -0.8380 0.1094
vn -0.8986 -0.4360 -0.0491
vn -0.6722 -0.7260 -0.1454
vn -0.3372 -0.9369 -0.0918
vn -0.6151 -0.7094 0.3443
vn -0.1217 -0.8225 0.5556
vn -0.9404 0.0431 -0.3375
vn 0.2852 -0.1732 -0.9427
vn -0.8381 -0.3508 -0.4178
vn -0.0934 -0.1522 0.9839
vn -0.0530 -0.1469 0.9877
vn -0.0129 -0.0934 0.9955
vn -0.0449 -0.0679 0.9967
vn 0.0240 -0.9326 0.3600
vn -0.9541 -0.2667 -0.1366
vn -0.9898 0.1423 -0.0038
vn 0.8698 -0.4760 0.1299
vn 0.9200 0.3920 -0.0042
vn 0.9067 0.1815 -0.3807
vn -0.8596 -0.4932 0.1335
vn -0.7461 -0.3929 0.5375
vn -0.9384 -0.3344 -0.0869
vn -0.8921 -0.3153 -0.3237
vn -0.4149 -0.9098 0.0127
vn -0.5376 -0.8304 0.1464
vn -0.8603 -0.4836 -0.1615
vn -0.4630 -0.3921 -0.7949
vn 0.0810 -0.5380 -0.8390
vn 0.6459 -0.7634 -0.0051
vn -0.8479 -0.3436 -0.4037
vn -0.6235 -0.7198 0.3052
vn -0.7982 -0.5554 0.2332
vn -0.8593 -0.3291 0.3916
vn 0.3915 0.1209 -0.9122
vn -0.9394 -0.3415 -0.0305
vn 0.5196 0.6228 0.5850
vn -0.9298 -0.0732 -0.3608
vn -0.8391 0.5274 -0.1333
vn -0.8859 0.0939 0.4544
vn -0.8801 -0.3985 0.2581
vn -0.7709 -0.3712 0.5176
vn -0.4584 0.8521 0.2525
vn -0.3991 -0.8451 -0.3557
vn -0.7570 -0.6433 -0.1148
vn 0.8309 0.2489 0.4976
vn 0.9055 0.0657 0.4193
vn 0.9634 -0.1244 0.2374
vn 0.2357 0.6597 -0.7136
vn 0.2381 0.0691 -0.9688
vn 0.2320 0.0811 -0.9693
vn 0.1613 0.7836 -0.5999
vn -0.9919 -0.0949 -0.0848
vn 0.6527 0.0343 0.7569
vn 0.3508 0.8954 0.2743
vn -0.9203 -0.3826 -0.0821
vn 0.4265 -0.0275 0.9040
vn -0.9287 -0.3608 -0.0854
vn 0.2629 0.3774 0.8880
vn 0.3653 0.8976 0.2469
vn 0.1384 0.9801 -0.1420
vn 0.3088 0.8852 -0.3479
vn 0.5423 0.8330 0.1093
vn 0.5290 0.7253 0.4405
vn 0.1087 0.7270 -0.6780
vn 0.1342 0.7149 -0.6862
vn 0.0687 0.7309 -0.6791
vn 0.1440 0.7222 -0.6765
vn 0.1985 -0.5472 0.8131
vn -0.1873 -0.5922 0.7837
vn 0.8573 -0.3027 0.4163
vn 0.8535 -0.2782 0.4407
vn 0.2506 -0.4666 -0.8482
vn 0.2481 -0.4615 -0.8518
vn -0.0023 0.0964 -0.9953
vn -0.6380 0.0997 0.7635
vn 0.0481 0.1122 0.9925
vn 0.5053 0.6512 0.5663
vn 0.4852 -0.1143 0.8669
vn -0.2443 -0.2986 0.9226
vn 0.1438 0.7223 -0.6765
vn -0.0163 0.6975 -0.7164
vn -0.1910 0.7572 -0.6246
vn 0.7146 0.5726 -0.4018
vn 0.3365 0.8683 -0.3644
vn 0.4727 0.7858 -0.3988
vn 0.0126 0.6970 -0.7169
vn 0.0173 0.9892 -0.1453
vn -0.1721 0.7312 -0.6601
vn 0.4234 0.6842 -0.5937
vn -0.1244 0.7263 -0.6760
vn 0.4525 0.6657 -0.5934
vn 0.4073 0.7330 -0.5449
vn -0.1623 0.8862 -0.4339
vn -0.1580 0.9638 -0.2147
vn 0.0706 0.6929 -0.7176
vn 0.3552 0.9288 -0.1057
vn 0.3698 0.9208 -0.1236
vn -0.0213 0.9910 -0.1320
vn -0.3946 0.8311 -0.3919
vn -0.3031 0.9309 -0.2041
vn -0.3867 0.7445 -0.5441
vn -0.3284 0.8411 -0.4298
vn -0.3762 0.8587 -0.3479
vn 0.1033 0.6876 -0.7187
vn -0.4708 0.7948 -0.3830
vn -0.0801 0.6687 -0.7392
vn -0.0915 0.9551 -0.2818
vn 0.0387 0.6522 -0.7571
vn -0.2536 0.6606 -0.7066
vn -0.3839 0.8446 -0.3732
vn -0.3289 0.7942 -0.5109
vn -0.3263 0.9172 -0.2287
vn -0.2053 0.7145 -0.6689
vn -0.1236 0.6845 -0.7185
vn -0.0574 0.6670 -0.7428
vn 0.0062 0.6545 -0.7560
vn -0.0926 0.6676 -0.7388
vn -0.3817 0.8957 -0.2279
vn -0.4080 0.7704 -0.4900
vn -0.4963 0.8125 -0.3059
vn -0.4311 0.8871 -0.1647
vn -0.4596 0.8733 -0.1612
vn -0.4394 0.5372 -0.7200
vn -0.6666 0.6249 -0.4063
vn -0.5001 0.6323 -0.5917
vn -0.3835 0.6327 -0.6728
vn -0.4908 0.7212 -0.4889
vn -0.4077 0.4336 -0.8036
vn -0.6577 0.4787 -0.5816
vn -0.4839 0.5291 -0.6970
vn -0.4314 0.1964 -0.8805
vn -0.3428 0.7269 -0.5951
vn -0.4574 0.7918 -0.4048
vn -0.1591 0.6544 -0.7392
vn -0.5009 0.1628 -0.8500
vn -0.6124 0.6602 -0.4350
vn -0.4366 0.2618 -0.8607
vn -0.1984 -0.7037 0.6822
vn -0.6119 -0.1010 -0.7845
vn -0.0440 -0.0483 -0.9979
vn -0.9868 0.0332 -0.1586
vn -0.7100 0.1079 -0.6958
vn 0.4772 -0.3696 0.7973
vn 0.9453 0.2338 -0.2274
vn -0.7151 0.5278 0.4583
vn 0.5508 0.4265 -0.7174
vn -0.2010 0.2922 0.9350
vn -0.9469 -0.2501 -0.2019
vn -0.9066 0.3570 -0.2250
vn 0.8060 -0.5831 0.1022
vn 0.2545 0.1009 0.9618
vn 0.3876 -0.9035 0.1829
vn -0.3135 0.6724 -0.6705
vn 0.3265 0.5446 -0.7725
vn 0.1938 0.0662 0.9788
vn 0.0312 0.7376 -0.6745
vn 0.5297 -0.1495 0.8349
vn -0.6032 0.7659 0.2224
vn 0.9782 -0.0274 -0.2057
vn -0.0965 0.3041 0.9478
vn 0.4531 0.4254 -0.7834
vn -0.0806 0.0226 -0.9965
vn -0.5356 -0.1927 0.8222
vn -0.2919 0.0463 -0.9553
vn -0.7040 0.4200 -0.5727
vn -0.4298 0.2803 -0.8583
vn 0.0221 0.3476 -0.9374
vn -0.7755 -0.6250 0.0899
vn -0.3710 -0.1671 -0.9135
vn -0.6371 0.1457 -0.7569
vn -0.0180 -0.8320 -0.5545
vn 0.0713 0.2746 -0.9589
vn 0.0707 0.3525 -0.9331
vn 0.5627 0.0820 -0.8226
vn 0.2658 0.0360 -0.9634
vn 0.1720 0.1199 -0.9778
vn 0.3076 0.5076 -0.8048
vn 0.2672 -0.0311 -0.9631
vn 0.1953 0.6599 -0.7256
vn 0.6093 0.0773 -0.7892
vn 0.5828 -0.1257 -0.8029
vn 0.1918 -0.7327 0.6530
vn 0.2520 -0.5995 0.7597
vn 0.2619 -0.9598 0.1007
vn 0.2842 -0.8691 -0.4049
vn 0.2710 -0.8558 -0.4407
vn 0.2808 -0.9495 0.1400
vn 0.7556 -0.6431 0.1249
vn 0.8572 -0.4880 -0.1646
vn 0.9426 -0.2185 0.2524
vn 0.8384 -0.3450 0.4220
vn -0.0284 0.2178 -0.9756
vn -0.0218 -0.6721 0.7402
vn 0.1439 -0.6535 0.7431
vn 0.0005 -0.6042 0.7969
vn -0.0230 0.2257 -0.9739
vn -0.1130 0.9003 -0.4203
vn -0.1134 0.9001 -0.4207
vn 0.1082 0.7239 -0.6814
vn 0.0984 0.7459 -0.6587
vn 0.0579 -0.6982 0.7136
vn 0.0972 -0.7316 0.6747
vn 0.0541 -0.7538 0.6549
vn 0.0629 -0.7610 0.6457
vn 0.6169 -0.4653 -0.6348
vn 0.0693 0.7165 0.6942
vn -0.2603 0.2452 -0.9339
vn -0.2430 0.2515 -0.9368
vn -0.0682 0.2514 -0.9655
vn -0.0580 0.8697 -0.4902
vn -0.0575 0.8699 -0.4899
vn -0.1309 0.4256 -0.8954
vn -0.3161 0.6800 -0.6616
vn -0.3750 0.6600 -0.6510
vn 0.0290 0.7827 -0.6217
vn -0.0544 0.4811 -0.8750
vn -0.4359 0.5875 -0.6818
vn -0.3933 0.5847 -0.7096
vn -0.2182 0.4799 -0.8497
vn -0.2679 0.5167 -0.8131
vn 0.0283 -0.7779 0.6278
vn 0.0511 -0.7776 0.6267
vn 0.7323 -0.4413 -0.5187
vn 0.7592 -0.6183 -0.2034
vn -0.0178 0.9997 0.0186
vn -0.3638 0.5318 0.7647
vn 0.3828 0.2164 0.8981
vn 0.8642 -0.4986 -0.0667
vn -0.4246 0.9049 -0.0282
vn -0.3816 0.8926 -0.2403
vn -0.4396 0.8930 -0.0969
vn -0.6240 0.3850 0.6800
vn -0.2821 -0.4828 0.8291
vn 0.0952 0.9037 -0.4175
vn -0.1521 -0.1821 0.9714
vn -0.3101 0.5441 -0.7796
vn -0.4350 0.7890 -0.4338
vn -0.4450 0.8454 -0.2954
vn -0.5061 0.8505 -0.1432
vn 0.1456 0.8582 0.4922
vn 0.0344 0.7764 0.6292
vn -0.0472 0.7643 0.6431
vn 0.0565 0.8591 0.5086
vn -0.2584 0.6956 -0.6703
vn -0.3309 0.6689 -0.6656
vn -0.2763 0.5693 -0.7743
vn -0.3191 0.7313 -0.6028
vn 0.1400 -0.8191 0.5563
vn 0.0760 -0.7636 0.6412
vn 0.0597 -0.7748 0.6294
vn 0.0613 -0.7850 0.6165
vn -0.9125 0.4060 -0.0504
vn 0.4624 -0.8811 0.0994
vn -0.5253 0.3323 -0.7834
vn 0.1390 -0.8148 0.5628
vn -0.6922 0.3554 0.6281
vn 0.3219 -0.8524 -0.4121
vn -0.2606 -0.5553 0.7898
vn 0.2265 -0.9726 -0.0518
vn 0.4703 -0.8824 -0.0151
vn -0.6905 0.3538 0.6309
vn -0.7679 0.4871 -0.4160
vn -0.6195 0.6970 0.3611
vn -0.6104 0.4181 0.6728
vn -0.1804 -0.8281 0.5307
vn -0.2508 0.9655 -0.0708
vn -0.0345 -0.1412 0.9894
vn -0.2697 0.6415 -0.7182
vn -0.0618 0.8661 0.4961
vn -0.7920 0.6090 -0.0431
vn -0.7638 0.5826 0.2778
vn -0.7116 0.6835 0.1625
vn -0.1523 0.7306 0.6656
vn -0.1247 0.4200 0.8989
vn -0.8651 0.3403 0.3684
vn -0.9293 0.1930 0.3148
vn -0.2071 0.4322 0.8777
vn 0.1662 0.7717 0.6139
vn 0.1196 0.7206 0.6830
vn 0.0782 0.7523 0.6541
vn 0.9486 0.2517 0.1917
vn 0.1424 0.9545 0.2620
vn 0.1728 0.9753 -0.1379
vn -0.0498 0.7680 0.6386
vn -0.0117 0.7730 0.6343
vn 0.6979 0.7130 -0.0681
vn 0.5741 0.7705 -0.2770
vn 0.4031 0.4934 -0.7708
vn 0.1811 0.7489 -0.6375
vn 0.3193 0.6234 -0.7137
vn 0.2063 0.8412 -0.4998
vn 0.0445 0.7714 -0.6348
vn 0.5693 0.6866 -0.4522
vn 0.0979 0.9023 0.4198
vn 0.1343 0.9820 0.1326
vn -0.5693 0.7324 0.3736
vn -0.3027 0.9134 -0.2722
vn -0.2446 0.2738 0.9302
vn -0.1258 0.7882 0.6024
vn -0.1130 0.7715 0.6262
vn -0.2220 0.6490 0.7276
vn -0.7381 0.3487 0.5776
vn 0.0670 0.6134 0.7869
vn 0.0607 0.6060 0.7932
vn -0.0457 0.2383 -0.9701
vn -0.1351 0.7039 -0.6974
vn -0.1310 0.7376 -0.6624
vn -0.3081 0.8067 -0.5043
vn -0.6305 0.6727 0.3873
vn -0.5663 0.4432 0.6949
vn -0.5107 -0.3756 0.7733
vn -0.1466 0.9785 -0.1452
vn -0.0169 -0.1428 0.9896
vn -0.4192 0.8595 -0.2924
vn -0.0213 0.3898 -0.9207
vn -0.0179 0.3289 -0.9442
vn -0.0295 -0.2901 0.9565
vn 0.0012 0.7727 -0.6347
vn 0.0338 0.8055 -0.5916
vn -0.0102 0.8108 -0.5852
vn -0.3168 0.7993 -0.5106
vn -0.3740 0.7694 -0.5178
vn -0.0660 0.9288 -0.3647
vn -0.5698 0.6961 0.4367
vn -0.9980 -0.0312 -0.0553
vn -0.5970 0.3944 0.6986
vn 0.1040 0.9471 -0.3037
vn 0.4125 0.0249 0.9106
vn -0.6680 -0.7373 0.1009
vn -0.1320 -0.5024 0.8545
vn -0.9377 0.2441 -0.2472
vn -0.0204 0.4298 -0.9027
vn -0.0042 -0.3867 0.9222
vn -0.0152 -0.3500 0.9366
vn 0.1300 0.8563 -0.4999
vn 0.0460 0.8102 -0.5843
vn -0.0709 0.8607 -0.5042
vn -0.0367 0.9049 -0.4241
vn -0.9176 0.3102 -0.2487
vn -0.5201 0.6562 0.5467
vn -0.0900 0.9914 0.0950
vn -0.5151 0.5646 -0.6449
vn 0.0409 0.7984 0.6008
vn -0.0144 0.5287 -0.8487
vn -0.0075 0.5493 -0.8356
vn 0.9989 -0.0331 0.0344
vn 0.9989 -0.0340 0.0307
vn 0.9781 -0.0615 0.1991
vn 0.9980 -0.0300 -0.0548
vn 0.9852 -0.0309 -0.1686
vn 0.9939 -0.0391 -0.1026
vn -0.2273 -0.9731 -0.0371
vn -0.0428 -0.9957 -0.0827
vn -0.0018 -0.9001 -0.4357
vn -0.0016 -0.8309 -0.5564
vn 0.1763 -0.9834 0.0429
vn -0.0026 -0.9797 -0.2005
vn 0.0031 -0.9714 -0.2375
vn -0.0414 -0.7085 -0.7045
vn 0.0016 -0.6695 -0.7428
vn -0.8537 0.5014 -0.1408
vn -0.9440 0.0296 -0.3286
vn 0.3856 0.0060 0.9227
vn -0.9985 0.0318 0.0455
vn 0.0069 0.1775 0.9841
vn -0.0068 -0.4039 -0.9148
vn 0.0099 0.4454 0.8953
vn -0.9737 -0.0270 0.2262
vn -0.8570 0.3992 -0.3260
vn 0.0141 -0.3276 -0.9447
vn 0.0047 -0.2926 -0.9562
vn -0.0329 0.9269 -0.3738
vn -0.0301 0.4189 -0.9076
vn 0.0771 0.1720 -0.9821
vn -0.1040 0.1559 0.9823
vn -0.0879 0.9745 -0.2063
vn -0.1191 0.2345 0.9648
vn -0.0235 -0.9544 0.2975
vn -0.0156 -0.9581 0.2862
vn -0.0529 0.9939 -0.0969
vn -0.1054 0.5671 0.8169
vn 0.0294 -0.4068 -0.9131
vn 0.0579 -0.0857 -0.9946
vn 0.3473 0.9362 -0.0539
vn 0.2663 -0.3362 -0.9034
vn 0.0606 -0.2396 -0.9690
vn 0.3673 -0.1056 -0.9241
vn 0.1713 0.9847 0.0310
vn 0.7691 0.4516 -0.4521
vn 0.3930 -0.0126 0.9194
vn 0.4529 0.0166 0.8914
vn 0.3680 0.9131 0.1752
vn 0.4312 0.8898 0.1492
vn 0.4237 -0.2033 -0.8827
vn 0.2581 -0.3365 -0.9056
vn 0.1612 -0.3540 -0.9212
vn 0.2302 -0.1754 -0.9572
vn 0.2223 -0.2766 -0.9349
vn 0.1355 -0.9893 0.0538
vn 0.1770 -0.9836 0.0342
vn 0.6262 -0.7668 0.1409
vn 0.2142 -0.5252 -0.8236
vn 0.2404 -0.5679 -0.7872
vn 0.5481 0.0732 0.8332
vn 0.0063 -0.9999 0.0158
vn 0.8361 0.0794 0.5429
vn -0.4407 -0.8969 -0.0373
vn 0.0397 -0.9990 -0.0193
vn -0.0575 -0.9975 0.0419
vn 0.2308 -0.8771 0.4212
vn 0.0007 -0.1160 -0.9932
vn 0.6867 -0.6226 -0.3752
vn 0.8487 -0.2665 0.4569
vn 0.5527 0.8251 0.1173
vn -0.2458 -0.9681 0.0477
vn -0.7894 -0.2081 0.5775
vn 0.7988 0.4100 0.4403
vn 0.0166 0.8784 -0.4776
vn -0.7396 -0.6714 -0.0472
vn -0.9684 -0.1035 -0.2267
vn -0.6448 0.0708 -0.7611
vn 0.0410 0.1918 -0.9806
vn 0.1046 0.0343 -0.9939
vn -0.1623 0.9354 0.3142
vn -0.1246 0.9357 0.3300
vn -0.7082 -0.6850 -0.1711
vn -0.8297 0.2951 -0.4738
vn 0.0960 0.9291 0.3571
vn 0.6287 -0.7776 -0.0068
vn -0.5179 0.6496 -0.5565
vn 0.5463 0.0436 0.8364
vn 0.5231 0.8186 0.2370
vn -0.9597 -0.1848 -0.2117
vn -0.3159 -0.1335 0.9393
vn -0.9487 -0.2675 -0.1688
vn -0.4018 0.4343 0.8062
vn 0.7400 -0.0497 0.6708
vn -0.3806 -0.5595 -0.7363
vn 0.9432 0.2798 -0.1791
vn -0.4954 -0.8214 0.2825
vn -0.1486 -0.3144 0.9376
vn 0.4750 -0.0418 0.8790
vn 0.1163 0.9804 0.1588
vn 0.2982 0.9539 0.0328
vn -0.2535 -0.3449 0.9037
vn 0.0851 0.2451 0.9658
vn 0.2246 -0.6411 0.7339
vn 0.1444 0.1576 -0.9769
vn 0.3713 -0.5774 0.7272
vn -0.6534 -0.7353 0.1802
vn -0.2196 -0.3603 -0.9066
vn 0.8039 0.3138 0.5053
vn 0.7839 0.4930 0.3775
vn 0.5028 0.5962 0.6258
vn 0.6381 0.7462 0.1897
vn 0.4726 0.6977 0.5384
vn 0.5318 0.8319 0.1584
vn 0.4988 0.6931 0.5204
vn -0.7466 -0.0091 0.6653
vn 0.2363 0.9616 0.1397
vn -0.1445 0.9649 0.2195
vn 0.1646 0.5115 0.8433
vn 0.0783 0.7992 0.5960
vn 0.0052 0.5236 0.8519
vn 0.5104 -0.8372 0.1962
vn 0.5532 -0.7640 0.3320
vn 0.1268 -0.5543 0.8226
vn 0.0318 -0.9535 0.2998
vn 0.4133 -0.4855 -0.7704
vn 0.5728 0.7373 0.3582
vn -0.2266 -0.3990 -0.8885
vn 0.5624 0.8202 0.1048
vn 0.3366 0.9078 0.2502
vn 0.7042 0.1357 0.6969
vn 0.7200 0.1303 0.6816
vn 0.2325 -0.6780 -0.6973
vn -0.0133 0.1038 -0.9945
vn 0.7168 -0.0578 0.6949
vn 0.9309 0.0126 0.3650
vn 0.0643 -0.0257 0.9976
vn 0.4685 0.7264 0.5029
vn 0.6553 0.6705 0.3479
vn 0.0289 0.0171 0.9994
vn 0.1417 -0.3287 0.9338
vn 0.6992 0.3185 0.6401
vn 0.4505 -0.7988 -0.3986
vn 0.1037 -0.5582 0.8232
vn 0.3218 -0.8994 -0.2959
vn 0.2716 0.4970 0.8242
vn 0.0255 -0.1801 0.9833
vn 0.3680 -0.2827 0.8858
vn 0.1488 -0.5778 0.8025
vn 0.0241 -0.5784 0.8154
vn 0.0913 -0.6370 0.7654
vn 0.9611 0.2073 0.1823
vn 0.7674 0.5871 -0.2577
vn 0.4310 0.2051 0.8787
vn 0.3431 0.9338 0.1020
vn 0.5722 0.7648 -0.2960
vn 0.1258 0.5700 0.8119
vn 0.9515 0.2724 0.1432
vn 0.6833 0.6622 -0.3075
vn 0.9454 0.2709 0.1812
vn 0.6328 0.4955 -0.5950
vn 0.4909 0.8422 -0.2230
vn 0.6285 0.6640 -0.4050
vn 0.9740 0.1790 0.1387
vn 0.5994 0.5915 -0.5394
vn 0.5901 0.6801 -0.4350
vn 0.8043 0.2193 0.5523
vn 0.7744 0.1389 0.6173
vn 0.3730 -0.8748 0.3092
vn 0.4424 -0.0199 0.8966
vn 0.8389 -0.0417 0.5427
vn 0.2923 0.2026 0.9346
vn 0.4633 -0.0094 0.8862
vn 0.4288 0.7887 -0.4405
vn 0.0088 -0.6562 0.7545
vn -0.0387 -0.7328 0.6793
vn 0.0954 -0.7488 0.6559
vn 0.0168 -0.7429 0.6692
vn 0.0063 -0.7340 0.6791
vn 0.0208 -0.6799 0.7330
vn 0.3007 0.0348 0.9531
vn 0.5140 0.7106 -0.4804
vn 0.4303 -0.5541 -0.7126
vn 0.6421 0.2648 -0.7194
vn 0.1226 0.0403 -0.9916
vn 0.6960 -0.4248 -0.5789
vn 0.3234 -0.1797 -0.9291
vn 0.7891 -0.2944 -0.5391
vn 0.5214 -0.2461 -0.8170
vn 0.9711 -0.2163 -0.1012
vn -0.0049 -0.7915 0.6112
vn -0.0090 -0.7489 0.6626
vn -0.0112 -0.7756 0.6312
vn -0.1731 0.2605 -0.9498
vn 0.0026 -0.7941 0.6078
vn 0.0865 -0.7994 0.5946
vn -0.1338 0.2494 -0.9591
vn 0.1276 -0.7945 0.5937
vn -0.0100 -0.7797 0.6260
vn 0.0190 -0.8009 0.5986
vn -0.0081 -0.7818 0.6234
vn -0.0025 -0.7887 0.6148
vn 0.0201 -0.7970 0.6036
vn -0.0152 -0.7458 0.6660
vn 0.0432 -0.7398 0.6715
vn -0.0355 -0.7601 0.6488
vn 0.0001 -0.7543 0.6565
vn -0.0032 -0.7588 0.6513
vn -0.0032 -0.7879 0.6158
vn 0.8009 -0.4043 -0.4417
vn 0.3626 -0.6114 -0.7033
vn 0.9379 -0.0986 -0.3327
vn 0.2018 -0.8893 -0.4103
vn 0.7453 -0.2722 -0.6086
vn 0.3296 -0.3700 -0.8686
vn 0.5241 -0.8332 -0.1765
vn 0.4415 -0.3256 -0.8361
vn 0.4725 -0.5771 -0.6661
vn 0.8626 -0.4604 0.2095
vn 0.1978 -0.1442 0.9696
vn 0.5725 -0.1766 -0.8007
vn 0.8324 -0.5490 -0.0760
vn -0.8091 0.5823 0.0796
vn 0.9165 -0.1660 0.3639
vn -0.7998 0.5839 0.1392
vn -0.8670 0.4096 0.2839
vn 0.9920 0.1260 -0.0026
vn -0.3762 0.6470 -0.6632
vn -0.3699 0.6488 -0.6650
vn 0.9373 -0.3485 0.0061
vn 0.9801 -0.1172 0.1601
vn 0.3475 0.3429 0.8727
vn 0.2224 -0.7879 -0.5743
vn 0.9805 0.1024 0.1676
vn 0.8934 0.1138 0.4347
vn 0.3158 -0.8854 -0.3411
vn 0.9172 -0.2801 -0.2835
vn 0.3428 -0.3466 -0.8732
vn 0.4349 -0.7877 0.4362
vn 0.5304 -0.6267 -0.5709
vn 0.2203 -0.4729 0.8531
vn 0.3700 0.1334 -0.9194
vn 0.8566 0.0263 0.5154
vn 0.1568 -0.3127 0.9368
vn 0.2001 -0.9550 0.2189
vn 0.3690 -0.0184 0.9292
vn 0.0277 -0.7732 0.6336
vn 0.2602 -0.8335 0.4875
vn 0.1433 -0.6355 0.7587
vn 0.3981 -0.6555 0.6417
vn 0.0157 -0.7871 0.6166
vn -0.0114 -0.8061 0.5917
vn 0.1887 -0.8908 0.4133
vn 0.2015 -0.4552 0.8673
vn 0.4648 -0.4363 0.7705
vn 0.1977 -0.2621 0.9446
vn 0.4512 0.0343 0.8918
vn 0.2138 -0.0928 0.9725
vn -0.8433 0.3409 0.4155
vn 0.9914 -0.0267 0.1283
vn -0.8430 0.4540 0.2886
vn 0.9951 0.0982 0.0085
vn -0.0174 0.2765 -0.9608
vn -0.3332 0.6699 -0.6635
vn 0.2656 -0.9157 -0.3015
vn 0.9622 0.2604 -0.0798
vn 0.6232 -0.5834 0.5208
vn 0.5925 -0.5838 0.5551
vn -0.5512 0.5079 -0.6620
vn 0.6222 0.5048 0.5984
vn 0.2194 0.8022 0.5552
vn 0.3805 0.7408 0.5535
vn 0.2828 -0.0829 -0.9556
vn 0.5272 -0.1490 -0.8366
vn 0.1967 0.8066 0.5573
vn 0.9649 0.2508 0.0779
vn -0.6976 0.0034 0.7164
vn -0.1742 -0.9837 0.0445
vn 0.6910 -0.6846 -0.2322
vn -0.2786 0.4341 -0.8567
vn -0.5938 0.7104 0.3779
vn 0.9498 -0.2946 0.1054
vn -0.8781 0.2941 0.3775
vn 0.7890 0.2712 0.5513
vn -0.9327 0.2095 0.2935
vn -0.9258 0.2879 0.2450
vn -0.8535 0.5097 0.1084
vn 0.8107 0.4975 0.3087
vn -0.0238 0.3286 -0.9442
vn -0.0139 0.3755 -0.9267
vn 0.6130 0.3727 0.6967
vn 0.9673 -0.1928 -0.1650
vn 0.3139 0.3310 0.8899
vn 0.1315 0.4943 0.8593
vn 0.1937 0.6206 0.7598
vn 0.1326 0.6114 0.7801
vn -0.0416 -0.8422 -0.5376
vn 0.7915 0.1384 -0.5953
vn 0.6884 -0.7225 0.0650
vn -0.8469 0.2859 0.4484
vn 0.6878 0.5375 0.4878
vn -0.6022 0.7474 -0.2807
vn 0.7081 0.4546 0.5404
vn -0.5056 0.7753 -0.3786
vn 0.3156 0.3445 -0.8842
vn 0.7010 0.7100 0.0675
vn 0.2911 0.2150 -0.9322
vn 0.9215 0.0915 -0.3774
vn 0.2025 -0.1018 -0.9740
vn 0.2378 0.6419 0.7290
vn 0.3514 0.5493 0.7581
vn -0.9877 0.0729 0.1385
vn -0.9501 0.3118 -0.0028
vn 0.1458 0.9102 0.3876
vn -0.0197 0.4928 -0.8699
vn -0.0214 0.5423 -0.8399
vn 0.1469 0.9405 0.3065
vn 0.0933 0.8974 0.4312
vn 0.0975 0.9101 0.4028
vn -0.0073 -0.2883 0.9575
vn -0.0113 0.6813 -0.7319
vn 0.0078 0.9816 0.1906
vn 0.1345 -0.9877 -0.0792
vn 0.0587 -0.9569 0.2846
vn 0.2108 -0.9766 -0.0427
vn 0.2584 -0.9651 -0.0432
vn -0.0003 -0.9171 -0.3987
vn -0.0002 -0.9388 -0.3445
vn 0.0073 -0.5427 -0.8399
vn -0.0136 -0.5325 -0.8463
vn 0.9802 0.1408 -0.1394
vn 0.8733 0.3915 -0.2901
vn 0.9165 0.3094 0.2536
vn 0.7145 0.6532 -0.2506
vn 0.9159 0.3106 0.2542
vn 0.8088 0.4544 -0.3733
vn 0.6334 -0.1738 -0.7540
vn 0.9097 0.3874 -0.1498
vn 0.5507 0.4091 -0.7276
vn -0.0019 0.3106 -0.9505
vn 0.2842 -0.5000 -0.8181
vn -0.0401 0.1113 -0.9930
vn 0.0014 0.2017 -0.9795
vn 0.9735 0.2236 -0.0474
vn 0.5530 0.2017 -0.8084
vn 0.9299 0.0742 0.3601
vn 0.9252 0.0833 0.3702
vn -0.9315 0.3026 0.2019
vn -0.9342 0.3021 0.1897
vn -0.9302 0.0170 0.3668
vn 0.9420 0.3336 0.0371
vn 0.0021 0.4266 0.9045
vn 0.9956 0.0845 0.0408
vn 0.9581 0.2777 -0.0696
vn -0.0013 0.0006 1.0000
vn -0.0014 0.0006 1.0000
vn 0.9489 0.3067 0.0747
vn 0.9224 0.3787 0.0766
vn 0.2884 0.8854 0.3647
vn 0.1009 0.2222 0.9698
vn 0.9518 0.2367 -0.1951
vn 0.9471 0.1437 -0.2868
vn 0.9568 0.1059 -0.2708
vn 0.9364 0.2767 -0.2158
vn -0.0069 -0.4921 -0.8705
vn 0.0119 -0.4503 -0.8928
vn 0.4548 -0.8889 -0.0553
vn 0.6322 0.7680 -0.1022
vn 0.9970 -0.0210 -0.0749
vn -0.9545 0.0146 -0.2979
vn 0.3201 -0.0587 0.9456
vn 0.5570 0.6726 0.4872
vn -0.7949 -0.0229 -0.6063
vn 0.7850 0.0615 -0.6164
vn 0.8090 -0.3604 -0.4643
vn -0.2895 -0.5247 -0.8006
vn -0.0025 0.3090 -0.9511
vn 0.7321 -0.0677 -0.6778
vn 0.9972 -0.0289 -0.0693
vn 0.4103 -0.5121 -0.7546
vn 0.9387 -0.0414 0.3423
vn 0.9281 -0.0063 0.3723
vn 0.9931 -0.0747 -0.0907
vn 0.9597 -0.0784 -0.2698
vn 0.9512 -0.0456 -0.3052
vn 0.9627 -0.2671 0.0422
vn 0.0932 0.2422 0.9657
vn 0.1910 0.6444 0.7405
vn 0.9127 -0.4085 -0.0050
vn 0.3877 -0.2888 -0.8754
vn -0.8682 0.0724 -0.4910
vn 0.3528 0.4465 -0.8223
vn 0.0031 -0.5147 -0.8574
vn -0.9213 -0.0645 -0.3835
vn -0.7311 0.3035 -0.6110
vn 0.8812 -0.0256 -0.4720
vn 0.9347 -0.3453 -0.0846
vn 0.7471 -0.0321 0.6640
vn 0.9218 -0.2814 0.2666
vn 0.9699 -0.2393 0.0453
vn 0.9751 -0.2200 -0.0267
vn 0.9596 -0.1247 -0.2521
vn -0.9664 0.0732 0.2464
vn 0.8050 -0.5436 0.2376
vn 0.6786 -0.5858 0.4431
vn -0.0353 -0.2345 0.9715
vn -0.1149 -0.1117 0.9871
vn -0.0067 -0.3652 0.9309
vn 0.0074 -0.3847 -0.9230
vn 0.0038 -0.3792 -0.9253
vn 0.2668 -0.9599 -0.0859
vn 0.0810 -0.3247 -0.9423
vn -0.7667 0.2931 -0.5712
vn 0.6534 -0.6856 -0.3208
vn -0.7478 -0.6520 0.1250
vn -0.9479 -0.2809 -0.1501
vn -0.8723 -0.4262 0.2398
vn -0.9959 0.0766 -0.0477
vn -0.9582 -0.2843 -0.0310
vn 0.8930 -0.3881 0.2280
vn 0.7020 -0.6412 0.3098
vn -0.0092 0.2332 0.9724
vn 0.0060 -0.3185 -0.9479
vn 0.0312 -0.0834 -0.9960
vn -0.0413 0.4997 0.8652
vn 0.0216 -0.2739 -0.9615
vn 0.3018 -0.8333 0.4632
vn 0.4788 -0.8288 0.2895
vn 0.2352 -0.0357 -0.9713
vn 0.0079 0.9751 -0.2218
vn 0.2245 -0.0128 -0.9744
vn 0.9051 -0.0598 0.4209
vn 0.1833 -0.2130 -0.9597
vn 0.2445 -0.3104 -0.9186
vn 0.0697 0.6167 0.7841
vn 0.1077 0.5661 0.8173
vn 0.0309 -0.1923 -0.9808
vn 0.0600 -0.0106 0.9981
vn 0.0428 0.0096 0.9990
vn 0.4617 0.0225 0.8868
vn 0.8272 -0.5538 -0.0949
vn 0.5751 -0.7116 0.4036
vn 0.2877 -0.5423 0.7894
vn 0.0886 0.9342 -0.3455
vn 0.1287 0.9325 -0.3375
vn -0.0557 0.9978 0.0367
vn 0.0604 0.9977 0.0309
vn 0.0195 0.9994 0.0298
vn -0.0315 0.0233 0.9992
vn -0.0263 -0.0521 0.9983
vn 0.0128 -0.0397 0.9991
vn 0.1923 0.9396 0.2832
vn 0.0948 0.9890 0.1133
vn 0.6509 0.4507 0.6109
vn 0.1331 0.9734 0.1863
vn 0.0123 0.9387 0.3445
vn 0.7956 0.3765 -0.4746
vn 0.9853 0.1016 0.1371
vn -0.2783 0.9056 -0.3202
vn 0.2805 0.9596 -0.0204
vn 0.1119 0.9899 0.0866
vn 0.1744 -0.1631 -0.9711
vn 0.2497 0.9680 0.0233
vn 0.0612 -0.4424 0.8947
vn 0.8679 0.3254 0.3755
vn 0.6861 0.7267 -0.0339
vn 0.3242 0.9087 -0.2631
vn 0.2525 0.9676 0.0059
vn -0.2297 -0.0369 0.9725
vn 0.1031 -0.4302 0.8968
vn -0.0187 0.2379 0.9711
vn -0.0624 0.9590 0.2763
vn 0.1182 -0.1262 0.9849
vn 0.0274 0.2081 0.9777
vn -0.0048 -0.0063 -1.0000
vn 0.0011 -0.0221 -0.9998
vn -0.0244 -0.9978 0.0620
vn 0.1238 -0.8773 0.4637
vn 0.2081 -0.6336 -0.7452
vn 0.2098 -0.6281 -0.7493
vn 0.9449 0.1961 0.2620
vn -0.8370 0.4247 -0.3451
vn -0.2555 -0.6361 -0.7281
vn 0.0227 0.8375 0.5460
vn 0.1275 -0.3518 -0.9274
vn 0.0298 -0.1539 -0.9876
vn 0.4628 0.4760 0.7478
vn 0.0750 -0.9968 -0.0278
vn 0.5941 -0.7869 0.1671
vn -0.3872 -0.9195 0.0676
vn 0.0238 -0.1437 -0.9893
vn -0.3646 0.2132 0.9064
vn 0.5835 0.1151 0.8039
vn 0.6984 0.7157 -0.0013
vn 0.5389 0.8419 -0.0263
vn 0.7997 0.5770 0.1659
vn 0.5589 0.8199 -0.1243
vn 0.2515 -0.6752 -0.6935
vn 0.3386 -0.8108 0.4774
vn 0.5459 -0.5738 -0.6106
vn 0.4171 -0.8770 -0.2386
vn 0.3239 -0.0871 0.9421
vn 0.4339 -0.6342 0.6400
vn 0.0524 -0.0543 0.9971
vn 0.0954 0.0078 0.9954
vn 0.0857 -0.5285 0.8446
vn 0.9298 0.2603 0.2603
vn -0.1091 0.2841 0.9526
vn -0.0484 0.8071 0.5884
vn -0.0611 -0.5621 -0.8248
vn -0.0750 0.2380 0.9684
vn -0.0439 0.9604 -0.2750
vn -0.1730 0.0015 0.9849
vn 0.0605 -0.1417 0.9881
vn -0.0052 0.0835 -0.9965
vn -0.0607 -0.6042 0.7945
vn -0.0668 -0.5981 0.7986
vn -0.0987 0.8950 -0.4351
vn -0.0424 0.8534 -0.5196
vn -0.0321 0.5757 0.8170
vn -0.0564 0.9678 -0.2452
vn -0.0122 0.8620 -0.5068
vn 0.0058 0.8321 -0.5547
vn 0.0198 0.8161 -0.5776
vn 0.0317 0.8054 -0.5918
vn 0.3476 -0.8892 -0.2973
vn 0.1146 -0.3356 0.9350
vn -0.0480 -0.6377 0.7688
vn 0.0390 -0.6659 0.7451
vn -0.0182 0.8259 -0.5636
vn -0.0113 0.8136 -0.5814
vn -0.3298 0.9240 -0.1934
vn -0.4140 0.8843 0.2157
vn -0.0114 0.6102 0.7921
vn -0.2381 0.5931 0.7691
vn 0.0468 0.3519 0.9349
vn -0.4575 0.4930 -0.7401
vn -0.7504 0.6252 -0.2146
vn -0.5868 0.7277 -0.3550
vn -0.4799 0.7581 -0.4416
vn -0.5588 0.7946 -0.2374
vn -0.5206 0.5886 -0.6185
vn -0.6765 0.6725 -0.3001
vn -0.5796 0.7094 -0.4011
vn -0.4586 0.8886 -0.0096
vn 0.1186 0.9028 -0.4135
vn -0.5807 0.8119 -0.0608
vn 0.1830 0.8952 -0.4063
vn -0.2514 0.9242 0.2875
vn -0.2604 0.9308 0.2563
vn -0.2587 0.9279 0.2684
vn 0.0605 0.8800 -0.4712
vn -0.0142 0.8241 -0.5662
vn -0.0136 0.7850 -0.6194
vn -0.0077 0.8007 -0.5990
vn -0.0061 0.2259 -0.9741
vn -0.1126 0.4856 -0.8669
vn -0.0088 0.4376 -0.8991
vn 0.0131 -0.7447 0.6673
vn 0.0108 -0.6538 0.7566
vn 0.0027 -0.7397 0.6729
vn 0.0126 -0.7705 0.6373
vn 0.1722 0.2029 -0.9639
vn 0.3309 -0.1756 -0.9272
vn -0.9831 0.0845 0.1622
vn -0.3850 0.5747 -0.7221
vn 0.1934 0.3090 -0.9312
vn -0.0400 0.2699 -0.9621
vn -0.0180 -0.2833 0.9589
vn 0.0659 -0.2429 0.9678
vn 0.0619 -0.1415 0.9880
vn 0.0442 0.0100 0.9990
vn -0.0138 -0.0178 0.9997
vn -0.1106 0.4832 -0.8685
vn 0.0225 -0.7795 0.6260
vn 0.1261 -0.6065 0.7850
vn 0.0240 -0.7709 0.6366
vn 0.5231 0.6790 -0.5151
vn 0.0597 -0.7635 0.6431
vn 0.2473 -0.3833 -0.8899
vn -0.0310 0.2269 -0.9734
vn -0.1139 0.6898 -0.7149
vn -0.0579 0.6711 -0.7391
vn 0.0122 -0.4647 0.8854
vn 0.1301 -0.2975 0.9458
vn 0.2914 -0.3331 0.8967
vn -0.0084 0.1043 0.9945
vn 0.0117 -0.6119 0.7908
vn -0.0137 -0.4143 0.9100
vn 0.6489 -0.4836 -0.5874
vn 0.5487 -0.6171 -0.5641
vn 0.5477 0.0268 -0.8362
vn -0.9692 -0.0609 0.2385
vn -0.9699 0.0831 0.2287
vn -0.9274 0.1603 0.3379
vn -0.8905 -0.2002 0.4086
vn -0.9185 -0.0639 0.3902
vn 0.6447 0.4257 -0.6349
vn 0.7453 0.3685 -0.5556
vn 0.8869 0.0163 -0.4617
vn 0.8679 0.1550 -0.4720
vn -0.1380 0.9791 -0.1492
vn -0.0608 0.7153 -0.6962
vn -0.2168 0.7309 -0.6472
vn 0.1768 0.2080 0.9620
vn 0.3431 0.2027 0.9171
vn 0.0987 0.4852 0.8688
vn -0.0379 0.2675 0.9628
vn -0.3408 -0.0536 0.9386
vn -0.3489 0.0887 0.9330
vn 0.6968 -0.6984 0.1634
vn 0.0157 0.0345 0.9993
vn 0.7532 -0.4201 -0.5061
vn -0.0113 0.3756 -0.9267
vn -0.3067 0.8890 -0.3401
vn -0.0699 0.7469 -0.6612
vn -0.0051 0.9372 -0.3487
vn -0.0877 0.9512 -0.2957
vn -0.0315 0.8555 -0.5168
vn 0.0982 0.5516 0.8283
vn 0.1541 0.5211 0.8395
vn -0.0523 0.4520 0.8905
vn -0.0355 0.3751 0.9263
vn -0.1321 0.4655 0.8751
vn -0.2437 0.2532 0.9362
vn -0.1898 0.3968 0.8981
vn -0.2829 0.4712 0.8354
vn 0.6760 0.4813 -0.5580
vn 0.2417 0.7228 0.6474
vn 0.5648 -0.8029 0.1908
vn 0.2391 0.2067 0.9487
vn 0.6784 0.4140 -0.6069
vn 0.6761 0.4813 -0.5579
vn 0.9715 0.1789 -0.1556
vn 0.9944 -0.0169 -0.1047
vn 0.9915 0.0822 -0.1009
vn 0.9948 -0.0276 -0.0978
vn -0.0055 0.4507 -0.8926
vn 0.0043 0.4280 -0.9038
vn 0.7175 0.3781 -0.5850
vn -0.0055 0.4547 -0.8906
vn 0.8250 0.3459 -0.4468
vn 0.0520 0.5680 -0.8214
vn 0.0099 0.0997 0.9950
vn 0.9920 -0.0386 -0.1203
vn -0.4551 0.8701 -0.1891
vn 0.2034 0.7681 -0.6072
vn -0.1054 0.9202 -0.3770
vn -0.1413 -0.7681 0.6246
vn 0.0012 0.9983 -0.0577
vn -0.7267 0.6766 -0.1186
vn 0.9846 0.1570 -0.0774
vn 0.7030 -0.6277 -0.3343
vn 0.5566 -0.8298 -0.0390
vn 0.7872 -0.5248 -0.3240
vn 0.5854 -0.8095 -0.0452
vn 0.5311 -0.8148 0.2325
vn 0.9051 -0.4249 -0.0168
vn 0.9607 -0.2766 -0.0242
vn 0.9476 -0.2808 0.1523
vn 0.9398 -0.2969 -0.1689
vn 0.9257 -0.3051 -0.2236
vn 0.9349 -0.3372 -0.1108
vn 0.9573 -0.2890 -0.0094
vn 0.9465 -0.2931 -0.1352
vn 0.9376 -0.2327 0.2583
vn -0.0173 -0.9996 -0.0201
vn -0.0177 -0.9381 0.3459
vn 0.9434 -0.2026 -0.2624
vn 0.0298 -0.9062 -0.4218
vn 0.0029 -0.8998 -0.4363
vn 0.0029 -0.9997 -0.0251
vn 0.9609 -0.2280 0.1572
vn 0.8527 -0.5177 -0.0704
vn 0.9948 -0.0878 0.0517
vn 0.7418 -0.5083 0.4374
vn 0.0226 -0.1812 0.9832
vn 0.0025 -0.1540 0.9881
vn 0.9684 -0.1930 -0.1581
vn 0.9651 -0.2019 -0.1670
vn 0.9511 0.2833 -0.1230
vn 0.9852 -0.0489 -0.1643
vn -0.0274 0.0432 -0.9987
vn -0.0058 0.0308 -0.9995
vn 0.9716 0.2151 0.0986
vn 0.9158 0.1455 -0.3743
vn 0.9891 -0.0044 -0.1474
vn 0.9724 0.2114 0.0986
vn 0.9362 0.0756 0.3432
vn 0.9213 0.1130 0.3720
vn 0.9904 0.0105 0.1379
vn 0.8414 0.4220 0.3374
vn 0.9630 -0.2273 0.1450
vn 0.9280 -0.3244 0.1834
vn 0.9627 0.0526 -0.2654
vn 0.9986 0.0252 0.0465
vn 0.9698 0.0699 -0.2335
vn 0.9962 -0.0821 0.0288
vn 0.0096 -0.1992 -0.9799
vn 0.0084 -0.1999 -0.9798
vn 0.0362 0.9726 -0.2298
vn -0.0051 0.9783 -0.2070
vn 0.9969 -0.0461 0.0635
vn 0.9764 0.2075 -0.0607
vn 0.9958 -0.0730 0.0557
vn 0.9992 0.0149 -0.0373
vn 0.9958 -0.0804 0.0434
vn 0.9988 0.0155 0.0465
vn 0.9979 -0.0304 0.0564
vn 0.9756 0.0549 0.2125
vn 0.9966 0.0547 0.0616
vn 0.9974 -0.0540 0.0477
vn 0.9950 0.0962 0.0249
vn 0.9602 0.1761 0.2168
vn 0.9567 0.1668 0.2385
vn 0.9538 0.2137 0.2111
vn 0.9505 0.0267 0.3096
vn 0.9513 -0.0198 0.3075
vn 0.9520 -0.0175 0.3057
vn 0.9991 -0.0318 -0.0267
vn 0.9998 -0.0030 0.0193
vn 0.9978 0.0341 0.0571
vn 0.9930 0.0927 0.0738
vn 0.9744 0.1652 0.1526
vn 0.9359 -0.0456 0.3492
vn 0.9964 0.0079 0.0840
vn 0.9641 -0.1814 0.1940
vn 0.9695 -0.1491 0.1945
vn 0.0006 0.0380 0.9993
vn -0.0041 0.0411 0.9991
vn 0.0024 -0.9340 0.3574
vn 0.9572 -0.1026 0.2708
vn 0.8920 -0.2568 0.3720
vn 0.7492 0.3399 0.5685
vn 0.8937 -0.2258 0.3876
vn 0.3969 -0.5756 0.7149
vn -0.0132 -0.8097 0.5867
vn -0.0403 -0.8294 0.5573
vn 0.5922 -0.5598 0.5797
vn 0.0268 -0.8512 0.5241
vn 0.0344 -0.5044 0.8628
vn 0.0015 -0.8630 0.5052
vn 0.7022 -0.4636 0.5404
vn 0.0343 -0.8597 0.5096
vn 0.0353 -0.5209 0.8529
vn 0.0554 -0.8496 0.5246
vn 0.7917 -0.3328 0.5122
vn 0.0053 -0.8420 0.5394
vn 0.0213 -0.4328 0.9012
vn 0.0207 -0.8349 0.5499
vn -0.0182 -0.1961 0.9804
vn -0.0181 -0.2261 0.9739
vn 0.0500 -0.9978 0.0434
vn 0.0107 -0.2068 0.9783
vn 0.7402 -0.5603 0.3718
vn -0.2505 -0.9031 0.3488
vn -0.4084 -0.8820 0.2352
vn -0.4061 -0.8936 0.1911
vn 0.7134 -0.4937 0.4973
vn -0.1156 -0.8510 0.5123
vn -0.2153 -0.6064 0.7654
vn -0.1949 -0.8673 0.4580
vn 0.7651 -0.4049 0.5007
vn 0.0425 -0.8176 0.5742
vn -0.0781 -0.5109 0.8561
vn -0.0721 -0.8585 0.5078
vn 0.2086 -0.1001 0.9729
vn 0.2085 -0.4342 0.8764
vn 0.9553 -0.0757 0.2858
vn 0.9794 -0.0524 0.1952
vn 0.0092 -0.6568 0.7541
vn 0.0145 -0.6521 0.7580
vn 0.0107 -0.0368 0.9993
vn 0.8936 0.0333 0.4477
vn 0.8535 0.4089 0.3229
vn 0.8263 0.4089 0.3874
vn 0.8200 0.2664 0.5067
vn -0.0511 0.9161 0.3976
vn 0.0751 0.9638 0.2559
vn 0.0748 0.9523 0.2957
vn 0.8543 0.1847 0.4859
vn -0.0254 0.2631 0.9644
vn 0.8730 -0.0033 0.4876
vn 0.0228 -0.1493 0.9885
vn 0.0078 -0.1595 0.9872
vn 0.0037 0.2516 0.9678
vn 0.8616 -0.0233 0.5071
vn -0.0255 0.0333 -0.9991
vn 0.0181 0.3330 0.9428
vn -0.1897 0.9302 -0.3141
vn -0.9589 -0.0428 -0.2804
vn -0.8977 0.0902 -0.4313
vn -0.9544 0.2126 -0.2093
vn -0.8906 0.4187 -0.1774
vn -0.9088 0.3778 -0.1773
vn -0.6076 -0.2301 -0.7602
vn -0.9803 0.1260 -0.1517
vn -0.9968 -0.0132 -0.0784
vn -0.6036 0.7895 -0.1112
vn -0.3667 -0.9294 -0.0412
vn 0.9575 0.0035 -0.2885
vn -0.4601 0.0062 0.8879
vn -0.4236 -0.7411 0.5208
vn 0.0550 0.0259 0.9982
vn 0.0329 -0.8414 -0.5395
vn -0.0162 0.6988 -0.7152
vn -0.9739 0.2172 -0.0654
vn -0.5263 0.1504 -0.8369
vn -0.0840 0.9926 0.0881
vn 0.7720 -0.6277 -0.0999
vn 0.1210 -0.0679 0.9903
vn 0.5088 0.4484 -0.7349
vn -0.5365 -0.6922 -0.4827
vn -0.6453 0.4025 -0.6494
vn -0.8424 -0.5385 0.0178
vn -0.2723 -0.3117 -0.9103
vn 0.0172 -0.4258 -0.9047
vn -0.5664 0.4901 -0.6626
vn -0.9970 -0.0170 -0.0757
vn -0.3130 -0.5239 -0.7922
vn -0.2954 -0.0296 0.9549
vn 0.2414 -0.9686 -0.0596
vn 0.6651 0.7338 0.1383
vn 0.0427 -0.4586 0.8876
vn 0.8047 0.2543 -0.5365
vn -0.5859 -0.7583 -0.2857
vn -0.8443 -0.5029 -0.1850
vn -0.9067 -0.3787 -0.1856
vn -0.9676 -0.0506 -0.2474
vn -0.0075 0.2102 0.9776
vn -0.0041 0.2078 0.9782
vn 0.0317 0.8746 0.4838
vn 0.0216 0.8789 0.4765
vn -0.9511 -0.0016 0.3088
vn -0.9448 0.2040 0.2566
vn -0.9493 0.0399 0.3117
vn -0.9529 0.2346 0.1921
vn -0.3670 -0.9270 0.0774
vn -0.9491 -0.0086 0.3148
vn -0.8286 -0.4338 0.3538
vn -0.9236 -0.3643 0.1191
vn 0.9624 0.0142 0.2713
vn 0.0991 -0.9887 -0.1129
vn -0.9652 -0.2559 0.0536
vn -0.9641 -0.2603 0.0532
vn 0.1184 -0.2226 -0.9677
vn -0.6157 0.5946 0.5171
vn -0.8833 0.4679 0.0304
vn -0.9948 0.0936 0.0397
vn 0.9120 0.0680 0.4046
vn -0.0152 0.9969 0.0769
vn -0.9604 0.2714 -0.0634
vn -0.0072 0.3252 -0.9456
vn 0.0381 0.2533 -0.9666
vn -0.6847 0.6805 0.2610
vn -0.9228 0.3092 0.2299
vn -0.9556 0.0371 0.2923
vn -0.7906 0.5071 0.3432
vn 0.0399 -0.1050 0.9937
vn 0.0687 0.9630 0.2606
vn -0.0199 0.1287 0.9915
vn -0.0117 -0.1468 0.9891
vn -0.0457 0.1019 0.9937
vn 0.0021 -0.0653 0.9979
vn -0.0476 -0.0414 0.9980
vn 0.1063 0.4334 0.8949
vn -0.0087 0.9810 -0.1940
vn 0.9773 0.2097 0.0293
vn 0.9766 0.2133 0.0268
vn 0.0147 0.9948 0.1007
vn 0.0301 0.9941 0.1044
vn 0.1377 0.4339 0.8904
vn 0.1511 0.4956 0.8553
vn 0.1293 0.5663 0.8140
vn 0.1552 0.7192 0.6772
vn 0.0968 0.7527 0.6512
vn 0.1821 -0.1575 -0.9706
vn 0.1828 -0.1586 -0.9703
vn 0.0915 0.5315 0.8421
vn 0.0969 0.3370 0.9365
vn 0.0570 -0.5347 0.8431
vn -0.0081 -0.1120 -0.9937
vn -0.1240 -0.5348 0.8358
vn 0.4491 -0.8842 -0.1283
vn 0.2072 -0.9337 -0.2919
vn -0.0137 0.9570 0.2897
vn -0.0230 0.9997 0.0093
vn -0.0111 0.9980 -0.0619
vn 0.0142 0.9619 0.2729
vn 0.2670 -0.0105 0.9636
vn -0.0123 0.1938 0.9810
vn -0.2454 -0.6178 0.7471
vn -0.8817 0.1907 0.4315
vn 0.8603 0.1625 -0.4832
vn -0.7550 0.5503 0.3565
vn -0.3360 0.7795 0.5287
vn -0.1997 -0.2322 0.9520
vn -0.0030 -0.3948 0.9188
vn -0.1609 0.7915 0.5896
vn -0.1097 0.6301 -0.7688
vn -0.1237 -0.6045 0.7869
vn -0.1944 -0.4349 0.8793
vn 0.0015 -0.2120 0.9773
vn 0.0547 -0.6104 0.7902
vn 0.6760 -0.4579 0.5774
vn -0.0908 -0.5775 0.8113
vn -0.1312 -0.5190 0.8446
vn -0.0345 -0.6333 0.7731
vn -0.0348 -0.6293 0.7764
vn -0.0903 -0.5746 0.8134
vn 0.0210 -0.4330 0.9011
vn 0.0019 -0.0427 0.9991
vn -0.3729 -0.0260 0.9275
vn -0.4186 0.0948 0.9032
vn -0.2904 -0.0810 0.9535
vn 0.0432 -0.6745 0.7370
vn -0.0123 -0.6808 0.7324
vn 0.0028 -0.7397 0.6729
vn 0.0109 -0.7443 0.6678
vn 0.0316 -0.5240 0.8512
vn -0.0056 0.2268 -0.9739
vn 0.0225 0.4575 -0.8889
vn 0.0290 -0.7710 0.6362
vn 0.0000 -0.7598 0.6502
vn 0.0107 -0.5250 0.8510
vn -0.0054 0.2112 -0.9774
vn 0.0212 0.5200 -0.8539
vn 0.0136 0.5437 -0.8392
vn 0.0404 -0.7733 0.6328
vn 0.0249 -0.7619 0.6473
vn 0.0377 -0.7490 0.6615
vn 0.6409 0.1063 -0.7602
vn 0.6512 0.1116 -0.7507
vn 0.1815 0.4476 -0.8756
vn 0.1817 0.4375 -0.8806
vn 0.2363 0.5144 -0.8244
vn 0.0874 0.4856 -0.8698
vn 0.4205 0.4755 -0.7727
vn 0.4098 0.4648 -0.7849
vn 0.0136 0.5443 -0.8388
vn 0.2220 0.6262 -0.7474
vn -0.1982 0.6633 -0.7217
vn -0.0036 0.5866 -0.8099
vn 0.8520 -0.3063 -0.4247
vn 0.9355 -0.1319 -0.3278
vn 0.6148 0.7281 -0.3031
vn 0.7295 0.3885 -0.5629
vn 0.9362 0.3283 -0.1257
vn 0.6988 0.2625 -0.6655
vn 0.6236 0.6643 -0.4121
vn -0.9732 0.0028 0.2301
vn -0.5402 0.8086 -0.2330
vn 0.7833 -0.1972 0.5895
vn 0.8684 0.4891 -0.0819
vn 0.9784 0.1970 -0.0624
vn 0.9978 0.0124 0.0644
vn -0.0276 0.2858 -0.9579
vn -0.0163 0.7219 -0.6918
vn 0.0101 0.7775 -0.6288
vn -0.0101 0.7817 -0.6236
vn -0.0159 0.7884 -0.6150
vn -0.0067 0.7075 -0.7067
vn 0.0648 0.9344 -0.3504
vn -0.0367 0.9394 -0.3410
vn 0.0150 0.9310 -0.3646
vn -0.0144 0.9406 -0.3392
vn -0.0070 0.9410 -0.3384
vn -0.0056 0.9359 -0.3521
vn -0.0021 0.9398 -0.3417
vn 0.0601 0.8143 -0.5773
vn -0.0122 0.8425 -0.5385
vn 0.0391 0.8316 -0.5540
vn 0.0420 0.9981 -0.0443
vn -0.1326 0.9404 0.3133
vn -0.1333 0.9329 0.3346
vn -0.0493 0.7837 0.6192
vn 0.0071 0.4985 -0.8668
vn -0.1399 0.9133 0.3825
vn 0.0019 0.5517 -0.8340
vn 0.0042 0.6617 -0.7497
vn -0.2041 0.1940 0.9595
vn 0.0032 -0.9532 -0.3024
vn 0.0070 -0.8067 -0.5910
vn -0.0037 -0.6672 -0.7448
vn -0.7639 -0.5009 0.4069
vn -0.8495 -0.5269 -0.0277
vn -0.3825 -0.7547 -0.5330
vn -0.9837 -0.1543 0.0922
vn -0.8753 -0.0036 0.4836
vn -0.8824 0.0098 0.4703
vn 0.0066 -0.5741 -0.8188
vn -0.8926 0.1487 0.4255
vn -0.8700 0.0945 0.4839
vn -0.8818 0.1389 0.4508
vn -0.9413 -0.2139 -0.2610
vn -0.9582 -0.2858 -0.0107
vn -0.9448 -0.2896 -0.1535
vn -0.9604 -0.0142 -0.2781
vn -0.9636 -0.2133 -0.1613
vn -0.9440 -0.1974 0.2644
vn -0.9608 -0.1956 0.1964
vn -0.9676 0.1027 0.2305
vn -0.9520 0.2231 0.2093
vn -0.9098 -0.0173 0.4148
vn 0.0093 -0.5196 -0.8543
vn -0.0064 -0.4565 -0.8897
vn 0.0094 -0.4816 -0.8764
vn -0.8796 0.3167 0.3550
vn -0.8760 0.2678 0.4012
vn -0.9345 0.3119 0.1714
vn -0.8904 0.0736 0.4491
vn -0.9192 0.1254 0.3733
vn 0.0033 -0.4142 -0.9102
vn -0.0122 -0.3745 -0.9271
vn -0.8895 -0.0582 0.4531
vn -0.9444 -0.3209 0.0714
vn -0.9431 0.2239 0.2458
vn -0.9707 0.2379 0.0350
vn -0.9741 0.2249 0.0242
vn 0.0003 -0.3210 -0.9471
vn 0.0302 0.9794 -0.1997
vn 0.0658 -0.0332 -0.9973
vn 0.0372 0.0755 -0.9965
vn 0.0088 0.9840 -0.1778
vn 0.0175 0.6036 0.7971
vn -0.9561 -0.1246 0.2652
vn -0.0055 -0.2676 -0.9635
vn 0.2810 0.4675 0.8381
vn 0.3444 0.4811 0.8062
vn -0.0936 -0.2896 -0.9526
vn 0.0178 -0.5698 -0.8216
vn -0.9960 -0.0562 0.0697
vn -0.9913 -0.1316 -0.0012
vn -0.9990 0.0202 0.0391
vn -0.9980 0.0564 0.0299
vn -0.7355 -0.4976 0.4599
vn -0.9850 -0.1286 0.1147
vn -0.9970 0.0303 0.0711
vn 0.0850 0.7160 0.6929
vn 0.0779 0.7645 0.6399
vn 0.0900 0.5308 0.8427
vn 0.0861 0.5347 0.8406
vn 0.2870 0.3451 0.8936
vn -0.9885 -0.1490 0.0245
vn 0.6153 0.2801 0.7368
vn -0.3563 -0.9086 0.2179
vn -0.0251 -0.1707 -0.9850
vn 0.0943 0.4528 0.8866
vn 0.1825 0.3169 0.9307
vn 0.2305 0.5725 0.7868
vn -0.9364 0.2132 -0.2789
vn 0.0146 -0.1062 -0.9942
vn 0.8864 -0.3624 0.2880
vn 0.1830 0.3231 0.9285
vn 0.1032 -0.2928 -0.9506
vn -0.1252 0.6122 -0.7808
vn 0.1032 0.5589 0.8228
vn -0.1329 -0.1334 -0.9821
vn 0.1455 -0.5789 -0.8023
vn -0.8010 -0.4538 0.3906
vn -0.9798 -0.1596 0.1205
vn -0.1453 -0.1173 0.9824
vn 0.9802 -0.1563 0.1213
vn 0.8504 0.3759 0.3680
vn -0.1068 -0.8863 0.4505
vn 0.1927 0.4306 0.8817
vn 0.2199 0.3824 0.8974
vn 0.5465 0.8033 0.2368
vn 0.2203 0.3969 0.8910
vn 0.2606 -0.9650 -0.0301
vn 0.5672 0.1331 0.8127
vn 0.1800 -0.9398 -0.2904
vn 0.2309 -0.9101 -0.3440
vn 0.1796 -0.2084 -0.9614
vn 0.5368 0.8292 0.1557
vn -0.2416 0.9427 0.2302
vn -0.0588 -0.9747 0.2156
vn 0.9905 -0.0795 -0.1123
vn -0.1615 0.0659 -0.9847
vn -0.6192 0.7331 0.2814
vn 0.9967 -0.0515 0.0627
vn 0.1469 -0.5775 -0.8031
vn -0.2416 0.9626 0.1225
vn -0.3693 0.9217 -0.1190
vn -0.3003 0.9099 -0.2861
vn -0.1780 -0.0761 0.9811
vn 0.1636 -0.1343 0.9773
vn -0.3687 0.9216 -0.1211
vn -0.8755 -0.4278 0.2246
vn -0.9366 -0.3155 0.1522
vn -0.9352 -0.3192 0.1533
vn -0.9812 0.1727 0.0860
vn 0.1190 -0.5790 -0.8066
vn 0.2339 -0.9096 -0.3433
vn -0.1665 -0.9771 0.1325
vn 0.1349 -0.9821 0.1318
vn -0.3165 -0.8957 0.3123
vn -0.2583 -0.4207 0.8696
vn 0.1410 -0.2849 0.9481
vn -0.2046 -0.3017 0.9312
vn -0.9139 -0.1430 0.3798
vn -0.9632 0.1654 0.2118
vn -0.9312 0.3217 0.1714
vn -0.7951 -0.2947 0.5300
vn -0.8243 -0.2698 0.4977
vn -0.8770 0.0358 0.4791
vn -0.6735 0.1855 0.7155
vn -0.4970 -0.0504 0.8663
vn -0.0276 0.9190 0.3932
vn -0.0180 0.2212 0.9751
vn -0.0439 0.1779 0.9831
vn -0.0318 0.3323 0.9426
vn -0.0431 0.1715 0.9842
vn 0.1166 0.1802 0.9767
vn -0.0597 0.3104 0.9487
vn -0.3443 -0.5516 0.7597
vn -0.5442 -0.5242 0.6550
vn -0.3652 -0.9241 -0.1125
vn -0.4203 -0.9062 0.0462
vn -0.6678 -0.4687 0.5782
vn -0.8388 -0.3264 0.4357
vn -0.8372 -0.3300 0.4362
vn -0.0744 -0.6638 0.7442
vn -0.1313 -0.2803 0.9509
vn -0.0274 -0.6712 0.7408
vn -0.0646 -0.6181 0.7834
vn -0.0787 -0.7661 0.6379
vn 0.0178 -0.7518 0.6591
vn -0.0281 -0.6915 0.7219
vn -0.5546 -0.5987 0.5779
vn -0.9447 -0.2344 0.2294
vn -0.9273 -0.2896 0.2373
vn -0.7759 -0.6201 0.1163
vn -0.5704 -0.1322 0.8106
vn -0.5465 -0.4743 0.6902
vn -0.4153 -0.5970 0.6864
vn -0.8958 -0.2368 0.3760
vn -0.9585 0.1634 0.2337
vn -0.9665 0.0864 0.2416
vn 0.0669 0.2853 -0.9561
vn 0.1022 0.7310 -0.6747
vn -0.0217 -0.7471 0.6644
vn 0.0297 -0.7414 0.6704
vn 0.0364 -0.7603 0.6485
vn 0.0101 -0.0793 0.9968
vn 0.0482 -0.1847 0.9816
vn -0.0028 -0.2935 0.9560
vn 0.0005 -0.3301 0.9439
vn -0.3727 -0.1559 0.9148
vn -0.3260 0.0091 0.9453
vn -0.0610 -0.2949 0.9536
vn -0.4567 0.2559 0.8520
vn 0.0536 -0.7418 0.6685
vn 0.0422 -0.6489 0.7597
vn -0.3313 0.7931 -0.5110
vn -0.3347 0.7927 -0.5095
vn -0.9170 0.2582 0.3042
vn -0.2966 0.7860 -0.5423
vn -0.2962 0.7841 -0.5454
vn -0.6342 0.1051 0.7660
vn -0.2661 0.8150 -0.5147
vn -0.2692 0.8133 -0.5158
vn 0.0876 0.9666 -0.2409
vn -0.5803 0.1100 0.8069
vn -0.0027 0.8995 -0.4368
vn 0.0024 0.3407 -0.9402
vn 0.0040 0.7914 -0.6112
vn -0.0153 0.9405 -0.3394
vn -0.0648 0.9371 -0.3429
vn 0.2075 0.6281 -0.7499
vn 0.0545 0.7826 -0.6202
vn 0.0023 0.3503 -0.9366
vn 0.0110 0.3741 -0.9273
vn 0.0780 0.9523 -0.2952
vn 0.0833 0.7689 -0.6339
vn 0.1965 0.6296 -0.7517
vn -0.0009 0.4306 -0.9025
vn -0.1395 0.7840 0.6049
vn -0.1425 0.7884 0.5985
vn 0.0044 0.5464 -0.8375
vn -0.0080 -0.2898 0.9571
vn -0.0104 0.7429 0.6694
vn 0.0008 0.9985 -0.0540
vn -0.6864 -0.6347 -0.3551
vn -0.1484 -0.7864 -0.5996
vn -0.6178 -0.7859 -0.0257
vn -0.9607 -0.2769 -0.0215
vn -0.5406 -0.8400 -0.0460
vn -0.5441 -0.7836 0.2998
vn -0.7256 -0.6224 0.2934
vn -0.9530 -0.2793 0.1171
vn -0.7366 -0.6446 0.2047
vn -0.2429 -0.9470 0.2102
vn -0.1229 -0.9918 -0.0363
vn -0.1571 -0.9205 -0.3578
vn -0.8367 -0.5037 -0.2152
vn -0.7867 -0.5142 -0.3417
vn -0.0911 -0.8511 -0.5171
vn -0.1099 -0.9564 -0.2705
vn 0.0214 -0.7933 -0.6085
vn -0.2334 -0.9724 0.0010
vn -0.2000 -0.9797 -0.0152
vn -0.7022 -0.6233 0.3441
vn -0.3658 -0.8338 0.4135
vn -0.2278 -0.8293 0.5104
vn -0.1960 -0.9222 0.3333
vn -0.1816 -0.8001 0.5717
vn -0.0016 -0.8532 -0.5216
vn -0.0014 -0.8812 -0.4727
vn -0.0071 -0.8597 -0.5107
vn -0.8425 -0.4901 -0.2236
vn -0.9305 -0.3134 -0.1896
vn -0.9181 -0.3285 -0.2217
vn 0.0249 -0.9197 -0.3918
vn -0.9384 -0.3294 -0.1042
vn 0.0809 -0.8825 -0.4632
vn 0.3242 -0.9302 -0.1722
vn -0.0067 -0.8435 -0.5371
vn 0.0067 -0.8905 -0.4550
vn 0.0826 -0.9087 -0.4092
vn 0.0989 -0.8929 -0.4393
vn 0.1149 -0.8903 -0.4407
vn 0.3636 -0.9154 -0.1726
vn -0.7441 -0.5683 0.3512
vn -0.3659 -0.8378 0.4053
vn -0.9725 -0.2127 0.0949
vn 0.0460 -0.7768 0.6281
vn 0.0498 -0.8407 0.5393
vn 0.0306 -0.8439 0.5356
vn 0.0788 -0.7830 0.6170
vn -0.8565 -0.3860 0.3426
vn -0.9508 -0.2239 0.2142
vn -0.8997 -0.3149 0.3023
vn 0.0007 -0.9067 0.4217
vn 0.0009 -0.8796 0.4758
vn -0.0187 -0.7658 0.6428
vn -0.0199 -0.7703 0.6374
vn 0.0082 -0.7935 -0.6085
vn 0.0603 -0.9681 -0.2434
vn -0.9827 -0.1841 -0.0226
vn -0.9882 0.0197 0.1521
vn -0.9873 0.1586 -0.0077
vn -0.9622 0.2215 0.1583
vn -0.9757 0.1250 0.1799
vn -0.9849 -0.1608 0.0646
vn -0.9182 0.3034 0.2547
vn 0.0152 0.9885 0.1507
vn 0.0288 0.9283 0.3707
vn -0.0217 0.7933 0.6084
vn -0.0100 0.6910 0.7228
vn -0.0013 0.7219 0.6920
vn -0.9759 -0.0041 0.2180
vn -0.0618 0.0121 0.9980
vn -0.9920 0.0735 -0.1030
vn -0.9956 -0.0131 0.0923
vn -0.9934 0.0701 -0.0910
vn -0.9979 0.0110 0.0633
vn -0.9761 0.0876 0.1987
vn -0.1071 0.1979 0.9744
vn -0.9752 0.0418 0.2172
vn -0.0815 0.2756 0.9578
vn -0.0831 0.0709 0.9940
vn -0.0667 0.0138 0.9977
vn -0.9902 0.0622 0.1252
vn -0.8423 0.0555 0.5361
vn -0.9853 0.0168 0.1700
vn -0.9778 -0.0714 0.1971
vn -0.0366 0.6834 0.7291
vn -0.1056 0.1362 0.9850
vn -0.9997 0.0014 0.0245
vn -0.9244 0.0685 0.3752
vn -0.9978 0.0338 0.0576
vn -0.9213 0.0671 0.3831
vn -0.9951 -0.0515 0.0846
vn -0.9552 -0.1546 0.2525
vn -0.9948 0.0759 0.0685
vn -0.1095 -0.3602 0.9264
vn -0.7198 -0.0289 0.6936
vn -0.2884 -0.5819 0.7604
vn -0.3193 -0.6942 0.6451
vn -0.6770 -0.4233 0.6021
vn -0.9529 0.2414 -0.1835
vn -0.9508 0.2351 -0.2018
vn -0.9538 0.1150 -0.2774
vn -0.9600 0.1415 -0.2415
vn -0.9656 -0.0232 -0.2591
vn -0.9537 -0.0733 -0.2916
vn -0.9562 -0.1924 -0.2208
vn -0.9639 -0.1710 -0.2043
vn -0.9813 0.0122 0.1920
vn -0.9938 0.0484 0.1002
vn -0.9955 0.0480 0.0822
vn -0.9948 0.0980 0.0276
vn -0.9938 0.1072 0.0279
vn -0.9942 0.1073 0.0018
vn -0.9959 0.0863 -0.0263
vn -0.9960 0.0873 0.0179
vn -0.9715 0.0872 -0.2205
vn -0.9713 0.2352 -0.0341
vn -0.8975 -0.2830 0.3383
vn -0.9469 -0.0088 0.3215
vn -0.9430 -0.1955 0.2694
vn -0.9416 0.0981 0.3220
vn -0.9391 -0.0396 0.3412
vn -0.9202 0.2863 0.2669
vn -0.9381 0.0890 0.3349
vn -0.9320 0.2856 0.2233
vn -0.2731 -0.9542 0.1225
vn -0.2479 -0.8433 -0.4768
vn -0.2724 -0.9541 0.1240
vn 0.1166 -0.6095 0.7842
vn -0.2228 -0.6107 0.7599
vn -0.2781 -0.6992 0.6586
vn -0.2318 0.0801 0.9695
vn -0.2338 0.0753 0.9694
vn -0.2533 -0.5541 0.7929
vn -0.2132 0.5199 0.8272
vn -0.2157 0.5120 0.8314
vn -0.2044 0.7953 0.5707
vn -0.2028 0.7985 0.5668
vn -0.2105 0.9675 0.1400
vn -0.2035 0.9715 0.1216
vn 0.0045 0.7688 -0.6395
vn -0.2157 0.9199 -0.3275
vn -0.1428 0.7780 -0.6118
vn -0.1922 0.1003 -0.9762
vn -0.1842 0.7574 -0.6264
vn -0.1777 0.0718 -0.9815
vn -0.2041 -0.4709 -0.8582
vn -0.2190 -0.4091 -0.8858
vn -0.2221 -0.8850 -0.4092
vn -0.0196 -0.7468 0.6648
vn 0.0000 -0.6736 0.7391
vn 0.0007 -0.5695 0.8220
vn 0.0040 -0.5505 0.8348
vn 0.0087 -0.6470 -0.7624
vn 0.0049 -0.4761 0.8794
vn -0.0020 -0.5012 0.8653
vn 0.0068 -0.3896 0.9210
vn 0.0268 -0.5363 -0.8436
vn 0.0057 -0.3664 0.9304
vn 0.0068 -0.3599 0.9330
vn 0.0052 -0.1498 0.9887
vn -0.0068 -0.2142 0.9768
vn -0.0092 -0.0515 0.9986
vn -0.0330 -0.1581 0.9869
vn 0.8568 0.4964 -0.1399
vn 0.9372 0.2919 0.1911
vn 0.4945 0.6806 0.5405
vn 0.5748 0.8008 0.1685
vn 0.4717 0.8169 0.3318
vn 0.9994 0.0028 0.0343
vn 0.9384 0.2917 0.1855
vn 0.9961 0.0689 -0.0543
vn 0.9500 -0.2811 -0.1358
vn 0.8846 -0.4102 0.2216
vn 0.9588 -0.2817 -0.0380
vn 0.7736 -0.6226 0.1177
vn 0.4261 -0.7076 0.5637
vn 0.3980 -0.6785 0.6175
vn 0.3617 0.5012 0.7861
vn 0.3683 0.4405 0.8188
vn 0.3384 0.9346 0.1095
vn 0.5547 0.8196 -0.1431
vn 0.3469 0.7395 -0.5769
vn 0.4223 -0.6050 -0.6750
vn 0.4789 -0.5183 -0.7085
vn 0.4843 -0.6709 -0.5616
vn -0.9945 -0.0670 -0.0806
vn -0.0340 -0.2166 0.9757
vn 0.3576 0.1234 0.9257
vn 0.3961 -0.9145 -0.0826
vn -0.1169 0.0403 0.9923
vn -0.0612 0.1424 0.9879
vn 0.4950 -0.8604 0.1214
vn 0.4875 -0.8536 -0.1834
vn 0.3996 -0.8793 0.2590
vn 0.4220 0.0257 0.9062
vn 0.3574 0.1224 0.9259
vn 0.4773 0.5191 0.7091
vn 0.4200 0.0588 0.9056
vn 0.6367 0.1533 0.7557
vn 0.0018 -0.3184 -0.9480
vn 0.0280 0.9837 -0.1777
vn -0.0041 0.1454 -0.9894
vn -0.3498 0.5847 0.7320
vn -0.2515 0.5840 0.7718
vn 0.0237 0.9846 -0.1734
vn 0.0326 0.6563 0.7538
vn 0.1481 0.2156 0.9652
vn 0.1831 0.3103 0.9328
vn 0.7877 0.0700 0.6121
vn 0.8411 0.2234 0.4926
vn 0.8003 0.0622 0.5963
vn -0.0339 0.8319 0.5540
vn -0.0696 0.8814 0.4673
vn -0.0177 0.5559 0.8311
vn 0.5750 0.1010 0.8119
vn 0.5562 0.6038 0.5710
vn 0.3999 0.6757 0.6192
vn 0.6192 0.4258 0.6598
vn 0.1613 -0.0473 0.9858
vn 0.5142 -0.0204 0.8574
vn 0.4886 0.3312 0.8072
vn 0.4783 0.0146 0.8781
vn 0.7284 -0.0028 0.6851
vn 0.8888 -0.0970 0.4478
vn 0.1761 -0.9612 -0.2124
vn 0.8105 0.3748 0.4501
vn 0.2275 0.4718 -0.8519
vn 0.4374 0.4885 0.7550
vn -0.0794 0.4886 -0.8689
vn -0.5338 0.7816 0.3227
vn -0.0831 -0.9864 -0.1416
vn -0.0921 0.4954 -0.8638
vn -0.0833 0.1447 0.9860
vn 0.0757 -0.1309 -0.9885
vn 0.0587 -0.1133 -0.9918
vn 0.0019 -0.1151 -0.9934
vn 0.0472 0.4092 0.9112
vn 0.6181 0.3523 0.7027
vn -0.4324 0.8468 0.3098
vn -0.0313 0.4201 0.9069
vn 0.2593 0.8361 0.4834
vn 0.0475 0.3635 0.9304
vn 0.0336 0.4379 0.8984
vn 0.0869 -0.5581 -0.8252
vn -0.0719 0.9959 0.0546
vn -0.6728 0.7385 -0.0446
vn -0.0625 -0.5216 0.8509
vn -0.4847 -0.0265 -0.8743
vn -0.0380 -0.4227 0.9055
vn -0.8663 0.2638 0.4242
vn -0.7861 0.4043 0.4675
vn 0.1224 -0.5050 -0.8544
vn 0.4856 -0.8478 0.2130
vn -0.0770 0.9951 0.0613
vn -0.1146 -0.1786 0.9772
vn -0.5710 0.8106 -0.1298
vn -0.6740 0.7376 -0.0420
vn -0.0963 0.9879 0.1213
vn -0.1133 0.8958 0.4298
vn -0.0981 0.9876 0.1229
vn -0.0447 0.8146 0.5783
vn -0.3010 0.9463 0.1183
vn -0.3682 0.9180 0.1473
vn -0.0862 0.9847 -0.1517
vn -0.0159 0.9432 -0.3319
vn -0.0028 -0.0211 -0.9998
vn 0.2169 -0.9562 0.1967
vn -0.0972 0.9396 0.3281
vn 0.2372 -0.9079 -0.3456
vn 0.2341 0.0716 -0.9696
vn 0.2041 0.9460 0.2520
vn -0.5616 0.6233 0.5442
vn -0.1798 -0.9354 0.3044
vn 0.5699 0.8203 0.0484
vn 0.1261 0.1309 -0.9833
vn -0.4995 0.6732 0.5453
vn 0.8684 0.3984 0.2954
vn -0.0693 -0.2392 -0.9685
vn -0.1623 -0.4882 0.8575
vn -0.2958 -0.4340 0.8509
vn -0.4614 0.8840 -0.0750
vn -0.0677 0.5208 0.8510
vn -0.1372 0.0764 0.9876
vn -0.1293 0.3849 0.9139
vn -0.1352 0.6813 -0.7194
vn -0.1515 0.6794 -0.7179
vn 0.0330 0.5609 -0.8272
vn -0.1712 -0.0239 -0.9849
vn -0.4454 0.1082 -0.8888
vn -0.2474 0.0700 -0.9664
vn -0.1675 0.3521 0.9208
vn -0.0247 0.3709 0.9283
vn -0.0951 0.7949 0.5993
vn -0.0704 0.2622 0.9624
vn -0.1849 0.4083 0.8939
vn -0.1893 0.4498 0.8728
vn -0.1652 0.0487 0.9851
vn -0.1839 -0.2807 0.9420
vn -0.2165 -0.3633 0.9062
vn -0.1631 -0.3661 0.9162
vn -0.3568 0.0545 0.9326
vn -0.3867 0.0741 0.9192
vn -0.2513 -0.3665 -0.8959
vn 0.0250 0.0740 -0.9969
vn -0.6666 -0.5928 0.4519
vn 0.0136 -0.6223 -0.7827
vn -0.2448 -0.7051 0.6655
vn -0.1438 -0.7838 0.6041
vn -0.2421 -0.9660 0.0907
vn -0.2683 -0.9553 0.1242
vn -0.4788 -0.8528 0.2087
vn -0.2530 -0.8946 -0.3683
vn 0.0424 -0.2423 -0.9693
vn 0.1401 -0.9830 -0.1187
vn -0.3041 -0.2433 0.9210
vn -0.1664 -0.2407 0.9562
vn -0.3906 -0.1267 0.9118
vn -0.1697 -0.5465 0.8201
vn -0.0711 -0.6182 0.7828
vn -0.1732 -0.5378 0.8251
vn -0.0719 -0.6900 0.7203
vn -0.0078 0.2279 -0.9737
vn 0.1347 0.8337 -0.5355
vn 0.0100 -0.7416 0.6708
vn -0.0759 -0.6963 0.7138
vn 0.0485 -0.7311 0.6806
vn -0.0686 -0.7347 0.6750
vn -0.0368 -0.7705 0.6364
vn 0.0572 -0.6491 0.7586
vn -0.0933 -0.7301 0.6770
vn -0.0942 -0.7906 0.6050
vn -0.0933 0.9070 0.4106
vn 0.4838 0.5678 0.6660
vn 0.4565 0.6846 0.5683
vn -0.1690 -0.6603 0.7317
vn -0.1240 -0.6418 0.7568
vn -0.0784 -0.7135 0.6963
vn -0.0706 -0.6750 0.7344
vn -0.4208 -0.3633 0.8312
vn -0.3180 -0.3678 0.8739
vn -0.1617 -0.5920 0.7896
vn -0.2110 -0.6763 0.7058
vn -0.1297 -0.6296 0.7660
vn -0.3162 -0.1088 0.9424
vn -0.2992 0.0007 0.9542
vn 0.0596 0.2605 -0.9636
vn 0.1906 0.6359 -0.7479
vn -0.2764 0.2796 0.9195
vn -0.2763 0.3062 0.9110
vn 0.1958 0.9264 -0.3215
vn -0.0035 0.7345 -0.6786
vn 0.2384 0.9174 -0.3188
vn -0.1710 0.7892 0.5899
vn -0.1788 0.8315 0.5259
vn 0.0120 0.4943 -0.8692
vn 0.0156 0.5267 -0.8499
vn -0.1329 0.8846 0.4470
vn 0.0057 0.5456 -0.8380
vn 0.0011 -0.3141 0.9494
vn 0.0148 0.6759 -0.7369
vn -0.0278 0.2881 0.9572
vn 0.0033 0.9455 -0.3255
vn 0.0427 -0.9491 -0.3120
vn 0.1253 -0.9919 0.0223
vn 0.3039 -0.9523 0.0257
vn 0.1504 -0.9861 0.0702
vn 0.2507 -0.9680 -0.0054
vn 0.1898 -0.9446 0.2678
vn 0.4407 -0.8786 0.1840
vn 0.0452 -0.9679 0.2473
vn 0.1018 -0.9924 0.0691
vn 0.1173 -0.9910 0.0646
vn 0.2715 -0.9604 0.0631
vn 0.4304 -0.8937 0.1268
vn 0.4324 -0.8912 0.1370
vn -0.0295 -0.8061 -0.5910
vn 0.0085 -0.8838 -0.4678
vn 0.0059 -0.8305 -0.5570
vn -0.0196 -0.6432 -0.7655
vn 0.0421 -0.7038 -0.7092
vn 0.0164 -0.6208 -0.7838
vn 0.9768 -0.1783 -0.1182
vn 0.9525 0.1133 -0.2827
vn 0.2549 -0.2573 0.9321
vn 0.2767 0.9322 0.2334
vn 0.3694 0.9215 0.1200
vn 0.3495 -0.3013 0.8872
vn 0.1931 -0.9660 0.1717
vn 0.3097 0.0365 -0.9501
vn 0.2378 -0.9624 0.1315
vn 0.2364 0.0916 -0.9673
vn 0.3761 0.8587 0.3481
vn 0.2993 0.9349 -0.1907
vn 0.3701 0.8864 -0.2782
vn 0.3448 0.8495 0.3994
vn 0.3291 0.5281 0.7828
vn 0.2536 0.7537 -0.6064
vn 0.2998 0.6657 -0.6834
vn 0.3014 0.2990 -0.9054
vn 0.2627 0.3906 -0.8823
vn 0.2856 -0.0555 0.9567
vn 0.3504 0.3835 0.8545
vn 0.2978 0.0729 0.9518
vn 0.0377 -0.1296 -0.9908
vn 0.2920 -0.1082 -0.9503
vn 0.2973 -0.1190 -0.9473
vn 0.2443 -0.4358 0.8662
vn 0.2486 -0.1232 0.9607
vn 0.3071 -0.5481 -0.7780
vn 0.2920 -0.5031 -0.8134
vn 0.0388 -0.4098 -0.9113
vn 0.2361 -0.7188 0.6538
vn 0.2417 -0.4450 0.8623
vn 0.2920 -0.9168 0.2723
vn 0.2869 -0.6190 0.7311
vn 0.3007 -0.7342 -0.6087
vn 0.3010 -0.7347 -0.6080
vn 0.2975 -0.9325 -0.2048
vn 0.2959 -0.9323 -0.2081
vn 0.2962 -0.9130 0.2804
vn -0.0126 -0.3090 -0.9510
vn 0.0951 0.9807 -0.1708
vn 0.1755 0.2122 -0.9613
vn 0.2403 0.9313 -0.2737
vn 0.2260 0.4746 0.8507
vn 0.2014 0.2649 -0.9430
vn 0.7777 0.6156 -0.1271
vn 0.6608 0.2261 -0.7157
vn 0.2479 0.7311 -0.6356
vn 0.3659 0.4668 0.8051
vn 0.4406 0.3916 0.8078
vn 0.5459 0.4804 0.6865
vn 0.3450 0.3038 0.8881
vn 0.0015 0.8629 0.5054
vn 0.1491 0.8403 0.5212
vn 0.2438 0.8461 0.4740
vn 0.1301 0.0871 0.9877
vn 0.0170 -0.0108 0.9998
vn 0.2232 0.0382 0.9740
vn 0.2914 -0.3371 -0.8953
vn 0.2465 -0.2716 -0.9303
vn 0.0030 -0.2297 -0.9733
vn 0.1526 0.9552 0.2537
vn 0.2071 0.9005 0.3824
vn 0.2354 0.6636 0.7101
vn 0.2618 -0.9634 0.0578
vn -0.3712 0.7348 0.5676
vn -0.7774 0.6279 -0.0371
vn 0.6639 -0.2483 0.7054
vn -0.0566 0.4938 -0.8677
vn -0.6719 -0.1414 0.7270
vn -0.0613 -0.9554 0.2888
vn 0.5257 0.8304 0.1846
vn 0.3486 -0.1183 -0.9298
vn 0.3598 0.6494 -0.6699
vn -0.1658 0.9520 0.2573
vn 0.2306 0.2932 0.9278
vn -0.5370 -0.7681 -0.3488
vn -0.9266 0.2035 0.3164
vn -0.5751 -0.1139 0.8101
vn 0.2706 0.3296 0.9045
vn -0.1139 -0.9307 0.3477
vn 0.2229 -0.4412 0.8693
vn -0.5276 -0.6252 0.5751
vn 0.6934 -0.6576 -0.2946
vn 0.1599 -0.4072 0.8992
vn 0.4446 -0.4129 -0.7949
vn 0.2543 -0.2016 -0.9459
vn 0.8649 0.2776 0.4182
vn -0.7456 -0.3163 -0.5865
vn 0.6731 0.7323 0.1034
vn -0.5527 -0.7900 -0.2654
vn 0.2291 0.1863 0.9554
vn 0.3467 0.9286 -0.1322
vn 0.2293 0.9689 -0.0928
vn 0.1595 0.9462 -0.2816
vn 0.4310 0.8981 -0.0872
vn -0.2331 -0.9676 0.0967
vn 0.8258 0.5614 -0.0534
vn 0.2583 0.8957 -0.3618
vn -0.1155 -0.9673 0.2257
vn -0.0814 0.9948 0.0611
vn 0.2503 0.9674 0.0385
vn 0.2245 0.9739 -0.0322
vn -0.5949 0.7961 -0.1110
vn -0.1345 0.0872 0.9871
vn -0.0603 0.0758 0.9953
vn 0.1573 0.0491 0.9863
vn -0.0093 -0.3633 0.9316
vn -0.1724 -0.8627 -0.4754
vn -0.0474 -0.9967 0.0655
vn -0.4968 -0.8419 -0.2107
vn 0.2045 0.9771 -0.0595
vn -0.0068 -0.9993 0.0370
vn 0.6197 0.7843 0.0302
vn 0.4573 0.6017 -0.6549
vn -0.7945 0.5961 -0.1159
vn 0.2478 0.9519 -0.1801
vn 0.0184 0.9159 -0.4010
vn -0.7481 0.3986 -0.5305
vn -0.1305 0.8850 -0.4469
vn 0.6128 -0.7371 -0.2848
vn -0.2408 0.2181 -0.9458
vn -0.4542 0.8425 0.2897
vn -0.0268 0.8515 -0.5237
vn -0.1035 -0.9039 -0.4150
vn -0.4872 0.8380 -0.2457
vn -0.8900 0.3358 0.3085
vn 0.2652 -0.8966 -0.3545
vn 0.3546 -0.6887 -0.6324
vn 0.4408 -0.8590 0.2602
vn -0.9381 0.2661 -0.2216
vn 0.4994 -0.6853 -0.5300
vn -0.9127 0.0417 0.4066
vn 0.0879 0.0968 0.9914
vn 0.2520 0.9647 -0.0762
vn 0.0821 -0.5287 0.8448
vn 0.5603 -0.5024 0.6585
vn 0.4105 -0.8442 0.3447
vn 0.2255 0.7422 0.6311
vn 0.6390 -0.6921 -0.3358
vn 0.2135 -0.9282 -0.3046
vn 0.4811 0.0962 -0.8714
vn 0.0714 0.7066 0.7040
vn 0.7060 -0.1673 -0.6881
vn 0.9807 -0.0655 0.1841
vn 0.1695 0.6204 0.7657
vn 0.4220 -0.4976 -0.7578
vn 0.4053 -0.4824 -0.7766
vn -0.3425 0.8652 0.3662
vn 0.4252 0.1432 0.8937
vn -0.6758 0.7324 -0.0833
vn -0.7865 0.5987 0.1518
vn 0.4228 -0.7882 -0.4471
vn -0.3410 0.9305 -0.1335
vn 0.8993 0.1681 0.4037
vn 0.2090 0.9713 -0.1134
vn -0.6521 0.7396 0.1664
vn -0.3826 0.6643 0.6421
vn -0.8243 0.3428 0.4505
vn -0.4001 0.5104 0.7612
vn 0.0082 0.0047 -1.0000
vn 0.3447 -0.8972 -0.2760
vn 0.0422 -0.9444 -0.3260
vn -0.5785 0.1243 0.8062
vn -0.5891 0.6734 0.4466
vn -0.7311 0.0944 0.6757
vn -0.5512 0.3456 0.7595
vn -0.5311 0.8241 0.1968
vn -0.3990 0.9024 0.1627
vn -0.4709 0.8701 0.1455
vn -0.5879 0.7828 0.2041
vn -0.5717 0.6585 0.4895
vn 0.0024 0.0919 -0.9958
vn 0.0271 0.1125 -0.9933
vn -0.9504 0.2661 0.1611
vn -0.1458 -0.1680 0.9749
vn -0.5268 0.6100 0.5919
vn -0.5768 0.1416 0.8045
vn -0.2509 -0.4298 0.8674
vn 0.0308 0.2375 -0.9709
vn -0.9498 0.2681 0.1610
vn -0.8393 -0.1188 0.5306
vn -0.9569 0.2257 0.1829
vn -0.1873 -0.5482 0.8151
vn -0.5532 -0.3426 0.7594
vn -0.5214 -0.4926 0.6968
vn -0.5609 -0.3725 0.7394
vn -0.1953 -0.6852 0.7017
vn 0.0857 0.2261 -0.9703
vn 0.0158 0.2579 -0.9661
vn -0.6998 -0.0310 0.7136
vn -0.8190 0.2005 0.5376
vn -0.7391 0.6438 0.1983
vn 0.1028 0.8371 -0.5372
vn -0.1060 -0.6216 0.7761
vn -0.1105 -0.7134 0.6920
vn 0.0875 0.2673 -0.9596
vn 0.7280 0.5108 -0.4573
vn 0.5115 0.5165 -0.6867
vn 0.1698 0.8564 -0.4876
vn 0.3348 0.6581 -0.6744
vn 0.7433 0.6605 -0.1061
vn 0.7148 0.4990 -0.4900
vn 0.7038 0.4498 -0.5499
vn 0.5072 0.6589 -0.5554
vn 0.5161 0.5544 -0.6528
vn -0.1496 -0.7277 0.6694
vn -0.1785 -0.7465 0.6410
vn -0.6966 -0.5680 0.4384
vn -0.4444 -0.6970 0.5627
vn -0.6070 -0.1632 0.7777
vn -0.3980 -0.7233 0.5643
vn 0.6417 0.2943 -0.7083
vn 0.0312 -0.6538 0.7561
vn -0.0235 -0.6520 0.7578
vn 0.1580 0.2020 -0.9666
vn -0.1782 -0.7418 0.6465
vn 0.2392 0.9616 -0.1343
vn -0.0393 0.0049 0.9992
vn -0.8994 -0.2205 -0.3774
vn 0.0442 0.1131 -0.9926
vn 0.2156 -0.4735 -0.8540
vn -0.5518 -0.6612 -0.5083
vn -0.9633 0.2333 0.1326
vn 0.0905 0.9892 -0.1154
vn 0.8295 -0.1537 0.5370
vn -0.1496 0.8130 0.5627
vn 0.6851 0.3837 -0.6192
vn 0.6373 0.3576 0.6827
vn 0.9792 0.1820 -0.0893
vn -0.8134 0.5029 0.2924
vn -0.8810 0.2772 0.3833
vn -0.9225 0.1845 0.3392
vn 0.0886 0.1638 0.9825
vn 0.0462 0.2154 0.9754
vn 0.0340 0.6578 0.7524
vn 0.5024 0.5484 -0.6685
vn 0.5716 0.5461 -0.6125
vn 0.6997 0.4730 -0.5354
vn 0.6835 0.5133 -0.5190
vn -0.5377 -0.7524 0.3805
vn 0.8854 0.4108 -0.2175
vn -0.6626 0.0893 0.7436
vn -0.5768 0.1188 0.8082
vn -0.7716 -0.2813 0.5706
vn -0.7695 -0.3778 0.5150
vn 0.0287 0.3532 0.9351
vn 0.5623 0.4478 -0.6952
vn 0.8901 0.3145 0.3298
vn -0.4107 -0.8272 0.3834
vn -0.6212 0.4909 0.6108
vn -0.5455 0.4745 0.6909
vn -0.3018 -0.8008 0.5174
vn -0.3034 -0.9432 0.1355
vn 0.2599 0.9188 -0.2971
vn 0.2507 0.9235 -0.2902
vn 0.2514 0.9230 -0.2913
vn 0.2732 0.9336 -0.2319
vn 0.2435 0.9485 -0.2025
vn 0.0313 0.2470 -0.9685
vn 0.0217 0.2525 -0.9674
vn 0.0211 -0.3935 0.9191
vn 0.0927 -0.2420 0.9658
vn 0.0254 -0.3421 0.9393
vn 0.0739 -0.2221 0.9722
vn 0.5535 0.6725 -0.4913
vn 0.7077 0.4821 -0.5164
vn 0.5549 0.7016 -0.4471
vn 0.6696 0.5973 -0.4414
vn 0.6660 0.6023 -0.4401
vn 0.7008 0.5458 -0.4594
vn 0.6791 0.5060 -0.5318
vn -0.3166 0.2427 0.9170
vn -0.5446 0.4909 0.6800
vn -0.5442 0.4503 0.7079
vn -0.3561 0.3672 0.8593
vn 0.0281 0.3759 -0.9263
vn 0.0258 0.3794 -0.9249
vn 0.0327 0.3447 -0.9381
vn 0.6656 0.5993 -0.4448
vn 0.2148 0.6155 -0.7583
vn 0.4710 0.4654 -0.7493
vn 0.3789 0.5716 -0.7278
vn 0.5717 0.6059 -0.5532
vn -0.2059 0.6503 -0.7312
vn -0.2043 0.6533 -0.7290
vn -0.1706 0.8958 -0.4105
vn -0.1266 0.8758 -0.4658
vn -0.3977 0.4183 0.8166
vn -0.2866 0.4555 0.8428
vn 0.0166 0.4507 -0.8925
vn 0.0217 0.4414 -0.8970
vn 0.5199 0.7499 -0.4091
vn -0.0760 0.7337 0.6752
vn -0.0869 0.7110 0.6978
vn 0.0162 0.4763 -0.8792
vn 0.0110 0.9759 0.2179
vn 0.2973 -0.9390 -0.1729
vn 0.0211 -0.8172 -0.5760
vn 0.0174 -0.7144 -0.6995
vn 0.0189 -0.7165 -0.6973
vn -0.0680 -0.6918 -0.7189
vn 0.0176 -0.6890 -0.7246
vn 0.0197 -0.6255 -0.7800
vn 0.0202 -0.6859 -0.7274
vn 0.0153 -0.5214 -0.8532
vn 0.5535 0.8228 0.1292
vn 0.4271 0.1214 -0.8960
vn 0.4873 0.8720 0.0474
vn 0.4066 0.1369 -0.9033
vn 0.6218 0.2161 0.7528
vn 0.5419 0.3736 0.7528
vn 0.5057 -0.8569 -0.1001
vn 0.2149 -0.9303 0.2973
vn 0.3412 0.5333 0.7740
vn 0.6856 0.6950 0.2166
vn 0.5912 0.4091 0.6950
vn 0.6868 0.7145 -0.1337
vn 0.6381 0.5423 -0.5466
vn 0.5823 0.5983 -0.5504
vn 0.6263 0.1871 -0.7568
vn 0.0383 -0.5350 -0.8440
vn 0.0065 -0.4810 -0.8767
vn 0.8296 0.5058 -0.2363
vn 0.9533 0.2984 -0.0461
vn 0.7681 0.1706 0.6172
vn 0.8061 0.5900 -0.0451
vn 0.7045 0.7097 -0.0008
vn 0.0395 0.8869 0.4603
vn 0.9626 -0.0101 -0.2707
vn 0.8587 0.3567 -0.3679
vn 0.9035 -0.0763 -0.4218
vn 0.9252 -0.0941 -0.3675
vn 0.9510 0.2480 0.1849
vn 0.6738 0.7350 0.0758
vn 0.9408 0.0882 -0.3274
vn 0.8598 0.3556 -0.3664
vn 0.6820 -0.0912 0.7257
vn 0.5567 0.3435 0.7563
vn 0.6035 -0.0561 0.7954
vn 0.8630 0.5045 -0.0253
vn 0.1926 0.6353 0.7478
vn 0.9977 -0.0677 -0.0085
vn 0.1929 0.3930 0.8991
vn 0.2976 0.5325 0.7924
vn 0.9241 -0.1726 -0.3410
vn 0.7925 -0.0436 -0.6083
vn 0.9191 -0.2179 -0.3282
vn 0.6516 -0.4840 0.5841
vn 0.0123 -0.3998 -0.9165
vn 0.0090 -0.4012 -0.9159
vn 0.7813 -0.3299 -0.5298
vn 0.8132 -0.3609 -0.4567
vn 0.1853 0.2107 0.9598
vn 0.1675 0.2519 0.9531
vn 0.7841 -0.3627 -0.5036
vn 0.7395 -0.2857 -0.6095
vn 0.7733 -0.4032 -0.4893
vn -0.0160 -0.3083 -0.9512
vn 0.0120 -0.3363 -0.9417
vn 0.5522 -0.3871 0.7384
vn 0.1641 -0.1439 0.9759
vn 0.2304 -0.2131 0.9495
vn 0.5171 0.7374 0.4346
vn 0.4720 -0.8293 0.2990
vn 0.3631 -0.8571 0.3655
vn 0.4420 -0.3460 -0.8276
vn 0.0106 -0.2216 -0.9751
vn 0.7439 0.4306 0.5110
vn 0.8307 0.3929 0.3944
vn 0.1781 0.5498 0.8161
vn 0.8377 0.4929 0.2351
vn -0.0510 0.9861 0.1579
vn -0.1070 0.5102 0.8534
vn 0.5795 0.0608 0.8127
vn 0.6254 -0.0775 0.7764
vn 0.7913 0.3235 0.5188
vn 0.6237 -0.0756 0.7780
vn 0.9934 0.0233 0.1122
vn 0.2829 0.4603 0.8415
vn 0.8442 -0.1639 -0.5103
vn 0.8505 -0.1312 -0.5094
vn 0.8285 -0.0756 -0.5548
vn 0.8008 0.2509 0.5438
vn 0.7764 0.4518 0.4395
vn 0.8887 0.3928 -0.2364
vn 0.2234 0.8069 0.5468
vn 0.7131 -0.1726 -0.6795
vn 0.7284 -0.1793 -0.6613
vn 0.0132 -0.1227 -0.9924
vn 0.3895 0.9194 -0.0554
vn 0.9042 0.4240 -0.0520
vn 0.4086 0.0148 0.9126
vn 0.8440 0.1207 -0.5226
vn -0.7734 0.1781 -0.6083
vn 0.0304 0.5689 -0.8218
vn -0.4974 0.7845 -0.3703
vn -0.2742 -0.9167 -0.2907
vn 0.5123 -0.5838 -0.6299
vn 0.2403 0.9706 0.0123
vn 0.9199 0.3116 0.2380
vn 0.5223 0.8511 0.0537
vn 0.2383 0.0138 0.9711
vn 0.9176 0.2008 -0.3431
vn 0.8446 0.1174 -0.5223
vn 0.7407 0.5802 0.3388
vn 0.9352 -0.2664 0.2334
vn 0.5711 -0.7853 -0.2391
vn 0.9378 0.2579 0.2325
vn 0.9160 0.2013 0.3471
vn 0.3941 -0.6447 -0.6550
vn 0.6230 -0.5313 -0.5742
vn 0.6651 -0.6166 -0.4212
vn 0.7506 -0.6303 -0.1984
vn 0.8464 -0.2405 -0.4752
vn 0.4751 -0.6704 -0.5700
vn -0.2805 -0.4754 0.8338
vn 0.1662 -0.9805 0.1052
vn 0.4620 -0.8132 -0.3539
vn -0.1022 -0.9179 0.3834
vn 0.1557 0.9876 -0.0211
vn -0.6474 -0.0572 0.7600
vn 0.2844 0.9503 -0.1266
vn -0.1694 -0.5590 0.8117
vn -0.5058 0.8595 0.0740
vn 0.9730 -0.1827 0.1408
vn 0.4086 -0.3308 0.8507
vn 0.6628 -0.5891 -0.4622
vn -0.0318 0.1621 0.9863
vn 0.8817 0.4717 -0.0086
vn -0.3500 0.5696 0.7437
vn 0.1732 0.1284 0.9765
vn 0.4390 0.5556 0.7061
vn 0.4172 -0.2482 0.8742
vn 0.8331 -0.0252 0.5525
vn 0.2624 -0.4603 -0.8481
vn 0.0440 -0.9907 -0.1286
vn 0.6585 -0.7347 -0.1632
vn 0.6858 -0.4593 -0.5646
vn -0.2646 -0.8599 0.4365
vn 0.1093 -0.9589 0.2617
vn -0.0666 -0.9790 -0.1926
vn -0.1527 0.1677 -0.9739
vn -0.4415 0.4205 -0.7926
vn -0.7727 -0.3480 -0.5308
vn 0.2577 -0.5755 -0.7761
vn 0.2441 -0.5693 -0.7850
vn 0.6518 -0.7408 -0.1623
vn 0.4924 -0.6918 0.5281
vn 0.3454 -0.4343 0.8319
vn 0.5095 -0.8605 -0.0070
vn -0.0292 -0.6722 0.7398
vn 0.2631 -0.4812 0.8362
vn 0.2598 -0.8601 0.4391
vn 0.2839 -0.4430 0.8504
vn 0.4913 -0.8655 0.0977
vn 0.2798 -0.9312 0.2335
vn 0.5469 -0.6258 0.5560
vn -0.1985 -0.3886 0.8998
vn -0.1060 -0.2375 0.9656
vn -0.2274 -0.5388 0.8112
vn -0.5578 0.8032 0.2088
vn -0.5642 0.8252 0.0261
vn -0.6778 0.5960 0.4307
vn -0.5698 0.7897 0.2274
vn -0.5730 0.4447 0.6884
vn 0.9867 0.1363 0.0884
vn 0.0158 0.9991 0.0396
vn 0.0489 -0.3440 0.9377
vn 0.9963 -0.0823 -0.0227
vn 0.2950 0.3904 -0.8721
vn 0.3219 -0.9257 0.1987
vn 0.1100 -0.0093 0.9939
vn 0.3554 -0.9198 0.1660
vn -0.6522 0.5269 0.5450
vn -0.4047 0.1409 0.9035
vn -0.6307 0.6596 0.4088
vn -0.4185 0.1551 0.8949
vn -0.4090 -0.7008 0.5845
vn -0.2848 0.7536 0.5924
vn -0.4439 -0.5593 0.7000
vn -0.5182 -0.4583 0.7221
vn -0.4525 0.8657 0.2141
vn 0.5375 0.8184 -0.2032
vn -0.4751 0.8181 0.3240
vn 0.1204 0.7650 0.6327
vn 0.9488 0.2974 0.1066
vn 0.8424 0.3493 0.4104
vn 0.7031 -0.1204 0.7008
vn 0.6882 0.0075 0.7255
vn -0.0287 0.9052 -0.4240
vn 0.8972 0.4412 0.0187
vn 0.4115 -0.2323 -0.8813
vn 0.9866 0.1567 0.0459
vn -0.4310 0.8628 -0.2641
vn -0.0665 0.8172 -0.5725
vn -0.3486 0.9314 0.1048
vn -0.6140 0.7891 -0.0183
vn -0.5344 0.8425 -0.0681
vn -0.3476 0.9328 0.0954
vn -0.7533 0.6198 0.2200
vn 0.6540 0.7449 -0.1318
vn -0.2512 0.9649 0.0760
vn -0.4135 0.4927 0.7657
vn -0.0443 0.4210 -0.9060
vn 0.4062 0.6877 -0.6017
vn -0.0033 0.9297 -0.3682
vn -0.0086 0.9325 -0.3610
vn -0.1637 0.9780 0.1292
vn -0.0934 0.4802 -0.8722
vn -0.4706 -0.7959 0.3809
vn -0.5862 -0.6018 0.5424
vn -0.6921 -0.5413 0.4774
vn -0.6727 -0.4904 -0.5541
vn -0.3565 0.9343 -0.0083
vn -0.1149 -0.7327 -0.6708
vn 0.2138 0.2646 -0.9403
vn 0.2581 0.2460 -0.9343
vn 0.0541 0.5022 -0.8630
vn 0.0228 0.5744 -0.8183
vn 0.0319 0.2777 -0.9601
vn 0.5733 0.5588 -0.5993
vn 0.3575 0.6336 -0.6861
vn 0.5829 0.5566 -0.5920
vn -0.0068 0.4286 -0.9035
vn 0.0059 0.8417 -0.5400
vn -0.0173 0.8564 -0.5159
vn 0.3299 0.5845 -0.7413
vn -0.0106 0.3645 -0.9312
vn -0.0228 0.8475 -0.5304
vn -0.0030 0.8300 -0.5578
vn -0.0687 0.2906 -0.9544
vn -0.0706 0.4102 -0.9092
vn -0.0141 0.4362 -0.8998
vn -0.5555 -0.7934 0.2490
vn -0.4487 -0.6584 0.6043
vn -0.8971 -0.2231 -0.3814
vn -0.8509 -0.2929 -0.4361
vn -0.6359 -0.5306 -0.5605
vn -0.7135 0.6725 0.1964
vn 0.0730 -0.1473 -0.9864
vn -0.6998 -0.3138 -0.6418
vn 0.2740 -0.5371 0.7978
vn -0.6146 -0.7584 0.2170
vn -0.7786 0.1656 0.6053
vn 0.2211 -0.0346 0.9746
vn -0.9446 -0.3271 -0.0261
vn -0.8944 -0.3004 -0.3313
vn -0.7730 -0.6281 -0.0894
vn 0.6930 0.2586 -0.6729
vn -0.8315 -0.4179 -0.3660
vn -0.1577 -0.9613 -0.2258
vn 0.5171 -0.6455 0.5621
vn -0.8704 -0.4895 0.0533
vn 0.2368 0.9647 -0.1150
vn 0.0179 0.9303 -0.3663
vn 0.1300 0.8100 -0.5718
vn 0.1690 0.7894 0.5901
vn 0.3510 0.9173 -0.1880
vn 0.4617 0.6207 0.6337
vn -0.2836 0.9531 -0.1062
vn 0.0105 0.8087 -0.5882
vn 0.0572 -0.1642 -0.9848
vn 0.0451 0.1637 -0.9855
vn 0.0165 -0.4799 -0.8772
vn 0.0292 0.1770 -0.9838
vn 0.0069 0.3401 -0.9404
vn -0.3691 -0.9253 0.0866
vn -0.6512 -0.7583 -0.0294
vn -0.0153 -0.9304 -0.3662
vn 0.6747 -0.6148 0.4084
vn -0.6356 0.5024 0.5862
vn -0.6443 0.4929 0.5848
vn -0.3315 -0.9070 -0.2597
vn -0.7056 -0.6722 -0.2240
vn -0.7179 -0.6384 -0.2775
vn 0.4356 0.7532 0.4928
vn 0.8033 0.5374 -0.2568
vn -0.8886 0.4525 0.0748
vn 0.1804 0.7275 0.6620
vn -0.3867 0.6672 0.6367
vn -0.7254 -0.6848 0.0690
vn -0.0842 -0.1466 0.9856
vn -0.5928 0.5156 -0.6186
vn -0.5688 0.8013 -0.1854
vn -0.6552 0.7459 0.1201
vn 0.2146 -0.1675 0.9622
vn -0.0290 0.2359 -0.9713
vn -0.8996 -0.4274 -0.0893
vn -0.5693 0.5301 0.6284
vn -0.4888 0.5247 0.6970
vn 0.2474 0.7485 -0.6153
vn -0.7199 -0.0257 -0.6936
vn -0.4421 0.4652 0.7669
vn -0.2818 0.5998 0.7489
vn -0.2496 0.4748 0.8439
vn -0.2525 0.4757 0.8425
vn -0.4924 0.5818 0.6473
vn -0.8873 -0.4561 -0.0679
vn -0.4482 0.4220 0.7881
vn -0.3605 0.8012 0.4776
vn -0.7564 -0.6494 -0.0785
vn 0.1245 -0.4833 0.8665
vn 0.1077 -0.3700 0.9228
vn 0.0805 -0.3163 0.9453
vn -0.0843 0.8926 -0.4429
vn -0.0841 0.8922 -0.4437
vn -0.9499 -0.1595 -0.2688
vn -0.4484 0.5954 0.6667
vn -0.1046 0.6971 0.7093
vn -0.2364 0.9464 0.2201
vn -0.8844 0.0474 -0.4643
vn -0.1789 0.7697 0.6128
vn 0.0278 0.5247 -0.8508
vn -0.0031 0.9988 0.0481
vn 0.0152 0.5624 -0.8267
vn 0.0324 0.6658 -0.7454
vn -0.0466 -0.3840 0.9221
vn -0.0430 0.9792 0.1982
vn 0.4138 -0.9102 -0.0163
vn 0.1151 -0.8703 -0.4789
vn 0.3299 -0.9016 -0.2799
vn 0.2510 -0.9674 -0.0342
vn 0.0428 -0.8207 -0.5697
vn 0.1152 -0.8709 -0.4778
vn 0.7119 -0.6776 0.1847
vn 0.5469 -0.8042 0.2327
vn 0.1203 -0.6903 -0.7134
vn 0.0371 -0.5208 -0.8528
vn 0.9487 0.2953 0.1132
vn 0.7862 0.4007 0.4705
vn 0.8656 0.3607 0.3473
vn 0.8191 0.4074 0.4038
vn 0.8309 0.3979 0.3890
vn 0.8303 0.3860 0.4021
vn 0.9175 0.2164 -0.3337
vn 0.9662 0.0184 -0.2571
vn 0.9579 0.2207 -0.1834
vn 0.9663 0.1304 0.2219
vn 0.7831 0.6214 0.0234
vn 0.8544 0.5163 0.0589
vn 0.9803 0.1765 0.0884
vn 0.7693 0.6266 0.1248
vn 0.1979 0.8670 0.4573
vn 0.3953 0.8635 0.3133
vn 0.5807 0.5001 0.6424
vn 0.9929 -0.0161 0.1180
vn 0.9884 -0.1008 0.1139
vn 0.9998 0.0160 0.0092
vn 0.9836 0.1379 -0.1165
vn 0.8181 0.4075 0.4058
vn 0.7682 0.6282 0.1239
vn 0.9715 -0.1584 -0.1764
vn 0.9154 0.0506 -0.3994
vn 0.9088 0.1116 -0.4019
vn 0.1594 0.5670 0.8082
vn 0.9985 -0.0536 -0.0097
vn 0.9926 -0.0106 -0.1206
vn 0.9992 -0.0141 -0.0362
vn 0.9782 -0.0145 -0.2071
vn 0.9857 -0.0690 -0.1536
vn 0.9362 0.0221 -0.3507
vn 0.9334 -0.0162 -0.3585
vn 0.9364 -0.0282 -0.3497
vn 0.9320 0.0374 -0.3605
vn 0.8696 0.3126 -0.3822
vn 0.9146 0.1335 -0.3816
vn 0.9145 0.0341 -0.4032
vn 0.9154 -0.0091 -0.4025
vn 0.9087 -0.0009 -0.4173
vn 0.9017 0.0559 -0.4287
vn -0.0084 0.3592 0.9332
vn 0.0835 0.2785 0.9568
vn 0.9985 -0.0252 -0.0483
vn 0.9784 -0.0230 -0.2055
vn 0.9964 -0.0520 -0.0664
vn 0.9873 -0.0873 -0.1325
vn 0.9960 0.0731 -0.0516
vn 0.9912 -0.0698 0.1125
vn 0.8363 -0.2974 -0.4606
vn 0.8316 -0.3054 -0.4639
vn 0.9579 -0.2007 0.2052
vn 0.9555 -0.2100 0.2072
vn 0.9992 -0.0292 -0.0276
vn 0.9994 -0.0193 -0.0277
vn 0.8847 -0.0293 0.4652
vn 0.8812 -0.0231 0.4721
vn 0.8245 -0.4140 -0.3857
vn 0.8243 -0.4074 -0.3931
vn 0.8534 -0.3339 -0.4004
vn 0.8490 -0.3342 -0.4092
vn 0.9350 0.2315 0.2685
vn 0.9326 0.2301 0.2780
vn 0.1284 -0.9824 0.1356
vn 0.1302 -0.1573 0.9789
vn 0.1727 -0.2011 0.9642
vn 0.8235 -0.3262 -0.4641
vn 0.1891 -0.4328 -0.8815
vn 0.7848 -0.3951 -0.4775
vn 0.1790 -0.9835 0.0256
vn 0.0737 -0.3545 -0.9322
vn 0.9740 0.2050 -0.0969
vn -0.0202 0.2220 -0.9748
vn 0.9728 0.2291 -0.0338
vn 0.8488 -0.4802 -0.2212
vn 0.1441 0.0398 -0.9888
vn 0.8836 0.4419 0.1549
vn -0.0333 0.9906 0.1330
vn 0.8459 -0.0420 0.5317
vn -0.9251 -0.2911 -0.2437
vn 0.0070 -0.9180 0.3965
vn 0.8799 0.1125 0.4617
vn 0.4180 0.2806 0.8640
vn -0.8846 0.4570 -0.0926
vn 0.2762 0.9113 0.3054
vn 0.0382 0.5955 0.8024
vn 0.9870 -0.0208 -0.1594
vn 0.9814 0.0113 -0.1918
vn 0.9281 -0.0976 -0.3594
vn 0.9227 -0.0551 -0.3815
vn 0.9296 -0.0754 -0.3608
vn 0.9977 0.0397 -0.0550
vn 0.9942 0.0675 -0.0833
vn 0.9811 -0.0125 -0.1930
vn 0.9745 0.0095 -0.2241
vn 0.9205 -0.0435 -0.3884
vn 0.9226 -0.0496 -0.3825
vn -0.0031 0.2768 0.9609
vn 0.8947 0.3969 0.2050
vn 0.8914 0.2581 0.3725
vn 0.9937 0.0745 -0.0840
vn 0.9537 0.2229 -0.2021
vn 0.9745 0.0024 -0.2243
vn 0.9220 0.1363 -0.3624
vn 0.9007 0.0194 -0.4340
vn 0.9203 -0.0325 -0.3899
vn 0.3847 -0.2061 0.8997
vn 0.9545 0.2198 -0.2015
vn 0.5862 0.6225 -0.5184
vn 0.9193 -0.0550 -0.3898
vn 0.8340 0.1136 -0.5400
vn 0.8571 -0.0130 -0.5150
vn 0.9032 -0.0639 -0.4243
vn 0.0518 -0.2550 -0.9656
vn -0.4623 -0.3892 -0.7967
vn 0.2552 -0.9600 0.1149
vn 0.1353 0.1484 0.9796
vn 0.8640 -0.1709 -0.4736
vn 0.8447 0.0156 -0.5350
vn 0.8667 -0.1706 -0.4687
vn 0.8580 -0.1535 -0.4902
vn 0.8863 0.2804 0.3686
vn -0.5913 -0.6141 0.5228
vn 0.0497 0.0558 0.9972
vn -0.2588 -0.8911 0.3729
vn 0.3444 -0.2331 0.9094
vn 0.2828 -0.7687 0.5737
vn 0.8571 -0.1376 -0.4965
vn 0.8658 -0.1557 -0.4756
vn 0.1151 -0.0233 0.9931
vn 0.0643 0.0099 0.9979
vn -0.8202 -0.2511 0.5140
vn 0.8276 -0.1459 -0.5421
vn 0.8531 -0.2047 -0.4800
vn 0.8475 -0.1274 -0.5153
vn 0.8564 -0.1462 -0.4952
vn 0.7574 -0.2916 -0.5842
vn 0.6367 -0.3035 -0.7089
vn 0.7242 -0.4120 -0.5530
vn 0.0325 -0.1115 -0.9932
vn 0.6656 -0.4275 -0.6118
vn 0.5169 -0.5417 -0.6628
vn 0.5786 -0.6972 -0.4233
vn 0.5803 -0.6224 -0.5252
vn 0.0360 -0.0411 -0.9985
vn 0.7742 -0.5577 0.2993
vn 0.8238 -0.2041 0.5289
vn 0.6712 0.1976 -0.7145
vn 0.6689 0.5583 -0.4907
vn 0.8907 -0.2612 -0.3720
vn 0.7670 -0.6400 -0.0456
vn 0.3785 -0.8837 -0.2753
vn 0.3904 -0.3142 -0.8654
vn 0.8886 -0.3759 -0.2630
vn 0.8963 -0.3607 -0.2579
vn 0.3675 -0.4194 -0.8301
vn 0.5782 -0.5816 -0.5722
vn 0.5620 -0.5233 -0.6406
vn 0.4973 -0.7429 -0.4481
vn 0.5203 -0.7164 -0.4648
vn 0.5427 -0.6515 -0.5301
vn 0.3764 0.9132 0.1560
vn 0.1222 0.0521 0.9911
vn 0.3377 0.9262 0.1675
vn 0.2933 -0.0142 0.9559
vn -0.5674 0.0793 -0.8196
vn 0.3243 0.0166 -0.9458
vn 0.2214 0.0456 -0.9741
vn 0.0188 0.0055 -0.9998
vn 0.1399 0.9350 0.3257
vn 0.3458 0.3318 -0.8777
vn 0.8610 -0.4683 -0.1983
vn 0.1306 -0.8882 0.4404
vn 0.5807 -0.6393 0.5041
vn -0.9163 0.3456 0.2024
vn -0.9887 0.1468 0.0300
vn -0.9877 0.1516 0.0380
vn -0.9914 0.1300 0.0145
vn 0.0446 0.0661 -0.9968
vn 0.8314 0.4655 -0.3034
vn 0.6722 0.7327 0.1066
vn 0.7362 0.6017 -0.3097
vn 0.9437 -0.1926 0.2690
vn 0.9741 -0.2228 0.0380
vn 0.8862 0.2547 -0.3871
vn 0.7972 0.5898 -0.1290
vn 0.9800 -0.1638 -0.1126
vn 0.1966 -0.3304 -0.9231
vn 0.3670 -0.4110 -0.8345
vn 0.9587 -0.2775 -0.0627
vn -0.9423 -0.1400 -0.3042
vn 0.8415 -0.1595 0.5162
vn -0.3047 -0.5138 -0.8020
vn 0.2061 0.1826 0.9613
vn -0.2653 0.3839 0.8845
vn -0.8847 0.1844 0.4281
vn -0.8905 0.1753 0.4199
vn -0.9919 -0.0238 -0.1249
vn -0.9742 -0.0922 -0.2060
vn -0.9979 -0.0467 -0.0442
vn -0.9940 -0.0344 0.1042
vn -0.5280 -0.8272 0.1923
vn 0.0478 -0.9628 0.2659
vn 0.2556 -0.9437 0.2099
vn 0.0147 0.1149 -0.9933
vn 0.3136 -0.7890 -0.5283
vn 0.5605 -0.6541 -0.5078
vn -0.5240 0.3755 0.7645
vn -0.9996 0.0277 -0.0089
vn -0.7409 0.6693 0.0565
vn -0.6215 0.7817 -0.0514
vn -0.9021 -0.3369 0.2695
vn -0.7590 0.6479 -0.0650
vn -0.5503 0.6141 -0.5658
vn 0.7149 0.6989 0.0204
vn -0.2199 0.4622 0.8591
vn 0.4325 0.4044 -0.8059
vn 0.7592 0.5704 -0.3134
vn 0.5751 0.7339 -0.3614
vn 0.1692 0.9393 -0.2985
vn 0.4307 0.6737 -0.6005
vn -0.9427 -0.1570 -0.2946
vn 0.8508 -0.3953 -0.3462
vn 0.8910 -0.0125 0.4539
vn 0.2593 0.9626 -0.0785
vn 0.2572 0.2326 0.9380
vn 0.8216 0.5456 -0.1651
vn 0.2638 0.2210 0.9389
vn 0.9965 -0.0277 -0.0783
vn -0.2516 0.1282 -0.9593
vn -0.0951 0.2492 -0.9638
vn -0.4676 0.6042 -0.6453
vn -0.8434 0.3717 -0.3879
vn -0.8543 0.3913 -0.3421
vn -0.9415 -0.2838 0.1816
vn -0.7264 -0.6626 -0.1825
vn -0.9420 -0.2874 -0.1734
vn -0.8644 -0.4516 -0.2213
vn -0.9651 -0.1564 -0.2101
vn -0.8685 -0.2991 -0.3953
vn 0.3917 0.6406 0.6605
vn 0.3856 0.4189 0.8221
vn -0.0223 0.3918 0.9198
vn 0.0919 0.4443 0.8911
vn 0.2115 0.1477 0.9661
vn 0.2559 0.2633 0.9302
vn -0.1204 0.8080 -0.5768
vn -0.1815 0.8525 -0.4902
vn 0.1258 0.6957 -0.7072
vn -0.2698 0.2365 -0.9334
vn -0.2708 0.6356 0.7230
vn -0.6149 0.2530 0.7469
vn -0.2593 0.7304 0.6319
vn -0.0565 -0.0616 0.9965
vn -0.4764 0.5167 -0.7114
vn -0.7279 0.4179 -0.5436
vn -0.8321 0.4178 -0.3646
vn -0.5548 -0.7021 -0.4464
vn 0.6820 -0.6354 -0.3621
vn -0.0502 0.5659 0.8229
vn 0.0780 0.5534 0.8292
vn -0.9780 -0.1739 0.1152
vn -0.9449 -0.1936 0.2640
vn -0.4611 -0.6660 0.5863
vn -0.6515 -0.2448 0.7181
vn 0.0384 0.2568 -0.9657
vn -0.7403 0.4502 -0.4992
vn 0.6352 -0.3070 -0.7087
vn -0.6053 -0.3537 -0.7131
vn -0.1390 0.5873 0.7973
vn 0.0106 0.4265 0.9044
vn -0.0545 0.5236 0.8502
vn 0.0028 0.3501 0.9367
vn -0.1717 0.2504 0.9528
vn 0.0210 0.3323 -0.9429
vn 0.0222 0.3814 -0.9241
vn -0.5278 0.7358 -0.4243
vn -0.1136 0.9565 0.2689
vn -0.9883 0.1286 0.0821
vn -0.9899 0.0350 0.1373
vn -0.9972 0.0173 0.0733
vn -0.9967 0.0365 -0.0725
vn -0.9703 0.0425 -0.2383
vn -0.6080 -0.5673 -0.5554
vn 0.6191 -0.7672 -0.1674
vn -0.0954 0.7349 0.6715
vn 0.0583 0.4557 -0.8882
vn 0.7041 -0.3491 -0.6183
vn -0.5478 -0.0618 -0.8343
vn 0.3665 0.0088 0.9304
vn 0.4005 0.5588 0.7262
vn 0.0771 0.8795 0.4696
vn 0.5182 0.3256 0.7908
vn 0.0713 0.6988 0.7117
vn -0.9164 -0.3633 -0.1682
vn -0.7087 0.2530 0.6586
vn -0.3810 -0.8962 -0.2274
vn 0.2958 -0.7683 0.5676
vn -0.2913 -0.7543 0.5883
vn 0.0309 0.4963 -0.8676
vn 0.0245 0.5270 -0.8495
vn -0.8539 -0.0381 -0.5191
vn -0.5948 0.8017 0.0590
vn -0.5567 0.0073 -0.8307
vn -0.1147 0.8840 -0.4531
vn -0.9993 -0.0297 -0.0216
vn -0.8733 -0.4868 0.0195
vn -0.8570 -0.5146 -0.0256
vn -0.9952 -0.0411 -0.0893
vn -0.8315 -0.4397 -0.3394
vn -0.9730 -0.0491 -0.2257
vn -0.8609 -0.1548 -0.4846
vn -0.9953 -0.0414 -0.0872
vn -0.8663 -0.4116 -0.2832
vn -0.9035 0.0017 -0.4286
vn -0.8976 -0.1706 -0.4064
vn -0.8975 0.2304 -0.3762
vn -0.9020 0.0045 -0.4316
vn -0.9060 0.2492 -0.3422
vn -0.9096 0.3719 -0.1852
vn -0.9998 -0.0105 0.0182
vn -0.9631 0.2687 -0.0117
vn -0.9928 -0.0157 0.1185
vn -0.9428 0.3318 0.0333
vn -0.9124 0.3373 0.2317
vn -0.9898 -0.0102 0.1419
vn -0.9171 0.1856 0.3530
vn -0.9414 -0.0234 0.3363
vn -0.9049 0.0273 0.4247
vn -0.9042 0.1431 0.4023
vn -0.8865 -0.1267 0.4450
vn -0.8723 -0.3391 0.3524
vn -0.8590 -0.3673 0.3566
vn -0.9135 -0.3960 0.0931
vn -0.9310 -0.3343 0.1465
vn -0.9128 -0.3896 0.1225
vn -0.8637 -0.4022 -0.3037
vn -0.8827 -0.4695 -0.0203
vn -0.8606 -0.4198 -0.2883
vn -0.0596 -0.3636 0.9296
vn -0.8591 -0.4158 -0.2983
vn -0.8618 -0.3975 -0.3151
vn -0.8546 0.0216 -0.5189
vn -0.8553 -0.0003 -0.5182
vn -0.8354 -0.1296 0.5342
vn -0.8503 -0.0809 0.5201
vn -0.8314 0.0011 0.5557
vn -0.8424 0.0241 0.5383
vn 0.0156 0.6594 -0.7516
vn -0.8600 0.1990 -0.4699
vn -0.8597 -0.0004 -0.5107
vn -0.8407 0.0416 0.5399
vn -0.8607 0.5055 -0.0606
vn -0.8957 0.4436 0.0297
vn -0.9602 -0.0050 -0.2794
vn -0.9861 0.1606 -0.0432
vn -0.9741 0.2103 -0.0825
vn -0.9046 0.3710 0.2098
vn -0.8646 0.0404 0.5009
vn -0.9090 0.0212 0.4162
vn -0.9130 0.3511 0.2077
vn -0.9996 0.0249 0.0109
vn 0.4947 -0.8358 -0.2381
vn 0.3203 -0.9393 -0.1227
vn 0.6006 -0.7993 -0.0170
vn 0.6614 -0.7501 0.0009
vn 0.3968 -0.7613 0.5127
vn 0.6261 -0.6788 0.3837
vn 0.8124 -0.4076 0.4170
vn 0.8944 -0.0370 0.4458
vn 0.9101 -0.4084 0.0710
vn 0.9918 0.0248 0.1254
vn 0.9171 0.0779 0.3910
vn 0.6406 -0.2287 0.7330
vn 0.6242 -0.6744 0.3943
vn 0.9759 -0.2175 -0.0159
vn 0.9410 -0.2038 -0.2703
vn 0.9367 -0.0259 -0.3491
vn 0.9457 -0.0270 -0.3238
vn 0.9536 -0.0693 -0.2931
vn 0.9489 0.0682 -0.3081
vn 0.9413 0.0529 -0.3334
vn 0.9358 0.0757 -0.3444
vn 0.3737 -0.5735 0.7290
vn 0.0013 -0.7019 -0.7123
vn 0.0459 -0.6559 -0.7534
vn 0.0339 -0.6328 -0.7736
vn 0.7423 0.3704 0.5584
vn 0.7179 0.4368 0.5421
vn 0.9303 -0.0747 -0.3591
vn 0.3905 -0.4235 0.8174
vn 0.7215 0.5883 0.3652
vn 0.5645 0.4091 0.7170
vn 0.6167 0.3189 0.7197
vn 0.7015 0.5305 0.4758
vn 0.4839 0.7805 0.3958
vn 0.9078 0.3477 0.2346
vn 0.8982 0.4000 0.1824
vn 0.9250 0.3539 0.1380
vn 0.9792 0.1807 0.0927
vn 0.9745 0.1997 0.1020
vn 0.7434 0.6170 0.2582
vn 0.9018 0.4018 0.1592
vn 0.8249 0.5418 0.1615
vn 0.9114 0.2905 0.2916
vn 0.9268 0.2225 0.3026
vn 0.8258 0.3075 0.4728
vn 0.8684 0.4942 0.0398
vn 0.9432 0.2924 0.1576
vn 0.8765 0.4739 -0.0847
vn 0.9211 0.3887 -0.0240
vn 0.9614 0.2387 -0.1371
vn 0.9314 0.3623 -0.0360
vn 0.8485 0.4156 -0.3277
vn 0.8686 0.3497 -0.3512
vn 0.9632 0.2628 -0.0570
vn 0.9725 0.2273 -0.0504
vn 0.7468 0.3650 -0.5559
vn 0.9336 0.1892 -0.3043
vn 0.9599 -0.0723 -0.2708
vn 0.9201 0.2556 -0.2967
vn 0.6822 -0.2222 0.6966
vn 0.6690 0.6146 0.4180
vn 0.1839 0.7138 0.6758
vn -0.1114 0.5981 0.7936
vn 0.1277 0.5312 0.8375
vn 0.9356 0.0733 -0.3454
vn 0.9418 0.0544 -0.3316
vn 0.9681 0.1031 -0.2285
vn 0.9781 0.0875 -0.1886
vn 0.9822 0.0615 -0.1775
vn 0.9066 0.2389 0.3478
vn 0.9865 0.1093 0.1217
vn 0.9701 0.1598 0.1824
vn 0.9111 0.2134 0.3525
vn 0.8474 0.2823 0.4496
vn 0.6685 0.2916 0.6841
vn 0.8495 0.0435 0.5258
vn 0.9327 0.1555 0.3253
vn 0.9816 0.1055 0.1590
vn 0.8553 0.1086 -0.5066
vn 0.8088 0.1565 -0.5669
vn 0.9440 0.2100 -0.2545
vn 0.9105 0.0900 -0.4037
vn 0.9087 0.0947 -0.4066
vn 0.0467 -0.5165 -0.8550
vn 0.0575 0.5332 0.8440
vn 0.9470 -0.0131 -0.3210
vn 0.9727 0.0336 -0.2298
vn 0.9818 -0.0057 -0.1896
vn 0.9446 -0.0078 -0.3280
vn 0.9874 0.0829 -0.1351
vn 0.9873 0.0330 -0.1557
vn 0.9994 -0.0080 -0.0345
vn 0.8516 -0.0435 0.5224
vn 0.8613 -0.0346 0.5069
vn 0.9365 -0.0228 0.3499
vn 0.9335 -0.0162 0.3581
vn 0.8289 -0.0287 -0.5586
vn 0.9240 -0.0227 -0.3818
vn 0.9115 0.0116 -0.4111
vn 0.8570 -0.0580 -0.5121
vn 0.9382 -0.0808 -0.3364
vn 0.9818 0.0823 -0.1714
vn 0.9195 -0.0727 -0.3864
vn 0.9778 -0.1292 -0.1647
vn 0.9352 -0.0715 -0.3468
vn 0.9873 0.0333 -0.1550
vn 0.7306 -0.3785 0.5683
vn 0.8652 -0.3275 0.3796
vn 0.5495 -0.5674 0.6133
vn 0.9440 -0.1559 0.2908
vn 0.9622 -0.1952 0.1901
vn 0.9353 -0.1374 0.3261
vn 0.8568 -0.0592 -0.5123
vn 0.9475 -0.1671 -0.2726
vn 0.9164 -0.1178 -0.3824
vn 0.7039 -0.3123 -0.6379
vn 0.9013 -0.2372 -0.3625
vn 0.0510 -0.4068 -0.9121
vn 0.9385 0.0086 -0.3450
vn 0.9478 -0.0471 -0.3155
vn 0.9364 -0.0439 -0.3480
vn 0.9630 -0.0036 -0.2693
vn 0.9517 -0.0513 0.3028
vn 0.7284 -0.5395 0.4224
vn 0.9372 -0.2963 0.1841
vn 0.9457 -0.3158 0.0772
vn 0.9246 -0.2707 0.2678
vn 0.8688 -0.4853 0.0981
vn 0.7639 -0.6168 0.1900
vn 0.7883 -0.5015 -0.3566
vn 0.9006 -0.3211 -0.2931
vn 0.9179 -0.0112 -0.3967
vn 0.9248 -0.3711 -0.0838
vn 0.9156 -0.3390 -0.2161
vn 0.9119 -0.1762 -0.3706
vn 0.8518 -0.5085 -0.1255
vn 0.8559 -0.5052 -0.1104
vn -0.0162 0.2509 0.9679
vn 0.9493 -0.0193 -0.3136
vn 0.9379 -0.0314 -0.3455
vn 0.9722 0.0107 -0.2337
vn 0.9792 -0.0062 -0.2028
vn 0.9216 -0.3513 0.1650
vn 0.9591 -0.2612 0.1093
vn 0.8012 -0.5919 -0.0880
vn 0.9101 -0.4042 -0.0910
vn 0.9003 -0.4308 -0.0618
vn 0.8953 -0.4238 -0.1374
vn 0.8974 -0.4301 0.0980
vn 0.9436 -0.2589 -0.2064
vn 0.9129 -0.4077 -0.0200
vn 0.9087 -0.3869 -0.1568
vn -0.0116 0.1788 0.9838
vn 0.9307 -0.0361 -0.3639
vn 0.9549 -0.0357 -0.2947
vn 0.9341 -0.0383 -0.3550
vn 0.9574 -0.0289 -0.2872
vn 0.9567 -0.0289 -0.2896
vn 0.9654 -0.0405 -0.2578
vn 0.9561 -0.0514 -0.2886
vn 0.9668 -0.0619 -0.2481
vn 0.9236 -0.0922 -0.3722
vn 0.9607 -0.0909 -0.2624
vn 0.9351 -0.3502 -0.0545
vn 0.9258 -0.3740 -0.0550
vn 0.9648 0.0344 0.2609
vn 0.3216 -0.0867 0.9429
vn -0.3623 0.3649 -0.8577
vn 0.7881 0.5408 -0.2941
vn 0.1418 0.9560 0.2567
vn 0.5276 -0.1565 0.8350
vn 0.1160 0.3281 0.9375
vn -0.5982 -0.8003 0.0412
vn -0.4653 -0.4880 0.7385
vn 0.6204 0.6475 -0.4425
vn -0.5818 0.6786 -0.4484
vn -0.0362 0.2379 0.9706
vn 0.7869 0.5934 0.1692
vn -0.1089 -0.7368 0.6673
vn -0.3498 -0.5669 0.7459
vn -0.7016 -0.5596 -0.4411
vn -0.6294 -0.6587 -0.4123
vn -0.8452 0.3489 -0.4049
vn -0.7015 -0.5529 -0.4497
vn -0.7003 0.4198 0.5773
vn -0.5864 0.1343 0.7988
vn 0.9265 -0.1024 -0.3620
vn -0.9129 -0.3834 -0.1399
vn 0.0731 -0.9583 0.2764
vn 0.8711 -0.4676 0.1503
vn 0.7610 0.0641 0.6456
vn 0.5052 0.5987 0.6216
vn -0.8153 -0.5326 -0.2273
vn 0.9223 -0.0523 -0.3830
vn -0.7838 0.6024 0.1511
vn -0.7541 0.2503 0.6072
vn -0.9695 -0.2425 -0.0365
vn -0.9859 -0.1400 0.0913
vn -0.9824 -0.1753 -0.0649
vn -0.9818 -0.1619 0.0992
vn -0.7519 0.6476 0.1235
vn 0.9266 -0.1020 -0.3618
vn 0.9677 -0.0267 -0.2508
vn 0.9206 -0.0998 -0.3776
vn 0.9426 -0.2006 -0.2669
vn 0.7827 -0.0086 0.6223
vn 0.7141 0.0016 0.7001
vn 0.9689 0.0495 0.2424
vn 0.9594 -0.0511 0.2774
vn 0.5297 -0.0112 0.8481
vn 0.6801 -0.2527 0.6882
vn 0.8112 0.1717 0.5590
vn 0.2019 0.2777 0.9392
vn 0.2794 0.2040 0.9383
vn 0.0460 -0.7889 -0.6128
vn 0.7906 0.2943 0.5370
vn 0.0099 -0.9987 0.0497
vn -0.2888 0.5978 -0.7478
vn 0.1289 0.0161 -0.9915
vn 0.5046 -0.6353 0.5846
vn 0.6848 -0.5392 -0.4901
vn 0.6967 0.0495 0.7156
vn 0.2229 -0.2912 -0.9303
vn 0.2142 0.0626 0.9748
vn 0.2111 0.0647 0.9753
vn -0.8272 -0.4375 0.3526
vn -0.7840 0.5905 0.1913
vn -0.9553 0.2369 0.1771
vn -0.2266 0.3341 0.9149
vn 0.6292 0.6957 0.3466
vn -0.8736 0.4498 0.1859
vn -0.2674 0.1022 0.9582
vn -0.8830 -0.3445 0.3187
vn -0.2626 0.2148 0.9407
vn -0.2492 0.1852 -0.9506
vn 0.6070 0.6629 0.4384
vn 0.9031 -0.1386 0.4064
vn 0.8747 -0.1508 -0.4606
vn 0.9297 -0.2483 -0.2719
vn 0.9077 -0.1666 -0.3850
vn 0.8708 -0.1441 -0.4701
vn -0.6943 -0.6179 -0.3690
vn 0.2136 -0.1676 -0.9624
vn -0.4247 -0.9053 -0.0100
vn 0.6137 -0.6254 -0.4819
vn 0.1395 -0.9100 0.3904
vn 0.7675 0.5624 -0.3077
vn 0.4913 -0.8459 0.2075
vn -0.9555 -0.1500 0.2539
vn 0.4928 0.4003 0.7726
vn -0.8892 -0.1583 0.4293
vn -0.9260 0.0160 0.3771
vn -0.9324 -0.2038 0.2987
vn 0.3588 0.7713 0.5257
vn 0.8616 -0.4079 -0.3019
vn 0.8998 -0.2204 -0.3766
vn 0.8950 -0.4071 -0.1825
vn 0.8593 -0.4039 -0.3138
vn 0.9754 -0.1619 -0.1495
vn 0.9214 -0.3179 0.2237
vn -0.5253 -0.7396 0.4208
vn 0.0986 0.6664 -0.7391
vn -0.9137 -0.0772 0.3990
vn -0.4059 0.9136 0.0252
vn 0.2524 -0.8099 -0.5295
vn 0.1671 -0.8681 -0.4675
vn 0.1474 -0.9699 -0.1937
vn 0.1184 -0.9819 -0.1480
vn -0.0366 -0.9172 -0.3968
vn -0.0546 -0.9662 -0.2521
vn -0.0877 -0.8260 -0.5568
vn -0.1215 -0.9529 -0.2779
vn -0.1201 -0.7939 -0.5961
vn 0.3070 -0.2600 -0.9155
vn 0.3411 -0.8028 -0.4891
vn -0.7576 0.6203 0.2030
vn -0.3928 -0.1748 0.9029
vn -0.8251 0.3280 0.4601
vn -0.1004 -0.8653 -0.4912
vn -0.1551 -0.8034 -0.5749
vn -0.1512 -0.8905 -0.4292
vn 0.5448 -0.0238 0.8382
vn 0.3315 -0.0163 0.9433
vn 0.3654 0.8380 0.4053
vn 0.2547 0.2010 0.9459
vn 0.5045 0.2063 0.8384
vn 0.0250 0.7057 0.7081
vn -0.0509 0.2741 0.9603
vn 0.9834 -0.1816 -0.0048
vn 0.7985 -0.4321 -0.4192
vn 0.4411 -0.2794 0.8529
vn 0.4436 -0.2806 0.8512
vn 0.4986 0.1937 0.8449
vn 0.5002 0.1961 0.8434
vn -0.3377 -0.7100 -0.6179
vn -0.4032 -0.8758 -0.2655
vn -0.4566 -0.5535 -0.6965
vn -0.3384 -0.6958 -0.6336
vn 0.2635 -0.9306 0.2540
vn 0.8688 -0.3195 0.3783
vn 0.4511 -0.2484 0.8572
vn 0.3313 -0.0191 0.9433
vn 0.9865 -0.1125 -0.1186
vn 0.9682 -0.1455 -0.2037
vn 0.8704 0.3266 -0.3684
vn 0.9972 -0.0345 -0.0664
vn 0.8328 0.0416 -0.5520
vn 0.9846 -0.1491 -0.0916
vn 0.9938 -0.0565 -0.0955
vn 0.1479 -0.0425 -0.9881
vn 0.2331 -0.0084 -0.9724
vn 0.9815 -0.1631 -0.1002
vn 0.9768 -0.1156 -0.1801
vn -0.1758 0.7817 0.5983
vn -0.9864 0.1127 0.1198
vn 0.8857 -0.4640 -0.0136
vn 0.1264 -0.2137 -0.9687
vn 0.6125 0.6741 -0.4128
vn 0.1213 -0.3036 -0.9451
vn 0.1559 -0.0655 -0.9856
vn 0.2458 -0.0802 -0.9660
vn 0.9982 0.0578 -0.0168
vn 0.1894 -0.0575 -0.9802
vn 0.1480 0.0214 -0.9888
vn 0.1521 0.2335 -0.9604
vn 0.9162 -0.1715 0.3622
vn 0.8245 -0.1381 0.5487
vn 0.8285 -0.1114 0.5488
vn 0.9975 -0.0632 0.0307
vn 0.9132 -0.0670 0.4020
vn 0.9952 -0.0929 -0.0313
vn 0.8160 -0.1486 0.5586
vn 0.9768 0.2107 -0.0388
vn 0.9771 -0.0350 0.2101
vn 0.7419 0.6705 0.0037
vn 0.7440 0.6681 0.0035
vn -0.2298 -0.6486 -0.7256
vn -0.4435 -0.7580 -0.4782
vn -0.4489 -0.4584 -0.7670
vn -0.1111 -0.1358 0.9845
vn -0.9441 -0.2656 0.1953
vn 0.4637 -0.5704 0.6780
vn -0.1116 -0.9636 -0.2428
vn 0.5166 -0.1446 0.8439
vn 0.4660 -0.0751 0.8816
vn 0.7950 0.5873 -0.1519
vn 0.7933 0.5891 -0.1540
vn 0.4663 -0.1204 0.8764
vn 0.5164 -0.1830 0.8366
vn -0.2987 0.8916 -0.3403
vn -0.3497 0.9073 0.2336
vn -0.0803 0.7135 -0.6960
vn -0.1740 0.7356 -0.6547
vn -0.6907 0.7018 0.1745
vn -0.2321 0.9657 0.1168
vn 0.0018 0.7135 -0.7007
vn -0.4749 0.8787 0.0494
vn -0.7779 0.5858 0.2274
vn -0.6948 0.6782 0.2393
vn -0.2150 0.6265 0.7492
vn -0.3988 0.7189 0.5693
vn -0.1602 0.6865 -0.7093
vn -0.2304 0.9694 0.0848
vn -0.1116 0.6294 -0.7690
vn -0.1622 0.9853 -0.0536
vn -0.9938 0.1108 0.0113
vn -0.9834 0.1773 0.0391
vn -0.1019 0.0443 -0.9938
vn -0.9939 -0.0922 0.0600
vn -0.0621 -0.1216 -0.9906
vn -0.1073 0.6968 -0.7092
vn -0.1875 0.0143 -0.9822
vn -0.1834 0.7383 -0.6491
vn -0.1601 0.0142 -0.9870
vn -0.3590 0.2516 -0.8988
vn -0.1845 0.2928 0.9382
vn -0.0642 0.0957 0.9933
vn 0.0646 0.2459 -0.9671
vn 0.0215 0.2537 -0.9670
vn 0.6632 -0.2184 0.7159
vn 0.4009 -0.1536 0.9031
vn 0.4665 -0.2097 0.8593
vn -0.3282 0.2189 0.9189
vn -0.2060 -0.0288 0.9781
vn 0.6190 0.4252 0.6604
vn -0.0222 0.2502 -0.9679
vn -0.0116 0.2192 -0.9756
vn 0.5122 -0.4720 0.7176
vn 0.4478 -0.1596 0.8798
vn 0.5416 -0.2755 0.7942
vn -0.6648 0.4964 -0.5583
vn -0.8386 0.3931 -0.3771
vn -0.5185 0.5619 -0.6445
vn -0.3959 0.4170 -0.8181
vn -0.7558 0.5042 -0.4177
vn -0.5219 0.1942 0.8306
vn -0.3769 0.1623 0.9119
vn -0.4678 0.2321 0.8529
vn -0.3204 -0.0728 0.9445
vn -0.3319 -0.0041 0.9433
vn -0.0215 0.2784 -0.9602
vn 0.4143 -0.1189 0.9023
vn 0.3334 -0.1250 0.9345
vn 0.4591 -0.2653 0.8479
vn -0.6330 0.4988 -0.5921
vn -0.7182 0.4752 -0.5083
vn -0.5564 0.5269 -0.6425
vn -0.5316 0.4771 -0.6999
vn -0.0655 -0.3736 -0.9253
vn -0.4218 0.5143 0.7467
vn -0.3224 0.5956 0.7358
vn -0.2850 0.2506 0.9252
vn -0.2312 0.8039 0.5480
vn -0.1490 -0.5442 -0.8256
vn -0.2800 0.2409 0.9293
vn -0.8838 0.3911 -0.2569
vn -0.9859 0.0611 -0.1558
vn -0.4584 -0.8273 -0.3249
vn 0.0660 0.3489 -0.9348
vn 0.3826 -0.1733 0.9075
vn 0.3085 -0.1941 0.9312
vn 0.2160 -0.1669 0.9620
vn 0.3421 -0.3067 0.8882
vn -0.7098 0.4843 -0.5115
vn -0.7117 0.5250 -0.4668
vn -0.7449 0.5132 -0.4264
vn -0.6090 0.5260 -0.5937
vn -0.5679 0.6352 -0.5235
vn -0.5830 0.6657 -0.4659
vn -0.5565 0.4725 -0.6834
vn -0.9621 0.0242 0.2716
vn -0.9652 0.0229 0.2605
vn -0.3854 -0.7739 0.5026
vn -0.3768 -0.7806 0.4988
vn -0.1442 -0.9609 0.2364
vn 0.0270 0.3859 -0.9221
vn 0.2060 -0.3533 0.9125
vn 0.1171 -0.3173 0.9411
vn 0.2066 -0.4186 0.8844
vn 0.2303 -0.3989 0.8876
vn -0.5963 0.6510 -0.4696
vn -0.5566 0.6909 -0.4613
vn -0.5372 0.6994 -0.4715
vn -0.5976 0.7177 -0.3574
vn -0.5678 0.6441 -0.5126
vn -0.2576 0.8962 0.3612
vn -0.9651 0.2621 0.0014
vn -0.9570 0.2898 -0.0093
vn -0.3704 0.4351 -0.8206
vn -0.3551 0.4146 -0.8378
vn -0.1930 0.2536 -0.9479
vn -0.3600 -0.7866 -0.5016
vn 0.3958 0.7142 0.5773
vn -0.1401 0.5986 0.7887
vn -0.2033 0.9559 0.2122
vn -0.3093 -0.8192 -0.4829
vn -0.0622 0.5160 0.8543
vn 0.0313 0.4716 -0.8813
vn 0.0615 -0.3753 0.9248
vn 0.0512 -0.3725 0.9266
vn 0.1277 -0.4603 0.8785
vn -0.4816 0.8038 -0.3492
vn -0.3776 0.8174 -0.4350
vn -0.4854 0.8455 -0.2225
vn -0.4958 0.8253 -0.2702
vn -0.2303 0.8568 -0.4614
vn -0.3944 0.9024 -0.1733
vn 0.7458 0.6354 -0.2002
vn -0.1335 0.9600 -0.2460
vn -0.1950 0.9776 -0.0796
vn -0.0480 -0.7949 -0.6048
vn -0.5970 -0.6971 0.3969
vn 0.7942 -0.6077 -0.0031
vn -0.2461 0.9555 -0.1628
vn -0.0693 0.9938 -0.0867
vn -0.6235 -0.0274 0.7813
vn 0.0222 -0.4305 0.9023
vn -0.0185 -0.4214 0.9067
vn 0.0303 -0.4808 0.8763
vn 0.0474 -0.4750 0.8787
vn -0.1880 -0.1872 -0.9642
vn 0.4892 0.5612 -0.6677
vn -0.0596 0.9850 -0.1617
vn -0.1196 0.9925 0.0250
vn 0.0533 0.5571 -0.8288
vn -0.8512 -0.4221 -0.3120
vn -0.8612 -0.4058 -0.3062
vn -0.9836 -0.1778 -0.0310
vn -0.9748 -0.1961 0.1067
vn -0.9792 -0.2029 -0.0004
vn -0.9843 -0.0694 0.1624
vn -0.9842 -0.1619 0.0714
vn 0.0318 0.6419 -0.7661
vn -0.0200 -0.4607 0.8873
vn -0.8712 -0.0009 -0.4910
vn -0.9939 -0.0179 -0.1089
vn -0.9370 -0.0038 -0.3494
vn -0.9056 -0.0023 -0.4241
vn -0.9002 0.0221 0.4350
vn -0.0949 0.3146 0.9445
vn -0.0494 0.9988 -0.0032
vn -0.9785 -0.1928 0.0731
vn -0.8806 -0.3756 0.2889
vn -0.8810 -0.3820 0.2792
vn -0.8886 -0.4357 0.1433
vn -0.9965 0.0046 -0.0831
vn -0.9966 0.0160 -0.0809
vn -0.9429 -0.0036 -0.3331
vn -0.9358 -0.0037 -0.3524
vn 0.0028 0.6391 0.7691
vn -0.9311 -0.0041 0.3648
vn -0.9272 -0.0094 0.3744
vn -0.9473 -0.3050 -0.0978
vn -0.9696 -0.2214 -0.1044
vn -0.9994 -0.0018 0.0345
vn -0.9994 0.0098 0.0336
vn 0.0784 0.3426 -0.9362
vn 0.3275 0.9416 0.0779
vn 0.0792 0.3317 -0.9400
vn -0.9897 0.0105 -0.1425
vn -0.9975 0.0481 -0.0527
vn -0.9977 0.0626 -0.0255
vn -0.9575 0.0450 -0.2850
vn -0.9168 0.0895 -0.3891
vn -0.9136 0.1201 -0.3884
vn 0.3775 0.3744 0.8470
vn -0.8949 0.1767 0.4097
vn -0.8907 0.1524 0.4283
vn -0.9029 0.0914 -0.4200
vn -0.9010 0.1219 -0.4164
vn 0.5249 -0.1169 0.8431
vn -0.1924 -0.9778 0.0833
vn -0.1877 -0.9808 0.0530
vn -0.9059 0.1034 -0.4106
vn -0.9125 0.1098 -0.3941
vn 0.4007 0.6415 0.6542
vn -0.8423 0.5228 0.1310
vn -0.8521 0.5067 0.1309
vn -0.8225 0.1050 -0.5589
vn -0.6062 0.1257 -0.7853
vn -0.6039 0.1443 -0.7839
vn -0.3554 0.0864 -0.9307
vn -0.3476 0.1035 -0.9319
vn -0.3153 0.7704 -0.5541
vn 0.6578 0.1301 0.7419
vn -0.3083 0.7621 -0.5694
vn -0.3711 0.1009 -0.9231
vn -0.3554 0.1098 -0.9283
vn -0.6339 0.1210 -0.7639
vn -0.3866 0.1094 -0.9157
vn -0.6772 0.1195 -0.7260
vn -0.3554 0.0860 -0.9307
vn -0.3945 0.1355 -0.9089
vn -0.3883 0.1327 -0.9119
vn -0.4197 0.1637 -0.8928
vn -0.4204 0.2418 -0.8745
vn -0.4036 0.2309 -0.8853
vn -0.2148 0.4048 -0.8888
vn -0.3431 0.3859 -0.8563
vn -0.3421 0.5039 -0.7931
vn -0.2415 0.4941 -0.8352
vn -0.1616 0.6283 -0.7610
vn -0.1782 0.6427 -0.7451
vn -0.1588 0.7672 -0.6214
vn -0.1540 0.7612 -0.6299
vn -0.9435 0.1360 0.3022
vn -0.3568 0.9341 -0.0075
vn -0.0757 0.8422 -0.5338
vn -0.0761 0.9481 -0.3086
vn -0.9058 0.4073 -0.1170
vn -0.8235 0.5673 -0.0048
vn -0.5241 0.8507 -0.0393
vn -0.8699 0.4929 -0.0190
vn -0.3783 0.9168 -0.1278
vn -0.3658 0.9177 -0.1548
vn -0.8287 0.5593 -0.0218
vn -0.4618 0.8841 0.0717
vn -0.4694 0.8796 0.0772
vn -0.3018 0.8947 0.3294
vn -0.1010 0.9708 0.2178
vn -0.9903 -0.0039 0.1392
vn -0.1150 0.7867 0.6066
vn -0.9873 -0.0032 0.1588
vn -0.9346 -0.0050 0.3557
vn -0.9728 0.0385 -0.2284
vn -0.9890 -0.0041 0.1479
vn -0.1788 0.6763 0.7146
vn -0.9889 -0.0040 0.1488
vn -0.1363 0.7346 0.6647
vn -0.1386 0.8111 0.5683
vn -0.9808 -0.0055 0.1949
vn -0.9758 0.0050 0.2187
vn -0.4616 0.2946 0.8367
vn -0.9918 -0.0055 0.1281
vn -0.1555 0.6008 0.7841
vn -0.9814 0.0037 0.1919
vn -0.5460 0.4455 0.7095
vn -0.9577 0.0063 0.2877
vn -0.4929 0.2899 0.8204
vn -0.9701 0.0029 0.2426
vn -0.5144 0.4300 0.7420
vn -0.4798 0.2838 0.8302
vn -0.9163 0.0078 0.4005
vn -0.5277 0.0967 0.8439
vn -0.9325 0.0056 0.3611
vn -0.9079 0.0077 0.4191
vn -0.5348 0.0326 0.8444
vn -0.5365 0.1067 0.8371
vn -0.5408 -0.0261 0.8408
vn -0.5379 0.0364 0.8422
vn -0.5010 -0.1153 0.8577
vn -0.5012 -0.0805 0.8616
vn -0.4287 -0.2068 0.8795
vn -0.4041 -0.3581 0.8417
vn -0.3600 -0.4134 0.8364
vn -0.3568 -0.4108 0.8390
vn -0.2263 -0.6039 0.7643
vn -0.2421 -0.5567 0.7947
vn -0.1825 -0.6998 0.6906
vn -0.1831 -0.6538 0.7342
vn -0.2322 -0.7473 0.6226
vn -0.1824 -0.7000 0.6905
vn -0.9813 -0.1142 -0.1552
vn -0.2154 -0.8921 0.3973
vn -0.9481 -0.0050 0.3179
vn -0.9258 -0.2923 0.2397
vn -0.4635 -0.7003 0.5430
vn -0.3814 -0.8931 -0.2386
vn -0.3684 -0.8244 -0.4297
vn -0.4483 -0.6910 0.5671
vn 0.4236 0.0680 0.9033
vn -0.4769 -0.8670 -0.1444
vn -0.9970 -0.0739 -0.0213
vn -0.9958 -0.0755 0.0514
vn -0.9333 -0.0060 0.3591
vn -0.9981 -0.0361 0.0507
vn -0.9962 -0.0529 0.0692
vn -0.9592 -0.0025 0.2827
vn -0.9892 -0.1429 -0.0316
vn -0.9371 0.3321 0.1079
vn -0.9363 0.3281 0.1256
vn -0.9585 0.2846 -0.0138
vn -0.9669 0.2553 -0.0012
vn -0.9589 0.2816 -0.0337
vn -0.9952 0.0894 -0.0399
vn -0.9873 0.1368 -0.0808
vn -0.9719 0.2353 -0.0004
vn -0.9783 0.2065 0.0179
vn -0.9698 0.2136 0.1178
vn 0.6235 -0.7776 -0.0813
vn 0.8413 -0.5405 -0.0122
vn 0.8629 -0.5053 -0.0090
vn 0.9791 -0.2033 -0.0029
vn 0.9753 -0.2209 -0.0047
vn 0.9964 -0.0842 0.0028
vn 0.9948 -0.1017 0.0013
vn 0.9999 -0.0006 0.0147
vn 1.0000 -0.0054 0.0031
vn 0.9969 -0.0787 -0.0002
vn 0.9985 -0.0540 0.0029
vn 0.9992 -0.0350 0.0171
vn 0.9983 -0.0331 0.0474
vn 0.9977 -0.0660 0.0173
vn 0.8404 -0.1718 0.5141
vn 0.9935 -0.1074 0.0365
vn 0.9934 -0.1095 0.0348
vn 0.8817 -0.0774 0.4654
vn 0.8932 -0.0688 0.4443
vn 0.9843 -0.1722 0.0393
vn 0.9831 -0.1202 0.1378
vn 0.9846 0.0405 -0.1700
vn 0.9791 0.0383 -0.1997
vn 0.9883 0.0171 -0.1518
vn 0.9821 0.0709 -0.1746
vn 0.9812 0.1638 -0.1017
vn 0.9438 0.3186 0.0876
vn 0.9773 0.1948 0.0836
vn 0.9988 0.0415 0.0262
vn 0.9547 0.2356 0.1820
vn 0.9955 0.0796 0.0514
vn 0.8158 0.0786 0.5730
vn 0.7827 0.1213 0.6105
vn 0.9951 0.0847 0.0502
vn 0.9936 -0.1126 0.0089
vn 0.9395 0.1247 0.3190
vn 0.9991 -0.0304 0.0312
vn 0.9962 0.0713 0.0494
vn 0.9953 -0.0967 -0.0098
vn 0.9987 -0.0414 -0.0290
vn 0.9688 0.0562 0.2413
vn 0.9989 -0.0428 -0.0208
vn 0.9934 0.0417 0.1067
vn 0.9999 0.0105 -0.0056
vn 0.9990 -0.0448 0.0051
vn 0.9995 -0.0166 0.0266
vn 0.9992 -0.0194 -0.0347
vn 0.9936 -0.1113 -0.0189
vn 0.9923 -0.1235 -0.0070
vn 0.9994 -0.0313 -0.0137
vn 0.9984 -0.0542 -0.0156
vn 0.9994 -0.0166 -0.0312
vn 0.9994 0.0096 -0.0338
vn 0.9978 0.0651 -0.0107
vn 0.9978 0.0357 0.0559
vn 1.0000 0.0057 0.0021
vn 0.9957 0.0787 0.0479
vn 0.9989 0.0014 -0.0479
vn 0.9986 -0.0060 -0.0519
vn 0.9988 0.0047 -0.0485
vn 0.9971 0.0537 -0.0534
vn 0.9989 -0.0464 -0.0013
vn 0.7811 -0.5915 -0.2002
vn 0.9190 -0.3916 0.0458
vn 0.4113 -0.9086 0.0724
vn 0.1090 -0.8704 -0.4802
vn 0.5174 0.0856 0.8515
vn 0.5515 -0.7687 0.3241
vn 0.0896 -0.6730 -0.7342
vn 0.1461 -0.7661 -0.6259
vn 0.2363 0.5142 0.8245
vn 0.4302 0.3166 0.8454
vn 0.2103 0.5534 0.8059
vn -0.0351 0.4819 0.8755
vn 0.9900 0.0202 0.1397
vn 0.9846 -0.0143 0.1743
vn 0.8660 0.1466 0.4780
vn 0.8340 0.0970 0.5432
vn -0.0377 0.2262 0.9733
vn 0.8326 0.0921 0.5462
vn 0.0479 -0.4097 -0.9110
vn -0.1497 0.2982 0.9427
vn -0.3101 -0.8439 -0.4377
vn -0.2791 -0.4094 0.8686
vn -0.9499 -0.2944 -0.1049
vn 0.6703 -0.7076 -0.2235
vn 0.0388 -0.5890 0.8072
vn -0.2006 -0.5828 -0.7875
vn -0.9978 -0.0235 -0.0617
vn 0.0263 -0.3281 -0.9443
vn -0.6696 -0.7320 0.1258
vn 0.1249 0.9561 -0.2651
vn 0.6085 -0.0250 -0.7932
vn -0.3130 0.9468 0.0749
vn 0.0109 -0.8132 -0.5819
vn -0.1457 0.2911 0.9455
vn -0.4117 -0.8139 -0.4100
vn -0.1916 -0.9593 -0.2074
vn -0.8536 -0.5015 -0.1409
vn -0.8160 -0.5781 -0.0001
vn -0.1447 -0.9822 0.1199
vn 0.3175 -0.9171 -0.2413
vn 0.9344 0.1106 -0.3387
vn -0.1892 -0.9586 -0.2127
vn -0.1572 -0.9808 0.1152
vn -0.4980 -0.7699 -0.3990
vn -0.2978 -0.8528 -0.4290
vn -0.1932 -0.9693 -0.1519
vn -0.4182 -0.8646 -0.2785
vn -0.2213 -0.9043 -0.3651
vn -0.7257 -0.5971 -0.3419
vn -0.6404 -0.6449 -0.4171
vn -0.5483 -0.7614 -0.3459
vn -0.4114 -0.8355 -0.3643
vn -0.2219 -0.9265 -0.3038
vn -0.1413 -0.9655 -0.2189
vn 0.3958 -0.6673 0.6309
vn 0.9734 0.2208 0.0617
vn -0.2493 -0.8197 0.5157
vn -0.1676 -0.9811 0.0967
vn -0.1471 -0.9348 0.3234
vn -0.3612 -0.6413 0.6769
vn -0.2634 -0.7590 0.5954
vn -0.2422 0.2901 0.9258
vn -0.1047 0.2590 0.9602
vn 0.7105 -0.3124 0.6305
vn -0.8604 -0.3366 0.3825
vn -0.7895 -0.4851 0.3760
vn 0.2404 -0.3916 -0.8882
vn 0.2020 -0.2434 -0.9487
vn 0.6677 -0.1197 0.7347
vn -0.9388 0.2591 0.2270
vn 0.6094 0.2587 0.7494
vn -0.8797 0.2676 0.3931
vn -0.9274 0.3154 0.2012
vn -0.9611 0.1766 0.2123
vn 0.6933 -0.6405 -0.3303
vn -0.4586 -0.2256 -0.8595
vn -0.2612 0.6077 0.7500
vn -0.2933 0.6306 0.7186
vn 0.8712 -0.3828 -0.3073
vn 0.4237 0.8974 -0.1229
vn 0.4688 0.8751 -0.1203
vn -0.2916 0.6944 0.6579
vn 0.6502 -0.7329 -0.2004
vn -0.6641 -0.6297 -0.4031
vn -0.7014 0.3636 0.6130
vn -0.7600 0.1797 0.6247
vn -0.7533 0.2289 0.6166
vn 0.8611 -0.5061 -0.0492
vn 0.1540 -0.0520 0.9867
vn 0.1174 -0.0864 0.9893
vn -0.5338 0.7372 0.4141
vn -0.6914 0.3649 0.6235
vn -0.2531 -0.3976 -0.8819
vn -0.2491 -0.2826 -0.9263
vn -0.1049 -0.4690 -0.8769
vn -0.2337 -0.4222 -0.8759
vn -0.0455 -0.8677 -0.4950
vn -0.1186 -0.3951 -0.9109
vn -0.2773 -0.2710 -0.9218
vn -0.1796 -0.1486 -0.9725
vn -0.2507 -0.3169 -0.9147
vn -0.0936 -0.2864 -0.9535
vn -0.7119 0.1012 0.6950
vn -0.3674 -0.4625 0.8069
vn -0.1891 -0.4511 0.8722
vn -0.2294 0.0501 0.9720
vn -0.1891 -0.3243 0.9269
vn -0.2096 0.3261 0.9218
vn 0.0396 -0.2510 -0.9672
vn 0.0371 -0.2481 -0.9680
vn -0.3748 -0.2964 0.8784
vn -0.4801 -0.2121 0.8512
vn -0.9078 0.1154 0.4033
vn 0.1788 -0.1405 -0.9738
vn 0.6904 0.5133 0.5098
vn -0.3341 -0.2006 -0.9209
vn -0.2800 -0.2977 -0.9127
vn -0.2752 0.1943 0.9416
vn -0.2793 0.4381 0.8544
vn -0.2876 0.4477 0.8467
vn -0.1776 0.2070 0.9621
vn 0.9593 -0.2624 0.1040
vn 0.9498 -0.2825 0.1345
vn 0.9471 -0.2889 0.1395
vn 0.8550 -0.5168 0.0436
vn 0.8546 -0.4364 0.2814
vn 0.8405 -0.5251 0.1340
vn 0.8502 -0.5220 0.0684
vn 0.6548 -0.7422 0.1427
vn 0.6640 -0.6550 0.3606
vn 0.6493 -0.6397 0.4113
vn 0.6697 -0.6806 0.2971
vn 0.9640 -0.1657 -0.2080
vn 0.7061 -0.6875 0.1695
vn 0.7824 -0.6022 0.1589
vn 0.6083 -0.7896 -0.0808
vn 0.5565 -0.8307 0.0132
vn 0.6479 -0.7411 0.1760
vn -0.0206 -0.5366 0.8436
vn 0.7766 -0.6192 -0.1159
vn 0.7908 -0.6121 -0.0021
vn -0.0323 0.0612 0.9976
vn -0.2613 0.9611 0.0896
vn -0.6554 0.6240 0.4256
vn -0.3886 0.2556 0.8852
vn -0.0142 -0.5697 -0.8218
vn -0.1646 -0.5065 -0.8464
vn -0.3344 -0.2022 -0.9205
vn -0.3146 0.6648 0.6776
vn -0.3473 0.5647 0.7486
vn -0.3641 0.5598 0.7443
vn -0.2477 0.4582 0.8536
vn -0.2435 0.3601 0.9006
vn 0.9998 -0.0153 -0.0094
vn 0.9193 -0.3100 0.2425
vn 0.9275 -0.2819 0.2457
vn 0.9265 -0.0016 0.3762
vn 0.9850 0.1716 0.0154
vn 0.0400 -0.1154 -0.9925
vn 0.9431 -0.2510 0.2181
vn 0.9145 -0.3029 0.2680
vn 0.1309 0.0332 0.9908
vn -0.0654 0.2385 0.9689
vn -0.1703 -0.5710 -0.8031
vn 0.2191 -0.2553 -0.9417
vn -0.0058 -0.3637 -0.9315
vn 0.0028 0.2863 -0.9581
vn -0.6446 0.2547 0.7208
vn -0.3163 0.3594 0.8779
vn -0.3367 0.5829 0.7395
vn -0.3419 0.3870 0.8564
vn -0.6083 0.2504 0.7532
vn -0.6049 0.2031 0.7700
vn 0.9059 -0.0700 -0.4176
vn 0.8836 -0.0710 -0.4627
vn -0.3408 0.4766 0.8104
vn -0.0499 0.7473 0.6626
vn -0.3324 0.7320 0.5948
vn -0.3127 0.4473 0.8379
vn -0.2590 -0.9628 0.0771
vn -0.0657 0.9161 -0.3956
vn -0.2360 -0.9707 -0.0457
vn 0.2718 -0.9619 -0.0309
vn 0.3802 -0.9246 -0.0231
vn 0.2946 -0.9512 0.0917
vn 0.2170 -0.9613 0.1698
vn 0.2745 -0.9251 0.2624
vn 0.9972 0.0723 0.0195
vn 0.9664 -0.2313 0.1125
vn 0.9425 0.2884 0.1687
vn 0.9719 0.2217 0.0790
vn 0.9720 0.2219 0.0767
vn 0.9837 -0.1710 0.0554
vn 0.9884 -0.1515 -0.0045
vn 0.9223 -0.3843 0.0410
vn 0.7899 -0.3048 0.5321
vn 0.9066 -0.1945 -0.3744
vn 0.6956 -0.7168 0.0488
vn 0.6845 -0.7274 0.0473
vn 0.8189 -0.0342 -0.5730
vn 0.6286 -0.7180 -0.2988
vn 0.6799 -0.7265 0.0998
vn 0.6083 -0.7171 0.3402
vn 0.8558 -0.4161 0.3074
vn 0.9077 -0.3163 0.2757
vn 0.8229 -0.5093 0.2518
vn 0.7837 -0.5443 -0.2991
vn 0.7956 -0.1594 0.5845
vn 0.8261 -0.2361 0.5116
vn 0.9516 -0.2871 0.1099
vn 0.9498 -0.2798 0.1396
vn 0.9542 -0.2829 0.0973
vn 0.9520 0.1466 0.2686
vn 0.9477 0.1628 0.2744
vn 0.9093 0.1376 -0.3928
vn 0.9148 0.1227 -0.3848
vn 0.3701 0.6870 -0.6254
vn 0.3014 0.7788 -0.5501
vn 0.9479 0.2443 0.2043
vn 0.9527 0.2385 0.1881
vn 0.6017 -0.1184 0.7899
vn 0.0918 0.3101 0.9462
vn 0.8908 0.3649 0.2708
vn 0.8502 0.5264 0.0106
vn 0.8540 0.5202 -0.0057
vn 0.9446 0.2148 0.2480
vn 0.9512 0.2005 0.2344
vn 0.9503 0.2035 0.2354
vn 0.1364 0.9738 0.1819
vn -0.0615 0.7445 0.6648
vn -0.5225 -0.8467 -0.1000
vn -0.4120 -0.9054 -0.1024
vn 0.5992 -0.7379 0.3104
vn 0.4893 -0.7342 0.4707
vn 0.5987 -0.7390 0.3089
vn 0.5879 -0.7427 0.3206
vn 0.8325 -0.4942 0.2505
vn 0.4958 -0.7368 0.4597
vn 0.8228 -0.4561 0.3391
vn 0.8451 0.4873 0.2199
vn 0.8416 0.4989 0.2068
vn 0.8417 0.5399 -0.0085
vn 0.8443 0.5359 0.0086
vn 0.8433 0.3094 0.4395
vn 0.3124 0.4726 0.8241
vn 0.5795 0.2264 0.7829
vn 0.4349 0.5998 -0.6716
vn 0.3696 0.7584 -0.5368
vn 0.4747 0.8514 -0.2232
vn 0.8250 0.5283 -0.2007
vn 0.8245 0.5279 -0.2039
vn 0.8179 0.5423 -0.1922
vn 0.8420 0.5173 -0.1528
vn 0.8332 0.5324 -0.1494
vn -0.1293 0.9276 0.3505
vn -0.1390 0.8790 0.4561
vn -0.1304 -0.9513 -0.2792
vn -0.2724 -0.8799 -0.3893
vn -0.2427 -0.9294 -0.2782
vn -0.1132 -0.9096 -0.3999
vn -0.1351 -0.9495 -0.2833
vn -0.3633 -0.9042 -0.2245
vn -0.3034 -0.9309 -0.2035
vn -0.3907 -0.8293 -0.3996
vn 0.7446 -0.6147 0.2602
vn 0.7214 -0.6377 0.2700
vn 0.4616 -0.7744 0.4327
vn 0.5696 -0.6038 0.5576
vn 0.6488 -0.6044 -0.4623
vn 0.5659 -0.6023 0.5630
vn 0.5682 -0.5758 0.5878
vn 0.5032 -0.4729 0.7233
vn 0.3054 0.1991 0.9312
vn -0.5029 -0.7965 -0.3357
vn -0.4552 -0.8553 -0.2474
vn -0.6404 -0.7187 -0.2709
vn -0.8804 -0.1720 0.4419
vn 0.1853 0.5561 0.8102
vn -0.9575 0.2764 0.0823
vn 0.1711 0.7680 0.6172
vn -0.6546 -0.3874 -0.6492
vn 0.3115 -0.9016 0.3002
vn 0.4202 -0.7469 0.5153
vn 0.3183 -0.8638 0.3906
vn 0.3070 -0.8742 0.3761
vn 0.5797 -0.5729 0.5794
vn 0.4693 -0.6911 0.5497
vn 0.7671 -0.2125 0.6053
vn 0.3363 -0.6322 0.6981
vn 0.2479 -0.7622 0.5980
vn 0.2409 -0.5893 0.7712
vn 0.1095 -0.0092 0.9939
vn 0.1031 0.0005 0.9947
vn -0.4838 -0.4860 -0.7278
vn -0.9930 -0.1077 -0.0475
vn -0.9437 0.1573 -0.2911
vn -0.0047 -0.9365 -0.3507
vn 0.8537 -0.4550 0.2533
vn -0.4361 -0.3742 -0.8185
vn 0.7236 -0.3742 0.5800
vn 0.8115 -0.5212 0.2643
vn 0.7679 -0.3866 0.5107
vn 0.1097 -0.0688 0.9916
vn 0.1273 -0.2174 -0.9678
vn 0.9741 0.0336 -0.2238
vn 0.2741 0.6047 0.7478
vn -0.8796 0.1581 0.4488
vn -0.0706 -0.3226 -0.9439
vn 0.4710 0.2844 0.8351
vn -0.0868 -0.8255 0.5577
vn 0.0365 -0.0726 -0.9967
vn -0.5479 0.7467 -0.3773
vn 0.3434 0.7748 0.5308
vn 0.8849 -0.2592 0.3871
vn 0.4645 -0.4086 0.7857
vn 0.1159 -0.6942 0.7104
vn 0.7308 -0.6596 0.1757
vn 0.9151 -0.3944 0.0840
vn 0.0695 -0.8124 0.5789
vn 0.2632 -0.5253 0.8092
vn 0.1214 -0.6388 0.7597
vn 0.6208 -0.7676 -0.1594
vn 0.2090 -0.2484 -0.9458
vn 0.5458 -0.8369 -0.0405
vn 0.1016 0.0216 -0.9946
vn 0.1233 -0.0545 -0.9909
vn 0.1125 -0.9847 0.1331
vn 0.1624 -0.9411 0.2967
vn 0.0980 -0.7715 0.6286
vn 0.8766 0.3439 0.3365
vn 0.9375 0.2995 0.1773
vn 0.0683 -0.2313 0.9705
vn 0.0557 -0.2121 0.9757
vn 0.0734 0.2376 -0.9686
vn 0.0285 0.0030 -0.9996
vn -0.5846 0.2034 0.7854
vn 0.1305 0.0438 0.9905
vn 0.1322 0.1489 0.9800
vn 0.1694 0.4058 0.8982
vn 0.1760 0.4227 0.8890
vn 0.2252 0.4789 0.8485
vn 0.4123 -0.1813 0.8928
vn -0.0477 -0.1348 0.9897
vn 0.0884 -0.1540 0.9841
vn 0.4071 -0.4286 0.8065
vn 0.5077 -0.5902 0.6277
vn 0.4980 -0.6165 0.6099
vn 0.6478 -0.4370 0.6240
vn 0.7061 -0.6701 0.2290
vn -0.4309 0.4259 -0.7956
vn -0.4774 0.3933 -0.7858
vn -0.2771 0.1554 -0.9482
vn -0.0271 0.3618 -0.9319
vn -0.9297 -0.1731 0.3251
vn -0.9073 -0.1585 0.3895
vn -0.7092 -0.3945 0.5843
vn -0.3226 -0.2696 0.9073
vn -0.1285 -0.1937 0.9726
vn -0.7279 -0.0113 0.6856
vn 0.0790 -0.2957 0.9520
vn 0.0699 -0.2829 0.9566
vn 0.0783 -0.3245 0.9426
vn -0.4574 0.4476 -0.7684
vn -0.7572 -0.3492 0.5520
vn 0.3335 0.6555 -0.6776
vn -0.1389 -0.9349 0.3266
vn 0.7508 -0.1845 0.6342
vn -0.2030 -0.9323 0.2992
vn 0.4744 -0.0346 -0.8796
vn -0.8601 0.0633 0.5061
vn 0.8692 0.4750 0.1371
vn -0.8936 0.2773 -0.3530
vn -0.3281 -0.8400 -0.4321
vn 0.0723 -0.3346 0.9396
vn -0.4799 0.6081 -0.6324
vn -0.3198 0.6577 -0.6820
vn -0.4748 0.4419 -0.7611
vn -0.3193 0.6578 -0.6821
vn -0.3076 -0.9485 -0.0754
vn -0.4736 -0.4351 0.7657
vn -0.4440 -0.8949 0.0457
vn -0.2665 -0.8162 -0.5127
vn -0.1922 -0.6963 0.6915
vn -0.4365 -0.4501 0.7790
vn -0.1883 -0.6676 0.7203
vn -0.1351 -0.7163 0.6846
vn 0.0072 -0.3950 0.9187
vn -0.4593 0.7745 -0.4350
vn -0.4250 0.8111 -0.4020
vn -0.4952 0.8013 -0.3357
vn -0.4520 0.7770 -0.4381
vn -0.8853 -0.3385 0.3189
vn -0.7904 0.5004 -0.3534
vn 0.3329 -0.5795 0.7438
vn -0.1424 -0.6424 0.7531
vn -0.1138 -0.6687 0.7348
vn -0.1487 -0.5893 0.7941
vn -0.1412 -0.5991 0.7881
vn -0.0110 -0.4266 0.9044
vn 0.0095 -0.4585 0.8886
vn -0.0070 -0.4712 0.8820
vn -0.0100 -0.4712 0.8820
vn -0.2539 0.9431 -0.2148
vn -0.3288 0.9285 -0.1727
vn -0.2750 0.9123 -0.3035
vn -0.3640 0.9108 -0.1947
vn -0.4764 0.8751 -0.0846
vn -0.3126 0.9365 -0.1588
vn -0.8905 0.3309 -0.3122
vn -0.8268 0.5050 -0.2477
vn -0.5294 0.6536 -0.5409
vn 0.8675 -0.1152 0.4839
vn -0.6610 0.7303 0.1723
vn 0.1059 -0.9633 -0.2465
vn 0.0808 0.3532 -0.9320
vn -0.1152 0.3448 -0.9316
vn 0.7057 0.1798 0.6853
vn -0.1461 -0.5360 0.8315
vn -0.2467 -0.4330 0.8670
vn -0.2598 -0.4262 0.8665
vn -0.2485 0.1416 -0.9582
vn -0.4232 0.7212 -0.5484
vn -0.4047 0.2517 -0.8791
vn 0.0925 0.4999 -0.8611
vn -0.0488 -0.4817 0.8750
vn -0.0370 -0.5041 0.8629
vn -0.2147 0.0839 -0.9731
vn -0.2475 0.1173 -0.9618
vn -0.2369 -0.2281 0.9444
vn -0.1811 -0.2722 0.9451
vn -0.2528 -0.0904 0.9633
vn -0.2300 -0.1062 0.9674
vn -0.0509 -0.4486 0.8923
vn -0.0549 -0.3457 0.9368
vn -0.2182 0.1255 -0.9678
vn -0.2133 0.1211 -0.9694
vn -0.2458 0.0453 0.9683
vn -0.2573 0.0530 0.9649
vn -0.0286 0.9729 -0.2295
vn -0.0655 -0.1234 0.9902
vn -0.1479 0.2054 -0.9674
vn -0.2058 0.1990 0.9582
vn -0.2319 0.2119 0.9494
vn -0.0674 0.9756 0.2090
vn -0.1535 0.3065 -0.9394
vn -0.1872 0.3218 -0.9281
vn -0.2477 0.3520 0.9026
vn -0.2741 0.3629 0.8906
vn -0.1781 0.3993 -0.8993
vn -0.1507 0.4692 -0.8701
vn -0.1572 0.4747 -0.8660
vn -0.1896 0.4815 0.8557
vn -0.2470 0.5165 0.8199
vn -0.0654 0.6144 -0.7863
vn -0.1408 0.5998 0.7877
vn -0.2316 0.6414 0.7315
vn -0.0682 0.6885 -0.7220
vn -0.1028 0.7564 -0.6460
vn -0.1791 0.7084 -0.6827
vn -0.1324 0.7363 0.6636
vn -0.1117 0.8071 0.5798
vn -0.0920 0.7748 0.6255
vn -0.1097 0.8438 -0.5253
vn -0.1969 0.9241 -0.3275
vn -0.1119 0.9093 -0.4007
vn -0.0792 0.8298 -0.5524
vn -0.1871 0.9391 -0.2881
vn -0.2379 0.9133 0.3306
vn -0.2169 0.9242 0.3143
vn -0.0748 0.8768 0.4749
vn -0.4999 0.8660 -0.0128
vn -0.1988 0.9744 -0.1054
vn -0.2334 0.9713 0.0454
vn -0.1862 0.9825 0.0106
vn -0.2570 0.9544 0.1523
vn -0.2164 0.9680 0.1269
vn 0.3606 -0.8630 -0.3539
vn 0.1575 -0.6321 -0.7587
vn 0.2541 0.4122 0.8749
vn 0.1226 -0.5396 -0.8329
vn 0.1251 -0.5410 -0.8317
vn 0.0038 0.4796 0.8775
vn -0.1202 0.2100 0.9703
vn -0.2476 0.0411 0.9680
vn -0.9876 -0.0362 0.1525
vn 0.5541 -0.7726 -0.3101
vn 0.0051 -0.4265 0.9045
vn -0.4606 -0.8591 -0.2231
vn -0.2413 -0.2843 0.9279
vn -0.9917 -0.1181 -0.0500
vn 0.1756 0.9790 0.1033
vn 0.1270 -0.7944 -0.5939
vn -0.0766 0.3182 0.9449
vn -0.2302 -0.9614 -0.1506
vn -0.1847 -0.9784 0.0924
vn -0.1981 -0.9747 0.1038
vn -0.2523 -0.8968 -0.3634
vn -0.3456 -0.9233 -0.1673
vn -0.2449 -0.9672 -0.0671
vn -0.3325 -0.8351 -0.4383
vn -0.3064 -0.8991 0.3125
vn -0.3268 -0.8867 0.3271
vn -0.3031 -0.7512 0.5863
vn -0.3698 -0.5835 0.7230
vn -0.9902 -0.1379 0.0232
vn -0.3813 -0.9225 0.0601
vn -0.9187 -0.3072 0.2483
vn -0.2781 -0.9588 -0.0587
vn -0.2555 -0.4237 -0.8690
vn -0.6891 -0.5640 -0.4550
vn -0.1872 -0.8573 -0.4796
vn -0.0714 -0.9459 -0.3165
vn -0.3345 -0.5343 0.7763
vn -0.1656 -0.5645 -0.8087
vn -0.1448 0.9519 -0.2700
vn -0.6605 -0.2090 -0.7211
vn -0.1924 -0.4451 0.8746
vn -0.1051 0.0766 0.9915
vn -0.0960 -0.1761 0.9797
vn -0.9582 -0.1794 0.2231
vn -0.9920 0.0842 -0.0942
vn -0.1523 0.2578 0.9541
vn -0.1590 0.3590 0.9197
vn -0.9149 0.1414 0.3780
vn -0.9497 -0.1632 -0.2673
vn -0.6832 0.1733 -0.7094
vn -0.9167 0.3044 0.2588
vn -0.5415 0.4884 0.6843
vn -0.5201 0.3920 0.7588
vn -0.8752 0.4595 0.1515
vn -0.9280 0.2644 0.2625
vn -0.9252 0.2867 0.2485
vn -0.7142 0.0462 0.6984
vn -0.1459 0.9679 0.2044
vn -0.0386 0.3097 0.9500
vn -0.2100 0.9461 0.2465
vn -0.1564 0.5254 0.8364
vn 0.3299 0.7760 -0.5376
vn 0.4440 -0.6476 0.6193
vn -0.6506 -0.6415 0.4064
vn -0.2222 0.9444 -0.2424
vn 0.3296 0.0888 -0.9399
vn 0.8520 -0.5014 -0.1510
vn -0.8164 0.4281 0.3877
vn -0.9652 -0.2616 -0.0037
vn -0.9102 0.1177 -0.3971
vn -0.7147 0.6828 -0.1517
vn -0.0674 -0.9774 -0.2005
vn -0.0608 -0.9890 -0.1349
vn -0.0774 -0.9854 -0.1520
vn 0.1434 -0.9669 -0.2108
vn 0.2410 -0.9294 -0.2797
vn -0.0531 -0.9773 -0.2050
vn 0.1988 -0.9798 0.0211
vn 0.3029 -0.9493 0.0836
vn -0.0136 -0.9994 -0.0310
vn -0.0123 -0.9999 0.0112
vn 0.0489 -0.9497 0.3092
vn 0.0478 -0.9245 0.3781
vn 0.0745 -0.8932 0.4435
vn 0.0600 -0.0091 -0.9982
vn 0.0410 0.1867 0.9816
vn -0.0361 0.2663 0.9632
vn -0.3900 0.9008 -0.1909
vn -0.4705 0.8395 -0.2718
vn -0.0558 0.7928 -0.6069
vn -0.0181 0.8822 0.4706
vn 0.7212 0.0762 0.6885
vn 0.1894 0.8465 -0.4976
vn -0.3313 0.6036 -0.7252
vn 0.2794 0.8513 0.4440
vn -0.0180 -0.8669 0.4981
vn 0.5405 0.3210 0.7777
vn 0.3367 0.4029 -0.8511
vn 0.7481 0.5123 0.4218
vn -0.7440 -0.6621 0.0895
vn -0.4146 -0.8109 0.4130
vn -0.3822 -0.8880 -0.2556
vn -0.7108 0.0481 0.7017
vn -0.6910 -0.5367 0.4842
vn -0.3358 -0.9326 0.1320
vn 0.3126 -0.8828 0.3506
vn 0.1791 -0.8987 0.4002
vn 0.0810 -0.8222 0.5634
vn 0.3438 -0.8700 0.3535
vn 0.1785 -0.8923 0.4148
vn 0.1946 -0.8788 0.4357
vn 0.1931 -0.8746 0.4447
vn 0.2889 -0.8627 0.4151
vn 0.2259 -0.8796 0.4187
vn 0.1917 -0.8777 0.4392
vn 0.2469 -0.8637 0.4394
vn 0.1845 -0.8861 0.4253
vn 0.1855 -0.8759 0.4453
vn 0.1392 -0.8600 0.4909
vn 0.1789 -0.8921 0.4149
vn 0.0635 0.0613 -0.9961
vn 0.0419 0.0150 0.9990
vn -0.0876 0.4193 -0.9036
vn -0.2158 0.3767 -0.9008
vn -0.1254 0.3489 -0.9287
vn 0.0067 -0.3269 -0.9450
vn -0.2180 0.1410 -0.9657
vn 0.2705 -0.7795 0.5650
vn 0.0580 0.0583 -0.9966
vn 0.0189 -0.1866 0.9823
vn -0.0549 0.7030 -0.7091
vn 0.4706 0.7597 0.4487
vn 0.8185 -0.1277 -0.5602
vn 0.6877 0.4619 0.5601
vn 0.2673 -0.0588 -0.9618
vn 0.0017 -0.0958 -0.9954
vn -0.0142 -0.0245 -0.9996
vn -0.0051 -0.1077 -0.9942
vn 0.0028 -0.1386 -0.9903
vn 0.2303 -0.7030 0.6729
vn 0.1363 -0.7679 0.6259
vn 0.1407 -0.7043 0.6958
vn 0.3564 -0.9340 0.0240
vn 0.4948 -0.5015 0.7097
vn 0.5135 -0.5507 0.6580
vn 0.4670 -0.8297 0.3058
vn 0.2738 -0.9472 -0.1670
vn -0.0059 0.0033 -1.0000
vn 0.1965 -0.7292 0.6555
vn 0.1990 -0.7558 0.6238
vn 0.2402 -0.8589 0.4523
vn 0.4631 -0.7665 0.4451
vn 0.1100 -0.6941 0.7114
vn 0.1860 -0.7610 0.6215
vn 0.1072 -0.7399 0.6642
vn 0.1308 -0.6547 0.7444
vn 0.2347 -0.6251 0.7445
vn 0.1131 -0.6451 0.7557
vn 0.1223 -0.6610 0.7404
vn 0.1380 -0.6414 0.7547
vn 0.1988 -0.6333 0.7480
vn 0.2258 -0.6591 0.7174
vn 0.2283 -0.6544 0.7208
vn 0.2327 -0.6838 0.6915
vn 0.0857 -0.7197 0.6890
vn 0.1059 -0.7379 0.6666
vn 0.1942 -0.7357 0.6489
vn 0.1066 -0.7330 0.6719
vn 0.0190 -0.1808 0.9833
vn -0.0259 0.1779 -0.9837
vn -0.2947 0.6064 0.7386
vn -0.2048 0.2942 0.9335
vn -0.3200 0.3428 -0.8832
vn -0.0444 0.3187 -0.9468
vn -0.0276 0.2573 -0.9659
vn -0.3972 -0.4732 0.7863
vn -0.2520 -0.4972 0.8302
vn -0.2480 -0.5021 0.8285
vn -0.0458 -0.2312 0.9718
vn 0.0907 -0.4105 0.9073
vn -0.0613 -0.3015 0.9515
vn -0.0275 -0.2999 0.9536
vn 0.1152 -0.3742 0.9202
vn 0.1144 -0.4097 0.9050
vn -0.2071 0.4497 -0.8688
vn -0.2625 0.4722 -0.8415
vn -0.1848 -0.9813 0.0539
vn -0.0581 -0.8598 -0.5073
vn -0.0488 -0.4725 0.8800
vn -0.0567 -0.4639 0.8841
vn 0.0060 -0.3903 0.9207
vn -0.0773 0.6526 -0.7538
vn 0.0038 -0.6844 0.7291
vn -0.0456 -0.5802 0.8132
vn 0.0653 0.3488 -0.9349
vn -0.3875 0.6395 -0.6640
vn -0.0746 0.6292 -0.7737
vn -0.3773 0.8041 -0.4594
vn -0.2221 0.7859 -0.5772
vn -0.0904 0.8993 -0.4279
vn 0.0600 0.5164 -0.8542
vn -0.3053 0.9320 -0.1954
vn -0.1029 0.9424 -0.3183
vn -0.1032 0.9589 -0.2642
vn -0.0926 0.9349 -0.3426
vn -0.2417 0.9580 -0.1546
vn -0.2351 0.9588 -0.1595
vn -0.1984 0.7643 -0.6136
vn -0.1432 0.2555 -0.9561
vn -0.1747 0.3407 -0.9238
vn -0.1467 0.1144 -0.9825
vn -0.0670 -0.4713 0.8794
vn -0.1045 -0.2494 0.9627
vn 0.0303 0.2274 0.9733
vn 0.0310 0.3807 0.9242
vn 0.0334 0.5342 0.8447
vn 0.0409 0.4175 0.9078
vn 0.0407 0.4992 0.8655
vn 0.0366 0.5803 0.8136
vn 0.0298 0.6509 0.7586
vn -0.0312 0.7220 -0.6912
vn -0.0241 0.7673 -0.6409
vn -0.0342 0.8325 -0.5529
vn -0.0376 0.9693 -0.2429
vn 0.0339 0.9432 0.3304
vn 0.0354 0.8778 0.4776
vn 0.0336 0.8732 0.4863
vn 0.0245 0.9294 0.3683
vn 0.0013 0.9986 0.0532
vn -0.0385 0.9791 -0.1995
vn 0.0020 0.9870 0.1608
vn 0.6983 -0.1385 0.7023
vn 0.3805 -0.6572 -0.6506
vn 0.5056 -0.6692 -0.5445
vn 0.3094 -0.5584 -0.7697
vn 0.3867 -0.5797 -0.7172
vn 0.2502 0.3855 0.8881
vn 0.0132 0.4772 0.8787
vn 0.4123 0.2553 0.8746
vn -0.1338 0.2229 0.9656
vn 0.1128 -0.1513 0.9820
vn -0.5280 0.2536 0.8105
vn 0.1434 -0.4022 -0.9042
vn -0.0973 0.0713 0.9927
vn -0.2985 0.8278 -0.4750
vn 0.0256 -0.0326 0.9991
vn 0.1132 -0.4451 -0.8883
vn -0.9880 0.0036 -0.1544
vn -0.1323 -0.9816 -0.1377
vn -0.9182 -0.2839 0.2763
vn -0.3109 -0.7818 0.5405
vn -0.0392 -0.8937 0.4469
vn 0.1210 -0.2698 -0.9553
vn -0.1037 0.9483 0.2999
vn -0.3513 -0.0539 -0.9347
vn -0.1565 -0.5649 -0.8102
vn 0.7088 0.6647 -0.2363
vn -0.0019 -0.7120 -0.7022
vn 0.9191 0.3936 0.0184
vn -0.0784 0.9622 0.2608
vn -0.1298 0.4894 0.8624
vn 0.0081 -0.9997 0.0220
vn -0.0102 -0.9974 0.0712
vn 0.0076 -0.9988 0.0490
vn -0.3111 -0.6757 0.6683
vn 0.0673 -0.9447 0.3210
vn -0.2292 -0.6600 0.7154
vn -0.1523 -0.9873 -0.0444
vn 0.0849 -0.2496 -0.9646
vn -0.0074 0.3208 0.9471
vn 0.0306 0.2940 0.9553
vn -0.0586 0.3194 0.9458
vn -0.1155 0.3660 0.9234
vn 0.0925 -0.1008 -0.9906
vn 0.0973 -0.1034 -0.9899
vn -0.3458 0.4872 0.8019
vn -0.5057 -0.0817 0.8588
vn -0.5192 -0.0171 0.8545
vn -0.6706 -0.4791 0.5663
vn -0.1089 -0.5588 0.8221
vn -0.1195 -0.5544 0.8236
vn -0.8239 -0.3385 0.4545
vn -0.0819 0.9401 0.3310
vn -0.2637 0.9191 -0.2926
vn -0.1031 -0.9924 0.0667
vn -0.0724 -0.9887 0.1316
vn 0.0860 -0.0394 -0.9955
vn 0.5246 0.6921 -0.4958
vn 0.9857 -0.1073 0.1302
vn -0.1051 0.8642 -0.4921
vn -0.1240 0.9494 -0.2885
vn -0.0307 0.8341 -0.5508
vn -0.0304 0.9802 -0.1954
vn -0.6956 0.3142 -0.6461
vn 0.0860 -0.8089 0.5816
vn 0.0866 -0.8317 0.5485
vn -0.0592 -0.0264 0.9979
vn 0.2414 -0.7913 0.5617
vn -0.0603 -0.0863 0.9944
vn 0.2750 -0.6784 0.6813
vn 0.0608 0.2094 -0.9759
vn -0.0077 -0.0051 -1.0000
vn 0.1207 0.1989 -0.9726
vn 0.0698 0.2143 -0.9743
vn -0.0087 0.0992 -0.9950
vn -0.0917 -0.3155 0.9445
vn -0.0441 0.4130 -0.9097
vn -0.1936 -0.9799 -0.0478
vn -0.9897 -0.1199 0.0783
vn 0.0446 -0.4635 0.8850
vn 0.0804 -0.4890 0.8686
vn 0.0682 0.3477 -0.9351
vn -0.0924 -0.3802 0.9203
vn -0.1946 -0.9809 0.0021
vn 0.0265 -0.6147 0.7883
vn 0.0064 -0.5735 0.8192
vn -0.1033 -0.3880 0.9159
vn -0.1031 -0.4482 0.8880
vn -0.0633 0.6537 -0.7541
vn -0.0457 0.7290 -0.6830
vn 0.0047 -0.6702 0.7422
vn -0.0491 0.8097 -0.5848
vn -0.0489 0.8620 -0.5045
vn -0.0530 0.8172 -0.5739
vn 0.0787 0.5168 -0.8525
vn -0.1381 0.9247 -0.3548
vn -0.1619 0.9742 -0.1572
vn -0.1336 0.9678 -0.2134
vn -0.2388 0.9576 -0.1611
vn -0.1577 0.9291 -0.3344
vn -0.2292 0.7817 -0.5800
vn -0.0753 0.2582 -0.9631
vn 0.0500 -0.1063 0.9931
vn 0.0507 -0.2752 0.9601
vn -0.0471 0.1312 -0.9902
vn -0.0767 0.2220 -0.9720
vn 0.0609 0.6707 -0.7392
vn -0.0198 0.2100 -0.9775
vn -0.0459 0.2876 -0.9567
vn -0.0189 0.3341 -0.9424
vn 0.0234 0.9695 0.2440
vn 0.8782 -0.1598 0.4509
vn 0.9317 -0.3528 0.0870
vn 0.2607 -0.4226 -0.8680
vn 0.3981 -0.5286 -0.7497
vn 0.0225 0.3775 0.9257
vn 0.2924 -0.5348 -0.7928
vn 0.7345 -0.2654 0.6246
vn 0.7680 -0.3018 0.5648
vn 0.4368 0.6370 -0.6352
vn 0.1947 -0.0489 0.9796
vn 0.1884 -0.0427 0.9812
vn 0.4701 -0.8055 0.3608
vn 0.3510 -0.8306 0.4323
vn 0.0254 -0.9747 -0.2222
vn 0.0086 0.9516 0.3071
vn 0.0396 -0.7026 -0.7105
vn 0.0989 -0.7673 -0.6336
vn -0.0098 0.7514 0.6598
vn -0.0931 0.6150 0.7830
vn 0.2025 -0.9713 0.1246
vn 0.2161 -0.9756 -0.0382
vn -0.1957 -0.9056 -0.3763
vn 0.1030 -0.4471 0.8886
vn 0.1732 -0.5475 0.8187
vn 0.0917 -0.4047 0.9098
vn 0.0913 -0.4041 0.9102
vn -0.0961 -0.9911 -0.0920
vn -0.0444 -0.9852 -0.1653
vn 0.0946 -0.5582 0.8243
vn 0.6183 -0.2568 0.7428
vn 0.2272 0.0446 0.9728
vn 0.2423 0.2840 0.9277
vn 0.1484 0.3125 0.9383
vn 0.1025 -0.5567 0.8244
vn 0.1685 -0.5841 0.7940
vn -0.0562 0.9435 0.3266
vn -0.0977 0.9219 0.3748
vn -0.1134 0.5063 0.8548
vn 0.0088 -0.9993 -0.0358
vn 0.0116 -0.9918 0.1272
vn 0.0308 -0.9836 0.1780
vn 0.0138 -0.9608 0.2768
vn 0.0349 -0.9259 0.3761
vn 0.0625 -0.8523 0.5193
vn -0.1280 0.1730 0.9766
vn 0.2571 0.8883 -0.3806
vn -0.0014 0.4941 -0.8694
vn -0.1369 0.9862 -0.0935
vn -0.5475 0.8344 -0.0635
vn 0.4449 0.8300 -0.3365
vn 0.2996 0.9237 0.2389
vn 0.3275 0.8991 -0.2904
vn -0.1377 0.0152 0.9904
vn -0.1003 0.4212 -0.9014
vn -0.0065 0.4852 -0.8744
vn -0.0176 -0.0812 -0.9965
vn -0.0004 0.4826 -0.8759
vn 0.1314 -0.8659 0.4826
vn 0.0826 -0.8330 0.5471
vn 0.1374 -0.8896 0.4356
vn 0.1151 0.0466 -0.9923
vn 0.2374 -0.7873 0.5690
vn 0.1871 -0.7948 0.5773
vn 0.1942 -0.8028 0.5638
vn 0.1651 -0.7713 0.6147
vn 0.1395 -0.8093 0.5706
vn 0.1359 -0.8594 0.4929
vn -0.1307 -0.1246 0.9836
vn -0.1383 -0.2056 0.9688
vn -0.1079 -0.2259 0.9682
vn -0.1082 -0.2860 0.9521
vn -0.9725 -0.1838 0.1431
vn -0.0474 0.4035 -0.9138
vn 0.1175 0.3668 -0.9228
vn -0.0482 0.5593 -0.8275
vn -0.1202 -0.4818 0.8680
vn 0.0460 -0.5824 0.8116
vn 0.0473 -0.5840 0.8104
vn 0.0465 -0.5789 0.8141
vn -0.0408 0.8660 -0.4984
vn 0.0484 -0.5337 0.8443
vn 0.0477 -0.4490 0.8923
vn 0.0899 0.5112 -0.8548
vn -0.0860 -0.5007 0.8613
vn -0.1198 -0.4749 0.8718
vn -0.0490 0.9307 -0.3625
vn -0.2204 0.9538 -0.2043
vn -0.4513 0.7957 -0.4039
vn -0.1799 0.8335 -0.5225
vn -0.0995 0.7841 -0.6126
vn -0.6816 0.5237 -0.5111
vn -0.2233 0.6932 -0.6853
vn -0.4718 0.2943 -0.8312
vn 0.0465 -0.2584 0.9649
vn 0.0504 -0.1045 0.9932
vn -0.0898 -0.4418 0.8926
vn -0.1972 0.3341 -0.9217
vn 0.0489 0.0483 0.9976
vn 0.0492 0.0469 0.9977
vn 0.0600 0.6711 -0.7390
vn -0.1417 0.5670 0.8114
vn 0.0479 0.1595 0.9860
vn -0.0354 0.9727 -0.2294
vn -0.1392 0.6096 0.7804
vn -0.0137 0.3468 -0.9379
vn -0.0091 0.4864 -0.8737
vn 0.0411 0.7019 0.7111
vn 0.0399 0.7783 0.6266
vn 0.0332 0.7595 0.6497
vn 0.0404 0.8240 0.5652
vn -0.0351 0.9108 -0.4114
vn -0.0357 0.9682 -0.2475
vn 0.9301 -0.3577 0.0829
vn 0.9095 -0.2708 0.3154
vn 0.6762 -0.5471 -0.4934
vn 0.7229 -0.2818 0.6308
vn 0.7263 -0.2858 0.6251
vn 0.6728 -0.3830 -0.6330
vn 0.9551 0.1623 -0.2477
vn 0.9307 0.2332 -0.2818
vn 0.9451 -0.2345 0.2277
vn 0.5922 -0.2619 0.7620
vn 0.6289 -0.3150 0.7108
vn 0.7410 -0.5740 0.3485
vn 0.7157 -0.5310 0.4536
vn 0.6729 -0.7397 -0.0074
vn 0.3184 -0.6352 0.7037
vn 0.7174 -0.6728 0.1808
vn 0.7181 -0.6865 0.1138
vn -0.7561 -0.6540 0.0259
vn 0.7963 0.6033 0.0427
vn -0.8959 -0.4418 0.0458
vn 0.7005 -0.5494 -0.4555
vn 0.7443 -0.5451 -0.3859
vn 0.7142 -0.6261 -0.3129
vn 0.0820 -0.9291 0.3606
vn 0.1638 -0.9197 0.3568
vn 0.6431 -0.7655 -0.0197
vn 0.7458 -0.6299 -0.2166
vn 0.6546 -0.7555 0.0270
vn 0.6572 -0.4278 0.6205
vn 0.8008 -0.4135 0.4333
vn 0.1483 -0.2648 -0.9528
vn 0.5006 0.2674 0.8234
vn 0.4378 0.3115 0.8434
vn 0.3705 0.2158 0.9034
vn 0.1431 -0.1043 -0.9842
vn 0.1501 -0.1093 -0.9826
vn 0.7546 -0.4886 0.4381
vn 0.2702 0.9183 0.2892
vn -0.6313 -0.0792 -0.7715
vn 0.6226 -0.7631 0.1735
vn -0.0230 0.8928 0.4498
vn -0.1079 0.5103 0.8532
vn 0.8832 -0.3501 0.3120
vn 0.8762 -0.3399 0.3417
vn 0.7687 -0.0379 0.6385
vn 0.3209 -0.8582 0.4006
vn 0.3334 -0.8865 -0.3209
vn 0.6932 -0.7085 0.1322
vn 0.1606 -0.0334 -0.9865
vn -0.0353 0.4847 -0.8739
vn 0.6223 0.3787 -0.6851
vn 0.0583 0.6730 -0.7374
vn 0.6489 0.3527 -0.6741
vn -0.0958 0.5140 -0.8524
vn 0.3889 0.7906 -0.4730
vn 0.0826 -0.8143 0.5745
vn 0.2803 0.3928 -0.8759
vn 0.0664 -0.0161 -0.9977
vn 0.2591 -0.2007 -0.9448
vn 0.5375 0.1978 -0.8197
vn 0.4880 0.7537 -0.4403
vn 0.0984 -0.8367 0.5387
vn 0.0937 -0.8337 0.5442
vn 0.1311 -0.8916 0.4335
vn 0.0982 -0.8729 0.4779
vn 0.1251 0.0497 -0.9909
vn 0.1391 0.0444 -0.9893
vn -0.1964 -0.0248 0.9802
vn 0.1466 -0.8751 0.4612
vn 0.0669 -0.2264 -0.9717
vn 0.2312 -0.4896 0.8407
vn 0.1481 0.2112 -0.9662
vn -0.1756 -0.3066 0.9355
vn -0.1742 -0.3695 0.9128
vn -0.1544 0.4354 -0.8869
vn 0.0649 -0.4578 0.8867
vn 0.0649 -0.4968 0.8654
vn 0.0474 -0.4903 0.8703
vn 0.0813 -0.5227 0.8486
vn 0.0575 -0.4579 0.8871
vn 0.0380 -0.4892 0.8713
vn 0.0666 -0.5715 0.8179
vn 0.0501 -0.5939 0.8030
vn 0.0846 -0.6222 0.7782
vn 0.0576 -0.5869 0.8076
vn 0.1121 0.4787 -0.8708
vn 0.0497 -0.5274 0.8482
vn 0.0496 -0.4563 0.8884
vn -0.1587 -0.4875 0.8586
vn -0.0199 0.9259 -0.3772
vn -0.0355 0.8567 -0.5146
vn -0.0187 0.7635 -0.6455
vn -0.0604 0.7883 -0.6123
vn -0.0574 0.5451 -0.8364
vn -0.1128 0.5571 -0.8228
vn -0.0593 0.5533 -0.8309
vn -0.0353 0.7041 -0.7092
vn -0.3864 0.6316 -0.6722
vn -0.5540 0.6652 -0.5005
vn -0.5376 0.5972 -0.5953
vn -0.3987 0.3997 -0.8254
vn -0.6058 0.5351 -0.5888
vn -0.4543 0.4753 -0.7535
vn 0.1038 -0.2679 0.9578
vn -0.2124 -0.4015 0.8909
vn -0.1581 -0.4666 0.8702
vn -0.1902 0.4360 -0.8796
vn -0.0628 0.4452 -0.8932
vn -0.0619 0.4060 -0.9118
vn -0.0498 0.3440 -0.9377
vn -0.0560 0.3886 -0.9197
vn -0.4202 0.8472 -0.3251
vn 0.0780 0.6486 -0.7571
vn 0.1274 0.1773 0.9759
vn -0.0136 0.6125 -0.7904
vn -0.0137 0.6721 -0.7403
vn 0.0110 0.9980 -0.0617
vn 0.0048 0.9992 0.0394
vn 0.8510 -0.5197 -0.0756
vn 0.8570 -0.4903 0.1584
vn 0.4201 -0.5151 -0.7471
vn 0.4209 -0.5199 -0.7433
vn 0.8301 -0.4205 0.3661
vn 0.8936 -0.3112 0.3236
vn 0.9340 -0.2595 0.2454
vn 0.7623 -0.4340 0.4801
vn 0.7604 -0.5067 0.4062
vn 0.7664 -0.4320 0.4754
vn 0.7949 -0.5862 0.1569
vn 0.7988 -0.5812 0.1554
vn 0.8024 -0.5797 -0.1415
vn 0.8679 -0.4689 0.1638
vn 0.8748 -0.4671 -0.1289
vn 0.8872 -0.4287 -0.1707
vn 0.9534 -0.2822 0.1067
vn 0.8097 -0.4022 0.4272
vn 0.2596 -0.2914 -0.9207
vn 0.8861 -0.4443 0.1319
vn 0.8650 -0.4450 0.2318
vn 0.9274 -0.0364 0.3724
vn -0.7738 0.3951 -0.4951
vn 0.8755 0.3207 0.3616
vn 0.8786 0.3175 0.3568
vn -0.6535 -0.2939 -0.6975
vn 0.9820 -0.1160 0.1488
vn -0.8546 0.5039 -0.1255
vn -0.6872 -0.4295 0.5859
vn -0.5628 -0.8222 -0.0852
vn -0.5040 -0.8478 -0.1647
vn -0.8798 0.1226 -0.4593
vn -0.8763 0.3915 0.2808
vn 0.9886 -0.1358 0.0653
vn 0.7633 0.1686 0.6237
vn 0.7602 0.1685 0.6275
vn 0.2124 -0.3477 -0.9132
vn 0.9109 -0.1003 0.4002
vn 0.5507 0.0009 0.8347
vn 0.6878 -0.0899 0.7203
vn 0.6868 -0.0836 0.7220
vn 0.9124 0.0552 0.4055
vn 0.9867 -0.0188 0.1617
vn 0.9910 -0.0218 0.1323
vn 0.9355 0.2533 0.2463
vn 0.7187 -0.1695 0.6744
vn 0.9575 -0.0722 0.2793
vn 0.6129 -0.5837 0.5326
vn 0.8008 0.2124 0.5600
vn 0.9015 0.1476 0.4068
vn 0.8201 0.1875 0.5406
vn 0.2097 -0.1225 -0.9701
vn -0.5123 0.8408 0.1750
vn -0.1260 0.4855 0.8651
vn 0.9845 0.0370 0.1716
vn 0.9445 0.0824 0.3180
vn 0.8912 -0.4504 -0.0536
vn 0.8460 -0.2493 -0.4713
vn 0.4889 -0.8399 0.2357
vn 0.8904 -0.4435 -0.1020
vn 0.8711 -0.0053 -0.4911
vn -0.1120 0.0193 0.9935
vn 0.9949 0.0921 0.0419
vn -0.5096 -0.8601 0.0209
vn 0.9959 0.0906 -0.0037
vn 0.9867 0.1417 0.0794
vn 0.9824 0.1788 0.0533
vn 0.2484 -0.9320 -0.2638
vn 0.2189 -0.9502 -0.2219
vn 0.2343 -0.9145 -0.3298
vn 0.0377 -0.8504 0.5247
vn -0.1877 0.2835 0.9404
vn -0.5426 0.8148 0.2040
vn 0.6362 0.7097 0.3027
vn 0.8010 0.5966 -0.0500
vn 0.6046 0.7964 -0.0133
vn 0.0227 0.9383 0.3450
vn -0.1131 0.1539 0.9816
vn -0.1922 0.2823 0.9399
vn 0.8919 0.3928 -0.2241
vn 0.9112 0.3534 -0.2117
vn 0.7079 -0.0614 -0.7036
vn 0.6914 0.6841 -0.2323
vn 0.6904 0.6983 -0.1889
vn 0.8461 -0.3832 -0.3704
vn -0.1044 0.4313 0.8961
vn 0.4272 0.2483 -0.8694
vn 0.5414 0.7322 -0.4132
vn -0.1098 0.0831 0.9905
vn -0.5026 -0.7007 0.5063
vn 0.5673 -0.1556 -0.8087
vn -0.7295 0.5176 -0.4471
vn -0.2836 0.8842 0.3713
vn -0.3911 0.1576 -0.9068
vn 0.3720 -0.7919 -0.4843
vn 0.0919 -0.8136 0.5741
vn 0.2608 -0.2007 -0.9443
vn 0.3492 -0.3023 -0.8869
vn 0.0886 -0.8343 0.5441
vn 0.0795 -0.8248 0.5598
vn 0.0704 -0.8210 0.5666
vn 0.0793 -0.8349 0.5447
vn 0.0665 -0.8768 0.4763
vn 0.0845 -0.8827 0.4623
vn 0.0815 -0.8794 0.4691
vn 0.0874 -0.7752 0.6257
vn 0.0175 -0.1314 -0.9912
vn -0.0338 0.0176 -0.9993
vn 0.1944 0.2004 -0.9602
vn -0.1996 -0.2141 0.9562
vn -0.2034 -0.2190 0.9543
vn 0.1858 -0.4901 0.8516
vn -0.1985 -0.2740 0.9410
vn 0.1440 0.3581 -0.9225
vn -0.1516 0.3931 -0.9069
vn -0.1675 0.4355 -0.8845
vn -0.1556 0.1795 -0.9714
vn -0.2048 0.1710 -0.9638
vn -0.1175 0.6001 -0.7913
vn 0.1830 0.3678 -0.9117
vn -0.2287 -0.3953 0.8896
vn 0.1221 -0.5749 0.8090
vn 0.1118 -0.5910 0.7989
vn 0.1104 -0.5926 0.7979
vn 0.0951 -0.5508 0.8292
vn 0.1098 -0.5808 0.8066
vn 0.0728 -0.5332 0.8429
vn 0.0614 -0.5237 0.8497
vn 0.0464 -0.4795 0.8763
vn -0.2306 -0.3765 0.8972
vn 0.1313 -0.5888 0.7976
vn 0.1765 0.4571 -0.8717
vn -0.0700 0.8146 -0.5757
vn -0.0687 0.8678 -0.4921
vn 0.1470 -0.4361 0.8878
vn -0.2334 0.9231 -0.3055
vn -0.0206 0.9550 -0.2958
vn -0.0188 0.9237 -0.3826
vn -0.2269 0.9170 -0.3280
vn -0.0287 0.9714 -0.2359
vn -0.1825 0.9095 -0.3734
vn 0.0943 0.9688 -0.2292
vn -0.9916 0.0106 -0.1292
vn -0.0326 0.9978 -0.0576
vn 0.7323 0.6743 -0.0955
vn -0.1896 0.5223 -0.8314
vn 0.0850 -0.7366 -0.6709
vn -0.6500 0.7475 -0.1365
vn -0.2408 0.9605 -0.1394
vn -0.2086 0.9143 -0.3473
vn 0.7423 0.5334 0.4056
vn -0.4152 0.8061 0.4217
vn 0.6800 0.6593 0.3209
vn -0.2720 -0.9591 0.0788
vn -0.4213 0.5155 0.7462
vn 0.9415 0.2846 -0.1802
vn -0.1190 -0.3101 0.9432
vn -0.0171 -0.9879 -0.1542
vn 0.8255 0.2845 0.4874
vn 0.9179 0.2347 0.3200
vn -0.0751 -0.9702 -0.2304
vn -0.5429 0.6239 0.5621
vn 0.1607 -0.1554 -0.9747
vn -0.9808 0.1453 -0.1298
vn -0.1353 -0.9651 0.2243
vn 0.1965 0.1303 -0.9718
vn 0.2079 0.7593 -0.6166
vn -0.1480 -0.9811 0.1251
vn 0.9695 0.2167 -0.1145
vn 0.0434 -0.0962 -0.9944
vn 0.0459 0.9981 -0.0407
vn -0.9348 0.1021 -0.3402
vn 0.2142 0.9665 -0.1411
vn 0.1534 -0.3308 0.9311
vn 0.1441 0.5399 -0.8293
vn -0.2476 -0.4257 0.8703
vn -0.7200 0.3356 -0.6075
vn 0.1346 0.6376 -0.7585
vn 0.1489 0.6246 -0.7666
vn -0.2473 -0.1733 0.9533
vn -0.0944 0.3750 -0.9222
vn -0.0502 0.4190 -0.9066
vn -0.0257 0.2952 -0.9551
vn -0.2405 0.7418 0.6260
vn -0.1005 0.9900 0.0986
vn 0.1948 0.2518 0.9480
vn 0.1812 0.3788 0.9076
vn 0.1891 0.1756 0.9661
vn 0.2098 0.2054 0.9559
vn -0.0159 0.4691 -0.8830
vn 0.1365 0.3372 0.9315
vn 0.1427 0.4937 0.8578
vn 0.1358 0.5052 0.8523
vn 0.1497 0.6056 0.7816
vn 0.1486 0.6719 0.7255
vn -0.0109 0.6902 -0.7235
vn -0.0118 0.7666 -0.6421
vn -0.0114 0.7689 -0.6393
vn 0.1196 0.7726 0.6236
vn 0.1215 0.7947 0.5947
vn -0.0202 0.8609 -0.5085
vn -0.0206 0.8860 -0.4632
vn 0.0992 0.9272 0.3611
vn 0.0072 0.9747 -0.2233
vn 0.0102 0.9981 -0.0600
vn 0.1049 0.9693 0.2226
vn 0.8210 -0.5682 0.0564
vn 0.7937 -0.5598 0.2379
vn 0.7938 -0.5623 0.2319
vn 0.9652 -0.2585 -0.0390
vn 0.9741 -0.2150 0.0704
vn 0.2866 0.0072 0.9580
vn 0.2889 0.0133 0.9573
vn 0.6897 -0.2798 0.6679
vn 0.6933 -0.2746 0.6663
vn 0.9210 -0.3781 0.0940
vn 0.9730 -0.0156 0.2303
vn 0.9246 -0.0705 0.3744
vn 0.3827 0.1061 0.9177
vn 0.9915 -0.1067 0.0739
vn 0.9405 0.0292 0.3385
vn 0.9364 0.0281 0.3499
vn 0.9225 0.3343 0.1931
vn 0.3990 0.5311 0.7475
vn 0.9843 0.0051 0.1763
vn 0.9887 0.0196 0.1485
vn 0.9857 0.0042 0.1682
vn 0.9806 -0.0012 0.1960
vn 0.9821 0.0255 0.1866
vn 0.8153 0.0712 0.5746
vn 0.7483 -0.0429 0.6620
vn 0.1229 0.1006 0.9873
vn 0.2994 -0.1149 0.9472
vn 0.9714 0.0954 0.2172
vn 0.9819 0.0340 0.1862
vn 0.9448 0.1397 0.2962
vn 0.9377 0.1079 0.3303
vn 0.2382 -0.1116 -0.9648
vn 0.8976 0.2004 0.3926
vn 0.7809 0.1655 0.6023
vn 0.1055 0.2029 0.9735
vn 0.9751 0.1614 0.1518
vn 0.7332 0.3230 0.5984
vn 0.8457 0.5316 0.0464
vn 0.7136 0.4004 0.5748
vn -0.1346 0.2615 0.9558
vn 0.0305 0.0713 0.9970
vn 0.9685 0.1693 0.1826
vn 0.9571 0.2100 0.1996
vn 0.2388 -0.9275 -0.2875
vn 0.2020 -0.9539 -0.2221
vn 0.1895 -0.9385 -0.2886
vn 0.1968 -0.9508 -0.2392
vn 0.0945 -0.9655 -0.2426
vn 0.0871 -0.9113 -0.4023
vn 0.0950 -0.9261 -0.3651
vn 0.1899 -0.9209 -0.3405
vn 0.1168 -0.9838 -0.1357
vn 0.1048 -0.9788 -0.1762
vn 0.1060 -0.9765 -0.1875
vn 0.1090 -0.9936 -0.0299
vn 0.1155 -0.9923 -0.0446
vn 0.1199 -0.9847 0.1263
vn 0.1125 -0.9837 0.1403
vn 0.0759 -0.9395 0.3341
vn 0.1490 -0.9489 0.2782
vn 0.1106 -0.9637 0.2429
vn 0.1244 -0.9352 0.3316
vn 0.0937 -0.9051 0.4147
vn 0.0999 -0.9018 0.4205
vn 0.1036 -0.9442 0.3125
vn 0.0982 -0.9520 0.2899
vn 0.0978 -0.9009 0.4228
vn 0.1741 -0.8953 0.4101
vn 0.0727 -0.8234 0.5628
vn 0.1277 -0.8402 0.5270
vn 0.0888 -0.8358 0.5418
vn 0.1005 -0.8574 0.5048
vn 0.2231 -0.0213 -0.9746
vn -0.1199 0.1585 0.9800
vn 0.3162 -0.8358 -0.4489
vn 0.3104 -0.8402 -0.4447
vn 0.3117 -0.8329 -0.4572
vn 0.8306 -0.5481 -0.0982
vn 0.7755 0.1563 0.6116
vn 0.2440 -0.2775 -0.9292
vn 0.4174 -0.6524 -0.6326
vn 0.4152 -0.5553 -0.7206
vn 0.2693 -0.8311 -0.4865
vn 0.2766 -0.7616 -0.5861
vn 0.0904 -0.8227 0.5612
vn 0.0857 -0.8263 0.5567
vn 0.0858 -0.8296 0.5518
vn 0.2403 0.0352 -0.9700
vn 0.6524 0.2662 -0.7096
vn 0.6355 0.7544 0.1648
vn 0.2742 -0.6930 -0.6667
vn 0.0732 -0.0693 -0.9949
vn 0.3161 -0.5779 -0.7524
vn 0.3129 -0.5086 -0.8022
vn 0.0677 -0.8745 0.4803
vn 0.0946 -0.8780 0.4692
vn 0.1271 -0.8680 0.4800
vn 0.1052 -0.8335 0.5425
vn 0.0989 -0.8512 0.5155
vn 0.0986 -0.8633 0.4950
vn 0.1958 0.0546 -0.9791
vn -0.1956 -0.0055 0.9807
vn -0.1758 -0.0238 0.9841
vn 0.2214 -0.3376 -0.9149
vn 0.0202 -0.3370 -0.9413
vn 0.0784 -0.5699 -0.8179
vn 0.0703 -0.7822 0.6191
vn 0.0848 -0.7918 0.6048
vn 0.0954 -0.7374 0.6687
vn 0.1690 -0.7301 0.6621
vn 0.1778 -0.7357 0.6535
vn 0.1446 -0.7912 0.5942
vn -0.2156 -0.1295 0.9679
vn 0.1676 -0.2416 -0.9558
vn 0.1602 -0.2669 -0.9503
vn -0.0444 -0.2609 -0.9644
vn 0.0235 -0.5406 -0.8409
vn 0.1003 -0.1841 -0.9778
vn -0.0403 -0.6586 -0.7514
vn -0.1203 -0.2034 -0.9717
vn -0.1424 -0.1078 -0.9839
vn -0.7558 -0.2738 -0.5948
vn -0.4866 -0.1450 0.8615
vn -0.2115 0.0009 -0.9774
vn -0.7311 -0.4545 -0.5088
vn -0.4370 -0.5220 0.7325
vn -0.3225 -0.0824 -0.9430
vn -0.2952 -0.1040 -0.9498
vn -0.2928 0.0195 -0.9560
vn -0.9667 -0.2342 0.1034
vn 0.0401 -0.0411 0.9983
vn 0.1328 -0.0753 0.9883
vn 0.0864 -0.1353 0.9870
vn 0.0800 0.0134 0.9967
vn 0.2317 0.2134 -0.9491
vn -0.3225 -0.2431 0.9148
vn -0.1422 -0.0084 -0.9898
vn -0.9809 -0.1814 -0.0698
vn 0.0793 -0.5447 0.8349
vn 0.1180 -0.5799 0.8061
vn 0.0807 -0.5029 0.8606
vn -0.9915 0.0375 -0.1248
vn -0.5603 0.0507 -0.8267
vn -0.2217 0.0087 -0.9751
vn 0.1064 0.0144 0.9942
vn 0.0453 0.0246 0.9987
vn 0.0821 0.0128 0.9965
vn 0.0678 -0.5239 0.8491
vn 0.0463 -0.7143 0.6983
vn 0.1622 -0.5383 0.8270
vn 0.1640 -0.5353 0.8286
vn 0.1626 -0.5346 0.8293
vn 0.1743 -0.5702 0.8028
vn -0.9111 0.3464 0.2235
vn 0.1236 0.1447 0.9817
vn 0.1855 0.3670 -0.9115
vn 0.2268 0.3365 -0.9140
vn -0.2954 -0.3296 0.8967
vn -0.2888 -0.3573 0.8882
vn -0.1169 0.4757 -0.8718
vn 0.0615 -0.5413 0.8386
vn -0.4186 0.3313 -0.8456
vn -0.0158 0.4125 0.9108
vn -0.1378 0.7390 -0.6595
vn -0.0888 0.7447 -0.6614
vn 0.0954 -0.5212 0.8481
vn 0.1722 -0.5150 0.8397
vn 0.1720 -0.5152 0.8397
vn -0.0181 -0.6530 0.7571
vn -0.0728 -0.5783 0.8126
vn -0.1394 -0.7578 0.6375
vn -0.1719 -0.3506 0.9206
vn -0.2579 -0.4645 0.8472
vn -0.2588 -0.4648 0.8468
vn -0.1178 0.8980 -0.4239
vn -0.0852 0.8847 -0.4584
vn 0.1066 -0.6156 0.7808
vn 0.0871 -0.3826 0.9198
vn 0.1002 -0.4088 0.9071
vn -0.0322 -0.4197 0.9071
vn 0.2231 0.4908 -0.8422
vn 0.1994 -0.2358 0.9511
vn 0.1672 -0.2656 0.9495
vn 0.0907 -0.2379 0.9670
vn 0.2140 0.5081 -0.8343
vn 0.2221 0.4978 -0.8384
vn -0.2404 -0.4474 0.8614
vn -0.3423 -0.4390 0.8307
vn 0.2184 -0.1023 0.9705
vn 0.2026 -0.1176 0.9722
vn 0.0929 -0.1195 0.9885
vn 0.0144 -0.3202 0.9473
vn 0.0923 0.0212 0.9955
vn 0.1420 0.6363 -0.7582
vn 0.2120 0.5848 -0.7830
vn 0.2081 0.0444 0.9771
vn 0.2065 0.0428 0.9775
vn 0.1128 0.0438 0.9927
vn 0.1134 -0.0241 0.9933
vn 0.1190 0.2089 0.9707
vn 0.1204 0.0800 0.9895
vn -0.0263 0.3519 -0.9357
vn 0.1199 0.2133 0.9696
vn 0.1182 0.3573 0.9265
vn 0.1705 0.5764 0.7992
vn 0.1195 0.5808 0.8052
vn 0.1202 0.4792 0.8695
vn 0.1193 0.4724 0.8733
vn 0.1285 0.6540 0.7455
vn 0.1167 0.5685 0.8144
vn 0.1171 0.6681 0.7348
vn 0.1323 0.7598 0.6365
vn 0.1462 0.8166 0.5584
vn 0.1240 0.8192 0.5599
vn 0.1236 0.7663 0.6304
vn 0.1192 0.7488 0.6519
vn -0.0124 0.8310 -0.5561
vn 0.1168 0.9186 0.3774
vn 0.1138 0.8672 0.4848
vn 0.1163 0.8693 0.4805
vn 0.1133 0.9523 0.2833
vn 0.1156 0.9520 0.2833
vn 0.1157 0.9183 0.3786
vn 0.1264 0.8255 0.5500
vn 0.1264 0.8571 0.4994
vn 0.0370 0.9822 0.1844
vn 0.0986 0.9788 0.1795
vn 0.1011 0.9313 0.3498
vn 0.7459 -0.6436 0.1718
vn 0.7412 -0.6527 0.1568
vn 0.2721 -0.0550 0.9607
vn 0.7127 -0.6440 0.2781
vn 0.7584 -0.6357 -0.1440
vn 0.1194 -0.1713 0.9780
vn 0.2902 -0.3463 -0.8921
vn 0.4733 -0.4679 -0.7464
vn 0.0595 0.0225 0.9980
vn 0.2968 -0.1259 -0.9466
vn 0.1047 -0.9935 -0.0446
vn 0.1076 -0.9842 0.1405
vn 0.1080 -0.9936 -0.0318
vn 0.1072 -0.9772 -0.1832
vn 0.1021 -0.9873 0.1219
vn -0.2742 0.0547 0.9601
vn 0.0883 -0.8603 -0.5020
vn 0.0872 -0.8579 -0.5064
vn 0.0912 -0.7912 -0.6047
vn 0.0890 -0.7835 -0.6149
vn 0.0965 -0.7187 -0.6886
vn 0.0919 -0.7019 -0.7063
vn 0.8819 -0.4351 -0.1812
vn 0.8767 -0.4750 -0.0761
vn 0.9006 -0.4242 -0.0948
vn 0.9331 -0.2965 -0.2035
vn 0.9242 -0.2735 -0.2667
vn 0.9290 -0.2998 -0.2170
vn 0.8366 -0.5328 0.1272
vn 0.1037 -0.8891 0.4459
vn 0.8505 -0.4823 0.2096
vn 0.8916 -0.4441 0.0882
vn 0.8723 -0.4565 0.1754
vn 0.1031 -0.8572 0.5046
vn 0.0984 -0.8738 0.4763
vn 0.8449 -0.4941 0.2050
vn 0.0981 -0.8549 0.5094
vn 0.2736 0.0426 -0.9609
vn 0.0935 -0.6236 -0.7761
vn 0.0969 -0.6361 -0.7655
vn 0.0964 -0.5939 -0.7988
vn 0.0935 -0.5800 -0.8092
vn 0.1054 -0.7547 0.6476
vn 0.5554 0.5542 -0.6200
vn 0.7678 -0.6051 0.2105
vn 0.7883 -0.5962 0.1525
vn -0.3157 -0.0216 0.9486
vn -0.2675 -0.0541 0.9620
vn 0.0892 -0.5211 -0.8488
vn 0.0964 -0.5487 -0.8304
vn -0.0339 -0.6875 -0.7254
vn 0.0890 -0.5984 -0.7962
vn 0.0922 -0.6088 -0.7879
vn -0.0741 -0.6256 -0.7766
vn -0.3315 -0.1172 0.9361
vn -0.3027 -0.1569 0.9401
vn 0.8885 -0.4208 -0.1833
vn 0.8613 -0.5064 -0.0419
vn 0.8487 -0.3705 -0.3774
vn -0.6346 -0.5315 0.5611
vn 0.0000 -0.2648 -0.9643
vn 0.0859 -0.3991 -0.9129
vn 0.8928 -0.4120 -0.1821
vn 0.9385 -0.3434 -0.0363
vn 0.2696 -0.0655 0.9608
vn 0.8840 -0.4653 -0.0461
vn 0.9495 -0.3112 -0.0407
vn -0.9509 -0.1914 0.2433
vn 0.2768 -0.5361 -0.7975
vn 0.0002 -0.3307 0.9437
vn -0.5029 -0.8484 0.1654
vn -0.3110 -0.1014 -0.9450
vn -0.9521 0.2616 -0.1586
vn 0.3136 -0.6399 -0.7016
vn -0.2882 0.0197 -0.9574
vn -0.8789 -0.4118 0.2405
vn -0.7397 -0.5674 0.3618
vn -0.6338 -0.7241 0.2718
vn 0.4287 0.1653 0.8882
vn 0.1005 -0.2443 -0.9645
vn -0.3314 -0.7800 0.5308
vn -0.4673 -0.7981 -0.3803
vn -0.1213 -0.2414 -0.9628
vn -0.1275 0.0636 -0.9898
vn -0.3289 0.0065 -0.9443
vn -0.1550 0.0353 -0.9873
vn -0.1277 0.0778 -0.9887
vn 0.2163 0.0551 0.9748
vn -0.3153 -0.3104 0.8968
vn -0.4903 -0.3474 0.7994
vn -0.3233 -0.2427 0.9146
vn -0.4683 -0.3460 0.8130
vn -0.4950 -0.3095 0.8119
vn -0.2819 0.0641 -0.9573
vn -0.1451 0.5148 -0.8449
vn -0.1049 0.5478 -0.8300
vn 0.1570 -0.5304 0.8331
vn 0.2889 0.4098 -0.8652
vn -0.1576 0.6372 -0.7544
vn -0.1041 0.6388 -0.7623
vn -0.0616 -0.7374 0.6727
vn -0.0216 -0.6360 0.7714
vn -0.7027 -0.5752 0.4187
vn -0.7101 -0.0377 0.7031
vn -0.2203 -0.7752 0.5920
vn -0.2884 -0.9540 0.0815
vn -0.0242 -0.6163 0.7871
vn -0.0272 -0.7905 0.6118
vn -0.6177 -0.7120 0.3340
vn -0.1818 -0.9781 -0.1015
vn -0.7262 -0.6782 0.1123
vn -0.4978 -0.8583 0.1250
vn -0.7418 0.5912 -0.3166
vn -0.0410 -0.1037 0.9938
vn -0.3354 0.4586 0.8229
vn 0.7659 -0.6189 0.1742
vn -0.3289 -0.0802 -0.9410
vn -0.2389 0.5108 -0.8258
vn 0.8221 0.5210 -0.2297
vn 0.2287 -0.8868 0.4016
vn -0.3908 -0.8662 0.3112
vn 0.2855 -0.0499 -0.9571
vn -0.7394 -0.6657 -0.1005
vn -0.6942 -0.7125 -0.1023
vn -0.5307 -0.6597 0.5322
vn -0.2564 -0.7682 -0.5866
vn -0.2702 -0.7251 -0.6334
vn 0.9219 -0.1138 0.3704
vn 0.0033 -0.5452 0.8383
vn 0.0058 -0.7148 0.6993
vn -0.8988 -0.0333 -0.4371
vn -0.5611 -0.5668 0.6033
vn 0.1396 -0.5352 0.8331
vn 0.2876 0.4410 -0.8502
vn -0.4698 -0.4035 0.7852
vn -0.4378 -0.3798 0.8149
vn -0.1299 0.7599 -0.6370
vn -0.0949 0.7847 -0.6126
vn -0.1095 0.7224 -0.6828
vn -0.0954 0.6866 -0.7208
vn -0.1708 -0.9260 0.3366
vn -0.9119 0.3693 -0.1790
vn -0.9005 0.3710 -0.2270
vn 0.0306 -0.3587 0.9330
vn -0.5240 0.8318 0.1830
vn -0.5673 0.8008 0.1921
vn -0.6192 0.7640 0.1813
vn 0.3204 -0.1272 0.9387
vn -0.0885 -0.9750 0.2040
vn -0.8237 0.2180 -0.5235
vn -0.8526 0.4852 -0.1939
vn -0.8373 0.5215 -0.1642
vn -0.0338 -0.4064 0.9131
vn -0.8588 0.5092 -0.0567
vn -0.8828 0.4676 -0.0456
vn -0.5798 -0.6566 0.4823
vn -0.2308 0.5508 -0.8021
vn -0.5871 -0.7691 0.2523
vn -0.0185 -0.3581 0.9335
vn -0.0168 -0.3566 0.9341
vn -0.2931 0.4787 -0.8276
vn -0.6767 -0.2369 0.6971
vn -0.6776 -0.2346 0.6970
vn -0.0120 0.2166 -0.9762
vn -0.7299 -0.5638 0.3864
vn -0.8560 -0.4942 0.1518
vn 0.3078 -0.8917 -0.3320
vn -0.9222 0.0919 0.3757
vn -0.0296 0.9358 -0.3513
vn -0.0149 -0.4102 0.9119
vn -0.0173 -0.4099 0.9120
vn 0.0143 -0.3357 0.9419
vn 0.0141 -0.3334 0.9427
vn -0.4351 0.7242 0.5350
vn -0.3739 0.2423 0.8953
vn -0.3717 0.2422 0.8962
vn -0.3694 -0.4602 0.8073
vn -0.4002 -0.3968 0.8261
vn -0.3844 -0.4986 0.7770
vn 0.0420 0.0452 0.9981
vn 0.7814 0.0529 0.6217
vn 0.6464 0.2581 0.7180
vn 0.6190 0.1680 0.7672
vn 0.6116 0.1972 0.7662
vn -0.0526 0.2996 0.9526
vn 0.4712 0.5002 0.7265
vn 0.1977 0.3681 0.9085
vn 0.2986 0.4030 0.8652
vn -0.4084 -0.4139 0.8136
vn -0.3282 -0.4090 0.8515
vn 0.7792 0.0828 0.6212
vn 0.8202 0.1322 0.5566
vn 0.1596 0.7983 -0.5808
vn 0.1928 0.7180 -0.6688
vn -0.0426 0.9919 0.1197
vn -0.2485 0.8097 0.5316
vn 0.1199 0.3640 0.9236
vn 0.8130 0.2147 0.5412
vn 0.8429 0.1429 0.5187
vn 0.9042 0.2019 0.3763
vn 0.8906 0.2500 0.3798
vn 0.8788 0.2608 0.3997
vn 0.1181 0.6723 0.7308
vn 0.9296 0.2428 0.2772
vn 0.9006 0.3148 0.2997
vn 0.8961 0.3718 0.2424
vn 0.1338 0.8854 0.4451
vn 0.8803 0.4009 0.2536
vn 0.9233 0.3171 0.2170
vn 0.8497 0.4447 0.2833
vn -0.0031 0.9313 -0.3642
vn -0.0264 0.7692 -0.6384
vn -0.0385 0.8501 -0.5252
vn -0.0038 0.9878 -0.1557
vn 0.0836 0.9610 0.2638
vn 0.3434 -0.9361 -0.0756
vn 0.9132 0.1934 0.3586
vn 0.0811 0.9892 0.1224
vn 0.6411 -0.7576 0.1225
vn 0.4528 -0.4616 -0.7628
vn 0.3785 -0.1701 -0.9098
vn 0.2911 -0.1264 -0.9483
vn -0.2976 0.0743 0.9518
vn -0.2099 0.0087 0.9777
vn 0.8549 -0.5180 -0.0285
vn 0.8577 -0.5128 0.0377
vn 0.8543 -0.5188 0.0330
vn 0.3259 -0.0358 -0.9447
vn -0.2959 0.0665 0.9529
vn 0.9346 -0.2680 -0.2339
vn 0.9038 -0.2616 -0.3385
vn 0.9120 -0.2810 -0.2988
vn 0.9351 -0.2691 -0.2306
vn 0.3036 0.0353 -0.9522
vn -0.3837 -0.0660 0.9211
vn 0.9089 -0.2797 -0.3095
vn 0.9082 -0.2796 -0.3115
vn 0.8159 -0.3750 -0.4402
vn 0.9336 -0.3097 -0.1804
vn 0.3625 -0.5776 0.7314
vn 0.2092 -0.7894 0.5771
vn 0.5608 -0.6600 0.5000
vn 0.8855 -0.1926 0.4228
vn 0.9827 -0.0537 0.1771
vn -0.4273 -0.0397 0.9033
vn 0.2092 -0.7901 0.5762
vn 0.1477 -0.7960 0.5870
vn 0.2778 -0.6269 0.7279
vn 0.6426 -0.6474 0.4098
vn 0.7063 -0.4699 0.5294
vn 0.2682 -0.7080 0.6533
vn -0.4853 -0.7685 -0.4169
vn -0.3242 -0.0826 -0.9424
vn -0.2440 -0.8864 0.3935
vn 0.2060 -0.2702 0.9405
vn 0.2121 -0.2440 0.9463
vn 0.2152 -0.1297 0.9679
vn 0.2373 -0.1504 0.9597
vn 0.3152 -0.7090 0.6308
vn 0.2116 -0.6693 0.7122
vn 0.2288 -0.6370 0.7361
vn 0.2738 0.2015 -0.9404
vn 0.2738 -0.6555 0.7039
vn 0.2620 -0.6490 0.7142
vn -0.5304 -0.3902 -0.7526
vn 0.2525 -0.6568 0.7106
vn 0.2158 -0.5954 0.7739
vn 0.1859 -0.6003 0.7778
vn 0.3674 -0.6549 0.6604
vn -0.3564 0.0098 -0.9343
vn 0.3365 0.2166 -0.9164
vn -0.5247 -0.2854 0.8020
vn -0.5084 -0.2951 0.8090
vn -0.5232 -0.3182 0.7905
vn -0.9322 -0.3096 -0.1872
vn -0.8513 0.0104 -0.5245
vn -0.8273 -0.0143 -0.5616
vn -0.4984 -0.7309 -0.4663
vn -0.5276 -0.3674 -0.7659
vn 0.2452 0.0547 0.9679
vn 0.2347 0.0578 0.9703
vn 0.3193 0.3434 -0.8832
vn -0.1779 0.4652 -0.8671
vn -0.9861 0.1633 -0.0301
vn -0.8927 -0.3609 0.2700
vn -0.6402 -0.3790 0.6682
vn 0.3996 0.0251 -0.9163
vn 0.2369 -0.9450 -0.2254
vn -0.0410 -0.9873 0.1538
vn -0.5686 0.0994 -0.8166
vn 0.3296 -0.5844 0.7415
vn -0.4519 0.8919 0.0171
vn -0.4927 0.8694 0.0367
vn -0.2620 -0.8215 0.5065
vn -0.8412 0.3900 -0.3746
vn -0.8231 0.3776 -0.4240
vn -0.1174 -0.8762 0.4674
vn -0.5936 -0.0190 -0.8045
vn 0.3329 0.3573 -0.8727
vn -0.4764 -0.3569 0.8035
vn -0.6735 -0.2924 0.6789
vn -0.2349 0.7017 0.6726
vn 0.1730 0.8791 -0.4442
vn -0.1555 0.6535 -0.7408
vn -0.9862 0.1656 -0.0049
vn -0.5568 -0.0613 -0.8284
vn -0.5853 -0.2734 0.7633
vn 0.4303 0.2580 -0.8650
vn 0.4145 -0.8397 -0.3508
vn -0.6711 -0.2741 0.6888
vn -0.2440 0.9620 0.1223
vn -0.4309 0.7344 -0.5244
vn -0.5668 0.8196 -0.0837
vn -0.0401 0.9266 -0.3739
vn 0.3818 0.4595 -0.8019
vn 0.3848 0.4889 -0.7829
vn -0.4392 -0.3899 0.8094
vn -0.5676 -0.3910 0.7246
vn -0.3661 0.5577 0.7449
vn 0.1836 0.9472 -0.2629
vn -0.5453 -0.3781 0.7482
vn -0.0405 0.9582 -0.2832
vn 0.3496 0.5146 -0.7829
vn 0.3259 0.5790 -0.7474
vn -0.5822 -0.4195 0.6965
vn 0.3960 0.5494 -0.7358
vn 0.3562 0.6154 -0.7031
vn -0.4525 -0.2470 0.8569
vn -0.5633 -0.3715 0.7381
vn -0.5898 -0.0865 0.8029
vn -0.0907 0.9943 -0.0562
vn -0.5549 0.5975 0.5789
vn -0.0138 0.4155 -0.9095
vn -0.0118 0.5009 -0.8654
vn -0.0129 0.6053 -0.7959
vn -0.0319 0.6663 -0.7450
vn -0.0281 0.7719 -0.6352
vn 0.0856 0.9794 0.1828
vn 0.4691 0.8731 -0.1331
vn 0.5003 -0.6904 0.5225
vn 0.3908 -0.1722 -0.9042
vn 0.5368 -0.8157 0.2155
vn -0.1732 -0.1562 0.9724
vn -0.3057 -0.0138 0.9520
vn 0.4206 -0.1597 -0.8931
vn -0.2536 -0.1267 0.9590
vn -0.4522 -0.0041 0.8919
vn 0.4156 -0.0668 -0.9071
vn -0.3455 -0.0989 -0.9332
vn -0.2608 -0.9055 0.3347
vn -0.4599 -0.1162 -0.8803
vn -0.5748 -0.0548 -0.8165
vn 0.3785 0.0624 -0.9235
vn 0.3745 -0.6198 0.6897
vn 0.7990 -0.3749 0.4701
vn 0.3722 -0.6670 0.6454
vn 0.8434 -0.3617 0.3973
vn 0.8024 -0.3691 0.4690
vn 0.3500 -0.0844 0.9329
vn -0.4904 -0.1675 0.8553
vn -0.4722 -0.3352 0.8152
vn -0.4343 -0.2279 0.8715
vn -0.6347 -0.1917 0.7486
vn -0.5189 -0.3124 0.7957
vn -0.7261 -0.3054 0.6160
vn -0.6228 -0.4335 0.6514
vn 0.3148 -0.6441 0.6972
vn 0.3609 -0.6520 0.6668
vn 0.3734 -0.7389 0.5608
vn 0.3796 -0.7438 0.5501
vn 0.4279 -0.7025 0.5687
vn 0.1627 -0.6296 0.7597
vn 0.4852 -0.7218 0.4936
vn 0.8190 -0.3929 0.4181
vn 0.5937 -0.6829 0.4258
vn 0.7153 -0.6754 0.1796
vn 0.8413 -0.3758 0.3885
vn -0.8875 -0.4595 -0.0351
vn -0.4776 -0.8759 -0.0681
vn -0.9696 -0.1973 -0.1447
vn -0.7384 -0.6643 0.1162
vn 0.3403 0.0332 0.9397
vn 0.3685 0.2060 -0.9065
vn -0.8709 -0.4012 -0.2838
vn -0.9957 0.0116 -0.0922
vn -0.4025 -0.0076 -0.9154
vn 0.2598 0.0575 0.9639
vn -0.9196 -0.3916 0.0321
vn 0.5241 0.4701 0.7101
vn 0.8637 -0.1166 0.4903
vn 0.6845 0.5131 -0.5178
vn -0.9410 -0.1140 0.3185
vn -0.9951 -0.0008 -0.0984
vn 0.6153 0.7253 0.3087
vn -0.3918 -0.1747 -0.9033
vn 0.5749 -0.7148 -0.3983
vn -0.4656 0.0756 -0.8818
vn -0.5357 0.0066 -0.8444
vn -0.5617 -0.0756 -0.8239
vn 0.0409 -0.9000 -0.4341
vn -0.9551 0.2944 -0.0329
vn -0.5011 0.0116 -0.8653
vn -0.8375 0.1865 -0.5136
vn 0.3570 0.2267 0.9062
vn 0.8337 -0.2262 0.5038
vn 0.7044 0.6082 -0.3660
vn -0.6444 -0.4600 0.6109
vn -0.4095 -0.2035 -0.8893
vn -0.6936 -0.2846 0.6617
vn 0.1052 0.9398 0.3251
vn -0.6650 0.7217 0.1922
vn 0.6152 0.1893 0.7653
vn -0.1730 -0.5812 -0.7952
vn 0.4863 0.6361 0.5991
vn -0.7824 -0.1646 0.6006
vn -0.3243 0.8406 0.4339
vn 0.1357 -0.7008 0.7004
vn -0.8104 -0.0410 -0.5844
vn 0.1656 -0.4857 0.8583
vn -0.3864 0.4246 0.8188
vn -0.7963 0.5740 0.1908
vn -0.0032 -0.5909 -0.8067
vn 0.4227 -0.8983 0.1201
vn 0.4263 0.4238 -0.7992
vn 0.4405 0.3646 -0.8204
vn -0.2328 0.7515 -0.6173
vn -0.9747 0.1983 0.1028
vn 0.3920 0.3422 -0.8539
vn 0.6731 -0.6651 -0.3235
vn -0.6169 -0.5346 0.5777
vn -0.7752 0.5782 -0.2545
vn -0.7424 0.6107 -0.2755
vn 0.1655 -0.9368 0.3081
vn -0.8759 0.3103 -0.3693
vn 0.0955 -0.9888 0.1142
vn -0.8065 0.5119 0.2957
vn -0.8249 0.5076 0.2486
vn -0.4817 0.8754 -0.0405
vn -0.4816 0.8763 0.0102
vn -0.4132 0.8978 0.1522
vn -0.5418 -0.3164 0.7787
vn -0.6093 -0.3494 0.7118
vn -0.5684 0.6592 -0.4923
vn -0.9893 -0.0033 0.1458
vn -0.2886 0.4327 0.8541
vn 0.1312 0.9873 -0.0900
vn -0.0292 0.1116 -0.9933
vn -0.7670 -0.3527 0.5360
vn 0.3751 0.2606 -0.8896
vn 0.7022 -0.5741 -0.4210
vn -0.6955 -0.3527 0.6260
vn -0.6115 -0.4555 0.6469
vn -0.4697 0.3539 0.8088
vn -0.1756 0.9818 0.0722
vn -0.7764 -0.2702 0.5694
vn -0.7817 -0.2429 0.5745
vn -0.6350 -0.2468 0.7320
vn 0.4399 0.5986 -0.6695
vn 0.4521 0.5914 -0.6677
vn -0.1870 0.9805 0.0600
vn -0.8037 -0.3142 0.5053
vn -0.8309 0.0734 0.5516
vn -0.8256 0.1570 0.5419
vn -0.0511 0.4169 -0.9075
vn -0.0894 0.4502 -0.8885
vn -0.0632 0.4983 -0.8647
vn -0.0408 0.4770 -0.8780
vn 0.0154 0.6051 -0.7960
vn -0.0027 0.6171 -0.7869
vn -0.0227 0.6669 -0.7448
vn 0.0198 0.7415 -0.6707
vn 0.0121 0.7509 -0.6603
vn 0.0061 0.8748 -0.4845
vn 0.0123 0.9314 -0.3637
vn 0.0156 0.9296 -0.3682
vn 0.0960 0.8511 -0.5162
vn 0.0500 0.9757 -0.2132
vn 0.5660 -0.8207 0.0785
vn 0.5576 -0.8240 0.1000
vn 0.5178 -0.1741 -0.8376
vn 0.4875 -0.1525 -0.8597
vn -0.5600 -0.1123 0.8209
vn 0.4570 -0.0456 -0.8883
vn -0.4384 -0.0631 0.8965
vn -0.4742 -0.8761 -0.0876
vn -0.4896 -0.8656 -0.1048
vn 0.4737 0.0467 -0.8795
vn -0.5546 -0.1325 0.8215
vn -0.5568 -0.1324 0.8200
vn -0.5853 -0.0581 -0.8088
vn 0.4768 -0.1079 0.8724
vn 0.5049 -0.1221 0.8545
vn 0.4820 0.0408 -0.8752
vn -0.4689 -0.7614 0.4477
vn 0.4518 -0.0854 0.8880
vn -0.8866 -0.4364 0.1536
vn -0.4615 -0.0305 -0.8866
vn -0.5865 -0.0284 -0.8095
vn 0.4681 0.0289 0.8832
vn 0.4829 0.2241 -0.8465
vn 0.4809 0.2251 -0.8474
vn -0.6911 -0.0639 -0.7200
vn 0.4770 0.0318 0.8783
vn 0.4752 0.3072 -0.8245
vn -0.6922 -0.0614 -0.7191
vn -0.8531 -0.1207 -0.5076
vn 0.4631 0.1832 0.8672
vn 0.4315 0.3690 -0.8232
vn -0.0239 -0.8595 -0.5106
vn -0.9551 0.2944 0.0318
vn -0.8566 -0.1197 -0.5019
vn 0.3152 -0.8207 -0.4765
vn 0.3702 0.5654 0.7371
vn -0.9273 0.3641 -0.0873
vn 0.8957 -0.1552 0.4168
vn 0.6252 0.7069 -0.3308
vn -0.5912 -0.5645 0.5761
vn 0.1445 -0.2351 -0.9612
vn -0.8196 -0.2581 0.5116
vn 0.1483 0.9372 0.3158
vn -0.0526 0.5904 0.8054
vn 0.4259 -0.3611 0.8296
vn -0.2421 0.6698 0.7020
vn 0.0351 0.6656 0.7455
vn -0.3775 0.7918 0.4802
vn 0.6436 -0.2583 0.7204
vn 0.1832 0.7018 0.6884
vn -0.1340 0.6799 0.7210
vn 0.1186 0.1922 0.9741
vn 0.2597 0.4649 0.8464
vn 0.0770 0.6009 0.7956
vn 0.5348 0.4631 -0.7068
vn 0.5287 0.4860 -0.6958
vn -0.2869 -0.3718 0.8829
vn -0.7918 0.5414 0.2827
vn -0.8209 0.5006 0.2749
vn -0.9645 0.2388 0.1128
vn -0.0485 0.6836 0.7282
vn -0.5131 0.8300 -0.2186
vn -0.2601 0.9544 0.1466
vn -0.7887 0.2903 0.5419
vn -0.7429 0.3965 0.5393
vn -0.7296 0.6640 0.1636
vn -0.5309 0.1543 0.8333
vn 0.9241 -0.0207 0.3816
vn 0.6435 0.7272 -0.2390
vn -0.0277 -0.5992 0.8001
vn -0.8039 -0.2071 0.5576
vn -0.2819 0.8551 0.4352
vn 0.5102 0.4678 -0.7217
vn -0.9603 0.0714 -0.2695
vn -0.9492 0.1576 -0.2723
vn -0.8397 -0.2957 0.4555
vn -0.9052 -0.2799 0.3198
vn -0.9390 -0.1346 0.3164
vn -0.8714 -0.1989 0.4485
vn -0.6342 0.4385 -0.6368
vn -0.3128 0.3563 -0.8805
vn -0.2949 0.7335 -0.6124
vn -0.3813 0.6224 -0.6836
vn 0.2557 -0.9591 -0.1216
vn 0.6243 0.5530 -0.5518
vn -0.7319 0.4847 0.4790
vn -0.3273 0.9274 0.1811
vn -0.9254 -0.0220 0.3783
vn -0.9258 -0.2028 0.3189
vn -0.8434 0.4821 0.2370
vn -0.3001 0.9509 0.0760
vn -0.6356 0.7348 0.2369
vn 0.1500 0.4462 -0.8823
vn -0.1713 0.6786 -0.7143
vn 0.1523 0.4982 -0.8536
vn 0.3348 0.5714 -0.7493
vn 0.3310 0.6673 -0.6672
vn 0.3270 0.8274 -0.4565
vn 0.3403 0.8743 -0.3462
vn 0.3189 0.8921 -0.3200
vn 0.4580 0.8588 -0.2297
vn 0.3448 0.9259 -0.1542
vn 0.6183 -0.1492 -0.7716
vn 0.5820 -0.8031 -0.1281
vn -0.6193 -0.0765 0.7814
vn -0.5091 -0.1962 0.8381
vn 0.8958 -0.4418 0.0493
vn 0.9466 -0.3196 0.0427
vn 0.9737 -0.2091 0.0906
vn 0.9976 -0.0690 -0.0036
vn 0.9678 -0.2083 0.1410
vn 0.9467 -0.3212 0.0233
vn 0.9601 -0.2758 -0.0454
vn 0.9490 -0.3019 -0.0913
vn 0.9552 -0.2684 -0.1247
vn 0.9624 -0.1776 -0.2055
vn 0.9731 -0.1822 -0.1408
vn 0.9732 -0.1811 -0.1418
vn 0.9608 -0.2300 -0.1551
vn 0.9627 -0.1677 -0.2121
vn 0.9785 -0.1277 -0.1617
vn 0.9777 -0.1771 -0.1128
vn 0.9595 -0.2577 -0.1139
vn 0.8880 -0.3875 -0.2477
vn 0.9376 -0.2968 -0.1811
vn 0.9733 -0.1985 -0.1155
vn 0.8888 -0.4544 0.0599
vn 0.9380 -0.3418 0.0580
vn 0.8929 -0.4223 -0.1561
vn 0.9121 -0.4085 -0.0354
vn 0.6358 0.0387 -0.7709
vn 0.9775 -0.1785 -0.1126
vn 0.9681 -0.2456 -0.0502
vn 0.9642 -0.2580 -0.0620
vn 0.9526 -0.2765 0.1270
vn 0.9890 -0.0294 0.1447
vn 0.9996 0.0086 0.0280
vn 0.9634 -0.0368 0.2656
vn 0.9949 -0.0270 0.0974
vn 0.9564 -0.1773 0.2319
vn 0.9531 -0.1016 0.2853
vn 0.9653 -0.0805 0.2484
vn 0.9718 -0.0363 0.2330
vn 0.9822 0.1169 0.1473
vn 0.9704 -0.0506 0.2360
vn 0.9884 0.1452 0.0452
vn 0.9784 0.0669 0.1957
vn 0.9953 0.0135 0.0959
vn 0.9672 0.2276 0.1127
vn 0.9784 0.0356 0.2034
vn 0.9661 0.2561 -0.0339
vn 0.9650 0.2194 0.1436
vn 0.9939 0.0511 0.0977
vn 0.9800 -0.0075 0.1990
vn 0.9891 0.0129 0.1468
vn 0.9676 0.2223 0.1196
vn 0.9665 0.1704 0.1918
vn 0.9818 0.1569 0.1068
vn 0.9815 0.0491 0.1851
vn 0.9870 -0.0246 0.1589
vn 0.9882 0.0255 0.1513
vn 0.9895 -0.0062 0.1442
vn 0.9879 0.0334 0.1517
vn 0.9928 -0.0169 0.1182
vn 0.2374 -0.9714 0.0043
vn 0.1667 0.1278 0.9777
vn 0.9832 -0.1414 -0.1158
vn 0.6676 -0.1665 -0.7256
vn 0.9825 -0.1236 -0.1394
vn 0.9840 -0.1203 -0.1311
vn -0.4295 -0.9019 0.0455
vn -0.7248 -0.0490 -0.6872
vn -0.1326 -0.9456 0.2971
vn -0.3838 -0.9200 -0.0795
vn 0.6043 -0.1161 0.7882
vn 0.6148 -0.1214 0.7792
vn 0.6063 0.0219 -0.7949
vn -0.7000 -0.1846 0.6899
vn -0.6143 -0.2182 0.7583
vn 0.9828 -0.1257 -0.1356
vn -0.6874 -0.0329 -0.7255
vn -0.7816 -0.0388 -0.6225
vn -0.8127 -0.0214 -0.5823
vn 0.6295 0.0671 -0.7741
vn 0.9815 -0.1914 0.0012
vn 0.9914 -0.0779 -0.1053
vn 0.9828 -0.1212 0.1390
vn 0.9559 -0.1415 0.2573
vn 0.9954 -0.0907 0.0299
vn 0.9865 -0.1205 0.1107
vn 0.9992 0.0118 0.0391
vn 0.9978 -0.0652 0.0128
vn 0.9889 -0.0443 -0.1416
vn 0.6113 0.2097 -0.7631
vn 0.1649 -0.4307 0.8873
vn 0.4399 -0.5570 -0.7045
vn -0.9497 -0.2830 0.1342
vn 0.1622 0.5689 -0.8062
vn -0.0717 -0.9162 0.3943
vn -0.8647 0.2734 -0.4214
vn -0.6872 -0.2182 0.6929
vn -0.6316 -0.5069 0.5866
vn -0.0528 -0.9982 0.0294
vn 0.6547 -0.4091 -0.6356
vn 0.7982 -0.6020 -0.0235
vn 0.4305 0.1633 0.8877
vn 0.9922 0.1124 -0.0540
vn 0.9762 0.2168 0.0090
vn 0.7622 -0.6181 0.1924
vn 0.4915 -0.8571 0.1544
vn 0.6488 0.2403 0.7221
vn -0.0975 -0.7967 0.5965
vn 0.8709 -0.0206 0.4911
vn -0.0161 0.3700 0.9289
vn -0.3459 -0.7666 0.5410
vn 0.6595 0.7454 0.0967
vn -0.2541 -0.4347 0.8640
vn 0.8706 -0.3613 0.3341
vn 0.9219 -0.2849 0.2627
vn 0.9972 -0.0482 0.0569
vn 0.9944 -0.0912 0.0538
vn 0.9863 -0.1254 0.1067
vn 0.9893 0.0002 -0.1462
vn 0.9993 -0.0317 -0.0214
vn 0.8747 -0.3380 0.3474
vn 0.9470 -0.3071 -0.0938
vn 0.5852 0.0252 0.8105
vn 0.6078 0.0195 0.7939
vn 0.9844 -0.0011 0.1759
vn 0.9893 0.0332 0.1419
vn 0.6907 -0.1216 0.7129
vn 0.9882 0.0614 0.1404
vn 0.9223 -0.2745 0.2720
vn 0.5544 -0.8038 0.2157
vn -0.0367 -0.9731 0.2273
vn -0.0080 -0.9460 0.3240
vn -0.0845 -0.9464 0.3117
vn 0.9988 0.0054 0.0485
vn 0.9998 0.0172 -0.0032
vn 0.9931 0.0304 -0.1132
vn 0.9896 0.0045 -0.1440
vn 0.7039 -0.7094 0.0352
vn 0.8177 -0.5711 0.0725
vn 0.9149 -0.3984 -0.0646
vn 0.7968 -0.5791 0.1723
vn 0.7141 -0.6168 0.3311
vn 0.8005 -0.2178 -0.5583
vn 0.8889 -0.1031 -0.4464
vn 0.7972 -0.5816 -0.1621
vn 0.8914 -0.4347 -0.1285
vn 0.8885 -0.1155 -0.4441
vn 0.7907 -0.1320 -0.5978
vn 0.8906 -0.4321 -0.1420
vn 0.8676 -0.4968 0.0220
vn 0.7674 -0.1370 -0.6263
vn 0.8558 -0.0288 -0.5164
vn 0.9442 -0.2589 -0.2034
vn 0.9313 -0.2441 -0.2704
vn 0.7431 -0.0064 -0.6692
vn 0.8490 0.0149 -0.5281
vn 0.9430 -0.2166 -0.2528
vn 0.9979 0.0017 0.0652
vn 0.9579 -0.2404 -0.1572
vn 0.9274 -0.3342 -0.1680
vn 0.9292 -0.1895 -0.3172
vn 0.9847 -0.0450 0.1683
vn 0.9400 -0.0777 -0.3323
vn 0.9994 -0.0006 -0.0349
vn 0.9947 -0.0425 0.0935
vn 0.9939 -0.0007 -0.1101
vn 0.8828 -0.3994 -0.2473
vn 0.8944 -0.3003 -0.3315
vn 0.9942 -0.0872 0.0631
vn 0.0746 -0.9554 0.2858
vn 0.9956 -0.0428 -0.0831
vn 0.9968 -0.0457 -0.0654
vn 0.9620 -0.2711 -0.0338
vn 0.0660 -0.4778 0.8760
vn 0.0217 -0.4224 0.9062
vn 0.9886 -0.1218 0.0884
vn 0.0611 -0.9967 0.0529
vn 0.9959 -0.0348 -0.0832
vn 0.9934 -0.0869 0.0743
vn 0.0591 -0.9497 0.3076
vn 0.9917 -0.1287 -0.0047
vn -0.0398 -0.9733 0.2260
vn 0.9937 -0.0372 -0.1061
vn 0.9896 -0.1227 0.0754
vn -0.0394 -0.9797 0.1964
vn 0.9892 -0.1321 0.0638
vn 0.0086 -0.9899 0.1414
vn 0.9379 0.3137 0.1484
vn 0.8943 0.2239 0.3874
vn 0.8974 0.3226 0.3010
vn 0.9265 0.0090 0.3762
vn 0.9834 0.1384 0.1176
vn 0.9396 0.0550 0.3378
vn 0.9257 -0.0039 0.3783
vn 0.9656 -0.0261 0.2588
vn 0.9791 0.1867 0.0811
vn 0.9740 0.1191 0.1925
vn 0.9680 0.0669 0.2418
vn 0.9841 0.0647 0.1654
vn 0.9945 0.1043 -0.0080
vn 0.9764 0.0798 0.2005
vn 0.9795 0.1335 0.1508
vn 0.9944 0.0048 0.1052
vn -0.6861 -0.0955 -0.7213
vn -0.7646 -0.0675 -0.6410
vn -0.8979 -0.1312 -0.4201
vn -0.8793 -0.0907 -0.4676
vn -0.7769 -0.2078 -0.5944
vn -0.7801 -0.1443 -0.6088
vn 0.9709 -0.1580 0.1799
vn 0.9993 0.0344 0.0144
vn 0.9861 -0.1497 0.0718
vn 0.9985 -0.0555 -0.0016
vn 0.9997 0.0260 0.0042
vn 0.9998 0.0217 0.0031
vn 0.9650 -0.1755 0.1948
vn 0.1980 -0.4646 0.8631
vn 0.3727 -0.7221 0.5829
vn 0.9994 -0.0003 0.0353
vn 0.9827 0.1113 0.1478
vn 0.9772 0.1351 0.1635
vn 0.9774 0.1591 0.1392
vn 0.6357 0.3330 -0.6964
vn 0.7983 -0.5397 0.2673
vn 0.8367 -0.5330 0.1262
vn 0.1962 -0.7321 0.6524
vn 0.9969 -0.0376 -0.0697
vn 0.8893 -0.2535 0.3806
vn 0.7984 -0.1866 0.5725
vn 0.9130 -0.3468 0.2149
vn 0.9737 0.1209 0.1933
vn 0.9829 0.1149 0.1441
vn 0.9901 0.0223 0.1386
vn 0.9889 0.0534 0.1386
vn 0.9902 0.1270 0.0584
vn 0.9411 -0.3203 -0.1084
vn 0.9114 -0.3597 0.1997
vn 0.9482 -0.3138 0.0506
vn -0.7302 -0.3070 -0.6104
vn -0.8524 -0.3028 -0.4262
vn -0.8185 -0.3150 -0.4805
vn 0.5915 0.3722 -0.7152
vn 0.6353 0.3315 -0.6975
vn 0.7368 -0.4829 0.4732
vn 0.9511 -0.1872 0.2458
vn -0.2019 0.0775 0.9763
vn -0.0447 -0.9029 0.4276
vn -0.2069 0.0846 0.9747
vn -0.0491 -0.1912 0.9803
vn 0.9990 -0.0434 0.0106
vn 0.9262 -0.2037 0.3173
vn 0.9218 -0.0343 0.3862
vn 0.9969 -0.0739 -0.0275
vn 0.9944 0.1054 0.0091
vn 0.9901 -0.0531 -0.1300
vn 0.9786 0.1266 -0.1625
vn 0.9515 -0.2578 -0.1680
vn -0.0610 -0.3115 -0.9483
vn 0.1045 -0.9388 -0.3283
vn -0.2322 -0.3539 -0.9060
vn -0.1007 -0.9306 -0.3520
vn -0.2719 -0.1960 -0.9421
vn 0.1019 -0.8687 -0.4847
vn 0.0205 -0.3908 -0.9203
vn 0.9340 0.2818 -0.2194
vn 0.9726 0.1089 -0.2055
vn 0.9949 -0.0877 -0.0504
vn 0.9951 0.0088 0.0989
vn -0.1836 -0.9358 -0.3008
vn 0.9233 -0.3414 -0.1759
vn 0.0384 -0.9764 -0.2124
vn 0.9815 -0.1069 -0.1588
vn 0.7832 -0.4544 -0.4244
vn 0.1490 -0.6333 -0.7594
vn 0.2045 -0.9269 -0.3146
vn 0.1564 -0.6375 -0.7544
vn 0.5307 0.2247 0.8172
vn 0.5950 0.2101 0.7758
vn -0.2701 0.6823 0.6793
vn 0.5929 0.4075 -0.6945
vn -0.3027 0.4573 0.8362
vn 0.0273 0.9801 0.1965
vn 0.1907 -0.0084 0.9816
vn -0.3155 0.7818 0.5378
vn -0.9869 -0.0157 0.1605
vn -0.8965 0.4323 0.0974
vn -0.4334 0.3024 0.8489
vn 0.8758 -0.2983 -0.3795
vn -0.9925 -0.0373 -0.1163
vn -0.9325 0.3174 0.1726
vn -0.0833 0.7011 -0.7082
vn -0.8677 0.2445 -0.4329
vn -0.9703 0.2414 0.0169
vn -0.0996 -0.9936 0.0524
vn 0.5039 0.7675 0.3963
vn -0.0442 -0.9990 -0.0002
vn -0.3933 0.9175 -0.0589
vn -0.2057 0.8018 0.5611
vn -0.9607 -0.1027 0.2579
vn -0.1296 0.9230 0.3622
vn -0.3633 -0.1083 0.9254
vn 0.7811 -0.4627 -0.4192
vn 0.4613 0.3305 0.8234
vn 0.5421 0.3679 0.7555
vn 0.6442 0.4702 -0.6033
vn 0.6769 0.4485 -0.5837
vn -0.4491 0.8700 0.2035
vn -0.9617 0.1835 -0.2034
vn 0.8357 -0.5449 -0.0688
vn 0.8570 -0.3940 -0.3321
vn 0.8208 -0.5507 -0.1517
vn 0.7443 -0.6664 0.0427
vn 0.1364 -0.4542 0.8804
vn 0.0877 -0.3532 0.9314
vn 0.1626 -0.8591 -0.4853
vn 0.3139 -0.5622 -0.7651
vn 0.0168 -0.9371 -0.3486
vn -0.0515 -0.2991 -0.9528
vn 0.5932 0.5768 -0.5617
vn -0.9638 -0.2574 0.0700
vn -0.9250 -0.3799 0.0028
vn -0.9873 0.1074 0.1169
vn -0.9936 0.0448 -0.1034
vn -0.9510 0.1525 -0.2689
vn -0.9902 0.1339 -0.0397
vn -0.8986 0.3275 -0.2921
vn -0.8572 0.4460 -0.2576
vn -0.9999 -0.0084 -0.0104
vn 0.0344 -0.9983 0.0468
vn 0.1971 -0.9767 -0.0848
vn 0.0335 -0.9983 0.0472
vn 0.8401 0.3501 0.4143
vn 0.7906 0.1829 0.5844
vn 0.8192 0.3553 0.4502
vn 0.7715 0.3625 0.5228
vn 0.8248 0.3404 0.4514
vn 0.8592 0.2882 0.4228
vn 0.8876 0.2813 0.3648
vn 0.8362 0.3965 0.3789
vn 0.7521 0.2983 0.5876
vn 0.9026 0.3131 0.2956
vn 0.9341 0.3092 0.1784
vn 0.9841 0.1057 0.1429
vn 0.9586 0.2261 0.1733
vn 0.9827 0.1594 0.0939
vn 0.9438 0.2411 0.2261
vn 0.9578 0.2369 0.1626
vn 0.9549 0.1957 0.2232
vn 0.9644 0.1989 0.1743
vn 0.9640 0.2092 0.1643
vn 0.9229 0.1955 0.3317
vn 0.9548 0.1918 0.2271
vn 0.9288 0.1666 0.3309
vn 0.9447 0.1994 0.2602
vn 0.9459 0.2345 0.2243
vn 0.9262 0.1435 0.3486
vn 0.6807 0.5489 -0.4851
vn -0.8741 0.4363 0.2135
vn -0.8464 0.4941 0.1989
vn -0.8238 0.5088 -0.2499
vn -0.9267 0.3654 -0.0883
vn -0.9132 0.3632 -0.1851
vn -0.7884 0.4844 -0.3793
vn -0.8387 0.5327 -0.1134
vn -0.6955 0.6874 -0.2092
vn -0.8933 0.4422 -0.0805
vn 0.9059 0.3234 0.2733
vn 0.8362 0.3528 0.4200
vn 0.8387 0.3975 0.3722
vn 0.9385 0.2341 0.2536
vn 0.8827 0.3852 0.2691
vn 0.8607 0.3826 0.3360
vn 0.8645 0.4287 0.2625
vn 0.5700 0.7475 -0.3411
vn 0.0667 0.9976 -0.0174
vn 0.6547 0.7185 -0.2349
vn -0.4330 0.8959 0.0994
vn -0.3671 0.9256 0.0923
vn 0.0895 0.9953 -0.0362
vn 0.0690 0.9871 -0.1444
vn 0.3278 0.7388 -0.5889
vn 0.9331 0.3142 0.1749
vn 0.8908 0.3251 0.3175
vn 0.9033 0.3360 0.2668
vn 0.8826 0.4604 0.0946
vn 0.9437 0.3212 0.0795
vn 0.9592 0.2218 0.1752
vn 0.9283 0.3380 0.1550
vn 0.8180 0.5570 0.1437
vn 0.8294 0.5473 0.1123
vn 0.8362 0.4059 0.3689
vn 0.9961 0.0361 0.0804
vn 0.9755 0.2164 0.0390
vn 0.9980 0.0456 0.0445
vn 0.9974 0.0645 0.0308
vn 0.9899 0.1377 0.0343
vn 0.9780 0.2018 0.0520
vn 0.8315 0.5519 0.0634
vn 0.8205 0.5629 0.0999
vn 0.9796 0.2009 0.0094
vn 0.9705 0.2396 -0.0253
vn 0.9225 0.3860 -0.0097
vn 0.8320 0.5483 0.0848
vn 0.9987 0.0417 0.0294
vn 0.9886 0.1056 0.1074
vn 0.9964 0.0742 0.0399
vn 0.9653 0.2368 0.1104
vn 0.9040 0.4120 0.1145
vn 0.9155 0.3892 0.1021
vn 0.9731 0.2092 0.0961
vn 0.2780 0.6123 -0.7401
vn 0.9829 0.1711 0.0680
vn 0.9716 0.2270 0.0670
vn 0.9903 0.1263 0.0577
vn 0.9918 0.0898 0.0908
vn 0.4536 0.7053 -0.5448
vn 0.9514 0.3068 0.0261
vn 0.9191 0.3856 -0.0805
vn 0.9247 0.3788 -0.0383
vn 0.9356 0.2754 -0.2208
vn 0.9571 0.2481 -0.1494
vn 0.9163 0.3818 -0.1207
vn 0.5535 -0.8291 -0.0783
vn 0.6453 -0.2003 -0.7372
vn -0.6866 -0.2274 0.6905
vn -0.7549 -0.1730 0.6326
vn 0.2609 -0.9647 0.0367
vn -0.7580 -0.1828 0.6262
vn 0.2233 -0.9344 0.2776
vn -0.2757 -0.9594 -0.0588
vn 0.2412 -0.9309 0.2745
vn -0.8785 -0.0271 -0.4771
vn 0.7030 -0.1302 0.6992
vn -0.6888 -0.2177 0.6915
vn -0.7294 -0.2176 0.6486
vn -0.7430 -0.2115 0.6350
vn -0.8644 -0.0153 -0.5026
vn 0.7305 -0.1191 0.6725
vn 0.9928 0.0914 -0.0774
vn 0.9996 0.0199 -0.0177
vn 0.9937 0.1029 -0.0452
vn 0.9983 0.0525 0.0271
vn 0.7327 0.6254 -0.2682
vn 0.7230 0.0874 -0.6853
vn 0.7216 0.0890 -0.6865
vn 0.2995 -0.2825 0.9113
vn 0.9947 0.0624 0.0821
vn -0.7889 -0.2723 0.5508
vn -0.7883 -0.2139 0.5769
vn -0.7738 -0.2892 0.5635
vn -0.7065 -0.4635 0.5348
vn -0.6859 -0.4798 0.5471
vn 0.9998 0.0129 -0.0154
vn -0.8560 -0.1462 -0.4958
vn -0.8412 -0.2096 -0.4985
vn 0.7174 0.0348 0.6958
vn 0.7261 0.0324 0.6868
vn 0.6588 0.2263 -0.7175
vn 0.7062 0.2097 -0.6763
vn 0.9988 0.0455 -0.0174
vn 0.9994 0.0336 -0.0056
vn 0.9978 0.0652 -0.0089
vn 0.9885 0.1379 0.0613
vn -0.7969 -0.1074 -0.5945
vn -0.7635 -0.1526 -0.6275
vn -0.6883 -0.7062 -0.1659
vn 0.8112 -0.3942 0.4319
vn -0.0451 -0.5395 0.8408
vn 0.5782 0.3592 -0.7326
vn -0.7012 0.0357 -0.7120
vn -0.1760 0.3975 0.9006
vn 0.6328 0.7709 -0.0733
vn -0.1386 -0.4226 0.8957
vn -0.0655 -0.7566 0.6506
vn -0.3083 -0.1591 0.9379
vn -0.1384 -0.3802 0.9145
vn -0.0394 -0.7891 0.6130
vn -0.1725 -0.9289 0.3277
vn -0.6444 -0.6153 0.4540
vn -0.7551 -0.4868 -0.4391
vn -0.7265 -0.4750 -0.4965
vn 0.7603 -0.5713 0.3091
vn 0.0296 -0.7265 0.6866
vn -0.0200 -0.5438 0.8390
vn 0.0409 -0.9388 0.3419
vn 0.0275 -0.9467 0.3208
vn -0.7334 -0.3989 -0.5505
vn 0.6808 0.1861 0.7084
vn 0.7364 0.3498 -0.5791
vn -0.5186 0.0173 0.8548
vn -0.8849 -0.2403 0.3990
vn -0.9178 -0.1270 0.3761
vn -0.6391 0.6095 0.4691
vn -0.8343 -0.3958 -0.3837
vn -0.8222 -0.3145 -0.4745
vn -0.8447 -0.2450 -0.4759
vn -0.8454 -0.2440 -0.4751
vn 0.5828 0.2098 0.7850
vn 0.6993 0.4135 -0.5831
vn 0.6963 0.3966 -0.5982
vn -0.9156 -0.3350 0.2222
vn -0.9211 -0.3359 0.1967
vn -0.7982 -0.5319 0.2829
vn -0.8951 -0.3792 0.2347
vn -0.8557 -0.2798 -0.4354
vn 0.7577 0.2061 0.6192
vn 0.8124 0.1860 0.5527
vn -0.8970 -0.3384 -0.2843
vn -0.9495 -0.2567 -0.1806
vn -0.9485 -0.1634 -0.2714
vn -0.8903 -0.3815 -0.2487
vn 0.7540 0.2129 0.6215
vn 0.7532 0.2964 0.5872
vn 0.7753 0.4337 -0.4590
vn 0.7671 0.4207 -0.4842
vn -0.0457 -0.9963 0.0729
vn -0.1807 0.8785 -0.4422
vn -0.8316 -0.5295 0.1674
vn -0.8658 -0.4790 0.1446
vn -0.8691 -0.4780 0.1272
vn -0.8618 -0.4928 0.1204
vn -0.8623 -0.4832 0.1512
vn -0.8493 -0.5026 0.1617
vn -0.8809 -0.4731 0.0152
vn -0.8949 -0.4408 0.0699
vn -0.8426 -0.5336 0.0725
vn -0.8567 -0.5146 0.0351
vn -0.9135 -0.3515 -0.2049
vn -0.7918 -0.5717 -0.2150
vn -0.9361 -0.2997 -0.1841
vn -0.8097 -0.5375 -0.2355
vn -0.9134 -0.3513 -0.2054
vn 0.7407 0.4947 -0.4547
vn -0.8061 -0.5313 -0.2607
vn 0.8712 0.3567 0.3372
vn 0.8169 0.4657 -0.3402
vn 0.8155 0.5271 -0.2389
vn 0.8749 0.4368 0.2093
vn 0.8732 0.4260 0.2369
vn 0.8410 0.5142 -0.1683
vn 0.1143 0.9846 -0.1324
vn 0.6103 0.7836 -0.1158
vn 0.4924 0.7421 -0.4548
vn 0.8221 0.5374 -0.1880
vn 0.8941 0.4106 -0.1789
vn 0.6007 0.7931 -0.1012
vn 0.8920 0.4498 0.0449
vn 0.8038 0.5908 0.0697
vn 0.8589 0.5051 0.0844
vn 0.8565 0.5007 0.1248
vn 0.8676 0.4838 0.1148
vn 0.8602 0.4985 0.1070
vn 0.8565 0.4977 0.1370
vn 0.8761 0.4530 0.1650
vn 0.8502 0.4945 0.1807
vn 0.8666 0.4724 0.1607
vn 0.8454 0.4767 0.2411
vn 0.7646 0.4454 -0.4658
vn 0.8412 0.5216 -0.1428
vn 0.8464 0.5129 -0.1436
vn 0.8417 0.5306 -0.0995
vn 0.9424 0.3268 -0.0712
vn 0.9915 0.1240 0.0391
vn 0.9424 0.2592 -0.2116
vn 0.9969 0.0723 0.0322
vn 0.9942 0.0981 -0.0447
vn 0.9970 0.0576 0.0513
vn 0.9973 0.0731 -0.0100
vn 0.7772 -0.2711 -0.5679
vn -0.5937 -0.5890 0.5482
vn 0.6764 -0.6429 -0.3595
vn -0.8563 -0.1743 0.4861
vn -0.1184 -0.9758 0.1839
vn 0.2589 -0.9649 -0.0445
vn -0.2973 -0.9032 0.3096
vn -0.0614 -0.9724 0.2251
vn -0.9203 -0.2141 0.3275
vn 0.8257 -0.0165 -0.5639
vn -0.8525 -0.1596 0.4977
vn -0.9192 -0.1630 0.3585
vn -0.9534 -0.1215 0.2763
vn -0.9272 -0.0202 -0.3741
vn -0.0819 -0.9955 -0.0468
vn -0.9259 -0.0213 -0.3773
vn 0.5518 -0.8129 0.1863
vn 0.0726 -0.9952 0.0653
vn -0.9597 -0.0331 -0.2792
vn 0.8605 -0.1278 0.4932
vn 0.7987 -0.1175 0.5901
vn 0.7236 0.0332 -0.6894
vn 0.8576 0.0011 -0.5144
vn 0.8061 -0.1225 0.5789
vn 0.8252 0.0922 -0.5573
vn -0.8785 -0.2921 0.3780
vn -0.9067 -0.2510 0.3388
vn 0.8196 0.1853 -0.5421
vn -0.0836 -0.9916 0.0984
vn 0.8873 -0.2437 -0.3915
vn -0.9195 -0.1027 -0.3795
vn 0.7834 0.2157 -0.5829
vn 0.1214 -0.3687 0.9216
vn 0.9900 0.1271 0.0604
vn -0.8967 -0.3006 0.3249
vn -0.9089 -0.2517 0.3325
vn -0.6753 -0.4258 0.6023
vn -0.8953 -0.2378 0.3766
vn -0.9133 -0.0969 -0.3956
vn -0.9564 -0.0974 -0.2754
vn 0.8218 0.0351 0.5687
vn 0.8122 0.0422 0.5819
vn 0.7836 0.2760 -0.5567
vn 0.7325 0.3342 -0.5931
vn -0.8159 -0.4017 0.4158
vn -0.9271 -0.2605 0.2695
vn -0.8947 -0.3447 -0.2839
vn -0.9667 -0.1121 -0.2299
vn 0.8277 0.1186 0.5485
vn -0.8170 -0.5598 0.1382
vn 0.7450 -0.1592 0.6478
vn -0.4887 -0.7642 0.4209
vn -0.3382 -0.6162 -0.7113
vn 0.8496 -0.5273 0.0104
vn -0.6525 0.0844 0.7531
vn 0.6709 0.4768 0.5680
vn -0.3385 -0.6298 -0.6992
vn 0.9303 -0.2413 -0.2762
vn -0.4862 0.4543 -0.7465
vn 0.8494 0.1388 -0.5092
vn -0.6498 0.7494 0.1271
vn 0.7299 0.6817 -0.0497
vn -0.8952 -0.4038 -0.1887
vn -0.9575 -0.1096 -0.2669
vn -0.8913 -0.2590 -0.3722
vn 0.8316 0.3414 -0.4379
vn 0.8652 0.2966 -0.4043
vn -0.8433 -0.4276 0.3256
vn -0.8440 -0.3171 0.4326
vn -0.8818 -0.2819 0.3781
vn -0.8902 -0.3960 0.2250
vn 0.7648 -0.1980 0.6131
vn -0.4711 -0.7659 0.4376
vn -0.2628 -0.5816 -0.7699
vn 0.8724 -0.4887 -0.0062
vn -0.6521 0.0781 0.7541
vn 0.6685 0.4201 0.6137
vn -0.2710 -0.8054 -0.5272
vn 0.9409 -0.2251 -0.2530
vn -0.4891 0.4577 -0.7425
vn 0.8353 0.1806 -0.5193
vn -0.6404 0.7592 0.1159
vn 0.7248 0.6889 0.0072
vn -0.9332 -0.3272 -0.1486
vn -0.9388 -0.2983 -0.1724
vn -0.9299 -0.2136 -0.2994
vn 0.8807 0.2015 0.4286
vn 0.8511 0.2048 0.4834
vn 0.8285 0.3518 -0.4357
vn 0.7941 0.3946 -0.4623
vn 0.8885 0.3491 -0.2977
vn -0.9529 -0.2584 0.1589
vn -0.9437 -0.2775 0.1803
vn -0.9702 -0.2415 0.0217
vn -0.9467 -0.3220 -0.0094
vn -0.9340 -0.3355 -0.1227
vn -0.9196 -0.3415 -0.1944
vn -0.9511 -0.2600 -0.1667
vn 0.8559 0.3922 -0.3369
vn 0.8884 0.3500 -0.2970
vn 0.8912 0.3102 0.3309
vn 0.8373 0.3232 0.4409
vn 0.8373 0.3220 0.4419
vn 0.8904 0.3150 0.3285
vn 0.8938 0.3143 0.3199
vn 0.9095 0.3410 -0.2377
vn 0.9367 0.2998 -0.1807
vn 0.9006 0.3852 -0.2014
vn 0.9106 0.3448 0.2277
vn 0.8607 0.4695 -0.1969
vn 0.9149 0.3679 -0.1663
vn 0.8799 0.4498 -0.1534
vn 0.8728 0.4835 -0.0669
vn 0.8951 0.4456 -0.0115
vn 0.9088 0.3624 0.2066
vn 0.9044 0.3713 0.2101
vn 0.7728 0.5860 -0.2435
vn 0.7805 0.6102 -0.1358
vn 0.9007 0.4178 -0.1189
vn 0.9324 0.3588 0.0429
vn 0.9325 0.3588 0.0425
vn 0.9008 0.4226 0.0996
vn 0.8989 0.4135 0.1449
vn -0.6484 -0.7572 0.0783
vn 0.3019 -0.9527 0.0350
vn -0.9631 -0.2580 0.0772
vn -0.9385 -0.3308 0.0984
vn 0.8822 -0.0086 -0.4708
vn 0.9199 -0.0010 -0.3922
vn -0.9924 -0.0786 0.0942
vn -0.9349 -0.3245 -0.1434
vn -0.9807 -0.1185 -0.1553
vn -0.9831 -0.0887 -0.1602
vn -0.8078 -0.5873 -0.0503
vn 0.1953 -0.9806 -0.0175
vn 0.0402 -0.9992 -0.0039
vn -0.9991 0.0085 0.0405
vn -0.9091 -0.3477 -0.2292
vn -0.9790 -0.2036 0.0118
vn -0.9926 -0.1075 0.0569
vn -0.9997 0.0230 0.0058
vn -0.4321 -0.9006 -0.0467
vn -0.4430 -0.8954 -0.0435
vn 0.2580 -0.9651 -0.0442
vn 0.2593 -0.9648 -0.0443
vn -0.9867 -0.1089 0.1210
vn -0.9880 -0.1038 0.1145
vn -0.6195 -0.7827 0.0602
vn -0.9796 -0.0912 0.1788
vn -0.9744 -0.1052 0.1986
vn -0.6215 -0.7785 0.0878
vn -0.8663 -0.4665 0.1784
vn -0.0908 -0.9941 0.0584
vn 0.2790 -0.9596 -0.0361
vn -0.9837 -0.0927 0.1540
vn -0.7758 -0.6237 0.0957
vn -0.9799 -0.1096 0.1670
vn 0.3240 -0.9459 0.0147
vn -0.0505 -0.9957 0.0773
vn -0.9937 -0.1125 -0.0002
vn 0.4983 -0.8641 -0.0705
vn 0.5996 -0.7985 -0.0528
vn -0.9927 -0.0407 -0.1137
vn -0.9932 -0.0512 -0.1045
vn -0.4262 -0.9031 -0.0529
vn -0.0250 -0.9994 -0.0232
vn 0.5602 -0.8259 0.0641
vn -0.9682 -0.0268 -0.2489
vn -0.9795 -0.0476 -0.1957
vn -0.8217 -0.5390 -0.1850
vn -0.3287 -0.9378 -0.1120
vn 0.5295 -0.8440 0.0852
vn 0.9244 0.0028 -0.3814
vn -0.9679 -0.1335 0.2131
vn -0.9937 -0.0672 0.0895
vn -0.9882 0.1140 -0.1027
vn -0.9942 -0.0755 0.0762
vn -0.9811 0.1818 -0.0666
vn -0.9848 0.1737 -0.0008
vn -0.9737 0.2265 0.0258
vn -0.9788 0.2013 0.0380
vn -0.9791 0.1954 0.0557
vn -0.9754 0.1848 0.1200
vn -0.9831 0.1797 0.0354
vn -0.9824 0.1844 0.0310
vn -0.9776 0.1782 0.1118
vn -0.9848 0.0196 0.1725
vn -0.9912 0.0782 0.1070
vn -0.9820 0.1774 0.0652
vn -0.9872 0.0957 0.1277
vn -0.9892 0.0741 0.1264
vn -0.9970 -0.0550 0.0542
vn -0.9995 -0.0277 0.0180
vn -0.9961 -0.0601 -0.0642
vn 0.9406 -0.1116 0.3207
vn 0.9102 -0.1152 0.3977
vn 0.9476 -0.1031 0.3025
vn 0.8976 -0.1076 0.4275
vn -0.9705 -0.1171 0.2107
vn -0.9966 -0.0054 0.0828
vn -0.9841 -0.1127 0.1372
vn -1.0000 0.0083 -0.0010
vn -0.9968 0.0556 0.0580
vn -0.9964 0.0750 0.0399
vn -0.9995 0.0307 -0.0045
vn -0.9944 -0.0738 -0.0758
vn -0.9931 -0.0300 -0.1132
vn -0.9801 -0.0532 -0.1910
vn -0.9964 -0.0701 0.0487
vn -0.9969 -0.0717 0.0338
vn -0.9981 -0.0607 -0.0127
vn -0.9763 -0.0897 -0.1967
vn 0.9001 0.1859 -0.3940
vn 0.9010 0.1849 -0.3924
vn 0.9454 0.1598 -0.2841
vn -0.9817 -0.1331 0.1364
vn -0.9124 -0.2678 0.3095
vn -0.9838 -0.1331 0.1204
vn -0.9973 -0.0689 0.0241
vn -0.9974 -0.0681 0.0233
vn -0.9970 0.0724 0.0257
vn -0.9987 0.0094 0.0504
vn -0.9956 -0.0756 -0.0551
vn -0.9948 -0.0674 -0.0764
vn -0.9818 -0.0955 -0.1641
vn 0.9501 0.0561 0.3069
vn 0.9322 0.0605 0.3570
vn 0.9005 0.0221 0.4342
vn -0.9721 -0.2121 0.1002
vn -0.9707 -0.1927 0.1434
vn 0.9646 0.0710 0.2539
vn 0.9221 0.1091 0.3713
vn 0.8702 0.2722 -0.4108
vn 0.8705 0.2762 -0.4073
vn 0.9417 0.2359 -0.2399
vn -0.9688 -0.2032 0.1420
vn -0.9776 -0.2094 0.0194
vn -0.9769 -0.2125 0.0205
vn -0.9887 -0.1403 -0.0535
vn 0.9419 0.2521 -0.2221
vn 0.9490 0.2508 -0.1911
vn 0.9615 0.1267 0.2439
vn 0.9426 0.1622 0.2920
vn 0.9760 0.1559 0.1523
vn 0.9210 0.1519 0.3588
vn 0.9045 0.3096 -0.2934
vn 0.9700 0.2247 -0.0928
vn 0.9784 0.1904 0.0803
vn 0.9737 0.1922 0.1227
vn 0.9637 0.2228 0.1470
vn 0.9730 0.2238 -0.0561
vn 0.9710 0.2375 -0.0271
vn 0.9680 0.2431 -0.0629
vn 0.9775 0.2109 -0.0060
vn 0.9782 0.2073 0.0121
vn 0.9764 0.2137 0.0293
vn 0.9763 0.2115 0.0457
vn 0.9401 0.2460 0.2360
vn 0.9410 0.2473 0.2310
vn 0.9465 0.2976 -0.1249
vn 0.9466 0.2975 -0.1246
vn 0.9505 0.2990 -0.0844
vn 0.9453 0.3155 0.0824
vn 0.9427 0.3092 0.1253
vn 0.9287 0.3703 0.0215
vn 0.9285 0.3700 0.0331
vn 0.9132 0.3632 0.1846
vn 0.9662 -0.1710 -0.1930
vn 0.9587 -0.0091 -0.2844
vn 0.9824 -0.0030 -0.1868
vn 0.9638 -0.2428 -0.1100
vn 0.9575 -0.2628 -0.1191
vn 0.9938 -0.0477 -0.1006
vn 0.9926 -0.0509 -0.1104
vn 0.7612 -0.6481 -0.0233
vn 0.8557 -0.5168 0.0257
vn 0.9867 -0.1608 -0.0219
vn 0.9936 -0.0530 -0.0995
vn 0.8926 -0.4502 -0.0245
vn 0.9864 -0.1585 -0.0443
vn 0.8784 -0.4777 -0.0142
vn 0.8747 -0.4833 -0.0365
vn 0.9588 -0.2803 0.0464
vn 0.9802 -0.1876 -0.0630
vn 0.9634 -0.2670 -0.0240
vn 0.9624 -0.2716 0.0095
vn 0.9885 -0.0926 0.1194
vn 0.9702 -0.1064 0.2178
vn 0.9507 0.0010 -0.3101
vn 0.9951 -0.0884 0.0452
vn 0.9969 -0.0773 -0.0157
vn 0.9921 -0.0770 0.0989
vn 0.9914 -0.0794 0.1040
vn 0.9924 -0.0817 0.0921
vn 0.9811 -0.0885 0.1718
vn 0.9615 -0.1007 0.2555
vn 0.9989 -0.0140 -0.0455
vn 0.9993 -0.0365 0.0094
vn 0.9994 -0.0170 0.0305
vn 0.9961 0.0788 -0.0398
vn 0.9963 0.0825 -0.0234
vn 0.9960 0.0858 0.0266
vn 0.9954 0.0859 0.0430
vn 0.9919 0.0688 0.1067
vn 0.9921 0.0740 0.1010
vn 0.9820 0.0585 0.1797
vn 0.9724 0.1369 -0.1891
vn 0.9540 0.1647 -0.2507
vn 0.9869 0.1222 -0.1058
vn 0.9898 0.1219 -0.0740
vn 0.9786 0.0648 0.1953
vn 0.9729 0.0647 0.2219
vn 0.9801 0.1395 -0.1411
vn 0.9880 0.1435 -0.0573
vn 0.9926 0.1195 0.0202
vn 0.9886 0.1450 -0.0398
vn 0.9927 0.1184 -0.0220
vn 0.9938 0.1107 0.0056
vn 0.9917 0.0955 0.0865
vn 0.9916 0.0934 0.0896
vn 0.9642 0.2235 -0.1425
vn 0.9703 0.2205 -0.0993
vn 0.9906 0.1358 0.0192
vn 0.9877 0.1410 0.0676
vn 0.9807 0.1256 0.1500
usemtl material_0.003
s off
f 1//1 2//1 3//1
f 4//2 1//2 3//2
f 5//3 3//3 2//3
f 6//4 5//4 2//4
f 7//5 3//5 8//5
f 9//6 2//6 1//6
f 6//7 2//7 9//7
f 10//8 1//8 4//8
f 11//9 9//9 1//9
f 10//10 11//10 1//10
f 12//11 10//11 4//11
f 12//12 4//12 13//12
f 14//13 6//13 9//13
f 15//14 9//14 11//14
f 16//15 9//15 15//15
f 16//16 14//16 9//16
f 17//17 11//17 10//17
f 18//18 15//18 11//18
f 17//19 18//19 11//19
f 19//20 17//20 10//20
f 20//21 15//21 18//21
f 21//22 15//22 20//22
f 21//23 16//23 15//23
f 22//24 17//24 19//24
f 23//25 18//25 17//25
f 24//26 20//26 18//26
f 23//27 24//27 18//27
f 25//28 23//28 17//28
f 25//29 17//29 22//29
f 26//30 20//30 24//30
f 21//31 20//31 26//31
f 27//32 23//32 25//32
f 28//33 26//33 24//33
f 29//34 24//34 23//34
f 30//35 28//35 24//35
f 29//36 30//36 24//36
f 29//37 23//37 27//37
f 31//38 30//38 29//38
f 32//39 30//39 33//39
f 34//40 30//40 31//40
f 34//41 33//41 30//41
f 35//42 34//42 31//42
f 36//43 32//43 33//43
f 37//44 33//44 34//44
f 37//45 36//45 33//45
f 38//46 37//46 34//46
f 38//47 34//47 35//47
f 39//48 37//48 38//48
f 40//49 41//49 37//49
f 39//50 40//50 37//50
f 41//51 36//51 37//51
f 5//52 42//52 3//52
f 8//53 3//53 42//53
f 43//54 8//54 42//54
f 44//55 28//55 30//55
f 32//56 44//56 30//56
f 45//57 16//57 21//57
f 45//58 14//58 16//58
f 46//59 45//59 21//59
f 47//60 48//60 49//60
f 50//61 49//61 48//61
f 51//62 49//62 50//62
f 51//63 52//63 49//63
f 47//64 49//64 52//64
f 47//65 53//65 48//65
f 54//66 51//66 50//66
f 46//67 21//67 26//67
f 55//68 50//68 48//68
f 56//69 55//69 48//69
f 56//70 48//70 53//70
f 57//71 50//71 55//71
f 58//72 50//72 57//72
f 58//73 54//73 50//73
f 44//74 46//74 26//74
f 44//75 26//75 28//75
f 59//76 57//76 55//76
f 59//77 58//77 57//77
f 60//78 6//78 14//78
f 44//79 61//79 46//79
f 62//80 44//80 32//80
f 62//81 63//81 44//81
f 36//82 62//82 32//82
f 64//83 42//83 5//83
f 65//84 5//84 6//84
f 64//85 5//85 65//85
f 64//86 43//86 42//86
f 60//87 65//87 6//87
f 45//88 60//88 14//88
f 61//89 45//89 46//89
f 63//90 61//90 44//90
f 66//91 62//91 36//91
f 41//92 66//92 36//92
f 67//93 66//93 41//93
f 68//94 60//94 45//94
f 61//95 68//95 45//95
f 69//96 61//96 63//96
f 69//97 70//97 61//97
f 71//98 63//98 62//98
f 71//99 62//99 66//99
f 67//100 71//100 66//100
f 72//101 65//101 60//101
f 73//102 64//102 65//102
f 68//103 72//103 60//103
f 70//104 68//104 61//104
f 71//105 69//105 63//105
f 74//106 73//106 65//106
f 72//107 74//107 65//107
f 75//108 68//108 70//108
f 76//109 77//109 69//109
f 76//110 69//110 71//110
f 78//111 76//111 71//111
f 78//112 71//112 67//112
f 79//113 72//113 68//113
f 75//114 79//114 68//114
f 80//115 75//115 70//115
f 69//116 80//116 70//116
f 81//117 7//117 8//117
f 82//118 3//118 7//118
f 83//119 81//119 8//119
f 84//120 82//120 7//120
f 85//121 7//121 81//121
f 84//122 7//122 85//122
f 86//123 81//123 83//123
f 85//124 81//124 86//124
f 13//125 3//125 82//125
f 13//126 4//126 3//126
f 87//127 13//127 82//127
f 88//128 13//128 87//128
f 12//129 13//129 88//129
f 89//130 87//130 82//130
f 90//131 88//131 87//131
f 91//132 12//132 88//132
f 92//133 91//133 88//133
f 92//134 88//134 90//134
f 10//135 12//135 91//135
f 52//136 91//136 92//136
f 19//137 10//137 91//137
f 22//138 19//138 91//138
f 51//139 22//139 91//139
f 51//140 91//140 52//140
f 54//141 25//141 22//141
f 54//142 22//142 51//142
f 58//143 27//143 25//143
f 58//144 25//144 54//144
f 59//145 27//145 58//145
f 29//146 27//146 59//146
f 93//147 29//147 59//147
f 31//148 29//148 93//148
f 35//149 31//149 94//149
f 95//150 38//150 35//150
f 95//151 35//151 94//151
f 96//152 38//152 95//152
f 97//153 41//153 40//153
f 98//154 40//154 39//154
f 99//155 98//155 39//155
f 97//156 40//156 98//156
f 100//157 98//157 99//157
f 43//158 83//158 8//158
f 101//159 83//159 43//159
f 102//160 83//160 101//160
f 102//161 86//161 83//161
f 103//162 87//162 89//162
f 104//163 89//163 82//163
f 103//164 90//164 87//164
f 105//165 92//165 90//165
f 105//166 90//166 103//166
f 47//167 52//167 92//167
f 47//168 92//168 105//168
f 55//169 93//169 59//169
f 94//170 31//170 93//170
f 106//171 41//171 97//171
f 107//172 89//172 104//172
f 108//173 103//173 89//173
f 108//174 89//174 107//174
f 109//175 107//175 104//175
f 110//176 109//176 104//176
f 111//177 105//177 103//177
f 111//178 103//178 108//178
f 111//179 47//179 105//179
f 53//180 47//180 111//180
f 112//181 93//181 55//181
f 56//182 112//182 55//182
f 113//183 94//183 93//183
f 113//184 93//184 112//184
f 95//185 94//185 113//185
f 114//186 106//186 97//186
f 115//187 101//187 43//187
f 116//188 101//188 115//188
f 116//189 102//189 101//189
f 117//190 107//191 109//191
f 118//192 108//192 107//192
f 119//193 118//193 107//193
f 117//194 119//195 107//195
f 117//196 109//197 110//197
f 120//198 106//198 114//198
f 121//199 108//199 118//199
f 122//200 108//200 121//200
f 123//201 118//201 119//201
f 122//202 111//202 108//202
f 124//203 111//203 122//203
f 124//204 53//204 111//204
f 56//205 53//205 125//205
f 126//206 112//206 56//206
f 95//207 113//207 127//207
f 128//208 96//208 95//208
f 129//209 41//209 106//209
f 120//210 129//210 106//210
f 130//211 115//211 43//211
f 130//212 43//212 64//212
f 131//213 115//213 130//213
f 131//214 116//214 115//214
f 132//215 121//215 118//215
f 133//216 122//216 121//216
f 134//217 133//217 121//217
f 135//218 134//218 121//218
f 135//219 121//219 132//219
f 132//220 118//220 123//220
f 136//221 122//221 133//221
f 136//222 124//222 122//222
f 125//223 53//223 124//223
f 125//224 124//224 136//224
f 126//225 56//225 125//225
f 137//226 113//226 112//226
f 137//227 112//227 126//227
f 127//228 113//228 137//228
f 138//229 95//229 127//229
f 128//230 95//230 138//230
f 139//231 41//231 129//231
f 139//232 67//232 41//232
f 140//233 129//233 120//233
f 141//234 140//234 120//234
f 140//235 139//235 129//235
f 142//236 130//236 64//236
f 73//237 142//237 64//237
f 131//238 130//238 142//238
f 143//239 133//239 134//239
f 144//240 136//240 133//240
f 145//241 144//241 133//241
f 146//242 145//242 133//242
f 146//243 133//243 143//243
f 143//244 134//244 135//244
f 147//245 136//245 144//245
f 147//246 125//246 136//246
f 148//247 125//247 147//247
f 149//248 126//248 125//248
f 149//249 125//249 148//249
f 137//250 126//250 149//250
f 150//251 127//251 137//251
f 151//252 138//252 127//252
f 151//253 127//253 150//253
f 152//254 138//255 151//255
f 153//256 142//256 73//256
f 154//257 144//257 145//257
f 155//258 144//258 154//258
f 154//259 145//259 146//259
f 156//260 147//260 144//260
f 156//261 144//261 155//261
f 157//262 137//262 149//262
f 158//263 150//263 137//263
f 158//264 137//264 157//264
f 152//265 151//266 150//266
f 159//267 150//268 158//268
f 160//269 152//270 150//269
f 159//271 160//272 150//272
f 161//273 78//273 67//273
f 161//274 67//274 139//274
f 162//275 161//275 139//275
f 162//276 139//276 140//276
f 74//277 153//277 73//277
f 163//278 142//278 153//278
f 164//279 149//279 148//279
f 164//280 165//280 149//280
f 157//281 149//281 165//281
f 159//282 158//283 157//283
f 166//284 76//284 78//284
f 167//285 78//285 161//285
f 168//286 169//286 74//286
f 153//287 74//287 169//287
f 168//288 170//288 169//288
f 169//289 163//289 153//289
f 171//290 74//290 72//290
f 171//291 168//291 74//291
f 79//292 171//292 72//292
f 80//293 172//293 75//293
f 77//294 80//294 69//294
f 173//295 166//295 78//295
f 167//296 173//296 78//296
f 174//297 167//297 161//297
f 175//298 168//298 171//298
f 172//299 79//299 75//299
f 166//300 77//300 76//300
f 176//301 175//301 171//301
f 177//302 171//302 79//302
f 177//303 176//303 171//303
f 177//304 79//304 172//304
f 178//305 166//305 173//305
f 179//306 173//306 167//306
f 179//307 178//307 173//307
f 180//308 177//308 172//308
f 181//309 180//309 172//309
f 181//310 172//310 80//310
f 182//311 80//311 77//311
f 182//312 181//312 80//312
f 183//313 182//313 77//313
f 184//314 77//314 166//314
f 184//315 183//315 77//315
f 185//316 184//316 166//316
f 178//317 185//317 166//317
f 186//318 84//318 85//318
f 186//319 85//319 187//319
f 188//320 85//320 86//320
f 188//321 187//321 85//321
f 189//322 188//322 86//322
f 190//323 191//323 84//323
f 190//324 84//324 186//324
f 192//325 84//325 191//325
f 82//326 84//326 192//326
f 193//327 86//327 102//327
f 189//328 86//328 193//328
f 194//329 192//329 191//329
f 190//330 194//330 191//330
f 195//331 39//331 38//331
f 196//332 39//332 195//332
f 195//333 38//333 96//333
f 99//334 39//334 196//334
f 197//335 100//335 99//335
f 198//336 97//336 98//336
f 114//337 97//337 198//337
f 198//338 98//338 100//338
f 199//339 114//339 198//339
f 200//340 198//340 100//340
f 201//341 199//341 198//341
f 201//342 198//342 200//342
f 202//343 192//343 194//343
f 104//344 82//344 192//344
f 104//345 192//345 202//345
f 203//346 194//346 190//346
f 116//347 193//347 102//347
f 204//348 189//348 193//348
f 205//349 202//350 194//350
f 110//351 104//351 202//351
f 206//352 110//352 202//352
f 207//353 206//354 202//354
f 205//355 207//356 202//357
f 205//358 194//359 203//359
f 208//360 196//360 195//360
f 209//361 110//361 206//361
f 119//362 110//362 209//362
f 117//363 110//364 119//364
f 210//365 209//365 206//365
f 211//366 210//366 206//366
f 211//367 206//367 207//368
f 120//369 114//369 199//369
f 212//370 116//370 131//370
f 212//371 193//371 116//371
f 213//372 209//372 210//372
f 214//373 119//373 209//373
f 214//374 209//374 213//374
f 213//375 210//375 211//375
f 132//376 123//376 119//376
f 215//377 132//377 119//377
f 214//378 215//378 119//378
f 216//379 208//379 195//379
f 217//380 208//381 216//381
f 218//382 199//382 201//382
f 128//383 195//383 96//383
f 216//384 195//384 128//384
f 141//385 120//385 199//385
f 218//386 141//386 199//386
f 219//387 135//387 132//387
f 220//388 132//388 215//388
f 219//389 132//389 220//389
f 221//390 143//390 135//390
f 221//391 135//391 219//391
f 222//392 216//392 128//392
f 222//393 128//393 223//393
f 224//394 128//394 138//394
f 223//395 128//395 224//395
f 225//396 216//397 222//397
f 225//398 217//399 216//400
f 226//401 131//401 142//401
f 227//402 131//402 226//402
f 154//403 146//403 143//403
f 228//404 154//404 143//404
f 221//405 228//405 143//405
f 152//406 224//407 138//407
f 229//408 224//408 152//409
f 230//410 223//410 224//410
f 230//411 224//411 229//411
f 231//412 152//413 160//412
f 229//414 152//415 231//414
f 225//416 222//417 223//417
f 232//418 223//418 230//418
f 233//419 225//420 223//419
f 232//421 233//421 223//421
f 162//422 140//422 141//422
f 226//423 142//423 163//423
f 234//424 155//424 154//424
f 234//425 154//425 228//425
f 235//426 156//426 155//426
f 236//427 155//427 228//427
f 234//428 228//428 155//428
f 237//429 155//429 236//429
f 238//430 235//430 155//430
f 237//431 238//431 155//431
f 239//432 156//432 240//432
f 235//433 240//433 156//433
f 159//434 231//435 160//435
f 241//436 231//436 159//437
f 242//438 229//438 231//438
f 242//439 231//439 241//439
f 243//440 159//441 157//440
f 241//442 159//443 243//442
f 230//444 229//444 242//444
f 244//445 162//445 141//445
f 245//446 141//446 218//446
f 245//447 244//447 141//447
f 246//448 163//448 169//448
f 247//449 226//449 163//449
f 248//450 239//450 240//450
f 249//451 248//451 240//451
f 250//452 240//452 235//452
f 249//453 240//453 250//453
f 251//454 239//454 248//454
f 252//455 156//455 239//455
f 252//456 239//456 251//456
f 253//457 248//457 254//457
f 249//458 254//458 248//458
f 251//459 248//459 253//459
f 255//460 147//460 156//460
f 255//461 156//461 252//461
f 256//462 147//462 255//462
f 148//463 147//463 256//463
f 257//464 148//464 256//464
f 164//465 148//465 257//465
f 243//466 157//466 165//466
f 258//467 243//467 165//467
f 258//468 241//468 243//468
f 259//469 242//469 241//469
f 259//470 241//470 258//470
f 232//471 230//471 242//471
f 260//472 242//472 259//472
f 261//473 232//473 242//473
f 260//474 261//474 242//474
f 262//475 161//475 162//475
f 262//476 174//476 161//476
f 244//477 262//477 162//477
f 170//478 246//478 169//478
f 263//479 253//479 254//479
f 264//480 263//481 254//481
f 265//482 254//482 249//482
f 264//483 254//484 265//484
f 266//485 253//486 263//486
f 267//487 251//488 253//488
f 267//489 253//490 266//491
f 266//492 263//493 264//494
f 268//495 252//495 251//495
f 268//496 251//496 267//497
f 269//498 255//498 252//498
f 269//499 252//499 268//499
f 270//500 256//500 255//500
f 270//501 255//501 269//501
f 271//502 257//502 256//502
f 271//503 256//503 270//503
f 272//504 257//504 271//504
f 273//505 164//505 257//505
f 274//506 165//506 164//506
f 274//507 164//507 273//507
f 275//508 258//508 165//508
f 276//509 165//509 274//509
f 277//510 275//510 165//510
f 276//511 277//511 165//511
f 260//512 259//512 258//512
f 275//513 260//513 258//513
f 278//514 170//514 168//514
f 175//515 278//515 168//515
f 279//516 273//516 257//516
f 279//517 257//517 280//517
f 281//518 280//518 257//518
f 281//519 257//519 272//519
f 276//520 274//520 273//520
f 282//521 273//521 279//521
f 283//522 276//522 273//522
f 282//523 283//523 273//523
f 179//524 167//524 174//524
f 284//525 174//525 262//525
f 285//526 284//526 262//526
f 285//527 262//527 244//527
f 286//528 179//528 174//528
f 287//529 174//529 284//529
f 286//530 174//530 287//530
f 288//531 170//531 278//531
f 289//532 246//532 170//532
f 288//533 289//533 170//533
f 290//534 175//534 176//534
f 290//535 278//535 175//535
f 290//536 176//536 177//536
f 282//537 279//537 280//537
f 291//538 282//538 280//538
f 291//539 280//539 281//539
f 292//540 178//540 179//540
f 293//541 292//541 179//541
f 293//542 179//542 286//542
f 294//543 278//543 290//543
f 295//544 278//544 294//544
f 295//545 288//545 278//545
f 296//546 294//546 290//546
f 296//547 290//547 177//547
f 180//548 296//548 177//548
f 297//549 184//549 185//549
f 298//550 184//550 297//550
f 299//551 184//551 298//551
f 300//552 297//552 185//552
f 300//553 185//553 178//553
f 301//554 298//554 297//554
f 302//555 297//555 300//555
f 302//556 301//556 297//556
f 301//557 299//557 298//557
f 292//558 300//558 178//558
f 303//559 300//559 292//559
f 302//560 300//560 303//560
f 304//561 292//561 293//561
f 302//562 303//562 292//562
f 305//563 302//563 292//563
f 304//564 306//564 292//564
f 305//565 292//565 306//565
f 307//566 295//566 294//566
f 307//567 308//567 295//567
f 309//568 294//568 296//568
f 310//569 294//569 309//569
f 310//570 307//570 294//570
f 309//571 296//571 180//571
f 311//572 310//572 309//572
f 312//573 309//573 180//573
f 312//574 180//574 181//574
f 313//575 309//575 312//575
f 313//576 311//576 309//576
f 314//577 312//577 181//577
f 313//578 312//578 314//578
f 182//579 314//579 181//579
f 315//580 314//580 182//580
f 316//581 314//581 315//581
f 317//582 314//582 316//582
f 317//583 313//583 314//583
f 318//584 182//584 183//584
f 319//585 182//585 318//585
f 319//586 315//586 182//586
f 299//587 318//587 183//587
f 299//588 183//588 184//588
f 320//589 318//589 299//589
f 320//590 319//590 318//590
f 320//591 299//591 301//591
f 321//592 186//592 187//592
f 322//593 186//593 321//593
f 323//594 190//594 186//594
f 322//595 323//595 186//595
f 324//596 190//596 323//596
f 322//597 324//597 323//597
f 196//598 325//598 99//598
f 197//599 99//599 325//599
f 326//600 197//600 325//600
f 327//601 326//601 325//601
f 326//602 100//602 197//602
f 328//603 200//603 100//603
f 328//604 100//604 326//604
f 329//605 200//605 330//605
f 329//606 201//606 200//606
f 328//607 330//607 200//607
f 203//608 190//608 324//608
f 331//609 324//609 322//609
f 332//610 203//610 324//610
f 333//611 207//612 203//611
f 205//613 203//614 207//615
f 334//616 333//616 203//616
f 332//617 334//617 203//617
f 332//618 324//618 331//618
f 335//619 336//619 337//619
f 338//620 337//620 336//620
f 339//621 335//621 337//621
f 340//622 337//622 338//622
f 341//623 337//623 340//623
f 342//624 337//624 341//624
f 339//625 337//625 342//625
f 335//626 343//626 336//626
f 344//627 336//627 343//627
f 344//628 338//628 336//628
f 345//629 343//629 346//629
f 344//630 343//630 345//630
f 347//631 343//631 335//631
f 348//632 347//632 335//632
f 349//633 335//633 339//633
f 350//634 335//634 349//634
f 348//635 335//635 350//635
f 351//636 340//636 338//636
f 352//637 351//637 338//637
f 352//638 338//638 344//638
f 353//639 340//639 351//639
f 354//640 340//640 353//640
f 354//641 341//641 340//641
f 353//642 351//642 352//642
f 346//643 343//643 347//643
f 355//644 346//644 347//644
f 356//645 355//645 347//645
f 356//646 347//646 348//646
f 357//647 345//647 346//647
f 357//648 346//648 355//648
f 358//649 344//649 345//649
f 358//650 359//650 344//650
f 358//651 345//651 360//651
f 357//652 360//652 345//652
f 356//653 357//653 355//653
f 208//654 325//654 196//654
f 204//655 193//655 212//655
f 361//656 207//657 333//656
f 362//658 211//658 207//659
f 362//660 207//661 205//662
f 361//663 205//664 207//665
f 361//666 333//666 334//666
f 363//667 353//667 352//667
f 344//668 363//668 352//668
f 356//669 364//669 357//669
f 364//670 360//670 357//670
f 365//671 358//671 360//671
f 366//672 360//672 364//672
f 365//673 360//673 366//673
f 367//674 325//674 208//674
f 368//675 325//675 367//675
f 368//676 327//676 325//676
f 369//677 201//677 329//677
f 370//678 369//678 329//678
f 371//679 204//679 212//679
f 362//680 213//680 211//680
f 215//681 353//681 363//681
f 117//682 353//683 215//683
f 354//684 353//684 372//684
f 117//685 372//686 353//686
f 373//687 215//687 363//687
f 374//688 373//688 363//688
f 375//689 363//689 344//689
f 376//690 363//690 375//690
f 374//691 363//691 376//691
f 374//692 215//692 373//692
f 117//693 215//694 214//694
f 374//695 220//695 215//695
f 377//696 375//696 344//696
f 359//697 377//697 344//697
f 217//698 367//699 208//699
f 369//700 218//700 201//700
f 117//701 214//702 213//702
f 117//703 213//704 362//704
f 219//705 220//705 374//705
f 378//706 376//706 375//706
f 228//707 378//707 375//707
f 228//708 375//708 377//708
f 374//709 376//709 378//709
f 228//710 374//710 378//710
f 221//711 219//711 374//711
f 221//712 374//712 228//712
f 236//713 377//713 359//713
f 236//714 228//714 377//714
f 379//715 359//715 358//715
f 236//716 359//716 379//716
f 380//717 379//717 358//717
f 365//718 381//718 358//718
f 380//719 358//719 381//719
f 380//720 236//720 379//720
f 382//721 367//721 217//722
f 225//723 382//724 217//725
f 380//726 383//726 236//726
f 237//727 236//727 383//727
f 384//728 367//728 382//728
f 384//729 368//729 367//729
f 385//730 218//730 369//730
f 227//731 212//731 131//731
f 384//732 382//732 225//733
f 386//734 225//735 233//734
f 217//736 225//737 386//738
f 387//739 225//740 217//741
f 384//742 225//743 387//742
f 388//744 250//744 235//744
f 389//745 235//745 238//745
f 388//746 235//746 389//746
f 388//747 249//747 250//747
f 261//748 233//748 232//748
f 386//749 233//749 261//749
f 245//750 218//750 385//750
f 390//751 245//751 385//751
f 390//752 385//752 391//752
f 247//753 227//753 226//753
f 392//754 227//754 247//754
f 266//755 265//756 249//756
f 388//757 267//758 249//757
f 266//759 249//760 267//761
f 266//762 264//763 265//764
f 393//765 245//765 390//765
f 246//766 247//766 163//766
f 289//767 247//767 246//767
f 394//768 247//768 289//768
f 395//769 392//769 247//769
f 396//770 264//771 397//770
f 398//772 397//772 264//773
f 399//774 264//775 396//774
f 266//776 264//777 399//778
f 266//779 398//780 264//781
f 275//782 261//782 260//782
f 400//783 261//783 275//783
f 400//784 386//784 261//784
f 401//785 244//785 245//785
f 285//786 244//786 401//786
f 393//787 401//787 245//787
f 402//788 285//788 401//788
f 403//789 401//789 393//789
f 402//790 401//790 403//790
f 404//791 396//791 397//791
f 405//792 397//792 398//792
f 404//793 397//793 405//793
f 406//794 399//794 396//794
f 407//795 406//795 396//795
f 408//796 407//796 396//796
f 409//797 266//798 399//797
f 410//799 409//799 399//799
f 411//800 399//800 406//800
f 411//801 410//801 399//801
f 267//802 266//803 409//804
f 410//805 267//806 409//805
f 389//807 268//807 267//808
f 388//809 389//809 267//810
f 412//811 266//812 267//813
f 410//814 412//814 267//815
f 238//816 269//816 268//816
f 389//817 238//817 268//817
f 413//818 270//818 269//818
f 414//819 413//819 269//819
f 238//820 414//820 269//820
f 415//821 271//821 270//821
f 381//822 415//822 270//822
f 413//823 381//823 270//823
f 416//824 272//824 271//824
f 415//825 417//825 271//825
f 418//826 271//826 417//826
f 416//827 271//827 418//827
f 291//828 281//828 272//828
f 416//829 291//829 272//829
f 419//830 275//830 277//830
f 159//831 420//832 275//832
f 419//833 159//834 275//833
f 421//835 277//835 276//835
f 422//836 277//836 423//836
f 421//837 423//837 277//837
f 422//838 419//838 277//838
f 421//839 276//839 283//839
f 400//840 275//840 152//841
f 420//842 152//843 275//842
f 424//844 287//844 284//844
f 424//845 284//845 285//845
f 424//846 286//846 287//846
f 425//847 285//847 402//847
f 425//848 424//848 285//848
f 426//849 289//849 288//849
f 427//850 289//850 426//850
f 428//851 394//851 289//851
f 411//852 406//852 407//852
f 411//853 407//853 408//853
f 291//854 283//854 282//854
f 416//855 283//855 291//855
f 421//856 283//856 418//856
f 416//857 418//857 283//857
f 304//858 293//858 286//858
f 429//859 286//859 424//859
f 304//860 286//860 429//860
f 426//861 288//861 295//861
f 308//862 426//862 295//862
f 430//863 426//863 308//863
f 431//864 427//864 426//864
f 430//865 431//865 426//865
f 307//866 430//866 308//866
f 432//867 433//867 307//867
f 434//868 433//868 432//868
f 434//869 435//869 433//869
f 307//870 433//870 435//870
f 310//871 432//871 307//871
f 436//872 432//872 310//872
f 437//873 432//873 436//873
f 437//874 434//874 432//874
f 438//875 436//875 310//875
f 439//876 310//876 311//876
f 439//877 438//877 310//877
f 438//878 437//878 436//878
f 440//879 316//879 315//879
f 440//880 315//880 319//880
f 440//881 317//881 316//881
f 441//882 319//882 320//882
f 442//883 440//883 319//883
f 441//884 442//884 319//884
f 302//885 320//885 301//885
f 443//886 320//886 302//886
f 443//887 441//887 320//887
f 305//888 444//888 302//888
f 443//889 302//889 444//889
f 445//890 311//890 313//890
f 446//891 311//891 445//891
f 446//892 439//892 311//892
f 447//893 445//893 313//893
f 440//894 313//894 317//894
f 448//895 447//895 313//895
f 449//896 448//896 313//896
f 440//897 449//897 313//897
f 450//898 451//898 448//898
f 449//899 450//899 448//899
f 452//900 451//900 450//900
f 453//901 454//901 450//901
f 452//902 450//902 454//902
f 449//903 453//903 450//903
f 453//904 455//904 454//904
f 456//905 454//905 455//905
f 457//906 454//906 456//906
f 452//907 454//907 457//907
f 453//908 458//908 455//908
f 456//909 455//909 458//909
f 441//910 458//910 453//910
f 456//911 458//911 441//911
f 442//912 453//912 449//912
f 441//913 453//913 442//913
f 442//914 449//914 440//914
f 459//915 445//915 447//915
f 459//916 446//916 445//916
f 460//917 456//917 441//917
f 443//918 460//918 441//918
f 452//919 457//919 456//919
f 461//920 456//920 460//920
f 462//921 456//921 461//921
f 462//922 452//922 456//922
f 463//923 459//923 447//923
f 464//924 447//924 448//924
f 464//925 448//925 451//925
f 463//926 447//926 464//926
f 465//927 451//927 452//927
f 465//928 464//928 451//928
f 466//929 187//929 188//929
f 466//930 467//930 187//930
f 468//931 322//931 321//931
f 469//932 470//932 471//932
f 472//933 469//933 471//933
f 473//934 472//934 471//934
f 470//935 474//935 471//935
f 475//936 471//936 474//936
f 475//937 473//937 471//937
f 476//938 477//938 474//938
f 478//939 474//939 477//939
f 470//940 476//940 474//940
f 475//941 474//941 478//941
f 342//942 479//942 477//942
f 480//943 477//943 479//943
f 476//944 342//944 477//944
f 480//945 478//945 477//945
f 481//946 482//946 479//946
f 483//947 479//947 482//947
f 341//948 481//948 479//948
f 342//949 341//949 479//949
f 483//950 480//950 479//950
f 481//951 484//951 482//951
f 485//952 482//952 484//952
f 485//953 483//953 482//953
f 486//954 487//954 484//954
f 488//955 484//955 487//955
f 481//956 486//956 484//956
f 488//957 485//957 484//957
f 486//958 489//958 487//958
f 490//959 487//959 489//959
f 490//960 488//960 487//960
f 205//961 491//962 489//962
f 492//963 489//963 491//963
f 486//964 205//965 489//964
f 492//966 490//966 489//966
f 493//967 491//967 205//968
f 493//969 492//969 491//969
f 362//970 205//971 486//970
f 494//972 493//972 205//973
f 494//974 205//975 361//974
f 481//976 372//976 486//976
f 117//977 486//978 372//978
f 117//979 362//980 486//980
f 354//981 372//981 481//981
f 354//982 481//982 341//982
f 476//983 339//983 342//983
f 349//984 339//984 476//984
f 349//985 476//985 470//985
f 350//986 349//986 470//986
f 495//987 496//987 470//987
f 348//988 470//988 496//988
f 469//989 495//989 470//989
f 348//990 350//990 470//990
f 497//991 498//991 496//991
f 348//992 496//992 498//992
f 499//993 497//993 496//993
f 495//994 499//994 496//994
f 500//995 498//995 497//995
f 356//996 348//996 498//996
f 364//997 498//997 500//997
f 356//998 498//998 364//998
f 501//999 502//999 497//999
f 500//1000 497//1000 502//1000
f 499//1001 501//1001 497//1001
f 503//1002 502//1002 501//1002
f 504//1003 502//1003 503//1003
f 505//1004 502//1004 504//1004
f 506//1005 500//1005 502//1005
f 505//1006 506//1006 502//1006
f 507//1007 501//1007 499//1007
f 503//1008 501//1008 507//1008
f 508//1009 499//1009 495//1009
f 507//1010 499//1010 508//1010
f 508//1011 495//1011 509//1011
f 510//1012 495//1012 469//1012
f 509//1013 495//1013 510//1013
f 472//1014 510//1014 469//1014
f 511//1015 510//1015 472//1015
f 512//1016 509//1016 510//1016
f 512//1017 510//1017 511//1017
f 513//1018 472//1018 473//1018
f 513//1019 511//1019 472//1019
f 514//1020 473//1020 475//1020
f 514//1021 513//1021 473//1021
f 512//1022 508//1022 509//1022
f 515//1023 507//1023 508//1023
f 512//1024 515//1024 508//1024
f 516//1025 466//1025 188//1025
f 516//1026 188//1026 189//1026
f 517//1027 322//1027 468//1027
f 518//1028 478//1028 480//1028
f 519//1029 475//1029 478//1029
f 520//1030 478//1030 518//1030
f 520//1031 519//1031 478//1031
f 518//1032 480//1032 483//1032
f 521//1033 483//1033 485//1033
f 522//1034 518//1034 483//1034
f 522//1035 483//1035 521//1035
f 514//1036 475//1036 519//1036
f 523//1037 507//1037 515//1037
f 523//1038 503//1038 507//1038
f 524//1039 515//1039 512//1039
f 524//1040 523//1040 515//1040
f 523//1041 504//1041 503//1041
f 525//1042 505//1042 504//1042
f 523//1043 525//1043 504//1043
f 521//1044 485//1044 488//1044
f 526//1045 488//1045 490//1045
f 527//1046 521//1047 488//1047
f 527//1048 488//1049 526//1049
f 528//1050 500//1050 506//1050
f 366//1051 364//1051 500//1051
f 528//1052 366//1052 500//1052
f 529//1053 528//1053 506//1053
f 530//1054 529//1054 506//1054
f 531//1055 506//1055 505//1055
f 531//1056 530//1056 506//1056
f 532//1057 505//1057 525//1057
f 532//1058 531//1058 505//1058
f 533//1059 525//1059 523//1059
f 534//1060 532//1060 525//1060
f 534//1061 525//1061 533//1061
f 535//1062 366//1062 528//1062
f 365//1063 366//1063 535//1063
f 536//1064 528//1064 529//1064
f 417//1065 528//1065 536//1065
f 535//1066 528//1066 417//1066
f 530//1067 537//1067 529//1067
f 536//1068 529//1068 537//1068
f 538//1069 539//1069 537//1069
f 540//1070 537//1070 539//1070
f 530//1071 538//1071 537//1071
f 541//1072 537//1072 540//1072
f 541//1073 536//1073 537//1073
f 538//1074 542//1074 539//1074
f 540//1075 539//1075 542//1075
f 543//1076 542//1076 538//1076
f 544//1077 542//1077 543//1077
f 544//1078 540//1078 542//1078
f 545//1079 543//1079 538//1079
f 546//1080 545//1080 538//1080
f 546//1081 538//1081 530//1081
f 547//1082 530//1082 531//1082
f 546//1083 530//1083 547//1083
f 531//1084 548//1084 547//1084
f 549//1085 547//1085 548//1085
f 550//1086 546//1086 547//1086
f 549//1087 550//1087 547//1087
f 532//1088 548//1088 531//1088
f 551//1089 549//1089 548//1089
f 552//1090 548//1090 532//1090
f 551//1091 548//1091 552//1091
f 553//1092 326//1092 554//1092
f 327//1093 554//1093 326//1093
f 553//1094 328//1094 326//1094
f 555//1095 328//1095 553//1095
f 556//1096 331//1096 322//1096
f 556//1097 322//1097 517//1097
f 526//1098 490//1098 492//1098
f 557//1099 492//1099 493//1099
f 558//1100 526//1100 492//1100
f 557//1101 558//1101 492//1101
f 559//1102 553//1102 554//1102
f 560//1103 329//1103 330//1103
f 560//1104 330//1104 328//1104
f 555//1105 560//1105 328//1105
f 561//1106 560//1106 555//1106
f 562//1107 516//1107 189//1107
f 562//1108 189//1108 204//1108
f 563//1109 334//1109 331//1109
f 332//1110 331//1110 334//1110
f 556//1111 563//1111 331//1111
f 564//1112 493//1112 494//1112
f 564//1113 557//1113 493//1113
f 565//1114 543//1114 545//1114
f 566//1115 543//1115 565//1115
f 567//1116 544//1116 543//1116
f 568//1117 543//1117 566//1117
f 568//1118 567//1118 543//1118
f 565//1119 545//1119 546//1119
f 569//1120 566//1120 565//1120
f 570//1121 569//1121 565//1121
f 550//1122 565//1122 546//1122
f 570//1123 565//1123 550//1123
f 371//1124 562//1124 204//1124
f 571//1125 334//1125 563//1125
f 572//1126 334//1126 571//1126
f 573//1127 571//1127 563//1127
f 574//1128 573//1128 563//1128
f 574//1129 563//1129 556//1129
f 575//1130 494//1130 361//1130
f 334//1131 575//1131 361//1131
f 564//1132 494//1132 575//1132
f 576//1133 540//1133 544//1133
f 577//1134 540//1134 576//1134
f 577//1135 541//1135 540//1135
f 567//1136 576//1136 544//1136
f 578//1137 576//1137 567//1137
f 578//1138 577//1138 576//1138
f 386//1139 567//1139 579//1139
f 386//1140 578//1140 567//1140
f 580//1141 568//1141 566//1141
f 569//1142 580//1142 566//1142
f 567//1143 581//1143 579//1143
f 582//1144 579//1144 581//1144
f 582//1145 386//1145 579//1145
f 583//1146 581//1146 584//1146
f 585//1147 582//1147 581//1147
f 586//1148 585//1148 581//1148
f 586//1149 581//1149 583//1149
f 587//1150 584//1150 581//1150
f 587//1151 588//1151 584//1151
f 589//1152 584//1152 588//1152
f 590//1153 584//1153 589//1153
f 583//1154 584//1154 590//1154
f 587//1155 581//1155 567//1155
f 587//1156 567//1156 568//1156
f 587//1157 568//1157 588//1157
f 580//1158 588//1158 568//1158
f 591//1159 588//1159 580//1159
f 592//1160 588//1160 591//1160
f 589//1161 588//1161 592//1161
f 591//1162 580//1162 569//1162
f 368//1163 554//1163 327//1163
f 370//1164 329//1164 560//1164
f 561//1165 370//1165 560//1165
f 572//1166 571//1166 573//1166
f 572//1167 573//1167 574//1167
f 417//1168 536//1168 541//1168
f 593//1169 541//1169 577//1169
f 423//1170 417//1170 541//1170
f 594//1171 423//1171 541//1171
f 541//1172 593//1172 595//1172
f 152//1173 593//1174 577//1174
f 400//1175 577//1175 578//1175
f 400//1176 152//1177 577//1176
f 415//1178 535//1178 417//1178
f 596//1179 418//1179 417//1179
f 423//1180 596//1180 417//1180
f 365//1181 535//1181 415//1181
f 365//1182 415//1182 381//1182
f 380//1183 381//1183 413//1183
f 414//1184 383//1184 413//1184
f 380//1185 413//1185 383//1185
f 237//1186 383//1186 414//1186
f 237//1187 414//1187 238//1187
f 421//1188 418//1188 596//1188
f 421//1189 596//1189 423//1189
f 422//1190 423//1190 594//1190
f 595//1191 597//1191 594//1191
f 422//1192 594//1192 597//1192
f 595//1193 594//1193 541//1193
f 159//1194 597//1195 595//1195
f 419//1196 597//1196 159//1197
f 422//1198 597//1198 419//1198
f 593//1199 598//1199 595//1199
f 159//1200 595//1201 598//1201
f 152//1202 598//1203 593//1203
f 420//1204 598//1204 152//1205
f 159//1206 598//1207 420//1207
f 599//1208 559//1208 554//1208
f 600//1209 554//1209 368//1209
f 599//1210 554//1210 600//1210
f 601//1211 370//1211 561//1211
f 400//1212 578//1212 386//1212
f 582//1213 217//1214 386//1213
f 384//1215 600//1215 368//1215
f 370//1216 385//1216 369//1216
f 602//1217 212//1217 227//1217
f 371//1218 212//1218 602//1218
f 387//1219 217//1220 582//1219
f 585//1221 387//1221 582//1221
f 603//1222 384//1222 387//1222
f 603//1223 387//1223 585//1223
f 604//1224 600//1224 384//1224
f 605//1225 600//1225 604//1225
f 605//1226 599//1226 600//1226
f 606//1227 604//1227 384//1227
f 607//1228 606//1228 384//1228
f 607//1229 384//1229 603//1229
f 391//1230 385//1230 370//1230
f 391//1231 370//1231 601//1231
f 608//1232 604//1233 606//1233
f 609//1234 604//1235 608//1236
f 609//1237 605//1238 604//1238
f 610//1239 608//1240 606//1239
f 607//1241 610//1241 606//1241
f 392//1242 602//1242 227//1242
f 611//1243 612//1244 613//1243
f 614//1245 613//1245 612//1246
f 615//1247 611//1247 613//1247
f 616//1248 613//1248 614//1248
f 616//1249 617//1250 613//1249
f 615//1251 613//1251 617//1252
f 618//1253 612//1254 611//1255
f 618//1256 614//1257 612//1258
f 619//1259 620//1260 612//1261
f 621//1262 612//1263 620//1264
f 622//1265 619//1265 612//1266
f 623//1267 612//1268 621//1267
f 618//1269 612//1270 623//1271
f 618//1272 622//1273 612//1274
f 618//1275 611//1276 615//1276
f 618//1277 616//1278 614//1278
f 609//1279 608//1280 610//1281
f 393//1282 390//1282 608//1283
f 624//1284 608//1285 390//1284
f 403//1286 393//1286 608//1287
f 625//1288 403//1288 608//1289
f 609//1290 608//1291 624//1292
f 625//1293 608//1294 609//1295
f 626//1296 610//1296 607//1296
f 609//1297 610//1298 626//1298
f 391//1299 624//1299 390//1299
f 627//1300 620//1301 619//1302
f 627//1303 621//1304 620//1305
f 404//1306 405//1306 620//1307
f 628//1308 620//1309 405//1308
f 629//1310 404//1310 620//1311
f 630//1312 629//1312 620//1313
f 627//1314 620//1315 628//1316
f 627//1317 630//1318 620//1319
f 627//1320 619//1321 622//1321
f 627//1322 623//1323 621//1323
f 631//1324 405//1324 398//1324
f 631//1325 398//1325 266//1326
f 631//1327 628//1327 405//1327
f 412//1328 632//1328 266//1329
f 633//1330 631//1330 266//1331
f 632//1332 634//1332 266//1333
f 633//1334 266//1335 634//1334
f 635//1336 634//1336 632//1336
f 636//1337 632//1337 412//1337
f 637//1338 632//1338 636//1338
f 635//1339 632//1339 637//1339
f 636//1340 412//1340 410//1340
f 625//1341 402//1341 403//1341
f 394//1342 395//1342 247//1342
f 396//1343 404//1343 408//1343
f 638//1344 410//1344 434//1344
f 639//1345 410//1345 638//1345
f 636//1346 410//1346 639//1346
f 640//1347 425//1347 402//1347
f 641//1348 640//1348 402//1348
f 641//1349 402//1349 625//1349
f 642//1350 394//1350 428//1350
f 642//1351 395//1351 394//1351
f 430//1352 408//1352 404//1352
f 643//1353 430//1353 404//1353
f 629//1354 643//1354 404//1354
f 644//1355 411//1355 408//1355
f 644//1356 408//1356 430//1356
f 411//1357 434//1357 410//1357
f 435//1358 434//1358 411//1358
f 435//1359 411//1359 644//1359
f 645//1360 638//1360 434//1360
f 646//1361 434//1361 437//1361
f 647//1362 434//1362 646//1362
f 645//1363 434//1363 647//1363
f 645//1364 639//1364 638//1364
f 648//1365 429//1365 424//1365
f 425//1366 648//1366 424//1366
f 648//1367 649//1367 429//1367
f 650//1368 306//1368 429//1368
f 304//1369 429//1369 306//1369
f 649//1370 650//1370 429//1370
f 650//1371 651//1371 306//1371
f 305//1372 306//1372 651//1372
f 652//1373 444//1373 651//1373
f 305//1374 651//1374 444//1374
f 650//1375 652//1375 651//1375
f 652//1376 653//1376 444//1376
f 443//1377 444//1377 653//1377
f 652//1378 654//1378 653//1378
f 654//1379 460//1379 653//1379
f 443//1380 653//1380 460//1380
f 655//1381 656//1381 460//1381
f 654//1382 655//1382 460//1382
f 657//1383 461//1383 460//1383
f 656//1384 657//1384 460//1384
f 658//1385 461//1385 657//1385
f 462//1386 461//1386 659//1386
f 660//1387 661//1387 461//1387
f 659//1388 461//1388 661//1388
f 658//1389 660//1389 461//1389
f 662//1390 657//1390 656//1390
f 662//1391 658//1391 657//1391
f 663//1392 656//1392 655//1392
f 663//1393 662//1393 656//1393
f 664//1394 655//1394 654//1394
f 664//1395 663//1395 655//1395
f 665//1396 654//1396 652//1396
f 664//1397 654//1397 665//1397
f 666//1398 652//1398 650//1398
f 665//1399 652//1399 666//1399
f 667//1400 650//1400 649//1400
f 666//1401 650//1401 667//1401
f 668//1402 649//1402 648//1402
f 667//1403 649//1403 668//1403
f 669//1404 648//1404 425//1404
f 668//1405 648//1405 669//1405
f 640//1406 669//1406 425//1406
f 670//1407 669//1407 640//1407
f 671//1408 668//1408 669//1408
f 671//1409 669//1409 670//1409
f 672//1410 640//1410 641//1410
f 670//1411 640//1411 672//1411
f 428//1412 289//1412 427//1412
f 307//1413 435//1413 644//1413
f 307//1414 644//1414 430//1414
f 437//1415 647//1415 646//1415
f 673//1416 667//1416 668//1416
f 674//1417 673//1417 668//1417
f 674//1418 668//1418 671//1418
f 643//1419 427//1419 431//1419
f 643//1420 428//1420 427//1420
f 643//1421 431//1421 430//1421
f 675//1422 438//1422 439//1422
f 676//1423 667//1423 673//1423
f 676//1424 666//1424 667//1424
f 677//1425 676//1425 673//1425
f 678//1426 673//1426 674//1426
f 677//1427 673//1427 678//1427
f 679//1428 665//1428 666//1428
f 676//1429 679//1429 666//1429
f 680//1430 446//1430 459//1430
f 680//1431 681//1431 446//1431
f 439//1432 446//1432 681//1432
f 679//1433 682//1433 665//1433
f 683//1434 665//1434 682//1434
f 683//1435 664//1435 665//1435
f 684//1436 682//1436 679//1436
f 685//1437 682//1437 684//1437
f 683//1438 682//1438 685//1438
f 684//1439 679//1439 676//1439
f 463//1440 686//1440 459//1440
f 680//1441 459//1441 686//1441
f 687//1442 688//1442 662//1442
f 689//1443 662//1443 688//1443
f 663//1444 687//1444 662//1444
f 690//1445 688//1445 687//1445
f 690//1446 689//1446 688//1446
f 683//1447 687//1447 663//1447
f 691//1448 687//1448 683//1448
f 691//1449 690//1449 687//1449
f 683//1450 663//1450 664//1450
f 692//1451 463//1451 464//1451
f 693//1452 692//1452 464//1452
f 465//1453 693//1453 464//1453
f 694//1454 661//1454 660//1454
f 695//1455 659//1455 661//1455
f 694//1456 695//1456 661//1456
f 689//1457 660//1457 658//1457
f 696//1458 660//1458 689//1458
f 697//1459 660//1459 696//1459
f 694//1460 660//1460 697//1460
f 689//1461 658//1461 662//1461
f 695//1462 452//1462 462//1462
f 695//1463 462//1463 659//1463
f 695//1464 465//1464 452//1464
f 694//1465 698//1465 695//1465
f 699//1466 321//1466 187//1466
f 467//1467 699//1467 187//1467
f 700//1468 467//1468 466//1468
f 701//1469 321//1469 699//1469
f 468//1470 321//1470 701//1470
f 702//1471 468//1471 701//1471
f 703//1472 517//1472 468//1472
f 703//1473 468//1473 702//1473
f 555//1474 553//1474 704//1474
f 705//1475 556//1475 517//1475
f 705//1476 706//1476 556//1476
f 705//1477 517//1477 703//1477
f 707//1478 553//1478 559//1478
f 707//1479 704//1479 553//1479
f 708//1480 561//1480 555//1480
f 708//1481 555//1481 709//1481
f 710//1482 570//1482 550//1482
f 710//1483 550//1483 549//1483
f 711//1484 562//1484 371//1484
f 706//1485 574//1485 556//1485
f 591//1486 569//1486 570//1486
f 712//1487 591//1487 570//1487
f 712//1488 570//1488 710//1488
f 713//1489 711//1489 371//1489
f 714//1490 572//1490 574//1490
f 715//1491 714//1491 574//1491
f 716//1492 715//1492 574//1492
f 716//1493 574//1493 706//1493
f 717//1494 564//1494 575//1494
f 718//1495 717//1495 575//1495
f 572//1496 575//1496 334//1496
f 718//1497 575//1497 572//1497
f 719//1498 572//1498 714//1498
f 720//1499 559//1499 599//1499
f 720//1500 707//1500 559//1500
f 721//1501 714//1502 715//1502
f 722//1503 714//1504 721//1505
f 722//1506 719//1507 714//1507
f 723//1508 721//1509 715//1508
f 724//1510 723//1510 715//1510
f 724//1511 715//1511 716//1511
f 725//1512 601//1512 561//1512
f 725//1513 561//1513 708//1513
f 726//1514 713//1514 371//1514
f 722//1515 721//1516 723//1517
f 727//1518 728//1518 721//1519
f 729//1520 721//1521 728//1520
f 730//1522 727//1522 721//1523
f 731//1524 721//1525 729//1524
f 722//1526 721//1527 731//1528
f 722//1529 730//1530 721//1531
f 722//1532 723//1533 724//1533
f 732//1534 720//1534 599//1534
f 617//1535 728//1536 727//1536
f 733//1537 728//1538 617//1539
f 734//1540 617//1541 727//1540
f 735//1542 734//1542 727//1542
f 735//1543 727//1543 730//1543
f 728//1544 731//1544 729//1544
f 736//1545 603//1545 585//1545
f 586//1546 736//1546 585//1546
f 736//1547 737//1547 603//1547
f 607//1548 603//1548 737//1548
f 738//1549 737//1549 736//1549
f 739//1550 607//1550 737//1550
f 738//1551 739//1551 737//1551
f 740//1552 736//1552 586//1552
f 738//1553 736//1553 740//1553
f 732//1554 599//1554 605//1554
f 741//1555 391//1555 601//1555
f 741//1556 601//1556 725//1556
f 602//1557 726//1557 371//1557
f 733//1558 617//1559 734//1560
f 742//1561 617//1562 616//1561
f 743//1563 615//1563 617//1564
f 733//1565 617//1566 742//1567
f 733//1568 743//1569 617//1570
f 733//1571 734//1572 735//1572
f 618//1573 742//1574 616//1574
f 739//1575 626//1575 607//1575
f 609//1576 624//1577 605//1577
f 741//1578 605//1578 391//1578
f 744//1579 602//1579 392//1579
f 745//1580 622//1580 615//1580
f 618//1581 615//1582 622//1582
f 743//1583 745//1583 615//1583
f 746//1584 618//1585 623//1584
f 627//1586 628//1587 623//1587
f 747//1588 623//1588 628//1588
f 747//1589 746//1589 623//1589
f 739//1590 748//1590 626//1590
f 749//1591 626//1591 748//1591
f 750//1592 609//1593 626//1592
f 749//1594 750//1594 626//1594
f 749//1595 748//1595 739//1595
f 751//1596 739//1596 738//1596
f 752//1597 749//1597 739//1597
f 752//1598 739//1598 751//1598
f 391//1599 605//1599 624//1599
f 741//1600 732//1600 605//1600
f 744//1601 392//1601 395//1601
f 753//1602 630//1602 622//1602
f 627//1603 622//1604 630//1604
f 745//1605 753//1605 622//1605
f 747//1606 628//1606 631//1606
f 625//1607 609//1608 750//1607
f 641//1609 625//1609 750//1609
f 749//1610 641//1610 750//1610
f 754//1611 636//1611 639//1611
f 755//1612 639//1612 645//1612
f 755//1613 754//1613 639//1613
f 754//1614 637//1614 636//1614
f 635//1615 637//1615 754//1615
f 756//1616 641//1616 749//1616
f 756//1617 672//1617 641//1617
f 757//1618 395//1618 642//1618
f 758//1619 744//1619 395//1619
f 758//1620 395//1620 757//1620
f 759//1621 643//1621 630//1621
f 629//1622 630//1622 643//1622
f 759//1623 630//1623 753//1623
f 760//1624 755//1624 645//1624
f 760//1625 645//1625 647//1625
f 761//1626 754//1626 755//1626
f 761//1627 755//1627 760//1627
f 762//1628 647//1628 437//1628
f 762//1629 760//1629 647//1629
f 763//1630 437//1630 438//1630
f 762//1631 437//1631 763//1631
f 759//1632 642//1632 428//1632
f 759//1633 428//1633 643//1633
f 759//1634 757//1634 642//1634
f 439//1635 681//1635 675//1635
f 764//1636 686//1636 463//1636
f 765//1637 463//1637 692//1637
f 693//1638 765//1638 692//1638
f 764//1639 463//1639 765//1639
f 766//1640 699//1640 467//1640
f 767//1641 766//1641 467//1641
f 768//1642 767//1642 467//1642
f 769//1643 699//1643 766//1643
f 701//1644 699//1644 769//1644
f 700//1645 768//1645 467//1645
f 700//1646 466//1646 516//1646
f 711//1647 700//1647 516//1647
f 562//1648 711//1648 516//1648
f 770//1649 704//1649 707//1649
f 709//1650 555//1650 704//1650
f 709//1651 704//1651 770//1651
f 771//1652 706//1652 705//1652
f 772//1653 770//1653 707//1653
f 716//1654 706//1654 771//1654
f 719//1655 718//1655 572//1655
f 592//1656 591//1656 712//1656
f 773//1657 707//1657 720//1657
f 773//1658 772//1658 707//1658
f 774//1659 724//1659 716//1659
f 722//1660 724//1661 730//1661
f 775//1662 724//1662 774//1662
f 732//1663 773//1663 720//1663
f 775//1664 735//1664 730//1664
f 724//1665 775//1665 730//1665
f 741//1666 725//1666 776//1666
f 777//1667 602//1667 744//1667
f 777//1668 726//1668 602//1668
f 733//1669 735//1670 743//1670
f 778//1671 735//1671 775//1671
f 779//1672 733//1673 742//1672
f 780//1674 742//1674 618//1675
f 780//1676 779//1676 742//1676
f 773//1677 732//1677 741//1677
f 778//1678 743//1678 735//1678
f 780//1679 618//1680 746//1679
f 781//1681 745//1681 743//1681
f 781//1682 743//1682 778//1682
f 633//1683 747//1683 631//1683
f 782//1684 753//1684 745//1684
f 781//1681 782//1681 745//1681
f 783//1685 635//1685 754//1685
f 784//1686 783//1686 754//1686
f 761//1687 784//1687 754//1687
f 782//1688 759//1688 753//1688
f 762//1689 761//1689 760//1689
f 785//1690 758//1690 757//1690
f 782//1691 757//1691 759//1691
f 782//1692 786//1692 757//1692
f 785//1693 757//1693 786//1693
f 675//1694 763//1694 438//1694
f 787//1695 763//1695 675//1695
f 788//1696 465//1696 695//1696
f 698//1697 788//1697 695//1697
f 789//1698 766//1698 767//1698
f 790//1699 789//1699 767//1699
f 791//1700 766//1700 792//1701
f 769//1702 766//1702 791//1702
f 790//1703 767//1703 768//1703
f 793//1704 701//1704 769//1704
f 790//1705 768//1705 700//1705
f 794//1706 702//1706 701//1706
f 794//1707 701//1707 793//1707
f 795//1708 790//1708 700//1708
f 796//1709 702//1709 794//1709
f 797//1710 703//1710 702//1710
f 797//1711 702//1711 796//1711
f 798//1712 700//1712 711//1712
f 798//1713 795//1713 700//1713
f 797//1714 705//1714 703//1714
f 799//1715 705//1715 797//1715
f 551//1716 800//1716 549//1716
f 801//1717 710//1717 549//1717
f 801//1718 549//1718 800//1718
f 802//1719 800//1719 551//1719
f 803//1720 801//1720 800//1720
f 802//1721 803//1721 800//1721
f 804//1722 709//1722 770//1722
f 771//1723 705//1723 799//1723
f 801//1724 712//1724 710//1724
f 805//1725 770//1725 772//1725
f 804//1726 708//1726 709//1726
f 806//1727 708//1727 804//1727
f 806//1728 804//1728 807//1728
f 808//1729 712//1729 809//1729
f 808//1730 592//1730 712//1730
f 810//1731 808//1731 809//1731
f 811//1732 812//1732 808//1732
f 811//1733 808//1733 810//1733
f 813//1734 814//1734 809//1734
f 810//1735 809//1735 814//1735
f 712//1736 813//1736 809//1736
f 815//1737 816//1737 814//1737
f 817//1738 814//1738 816//1738
f 818//1739 815//1739 814//1739
f 819//1740 818//1740 814//1740
f 820//1741 819//1741 814//1741
f 813//1742 820//1742 814//1742
f 817//1743 810//1743 814//1743
f 821//1744 816//1744 815//1744
f 817//1745 816//1745 821//1745
f 822//1746 815//1746 818//1746
f 823//1747 821//1747 815//1747
f 824//1748 815//1748 822//1748
f 823//1749 815//1749 824//1749
f 822//1750 818//1750 819//1750
f 825//1751 819//1751 820//1751
f 826//1752 819//1752 825//1752
f 827//1753 819//1753 826//1753
f 822//1754 819//1754 827//1754
f 803//1755 820//1755 813//1755
f 825//1756 820//1756 803//1756
f 803//1757 813//1757 801//1757
f 813//1758 712//1758 801//1758
f 828//1759 805//1759 772//1759
f 806//1760 776//1760 708//1760
f 829//1761 798//1761 711//1761
f 829//1762 711//1762 713//1762
f 771//1763 830//1763 716//1763
f 831//1764 589//1764 592//1764
f 831//1765 592//1765 808//1765
f 828//1766 772//1766 773//1766
f 832//1767 776//1767 806//1767
f 833//1768 830//1768 771//1768
f 834//1769 830//1769 833//1769
f 834//1770 716//1770 830//1770
f 834//1771 774//1771 716//1771
f 831//1772 590//1772 589//1772
f 583//1773 590//1773 831//1773
f 835//1774 583//1774 831//1774
f 836//1775 835//1775 831//1775
f 837//1776 828//1776 773//1776
f 776//1777 725//1777 708//1777
f 838//1778 775//1778 774//1778
f 838//1779 774//1779 834//1779
f 839//1780 722//1781 731//1780
f 728//1782 839//1782 731//1782
f 840//1783 586//1783 583//1783
f 840//1784 583//1784 835//1784
f 841//1785 713//1785 726//1785
f 841//1786 829//1786 713//1786
f 740//1787 586//1787 840//1787
f 832//1788 773//1788 741//1788
f 837//1789 773//1789 832//1789
f 832//1790 741//1790 776//1790
f 842//1791 778//1791 775//1791
f 842//1792 775//1792 838//1792
f 777//1793 841//1793 726//1793
f 843//1794 778//1794 842//1794
f 780//1795 844//1795 779//1795
f 843//1796 781//1796 778//1796
f 777//1797 744//1797 758//1797
f 845//1798 782//1798 781//1798
f 845//1799 781//1799 843//1799
f 846//1800 758//1800 785//1800
f 846//1801 777//1801 758//1801
f 847//1802 675//1802 681//1802
f 847//1803 787//1803 675//1803
f 680//1804 847//1804 681//1804
f 848//1805 680//1805 686//1805
f 764//1806 848//1806 686//1806
f 849//1807 693//1807 465//1807
f 850//1808 766//1809 789//1809
f 851//1810 850//1811 789//1810
f 852//1812 851//1812 789//1812
f 853//1813 852//1813 789//1813
f 792//1814 766//1815 850//1816
f 854//1817 850//1818 851//1819
f 855//1820 851//1820 852//1820
f 856//1821 851//1821 855//1821
f 854//1822 851//1823 856//1823
f 792//1824 850//1825 857//1826
f 854//1827 857//1828 850//1829
f 791//1830 792//1831 857//1830
f 858//1832 791//1832 857//1832
f 859//1833 857//1833 854//1834
f 858//1835 857//1835 859//1835
f 860//1836 769//1836 791//1836
f 860//1837 791//1837 858//1837
f 861//1838 789//1838 790//1838
f 862//1839 793//1839 769//1839
f 863//1840 769//1840 860//1840
f 863//1841 864//1841 769//1841
f 862//1842 769//1842 864//1842
f 865//1843 794//1843 793//1843
f 865//1844 793//1844 862//1844
f 866//1845 796//1845 794//1845
f 866//1846 794//1846 865//1846
f 866//1847 867//1847 796//1847
f 797//1848 796//1848 867//1848
f 533//1849 523//1849 868//1849
f 869//1850 795//1850 798//1850
f 870//1851 522//1851 521//1851
f 527//1852 870//1853 521//1853
f 552//1854 532//1854 534//1854
f 871//1855 552//1855 534//1855
f 872//1856 871//1856 534//1856
f 873//1857 771//1857 799//1857
f 805//1858 807//1858 770//1858
f 804//1859 770//1859 807//1859
f 874//1860 806//1860 807//1860
f 833//1861 771//1861 873//1861
f 812//1862 831//1862 808//1862
f 874//1863 832//1863 806//1863
f 839//1864 719//1864 722//1865
f 875//1866 832//1866 874//1866
f 876//1867 839//1867 728//1867
f 836//1868 840//1868 835//1868
f 779//1869 728//1869 733//1870
f 779//1871 876//1871 728//1871
f 877//1872 740//1872 840//1872
f 878//1873 877//1873 840//1873
f 878//1874 840//1874 836//1874
f 877//1875 738//1875 740//1875
f 875//1876 837//1876 832//1876
f 751//1877 738//1877 877//1877
f 879//1878 841//1878 777//1878
f 880//1879 843//1879 842//1879
f 881//1880 777//1880 846//1880
f 845//1881 843//1881 880//1881
f 782//1882 845//1882 786//1882
f 882//1883 846//1883 785//1883
f 845//1884 785//1884 786//1884
f 845//1885 882//1885 785//1885
f 881//1886 846//1886 882//1886
f 684//1887 676//1887 677//1887
f 883//1888 764//1888 765//1888
f 693//1889 883//1889 765//1889
f 884//1890 848//1890 764//1890
f 884//1891 764//1891 883//1891
f 691//1892 696//1892 689//1892
f 691//1893 689//1893 690//1893
f 885//1894 693//1894 849//1894
f 886//1895 885//1895 849//1895
f 788//1896 849//1896 465//1896
f 887//1897 855//1897 852//1897
f 853//1898 887//1898 852//1898
f 888//1899 889//1899 855//1899
f 890//1900 855//1901 889//1901
f 890//1902 856//1903 855//1903
f 891//1904 889//1904 888//1904
f 892//1905 890//1906 889//1905
f 892//1907 889//1907 893//1907
f 894//1908 893//1908 889//1908
f 894//1909 889//1909 891//1909
f 895//1910 854//1911 856//1910
f 895//1912 856//1912 896//1912
f 892//1913 896//1913 856//1913
f 892//1914 856//1914 890//1915
f 897//1916 898//1916 899//1916
f 900//1917 897//1917 899//1917
f 901//1918 898//1918 897//1918
f 902//1919 898//1919 901//1919
f 903//1920 895//1920 899//1920
f 898//1921 903//1921 899//1921
f 904//1922 897//1922 900//1922
f 905//1923 901//1923 897//1923
f 905//1924 897//1924 904//1924
f 904//1925 900//1925 906//1925
f 896//1926 899//1926 895//1926
f 900//1927 899//1927 896//1927
f 907//1928 902//1928 901//1928
f 907//1929 901//1929 905//1929
f 908//1930 859//1930 854//1931
f 850//1932 854//1933 895//1934
f 908//1935 854//1936 850//1937
f 908//1938 858//1938 859//1938
f 909//1939 895//1939 903//1939
f 910//1940 903//1940 898//1940
f 850//1941 895//1942 909//1942
f 911//1943 850//1944 909//1943
f 903//1945 911//1945 909//1945
f 892//1946 900//1946 896//1946
f 912//1947 898//1947 902//1947
f 912//1948 910//1948 898//1948
f 913//1949 902//1949 907//1949
f 913//1950 914//1950 902//1950
f 914//1951 912//1951 902//1951
f 861//1952 853//1952 789//1952
f 863//1953 858//1953 908//1953
f 863//1954 860//1954 858//1954
f 792//1955 850//1956 911//1957
f 908//1958 850//1959 792//1960
f 915//1961 792//1962 911//1961
f 916//1963 911//1963 903//1963
f 916//1964 915//1964 911//1964
f 863//1965 908//1965 792//1966
f 864//1967 792//1968 915//1967
f 863//1969 792//1970 864//1969
f 917//1971 903//1971 910//1971
f 917//1972 916//1972 903//1972
f 918//1973 910//1973 912//1973
f 918//1974 912//1974 914//1974
f 918//1975 917//1975 910//1975
f 919//1976 864//1976 915//1976
f 920//1977 915//1977 916//1977
f 920//1978 919//1978 915//1978
f 919//1979 862//1979 864//1979
f 920//1980 916//1980 917//1980
f 921//1981 920//1981 917//1981
f 918//1982 921//1982 917//1982
f 922//1983 790//1983 795//1983
f 922//1984 861//1984 790//1984
f 919//1985 865//1985 862//1985
f 923//1986 919//1986 920//1986
f 924//1987 923//1987 920//1987
f 925//1988 920//1988 921//1988
f 926//1989 925//1989 921//1989
f 927//1990 921//1990 918//1990
f 928//1991 921//1991 927//1991
f 926//1992 921//1992 928//1992
f 925//1993 924//1993 920//1993
f 929//1994 865//1994 919//1994
f 929//1995 866//1995 865//1995
f 527//1996 919//1997 923//1997
f 527//1998 929//1999 919//1999
f 930//2000 923//2001 924//2001
f 930//2002 527//2003 923//2004
f 870//2005 930//2006 924//2005
f 870//2007 924//2007 925//2007
f 868//2008 523//2008 524//2008
f 931//2009 533//2009 868//2009
f 932//2010 867//2010 933//2010
f 934//2011 867//2011 932//2011
f 935//2012 867//2012 934//2012
f 936//2013 933//2013 867//2013
f 937//2014 933//2014 936//2014
f 932//2015 933//2015 937//2015
f 938//2016 936//2016 867//2016
f 939//2017 867//2017 866//2017
f 938//2018 867//2018 939//2018
f 935//2019 797//2019 867//2019
f 938//2020 937//2020 936//2020
f 940//2021 866//2021 929//2021
f 940//2022 939//2022 866//2022
f 930//2023 929//2024 527//2025
f 941//2026 929//2026 930//2027
f 941//2028 940//2028 929//2028
f 527//2029 930//2030 870//2031
f 526//2032 930//2033 527//2034
f 942//2035 930//2036 526//2035
f 942//2037 941//2037 930//2038
f 925//2039 518//2039 522//2039
f 870//2040 925//2040 522//2040
f 943//2041 518//2041 925//2041
f 943//2042 520//2042 518//2042
f 943//2043 925//2043 926//2043
f 872//1061 534//1061 533//1061
f 872//2044 533//2044 931//2044
f 869//2045 922//2045 795//2045
f 944//2046 797//2046 935//2046
f 558//2047 942//2047 526//2047
f 945//2048 552//2048 871//2048
f 945//2049 551//2049 552//2049
f 946//2050 945//2050 871//2050
f 946//2051 871//2051 947//2051
f 948//2052 871//2052 872//2052
f 947//2053 871//2053 948//2053
f 799//2054 797//2054 944//2054
f 802//2055 551//2055 945//2055
f 949//2056 869//2056 798//2056
f 873//2057 799//2057 944//2057
f 950//2058 949//2058 798//2058
f 807//2059 805//2059 874//2059
f 828//2060 874//2060 805//2060
f 950//2061 798//2061 829//2061
f 951//2062 834//2062 833//2062
f 952//2063 831//2063 812//2063
f 811//2064 952//2064 812//2064
f 952//2065 836//2065 831//2065
f 875//2066 874//2066 828//2066
f 875//2067 828//2067 837//2067
f 950//2068 829//2068 953//2068
f 838//2069 834//2069 951//2069
f 952//2070 954//2070 836//2070
f 878//2071 836//2071 954//2071
f 955//2072 954//2072 952//2072
f 956//2073 878//2073 954//2073
f 956//2074 954//2074 955//2074
f 957//2075 952//2075 811//2075
f 955//2076 952//2076 957//2076
f 958//2077 877//2077 878//2077
f 751//2078 877//2078 958//2078
f 958//2079 878//2079 956//2079
f 953//2080 829//2080 841//2080
f 959//2081 842//2081 838//2081
f 960//2082 841//2082 879//2082
f 961//2083 880//2083 842//2083
f 961//2084 842//2084 959//2084
f 962//2085 880//2085 961//2085
f 881//2086 879//2086 777//2086
f 962//2087 845//2087 880//2087
f 678//2088 674//2088 671//2088
f 962//2089 882//2089 845//2089
f 963//2090 763//2090 787//2090
f 847//2091 963//2091 787//2091
f 848//2092 847//2092 680//2092
f 885//2093 883//2093 693//2093
f 964//2094 884//2094 883//2094
f 697//2095 698//2095 694//2095
f 965//2096 855//2096 887//2096
f 965//2097 888//2097 855//2097
f 966//2098 965//2098 887//2098
f 967//2099 888//2099 965//2099
f 968//2100 965//2100 966//2100
f 969//2101 965//2101 968//2101
f 967//2102 965//2102 969//2102
f 970//2103 888//2103 967//2103
f 891//2104 888//2104 970//2104
f 971//2105 887//2105 853//2105
f 893//2106 906//2106 900//2106
f 892//2107 893//2107 900//2107
f 894//2108 906//2108 893//2108
f 972//2109 904//2109 906//2109
f 894//2110 972//2110 906//2110
f 973//2111 905//2111 904//2111
f 974//2112 904//2113 972//2113
f 974//2114 975//2115 904//2116
f 973//2117 904//2117 975//2118
f 976//2119 907//2119 905//2119
f 976//2120 905//2120 973//2120
f 861//2121 971//2121 853//2121
f 977//2122 978//2122 979//2122
f 890//2123 979//2124 978//2124
f 980//2125 977//2125 979//2125
f 981//2126 979//2126 890//2127
f 982//2128 979//2128 981//2128
f 980//2129 979//2129 982//2129
f 983//2130 978//2130 977//2130
f 983//2131 890//2132 978//2131
f 983//2133 977//2133 980//2133
f 983//2134 981//2134 890//2135
f 974//2136 913//2137 907//2137
f 974//2138 907//2139 976//2139
f 984//2140 914//2140 913//2140
f 985//2141 984//2141 913//2141
f 985//2142 913//2142 974//2143
f 986//2144 914//2144 984//2144
f 986//2145 918//2145 914//2145
f 987//2146 986//2146 984//2146
f 987//2147 984//2147 985//2147
f 927//2148 918//2148 986//2148
f 988//2149 927//2149 986//2149
f 988//2150 986//2150 987//2150
f 943//2151 928//2151 927//2151
f 989//2152 943//2152 927//2152
f 989//2153 927//2153 988//2153
f 943//2154 926//2154 928//2154
f 990//2155 932//2155 937//2155
f 938//2156 939//2156 937//2156
f 991//2157 514//2157 519//2157
f 513//2158 514//2158 991//2158
f 931//2159 868//2159 992//2159
f 990//2160 937//2160 939//2160
f 993//2161 939//2161 940//2161
f 994//2162 939//2162 993//2162
f 994//2163 990//2163 939//2163
f 942//2164 940//2164 941//2164
f 995//2165 940//2165 942//2165
f 993//2166 940//2166 995//2166
f 520//2167 943//2167 989//2167
f 996//2168 942//2168 558//2168
f 997//2169 995//2169 942//2169
f 996//2170 997//2170 942//2170
f 996//2171 558//2171 557//2171
f 998//2172 802//2172 945//2172
f 998//2173 945//2173 946//2173
f 998//2174 803//2174 802//2174
f 825//2175 803//2175 998//2175
f 999//2176 873//2176 944//2176
f 1000//2177 557//2177 564//2177
f 1001//2178 996//2178 557//2178
f 1000//2179 1001//2179 557//2179
f 717//2180 1000//2180 564//2180
f 1002//2181 717//2181 718//2181
f 999//2182 833//2182 873//2182
f 1003//2183 833//2183 999//2183
f 719//2184 1002//2184 718//2184
f 810//2185 1004//2185 811//2185
f 1005//2186 811//2186 1004//2186
f 957//2187 811//2187 1005//2187
f 1006//2188 949//2188 950//2188
f 951//2189 833//2189 1003//2189
f 1007//2190 719//2190 839//2190
f 953//2191 1006//2191 950//2191
f 1008//2192 838//2192 951//2192
f 876//2193 1007//2193 839//2193
f 959//2194 838//2194 1008//2194
f 1009//2195 752//2195 751//2195
f 960//2196 953//2196 841//2196
f 1010//2197 746//2197 747//2197
f 749//2198 752//2198 1009//2198
f 1011//2199 961//2199 959//2199
f 1010//2200 747//2200 633//2200
f 1012//2201 672//2201 756//2201
f 1013//2202 670//2202 672//2202
f 1013//2203 672//2203 1012//2203
f 671//2204 670//2204 1013//2204
f 1014//2205 879//2205 881//2205
f 960//2206 879//2206 1014//2206
f 1014//2207 881//2207 882//2207
f 1015//2208 691//2208 683//2208
f 885//2209 964//2209 883//2209
f 968//2210 966//2210 1016//2210
f 887//2211 1017//2211 966//2211
f 1016//2212 966//2212 1017//2212
f 1016//2213 1018//2213 968//2213
f 1018//2214 1019//2214 968//2214
f 1020//2215 967//2215 969//2215
f 1020//2216 969//2216 1021//2216
f 1021//2217 969//2217 968//2217
f 1020//2218 970//2218 967//2218
f 1022//2219 891//2219 970//2219
f 1022//2220 970//2220 1020//2220
f 971//2221 1017//2221 887//2221
f 1023//2222 894//2222 891//2222
f 1023//2223 891//2223 1022//2223
f 894//2224 975//2225 972//2224
f 974//2226 972//2227 975//2228
f 1024//2229 975//2230 894//2229
f 976//2231 973//2231 975//2232
f 974//2233 976//2234 975//2235
f 1025//2236 975//2237 1024//2236
f 1025//2238 974//2239 975//2240
f 1024//2241 894//2241 1026//2241
f 1027//2242 982//2243 981//2243
f 1028//2244 981//2244 983//2244
f 1028//2245 1027//2246 981//2245
f 1026//2247 894//2247 1023//2247
f 1029//2248 971//2248 861//2248
f 1028//2249 983//2249 980//2249
f 1030//2250 985//2250 974//2251
f 1031//2252 974//2253 1025//2252
f 1030//2254 974//2255 1031//2254
f 1032//2256 988//2256 987//2256
f 1032//2257 987//2257 1033//2257
f 1034//2258 1029//2258 861//2258
f 1035//2259 989//2259 988//2259
f 1035//2260 988//2260 1032//2260
f 1036//2261 932//2261 990//2261
f 1037//2262 932//2262 1036//2262
f 934//2263 932//2263 1037//2263
f 1035//2264 520//2264 989//2264
f 1038//2265 513//2265 991//2265
f 1039//2266 519//2266 520//2266
f 1039//2267 991//2267 519//2267
f 1039//2268 520//2268 1035//2268
f 1034//2269 861//2269 922//2269
f 1040//2270 935//2270 934//2270
f 1041//2271 994//2271 993//2271
f 1036//2272 990//2272 994//2272
f 1042//2273 1036//2273 994//2273
f 1043//2274 872//2274 931//2274
f 1044//2275 948//2275 872//2275
f 1044//2276 872//2276 1043//2276
f 1045//2277 944//2277 935//2277
f 1045//2278 935//2278 1040//2278
f 993//2279 995//2279 997//2279
f 1041//2280 993//2280 997//2280
f 946//2281 947//2281 948//2281
f 1044//2282 946//2282 948//2282
f 949//2283 922//2283 869//2283
f 1034//2284 922//2284 949//2284
f 1046//2285 998//2285 946//2285
f 1047//2286 946//2286 1044//2286
f 1046//2287 946//2287 1047//2287
f 826//2288 825//2288 998//2288
f 1046//2289 826//2289 998//2289
f 1048//2290 826//2290 1046//2290
f 1048//2291 1049//2291 826//2291
f 827//2292 826//2292 1049//2292
f 999//2293 944//2293 1045//2293
f 1050//2294 1000//2294 717//2294
f 1002//2295 1050//2295 717//2295
f 1051//2296 1004//2296 810//2296
f 1052//2297 1051//2297 810//2297
f 821//2298 1052//2298 810//2298
f 817//2299 821//2299 810//2299
f 1051//2300 1053//2300 1004//2300
f 1054//2301 1004//2301 1053//2301
f 1055//2302 1053//2302 1051//2302
f 1054//2303 1053//2303 1056//2303
f 1055//2304 1056//2304 1053//2304
f 1052//2305 1057//2305 1051//2305
f 1058//2306 1051//2306 1057//2306
f 1058//2307 1055//2307 1051//2307
f 823//2308 1057//2308 1052//2308
f 1059//2309 1058//2309 1057//2309
f 1059//2310 1057//2310 823//2310
f 823//2311 1052//2311 821//2311
f 1060//2312 957//2312 1005//2312
f 1054//2313 1005//2313 1004//2313
f 1054//2314 1060//2314 1005//2314
f 1061//2315 951//2315 1003//2315
f 1062//2316 1063//2316 1064//2316
f 1065//2317 1064//2317 1063//2317
f 1066//2318 1062//2318 1064//2318
f 1065//2319 1066//2319 1064//2319
f 1062//2320 1067//2320 1063//2320
f 1068//2321 1063//2321 1067//2321
f 1068//2322 1065//2322 1063//2322
f 1062//2323 1069//2323 1067//2323
f 1070//2324 1067//2324 1069//2324
f 1062//2325 1071//2325 1069//2325
f 1072//2326 1070//2326 1069//2326
f 1073//2327 1069//2327 1071//2327
f 1073//2328 1072//2328 1069//2328
f 1074//2329 955//2329 957//2329
f 1060//2330 1074//2330 957//2330
f 1061//2331 1008//2331 951//2331
f 1075//2332 1002//2332 719//2332
f 1007//2333 1075//2333 719//2333
f 1072//2334 1067//2334 1070//2334
f 1072//2335 1068//2335 1067//2335
f 1074//2336 1076//2336 955//2336
f 1077//2337 955//2337 1076//2337
f 1077//2338 956//2338 955//2338
f 1078//2339 1076//2339 1074//2339
f 1079//2340 1077//2340 1076//2340
f 1079//2341 1076//2341 1078//2341
f 1080//2342 1074//2342 1060//2342
f 1078//2343 1074//2343 1080//2343
f 1081//2344 1006//2344 953//2344
f 844//2345 876//2345 779//2345
f 1082//2346 1009//2346 751//2346
f 1082//2347 751//2347 958//2347
f 1081//2348 953//2348 960//2348
f 1083//2349 783//2349 784//2349
f 1084//2350 1083//2350 784//2350
f 1085//2351 784//2351 761//2351
f 1085//2352 1084//2352 784//2352
f 962//2353 961//2353 1011//2353
f 762//2354 1085//2354 761//2354
f 1086//2355 960//2355 1014//2355
f 1087//2356 677//2356 678//2356
f 1015//2357 683//2357 685//2357
f 884//2358 1088//2358 848//2358
f 1089//2359 788//2359 698//2359
f 788//2360 886//2360 849//2360
f 697//2361 1089//2361 698//2361
f 1090//2362 1019//2362 1018//2362
f 1091//2363 1090//2363 1018//2363
f 1092//2364 1019//2364 1090//2364
f 1016//2365 1091//2365 1018//2365
f 1093//2366 1090//2366 1091//2366
f 1094//2367 1019//2367 1092//2367
f 1095//2368 968//2368 1019//2368
f 1095//2369 1019//2369 1094//2369
f 1093//2370 1091//2370 1016//2370
f 1021//2371 968//2371 1095//2371
f 1017//2372 1093//2372 1016//2372
f 1022//2373 1020//2373 1021//2373
f 1096//2374 1022//2374 1027//2375
f 1097//2376 1027//2377 1022//2378
f 1023//2379 1022//2379 1096//2379
f 1097//2380 982//2381 1027//2382
f 1098//2383 1096//2383 1027//2384
f 1099//2385 1027//2386 1028//2385
f 1097//2387 1098//2388 1027//2389
f 1099//2390 1097//2391 1027//2392
f 1100//2393 980//2393 982//2393
f 1101//2394 982//2394 1097//2395
f 1100//2396 982//2396 1101//2396
f 1098//2397 1023//2397 1096//2397
f 1102//2398 1026//2398 1023//2398
f 1098//2399 1102//2399 1023//2399
f 1026//2400 1103//2401 1024//2400
f 1104//2402 1024//2402 1103//2403
f 1105//2404 1106//2404 1024//2404
f 1025//2405 1024//2405 1106//2405
f 1104//2406 1105//2406 1024//2406
f 1107//2407 1026//2407 1102//2407
f 1103//2408 1026//2409 1107//2409
f 1108//2410 1106//2410 1105//2410
f 1031//2411 1025//2411 1106//2411
f 1109//2412 1031//2412 1106//2412
f 1109//2413 1106//2413 1108//2413
f 1108//2414 1105//2414 1104//2414
f 1109//2415 1030//2415 1031//2415
f 1099//2416 1028//2416 980//2416
f 1099//2417 980//2417 1100//2417
f 1110//2418 985//2418 1030//2418
f 1110//2419 1030//2419 1109//2419
f 1110//2420 987//2420 985//2420
f 1110//2421 1033//2421 987//2421
f 1111//2422 1032//2422 1033//2422
f 1035//2423 1032//2423 1112//2423
f 1111//2424 1112//2424 1032//2424
f 1113//2425 1029//2425 1034//2425
f 1114//2426 1037//2426 1036//2426
f 1115//2427 1114//2428 1036//2428
f 1116//2429 934//2429 1037//2429
f 1117//2430 1037//2430 1114//2430
f 1116//2431 1037//2431 1117//2431
f 1118//2432 1035//2432 1112//2432
f 1119//2433 1118//2433 1112//2433
f 1111//2434 1120//2434 1112//2434
f 1119//2435 1112//2435 1120//2435
f 1121//2436 1035//2436 1118//2436
f 1121//2437 1039//2437 1035//2437
f 1121//2438 1118//2438 1119//2438
f 1122//2439 511//2439 513//2439
f 1122//2440 513//2440 1038//2440
f 1123//2441 512//2441 511//2441
f 1123//2442 511//2442 1122//2442
f 1124//2443 524//2443 512//2443
f 1124//2444 512//2444 1123//2444
f 868//2445 524//2445 1124//2445
f 1125//2446 1113//2446 1034//2446
f 1040//2447 934//2447 1116//2447
f 1126//2448 1041//2448 997//2448
f 1127//2449 1041//2449 1126//2449
f 1127//2450 994//2450 1041//2450
f 1128//2451 1043//2451 931//2451
f 1129//2452 1044//2452 1043//2452
f 1128//2453 1129//2453 1043//2453
f 1130//2454 1126//2454 997//2454
f 996//2455 1130//2455 997//2455
f 1130//2456 1127//2456 1126//2456
f 1129//2457 1047//2457 1044//2457
f 1131//2458 1132//2458 1047//2458
f 1046//2459 1047//2459 1132//2459
f 1133//2460 1131//2460 1047//2460
f 1134//2461 1133//2461 1047//2461
f 1129//2462 1134//2462 1047//2462
f 1135//2463 1132//2463 1131//2463
f 1135//2464 1046//2464 1132//2464
f 1136//2465 1131//2465 1133//2465
f 1136//2466 1135//2466 1131//2466
f 931//2467 1133//2467 1134//2467
f 1137//2468 1133//2468 931//2468
f 1138//2469 1133//2469 1137//2469
f 1139//2470 1133//2470 1138//2470
f 1136//2471 1133//2471 1139//2471
f 931//2472 1134//2472 1129//2472
f 1128//2473 931//2473 1129//2473
f 1140//2474 1125//2474 1034//2474
f 1140//2475 1034//2475 949//2475
f 1140//2476 949//2476 1006//2476
f 1141//2477 1140//2477 1006//2477
f 1142//2478 1062//2478 1066//2478
f 1143//2479 1144//2479 1060//2479
f 1080//2480 1060//2480 1144//2480
f 1145//2481 1143//2481 1060//2481
f 1056//2482 1145//2482 1060//2482
f 1054//2483 1056//2483 1060//2483
f 1146//2484 1144//2484 1143//2484
f 1147//2485 1080//2485 1144//2485
f 1148//2486 1143//2486 1145//2486
f 1149//2487 1143//2487 1148//2487
f 1146//2488 1143//2488 1149//2488
f 1056//2489 1150//2489 1145//2489
f 1148//2490 1145//2490 1150//2490
f 1151//2491 1150//2491 1056//2491
f 1152//2492 1150//2492 1151//2492
f 1148//2493 1150//2493 1152//2493
f 1153//2494 1071//2494 1062//2494
f 1153//2495 1062//2495 1142//2495
f 1154//2496 1155//2496 1065//2496
f 1066//2497 1065//2497 1155//2497
f 1068//2498 1154//2498 1065//2498
f 1154//2499 1156//2499 1155//2499
f 1157//2500 1155//2500 1156//2500
f 1158//2501 1066//2501 1155//2501
f 1159//2502 1155//2502 1157//2502
f 1158//2503 1155//2503 1159//2503
f 1154//2504 1160//2504 1156//2504
f 1161//2505 1162//2505 1156//2505
f 1163//2506 1156//2506 1162//2506
f 1160//2507 1164//2507 1156//2507
f 1163//2508 1157//2508 1156//2508
f 1165//2509 1162//2510 1161//2510
f 1166//2511 1163//2512 1162//2512
f 1165//2513 1166//2514 1162//2515
f 1164//2516 1161//2516 1156//2516
f 1167//2517 1161//2517 1164//2517
f 1167//2518 1165//2519 1161//2518
f 1168//2520 1164//2520 1160//2520
f 1169//2521 1164//2521 1168//2521
f 1170//2522 1167//2522 1164//2522
f 1169//2523 1170//2523 1164//2523
f 1168//2524 1160//2524 1154//2524
f 1171//2525 1154//2525 1068//2525
f 1172//2526 1154//2526 1171//2526
f 1172//2527 1168//2527 1154//2527
f 1171//2528 1068//2528 1173//2528
f 1173//2529 1068//2529 1174//2529
f 1174//2530 1068//2530 1072//2530
f 1081//2531 1141//2531 1006//2531
f 1175//2532 1007//2532 876//2532
f 1073//2533 1071//2533 1153//2533
f 1174//2534 1072//2534 1073//2534
f 1175//2535 876//2535 844//2535
f 1077//2536 958//2536 956//2536
f 1082//2537 958//2537 1077//2537
f 1176//2538 844//2538 780//2538
f 1176//2539 780//2539 746//2539
f 1010//2540 1176//2540 746//2540
f 1177//2541 749//2541 1009//2541
f 1178//2542 756//2542 749//2542
f 1178//2543 749//2543 1177//2543
f 1179//2544 1081//2544 960//2544
f 1180//2545 1010//2545 633//2545
f 1181//2546 633//2546 634//2546
f 1181//2547 1180//2547 633//2547
f 1182//2548 634//2548 635//2548
f 1182//2549 1181//2549 634//2549
f 1183//2550 635//2550 783//2550
f 1183//2551 1182//2551 635//2551
f 1184//2552 783//2552 1083//2552
f 1184//2553 1183//2553 783//2553
f 1084//2554 1184//2554 1083//2554
f 1012//2555 756//2555 1178//2555
f 1086//2556 1179//2556 960//2556
f 1185//2557 1085//2557 762//2557
f 1186//2558 671//2558 1013//2558
f 1011//2559 1187//2559 962//2559
f 1188//2560 762//2560 763//2560
f 1188//2561 1185//2561 762//2561
f 1087//2562 678//2562 671//2562
f 1087//2563 671//2563 1186//2563
f 962//2564 1187//2564 882//2564
f 963//2565 1188//2565 763//2565
f 1189//2566 677//2566 1087//2566
f 1190//2567 963//2567 847//2567
f 1191//2568 684//2568 677//2568
f 1191//2569 677//2569 1189//2569
f 1190//2570 847//2570 848//2570
f 1191//2571 685//2571 684//2571
f 1015//2572 685//2572 1191//2572
f 1190//2573 848//2573 1088//2573
f 1192//2574 691//2574 1015//2574
f 1088//2575 884//2575 964//2575
f 1192//2576 697//2576 696//2576
f 1193//2577 697//2577 1192//2577
f 1192//2578 696//2578 691//2578
f 1089//2579 886//2579 788//2579
f 1193//2580 1089//2580 697//2580
f 1194//2581 1092//2581 1090//2581
f 1093//2582 1194//2582 1090//2582
f 1195//2583 1092//2583 1196//2583
f 1197//2584 1092//2584 1195//2584
f 1094//2585 1092//2585 1197//2585
f 1198//2586 1021//2586 1095//2586
f 1199//2587 1021//2587 1198//2587
f 1200//2588 1021//2588 1199//2588
f 1201//2589 1017//2589 971//2589
f 1202//2590 1022//2590 1021//2590
f 1202//2591 1021//2591 1200//2591
f 1203//2592 1097//2593 1022//2594
f 1203//2595 1022//2596 1202//2596
f 1204//2597 1201//2597 971//2597
f 1203//2598 1101//2599 1097//2600
f 1205//2601 1100//2601 1101//2601
f 1206//2602 1102//2603 1098//2603
f 1207//2604 1107//2604 1102//2604
f 1206//2605 1207//2606 1102//2606
f 1206//2607 1098//2608 1097//2609
f 1208//2610 1108//2610 1104//2610
f 1208//2611 1104//2611 1103//2612
f 1204//2613 971//2613 1029//2613
f 1209//2614 1099//2614 1100//2614
f 1210//2615 1209//2615 1100//2615
f 1211//2616 1210//2616 1100//2616
f 1211//2617 1100//2617 1205//2617
f 1212//2618 1097//2619 1099//2618
f 1203//2620 1206//2621 1097//2622
f 1212//2623 1203//2624 1097//2625
f 1213//2626 1099//2626 1209//2626
f 1213//2627 1212//2627 1099//2627
f 1208//2628 1109//2628 1108//2628
f 1214//2629 1109//2629 1208//2629
f 1110//2630 1109//2630 1214//2630
f 1215//2631 1209//2631 1210//2631
f 1216//2632 1209//2632 1215//2632
f 1216//2633 1213//2633 1209//2633
f 1217//2634 1215//2634 1210//2634
f 1218//2635 1217//2636 1210//2636
f 1218//2637 1210//2638 1211//2638
f 1219//2639 1215//2639 1217//2639
f 1220//2640 1215//2640 1219//2640
f 1220//2641 1216//2641 1215//2641
f 1221//2642 1217//2642 1222//2642
f 1218//2643 1222//2644 1217//2644
f 1219//2645 1217//2645 1221//2645
f 1033//2646 1110//2646 1223//2646
f 1111//2647 1033//2647 1224//2647
f 1225//2648 1221//2648 1222//2648
f 1226//2649 1225//2649 1222//2649
f 1227//2650 1222//2650 1218//2651
f 1226//2652 1222//2652 1227//2652
f 1114//2653 1221//2653 1225//2653
f 1220//2654 1219//2654 1221//2654
f 1228//2655 1221//2655 1114//2655
f 1229//2656 1220//2656 1221//2656
f 1228//2657 1229//2657 1221//2657
f 1117//2658 1114//2658 1225//2658
f 1230//2659 1117//2659 1225//2659
f 1230//2660 1225//2660 1226//2660
f 1231//2661 1120//2661 1232//2661
f 1224//2662 1232//2662 1120//2662
f 1233//2663 1231//2663 1232//2663
f 1234//2664 1232//2664 1224//2664
f 1235//2665 1232//2665 1234//2665
f 1233//2666 1232//2666 1235//2666
f 1119//2667 1120//2667 1231//2667
f 1111//2668 1224//2668 1120//2668
f 1236//2669 1119//2669 1231//2669
f 1237//2670 1236//2670 1231//2670
f 1237//2671 1231//2671 1233//2671
f 1033//2672 1234//2672 1224//2672
f 1113//2673 1204//2673 1029//2673
f 1115//2674 1042//2675 1114//2675
f 1238//2676 1114//2676 1042//2676
f 1239//2677 1114//2677 1238//2677
f 1228//2678 1114//2678 1239//2678
f 1240//2679 1116//2679 1117//2679
f 1240//2680 1117//2680 1230//2680
f 1241//2681 1119//2681 1236//2681
f 1242//2682 1119//2682 1241//2682
f 1243//2683 1121//2683 1119//2683
f 1242//2684 1244//2684 1119//2684
f 1243//2685 1119//2685 1244//2685
f 1127//2686 1236//2686 1245//2686
f 1237//2687 1245//2687 1236//2687
f 1241//2688 1236//2688 1127//2688
f 1246//2689 1039//2689 1121//2689
f 1247//2690 1122//2691 1038//2691
f 1248//2692 1123//2693 1122//2693
f 1248//2694 1122//2695 1247//2696
f 1249//2697 1124//2697 1123//2697
f 1249//2698 1123//2698 1248//2699
f 1250//2700 868//2700 1124//2700
f 1250//2701 1124//2701 1249//2701
f 1251//2702 992//2702 868//2702
f 1251//2703 868//2703 1250//2703
f 1137//2704 931//2704 992//2704
f 1137//2705 992//2705 1251//2705
f 1252//2706 1040//2706 1116//2706
f 1252//2707 1116//2707 1240//2707
f 1115//2708 1036//2709 1042//2709
f 1253//2710 1238//2710 1042//2710
f 1254//2711 1042//2711 994//2711
f 1253//2712 1042//2712 1254//2712
f 1253//2713 1239//2713 1238//2713
f 1127//2714 1245//2714 994//2714
f 1254//2715 994//2715 1245//2715
f 1255//2716 1245//2716 1237//2716
f 1254//2717 1245//2717 1255//2717
f 1242//2718 1241//2718 1127//2718
f 1256//2719 1127//2719 1130//2719
f 1257//2720 1242//2720 1127//2720
f 1256//2721 1257//2721 1127//2721
f 1243//2722 1246//2722 1121//2722
f 1258//2723 1045//2723 1040//2723
f 1258//2724 1040//2724 1252//2724
f 1259//2725 1130//2725 996//2725
f 1259//2726 1256//2726 1130//2726
f 1135//2727 1048//2727 1046//2727
f 1048//2728 1260//2728 1049//2728
f 1260//2729 1261//2729 1049//2729
f 824//2730 1049//2730 1261//2730
f 824//2731 827//2731 1049//2731
f 1262//2732 1261//2732 1260//2732
f 1059//2733 824//2733 1261//2733
f 1263//2734 1261//2734 1262//2734
f 1059//2735 1261//2735 1264//2735
f 1264//2736 1261//2736 1263//2736
f 1136//2737 1260//2737 1048//2737
f 1265//2738 1260//2738 1136//2738
f 1266//2739 1260//2739 1265//2739
f 1262//2740 1260//2740 1266//2740
f 1136//2741 1048//2741 1135//2741
f 1267//2742 1045//2742 1258//2742
f 1259//2743 996//2743 1001//2743
f 824//2744 822//2744 827//2744
f 1267//2745 999//2745 1045//2745
f 1268//2746 1259//2747 1001//2747
f 1000//2748 1268//2749 1001//2748
f 1055//2750 1151//2750 1056//2750
f 1269//2751 1151//2751 1055//2751
f 1270//2752 1151//2752 1271//2752
f 1269//2753 1271//2753 1151//2753
f 1152//2754 1151//2754 1270//2754
f 1272//2755 1055//2755 1058//2755
f 1269//2756 1055//2756 1272//2756
f 1273//2757 1003//2757 999//2757
f 1273//2758 999//2758 1267//2758
f 1274//2759 1003//2759 1273//2759
f 1158//2760 1142//2760 1066//2760
f 1275//2761 1061//2761 1003//2761
f 1275//2762 1003//2762 1274//2762
f 1276//2763 1153//2763 1142//2763
f 1276//2764 1142//2764 1158//2764
f 1277//2765 1141//2765 1081//2765
f 1278//2766 1008//2766 1061//2766
f 1278//2767 1061//2767 1275//2767
f 1175//2768 1279//2768 1007//2768
f 1280//2769 1073//2769 1153//2769
f 1280//2770 1153//2770 1276//2770
f 1173//2771 1174//2771 1073//2771
f 1281//2772 1008//2772 1278//2772
f 1280//2773 1173//2773 1073//2773
f 1282//2774 1082//2774 1077//2774
f 1282//2775 1077//2775 1079//2775
f 1283//2776 959//2776 1008//2776
f 1283//2777 1008//2777 1281//2777
f 1284//2778 1009//2778 1082//2778
f 1284//2779 1082//2779 1282//2779
f 1285//2780 1176//2780 1010//2780
f 1284//2781 1177//2781 1009//2781
f 1286//2782 1178//2782 1177//2782
f 1286//2783 1177//2783 1284//2783
f 1287//2784 1011//2784 959//2784
f 1183//2785 1181//2785 1182//2785
f 1288//2786 1183//2786 1184//2786
f 1289//2787 1184//2787 1084//2787
f 1289//2788 1288//2788 1184//2788
f 1289//2789 1084//2789 1085//2789
f 1290//2790 1012//2790 1178//2790
f 1290//2791 1178//2791 1286//2791
f 1291//2792 1013//2792 1012//2792
f 1291//2793 1012//2793 1290//2793
f 1292//2794 1011//2794 1287//2794
f 1292//2795 1187//2795 1011//2795
f 1293//2796 1085//2796 1185//2796
f 1293//2797 1289//2797 1085//2797
f 1294//2798 1186//2798 1013//2798
f 1294//2799 1013//2799 1291//2799
f 1295//2800 1086//2800 1014//2800
f 1296//2801 882//2801 1187//2801
f 1296//2802 1187//2802 1292//2802
f 1297//2803 1185//2803 1188//2803
f 1297//2804 1293//2804 1185//2804
f 1298//2805 1087//2805 1186//2805
f 1298//2806 1186//2806 1294//2806
f 1296//2807 1014//2807 882//2807
f 1295//2808 1014//2808 1296//2808
f 1299//2809 1188//2809 963//2809
f 1299//2810 1297//2810 1188//2810
f 1300//2811 1189//2811 1087//2811
f 1300//2812 1087//2812 1298//2812
f 1301//2813 963//2813 1190//2813
f 1301//2814 1299//2814 963//2814
f 1191//2815 1189//2815 1300//2815
f 1302//2816 1301//2816 1190//2816
f 1303//2817 1015//2817 1191//2817
f 1303//2818 1191//2818 1304//2818
f 1305//2819 1190//2819 1088//2819
f 1306//2820 1305//2820 1088//2820
f 1302//2821 1190//2821 1305//2821
f 1307//2822 1192//2822 1015//2822
f 1308//2823 1015//2823 1303//2823
f 1307//2824 1015//2824 1308//2824
f 1309//2825 1088//2825 964//2825
f 1309//2826 964//2826 885//2826
f 1306//2827 1088//2827 1309//2827
f 1310//2828 885//2828 886//2828
f 1310//2829 1309//2829 885//2829
f 1307//2830 1193//2830 1192//2830
f 1311//2831 1193//2831 1307//2831
f 1312//2832 886//2832 1089//2832
f 1313//2833 1312//2833 1089//2833
f 1310//2834 886//2834 1312//2834
f 1311//2835 1089//2835 1193//2835
f 1311//2836 1313//2836 1089//2836
f 1196//2837 1092//2837 1194//2837
f 1314//2838 1196//2838 1194//2838
f 1314//2839 1194//2839 1315//2839
f 1316//2840 1315//2840 1194//2840
f 1317//2841 1195//2841 1196//2841
f 1317//2842 1196//2842 1314//2842
f 1316//2843 1194//2843 1093//2843
f 1318//2844 1316//2844 1093//2844
f 1317//2845 1197//2845 1195//2845
f 1319//2846 1094//2846 1197//2846
f 1320//2847 1197//2847 1317//2847
f 1319//2848 1197//2848 1320//2848
f 1321//2849 1095//2849 1094//2849
f 1322//2850 1094//2850 1319//2850
f 1321//2851 1094//2851 1322//2851
f 1323//2852 1198//2852 1095//2852
f 1323//2853 1095//2853 1321//2853
f 1324//2854 1093//2854 1017//2854
f 1324//2855 1318//2855 1093//2855
f 1325//2856 1199//2856 1198//2856
f 1326//2857 1198//2857 1323//2857
f 1325//2858 1198//2858 1326//2858
f 1327//2859 1200//2859 1199//2859
f 1328//2860 1199//2860 1325//2860
f 1327//2861 1199//2861 1328//2861
f 1324//2862 1017//2862 1201//2862
f 1329//2863 1202//2863 1200//2863
f 1329//2864 1200//2864 1327//2864
f 1203//2865 1202//2866 1330//2866
f 1329//2867 1330//2867 1202//2867
f 1331//2868 1201//2868 1204//2868
f 1101//2869 1203//2870 1330//2869
f 1332//2871 1101//2871 1330//2871
f 1333//2872 1330//2872 1329//2872
f 1332//2873 1330//2873 1333//2873
f 1334//2874 1205//2874 1101//2874
f 1334//2875 1101//2875 1332//2875
f 1335//2876 1107//2877 1207//2877
f 1335//2878 1103//2879 1107//2880
f 1336//2881 1335//2882 1207//2881
f 1206//2883 1336//2884 1207//2884
f 1337//2885 1208//2885 1103//2886
f 1337//2887 1103//2888 1338//2887
f 1338//2889 1103//2890 1335//2891
f 1339//2892 1211//2892 1205//2892
f 1339//2893 1205//2893 1334//2893
f 1340//2894 1203//2895 1212//2894
f 1341//2896 1206//2897 1203//2898
f 1340//2899 1341//2899 1203//2900
f 1342//2901 1212//2902 1213//2902
f 1342//2903 1340//2904 1212//2904
f 1214//2905 1208//2905 1337//2905
f 1223//2906 1110//2906 1214//2906
f 1218//2907 1211//2908 1343//2908
f 1339//2909 1343//2909 1211//2909
f 1344//2910 1213//2911 1216//2911
f 1344//2912 1342//2913 1213//2914
f 1345//2915 1033//2915 1223//2915
f 1227//2916 1218//2917 1343//2916
f 1346//2918 1227//2918 1343//2918
f 1347//2919 1343//2919 1339//2919
f 1346//2920 1343//2920 1347//2920
f 1348//2921 1226//2921 1227//2921
f 1348//2922 1227//2922 1346//2922
f 1218//2923 1216//2924 1220//2924
f 1218//2925 1344//2926 1216//2927
f 1349//2928 1235//2928 1234//2928
f 1345//2929 1234//2929 1033//2929
f 1350//2930 1234//2930 1345//2930
f 1351//2931 1234//2931 1350//2931
f 1349//2932 1234//2932 1351//2932
f 1349//2933 1233//2933 1235//2933
f 1228//2934 1230//2934 1226//2934
f 1228//2935 1226//2935 1229//2935
f 1352//2936 1229//2937 1226//2937
f 1352//2938 1226//2939 1348//2939
f 1218//2940 1220//2941 1229//2941
f 1349//2942 1237//2942 1233//2942
f 1353//2943 1204//2943 1113//2943
f 1353//2944 1331//2944 1204//2944
f 1115//2945 1230//2946 1228//2946
f 1115//2947 1240//2948 1230//2948
f 1352//2949 1218//2950 1229//2951
f 1253//2952 1228//2952 1239//2952
f 1115//2953 1228//2954 1253//2954
f 1254//2955 1255//2955 1237//2955
f 1354//2956 1254//2956 1237//2956
f 1349//2957 1354//2957 1237//2957
f 1246//2958 1355//2958 1039//2958
f 991//2959 1039//2959 1355//2959
f 1356//2960 1355//2960 1246//2960
f 1357//2961 991//2961 1355//2961
f 1358//2962 1357//2962 1355//2962
f 1358//2963 1355//2963 1356//2963
f 1359//2964 1246//2964 1243//2964
f 1360//2965 1246//2965 1359//2965
f 1361//2966 1356//2966 1246//2966
f 1360//2967 1361//2967 1246//2967
f 1038//2968 991//2968 1357//2968
f 1362//2969 1357//2969 1358//2969
f 1357//2970 1247//2971 1038//2970
f 1357//2972 1363//2972 1247//2973
f 1248//2974 1247//2975 1363//2976
f 1364//2977 1363//2977 1357//2977
f 1364//2978 1248//2979 1363//2978
f 1362//2980 1364//2980 1357//2980
f 1365//2981 1249//2981 1248//2982
f 1247//2983 1365//2984 1248//2985
f 1366//2986 1247//2987 1248//2988
f 1364//2989 1366//2989 1248//2990
f 1367//2991 1250//2991 1249//2991
f 1365//2992 1367//2992 1249//2992
f 1137//2993 1251//2993 1250//2993
f 1138//2994 1137//2994 1250//2994
f 1367//2995 1138//2995 1250//2995
f 1125//2996 1353//2996 1113//2996
f 1368//2997 1252//2997 1240//2997
f 1368//2998 1240//2998 1115//2999
f 1369//3000 1253//3000 1254//3000
f 1370//3001 1254//3001 1354//3001
f 1370//3002 1369//3002 1254//3002
f 1369//3003 1115//3004 1253//3003
f 1242//3005 1371//3005 1244//3005
f 1243//3006 1244//3006 1371//3006
f 1372//3007 1371//3007 1242//3007
f 1359//3008 1243//3008 1371//3008
f 1360//3009 1359//3009 1371//3009
f 1373//3010 1371//3010 1372//3010
f 1374//3011 1360//3011 1371//3011
f 1373//3012 1374//3012 1371//3012
f 1375//3013 1242//3013 1257//3013
f 1372//3014 1242//3014 1375//3014
f 1376//3015 1258//3015 1252//3015
f 1377//3016 1252//3016 1368//3016
f 1378//3017 1252//3017 1377//3017
f 1376//3018 1252//3018 1378//3018
f 1256//3019 1375//3019 1257//3019
f 1379//3020 1375//3020 1256//3020
f 1373//3021 1372//3021 1375//3021
f 1380//3022 1375//3022 1379//3022
f 1381//3023 1373//3023 1375//3023
f 1380//3024 1381//3024 1375//3024
f 1259//3025 1379//3025 1256//3025
f 1382//3026 1125//3026 1140//3026
f 1383//3027 1267//3027 1258//3027
f 1383//3028 1258//3028 1376//3028
f 1384//3029 1379//3029 1259//3029
f 1385//3030 1379//3030 1384//3030
f 1385//3031 1380//3031 1379//3031
f 1386//3032 1259//3032 1268//3033
f 1384//3034 1259//3034 1386//3034
f 1059//3035 823//3035 824//3035
f 1387//3036 1267//3036 1383//3036
f 1000//3037 1386//3037 1268//3038
f 1388//3039 1386//3039 1000//3039
f 1385//3040 1384//3040 1386//3040
f 1389//3041 1386//3041 1388//3041
f 1390//3042 1385//3042 1386//3042
f 1389//3043 1390//3043 1386//3043
f 1050//3044 1388//3044 1000//3044
f 1059//3045 1264//3045 1058//3045
f 1391//3046 1058//3046 1264//3046
f 1391//3047 1272//3047 1058//3047
f 1392//3048 1273//3048 1267//3048
f 1392//3049 1267//3049 1387//3049
f 1393//3050 1388//3050 1050//3050
f 1394//3051 1388//3051 1393//3051
f 1394//3052 1389//3052 1388//3052
f 1002//3053 1393//3053 1050//3053
f 1395//3054 1140//3054 1141//3054
f 1396//3055 1274//3055 1273//3055
f 1396//3056 1273//3056 1392//3056
f 1397//3057 1393//3057 1002//3057
f 1398//3058 1393//3058 1397//3058
f 1398//3059 1394//3059 1393//3059
f 1075//3060 1397//3060 1002//3060
f 1399//3061 1159//3061 1157//3061
f 1399//3062 1157//3062 1163//3062
f 1400//3063 1158//3063 1159//3063
f 1401//3064 1400//3064 1159//3064
f 1401//3065 1159//3065 1399//3065
f 1402//3066 1395//3066 1141//3066
f 1403//3067 1274//3067 1396//3067
f 1279//3068 1397//3068 1075//3068
f 1404//3069 1397//3069 1279//3069
f 1404//3070 1398//3070 1397//3070
f 1007//3071 1279//3071 1075//3071
f 1276//3072 1158//3072 1400//3072
f 1405//3073 1276//3074 1400//3074
f 1406//3075 1405//3076 1400//3077
f 1406//3078 1400//3079 1401//3079
f 1078//3080 1080//3080 1407//3080
f 1147//3081 1407//3081 1080//3081
f 1408//3082 1141//3082 1277//3082
f 1408//3083 1402//3083 1141//3083
f 1409//3084 1275//3084 1274//3084
f 1409//3085 1274//3085 1403//3085
f 1410//3086 1278//3086 1275//3086
f 1410//3087 1275//3087 1409//3087
f 1175//3088 1411//3088 1279//3088
f 1412//3089 1279//3089 1411//3089
f 1413//3090 1279//3090 1412//3090
f 1404//3091 1279//3091 1413//3091
f 1414//3092 1276//3093 1405//3094
f 1415//3095 1280//3095 1276//3095
f 1415//3096 1276//3096 1414//3097
f 1416//3098 1405//3099 1417//3098
f 1406//3100 1417//3101 1405//3102
f 1418//3103 1405//3104 1416//3105
f 1418//3106 1406//3107 1405//3108
f 1414//3109 1405//3110 1406//3111
f 1171//3112 1173//3112 1280//3112
f 1419//3113 1078//3113 1407//3113
f 1420//3114 1419//3114 1407//3114
f 1421//3115 1078//3115 1419//3115
f 1422//3116 1079//3116 1078//3116
f 1422//3117 1078//3117 1421//3117
f 1421//3118 1419//3118 1420//3118
f 1423//3119 1281//3119 1278//3119
f 1423//3120 1278//3120 1410//3120
f 844//3121 1411//3121 1175//3121
f 1424//3122 1412//3122 1411//3122
f 1425//3123 1411//3123 844//3123
f 1426//3124 1411//3124 1425//3124
f 1427//3125 1411//3125 1426//3125
f 1424//3126 1411//3126 1427//3126
f 1424//3127 1413//3127 1412//3127
f 1428//3128 1416//3128 1417//3128
f 1429//3129 1428//3129 1417//3129
f 1430//3130 1417//3130 1406//3131
f 1429//3132 1417//3132 1430//3132
f 1418//3133 1416//3134 1428//3134
f 1418//3135 1428//3136 1429//3136
f 1415//3137 1171//3137 1280//3137
f 1431//3138 1079//3138 1422//3138
f 1432//3139 1282//3139 1079//3139
f 1432//3140 1079//3140 1431//3140
f 1433//3141 1277//3141 1081//3141
f 1434//3142 1281//3142 1423//3142
f 1176//3143 1425//3143 844//3143
f 1435//3144 1426//3144 1425//3144
f 1285//3145 1425//3145 1176//3145
f 1436//3146 1425//3146 1285//3146
f 1437//3147 1425//3147 1436//3147
f 1435//3148 1425//3148 1437//3148
f 1435//3149 1427//3149 1426//3149
f 1438//3150 1282//3150 1432//3150
f 1284//3151 1282//3151 1438//3151
f 1439//3152 1433//3152 1081//3152
f 1440//3153 1283//3153 1281//3153
f 1440//3154 1281//3154 1434//3154
f 1441//3155 1287//3155 1283//3155
f 959//3156 1283//3156 1287//3156
f 1441//3157 1283//3157 1440//3157
f 1442//3158 1436//3158 1285//3158
f 1180//3159 1442//3159 1285//3159
f 1010//3160 1180//3160 1285//3160
f 1443//3161 1436//3161 1442//3161
f 1444//3162 1443//3162 1442//3162
f 1181//3163 1442//3163 1180//3163
f 1445//3164 1442//3164 1181//3164
f 1446//3165 1442//3165 1445//3165
f 1444//3166 1442//3166 1446//3166
f 1444//3167 1436//3167 1443//3167
f 1447//3168 1448//3169 1449//3169
f 1450//3170 1449//3170 1448//3170
f 1451//3171 1447//3172 1449//3173
f 1452//3174 1449//3174 1450//3174
f 1453//3175 1449//3175 1452//3175
f 1451//3176 1449//3177 1453//3177
f 1454//3178 1448//3179 1447//3180
f 1454//3181 1450//3182 1448//3182
f 1288//3183 1447//3184 1455//3183
f 1451//3185 1455//3186 1447//3187
f 1456//3188 1447//3189 1288//3190
f 1451//3191 1447//3192 1456//3193
f 1451//3194 1454//3195 1447//3196
f 1452//3197 1450//3197 1454//3198
f 1457//3199 1286//3199 1284//3199
f 1457//3200 1284//3200 1458//3200
f 1439//3201 1081//3201 1179//3201
f 1459//3202 1287//3202 1441//3202
f 1460//3203 1445//3203 1181//3203
f 1461//3204 1445//3204 1460//3204
f 1461//3205 1446//3205 1445//3205
f 1183//3206 1460//3206 1181//3206
f 1455//3207 1460//3207 1183//3207
f 1462//3208 1460//3208 1455//3208
f 1462//3209 1461//3209 1460//3209
f 1288//3210 1455//3210 1183//3210
f 1451//3211 1462//3212 1455//3212
f 1463//3213 1288//3213 1289//3213
f 1456//3214 1288//3215 1463//3215
f 1463//3216 1289//3216 1464//3216
f 1465//3217 1290//3217 1286//3217
f 1465//3218 1286//3218 1457//3218
f 1466//3219 1291//3219 1290//3219
f 1466//3220 1290//3220 1465//3220
f 1467//3221 1289//3221 1293//3221
f 1464//3222 1289//3222 1467//3222
f 1468//3223 1294//3223 1291//3223
f 1468//3224 1291//3224 1466//3224
f 1469//3225 1293//3225 1297//3225
f 1467//3226 1293//3226 1469//3226
f 1470//3227 1298//3227 1294//3227
f 1470//3228 1294//3228 1468//3228
f 1471//3229 1297//3229 1299//3229
f 1469//3230 1297//3230 1471//3230
f 1472//3231 1300//3231 1298//3231
f 1472//3232 1298//3232 1470//3232
f 1473//3233 1299//3233 1301//3233
f 1473//3234 1471//3234 1299//3234
f 1474//3235 1191//3235 1300//3235
f 1474//3236 1300//3236 1472//3236
f 1302//3237 1473//3237 1301//3237
f 1474//3238 1304//3238 1191//3238
f 1475//3239 1303//3239 1304//3239
f 1476//3240 1304//3240 1474//3240
f 1475//3241 1304//3241 1476//3241
f 1477//3242 1302//3242 1305//3242
f 1306//3243 1477//3243 1305//3243
f 1475//3244 1308//3244 1303//3244
f 1478//3245 1307//3245 1308//3245
f 1479//3246 1308//3246 1475//3246
f 1478//3247 1308//3247 1479//3247
f 1480//3248 1306//3248 1309//3248
f 1480//3249 1309//3249 1481//3249
f 1482//3250 1309//3250 1310//3250
f 1481//3251 1309//3251 1482//3251
f 1483//3252 1311//3252 1307//3252
f 1483//3253 1307//3253 1478//3253
f 1483//3254 1313//3254 1311//3254
f 1484//3255 1312//3255 1313//3255
f 1482//3256 1310//3256 1312//3256
f 1484//3257 1313//3257 1483//3257
f 1485//3258 1486//3258 1487//3258
f 1488//3259 1487//3259 1486//3259
f 1489//3260 1485//3260 1487//3260
f 1489//3261 1490//3261 1485//3261
f 1491//3262 1488//3262 1486//3262
f 1491//3263 1486//3263 1485//3263
f 1492//3264 1493//3264 1485//3264
f 1494//3265 1485//3265 1493//3265
f 1490//3266 1492//3266 1485//3266
f 1492//3267 1495//3267 1493//3267
f 1495//3268 1496//3268 1493//3268
f 1497//3269 1498//3269 1496//3269
f 1499//3270 1496//3270 1495//3270
f 1500//3271 1497//3271 1496//3271
f 1499//3272 1500//3272 1496//3272
f 1498//3273 1501//3273 1496//3273
f 1502//3274 1503//3274 1498//3274
f 1497//3275 1502//3275 1498//3275
f 1503//3276 1504//3276 1498//3276
f 1505//3277 1506//3277 1503//3277
f 1502//3278 1505//3278 1503//3278
f 1507//3279 1508//3279 1505//3279
f 1509//3280 1505//3280 1508//3280
f 1502//3281 1507//3281 1505//3281
f 1510//3282 1511//3282 1508//3282
f 1509//3283 1508//3283 1511//3283
f 1507//3284 1510//3284 1508//3284
f 1510//3285 1512//3285 1511//3285
f 1513//3286 1511//3286 1512//3286
f 1513//3287 1509//3287 1511//3287
f 1514//3288 1515//3288 1512//3288
f 1516//3289 1512//3289 1515//3289
f 1510//3290 1514//3290 1512//3290
f 1517//3291 1513//3291 1512//3291
f 1516//3292 1517//3292 1512//3292
f 1518//3293 1516//3293 1515//3293
f 1519//3294 1520//3294 1515//3294
f 1521//3295 1515//3295 1520//3295
f 1514//3296 1519//3296 1515//3296
f 1521//3297 1518//3297 1515//3297
f 1522//3298 1520//3298 1523//3298
f 1367//3299 1520//3299 1522//3299
f 1519//3300 1523//3300 1520//3300
f 1524//3301 1521//3301 1520//3301
f 1524//3302 1520//3302 1367//3302
f 1523//3303 1525//3303 1522//3303
f 1525//3304 1526//3304 1522//3304
f 1526//3305 1139//3305 1522//3305
f 1367//3306 1522//3306 1139//3306
f 1527//3307 1526//3307 1525//3307
f 1528//3308 1525//3308 1523//3308
f 1529//3309 1525//3309 1530//3309
f 1531//3310 1532//3310 1525//3310
f 1533//3311 1531//3311 1525//3311
f 1528//3312 1533//3312 1525//3312
f 1530//3313 1525//3313 1532//3313
f 1534//3314 1535//3314 1532//3314
f 1531//3315 1534//3315 1532//3315
f 1536//3316 1537//3316 1535//3316
f 1534//3317 1536//3317 1535//3317
f 1538//3318 1532//3318 1535//3318
f 1539//3319 1537//3319 1536//3319
f 1540//3320 1537//3320 1539//3320
f 1541//3321 1542//3321 1536//3321
f 1539//3322 1536//3322 1542//3322
f 1534//3323 1541//3323 1536//3323
f 1539//3324 1542//3324 1543//3324
f 1541//3325 1543//3325 1542//3325
f 1544//3326 1543//3326 1545//3326
f 1539//3327 1543//3327 1544//3327
f 1546//3328 1547//3328 1545//3328
f 1544//3329 1545//3329 1547//3329
f 1543//3330 1546//3330 1545//3330
f 1540//3331 1544//3331 1547//3331
f 1546//3332 1548//3332 1547//3332
f 1549//3333 1547//3333 1548//3333
f 1550//3334 1547//3334 1549//3334
f 1550//3335 1540//3335 1547//3335
f 1551//3336 1552//3336 1548//3336
f 1546//3337 1551//3337 1548//3337
f 1553//3338 1495//3338 1552//3338
f 1551//3339 1553//3339 1552//3339
f 1553//3340 1499//3340 1495//3340
f 1552//3341 1495//3341 1554//3341
f 1554//3342 1495//3342 1555//3342
f 1495//3343 1492//3343 1556//3343
f 1557//3344 1489//3344 1487//3344
f 1558//3345 1528//3345 1523//3345
f 1558//3346 1523//3346 1559//3346
f 1560//3347 1523//3347 1519//3347
f 1561//3348 1519//3348 1514//3348
f 1562//3349 1519//3349 1561//3349
f 1563//3350 1519//3350 1562//3350
f 1563//3351 1560//3351 1519//3351
f 1564//3352 1514//3352 1510//3352
f 1561//3353 1514//3353 1564//3353
f 1565//3354 1510//3354 1507//3354
f 1564//3355 1510//3355 1565//3355
f 1566//3356 1507//3356 1502//3356
f 1565//3357 1507//3357 1566//3357
f 1566//3358 1502//3358 1567//3358
f 1568//3359 1502//3359 1497//3359
f 1569//3360 1502//3360 1568//3360
f 1567//3361 1502//3361 1569//3361
f 1570//3362 1497//3362 1500//3362
f 1571//3363 1497//3363 1570//3363
f 1568//3364 1497//3364 1571//3364
f 1572//3365 1500//3365 1499//3365
f 1572//3366 1570//3366 1500//3366
f 1573//3367 1499//3367 1553//3367
f 1573//3368 1572//3368 1499//3368
f 1574//3369 1573//3369 1553//3369
f 1575//3370 1574//3370 1553//3370
f 1576//3371 1551//3371 1546//3371
f 1577//3372 1553//3372 1551//3372
f 1576//3373 1577//3373 1551//3373
f 1578//3374 1546//3374 1543//3374
f 1578//3375 1576//3375 1546//3375
f 1579//3376 1543//3376 1541//3376
f 1579//3377 1578//3377 1543//3377
f 1580//3378 1541//3378 1534//3378
f 1580//3379 1579//3379 1541//3379
f 1581//3380 1534//3380 1531//3380
f 1581//3381 1580//3381 1534//3381
f 1581//3382 1531//3382 1533//3382
f 1582//3383 1533//3383 1528//3383
f 1582//3384 1581//3384 1533//3384
f 1583//3385 1582//3385 1528//3385
f 1558//3386 1583//3386 1528//3386
f 1557//3387 1487//3387 1488//3387
f 1584//3388 1489//3388 1557//3388
f 1490//3389 1489//3389 1584//3389
f 1585//3390 1314//3390 1315//3390
f 1585//3391 1315//3391 1586//3391
f 1587//3392 1315//3392 1316//3392
f 1588//3393 1586//3393 1315//3393
f 1587//3394 1588//3394 1315//3394
f 1589//3395 1314//3395 1585//3395
f 1590//3396 1591//3396 1314//3396
f 1589//3397 1590//3397 1314//3397
f 1592//3398 1317//3398 1314//3398
f 1592//3399 1314//3399 1591//3399
f 1593//3400 1493//3400 1496//3400
f 1501//3401 1593//3401 1496//3401
f 1594//3402 1501//3402 1498//3402
f 1595//3403 1587//3403 1316//3403
f 1318//3404 1595//3404 1316//3404
f 1596//3405 1320//3405 1317//3405
f 1597//3406 1317//3406 1592//3406
f 1597//3407 1596//3407 1317//3407
f 1596//3408 1319//3408 1320//3408
f 1504//3409 1594//3409 1498//3409
f 1598//3410 1594//3410 1504//3410
f 1599//3411 1594//3411 1600//3411
f 1598//3412 1600//3412 1594//3412
f 1601//3413 1594//3413 1599//3413
f 1601//3414 1602//3414 1594//3414
f 1501//3415 1594//3415 1602//3415
f 1603//3416 1504//3416 1503//3416
f 1598//3417 1504//3417 1603//3417
f 1604//3418 1571//3418 1570//3418
f 1605//3419 1570//3419 1572//3419
f 1605//3420 1604//3420 1570//3420
f 1604//3421 1568//3421 1571//3421
f 1606//3422 1572//3422 1573//3422
f 1606//3423 1605//3423 1572//3423
f 1575//3424 1573//3424 1574//3424
f 1606//3425 1573//3425 1575//3425
f 1607//3426 1322//3426 1319//3426
f 1597//3427 1319//3427 1596//3427
f 1607//3428 1319//3428 1597//3428
f 1607//3429 1321//3429 1322//3429
f 1608//3430 1503//3430 1506//3430
f 1603//3431 1503//3431 1608//3431
f 1609//3432 1569//3432 1568//3432
f 1604//3433 1609//3433 1568//3433
f 1609//3434 1567//3434 1569//3434
f 1575//3435 1553//3435 1577//3435
f 1576//3436 1575//3436 1577//3436
f 1610//3437 1575//3437 1576//3437
f 1610//3438 1606//3438 1575//3438
f 1611//3439 1323//3439 1321//3439
f 1611//3440 1321//3440 1607//3440
f 1509//3441 1506//3441 1505//3441
f 1612//3442 1506//3442 1509//3442
f 1613//3443 1608//3443 1506//3443
f 1612//3444 1613//3444 1506//3444
f 1614//3445 1566//3445 1567//3445
f 1614//3446 1567//3446 1609//3446
f 1610//3447 1576//3447 1578//3447
f 1615//3448 1326//3448 1323//3448
f 1616//3449 1323//3449 1611//3449
f 1616//3450 1615//3450 1323//3450
f 1615//3451 1325//3451 1326//3451
f 1612//3452 1509//3452 1513//3452
f 1617//3453 1565//3453 1566//3453
f 1617//3454 1566//3454 1614//3454
f 1618//3455 1578//3455 1579//3455
f 1618//3456 1610//3456 1578//3456
f 1539//3457 1544//3457 1540//3457
f 1619//3458 1540//3458 1550//3458
f 1620//3459 1619//3459 1550//3459
f 1621//3460 1325//3460 1615//3460
f 1622//3461 1623//3461 1325//3461
f 1621//3462 1622//3462 1325//3462
f 1624//3463 1327//3463 1328//3463
f 1612//3464 1513//3464 1517//3464
f 1561//3465 1564//3465 1565//3465
f 1617//3466 1561//3466 1565//3466
f 1625//3467 1579//3467 1580//3467
f 1625//3468 1618//3468 1579//3468
f 1537//3469 1540//3469 1619//3469
f 1620//3470 1537//3470 1619//3470
f 1336//3471 1329//3471 1327//3471
f 1623//3472 1336//3472 1327//3472
f 1623//3473 1327//3473 1624//3473
f 1626//3474 1517//3474 1516//3474
f 1627//3475 1612//3475 1517//3475
f 1626//3476 1627//3476 1517//3476
f 1628//3477 1516//3477 1518//3477
f 1628//3478 1626//3478 1516//3478
f 1625//3479 1580//3479 1581//3479
f 1629//3480 1535//3480 1537//3480
f 1630//3481 1629//3481 1537//3481
f 1630//3482 1537//3482 1620//3482
f 1631//3483 1324//3483 1201//3483
f 1206//3484 1329//3485 1336//3485
f 1341//3486 1329//3486 1206//3487
f 1632//3488 1518//3488 1521//3488
f 1632//3489 1628//3489 1518//3489
f 1563//3490 1562//3490 1561//3490
f 1633//3491 1563//3491 1561//3491
f 1633//3492 1561//3492 1617//3492
f 1634//3493 1581//3493 1582//3493
f 1635//3494 1625//3494 1581//3494
f 1634//3495 1635//3495 1581//3495
f 1634//3496 1582//3496 1583//3496
f 1630//3497 1535//3497 1629//3497
f 1636//3498 1538//3498 1535//3498
f 1637//3499 1535//3499 1630//3499
f 1636//3500 1535//3500 1637//3500
f 1638//3501 1201//3501 1331//3501
f 1340//3502 1334//3502 1332//3502
f 1340//3503 1332//3503 1341//3503
f 1623//3504 1335//3505 1336//3504
f 1639//3506 1338//3507 1335//3508
f 1640//3509 1639//3510 1335//3511
f 1622//3512 1335//3513 1623//3512
f 1103//3514 1335//3515 1622//3516
f 1641//3517 1335//3518 1103//3519
f 1642//3520 1335//3521 1641//3520
f 1640//3522 1335//3523 1642//3524
f 1643//3525 1338//3525 1639//3526
f 1644//3527 1337//3527 1338//3527
f 1645//3528 1644//3528 1338//3528
f 1645//3529 1338//3529 1643//3529
f 1646//3530 1639//3531 1206//3532
f 1640//3533 1206//3534 1639//3535
f 1647//3536 1639//3537 1646//3536
f 1640//3538 1643//3539 1639//3540
f 1647//3541 1640//3542 1639//3543
f 1632//3544 1521//3544 1524//3544
f 1648//3545 1560//3545 1563//3545
f 1648//3546 1523//3546 1560//3546
f 1633//3547 1648//3547 1563//3547
f 1559//3548 1523//3548 1648//3548
f 1558//3549 1559//3549 1648//3549
f 1558//3550 1648//3550 1583//3550
f 1649//3551 1583//3551 1648//3551
f 1649//3552 1648//3552 1633//3552
f 1649//3553 1634//3553 1583//3553
f 1650//3554 1532//3554 1538//3554
f 1650//3555 1530//3555 1532//3555
f 1651//3556 1538//3556 1636//3556
f 1342//3557 1334//3558 1340//3558
f 1342//3559 1339//3560 1334//3560
f 1652//3561 1646//3561 1206//3562
f 1653//3563 1652//3563 1206//3564
f 1654//3565 1206//3566 1640//3567
f 1654//3568 1653//3568 1206//3569
f 1655//3570 1646//3570 1652//3570
f 1656//3571 1646//3571 1655//3571
f 1656//3572 1647//3572 1646//3572
f 1657//3573 1655//3573 1652//3573
f 1658//3574 1657//3574 1652//3574
f 1658//3575 1652//3575 1653//3575
f 1223//3576 1337//3576 1644//3576
f 1223//3577 1214//3577 1337//3577
f 1659//3578 1223//3578 1644//3578
f 1660//3579 1659//3579 1644//3579
f 1660//3580 1644//3580 1645//3580
f 1345//3581 1223//3581 1659//3581
f 1661//3582 1524//3582 1367//3582
f 1661//3583 1367//3583 1365//3583
f 1662//3584 1524//3584 1661//3584
f 1662//3585 1632//3585 1524//3585
f 1650//3586 1529//3586 1530//3586
f 1663//3587 1347//3587 1339//3587
f 1344//3588 1339//3589 1342//3590
f 1663//3591 1339//3591 1344//3592
f 1663//3593 1346//3593 1347//3593
f 1664//3594 1342//3595 1344//3596
f 1665//3597 1344//3598 1342//3599
f 1657//3600 1342//3601 1664//3600
f 1658//3602 1342//3603 1657//3602
f 1666//3604 1342//3605 1658//3604
f 1665//3606 1342//3607 1666//3606
f 1664//3608 1659//3608 1655//3608
f 1660//3609 1655//3609 1659//3609
f 1657//3610 1664//3610 1655//3610
f 1656//3611 1655//3611 1660//3611
f 1664//3612 1345//3612 1659//3612
f 1664//3613 1350//3613 1345//3613
f 1664//3614 1351//3614 1350//3614
f 1667//3615 1354//3615 1351//3615
f 1349//3616 1351//3616 1354//3616
f 1668//3617 1667//3617 1351//3617
f 1344//3618 1668//3619 1351//3619
f 1664//3620 1344//3621 1351//3620
f 1667//3622 1669//3622 1354//3622
f 1670//3623 1354//3623 1669//3623
f 1671//3624 1370//3624 1354//3624
f 1670//3625 1671//3625 1354//3625
f 1672//3626 1669//3626 1667//3626
f 1670//3627 1669//3627 1672//3627
f 1352//3628 1667//3629 1668//3629
f 1673//3630 1667//3630 1352//3631
f 1674//3632 1667//3633 1673//3633
f 1672//3634 1667//3634 1674//3635
f 1675//3636 1668//3637 1344//3638
f 1675//3639 1352//3640 1668//3641
f 1663//3642 1344//3643 1218//3644
f 1675//3645 1344//3646 1665//3647
f 1676//3648 1661//3648 1365//3648
f 1677//3649 1676//3649 1365//3649
f 1678//3650 1677//3650 1365//3650
f 1678//3651 1365//3651 1247//3652
f 1367//3653 1139//3653 1138//3653
f 1136//3654 1139//3654 1265//3654
f 1662//3655 1661//3655 1676//3655
f 1529//3656 1527//3656 1525//3656
f 1270//3657 1529//3657 1650//3657
f 1152//3658 1270//3658 1650//3658
f 1152//3659 1650//3659 1538//3659
f 1352//3660 1348//3661 1346//3661
f 1352//3662 1346//3663 1663//3663
f 1352//3664 1663//3665 1218//3666
f 1679//3667 1676//3667 1677//3667
f 1679//3668 1662//3668 1676//3668
f 1680//3669 1677//3669 1678//3669
f 1680//3670 1679//3670 1677//3670
f 1681//3671 1527//3671 1529//3671
f 1270//3672 1681//3672 1529//3672
f 1270//3673 1271//3673 1681//3673
f 1269//3674 1681//3674 1271//3674
f 1269//3675 1272//3675 1681//3675
f 1391//3676 1681//3676 1272//3676
f 1527//3677 1681//3677 1391//3677
f 1678//3678 1247//3679 1366//3678
f 1364//3680 1678//3680 1366//3680
f 1362//3681 1678//3681 1364//3681
f 1682//3682 1678//3682 1362//3682
f 1682//3683 1680//3683 1678//3683
f 1266//3684 1139//3684 1526//3684
f 1266//3685 1265//3685 1139//3685
f 1262//3686 1266//3686 1526//3686
f 1526//3687 1391//3687 1262//3687
f 1527//3688 1391//3688 1526//3688
f 1683//3689 1673//3689 1352//3690
f 1684//3691 1352//3692 1675//3693
f 1683//3694 1352//3695 1684//3694
f 1674//3696 1673//3697 1683//3697
f 1685//3698 1353//3698 1125//3698
f 1369//3699 1268//3700 1115//3701
f 1686//3702 1115//3703 1268//3704
f 1686//3705 1368//3705 1115//3706
f 1687//3707 1268//3708 1369//3707
f 1687//3709 1686//3709 1268//3710
f 1687//3711 1369//3711 1370//3711
f 1688//3712 1356//3712 1361//3712
f 1689//3713 1358//3713 1356//3713
f 1688//3714 1689//3714 1356//3714
f 1690//3715 1361//3715 1360//3715
f 1691//3716 1688//3716 1361//3716
f 1690//3717 1691//3717 1361//3717
f 1690//3718 1360//3718 1374//3718
f 1682//3719 1362//3719 1358//3719
f 1689//3720 1682//3720 1358//3720
f 1692//3721 1262//3721 1391//3721
f 1693//3722 1391//3722 1264//3722
f 1693//3723 1692//3723 1391//3723
f 1694//3724 1263//3724 1262//3724
f 1695//3725 1262//3725 1692//3725
f 1694//3726 1262//3726 1695//3726
f 1685//3727 1125//3727 1382//3727
f 1696//3728 1377//3728 1368//3728
f 1697//3729 1368//3729 1686//3729
f 1696//3730 1368//3730 1697//3730
f 1698//3731 1370//3732 1671//3732
f 1699//3733 1687//3733 1370//3733
f 1698//3734 1699//3735 1370//3735
f 1700//3736 1671//3736 1670//3736
f 1701//3737 1698//3738 1671//3739
f 1702//3740 1671//3740 1700//3740
f 1701//3741 1671//3742 1702//3742
f 1703//3743 1374//3743 1373//3743
f 1704//3744 1690//3744 1374//3744
f 1703//3745 1704//3745 1374//3745
f 1703//3746 1373//3746 1381//3746
f 1693//3747 1264//3747 1263//3747
f 1693//3748 1263//3748 1694//3748
f 1705//3749 1376//3749 1696//3749
f 1705//3750 1383//3750 1376//3750
f 1706//3751 1697//3751 1686//3751
f 1687//3752 1706//3752 1686//3752
f 1696//3753 1697//3753 1706//3753
f 1707//3754 1696//3754 1706//3754
f 1708//3755 1706//3755 1687//3755
f 1707//3756 1706//3756 1708//3756
f 1705//3757 1696//3757 1707//3757
f 1708//3758 1687//3758 1390//3758
f 1699//3759 1390//3759 1687//3759
f 1709//3760 1381//3760 1380//3760
f 1710//3761 1703//3761 1381//3761
f 1709//3762 1710//3762 1381//3762
f 1699//3763 1380//3763 1385//3763
f 1709//3764 1380//3764 1699//3764
f 1711//3765 1387//3765 1383//3765
f 1711//3766 1383//3766 1705//3766
f 1699//3767 1385//3767 1390//3767
f 1651//3768 1148//3768 1152//3768
f 1712//3769 1382//3769 1140//3769
f 1711//3770 1392//3770 1387//3770
f 1708//3771 1390//3771 1389//3771
f 1711//3772 1389//3772 1394//3772
f 1707//3773 1708//3773 1389//3773
f 1705//3774 1707//3774 1389//3774
f 1711//3775 1705//3775 1389//3775
f 1165//3776 1399//3777 1163//3777
f 1165//3778 1163//3779 1166//3780
f 1713//3781 1149//3781 1148//3781
f 1713//3782 1148//3782 1651//3782
f 1713//3783 1146//3783 1149//3783
f 1395//3784 1712//3784 1140//3784
f 1403//3785 1396//3785 1392//3785
f 1711//3786 1403//3786 1392//3786
f 1711//3787 1394//3787 1398//3787
f 1714//3788 1401//3788 1399//3788
f 1714//3789 1399//3789 1165//3790
f 1715//3791 1146//3791 1713//3791
f 1716//3792 1144//3792 1146//3792
f 1407//3793 1147//3793 1144//3793
f 1715//3794 1716//3794 1146//3794
f 1404//3795 1413//3795 1398//3795
f 1717//3796 1398//3796 1413//3796
f 1718//3797 1398//3797 1717//3797
f 1719//3798 1711//3798 1398//3798
f 1720//3799 1719//3799 1398//3799
f 1721//3800 1720//3800 1398//3800
f 1722//3801 1721//3801 1398//3801
f 1718//3802 1722//3802 1398//3802
f 1723//3803 1406//3804 1401//3803
f 1723//3805 1401//3805 1714//3805
f 1144//3806 1724//3806 1407//3806
f 1420//3807 1407//3807 1724//3807
f 1725//3808 1420//3808 1724//3808
f 1726//3809 1402//3809 1408//3809
f 1720//3810 1409//3810 1403//3810
f 1719//3811 1403//3811 1711//3811
f 1720//3812 1403//3812 1719//3812
f 1727//3813 1410//3813 1409//3813
f 1727//3814 1409//3814 1720//3814
f 1728//3815 1717//3815 1413//3815
f 1728//3816 1413//3816 1424//3816
f 1728//3817 1718//3817 1717//3817
f 1723//3818 1430//3818 1406//3819
f 1729//3820 1429//3820 1430//3820
f 1730//3821 1171//3821 1415//3821
f 1730//3822 1731//3822 1171//3822
f 1732//3823 1171//3823 1731//3823
f 1172//3824 1171//3824 1732//3824
f 1730//3825 1420//3825 1731//3825
f 1732//3826 1731//3826 1420//3826
f 1730//3827 1421//3827 1420//3827
f 1725//3828 1732//3828 1420//3828
f 1434//3829 1423//3829 1410//3829
f 1727//3830 1434//3830 1410//3830
f 1733//3831 1424//3831 1427//3831
f 1435//3832 1733//3832 1427//3832
f 1728//3833 1424//3833 1733//3833
f 1734//3834 1418//3835 1429//3834
f 1734//3836 1429//3836 1735//3836
f 1729//3837 1735//3837 1429//3837
f 1418//3838 1414//3839 1406//3840
f 1736//3841 1414//3842 1418//3843
f 1737//3844 1414//3845 1736//3844
f 1737//3846 1730//3846 1414//3847
f 1477//3848 1480//3848 1418//3849
f 1738//3850 1418//3851 1480//3850
f 1734//3852 1477//3852 1418//3853
f 1738//3854 1736//3854 1418//3855
f 1730//3856 1415//3856 1414//3857
f 1739//3858 1422//3858 1421//3858
f 1730//3859 1739//3859 1421//3859
f 1478//3860 1431//3860 1422//3860
f 1740//3861 1478//3861 1422//3861
f 1740//3862 1422//3862 1739//3862
f 1479//3863 1432//3863 1431//3863
f 1478//3864 1479//3864 1431//3864
f 1475//3865 1438//3865 1432//3865
f 1479//3866 1475//3866 1432//3866
f 1474//3867 1458//3867 1438//3867
f 1284//3868 1438//3868 1458//3868
f 1476//3869 1474//3869 1438//3869
f 1475//3870 1476//3870 1438//3870
f 1472//3871 1457//3871 1458//3871
f 1474//3872 1472//3872 1458//3872
f 1472//3873 1470//3873 1457//3873
f 1470//3874 1465//3874 1457//3874
f 1468//3875 1466//3875 1465//3875
f 1470//3876 1468//3876 1465//3876
f 1740//3877 1483//3877 1478//3877
f 1741//3878 1484//3878 1483//3878
f 1741//3879 1742//3879 1484//3879
f 1742//3880 1482//3880 1484//3880
f 1312//3881 1484//3881 1482//3881
f 1742//3882 1481//3882 1482//3882
f 1738//3883 1480//3883 1481//3883
f 1738//3884 1481//3884 1742//3884
f 1306//3885 1480//3885 1477//3885
f 1743//3886 1471//3886 1477//3886
f 1473//3887 1477//3887 1471//3887
f 1735//3888 1743//3888 1477//3888
f 1734//3889 1735//3889 1477//3889
f 1302//3890 1477//3890 1473//3890
f 1743//3891 1454//3892 1471//3891
f 1454//3893 1744//3894 1471//3894
f 1456//3895 1469//3896 1471//3896
f 1744//3897 1456//3898 1471//3897
f 1463//3899 1467//3899 1469//3899
f 1456//3900 1463//3901 1469//3901
f 1463//3902 1464//3902 1467//3902
f 1451//3903 1456//3904 1744//3905
f 1451//3906 1744//3907 1454//3908
f 1452//3909 1454//3910 1743//3909
f 1452//3911 1743//3911 1735//3911
f 1745//3912 1452//3912 1735//3912
f 1746//3913 1735//3913 1729//3913
f 1746//3914 1745//3914 1735//3914
f 1747//3915 1748//3915 1736//3915
f 1737//3916 1736//3916 1748//3916
f 1749//3917 1747//3917 1736//3917
f 1750//3918 1749//3918 1736//3918
f 1751//3919 1750//3919 1736//3919
f 1752//3920 1751//3920 1736//3920
f 1753//3921 1752//3921 1736//3921
f 1738//3922 1753//3922 1736//3922
f 1754//3923 1737//3923 1748//3923
f 1755//3924 1748//3924 1747//3924
f 1756//3925 1754//3925 1748//3925
f 1756//3926 1748//3926 1755//3926
f 1757//3927 1747//3927 1749//3927
f 1757//3928 1755//3928 1747//3928
f 1757//3929 1749//3929 1750//3929
f 1758//3930 1750//3930 1751//3930
f 1758//3931 1757//3931 1750//3931
f 1759//3932 1751//3932 1752//3932
f 1759//3933 1758//3933 1751//3933
f 1760//3934 1761//3934 1752//3934
f 1759//3935 1752//3935 1761//3935
f 1753//3936 1760//3936 1752//3936
f 1762//3937 1759//3937 1761//3937
f 1763//3938 1761//3938 1764//3938
f 1762//3939 1761//3939 1763//3939
f 1765//3940 1766//3940 1761//3940
f 1767//3941 1761//3941 1766//3941
f 1760//3942 1765//3942 1761//3942
f 1767//3943 1764//3943 1761//3943
f 1740//3944 1768//3944 1766//3944
f 1769//3945 1766//3945 1768//3945
f 1765//3946 1740//3946 1766//3946
f 1769//3947 1767//3947 1766//3947
f 1740//3948 1770//3948 1768//3948
f 1771//3949 1768//3949 1770//3949
f 1769//3950 1768//3950 1771//3950
f 1772//3951 1773//3951 1770//3951
f 1774//3952 1770//3952 1773//3952
f 1740//3953 1772//3953 1770//3953
f 1771//3954 1770//3954 1774//3954
f 1772//3955 1754//3955 1773//3955
f 1756//3956 1773//3956 1754//3956
f 1774//3957 1773//3957 1756//3957
f 1775//3958 1737//3958 1772//3958
f 1754//3959 1772//3959 1737//3959
f 1740//3960 1776//3960 1772//3960
f 1775//3961 1772//3961 1776//3961
f 1740//3962 1739//3962 1776//3962
f 1775//3963 1776//3963 1739//3963
f 1775//3964 1739//3964 1730//3964
f 1775//3965 1730//3965 1737//3965
f 1777//3966 1742//3966 1741//3966
f 1777//3967 1738//3967 1742//3967
f 1778//3968 1777//3968 1741//3968
f 1778//3969 1741//3969 1483//3969
f 1778//3970 1483//3970 1740//3970
f 1778//3971 1740//3971 1765//3971
f 1778//3972 1765//3972 1760//3972
f 1778//3973 1760//3973 1777//3973
f 1777//3974 1760//3974 1753//3974
f 1777//3975 1753//3975 1738//3975
f 1433//3976 1779//3976 1277//3976
f 1408//3977 1277//3977 1779//3977
f 1733//3978 1435//3978 1437//3978
f 1444//3979 1437//3979 1436//3979
f 1780//3980 1437//3980 1444//3980
f 1780//3981 1733//3981 1437//3981
f 1745//3982 1453//3982 1452//3982
f 1781//3983 1451//3984 1453//3983
f 1782//3985 1453//3985 1745//3985
f 1781//3986 1453//3986 1782//3986
f 1783//3987 1433//3987 1439//3987
f 1784//3988 1440//3988 1434//3988
f 1784//3989 1434//3989 1727//3989
f 1459//3990 1441//3990 1440//3990
f 1446//3991 1780//3991 1444//3991
f 1785//3992 1461//3992 1462//3992
f 1456//3993 1462//3994 1451//3995
f 1456//3996 1785//3997 1462//3997
f 1786//3998 1451//3999 1781//3998
f 1786//4000 1456//4001 1451//4002
f 1787//4003 1788//4003 1439//4003
f 1783//4004 1439//4004 1788//4004
f 1787//4005 1439//4005 1179//4005
f 1789//4006 1287//4006 1459//4006
f 1784//4007 1459//4007 1440//4007
f 1789//4008 1459//4008 1784//4008
f 1787//4009 1179//4009 1086//4009
f 1789//4010 1292//4010 1287//4010
f 1787//4011 1086//4011 1295//4011
f 1491//4012 1790//4012 1488//4012
f 1791//4013 1790//4013 1491//4013
f 1792//4014 1790//4014 1791//4014
f 1793//4015 1491//4015 1485//4015
f 1584//4016 1488//4016 1790//4016
f 1792//4017 1584//4017 1790//4017
f 1557//4018 1488//4018 1584//4018
f 1792//4019 1794//4019 1584//4019
f 1794//4020 1490//4020 1584//4020
f 1795//4021 1485//4021 1494//4021
f 1795//4022 1793//4022 1485//4022
f 1796//4023 1494//4023 1493//4023
f 1796//4024 1795//4024 1494//4024
f 1593//4025 1796//4025 1493//4025
f 1797//4026 1492//4026 1490//4026
f 1798//4027 1490//4027 1794//4027
f 1798//4028 1797//4028 1490//4028
f 1799//4029 1556//4029 1492//4029
f 1799//4030 1492//4030 1797//4030
f 1800//4031 1495//4031 1556//4031
f 1800//4032 1556//4032 1799//4032
f 1801//4033 1588//4033 1587//4033
f 1802//4034 1587//4034 1803//4034
f 1802//4035 1801//4035 1587//4035
f 1804//4036 1589//4036 1585//4036
f 1805//4037 1591//4037 1590//4037
f 1806//4038 1591//4038 1805//4038
f 1592//4039 1591//4039 1806//4039
f 1599//4040 1590//4040 1589//4040
f 1600//4041 1805//4041 1590//4041
f 1599//4042 1600//4042 1590//4042
f 1601//4043 1599//4043 1589//4043
f 1804//4044 1601//4044 1589//4044
f 1598//4045 1805//4045 1600//4045
f 1603//4046 1806//4046 1805//4046
f 1598//4047 1603//4047 1805//4047
f 1603//4048 1608//4048 1806//4048
f 1608//4049 1807//4049 1806//4049
f 1808//4050 1806//4050 1807//4050
f 1597//4051 1592//4051 1806//4051
f 1809//4052 1597//4052 1806//4052
f 1810//4053 1809//4053 1806//4053
f 1808//4054 1810//4054 1806//4054
f 1811//4055 1807//4055 1812//4055
f 1608//4056 1812//4056 1807//4056
f 1808//4057 1807//4057 1811//4057
f 1813//4058 1811//4058 1812//4058
f 1613//4059 1813//4059 1812//4059
f 1613//4060 1812//4060 1608//4060
f 1601//4061 1814//4061 1602//4061
f 1815//4062 1501//4062 1602//4062
f 1816//4063 1815//4063 1602//4063
f 1814//4064 1817//4064 1602//4064
f 1818//4065 1602//4065 1817//4065
f 1818//4066 1816//4066 1602//4066
f 1814//4067 1819//4067 1817//4067
f 1820//4068 1817//4068 1819//4068
f 1820//4069 1818//4069 1817//4069
f 1814//4070 1821//4070 1819//4070
f 1822//4071 1820//4071 1819//4071
f 1823//4072 1819//4072 1821//4072
f 1824//4073 1819//4073 1823//4073
f 1825//4074 1819//4074 1824//4074
f 1825//4075 1822//4075 1819//4075
f 1826//4076 1821//4076 1814//4076
f 1827//4077 1821//4077 1826//4077
f 1828//4078 1821//4078 1827//4078
f 1823//4079 1821//4079 1828//4079
f 1829//4080 1814//4080 1601//4080
f 1826//4081 1814//4081 1829//4081
f 1804//4082 1829//4082 1601//4082
f 1815//4083 1593//4083 1501//4083
f 1800//4084 1555//4084 1495//4084
f 1830//4085 1554//4085 1555//4085
f 1830//4086 1555//4086 1800//4086
f 1595//4087 1803//4087 1587//4087
f 1802//4088 1803//4088 1595//4088
f 1831//4089 1802//4089 1595//4089
f 1831//4090 1595//4090 1318//4090
f 1816//4091 1593//4091 1815//4091
f 1832//4092 1552//4092 1554//4092
f 1832//4093 1554//4093 1830//4093
f 1833//4094 1552//4094 1832//4094
f 1834//4095 1607//4095 1597//4095
f 1835//4096 1834//4096 1597//4096
f 1836//4097 1835//4097 1597//4097
f 1837//4098 1836//4098 1597//4098
f 1837//4099 1597//4099 1809//4099
f 1838//4100 1809//4100 1810//4100
f 1839//4101 1837//4101 1809//4101
f 1839//4102 1809//4102 1838//4102
f 1840//4103 1605//4103 1606//4103
f 1610//4104 1840//4104 1606//4104
f 1833//4105 1548//4105 1552//4105
f 1841//4106 1549//4106 1548//4106
f 1841//4107 1548//4107 1833//4107
f 1611//4108 1607//4108 1834//4108
f 1842//4109 1834//4109 1835//4109
f 1616//4110 1611//4110 1834//4110
f 1842//4111 1616//4111 1834//4111
f 1843//4112 1835//4112 1836//4112
f 1844//4113 1842//4113 1835//4113
f 1843//4114 1845//4114 1835//4114
f 1844//4115 1835//4115 1845//4115
f 1837//4116 1846//4116 1836//4116
f 1843//4117 1836//4117 1846//4117
f 1839//4118 1846//4118 1837//4118
f 1843//4119 1846//4119 1839//4119
f 1847//4120 1811//4120 1813//4120
f 1848//4121 1808//4121 1811//4121
f 1848//4122 1811//4122 1847//4122
f 1847//4123 1813//4123 1613//4123
f 1849//4124 1810//4124 1808//4124
f 1850//4125 1849//4125 1808//4125
f 1851//4126 1850//4126 1808//4126
f 1848//4127 1851//4127 1808//4127
f 1838//4128 1810//4128 1849//4128
f 1839//4129 1838//4129 1849//4129
f 1850//4130 1839//4130 1849//4130
f 1627//4131 1613//4131 1612//4131
f 1847//4132 1613//4132 1627//4132
f 1852//4133 1604//4133 1605//4133
f 1853//4134 1604//4134 1852//4134
f 1609//4135 1604//4135 1853//4135
f 1840//4136 1852//4136 1605//4136
f 1854//4137 1853//4137 1852//4137
f 1855//4138 1852//4138 1840//4138
f 1855//4139 1854//4139 1852//4139
f 1856//4140 1609//4140 1853//4140
f 1854//4141 1857//4141 1853//4141
f 1856//4142 1853//4142 1857//4142
f 1858//4143 1840//4143 1610//4143
f 1859//4144 1840//4144 1858//4144
f 1859//4145 1855//4145 1840//4145
f 1618//4146 1858//4146 1610//4146
f 1860//4147 1858//4147 1618//4147
f 1860//4148 1859//4148 1858//4148
f 1861//4149 1550//4149 1549//4149
f 1861//4150 1549//4150 1841//4150
f 1862//4151 1318//4151 1324//4151
f 1616//4152 1621//4152 1615//4152
f 1103//4153 1622//4154 1621//4154
f 1863//4155 1621//4155 1616//4155
f 1641//4156 1621//4156 1863//4156
f 1641//4157 1103//4158 1621//4157
f 1864//4159 1616//4159 1842//4159
f 1863//4160 1616//4160 1864//4160
f 1865//4161 1847//4161 1627//4161
f 1865//4162 1627//4162 1626//4162
f 1848//4163 1847//4163 1865//4163
f 1866//4164 1617//4164 1614//4164
f 1856//4165 1614//4165 1609//4165
f 1867//4166 1866//4166 1614//4166
f 1856//4167 1867//4167 1614//4167
f 1868//4168 1618//4168 1625//4168
f 1868//4169 1860//4169 1618//4169
f 1869//4170 1620//4170 1550//4170
f 1869//4171 1550//4171 1861//4171
f 1870//4172 1624//4172 1328//4172
f 1871//4173 1328//4173 1325//4173
f 1870//4174 1328//4174 1871//4174
f 1872//4175 1864//4175 1842//4175
f 1873//4176 1842//4176 1844//4176
f 1873//4177 1872//4177 1842//4177
f 1872//4178 1863//4178 1864//4178
f 1874//4179 1865//4179 1626//4179
f 1848//4180 1865//4180 1874//4180
f 1875//4181 1617//4181 1866//4181
f 1875//4182 1633//4182 1617//4182
f 1876//4183 1875//4183 1866//4183
f 1877//4184 1866//4184 1867//4184
f 1877//4185 1876//4185 1866//4185
f 1878//4186 1625//4186 1635//4186
f 1878//4187 1868//4187 1625//4187
f 1862//4188 1324//4188 1631//4188
f 1870//4189 1623//4189 1624//4189
f 1879//4190 1880//4190 1325//4190
f 1871//4191 1325//4191 1880//4191
f 1623//4192 1879//4192 1325//4192
f 1881//4193 1880//4193 1879//4193
f 1882//4194 1871//4194 1880//4194
f 1881//4195 1882//4195 1880//4195
f 1883//4196 1879//4196 1623//4196
f 1884//4197 1881//4197 1879//4197
f 1885//4198 1879//4198 1883//4198
f 1886//4199 1884//4199 1879//4199
f 1886//4200 1879//4200 1885//4200
f 1883//4201 1623//4201 1870//4201
f 1887//4202 1641//4202 1863//4202
f 1887//4203 1863//4203 1872//4203
f 1888//4204 1626//4204 1628//4204
f 1888//4205 1874//4205 1626//4205
f 1889//4206 1888//4206 1628//4206
f 1890//4207 1628//4207 1632//4207
f 1889//4208 1628//4208 1890//4208
f 1891//4209 1874//4209 1888//4209
f 1848//4210 1874//4210 1851//4210
f 1891//4211 1851//4211 1874//4211
f 1891//4212 1888//4212 1889//4212
f 1892//4213 1633//4213 1875//4213
f 1892//4214 1875//4214 1876//4214
f 1893//4215 1649//4215 1633//4215
f 1893//4216 1633//4216 1892//4216
f 1894//4217 1635//4217 1634//4217
f 1894//4218 1878//4218 1635//4218
f 1895//4219 1634//4219 1649//4219
f 1895//4220 1894//4220 1634//4220
f 1869//4221 1630//4221 1620//4221
f 1896//4222 1642//4222 1641//4222
f 1897//4223 1896//4223 1641//4223
f 1898//4224 1897//4224 1641//4224
f 1899//4225 1643//4225 1641//4225
f 1898//4226 1641//4226 1643//4226
f 1899//4227 1641//4227 1887//4227
f 1900//4228 1642//4229 1896//4229
f 1900//4230 1640//4231 1642//4232
f 1901//4233 1896//4233 1897//4233
f 1902//4234 1900//4235 1896//4234
f 1903//4236 1896//4236 1901//4236
f 1902//4237 1896//4237 1903//4237
f 1904//4238 1897//4238 1898//4238
f 1904//4239 1901//4239 1897//4239
f 1905//4240 1889//4240 1890//4240
f 1906//4241 1890//4241 1632//4241
f 1905//4242 1890//4242 1906//4242
f 1907//4243 1889//4243 1905//4243
f 1907//4244 1891//4244 1889//4244
f 1895//4245 1649//4245 1893//4245
f 1908//4246 1637//4246 1630//4246
f 1908//4247 1630//4247 1869//4247
f 1909//4248 1636//4248 1637//4248
f 1909//4249 1637//4249 1908//4249
f 1638//4250 1631//4250 1201//4250
f 1910//4251 1911//4251 1329//4251
f 1912//4252 1329//4252 1911//4252
f 1341//4253 1910//4253 1329//4253
f 1912//4254 1333//4254 1329//4254
f 1913//4255 1911//4255 1910//4255
f 1885//4256 1883//4256 1911//4256
f 1914//4257 1911//4257 1883//4257
f 1914//4258 1912//4258 1911//4258
f 1913//4259 1885//4259 1911//4259
f 1915//4260 1910//4260 1916//4260
f 1917//4261 1913//4261 1910//4261
f 1918//4262 1910//4262 1915//4262
f 1917//4263 1910//4263 1918//4263
f 1919//4264 1910//4264 1341//4264
f 1916//4265 1910//4265 1919//4265
f 1919//4266 1341//4266 1332//4266
f 1900//4267 1654//4268 1640//4269
f 1920//4270 1653//4270 1654//4270
f 1656//4271 1653//4271 1647//4271
f 1921//4272 1647//4272 1653//4272
f 1656//4273 1658//4273 1653//4273
f 1922//4274 1653//4274 1920//4274
f 1921//4275 1653//4275 1922//4275
f 1920//4276 1654//4276 1900//4277
f 1662//4278 1906//4278 1632//4278
f 1923//4279 1905//4279 1906//4279
f 1679//4280 1906//4280 1662//4280
f 1923//4281 1906//4281 1679//4281
f 1924//4282 1905//4282 1923//4282
f 1924//4283 1907//4283 1905//4283
f 1925//4284 1651//4284 1636//4284
f 1909//4285 1925//4285 1636//4285
f 1898//4286 1643//4286 1640//4287
f 1926//4288 1645//4288 1643//4288
f 1926//4289 1643//4289 1899//4289
f 1921//4290 1640//4291 1647//4290
f 1898//4292 1640//4293 1900//4294
f 1921//4295 1900//4296 1640//4297
f 1927//4298 1660//4299 1645//4299
f 1927//4300 1645//4301 1926//4301
f 1928//4302 1923//4302 1679//4302
f 1924//4303 1923//4303 1928//4303
f 1651//4304 1152//4304 1538//4304
f 1929//4305 1651//4305 1925//4305
f 1715//4306 1713//4306 1651//4306
f 1930//4307 1715//4307 1651//4307
f 1931//4308 1651//4308 1929//4308
f 1932//4309 1651//4309 1931//4309
f 1932//4310 1930//4310 1651//4310
f 1933//4311 1925//4311 1909//4311
f 1934//4312 1925//4312 1935//4312
f 1936//4313 1935//4313 1925//4313
f 1929//4314 1925//4314 1934//4314
f 1933//4315 1936//4315 1925//4315
f 1937//4316 1638//4316 1331//4316
f 1938//4317 1666//4317 1658//4317
f 1939//4318 1658//4318 1656//4318
f 1940//4319 1666//4319 1938//4319
f 1940//4320 1665//4320 1666//4320
f 1939//4321 1656//4321 1660//4321
f 1941//4322 1660//4323 1927//4324
f 1942//4325 1939//4325 1660//4325
f 1943//4326 1679//4326 1680//4326
f 1943//4327 1928//4327 1679//4327
f 1944//4328 1943//4328 1680//4328
f 1944//4329 1680//4329 1689//4329
f 1945//4330 1928//4330 1943//4330
f 1924//4331 1928//4331 1946//4331
f 1945//4332 1946//4332 1928//4332
f 1927//4333 1943//4334 1944//4334
f 1927//4335 1945//4336 1943//4336
f 1947//4337 1665//4338 1940//4338
f 1947//4339 1675//4340 1665//4341
f 1948//4342 1940//4342 1938//4342
f 1948//4343 1947//4344 1940//4343
f 1682//4345 1689//4345 1680//4345
f 1949//4346 1944//4346 1689//4346
f 1950//4347 1944//4347 1949//4347
f 1950//4348 1927//4349 1944//4348
f 1947//4350 1684//4351 1675//4352
f 1951//4353 1683//4353 1684//4353
f 1947//4354 1951//4355 1684//4355
f 1688//4356 1949//4356 1689//4356
f 1691//4357 1949//4357 1688//4357
f 1691//4358 1950//4358 1949//4358
f 1353//4359 1937//4359 1331//4359
f 1951//4360 1952//4360 1683//4360
f 1953//4361 1683//4362 1952//4362
f 1953//4363 1674//4364 1683//4365
f 1954//4366 1955//4366 1952//4366
f 1956//4367 1952//4368 1955//4368
f 1951//4369 1954//4369 1952//4369
f 1956//4370 1953//4371 1952//4372
f 1957//4373 1955//4374 1954//4374
f 1956//4375 1955//4376 1957//4377
f 1958//4378 1954//4378 1951//4378
f 1958//4379 1957//4380 1954//4379
f 1958//4381 1951//4381 1947//4382
f 1959//4383 1672//4383 1674//4384
f 1959//4385 1674//4386 1953//4387
f 1959//4388 1670//4388 1672//4388
f 1960//4389 1691//4389 1690//4389
f 1960//4390 1690//4390 1704//4390
f 1695//4391 1692//4391 1961//4391
f 1962//4392 1961//4392 1692//4392
f 1963//4393 1695//4393 1961//4393
f 1935//4394 1961//4394 1962//4394
f 1935//4395 1964//4395 1961//4395
f 1963//4396 1961//4396 1964//4396
f 1965//4397 1962//4397 1692//4397
f 1693//4398 1966//4398 1692//4398
f 1967//4399 1692//4399 1966//4399
f 1968//4400 1692//4400 1967//4400
f 1965//4401 1692//4401 1968//4401
f 1694//4402 1695//4402 1969//4402
f 1963//4403 1969//4403 1695//4403
f 1970//4404 1935//4404 1962//4404
f 1970//4405 1962//4405 1965//4405
f 1971//4406 1378//4406 1377//4406
f 1972//4407 1973//4407 1377//4407
f 1971//4408 1377//4408 1973//4408
f 1696//4409 1972//4409 1377//4409
f 1971//4410 1376//4410 1378//4410
f 1700//4411 1670//4411 1959//4411
f 1974//4412 1704//4412 1703//4412
f 1975//4413 1960//4413 1704//4413
f 1975//4414 1704//4414 1974//4414
f 1974//4415 1703//4415 1710//4415
f 1976//4416 1694//4416 1969//4416
f 1977//4417 1976//4417 1969//4417
f 1978//4418 1969//4418 1963//4418
f 1978//4419 1977//4419 1969//4419
f 1979//4420 1694//4420 1976//4420
f 1980//4421 1693//4421 1694//4421
f 1981//4422 1980//4422 1694//4422
f 1982//4423 1981//4423 1694//4423
f 1982//4424 1694//4424 1979//4424
f 1983//4425 1976//4425 1977//4425
f 1979//4426 1976//4426 1983//4426
f 1984//4427 1966//4427 1693//4427
f 1985//4428 1967//4428 1966//4428
f 1986//4429 1966//4429 1984//4429
f 1986//4430 1985//4430 1966//4430
f 1984//4431 1693//4431 1980//4431
f 1985//4432 1968//4432 1967//4432
f 1696//4433 1376//4433 1972//4433
f 1987//4434 1972//4434 1376//4434
f 1987//4435 1376//4435 1971//4435
f 1987//4436 1973//4436 1972//4436
f 1987//4437 1971//4437 1973//4437
f 1727//4438 1720//4438 1721//4438
f 1709//4439 1699//4439 1988//4439
f 1988//4440 1699//4440 1698//4441
f 1989//4442 1988//4442 1698//4443
f 1989//4444 1698//4445 1701//4446
f 1990//4447 1709//4447 1988//4447
f 1990//4448 1988//4448 1989//4448
f 1990//4449 1710//4449 1709//4449
f 1974//4450 1710//4450 1991//4450
f 1698//4451 1991//4452 1710//4452
f 1992//4453 1698//4454 1710//4453
f 1990//4455 1992//4455 1710//4455
f 1993//4456 1994//4456 1995//4456
f 1996//4457 1995//4457 1994//4457
f 1997//4458 1993//4458 1995//4458
f 1998//4459 1997//4459 1995//4459
f 1999//4460 1995//4460 1996//4460
f 1998//4461 1995//4461 1999//4461
f 2000//4462 2001//4462 1994//4462
f 2002//4463 1994//4463 2001//4463
f 1993//4464 2000//4464 1994//4464
f 2002//4465 1996//4465 1994//4465
f 2003//4466 2004//4466 2001//4466
f 2005//4467 2001//4467 2004//4467
f 2006//4468 2003//4468 2001//4468
f 2000//4469 2006//4469 2001//4469
f 2007//4470 2001//4470 2005//4470
f 2007//4471 2002//4471 2001//4471
f 2008//4472 2009//4472 2004//4472
f 2010//4473 2004//4473 2009//4473
f 2011//4474 2008//4474 2004//4474
f 2012//4475 2011//4475 2004//4475
f 2003//4476 2012//4476 2004//4476
f 2013//4477 2005//4477 2004//4477
f 2014//4478 2004//4478 2010//4478
f 2013//4479 2004//4479 2014//4479
f 1166//4480 2009//4481 2008//4481
f 2015//4482 2010//4482 2009//4482
f 2016//4483 2009//4483 1166//4484
f 2017//4485 2009//4485 2016//4485
f 2015//4486 2009//4486 2017//4486
f 1165//4487 2008//4488 2011//4488
f 1165//4489 1166//4490 2008//4491
f 2018//4492 2011//4492 2012//4492
f 2019//4493 1165//4494 2011//4493
f 2020//4495 2019//4495 2011//4495
f 2018//4496 2020//4496 2011//4496
f 2018//4497 2012//4497 2003//4497
f 2021//4498 2003//4498 2006//4498
f 2022//4499 2018//4499 2003//4499
f 2021//4500 2022//4500 2003//4500
f 2000//4501 2023//4501 2006//4501
f 2021//4502 2006//4502 2023//4502
f 2024//4503 2023//4503 2000//4503
f 2021//4504 2023//4504 2024//4504
f 1993//4505 2025//4505 2000//4505
f 2026//4506 2000//4506 2025//4506
f 2024//4507 2000//4507 2026//4507
f 2027//4508 2025//4508 1993//4508
f 2026//4509 2025//4509 2027//4509
f 2028//4510 2029//4510 1993//4510
f 2030//4511 1993//4511 2029//4511
f 1997//4512 2028//4512 1993//4512
f 2027//4513 1993//4513 2030//4513
f 2031//4514 2029//4514 2028//4514
f 2030//4515 2029//4515 2031//4515
f 2032//4516 2033//4516 2028//4516
f 2034//4517 2028//4517 2033//4517
f 2035//4518 2032//4518 2028//4518
f 1997//4519 2035//4519 2028//4519
f 2031//4520 2028//4520 2034//4520
f 2036//4521 2033//4521 2032//4521
f 2034//4522 2033//4522 2036//4522
f 2037//4523 2038//4523 2032//4523
f 2039//4524 2032//4524 2038//4524
f 2035//4525 2037//4525 2032//4525
f 2036//4526 2032//4526 2039//4526
f 2040//4527 2038//4527 2037//4527
f 2039//4528 2038//4528 2040//4528
f 2041//4529 2037//4529 2035//4529
f 2042//4530 2037//4530 2041//4530
f 2040//4531 2037//4531 2042//4531
f 1998//4532 2035//4532 1997//4532
f 1998//4533 2041//4533 2035//4533
f 2013//4534 2007//4534 2005//4534
f 2043//4535 1980//4535 1981//4535
f 1986//4536 1984//4536 1980//4536
f 2043//4537 1986//4537 1980//4537
f 2043//4538 1981//4538 1982//4538
f 2015//4539 2014//4539 2010//4539
f 2044//4540 2016//4540 1166//4541
f 2019//4542 1166//4543 1165//4544
f 2019//4545 2044//4545 1166//4546
f 2017//4547 2016//4547 2044//4547
f 1167//4548 1714//4548 1165//4549
f 1930//4550 1144//4550 1716//4550
f 1930//4551 1716//4551 1715//4551
f 2045//4552 1712//4552 1395//4552
f 1402//4553 2046//4553 1395//4553
f 2047//4554 1395//4554 2046//4554
f 2048//4555 1395//4555 2047//4555
f 2048//4556 2045//4556 1395//4556
f 2049//4557 1712//4557 2045//4557
f 1722//4558 2050//4558 1721//4558
f 2051//4559 1721//4559 2050//4559
f 2052//4560 1727//4560 1721//4560
f 2053//4561 2052//4561 1721//4561
f 2053//4562 1721//4562 2051//4562
f 2054//4563 2055//4563 2050//4563
f 2056//4564 2050//4564 2055//4564
f 2057//4565 2054//4565 2050//4565
f 1722//4566 2057//4566 2050//4566
f 2051//4567 2050//4567 2056//4567
f 2058//4568 2055//4568 2054//4568
f 2059//4569 2055//4569 2058//4569
f 2059//4570 2056//4570 2055//4570
f 2060//4571 2054//4571 2057//4571
f 2058//4572 2054//4572 2060//4572
f 1718//4573 2057//4573 1722//4573
f 2060//4574 2057//4574 1718//4574
f 2061//4575 2060//4576 1718//4576
f 1728//4577 2062//4577 1718//4577
f 2063//4578 1718//4578 2062//4578
f 2064//4579 1718//4579 2063//4579
f 2061//4580 1718//4581 2064//4581
f 1414//4582 1723//4583 1714//4583
f 1414//4584 1714//4585 1167//4585
f 2065//4586 1168//4586 1172//4586
f 2065//4587 1169//4587 1168//4587
f 2066//4588 2046//4588 1402//4588
f 2066//4589 2047//4589 2046//4589
f 2067//4590 2066//4590 1402//4590
f 1726//4591 2067//4591 1402//4591
f 2066//4592 2048//4592 2047//4592
f 1733//4593 2062//4593 1728//4593
f 2068//4594 2063//4594 2062//4594
f 2069//4595 2062//4595 1733//4595
f 2070//4596 2062//4596 2069//4596
f 2071//4597 2062//4597 2070//4597
f 2068//4598 2062//4598 2071//4598
f 2068//4599 2064//4599 2063//4599
f 1418//4600 1430//4601 1723//4601
f 2072//4602 1723//4602 1414//4603
f 2073//4604 1723//4604 2072//4604
f 2074//4605 1723//4605 2073//4605
f 2074//4606 1418//4607 1723//4606
f 1418//4608 1729//4609 1430//4609
f 2075//4610 1172//4610 1732//4610
f 1725//4611 2075//4611 1732//4611
f 2075//4612 2065//4612 1172//4612
f 2053//4613 1727//4613 2052//4613
f 2076//4614 2070//4614 2069//4614
f 1780//4615 2069//4615 1733//4615
f 2077//4616 2069//4616 1780//4616
f 2078//4617 2069//4617 2077//4617
f 2076//4618 2069//4618 2078//4618
f 2076//4619 2071//4619 2070//4619
f 2074//4620 1729//4620 1418//4621
f 2079//4622 1729//4622 2074//4622
f 1746//4623 1729//4623 2079//4623
f 2080//4624 2077//4624 1780//4624
f 2081//4625 1780//4625 1446//4625
f 2082//4626 1780//4626 2081//4626
f 2080//4627 1780//4627 2082//4627
f 2080//4628 2078//4628 2077//4628
f 1454//4629 1782//4630 1745//4630
f 2083//4631 1745//4631 1746//4631
f 2084//4632 1745//4632 2083//4632
f 2084//4633 1454//4634 1745//4633
f 1454//4635 1781//4636 1782//4636
f 2085//4637 2081//4637 1446//4637
f 2086//4638 1446//4638 1461//4638
f 2085//4639 1446//4639 2086//4639
f 2085//4640 2082//4640 2081//4640
f 2087//4641 1461//4641 2088//4641
f 2087//4642 2086//4642 1461//4642
f 2089//4643 1786//4643 1781//4643
f 2084//4644 1781//4644 1454//4645
f 2090//4646 1781//4646 2084//4646
f 2089//4647 1781//4647 2090//4647
f 2088//4648 1461//4648 1785//4648
f 1786//4649 2088//4649 1785//4649
f 1786//4650 1785//4650 1456//4651
f 2089//4652 2088//4652 1786//4652
f 2089//4653 2087//4653 2088//4653
f 2091//4654 1755//4654 1757//4654
f 2092//4655 1757//4655 1758//4655
f 2091//4656 1757//4656 2092//4656
f 2093//4657 1756//4657 1755//4657
f 2093//4658 1755//4658 2091//4658
f 2093//4659 1774//4659 1756//4659
f 2094//4660 1771//4660 1774//4660
f 2094//4661 1774//4661 2093//4661
f 2095//4662 1292//4662 1789//4662
f 2096//4663 1758//4663 1759//4663
f 2092//4664 1758//4664 2096//4664
f 2094//4665 1769//4665 1771//4665
f 2097//4666 1787//4666 1295//4666
f 2098//4667 1296//4667 1292//4667
f 2098//4668 1292//4668 2095//4668
f 2096//4669 1759//4669 1762//4669
f 2098//4670 1295//4670 1296//4670
f 1763//4671 1764//4671 1767//4671
f 1763//4672 1767//4672 1769//4672
f 2099//4673 1491//4673 1793//4673
f 2100//4674 2099//4674 1793//4674
f 2101//4675 2100//4675 1793//4675
f 2101//4676 1793//4676 1795//4676
f 2102//4677 1491//4677 2099//4677
f 2102//4678 1791//4678 1491//4678
f 2103//4679 2099//4679 2100//4679
f 2103//4680 2102//4680 2099//4680
f 2104//4681 2103//4681 2100//4681
f 2105//4682 1792//4682 1791//4682
f 2105//4683 1791//4683 2102//4683
f 2105//4684 1794//4684 1792//4684
f 2106//4685 1798//4685 1794//4685
f 2107//4686 1794//4686 2105//4686
f 2108//4687 1794//4687 2107//4687
f 2106//4688 1794//4688 2108//4688
f 2109//4689 1797//4689 1798//4689
f 2110//4690 1799//4690 1797//4690
f 2110//4691 1797//4691 2109//4691
f 2109//4692 1798//4692 2106//4692
f 2110//4693 1800//4693 1799//4693
f 2111//4694 1588//4694 1801//4694
f 1832//4695 1830//4695 1800//4695
f 1832//4696 1800//4696 2110//4696
f 1801//4697 1802//4697 1831//4697
f 2112//4698 1831//4698 1318//4698
f 2113//4699 2112//4699 1318//4699
f 2114//4700 1861//4700 1841//4700
f 1833//4701 2114//4701 1841//4701
f 2113//4702 1318//4702 1862//4702
f 1843//4703 1839//4703 1850//4703
f 1854//4704 2115//4704 1857//4704
f 2116//4705 1857//4705 2115//4705
f 2116//4706 1856//4706 1857//4706
f 2117//4707 2115//4707 1854//4707
f 2118//4708 2116//4708 2115//4708
f 2118//4709 2115//4709 2117//4709
f 2119//4710 1854//4710 1855//4710
f 2119//4711 2117//4711 1854//4711
f 2120//4712 1855//4712 1859//4712
f 2120//4713 2119//4713 1855//4713
f 2121//4714 1859//4714 1860//4714
f 2121//4715 2120//4715 1859//4715
f 2114//4716 1869//4716 1861//4716
f 1845//4717 1850//4717 1851//4717
f 1843//4718 1850//4718 1845//4718
f 1891//4719 1845//4719 1851//4719
f 1891//4720 1844//4720 1845//4720
f 2116//4721 1867//4721 1856//4721
f 2116//4722 1877//4722 1867//4722
f 2122//4723 1860//4723 1868//4723
f 2122//4724 2121//4724 1860//4724
f 1891//4725 1873//4725 1844//4725
f 2123//4726 1876//4727 1877//4727
f 2124//4728 1892//4728 1876//4728
f 2124//4729 1876//4729 2123//4730
f 2125//4731 1877//4732 2116//4732
f 2123//4733 1877//4734 2125//4735
f 2122//4736 1868//4736 1878//4736
f 1909//4737 1908//4737 1869//4737
f 2114//4738 1909//4738 1869//4738
f 2126//4739 1862//4739 1631//4739
f 2126//4740 2127//4740 1862//4740
f 1907//4741 1872//4741 1873//4741
f 1907//4742 1887//4742 1872//4742
f 1907//4743 1873//4743 1891//4743
f 2128//4744 1893//4744 1892//4744
f 2128//4745 1892//4745 2124//4745
f 2129//4746 1895//4746 1893//4746
f 2129//4747 1893//4747 2128//4747
f 2130//4748 1878//4748 1894//4748
f 2131//4749 2122//4749 1878//4749
f 2130//4750 2131//4750 1878//4750
f 2130//4751 1894//4751 1895//4751
f 1946//4752 1887//4752 1907//4752
f 1946//4753 1899//4753 1887//4753
f 1924//4754 1946//4754 1907//4754
f 2129//4755 2130//4755 1895//4755
f 2132//4756 1933//4756 1909//4756
f 2133//4757 2132//4757 1909//4757
f 2114//4758 2133//4758 1909//4758
f 2134//4759 1631//4759 1638//4759
f 1333//4760 1919//4760 1332//4760
f 1912//4761 1919//4761 1333//4761
f 1921//4762 1920//4762 1900//4763
f 1904//4764 1898//4764 1900//4765
f 1904//4766 1900//4767 1902//4766
f 1921//4768 1922//4768 1920//4768
f 2135//4769 1899//4769 1946//4769
f 2136//4770 1899//4770 2135//4770
f 2137//4771 1899//4771 2136//4771
f 2137//4772 1926//4772 1899//4772
f 2138//4773 2135//4773 1946//4773
f 2138//4774 1946//4774 1945//4774
f 2139//4775 2136//4775 2135//4775
f 2138//4776 2139//4776 2135//4776
f 2140//4777 2137//4777 2136//4777
f 2141//4778 2134//4778 1638//4778
f 1941//4779 1926//4780 2137//4780
f 1941//4781 1927//4782 1926//4783
f 2142//4784 2137//4784 2138//4784
f 2142//4785 1941//4786 2137//4785
f 2138//4787 2137//4787 2140//4787
f 2142//4788 2138//4788 1945//4788
f 2142//4789 1945//4789 1927//4790
f 1937//4791 2141//4791 1638//4791
f 2142//4792 1927//4793 1941//4794
f 2143//4795 1941//4796 1927//4797
f 2144//4798 1941//4799 2143//4798
f 2145//4800 1660//4800 1941//4801
f 2146//4802 1942//4802 1660//4802
f 2145//4803 2146//4803 1660//4803
f 2147//4804 2145//4804 1941//4805
f 2148//4806 1941//4807 2144//4806
f 2148//4808 2147//4808 1941//4809
f 1950//4810 1960//4810 1927//4811
f 2143//4812 1927//4813 1960//4812
f 2149//4814 1658//4814 1939//4814
f 2150//4815 2149//4815 1939//4815
f 1948//4816 1938//4816 1658//4816
f 2151//4817 1658//4817 2149//4817
f 1948//4818 1658//4818 2151//4818
f 2152//4819 1939//4820 1942//4820
f 2150//4821 1939//4821 2152//4822
f 2153//4823 1942//4824 2146//4824
f 2153//4825 2152//4826 1942//4827
f 2154//4828 2146//4828 2145//4828
f 2155//4829 2153//4830 2146//4829
f 2155//4831 2146//4831 2154//4831
f 2150//4832 2152//4833 2149//4832
f 2156//4834 2149//4834 2152//4835
f 2153//4836 2156//4837 2152//4838
f 1691//4839 1960//4839 1950//4839
f 1960//4840 2157//4840 2143//4840
f 2144//4841 2143//4841 2157//4841
f 1960//4842 2158//4842 2157//4842
f 2152//4843 2157//4844 2158//4844
f 2159//4845 2144//4845 2157//4845
f 2152//4846 2159//4847 2157//4847
f 1975//4848 2158//4848 1960//4848
f 2160//4849 2158//4849 1975//4849
f 2161//4850 2152//4851 2158//4852
f 2162//4853 2161//4854 2158//4853
f 2160//4855 2162//4855 2158//4855
f 1675//4856 1947//4857 1948//4858
f 1953//4859 1947//4860 1675//4861
f 1956//4862 1947//4863 1953//4864
f 1957//4865 1947//4866 1956//4867
f 1958//4868 1947//4869 1957//4870
f 2163//4871 2151//4872 2149//4872
f 2161//4873 2149//4874 2156//4874
f 2161//4875 2163//4876 2149//4877
f 1675//4878 1948//4879 2151//4879
f 2164//4880 1675//4881 2151//4880
f 2163//4882 2164//4883 2151//4883
f 2165//4884 2161//4885 2156//4886
f 2165//4887 2156//4888 2153//4889
f 1674//4890 1675//4891 2164//4892
f 1953//4893 1675//4894 1674//4895
f 2166//4896 1674//4897 2164//4896
f 2163//4898 2166//4899 2164//4899
f 1953//4900 1674//4901 2166//4902
f 2167//4903 1953//4904 2166//4903
f 2161//4905 2166//4906 2163//4907
f 2165//4908 2166//4909 2161//4910
f 2165//4911 2167//4912 2166//4912
f 1956//4913 1953//4914 2167//4915
f 2168//4916 1964//4916 1935//4916
f 1978//4917 1963//4917 1964//4917
f 2169//4918 1978//4918 1964//4918
f 2168//4919 2169//4919 1964//4919
f 1934//4920 1935//4920 1970//4920
f 2170//4921 1935//4921 1936//4921
f 2170//4922 2168//4922 1935//4922
f 2171//4923 1959//4923 1953//4924
f 1956//4925 2171//4926 1953//4927
f 2171//4928 1700//4928 1959//4928
f 2171//4929 2172//4929 1700//4929
f 2173//4930 1700//4930 2172//4930
f 1701//4931 1700//4932 2174//4932
f 2173//4933 2174//4933 1700//4933
f 1701//4934 1702//4935 1700//4935
f 2175//4936 2172//4936 2171//4936
f 2173//4937 2172//4937 2167//4937
f 2175//4938 2167//4938 2172//4938
f 1956//4939 1957//4940 2171//4941
f 2176//4942 2171//4942 1957//4943
f 2175//4944 2171//4944 2176//4944
f 1974//4945 1991//4945 2163//4946
f 2161//4947 2163//4948 1991//4949
f 1974//4950 2163//4951 2161//4952
f 2174//4953 2161//4954 1991//4953
f 1701//4955 2174//4956 1991//4956
f 1701//4957 1991//4958 1698//4959
f 2173//4960 2161//4961 2174//4960
f 2177//4962 1974//4962 2161//4963
f 2178//4964 2161//4965 2165//4966
f 2173//4967 2165//4968 2161//4969
f 2177//4970 2161//4971 2178//4972
f 2160//4973 1975//4973 1974//4973
f 2160//4974 1974//4974 2177//4974
f 2179//4975 1977//4975 1978//4975
f 2179//4976 1983//4976 1977//4976
f 2169//4977 2179//4977 1978//4977
f 1934//4978 1965//4978 1968//4978
f 1929//4979 1968//4979 1985//4979
f 1929//4980 1934//4980 1968//4980
f 1934//4981 1970//4981 1965//4981
f 1701//4982 1698//4983 1992//4984
f 1990//4985 1701//4986 1992//4985
f 1990//4987 1989//4987 1701//4988
f 2180//4989 1999//4989 1996//4989
f 2181//4990 1996//4990 2002//4990
f 2180//4991 1996//4991 2181//4991
f 2180//4992 2182//4992 1999//4992
f 1998//4993 1999//4993 2182//4993
f 2015//4994 2002//4994 2007//4994
f 2183//4995 2181//4995 2002//4995
f 2015//4996 2183//4996 2002//4996
f 2015//4997 2007//4997 2013//4997
f 2184//4998 1979//4998 1983//4998
f 2185//4999 2184//4999 1983//4999
f 2186//5000 2185//5000 1983//5000
f 2179//5001 2186//5001 1983//5001
f 1931//5002 1929//5002 1985//5002
f 1931//5003 1985//5003 1986//5003
f 2187//5004 1685//5004 1382//5004
f 2039//5005 2042//5005 2041//5005
f 2188//5006 2039//5006 2041//5006
f 1998//5007 2189//5007 2041//5007
f 2188//5008 2041//5008 2189//5008
f 2039//5009 2040//5009 2042//5009
f 2015//5010 2013//5010 2014//5010
f 2183//5011 2190//5011 2181//5011
f 2190//5012 2191//5012 2181//5012
f 2192//5013 2181//5013 2191//5013
f 2193//5014 2180//5014 2181//5014
f 2193//5015 2181//5015 2192//5015
f 2190//5016 2194//5016 2191//5016
f 2192//5017 2191//5017 2194//5017
f 2190//5018 2195//5018 2194//5018
f 2192//5019 2194//5019 2195//5019
f 2190//5020 2196//5020 2195//5020
f 2197//5021 2195//5021 2196//5021
f 2197//5022 2192//5022 2195//5022
f 2198//5023 2199//5023 2196//5023
f 2200//5024 2196//5024 2199//5024
f 2190//5025 2198//5025 2196//5025
f 2197//5026 2196//5026 2201//5026
f 2202//5027 2201//5027 2196//5027
f 2200//5028 2202//5028 2196//5028
f 2203//5029 2199//5029 2198//5029
f 2204//5030 2200//5030 2199//5030
f 2203//5031 2204//5031 2199//5031
f 2205//5032 2206//5032 2198//5032
f 2203//5033 2198//5033 2206//5033
f 2190//5034 2205//5034 2198//5034
f 2203//5035 2206//5035 2205//5035
f 2207//5036 2208//5036 2205//5036
f 2209//5037 2205//5037 2208//5037
f 2210//5038 2207//5038 2205//5038
f 2190//5039 2210//5039 2205//5039
f 2209//5040 2203//5040 2205//5040
f 2211//5041 2212//5041 2208//5041
f 2213//5042 2208//5042 2212//5042
f 2214//5043 2211//5043 2208//5043
f 2215//5044 2214//5044 2208//5044
f 2216//5045 2215//5045 2208//5045
f 2217//5046 2216//5046 2208//5046
f 2207//5047 2217//5047 2208//5047
f 2213//5048 2209//5048 2208//5048
f 2211//5049 2218//5049 2212//5049
f 2219//5050 2212//5050 2218//5050
f 2220//5051 2213//5051 2212//5051
f 2219//5052 2220//5052 2212//5052
f 2221//5053 2218//5053 2211//5053
f 2221//5054 2219//5054 2218//5054
f 2221//5055 2211//5055 2214//5055
f 2215//5056 2222//5056 2214//5056
f 2221//5057 2214//5057 2222//5057
f 2223//5058 2222//5058 2215//5058
f 2223//5059 2221//5059 2222//5059
f 2223//5060 2215//5060 2216//5060
f 2224//5061 2225//5062 2216//5062
f 2223//5063 2216//5063 2225//5063
f 2217//5064 2224//5065 2216//5064
f 2223//5066 2225//5066 2224//5067
f 2226//5068 2224//5069 2217//5070
f 2227//5071 2223//5071 2224//5072
f 2226//5073 2228//5074 2224//5075
f 2229//5076 2224//5077 2228//5076
f 2227//5078 2224//5079 2226//5080
f 2230//5081 2226//5082 2224//5083
f 2231//5084 2224//5085 2229//5084
f 2231//5086 2232//5086 2224//5087
f 2233//5088 2224//5089 2232//5088
f 2230//5090 2224//5091 2233//5090
f 2234//5092 2217//5092 2207//5092
f 2226//5093 2217//5094 2234//5094
f 2235//5095 2207//5095 2210//5095
f 2234//5096 2207//5096 2235//5096
f 2236//5097 2210//5097 2190//5097
f 2237//5098 2210//5099 2236//5099
f 2235//5100 2210//5100 2237//5101
f 2183//5102 2238//5102 2190//5102
f 2236//5103 2190//5103 2238//5103
f 2239//5104 2238//5104 2183//5104
f 2240//5105 2238//5105 2239//5105
f 2236//5106 2238//5106 2240//5106
f 2017//5107 2044//5107 2183//5107
f 2241//5108 2183//5108 2044//5108
f 2015//5109 2017//5109 2183//5109
f 2241//5110 2239//5110 2183//5110
f 2241//5111 2044//5111 2019//5111
f 1982//5112 1979//5112 2184//5112
f 2185//5113 1982//5113 2184//5113
f 2185//5114 2043//5114 1982//5114
f 2242//5115 1986//5115 2043//5115
f 1931//5116 1986//5116 2242//5116
f 2185//5117 2242//5117 2043//5117
f 2243//5118 2242//5118 2185//5118
f 1932//5119 1931//5119 2242//5119
f 2243//5120 1932//5120 2242//5120
f 2186//5121 2243//5121 2185//5121
f 2187//5122 1382//5122 1712//5122
f 2034//5123 2036//5123 2039//5123
f 2244//5124 2034//5124 2039//5124
f 2188//5125 2244//5125 2039//5125
f 2049//5126 2187//5126 1712//5126
f 2245//5127 2060//5127 2061//5128
f 2246//5129 2058//5129 2060//5129
f 2245//5130 2246//5130 2060//5130
f 2247//5131 2031//5131 2034//5131
f 2247//5132 2034//5132 2244//5132
f 2248//5133 2030//5133 2031//5133
f 2248//5134 2031//5134 2247//5134
f 2241//5135 2019//5135 2020//5135
f 1930//5136 1724//5136 1144//5136
f 2066//5137 2045//5137 2048//5137
f 2067//5138 2045//5138 2066//5138
f 2067//5139 2049//5139 2045//5139
f 2245//5140 2061//5141 2064//5140
f 2249//5142 2245//5142 2064//5142
f 2249//5143 2064//5143 2068//5143
f 2250//5144 2058//5144 2246//5144
f 2251//5145 2059//5145 2058//5145
f 2250//5146 2251//5146 2058//5146
f 2249//5147 2246//5147 2245//5147
f 2252//5148 2246//5148 2249//5148
f 2253//5149 2250//5149 2246//5149
f 2253//5150 2246//5150 2252//5150
f 2026//5151 2027//5151 2030//5151
f 2248//5152 2026//5152 2030//5152
f 2254//5153 2020//5153 2018//5153
f 2254//5154 2018//5154 2022//5154
f 2255//5155 1167//5155 1170//5155
f 2072//5156 1167//5156 2255//5156
f 2072//5157 1414//5158 1167//5157
f 2256//5159 2255//5159 1170//5159
f 2257//5160 1170//5160 1169//5160
f 2256//5161 1170//5161 2257//5161
f 2258//5162 2072//5162 2255//5162
f 2259//5163 2255//5164 2256//5164
f 2258//5165 2255//5165 2259//5166
f 2260//5167 2257//5167 1169//5167
f 2260//5168 1169//5168 2065//5168
f 2260//5169 2256//5169 2257//5169
f 1725//5170 1724//5170 1930//5170
f 1725//5171 1930//5171 2261//5171
f 2262//5172 2075//5172 2261//5172
f 1725//5173 2261//5173 2075//5173
f 2263//5174 2068//5174 2071//5174
f 2264//5175 2071//5175 2076//5175
f 2264//5176 2263//5176 2071//5176
f 2249//5177 2068//5177 2263//5177
f 2265//5178 2024//5178 2026//5178
f 2266//5179 2026//5179 2248//5179
f 2266//5180 2267//5180 2026//5180
f 2265//5181 2026//5181 2267//5181
f 2268//5182 2021//5183 2024//5183
f 2268//5184 2024//5185 2265//5185
f 2268//5186 2022//5187 2021//5187
f 2269//5188 2254//5189 2022//5189
f 2268//5190 2269//5191 2022//5192
f 2258//5193 2073//5193 2072//5193
f 2270//5194 2074//5194 2073//5194
f 2271//5195 2073//5196 2258//5196
f 2270//5197 2073//5197 2271//5198
f 2260//5199 2065//5199 2075//5199
f 2260//5200 2075//5200 2262//5200
f 2272//5201 2262//5201 2258//5201
f 2272//5202 2260//5202 2262//5202
f 2261//5203 2273//5203 2262//5203
f 2274//5204 2262//5204 2273//5204
f 2275//5205 2258//5205 2262//5205
f 2276//5206 2275//5206 2262//5206
f 2274//5207 2276//5207 2262//5207
f 2277//5208 2278//5208 2273//5208
f 2279//5209 2273//5209 2278//5209
f 2261//5210 2277//5210 2273//5210
f 2279//5211 2274//5211 2273//5211
f 2280//5212 2281//5212 2278//5212
f 2282//5213 2278//5213 2281//5213
f 2283//5214 2280//5214 2278//5214
f 2277//5215 2283//5215 2278//5215
f 2282//5216 2279//5216 2278//5216
f 2284//5217 2281//5217 2280//5217
f 2285//5218 2281//5218 2286//5218
f 2287//5219 2286//5219 2281//5219
f 2285//5220 2288//5220 2281//5220
f 2282//5221 2281//5221 2288//5221
f 2289//5222 2287//5222 2281//5222
f 2284//5223 2289//5223 2281//5223
f 2290//5224 2291//5224 2280//5224
f 2284//5225 2280//5225 2291//5225
f 2292//5226 2291//5226 2290//5226
f 2292//5227 2293//5227 2291//5227
f 2292//5228 2290//5228 2294//5228
f 2280//5229 2283//5229 2290//5229
f 2295//5230 2290//5230 2283//5230
f 2294//5231 2290//5231 2295//5231
f 2296//5232 2283//5232 2277//5232
f 2296//5233 2277//5233 2261//5233
f 2296//5234 2261//5234 2297//5234
f 2298//5235 2067//5235 1726//5235
f 2299//5236 2076//5236 2078//5236
f 2299//5237 2078//5237 2080//5237
f 2264//5238 2076//5238 2299//5238
f 2270//5239 2079//5239 2074//5239
f 2300//5240 1746//5240 2079//5240
f 2301//5241 2079//5242 2270//5242
f 2300//5243 2079//5243 2301//5244
f 2302//5245 1779//5245 1433//5245
f 1726//5246 1408//5246 1779//5246
f 2053//5247 1784//5247 1727//5247
f 2303//5248 2080//5248 2082//5248
f 2085//5249 2303//5249 2082//5249
f 2303//5250 2299//5250 2080//5250
f 2264//5251 2299//5251 2303//5251
f 2304//5252 2264//5252 2303//5252
f 2305//5253 2304//5253 2303//5253
f 2300//5254 2083//5254 1746//5254
f 2306//5255 2084//5256 2083//5256
f 2300//5257 2307//5258 2083//5257
f 2306//5259 2083//5260 2307//5261
f 1783//5262 2302//5262 1433//5262
f 2308//5263 1789//5263 1784//5263
f 2308//5264 1784//5264 2309//5264
f 2087//5265 2085//5265 2086//5265
f 2310//5266 2303//5266 2085//5266
f 2305//5267 2303//5267 2310//5267
f 2087//5268 2310//5268 2085//5268
f 2306//5269 2090//5270 2084//5270
f 2311//5271 2090//5271 2306//5272
f 2089//5273 2090//5273 2311//5273
f 2312//5274 1788//5274 1787//5274
f 2097//5275 2312//5275 1787//5275
f 1763//5276 2093//5276 2091//5276
f 1763//5277 1769//5277 2093//5277
f 1769//5278 2094//5278 2093//5278
f 2091//5279 1762//5279 1763//5279
f 2092//5280 2096//5280 1762//5280
f 2091//5281 2092//5281 1762//5281
f 2107//5282 2105//5282 2102//5282
f 2107//5283 2102//5283 2103//5283
f 2313//5284 1586//5284 1588//5284
f 2111//5285 2313//5285 1588//5285
f 1826//5286 1829//5286 2314//5286
f 1585//5287 1829//5287 1804//5287
f 2314//5288 1829//5288 1585//5288
f 1831//5289 2111//5289 1801//5289
f 2112//5290 2111//5290 1831//5290
f 2315//5291 2116//5291 2118//5291
f 2124//5292 2125//5293 2116//5292
f 2315//5294 2124//5294 2116//5294
f 1882//5295 1870//5295 1871//5295
f 2127//5296 2316//5296 1862//5296
f 1883//5297 1870//5297 1882//5297
f 1904//5298 1903//5298 1901//5298
f 1904//5299 1902//5299 1903//5299
f 2317//5300 2126//5300 1631//5300
f 2134//5301 2317//5301 1631//5301
f 2318//5302 2136//5302 2139//5302
f 2319//5303 2139//5303 2138//5303
f 2319//5304 2318//5304 2139//5304
f 2320//5305 2140//5305 2136//5305
f 2321//5306 2136//5306 2318//5306
f 2320//5307 2136//5307 2321//5307
f 2319//5308 2138//5308 2140//5308
f 2319//5309 2140//5309 2320//5309
f 2322//5310 2145//5310 2147//5310
f 2154//5311 2145//5311 2322//5311
f 2159//5312 2148//5312 2144//5312
f 2323//5313 2324//5313 2147//5313
f 2322//5314 2147//5314 2324//5314
f 2325//5315 2323//5315 2147//5315
f 2148//5316 2325//5316 2147//5316
f 2326//5317 2324//5317 2323//5317
f 2327//5318 2322//5318 2324//5318
f 2328//5319 2329//5319 2324//5319
f 2330//5320 2324//5321 2329//5321
f 2330//5322 2327//5323 2324//5323
f 2326//5324 2328//5324 2324//5324
f 2331//5325 2323//5325 2325//5325
f 2332//5326 2326//5326 2323//5326
f 2333//5327 2332//5327 2323//5327
f 2331//5328 2333//5328 2323//5328
f 2155//5329 2325//5329 2148//5329
f 2334//5330 2325//5330 2155//5330
f 2335//5331 2325//5331 2334//5331
f 2336//5332 2325//5332 2335//5332
f 2336//5333 2331//5333 2325//5333
f 2152//5334 2148//5335 2159//5335
f 2152//5336 2153//5337 2148//5338
f 2155//5339 2148//5339 2153//5340
f 2337//5341 1937//5341 1353//5341
f 2178//5342 2165//5343 2153//5344
f 2178//5345 2153//5346 2152//5347
f 2338//5348 1956//5349 2167//5348
f 2173//5350 2167//5350 2165//5351
f 2339//5352 2338//5352 2167//5352
f 2339//5353 2167//5353 2175//5353
f 2338//5354 1957//5355 1956//5356
f 2178//5357 2152//5358 2161//5359
f 2178//5360 2161//5361 2162//5362
f 2160//5363 2178//5364 2162//5363
f 2160//5365 2177//5365 2178//5366
f 2340//5367 2341//5368 2342//5367
f 2343//5369 2342//5369 2341//5370
f 2344//5371 2340//5372 2342//5372
f 2345//5373 2342//5373 2343//5373
f 2346//5374 2342//5374 2345//5374
f 2344//5375 2342//5376 2346//5376
f 2347//5377 2341//5378 2340//5379
f 2347//5380 2343//5381 2341//5382
f 2348//5383 2182//5383 2341//5384
f 2349//5385 2341//5386 2182//5385
f 2350//5387 2341//5388 2349//5387
f 2347//5389 2341//5390 2350//5391
f 2348//5392 2341//5393 2347//5394
f 2347//5395 2340//5396 2344//5397
f 2347//5398 2345//5399 2343//5399
f 1998//5400 2182//5400 2348//5400
f 2351//5401 2349//5401 2182//5401
f 2193//5402 2182//5402 2180//5402
f 2351//5403 2182//5403 2193//5403
f 2189//5404 2348//5404 2352//5404
f 1998//5405 2348//5405 2189//5405
f 2351//5406 2350//5406 2349//5406
f 2353//5407 1685//5407 2187//5407
f 2354//5408 2355//5408 2356//5408
f 2352//5409 2356//5409 2355//5409
f 2357//5410 2354//5410 2356//5410
f 2358//5411 2356//5411 2352//5411
f 2359//5412 2356//5412 2358//5412
f 2357//5413 2356//5413 2359//5413
f 2357//5414 2355//5414 2354//5414
f 2189//5415 2352//5415 2355//5415
f 2360//5416 2189//5416 2355//5416
f 2361//5417 2355//5417 2357//5417
f 2360//5418 2355//5418 2361//5418
f 2348//5419 2358//5419 2352//5419
f 2362//5420 2188//5420 2189//5420
f 2362//5421 2189//5421 2360//5421
f 2363//5422 2244//5422 2188//5422
f 2364//5423 2363//5423 2188//5423
f 2364//5424 2188//5424 2362//5424
f 2365//5425 2366//5425 2367//5425
f 2368//5426 2367//5426 2366//5426
f 2369//5427 2365//5427 2367//5427
f 2370//5428 2367//5428 2368//5428
f 2371//5429 2367//5429 2370//5429
f 2369//5430 2367//5430 2371//5430
f 2372//5431 2056//5431 2366//5431
f 2373//5432 2366//5432 2056//5432
f 2365//5433 2372//5433 2366//5433
f 2374//5434 2368//5434 2366//5434
f 2375//5435 2366//5435 2373//5435
f 2374//5436 2366//5436 2375//5436
f 2372//5437 2051//5437 2056//5437
f 2376//5438 2373//5438 2056//5438
f 2376//5439 2056//5439 2059//5439
f 2377//5440 2051//5440 2372//5440
f 2378//5441 2051//5441 2377//5441
f 2379//5442 2051//5442 2378//5442
f 2053//5443 2051//5443 2379//5443
f 2377//5444 2372//5444 2365//5444
f 2380//5445 2377//5445 2365//5445
f 2380//5446 2365//5446 2369//5446
f 2374//5447 2370//5447 2368//5447
f 2381//5448 2244//5448 2363//5448
f 2248//5449 2247//5449 2244//5449
f 2382//5450 2248//5450 2244//5450
f 2383//5451 2244//5451 2381//5451
f 2383//5452 2382//5452 2244//5452
f 2381//5453 2363//5453 2364//5453
f 2378//5454 2377//5454 2380//5454
f 2376//5455 2375//5455 2373//5455
f 2259//5456 2239//5457 2241//5457
f 2384//5458 2239//5458 2259//5459
f 2384//5460 2240//5460 2239//5460
f 2385//5461 2241//5461 2020//5461
f 2259//5462 2241//5463 2385//5463
f 2386//5464 2266//5464 2248//5464
f 2382//5465 2386//5465 2248//5465
f 2387//5466 2267//5466 2266//5466
f 2268//5467 2265//5468 2267//5468
f 2269//5469 2268//5470 2267//5471
f 2388//5472 2267//5472 2387//5472
f 2269//5473 2267//5474 2388//5474
f 2389//5475 2266//5475 2386//5475
f 2390//5476 2387//5476 2266//5476
f 2389//5477 2390//5477 2266//5477
f 2391//5478 2386//5478 2381//5478
f 2383//5479 2381//5479 2386//5479
f 2383//5480 2386//5480 2382//5480
f 2392//5481 2386//5481 2391//5481
f 2389//5482 2386//5482 2392//5482
f 2254//5483 2385//5483 2020//5483
f 2271//5484 2385//5485 2254//5485
f 2384//5486 2259//5487 2385//5486
f 2393//5488 2385//5488 2271//5489
f 2394//5490 2384//5490 2385//5490
f 2394//5491 2385//5491 2393//5491
f 2395//5492 2254//5492 2269//5493
f 2271//5494 2254//5495 2395//5495
f 2272//5496 2259//5497 2256//5496
f 2272//5498 2256//5498 2260//5498
f 2272//5499 2258//5499 2259//5500
f 2264//5501 2249//5501 2263//5501
f 2252//5502 2249//5502 2264//5502
f 2268//5503 2395//5504 2269//5505
f 2301//5506 2395//5507 2268//5508
f 2393//5509 2271//5510 2395//5509
f 2396//5511 2395//5511 2301//5512
f 2396//5513 2393//5513 2395//5513
f 2397//5514 2301//5515 2268//5516
f 2398//5517 2397//5518 2268//5519
f 2388//5520 2390//5520 2268//5521
f 2399//5522 2268//5523 2390//5522
f 2269//5524 2388//5525 2268//5526
f 2399//5527 2400//5527 2268//5528
f 2398//5529 2268//5530 2400//5531
f 2275//5532 2271//5533 2258//5532
f 2275//5534 2270//5534 2271//5535
f 2401//5536 2298//5536 1726//5536
f 2304//5537 2252//5537 2264//5537
f 2396//5538 2301//5539 2397//5540
f 2307//5541 2397//5542 2402//5543
f 2398//5544 2402//5545 2397//5546
f 2403//5547 2397//5548 2307//5549
f 2398//5550 2396//5551 2397//5552
f 2403//5553 2398//5554 2397//5555
f 2404//5556 2301//5557 2270//5556
f 2276//5558 2270//5558 2275//5558
f 2276//5559 2404//5559 2270//5559
f 2404//5560 2300//5560 2301//5561
f 2401//5562 1726//5562 1779//5562
f 2302//5563 2401//5563 1779//5563
f 2405//5564 2307//5565 2402//5564
f 2406//5566 2405//5566 2402//5566
f 2407//5567 2402//5567 2398//5568
f 2406//5569 2402//5569 2407//5569
f 2306//5570 2307//5571 2405//5572
f 2408//5573 2307//5574 2300//5573
f 2306//5575 2307//5576 2408//5577
f 2403//5578 2307//5579 2306//5580
f 2311//5581 2306//5582 2405//5581
f 2409//5583 2311//5583 2405//5583
f 2409//5584 2405//5584 2406//5584
f 2410//5585 2300//5585 2404//5585
f 2410//5586 2408//5586 2300//5586
f 2409//5587 2089//5587 2311//5587
f 2411//5588 1783//5588 1788//5588
f 2312//5589 2411//5589 1788//5589
f 2409//5590 2087//5590 2089//5590
f 2412//5591 2087//5591 2409//5591
f 2412//5592 2310//5592 2087//5592
f 2095//5593 1789//5593 2308//5593
f 2413//5594 2097//5594 1295//5594
f 2413//5595 1295//5595 2098//5595
f 2104//5596 2107//5596 2103//5596
f 2106//5597 2108//5597 2107//5597
f 2106//5598 2107//5598 2104//5598
f 2414//5599 2106//5599 2104//5599
f 2415//5600 1586//5600 2313//5600
f 1585//5601 1586//5601 2415//5601
f 2416//5602 2112//5602 2113//5602
f 2416//5603 2417//5603 2112//5603
f 2418//5604 2419//5604 2420//5604
f 2421//5605 2420//5605 2419//5605
f 2422//5606 2418//5606 2420//5606
f 2423//5607 2420//5607 2421//5607
f 2422//5608 2420//5608 2424//5608
f 2423//5609 2424//5609 2420//5609
f 2125//5610 2419//5611 2418//5611
f 2423//5612 2421//5612 2419//5612
f 2425//5613 2419//5613 2125//5614
f 2426//5615 2423//5615 2419//5615
f 2425//5616 2426//5616 2419//5616
f 2427//5617 2125//5618 2418//5617
f 2428//5619 2427//5619 2418//5619
f 2428//5620 2418//5620 2422//5620
f 2315//5621 2118//5621 2117//5621
f 2119//5622 2315//5622 2117//5622
f 2122//5623 2119//5623 2120//5623
f 2429//5624 2430//5624 2120//5624
f 2431//5625 2120//5625 2430//5625
f 2432//5626 2429//5626 2120//5626
f 2121//5627 2432//5627 2120//5627
f 2433//5628 2122//5628 2120//5628
f 2431//5629 2433//5629 2120//5629
f 2434//5630 2430//5630 2429//5630
f 2435//5631 2430//5631 2434//5631
f 2436//5632 2430//5632 2435//5632
f 2431//5633 2430//5633 2436//5633
f 2437//5634 2434//5634 2429//5634
f 2438//5635 2429//5635 2432//5635
f 2437//5636 2429//5636 2438//5636
f 2435//5637 2434//5637 2437//5637
f 2416//5638 2113//5638 1862//5638
f 2316//5639 2416//5639 1862//5639
f 2123//5640 2125//5641 2427//5642
f 2124//5643 2123//5644 2125//5645
f 2439//5646 2125//5647 2123//5648
f 2439//5649 2425//5650 2125//5651
f 2440//5652 2123//5653 2427//5652
f 2441//5654 2440//5654 2427//5654
f 2441//5655 2427//5655 2428//5655
f 2442//5656 2432//5656 2121//5656
f 2443//5657 2432//5657 2442//5657
f 2438//5658 2432//5658 2443//5658
f 2122//5659 2442//5659 2121//5659
f 2444//5660 1883//5660 1882//5660
f 2444//5661 1882//5661 1881//5661
f 2445//5662 2123//5663 2440//5662
f 2446//5664 2123//5665 2445//5666
f 2446//5667 2439//5668 2123//5669
f 2447//5670 2445//5670 2440//5670
f 2448//5671 2447//5671 2440//5671
f 2448//5672 2440//5672 2441//5672
f 2449//5673 2442//5673 2122//5673
f 2133//5674 2442//5674 2449//5674
f 2443//5675 2442//5675 2133//5675
f 2119//5676 2122//5676 2131//5676
f 2450//5677 2449//5677 2122//5677
f 2451//5678 2450//5678 2122//5678
f 2452//5679 2451//5679 2122//5679
f 2453//5680 2452//5680 2122//5680
f 2433//5681 2453//5681 2122//5681
f 2454//5682 2127//5682 2126//5682
f 2454//5683 2316//5683 2127//5683
f 2455//5684 2445//5684 2447//5684
f 2455//5685 2446//5686 2445//5685
f 2455//5687 2447//5687 2448//5687
f 2129//5688 2128//5688 2124//5688
f 2315//5689 2129//5689 2124//5689
f 2315//5690 2131//5690 2130//5690
f 2119//5691 2131//5691 2315//5691
f 2315//5692 2130//5692 2129//5692
f 2133//5693 2449//5693 2450//5693
f 2451//5694 2133//5694 2450//5694
f 1916//5695 1919//5695 1912//5695
f 2317//5696 2454//5696 2126//5696
f 2319//5697 2456//5697 2318//5697
f 2329//5698 2320//5698 2321//5698
f 2141//5699 2317//5699 2134//5699
f 2319//5700 2320//5700 2456//5700
f 2329//5701 2456//5701 2320//5701
f 2457//5702 2318//5702 2456//5702
f 2458//5703 2321//5703 2318//5703
f 2457//5704 2458//5704 2318//5704
f 2328//5705 2456//5705 2329//5705
f 2459//5706 2456//5706 2328//5706
f 2459//5707 2457//5707 2456//5707
f 2460//5708 2154//5708 2322//5708
f 2460//5709 2322//5709 2327//5709
f 2461//5710 2141//5710 1937//5710
f 2334//5711 2155//5711 2154//5711
f 2460//5712 2334//5712 2154//5712
f 2462//5713 2334//5713 2460//5713
f 2463//5714 2335//5714 2334//5714
f 2464//5715 2463//5715 2334//5715
f 2464//5716 2334//5716 2462//5716
f 2338//5717 2465//5717 1957//5718
f 2466//5719 1957//5720 2465//5721
f 2466//5722 2176//5723 1957//5724
f 2467//5725 2465//5726 2338//5726
f 2468//5727 2465//5728 2467//5729
f 2469//5730 2338//5730 2339//5730
f 2469//5731 2470//5732 2338//5731
f 2467//5733 2338//5734 2470//5735
f 2471//5736 2346//5736 2345//5736
f 2347//5737 2350//5738 2345//5738
f 2201//5739 2345//5739 2350//5739
f 2202//5740 2345//5740 2201//5740
f 2202//5741 2471//5741 2345//5741
f 2472//5742 2344//5743 2346//5744
f 2473//5745 2346//5745 2471//5745
f 2472//5746 2346//5747 2473//5747
f 2474//5748 1353//5748 1685//5748
f 2474//5749 2337//5749 1353//5749
f 2339//5750 2175//5750 2176//5750
f 2475//5751 2339//5751 2176//5751
f 2476//5752 2339//5752 2475//5752
f 2476//5753 2469//5753 2339//5753
f 2358//5754 2344//5755 2477//5754
f 2472//5756 2477//5757 2344//5758
f 2478//5759 2344//5760 2358//5759
f 2347//5761 2344//5762 2472//5763
f 2478//5764 2472//5765 2344//5766
f 2192//5767 2201//5767 2350//5767
f 2193//5768 2192//5768 2350//5768
f 2351//5769 2193//5769 2350//5769
f 2197//5770 2201//5770 2192//5770
f 2479//5771 2476//5771 2475//5771
f 2480//5772 2475//5772 2176//5772
f 2481//5773 2479//5773 2475//5773
f 2482//5774 2481//5774 2475//5774
f 2483//5775 2482//5775 2475//5775
f 2483//5776 2475//5776 2480//5776
f 2484//5777 2176//5777 2466//5778
f 2480//5779 2176//5779 2484//5779
f 2359//5780 2358//5780 2477//5780
f 2485//5781 2359//5781 2477//5781
f 2486//5782 2477//5782 2472//5783
f 2485//5784 2477//5784 2486//5784
f 2478//5785 2358//5785 2348//5785
f 2487//5786 2357//5786 2359//5786
f 2487//5787 2359//5787 2485//5787
f 2353//5788 2474//5788 1685//5788
f 2488//5789 2361//5789 2357//5789
f 2488//5790 2357//5790 2487//5790
f 2489//5791 2371//5791 2370//5791
f 2489//5792 2370//5792 2374//5792
f 2490//5793 2369//5793 2371//5793
f 2491//5794 2490//5794 2371//5794
f 2492//5795 2491//5795 2371//5795
f 2493//5796 2492//5796 2371//5796
f 2494//5797 2493//5797 2371//5797
f 2489//5798 2494//5798 2371//5798
f 2360//5799 2361//5799 2488//5799
f 2495//5800 2362//5800 2360//5800
f 2381//5801 2364//5801 2362//5801
f 2496//5802 2362//5802 2495//5802
f 2489//5803 2374//5803 2375//5803
f 2376//5804 2489//5804 2375//5804
f 2491//5805 2497//5805 2490//5805
f 2498//5806 2490//5806 2497//5806
f 2499//5807 2369//5807 2490//5807
f 2500//5808 2499//5808 2490//5808
f 2500//5809 2490//5809 2498//5809
f 2501//5810 2497//5810 2491//5810
f 2501//5811 2498//5811 2497//5811
f 2501//5812 2491//5812 2492//5812
f 2493//5813 2502//5813 2492//5813
f 2501//5814 2492//5814 2502//5814
f 2503//5815 2502//5815 2493//5815
f 2503//5816 2501//5816 2502//5816
f 2503//5817 2493//5817 2494//5817
f 2503//5818 2494//5818 2489//5818
f 2504//5819 2489//5819 2505//5819
f 2506//5820 2503//5820 2489//5820
f 2507//5821 2489//5821 2504//5821
f 2508//5822 2506//5822 2489//5822
f 2509//5823 2489//5823 2507//5823
f 2509//5824 2508//5824 2489//5824
f 2505//5825 2489//5825 2510//5825
f 2376//5826 2059//5826 2489//5826
f 2251//5827 2489//5827 2059//5827
f 2510//5828 2489//5828 2251//5828
f 2049//5829 2353//5829 2187//5829
f 2511//5830 2251//5830 2250//5830
f 2511//5831 2510//5831 2251//5831
f 2512//5832 2391//5832 2381//5832
f 2513//5833 2381//5833 2362//5833
f 2512//5834 2381//5834 2513//5834
f 2392//5835 2391//5835 2512//5835
f 2286//5836 2236//5836 2240//5836
f 2286//5837 2240//5837 2384//5837
f 2237//5838 2236//5839 2287//5839
f 2287//5840 2236//5840 2286//5840
f 2514//5841 2049//5841 2067//5841
f 2309//5842 1784//5842 2053//5842
f 2515//5843 2378//5843 2380//5843
f 2516//5844 2378//5844 2515//5844
f 2516//5845 2379//5845 2378//5845
f 2515//5846 2380//5846 2369//5846
f 2517//5847 2250//5847 2253//5847
f 2517//5830 2511//5830 2250//5830
f 2388//5848 2387//5848 2390//5848
f 2518//5849 2399//5849 2390//5849
f 2519//5850 2390//5850 2392//5850
f 2389//5851 2392//5851 2390//5851
f 2518//5852 2390//5852 2519//5852
f 2286//5853 2384//5853 2394//5853
f 2298//5854 2514//5854 2067//5854
f 2520//5855 2253//5855 2252//5855
f 2520//5856 2517//5856 2253//5856
f 2521//5857 2400//5857 2399//5857
f 2522//5858 2398//5859 2400//5858
f 2521//5860 2522//5860 2400//5860
f 2523//5861 2399//5861 2518//5861
f 2521//5862 2399//5862 2523//5862
f 2524//5863 2394//5863 2393//5863
f 2524//5864 2393//5864 2396//5864
f 2524//5865 2286//5865 2394//5865
f 2276//5866 2410//5866 2404//5866
f 2525//5867 2306//5868 2408//5867
f 2526//5869 2306//5870 2525//5869
f 2527//5871 2403//5871 2306//5872
f 2527//5873 2306//5874 2526//5873
f 2528//5875 2526//5875 2525//5875
f 2529//5876 2252//5876 2304//5876
f 2529//5877 2520//5877 2252//5877
f 2522//5878 2407//5878 2398//5879
f 2530//5880 2406//5880 2407//5880
f 2531//5881 2530//5881 2407//5881
f 2532//5882 2522//5882 2521//5882
f 2532//5883 2407//5883 2522//5883
f 2533//5884 2396//5884 2398//5885
f 2533//5886 2524//5886 2396//5886
f 2534//5887 2401//5887 2302//5887
f 2305//5888 2535//5888 2304//5888
f 2529//5889 2304//5889 2535//5889
f 2536//5890 2535//5890 2305//5890
f 2536//5891 2529//5891 2535//5891
f 2537//5892 2305//5892 2310//5892
f 2412//5893 2406//5893 2530//5893
f 2412//5894 2409//5894 2406//5894
f 2538//5895 2412//5895 2530//5895
f 2539//5896 2530//5896 2531//5896
f 2539//5897 2538//5897 2530//5897
f 2540//5898 2531//5898 2407//5898
f 2541//5899 2539//5899 2531//5899
f 2541//5900 2531//5900 2540//5900
f 2542//5901 2398//5902 2403//5901
f 2542//5903 2533//5903 2398//5904
f 2543//5905 2403//5905 2544//5905
f 2542//5906 2403//5906 2543//5906
f 2533//5907 2274//5907 2279//5907
f 2543//5908 2544//5908 2274//5908
f 2545//5909 2543//5909 2274//5909
f 2533//5910 2545//5910 2274//5910
f 2546//5911 2302//5911 1783//5911
f 2546//5912 2534//5912 2302//5912
f 2544//5913 2403//5913 2527//5913
f 2546//5914 1783//5914 2411//5914
f 2527//5915 2526//5915 2528//5915
f 2097//5916 2411//5916 2312//5916
f 2547//5917 2098//5917 2095//5917
f 2544//5918 2548//5918 2274//5918
f 2544//5919 2549//5919 2550//5919
f 2544//5920 2527//5920 2528//5920
f 2544//5921 2528//5921 2525//5921
f 2544//5922 2525//5922 2408//5922
f 2547//5923 2413//5923 2098//5923
f 2410//5924 2549//5924 2408//5924
f 2544//5925 2550//5925 2548//5925
f 2100//5926 2551//5926 2104//5926
f 2552//5927 2104//5927 2551//5927
f 2551//5928 2100//5928 2101//5928
f 2552//5929 2414//5929 2104//5929
f 2109//5930 2414//5930 2552//5930
f 2106//5931 2414//5931 2109//5931
f 2553//5932 2552//5932 2551//5932
f 2109//5933 2552//5933 2553//5933
f 2554//5934 1795//5934 1796//5934
f 2554//5935 2101//5935 1795//5935
f 2554//5936 1796//5936 1593//5936
f 2555//5937 2553//5937 2551//5937
f 2101//5938 2555//5938 2551//5938
f 2556//5939 2109//5939 2553//5939
f 2557//5940 2553//5940 2555//5940
f 2557//5941 2556//5941 2553//5941
f 2558//5942 2555//5942 2101//5942
f 2559//5943 2555//5943 2558//5943
f 2559//5944 2560//5944 2555//5944
f 2557//5945 2555//5945 2560//5945
f 2110//5946 2109//5946 2556//5946
f 1816//5947 2554//5947 1593//5947
f 2561//5948 2554//5948 1816//5948
f 2562//5949 2561//5949 1816//5949
f 2563//5950 2562//5950 1816//5950
f 2563//5951 1816//5951 1818//5951
f 2561//5952 2101//5952 2554//5952
f 2561//5953 2558//5953 2101//5953
f 2561//5954 2564//5954 2558//5954
f 2423//5955 2558//5955 2564//5955
f 2565//5956 2558//5956 2423//5956
f 2559//5957 2558//5957 2565//5957
f 2566//5958 2424//5958 2564//5958
f 2423//5959 2564//5959 2424//5959
f 2561//5960 2566//5960 2564//5960
f 2566//5961 2422//5961 2424//5961
f 2567//5962 2428//5962 2422//5962
f 2566//5963 2567//5963 2422//5963
f 2568//5964 2441//5964 2428//5964
f 2567//5965 2568//5965 2428//5965
f 2568//5966 2448//5966 2441//5966
f 2568//5967 2569//5967 2448//5967
f 2455//5968 2448//5968 2569//5968
f 2570//5969 2571//5969 2569//5969
f 2572//5970 2569//5970 2571//5970
f 2568//5971 2570//5971 2569//5971
f 2455//5972 2569//5972 2573//5972
f 2574//5973 2573//5973 2569//5973
f 2575//5974 2569//5974 2572//5974
f 2575//5975 2574//5975 2569//5975
f 2570//5976 2576//5976 2571//5976
f 2577//5977 2572//5977 2571//5977
f 2576//5978 2578//5978 2571//5978
f 2577//5979 2571//5979 2578//5979
f 2579//5980 1936//5980 2578//5980
f 2577//5981 2578//5981 1936//5981
f 2576//5982 2579//5982 2578//5982
f 1933//5983 2580//5983 1936//5983
f 2581//5984 1936//5984 2580//5984
f 2579//5985 2170//5985 1936//5985
f 2577//5986 1936//5986 2581//5986
f 2582//5987 2580//5987 1933//5987
f 2583//5988 2580//5988 2582//5988
f 2581//5989 2580//5989 2583//5989
f 2582//5990 1933//5990 2132//5990
f 2451//5991 2132//5991 2133//5991
f 2582//5992 2132//5992 2451//5992
f 2114//5993 2443//5993 2133//5993
f 2114//5994 2438//5994 2443//5994
f 2114//5995 2437//5995 2438//5995
f 2114//5996 2435//5996 2437//5996
f 2584//5997 2556//5997 2435//5997
f 2436//5998 2435//5998 2556//5998
f 2114//5999 2584//5999 2435//5999
f 1832//6000 2110//6000 2556//6000
f 2584//6001 1832//6001 2556//6001
f 2585//6002 2436//6002 2556//6002
f 2586//6003 2585//6003 2556//6003
f 2586//6004 2556//6004 2557//6004
f 1833//6005 1832//6005 2584//6005
f 1833//6006 2584//6006 2114//6006
f 2297//6007 2261//6007 1930//6007
f 1932//6008 2297//6008 1930//6008
f 2587//6009 2297//6009 1932//6009
f 2588//6010 2297//6010 2587//6010
f 2296//6011 2297//6011 2588//6011
f 2589//6012 1932//6012 2243//6012
f 2590//6013 1932//6013 2589//6013
f 2591//6014 2587//6014 1932//6014
f 2591//6015 1932//6015 2590//6015
f 2592//6016 2243//6016 2186//6016
f 2593//6017 2243//6017 2592//6017
f 2594//6018 2589//6018 2243//6018
f 2594//6019 2243//6019 2593//6019
f 2595//6020 2186//6020 2179//6020
f 2596//6021 2186//6021 2595//6021
f 2597//6022 2592//6022 2186//6022
f 2597//6023 2186//6023 2596//6023
f 2598//6024 2179//6024 2169//6024
f 2598//6025 2595//6025 2179//6025
f 2599//6026 2169//6026 2168//6026
f 2598//6027 2169//6027 2599//6027
f 2600//6028 2168//6028 2170//6028
f 2601//6029 2168//6029 2600//6029
f 2602//6030 2168//6030 2601//6030
f 2599//6031 2168//6031 2602//6031
f 2603//6032 2170//6032 2579//6032
f 2604//6033 2170//6033 2603//6033
f 2605//6034 2600//6034 2170//6034
f 2605//6035 2170//6035 2604//6035
f 2606//6036 2579//6036 2576//6036
f 2607//6037 2579//6037 2606//6037
f 2608//6038 2603//6038 2579//6038
f 2608//6039 2579//6039 2607//6039
f 2609//6040 2576//6040 2570//6040
f 2609//6041 2606//6041 2576//6041
f 2610//6042 2570//6042 2568//6042
f 2611//6043 2570//6043 2610//6043
f 2612//6044 2570//6044 2611//6044
f 2613//6045 2570//6045 2612//6045
f 2609//6046 2570//6046 2613//6046
f 2610//6047 2568//6047 2614//6047
f 2567//6048 2615//6048 2568//6048
f 2616//6049 2568//6049 2615//6049
f 2614//6050 2568//6050 2616//6050
f 2617//6051 2615//6051 2567//6051
f 2618//6052 2616//6052 2615//6052
f 2618//6053 2615//6053 2617//6053
f 2566//6054 2619//6054 2567//6054
f 2617//6055 2567//6055 2619//6055
f 2562//6056 2619//6056 2566//6056
f 2563//6057 2619//6057 2562//6057
f 2620//6058 2619//6058 2563//6058
f 2617//6059 2619//6059 2620//6059
f 2562//6060 2566//6060 2561//6060
f 2426//6061 2565//6061 2423//6061
f 2585//6062 2431//6062 2436//6062
f 2621//6063 2565//6063 2426//6063
f 2622//6064 2559//6064 2565//6064
f 2622//6065 2565//6065 2621//6065
f 2623//6066 2426//6066 2425//6066
f 2623//6067 2621//6067 2426//6067
f 2624//6068 2425//6068 2439//6069
f 2624//6070 2623//6070 2425//6070
f 2625//6071 2439//6072 2446//6073
f 2626//6074 2439//6075 2446//6076
f 2627//6077 2446//6078 2439//6079
f 2625//6080 2624//6080 2439//6081
f 2628//6082 2439//6083 2626//6082
f 2627//6084 2439//6085 2628//6084
f 2573//6086 2629//6086 2446//6087
f 2630//6088 2446//6089 2629//6088
f 2455//6090 2573//6090 2446//6091
f 2630//6092 2625//6092 2446//6093
f 2626//6074 2446//6094 2631//6074
f 2632//6095 2631//6095 2446//6096
f 2632//6097 2446//6098 2627//6097
f 2633//6099 2629//6099 2573//6099
f 2634//6100 2629//6100 2633//6100
f 2634//6101 2630//6101 2629//6101
f 2633//6102 2573//6102 2574//6102
f 2635//6103 2582//6103 2451//6103
f 2452//6104 2635//6104 2451//6104
f 2636//6105 2582//6105 2635//6105
f 2636//6106 2583//6106 2582//6106
f 2637//6107 2635//6107 2452//6107
f 2638//6108 2636//6108 2635//6108
f 2639//6109 2635//6109 2637//6109
f 2638//6110 2635//6110 2639//6110
f 2640//6111 2452//6111 2453//6111
f 2637//6112 2452//6112 2641//6112
f 2640//6113 2641//6113 2452//6113
f 2640//6114 2453//6114 2433//6114
f 2642//6115 2433//6115 2431//6115
f 2643//6116 2433//6116 2642//6116
f 2640//6117 2433//6117 2644//6117
f 2645//6118 2644//6118 2433//6118
f 2643//6119 2645//6119 2433//6119
f 2585//6120 2646//6120 2431//6120
f 2647//6121 2431//6121 2646//6121
f 2648//6122 2431//6122 2647//6122
f 2642//6123 2431//6123 2649//6123
f 2650//6124 2649//6124 2431//6124
f 2645//6125 2431//6125 2648//6125
f 2651//6126 2650//6126 2431//6126
f 2651//6127 2431//6127 2645//6127
f 2652//6128 2646//6128 2585//6128
f 2647//6129 2646//6129 2652//6129
f 2653//6130 2585//6130 2586//6130
f 2652//6131 2585//6131 2653//6131
f 2654//6132 2614//6132 2616//6132
f 2618//6133 2654//6133 2616//6133
f 2655//6134 2610//6134 2614//6134
f 2655//6135 2614//6135 2654//6135
f 2656//6136 2610//6136 2655//6136
f 2612//6137 2611//6137 2610//6137
f 2612//6138 2610//6138 2656//6138
f 2657//6139 2329//6139 2321//6139
f 2657//6140 2321//6140 2458//6140
f 2577//6141 2581//6141 2572//6141
f 2581//6142 2583//6142 2572//6142
f 2575//6143 2572//6143 2583//6143
f 2636//6144 2575//6144 2583//6144
f 2330//6145 2329//6146 2657//6146
f 2658//6147 2460//6147 2327//6147
f 2658//6148 2327//6148 2330//6149
f 2332//6150 2328//6150 2326//6150
f 2332//6151 2459//6151 2328//6151
f 2659//6152 2460//6152 2658//6152
f 2462//6153 2460//6153 2659//6153
f 2607//6154 2606//6154 2609//6154
f 2461//6155 1937//6155 2337//6155
f 2604//6156 2603//6156 2608//6156
f 2464//6157 2335//6157 2463//6157
f 2336//6158 2335//6158 2464//6158
f 2660//6159 2473//6159 2471//6159
f 2200//6160 2471//6160 2202//6160
f 2200//6161 2660//6161 2471//6161
f 2661//6162 2473//6162 2660//6162
f 2472//6163 2473//6164 2661//6164
f 2601//6165 2600//6165 2605//6165
f 2478//6166 2486//6166 2472//6167
f 2478//6168 2485//6168 2486//6168
f 2662//6169 2485//6169 2478//6169
f 2663//6170 2487//6170 2485//6170
f 2663//6171 2485//6171 2662//6171
f 2664//6172 2662//6172 2478//6172
f 2348//6173 2664//6173 2478//6173
f 2665//6174 2488//6174 2487//6174
f 2665//6175 2487//6175 2663//6175
f 2596//6176 2595//6176 2598//6176
f 2666//6177 2495//6177 2488//6177
f 2360//6178 2488//6178 2495//6178
f 2667//6179 2666//6179 2488//6179
f 2667//6180 2488//6180 2665//6180
f 2668//6181 2495//6181 2666//6181
f 2496//6182 2495//6182 2668//6182
f 2668//6183 2666//6183 2667//6183
f 2593//6184 2592//6184 2597//6184
f 2515//6185 2369//6185 2499//6185
f 2669//6186 2515//6186 2499//6186
f 2670//6187 2499//6187 2500//6187
f 2669//6188 2499//6188 2670//6188
f 2513//6189 2362//6189 2496//6189
f 2671//6190 2513//6190 2496//6190
f 2672//6191 2512//6191 2513//6191
f 2672//6192 2513//6192 2671//6192
f 2590//6193 2589//6193 2594//6193
f 2673//6194 2353//6194 2049//6194
f 2674//6195 2510//6195 2511//6195
f 2675//6196 2392//6196 2512//6196
f 2675//6197 2512//6197 2672//6197
f 2588//6198 2587//6198 2591//6198
f 2514//6199 2673//6199 2049//6199
f 2676//6200 2674//6200 2511//6200
f 2517//6201 2676//6201 2511//6201
f 2677//6202 2519//6202 2392//6202
f 2677//6203 2392//6203 2675//6203
f 2518//6204 2519//6204 2677//6204
f 2678//6205 2286//6205 2524//6205
f 2285//6206 2286//6206 2678//6206
f 2676//6207 2679//6207 2674//6207
f 2510//6208 2674//6208 2679//6208
f 2676//6209 2680//6209 2679//6209
f 2505//6210 2510//6210 2679//6210
f 2681//6211 2505//6211 2679//6211
f 2680//6212 2681//6212 2679//6212
f 2682//6213 2676//6213 2517//6213
f 2683//6214 2676//6214 2682//6214
f 2684//6215 2517//6215 2520//6215
f 2682//6216 2517//6216 2684//6216
f 2533//6217 2678//6217 2524//6217
f 2533//6218 2685//6218 2678//6218
f 2288//6219 2678//6219 2685//6219
f 2285//6220 2678//6220 2288//6220
f 2533//6221 2279//6221 2685//6221
f 2282//6222 2685//6222 2279//6222
f 2282//6223 2288//6223 2685//6223
f 2550//6224 2549//6224 2548//6224
f 2544//6225 2408//6225 2549//6225
f 2410//6226 2276//6226 2548//6226
f 2410//6227 2548//6227 2549//6227
f 2542//6228 2543//6228 2545//6228
f 2542//6229 2545//6229 2533//6229
f 2401//6230 2514//6230 2298//6230
f 2683//6231 2684//6231 2520//6231
f 2686//6232 2520//6232 2529//6232
f 2687//6233 2520//6233 2686//6233
f 2683//6234 2520//6234 2687//6234
f 2683//6235 2682//6235 2684//6235
f 2536//6236 2686//6236 2529//6236
f 2688//6237 2686//6237 2536//6237
f 2689//6238 2686//6238 2688//6238
f 2689//6239 2687//6239 2686//6239
f 2690//6240 2688//6240 2536//6240
f 2305//6241 2690//6241 2536//6241
f 2690//6242 2689//6242 2688//6242
f 2690//6243 2537//6243 2691//6243
f 2305//6244 2537//6244 2690//6244
f 2692//6245 2690//6245 2691//6245
f 2691//6246 2537//6246 2693//6246
f 2694//6247 2537//6247 2695//6247
f 2695//6248 2537//6248 2310//6248
f 2695//6249 2412//6249 2538//6249
f 2696//6250 2546//6250 2411//6250
f 2695//6251 2310//6251 2412//6251
f 2697//6252 2411//6252 2097//6252
f 2413//6253 2697//6253 2097//6253
f 2274//6254 2548//6254 2276//6254
f 2314//6255 1585//6255 2415//6255
f 2698//6256 2313//6256 2111//6256
f 2112//6257 2698//6257 2111//6257
f 2699//6258 2563//6258 1818//6258
f 2700//6259 1818//6259 2701//6259
f 1820//6260 2701//6260 1818//6260
f 2699//6261 1818//6261 2700//6261
f 2702//6262 2620//6262 2563//6262
f 2702//6263 2563//6263 2699//6263
f 2417//6264 2703//6264 2112//6264
f 2704//6265 2617//6265 2620//6265
f 2705//6266 2620//6266 2702//6266
f 2705//6267 2704//6267 2620//6267
f 2706//6268 2560//6268 2559//6268
f 2707//6269 2557//6269 2560//6269
f 2707//6270 2560//6270 2706//6270
f 2622//6271 2700//6271 2559//6271
f 2706//6272 2559//6272 2700//6272
f 2708//6273 2586//6273 2557//6273
f 2709//6274 2586//6274 2708//6274
f 2653//6275 2586//6275 2709//6275
f 2710//6276 2618//6276 2617//6276
f 2704//6277 2710//6277 2617//6277
f 2711//6278 2417//6278 2416//6278
f 2712//6279 2416//6279 2316//6279
f 2712//6280 2711//6280 2416//6280
f 2713//6281 2654//6281 2618//6281
f 2713//6282 2655//6282 2654//6282
f 2710//6283 2713//6283 2618//6283
f 2714//6284 2656//6284 2655//6284
f 2714//6285 2655//6285 2713//6285
f 2715//6286 2712//6286 2316//6286
f 2715//6287 2316//6287 2454//6287
f 2714//6288 2612//6288 2656//6288
f 2633//6289 2574//6289 2714//6289
f 2716//6290 2636//6290 2638//6290
f 2717//6291 2575//6291 2636//6291
f 2716//6292 2717//6292 2636//6292
f 2317//6293 2715//6293 2454//6293
f 2718//6294 2657//6294 2458//6294
f 2719//6295 2458//6295 2457//6295
f 2719//6296 2718//6296 2458//6296
f 2720//6297 2657//6297 2718//6297
f 2721//6298 2657//6298 2720//6298
f 2714//6299 2613//6299 2612//6299
f 2141//6300 2722//6300 2317//6300
f 2721//6301 2330//6302 2657//6301
f 2723//6303 2457//6303 2459//6303
f 2723//6304 2719//6304 2457//6304
f 2724//6305 2609//6305 2613//6305
f 2574//6306 2613//6306 2714//6306
f 2725//6307 2724//6307 2613//6307
f 2574//6308 2725//6308 2613//6308
f 2608//6309 2607//6309 2609//6309
f 2726//6310 2608//6310 2609//6310
f 2726//6311 2609//6311 2724//6311
f 2721//6312 2658//6312 2330//6313
f 2727//6314 2659//6314 2658//6314
f 2721//6315 2727//6315 2658//6315
f 2330//6316 2459//6317 2332//6317
f 2330//6318 2723//6319 2459//6319
f 2728//6320 2141//6320 2461//6320
f 2729//6321 2659//6321 2727//6321
f 2729//6322 2462//6322 2659//6322
f 2330//6323 2332//6324 2333//6324
f 2337//6325 2728//6325 2461//6325
f 2464//6326 2462//6326 2730//6326
f 2729//6327 2730//6327 2462//6327
f 2731//6328 2333//6328 2331//6328
f 2732//6329 2330//6330 2333//6329
f 2731//6331 2732//6331 2333//6331
f 2731//6332 2331//6332 2336//6332
f 2605//6333 2604//6333 2608//6333
f 2726//6334 2605//6334 2608//6334
f 2470//6335 2464//6336 2730//6336
f 2467//6337 2470//6338 2730//6339
f 2729//6340 2733//6340 2730//6340
f 2467//6341 2730//6342 2733//6342
f 2734//6343 2464//6343 2470//6344
f 2735//6345 2336//6345 2464//6345
f 2734//6346 2735//6346 2464//6346
f 2476//6347 2470//6348 2469//6347
f 2467//6349 2734//6350 2470//6351
f 2476//6352 2467//6353 2470//6354
f 2731//6355 2336//6355 2735//6355
f 2736//6356 2661//6356 2660//6356
f 2737//6357 2660//6357 2200//6357
f 2737//6358 2736//6358 2660//6358
f 2738//6359 2472//6360 2661//6359
f 2204//6361 2737//6361 2200//6361
f 2602//6362 2601//6362 2605//6362
f 2599//6363 2602//6363 2605//6363
f 2739//6364 2599//6364 2605//6364
f 2726//6365 2739//6365 2605//6365
f 2740//6366 2731//6366 2735//6366
f 2740//6367 2735//6367 2734//6367
f 2741//6368 2347//6369 2472//6370
f 2741//6371 2472//6372 2738//6373
f 2742//6374 2598//6374 2599//6374
f 2743//6375 2742//6375 2599//6375
f 2739//6376 2743//6376 2599//6376
f 2597//6377 2596//6377 2598//6377
f 2744//6378 2597//6378 2598//6378
f 2742//6379 2744//6379 2598//6379
f 2665//6380 2662//6380 2664//6380
f 2665//6381 2663//6381 2662//6381
f 2745//6382 2664//6382 2348//6382
f 2746//6383 2665//6383 2664//6383
f 2745//6384 2348//6384 2347//6385
f 2745//6386 2347//6387 2741//6388
f 2668//6389 2667//6389 2665//6389
f 2747//6390 2668//6390 2665//6390
f 2748//6391 2665//6391 2746//6391
f 2748//6392 2747//6392 2665//6392
f 2594//6393 2593//6393 2597//6393
f 2749//6394 2594//6394 2597//6394
f 2744//6395 2749//6395 2597//6395
f 2750//6396 2496//6396 2668//6396
f 2750//6397 2668//6397 2747//6397
f 2751//6398 2671//6398 2496//6398
f 2751//6399 2496//6399 2750//6399
f 2675//6400 2672//6400 2671//6400
f 2752//6401 2675//6401 2671//6401
f 2752//6402 2671//6402 2751//6402
f 2591//6403 2590//6403 2594//6403
f 2753//6404 2591//6404 2594//6404
f 2754//6405 2753//6405 2594//6405
f 2749//6406 2754//6406 2594//6406
f 2755//6407 2516//6407 2515//6407
f 2755//6408 2515//6408 2669//6408
f 2296//6409 2588//6409 2591//6409
f 2283//6410 2296//6410 2591//6410
f 2756//6411 2283//6411 2591//6411
f 2753//6412 2756//6412 2591//6412
f 2757//6413 2673//6413 2514//6413
f 2518//6414 2677//6414 2675//6414
f 2758//6415 2518//6415 2675//6415
f 2759//6416 2675//6416 2752//6416
f 2758//6417 2675//6417 2759//6417
f 2760//6418 2053//6418 2379//6418
f 2516//6419 2760//6419 2379//6419
f 2760//6420 2309//6420 2053//6420
f 2761//6421 2308//6421 2309//6421
f 2762//6422 2760//6422 2516//6422
f 2763//6423 2760//6423 2762//6423
f 2763//6424 2309//6424 2760//6424
f 2762//6425 2516//6425 2755//6425
f 2764//6426 2518//6426 2758//6426
f 2523//6427 2518//6427 2764//6427
f 2289//6428 2765//6429 2287//6428
f 2237//6430 2287//6431 2765//6432
f 2237//6433 2765//6434 2289//6435
f 2766//6436 2237//6437 2289//6436
f 2284//6438 2766//6438 2289//6438
f 2767//6439 2514//6439 2401//6439
f 2768//6440 2683//6440 2687//6440
f 2690//6441 2687//6441 2689//6441
f 2768//6442 2687//6442 2690//6442
f 2769//6443 2676//6443 2683//6443
f 2769//6444 2683//6444 2768//6444
f 2767//6445 2401//6445 2534//6445
f 2770//6446 2767//6446 2534//6446
f 2771//6447 2768//6447 2690//6447
f 2692//6448 2771//6448 2690//6448
f 2692//6449 2772//6449 2771//6449
f 2546//6450 2770//6450 2534//6450
f 2694//6451 2695//6451 2538//6451
f 2694//6452 2538//6452 2539//6452
f 2697//6453 2696//6453 2411//6453
f 2773//6454 2095//6454 2308//6454
f 2547//6455 2095//6455 2773//6455
f 2774//6456 2413//6456 2547//6456
f 2775//6457 2776//6457 2707//6457
f 2777//6458 2776//6458 2775//6458
f 2778//6459 2779//6459 2707//6459
f 2557//6460 2707//6460 2779//6460
f 2776//6461 2778//6461 2707//6461
f 2780//6462 2779//6462 2778//6462
f 2708//6463 2779//6463 2780//6463
f 2708//6464 2557//6464 2779//6464
f 2781//6465 2780//6465 2778//6465
f 2782//6466 2781//6466 2778//6466
f 2782//6467 2778//6467 2776//6467
f 2783//6468 2777//6468 2775//6468
f 2706//6469 2783//6469 2775//6469
f 2707//6470 2706//6470 2775//6470
f 2784//6471 2776//6471 2777//6471
f 2785//6472 2776//6472 2784//6472
f 2786//6473 2777//6473 2783//6473
f 2787//6474 2782//6474 2776//6474
f 2787//6475 2776//6475 2785//6475
f 2788//6476 2708//6476 2780//6476
f 2789//6477 2788//6477 2780//6477
f 2780//6478 2781//6478 2782//6478
f 2790//6479 2789//6479 2780//6479
f 2782//6480 2790//6480 2780//6480
f 2791//6481 2783//6481 2792//6481
f 2793//6482 2791//6482 2792//6482
f 2793//6483 2792//6483 2794//6483
f 2706//6484 2792//6484 2783//6484
f 2700//6485 2794//6485 2792//6485
f 2706//6486 2700//6486 2792//6486
f 2791//6487 2786//6487 2783//6487
f 2700//6488 2701//6488 2794//6488
f 2795//6489 2777//6489 2786//6489
f 2796//6490 2795//6490 2786//6490
f 2797//6491 2793//6491 2794//6491
f 2797//6492 2794//6492 2701//6492
f 2798//6493 2777//6493 2795//6493
f 2799//6494 2784//6494 2777//6494
f 2798//6495 2799//6495 2777//6495
f 2800//6496 2798//6496 2795//6496
f 2801//6497 2708//6497 2788//6497
f 2802//6498 2788//6498 2789//6498
f 2802//6499 2801//6499 2788//6499
f 2803//6500 2802//6500 2789//6500
f 2804//6501 2803//6501 2789//6501
f 2805//6502 2789//6502 2790//6502
f 2805//6503 2804//6503 2789//6503
f 2806//6504 2801//6504 2802//6504
f 2708//6505 2801//6505 2709//6505
f 2806//6506 2709//6506 2801//6506
f 2803//6507 2807//6507 2802//6507
f 2808//6508 2802//6508 2807//6508
f 2806//6509 2802//6509 2808//6509
f 2809//6510 2806//6510 2808//6510
f 1822//6511 2797//6511 2701//6511
f 1822//6512 2701//6512 1820//6512
f 2622//6513 2699//6513 2700//6513
f 2621//6514 2702//6514 2699//6514
f 2622//6515 2621//6515 2699//6515
f 2621//6516 2705//6516 2702//6516
f 2710//6517 2714//6517 2713//6517
f 2710//6518 2633//6518 2714//6518
f 2756//6519 2810//6519 2283//6519
f 2811//6520 2283//6520 2810//6520
f 2812//6521 2810//6521 2756//6521
f 2812//6522 2811//6522 2810//6522
f 2813//6523 2756//6523 2753//6523
f 2812//6524 2756//6524 2813//6524
f 2639//6525 2814//6525 2753//6525
f 2813//6526 2753//6526 2814//6526
f 2815//6527 2639//6527 2753//6527
f 2816//6528 2753//6528 2754//6528
f 2817//6529 2815//6529 2753//6529
f 2816//6530 2817//6530 2753//6530
f 2637//6531 2818//6531 2814//6531
f 2819//6532 2814//6532 2818//6532
f 2639//6533 2637//6533 2814//6533
f 2820//6534 2814//6534 2819//6534
f 2821//6535 2814//6535 2820//6535
f 2821//6536 2813//6536 2814//6536
f 2822//6537 2823//6537 2818//6537
f 2824//6538 2818//6538 2823//6538
f 2641//6539 2822//6539 2818//6539
f 2637//6540 2641//6540 2818//6540
f 2825//6541 2818//6541 2824//6541
f 2819//6542 2818//6542 2825//6542
f 2822//6543 2826//6543 2823//6543
f 2824//6544 2823//6544 2827//6544
f 2826//6545 2828//6545 2823//6545
f 2827//6546 2823//6546 2829//6546
f 2653//6547 2709//6547 2823//6547
f 2830//6548 2823//6548 2709//6548
f 2828//6549 2653//6549 2823//6549
f 2831//6550 2823//6550 2830//6550
f 2829//6551 2823//6551 2831//6551
f 2832//6552 2709//6552 2806//6552
f 2833//6553 2709//6553 2832//6553
f 2833//6554 2830//6554 2709//6554
f 2647//6555 2653//6555 2828//6555
f 2647//6556 2652//6556 2653//6556
f 2648//6557 2828//6557 2826//6557
f 2648//6558 2647//6558 2828//6558
f 2644//6559 2826//6559 2822//6559
f 2644//6560 2648//6560 2826//6560
f 2640//6561 2822//6561 2641//6561
f 2640//6562 2644//6562 2822//6562
f 2815//6563 2638//6563 2639//6563
f 2815//6564 2834//6564 2638//6564
f 2716//6565 2638//6565 2834//6565
f 2726//6566 2724//6566 2834//6566
f 2716//6567 2834//6567 2724//6567
f 2815//6568 2726//6568 2834//6568
f 2717//6569 2724//6569 2725//6569
f 2716//6570 2724//6570 2717//6570
f 2575//6571 2725//6571 2574//6571
f 2717//6572 2725//6572 2575//6572
f 2634//6573 2633//6573 2710//6573
f 2630//6574 2710//6574 2704//6574
f 2634//6575 2710//6575 2630//6575
f 2625//6576 2704//6576 2705//6576
f 2630//6577 2704//6577 2625//6577
f 2624//6578 2705//6578 2621//6578
f 2625//6579 2705//6579 2624//6579
f 2624//6580 2621//6580 2623//6580
f 2835//6581 2754//6581 2749//6581
f 2836//6582 2816//6582 2754//6582
f 2836//6583 2754//6583 2835//6583
f 2837//6584 2749//6584 2744//6584
f 2838//6585 2749//6585 2837//6585
f 2835//6586 2749//6586 2838//6586
f 2839//6587 2744//6587 2742//6587
f 2840//6588 2744//6588 2839//6588
f 2837//6589 2744//6589 2840//6589
f 2841//6590 2742//6590 2743//6590
f 2841//6591 2839//6591 2742//6591
f 2842//6592 2743//6592 2739//6592
f 2841//6593 2743//6593 2842//6593
f 2843//6594 2739//6594 2726//6594
f 2843//6595 2842//6595 2739//6595
f 2844//6596 2726//6596 2815//6596
f 2845//6597 2843//6597 2726//6597
f 2845//6598 2726//6598 2844//6598
f 2846//6599 2815//6599 2817//6599
f 2847//6600 2844//6600 2815//6600
f 2846//6601 2847//6601 2815//6601
f 2848//6602 2817//6602 2816//6602
f 2848//6603 2846//6603 2817//6603
f 2836//6604 2848//6604 2816//6604
f 2809//6605 2832//6605 2806//6605
f 2809//6606 2849//6606 2832//6606
f 2833//6607 2832//6607 2849//6607
f 2850//6608 2833//6608 2849//6608
f 2703//6609 2698//6609 2112//6609
f 2850//6610 2830//6610 2833//6610
f 2850//6611 2851//6611 2830//6611
f 2852//6612 2830//6612 2851//6612
f 2711//6613 2703//6613 2417//6613
f 2852//6614 2831//6614 2830//6614
f 2852//6615 2853//6615 2831//6615
f 2829//6616 2831//6616 2853//6616
f 2854//6617 2829//6617 2853//6617
f 2827//6618 2829//6618 2854//6618
f 2855//6619 2827//6619 2854//6619
f 2626//6620 2856//6620 2857//6620
f 2858//6621 2857//6621 2856//6621
f 2859//6622 2626//6622 2857//6622
f 2860//6623 2857//6623 2858//6623
f 2859//6624 2857//6624 2860//6624
f 2626//6625 2631//6625 2856//6625
f 2649//6626 2858//6626 2856//6626
f 2642//6627 2649//6627 2856//6627
f 2861//6628 2856//6628 2631//6628
f 2862//6629 2642//6629 2856//6629
f 2861//6630 2862//6630 2856//6630
f 2863//6631 2861//6631 2631//6631
f 2864//6632 2863//6632 2631//6632
f 2864//6633 2631//6633 2632//6633
f 2865//6634 2626//6634 2859//6634
f 2865//6635 2628//6635 2626//6635
f 2866//6636 2858//6636 2649//6636
f 2866//6637 2860//6637 2858//6637
f 2650//6638 2866//6638 2649//6638
f 2867//6639 2642//6639 2862//6639
f 2868//6640 2643//6640 2642//6640
f 2867//6641 2868//6641 2642//6641
f 2645//6642 2648//6642 2644//6642
f 2869//6643 2827//6643 2855//6643
f 2870//6644 2869//6644 2855//6644
f 2867//6645 2862//6645 2861//6645
f 2869//6646 2824//6646 2827//6646
f 2869//6647 2825//6647 2824//6647
f 2871//6648 2861//6648 2863//6648
f 2871//6649 2867//6649 2861//6649
f 2871//6650 2863//6650 2864//6650
f 2872//6651 2825//6651 2869//6651
f 2872//6652 2869//6652 2870//6652
f 2873//6653 2819//6653 2825//6653
f 2873//6654 2820//6654 2819//6654
f 2873//6655 2825//6655 2872//6655
f 2722//6656 2715//6656 2317//6656
f 2874//6657 2720//6657 2718//6657
f 2719//6658 2874//6658 2718//6658
f 2875//6659 2721//6660 2720//6660
f 2876//6661 2720//6661 2874//6661
f 2877//6662 2720//6662 2876//6662
f 2875//6663 2720//6664 2877//6664
f 2878//6665 2821//6665 2820//6665
f 2879//6666 2820//6666 2873//6666
f 2878//6667 2820//6667 2879//6667
f 2880//6668 2721//6668 2875//6669
f 2727//6670 2721//6670 2880//6670
f 2881//6671 2813//6671 2882//6671
f 2812//6672 2813//6672 2811//6672
f 2883//6673 2811//6673 2813//6673
f 2881//6674 2883//6674 2813//6674
f 2884//6675 2882//6675 2813//6675
f 2885//6676 2882//6676 2884//6676
f 2881//6677 2882//6677 2885//6677
f 2884//6678 2813//6678 2821//6678
f 2886//6679 2884//6679 2821//6679
f 2878//6680 2887//6680 2821//6680
f 2888//6681 2723//6681 2330//6682
f 2732//6683 2888//6683 2330//6684
f 2889//6685 2888//6685 2732//6685
f 2875//6686 2723//6687 2888//6687
f 2889//6688 2875//6689 2888//6688
f 2890//6690 2732//6690 2731//6690
f 2890//6691 2889//6691 2732//6691
f 2891//6692 2728//6692 2337//6692
f 2892//6693 2733//6693 2729//6693
f 2468//6694 2467//6695 2733//6696
f 2468//6697 2733//6698 2892//6698
f 2727//6699 2892//6699 2729//6699
f 2740//6700 2890//6700 2731//6700
f 2893//6701 2661//6701 2736//6701
f 2894//6702 2736//6702 2737//6702
f 2895//6703 2893//6704 2736//6704
f 2741//6705 2736//6706 2894//6706
f 2895//6707 2736//6708 2741//6709
f 2896//6710 2661//6710 2893//6710
f 2738//6711 2661//6711 2896//6711
f 2203//6712 2737//6712 2204//6712
f 2894//6713 2737//6713 2203//6713
f 2897//6714 2898//6714 2842//6714
f 2899//6715 2842//6715 2898//6715
f 2843//6716 2897//6716 2842//6716
f 2899//6717 2841//6717 2842//6717
f 2900//6718 2898//6718 2897//6718
f 2900//6719 2899//6719 2898//6719
f 2900//6720 2897//6720 2843//6720
f 2900//6721 2843//6721 2845//6721
f 2891//6722 2337//6722 2474//6722
f 2901//6723 2734//6723 2467//6724
f 2901//6725 2740//6725 2734//6725
f 2479//6726 2467//6727 2476//6726
f 2468//6728 2901//6729 2467//6730
f 2479//6731 2468//6732 2467//6733
f 2895//6734 2741//6735 2738//6736
f 2209//6737 2894//6737 2203//6737
f 2899//6738 2839//6738 2841//6738
f 2902//6739 2840//6739 2839//6739
f 2899//6740 2902//6740 2839//6740
f 2847//6741 2845//6741 2844//6741
f 2847//6742 2903//6742 2845//6742
f 2900//6743 2845//6743 2903//6743
f 2904//6744 2903//6744 2847//6744
f 2904//6745 2900//6745 2903//6745
f 2904//6746 2847//6746 2846//6746
f 2745//6747 2741//6748 2895//6749
f 2905//6750 2746//6750 2664//6750
f 2906//6751 2664//6751 2745//6751
f 2905//6752 2664//6752 2906//6752
f 2902//6753 2907//6753 2840//6753
f 2908//6754 2840//6754 2907//6754
f 2838//6755 2837//6755 2840//6755
f 2908//6756 2838//6756 2840//6756
f 2908//6757 2907//6757 2902//6757
f 2908//6758 2902//6758 2899//6758
f 2904//6759 2846//6759 2848//6759
f 2909//6760 2474//6760 2353//6760
f 2910//6761 2748//6761 2746//6761
f 2910//6762 2746//6762 2905//6762
f 2911//6763 2835//6763 2838//6763
f 2908//6764 2911//6764 2838//6764
f 2912//6765 2835//6765 2911//6765
f 2912//6766 2836//6766 2835//6766
f 2912//6767 2911//6767 2908//6767
f 2912//6768 2848//6768 2836//6768
f 2913//6769 2904//6769 2848//6769
f 2913//6770 2848//6770 2912//6770
f 2750//6771 2747//6771 2748//6771
f 2914//6772 2750//6772 2748//6772
f 2914//6773 2748//6773 2910//6773
f 2915//6774 2750//6774 2914//6774
f 2916//6775 2751//6775 2750//6775
f 2916//6776 2750//6776 2915//6776
f 2916//6777 2752//6777 2751//6777
f 2673//6778 2909//6778 2353//6778
f 2681//6779 2504//6779 2505//6779
f 2917//6780 2759//6780 2752//6780
f 2916//6781 2917//6781 2752//6781
f 2764//6782 2758//6782 2759//6782
f 2918//6783 2764//6783 2759//6783
f 2918//6784 2759//6784 2917//6784
f 2919//6785 2917//6785 2916//6785
f 2920//6786 2917//6786 2919//6786
f 2920//6787 2921//6787 2917//6787
f 2295//6788 2283//6788 2811//6788
f 2922//6789 2295//6789 2811//6789
f 2922//6790 2811//6790 2883//6790
f 2923//6791 2523//6792 2764//6792
f 2923//6793 2764//6794 2918//6794
f 2924//6795 2521//6796 2523//6796
f 2923//6797 2924//6798 2523//6799
f 2532//6800 2521//6800 2924//6801
f 2767//6802 2757//6802 2514//6802
f 2680//6803 2676//6803 2769//6803
f 2925//6804 2407//6804 2532//6804
f 2540//6805 2407//6805 2925//6805
f 2771//6806 2926//6806 2768//6806
f 2769//6807 2768//6807 2926//6807
f 2772//6808 2926//6808 2771//6808
f 2927//6809 2694//6809 2539//6809
f 2927//6810 2539//6810 2541//6810
f 2928//6811 2546//6811 2696//6811
f 2929//6812 2928//6812 2696//6812
f 2927//6813 2537//6813 2694//6813
f 2697//6814 2929//6814 2696//6814
f 2773//6815 2308//6815 2761//6815
f 2774//6816 2697//6816 2413//6816
f 2930//6817 2547//6817 2773//6817
f 2930//6818 2774//6818 2547//6818
f 2785//6819 2784//6819 2799//6819
f 2931//6820 2785//6820 2799//6820
f 2805//6821 2931//6821 2799//6821
f 2798//6822 2805//6822 2799//6822
f 2931//6823 2787//6823 2785//6823
f 2790//6824 2787//6824 2931//6824
f 2782//6825 2787//6825 2790//6825
f 2805//6826 2790//6826 2931//6826
f 2798//6827 2804//6827 2805//6827
f 2800//6828 2804//6828 2798//6828
f 2932//6829 2804//6829 2800//6829
f 2933//6830 2804//6830 2932//6830
f 2803//6831 2804//6831 2933//6831
f 2934//6832 2313//6832 2698//6832
f 2935//6833 2415//6833 2313//6833
f 2934//6834 2935//6834 2313//6834
f 2936//6835 2698//6835 2703//6835
f 2936//6836 2934//6836 2698//6836
f 2937//6837 2936//6837 2703//6837
f 2938//6838 2939//6838 2940//6838
f 2941//6839 2940//6839 2939//6839
f 2942//6840 2938//6840 2940//6840
f 2943//6841 2940//6841 2941//6841
f 2944//6842 2940//6842 2943//6842
f 2942//6843 2940//6843 2944//6843
f 2945//6844 2939//6844 2938//6844
f 2945//6845 2941//6845 2939//6845
f 2945//6846 2938//6846 2942//6846
f 2945//6847 2943//6847 2941//6847
f 2946//6848 2859//6848 2860//6848
f 2947//6849 2860//6849 2866//6849
f 2947//6850 2946//6850 2860//6850
f 2946//6851 2948//6851 2859//6851
f 2865//6852 2859//6852 2948//6852
f 2949//6853 2866//6853 2650//6853
f 2949//6854 2947//6854 2866//6854
f 2950//6855 2650//6855 2651//6855
f 2950//6856 2949//6856 2650//6856
f 2951//6857 2627//6857 2628//6857
f 2952//6858 2628//6858 2865//6858
f 2952//6859 2951//6859 2628//6859
f 2643//6860 2651//6860 2645//6860
f 2953//6861 2651//6861 2643//6861
f 2953//6862 2950//6862 2651//6862
f 2954//6863 2632//6863 2627//6863
f 2954//6864 2627//6864 2951//6864
f 2955//6865 2643//6865 2868//6865
f 2955//6866 2953//6866 2643//6866
f 2956//6867 2712//6867 2715//6867
f 2957//6868 2864//6868 2632//6868
f 2957//6869 2632//6869 2954//6869
f 2958//6870 2871//6870 2864//6870
f 2958//6871 2864//6871 2957//6871
f 2959//6872 2868//6872 2867//6872
f 2959//6873 2955//6873 2868//6873
f 2960//6874 2867//6874 2871//6874
f 2960//6875 2959//6875 2867//6875
f 2960//6876 2871//6876 2958//6876
f 2722//6877 2956//6877 2715//6877
f 2961//6878 2876//6878 2874//6878
f 2719//6879 2961//6879 2874//6879
f 2962//6880 2876//6880 2961//6880
f 2962//6881 2877//6881 2876//6881
f 2963//6882 2961//6882 2719//6882
f 2964//6883 2962//6883 2961//6883
f 2965//6884 2961//6884 2963//6884
f 2965//6885 2964//6885 2961//6885
f 2966//6886 2875//6887 2877//6886
f 2967//6888 2877//6888 2962//6888
f 2967//6889 2966//6889 2877//6889
f 2968//6890 2880//6891 2875//6892
f 2966//6893 2968//6894 2875//6895
f 2969//6896 2719//6896 2723//6896
f 2969//6897 2963//6897 2719//6897
f 2728//6898 2722//6898 2141//6898
f 2968//6899 2970//6900 2880//6900
f 2727//6901 2880//6901 2970//6901
f 2969//6902 2723//6902 2875//6903
f 2968//6904 2875//6905 2889//6906
f 2968//6907 2969//6908 2875//6909
f 2971//6910 2889//6910 2890//6910
f 2971//6911 2968//6912 2889//6911
f 2972//6913 2892//6913 2727//6913
f 2973//6914 2468//6915 2892//6916
f 2974//6917 2892//6917 2972//6917
f 2975//6918 2892//6919 2974//6919
f 2975//6920 2973//6921 2892//6922
f 2976//6923 2890//6923 2740//6923
f 2976//6924 2971//6924 2890//6924
f 2977//6925 2466//6926 2978//6925
f 2979//6927 2978//6927 2466//6928
f 2980//6929 2977//6929 2978//6929
f 2981//6930 2978//6930 2979//6930
f 2980//6931 2978//6931 2981//6931
f 2982//6932 2466//6933 2977//6934
f 2982//6935 2979//6936 2466//6937
f 2982//6938 2466//6939 2465//6940
f 2982//6941 2484//6942 2466//6943
f 2983//6944 2977//6944 2980//6944
f 2983//6945 2984//6945 2977//6945
f 2985//6946 2977//6947 2984//6947
f 2985//6948 2982//6949 2977//6950
f 2982//6951 2981//6952 2979//6952
f 2985//6953 2982//6954 2465//6955
f 2975//6956 2465//6957 2973//6958
f 2975//6959 2985//6960 2465//6961
f 2973//6962 2465//6963 2468//6964
f 2986//6965 2740//6965 2901//6965
f 2986//6966 2976//6966 2740//6966
f 2895//6967 2896//6968 2893//6968
f 2895//6969 2738//6970 2896//6970
f 2987//6971 2484//6971 2982//6972
f 2987//6973 2480//6973 2484//6973
f 2973//6974 2901//6975 2468//6976
f 2973//6977 2986//6978 2901//6978
f 2988//6979 2468//6980 2479//6979
f 2988//6981 2973//6982 2468//6983
f 2989//6984 2479//6984 2481//6984
f 2989//6985 2988//6985 2479//6985
f 2990//6986 2741//6987 2894//6986
f 2991//6988 2990//6988 2894//6988
f 2992//6989 2894//6989 2209//6989
f 2991//6990 2894//6990 2992//6990
f 2895//6991 2741//6992 2990//6993
f 2991//6994 2895//6995 2990//6994
f 2991//6996 2745//6996 2895//6997
f 2993//6998 2891//6998 2474//6998
f 2989//6999 2481//6999 2482//6999
f 2989//7000 2482//7000 2483//7000
f 2910//7001 2906//7001 2745//7001
f 2994//7002 2745//7002 2991//7002
f 2994//7003 2910//7003 2745//7003
f 2910//7004 2905//7004 2906//7004
f 2213//7005 2992//7005 2209//7005
f 2991//7006 2992//7006 2213//7006
f 2220//7007 2991//7007 2213//7007
f 2995//7008 2991//7008 2220//7008
f 2994//7009 2991//7009 2995//7009
f 2993//7010 2474//7010 2909//7010
f 2996//7011 2993//7011 2909//7011
f 2501//7012 2500//7012 2498//7012
f 2997//7013 2914//7013 2910//7013
f 2998//7014 2910//7014 2994//7014
f 2997//7015 2910//7015 2998//7015
f 2997//7016 2915//7016 2914//7016
f 2999//7017 2996//7017 2909//7017
f 2503//7018 2500//7018 2501//7018
f 3000//7019 2670//7019 2500//7019
f 3000//7020 2500//7020 2503//7020
f 3001//7021 2916//7021 2915//7021
f 3002//7022 2915//7022 2997//7022
f 3003//7023 3001//7023 2915//7023
f 3003//7024 2915//7024 3002//7024
f 3001//7025 2919//7025 2916//7025
f 3004//7026 2909//7026 2673//7026
f 3004//7027 2999//7027 2909//7027
f 2755//7028 2669//7028 2670//7028
f 3000//7029 2755//7029 2670//7029
f 2506//7030 3000//7030 2503//7030
f 2507//7031 2504//7031 2681//7031
f 3005//7032 2919//7032 3001//7032
f 2920//7033 2919//7033 3005//7033
f 2757//7034 3004//7034 2673//7034
f 3006//7035 3007//7035 2681//7035
f 2680//7036 3006//7036 2681//7036
f 2507//7037 2681//7037 3007//7037
f 3008//7038 3007//7038 3009//7038
f 3008//7039 2507//7039 3007//7039
f 3006//7040 3009//7040 3007//7040
f 3010//7041 3009//7041 3006//7041
f 3011//7042 3008//7042 3009//7042
f 3010//7043 3011//7043 3009//7043
f 2918//7044 2917//7044 2921//7044
f 3012//7045 2918//7045 2921//7045
f 3013//7046 2921//7046 2920//7046
f 3014//7047 3012//7047 2921//7047
f 3014//7048 2921//7048 3013//7048
f 3015//7049 2924//7050 2918//7049
f 2923//7051 2918//7052 2924//7053
f 3012//7054 3015//7054 2918//7054
f 3016//7055 2237//7056 2766//7055
f 3017//7057 2235//7057 2237//7058
f 2765//7059 3017//7060 2237//7061
f 3018//7062 2237//7063 3016//7062
f 3019//7064 2237//7065 3018//7064
f 3019//7066 2765//7067 2237//7068
f 2506//7069 2762//7069 2755//7069
f 2506//7070 2755//7070 3000//7070
f 3020//7071 2763//7071 2762//7071
f 3021//7072 3020//7072 2762//7072
f 3021//7073 2762//7073 2506//7073
f 2769//7074 3006//7074 2680//7074
f 3022//7075 3006//7075 2769//7075
f 3023//7076 3006//7076 3022//7076
f 3010//7077 3006//7077 3023//7077
f 3024//7078 2924//7079 3015//7078
f 3025//7080 2532//7080 2924//7081
f 3026//7082 2924//7083 2923//7084
f 3024//7085 2923//7086 2924//7087
f 3025//7088 2924//7089 3026//7088
f 3027//7090 3015//7090 3012//7090
f 3024//7091 3015//7091 3027//7091
f 3028//7092 2766//7092 2284//7092
f 3029//7093 2766//7093 3028//7093
f 3029//7094 3016//7094 2766//7094
f 2291//7095 3028//7095 2284//7095
f 2291//7096 3029//7096 3028//7096
f 3030//7097 2757//7097 2767//7097
f 3030//7098 3031//7098 2757//7098
f 2761//7099 2309//7099 3032//7099
f 3033//7100 2309//7100 2763//7100
f 3032//7101 2309//7101 3033//7101
f 3033//7102 2763//7102 3020//7102
f 2926//7103 3022//7103 2769//7103
f 3034//7104 3023//7104 3022//7104
f 2772//7105 3022//7105 2926//7105
f 3035//7106 3022//7106 2772//7106
f 3036//7107 3022//7107 3035//7107
f 3034//7108 3022//7108 3036//7108
f 3010//7109 3023//7109 3034//7109
f 3037//7110 2925//7110 2532//7110
f 3038//7111 2532//7111 3025//7111
f 3038//7112 3037//7112 2532//7112
f 3037//7113 2540//7113 2925//7113
f 3039//7114 2767//7114 2770//7114
f 3039//7115 3040//7115 2767//7115
f 3030//7116 2767//7116 3040//7116
f 3036//7117 3035//7117 2772//7117
f 2692//7118 3036//7118 2772//7118
f 3041//7119 3036//7119 2692//7119
f 3041//7120 3042//7120 3036//7120
f 3034//7121 3036//7121 3042//7121
f 3043//7122 3041//7122 2692//7122
f 3044//7123 3043//7123 2692//7123
f 2691//7124 3045//7124 2692//7124
f 3044//7125 2692//7125 3045//7125
f 3046//7126 2541//7126 2540//7126
f 3046//7127 2540//7127 3037//7127
f 3047//7128 2770//7128 2546//7128
f 3047//7129 3039//7129 2770//7129
f 3048//7130 2541//7130 3046//7130
f 3049//7131 2541//7131 3048//7131
f 2927//7132 2541//7132 3049//7132
f 3047//7133 2546//7133 2928//7133
f 2927//7134 2693//7134 2537//7134
f 3050//7135 2800//7135 2795//7135
f 3051//7136 2935//7136 2934//7136
f 3052//7137 2934//7137 3053//7137
f 3052//7138 3051//7138 2934//7138
f 2936//7139 3053//7139 2934//7139
f 3052//7140 3053//7140 2936//7140
f 3054//7141 2936//7141 2937//7141
f 3054//7142 3052//7142 2936//7142
f 3055//7143 2937//7143 2703//7143
f 3056//7144 2944//7144 2943//7144
f 3057//7145 2943//7145 2945//7145
f 3058//7146 3056//7146 2943//7146
f 3057//7147 3058//7147 2943//7147
f 3059//7148 2942//7148 2944//7148
f 3059//7149 2944//7149 3056//7149
f 3057//7150 2945//7150 2942//7150
f 3057//7151 2942//7151 3059//7151
f 2952//7152 2865//7152 2948//7152
f 2946//7153 3060//7153 2948//7153
f 2952//7154 2948//7154 3060//7154
f 3061//7155 2946//7155 2947//7155
f 3062//7156 2947//7156 2949//7156
f 3062//7157 3061//7157 2947//7157
f 2950//7158 3062//7158 2949//7158
f 3055//7159 2703//7159 2711//7159
f 3055//7160 2711//7160 2712//7160
f 3063//7161 3064//7161 3065//7161
f 3066//7162 3065//7162 3064//7162
f 3067//7163 3063//7163 3065//7163
f 3068//7164 3065//7164 3066//7164
f 3069//7165 3065//7165 3068//7165
f 3067//7166 3065//7166 3069//7166
f 3070//7167 3064//7167 3063//7167
f 3071//7168 3066//7168 3064//7168
f 3072//7169 3064//7169 3070//7169
f 3072//7170 3071//7170 3064//7170
f 3073//7171 3063//7171 3074//7171
f 3067//7172 3074//7172 3063//7172
f 3070//7173 3063//7173 3073//7173
f 3071//7174 3068//7174 3066//7174
f 3075//7175 2954//7175 2951//7175
f 2952//7176 3076//7176 2951//7176
f 3075//7177 2951//7177 3076//7177
f 3073//7178 3074//7178 1881//7178
f 2444//7179 1881//7179 3074//7179
f 1884//7180 3073//7180 1881//7180
f 1914//7181 1883//7181 2444//7181
f 2444//7182 3074//7182 3067//7182
f 3072//7183 3070//7183 3073//7183
f 3077//7184 3073//7184 1884//7184
f 3072//7185 3073//7185 3077//7185
f 2957//7186 2954//7186 3075//7186
f 3055//7187 2712//7187 2956//7187
f 3078//7188 3055//7188 2956//7188
f 3079//7189 1884//7189 1886//7189
f 3077//7190 1884//7190 3079//7190
f 3080//7191 1916//7191 1912//7191
f 3080//7192 1912//7192 1914//7192
f 3079//7193 1886//7193 1885//7193
f 1917//7194 1885//7194 1913//7194
f 3079//7195 1885//7195 1917//7195
f 3081//7196 2956//7196 2722//7196
f 3081//7197 3078//7197 2956//7197
f 3082//7198 1915//7198 1916//7198
f 3083//7199 3082//7199 1916//7199
f 3083//7200 1916//7200 3080//7200
f 2964//7201 2967//7201 2962//7201
f 1918//7202 1915//7202 3082//7202
f 3083//7203 1918//7203 3082//7203
f 2965//7204 2963//7204 2969//7204
f 3084//7205 2722//7205 2728//7205
f 3085//7206 2970//7206 2968//7207
f 2972//7208 2727//7208 2970//7208
f 3086//7209 2972//7209 2970//7209
f 3087//7210 3086//7210 2970//7210
f 3087//7211 2970//7211 3085//7211
f 3085//7212 2968//7213 2966//7212
f 2967//7214 3088//7214 2966//7214
f 3085//7215 2966//7215 3088//7215
f 3089//7216 2969//7216 2968//7217
f 3090//7218 2965//7218 2969//7218
f 3091//7219 3090//7219 2969//7219
f 3091//7220 2969//7220 3089//7220
f 3092//7221 2974//7221 2972//7221
f 3092//7222 2972//7222 3086//7222
f 3089//7223 2968//7224 2971//7223
f 3093//7225 2971//7225 2976//7225
f 3093//7226 3089//7226 2971//7226
f 2891//7227 3084//7227 2728//7227
f 3094//7228 2980//7228 2981//7228
f 3095//7229 3096//7229 2981//7229
f 3094//7230 2981//7230 3096//7230
f 3097//7231 3095//7231 2981//7231
f 2985//7232 2981//7233 2982//7234
f 2985//7235 3097//7236 2981//7236
f 3094//7237 2983//7237 2980//7237
f 3098//7238 3096//7238 3095//7238
f 3099//7239 3096//7239 3098//7239
f 3094//7240 3096//7240 3099//7240
f 3100//7241 3098//7241 3095//7241
f 3097//7242 3100//7242 3095//7242
f 3099//7243 3098//7243 3100//7243
f 3097//7244 2975//7245 2974//7244
f 3092//7246 3100//7246 2974//7246
f 3097//7247 2974//7247 3100//7247
f 3101//7248 2976//7248 2986//7248
f 3102//7249 3093//7249 2976//7249
f 3101//7250 3102//7250 2976//7250
f 3103//7251 2986//7251 2973//7252
f 3101//7253 2986//7253 3103//7253
f 3104//7254 2984//7254 2983//7254
f 3105//7255 2985//7256 2984//7255
f 3105//7257 2984//7257 3104//7257
f 3106//7258 2983//7258 3094//7258
f 3107//7259 2983//7260 3106//7260
f 3104//7261 2983//7261 3107//7262
f 3097//7263 2985//7264 2975//7265
f 2987//7266 2982//7267 2985//7268
f 3108//7269 2987//7269 2985//7270
f 3108//7271 2985//7272 3105//7271
f 3109//7273 2973//7274 2988//7273
f 3110//7275 3103//7275 2973//7276
f 2975//7277 3110//7278 2973//7279
f 3109//7280 2975//7281 2973//7282
f 3111//7283 2988//7283 2989//7283
f 3111//7284 3109//7284 2988//7284
f 3101//7285 3103//7285 3110//7285
f 3112//7286 3110//7286 2975//7287
f 3101//7288 3110//7288 3112//7288
f 2987//7289 2483//7289 2480//7289
f 3113//7290 3114//7290 2483//7290
f 3111//7291 2483//7291 3114//7291
f 2987//7292 3113//7292 2483//7292
f 3111//7293 2989//7293 2483//7293
f 3115//7294 3111//7295 3114//7295
f 3116//7296 3113//7296 2987//7296
f 3114//7297 3113//7297 3116//7297
f 3116//7298 2987//7298 3108//7298
f 3117//7299 2995//7299 2220//7299
f 2219//7300 3117//7300 2220//7300
f 3118//7301 2994//7301 2995//7301
f 3119//7302 2995//7302 3117//7302
f 3118//7303 2995//7303 3119//7303
f 3120//7304 3121//7304 3122//7304
f 3123//7305 3122//7305 3121//7305
f 3123//7306 3120//7306 3122//7306
f 3120//7307 3124//7307 3121//7307
f 3125//7308 3121//7308 3124//7308
f 3125//7309 3124//7309 3120//7309
f 3126//7310 3120//7310 3123//7310
f 3125//7311 3120//7311 3126//7311
f 3118//7312 2998//7312 2994//7312
f 3127//7313 2997//7313 2998//7313
f 3128//7314 2998//7314 3118//7314
f 3127//7315 2998//7315 3128//7315
f 3002//7316 2997//7316 3127//7316
f 2508//7317 3021//7317 2506//7317
f 3129//7318 3005//7318 3001//7318
f 3003//7319 3129//7319 3001//7319
f 3130//7320 2509//7320 2507//7320
f 3008//7321 3131//7321 2507//7321
f 3130//7322 2507//7322 3131//7322
f 2508//7323 3132//7323 3021//7323
f 3133//7324 3021//7324 3132//7324
f 3134//7325 3021//7325 3133//7325
f 3135//7326 3021//7326 3134//7326
f 3020//7327 3021//7327 3135//7327
f 3136//7328 3132//7328 2508//7328
f 3137//7329 3132//7329 3138//7329
f 3139//7330 3138//7330 3132//7330
f 3137//7331 3133//7331 3132//7331
f 3140//7332 3132//7332 3136//7332
f 3139//7333 3132//7333 3140//7333
f 2509//7334 3141//7334 2508//7334
f 3142//7335 2508//7335 3141//7335
f 3136//7336 2508//7336 3142//7336
f 3130//7337 3141//7337 2509//7337
f 3142//7338 3141//7338 3130//7338
f 3143//7339 3131//7339 3008//7339
f 3144//7340 3131//7340 3143//7340
f 3130//7341 3131//7341 3144//7341
f 3145//7342 3143//7342 3008//7342
f 3146//7343 3008//7343 3011//7343
f 3147//7344 3008//7344 3146//7344
f 3147//7345 3145//7345 3008//7345
f 3148//7346 3144//7346 3143//7346
f 3145//7347 3148//7347 3143//7347
f 3149//7348 3005//7348 3129//7348
f 3149//7349 2920//7349 3005//7349
f 3149//7350 3129//7350 3003//7350
f 3150//7351 2234//7351 2235//7351
f 2226//7352 2234//7353 3150//7353
f 2757//7354 3151//7354 3004//7354
f 3152//7355 3004//7355 3151//7355
f 3153//7356 3004//7356 3152//7356
f 3153//7357 3154//7357 3004//7357
f 2999//7358 3004//7358 3154//7358
f 3034//7359 3042//7359 3011//7359
f 3155//7360 3011//7360 3042//7360
f 3010//7361 3034//7361 3011//7361
f 3156//7362 3146//7362 3011//7362
f 3157//7363 3011//7363 3155//7363
f 3157//7364 3156//7364 3011//7364
f 3158//7365 3042//7365 3041//7365
f 3159//7366 3155//7366 3042//7366
f 3160//7367 3042//7367 3158//7367
f 3160//7368 3159//7368 3042//7368
f 3161//7369 3158//7369 3041//7369
f 3043//7370 3161//7370 3041//7370
f 3156//7371 3147//7371 3146//7371
f 3013//7372 2920//7372 3149//7372
f 3014//7373 3027//7373 3012//7373
f 3162//7374 2235//7374 3017//7374
f 3163//7375 2235//7375 3162//7375
f 3163//7376 3150//7376 2235//7376
f 3164//7377 3162//7377 3017//7377
f 2765//7378 3164//7379 3017//7379
f 2923//7380 3163//7381 3162//7381
f 3026//7382 2923//7383 3162//7382
f 3164//7384 3026//7384 3162//7384
f 3165//7385 3150//7385 3163//7385
f 3166//7386 2226//7387 3150//7386
f 3165//7388 3166//7388 3150//7388
f 3167//7389 3163//7389 2923//7390
f 3165//7391 3163//7391 3167//7391
f 3168//7392 3018//7392 3016//7392
f 3169//7393 3016//7393 3029//7393
f 3169//7394 3168//7394 3016//7394
f 3170//7395 3019//7395 3018//7395
f 3168//7396 3171//7396 3018//7396
f 3170//7397 3018//7397 3171//7397
f 2293//7398 3029//7398 2291//7398
f 3169//7399 3029//7399 2293//7399
f 3172//7400 3151//7400 2757//7400
f 3172//7401 3152//7401 3151//7401
f 3031//7402 3172//7402 2757//7402
f 3172//7403 3153//7403 3152//7403
f 3159//7404 3157//7404 3155//7404
f 3173//7405 3024//7405 3027//7405
f 3173//7406 3027//7406 3014//7406
f 3024//7407 3167//7407 2923//7408
f 3174//7409 3026//7409 3164//7409
f 3174//7410 3025//7410 3026//7410
f 3173//7411 3167//7411 3024//7411
f 3175//7412 3165//7412 3167//7412
f 3173//7413 3175//7413 3167//7413
f 3019//7414 3164//7414 2765//7415
f 3174//7416 3164//7416 3019//7416
f 3170//7417 3174//7417 3019//7417
f 3176//7418 3174//7418 3170//7418
f 3177//7419 3174//7420 3176//7420
f 3178//7421 3169//7421 2293//7421
f 3178//7422 2293//7422 3179//7422
f 3179//7423 2293//7423 2292//7423
f 3180//7424 3033//7424 3020//7424
f 3161//7425 3160//7425 3158//7425
f 3177//7426 3025//7427 3174//7427
f 3181//7428 3038//7428 3025//7428
f 3182//7429 3025//7429 3177//7430
f 3181//7431 3025//7431 3182//7431
f 3183//7432 3037//7432 3038//7432
f 3048//7433 3037//7433 3183//7433
f 3048//7434 3046//7434 3037//7434
f 3181//7435 3183//7435 3038//7435
f 3184//7436 3048//7437 3183//7437
f 3185//7438 3183//7438 3181//7438
f 3184//7439 3183//7440 3185//7440
f 3186//7441 3032//7441 3033//7441
f 3186//7442 3033//7442 3180//7442
f 3187//7443 3045//7443 2691//7443
f 3187//7444 3044//7444 3045//7444
f 3184//7445 3049//7446 3048//7446
f 3188//7447 2927//7447 3049//7447
f 3189//7448 3049//7448 3184//7449
f 3188//7450 3049//7450 3189//7450
f 3190//7451 2928//7451 2929//7451
f 3188//7452 2693//7452 2927//7452
f 3190//7453 2929//7453 2697//7453
f 3190//7454 2697//7454 2774//7454
f 3191//7455 2773//7455 2761//7455
f 2930//7456 2773//7456 3191//7456
f 2932//7457 2800//7457 3050//7457
f 3192//7458 2415//7458 2935//7458
f 3193//7459 2314//7459 2415//7459
f 3193//7460 2415//7460 3192//7460
f 3194//7461 2935//7461 3051//7461
f 3194//7462 3192//7462 2935//7462
f 1827//7463 1826//7463 2314//7463
f 1827//7464 2314//7464 3193//7464
f 3051//7465 3052//7465 3054//7465
f 3055//7466 3195//7466 2937//7466
f 3196//7467 3056//7467 3058//7467
f 3197//7468 3059//7468 3056//7468
f 3198//7469 3197//7469 3056//7469
f 3199//7470 3198//7470 3056//7470
f 3200//7471 3056//7471 3196//7471
f 3199//7472 3056//7472 3200//7472
f 3201//7473 3058//7473 3057//7473
f 3201//7474 3202//7474 3058//7474
f 1828//7475 3058//7475 3202//7475
f 3196//7476 3058//7476 1828//7476
f 3203//7477 3069//7477 3068//7477
f 3198//7478 3068//7478 3197//7478
f 3071//7479 3197//7479 3068//7479
f 3203//7480 3068//7480 3198//7480
f 3204//7481 3067//7481 3069//7481
f 3205//7482 3069//7482 3203//7482
f 3204//7483 3069//7483 3205//7483
f 3206//7484 3059//7484 3197//7484
f 3207//7485 3057//7485 3059//7485
f 3207//7486 3059//7486 3206//7486
f 3206//7487 3197//7487 3071//7487
f 3208//7488 3198//7488 3199//7488
f 3203//7489 3198//7489 3208//7489
f 3209//7490 3057//7490 3207//7490
f 3210//7491 3057//7491 3209//7491
f 3201//7492 3057//7492 3210//7492
f 2444//7493 3067//7493 3204//7493
f 3211//7494 3207//7494 3206//7494
f 3071//7495 3212//7495 3206//7495
f 3211//7496 3206//7496 3212//7496
f 3213//7497 3209//7497 3207//7497
f 3213//7498 3207//7498 3211//7498
f 3214//7499 3210//7499 3209//7499
f 3215//7500 3214//7500 3209//7500
f 3215//7501 3209//7501 3213//7501
f 3216//7502 3210//7502 3214//7502
f 3217//7503 3210//7503 3216//7503
f 3217//7504 3201//7504 3210//7504
f 3218//7505 3216//7505 3214//7505
f 3219//7506 3214//7506 3215//7506
f 3219//7507 3218//7507 3214//7507
f 3218//7508 3217//7508 3216//7508
f 3220//7509 1914//7509 2444//7509
f 3220//7510 2444//7510 3221//7510
f 3222//7511 3211//7511 3212//7511
f 3072//7512 3223//7512 3071//7512
f 3212//7513 3071//7513 3223//7513
f 3224//7514 3223//7514 3072//7514
f 3225//7515 3212//7515 3223//7515
f 3225//7516 3223//7516 3224//7516
f 3077//7517 3226//7518 3072//7517
f 3224//7519 3072//7519 3226//7520
f 3227//7521 3088//7521 3226//7522
f 2967//7523 3226//7524 3088//7523
f 3079//7525 3227//7525 3226//7526
f 3077//7527 3079//7527 3226//7528
f 2967//7529 3224//7529 3226//7530
f 3228//7531 3088//7531 3227//7531
f 3229//7532 3085//7532 3088//7532
f 3229//7533 3088//7533 3228//7533
f 1917//7534 3230//7534 3227//7534
f 3231//7535 3227//7535 3230//7535
f 3079//7536 1917//7536 3227//7536
f 3232//7537 3228//7537 3227//7537
f 3231//7538 3232//7538 3227//7538
f 3100//7539 3086//7539 3230//7539
f 3233//7540 3230//7540 3086//7540
f 1918//7541 3100//7541 3230//7541
f 1917//7542 1918//7542 3230//7542
f 3233//7543 3231//7543 3230//7543
f 3092//7544 3086//7544 3100//7544
f 3233//7545 3086//7545 3087//7545
f 3234//7546 3100//7546 1918//7546
f 3235//7547 1918//7548 3083//7548
f 3236//7549 3234//7550 1918//7550
f 3235//7551 3236//7552 1918//7553
f 3237//7554 3213//7554 3211//7554
f 3237//7555 3211//7555 3222//7555
f 3219//7556 3215//7556 3213//7556
f 3238//7557 3213//7557 3237//7557
f 3238//7558 3219//7558 3213//7558
f 3239//7559 3222//7559 3212//7559
f 3239//7560 3212//7560 3225//7560
f 3240//7561 3237//7561 3222//7561
f 3240//7562 3222//7562 3239//7562
f 3241//7563 3237//7563 3240//7563
f 3241//7564 3238//7564 3237//7564
f 3080//7565 1914//7565 3220//7565
f 2964//7566 3225//7566 3224//7566
f 2964//7567 3224//7567 2967//7567
f 3242//7568 3239//7568 3225//7568
f 3242//7569 3225//7569 2964//7569
f 3243//7570 3240//7570 3239//7570
f 3243//7571 3239//7571 3242//7571
f 3244//7572 3240//7572 3243//7572
f 3244//7573 3241//7573 3240//7573
f 3245//7574 3083//7574 3080//7574
f 3246//7575 3242//7575 2964//7575
f 2965//7576 3246//7576 2964//7576
f 3247//7577 3243//7577 3242//7577
f 3247//7578 3242//7578 3246//7578
f 3248//7579 3243//7579 3247//7579
f 3248//7580 3244//7580 3243//7580
f 3084//7581 3081//7581 2722//7581
f 3235//7582 3083//7583 3245//7583
f 3087//7584 3085//7584 3229//7584
f 3090//7585 3246//7585 2965//7585
f 3248//7586 3247//7586 3246//7586
f 3249//7587 3246//7587 3090//7587
f 3249//7588 3248//7588 3246//7588
f 3099//7589 3100//7589 3234//7589
f 3250//7590 3099//7591 3234//7591
f 3250//7592 3234//7593 3236//7594
f 3251//7595 3090//7595 3091//7595
f 3251//7596 3249//7596 3090//7596
f 3106//7597 3094//7597 3099//7597
f 3106//7598 3099//7598 3250//7599
f 3252//7600 3091//7600 3089//7600
f 3252//7601 3089//7601 3093//7601
f 3253//7602 3091//7602 3252//7602
f 3253//7603 3251//7603 3091//7603
f 3254//7604 3252//7604 3093//7604
f 3255//7605 3252//7605 3254//7605
f 3255//7606 3253//7606 3252//7606
f 3256//7607 3084//7607 2891//7607
f 3255//7608 3254//7608 3093//7608
f 3257//7609 3093//7609 3102//7609
f 3258//7610 3255//7610 3093//7610
f 3257//7611 3258//7611 3093//7611
f 3259//7612 3256//7612 2891//7612
f 3260//7613 3112//7613 2975//7614
f 3109//7615 3260//7615 2975//7616
f 3260//7617 3261//7617 3112//7617
f 3101//7618 3112//7618 3261//7618
f 3262//7619 3261//7619 3260//7619
f 3262//7620 3101//7620 3261//7620
f 3111//7621 3260//7621 3109//7621
f 3263//7622 3260//7622 3111//7622
f 3264//7623 3260//7623 3263//7623
f 3265//7624 3262//7624 3260//7624
f 3264//7625 3265//7625 3260//7625
f 3257//7626 3102//7626 3101//7626
f 3266//7627 3257//7627 3101//7627
f 3262//7628 3266//7628 3101//7628
f 3267//7629 2899//7629 2900//7629
f 3268//7630 2908//7630 2899//7630
f 3269//7631 2899//7631 3267//7631
f 3268//7632 2899//7632 3269//7632
f 2913//7633 2900//7633 2904//7633
f 3270//7634 3267//7634 2900//7634
f 3270//7635 2900//7635 2913//7635
f 3259//7636 2891//7636 2993//7636
f 3271//7637 3123//7637 3121//7637
f 3125//7638 3271//7638 3121//7638
f 3272//7639 3263//7639 3111//7639
f 3115//7640 3272//7641 3111//7641
f 3118//7642 3119//7642 3117//7642
f 3002//7643 3117//7643 2219//7643
f 3002//7644 3118//7644 3117//7644
f 3002//7645 2219//7645 2221//7645
f 3273//7646 3259//7646 2993//7646
f 3274//7647 3271//7647 3125//7647
f 3275//7648 3123//7648 3271//7648
f 3274//7649 3275//7649 3271//7649
f 3276//7650 3125//7650 3126//7650
f 3277//7651 3125//7651 3276//7651
f 3278//7652 3125//7652 3277//7652
f 3274//7653 3125//7653 3278//7653
f 3279//7654 3263//7654 3272//7654
f 3280//7655 3263//7655 3279//7655
f 3280//7656 3264//7656 3263//7656
f 3281//7657 3279//7657 3272//7657
f 3282//7658 3281//7659 3272//7659
f 3282//7660 3272//7661 3115//7662
f 3127//7663 3128//7663 3118//7663
f 3002//7664 3127//7664 3118//7664
f 3283//7665 2221//7665 2223//7665
f 3014//7666 3013//7666 2221//7666
f 3002//7667 2221//7667 3013//7667
f 3283//7668 3014//7668 2221//7668
f 2913//7669 2912//7669 2908//7669
f 3270//7670 2908//7670 3268//7670
f 3270//7671 2913//7671 2908//7671
f 3273//7672 2993//7672 2996//7672
f 3280//7673 3279//7673 3281//7673
f 3280//7674 3281//7674 3282//7675
f 2227//7676 3283//7676 2223//7676
f 3145//7677 3144//7677 3148//7677
f 3145//7678 3130//7678 3144//7678
f 3002//7679 3149//7679 3003//7679
f 3145//7680 3142//7680 3130//7680
f 3156//7681 3145//7681 3147//7681
f 3171//7682 2228//7682 2226//7683
f 2231//7684 2229//7684 2228//7684
f 3168//7685 2228//7685 3171//7685
f 3284//7686 2228//7686 3168//7686
f 3285//7687 2228//7687 3284//7687
f 2231//7688 2228//7688 3285//7688
f 2227//7689 2226//7690 3166//7689
f 3286//7691 3171//7691 2226//7692
f 3287//7693 3286//7693 2226//7694
f 3287//7695 2226//7696 2230//7695
f 3172//7697 3154//7697 3153//7697
f 3031//7698 3154//7698 3172//7698
f 3159//7699 3156//7699 3157//7699
f 3288//7700 3156//7700 3159//7700
f 3288//7701 3145//7701 3156//7701
f 3002//7702 3013//7702 3149//7702
f 3173//7703 3014//7703 3175//7703
f 3283//7704 3175//7704 3014//7704
f 3283//7705 3166//7705 3165//7705
f 2227//7706 3166//7706 3283//7706
f 3283//7707 3165//7707 3175//7707
f 3170//7708 3171//7708 3286//7708
f 3176//7709 3170//7709 3286//7709
f 3289//7710 3176//7711 3286//7711
f 3289//7712 3286//7713 3287//7713
f 3290//7714 3284//7714 3168//7714
f 3290//7715 3168//7715 3169//7715
f 3285//7716 3284//7716 3290//7716
f 3178//7717 3290//7717 3169//7717
f 3291//7718 2294//7718 2295//7718
f 3292//7719 2292//7719 2294//7719
f 3293//7720 2294//7720 3291//7720
f 3292//7721 2294//7721 3293//7721
f 3161//7722 3159//7722 3160//7722
f 3294//7723 3159//7723 3161//7723
f 3294//7724 3288//7724 3159//7724
f 3177//7725 3176//7726 3295//7726
f 3289//7727 3295//7728 3176//7728
f 3296//7729 3179//7729 2292//7729
f 3296//7730 2292//7730 3297//7730
f 3298//7731 3297//7731 2292//7731
f 3298//7732 2292//7732 3292//7732
f 3299//7733 3031//7733 3030//7733
f 3294//7734 3161//7734 3043//7734
f 3182//7735 3177//7736 3295//7735
f 3300//7737 3182//7737 3295//7737
f 3301//7738 3295//7738 3289//7739
f 3300//7740 3295//7740 3301//7740
f 3300//7741 3181//7741 3182//7741
f 3299//7742 3030//7742 3040//7742
f 3039//7743 3299//7743 3040//7743
f 3294//7744 3043//7744 3044//7744
f 3302//7745 3185//7745 3181//7745
f 3303//7746 3181//7746 3300//7746
f 3304//7747 3302//7747 3181//7747
f 3305//7748 3181//7748 3303//7748
f 3306//7749 3304//7749 3181//7749
f 3305//7750 3306//7750 3181//7750
f 3184//7751 3185//7752 3307//7752
f 3302//7753 3307//7753 3185//7753
f 3308//7754 3039//7754 3047//7754
f 3189//7755 3184//7756 3307//7755
f 3309//7757 3189//7758 3307//7758
f 3310//7759 3307//7759 3302//7759
f 3309//7760 3307//7761 3310//7761
f 3311//7762 3188//7763 3189//7763
f 3311//7764 3189//7765 3309//7766
f 3308//7767 3047//7767 2928//7767
f 3308//7768 2928//7768 3190//7768
f 3311//7769 2693//7770 3188//7770
f 3311//7771 2691//7772 2693//7772
f 3312//7773 3313//7773 3314//7773
f 3315//7774 3312//7774 3314//7774
f 3316//7775 3315//7775 3314//7775
f 3313//7776 3317//7776 3314//7776
f 3316//7777 3314//7777 3317//7777
f 3318//7778 3319//7778 3317//7778
f 3320//7779 3317//7779 3319//7779
f 3313//7780 3318//7780 3317//7780
f 3320//7781 3316//7781 3317//7781
f 3321//7782 3319//7782 3318//7782
f 3321//7783 3320//7783 3319//7783
f 3322//7784 3318//7784 3313//7784
f 3323//7785 3321//7785 3318//7785
f 3322//7786 3323//7786 3318//7786
f 3322//7787 3313//7787 3324//7787
f 3312//7788 3325//7788 3313//7788
f 3324//7789 3313//7789 3325//7789
f 3312//7790 3326//7790 3325//7790
f 3327//7791 3324//7791 3325//7791
f 3328//7792 3327//7792 3325//7792
f 3326//7793 3329//7793 3325//7793
f 3328//7794 3325//7794 3329//7794
f 3326//7795 3330//7795 3329//7795
f 3331//7796 3329//7796 3330//7796
f 3328//7797 3329//7797 3331//7797
f 3330//7798 3326//7798 3332//7798
f 3332//7799 3326//7799 3312//7799
f 3332//7800 3312//7800 3315//7800
f 3333//7801 3315//7801 3316//7801
f 3334//7802 3332//7802 3315//7802
f 3334//7803 3315//7803 3333//7803
f 3335//7804 3316//7804 3336//7804
f 3335//7805 3333//7805 3316//7805
f 3336//7806 3316//7806 3320//7806
f 3337//7807 3191//7807 2761//7807
f 3338//7783 3320//7783 3321//7783
f 3339//7808 3336//7808 3320//7808
f 3338//7809 3339//7809 3320//7809
f 3340//7810 3321//7810 3323//7810
f 3340//7811 3338//7811 3321//7811
f 3341//7812 3330//7812 3332//7812
f 3341//7813 3332//7813 3334//7813
f 3342//7814 3331//7814 3330//7814
f 3342//7815 3330//7815 3341//7815
f 3343//7816 3190//7816 2774//7816
f 3344//7817 3323//7817 3322//7817
f 3344//7818 3340//7818 3323//7818
f 3342//7819 3328//7819 3331//7819
f 3345//7820 3322//7820 3324//7820
f 3345//7821 3324//7821 3327//7821
f 3346//7822 3344//7822 3322//7822
f 3347//7823 3322//7823 3345//7823
f 3347//7824 3346//7824 3322//7824
f 3345//7825 3327//7825 3328//7825
f 3348//7826 3328//7826 3342//7826
f 3349//7827 3328//7827 3348//7827
f 3347//7828 3345//7828 3328//7828
f 3349//7829 3347//7829 3328//7829
f 3350//7830 3050//7830 2795//7830
f 2796//7831 3350//7831 2795//7831
f 2932//7832 3050//7832 3350//7832
f 2933//7833 2932//7833 3350//7833
f 2809//7834 2808//7834 2807//7834
f 3351//7835 3352//7835 3193//7835
f 1827//7836 3193//7836 3352//7836
f 3196//7837 3352//7837 3351//7837
f 1828//7838 1827//7838 3352//7838
f 3196//7839 1828//7839 3352//7839
f 3200//7840 3196//7840 3351//7840
f 3353//7841 3200//7841 3351//7841
f 3353//7842 3351//7842 3193//7842
f 1828//7843 3202//7843 1823//7843
f 1824//7844 1823//7844 3202//7844
f 3201//7845 3354//7845 3202//7845
f 3355//7846 3202//7846 3354//7846
f 3355//7847 1824//7847 3202//7847
f 3217//7848 3354//7848 3201//7848
f 3356//7849 3355//7849 3354//7849
f 3356//7850 3354//7850 3217//7850
f 2850//7851 2849//7851 2809//7851
f 3054//7852 3194//7852 3051//7852
f 3195//7853 3194//7853 3054//7853
f 3195//7854 3054//7854 2937//7854
f 3199//7855 3200//7855 3357//7855
f 3353//7856 3357//7856 3200//7856
f 1825//7857 1824//7857 3355//7857
f 2852//7858 2851//7858 2850//7858
f 3208//7859 3199//7859 3357//7859
f 3358//7860 3208//7860 3357//7860
f 3358//7861 3357//7861 3353//7861
f 3203//7862 3208//7862 3359//7862
f 3358//7863 3359//7863 3208//7863
f 3360//7864 3361//7864 3362//7864
f 3363//7865 3362//7865 3361//7865
f 3364//7866 3360//7866 3362//7866
f 3365//7867 3362//7867 3363//7867
f 3364//7868 3362//7868 3365//7868
f 3060//7869 3361//7869 3360//7869
f 2946//7870 3363//7870 3361//7870
f 2946//7871 3361//7871 3060//7871
f 3366//7872 3360//7872 3367//7872
f 3364//7873 3367//7873 3360//7873
f 3060//7874 3360//7874 3366//7874
f 3368//7875 3363//7875 2946//7875
f 3365//7876 3363//7876 3368//7876
f 3061//7877 3368//7877 2946//7877
f 3369//7878 3368//7878 3061//7878
f 3370//7879 3368//7879 3369//7879
f 3365//7880 3368//7880 3370//7880
f 3371//7881 3369//7881 3061//7881
f 3062//7882 3371//7882 3061//7882
f 3372//7883 3369//7883 3371//7883
f 3370//7884 3369//7884 3372//7884
f 3373//7885 3371//7885 3062//7885
f 3374//7886 3371//7886 3373//7886
f 3375//7887 3371//7887 3374//7887
f 3372//7888 3371//7888 3375//7888
f 2854//7889 2853//7889 2852//7889
f 3205//7890 3203//7890 3359//7890
f 3376//7891 3205//7891 3359//7891
f 3221//7892 3204//7892 3205//7892
f 3221//7893 3205//7893 3376//7893
f 3377//7894 3356//7894 3217//7894
f 3218//7895 3377//7895 3217//7895
f 3378//7896 3356//7896 3377//7896
f 3379//7897 3356//7897 3378//7897
f 3355//7898 3356//7898 3379//7898
f 3380//7899 3366//7899 3367//7899
f 3381//7900 3380//7900 3367//7900
f 3381//7901 3367//7901 3364//7901
f 3076//7902 3366//7902 3380//7902
f 2952//7903 3060//7903 3366//7903
f 2952//7904 3366//7904 3076//7904
f 3382//7905 3076//7905 3380//7905
f 3383//7906 3382//7906 3380//7906
f 3383//7907 3380//7907 3381//7907
f 3384//7908 3373//7908 3062//7908
f 2950//7909 3384//7909 3062//7909
f 3375//7910 3374//7910 3373//7910
f 3385//7911 3373//7911 3384//7911
f 3375//7912 3373//7912 3385//7912
f 3386//7913 3195//7913 3055//7913
f 3221//7914 2444//7914 3204//7914
f 3387//7915 3377//7915 3218//7915
f 3388//7916 3378//7916 3377//7916
f 3388//7917 3377//7917 3387//7917
f 3219//7918 3387//7918 3218//7918
f 3389//7919 3379//7919 3378//7919
f 3389//7920 3378//7920 3388//7920
f 3355//7921 3379//7921 3389//7921
f 3075//7922 3076//7922 3382//7922
f 3390//7923 3075//7923 3382//7923
f 3391//7924 3390//7924 3382//7924
f 3391//7925 3382//7925 3383//7925
f 3392//7926 3384//7926 2950//7926
f 3393//7927 3384//7927 3392//7927
f 3385//7928 3384//7928 3393//7928
f 2953//7929 3392//7929 2950//7929
f 3394//7930 3387//7930 3219//7930
f 3395//7931 3388//7931 3387//7931
f 3396//7932 3387//7932 3394//7932
f 3395//7933 3387//7933 3396//7933
f 3394//7934 3219//7934 3238//7934
f 3389//7935 3388//7935 3395//7935
f 3397//7936 3075//7936 3390//7936
f 2958//7937 3075//7937 3397//7937
f 2957//7938 3075//7938 2958//7938
f 3398//7939 3397//7939 3390//7939
f 3399//7940 3398//7940 3390//7940
f 3399//7941 3390//7941 3391//7941
f 3400//7942 3392//7942 2953//7942
f 3401//7943 3392//7943 3400//7943
f 3393//7944 3392//7944 3401//7944
f 3402//7945 2953//7945 2955//7945
f 3400//7946 2953//7946 3402//7946
f 3386//7947 3055//7947 3078//7947
f 3403//7948 3394//7948 3238//7948
f 3403//7949 3238//7949 3404//7949
f 3241//7950 3404//7950 3238//7950
f 3396//7951 3394//7951 3403//7951
f 3399//7952 3397//7952 3398//7952
f 3405//7953 2958//7953 3397//7953
f 3406//7954 3405//7954 3397//7954
f 3407//7955 3406//7955 3397//7955
f 3407//7956 3397//7956 3399//7956
f 3408//7957 2958//7957 3405//7957
f 2960//7958 2958//7958 3408//7958
f 2959//7959 3402//7959 2955//7959
f 3409//7960 3402//7960 2959//7960
f 3401//7961 3400//7961 3402//7961
f 3410//7962 3402//7962 3409//7962
f 3411//7963 3402//7963 3410//7963
f 3401//7964 3402//7964 3411//7964
f 3412//7965 2959//7965 2960//7965
f 3409//7966 2959//7966 3412//7966
f 3413//7967 3080//7967 3220//7967
f 3414//7968 3403//7968 3404//7968
f 3244//7969 3404//7969 3241//7969
f 3415//7970 3403//7970 3414//7970
f 3396//7971 3403//7971 3415//7971
f 3416//7972 3405//7972 3406//7972
f 3416//7973 3406//7973 3407//7973
f 3412//7974 2960//7974 3408//7974
f 3417//7975 3412//7975 3408//7975
f 3418//7976 3417//7976 3408//7976
f 3419//7977 3418//7977 3408//7977
f 3405//7978 3419//7978 3408//7978
f 3410//7979 3409//7979 3412//7979
f 3420//7980 3412//7980 3417//7980
f 3410//7981 3412//7981 3420//7981
f 3413//7982 3245//7982 3080//7982
f 3421//7983 3404//7983 3244//7983
f 3421//7984 3414//7984 3404//7984
f 3248//7985 3421//7985 3244//7985
f 3421//7986 3422//7986 3414//7986
f 3423//7987 3414//7987 3422//7987
f 3423//7988 3415//7988 3414//7988
f 3424//7989 3422//7989 3421//7989
f 3423//7990 3422//7990 3424//7990
f 3425//7991 3421//7991 3248//7991
f 3424//7992 3421//7992 3425//7992
f 3420//7993 3417//7993 3418//7993
f 3420//7994 3418//7994 3419//7994
f 3426//7995 3236//7996 3245//7995
f 3235//7997 3245//7998 3236//7999
f 3427//8000 3426//8000 3245//8000
f 3427//8001 3245//8001 3413//8001
f 3428//8002 3228//8002 3232//8002
f 3429//8003 3229//8003 3228//8003
f 3226//8004 3228//8005 3428//8005
f 3430//8006 3228//8006 3226//8007
f 3431//8008 3228//8008 3430//8008
f 3431//8009 3429//8009 3228//8009
f 3432//8010 3232//8010 3231//8010
f 3428//8011 3232//8011 3432//8011
f 3433//8012 3231//8012 3233//8012
f 3433//8013 3432//8013 3231//8013
f 3434//8014 3087//8014 3229//8014
f 3429//8015 3434//8015 3229//8015
f 3425//8016 3248//8016 3249//8016
f 3250//8017 3236//8018 3426//8019
f 3435//8020 3426//8020 3436//8020
f 3427//8021 3436//8021 3426//8021
f 3250//8022 3426//8023 3435//8023
f 3437//8024 3233//8024 3087//8024
f 3434//8025 3437//8025 3087//8025
f 3438//8026 3235//8027 3233//8026
f 3433//8028 3233//8028 3235//8029
f 3437//8030 3438//8030 3233//8030
f 3439//8031 3425//8031 3249//8031
f 3423//8032 3424//8032 3425//8032
f 3440//8033 3425//8033 3439//8033
f 3423//8034 3425//8034 3440//8034
f 3441//8035 2886//8035 2821//8035
f 2887//8036 3441//8036 2821//8036
f 2878//8037 3442//8037 2887//8037
f 3443//8038 2887//8038 3442//8038
f 3444//8039 2884//8039 2886//8039
f 2885//8040 2884//8040 3444//8040
f 3445//8041 3435//8041 3436//8041
f 3446//8042 3445//8042 3436//8042
f 3446//8043 3436//8043 3427//8043
f 3107//8044 3435//8045 3445//8045
f 3447//8046 3250//8047 3435//8046
f 3448//8048 3435//8048 3107//8049
f 3448//8050 3447//8050 3435//8050
f 3449//8051 3107//8052 3445//8051
f 3450//8053 3449//8053 3445//8053
f 3450//8054 3445//8054 3446//8054
f 3451//8055 3106//8055 3250//8056
f 3452//8057 3250//8058 3453//8057
f 3236//8059 3453//8060 3250//8061
f 3452//8062 3451//8062 3250//8063
f 3447//8064 3236//8065 3250//8066
f 3454//8067 3249//8067 3251//8067
f 3455//8068 3439//8068 3249//8068
f 3455//8069 3249//8069 3454//8069
f 3253//8070 3454//8070 3251//8070
f 3456//8071 3439//8072 3455//8072
f 3456//8073 3440//8074 3439//8074
f 3448//8075 3107//8076 3449//8075
f 3448//8077 3449//8077 3450//8077
f 3105//8078 3107//8079 3106//8078
f 3457//8080 3105//8080 3106//8080
f 3451//8081 3457//8081 3106//8081
f 3105//8082 3104//8082 3107//8083
f 3458//8084 3454//8084 3253//8084
f 3459//8085 3455//8085 3454//8085
f 3458//8086 3459//8086 3454//8086
f 3255//8087 3458//8087 3253//8087
f 3460//8088 3455//8088 3459//8088
f 3461//8089 3455//8089 3460//8089
f 3462//8090 3455//8091 3461//8091
f 3456//8092 3455//8093 3462//8094
f 3463//8095 3459//8095 3458//8095
f 3464//8096 3460//8096 3459//8096
f 3463//8097 3464//8097 3459//8097
f 3465//8098 3458//8098 3255//8098
f 3463//8099 3458//8099 3465//8099
f 3466//8100 3255//8100 3258//8100
f 3467//8101 3465//8101 3255//8101
f 3466//8102 3467//8102 3255//8102
f 3464//8103 3461//8103 3460//8103
f 3464//8104 3462//8105 3461//8104
f 3116//8106 3108//8106 3105//8106
f 3457//8107 3116//8107 3105//8107
f 3466//8108 3258//8108 3257//8108
f 3468//8109 3257//8109 3266//8109
f 3468//8110 3466//8110 3257//8110
f 3469//8111 3268//8111 3269//8111
f 3470//8112 3126//8112 3123//8112
f 3471//8113 3123//8113 3275//8113
f 3470//8114 3123//8114 3471//8114
f 3472//8115 3114//8115 3116//8115
f 3473//8116 3116//8116 3457//8116
f 3473//8117 3472//8117 3116//8117
f 3474//8118 3115//8119 3114//8118
f 3475//8120 3474//8121 3114//8121
f 3475//8122 3114//8123 3472//8123
f 3476//8124 3266//8124 3262//8124
f 3477//8125 3468//8125 3266//8125
f 3476//8126 3477//8126 3266//8126
f 3476//8127 3262//8127 3265//8127
f 3469//8128 3270//8128 3268//8128
f 3478//8129 3276//8129 3126//8129
f 3479//8130 3478//8130 3126//8130
f 3479//8131 3126//8131 3470//8131
f 3480//8132 3282//8133 3115//8134
f 3474//8135 3480//8135 3115//8136
f 3137//8137 3481//8137 3282//8138
f 3482//8139 3282//8140 3481//8139
f 3480//8141 3137//8141 3282//8142
f 3115//8143 3280//8144 3282//8145
f 3483//8146 3115//8147 3282//8148
f 3482//8149 3483//8149 3282//8150
f 3137//8151 3138//8151 3481//8151
f 3484//8152 3481//8152 3138//8152
f 3484//8153 3482//8153 3481//8153
f 3139//8154 3484//8154 3138//8154
f 3134//8155 3133//8155 3137//8155
f 3485//8156 3137//8156 3486//8156
f 3134//8157 3137//8157 3485//8157
f 3277//8158 3276//8158 3137//8158
f 3478//8159 3137//8159 3276//8159
f 3480//8160 3277//8160 3137//8160
f 3486//8161 3137//8161 3478//8161
f 3278//8162 3277//8162 3480//8162
f 3278//8163 3480//8163 3474//8163
f 3475//8164 3278//8165 3474//8165
f 3487//8166 3265//8166 3264//8166
f 3488//8167 3476//8167 3265//8167
f 3487//8168 3488//8168 3265//8168
f 3115//8169 3264//8170 3280//8170
f 3115//8171 3487//8172 3264//8172
f 3489//8173 3486//8173 3478//8173
f 3489//8174 3478//8174 3479//8174
f 3274//8175 3278//8175 3475//8176
f 3490//8177 3485//8177 3486//8177
f 3490//8178 3486//8178 3489//8178
f 3491//8179 3492//8179 2232//8179
f 2233//8180 2232//8180 3492//8180
f 3493//8181 3491//8181 2232//8181
f 2231//8182 3493//8182 2232//8182
f 3494//8183 3492//8183 3491//8183
f 3494//8184 2233//8184 3492//8184
f 3493//8185 3495//8185 3491//8185
f 3496//8186 3491//8186 3495//8186
f 3497//8187 3494//8187 3491//8187
f 3498//8188 3497//8188 3491//8188
f 3499//8189 3491//8189 3496//8189
f 3499//8190 3498//8190 3491//8190
f 3500//8191 3501//8191 3495//8191
f 3496//8192 3495//8192 3501//8192
f 3493//8193 3500//8193 3495//8193
f 3502//8194 3496//8194 3501//8194
f 3503//8195 3501//8195 3500//8195
f 3503//8196 3502//8196 3501//8196
f 3504//8197 3500//8197 3493//8197
f 3503//8198 3500//8198 3504//8198
f 3504//8199 3493//8199 3505//8199
f 3285//8200 3290//8200 3493//8200
f 3506//8201 3493//8201 3290//8201
f 2231//8202 3285//8202 3493//8202
f 3505//8203 3493//8203 3506//8203
f 3506//8204 3290//8204 3178//8204
f 3497//8205 2230//8205 2233//8205
f 3497//8206 2233//8206 3494//8206
f 2999//8207 3154//8207 2996//8207
f 3273//8208 2996//8208 3154//8208
f 3507//8209 3134//8209 3485//8209
f 3508//8210 3507//8210 3485//8210
f 3508//8211 3485//8211 3490//8211
f 3509//8212 3287//8212 2230//8212
f 3509//8213 2230//8213 3497//8213
f 2922//8214 2883//8214 2881//8214
f 3510//8215 3154//8215 3031//8215
f 3510//8216 3273//8216 3154//8216
f 3508//8217 3134//8217 3507//8217
f 3511//8218 3135//8218 3134//8218
f 3511//8219 3134//8219 3508//8219
f 3512//8220 3136//8220 3142//8220
f 3288//8221 3142//8221 3145//8221
f 3513//8222 3136//8222 3512//8222
f 3513//8223 3140//8223 3136//8223
f 3514//8224 3288//8224 3294//8224
f 3515//8225 3289//8226 3287//8227
f 3515//8228 3287//8229 3509//8229
f 3510//8230 3031//8230 3299//8230
f 3516//8231 3020//8231 3135//8231
f 3517//8232 3516//8232 3135//8232
f 3517//8233 3135//8233 3511//8233
f 3518//8234 3512//8234 3142//8234
f 3518//8235 3142//8235 3288//8235
f 3519//8236 3512//8236 3518//8236
f 3519//8237 3513//8237 3512//8237
f 3515//8238 3301//8239 3289//8240
f 3520//8241 3300//8241 3301//8241
f 3521//8242 3301//8242 3515//8243
f 3520//8244 3301//8244 3521//8244
f 3296//8245 3178//8245 3179//8245
f 3296//8246 3522//8246 3178//8246
f 3506//8247 3178//8247 3522//8247
f 3523//8248 3510//8248 3299//8248
f 3180//8249 3020//8249 3516//8249
f 3524//8250 3180//8250 3516//8250
f 3525//8251 3524//8251 3516//8251
f 3525//8252 3516//8252 3517//8252
f 3526//8253 3518//8253 3288//8253
f 3527//8254 3526//8254 3288//8254
f 3527//8255 3288//8255 3514//8255
f 3528//8256 3518//8256 3526//8256
f 3529//8257 3526//8257 3527//8257
f 3529//8258 3528//8258 3526//8258
f 3519//8259 3518//8259 3528//8259
f 3303//8260 3300//8260 3177//8261
f 3530//8262 3177//8263 3300//8262
f 3530//8264 3300//8264 3520//8264
f 3523//8265 3299//8265 3039//8265
f 3531//8266 3180//8266 3524//8266
f 3532//8267 3186//8267 3180//8267
f 3532//8268 3180//8268 3531//8268
f 3531//8269 3524//8269 3525//8269
f 3533//8270 3527//8270 3514//8270
f 3534//8271 3514//8271 3294//8271
f 3535//8272 3514//8272 3534//8272
f 3535//8273 3533//8273 3514//8273
f 3529//8274 3527//8274 3533//8274
f 3536//8275 3310//8275 3302//8275
f 3184//8276 3302//8277 3304//8277
f 3537//8278 3302//8278 3184//8279
f 3537//8280 3536//8280 3302//8280
f 3538//8281 3309//8282 3310//8283
f 3539//8284 3310//8284 3536//8284
f 3538//8285 3310//8286 3539//8286
f 3523//8287 3039//8287 3308//8287
f 3540//8288 3032//8288 3186//8288
f 3541//8289 3540//8289 3186//8289
f 3541//8290 3186//8290 3532//8290
f 3542//8291 3534//8291 3294//8291
f 3543//8292 3294//8292 3044//8292
f 3542//8293 3294//8293 3543//8293
f 3542//8294 3535//8294 3534//8294
f 3544//8295 3044//8295 3187//8295
f 3544//8296 3543//8296 3044//8296
f 3545//8297 3187//8297 2691//8297
f 3546//8298 3187//8298 3545//8298
f 3546//8299 3544//8299 3187//8299
f 3311//8300 3309//8301 3545//8302
f 3538//8303 3545//8304 3309//8305
f 3547//8306 3032//8306 3540//8306
f 3548//8307 2761//8307 3032//8307
f 3548//8308 3032//8308 3547//8308
f 3547//8309 3540//8309 3541//8309
f 3311//8310 3545//8311 2691//8311
f 3538//8312 3546//8313 3545//8313
f 3549//8314 3308//8314 3190//8314
f 3338//8315 3336//8315 3339//8315
f 3335//8316 3336//8316 3338//8316
f 3550//8317 3333//8317 3335//8317
f 3551//8318 3334//8318 3333//8318
f 3550//8319 3551//8319 3333//8319
f 3348//8320 3341//8320 3334//8320
f 3551//8321 3348//8321 3334//8321
f 3343//8322 3549//8322 3190//8322
f 3337//8323 2761//8323 3548//8323
f 3346//8324 3338//8324 3340//8324
f 3552//8325 3335//8325 3338//8325
f 3346//8326 3552//8326 3338//8326
f 3346//8327 3340//8327 3344//8327
f 3348//8328 3342//8328 3341//8328
f 3553//8329 2930//8329 3191//8329
f 3553//8330 2774//8330 2930//8330
f 3550//8331 3335//8331 3552//8331
f 3177//8332 3554//8333 3552//8333
f 3550//8334 3552//8334 3554//8334
f 3555//8335 3177//8336 3552//8335
f 3556//8337 3555//8337 3552//8337
f 3346//8338 3556//8338 3552//8338
f 3289//8339 3554//8340 3177//8341
f 3296//8342 3554//8342 3522//8342
f 3550//8343 3554//8343 3296//8343
f 3555//8344 3303//8344 3177//8345
f 3530//8346 3289//8347 3177//8348
f 3555//8349 3305//8349 3303//8349
f 3557//8350 3184//8351 3304//8350
f 3306//8352 3557//8352 3304//8352
f 3558//8353 3559//8353 3184//8354
f 3309//8355 3184//8356 3559//8357
f 3557//8358 3558//8358 3184//8359
f 3309//8360 3537//8361 3184//8362
f 3560//8363 3311//8364 3559//8363
f 3309//8365 3559//8366 3311//8367
f 3558//8368 3560//8368 3559//8368
f 3560//8369 3561//8369 3311//8370
f 3562//8371 3311//8372 3561//8371
f 3563//8373 3309//8374 3311//8375
f 3562//8376 3563//8376 3311//8377
f 3564//8378 3565//8378 3561//8378
f 3566//8379 3561//8379 3565//8379
f 3560//8380 3564//8380 3561//8380
f 3566//8381 3562//8381 3561//8381
f 3567//8382 3565//8382 3564//8382
f 3567//8383 3566//8383 3565//8383
f 3567//8384 3564//8384 3560//8384
f 3568//8385 3560//8385 3558//8385
f 3568//8386 3567//8386 3560//8386
f 3569//8387 3558//8387 3557//8387
f 3570//8388 3568//8388 3558//8388
f 3569//8389 3570//8389 3558//8389
f 3569//8390 3557//8390 3306//8390
f 3571//8391 3306//8391 3305//8391
f 3569//8392 3306//8392 3571//8392
f 3572//8393 3305//8393 3555//8393
f 3572//8394 3571//8394 3305//8394
f 3556//8395 3573//8395 3555//8395
f 3574//8396 3555//8396 3573//8396
f 3575//8397 3572//8397 3555//8397
f 3574//8398 3575//8398 3555//8398
f 3556//8399 3576//8399 3573//8399
f 3577//8400 3578//8400 3573//8400
f 3579//8401 3573//8401 3578//8401
f 3576//8402 3577//8402 3573//8402
f 3580//8403 3574//8403 3573//8403
f 3580//8404 3573//8404 3579//8404
f 3577//8405 3581//8405 3578//8405
f 3582//8406 3578//8406 3581//8406
f 3583//8407 3578//8407 3582//8407
f 3584//8408 3582//8408 3581//8408
f 3584//8409 3581//8409 3585//8409
f 3586//8410 3587//8410 3585//8410
f 3584//8411 3585//8411 3587//8411
f 3588//8412 3586//8412 3585//8412
f 3589//8413 3588//8413 3585//8413
f 3589//8414 3585//8414 3581//8414
f 3590//8415 3591//8415 3587//8415
f 3592//8416 3587//8416 3591//8416
f 3586//8417 3590//8417 3587//8417
f 3593//8418 3587//8418 3592//8418
f 3584//8419 3587//8419 3593//8419
f 3590//8420 3594//8420 3591//8420
f 3595//8421 3596//8421 3591//8421
f 3597//8422 3591//8422 3596//8422
f 3594//8423 3595//8423 3591//8423
f 3592//8424 3591//8424 3597//8424
f 3595//8425 3598//8425 3596//8425
f 3597//8426 3596//8426 3598//8426
f 3599//8427 3600//8427 3598//8427
f 3601//8428 3598//8428 3600//8428
f 3595//8429 3599//8429 3598//8429
f 3597//8430 3598//8430 3601//8430
f 3601//8431 3600//8431 3602//8431
f 3603//8432 3604//8432 3600//8432
f 3602//8433 3600//8433 3604//8433
f 3599//8434 3603//8434 3600//8434
f 3603//8435 3605//8435 3604//8435
f 3606//8436 3604//8436 3605//8436
f 3602//8437 3604//8437 3606//8437
f 3607//8438 3605//8438 3603//8438
f 3606//8439 3605//8439 3607//8439
f 3608//8440 3603//8440 3599//8440
f 3607//8441 3603//8441 3608//8441
f 3608//8442 3599//8442 3609//8442
f 3609//8443 3599//8443 3595//8443
f 3610//8444 3595//8444 3594//8444
f 3609//8445 3595//8445 3610//8445
f 3611//8446 3594//8446 3590//8446
f 3610//8447 3594//8447 3611//8447
f 3612//8448 3590//8448 3586//8448
f 3611//8449 3590//8449 3612//8449
f 3613//8450 3586//8450 3588//8450
f 3612//8451 3586//8451 3613//8451
f 3614//8452 3297//8452 3588//8452
f 3613//8453 3588//8453 3297//8453
f 3589//8454 3614//8454 3588//8454
f 3614//8455 3296//8455 3297//8455
f 3613//8456 3297//8456 3298//8456
f 3615//8457 3522//8457 3554//8457
f 3615//8458 3506//8458 3522//8458
f 3616//8459 3554//8459 3289//8460
f 3615//8461 3554//8461 3616//8461
f 3617//8462 3550//8462 3296//8462
f 3617//8463 3296//8463 3614//8463
f 3589//8464 3348//8464 3614//8464
f 3617//8465 3614//8465 3348//8465
f 3617//8466 3348//8466 3551//8466
f 3589//8467 3349//8467 3348//8467
f 3617//8468 3551//8468 3550//8468
f 3618//8469 3581//8469 3577//8469
f 3618//8470 3589//8470 3581//8470
f 3619//8471 3577//8471 3576//8471
f 3618//8472 3577//8472 3619//8472
f 3619//8473 3576//8473 3556//8473
f 3619//8474 3556//8474 3346//8474
f 3619//8475 3346//8475 3347//8475
f 3618//8476 3619//8476 3347//8476
f 3618//8477 3347//8477 3349//8477
f 3618//8478 3349//8478 3589//8478
f 3350//8479 2796//8479 2786//8479
f 2933//8480 3350//8480 2786//8480
f 2803//8481 2933//8481 2786//8481
f 2793//8482 2807//8482 2803//8482
f 2786//8483 2793//8483 2803//8483
f 2797//8484 2809//8484 2807//8484
f 2793//8485 2797//8485 2807//8485
f 3370//8486 2850//8486 2809//8486
f 2797//8487 1822//8487 2809//8487
f 3365//8488 2809//8488 1822//8488
f 3365//8489 3370//8489 2809//8489
f 3370//8490 3372//8490 2850//8490
f 3375//8491 2852//8491 2850//8491
f 3372//8492 3375//8492 2850//8492
f 2854//8493 2852//8493 3620//8493
f 3621//8494 3620//8494 2852//8494
f 3375//8495 3621//8495 2852//8495
f 2855//8496 2854//8496 3620//8496
f 2855//8497 3620//8497 3622//8497
f 3623//8498 3620//8498 3621//8498
f 3622//8499 3620//8499 3623//8499
f 3623//8500 3621//8500 3385//8500
f 3375//8501 3385//8501 3621//8501
f 3624//8502 3385//8502 3393//8502
f 3624//8503 3623//8503 3385//8503
f 3624//8504 3393//8504 3625//8504
f 3401//8505 3626//8505 3625//8505
f 3627//8506 3625//8506 3626//8506
f 3393//8507 3401//8507 3625//8507
f 3627//8508 3624//8508 3625//8508
f 3401//8509 2873//8509 3626//8509
f 2872//8510 3627//8510 3626//8510
f 2873//8511 2872//8511 3626//8511
f 3401//8512 3411//8512 2873//8512
f 3420//8513 3442//8513 2873//8513
f 2879//8514 2873//8514 3442//8514
f 3410//8515 3420//8515 2873//8515
f 3411//8516 3410//8516 2873//8516
f 3419//8517 3415//8517 3442//8517
f 3420//8518 3419//8518 3442//8518
f 2878//8519 2879//8519 3442//8519
f 3415//8520 3628//8520 3442//8520
f 3443//8521 3442//8521 3629//8521
f 3628//8522 3629//8522 3442//8522
f 3629//8523 3628//8523 3630//8523
f 3630//8524 3628//8524 3631//8524
f 3423//8525 3628//8525 3415//8525
f 3631//8526 3628//8526 3423//8526
f 3419//8527 3416//8527 3415//8527
f 3407//8528 3415//8528 3416//8528
f 3407//8529 3396//8529 3415//8529
f 3407//8530 3399//8530 3396//8530
f 3399//8531 3391//8531 3396//8531
f 3391//8532 3395//8532 3396//8532
f 3383//8533 3389//8533 3395//8533
f 3391//8534 3383//8534 3395//8534
f 3383//8535 3381//8535 3389//8535
f 3381//8536 3355//8536 3389//8536
f 3364//8537 1825//8537 3355//8537
f 3381//8538 3364//8538 3355//8538
f 3364//8539 1822//8539 1825//8539
f 3364//8540 3365//8540 1822//8540
f 2791//8541 2793//8541 2786//8541
f 3405//8542 3416//8542 3419//8542
f 3632//8543 3193//8543 3192//8543
f 3632//8544 3192//8544 3194//8544
f 3633//8545 3353//8545 3193//8545
f 3633//8546 3193//8546 3632//8546
f 3634//8547 3194//8547 3195//8547
f 3634//8548 3632//8548 3194//8548
f 3376//8549 3358//8549 3353//8549
f 3376//8550 3353//8550 3633//8550
f 3376//8551 3359//8551 3358//8551
f 3635//8552 3221//8552 3376//8552
f 3627//8553 3622//8553 3623//8553
f 3627//8554 3623//8554 3624//8554
f 2870//8555 2855//8555 3622//8555
f 2870//8556 3622//8556 3627//8556
f 3636//8557 3221//8557 3635//8557
f 2872//8558 2870//8558 3627//8558
f 3637//8559 3386//8559 3078//8559
f 3636//8560 3220//8560 3221//8560
f 3638//8561 3220//8562 3636//8562
f 3638//8563 3639//8564 3220//8565
f 3639//8566 3413//8567 3220//8567
f 3637//8568 3078//8568 3081//8568
f 3638//8569 3413//8570 3639//8571
f 3640//8572 3413//8572 3638//8573
f 3641//8574 3413//8574 3640//8574
f 3428//8575 3432//8575 3642//8575
f 3643//8576 3428//8576 3642//8576
f 3433//8577 3235//8578 3432//8577
f 3644//8579 3428//8579 3643//8579
f 3644//8580 3226//8581 3428//8580
f 3645//8582 3643//8582 3642//8582
f 3645//8583 3644//8583 3643//8583
f 3638//8584 3642//8585 3432//8585
f 3646//8586 3645//8586 3642//8586
f 3638//8587 3646//8588 3642//8588
f 3639//8589 3432//8590 3235//8591
f 3638//8592 3432//8593 3639//8594
f 3430//8595 3226//8596 3644//8595
f 3647//8597 3430//8597 3644//8597
f 3648//8598 3644//8598 3645//8598
f 3647//8599 3644//8599 3648//8599
f 3649//8600 3431//8600 3430//8600
f 3649//8601 3430//8601 3647//8601
f 3650//8602 3427//8602 3413//8602
f 3650//8603 3413//8603 3641//8603
f 3236//8604 3235//8605 3438//8606
f 3651//8607 3235//8608 3236//8609
f 3652//8610 3453//8610 3438//8610
f 3236//8611 3438//8612 3453//8612
f 3437//8613 3652//8613 3438//8613
f 3652//8614 3452//8614 3453//8614
f 2975//8615 3457//8616 3451//8616
f 3653//8617 3457//8617 3654//8618
f 2975//8619 3654//8620 3457//8621
f 3473//8622 3457//8622 3653//8622
f 2975//8623 3451//8624 3452//8624
f 3655//8625 3452//8625 3652//8625
f 3654//8626 3452//8627 3655//8627
f 2975//8628 3452//8629 3654//8630
f 3656//8631 3652//8631 3437//8631
f 3655//8632 3652//8632 3656//8632
f 3657//8633 3639//8634 3235//8635
f 3657//8636 3638//8637 3639//8638
f 3658//8639 3235//8640 3651//8639
f 3658//8641 3657//8641 3235//8642
f 3659//8643 3434//8643 3429//8643
f 3431//8644 3659//8644 3429//8644
f 3660//8645 3431//8645 3649//8645
f 3661//8646 3659//8646 3431//8646
f 3661//8647 3431//8647 3660//8647
f 3661//8648 3434//8648 3659//8648
f 3662//8649 3081//8649 3084//8649
f 3662//8650 3637//8650 3081//8650
f 3663//8651 3427//8651 3650//8651
f 3663//8652 3664//8652 3427//8652
f 3664//8653 3446//8653 3427//8653
f 3447//8654 3651//8654 3236//8655
f 3665//8656 3651//8656 3447//8656
f 3665//8657 3658//8657 3651//8657
f 3666//8658 3434//8658 3661//8658
f 3667//8659 3437//8659 3434//8659
f 3666//8660 3667//8660 3434//8660
f 3668//8661 3666//8661 3661//8661
f 3669//8662 3670//8662 3423//8662
f 3670//8663 3631//8663 3423//8663
f 3671//8664 3672//8664 3630//8664
f 3673//8665 3630//8665 3631//8665
f 3671//8666 3630//8666 3673//8666
f 3674//8667 3631//8667 3670//8667
f 3673//8668 3631//8668 3674//8668
f 3675//8669 3670//8669 3669//8669
f 3676//8670 3674//8670 3670//8670
f 3677//8671 3676//8671 3670//8671
f 3677//8672 3670//8672 3675//8672
f 3423//8673 3440//8673 3669//8673
f 3462//8674 3669//8675 3440//8675
f 3678//8676 3669//8676 3462//8677
f 3675//8678 3669//8678 3678//8678
f 3456//8679 3462//8680 3440//8681
f 3679//8682 3450//8682 3446//8682
f 3663//8683 3446//8683 3664//8683
f 3680//8684 3446//8684 3663//8684
f 3679//8685 3446//8685 3680//8685
f 3681//8686 3447//8686 3448//8686
f 3682//8687 3447//8687 3681//8687
f 3682//8688 3665//8688 3447//8688
f 3667//8689 3656//8689 3437//8689
f 3655//8690 3656//8690 3683//8690
f 3667//8691 3683//8691 3656//8691
f 3684//8692 3667//8692 3666//8692
f 3685//8693 3667//8693 3684//8693
f 3267//8694 2886//8694 3441//8694
f 3686//8695 2886//8695 3267//8695
f 3444//8696 2886//8696 3686//8696
f 3443//8697 3441//8697 2887//8697
f 3443//8698 3267//8698 3441//8698
f 3662//8699 3084//8699 3256//8699
f 3687//8700 3448//8700 3450//8700
f 3688//8701 3687//8701 3450//8701
f 3689//8702 3688//8702 3450//8702
f 3689//8703 3450//8703 3679//8703
f 3682//8704 3681//8704 3448//8704
f 3690//8705 3448//8705 3687//8705
f 3691//8706 3682//8706 3448//8706
f 3690//8707 3691//8707 3448//8707
f 3692//8708 3655//8708 3683//8708
f 3693//8709 3692//8709 3683//8709
f 3694//8710 3683//8710 3667//8710
f 3693//8711 3683//8711 3694//8711
f 3692//8712 3654//8713 3655//8712
f 3692//8714 3653//8714 3654//8715
f 3695//8716 3653//8716 3692//8716
f 3696//8717 3473//8717 3653//8717
f 3695//8718 3696//8718 3653//8718
f 3695//8719 3692//8719 3693//8719
f 3456//8720 3462//8721 3464//8722
f 3697//8723 3462//8724 3456//8725
f 3678//8726 3462//8727 3697//8726
f 3698//8728 3629//8728 3630//8728
f 3672//8729 3698//8729 3630//8729
f 3698//8730 3269//8730 3629//8730
f 3269//8731 3267//8731 3629//8731
f 3443//8732 3629//8732 3267//8732
f 3699//8733 3686//8733 3267//8733
f 3700//8734 3699//8734 3267//8734
f 3701//8735 3686//8735 3699//8735
f 3444//8736 3686//8736 3701//8736
f 3701//8737 3699//8737 3700//8737
f 3270//8738 3702//8738 3700//8738
f 3703//8739 3700//8739 3702//8739
f 3267//8740 3270//8740 3700//8740
f 3704//8741 3700//8741 3703//8741
f 3705//8742 3701//8742 3700//8742
f 3704//8743 3705//8743 3700//8743
f 3469//8744 3702//8744 3270//8744
f 3706//8745 3702//8745 3469//8745
f 3707//8746 3702//8746 3706//8746
f 3703//8747 3702//8747 3707//8747
f 3708//8748 3269//8748 3698//8748
f 3469//8749 3269//8749 3708//8749
f 3708//8750 3698//8750 3672//8750
f 3709//8751 3672//8751 3671//8751
f 3708//8752 3672//8752 3709//8752
f 3710//8753 3687//8754 3688//8754
f 3711//8755 3687//8755 3710//8756
f 3712//8757 3687//8757 3711//8757
f 3690//8758 3687//8758 3712//8758
f 3713//8759 3710//8760 3688//8759
f 3714//8761 3713//8761 3688//8761
f 3714//8762 3688//8762 3689//8762
f 3715//8763 3472//8763 3473//8763
f 3710//8764 3472//8765 3715//8765
f 3710//8766 3475//8767 3472//8768
f 3716//8769 3715//8769 3473//8769
f 3716//8770 3473//8770 3696//8770
f 3456//8771 3464//8772 3463//8772
f 3717//8773 3674//8773 3676//8773
f 3718//8774 3673//8774 3674//8774
f 3718//8775 3674//8775 3717//8775
f 3717//8776 3676//8776 3677//8776
f 3719//8777 3671//8777 3673//8777
f 3718//8778 3719//8778 3673//8778
f 3709//8779 3671//8779 3719//8779
f 3275//8780 3710//8781 3713//8780
f 3715//8782 3711//8782 3710//8783
f 3471//8784 3275//8784 3713//8784
f 3720//8785 3471//8785 3713//8785
f 3720//8786 3713//8786 3714//8786
f 3721//8787 3711//8787 3715//8787
f 3721//8788 3712//8788 3711//8788
f 3721//8789 3715//8789 3716//8789
f 3274//8790 3475//8791 3710//8792
f 3274//8793 3710//8794 3275//8793
f 3722//8795 3696//8795 3695//8795
f 3716//8796 3696//8796 3722//8796
f 3723//8797 3465//8797 3467//8797
f 3456//8798 3463//8799 3465//8799
f 3456//8800 3465//8801 3723//8801
f 3724//8802 3467//8802 3466//8802
f 3723//8803 3467//8803 3724//8803
f 3724//8804 3466//8804 3468//8804
f 3725//8805 3709//8805 3719//8805
f 3726//8806 3725//8806 3719//8806
f 3718//8807 3726//8807 3719//8807
f 3727//8808 3708//8808 3709//8808
f 3728//8809 3709//8809 3725//8809
f 3728//8810 3727//8810 3709//8810
f 3729//8811 3708//8811 3727//8811
f 3729//8812 3469//8812 3708//8812
f 3720//8813 3470//8813 3471//8813
f 3730//8814 3468//8814 3477//8814
f 3730//8815 3724//8815 3468//8815
f 3731//8816 3477//8816 3476//8816
f 3730//8817 3477//8817 3654//8818
f 3731//8819 3654//8820 3477//8819
f 3731//8821 3476//8821 3488//8821
f 3732//8822 3725//8822 3726//8822
f 3728//8823 3725//8823 3732//8823
f 3733//8824 3726//8824 3718//8824
f 3733//8825 3732//8825 3726//8825
f 3728//8826 3729//8826 3727//8826
f 3706//8827 3469//8827 3729//8827
f 3734//8828 3706//8828 3729//8828
f 3735//8829 3734//8829 3729//8829
f 3736//8830 3729//8830 3728//8830
f 3736//8831 3735//8831 3729//8831
f 3737//8832 3479//8832 3470//8832
f 3737//8833 3470//8833 3720//8833
f 3738//8834 3488//8834 3487//8834
f 3739//8835 3731//8835 3488//8835
f 3738//8836 3739//8836 3488//8836
f 3740//8837 3487//8837 3115//8838
f 3738//8839 3487//8839 3740//8839
f 3741//8840 3706//8840 3734//8840
f 3707//8841 3706//8841 3741//8841
f 2885//8842 3444//8842 3701//8842
f 3489//8843 3479//8843 3737//8843
f 3483//8844 3740//8844 3115//8845
f 3475//8846 3740//8847 3483//8847
f 3742//8848 3738//8848 3740//8848
f 3475//8849 3742//8850 3740//8850
f 3743//8851 3483//8851 3482//8851
f 3743//8852 3475//8853 3483//8852
f 3744//8854 3741//8854 3734//8854
f 3735//8855 3744//8855 3734//8855
f 3745//8856 3741//8856 3744//8856
f 3746//8857 3707//8857 3741//8857
f 3747//8858 3746//8858 3741//8858
f 3745//8859 3747//8859 3741//8859
f 3736//8860 3744//8860 3735//8860
f 3736//8861 3745//8861 3744//8861
f 3704//8862 3703//8862 3707//8862
f 3748//8863 3707//8863 3746//8863
f 3748//8864 3704//8864 3707//8864
f 3749//8865 3482//8865 3484//8865
f 3749//8866 3743//8866 3482//8866
f 3750//8867 3746//8867 3747//8867
f 3748//8868 3746//8868 3750//8868
f 3750//8869 3747//8869 3745//8869
f 2885//8870 2922//8870 2881//8870
f 2885//8871 2295//8871 2922//8871
f 3751//8872 3508//8872 3490//8872
f 3751//8873 3490//8873 3489//8873
f 3752//8874 3484//8874 3139//8874
f 3752//8875 3749//8875 3484//8875
f 3498//8876 3509//8876 3497//8876
f 3753//8877 3754//8877 2295//8877
f 3291//8878 2295//8878 3754//8878
f 3755//8879 3753//8879 2295//8879
f 3756//8880 3755//8880 2295//8880
f 2885//8881 3756//8881 2295//8881
f 3757//8882 3754//8882 3753//8882
f 3758//8883 3291//8883 3754//8883
f 3759//8884 3758//8884 3754//8884
f 3757//8885 3759//8885 3754//8885
f 3760//8886 3753//8886 3755//8886
f 3757//8887 3753//8887 3760//8887
f 3701//8888 3756//8888 2885//8888
f 3705//8889 3756//8889 3701//8889
f 3513//8890 3139//8890 3140//8890
f 3761//8891 3139//8891 3513//8891
f 3762//8892 3752//8892 3139//8892
f 3761//8893 3762//8893 3139//8893
f 3616//8894 3515//8895 3509//8894
f 3498//8896 3616//8896 3509//8896
f 3298//8897 3293//8897 3291//8897
f 3763//8898 3298//8898 3291//8898
f 3298//8899 3292//8899 3293//8899
f 3764//8900 3511//8900 3508//8900
f 3764//8901 3508//8901 3751//8901
f 3764//8902 3517//8902 3511//8902
f 3761//8903 3513//8903 3519//8903
f 3530//8904 3521//8904 3515//8905
f 3616//8906 3289//8907 3515//8908
f 3530//8909 3515//8910 3289//8911
f 3530//8912 3520//8912 3521//8912
f 3505//8913 3506//8913 3615//8913
f 3525//8914 3517//8914 3764//8914
f 3529//8915 3519//8915 3528//8915
f 3765//8916 3519//8916 3529//8916
f 3766//8917 3761//8917 3519//8917
f 3765//8918 3766//8918 3519//8918
f 3767//8919 3615//8919 3616//8919
f 3768//8920 3616//8920 3498//8920
f 3767//8921 3616//8921 3768//8921
f 3767//8922 3505//8922 3615//8922
f 3769//8923 3613//8923 3298//8923
f 3769//8924 3298//8924 3763//8924
f 3770//8925 3613//8925 3769//8925
f 3770//8926 3612//8926 3613//8926
f 3771//8927 3531//8927 3525//8927
f 3772//8928 3529//8928 3533//8928
f 3542//8929 3533//8929 3535//8929
f 3772//8930 3533//8930 3542//8930
f 3772//8931 3765//8931 3529//8931
f 3537//8932 3539//8932 3536//8932
f 3537//8933 3538//8934 3539//8933
f 3773//8935 3611//8935 3612//8935
f 3773//8936 3612//8936 3770//8936
f 3774//8937 3610//8937 3611//8937
f 3774//8938 3611//8938 3773//8938
f 3775//8939 3532//8939 3531//8939
f 3775//8940 3531//8940 3771//8940
f 3547//8941 3541//8941 3532//8941
f 3775//8942 3547//8942 3532//8942
f 3776//8943 3542//8943 3543//8943
f 3776//8944 3543//8944 3544//8944
f 3777//8945 3772//8945 3542//8945
f 3776//8946 3777//8946 3542//8946
f 3778//8947 3544//8947 3546//8947
f 3778//8948 3776//8948 3544//8948
f 3563//8949 3546//8949 3538//8950
f 3778//8951 3546//8951 3563//8951
f 3309//8952 3538//8953 3537//8954
f 3563//8955 3538//8956 3309//8957
f 3779//8958 3610//8958 3774//8958
f 3780//8959 3609//8959 3610//8959
f 3780//8960 3610//8960 3779//8960
f 3781//8961 3563//8961 3562//8961
f 3782//8962 3778//8962 3563//8962
f 3781//8963 3782//8963 3563//8963
f 3549//8964 3523//8964 3308//8964
f 3783//8965 3548//8965 3547//8965
f 3783//8966 3547//8966 3775//8966
f 3784//8967 3562//8967 3566//8967
f 3784//8968 3781//8968 3562//8968
f 3785//8969 3608//8969 3609//8969
f 3785//8970 3609//8970 3780//8970
f 3786//8971 3607//8971 3608//8971
f 3786//8972 3608//8972 3785//8972
f 3337//8973 3548//8973 3783//8973
f 3787//8974 3191//8974 3337//8974
f 3788//8975 3566//8975 3567//8975
f 3788//8976 3784//8976 3566//8976
f 3789//8977 3606//8977 3607//8977
f 3789//8978 3607//8978 3786//8978
f 3790//8979 3343//8979 2774//8979
f 3553//8980 3191//8980 3787//8980
f 3791//8981 3788//8981 3567//8981
f 3792//8982 3602//8982 3606//8982
f 3792//8983 3606//8983 3789//8983
f 3790//8984 2774//8984 3553//8984
f 3793//8985 3567//8985 3568//8985
f 3793//8986 3791//8986 3567//8986
f 3794//8987 3601//8987 3602//8987
f 3794//8988 3602//8988 3792//8988
f 3793//8989 3568//8989 3570//8989
f 3795//8990 3570//8990 3569//8990
f 3795//8991 3793//8991 3570//8991
f 3796//8992 3597//8992 3601//8992
f 3796//8993 3601//8993 3794//8993
f 3797//8994 3795//8994 3569//8994
f 3798//8995 3592//8995 3597//8995
f 3798//8996 3597//8996 3796//8996
f 3799//8997 3569//8997 3571//8997
f 3799//8998 3571//8998 3572//8998
f 3797//8999 3569//8999 3799//8999
f 3798//9000 3593//9000 3592//9000
f 3800//9001 3584//9001 3593//9001
f 3800//9002 3593//9002 3798//9002
f 3801//9003 3572//9003 3575//9003
f 3802//9004 3575//9004 3574//9004
f 3802//9005 3801//9005 3575//9005
f 3799//9006 3572//9006 3801//9006
f 3580//9007 3802//9007 3574//9007
f 3803//9008 3582//9008 3584//9008
f 3804//9009 3582//9009 3803//9009
f 3800//9010 3803//9010 3584//9010
f 3583//9011 3579//9011 3578//9011
f 3805//9012 3580//9012 3579//9012
f 3806//9013 3579//9013 3583//9013
f 3806//9014 3805//9014 3579//9014
f 3804//9015 3806//9015 3583//9015
f 3804//9016 3583//9016 3582//9016
f 3633//9017 3632//9017 3634//9017
f 3807//9018 3634//9018 3195//9018
f 3808//9019 3376//9019 3633//9019
f 3809//9020 3807//9020 3195//9020
f 3809//9021 3195//9021 3386//9021
f 3810//9022 3635//9022 3376//9022
f 3811//9023 3636//9023 3635//9023
f 3812//9024 3636//9024 3811//9024
f 3813//9025 3638//9026 3636//9027
f 3813//9028 3636//9029 3812//9029
f 3813//9030 3640//9031 3638//9032
f 3814//9033 3641//9033 3640//9033
f 3815//9034 3645//9034 3646//9034
f 3816//9035 3648//9035 3645//9035
f 3816//9036 3645//9036 3815//9036
f 3817//9037 3646//9037 3638//9038
f 3818//9039 3815//9039 3646//9039
f 3817//9040 3818//9040 3646//9040
f 3819//9041 3647//9041 3648//9041
f 3819//9042 3648//9042 3816//9042
f 3820//9043 3649//9043 3647//9043
f 3820//9044 3647//9044 3819//9044
f 3658//9045 3641//9045 3657//9045
f 3821//9046 3657//9046 3641//9046
f 3658//9047 3650//9047 3641//9047
f 3821//9048 3641//9048 3814//9048
f 3821//9049 3638//9050 3657//9049
f 3817//9051 3638//9052 3813//9053
f 3821//9054 3813//9055 3638//9056
f 3660//9057 3649//9057 3820//9057
f 3822//9058 3661//9058 3660//9058
f 3668//9059 3661//9059 3822//9059
f 3665//9060 3650//9060 3658//9060
f 3665//9061 3663//9061 3650//9061
f 3823//9062 3666//9062 3668//9062
f 3684//9063 3666//9063 3823//9063
f 3691//9064 3680//9064 3663//9064
f 3682//9065 3663//9065 3665//9065
f 3691//9066 3663//9066 3682//9066
f 3691//9067 3679//9067 3680//9067
f 3824//9068 3694//9068 3667//9068
f 3824//9069 3693//9069 3694//9069
f 3690//9070 3689//9070 3679//9070
f 3690//9071 3679//9071 3691//9071
f 3825//9072 3695//9072 3693//9072
f 3824//9073 3825//9073 3693//9073
f 3826//9074 3689//9074 3690//9074
f 3827//9075 3714//9075 3689//9075
f 3828//9076 3689//9076 3826//9076
f 3827//9077 3689//9077 3828//9077
f 3721//9078 3690//9078 3712//9078
f 3710//9079 3690//9080 3721//9080
f 3829//9081 3826//9081 3690//9081
f 3829//9082 3690//9082 3710//9083
f 3830//9084 3722//9084 3695//9084
f 3831//9085 3695//9085 3825//9085
f 3830//9086 3695//9086 3831//9086
f 3830//9087 3716//9087 3722//9087
f 3832//9088 3723//9088 3724//9088
f 3833//9089 3723//9089 3832//9089
f 3834//9090 3832//9090 3724//9090
f 3835//9091 3456//9092 3723//9091
f 3833//9093 3835//9093 3723//9093
f 3697//9094 3456//9095 3835//9094
f 3836//9096 3835//9096 3833//9096
f 3697//9097 3835//9097 3836//9097
f 3837//9098 3675//9098 3678//9098
f 3677//9099 3675//9099 3837//9099
f 3838//9100 3717//9100 3677//9100
f 3839//9101 3256//9101 3259//9101
f 3840//9102 3720//9102 3714//9102
f 3840//9103 3714//9103 3827//9103
f 3841//9104 3721//9104 3716//9104
f 3842//9105 3716//9105 3830//9105
f 3842//9106 3841//9106 3716//9106
f 3843//9107 3710//9108 3721//9107
f 3841//9109 3843//9109 3721//9109
f 3831//9110 3654//9111 3731//9110
f 3825//9112 3730//9112 3654//9113
f 3831//9114 3825//9114 3654//9115
f 3739//9116 3831//9116 3731//9116
f 3844//9117 3730//9117 3825//9117
f 3844//9118 3724//9118 3730//9118
f 3845//9119 3825//9119 3824//9119
f 3844//9120 3825//9120 3845//9120
f 3830//9121 3831//9121 3739//9121
f 3846//9122 3718//9122 3717//9122
f 3847//9123 3846//9123 3717//9123
f 3847//9124 3717//9124 3838//9124
f 3733//9125 3718//9125 3846//9125
f 3847//9126 3733//9126 3846//9126
f 3733//9127 3848//9127 3732//9127
f 3849//9128 3732//9128 3848//9128
f 3850//9129 3728//9129 3732//9129
f 3849//9130 3850//9130 3732//9130
f 3851//9131 3848//9131 3733//9131
f 3852//9132 3848//9132 3851//9132
f 3853//9133 3848//9133 3852//9133
f 3854//9134 3849//9134 3848//9134
f 3853//9135 3854//9135 3848//9135
f 3851//9136 3733//9136 3847//9136
f 3839//9137 3259//9137 3273//9137
f 3737//9138 3720//9138 3840//9138
f 3738//9139 3830//9139 3739//9139
f 3855//9140 3830//9140 3738//9140
f 3855//9141 3842//9141 3830//9141
f 3856//9142 3738//9142 3742//9142
f 3856//9143 3855//9143 3738//9143
f 3736//9144 3728//9144 3850//9144
f 3857//9145 3839//9145 3273//9145
f 3858//9146 3489//9146 3737//9146
f 3859//9147 3475//9148 3743//9147
f 3859//9149 3742//9149 3475//9150
f 3749//9151 3859//9151 3743//9151
f 3860//9152 3742//9152 3859//9152
f 3860//9153 3856//9153 3742//9153
f 3861//9154 3859//9154 3749//9154
f 3861//9155 3860//9155 3859//9155
f 3862//9156 3745//9156 3736//9156
f 3863//9157 3750//9157 3745//9157
f 3862//9158 3863//9158 3745//9158
f 3864//9159 3705//9159 3704//9159
f 3755//9160 3756//9160 3705//9160
f 3760//9161 3755//9161 3705//9161
f 3760//9162 3705//9162 3864//9162
f 3864//9163 3704//9163 3748//9163
f 3752//9164 3861//9164 3749//9164
f 3863//9165 3865//9165 3750//9165
f 3760//9166 3750//9166 3865//9166
f 3864//9167 3748//9167 3750//9167
f 3760//9168 3864//9168 3750//9168
f 3866//9169 3867//9169 3865//9169
f 3760//9170 3865//9170 3867//9170
f 3863//9171 3866//9171 3865//9171
f 3868//9172 3867//9172 3866//9172
f 3760//9173 3867//9173 3869//9173
f 3868//9174 3869//9174 3867//9174
f 3868//9175 3866//9175 3870//9175
f 3871//9176 3868//9176 3870//9176
f 3872//9177 3871//9177 3870//9177
f 3873//9178 3870//9178 3866//9178
f 3872//9179 3870//9179 3873//9179
f 3873//9180 3866//9180 3874//9180
f 3875//9181 3874//9181 3866//9181
f 3875//9182 3866//9182 3863//9182
f 3876//9183 3863//9183 3862//9183
f 3875//9184 3863//9184 3876//9184
f 3858//9185 3751//9185 3489//9185
f 3877//9186 3752//9186 3762//9186
f 3503//9187 3499//9187 3496//9187
f 3503//9188 3496//9188 3502//9188
f 3878//9189 3762//9189 3761//9189
f 3879//9190 3762//9190 3878//9190
f 3879//9191 3877//9191 3762//9191
f 3768//9192 3498//9192 3499//9192
f 3880//9193 3768//9193 3499//9193
f 3880//9194 3499//9194 3503//9194
f 3763//9195 3291//9195 3758//9195
f 3881//9196 3758//9196 3759//9196
f 3882//9197 3763//9197 3758//9197
f 3881//9198 3882//9198 3758//9198
f 3883//9199 3759//9199 3757//9199
f 3883//9200 3881//9200 3759//9200
f 3884//9201 3878//9201 3761//9201
f 3884//9202 3761//9202 3766//9202
f 3767//9203 3768//9203 3880//9203
f 3504//9204 3505//9204 3767//9204
f 3885//9205 3769//9205 3763//9205
f 3885//9206 3763//9206 3882//9206
f 3771//9207 3525//9207 3764//9207
f 3886//9208 3884//9208 3766//9208
f 3887//9209 3770//9209 3769//9209
f 3887//9210 3769//9210 3885//9210
f 3510//9211 3523//9211 3888//9211
f 3889//9212 3766//9212 3765//9212
f 3886//9213 3766//9213 3889//9213
f 3772//9214 3890//9214 3765//9214
f 3889//9215 3765//9215 3890//9215
f 3891//9216 3890//9216 3772//9216
f 3549//9217 3888//9217 3523//9217
f 3892//9218 3777//9218 3776//9218
f 3893//9219 3772//9219 3777//9219
f 3892//9220 3893//9220 3777//9220
f 3891//9221 3772//9221 3893//9221
f 3894//9222 3892//9222 3776//9222
f 3778//9223 3894//9223 3776//9223
f 3895//9224 3778//9224 3782//9224
f 3896//9225 3782//9225 3781//9225
f 3896//9226 3895//9226 3782//9226
f 3784//9227 3896//9227 3781//9227
f 3897//9228 3337//9228 3783//9228
f 3897//9229 3787//9229 3337//9229
f 3898//9230 3792//9230 3789//9230
f 3898//9231 3794//9231 3792//9231
f 3899//9232 3796//9232 3794//9232
f 3900//9233 3794//9233 3898//9233
f 3899//9234 3794//9234 3900//9234
f 3901//9235 3796//9235 3899//9235
f 3798//9236 3796//9236 3901//9236
f 3902//9237 3797//9237 3799//9237
f 3903//9238 3902//9238 3799//9238
f 3903//9239 3799//9239 3801//9239
f 3904//9240 3802//9240 3580//9240
f 3905//9241 3804//9241 3803//9241
f 3906//9242 3803//9242 3800//9242
f 3906//9243 3905//9243 3803//9243
f 3907//9244 3804//9244 3905//9244
f 3908//9245 3805//9245 3806//9245
f 3904//9246 3580//9246 3805//9246
f 3804//9247 3908//9247 3806//9247
f 3808//9248 3633//9248 3634//9248
f 3909//9249 3634//9249 3807//9249
f 3808//9250 3634//9250 3909//9250
f 3910//9251 3807//9251 3809//9251
f 3910//9252 3909//9252 3807//9252
f 3911//9253 3376//9253 3808//9253
f 3912//9254 3810//9254 3376//9254
f 3912//9255 3376//9255 3911//9255
f 3811//9256 3635//9256 3810//9256
f 3913//9257 3810//9257 3912//9257
f 3913//9258 3811//9258 3810//9258
f 3914//9259 3386//9259 3637//9259
f 3915//9260 3812//9260 3811//9260
f 3916//9261 3811//9261 3913//9261
f 3915//9262 3811//9262 3916//9262
f 3917//9263 3914//9263 3637//9263
f 3817//9264 3813//9265 3812//9264
f 3817//9266 3812//9266 3818//9266
f 3918//9267 3818//9267 3812//9267
f 3918//9268 3812//9268 3915//9268
f 3919//9269 3917//9269 3637//9269
f 3920//9270 3640//9270 3813//9271
f 3921//9272 3813//9273 3821//9272
f 3921//9274 3920//9274 3813//9275
f 3922//9276 3640//9276 3920//9276
f 3814//9277 3640//9277 3922//9277
f 3918//9278 3815//9278 3818//9278
f 3923//9279 3816//9279 3815//9279
f 3923//9280 3815//9280 3918//9280
f 3820//9281 3819//9281 3816//9281
f 3924//9282 3816//9282 3923//9282
f 3924//9283 3820//9283 3816//9283
f 3921//9284 3821//9284 3814//9284
f 3919//9285 3637//9285 3662//9285
f 3684//9286 3823//9286 3668//9286
f 3925//9287 3668//9287 3822//9287
f 3925//9288 3684//9288 3668//9288
f 3925//9289 3685//9289 3684//9289
f 3926//9290 3662//9290 3256//9290
f 3926//9291 3919//9291 3662//9291
f 3685//9292 3824//9292 3667//9292
f 3927//9293 3824//9293 3685//9293
f 3845//9294 3824//9294 3927//9294
f 3844//9295 3927//9295 3685//9295
f 3928//9296 3844//9296 3685//9296
f 3928//9297 3685//9297 3925//9297
f 3844//9298 3845//9298 3927//9298
f 3929//9299 3828//9299 3826//9299
f 3829//9300 3843//9300 3826//9300
f 3928//9301 3724//9301 3844//9301
f 3834//9302 3724//9302 3928//9302
f 3839//9303 3926//9303 3256//9303
f 3829//9304 3710//9305 3843//9304
f 3930//9306 3843//9306 3841//9306
f 3929//9307 3826//9307 3843//9307
f 3931//9308 3843//9308 3930//9308
f 3931//9309 3929//9309 3843//9309
f 3855//9310 3841//9310 3842//9310
f 3932//9311 3847//9311 3838//9311
f 3851//9312 3847//9312 3932//9312
f 3933//9313 3737//9313 3840//9313
f 3862//9314 3736//9314 3850//9314
f 3858//9315 3737//9315 3933//9315
f 3757//9316 3760//9316 3869//9316
f 3273//9317 3510//9317 3857//9317
f 3934//9318 3861//9318 3752//9318
f 3935//9319 3936//9319 3857//9319
f 3935//9320 3857//9320 3510//9320
f 3877//9321 3934//9321 3752//9321
f 3937//9322 3764//9322 3751//9322
f 3884//9323 3879//9323 3878//9323
f 3938//9324 3504//9324 3767//9324
f 3938//9325 3503//9325 3504//9325
f 3939//9326 3885//9326 3882//9326
f 3939//9327 3882//9327 3881//9327
f 3935//9328 3510//9328 3888//9328
f 3937//9329 3771//9329 3764//9329
f 3938//9330 3767//9330 3880//9330
f 3940//9331 3887//9331 3885//9331
f 3940//9332 3885//9332 3939//9332
f 3941//9333 3771//9333 3937//9333
f 3775//9334 3771//9334 3941//9334
f 3942//9335 3886//9335 3889//9335
f 3943//9336 3942//9336 3889//9336
f 3773//9337 3770//9337 3887//9337
f 3944//9338 3889//9338 3890//9338
f 3891//9339 3944//9339 3890//9339
f 3944//9340 3943//9340 3889//9340
f 3945//9341 3888//9341 3549//9341
f 3946//9342 3893//9342 3892//9342
f 3947//9343 3892//9343 3894//9343
f 3947//9344 3946//9344 3892//9344
f 3948//9345 3894//9345 3778//9345
f 3948//9346 3947//9346 3894//9346
f 3948//9347 3778//9347 3895//9347
f 3949//9348 3896//9348 3784//9348
f 3950//9349 3786//9349 3785//9349
f 3950//9350 3785//9350 3780//9350
f 3951//9351 3784//9351 3788//9351
f 3951//9352 3949//9352 3784//9352
f 3790//9353 3549//9353 3343//9353
f 3952//9354 3788//9354 3791//9354
f 3952//9355 3951//9355 3788//9355
f 3793//9356 3952//9356 3791//9356
f 3907//9357 3908//9357 3804//9357
f 3808//9358 3909//9358 3911//9358
f 3910//9359 3911//9359 3909//9359
f 3953//9360 3809//9360 3386//9360
f 3953//9361 3910//9361 3809//9361
f 3954//9362 3912//9362 3911//9362
f 3914//9363 3953//9363 3386//9363
f 3955//9364 3913//9364 3912//9364
f 3955//9365 3912//9365 3954//9365
f 3955//9366 3916//9366 3913//9366
f 3956//9367 3915//9367 3916//9367
f 3956//9368 3916//9368 3955//9368
f 3957//9369 3918//9369 3915//9369
f 3957//9370 3915//9370 3956//9370
f 3958//9371 3922//9372 3920//9372
f 3959//9373 3920//9373 3921//9373
f 3959//9374 3958//9375 3920//9374
f 3960//9376 3814//9376 3922//9376
f 3961//9377 3918//9377 3957//9377
f 3961//9378 3923//9378 3918//9378
f 3962//9379 3924//9379 3923//9379
f 3963//9380 3820//9380 3924//9380
f 3963//9381 3924//9381 3962//9381
f 3964//9382 3660//9382 3820//9382
f 3963//9383 3964//9383 3820//9383
f 3959//9384 3921//9384 3814//9384
f 3959//9385 3814//9385 3960//9385
f 3964//9386 3822//9386 3660//9386
f 3965//9387 3964//9387 3963//9387
f 3966//9388 3822//9388 3964//9388
f 3967//9389 3925//9389 3822//9389
f 3967//9390 3822//9390 3966//9390
f 3968//9391 3928//9391 3925//9391
f 3968//9392 3925//9392 3967//9392
f 3969//9393 3828//9393 3929//9393
f 3970//9394 3828//9394 3969//9394
f 3827//9395 3828//9395 3970//9395
f 3834//9396 3928//9396 3968//9396
f 3971//9397 3697//9397 3836//9397
f 3972//9398 3678//9398 3697//9398
f 3972//9399 3697//9399 3971//9399
f 3837//9400 3678//9400 3972//9400
f 3838//9401 3677//9401 3837//9401
f 3973//9402 3840//9402 3827//9402
f 3974//9403 3931//9403 3930//9403
f 3975//9404 3974//9404 3930//9404
f 3969//9405 3929//9405 3931//9405
f 3976//9406 3969//9406 3931//9406
f 3977//9407 3931//9407 3974//9407
f 3978//9408 3976//9408 3931//9408
f 3977//9409 3978//9409 3931//9409
f 3933//9410 3840//9410 3973//9410
f 3930//9411 3841//9411 3855//9411
f 3979//9412 3930//9412 3855//9412
f 3856//9413 3979//9413 3855//9413
f 3975//9414 3930//9414 3979//9414
f 3980//9415 3852//9415 3851//9415
f 3980//9416 3851//9416 3932//9416
f 3853//9417 3852//9417 3980//9417
f 3926//9418 3839//9418 3857//9418
f 3862//9419 3850//9419 3849//9419
f 3876//9420 3862//9420 3849//9420
f 3854//9421 3876//9421 3849//9421
f 3875//9422 3876//9422 3981//9422
f 3981//9423 3876//9423 3854//9423
f 3981//9424 3854//9424 3853//9424
f 3982//9425 3858//9425 3933//9425
f 3982//9426 3983//9426 3858//9426
f 3983//9427 3751//9427 3858//9427
f 3937//9428 3751//9428 3983//9428
f 3938//9429 3880//9429 3503//9429
f 3984//9430 3879//9430 3884//9430
f 3985//9431 3935//9431 3888//9431
f 3984//9432 3884//9432 3886//9432
f 3986//9433 3775//9433 3941//9433
f 3987//9434 3773//9434 3887//9434
f 3988//9435 3774//9435 3773//9435
f 3988//9436 3773//9436 3987//9436
f 3989//9437 3944//9437 3891//9437
f 3779//9438 3774//9438 3988//9438
f 3990//9439 3780//9439 3779//9439
f 3991//9440 3888//9440 3945//9440
f 3992//9441 3783//9441 3775//9441
f 3992//9442 3775//9442 3986//9442
f 3989//9443 3891//9443 3893//9443
f 3993//9444 3946//9444 3947//9444
f 3994//9445 3947//9445 3948//9445
f 3995//9446 3993//9446 3947//9446
f 3995//9447 3947//9447 3994//9447
f 3896//9448 3948//9448 3895//9448
f 3994//9449 3948//9449 3896//9449
f 3994//9450 3896//9450 3949//9450
f 3950//9451 3780//9451 3990//9451
f 3996//9452 3786//9452 3950//9452
f 3897//9453 3783//9453 3992//9453
f 3951//9454 3997//9454 3949//9454
f 3998//9455 3789//9455 3786//9455
f 3998//9456 3786//9456 3996//9456
f 3999//9457 3549//9457 3790//9457
f 3897//9458 3553//9458 3787//9458
f 3898//9459 3789//9459 3998//9459
f 3999//9460 3790//9460 3553//9460
f 3897//9461 3999//9461 3553//9461
f 4000//9462 3952//9462 3793//9462
f 3795//9463 4000//9463 3793//9463
f 4001//9464 3798//9464 3901//9464
f 4001//9465 3800//9465 3798//9465
f 4002//9466 3800//9466 4001//9466
f 3906//9467 3800//9467 4002//9467
f 4003//9468 3801//9468 3802//9468
f 3904//9469 4003//9469 3802//9469
f 3954//9470 3911//9470 3910//9470
f 3953//9471 3954//9471 3910//9471
f 4004//9472 3953//9472 3914//9472
f 4005//9473 3956//9473 3955//9473
f 3954//9474 4005//9474 3955//9474
f 3917//9475 4004//9475 3914//9475
f 3958//9476 4006//9477 3956//9477
f 3957//9478 3956//9478 4006//9478
f 4007//9479 3958//9480 3956//9479
f 4007//9481 3956//9481 4005//9481
f 3963//9482 3962//9482 3923//9482
f 4008//9483 3923//9483 3961//9483
f 4009//9484 3963//9484 3923//9484
f 4010//9485 4009//9485 3923//9485
f 4010//9486 3923//9486 4008//9486
f 3959//9487 3922//9487 3958//9488
f 3959//9489 3960//9489 3922//9489
f 4011//9490 4006//9490 3958//9491
f 4011//9492 3957//9492 4006//9492
f 4011//9493 3958//9494 4007//9493
f 4012//9495 3961//9495 3957//9495
f 4011//9496 4012//9496 3957//9496
f 4008//9497 3961//9497 4012//9497
f 3965//9498 3963//9498 4009//9498
f 3965//9499 4009//9499 4010//9499
f 4013//9500 3917//9500 3919//9500
f 4014//9501 3967//9501 3966//9501
f 4014//9502 3966//9502 3964//9502
f 4015//9503 3967//9503 4014//9503
f 4016//9504 3919//9504 3926//9504
f 4016//9505 4013//9505 3919//9505
f 3968//9506 3967//9506 4015//9506
f 4017//9507 3970//9507 3969//9507
f 4018//9508 4017//9508 3969//9508
f 4018//9509 3969//9509 3976//9509
f 4019//9510 3970//9510 4017//9510
f 3827//9511 3970//9511 4019//9511
f 4020//9512 3968//9512 4015//9512
f 4021//9513 4020//9513 4015//9513
f 4021//9514 4015//9514 4022//9514
f 4023//9515 3968//9515 4020//9515
f 4023//9516 3834//9516 3968//9516
f 4023//9517 4020//9517 4021//9517
f 4024//9518 4016//9518 3926//9518
f 3975//9519 3979//9519 3974//9519
f 4025//9520 3974//9520 3979//9520
f 4026//9521 3974//9522 4025//9522
f 4026//9523 3977//9524 3974//9524
f 4027//9525 3932//9525 3838//9525
f 4028//9526 4025//9526 3979//9526
f 4029//9527 3979//9527 3856//9527
f 4029//9528 4028//9528 3979//9528
f 4028//9529 4026//9530 4025//9529
f 4030//9531 3980//9531 3932//9531
f 4030//9532 3932//9532 4027//9532
f 4031//9533 3853//9533 3980//9533
f 4030//9534 4031//9534 3980//9534
f 3936//9535 3926//9535 3857//9535
f 3936//9536 4024//9536 3926//9536
f 3982//9537 3933//9537 3973//9537
f 3981//9538 3853//9538 4031//9538
f 3860//9539 4029//9539 3856//9539
f 3869//9540 3883//9540 3757//9540
f 4032//9541 3936//9541 3935//9541
f 4033//9542 3937//9542 3983//9542
f 4033//9543 3941//9543 3937//9543
f 3984//9544 4034//9544 3879//9544
f 3883//9545 4035//9545 3881//9545
f 4036//9546 3881//9546 4035//9546
f 4037//9547 3939//9547 3881//9547
f 4036//9548 4037//9548 3881//9548
f 4038//9549 4035//9549 3883//9549
f 4038//9550 4036//9550 4035//9550
f 4037//9551 3940//9551 3939//9551
f 3987//9552 3887//9552 3940//9552
f 4039//9553 3987//9553 3940//9553
f 4037//9554 4039//9554 3940//9554
f 3888//9555 3991//9555 3985//9555
f 4040//9556 3779//9556 3988//9556
f 3990//9557 3779//9557 4040//9557
f 4041//9558 3992//9558 3986//9558
f 4042//9559 3946//9559 3993//9559
f 4043//9560 3993//9560 3995//9560
f 4042//9561 3993//9561 4043//9561
f 4044//9562 3995//9562 3994//9562
f 4045//9563 4044//9563 3994//9563
f 4046//9564 3994//9564 3949//9564
f 4045//9565 3994//9565 4046//9565
f 4044//9566 4043//9566 3995//9566
f 4044//9567 4047//9567 4043//9567
f 4048//9568 4043//9568 4047//9568
f 4048//9569 4042//9569 4043//9569
f 4049//9570 4047//9570 4044//9570
f 4049//9571 4048//9571 4047//9571
f 4049//9572 4044//9572 4045//9572
f 3950//9573 3990//9573 4050//9573
f 4051//9574 3897//9574 3992//9574
f 4051//9575 3992//9575 4041//9575
f 4046//9576 3949//9576 3997//9576
f 4052//9577 4046//9577 3997//9577
f 4053//9578 4052//9578 3997//9578
f 3951//9579 4053//9579 3997//9579
f 4052//9580 4045//9580 4046//9580
f 4049//9581 4045//9581 4052//9581
f 3999//9582 3945//9582 3549//9582
f 4054//9583 3898//9583 3998//9583
f 4055//9584 3795//9584 3797//9584
f 3902//9585 4055//9585 3797//9585
f 4056//9586 3904//9586 3805//9586
f 3908//9587 4056//9587 3805//9587
f 4004//9588 4005//9588 3953//9588
f 3954//9589 3953//9589 4005//9589
f 4057//9590 4004//9590 3917//9590
f 4058//9591 4057//9591 3917//9591
f 4059//9592 4011//9592 4007//9592
f 4060//9593 4059//9594 4007//9594
f 4061//9595 4060//9596 4007//9597
f 4061//9598 4007//9599 4005//9599
f 4008//9600 4012//9600 4011//9600
f 4062//9601 4011//9601 4059//9601
f 4063//9602 4008//9602 4011//9602
f 4062//9603 4063//9603 4011//9603
f 4064//9604 4010//9604 4008//9604
f 3965//9605 4010//9605 4064//9605
f 4058//9606 3917//9606 4013//9606
f 4062//9607 4059//9607 4060//9608
f 4065//9609 4060//9610 4066//9609
f 4061//9611 4066//9612 4060//9613
f 4067//9614 4060//9615 4065//9614
f 4061//9616 4062//9617 4060//9618
f 4067//9619 4061//9620 4060//9621
f 4014//9622 3964//9622 3965//9622
f 4068//9623 4014//9623 3965//9623
f 4069//9624 4058//9624 4013//9624
f 4070//9625 4065//9625 4066//9625
f 4071//9626 4070//9626 4066//9626
f 4071//9627 4066//9627 4061//9628
f 4072//9629 4065//9629 4070//9629
f 4073//9630 4065//9630 4072//9630
f 4073//9631 4067//9631 4065//9631
f 4074//9632 4072//9632 4070//9632
f 4071//9633 4074//9633 4070//9633
f 4073//9634 4072//9634 4074//9634
f 4073//9635 4074//9635 4071//9635
f 4022//9636 4014//9636 4068//9636
f 4075//9637 4022//9637 4068//9637
f 4015//9638 4014//9638 4022//9638
f 4016//9639 4069//9639 4013//9639
f 4018//9640 4019//9640 4017//9640
f 4018//9641 3827//9641 4019//9641
f 4076//9642 4021//9642 4022//9642
f 4077//9643 4076//9643 4022//9643
f 4078//9644 4021//9644 4076//9644
f 4079//9645 4021//9645 4078//9645
f 4080//9646 4023//9646 4021//9646
f 4079//9647 4080//9647 4021//9647
f 4078//9648 4076//9648 4026//9649
f 4081//9650 4026//9651 4076//9652
f 4081//9653 4076//9654 4077//9654
f 4082//9655 4083//9655 3834//9655
f 3832//9656 3834//9656 4083//9656
f 4082//9657 3834//9657 4023//9657
f 3838//9658 3837//9658 4084//9658
f 3973//9659 3827//9659 4018//9659
f 4018//9660 3976//9660 3978//9660
f 4085//9661 4018//9661 3978//9661
f 4086//9662 3978//9662 3977//9662
f 4086//9663 4085//9663 3978//9663
f 4087//9664 4018//9664 4085//9664
f 4088//9665 4018//9665 4087//9665
f 4088//9666 3973//9666 4018//9666
f 4081//9667 3977//9668 4026//9669
f 4081//9670 4086//9671 3977//9671
f 4079//9672 4078//9672 4026//9673
f 4089//9674 4026//9675 4028//9674
f 4081//9676 4079//9677 4026//9678
f 4089//9679 4081//9680 4026//9681
f 4080//9682 4082//9682 4023//9682
f 4090//9683 4027//9683 3838//9683
f 4091//9684 4028//9684 4029//9684
f 4091//9685 4089//9685 4028//9685
f 4092//9686 4030//9686 4027//9686
f 4093//9687 4027//9687 4090//9687
f 4094//9688 4092//9688 4027//9688
f 4093//9689 4094//9689 4027//9689
f 4095//9690 4031//9690 4030//9690
f 4095//9691 3981//9691 4031//9691
f 4095//9692 4030//9692 4092//9692
f 3875//9693 3981//9693 4095//9693
f 4096//9694 3860//9694 3861//9694
f 3934//9695 4096//9695 3861//9695
f 4032//9696 4097//9696 3936//9696
f 4098//9697 3983//9697 3982//9697
f 4099//9698 3983//9698 4098//9698
f 3883//9699 3869//9699 3868//9699
f 4033//9700 3983//9700 4099//9700
f 3935//9701 3985//9701 4032//9701
f 4034//9702 4100//9703 3879//9702
f 3877//9704 3879//9704 4100//9705
f 4101//9706 4034//9706 3984//9706
f 4102//9707 4032//9707 3985//9707
f 4103//9708 3941//9708 4033//9708
f 4104//9709 3987//9709 4039//9709
f 4105//9710 4039//9710 4037//9710
f 4106//9711 4039//9711 4105//9711
f 4107//9712 4104//9712 4039//9712
f 4106//9713 4107//9713 4039//9713
f 4105//9714 4037//9714 4036//9714
f 4108//9550 4036//9550 4038//9550
f 4109//9715 4105//9715 4036//9715
f 4108//9716 4109//9716 4036//9716
f 4103//9717 3986//9717 3941//9717
f 3988//9718 3987//9718 4104//9718
f 3991//9719 4102//9719 3985//9719
f 4110//9720 3943//9720 3944//9720
f 3989//9721 4110//9721 3944//9721
f 4111//9722 3990//9722 4040//9722
f 4112//9723 3893//9724 3946//9724
f 4042//9725 4112//9726 3946//9725
f 4113//9727 3893//9727 4112//9728
f 4042//9729 4114//9730 4112//9731
f 4115//9732 4112//9733 4114//9734
f 4116//9735 4113//9736 4112//9737
f 4117//9738 4112//9739 4115//9738
f 4117//9740 4116//9741 4112//9742
f 4118//9743 4114//9744 4119//9743
f 4120//9745 4119//9745 4114//9746
f 4115//9747 4114//9748 4118//9747
f 4112//9749 4114//9750 4121//9751
f 4122//9752 4114//9753 4112//9754
f 4120//9755 4114//9756 4122//9755
f 4048//9757 4114//9758 4042//9757
f 4121//9759 4114//9760 4048//9759
f 4050//9761 3990//9761 4111//9761
f 4123//9762 3991//9762 3945//9762
f 4051//9763 4041//9763 4124//9763
f 4053//9764 4049//9764 4052//9764
f 4125//9765 4123//9765 3945//9765
f 4125//9766 3945//9766 3999//9766
f 4126//9767 3897//9767 4051//9767
f 4127//9768 4053//9768 4128//9768
f 4128//9769 4053//9769 3951//9769
f 4128//9770 3951//9770 3952//9770
f 4126//9771 3999//9771 3897//9771
f 4126//9772 4125//9772 3999//9772
f 4129//9773 3898//9773 4054//9773
f 4129//9774 3900//9774 3898//9774
f 4130//9775 4054//9775 3998//9775
f 4129//9776 4054//9776 4130//9776
f 3795//9777 4131//9777 4000//9777
f 4132//9778 3900//9778 4129//9778
f 3899//9779 3900//9779 4133//9779
f 4132//9780 4133//9780 3900//9780
f 4134//9781 3901//9781 3899//9781
f 4001//9782 3901//9782 4134//9782
f 3902//9783 4135//9783 4055//9783
f 3903//9784 4135//9784 3902//9784
f 4136//9785 4135//9785 3903//9785
f 4137//9786 4002//9786 4001//9786
f 3906//9787 4002//9787 4137//9787
f 4138//9788 3903//9788 3801//9788
f 4003//9789 4138//9789 3801//9789
f 4139//9790 3907//9790 3905//9790
f 4140//9791 4003//9791 3904//9791
f 4140//9792 3904//9792 4056//9792
f 3907//9793 4056//9793 3908//9793
f 4005//9794 4004//9794 4057//9794
f 4141//9795 4061//9796 4005//9795
f 4142//9797 4008//9797 4063//9797
f 4064//9798 4008//9798 4142//9798
f 4143//9799 4071//9799 4061//9800
f 4143//9801 4061//9802 4141//9801
f 4062//9803 4142//9803 4063//9803
f 4075//9804 4064//9804 4142//9804
f 4144//9805 4062//9805 4061//9806
f 4142//9807 4062//9807 4144//9807
f 4068//9808 3965//9808 4064//9808
f 4068//9809 4064//9809 4075//9809
f 4067//9810 4144//9810 4061//9811
f 4145//9812 4144//9812 4067//9812
f 4146//9813 4142//9813 4144//9813
f 4146//9814 4144//9814 4145//9814
f 4073//9815 4145//9815 4067//9815
f 4075//9816 4142//9816 4146//9816
f 4147//9817 4073//9817 4071//9817
f 4148//9818 4147//9818 4071//9818
f 4149//9819 4148//9819 4071//9819
f 4149//9820 4071//9820 4143//9820
f 4077//9821 4146//9821 4145//9821
f 4145//9822 4073//9822 4147//9822
f 4022//9823 4075//9823 4146//9823
f 4022//9824 4146//9824 4077//9824
f 4150//9825 4069//9825 4016//9825
f 4086//9826 4145//9826 4147//9826
f 4151//9827 4147//9827 4148//9827
f 4149//9828 4151//9828 4148//9828
f 4077//9829 4145//9829 4086//9829
f 4085//9830 4147//9830 4151//9830
f 4086//9831 4147//9831 4085//9831
f 4087//9832 4085//9832 4151//9832
f 4152//9833 4087//9833 4151//9833
f 4152//9834 4151//9834 4149//9834
f 4081//9835 4077//9836 4086//9836
f 4082//9837 4153//9837 4083//9837
f 3832//9838 4083//9838 4153//9838
f 4154//9839 4153//9839 4082//9839
f 4155//9840 3832//9840 4153//9840
f 4156//9841 4155//9841 4153//9841
f 4157//9842 4153//9842 4154//9842
f 4157//9843 4156//9843 4153//9843
f 4154//9844 4082//9844 4080//9844
f 3833//9845 3832//9845 4155//9845
f 4158//9846 3833//9846 4155//9846
f 4156//9847 4158//9847 4155//9847
f 4159//9848 3836//9848 3833//9848
f 4158//9849 4159//9849 3833//9849
f 4160//9850 3971//9850 3836//9850
f 4160//9851 3836//9851 4159//9851
f 4161//9852 4162//9852 3971//9852
f 3972//9853 3971//9853 4162//9853
f 4160//9854 4161//9854 3971//9854
f 4160//9855 4162//9855 4161//9855
f 4084//9856 3972//9856 4162//9856
f 4163//9857 4084//9857 4162//9857
f 4164//9858 4162//9858 4160//9858
f 4164//9859 4165//9859 4162//9859
f 4163//9860 4162//9860 4165//9860
f 3837//9861 3972//9861 4084//9861
f 4166//9862 4090//9862 4084//9862
f 3838//9863 4084//9863 4090//9863
f 4167//9864 4166//9864 4084//9864
f 4167//9865 4084//9865 4163//9865
f 4150//9866 4016//9866 4024//9866
f 4088//9867 4087//9867 4152//9867
f 4079//9868 4168//9868 4080//9868
f 4169//9869 4168//9869 4079//9869
f 4169//9870 4080//9870 4168//9870
f 4170//9871 4079//9871 4081//9872
f 4171//9873 4079//9873 4170//9873
f 4172//9874 4169//9874 4079//9874
f 4171//9875 4172//9875 4079//9875
f 4173//9876 4154//9876 4080//9876
f 4169//9877 4173//9877 4080//9877
f 4167//9878 4090//9878 4166//9878
f 4174//9879 4090//9879 4167//9879
f 4093//9880 4090//9880 4174//9880
f 4097//9881 4150//9881 4024//9881
f 4089//9882 4170//9882 4081//9883
f 4171//9884 4170//9884 4089//9884
f 4175//9885 4089//9885 4091//9885
f 4176//9886 4171//9886 4089//9886
f 4175//9887 4176//9887 4089//9887
f 4177//9888 4092//9888 4094//9888
f 4177//9889 4095//9889 4092//9889
f 4178//9890 4177//9890 4094//9890
f 4179//9891 4094//9891 4093//9891
f 4180//9892 4094//9892 4179//9892
f 4178//9893 4094//9893 4180//9893
f 4097//9894 4024//9894 3936//9894
f 4181//9895 3973//9895 4088//9895
f 4181//9896 3982//9896 3973//9896
f 4182//9897 4091//9897 4029//9897
f 4183//9898 4091//9898 4182//9898
f 4183//9899 4175//9899 4091//9899
f 3875//9900 4095//9900 4184//9900
f 4177//9901 4184//9901 4095//9901
f 3874//9902 3875//9902 4184//9902
f 4185//9903 3874//9903 4184//9903
f 4186//9904 4185//9904 4184//9904
f 4186//9905 4184//9905 4177//9905
f 4098//9906 3982//9906 4181//9906
f 3860//9907 4182//9907 4029//9907
f 4187//9908 4182//9908 3860//9908
f 4188//9909 4182//9909 4187//9909
f 4188//9910 4183//9910 4182//9910
f 4096//9911 4187//9911 3860//9911
f 4189//9912 4188//9912 4187//9912
f 4096//9913 4189//9913 4187//9913
f 4190//9914 4096//9914 3934//9914
f 4191//9915 4192//9915 4193//9915
f 4194//9916 4192//9916 4191//9916
f 4195//9917 4192//9917 4196//9917
f 4197//9918 4191//9918 4193//9918
f 4198//9919 4191//9919 4197//9919
f 4199//9920 4193//9920 4192//9920
f 4199//9921 4197//9921 4193//9921
f 4195//9922 4199//9922 4192//9922
f 4200//9923 4194//9923 4191//9923
f 4201//9924 4200//9924 4191//9924
f 4202//9925 4191//9925 4198//9925
f 4201//9926 4191//9926 4202//9926
f 4203//9927 4200//9927 4201//9927
f 4204//9928 4097//9928 4032//9928
f 4205//9929 4099//9929 4098//9929
f 3877//9930 4190//9930 3934//9930
f 4194//9931 4196//9931 4192//9931
f 4206//9932 3883//9932 3868//9932
f 3871//9933 4206//9933 3868//9933
f 4206//9934 4038//9934 3883//9934
f 4207//9935 4196//9935 4194//9935
f 4208//9936 4196//9936 4207//9936
f 4195//9937 4196//9937 4208//9937
f 4209//9938 4194//9938 4200//9938
f 4209//9939 4207//9939 4194//9939
f 4203//9940 4209//9940 4200//9940
f 4206//9941 4210//9941 4038//9941
f 4108//9942 4038//9942 4210//9942
f 4211//9943 4210//9943 4206//9943
f 4212//9944 4108//9944 4210//9944
f 4211//9945 4212//9945 4210//9945
f 4211//9946 4206//9946 3871//9946
f 4209//9947 4208//9947 4207//9947
f 4213//9948 4209//9948 4203//9948
f 4214//9949 4032//9949 4102//9949
f 4214//9950 4204//9950 4032//9950
f 4215//9951 4033//9951 4099//9951
f 4103//9952 4033//9952 4215//9952
f 3886//9953 4101//9953 3984//9953
f 4106//9954 4105//9954 4109//9954
f 4209//9955 4195//9955 4208//9955
f 4213//9956 4195//9956 4209//9956
f 4216//9957 3942//9958 3943//9958
f 4217//9959 4104//9959 4107//9959
f 4217//9960 4040//9960 4104//9960
f 3988//9961 4104//9961 4040//9961
f 4218//9962 4217//9962 4107//9962
f 4219//9963 4107//9963 4106//9963
f 4220//9964 4107//9964 4219//9964
f 4220//9965 4218//9965 4107//9965
f 4041//9966 3986//9966 4103//9966
f 4221//9967 4041//9967 4103//9967
f 4216//9968 3943//9969 4110//9969
f 4222//9970 4040//9970 4217//9970
f 4223//9971 4111//9971 4040//9971
f 4223//9972 4040//9972 4222//9972
f 4222//9973 4217//9973 4218//9973
f 4102//9974 3991//9974 4224//9974
f 4225//9975 3950//9975 4111//9975
f 4050//9976 4111//9976 3950//9976
f 4223//9977 4225//9977 4111//9977
f 4226//9978 3991//9978 4123//9978
f 4226//9979 4224//9979 3991//9979
f 4124//9980 4041//9980 4221//9980
f 4227//9981 4051//9981 4124//9981
f 3996//9982 3950//9982 4225//9982
f 4228//9983 3996//9983 4225//9983
f 4229//9984 4228//9984 4225//9984
f 4230//9985 4225//9985 4223//9985
f 4230//9986 4229//9986 4225//9986
f 4231//9987 4123//9987 4125//9987
f 4231//9988 4226//9988 4123//9988
f 3998//9989 3996//9989 4228//9989
f 4130//9990 3998//9990 4228//9990
f 4232//9991 4130//9991 4228//9991
f 4232//9992 4228//9992 4229//9992
f 4233//9993 4129//9993 4130//9993
f 4233//9994 4130//9994 4232//9994
f 4000//9995 4128//9995 3952//9995
f 4234//9996 4129//9996 4233//9996
f 4132//9997 4129//9997 4234//9997
f 4134//9998 3899//9998 4133//9998
f 4235//9999 4134//9999 4133//9999
f 4236//10000 4133//10000 4132//10000
f 4236//10001 4235//10001 4133//10001
f 4237//10002 4001//10002 4134//10002
f 4238//10003 4134//10003 4235//10003
f 4237//10004 4134//10004 4238//10004
f 4237//10005 4137//10005 4001//10005
f 3906//10006 4137//10006 4239//10006
f 4240//10007 4239//10007 4137//10007
f 4241//10008 4240//10008 4137//10008
f 4241//10009 4137//10009 4237//10009
f 4136//10010 3903//10010 4138//10010
f 4242//10011 4139//10011 3905//10011
f 3906//10012 4239//10012 3905//10012
f 4242//10013 3905//10013 4239//10013
f 3907//10014 4139//10014 4243//10014
f 4244//10015 4243//10015 4139//10015
f 4244//10016 4139//10016 4242//10016
f 4240//10017 4245//10017 4239//10017
f 4242//10018 4239//10018 4245//10018
f 3907//10019 4243//10019 4056//10019
f 4246//10020 4056//10020 4243//10020
f 4244//10021 4246//10021 4243//10021
f 4058//10022 4141//10022 4057//10022
f 4247//10023 4141//10023 4058//10023
f 4247//10024 4143//10024 4141//10024
f 4248//10025 4247//10025 4058//10025
f 4141//10026 4005//10026 4057//10026
f 4249//10027 4143//10027 4247//10027
f 4250//10028 4058//10028 4069//10028
f 4250//10029 4248//10029 4058//10029
f 4149//10030 4143//10030 4249//10030
f 4150//10031 4250//10031 4069//10031
f 4251//10032 4159//10032 4158//10032
f 4252//10033 4160//10033 4159//10033
f 4251//10034 4252//10034 4159//10034
f 4251//10035 4158//10035 4156//10035
f 4164//10036 4160//10036 4252//10036
f 4253//10037 4088//10037 4152//10037
f 4254//10038 4154//10038 4173//10038
f 4254//10039 4157//10039 4154//10039
f 4255//10040 4173//10040 4169//10040
f 4255//10041 4254//10041 4173//10041
f 4256//10042 4169//10042 4172//10042
f 4256//10043 4255//10043 4169//10043
f 4257//10044 4156//10044 4157//10044
f 4258//10045 4251//10045 4156//10045
f 4257//10046 4258//10046 4156//10046
f 4259//10047 4157//10047 4254//10047
f 4260//10048 4257//10048 4157//10048
f 4259//10049 4260//10049 4157//10049
f 4261//10050 4165//10050 4164//10050
f 4262//10051 4163//10051 4165//10051
f 4263//10052 4262//10052 4165//10052
f 4264//10053 4263//10053 4165//10053
f 4261//10054 4264//10054 4165//10054
f 4167//10055 4163//10055 4262//10055
f 4265//10056 4167//10056 4262//10056
f 4263//10057 4265//10057 4262//10057
f 4265//10058 4174//10058 4167//10058
f 4266//10059 4150//10059 4097//10059
f 4267//10060 4172//10060 4171//10060
f 4267//10061 4256//10061 4172//10061
f 4268//10062 4171//10062 4176//10062
f 4268//10063 4267//10063 4171//10063
f 4179//10064 4093//10064 4174//10064
f 4179//10065 4174//10065 4265//10065
f 4269//10066 4265//10066 4263//10066
f 4179//10067 4265//10067 4269//10067
f 4270//10068 4181//10068 4088//10068
f 4270//10069 4088//10069 4253//10069
f 4271//10070 4176//10070 4175//10070
f 4268//10071 4176//10071 4271//10071
f 4272//10072 4271//10073 4175//10073
f 4183//10074 4272//10075 4175//10074
f 4273//10076 4098//10076 4181//10076
f 4273//10077 4181//10077 4270//10077
f 4274//10078 4271//10078 4272//10079
f 4274//10080 4268//10080 4271//10080
f 4275//10081 4272//10082 4183//10083
f 4276//10084 4274//10084 4272//10085
f 4275//10086 4276//10087 4272//10088
f 4275//10089 4183//10090 4188//10090
f 4277//10091 4198//10091 4197//10091
f 4202//10092 4198//10092 4277//10092
f 4278//10093 4197//10093 4199//10093
f 4275//10094 4188//10095 4189//10095
f 4278//10096 4199//10096 4195//10096
f 4279//10097 4280//10097 4189//10097
f 4281//10098 4189//10098 4280//10098
f 4282//10099 4279//10099 4189//10099
f 4283//10100 4189//10100 4281//10100
f 4275//10101 4189//10102 4283//10102
f 4282//10103 4189//10103 4190//10103
f 4190//10104 4189//10104 4096//10104
f 4284//10105 4190//10105 3877//10105
f 4285//10106 4278//10106 4195//10106
f 4100//10107 4284//10108 3877//10108
f 4213//10109 4203//10109 4201//10109
f 4215//10110 4099//10110 4205//10110
f 4286//10111 4215//10111 4205//10111
f 4205//10112 4098//10112 4273//10112
f 4287//10113 4103//10113 4215//10113
f 4287//10114 4215//10114 4286//10114
f 4288//10115 4285//10115 4195//10115
f 4289//10116 4101//10117 3886//10117
f 4109//10118 4108//10118 4212//10118
f 4290//10119 4214//10119 4102//10119
f 4289//10120 3886//10121 3942//10121
f 4291//10122 4219//10122 4106//10122
f 4109//10123 4291//10123 4106//10123
f 4292//10124 4219//10124 4291//10124
f 4292//10125 4220//10125 4219//10125
f 4293//10126 4294//10126 4291//10126
f 4292//10127 4291//10127 4294//10127
f 4109//10128 4293//10128 4291//10128
f 4293//10129 4295//10130 4294//10129
f 4296//10131 4294//10131 4295//10132
f 4296//10133 4292//10133 4294//10133
f 4297//10134 4295//10135 4293//10136
f 4298//10137 4295//10138 4299//10137
f 4297//10139 4299//10140 4295//10141
f 4300//10142 4295//10143 4298//10142
f 4297//10144 4296//10145 4295//10146
f 4300//10147 4297//10148 4295//10149
f 4109//10150 4212//10150 4293//10150
f 4301//10151 4293//10151 4212//10151
f 4297//10152 4293//10153 4301//10153
f 4301//10154 4212//10154 4211//10154
f 4224//10155 4290//10155 4102//10155
f 4302//10156 4221//10156 4103//10156
f 4303//10157 4221//10157 4302//10157
f 4216//10158 4304//10159 3942//10159
f 4289//10160 3942//10161 4304//10161
f 4305//10162 4304//10163 4216//10164
f 4306//10165 4289//10166 4304//10167
f 4307//10168 4306//10169 4304//10168
f 4305//10170 4307//10171 4304//10171
f 4308//10172 4216//10173 4110//10172
f 4305//10174 4216//10175 4308//10176
f 4220//10177 4309//10177 4218//10177
f 4310//10178 4218//10179 4309//10179
f 4311//10180 4222//10181 4218//10181
f 4310//10182 4311//10183 4218//10184
f 4310//10185 4309//10186 4220//10186
f 4312//10187 4220//10187 4292//10187
f 4310//10188 4220//10189 4312//10189
f 4113//10190 3989//10190 3893//10190
f 4223//10191 4222//10191 4311//10192
f 4230//10193 4223//10193 4311//10194
f 4310//10195 4230//10196 4311//10197
f 4313//10198 4124//10198 4221//10198
f 4314//10199 4227//10199 4124//10199
f 4314//10200 4124//10200 4313//10200
f 4315//10201 4229//10201 4230//10201
f 4316//10202 4232//10202 4229//10202
f 4317//10203 4229//10203 4315//10203
f 4318//10204 4316//10204 4229//10204
f 4317//10205 4318//10205 4229//10205
f 4319//10206 4230//10206 4310//10207
f 4320//10208 4230//10208 4319//10208
f 4315//10209 4230//10209 4320//10209
f 4321//10210 4227//10210 4314//10210
f 4322//10211 4051//10211 4227//10211
f 4316//10212 4233//10212 4232//10212
f 4316//10213 4234//10213 4233//10213
f 4323//10214 4231//10214 4125//10214
f 4323//10215 4125//10215 4126//10215
f 4322//10216 4323//10216 4126//10216
f 4322//10217 4126//10217 4051//10217
f 4236//10218 4132//10218 4234//10218
f 4324//10219 4236//10219 4234//10219
f 4316//10220 4324//10220 4234//10220
f 4325//10221 4235//10221 4236//10221
f 4325//10222 4238//10222 4235//10222
f 4324//10223 4325//10223 4236//10223
f 4241//10224 4237//10224 4238//10224
f 4326//10225 4241//10225 4238//10225
f 4325//10226 4326//10226 4238//10226
f 4246//10227 4245//10227 4240//10227
f 4244//10228 4242//10228 4245//10228
f 4246//10229 4244//10229 4245//10229
f 4246//10230 4240//10230 4241//10230
f 4326//10231 4246//10231 4241//10231
f 4327//10232 4138//10232 4003//10232
f 4328//10233 4135//10233 4136//10233
f 4328//10234 4136//10234 4138//10234
f 4140//10235 4327//10235 4003//10235
f 4329//10236 4056//10236 4246//10236
f 4330//10237 4329//10237 4246//10237
f 4330//10238 4246//10238 4331//10238
f 4330//10239 4056//10239 4329//10239
f 4249//10240 4247//10240 4248//10240
f 4332//10241 4248//10241 4250//10241
f 4333//10242 4332//10242 4250//10242
f 4333//10243 4250//10243 4150//10243
f 4334//10244 4152//10244 4149//10244
f 4334//10245 4149//10245 4335//10245
f 4258//10246 4252//10246 4251//10246
f 4258//10247 4164//10247 4252//10247
f 4258//10248 4261//10248 4164//10248
f 4336//10249 4333//10249 4150//10249
f 4334//10250 4253//10250 4152//10250
f 4337//10251 4254//10251 4255//10251
f 4337//10252 4259//10252 4254//10252
f 4338//10253 4255//10253 4256//10253
f 4338//10254 4337//10254 4255//10254
f 4336//10255 4150//10255 4266//10255
f 4339//10256 4253//10256 4334//10256
f 4340//10257 4256//10257 4267//10257
f 4340//10258 4338//10258 4256//10258
f 4274//10259 4267//10259 4268//10259
f 4274//10260 4340//10260 4267//10260
f 4341//10261 4180//10261 4179//10261
f 4342//10262 4178//10262 4180//10262
f 4341//10263 4342//10263 4180//10263
f 4343//10264 4341//10264 4179//10264
f 4344//10265 4343//10265 4179//10265
f 4339//10266 4270//10266 4253//10266
f 4186//10267 4178//10267 4342//10267
f 4186//10268 4177//10268 4178//10268
f 4345//10269 4186//10269 4342//10269
f 4346//10270 4345//10270 4342//10270
f 4346//10271 4342//10271 4341//10271
f 4347//10272 4186//10272 4345//10272
f 4348//10273 4277//10273 4197//10273
f 4278//10274 4348//10274 4197//10274
f 4349//10275 4277//10275 4348//10275
f 4350//10276 4202//10276 4277//10276
f 4350//10277 4277//10277 4349//10277
f 4351//10278 4201//10278 4202//10278
f 4351//10279 4202//10279 4350//10279
f 4352//10280 4185//10280 4186//10280
f 3874//10281 4185//10281 3873//10281
f 4352//10282 4186//10282 4347//10282
f 4097//10283 4204//10283 4266//10283
f 4353//10284 3873//10284 4185//10284
f 4353//10285 3872//10285 3873//10285
f 4354//10286 4190//10286 4284//10286
f 4355//10287 3872//10287 4353//10287
f 4211//10288 3871//10288 3872//10288
f 4355//10289 4211//10289 3872//10289
f 4356//10290 4355//10290 4353//10290
f 4285//10291 4357//10291 4278//10291
f 4358//10292 4266//10292 4204//10292
f 4359//10293 4205//10293 4273//10293
f 4359//10294 4273//10294 4360//10294
f 4359//10295 4286//10295 4205//10295
f 4361//10296 4284//10297 4100//10298
f 4361//10299 4354//10300 4284//10300
f 4362//10301 4213//10301 4201//10301
f 4362//10302 4201//10302 4351//10302
f 4358//10303 4204//10303 4214//10303
f 4100//10304 4287//10305 4286//10305
f 4361//10306 4286//10307 4359//10307
f 4100//10308 4286//10309 4361//10310
f 4363//10311 4034//10311 4101//10311
f 4361//10312 4100//10313 4034//10314
f 4306//10315 4101//10316 4289//10317
f 4306//10318 4363//10319 4101//10319
f 4290//10320 4358//10320 4214//10320
f 4302//10321 4103//10321 4287//10321
f 4364//10322 4302//10322 4287//10322
f 4364//10323 4287//10323 4100//10324
f 4289//10325 4303//10326 4302//10326
f 4306//10327 4302//10328 4364//10328
f 4289//10329 4302//10330 4306//10331
f 4288//10332 4195//10332 4213//10332
f 4362//10333 4288//10333 4213//10333
f 4362//10334 4365//10334 4288//10334
f 4366//10335 4110//10335 3989//10335
f 4367//10336 4290//10336 4224//10336
f 4368//10337 4367//10337 4224//10337
f 4313//10338 4221//10338 4303//10338
f 4369//10339 4313//10339 4303//10339
f 4369//10340 4303//10340 4289//10341
f 4370//10342 4313//10342 4369//10342
f 4366//10343 3989//10343 4113//10343
f 4368//10344 4224//10344 4226//10344
f 4368//10345 4226//10345 4231//10345
f 4371//10346 4321//10346 4314//10346
f 4372//10347 4231//10347 4323//10347
f 4372//10348 4368//10348 4231//10348
f 4322//10349 4227//10349 4321//10349
f 4373//10350 4322//10350 4321//10350
f 4374//10351 4323//10351 4322//10351
f 4374//10352 4372//10352 4323//10352
f 4373//10353 4374//10353 4322//10353
f 4131//10354 4128//10354 4000//10354
f 4375//10355 4131//10355 3795//10355
f 4055//10356 4375//10356 3795//10356
f 4376//10357 4055//10357 4135//10357
f 4328//10358 4376//10358 4135//10358
f 4140//10359 4056//10359 4330//10359
f 4377//10360 4140//10360 4330//10360
f 4332//10361 4249//10361 4248//10361
f 4378//10362 4332//10362 4333//10362
f 4249//10363 4332//10363 4378//10363
f 4335//10364 4149//10364 4249//10364
f 4379//10365 4335//10365 4249//10365
f 4380//10366 4378//10366 4333//10366
f 4381//10367 4335//10367 4379//10367
f 4381//10368 4334//10368 4335//10368
f 4336//10369 4380//10369 4333//10369
f 4357//10370 4348//10370 4278//10370
f 4349//10371 4348//10371 4382//10371
f 4383//10372 4348//10372 4357//10372
f 4383//10373 4384//10373 4348//10373
f 4385//10374 4336//10374 4266//10374
f 4347//10375 4345//10375 4386//10375
f 4346//10376 4386//10376 4345//10376
f 4347//10377 4386//10377 4352//10377
f 4387//10378 4352//10378 4386//10378
f 4387//10379 4386//10379 4346//10379
f 4388//10380 4351//10380 4350//10380
f 4389//10381 4273//10381 4270//10381
f 4360//10382 4273//10382 4389//10382
f 4389//10383 4270//10383 4339//10383
f 4279//10384 4389//10384 4339//10384
f 4279//10385 4339//10385 4280//10385
f 4390//10386 4360//10386 4389//10386
f 4390//10387 4389//10387 4279//10387
f 4356//10388 4185//10388 4352//10388
f 4356//10389 4353//10389 4185//10389
f 4391//10390 4301//10390 4355//10390
f 4356//10391 4391//10391 4355//10391
f 4299//10392 4301//10392 4391//10392
f 4211//10393 4355//10393 4301//10393
f 4299//10394 4391//10394 4356//10394
f 4392//10395 4356//10395 4352//10395
f 4393//10396 4356//10396 4392//10396
f 4299//10397 4356//10397 4393//10397
f 4392//10398 4352//10398 4387//10398
f 4354//10399 4360//10399 4190//10399
f 4282//10400 4190//10400 4360//10400
f 4354//10401 4359//10401 4360//10401
f 4282//10402 4360//10402 4390//10402
f 4394//10403 4351//10403 4388//10403
f 4358//10404 4385//10404 4266//10404
f 4361//10405 4359//10406 4354//10406
f 4357//10407 4285//10407 4395//10407
f 4394//10408 4362//10408 4351//10408
f 4363//10409 4361//10410 4034//10409
f 4364//10411 4100//10412 4361//10413
f 4363//10414 4364//10414 4361//10415
f 4297//10416 4301//10417 4299//10417
f 4395//10418 4285//10418 4288//10418
f 4396//10419 4357//10419 4395//10419
f 4312//10420 4396//10420 4395//10420
f 4306//10421 4364//10422 4363//10422
f 4397//10423 4395//10423 4288//10423
f 4312//10424 4395//10424 4397//10424
f 4398//10425 4362//10425 4394//10425
f 4369//10426 4289//10427 4306//10428
f 4305//10429 4369//10430 4306//10431
f 4399//10432 4306//10433 4307//10432
f 4305//10434 4306//10435 4399//10436
f 4397//10437 4288//10437 4365//10437
f 4310//10438 4312//10439 4397//10439
f 4311//10440 4397//10441 4365//10441
f 4310//10442 4397//10443 4311//10444
f 4367//10445 4400//10445 4290//10445
f 4358//10446 4290//10446 4400//10446
f 4216//10447 4370//10448 4369//10448
f 4216//10449 4369//10450 4305//10451
f 4401//10452 4110//10453 4366//10453
f 4402//10454 4308//10455 4110//10455
f 4402//10456 4110//10457 4401//10458
f 4403//10459 4401//10460 4366//10459
f 4113//10461 4403//10461 4366//10461
f 4314//10462 4313//10462 4370//10462
f 4371//10463 4314//10463 4370//10463
f 4401//10464 4371//10465 4370//10465
f 4404//10466 4370//10466 4216//10467
f 4402//10468 4370//10469 4404//10469
f 4401//10470 4370//10471 4402//10472
f 4405//10473 4321//10473 4371//10473
f 4406//10474 4371//10474 4401//10475
f 4407//10476 4371//10476 4406//10476
f 4407//10477 4405//10477 4371//10477
f 4405//10478 4373//10478 4321//10478
f 4408//10479 4368//10479 4372//10479
f 4409//10480 4368//10480 4408//10480
f 4408//10481 4372//10481 4374//10481
f 4410//10482 4373//10482 4405//10482
f 4410//10483 4411//10483 4373//10483
f 4411//10484 4374//10484 4373//10484
f 4412//10485 4128//10485 4131//10485
f 4412//10486 4127//10486 4128//10486
f 4413//10487 4131//10487 4375//10487
f 4413//10488 4412//10488 4131//10488
f 4414//10489 4375//10489 4055//10489
f 4414//10490 4413//10490 4375//10490
f 4414//10491 4055//10491 4376//10491
f 4415//10492 4376//10492 4328//10492
f 4415//10493 4414//10493 4376//10493
f 4416//10494 4328//10494 4138//10494
f 4417//10495 4138//10495 4327//10495
f 4417//10496 4416//10496 4138//10496
f 4415//10497 4328//10497 4416//10497
f 4140//10498 4417//10498 4327//10498
f 4379//10499 4249//10499 4378//10499
f 4379//10500 4378//10500 4418//10500
f 4419//10501 4378//10501 4380//10501
f 4419//10502 4418//10502 4378//10502
f 4420//10503 4381//10503 4379//10503
f 4419//10504 4380//10504 4336//10504
f 4381//10505 4339//10505 4334//10505
f 4384//10506 4382//10506 4348//10506
f 4421//10507 4382//10507 4384//10507
f 4422//10508 4419//10508 4336//10508
f 4280//10509 4339//10509 4381//10509
f 4280//10510 4381//10510 4420//10510
f 4423//10511 4384//10511 4383//10511
f 4424//10512 4350//10512 4349//10512
f 4382//10513 4424//10513 4349//10513
f 4385//10514 4422//10514 4336//10514
f 4425//10515 4281//10515 4280//10515
f 4424//10516 4388//10516 4350//10516
f 4282//10517 4390//10517 4279//10517
f 4396//10518 4383//10518 4357//10518
f 4423//10519 4383//10519 4396//10519
f 4424//10520 4394//10520 4388//10520
f 4426//10521 4422//10521 4385//10521
f 4426//10522 4385//10522 4358//10522
f 4427//10523 4423//10523 4396//10523
f 4428//10524 4394//10524 4424//10524
f 4429//10525 4426//10525 4358//10525
f 4427//10526 4396//10526 4312//10526
f 4427//10527 4312//10527 4292//10527
f 4398//10528 4394//10528 4428//10528
f 4400//10529 4429//10529 4358//10529
f 4305//10530 4399//10531 4307//10531
f 4296//10532 4427//10532 4292//10532
f 4402//10533 4305//10534 4308//10535
f 4404//10536 4216//10537 4305//10538
f 4402//10539 4404//10540 4305//10541
f 4430//10542 4311//10543 4365//10542
f 4398//10544 4430//10544 4365//10544
f 4398//10545 4365//10545 4362//10545
f 4310//10546 4311//10547 4430//10548
f 4319//10549 4310//10550 4430//10549
f 4320//10551 4430//10551 4398//10551
f 4320//10552 4319//10552 4430//10552
f 4431//10553 4400//10553 4367//10553
f 4431//10554 4367//10554 4368//10554
f 4402//10555 4401//10556 4403//10557
f 4407//10558 4402//10559 4403//10558
f 4116//10560 4403//10561 4113//10561
f 4432//10562 4407//10562 4403//10562
f 4433//10563 4403//10563 4116//10564
f 4432//10565 4403//10565 4433//10565
f 4406//10566 4401//10567 4402//10568
f 4407//10569 4406//10569 4402//10570
f 4431//10571 4368//10571 4409//10571
f 4434//10572 4121//10572 4048//10572
f 4049//10573 4434//10573 4048//10573
f 4435//10574 4405//10574 4407//10574
f 4436//10575 4407//10575 4432//10575
f 4436//10576 4435//10576 4407//10576
f 4435//10577 4410//10577 4405//10577
f 4437//10578 4049//10578 4053//10578
f 4438//10579 4053//10579 4127//10579
f 4439//10580 4437//10580 4053//10580
f 4438//10581 4439//10581 4053//10581
f 4440//10582 4408//10582 4374//10582
f 4409//10583 4408//10583 4440//10583
f 4441//10584 4374//10584 4411//10584
f 4441//10585 4440//10585 4374//10585
f 4442//10586 4411//10586 4410//10586
f 4443//10587 4410//10587 4435//10587
f 4442//10588 4410//10588 4443//10588
f 4444//10589 4441//10589 4411//10589
f 4444//10590 4411//10590 4442//10590
f 4445//10591 4127//10591 4412//10591
f 4445//10592 4438//10592 4127//10592
f 4445//10593 4412//10593 4413//10593
f 4446//10594 4413//10594 4414//10594
f 4415//10595 4446//10595 4414//10595
f 4447//10596 4415//10596 4416//10596
f 4448//10597 4416//10597 4417//10597
f 4448//10598 4447//10598 4416//10598
f 4377//10599 4417//10599 4140//10599
f 4377//10600 4448//10600 4417//10600
f 4449//10601 4418//10601 4419//10601
f 4450//10602 4379//10602 4418//10602
f 4451//10603 4420//10603 4379//10603
f 4451//10604 4379//10604 4450//10604
f 4269//10605 4263//10605 4264//10605
f 4452//10606 4264//10606 4261//10606
f 4453//10607 4264//10607 4452//10607
f 4454//10608 4269//10608 4264//10608
f 4454//10609 4264//10609 4453//10609
f 4452//10610 4261//10610 4258//10610
f 4452//10611 4258//10611 4455//10611
f 4455//10612 4258//10612 4257//10612
f 4455//10613 4257//10613 4260//10613
f 4456//10614 4260//10614 4259//10614
f 4457//10615 4455//10615 4260//10615
f 4456//10616 4457//10616 4260//10616
f 4456//10617 4259//10617 4337//10617
f 4458//10618 4337//10618 4338//10618
f 4459//10619 4456//10619 4337//10619
f 4459//10620 4337//10620 4458//10620
f 4458//10621 4338//10621 4340//10621
f 4460//10622 4340//10623 4274//10623
f 4461//10624 4458//10624 4340//10624
f 4460//10625 4461//10626 4340//10626
f 4460//10627 4274//10628 4276//10628
f 4449//10629 4419//10629 4422//10629
f 4457//10630 4462//10630 4455//10630
f 4462//10631 4452//10631 4455//10631
f 4462//10632 4463//10632 4452//10632
f 4453//10633 4452//10633 4463//10633
f 4464//10634 4179//10634 4269//10634
f 4465//10635 4464//10635 4269//10635
f 4454//10636 4465//10636 4269//10636
f 4464//10637 4344//10637 4179//10637
f 4343//10638 4346//10638 4341//10638
f 4466//10639 4346//10639 4343//10639
f 4387//10640 4346//10640 4466//10640
f 4466//10641 4343//10641 4344//10641
f 4467//10642 4344//10642 4464//10642
f 4468//10643 4466//10643 4344//10643
f 4468//10644 4344//10644 4467//10644
f 4467//10645 4464//10645 4465//10645
f 4454//10646 4469//10646 4465//10646
f 4470//10647 4465//10647 4469//10647
f 4471//10648 4467//10648 4465//10648
f 4471//10649 4465//10649 4470//10649
f 4472//10650 4469//10650 4473//10650
f 4474//10651 4473//10651 4469//10651
f 4453//10652 4474//10652 4469//10652
f 4454//10653 4453//10653 4469//10653
f 4472//10654 4470//10654 4469//10654
f 4475//10655 4472//10655 4473//10655
f 4476//10656 4475//10656 4473//10656
f 4476//10657 4473//10657 4474//10657
f 4463//10658 4477//10658 4474//10658
f 4478//10659 4474//10659 4477//10659
f 4453//10660 4463//10660 4474//10660
f 4476//10661 4474//10661 4478//10661
f 4478//10662 4477//10662 4463//10662
f 4479//10663 4463//10663 4462//10663
f 4479//10664 4478//10664 4463//10664
f 4480//10665 4462//10665 4457//10665
f 4479//10666 4462//10666 4480//10666
f 4481//10667 4457//10667 4456//10667
f 4480//10668 4457//10668 4481//10668
f 4482//10669 4421//10669 4384//10669
f 4482//10670 4384//10670 4423//10670
f 4483//10671 4421//10671 4482//10671
f 4483//10672 4482//10672 4484//10672
f 4485//10673 4424//10673 4382//10673
f 4485//10674 4382//10674 4421//10674
f 4486//10675 4449//10675 4422//10675
f 4425//10676 4280//10676 4420//10676
f 4451//10677 4425//10677 4420//10677
f 4481//10678 4456//10678 4459//10678
f 4487//10679 4482//10679 4423//10679
f 4488//10680 4482//10680 4487//10680
f 4488//10681 4484//10681 4482//10681
f 4489//10682 4486//10682 4422//10682
f 4490//10683 4458//10683 4461//10683
f 4490//10684 4459//10684 4458//10684
f 4491//10685 4461//10685 4460//10686
f 4492//10687 4490//10687 4461//10687
f 4493//10688 4461//10688 4491//10688
f 4493//10689 4492//10689 4461//10689
f 4492//10690 4459//10690 4490//10690
f 4492//10691 4481//10691 4459//10691
f 4426//10692 4489//10692 4422//10692
f 4283//10693 4281//10693 4425//10693
f 4275//10694 4283//10695 4425//10695
f 4272//10696 4275//10697 4425//10698
f 4494//10699 4425//10699 4451//10699
f 4495//10700 4425//10700 4494//10700
f 4495//10701 4272//10702 4425//10701
f 4496//10703 4276//10703 4275//10704
f 4491//10705 4460//10706 4276//10705
f 4496//10707 4491//10707 4276//10707
f 4497//10708 4496//10708 4275//10709
f 4498//10710 4497//10710 4275//10711
f 4499//10712 4275//10713 4272//10714
f 4498//10715 4275//10716 4499//10715
f 4500//10717 4387//10717 4466//10717
f 4501//10718 4466//10718 4468//10718
f 4502//10719 4500//10719 4466//10719
f 4503//10720 4502//10720 4466//10720
f 4504//10721 4503//10721 4466//10721
f 4501//10722 4504//10722 4466//10722
f 4500//10723 4392//10723 4387//10723
f 4393//10724 4392//10724 4500//10724
f 4505//10725 4428//10725 4424//10725
f 4505//10726 4424//10726 4485//10726
f 4506//10727 4507//10727 4491//10727
f 4508//10728 4491//10728 4507//10728
f 4509//10729 4506//10729 4491//10729
f 4493//10730 4491//10730 4508//10730
f 4509//10731 4491//10731 4510//10731
f 4510//10732 4491//10732 4496//10732
f 4511//10733 4496//10733 4497//10733
f 4510//10734 4496//10734 4511//10734
f 4511//10735 4497//10735 4498//10735
f 4512//10736 4468//10736 4467//10736
f 4513//10737 4512//10737 4467//10737
f 4471//10738 4513//10738 4467//10738
f 4512//10739 4501//10739 4468//10739
f 4514//10740 4500//10741 4502//10741
f 4515//10742 4393//10742 4500//10742
f 4515//10743 4500//10743 4514//10744
f 4514//10745 4502//10746 4503//10746
f 4516//10747 4503//10748 4504//10748
f 4517//10749 4514//10750 4503//10749
f 4517//10751 4503//10751 4516//10752
f 4516//10753 4504//10754 4501//10754
f 4518//10755 4501//10755 4512//10755
f 4519//10756 4501//10756 4518//10756
f 4516//10757 4501//10758 4519//10758
f 4518//10759 4512//10759 4513//10759
f 4471//10760 4520//10760 4513//10760
f 4521//10761 4513//10761 4520//10761
f 4518//10762 4513//10762 4522//10762
f 4521//10763 4522//10763 4513//10763
f 4470//10764 4523//10764 4520//10764
f 4521//10765 4520//10765 4523//10765
f 4471//10766 4470//10766 4520//10766
f 4524//10767 4525//10767 4523//10767
f 4526//4607 4523//4607 4525//4607
f 4470//10768 4524//10768 4523//10768
f 4527//10769 4521//10769 4523//10769
f 4527//10770 4523//10770 4526//10770
f 4528//10771 4529//10771 4525//10771
f 4530//10772 4525//10772 4529//10772
f 4531//10773 4528//10773 4525//10773
f 4524//10774 4531//10774 4525//10774
f 4532//10775 4526//10775 4525//10775
f 4533//10776 4532//10776 4525//10776
f 4533//10777 4525//10777 4530//10777
f 4534//10778 4535//10778 4529//10778
f 4536//10779 4529//10779 4535//10779
f 4537//10780 4534//10780 4529//10780
f 4528//10781 4537//10781 4529//10781
f 4530//10782 4529//10782 4536//10782
f 4538//10783 4119//10783 4535//10783
f 4539//10784 4535//10784 4119//10784
f 4540//10785 4538//10785 4535//10785
f 4534//10786 4540//10786 4535//10786
f 4536//10787 4535//10787 4539//10787
f 4538//10788 4118//10788 4119//10788
f 4539//10789 4119//10789 4120//10789
f 4541//10790 4118//10790 4538//10790
f 4542//10791 4118//10791 4541//10791
f 4115//10792 4118//10792 4542//10792
f 4541//10793 4538//10793 4540//10793
f 4543//10794 4540//10794 4534//10794
f 4543//10795 4544//10795 4540//10795
f 4541//10796 4540//10796 4544//10796
f 4543//10797 4534//10797 4537//10797
f 4545//10798 4537//10798 4528//10798
f 4546//10799 4537//10799 4545//10799
f 4543//10800 4537//10800 4546//10800
f 4545//10801 4528//10801 4531//10801
f 4472//10802 4531//10802 4524//10802
f 4475//10803 4531//10803 4472//10803
f 4545//10804 4531//10804 4475//10804
f 4472//10805 4524//10805 4470//10805
f 4547//10806 4487//10806 4423//10806
f 4547//10807 4423//10807 4427//10807
f 4297//10808 4487//10809 4547//10809
f 4297//10810 4488//10811 4487//10811
f 4548//10812 4507//10812 4506//10812
f 4549//10813 4508//10813 4507//10813
f 4550//10814 4507//10814 4548//10814
f 4551//10815 4507//10815 4550//10815
f 4552//10816 4507//10816 4551//10816
f 4549//10817 4507//10817 4552//10817
f 4553//10818 4548//10818 4506//10818
f 4554//10819 4553//10819 4506//10819
f 4554//10820 4506//10820 4509//10820
f 4549//10821 4493//10821 4508//10821
f 4545//10804 4475//10804 4555//10804
f 4556//10822 4555//10822 4475//10822
f 4557//10823 4475//10823 4476//10823
f 4556//10824 4475//10824 4557//10824
f 4558//10825 4426//10825 4429//10825
f 4559//10826 4548//10826 4553//10826
f 4559//10827 4550//10827 4548//10827
f 4559//10828 4553//10828 4554//10828
f 4552//10829 4551//10829 4550//10829
f 4560//10830 4544//10830 4550//10830
f 4561//10831 4560//10831 4550//10831
f 4561//10832 4550//10832 4559//10832
f 4546//10833 4545//10833 4555//10833
f 4556//10834 4546//10834 4555//10834
f 4543//10835 4546//10835 4550//10835
f 4562//10836 4550//10836 4546//10836
f 4556//10837 4562//10837 4546//10837
f 4563//10838 4299//10838 4393//10838
f 4563//10839 4393//10839 4515//10839
f 4563//10840 4298//10840 4299//10840
f 4296//10841 4547//10841 4427//10841
f 4297//10842 4547//10843 4296//10843
f 4564//10844 4429//10844 4400//10844
f 4564//10845 4558//10845 4429//10845
f 4561//10846 4544//10846 4560//10846
f 4543//10847 4550//10847 4544//10847
f 4565//10848 4541//10848 4544//10848
f 4566//10849 4544//10849 4561//10849
f 4567//10850 4565//10850 4544//10850
f 4567//10851 4544//10851 4566//10851
f 4562//10852 4552//10852 4550//10852
f 4568//10853 4515//10853 4514//10854
f 4569//10855 4568//10855 4514//10856
f 4517//10857 4569//10857 4514//10858
f 4568//10859 4563//10859 4515//10859
f 4570//10860 4298//10860 4563//10860
f 4570//10861 4300//10861 4298//10861
f 4571//10862 4570//10862 4563//10862
f 4571//10863 4563//10863 4568//10863
f 4572//10864 4568//10864 4569//10864
f 4573//10865 4571//10865 4568//10865
f 4572//10866 4573//10866 4568//10866
f 4516//10867 4519//10868 4569//10868
f 4517//10869 4516//10870 4569//10869
f 4574//10871 4572//10871 4569//10871
f 4518//10872 4522//10872 4569//10872
f 4574//10873 4569//10873 4522//10873
f 4519//10874 4518//10874 4569//10874
f 4575//10875 4522//10875 4521//10875
f 4576//10876 4522//10876 4575//10876
f 4577//10877 4574//10877 4522//10877
f 4576//10878 4577//10878 4522//10878
f 4320//10879 4398//10879 4428//10879
f 4505//10880 4320//10880 4428//10880
f 4565//10881 4542//10881 4541//10881
f 4431//10882 4564//10882 4400//10882
f 4578//10883 4115//10883 4542//10883
f 4579//10884 4542//10884 4565//10884
f 4578//10885 4542//10885 4579//10885
f 4578//10886 4117//10886 4115//10886
f 4436//10887 4433//10887 4116//10888
f 4580//10889 4116//10890 4117//10889
f 4434//10891 4436//10891 4116//10892
f 4112//10893 4434//10894 4116//10895
f 4581//10896 4116//10897 4580//10896
f 4581//10898 4112//10899 4116//10900
f 4436//10901 4432//10901 4433//10901
f 4582//10902 4117//10902 4578//10902
f 4580//10903 4117//10903 4582//10903
f 4575//10904 4521//10904 4527//10904
f 4320//10905 4583//10905 4315//10905
f 4317//10906 4315//10906 4583//10906
f 4409//10907 4584//10907 4431//10907
f 4585//10908 4431//10908 4584//10908
f 4112//10909 4121//10910 4434//10910
f 4586//10911 4526//10911 4532//10911
f 4587//10912 4527//10912 4526//10912
f 4587//10913 4526//10913 4586//10913
f 4588//10914 4586//10914 4532//10914
f 4589//10915 4588//10915 4532//10915
f 4589//10916 4532//10916 4533//10916
f 4576//10917 4575//10917 4527//10917
f 4590//10918 4527//10918 4587//10918
f 4591//10919 4576//10919 4527//10919
f 4590//10920 4591//10920 4527//10920
f 4409//10921 4440//10921 4584//10921
f 4592//10922 4435//10922 4436//10922
f 4592//10923 4593//10923 4435//10923
f 4443//10924 4435//10924 4593//10924
f 4592//10925 4436//10925 4434//10925
f 4593//10926 4434//10926 4049//10926
f 4592//10927 4434//10927 4593//10927
f 4594//10928 4593//10928 4049//10928
f 4437//10929 4594//10929 4049//10929
f 4594//10930 4443//10930 4593//10930
f 4590//10931 4586//10931 4588//10931
f 4590//10932 4587//10932 4586//10932
f 4590//10933 4588//10933 4589//10933
f 4595//10934 4316//10934 4596//10934
f 4318//10935 4596//10935 4316//10935
f 4597//10936 4595//10936 4596//10936
f 4598//10937 4596//10937 4318//10937
f 4597//10938 4596//10938 4598//10938
f 4599//10939 4316//10939 4595//10939
f 4599//10940 4595//10940 4600//10940
f 4597//10941 4600//10941 4595//10941
f 4317//10942 4598//10942 4318//10942
f 4331//10943 4246//10943 4601//10943
f 4326//10944 4601//10944 4246//10944
f 4331//10945 4601//10945 4602//10945
f 4603//10946 4601//10946 4326//10946
f 4602//10947 4601//10947 4603//10947
f 4325//10948 4604//10948 4326//10948
f 4603//10949 4326//10949 4604//10949
f 4605//10950 4604//10950 4325//10950
f 4606//10951 4604//10951 4605//10951
f 4603//10952 4604//10952 4606//10952
f 4324//10953 4607//10953 4325//10953
f 4605//10954 4325//10954 4607//10954
f 4599//10955 4607//10955 4324//10955
f 4608//10956 4607//10956 4599//10956
f 4605//10957 4607//10957 4608//10957
f 4599//10958 4324//10958 4316//10958
f 4584//10959 4440//10959 4609//10959
f 4610//10960 4443//10960 4594//10960
f 4610//10961 4442//10961 4443//10961
f 4611//10962 4594//10962 4437//10962
f 4612//10963 4594//10963 4611//10963
f 4610//10964 4594//10964 4612//10964
f 4439//10965 4611//10965 4437//10965
f 4438//10966 4612//10966 4611//10966
f 4438//10967 4611//10967 4439//10967
f 4438//10968 4610//10968 4612//10968
f 4608//10969 4599//10969 4600//10969
f 4613//10970 4608//10970 4600//10970
f 4613//10971 4600//10971 4597//10971
f 4605//10972 4608//10972 4614//10972
f 4615//10973 4614//10973 4608//10973
f 4616//10974 4608//10974 4613//10974
f 4616//10975 4615//10975 4608//10975
f 4609//10976 4440//10976 4441//10976
f 4617//10977 4441//10977 4444//10977
f 4617//10978 4609//10978 4441//10978
f 4610//10979 4444//10979 4442//10979
f 4618//10980 4444//10980 4610//10980
f 4618//10981 4617//10981 4444//10981
f 4618//10982 4610//10982 4438//10982
f 4445//10983 4619//10983 4438//10983
f 4606//10984 4605//10984 4614//10984
f 4615//10985 4606//10985 4614//10985
f 4620//10986 4606//10986 4615//10986
f 4620//10987 4621//10987 4606//10987
f 4622//10988 4623//10988 4624//10988
f 4625//10989 4624//10989 4623//10989
f 4626//10990 4622//10990 4624//10990
f 4627//10991 4624//10991 4625//10991
f 4628//10992 4624//10992 4627//10992
f 4626//10993 4624//10993 4628//10993
f 4629//10994 4623//10994 4622//10994
f 4630//10995 4625//10995 4623//10995
f 4631//10996 4630//10996 4623//10996
f 4631//10997 4623//10997 4629//10997
f 4629//10998 4622//10998 4626//10998
f 4630//10999 4632//10999 4625//10999
f 4633//11000 4625//11000 4632//11000
f 4633//11001 4627//11001 4625//11001
f 4602//11002 4632//11002 4630//11002
f 4634//11003 4632//11003 4602//11003
f 4635//11004 4632//11004 4634//11004
f 4635//11005 4633//11005 4632//11005
f 4631//11006 4602//11006 4630//11006
f 4636//11007 4331//11007 4602//11007
f 4636//11008 4602//11008 4631//11008
f 4602//11009 4606//11009 4634//11009
f 4621//11010 4634//11010 4606//11010
f 4621//11011 4635//11011 4634//11011
f 4602//11012 4603//11012 4606//11012
f 4445//11013 4413//11013 4446//11013
f 4330//11014 4331//11014 4637//11014
f 4638//11015 4637//11015 4331//11015
f 4639//11016 4331//11016 4636//11016
f 4638//11017 4331//11017 4639//11017
f 4446//11018 4415//11018 4447//11018
f 4640//11019 4448//11019 4377//11019
f 4638//11020 4377//11020 4637//11020
f 4640//11021 4377//11021 4638//11021
f 4640//11022 4626//11022 4448//11022
f 4447//11023 4448//11023 4626//11023
f 4377//11024 4330//11024 4637//11024
f 4641//11025 4450//11025 4418//11025
f 4449//11026 4641//11026 4418//11026
f 4642//11027 4451//11027 4450//11027
f 4643//11028 4642//11028 4450//11028
f 4643//11029 4450//11029 4641//11029
f 4644//11030 4642//11030 4643//11030
f 4645//11031 4483//11031 4484//11031
f 4646//11032 4484//11032 4647//11032
f 4645//11033 4484//11033 4646//11033
f 4647//11034 4484//11034 4488//11034
f 4485//11035 4421//11035 4483//11035
f 4494//11036 4451//11036 4642//11036
f 4495//11037 4494//11037 4642//11037
f 4644//11038 4495//11038 4642//11038
f 4648//11039 4647//11039 4488//11039
f 4649//11040 4485//11040 4483//11040
f 4557//11041 4480//11041 4481//11041
f 4492//11042 4557//11042 4481//11042
f 4476//11043 4478//11043 4480//11043
f 4557//11044 4476//11044 4480//11044
f 4479//11045 4480//11045 4478//11045
f 4650//11046 4486//11046 4489//11046
f 4650//11047 4651//11047 4486//11047
f 4499//11048 4272//11049 4495//11048
f 4652//11050 4499//11050 4495//11050
f 4653//11051 4495//11051 4644//11051
f 4652//11052 4495//11052 4653//11052
f 4511//11053 4498//11053 4499//11053
f 4652//11054 4511//11054 4499//11054
f 4557//11055 4492//11055 4493//11055
f 4648//11056 4488//11056 4297//11057
f 4654//11058 4505//11058 4485//11058
f 4649//11059 4654//11059 4485//11059
f 4558//11060 4489//11060 4426//11060
f 4558//11061 4650//11061 4489//11061
f 4552//11062 4557//11062 4493//11062
f 4549//11063 4552//11063 4493//11063
f 4562//11064 4557//11064 4552//11064
f 4556//11065 4557//11065 4562//11065
f 4655//11066 4648//11066 4297//11067
f 4652//11068 4510//11068 4511//11068
f 4656//11069 4509//11069 4510//11069
f 4657//11070 4656//11070 4510//11070
f 4460//11071 4510//11072 4652//11072
f 4658//11073 4510//11073 4460//11074
f 4657//11075 4510//11075 4658//11075
f 4659//11076 4509//11076 4656//11076
f 4660//11077 4554//11077 4509//11077
f 4660//11078 4509//11078 4659//11078
f 4659//11079 4656//11079 4657//11079
f 4661//11080 4559//11080 4554//11080
f 4661//11081 4554//11081 4660//11081
f 4655//11082 4297//11083 4300//11082
f 4662//11084 4561//11084 4559//11084
f 4663//11085 4662//11085 4559//11085
f 4663//11086 4559//11086 4661//11086
f 4663//11087 4561//11087 4662//11087
f 4566//11088 4561//11088 4663//11088
f 4655//11089 4300//11089 4570//11089
f 4583//11090 4505//11090 4654//11090
f 4664//11091 4564//11091 4665//11091
f 4666//11092 4579//11092 4565//11092
f 4667//11093 4565//11093 4567//11093
f 4667//11094 4666//11094 4565//11094
f 4666//11095 4578//11095 4579//11095
f 4668//11096 4655//11096 4570//11096
f 4669//11097 4668//11097 4570//11097
f 4670//11098 4570//11098 4571//11098
f 4670//11099 4669//11099 4570//11099
f 4320//11100 4505//11100 4583//11100
f 4431//11101 4665//11101 4564//11101
f 4431//11102 4585//11102 4665//11102
f 4581//11103 4582//11103 4578//11103
f 4122//11104 4581//11104 4578//11104
f 4666//11105 4122//11105 4578//11105
f 4581//11106 4580//11106 4582//11106
f 4670//11107 4571//11107 4573//11107
f 4671//11108 4583//11108 4654//11108
f 4671//11109 4654//11109 4672//11109
f 4673//11110 4573//11110 4572//11110
f 4670//11111 4573//11111 4674//11111
f 4673//11112 4674//11112 4573//11112
f 4673//11113 4572//11113 4574//11113
f 4317//11114 4583//11114 4671//11114
f 4317//11115 4671//11115 4598//11115
f 4584//11116 4675//11116 4585//11116
f 4676//11117 4675//11117 4584//11117
f 4122//11118 4112//11119 4581//11118
f 4666//11120 4120//11120 4122//11120
f 4667//11121 4539//11121 4120//11121
f 4667//11122 4120//11122 4666//11122
f 4677//11123 4536//11123 4539//11123
f 4677//11124 4539//11124 4667//11124
f 4677//11125 4530//11125 4536//11125
f 4590//11126 4533//11126 4530//11126
f 4678//11127 4530//11127 4677//11127
f 4590//11128 4530//11128 4678//11128
f 4590//11129 4589//11129 4533//11129
f 4679//11130 4574//11130 4577//11130
f 4678//11131 4577//11131 4576//11131
f 4678//11132 4680//11132 4577//11132
f 4678//11133 4576//11133 4591//11133
f 4673//11134 4574//11134 4679//11134
f 4676//11135 4584//11135 4609//11135
f 4590//11136 4678//11136 4591//11136
f 4597//11137 4616//11137 4613//11137
f 4681//11138 4676//11138 4609//11138
f 4681//11139 4609//11139 4617//11139
f 4682//11140 4620//11140 4615//11140
f 4616//11141 4682//11141 4615//11141
f 4681//11142 4617//11142 4618//11142
f 4619//11143 4618//11143 4438//11143
f 4683//11144 4618//11144 4619//11144
f 4445//11145 4684//11145 4619//11145
f 4685//11146 4619//11146 4684//11146
f 4686//11147 4619//11147 4685//11147
f 4686//11148 4683//11148 4619//11148
f 4626//11149 4628//11149 4687//11149
f 4686//11150 4687//11150 4628//11150
f 4627//11151 4686//11151 4628//11151
f 4688//11152 4633//11152 4635//11152
f 4688//11153 4627//11153 4633//11153
f 4621//11154 4689//11154 4635//11154
f 4688//11155 4635//11155 4689//11155
f 4620//11156 4689//11156 4621//11156
f 4690//11157 4689//11157 4620//11157
f 4690//11158 4688//11158 4689//11158
f 4682//11159 4690//11159 4620//11159
f 4445//11160 4446//11160 4684//11160
f 4687//11161 4685//11161 4684//11161
f 4686//11162 4685//11162 4687//11162
f 4626//11163 4687//11163 4684//11163
f 4446//11164 4626//11164 4684//11164
f 4640//11165 4629//11165 4626//11165
f 4446//11166 4447//11166 4626//11166
f 4638//11167 4631//11167 4629//11167
f 4640//11168 4638//11168 4629//11168
f 4639//11169 4636//11169 4631//11169
f 4638//11170 4639//11170 4631//11170
f 4691//11171 4641//11171 4449//11171
f 4692//11172 4643//11172 4641//11172
f 4691//11173 4692//11173 4641//11173
f 4693//11174 4644//11174 4643//11174
f 4694//11175 4693//11175 4643//11175
f 4694//11176 4643//11176 4692//11176
f 4695//11177 4693//11177 4694//11177
f 4695//11178 4696//11178 4693//11178
f 4697//11179 4693//11179 4696//11179
f 4651//11180 4691//11180 4449//11180
f 4653//11181 4644//11181 4693//11181
f 4698//11182 4653//11182 4693//11182
f 4698//11183 4693//11183 4697//11183
f 4699//11184 4700//11184 4647//11184
f 4646//11185 4647//11185 4700//11185
f 4648//11186 4699//11186 4647//11186
f 4701//11187 4646//11187 4700//11187
f 4701//11188 4700//11188 4702//11188
f 4703//11189 4700//11189 4699//11189
f 4704//11190 4645//11190 4646//11190
f 4483//11191 4645//11191 4704//11191
f 4486//11192 4651//11192 4449//11192
f 4705//11193 4691//11193 4651//11193
f 4649//11194 4483//11194 4704//11194
f 4705//11195 4651//11195 4650//11195
f 4706//11196 4652//11196 4653//11196
f 4698//11197 4706//11197 4653//11197
f 4707//11198 4705//11198 4650//11198
f 4706//11199 4460//11200 4652//11199
f 4655//11201 4699//11201 4648//11201
f 4558//11202 4707//11202 4650//11202
f 4658//11203 4460//11204 4706//11203
f 4708//11205 4658//11205 4706//11205
f 4708//11206 4706//11206 4698//11206
f 4659//11207 4657//11207 4658//11207
f 4708//11208 4659//11208 4658//11208
f 4655//11209 4668//11209 4699//11209
f 4703//11210 4699//11210 4668//11210
f 4709//11211 4649//11211 4704//11211
f 4654//11212 4649//11212 4709//11212
f 4664//11213 4707//11213 4558//11213
f 4564//11214 4664//11214 4558//11214
f 4661//11215 4660//11215 4659//11215
f 4661//11216 4659//11216 4708//11216
f 4669//11217 4710//11217 4668//11217
f 4703//11218 4668//11218 4710//11218
f 4654//11219 4709//11219 4672//11219
f 4711//11220 4663//11220 4661//11220
f 4514//11221 4710//11222 4669//11222
f 4712//11223 4710//11223 4514//11224
f 4670//11225 4514//11226 4669//11225
f 4713//11227 4712//11227 4514//11228
f 4674//11229 4713//11229 4514//11230
f 4670//11231 4674//11231 4514//11232
f 4714//11233 4710//11233 4712//11233
f 4703//11234 4710//11234 4714//11234
f 4714//11235 4712//11235 4713//11235
f 4715//11236 4664//11236 4665//11236
f 4716//11237 4664//11237 4715//11237
f 4711//11238 4566//11238 4663//11238
f 4667//11239 4567//11239 4566//11239
f 4717//11240 4667//11240 4566//11240
f 4717//11241 4566//11241 4711//11241
f 4516//11242 4713//11243 4674//11243
f 4718//11244 4713//11244 4516//11245
f 4673//11246 4516//11247 4674//11246
f 4719//11248 4718//11248 4516//11249
f 4679//11250 4719//11250 4516//11251
f 4673//11252 4679//11252 4516//11253
f 4720//11254 4713//11254 4718//11254
f 4714//11255 4713//11255 4720//11255
f 4720//11256 4718//11256 4719//11256
f 4721//11257 4672//11257 4722//11257
f 4671//11258 4672//11258 4721//11258
f 4675//11259 4715//11259 4665//11259
f 4585//11260 4675//11260 4665//11260
f 4723//11261 4715//11261 4675//11261
f 4717//11262 4677//11262 4667//11262
f 4724//11263 4677//11263 4717//11263
f 4724//11264 4680//11264 4677//11264
f 4680//11265 4678//11265 4677//11265
f 4719//11266 4577//11266 4680//11266
f 4679//11267 4577//11267 4719//11267
f 4720//11268 4719//11268 4680//11268
f 4681//11269 4675//11269 4676//11269
f 4723//11270 4675//11270 4681//11270
f 4597//11271 4721//11271 4722//11271
f 4598//11272 4671//11272 4721//11272
f 4598//11273 4721//11273 4597//11273
f 4616//11274 4722//11274 4725//11274
f 4597//11275 4722//11275 4616//11275
f 4726//11276 4723//11276 4681//11276
f 4727//11277 4723//11277 4726//11277
f 4728//11278 4726//11278 4681//11278
f 4616//11279 4725//11279 4729//11279
f 4730//11280 4728//11280 4681//11280
f 4731//11281 4726//11281 4728//11281
f 4730//11282 4731//11282 4728//11282
f 4683//11283 4731//11283 4730//11283
f 4732//11284 4731//11284 4683//11284
f 4690//11285 4616//11285 4729//11285
f 4682//11286 4616//11286 4690//11286
f 4618//11287 4730//11287 4681//11287
f 4683//11288 4730//11288 4618//11288
f 4686//11289 4732//11289 4683//11289
f 4733//11290 4732//11290 4686//11290
f 4627//11291 4733//11291 4686//11291
f 4688//11292 4734//11292 4627//11292
f 4690//11293 4734//11293 4688//11293
f 4735//11294 4696//11294 4695//11294
f 4736//11295 4735//11295 4695//11295
f 4737//11296 4697//11296 4696//11296
f 4735//11297 4737//11297 4696//11297
f 4691//11298 4705//11298 4692//11298
f 4694//11299 4692//11299 4705//11299
f 4738//11300 4697//11300 4737//11300
f 4739//11301 4737//11301 4735//11301
f 4740//11302 4737//11302 4739//11302
f 4740//11303 4738//11303 4737//11303
f 4741//11304 4739//11304 4735//11304
f 4742//11305 4741//11305 4735//11305
f 4742//11306 4735//11306 4736//11306
f 4743//11307 4740//11307 4739//11307
f 4744//11308 4739//11308 4741//11308
f 4745//11309 4739//11309 4744//11309
f 4746//11310 4739//11310 4745//11310
f 4746//11311 4743//11311 4739//11311
f 4747//11312 4744//11312 4741//11312
f 4747//11313 4745//11313 4744//11313
f 4748//11314 4747//11314 4741//11314
f 4748//11315 4741//11315 4742//11315
f 4749//11316 4745//11316 4750//11316
f 4749//11317 4746//11317 4745//11317
f 4747//11318 4750//11318 4745//11318
f 4751//11319 4750//11319 4752//11319
f 4751//11320 4749//11320 4750//11320
f 4753//11321 4750//11321 4747//11321
f 4753//11322 4752//11322 4750//11322
f 4754//11323 4753//11323 4747//11323
f 4754//11324 4747//11324 4748//11324
f 4755//11325 4751//11325 4752//11325
f 4756//11326 4752//11326 4753//11326
f 4756//11327 4755//11327 4752//11327
f 4757//11328 4756//11328 4753//11328
f 4757//11329 4753//11329 4754//11329
f 4758//11330 4755//11330 4756//11330
f 4757//11331 4758//11331 4756//11331
f 4759//11332 4758//11332 4757//11332
f 4760//11333 4761//11333 4758//11333
f 4762//11334 4760//11334 4758//11334
f 4763//11335 4762//11335 4758//11335
f 4759//11336 4763//11336 4758//11336
f 4764//11337 4763//11337 4759//11337
f 4703//11338 4762//11338 4700//11338
f 4703//11339 4760//11339 4762//11339
f 4702//11340 4762//11340 4763//11340
f 4702//11341 4700//11341 4762//11341
f 4702//11342 4763//11342 4764//11342
f 4765//11343 4694//11343 4705//11343
f 4766//11344 4698//11344 4697//11344
f 4766//11345 4697//11345 4738//11345
f 4767//11346 4738//11346 4740//11346
f 4767//11347 4766//11347 4738//11347
f 4768//11348 4740//11348 4743//11348
f 4768//11349 4767//11349 4740//11349
f 4769//11350 4743//11350 4746//11350
f 4770//11351 4743//11351 4769//11351
f 4768//11352 4743//11352 4770//11352
f 4769//11353 4746//11353 4749//11353
f 4771//11354 4770//11354 4769//11354
f 4771//11355 4768//11355 4770//11355
f 4772//11356 4769//11356 4749//11356
f 4772//11357 4749//11357 4751//11357
f 4773//11358 4769//11358 4772//11358
f 4773//11359 4771//11359 4769//11359
f 4755//11360 4772//11360 4751//11360
f 4773//11361 4772//11361 4755//11361
f 4774//11362 4755//11362 4758//11362
f 4773//11363 4755//11363 4774//11363
f 4761//11364 4774//11364 4758//11364
f 4775//11365 4701//11365 4702//11365
f 4775//11366 4646//11366 4701//11366
f 4776//11367 4775//11367 4702//11367
f 4704//11368 4646//11368 4775//11368
f 4708//11369 4698//11369 4766//11369
f 4777//11370 4766//11370 4767//11370
f 4777//11371 4708//11371 4766//11371
f 4777//11372 4767//11372 4768//11372
f 4778//11373 4777//11373 4768//11373
f 4771//11374 4778//11374 4768//11374
f 4779//11375 4773//11375 4774//11375
f 4780//11376 4774//11376 4761//11376
f 4780//11377 4761//11377 4760//11377
f 4703//11378 4780//11378 4760//11378
f 4781//11379 4777//11379 4778//11379
f 4782//11380 4781//11380 4778//11380
f 4774//11381 4783//11381 4779//11381
f 4703//11382 4714//11382 4780//11382
f 4784//11383 4765//11383 4705//11383
f 4784//11384 4705//11384 4707//11384
f 4785//11385 4765//11385 4784//11385
f 4711//11386 4708//11386 4777//11386
f 4711//11387 4661//11387 4708//11387
f 4781//11388 4711//11388 4777//11388
f 4783//11389 4782//11389 4778//11389
f 4779//11390 4783//11390 4778//11390
f 4771//11391 4779//11391 4778//11391
f 4773//11392 4779//11392 4771//11392
f 4720//11393 4783//11393 4774//11393
f 4720//11394 4774//11394 4780//11394
f 4714//11395 4720//11395 4780//11395
f 4786//11396 4775//11396 4776//11396
f 4786//11397 4709//11397 4775//11397
f 4709//11398 4704//11398 4775//11398
f 4717//11399 4711//11399 4781//11399
f 4782//11400 4717//11400 4781//11400
f 4786//11401 4776//11401 4787//11401
f 4672//11402 4709//11402 4786//11402
f 4664//11403 4784//11403 4707//11403
f 4716//11404 4784//11404 4664//11404
f 4716//11405 4788//11405 4784//11405
f 4724//11406 4717//11406 4782//11406
f 4680//11407 4782//11407 4783//11407
f 4680//11408 4724//11408 4782//11408
f 4680//11409 4783//11409 4720//11409
f 4723//11410 4788//11410 4716//11410
f 4727//11411 4788//11411 4723//11411
f 4789//11412 4786//11412 4787//11412
f 4722//11413 4786//11413 4789//11413
f 4789//11414 4787//11414 4790//11414
f 4722//11415 4672//11415 4786//11415
f 4715//11416 4723//11416 4716//11416
f 4791//11417 4792//11417 4727//11417
f 4793//11418 4790//11418 4794//11418
f 4789//11419 4790//11419 4793//11419
f 4729//11420 4789//11420 4793//11420
f 4795//11421 4792//11421 4791//11421
f 4732//11422 4795//11422 4791//11422
f 4733//11423 4795//11423 4732//11423
f 4796//11424 4795//11424 4733//11424
f 4794//11425 4796//11425 4733//11425
f 4797//11426 4794//11426 4733//11426
f 4793//11427 4794//11427 4797//11427
f 4725//11428 4789//11428 4729//11428
f 4722//11429 4789//11429 4725//11429
f 4731//11430 4791//11430 4727//11430
f 4731//11431 4727//11431 4726//11431
f 4732//11432 4791//11432 4731//11432
f 4734//11433 4793//11433 4797//11433
f 4729//11434 4793//11434 4734//11434
f 4627//11435 4797//11435 4733//11435
f 4734//11436 4797//11436 4627//11436
f 4690//11437 4729//11437 4734//11437
f 4694//11438 4798//11438 4695//11438
f 4694//11439 4785//11439 4798//11439
f 4799//11440 4798//11440 4785//11440
f 4736//11441 4695//11441 4798//11441
f 4800//11442 4736//11442 4798//11442
f 4799//11443 4800//11443 4798//11443
f 4801//11444 4800//11444 4799//11444
f 4742//11445 4736//11445 4800//11445
f 4802//11446 4742//11446 4800//11446
f 4803//11447 4802//11447 4800//11447
f 4803//11448 4800//11448 4801//11448
f 4804//11449 4742//11449 4802//11449
f 4804//11450 4802//11450 4803//11450
f 4748//11451 4742//11451 4804//11451
f 4754//11452 4748//11452 4804//11452
f 4805//11453 4754//11453 4804//11453
f 4805//11454 4806//11454 4754//11454
f 4757//11455 4754//11455 4806//11455
f 4759//11456 4757//11456 4806//11456
f 4764//11457 4759//11457 4807//11457
f 4702//11458 4764//11458 4808//11458
f 4765//11459 4785//11459 4694//11459
f 4809//11460 4804//11460 4803//11460
f 4809//11461 4805//11461 4804//11461
f 4810//11462 4806//11462 4805//11462
f 4810//11463 4759//11463 4806//11463
f 4807//11464 4759//11464 4810//11464
f 4808//11465 4764//11465 4807//11465
f 4776//11466 4702//11466 4808//11466
f 4809//11467 4803//11467 4801//11467
f 4811//11468 4805//11468 4809//11468
f 4810//11469 4805//11469 4811//11469
f 4812//11470 4809//11470 4801//11470
f 4811//11471 4809//11471 4812//11471
f 4813//11472 4810//11472 4811//11472
f 4814//11473 4810//11473 4813//11473
f 4815//11474 4807//11474 4810//11474
f 4815//11475 4810//11475 4814//11475
f 4808//11476 4807//11476 4815//11476
f 4788//11477 4799//11477 4785//11477
f 4784//11478 4788//11478 4785//11478
f 4816//11479 4801//11479 4799//11479
f 4812//11480 4801//11480 4816//11480
f 4787//11481 4808//11481 4815//11481
f 4776//11482 4808//11482 4787//11482
f 4816//11483 4799//11483 4788//11483
f 4792//11484 4812//11484 4816//11484
f 4795//11485 4811//11485 4812//11485
f 4795//11486 4812//11486 4792//11486
f 4796//11487 4811//11487 4795//11487
f 4813//11488 4811//11488 4796//11488
f 4790//11489 4815//11489 4814//11489
f 4790//11490 4814//11490 4813//11490
f 4727//11491 4816//11491 4788//11491
f 4792//11492 4816//11492 4727//11492
f 4794//11493 4813//11493 4796//11493
f 4794//11494 4790//11494 4813//11494
f 4787//11495 4815//11495 4790//11495
