# Blender v2.93.0 OBJ File: ''
# www.blender.org
mtllib sim_sea_2-5_chest_aruco_prt.mtl
o aruco
v -27.500000 61.737469 -172.297043
v -27.500000 23.974390 -184.804489
v -27.500000 -7.554984 -192.665817
v -17.500000 -7.554984 -192.665817
v -27.500000 -7.554984 -192.665817
v -27.500000 23.974390 -184.804489
v -27.500000 -10.879733 -190.402939
v -27.500000 -8.647155 -193.375092
v -17.500000 -8.647155 -193.375092
v -27.500000 -8.647155 -193.375092
v -27.500000 -7.554984 -192.665817
v -17.500000 -7.554984 -192.665817
v -27.500000 25.289692 -185.345764
v -17.500000 23.974390 -184.804489
v -27.500000 23.974390 -184.804489
v -27.500000 25.289692 -185.345764
v -17.500000 23.974390 -184.804489
v -27.500000 31.912884 -183.646423
v -27.500000 25.164701 -186.762573
v -17.500000 25.289692 -185.345764
v -27.500000 25.164701 -186.762573
v -27.500000 32.795601 -183.158279
v -27.500000 22.598593 -194.207840
v -27.500000 19.386555 -193.314377
v -17.500000 19.386555 -193.314377
v -27.500000 25.164701 -186.762573
v -27.500000 19.386555 -193.314377
v -17.500000 25.164701 -186.762573
v -17.500000 25.164701 -186.762573
v -27.500000 22.356436 -195.817154
v -27.500000 16.000933 -195.814377
v -17.500000 19.386555 -193.314377
v -27.500000 19.386555 -193.314377
v -27.500000 16.000933 -195.814377
v -27.500000 11.886555 -196.699997
v -17.500000 16.000933 -195.814377
v -27.500000 11.886555 -196.699997
v -27.500000 -21.571129 -199.699997
v -27.500000 -7.071130 -196.699997
v -17.500000 11.886555 -196.699997
v -27.500000 11.886555 -196.699997
v -27.500000 -7.071130 -196.699997
v -17.500000 11.886555 -196.699997
v -27.500000 -8.485023 -196.113892
v -17.500000 -7.071130 -196.699997
v -27.500000 -7.071130 -196.699997
v -27.500000 -8.485023 -196.113892
v -17.500000 -7.071130 -196.699997
v -27.500000 -9.071131 -194.699997
v -17.500000 -8.485023 -196.113892
v -27.500000 -9.071131 -194.699997
v -27.500000 -9.071131 -194.606415
v -17.500000 -9.071131 -194.606415
v -27.500000 -9.071131 -194.699997
v -27.500000 -9.071131 -194.606415
v -17.500000 -9.071131 -194.699997
v -17.500000 -9.071131 -194.699997
v -17.500000 -9.071131 -194.606415
v -27.500000 -9.071131 -194.606415
v -27.500000 59.065979 -176.054977
v -27.500000 39.672363 -180.890472
v -17.500000 39.672363 -180.890472
v -27.500000 39.672363 -180.890472
v -27.500000 59.065979 -176.054977
v -27.500000 33.787884 -183.339539
v -27.500000 38.774353 -181.887817
v -17.500000 38.774353 -181.887817
v -27.500000 38.774353 -181.887817
v -27.500000 39.672363 -180.890472
v -17.500000 39.672363 -180.890472
v -27.500000 60.351986 -176.328873
v -17.500000 59.065979 -176.054977
v -27.500000 59.065979 -176.054977
v -27.500000 60.351986 -176.328873
v -17.500000 59.065979 -176.054977
v -27.500000 60.928867 -177.510422
v -17.500000 60.351986 -176.328873
v -27.500000 60.928867 -177.510422
v -27.500000 64.428871 -199.699982
v -27.500000 60.928867 -192.947205
v -17.500000 60.928867 -192.947205
v -27.500000 60.928867 -177.510422
v -27.500000 60.928867 -192.947205
v -17.500000 60.928867 -188.487106
v -17.500000 60.928867 -190.414185
v -17.500000 60.928867 -177.510422
v -17.500000 60.928867 -177.510422
v -27.500000 60.178867 -194.246246
v -17.500000 60.928867 -192.947205
v -27.500000 60.928867 -192.947205
v -27.500000 60.178867 -194.246246
v -27.500000 51.330791 -196.699982
v -27.500000 58.678867 -194.246246
v -17.500000 58.883652 -194.350952
v -27.500000 58.678867 -194.246246
v -17.500000 60.284744 -194.179062
v -27.500000 52.080791 -193.900940
v -27.500000 39.362675 -183.094055
v -17.500000 39.362675 -183.094055
v -27.500000 58.678867 -194.246246
v -27.500000 39.362675 -183.094055
v -27.500000 52.779026 -195.588043
v -17.500000 58.678867 -194.246246
v -17.500000 51.581295 -190.148453
v -17.500000 58.793922 -194.306198
v -17.500000 58.678867 -194.246246
v -17.500000 39.362675 -183.094055
v -27.500000 39.362675 -183.094055
v -17.500000 52.080791 -193.900940
v -27.500000 52.080791 -193.900940
v -27.500000 52.779026 -195.588043
v -17.500000 52.080791 -193.900940
v -27.500000 33.787884 -183.339539
v -27.500000 52.080791 -193.900940
v -17.500000 52.738815 -195.715683
v -27.500000 51.330791 -196.699982
v -17.500000 52.197983 -193.976059
v -17.500000 52.305202 -194.059586
v -27.500000 23.723593 -196.699997
v -17.500000 51.330791 -196.699982
v -27.500000 51.330791 -196.699982
v -27.500000 23.723593 -196.699997
v -17.500000 51.330791 -196.699982
v -17.500000 23.723593 -196.699997
v -27.500000 23.723593 -196.699997
v -27.500000 22.356436 -195.817154
v -17.500000 23.723593 -196.699997
v -17.500000 27.729214 -196.699997
v -17.500000 22.306301 -195.691208
v -27.500000 22.598593 -194.207840
v -17.500000 22.852575 -196.421204
v -17.500000 22.598593 -194.207840
v -27.500000 22.598593 -194.207840
v -27.500000 31.912884 -183.646423
v -17.500000 22.252281 -194.910675
v -17.500000 22.598593 -194.207840
v -17.500000 31.912884 -183.646423
v -27.500000 31.912884 -183.646423
v -27.500000 32.795601 -183.158279
v -17.500000 31.912884 -183.646423
v -17.500000 32.795601 -183.158279
v -27.500000 33.787884 -183.339539
v -17.500000 47.063000 -191.003922
v -17.500000 33.787884 -183.339539
v -17.500000 33.787884 -183.339539
v -27.500000 -50.071133 -190.700012
v -27.500000 -30.571131 -190.699997
v -27.500000 -30.571129 -199.699997
v -28.086107 -29.157238 -190.699997
v -27.500000 -30.571129 -199.699997
v -27.500000 -30.571131 -190.699997
v -27.500000 -117.571129 -199.700012
v -27.792549 -30.571085 -200.406769
v -27.500000 -117.571129 -199.700012
v -27.500000 -30.571129 -199.699997
v -28.039732 -29.204521 -199.429977
v -28.163664 -29.464161 -200.207275
v -27.792549 -30.571085 -200.406769
v -27.500000 -30.571129 -199.699997
v -28.039732 -29.204521 -199.429977
v -21.369606 -27.203041 -190.699997
v -27.500000 -30.571131 -190.699997
v -27.500000 -50.071133 -190.700012
v -22.500000 -27.671131 -190.699997
v -28.086107 -29.157238 -190.699997
v -17.500000 -50.071133 -190.700012
v -27.500000 -50.071133 -190.700012
v -27.500000 -117.571129 -199.700012
v -20.900551 -26.071131 -190.699997
v -17.500000 -50.071133 -190.700012
v -27.533546 -119.497879 -199.956909
v -27.533546 -119.497879 -199.956909
v -27.500000 -13.299002 -190.699997
v -27.500000 -21.571131 -190.699997
v -28.039646 -22.937647 -199.429581
v -27.500000 -21.571131 -190.699997
v -27.500000 -21.571129 -199.699997
v -17.500000 -13.299002 -190.699997
v -27.500000 -13.299002 -190.699997
v -27.500000 -21.571131 -190.699997
v -28.086107 -22.985025 -190.699997
v -28.086107 -22.985025 -190.699997
v -27.792549 64.428909 -200.406754
v -27.500000 -21.571129 -199.699997
v -27.500000 64.428871 -199.699982
v -27.500000 -12.080284 -190.625443
v -27.793238 -21.571173 -200.407455
v -27.992720 -22.678099 -200.036331
v -27.500000 -21.571129 -199.699997
v -27.793238 -21.571173 -200.407455
v -28.039646 -22.937647 -199.429581
v -27.500000 64.156738 -171.999985
v -27.500000 64.428871 -171.999985
v -28.086107 65.842766 -171.999985
v -27.500000 64.428871 -199.699982
v -27.500000 64.428871 -171.999985
v -27.500000 62.938019 -172.074539
v -28.039732 65.795479 -199.429962
v -28.163664 65.535835 -200.207260
v -27.792549 64.428909 -200.406754
v -27.500000 64.428871 -199.699982
v -28.039732 65.795479 -199.429962
v -17.500000 64.156738 -171.999985
v -27.500000 64.428871 -171.999985
v -27.500000 64.156738 -171.999985
v -23.630394 67.296959 -171.999985
v -27.500000 72.428871 -171.999985
v -28.086107 71.014977 -171.999985
v -28.086107 65.842766 -171.999985
v -17.500000 64.156738 -171.999985
v -27.500000 64.156738 -171.999985
v -27.500000 62.938019 -172.074539
v -17.500000 62.938019 -172.074539
v -27.500000 61.737469 -172.297043
v -17.500000 61.737469 -172.297043
v -27.500000 61.737469 -172.297043
v -27.500000 -10.879733 -190.402939
v -17.500000 61.737469 -172.297043
v -17.500000 -10.879733 -190.402939
v -27.500000 -10.879733 -190.402939
v -27.500000 -12.080284 -190.625443
v -17.500000 -10.879733 -190.402939
v -17.500000 -12.080284 -190.625443
v -27.500000 -13.299002 -190.699997
v -17.500000 -13.299002 -190.699997
v -27.500000 72.928871 -199.699982
v -27.500000 72.428871 -199.699982
v -27.500000 72.428871 -171.999985
v -28.039646 71.062355 -199.429565
v -27.500000 72.428871 -171.999985
v -27.500000 72.428871 -199.699982
v -27.500000 72.928871 -171.999985
v -27.500000 72.928871 -171.999985
v -28.086107 71.014977 -171.999985
v -27.792892 72.928871 -200.407089
v -27.500000 72.428871 -199.699982
v -27.500000 72.928871 -199.699982
v -27.793238 72.428825 -200.407440
v -27.992720 71.321899 -200.036316
v -27.500000 72.428871 -199.699982
v -27.793238 72.428825 -200.407440
v -28.039646 71.062355 -199.429565
v -17.500000 72.928871 -171.999985
v -27.500000 72.928871 -199.699982
v -27.500000 72.928871 -171.999985
v -17.500000 72.928871 -187.999985
v -27.792892 72.928871 -200.407089
v -21.369606 69.560776 -171.999985
v -17.500000 72.928871 -171.999985
v -22.500000 70.028870 -171.999985
v -23.630394 69.560776 -171.999985
v -24.099449 68.428871 -171.999985
v -28.500000 -30.571129 -200.699997
v -30.500000 -33.571129 -200.699997
v -30.500000 -120.071129 -200.700012
v -30.500000 -120.071129 -201.200012
v -30.500000 -120.071129 -200.700012
v -30.500000 -33.571129 -200.699997
v -28.500000 -125.071129 -200.700012
v -31.086107 -121.485023 -200.700012
v -31.085787 -121.485344 -201.200012
v -31.086107 -121.485023 -200.700012
v -30.500000 -120.071129 -200.700012
v -30.500000 -120.071129 -201.200012
v -31.086107 -32.157234 -200.699997
v -30.500000 -33.571129 -201.199997
v -30.500000 -33.571129 -200.699997
v -31.086107 -32.157234 -200.699997
v -30.500000 -33.571129 -201.199997
v -32.500000 -31.571129 -200.699997
v -31.085787 -32.156914 -201.199997
v -32.500000 -31.571129 -200.699997
v -94.000000 -31.571129 -200.699997
v -32.500000 -31.571129 -201.199997
v -32.500000 -31.571129 -200.699997
v -94.000000 -31.571129 -200.699997
v -32.500000 -31.571129 -201.199997
v -99.000000 -30.571129 -200.699997
v -95.413895 -32.157234 -200.699997
v -94.000000 -31.571129 -201.199997
v -94.000000 -31.571129 -200.699997
v -95.413895 -32.157234 -200.699997
v -94.000000 -31.571129 -201.199997
v -96.000000 -33.571129 -200.699997
v -95.414215 -32.156914 -201.199997
v -96.000000 -33.571129 -200.699997
v -99.000000 -122.071129 -200.700012
v -96.000000 -120.071129 -200.700012
v -96.000000 -33.571129 -201.199997
v -96.000000 -33.571129 -200.699997
v -96.000000 -120.071129 -200.700012
v -96.000000 -33.571129 -201.199997
v -95.413895 -121.485023 -200.700012
v -96.000000 -120.071129 -201.200012
v -96.000000 -120.071129 -200.700012
v -95.413895 -121.485023 -200.700012
v -96.000000 -120.071129 -201.200012
v -94.000000 -122.071129 -200.700012
v -95.414215 -121.485344 -201.200012
v -94.000000 -122.071129 -200.700012
v -98.120842 -124.191971 -200.700012
v -32.500000 -122.071129 -200.700012
v -94.000000 -122.071129 -201.200012
v -94.000000 -122.071129 -200.700012
v -32.500000 -122.071129 -200.700012
v -94.000000 -122.071129 -201.200012
v -32.500000 -122.071129 -201.200012
v -32.500000 -122.071129 -200.700012
v -96.000000 -125.071129 -200.700012
v -32.500000 -122.071129 -201.200012
v -28.500000 64.428871 -200.699982
v -30.500000 61.428871 -200.699982
v -30.500000 -18.571129 -200.699997
v -30.500000 -18.571129 -201.199997
v -30.500000 -18.571129 -200.699997
v -30.500000 61.428871 -200.699982
v -28.500000 -21.571129 -200.699997
v -31.086107 -19.985023 -200.699997
v -31.085787 -19.985342 -201.199997
v -31.086107 -19.985023 -200.699997
v -30.500000 -18.571129 -200.699997
v -30.500000 -18.571129 -201.199997
v -31.086107 62.842766 -200.699982
v -30.500000 61.428871 -201.199982
v -30.500000 61.428871 -200.699982
v -31.086107 62.842766 -200.699982
v -30.500000 61.428871 -201.199982
v -32.500000 63.428871 -200.699982
v -31.085787 62.843086 -201.199982
v -32.500000 63.428871 -200.699982
v -94.000000 63.428871 -200.699982
v -32.500000 63.428871 -201.199982
v -32.500000 63.428871 -200.699982
v -94.000000 63.428871 -200.699982
v -32.500000 63.428871 -201.199982
v -99.000000 64.428871 -200.699982
v -95.413895 62.842766 -200.699982
v -94.000000 63.428871 -201.199982
v -94.000000 63.428871 -200.699982
v -95.413895 62.842766 -200.699982
v -94.000000 63.428871 -201.199982
v -96.000000 61.428871 -200.699982
v -95.414215 62.843086 -201.199982
v -96.000000 61.428871 -200.699982
v -99.000000 -21.571129 -200.699997
v -96.000000 -18.571129 -200.699997
v -96.000000 61.428871 -201.199982
v -96.000000 61.428871 -200.699982
v -96.000000 -18.571129 -200.699997
v -96.000000 61.428871 -201.199982
v -95.413895 -19.985023 -200.699997
v -96.000000 -18.571129 -201.199997
v -96.000000 -18.571129 -200.699997
v -95.413895 -19.985023 -200.699997
v -96.000000 -18.571129 -201.199997
v -94.000000 -20.571129 -200.699997
v -95.414215 -19.985342 -201.199997
v -94.000000 -20.571129 -200.699997
v -32.500000 -20.571129 -200.699997
v -94.000000 -20.571129 -201.199997
v -94.000000 -20.571129 -200.699997
v -32.500000 -20.571129 -200.699997
v -94.000000 -20.571129 -201.199997
v -32.500000 -20.571129 -201.199997
v -32.500000 -20.571129 -200.699997
v -32.500000 -20.571129 -201.199997
v -28.770424 -29.204613 -200.160355
v -99.000000 -30.571129 -200.699997
v -28.500000 -30.571129 -200.699997
v -99.000000 -122.071129 -202.700012
v -99.000000 -122.071129 -200.700012
v -99.000000 -30.571129 -200.699997
v -99.000000 -21.571129 -200.699997
v -98.578491 -30.043346 -200.629150
v -99.000000 -21.571129 -200.699997
v -99.000000 -30.571129 -200.699997
v -98.578491 -30.043346 -200.629150
v -28.257538 -124.847496 -200.670197
v -28.500000 -30.571129 -200.699997
v -28.500000 -125.071129 -200.700012
v -28.094578 -124.427147 -200.614151
v -27.955967 -123.864113 -200.539078
v -27.829481 -123.135338 -200.441910
v -28.500000 -30.571129 -200.699997
v -28.770424 -29.204613 -200.160355
v -17.500000 -125.071129 -202.200012
v -28.500000 -125.071129 -200.700012
v -96.000000 -125.071129 -200.700012
v -17.500000 -125.071129 -200.700012
v -28.257538 -124.847496 -200.670197
v -28.500000 -125.071129 -200.700012
v -17.500000 -125.071129 -200.700012
v -96.000000 -125.071129 -202.700012
v -96.000000 -125.071129 -200.700012
v -98.120842 -124.191971 -200.700012
v -96.000000 -125.071129 -202.700012
v -98.120842 -124.191971 -202.700012
v -99.000000 -122.071129 -200.700012
v -99.000000 -122.071129 -202.700012
v -98.578491 -22.098911 -200.629150
v -28.500000 -21.571129 -200.699997
v -99.000000 -21.571129 -200.699997
v -28.500000 64.428871 -200.699982
v -28.500000 -21.571129 -200.699997
v -97.719208 -22.473766 -200.484741
v -96.540794 -22.788681 -200.286682
v -28.770021 -22.937738 -200.160263
v -28.500000 -21.571129 -200.699997
v -28.770021 -22.937738 -200.160263
v -99.000000 64.428871 -200.699982
v -98.578491 -22.098911 -200.629150
v -28.770424 65.795387 -200.160339
v -99.000000 64.428871 -200.699982
v -28.500000 64.428871 -200.699982
v -99.000000 69.928871 -200.699982
v -98.166588 65.833702 -200.123627
v -99.000000 69.928871 -200.699982
v -99.000000 64.428871 -200.699982
v -98.166588 65.833702 -200.123627
v -28.500000 64.428871 -200.699982
v -28.770424 65.795387 -200.160339
v -28.500000 72.928871 -200.699982
v -97.658310 72.428871 -200.699982
v -28.500000 72.428871 -200.699982
v -98.227333 71.938591 -200.638962
v -28.500000 72.428871 -200.699982
v -97.658310 72.428871 -200.699982
v -28.500000 72.928871 -200.699982
v -28.500000 72.428871 -200.699982
v -98.603951 71.418640 -200.426086
v -28.770021 71.062263 -200.160248
v -28.500000 72.428871 -200.699982
v -28.770021 71.062263 -200.160248
v -96.868561 72.800484 -200.699982
v -98.120842 72.049706 -202.699982
v -97.658310 72.428871 -200.699982
v -96.868561 72.800484 -200.699982
v -98.227333 71.938591 -200.638962
v -96.000000 72.928871 -200.699982
v -96.000000 72.928871 -200.699982
v -96.000000 72.928871 -202.699982
v -96.000000 72.928871 -200.699982
v -28.500000 72.928871 -200.699982
v -96.000000 72.928871 -202.699982
v -17.500000 72.928871 -202.473480
v -99.000000 69.928871 -202.699982
v -98.902893 70.686195 -200.632828
v -99.000000 69.928871 -202.699982
v -99.000000 69.928871 -200.699982
v -89.000000 -115.071129 -202.700012
v -99.000000 -122.071129 -202.700012
v -99.000000 69.928871 -202.699982
v -24.797577 66.131294 -202.699982
v -22.500000 65.178871 -202.699982
v 6.000000 62.928871 -202.699982
v -25.750000 68.428871 -202.699982
v -24.797577 70.726448 -202.699982
v -98.120842 72.049706 -202.699982
v -98.603951 71.418640 -200.426086
v -6.000000 62.928871 -202.699982
v -89.000000 62.928871 -202.699982
v -89.000000 -20.071129 -202.699997
v -89.000000 -32.071129 -202.699997
v -98.902893 70.686195 -200.632828
v 98.120842 -124.191971 -202.700012
v 99.000000 -122.071129 -202.700012
v -98.120842 -124.191971 -202.700012
v 33.604149 49.170895 -204.699982
v 6.000000 62.928871 -204.699982
v 89.000000 62.928871 -204.699982
v 89.000000 62.928871 -202.699982
v 89.000000 62.928871 -204.699982
v 6.000000 62.928871 -204.699982
v 61.324406 -6.174915 -204.699997
v 89.000000 -20.071129 -204.699997
v 89.000000 -20.071129 -202.699997
v 89.000000 -20.071129 -204.699997
v 89.000000 62.928871 -204.699982
v 61.324406 49.170895 -204.699982
v 89.000000 62.928871 -202.699982
v 19.776026 35.364510 -204.699997
v 6.000000 -20.071129 -204.699997
v 6.000000 62.928871 -202.699982
v 6.000000 62.928871 -204.699982
v 6.000000 -20.071129 -204.699997
v 6.000000 62.928871 -202.699982
v 6.000000 -20.071129 -202.699997
v 6.000000 -20.071129 -204.699997
v 89.000000 -20.071129 -204.699997
v 19.776026 21.536386 -204.699997
v 19.795906 -6.174915 -204.699997
v 19.795906 7.631469 -204.699997
v 6.000000 -20.071129 -202.699997
v 89.000000 -20.071129 -202.699997
v -47.570259 49.158871 -204.699982
v -89.000000 62.928871 -204.699982
v -6.000000 62.928871 -204.699982
v -6.000000 62.928871 -202.699982
v -6.000000 62.928871 -204.699982
v -89.000000 62.928871 -204.699982
v -19.853617 -6.162019 -204.699997
v -6.000000 -20.071129 -204.699997
v -6.000000 -20.071129 -202.699997
v -6.000000 -20.071129 -204.699997
v -6.000000 62.928871 -204.699982
v -19.850000 35.352489 -204.699997
v -19.850000 49.158871 -204.699982
v -19.853617 7.666103 -204.699997
v -6.000000 62.928871 -202.699982
v -75.186646 35.352489 -204.699997
v -89.000000 -20.071129 -204.699997
v -89.000000 62.928871 -202.699982
v -89.000000 62.928871 -204.699982
v -89.000000 -20.071129 -204.699997
v -89.000000 62.928871 -202.699982
v -89.000000 -20.071129 -202.699997
v -89.000000 -20.071129 -204.699997
v -6.000000 -20.071129 -204.699997
v -75.186646 7.632487 -204.699997
v -47.573875 7.632487 -204.699997
v -47.573875 -6.162019 -204.699997
v -89.000000 -20.071129 -202.699997
v -6.000000 -20.071129 -202.699997
v -75.185394 -45.817211 -204.699997
v -89.000000 -32.071129 -204.699997
v -6.000000 -32.071129 -204.699997
v -6.000000 -32.071129 -202.699997
v -6.000000 -32.071129 -204.699997
v -89.000000 -32.071129 -204.699997
v -19.847277 -73.429985 -204.700012
v -6.000000 -115.071129 -204.700012
v -6.000000 -115.071129 -202.700012
v -6.000000 -115.071129 -204.700012
v -6.000000 -32.071129 -204.699997
v -47.562771 -45.817211 -204.699997
v -61.357277 -45.817211 -204.699997
v -19.847277 -45.817211 -204.699997
v -6.000000 -32.071129 -202.699997
v -89.000000 -115.071129 -204.700012
v -89.000000 -32.071129 -202.699997
v -89.000000 -32.071129 -204.699997
v -89.000000 -115.071129 -204.700012
v -89.000000 -32.071129 -202.699997
v -61.357277 -101.149986 -204.700012
v -89.000000 -115.071129 -202.700012
v -89.000000 -115.071129 -204.700012
v -6.000000 -115.071129 -204.700012
v -75.185394 -101.149986 -204.700012
v -75.185394 -73.429985 -204.700012
v -75.185394 -59.635471 -204.700012
v -89.000000 -115.071129 -202.700012
v -6.000000 -115.071129 -202.700012
v 33.628120 -45.831127 -204.699997
v 6.000000 -32.071129 -204.699997
v 89.000000 -32.071129 -204.699997
v 89.000000 -32.071129 -202.699997
v 89.000000 -32.071129 -204.699997
v 6.000000 -32.071129 -204.699997
v 75.138123 -101.152023 -204.700012
v 89.000000 -115.071129 -204.700012
v 89.000000 -115.071129 -202.700012
v 89.000000 -115.071129 -204.700012
v 89.000000 -32.071129 -204.699997
v 75.138123 -73.443901 -204.700012
v 75.138123 -45.831127 -204.699997
v 75.138123 -87.323898 -204.700012
v 89.000000 -32.071129 -202.699997
v 19.799999 -59.649391 -204.700012
v 6.000000 -115.071129 -204.700012
v 6.000000 -32.071129 -202.699997
v 6.000000 -32.071129 -204.699997
v 6.000000 -115.071129 -204.700012
v 6.000000 -32.071129 -202.699997
v 6.000000 -115.071129 -202.700012
v 6.000000 -115.071129 -204.700012
v 89.000000 -115.071129 -204.700012
v 61.343616 -101.152023 -204.700012
v 61.343616 -87.357513 -204.700012
v 47.414627 -87.357513 -204.700012
v 47.414627 -73.477516 -204.700012
v 19.799999 -73.477516 -204.700012
v 6.000000 -115.071129 -202.700012
v 89.000000 -115.071129 -202.700012
v 33.604149 35.364510 -204.699997
v 19.776026 35.364510 -202.699997
v 19.776026 35.364510 -204.699997
v 33.604149 35.364510 -204.699997
v 19.776026 21.536386 -202.699997
v 19.776026 21.536386 -204.699997
v 19.776026 35.364510 -204.699997
v 19.776026 35.364510 -202.699997
v 33.604149 35.342773 -202.699997
v 33.604149 35.364510 -204.699997
v 33.604149 49.170895 -204.699982
v 33.604149 35.342773 -202.699997
v 33.604149 49.170895 -202.699982
v 33.604149 49.170895 -204.699982
v 61.324406 49.170895 -204.699982
v 33.604149 49.170895 -202.699982
v 61.324406 49.170895 -202.699982
v 61.324406 49.170895 -204.699982
v 61.324406 -6.174915 -204.699997
v 61.324406 49.170895 -202.699982
v 61.324406 -6.174915 -202.699997
v 61.324406 -6.174915 -204.699997
v 19.795906 -6.174915 -204.699997
v 61.324406 -6.174915 -202.699997
v 19.795906 -6.174915 -202.699997
v 19.795906 -6.174915 -204.699997
v 19.795906 7.631469 -204.699997
v 19.795906 -6.174915 -202.699997
v 47.410534 35.342773 -204.699997
v 47.410534 7.631469 -204.699997
v 19.795906 7.631469 -202.699997
v 19.795906 7.631469 -204.699997
v 47.410534 7.631469 -204.699997
v 33.604149 21.536386 -204.699997
v 19.795906 7.631469 -202.699997
v 47.410534 7.631469 -202.699997
v 47.410534 7.631469 -204.699997
v 47.410534 35.342773 -204.699997
v 47.410534 7.631469 -202.699997
v 33.604149 35.342773 -204.699997
v 47.410534 35.342773 -202.699997
v 47.410534 35.342773 -204.699997
v 33.604149 35.342773 -204.699997
v 47.410534 35.342773 -202.699997
v 33.604149 35.342773 -202.699997
v 33.604149 35.342773 -204.699997
v 33.604149 21.536386 -204.699997
v 33.604149 35.342773 -202.699997
v 33.604149 21.536386 -202.699997
v 33.604149 21.536386 -204.699997
v 19.776026 21.536386 -204.699997
v 33.604149 21.536386 -202.699997
v 19.776026 21.536386 -202.699997
v -19.850000 49.158871 -202.699982
v -19.850000 49.158871 -204.699982
v -19.850000 35.352489 -204.699997
v -47.570259 49.158871 -202.699982
v -47.570259 49.158871 -204.699982
v -19.850000 49.158871 -204.699982
v -19.850000 49.158871 -202.699982
v -47.570259 35.352489 -204.699997
v -19.850000 35.352489 -202.699997
v -19.850000 35.352489 -204.699997
v -47.570259 35.352489 -204.699997
v -19.850000 35.352489 -202.699997
v -47.573875 21.546103 -204.699997
v -47.570259 35.352489 -202.699997
v -47.570259 35.352489 -204.699997
v -47.570259 49.158871 -204.699982
v -47.573875 7.666103 -204.699997
v -47.570259 35.352489 -202.699997
v -61.380257 35.352489 -204.699997
v -61.380257 21.546103 -204.699997
v -47.570259 49.158871 -202.699982
v -75.186646 7.632487 -202.699997
v -75.186646 7.632487 -204.699997
v -75.186646 35.352489 -204.699997
v -47.573875 7.632487 -202.699997
v -47.573875 7.632487 -204.699997
v -75.186646 7.632487 -204.699997
v -75.186646 7.632487 -202.699997
v -75.186646 35.352489 -202.699997
v -75.186646 35.352489 -204.699997
v -61.380257 35.352489 -204.699997
v -75.186646 35.352489 -202.699997
v -61.380257 35.352489 -202.699997
v -61.380257 35.352489 -204.699997
v -61.380257 21.546103 -204.699997
v -61.380257 35.352489 -202.699997
v -61.380257 21.546103 -202.699997
v -61.380257 21.546103 -204.699997
v -47.573875 21.546103 -204.699997
v -61.380257 21.546103 -202.699997
v -47.573875 21.546103 -202.699997
v -47.573875 21.546103 -204.699997
v -47.573875 7.666103 -204.699997
v -47.573875 21.546103 -202.699997
v -47.573875 7.666103 -202.699997
v -47.573875 7.666103 -204.699997
v -19.853617 7.666103 -204.699997
v -47.573875 7.666103 -202.699997
v -19.853617 7.666103 -202.699997
v -19.853617 7.666103 -204.699997
v -19.853617 -6.162019 -204.699997
v -19.853617 7.666103 -202.699997
v -19.853617 -6.162019 -202.699997
v -19.853617 -6.162019 -204.699997
v -47.573875 -6.162019 -204.699997
v -19.853617 -6.162019 -202.699997
v -47.573875 -6.162019 -202.699997
v -47.573875 -6.162019 -204.699997
v -47.573875 7.632487 -204.699997
v -47.573875 -6.162019 -202.699997
v -47.573875 7.632487 -202.699997
v 75.138123 -45.831127 -202.699997
v 75.138123 -45.831127 -204.699997
v 75.138123 -73.443901 -204.700012
v 33.628120 -45.831127 -202.699997
v 33.628120 -45.831127 -204.699997
v 75.138123 -45.831127 -204.699997
v 75.138123 -45.831127 -202.699997
v 61.343616 -87.323898 -204.700012
v 61.343616 -73.443901 -204.700012
v 75.138123 -73.443901 -202.700012
v 75.138123 -73.443901 -204.700012
v 61.343616 -73.443901 -204.700012
v 75.138123 -73.443901 -202.700012
v 61.330532 -73.443901 -202.700012
v 61.343616 -73.443901 -204.700012
v 61.343616 -87.323898 -204.700012
v 61.330532 -73.443901 -202.700012
v 61.343616 -87.323898 -202.700012
v 61.343616 -87.323898 -204.700012
v 75.138123 -87.323898 -204.700012
v 61.343616 -87.323898 -202.700012
v 75.138123 -87.323898 -202.700012
v 75.138123 -87.323898 -204.700012
v 75.138123 -101.152023 -204.700012
v 75.138123 -87.323898 -202.700012
v 75.138123 -101.152023 -202.700012
v 75.138123 -101.152023 -204.700012
v 61.343616 -101.152023 -204.700012
v 75.138123 -101.152023 -202.700012
v 61.343616 -101.152023 -202.700012
v 61.343616 -101.152023 -204.700012
v 61.343616 -87.357513 -204.700012
v 61.343616 -101.152023 -202.700012
v 61.343616 -87.357513 -202.700012
v 61.343616 -87.357513 -204.700012
v 47.414627 -87.357513 -204.700012
v 61.343616 -87.357513 -202.700012
v 47.414627 -87.357513 -202.700012
v 47.414627 -87.357513 -204.700012
v 47.414627 -73.477516 -204.700012
v 47.414627 -87.357513 -202.700012
v 47.414627 -73.477516 -202.700012
v 47.414627 -73.477516 -204.700012
v 19.799999 -73.477516 -204.700012
v 47.414627 -73.477516 -202.700012
v 19.799999 -73.477516 -202.700012
v 19.799999 -73.477516 -204.700012
v 19.799999 -59.649391 -204.700012
v 19.799999 -73.477516 -202.700012
v 33.628120 -59.649391 -204.700012
v 19.799999 -59.649391 -202.700012
v 19.799999 -59.649391 -204.700012
v 33.628120 -59.649391 -204.700012
v 19.799999 -59.649391 -202.700012
v 33.628120 -59.649391 -202.700012
v 33.628120 -59.649391 -204.700012
v 33.628120 -45.831127 -204.699997
v 33.628120 -59.649391 -202.700012
v 33.628120 -45.831127 -202.699997
v 47.410534 -73.443901 -204.700012
v 47.410534 -59.633896 -204.700012
v 61.330532 -59.633896 -204.700012
v 61.330532 -59.633896 -202.700012
v 61.330532 -59.633896 -204.700012
v 47.410534 -59.633896 -204.700012
v 61.330532 -73.443901 -204.700012
v 61.330532 -73.443901 -202.700012
v 61.330532 -73.443901 -204.700012
v 61.330532 -59.633896 -204.700012
v 61.330532 -59.633896 -202.700012
v 47.410534 -59.633896 -202.700012
v 47.410534 -59.633896 -204.700012
v 47.410534 -73.443901 -204.700012
v 47.410534 -59.633896 -202.700012
v 47.410534 -73.443901 -202.700012
v 47.410534 -73.443901 -204.700012
v 61.330532 -73.443901 -204.700012
v 47.410534 -73.443901 -202.700012
v 61.330532 -73.443901 -202.700012
v -61.357277 -59.635471 -204.700012
v -61.357277 -45.817211 -202.699997
v -61.357277 -45.817211 -204.699997
v -61.357277 -59.635471 -204.700012
v -75.185394 -45.817211 -202.699997
v -75.185394 -45.817211 -204.699997
v -61.357277 -45.817211 -204.699997
v -61.357277 -45.817211 -202.699997
v -47.562771 -59.635471 -204.700012
v -61.379013 -59.635471 -202.700012
v -61.357277 -59.635471 -204.700012
v -47.562771 -59.635471 -204.700012
v -61.379013 -59.635471 -202.700012
v -47.562771 -59.635471 -202.700012
v -47.562771 -59.635471 -204.700012
v -47.562771 -45.817211 -204.699997
v -47.562771 -59.635471 -202.700012
v -47.562771 -45.817211 -202.699997
v -47.562771 -45.817211 -204.699997
v -19.847277 -45.817211 -204.699997
v -47.562771 -45.817211 -202.699997
v -19.847277 -45.817211 -202.699997
v -19.847277 -45.817211 -204.699997
v -19.847277 -73.429985 -204.700012
v -19.847277 -45.817211 -202.699997
v -61.357277 -73.429985 -204.700012
v -19.847277 -73.429985 -202.700012
v -19.847277 -73.429985 -204.700012
v -61.357277 -73.429985 -204.700012
v -19.847277 -73.429985 -202.700012
v -61.379013 -73.429985 -202.700012
v -61.357277 -73.429985 -204.700012
v -61.357277 -101.149986 -204.700012
v -61.379013 -73.429985 -202.700012
v -61.357277 -101.149986 -202.700012
v -61.357277 -101.149986 -204.700012
v -75.185394 -101.149986 -204.700012
v -61.357277 -101.149986 -202.700012
v -75.185394 -101.149986 -202.700012
v -75.185394 -101.149986 -204.700012
v -75.185394 -73.429985 -204.700012
v -75.185394 -101.149986 -202.700012
v -61.379013 -59.635471 -204.700012
v -61.379013 -73.429985 -204.700012
v -75.185394 -73.429985 -202.700012
v -75.185394 -73.429985 -204.700012
v -61.379013 -73.429985 -204.700012
v -75.185394 -73.429985 -202.700012
v -61.379013 -73.429985 -202.700012
v -61.379013 -73.429985 -204.700012
v -61.379013 -59.635471 -204.700012
v -61.379013 -73.429985 -202.700012
v -61.379013 -59.635471 -202.700012
v -61.379013 -59.635471 -204.700012
v -75.185394 -59.635471 -204.700012
v -61.379013 -59.635471 -202.700012
v -75.185394 -59.635471 -202.700012
v -75.185394 -59.635471 -204.700012
v -75.185394 -45.817211 -204.699997
v -75.185394 -59.635471 -202.700012
v -75.185394 -45.817211 -202.699997
v 99.000000 64.428871 -200.699982
v 99.000000 69.928871 -202.699982
v 99.000000 69.928871 -200.699982
v 98.120842 72.049706 -202.699982
v 99.000000 69.928871 -200.699982
v 99.000000 69.928871 -202.699982
v 98.906227 70.673065 -200.635132
v 99.000000 64.428871 -200.699982
v 99.000000 69.928871 -200.699982
v 98.906227 70.673065 -200.635132
v 99.000000 -122.071129 -200.700012
v 99.000000 -122.071129 -202.700012
v 89.000000 62.928871 -202.699982
v 99.000000 69.928871 -202.699982
v 99.000000 -30.571129 -200.699997
v 99.000000 -21.571129 -200.699997
v 24.797577 70.726448 -202.699982
v 22.500000 71.678871 -202.699982
v 98.120842 72.049706 -202.699982
v 25.750000 68.428871 -202.699982
v 98.120842 -124.191971 -200.700012
v 99.000000 -122.071129 -202.700012
v 99.000000 -122.071129 -200.700012
v 98.120842 -124.191971 -202.700012
v 89.000000 -20.071129 -202.699997
v 89.000000 -32.071129 -202.699997
v -6.000000 -115.071129 -202.700012
v 6.000000 -115.071129 -202.700012
v 89.000000 -115.071129 -202.700012
v 96.000000 -120.071129 -200.700012
v 99.000000 -122.071129 -200.700012
v 99.000000 -30.571129 -200.699997
v 95.413895 -121.485023 -200.700012
v 94.000000 -122.071129 -200.700012
v 28.500000 -125.071129 -200.700012
v 98.120842 -124.191971 -200.700012
v 98.578491 -22.098911 -200.629150
v 99.000000 -30.571129 -200.699997
v 99.000000 -21.571129 -200.699997
v 96.000000 -33.571129 -200.699997
v 95.413895 -32.157234 -200.699997
v 94.000000 -31.571129 -200.699997
v 32.500000 -31.571129 -200.699997
v 28.500000 -30.571129 -200.699997
v 98.578491 -30.043346 -200.629150
v 28.500000 -30.571129 -200.699997
v 99.000000 -30.571129 -200.699997
v 98.578491 -30.043346 -200.629150
v 96.000000 -18.571129 -200.699997
v 99.000000 -21.571129 -200.699997
v 99.000000 64.428871 -200.699982
v 95.413895 -19.985023 -200.699997
v 94.000000 -20.571129 -200.699997
v 28.500000 -21.571129 -200.699997
v 28.770424 -22.937647 -200.160355
v 99.000000 -21.571129 -200.699997
v 28.500000 -21.571129 -200.699997
v 98.578491 -22.098911 -200.629150
v 32.500000 63.428871 -200.699982
v 94.000000 63.428871 -200.699982
v 95.413895 62.842766 -200.699982
v 28.500000 64.428871 -200.699982
v 96.000000 61.428871 -200.699982
v 98.166588 65.833702 -200.123627
v 28.500000 64.428871 -200.699982
v 99.000000 64.428871 -200.699982
v 98.603951 71.418640 -200.426086
v 98.166588 65.833702 -200.123627
v 94.000000 63.428871 -201.199982
v 94.000000 63.428871 -200.699982
v 32.500000 63.428871 -200.699982
v 95.414215 62.843086 -201.199982
v 95.413895 62.842766 -200.699982
v 94.000000 63.428871 -200.699982
v 94.000000 63.428871 -201.199982
v 31.086107 62.842766 -200.699982
v 32.500000 63.428871 -201.199982
v 32.500000 63.428871 -200.699982
v 31.086107 62.842766 -200.699982
v 32.500000 63.428871 -201.199982
v 30.500000 61.428871 -200.699982
v 31.085787 62.843086 -201.199982
v 30.500000 61.428871 -200.699982
v 30.500000 -18.571129 -200.699997
v 30.500000 61.428871 -201.199982
v 30.500000 61.428871 -200.699982
v 30.500000 -18.571129 -200.699997
v 30.500000 61.428871 -201.199982
v 31.086107 -19.985023 -200.699997
v 30.500000 -18.571129 -201.199997
v 30.500000 -18.571129 -200.699997
v 31.086107 -19.985023 -200.699997
v 30.500000 -18.571129 -201.199997
v 32.500000 -20.571129 -200.699997
v 31.085787 -19.985342 -201.199997
v 32.500000 -20.571129 -200.699997
v 32.500000 -20.571129 -201.199997
v 32.500000 -20.571129 -200.699997
v 94.000000 -20.571129 -200.699997
v 32.500000 -20.571129 -201.199997
v 94.000000 -20.571129 -201.199997
v 94.000000 -20.571129 -200.699997
v 95.413895 -19.985023 -200.699997
v 94.000000 -20.571129 -201.199997
v 95.414215 -19.985342 -201.199997
v 96.000000 -18.571129 -200.699997
v 96.000000 -18.571129 -201.199997
v 96.000000 -18.571129 -200.699997
v 96.000000 61.428871 -200.699982
v 96.000000 -18.571129 -201.199997
v 96.000000 61.428871 -201.199982
v 96.000000 61.428871 -200.699982
v 96.000000 61.428871 -201.199982
v 96.000000 -120.071129 -201.200012
v 96.000000 -120.071129 -200.700012
v 96.000000 -33.571129 -200.699997
v 95.414215 -121.485344 -201.200012
v 95.413895 -121.485023 -200.700012
v 96.000000 -120.071129 -200.700012
v 96.000000 -120.071129 -201.200012
v 96.000000 -33.571129 -201.199997
v 96.000000 -33.571129 -200.699997
v 95.413895 -32.157234 -200.699997
v 96.000000 -33.571129 -201.199997
v 95.414215 -32.156914 -201.199997
v 94.000000 -31.571129 -200.699997
v 94.000000 -31.571129 -201.199997
v 94.000000 -31.571129 -200.699997
v 32.500000 -31.571129 -200.699997
v 94.000000 -31.571129 -201.199997
v 31.086107 -32.157234 -200.699997
v 32.500000 -31.571129 -201.199997
v 32.500000 -31.571129 -200.699997
v 31.086107 -32.157234 -200.699997
v 32.500000 -31.571129 -201.199997
v 30.500000 -33.571129 -200.699997
v 31.085787 -32.156914 -201.199997
v 30.500000 -33.571129 -200.699997
v 30.500000 -120.071129 -200.700012
v 30.500000 -33.571129 -201.199997
v 30.500000 -33.571129 -200.699997
v 30.500000 -120.071129 -200.700012
v 30.500000 -33.571129 -201.199997
v 31.086107 -121.485023 -200.700012
v 30.500000 -120.071129 -201.200012
v 30.500000 -120.071129 -200.700012
v 31.086107 -121.485023 -200.700012
v 30.500000 -120.071129 -201.200012
v 32.500000 -122.071129 -200.700012
v 31.085787 -121.485344 -201.200012
v 32.500000 -122.071129 -200.700012
v 32.500000 -122.071129 -201.200012
v 32.500000 -122.071129 -200.700012
v 94.000000 -122.071129 -200.700012
v 32.500000 -122.071129 -201.200012
v 94.000000 -122.071129 -201.200012
v 94.000000 -122.071129 -200.700012
v 94.000000 -122.071129 -201.200012
v 27.792955 -30.571114 -200.407166
v 28.500000 -125.071129 -200.700012
v 28.500000 -30.571129 -200.699997
v 97.719208 -29.668493 -200.484741
v 96.540794 -29.353579 -200.286682
v 28.769835 -29.204523 -200.160263
v 27.992788 -29.464632 -200.036514
v 27.792955 -30.571114 -200.407166
v 28.500000 -30.571129 -200.699997
v 28.769835 -29.204523 -200.160263
v 96.000000 -125.071129 -200.700012
v 96.000000 -125.071129 -200.700012
v 96.000000 -125.071129 -202.700012
v 96.000000 -125.071129 -200.700012
v 28.500000 -125.071129 -200.700012
v 96.000000 -125.071129 -202.700012
v 17.500000 -125.071129 -200.700012
v 28.257456 -124.847343 -200.670181
v 17.500000 -125.071129 -200.700012
v 28.500000 -125.071129 -200.700012
v 28.257456 -124.847343 -200.670181
v 27.793238 64.428909 -200.407440
v 28.500000 -21.571129 -200.699997
v 28.500000 64.428871 -200.699982
v 27.792549 -21.571173 -200.406769
v 28.163664 -22.678099 -200.207275
v 28.500000 -21.571129 -200.699997
v 27.792549 -21.571173 -200.406769
v 28.770424 -22.937647 -200.160355
v 28.770021 65.795479 -200.160248
v 27.992720 65.535835 -200.036316
v 27.793238 64.428909 -200.407440
v 28.500000 64.428871 -200.699982
v 28.770021 65.795479 -200.160248
v 96.868561 72.800484 -200.699982
v 28.500000 72.428871 -200.699982
v 97.658310 72.428871 -200.699982
v 28.770397 71.062424 -200.160416
v 97.658310 72.428871 -200.699982
v 28.500000 72.428871 -200.699982
v 96.000000 72.928871 -202.699982
v 96.868561 72.800484 -200.699982
v 97.658310 72.428871 -200.699982
v 98.227333 71.938591 -200.638962
v 98.227333 71.938591 -200.638962
v 96.000000 72.928871 -200.699982
v 28.500000 72.928871 -200.699982
v 27.792892 72.928871 -200.407089
v 28.500000 72.428871 -200.699982
v 28.500000 72.928871 -200.699982
v 27.792528 72.428825 -200.406723
v 28.163671 71.321884 -200.207214
v 28.500000 72.428871 -200.699982
v 27.792528 72.428825 -200.406723
v 28.770397 71.062424 -200.160416
v 17.500000 72.928871 -202.473480
v 28.500000 72.928871 -200.699982
v 96.000000 72.928871 -200.699982
v 27.792892 72.928871 -200.407089
v 96.000000 72.928871 -200.699982
v 96.000000 72.928871 -202.699982
v 27.500000 64.428871 -199.699982
v 27.500000 60.178867 -194.246246
v 27.500000 58.678867 -194.246246
v 17.500000 58.678867 -194.246246
v 27.500000 58.678867 -194.246246
v 27.500000 60.178867 -194.246246
v 27.500000 52.080791 -193.900940
v 27.500000 39.362675 -183.094055
v 17.500000 58.678867 -194.246246
v 27.500000 39.362675 -183.094055
v 27.500000 58.678867 -194.246246
v 27.500000 52.779026 -195.588043
v 27.500000 60.928867 -192.947205
v 17.500000 60.284744 -194.179062
v 27.500000 60.928867 -192.947205
v 17.500000 58.793922 -194.306198
v 17.500000 58.883652 -194.350952
v 27.500000 60.928867 -177.510422
v 17.500000 60.928867 -177.510422
v 27.500000 60.928867 -192.947205
v 27.500000 60.928867 -177.510422
v 17.500000 60.928867 -190.414185
v 17.500000 60.928867 -188.487106
v 17.500000 60.928867 -192.947205
v 17.500000 60.928867 -192.947205
v 27.500000 61.737469 -172.297043
v 27.500000 60.351986 -176.328873
v 17.500000 60.928867 -177.510422
v 27.500000 60.928867 -177.510422
v 27.500000 60.351986 -176.328873
v 27.500000 59.065979 -176.054977
v 17.500000 60.351986 -176.328873
v 27.500000 59.065979 -176.054977
v 27.500000 -10.879733 -190.402939
v 27.500000 39.672363 -180.890472
v 17.500000 59.065979 -176.054977
v 27.500000 59.065979 -176.054977
v 27.500000 39.672363 -180.890472
v 17.500000 59.065979 -176.054977
v 27.500000 38.774353 -181.887817
v 17.500000 39.672363 -180.890472
v 27.500000 39.672363 -180.890472
v 27.500000 38.774353 -181.887817
v 17.500000 39.672363 -180.890472
v 27.500000 33.787884 -183.339539
v 17.500000 38.774353 -181.887817
v 27.500000 39.362675 -183.094055
v 27.500000 32.795601 -183.158279
v 17.500000 51.581295 -190.148453
v 17.500000 39.362675 -183.094055
v 17.500000 39.362675 -183.094055
v 27.500000 31.912884 -183.646423
v 27.500000 25.289692 -185.345764
v 27.500000 25.164701 -186.762573
v 17.500000 25.164701 -186.762573
v 27.500000 25.164701 -186.762573
v 27.500000 25.289692 -185.345764
v 27.500000 22.598593 -194.207840
v 27.500000 19.386555 -193.314377
v 17.500000 25.164701 -186.762573
v 27.500000 19.386555 -193.314377
v 27.500000 25.164701 -186.762573
v 27.500000 23.974390 -184.804489
v 17.500000 25.289692 -185.345764
v 27.500000 23.974390 -184.804489
v 27.500000 -7.554984 -192.665817
v 17.500000 23.974390 -184.804489
v 27.500000 23.974390 -184.804489
v 27.500000 -7.554984 -192.665817
v 17.500000 23.974390 -184.804489
v 27.500000 -8.647155 -193.375092
v 17.500000 -7.554984 -192.665817
v 27.500000 -7.554984 -192.665817
v 27.500000 -8.647155 -193.375092
v 17.500000 -7.554984 -192.665817
v 27.500000 -9.071131 -194.606415
v 17.500000 -8.647155 -193.375092
v 27.500000 -9.071131 -194.606415
v 27.500000 -9.071131 -194.699997
v 17.500000 -9.071131 -194.699997
v 27.500000 -9.071131 -194.606415
v 27.500000 -9.071131 -194.699997
v 17.500000 -9.071131 -194.606415
v 17.500000 -9.071131 -194.606415
v 27.500000 -8.485023 -196.113892
v 17.500000 -9.071131 -194.699997
v 27.500000 -9.071131 -194.699997
v 27.500000 -8.485023 -196.113892
v 27.500000 -21.571131 -190.699997
v 27.500000 -21.571129 -199.699997
v 17.500000 -8.485023 -196.113892
v 27.500000 -7.071130 -196.699997
v 27.500000 -13.299002 -190.699997
v 27.500000 -12.080284 -190.625443
v 27.500000 11.886555 -196.699997
v 27.500000 -7.071130 -196.699997
v 17.500000 -7.071130 -196.699997
v 27.500000 -7.071130 -196.699997
v 27.500000 11.886555 -196.699997
v 17.500000 -7.071130 -196.699997
v 27.500000 23.723593 -196.699997
v 27.500000 16.000933 -195.814377
v 17.500000 11.886555 -196.699997
v 27.500000 11.886555 -196.699997
v 27.500000 16.000933 -195.814377
v 17.500000 11.886555 -196.699997
v 27.500000 22.356436 -195.817154
v 17.500000 16.000933 -195.814377
v 27.500000 19.386555 -193.314377
v 17.500000 19.386555 -193.314377
v 17.500000 19.386555 -193.314377
v 27.500000 51.330791 -196.699982
v 17.500000 23.723593 -196.699997
v 27.500000 23.723593 -196.699997
v 27.500000 51.330791 -196.699982
v 17.500000 22.852575 -196.421204
v 27.500000 22.356436 -195.817154
v 27.500000 23.723593 -196.699997
v 17.500000 23.723593 -196.699997
v 17.500000 51.330791 -196.699982
v 27.500000 51.330791 -196.699982
v 27.500000 52.779026 -195.588043
v 17.500000 27.729214 -196.699997
v 17.500000 51.330791 -196.699982
v 17.500000 52.305202 -194.059586
v 27.500000 52.080791 -193.900940
v 17.500000 52.738815 -195.715683
v 17.500000 33.787884 -183.339539
v 27.500000 52.080791 -193.900940
v 27.500000 33.787884 -183.339539
v 17.500000 52.080791 -193.900940
v 17.500000 47.063000 -191.003922
v 17.500000 52.197983 -193.976059
v 17.500000 52.080791 -193.900940
v 17.500000 33.787884 -183.339539
v 27.500000 33.787884 -183.339539
v 27.500000 32.795601 -183.158279
v 17.500000 32.795601 -183.158279
v 27.500000 31.912884 -183.646423
v 17.500000 31.912884 -183.646423
v 27.500000 31.912884 -183.646423
v 27.500000 22.598593 -194.207840
v 17.500000 31.912884 -183.646423
v 17.500000 22.598593 -194.207840
v 27.500000 22.598593 -194.207840
v 17.500000 22.598593 -194.207840
v 17.500000 22.306301 -195.691208
v 17.500000 22.252281 -194.910675
v 28.086107 -22.985025 -190.699997
v 27.500000 -21.571129 -199.699997
v 27.500000 -21.571131 -190.699997
v 27.500000 64.428871 -199.699982
v 27.500000 -21.571129 -199.699997
v 28.039732 -22.937738 -199.429977
v 27.500000 -21.571129 -199.699997
v 28.039732 -22.937738 -199.429977
v 21.369606 -24.939222 -190.699997
v 27.500000 -21.571131 -190.699997
v 27.500000 -13.299002 -190.699997
v 22.500000 -24.471132 -190.699997
v 28.086107 -22.985025 -190.699997
v 17.500000 -13.299002 -190.699997
v 27.500000 -13.299002 -190.699997
v 27.500000 -12.080284 -190.625443
v 17.500000 -13.299002 -190.699997
v 17.500000 -12.080284 -190.625443
v 27.500000 -10.879733 -190.402939
v 17.500000 -10.879733 -190.402939
v 27.500000 -10.879733 -190.402939
v 27.500000 61.737469 -172.297043
v 17.500000 -10.879733 -190.402939
v 27.500000 64.428871 -171.999985
v 27.500000 62.938019 -172.074539
v 17.500000 61.737469 -172.297043
v 27.500000 61.737469 -172.297043
v 27.500000 62.938019 -172.074539
v 17.500000 61.737469 -172.297043
v 27.500000 64.156738 -171.999985
v 17.500000 62.938019 -172.074539
v 27.500000 64.156738 -171.999985
v 23.630394 69.560776 -171.999985
v 27.500000 64.156738 -171.999985
v 27.500000 64.428871 -171.999985
v 23.630394 67.296959 -171.999985
v 22.500000 66.828865 -171.999985
v 21.369606 67.296959 -171.999985
v 24.099449 68.428871 -171.999985
v 17.500000 64.156738 -171.999985
v 17.500000 64.156738 -171.999985
v 28.039646 65.795387 -199.429565
v 27.500000 64.428871 -171.999985
v 27.500000 64.428871 -199.699982
v 27.500000 72.428871 -171.999985
v 28.086107 65.842766 -171.999985
v 28.086107 65.842766 -171.999985
v 27.500000 64.428871 -199.699982
v 28.039646 65.795387 -199.429565
v 27.500000 72.928871 -199.699982
v 27.500000 72.928871 -171.999985
v 27.500000 72.428871 -171.999985
v 17.500000 72.928871 -171.999985
v 27.500000 72.928871 -171.999985
v 27.500000 72.428871 -199.699982
v 28.086107 71.014977 -171.999985
v 27.500000 72.428871 -199.699982
v 27.500000 72.428871 -171.999985
v 28.086107 71.014977 -171.999985
v 27.500000 72.928871 -171.999985
v 27.500000 72.928871 -199.699982
v 17.500000 72.928871 -189.999985
v 17.500000 72.928871 -187.999985
v 17.500000 72.928871 -171.999985
v 27.500000 72.928871 -199.699982
v 27.500000 72.428871 -199.699982
v 28.039661 71.062332 -199.429993
v 27.500000 72.428871 -199.699982
v 28.039661 71.062332 -199.429993
v 27.500000 -50.071133 -190.700012
v 27.500000 -30.571129 -199.699997
v 27.500000 -30.571131 -190.699997
v 28.039682 -29.204575 -199.429962
v 27.500000 -30.571131 -190.699997
v 27.500000 -30.571129 -199.699997
v 17.500000 -50.071133 -190.700012
v 27.500000 -50.071133 -190.700012
v 27.500000 -30.571131 -190.699997
v 28.086107 -29.157238 -190.699997
v 28.086107 -29.157238 -190.699997
v 27.500000 -117.571129 -199.700012
v 27.533566 -119.498390 -199.956985
v 27.500000 -30.571129 -199.699997
v 27.500000 -117.571129 -199.700012
v 27.611490 -121.012741 -200.158890
v 27.713451 -122.202644 -200.317551
v 27.500000 -30.571129 -199.699997
v 28.039682 -29.204575 -199.429962
v 27.500000 -117.571129 -199.700012
v 27.500000 -50.071133 -190.700012
v 27.533566 -119.498390 -199.956985
v 17.500000 -50.071133 -190.700012
v 17.500000 -7.554984 -192.665817
v 17.500000 -10.879733 -190.402939
v 17.500000 61.737469 -172.297043
v 17.500000 -9.071131 -194.699997
v 17.500000 -9.071131 -194.606415
v 17.500000 -8.647155 -193.375092
v 17.500000 -12.095754 -201.937576
v 17.500000 -12.080284 -190.625443
v 17.500000 39.672363 -180.890472
v 17.500000 59.065979 -176.054977
v 17.500000 60.351986 -176.328873
v 17.500000 32.795601 -183.158279
v 17.500000 23.974390 -184.804489
v 17.500000 25.289692 -185.345764
v 17.500000 64.735733 -188.121902
v 17.500000 60.928867 -177.510422
v 17.500000 62.938019 -172.074539
v -17.500000 51.581295 -190.148453
v 17.500000 51.581295 -190.148453
v 17.500000 57.397156 -189.047318
v 17.500000 57.932358 -192.309082
v 17.500000 57.397156 -189.047318
v 17.500000 51.581295 -190.148453
v -17.500000 57.397156 -189.047318
v 17.500000 59.159695 -188.740753
v -17.500000 57.397156 -189.047318
v 17.500000 57.397156 -189.047318
v 17.500000 59.531399 -190.678772
v 17.500000 59.159695 -188.740753
v -17.500000 47.063000 -191.003922
v 17.500000 47.063000 -191.003922
v 17.500000 39.362675 -183.094055
v 17.500000 51.581295 -190.148453
v 17.500000 47.063000 -191.003922
v 17.500000 58.678867 -194.246246
v -17.500000 22.306301 -195.691208
v 17.500000 22.306301 -195.691208
v 17.500000 46.071632 -193.227173
v 17.500000 47.063000 -191.003922
v 17.500000 22.306301 -195.691208
v 17.500000 49.262169 -193.142120
v 17.500000 52.080791 -193.900940
v 17.500000 33.787884 -183.339539
v -17.500000 -6.539414 -201.152664
v 17.500000 -6.539414 -201.152664
v 17.500000 16.000933 -195.814377
v 17.500000 22.306301 -195.691208
v 17.500000 -6.539414 -201.152664
v 17.500000 27.729214 -196.699997
v 17.500000 23.723593 -196.699997
v 17.500000 22.852575 -196.421204
v 17.500000 19.386555 -193.314377
v 17.500000 22.252281 -194.910675
v -17.500000 -12.095754 -201.937576
v 17.500000 -6.539414 -201.152664
v -17.500000 -6.539414 -201.152664
v 17.500000 11.886555 -196.699997
v 17.500000 -7.071130 -196.699997
v 17.500000 -8.485023 -196.113892
v 17.500000 -12.095754 -201.937576
v -17.500000 11.886555 -196.699997
v -17.500000 -6.539414 -201.152664
v -17.500000 22.306301 -195.691208
v -17.500000 -9.071131 -194.699997
v -17.500000 -10.879733 -190.402939
v -17.500000 -12.080284 -190.625443
v -17.500000 -8.485023 -196.113892
v -17.500000 -12.095754 -201.937576
v -17.500000 -13.299002 -190.699997
v -17.500000 -7.071130 -196.699997
v -17.500000 22.852575 -196.421204
v -17.500000 22.306301 -195.691208
v -17.500000 47.063000 -191.003922
v -17.500000 16.000933 -195.814377
v -17.500000 19.386555 -193.314377
v -17.500000 22.252281 -194.910675
v -17.500000 39.362675 -183.094055
v -17.500000 47.063000 -191.003922
v -17.500000 51.581295 -190.148453
v -17.500000 27.729214 -196.699997
v -17.500000 46.071632 -193.227173
v -17.500000 49.262169 -193.142120
v -17.500000 23.723593 -196.699997
v -17.500000 52.080791 -193.900940
v -17.500000 33.787884 -183.339539
v -17.500000 57.932358 -192.309082
v -17.500000 51.581295 -190.148453
v -17.500000 57.397156 -189.047318
v -17.500000 58.678867 -194.246246
v -17.500000 59.159695 -188.740753
v -17.500000 59.531399 -190.678772
v -17.500000 59.159695 -188.740753
v -17.500000 59.065979 -176.054977
v -17.500000 61.737469 -172.297043
v -17.500000 60.351986 -176.328873
v -17.500000 64.735733 -188.121902
v -17.500000 68.558861 -187.999985
v -17.500000 62.938019 -172.074539
v -17.500000 60.928867 -177.510422
v -17.500000 -9.071131 -194.606415
v -17.500000 -8.647155 -193.375092
v -17.500000 39.672363 -180.890472
v -17.500000 38.774353 -181.887817
v -17.500000 -7.554984 -192.665817
v -17.500000 23.974390 -184.804489
v -17.500000 32.795601 -183.158279
v 17.500000 38.774353 -181.887817
v 17.500000 52.305202 -194.059586
v 17.500000 52.197983 -193.976059
v -17.500000 52.305202 -194.059586
v 17.500000 52.305202 -194.059586
v 17.500000 49.262169 -193.142120
v -17.500000 52.620571 -194.219894
v 17.500000 52.738815 -195.715683
v 17.500000 52.305202 -194.059586
v 17.500000 52.620724 -194.219986
v 17.500000 52.620724 -194.219986
v -17.500000 49.262169 -193.142120
v 17.500000 46.071632 -193.227173
v -17.500000 46.071632 -193.227173
v 17.500000 46.071632 -193.227173
v 17.500000 27.729214 -196.699997
v -17.500000 46.071632 -193.227173
v -17.500000 27.729214 -196.699997
v 17.500000 17.027540 -198.726181
v 17.500000 17.306581 -201.699997
v 17.500000 17.027540 -198.726181
v 17.500000 27.729214 -196.699997
v 17.500000 51.330791 -196.699982
v 17.500000 60.928867 -190.414185
v 17.500000 60.928867 -188.487106
v 17.500000 60.928867 -188.487106
v -17.500000 60.928867 -188.487106
v 17.500000 64.735733 -188.121902
v 17.500000 60.928867 -188.487106
v -17.500000 60.928867 -190.414185
v 17.500000 60.928867 -190.414185
v 17.500000 59.531399 -190.678772
v -17.500000 63.116535 -189.999985
v 17.500000 63.116535 -189.999985
v 17.500000 60.928867 -192.947205
v 17.500000 60.928867 -190.414185
v 17.500000 63.116535 -189.999985
v -17.500000 59.531399 -190.678772
v 17.500000 59.531399 -190.678772
v 17.500000 57.932358 -192.309082
v -17.500000 59.531399 -190.678772
v 17.500000 58.793922 -194.306198
v 17.500000 58.883652 -194.350952
v -17.500000 57.932358 -192.309082
v 17.500000 58.883652 -194.350952
v -17.500000 58.883652 -194.350952
v -15.800000 66.098740 -198.530106
v -17.500000 58.883652 -194.350952
v 17.500000 58.883652 -194.350952
v 15.949999 68.309868 -199.806702
v 17.500000 72.928871 -202.473480
v 17.500000 60.284744 -194.179062
v 17.500000 72.928871 -202.473480
v 17.500000 58.883652 -194.350952
v -15.175000 66.098740 -198.530106
v -14.175000 66.098740 -198.530106
v -9.425000 66.098740 -198.530106
v -10.300000 66.098740 -198.530106
v -13.425000 66.098740 -198.530106
v -7.425000 66.209297 -198.593948
v -5.925000 66.098740 -198.530106
v -6.925000 66.098740 -198.530106
v -5.425000 66.209297 -198.593948
v -5.175000 66.319855 -198.657776
v -4.925000 66.540970 -198.785431
v -3.425000 66.098740 -198.530106
v -0.550000 66.098740 -198.530106
v -2.800000 66.098740 -198.530106
v 0.075000 66.098740 -198.530106
v 1.950000 66.430412 -198.721603
v 5.825000 66.872635 -198.976913
v 5.950000 67.425423 -199.296066
v 7.575000 66.430412 -198.721603
v 2.450000 66.209297 -198.593948
v 3.075000 66.098740 -198.530106
v 4.200000 66.098740 -198.530106
v 4.825000 66.209297 -198.593948
v 5.325000 66.430412 -198.721603
v 10.324999 66.098740 -198.530106
v 10.950001 66.098740 -198.530106
v 11.950000 66.098740 -198.530106
v 7.950000 66.209297 -198.593948
v 8.449999 66.098740 -198.530106
v 8.950000 66.098740 -198.530106
v 9.450001 66.209297 -198.593948
v 9.700000 66.319855 -198.657776
v 12.574999 66.098740 -198.530106
v 12.700000 66.540970 -198.785431
v 12.949999 66.319855 -198.657776
v 13.200001 66.209297 -198.593948
v 13.699999 66.098740 -198.530106
v 14.449999 66.098740 -198.530106
v 14.950000 66.209297 -198.593948
v 15.325000 66.430412 -198.721603
v 15.825001 66.983192 -199.040756
v 15.949999 67.425423 -199.296066
v -17.500000 17.027540 -198.726181
v 17.500000 15.813143 -200.340134
v -17.500000 17.027540 -198.726181
v 17.500000 17.027540 -198.726181
v -17.500000 65.589119 -201.699982
v -17.500000 27.729214 -196.699997
v -17.500000 17.027540 -198.726181
v -17.500000 17.306581 -201.699997
v -17.500000 15.813143 -200.340134
v -17.500000 15.813143 -200.340134
v 17.500000 15.813143 -200.340134
v -17.500000 51.330791 -196.699982
v -17.500000 60.928867 -190.414185
v 17.500000 72.928871 -189.999985
v 17.500000 63.116535 -189.999985
v -17.500000 63.116535 -189.999985
v 17.500000 72.928871 -189.999985
v -17.500000 72.928871 -202.473480
v -17.500000 63.116535 -189.999985
v -17.500000 60.928867 -190.414185
v -17.500000 72.928871 -189.999985
v -17.500000 72.928871 -189.999985
v -17.500000 60.928867 -188.487106
v -17.500000 60.928867 -192.947205
v -17.500000 52.197983 -193.976059
v -17.500000 52.305202 -194.059586
v -17.500000 52.620571 -194.219894
v -17.500000 52.305202 -194.059586
v -17.500000 52.738815 -195.715683
v -17.500000 58.883652 -194.350952
v -17.500000 58.793922 -194.306198
v -17.500000 72.928871 -202.473480
v -17.500000 60.284744 -194.179062
v -17.500000 58.883652 -194.350952
v -17.500000 64.735733 -188.121902
v -17.500000 60.928867 -188.487106
v -17.500000 25.289692 -185.345764
v -17.500000 31.912884 -183.646423
v 12.574999 71.294891 -201.530106
v 15.325000 69.304878 -200.381180
v 15.700000 68.973213 -200.189682
v 15.825001 68.752098 -200.062027
v -17.500000 72.928871 -189.999985
v -15.800000 69.636551 -200.572662
v -15.800000 70.742111 -201.210968
v -15.800000 71.294891 -201.530106
v -15.175000 71.294891 -201.530106
v -14.175000 71.294891 -201.530106
v -11.175000 71.294891 -201.530106
v -10.550000 71.184334 -201.466278
v -3.425000 69.636551 -200.572662
v -1.675000 69.636551 -200.572662
v -1.175000 69.636551 -200.572662
v 1.075000 69.525993 -200.508835
v -2.175000 69.525993 -200.508835
v -2.800000 69.636551 -200.572662
v 3.075000 71.294891 -201.530106
v 4.200000 71.294891 -201.530106
v 11.950000 71.294891 -201.530106
v 2.450000 71.184334 -201.466278
v 1.950000 70.963226 -201.338623
v 1.450000 70.520996 -201.083298
v 1.200000 70.078773 -200.827988
v -96.000000 72.928871 -202.699982
v 96.000000 72.928871 -202.699982
v 17.500000 68.558861 -187.999985
v 17.500000 72.928871 -171.999985
v 17.500000 72.928871 -187.999985
v 17.500000 64.156738 -171.999985
v 22.500000 70.028870 -171.999985
v 21.369606 69.560776 -171.999985
v 20.900551 68.428871 -171.999985
v 17.500000 68.558861 -187.999985
v 17.500000 72.928871 -187.999985
v -17.500000 72.928871 -187.999985
v -17.500000 64.156738 -171.999985
v -17.500000 72.928871 -187.999985
v -17.500000 72.928871 -171.999985
v -17.500000 68.558861 -187.999985
v -21.369606 67.296959 -171.999985
v -22.500000 66.828865 -171.999985
v -22.500000 66.828865 -176.999985
v -22.500000 66.828865 -171.999985
v -21.369606 67.296959 -171.999985
v -23.631371 67.297501 -176.999985
v -23.630394 67.296959 -171.999985
v -22.500000 66.828865 -171.999985
v -22.500000 66.828865 -176.999985
v -20.900551 68.428871 -171.999985
v -21.368629 67.297501 -176.999985
v -20.900551 68.428871 -171.999985
v -20.900000 68.428871 -176.999985
v -21.369606 69.560776 -171.999985
v -21.368629 69.560242 -176.999985
v -22.500000 70.028870 -171.999985
v -22.500000 70.028870 -176.999985
v -22.500000 70.028870 -171.999985
v -23.630394 69.560776 -171.999985
v -22.500000 70.028870 -176.999985
v -23.631371 69.560242 -176.999985
v -24.099449 68.428871 -171.999985
v -24.100000 68.428871 -176.999985
v -29.500000 70.428871 -171.999985
v -29.500000 66.428871 -171.999985
v -28.689985 66.257500 -199.104416
v -29.500000 66.428871 -171.999985
v -54.378986 70.428871 -171.999985
v -54.378986 66.428871 -171.999985
v -33.000000 66.428871 -176.499985
v -29.500000 66.428871 -171.999985
v -54.378986 66.428871 -171.999985
v -31.939341 66.428871 -176.939331
v -31.500000 66.428871 -177.999985
v -29.500000 66.428871 -198.699982
v -29.500000 66.428871 -198.699982
v -57.358154 70.428871 -172.454468
v -54.378986 66.428871 -171.999985
v -54.378986 70.428871 -171.999985
v -57.358154 66.428871 -172.454468
v -53.317455 66.428871 -177.494568
v -51.905724 66.428871 -176.499985
v -57.358154 66.428871 -172.454468
v -51.905724 70.428871 -176.499985
v -54.378986 70.428871 -171.999985
v -29.500000 70.428871 -171.999985
v -53.317455 70.428871 -177.494568
v -59.070164 70.428871 -179.880096
v -57.358154 70.428871 -172.454468
v -29.500000 70.428871 -198.699982
v -29.500000 70.428871 -171.999985
v -33.000000 70.428871 -176.499985
v -31.939341 70.428871 -176.939331
v -31.500000 70.428871 -177.999985
v -31.500000 70.428871 -193.527008
v -29.500000 70.428871 -198.699982
v -28.689974 70.600250 -199.104385
v -28.400192 70.758415 -199.249985
v 17.500000 68.558861 -187.999985
v -17.500000 68.558861 -187.999985
v 22.500000 66.828865 -176.999985
v 22.500000 66.828865 -171.999985
v 23.630394 67.296959 -171.999985
v 21.368629 67.297501 -176.999985
v 21.369606 67.296959 -171.999985
v 22.500000 66.828865 -171.999985
v 22.500000 66.828865 -176.999985
v 23.631371 67.297501 -176.999985
v 24.099449 68.428871 -171.999985
v 24.100000 68.428871 -176.999985
v 23.630394 69.560776 -171.999985
v 23.631371 69.560242 -176.999985
v 22.500000 70.028870 -171.999985
v 22.500000 70.028870 -176.999985
v 22.500000 70.028870 -171.999985
v 21.369606 69.560776 -171.999985
v 22.500000 70.028870 -176.999985
v 21.368629 69.560242 -176.999985
v 20.900551 68.428871 -171.999985
v 20.900000 68.428871 -176.999985
v 29.500000 66.428871 -171.999985
v 29.500000 70.428871 -171.999985
v 28.690107 70.600189 -199.104340
v 29.500000 70.428871 -171.999985
v 54.378986 66.428871 -171.999985
v 54.378986 70.428871 -171.999985
v 33.000000 70.428871 -176.499985
v 29.500000 70.428871 -171.999985
v 54.378986 70.428871 -171.999985
v 31.939341 70.428871 -176.939331
v 31.500000 70.428871 -177.999985
v 29.500000 70.428871 -198.699982
v 29.500000 70.428871 -198.699982
v 57.358154 66.428871 -172.454468
v 54.378986 70.428871 -171.999985
v 54.378986 66.428871 -171.999985
v 51.905724 70.428871 -176.499985
v 53.317455 70.428871 -177.494568
v 57.358154 70.428871 -172.454468
v 57.358154 70.428871 -172.454468
v 51.905724 66.428871 -176.499985
v 54.378986 66.428871 -171.999985
v 29.500000 66.428871 -171.999985
v 53.317455 66.428871 -177.494568
v 59.070164 66.428871 -179.880096
v 57.358154 66.428871 -172.454468
v 29.500000 66.428871 -198.699982
v 29.500000 66.428871 -171.999985
v 31.939341 66.428871 -176.939331
v 33.000000 66.428871 -176.499985
v 31.500000 66.428871 -177.999985
v 31.500000 66.428871 -193.527008
v 29.500000 66.428871 -198.699982
v 28.689974 66.257492 -199.104385
v 28.400192 66.099327 -199.249985
v -17.500000 -17.701118 -202.199997
v -17.500000 -125.071129 -200.700012
v -17.500000 -125.071129 -202.200012
v -17.500000 -50.071133 -190.700012
v -27.829481 -123.135338 -200.441910
v -28.094578 -124.427147 -200.614151
v -27.955967 -123.864113 -200.539078
v 17.500000 -125.071129 -202.200012
v 17.500000 -17.701118 -202.199997
v -17.500000 -125.071129 -202.200012
v 17.500000 -125.071129 -202.200012
v -17.500000 -17.701118 -202.199997
v 17.500000 -50.071133 -190.700012
v 17.500000 -125.071129 -202.200012
v 17.500000 -125.071129 -200.700012
v 17.500000 -17.701118 -202.199997
v 27.611490 -121.012741 -200.158890
v 27.713451 -122.202644 -200.317551
v 27.829542 -123.135750 -200.441971
v 27.956003 -123.864296 -200.539108
v 28.094570 -124.427124 -200.614151
v 96.000000 -125.071129 -202.700012
v -96.000000 -125.071129 -202.700012
v -22.500000 -27.671129 -195.699997
v -22.500000 -27.671131 -190.699997
v -21.369606 -27.203041 -190.699997
v -38.665516 -28.571131 -190.699997
v -23.630394 -27.203041 -190.699997
v -23.631371 -27.202501 -195.699997
v -23.630394 -27.203041 -190.699997
v -22.500000 -27.671131 -190.699997
v -29.500000 -28.571131 -190.699997
v -22.500000 -27.671129 -195.699997
v -21.368629 -27.202501 -195.699997
v -20.900551 -26.071131 -190.699997
v -21.369606 -24.939222 -190.699997
v -20.900000 -26.071129 -195.699997
v -21.369606 -24.939222 -190.699997
v -22.500000 -24.471132 -190.699997
v -21.368629 -24.939758 -195.699997
v -22.500000 -24.471132 -190.699997
v -23.630394 -24.939222 -190.699997
v -22.500000 -24.471130 -195.699997
v -22.500000 -24.471132 -190.699997
v -23.630394 -24.939222 -190.699997
v -29.500000 -23.571131 -190.699997
v -22.500000 -24.471130 -195.699997
v -24.099449 -26.071131 -190.699997
v -23.631371 -24.939758 -195.699997
v -24.099449 -26.071131 -190.699997
v -24.100000 -26.071129 -195.699997
v -28.689985 -28.742502 -199.104431
v -29.500000 -28.571131 -190.699997
v -29.500000 -28.571129 -198.699997
v -29.500000 -28.571131 -190.699997
v -38.665516 -28.571131 -190.699997
v -29.500000 -28.571129 -198.699997
v -38.665516 -23.571131 -190.699997
v -39.497108 -23.571131 -190.734634
v -38.665516 -28.571131 -190.699997
v -38.665516 -23.571131 -190.699997
v -39.497108 -28.571131 -190.734634
v -39.497108 -28.571131 -190.734634
v -87.099998 -23.571129 -198.699997
v -38.665516 -23.571131 -190.699997
v -29.500000 -23.571131 -190.699997
v -39.497108 -23.571131 -190.734634
v -29.500000 -23.571129 -198.699997
v -29.500000 -23.571131 -190.699997
v -29.500000 -23.571129 -198.699997
v -28.689974 -23.399750 -199.104401
v -28.400192 -23.241585 -199.250000
v -27.713390 -122.202057 -200.317474
v -27.611446 -121.012085 -200.158813
v -17.500000 -17.701118 -202.199997
v 17.500000 -17.701118 -202.199997
v 17.500000 -13.299002 -190.699997
v 38.665516 -23.571131 -190.699997
v 23.630394 -27.203041 -190.699997
v 22.500000 -27.671131 -190.699997
v 22.500000 -27.671129 -195.699997
v 22.500000 -27.671131 -190.699997
v 23.630394 -27.203041 -190.699997
v 21.369606 -27.203041 -190.699997
v 21.368629 -27.202501 -195.699997
v 21.369606 -27.203041 -190.699997
v 22.500000 -27.671131 -190.699997
v 29.500000 -28.571131 -190.699997
v 22.500000 -27.671129 -195.699997
v 24.099449 -26.071131 -190.699997
v 23.631371 -27.202501 -195.699997
v 24.099449 -26.071131 -190.699997
v 23.630394 -24.939222 -190.699997
v 24.100000 -26.071129 -195.699997
v 23.630394 -24.939222 -190.699997
v 23.631371 -24.939758 -195.699997
v 22.500000 -24.471132 -190.699997
v 22.500000 -24.471130 -195.699997
v 22.500000 -24.471132 -190.699997
v 21.369606 -24.939222 -190.699997
v 29.500000 -23.571131 -190.699997
v 22.500000 -24.471130 -195.699997
v 20.900551 -26.071131 -190.699997
v 21.368629 -24.939758 -195.699997
v 20.900551 -26.071131 -190.699997
v 20.900000 -26.071129 -195.699997
v 38.665516 -28.571131 -190.699997
v 87.099998 -28.571129 -198.699997
v 38.665516 -28.571131 -190.699997
v 29.500000 -28.571131 -190.699997
v 39.497108 -28.571131 -190.734634
v 38.665516 -23.571131 -190.699997
v 38.665516 -28.571131 -190.699997
v 39.497108 -28.571131 -190.734634
v 29.500000 -28.571129 -198.699997
v 29.500000 -28.571131 -190.699997
v 29.500000 -28.571129 -198.699997
v 28.691126 -28.741997 -199.104294
v 28.400454 -28.900501 -199.249527
v 28.689985 -23.399757 -199.104431
v 29.500000 -23.571131 -190.699997
v 29.500000 -23.571129 -198.699997
v 29.500000 -23.571131 -190.699997
v 38.665516 -23.571131 -190.699997
v 29.500000 -23.571129 -198.699997
v 39.497108 -23.571131 -190.734634
v 39.497108 -23.571131 -190.734634
v 22.500000 71.678871 -176.999985
v 22.500000 70.028870 -176.999985
v 21.368629 69.560242 -176.999985
v 24.796114 70.728058 -176.999985
v 23.631371 69.560242 -176.999985
v 20.203886 70.728058 -176.999985
v 20.900000 68.428871 -176.999985
v 20.203886 66.129677 -176.999985
v 21.368629 67.297501 -176.999985
v 22.500000 66.828865 -176.999985
v 22.500000 65.178871 -176.999985
v 23.631371 67.297501 -176.999985
v 24.796114 66.129677 -176.999985
v 22.500000 65.178871 -202.699982
v 22.500000 65.178871 -176.999985
v 24.796114 66.129677 -176.999985
v 20.202423 66.131294 -202.699982
v 20.203886 66.129677 -176.999985
v 22.500000 65.178871 -176.999985
v 22.500000 65.178871 -202.699982
v 25.748880 68.428871 -176.999985
v 24.797577 66.131294 -202.699982
v 25.748880 68.428871 -176.999985
v 24.100000 68.428871 -176.999985
v 25.750000 68.428871 -202.699982
v 24.796114 70.728058 -176.999985
v 24.797577 70.726448 -202.699982
v 22.500000 71.678871 -176.999985
v 22.500000 71.678871 -202.699982
v 22.500000 71.678871 -176.999985
v 20.203886 70.728058 -176.999985
v 22.500000 71.678871 -202.699982
v 19.251120 68.428871 -176.999985
v 20.202423 70.726448 -202.699982
v 19.251120 68.428871 -176.999985
v 19.250000 68.428871 -202.699982
v -20.202423 66.131294 -202.699982
v 20.202423 66.131294 -202.699982
v 22.500000 65.178871 -202.699982
v 24.797577 66.131294 -202.699982
v -22.500000 71.678871 -202.699982
v 20.202423 70.726448 -202.699982
v -20.202423 70.726448 -202.699982
v 19.250000 68.428871 -202.699982
v -19.250000 68.428871 -202.699982
v -22.500000 71.678871 -176.999985
v -22.500000 70.028870 -176.999985
v -23.631371 69.560242 -176.999985
v -20.203886 70.728058 -176.999985
v -21.368629 69.560242 -176.999985
v -24.796114 70.728058 -176.999985
v -24.100000 68.428871 -176.999985
v -24.796114 66.129677 -176.999985
v -23.631371 67.297501 -176.999985
v -22.500000 66.828865 -176.999985
v -22.500000 65.178871 -176.999985
v -21.368629 67.297501 -176.999985
v -20.203886 66.129677 -176.999985
v -22.500000 65.178871 -202.699982
v -22.500000 65.178871 -176.999985
v -20.203886 66.129677 -176.999985
v -24.797577 66.131294 -202.699982
v -24.796114 66.129677 -176.999985
v -22.500000 65.178871 -176.999985
v -22.500000 65.178871 -202.699982
v -19.251120 68.428871 -176.999985
v -20.202423 66.131294 -202.699982
v -19.251120 68.428871 -176.999985
v -20.900000 68.428871 -176.999985
v -19.250000 68.428871 -202.699982
v -20.203886 70.728058 -176.999985
v -20.202423 70.726448 -202.699982
v -22.500000 71.678871 -176.999985
v -22.500000 71.678871 -202.699982
v -22.500000 71.678871 -176.999985
v -24.796114 70.728058 -176.999985
v -22.500000 71.678871 -202.699982
v -25.748880 68.428871 -176.999985
v -24.797577 70.726448 -202.699982
v -25.748880 68.428871 -176.999985
v -25.750000 68.428871 -202.699982
v 22.500000 -22.821129 -195.699997
v 22.500000 -24.471130 -195.699997
v 21.368629 -24.939758 -195.699997
v 24.796114 -23.771938 -195.699997
v 23.631371 -24.939758 -195.699997
v 20.203886 -23.771938 -195.699997
v 20.900000 -26.071129 -195.699997
v 20.203886 -28.370321 -195.699997
v 21.368629 -27.202501 -195.699997
v 22.500000 -27.671129 -195.699997
v 22.500000 -29.321129 -195.699997
v 23.631371 -27.202501 -195.699997
v 24.796114 -28.370321 -195.699997
v 22.500000 -29.321129 -202.699997
v 22.500000 -29.321129 -195.699997
v 24.796114 -28.370321 -195.699997
v 20.202423 -28.368706 -202.699997
v 20.203886 -28.370321 -195.699997
v 22.500000 -29.321129 -195.699997
v 22.500000 -29.321129 -202.699997
v 25.748880 -26.071129 -195.699997
v 24.797577 -28.368706 -202.699997
v 25.748880 -26.071129 -195.699997
v 24.100000 -26.071129 -195.699997
v 25.750000 -26.071129 -202.699997
v 24.796114 -23.771938 -195.699997
v 24.797577 -23.773552 -202.699997
v 22.500000 -22.821129 -195.699997
v 22.500000 -22.821129 -202.699997
v 22.500000 -22.821129 -195.699997
v 20.203886 -23.771938 -195.699997
v 22.500000 -22.821129 -202.699997
v 19.251120 -26.071129 -195.699997
v 20.202423 -23.773552 -202.699997
v 19.251120 -26.071129 -195.699997
v 19.250000 -26.071129 -202.699997
v -20.202423 -28.368706 -202.699997
v 20.202423 -28.368706 -202.699997
v 22.500000 -29.321129 -202.699997
v 24.797577 -28.368706 -202.699997
v -22.500000 -29.321129 -202.699997
v -22.500000 -22.821129 -202.699997
v 22.500000 -22.821129 -202.699997
v 20.202423 -23.773552 -202.699997
v 24.797577 -23.773552 -202.699997
v -6.000000 -20.071129 -202.699997
v 6.000000 -20.071129 -202.699997
v -20.202423 -23.773552 -202.699997
v 19.250000 -26.071129 -202.699997
v -19.250000 -26.071129 -202.699997
v 25.750000 -26.071129 -202.699997
v -22.500000 -22.821129 -195.699997
v -22.500000 -24.471130 -195.699997
v -23.631371 -24.939758 -195.699997
v -20.203886 -23.771938 -195.699997
v -21.368629 -24.939758 -195.699997
v -24.796114 -23.771938 -195.699997
v -24.100000 -26.071129 -195.699997
v -24.796114 -28.370321 -195.699997
v -23.631371 -27.202501 -195.699997
v -22.500000 -27.671129 -195.699997
v -22.500000 -29.321129 -195.699997
v -21.368629 -27.202501 -195.699997
v -20.203886 -28.370321 -195.699997
v -22.500000 -29.321129 -202.699997
v -22.500000 -29.321129 -195.699997
v -20.203886 -28.370321 -195.699997
v -24.797577 -28.368706 -202.699997
v -24.796114 -28.370321 -195.699997
v -22.500000 -29.321129 -195.699997
v -22.500000 -29.321129 -202.699997
v -19.251120 -26.071129 -195.699997
v -20.202423 -28.368706 -202.699997
v -19.251120 -26.071129 -195.699997
v -20.900000 -26.071129 -195.699997
v -19.250000 -26.071129 -202.699997
v -20.203886 -23.771938 -195.699997
v -20.202423 -23.773552 -202.699997
v -22.500000 -22.821129 -195.699997
v -22.500000 -22.821129 -202.699997
v -22.500000 -22.821129 -195.699997
v -24.796114 -23.771938 -195.699997
v -22.500000 -22.821129 -202.699997
v -25.748880 -26.071129 -195.699997
v -24.797577 -23.773552 -202.699997
v -25.748880 -26.071129 -195.699997
v -25.750000 -26.071129 -202.699997
v -24.797577 -28.368706 -202.699997
v -6.000000 -32.071129 -202.699997
v 6.000000 -32.071129 -202.699997
v -24.797577 -23.773552 -202.699997
v -25.750000 -26.071129 -202.699997
v 31.500000 70.428871 -193.527008
v 31.500000 66.428871 -193.527008
v 31.500000 70.428871 -193.527008
v 31.500000 70.428871 -177.999985
v 32.358913 70.428871 -194.883118
v 32.358913 66.428871 -194.883118
v 32.358913 70.428871 -194.883118
v 31.500000 70.428871 -193.527008
v 31.500000 66.428871 -193.527008
v 31.500000 66.428871 -177.999985
v 31.500000 70.428871 -177.999985
v 31.939341 70.428871 -176.939331
v 31.500000 66.428871 -177.999985
v 31.939341 66.428871 -176.939331
v 33.000000 70.428871 -176.499985
v 33.000000 66.428871 -176.499985
v 33.000000 70.428871 -176.499985
v 51.905724 70.428871 -176.499985
v 33.000000 66.428871 -176.499985
v 51.905724 66.428871 -176.499985
v 51.905724 70.428871 -176.499985
v 53.317455 70.428871 -177.494568
v 51.905724 66.428871 -176.499985
v 52.857735 70.428871 -179.159149
v 53.317455 66.428871 -177.494568
v 52.857735 70.428871 -179.159149
v 41.828060 70.428871 -194.040817
v 33.952011 70.428871 -194.686172
v 52.857735 66.428871 -179.159149
v 52.857735 70.428871 -179.159149
v 33.952011 70.428871 -194.686172
v 59.070164 70.428871 -179.880096
v 52.857735 66.428871 -179.159149
v 33.952011 66.428871 -194.686172
v 33.952011 70.428871 -194.686172
v 41.368343 70.428871 -195.705399
v 33.952011 66.428871 -194.686172
v -41.828060 70.428871 -194.040817
v -52.857735 70.428871 -179.159149
v -33.952011 70.428871 -194.686172
v -33.952011 66.428871 -194.686172
v -33.952011 70.428871 -194.686172
v -52.857735 70.428871 -179.159149
v -42.780071 70.428871 -196.699982
v -32.358913 70.428871 -194.883118
v -32.358913 66.428871 -194.883118
v -32.358913 70.428871 -194.883118
v -33.952011 70.428871 -194.686172
v -41.368343 70.428871 -195.705399
v -33.952011 66.428871 -194.686172
v -52.857735 66.428871 -179.159149
v -52.857735 70.428871 -179.159149
v -53.317455 70.428871 -177.494568
v -52.857735 66.428871 -179.159149
v -53.317455 66.428871 -177.494568
v -51.905724 70.428871 -176.499985
v -51.905724 66.428871 -176.499985
v -51.905724 70.428871 -176.499985
v -33.000000 70.428871 -176.499985
v -51.905724 66.428871 -176.499985
v -33.000000 66.428871 -176.499985
v -33.000000 70.428871 -176.499985
v -31.939341 70.428871 -176.939331
v -33.000000 66.428871 -176.499985
v -31.939341 66.428871 -176.939331
v -31.500000 70.428871 -177.999985
v -31.500000 66.428871 -177.999985
v -31.500000 70.428871 -177.999985
v -31.500000 70.428871 -193.527008
v -31.500000 66.428871 -177.999985
v -31.500000 66.428871 -193.527008
v -31.500000 70.428871 -193.527008
v -31.500000 66.428871 -193.527008
v -60.066963 70.428871 -173.775208
v -60.875374 70.428871 -179.805557
v -81.351669 70.428871 -193.966263
v -81.351669 66.428871 -193.966263
v -81.351669 70.428871 -193.966263
v -60.875374 70.428871 -179.805557
v -96.108017 70.428871 -198.699982
v -81.929779 70.428871 -195.646698
v -81.929779 66.428871 -195.646698
v -81.929779 70.428871 -195.646698
v -81.351669 70.428871 -193.966263
v -81.351669 66.428871 -193.966263
v -59.960285 70.428871 -179.540543
v -60.875374 66.428871 -179.805557
v -60.875374 70.428871 -179.805557
v -59.960285 70.428871 -179.540543
v -60.875374 66.428871 -179.805557
v -59.960285 66.428871 -179.540543
v -59.070164 70.428871 -179.880096
v -59.070164 66.428871 -179.880096
v -59.070164 70.428871 -179.880096
v -41.828060 70.428871 -194.040817
v -59.070164 66.428871 -179.880096
v -41.828060 66.428871 -194.040817
v -41.828060 70.428871 -194.040817
v -41.368343 70.428871 -195.705399
v -41.828060 66.428871 -194.040817
v -41.368343 66.428871 -195.705399
v -42.780071 70.428871 -196.699982
v -80.498474 70.428871 -196.699982
v -42.780071 66.428871 -196.699982
v -42.780071 70.428871 -196.699982
v -80.498474 70.428871 -196.699982
v -42.780071 66.428871 -196.699982
v -80.498474 66.428871 -196.699982
v -80.498474 70.428871 -196.699982
v -80.498474 66.428871 -196.699982
v 41.828060 66.428871 -194.040817
v 41.828060 70.428871 -194.040817
v 59.070164 70.428871 -179.880096
v 41.368343 66.428871 -195.705399
v 41.368343 70.428871 -195.705399
v 41.828060 70.428871 -194.040817
v 41.828060 66.428871 -194.040817
v 60.066963 70.428871 -173.775208
v 59.960285 70.428871 -179.540543
v 59.070164 66.428871 -179.880096
v 59.070164 70.428871 -179.880096
v 59.960285 70.428871 -179.540543
v 59.070164 66.428871 -179.880096
v 60.875374 70.428871 -179.805557
v 59.960285 66.428871 -179.540543
v 60.875374 70.428871 -179.805557
v 96.108017 70.428871 -198.699982
v 81.351669 70.428871 -193.966263
v 60.875374 66.428871 -179.805557
v 60.875374 70.428871 -179.805557
v 81.351669 70.428871 -193.966263
v 60.875374 66.428871 -179.805557
v 81.929779 70.428871 -195.646698
v 81.351669 66.428871 -193.966263
v 81.351669 70.428871 -193.966263
v 81.929779 70.428871 -195.646698
v 81.351669 66.428871 -193.966263
v 80.498474 70.428871 -196.699982
v 81.929779 66.428871 -195.646698
v 80.498474 70.428871 -196.699982
v 42.780071 70.428871 -196.699982
v 80.498474 66.428871 -196.699982
v 80.498474 70.428871 -196.699982
v 42.780071 70.428871 -196.699982
v 80.498474 66.428871 -196.699982
v 42.780071 66.428871 -196.699982
v 42.780071 70.428871 -196.699982
v 42.780071 66.428871 -196.699982
v 96.108017 66.428871 -198.699982
v 96.108017 70.428871 -198.699982
v 60.066963 70.428871 -173.775208
v 97.580193 70.707268 -199.718094
v 29.500000 70.428871 -198.699982
v 96.108017 70.428871 -198.699982
v 97.580193 70.707268 -199.718094
v 60.066963 66.428871 -173.775208
v 60.066963 70.428871 -173.775208
v 60.066963 66.428871 -173.775208
v 29.095667 70.600189 -199.509888
v 29.095667 70.600189 -199.509888
v 28.690107 70.600189 -199.104340
v 29.500000 70.428871 -198.699982
v -29.095568 70.600243 -199.509995
v -96.108017 70.428871 -198.699982
v -29.500000 70.428871 -198.699982
v -29.095568 70.600243 -199.509995
v -29.500000 70.428871 -198.699982
v -28.689974 70.600250 -199.104385
v -60.066963 70.428871 -173.775208
v -60.066963 66.428871 -173.775208
v -60.066963 70.428871 -173.775208
v -96.108017 70.428871 -198.699982
v -60.066963 66.428871 -173.775208
v -96.108017 66.428871 -198.699982
v -97.580193 70.707268 -199.718094
v -97.580193 70.707268 -199.718094
v 32.358913 66.428871 -194.883118
v 42.780071 66.428871 -196.699982
v 33.952011 66.428871 -194.686172
v 41.828060 66.428871 -194.040817
v 52.857735 66.428871 -179.159149
v 41.368343 66.428871 -195.705399
v -52.857735 66.428871 -179.159149
v -41.828060 66.428871 -194.040817
v -33.952011 66.428871 -194.686172
v -59.070164 66.428871 -179.880096
v -32.358913 66.428871 -194.883118
v -41.368343 66.428871 -195.705399
v -31.500000 66.428871 -193.527008
v -60.066963 66.428871 -173.775208
v -59.960285 66.428871 -179.540543
v -60.875374 66.428871 -179.805557
v -96.108017 66.428871 -198.699982
v -81.351669 66.428871 -193.966263
v -81.929779 66.428871 -195.646698
v -80.498474 66.428871 -196.699982
v -42.780071 66.428871 -196.699982
v 60.066963 66.428871 -173.775208
v 59.960285 66.428871 -179.540543
v 60.875374 66.428871 -179.805557
v 81.351669 66.428871 -193.966263
v 96.108017 66.428871 -198.699982
v 80.498474 66.428871 -196.699982
v 81.929779 66.428871 -195.646698
v 29.095568 66.257500 -199.509995
v 96.108017 66.428871 -198.699982
v 29.500000 66.428871 -198.699982
v 28.689974 66.257492 -199.104385
v 29.095568 66.257500 -199.509995
v 29.500000 66.428871 -198.699982
v -29.500000 66.428871 -198.699982
v -96.108017 66.428871 -198.699982
v -29.095598 66.257492 -199.510010
v -29.095598 66.257492 -199.510010
v -28.689985 66.257500 -199.104416
v -29.500000 66.428871 -198.699982
v -98.603951 71.418640 -200.426086
v -28.950005 66.099327 -199.799789
v 28.949984 70.758430 -199.799820
v 98.603951 71.418640 -200.426086
v 98.603951 71.418640 -200.426086
v -29.095568 -23.399757 -199.510010
v -87.099998 -23.571129 -198.699997
v -29.500000 -23.571129 -198.699997
v -29.095568 -23.399757 -199.510010
v -29.500000 -23.571129 -198.699997
v -28.689974 -23.399750 -199.104401
v -40.322945 -23.571131 -190.838303
v -40.322945 -23.571131 -190.838303
v -40.322945 -28.571131 -190.838303
v -40.322945 -23.571131 -190.838303
v -87.099998 -23.571129 -198.699997
v -40.322945 -28.571131 -190.838303
v -87.099998 -28.571129 -198.699997
v -90.415039 -23.491995 -199.257156
v -90.415039 -23.491995 -199.257156
v 40.322945 -23.571131 -190.838303
v 87.099998 -23.571129 -198.699997
v 90.415039 -23.491995 -199.257156
v 29.500000 -23.571129 -198.699997
v 87.099998 -23.571129 -198.699997
v 29.095598 -23.399750 -199.510025
v 28.689985 -23.399757 -199.104431
v 29.500000 -23.571129 -198.699997
v 29.095598 -23.399750 -199.510025
v 87.099998 -28.571129 -198.699997
v 87.099998 -23.571129 -198.699997
v 40.322945 -23.571131 -190.838303
v 90.415039 -28.650263 -199.257156
v 90.415039 -23.491995 -199.257156
v 40.322945 -28.571131 -190.838303
v 40.322945 -23.571131 -190.838303
v 40.322945 -28.571131 -190.838303
v -40.322945 -28.571131 -190.838303
v -87.099998 -28.571129 -198.699997
v -90.415039 -28.650263 -199.257156
v -29.500000 -28.571129 -198.699997
v -87.099998 -28.571129 -198.699997
v -29.095598 -28.742508 -199.510025
v -29.095598 -28.742508 -199.510025
v -28.689985 -28.742502 -199.104431
v -29.500000 -28.571129 -198.699997
v -90.415039 -28.650263 -199.257156
v 29.095657 -28.741989 -199.508850
v 87.099998 -28.571129 -198.699997
v 29.500000 -28.571129 -198.699997
v 29.095657 -28.741989 -199.508850
v 29.500000 -28.571129 -198.699997
v 28.691126 -28.741997 -199.104294
v 40.322945 -28.571131 -190.838303
v 90.415039 -28.650263 -199.257156
v -92.992622 -23.308735 -199.690353
v -92.992622 -28.833523 -199.690353
v -92.992622 -28.833523 -199.690353
v -94.994278 -23.067696 -200.026764
v -94.994278 -29.074562 -200.026764
v -28.950005 -28.900673 -199.799805
v -94.994278 -29.074562 -200.026764
v -96.540794 -22.788681 -200.286682
v -96.540794 -29.353579 -200.286682
v -96.540794 -29.353579 -200.286682
v -97.719208 -22.473766 -200.484741
v -97.719208 -29.668493 -200.484741
v -97.719208 -29.668493 -200.484741
v -94.994278 -23.067696 -200.026764
v -92.992622 -23.308735 -199.690353
v 97.719208 -22.473766 -200.484741
v 97.719208 -29.668493 -200.484741
v 96.540794 -22.788681 -200.286682
v 96.540794 -29.353579 -200.286682
v 94.994278 -23.067696 -200.026764
v 94.994278 -29.074562 -200.026764
v 94.994278 -29.074562 -200.026764
v 92.992622 -23.308735 -199.690353
v 92.992622 -28.833523 -199.690353
v 92.992622 -28.833523 -199.690353
v 92.992622 -23.308735 -199.690353
v 28.950005 -23.241585 -199.799805
v 94.994278 -23.067696 -200.026764
v 96.540794 -22.788681 -200.286682
v 97.719208 -22.473766 -200.484741
v -17.500000 52.931915 -194.392349
v -17.500000 65.589119 -201.699982
v 17.500000 65.589119 -201.699982
v -17.500000 17.306581 -201.699997
v 17.500000 65.589119 -201.699982
v -17.500000 65.589119 -201.699982
v 17.500000 52.931915 -194.392349
v 17.500000 52.931915 -194.392349
v 17.500000 65.589119 -201.699982
v 17.500000 17.306581 -201.699997
v -17.500000 52.931915 -194.392349
v -17.500000 52.931915 -194.392349
v 17.500000 52.931915 -194.392349
v -17.500000 25.164701 -186.762573
v -17.500000 22.598593 -194.207840
v -15.175000 69.636551 -200.572662
v -15.175000 65.598740 -199.396133
v -15.175000 66.098740 -198.530106
v -15.175000 69.636551 -200.572662
v -15.175000 65.598740 -199.396133
v -15.800000 66.098740 -198.530106
v -15.175000 66.098740 -198.530106
v -15.800000 69.136551 -201.438690
v -15.175000 69.636551 -200.572662
v -15.800000 69.636551 -200.572662
v -15.175000 70.742111 -201.210968
v -15.175000 69.136551 -201.438690
v -15.175000 69.136551 -201.438690
v -15.800000 69.136551 -201.438690
v -15.800000 69.636551 -200.572662
v -15.800000 66.098740 -198.530106
v -15.800000 65.598740 -199.396133
v -15.800000 65.598740 -199.396133
v -15.175000 70.794891 -202.396133
v -15.175000 70.742111 -201.210968
v -15.175000 71.294891 -201.530106
v -15.175000 70.242111 -202.076996
v -15.800000 70.742111 -201.210968
v -15.175000 70.742111 -201.210968
v -15.175000 70.242111 -202.076996
v -15.800000 70.794891 -202.396133
v -15.175000 71.294891 -201.530106
v -15.800000 71.294891 -201.530106
v -15.175000 70.794891 -202.396133
v -15.800000 70.242111 -202.076996
v -15.800000 71.294891 -201.530106
v -15.800000 70.742111 -201.210968
v -15.800000 70.794891 -202.396133
v -15.800000 70.242111 -202.076996
v -11.300000 68.420425 -199.870544
v -13.425000 68.420425 -199.870544
v -13.425000 67.920425 -200.736557
v -13.425000 68.420425 -199.870544
v -11.300000 68.420425 -199.870544
v -13.425000 65.598740 -199.396133
v -13.425000 66.098740 -198.530106
v -13.425000 68.420425 -199.870544
v -13.425000 67.920425 -200.736557
v -11.300000 67.920425 -200.736557
v -11.300000 68.420425 -199.870544
v -10.300000 66.098740 -198.530106
v -11.300000 67.920425 -200.736557
v -9.425000 65.598740 -199.396133
v -10.300000 66.098740 -198.530106
v -9.425000 66.098740 -198.530106
v -10.300000 65.598740 -199.396133
v -10.300000 65.598740 -199.396133
v -10.050000 68.862656 -200.125854
v -10.550000 68.641541 -199.998199
v -9.425000 65.598740 -199.396133
v -9.425000 66.098740 -198.530106
v -10.550000 68.641541 -199.998199
v -9.675000 69.304878 -200.381180
v -9.550000 69.636551 -200.572662
v -9.550000 70.078773 -200.827988
v -8.425000 67.646530 -199.423721
v -8.175000 66.872635 -198.976913
v -7.925000 66.540970 -198.785431
v -7.675000 66.319855 -198.657776
v -10.050000 68.362656 -200.991882
v -10.550000 68.641541 -199.998199
v -10.050000 68.862656 -200.125854
v -10.550000 68.141541 -200.864227
v -10.550000 68.141541 -200.864227
v -9.675000 68.804878 -201.247208
v -10.050000 68.862656 -200.125854
v -9.675000 69.304878 -200.381180
v -10.050000 68.362656 -200.991882
v -9.550000 69.136551 -201.438690
v -9.675000 69.304878 -200.381180
v -9.550000 69.636551 -200.572662
v -9.675000 68.804878 -201.247208
v -9.550000 69.578773 -201.694016
v -9.550000 69.636551 -200.572662
v -9.550000 70.078773 -200.827988
v -9.550000 69.136551 -201.438690
v -9.675000 70.410446 -201.019470
v -9.675000 69.910446 -201.885498
v -9.550000 70.078773 -200.827988
v -9.675000 70.410446 -201.019470
v -9.550000 69.578773 -201.694016
v -8.175000 68.862656 -200.125854
v -10.050000 70.852669 -201.274796
v -10.050000 70.352669 -202.140823
v -9.675000 70.410446 -201.019470
v -10.050000 70.852669 -201.274796
v -8.300000 68.530983 -199.934372
v -8.425000 68.088760 -199.679047
v -9.675000 69.910446 -201.885498
v -7.675000 69.415436 -200.445007
v -10.550000 70.684334 -202.332306
v -10.050000 70.852669 -201.274796
v -10.550000 71.184334 -201.466278
v -7.925000 69.194321 -200.317352
v -10.050000 70.352669 -202.140823
v -11.175000 70.794891 -202.396133
v -10.550000 71.184334 -201.466278
v -11.175000 71.294891 -201.530106
v -5.925000 69.636551 -200.572662
v -5.425000 69.525993 -200.508835
v -6.925000 69.636551 -200.572662
v -7.425000 69.525993 -200.508835
v -10.550000 70.684334 -202.332306
v -11.175000 70.794891 -202.396133
v -11.175000 71.294891 -201.530106
v -14.175000 71.294891 -201.530106
v -14.175000 70.794891 -202.396133
v -14.175000 71.294891 -201.530106
v -14.175000 66.098740 -198.530106
v -14.175000 70.794891 -202.396133
v -13.425000 65.598740 -199.396133
v -14.175000 66.098740 -198.530106
v -13.425000 66.098740 -198.530106
v -14.175000 65.598740 -199.396133
v -14.175000 65.598740 -199.396133
v -13.425000 70.742111 -201.210968
v -13.425000 69.083763 -200.253510
v -11.050000 69.083763 -200.253510
v -11.050000 68.583763 -201.119537
v -11.050000 69.083763 -200.253510
v -13.425000 69.083763 -200.253510
v -11.050000 70.742111 -201.210968
v -10.675000 69.194321 -200.317352
v -11.050000 68.583763 -201.119537
v -10.675000 69.194321 -200.317352
v -11.050000 69.083763 -200.253510
v -13.425000 68.583763 -201.119537
v -13.425000 69.083763 -200.253510
v -13.425000 70.742111 -201.210968
v -13.425000 68.583763 -201.119537
v -13.425000 70.242111 -202.076996
v -13.425000 70.742111 -201.210968
v -11.050000 70.742111 -201.210968
v -13.425000 70.242111 -202.076996
v -10.675000 70.631554 -201.147125
v -10.675000 70.131554 -202.013153
v -11.050000 70.742111 -201.210968
v -10.675000 70.631554 -201.147125
v -11.050000 70.242111 -202.076996
v -11.050000 70.242111 -202.076996
v -10.425000 69.415436 -200.445007
v -10.425000 70.410446 -201.019470
v -10.425000 69.910446 -201.885498
v -10.675000 70.631554 -201.147125
v -10.425000 70.410446 -201.019470
v -10.675000 70.131554 -202.013153
v -10.300000 69.747101 -200.636490
v -10.300000 70.078773 -200.827988
v -10.300000 69.578773 -201.694016
v -10.425000 70.410446 -201.019470
v -10.300000 70.078773 -200.827988
v -10.425000 69.910446 -201.885498
v -10.300000 69.247101 -201.502518
v -10.300000 70.078773 -200.827988
v -10.300000 69.747101 -200.636490
v -10.300000 69.578773 -201.694016
v -10.425000 68.915436 -201.311035
v -10.300000 69.747101 -200.636490
v -10.425000 69.415436 -200.445007
v -10.300000 69.247101 -201.502518
v -10.675000 68.694321 -201.183365
v -10.425000 69.415436 -200.445007
v -10.675000 69.194321 -200.317352
v -10.425000 68.915436 -201.311035
v -10.675000 68.694321 -201.183365
v -6.925000 65.598740 -199.396133
v -6.925000 66.098740 -198.530106
v -5.925000 66.098740 -198.530106
v -6.925000 65.598740 -199.396133
v -7.425000 66.209297 -198.593948
v -6.925000 66.098740 -198.530106
v -5.425000 65.709297 -199.459961
v -5.925000 66.098740 -198.530106
v -5.425000 66.209297 -198.593948
v -5.925000 65.598740 -199.396133
v -5.925000 65.598740 -199.396133
v -5.175000 65.819855 -199.523804
v -5.425000 66.209297 -198.593948
v -5.175000 66.319855 -198.657776
v -5.425000 65.709297 -199.459961
v -4.925000 66.040970 -199.651459
v -5.175000 66.319855 -198.657776
v -4.925000 66.540970 -198.785431
v -5.175000 65.819855 -199.523804
v -4.675000 66.872635 -198.976913
v -4.675000 66.372635 -199.842941
v -4.925000 66.540970 -198.785431
v -4.675000 66.872635 -198.976913
v -4.925000 66.040970 -199.651459
v -4.425000 67.646530 -199.423721
v -4.425000 67.146530 -200.289749
v -4.675000 66.872635 -198.976913
v -4.425000 67.646530 -199.423721
v -4.675000 66.372635 -199.842941
v -4.425000 68.088760 -199.679047
v -4.425000 67.588760 -200.545074
v -4.425000 67.646530 -199.423721
v -4.425000 68.088760 -199.679047
v -4.425000 67.146530 -200.289749
v -4.550000 68.530983 -199.934372
v -4.550000 68.030983 -200.800400
v -4.425000 68.088760 -199.679047
v -4.550000 68.530983 -199.934372
v -4.425000 67.588760 -200.545074
v -4.675000 68.862656 -200.125854
v -4.675000 68.362656 -200.991882
v -4.550000 68.530983 -199.934372
v -4.675000 68.862656 -200.125854
v -4.550000 68.030983 -200.800400
v -4.925000 69.194321 -200.317352
v -4.925000 68.694321 -201.183365
v -4.675000 68.862656 -200.125854
v -4.925000 69.194321 -200.317352
v -4.675000 68.362656 -200.991882
v -5.175000 69.415436 -200.445007
v -5.175000 68.915436 -201.311035
v -4.925000 69.194321 -200.317352
v -5.175000 69.415436 -200.445007
v -4.925000 68.694321 -201.183365
v -5.425000 69.025993 -201.374863
v -5.175000 69.415436 -200.445007
v -5.425000 69.525993 -200.508835
v -5.175000 68.915436 -201.311035
v -5.925000 69.136551 -201.438690
v -5.425000 69.525993 -200.508835
v -5.925000 69.636551 -200.572662
v -5.425000 69.025993 -201.374863
v -5.925000 69.136551 -201.438690
v -5.925000 69.636551 -200.572662
v -6.925000 69.636551 -200.572662
v -7.425000 69.025993 -201.374863
v -6.925000 69.636551 -200.572662
v -7.425000 69.525993 -200.508835
v -6.925000 69.136551 -201.438690
v -6.925000 69.136551 -201.438690
v -7.675000 68.915436 -201.311035
v -7.425000 69.525993 -200.508835
v -7.675000 69.415436 -200.445007
v -7.425000 69.025993 -201.374863
v -7.925000 68.694321 -201.183365
v -7.675000 69.415436 -200.445007
v -7.925000 69.194321 -200.317352
v -7.675000 68.915436 -201.311035
v -8.175000 68.362656 -200.991882
v -7.925000 69.194321 -200.317352
v -8.175000 68.862656 -200.125854
v -7.925000 68.694321 -201.183365
v -8.300000 68.030983 -200.800400
v -8.175000 68.862656 -200.125854
v -8.300000 68.530983 -199.934372
v -8.175000 68.362656 -200.991882
v -8.425000 67.588760 -200.545074
v -8.300000 68.530983 -199.934372
v -8.425000 68.088760 -199.679047
v -8.300000 68.030983 -200.800400
v -8.425000 67.146530 -200.289749
v -8.425000 68.088760 -199.679047
v -8.425000 67.646530 -199.423721
v -8.425000 67.588760 -200.545074
v -8.175000 66.372635 -199.842941
v -8.425000 67.646530 -199.423721
v -8.175000 66.872635 -198.976913
v -8.425000 67.146530 -200.289749
v -7.925000 66.040970 -199.651459
v -8.175000 66.872635 -198.976913
v -7.925000 66.540970 -198.785431
v -8.175000 66.372635 -199.842941
v -7.675000 65.819855 -199.523804
v -7.925000 66.540970 -198.785431
v -7.675000 66.319855 -198.657776
v -7.925000 66.040970 -199.651459
v -7.425000 65.709297 -199.459961
v -7.675000 66.319855 -198.657776
v -7.425000 66.209297 -198.593948
v -7.675000 65.819855 -199.523804
v -7.425000 65.709297 -199.459961
v -7.175000 69.083763 -200.253510
v -7.175000 66.651520 -198.849258
v -6.675000 66.540970 -198.785431
v -7.175000 66.151520 -199.715286
v -6.675000 66.540970 -198.785431
v -7.175000 66.651520 -198.849258
v -6.675000 69.194321 -200.317352
v -6.175000 66.540970 -198.785431
v -6.675000 66.040970 -199.651459
v -6.175000 66.540970 -198.785431
v -6.675000 66.540970 -198.785431
v -6.675000 66.040970 -199.651459
v -7.425000 68.862656 -200.125854
v -7.425000 66.872635 -198.976913
v -7.425000 66.372635 -199.842941
v -7.175000 66.651520 -198.849258
v -7.425000 66.872635 -198.976913
v -7.175000 66.151520 -199.715286
v -7.675000 68.530983 -199.934372
v -7.675000 67.204308 -199.168411
v -7.675000 66.704308 -200.034439
v -7.425000 66.872635 -198.976913
v -7.675000 67.204308 -199.168411
v -7.425000 66.372635 -199.842941
v -7.800000 68.088760 -199.679047
v -7.800000 67.646530 -199.423721
v -7.800000 67.146530 -200.289749
v -7.675000 67.204308 -199.168411
v -7.800000 67.646530 -199.423721
v -7.675000 66.704308 -200.034439
v -7.800000 67.588760 -200.545074
v -7.800000 67.646530 -199.423721
v -7.800000 68.088760 -199.679047
v -7.800000 67.146530 -200.289749
v -7.675000 68.030983 -200.800400
v -7.800000 68.088760 -199.679047
v -7.675000 68.530983 -199.934372
v -7.800000 67.588760 -200.545074
v -7.425000 68.362656 -200.991882
v -7.675000 68.530983 -199.934372
v -7.425000 68.862656 -200.125854
v -7.675000 68.030983 -200.800400
v -7.175000 68.583763 -201.119537
v -7.425000 68.862656 -200.125854
v -7.175000 69.083763 -200.253510
v -7.425000 68.362656 -200.991882
v -6.675000 68.694321 -201.183365
v -7.175000 69.083763 -200.253510
v -6.675000 69.194321 -200.317352
v -7.175000 68.583763 -201.119537
v -6.175000 69.194321 -200.317352
v -6.175000 68.694321 -201.183365
v -6.675000 69.194321 -200.317352
v -6.175000 69.194321 -200.317352
v -6.675000 68.694321 -201.183365
v -5.675000 66.651520 -198.849258
v -5.675000 69.083763 -200.253510
v -5.675000 68.583763 -201.119537
v -6.175000 69.194321 -200.317352
v -5.675000 69.083763 -200.253510
v -6.175000 68.694321 -201.183365
v -5.425000 66.872635 -198.976913
v -5.425000 68.862656 -200.125854
v -5.425000 68.362656 -200.991882
v -5.675000 69.083763 -200.253510
v -5.425000 68.862656 -200.125854
v -5.675000 68.583763 -201.119537
v -5.175000 67.204308 -199.168411
v -5.175000 68.530983 -199.934372
v -5.175000 68.030983 -200.800400
v -5.425000 68.862656 -200.125854
v -5.175000 68.530983 -199.934372
v -5.425000 68.362656 -200.991882
v -5.050000 67.646530 -199.423721
v -5.050000 68.088760 -199.679047
v -5.050000 67.588760 -200.545074
v -5.175000 68.530983 -199.934372
v -5.050000 68.088760 -199.679047
v -5.175000 68.030983 -200.800400
v -5.050000 67.146530 -200.289749
v -5.050000 68.088760 -199.679047
v -5.050000 67.646530 -199.423721
v -5.050000 67.588760 -200.545074
v -5.175000 66.704308 -200.034439
v -5.050000 67.646530 -199.423721
v -5.175000 67.204308 -199.168411
v -5.050000 67.146530 -200.289749
v -5.425000 66.372635 -199.842941
v -5.175000 67.204308 -199.168411
v -5.425000 66.872635 -198.976913
v -5.175000 66.704308 -200.034439
v -5.675000 66.151520 -199.715286
v -5.425000 66.872635 -198.976913
v -5.675000 66.651520 -198.849258
v -5.425000 66.372635 -199.842941
v -6.175000 66.040970 -199.651459
v -5.675000 66.651520 -198.849258
v -6.175000 66.540970 -198.785431
v -5.675000 66.151520 -199.715286
v -6.175000 66.040970 -199.651459
v -2.800000 68.641541 -199.998199
v -2.800000 65.598740 -199.396133
v -2.800000 66.098740 -198.530106
v -2.800000 68.641541 -199.998199
v -2.800000 65.598740 -199.396133
v -3.425000 66.098740 -198.530106
v -2.800000 66.098740 -198.530106
v -2.550000 68.862656 -200.125854
v -2.550000 68.362656 -200.991882
v -2.800000 68.641541 -199.998199
v -2.550000 68.862656 -200.125854
v -2.800000 68.141541 -200.864227
v -2.800000 68.141541 -200.864227
v -2.175000 69.083763 -200.253510
v -2.175000 68.583763 -201.119537
v -2.550000 68.862656 -200.125854
v -2.175000 69.083763 -200.253510
v -2.550000 68.362656 -200.991882
v -1.675000 69.194321 -200.317352
v -1.675000 68.694321 -201.183365
v -2.175000 69.083763 -200.253510
v -1.675000 69.194321 -200.317352
v -2.175000 68.583763 -201.119537
v -1.175000 69.083763 -200.253510
v -1.175000 68.583763 -201.119537
v -1.675000 69.194321 -200.317352
v -1.175000 69.083763 -200.253510
v -1.675000 68.694321 -201.183365
v -0.925000 68.973213 -200.189682
v -0.925000 68.473213 -201.055710
v -1.175000 69.083763 -200.253510
v -0.925000 68.973213 -200.189682
v -1.175000 68.583763 -201.119537
v -0.675000 68.752098 -200.062027
v -0.675000 68.252098 -200.928055
v -0.925000 68.973213 -200.189682
v -0.675000 68.752098 -200.062027
v -0.925000 68.473213 -201.055710
v -0.550000 68.199318 -199.742874
v -0.550000 67.699318 -200.608902
v -0.675000 68.752098 -200.062027
v -0.550000 68.199318 -199.742874
v -0.675000 68.252098 -200.928055
v -0.550000 67.699318 -200.608902
v -0.550000 68.199318 -199.742874
v -0.550000 66.098740 -198.530106
v 0.075000 65.598740 -199.396133
v -0.550000 66.098740 -198.530106
v 0.075000 66.098740 -198.530106
v -0.550000 65.598740 -199.396133
v -0.550000 65.598740 -199.396133
v 1.450000 66.872635 -198.976913
v 0.075000 68.199318 -199.742874
v 0.075000 65.598740 -199.396133
v 0.075000 66.098740 -198.530106
v 0.075000 68.199318 -199.742874
v 1.075000 67.867645 -199.551392
v -0.050000 68.752098 -200.062027
v -0.050000 68.252098 -200.928055
v 0.075000 68.199318 -199.742874
v -0.050000 68.752098 -200.062027
v 1.200000 67.314865 -199.232239
v 0.075000 67.699318 -200.608902
v 0.075000 67.699318 -200.608902
v -0.175000 69.083763 -200.253510
v -0.175000 68.583763 -201.119537
v -0.050000 68.752098 -200.062027
v -0.175000 69.083763 -200.253510
v -0.050000 68.252098 -200.928055
v -0.425000 69.304878 -200.381180
v -0.425000 68.804878 -201.247208
v -0.175000 69.083763 -200.253510
v -0.425000 69.304878 -200.381180
v -0.175000 68.583763 -201.119537
v -0.800000 69.525993 -200.508835
v -0.800000 69.025993 -201.374863
v -0.425000 69.304878 -200.381180
v -0.800000 69.525993 -200.508835
v -0.425000 68.804878 -201.247208
v -1.175000 69.136551 -201.438690
v -0.800000 69.525993 -200.508835
v -1.175000 69.636551 -200.572662
v -0.800000 69.025993 -201.374863
v -1.675000 69.136551 -201.438690
v -1.175000 69.636551 -200.572662
v -1.675000 69.636551 -200.572662
v -1.175000 69.136551 -201.438690
v -2.175000 69.025993 -201.374863
v -1.675000 69.636551 -200.572662
v -2.175000 69.525993 -200.508835
v -1.675000 69.136551 -201.438690
v -2.550000 69.304878 -200.381180
v -2.550000 68.804878 -201.247208
v -2.175000 69.525993 -200.508835
v -2.550000 69.304878 -200.381180
v -2.175000 69.025993 -201.374863
v -2.800000 69.083763 -200.253510
v -2.800000 68.583763 -201.119537
v -2.550000 69.304878 -200.381180
v -2.800000 69.083763 -200.253510
v -2.550000 68.804878 -201.247208
v -2.800000 69.136551 -201.438690
v -2.800000 69.083763 -200.253510
v -2.800000 69.636551 -200.572662
v -2.800000 68.583763 -201.119537
v -3.425000 69.136551 -201.438690
v -2.800000 69.636551 -200.572662
v -3.425000 69.636551 -200.572662
v -2.800000 69.136551 -201.438690
v -3.425000 69.136551 -201.438690
v -3.425000 69.636551 -200.572662
v -3.425000 66.098740 -198.530106
v -3.425000 65.598740 -199.396133
v -3.425000 65.598740 -199.396133
v 5.200000 69.968216 -200.764160
v 5.200000 67.425423 -199.296066
v 5.200000 66.925423 -200.162094
v 5.950000 67.425423 -199.296066
v 5.200000 67.425423 -199.296066
v 5.950000 69.968216 -200.764160
v 7.075000 66.983192 -199.040756
v 5.950000 66.925423 -200.162094
v 5.825000 66.872635 -198.976913
v 5.950000 67.425423 -199.296066
v 7.200000 66.762077 -198.913086
v 5.950000 66.925423 -200.162094
v 5.075000 70.299889 -200.955643
v 5.075000 67.093750 -199.104584
v 5.075000 66.593750 -199.970612
v 5.200000 67.425423 -199.296066
v 5.075000 67.093750 -199.104584
v 5.200000 66.925423 -200.162094
v 4.700000 70.520996 -201.083298
v 4.700000 66.872635 -198.976913
v 4.700000 66.372635 -199.842941
v 5.075000 67.093750 -199.104584
v 4.700000 66.872635 -198.976913
v 5.075000 66.593750 -199.970612
v 4.200000 70.631554 -201.147125
v 4.200000 66.762077 -198.913086
v 4.200000 66.262077 -199.779114
v 4.700000 66.872635 -198.976913
v 4.200000 66.762077 -198.913086
v 4.700000 66.372635 -199.842941
v 3.075000 70.631554 -201.147125
v 3.075000 66.762077 -198.913086
v 4.200000 66.262077 -199.779114
v 4.200000 66.762077 -198.913086
v 3.075000 66.762077 -198.913086
v 2.575000 70.520996 -201.083298
v 2.575000 66.872635 -198.976913
v 2.575000 66.372635 -199.842941
v 3.075000 66.762077 -198.913086
v 2.575000 66.872635 -198.976913
v 3.075000 66.262077 -199.779114
v 3.075000 66.262077 -199.779114
v 2.200000 70.299889 -200.955643
v 2.200000 67.093750 -199.104584
v 2.200000 66.593750 -199.970612
v 2.575000 66.872635 -198.976913
v 2.200000 67.093750 -199.104584
v 2.575000 66.372635 -199.842941
v 1.950000 69.968216 -200.764160
v 1.950000 67.425423 -199.296066
v 1.950000 66.925423 -200.162094
v 2.200000 67.093750 -199.104584
v 1.950000 67.425423 -199.296066
v 2.200000 66.593750 -199.970612
v 1.825000 69.525993 -200.508835
v 1.825000 67.867645 -199.551392
v 1.825000 67.367645 -200.417419
v 1.950000 67.425423 -199.296066
v 1.825000 67.867645 -199.551392
v 1.950000 66.925423 -200.162094
v 1.825000 67.367645 -200.417419
v 1.825000 67.867645 -199.551392
v 1.825000 69.525993 -200.508835
v 1.950000 69.468216 -201.630173
v 1.825000 69.525993 -200.508835
v 1.950000 69.968216 -200.764160
v 1.825000 69.025993 -201.374863
v 1.825000 69.025993 -201.374863
v 2.200000 69.799889 -201.821671
v 1.950000 69.968216 -200.764160
v 2.200000 70.299889 -200.955643
v 1.950000 69.468216 -201.630173
v 2.575000 70.020996 -201.949326
v 2.200000 70.299889 -200.955643
v 2.575000 70.520996 -201.083298
v 2.200000 69.799889 -201.821671
v 3.075000 70.131554 -202.013153
v 2.575000 70.520996 -201.083298
v 3.075000 70.631554 -201.147125
v 2.575000 70.020996 -201.949326
v 3.075000 70.131554 -202.013153
v 3.075000 70.631554 -201.147125
v 4.200000 70.631554 -201.147125
v 4.700000 70.020996 -201.949326
v 4.200000 70.631554 -201.147125
v 4.700000 70.520996 -201.083298
v 4.200000 70.131554 -202.013153
v 4.200000 70.131554 -202.013153
v 5.075000 69.799889 -201.821671
v 4.700000 70.520996 -201.083298
v 5.075000 70.299889 -200.955643
v 4.700000 70.020996 -201.949326
v 5.200000 69.468216 -201.630173
v 5.075000 70.299889 -200.955643
v 5.200000 69.968216 -200.764160
v 5.075000 69.799889 -201.821671
v 5.950000 69.468216 -201.630173
v 5.200000 69.968216 -200.764160
v 5.950000 69.968216 -200.764160
v 5.200000 69.468216 -201.630173
v 6.950000 67.425423 -199.296066
v 5.825000 70.520996 -201.083298
v 5.825000 70.020996 -201.949326
v 5.950000 69.968216 -200.764160
v 5.825000 70.520996 -201.083298
v 5.950000 69.468216 -201.630173
v 6.950000 69.636551 -200.572662
v 5.325000 70.963226 -201.338623
v 5.325000 70.463226 -202.204651
v 5.825000 70.520996 -201.083298
v 5.325000 70.963226 -201.338623
v 5.825000 70.020996 -201.949326
v 10.075000 69.636551 -200.572662
v 4.825000 71.184334 -201.466278
v 4.825000 70.684334 -202.332306
v 5.325000 70.963226 -201.338623
v 4.825000 71.184334 -201.466278
v 7.575000 69.636551 -200.572662
v 5.325000 70.463226 -202.204651
v 4.200000 70.794891 -202.396133
v 4.825000 71.184334 -201.466278
v 4.200000 71.294891 -201.530106
v 10.699999 69.636551 -200.572662
v 4.825000 70.684334 -202.332306
v 4.200000 70.794891 -202.396133
v 4.200000 71.294891 -201.530106
v 3.075000 71.294891 -201.530106
v 2.450000 70.684334 -202.332306
v 3.075000 71.294891 -201.530106
v 2.450000 71.184334 -201.466278
v 3.075000 70.794891 -202.396133
v 3.075000 70.794891 -202.396133
v 1.950000 70.463226 -202.204651
v 2.450000 71.184334 -201.466278
v 1.950000 70.963226 -201.338623
v 2.450000 70.684334 -202.332306
v 1.450000 70.020996 -201.949326
v 1.950000 70.963226 -201.338623
v 1.450000 70.520996 -201.083298
v 1.950000 70.463226 -202.204651
v 1.200000 69.578773 -201.694016
v 1.450000 70.520996 -201.083298
v 1.200000 70.078773 -200.827988
v 1.450000 70.020996 -201.949326
v 1.075000 69.025993 -201.374863
v 1.200000 70.078773 -200.827988
v 1.075000 69.525993 -200.508835
v 1.200000 69.578773 -201.694016
v 1.075000 69.025993 -201.374863
v 1.075000 69.525993 -200.508835
v 1.075000 67.867645 -199.551392
v 1.200000 66.814865 -200.098267
v 1.075000 67.867645 -199.551392
v 1.200000 67.314865 -199.232239
v 1.075000 67.367645 -200.417419
v 1.075000 67.367645 -200.417419
v 1.450000 66.372635 -199.842941
v 1.200000 67.314865 -199.232239
v 1.450000 66.872635 -198.976913
v 1.200000 66.814865 -200.098267
v 1.950000 65.930412 -199.587631
v 1.450000 66.872635 -198.976913
v 1.950000 66.430412 -198.721603
v 1.450000 66.372635 -199.842941
v 2.450000 65.709297 -199.459961
v 1.950000 66.430412 -198.721603
v 2.450000 66.209297 -198.593948
v 1.950000 65.930412 -199.587631
v 3.075000 65.598740 -199.396133
v 2.450000 66.209297 -198.593948
v 3.075000 66.098740 -198.530106
v 2.450000 65.709297 -199.459961
v 3.075000 65.598740 -199.396133
v 3.075000 66.098740 -198.530106
v 4.200000 66.098740 -198.530106
v 4.825000 65.709297 -199.459961
v 4.200000 66.098740 -198.530106
v 4.825000 66.209297 -198.593948
v 4.200000 65.598740 -199.396133
v 4.200000 65.598740 -199.396133
v 5.325000 65.930412 -199.587631
v 4.825000 66.209297 -198.593948
v 5.325000 66.430412 -198.721603
v 4.825000 65.709297 -199.459961
v 5.825000 66.372635 -199.842941
v 5.325000 66.430412 -198.721603
v 5.825000 66.872635 -198.976913
v 5.325000 65.930412 -199.587631
v 5.825000 66.372635 -199.842941
v 10.825000 66.319855 -198.657776
v 10.825000 65.819855 -199.523804
v 10.950001 66.098740 -198.530106
v 10.825000 66.319855 -198.657776
v 10.950001 65.598740 -199.396133
v 10.324999 66.098740 -198.530106
v 10.950001 66.098740 -198.530106
v 10.950001 65.598740 -199.396133
v 10.699999 66.762077 -198.913086
v 10.699999 66.262077 -199.779114
v 10.825000 66.319855 -198.657776
v 10.699999 66.762077 -198.913086
v 10.825000 65.819855 -199.523804
v 10.699999 66.262077 -199.779114
v 10.699999 66.762077 -198.913086
v 10.699999 69.636551 -200.572662
v 10.075000 69.136551 -201.438690
v 10.699999 69.636551 -200.572662
v 10.075000 69.636551 -200.572662
v 10.699999 69.136551 -201.438690
v 10.699999 69.136551 -201.438690
v 10.075000 67.204308 -199.168411
v 10.075000 69.136551 -201.438690
v 10.075000 69.636551 -200.572662
v 10.075000 67.204308 -199.168411
v 9.825001 66.872635 -198.976913
v 9.825001 66.372635 -199.842941
v 10.075000 67.204308 -199.168411
v 9.825001 66.872635 -198.976913
v 10.075000 66.704308 -200.034439
v 10.075000 66.704308 -200.034439
v 9.450001 66.651520 -198.849258
v 9.450001 66.151520 -199.715286
v 9.825001 66.872635 -198.976913
v 9.450001 66.651520 -198.849258
v 9.825001 66.372635 -199.842941
v 8.950000 66.540970 -198.785431
v 8.950000 66.040970 -199.651459
v 9.450001 66.651520 -198.849258
v 8.950000 66.540970 -198.785431
v 9.450001 66.151520 -199.715286
v 8.449999 66.540970 -198.785431
v 8.449999 66.040970 -199.651459
v 8.950000 66.540970 -198.785431
v 8.449999 66.540970 -198.785431
v 8.950000 66.040970 -199.651459
v 7.950000 66.762077 -198.913086
v 7.950000 66.262077 -199.779114
v 8.449999 66.540970 -198.785431
v 7.950000 66.762077 -198.913086
v 8.449999 66.040970 -199.651459
v 7.700000 67.093750 -199.104584
v 7.700000 66.593750 -199.970612
v 7.950000 66.762077 -198.913086
v 7.700000 67.093750 -199.104584
v 7.950000 66.262077 -199.779114
v 7.575000 67.425423 -199.296066
v 7.575000 66.925423 -200.162094
v 7.700000 67.093750 -199.104584
v 7.575000 67.425423 -199.296066
v 7.700000 66.593750 -199.970612
v 7.575000 66.925423 -200.162094
v 7.575000 67.425423 -199.296066
v 7.575000 69.636551 -200.572662
v 6.950000 69.136551 -201.438690
v 7.575000 69.636551 -200.572662
v 6.950000 69.636551 -200.572662
v 7.575000 69.136551 -201.438690
v 7.575000 69.136551 -201.438690
v 6.950000 69.136551 -201.438690
v 6.950000 69.636551 -200.572662
v 6.950000 67.425423 -199.296066
v 7.075000 66.483192 -199.906769
v 6.950000 67.425423 -199.296066
v 7.075000 66.983192 -199.040756
v 6.950000 66.925423 -200.162094
v 6.950000 66.925423 -200.162094
v 7.200000 66.262077 -199.779114
v 7.075000 66.983192 -199.040756
v 7.200000 66.762077 -198.913086
v 7.075000 66.483192 -199.906769
v 7.575000 65.930412 -199.587631
v 7.200000 66.762077 -198.913086
v 7.575000 66.430412 -198.721603
v 7.200000 66.262077 -199.779114
v 7.950000 65.709297 -199.459961
v 7.575000 66.430412 -198.721603
v 7.950000 66.209297 -198.593948
v 7.575000 65.930412 -199.587631
v 8.449999 65.598740 -199.396133
v 7.950000 66.209297 -198.593948
v 8.449999 66.098740 -198.530106
v 7.950000 65.709297 -199.459961
v 8.950000 65.598740 -199.396133
v 8.449999 66.098740 -198.530106
v 8.950000 66.098740 -198.530106
v 8.449999 65.598740 -199.396133
v 9.450001 65.709297 -199.459961
v 8.950000 66.098740 -198.530106
v 9.450001 66.209297 -198.593948
v 8.950000 65.598740 -199.396133
v 9.700000 65.819855 -199.523804
v 9.450001 66.209297 -198.593948
v 9.700000 66.319855 -198.657776
v 9.450001 65.709297 -199.459961
v 10.075000 66.651520 -198.849258
v 10.075000 66.151520 -199.715286
v 9.700000 66.319855 -198.657776
v 10.075000 66.651520 -198.849258
v 9.700000 65.819855 -199.523804
v 10.324999 65.598740 -199.396133
v 10.075000 66.651520 -198.849258
v 10.324999 66.098740 -198.530106
v 10.075000 66.151520 -199.715286
v 10.324999 65.598740 -199.396133
v 15.325000 68.804878 -201.247208
v 15.700000 68.973213 -200.189682
v 15.325000 69.304878 -200.381180
v 15.700000 68.473213 -201.055710
v 15.825001 68.752098 -200.062027
v 15.700000 68.973213 -200.189682
v 15.700000 68.473213 -201.055710
v 14.950000 69.525993 -200.508835
v 14.950000 69.025993 -201.374863
v 15.325000 69.304878 -200.381180
v 14.950000 69.525993 -200.508835
v 15.325000 68.804878 -201.247208
v 14.449999 69.636551 -200.572662
v 14.449999 69.136551 -201.438690
v 14.950000 69.525993 -200.508835
v 14.449999 69.636551 -200.572662
v 14.950000 69.025993 -201.374863
v 13.699999 69.636551 -200.572662
v 13.699999 69.136551 -201.438690
v 14.449999 69.636551 -200.572662
v 13.699999 69.636551 -200.572662
v 14.449999 69.136551 -201.438690
v 13.200001 69.525993 -200.508835
v 13.200001 69.025993 -201.374863
v 13.699999 69.636551 -200.572662
v 13.200001 69.525993 -200.508835
v 13.699999 69.136551 -201.438690
v 12.949999 69.415436 -200.445007
v 12.949999 68.915436 -201.311035
v 13.200001 69.525993 -200.508835
v 12.949999 69.415436 -200.445007
v 13.200001 69.025993 -201.374863
v 12.700000 69.194321 -200.317352
v 12.700000 68.694321 -201.183365
v 12.949999 69.415436 -200.445007
v 12.700000 69.194321 -200.317352
v 12.949999 68.915436 -201.311035
v 12.574999 68.973213 -200.189682
v 12.574999 68.473213 -201.055710
v 12.700000 69.194321 -200.317352
v 12.574999 68.973213 -200.189682
v 12.700000 68.694321 -201.183365
v 12.574999 68.473213 -201.055710
v 12.574999 68.973213 -200.189682
v 12.574999 71.294891 -201.530106
v 11.950000 70.794891 -202.396133
v 12.574999 71.294891 -201.530106
v 11.950000 71.294891 -201.530106
v 12.574999 70.794891 -202.396133
v 12.574999 70.794891 -202.396133
v 11.950000 70.794891 -202.396133
v 11.950000 71.294891 -201.530106
v 11.950000 66.098740 -198.530106
v 12.574999 65.598740 -199.396133
v 11.950000 66.098740 -198.530106
v 12.574999 66.098740 -198.530106
v 11.950000 65.598740 -199.396133
v 11.950000 65.598740 -199.396133
v 12.574999 66.762077 -198.913086
v 12.574999 66.262077 -199.779114
v 12.574999 66.098740 -198.530106
v 12.574999 66.762077 -198.913086
v 12.574999 65.598740 -199.396133
v 12.700000 66.040970 -199.651459
v 12.574999 66.762077 -198.913086
v 12.700000 66.540970 -198.785431
v 12.574999 66.262077 -199.779114
v 12.949999 65.819855 -199.523804
v 12.700000 66.540970 -198.785431
v 12.949999 66.319855 -198.657776
v 12.700000 66.040970 -199.651459
v 13.200001 65.709297 -199.459961
v 12.949999 66.319855 -198.657776
v 13.200001 66.209297 -198.593948
v 12.949999 65.819855 -199.523804
v 13.699999 65.598740 -199.396133
v 13.200001 66.209297 -198.593948
v 13.699999 66.098740 -198.530106
v 13.200001 65.709297 -199.459961
v 14.449999 65.598740 -199.396133
v 13.699999 66.098740 -198.530106
v 14.449999 66.098740 -198.530106
v 13.699999 65.598740 -199.396133
v 14.950000 65.709297 -199.459961
v 14.449999 66.098740 -198.530106
v 14.950000 66.209297 -198.593948
v 14.449999 65.598740 -199.396133
v 15.325000 65.930412 -199.587631
v 14.950000 66.209297 -198.593948
v 15.325000 66.430412 -198.721603
v 14.950000 65.709297 -199.459961
v 15.825001 66.483192 -199.906769
v 15.325000 66.430412 -198.721603
v 15.825001 66.983192 -199.040756
v 15.325000 65.930412 -199.587631
v 15.949999 66.925423 -200.162094
v 15.825001 66.983192 -199.040756
v 15.949999 67.425423 -199.296066
v 15.825001 66.483192 -199.906769
v 15.949999 66.925423 -200.162094
v 15.949999 67.425423 -199.296066
v 15.949999 68.309868 -199.806702
v 15.825001 68.252098 -200.928055
v 15.949999 68.309868 -199.806702
v 15.825001 68.752098 -200.062027
v 15.949999 67.809868 -200.672729
v 15.949999 67.809868 -200.672729
v 15.825001 68.252098 -200.928055
v 12.574999 68.420425 -199.870544
v 12.574999 67.314865 -199.232239
v 12.825001 66.983192 -199.040756
v 12.574999 66.814865 -200.098267
v 12.825001 66.983192 -199.040756
v 12.574999 67.314865 -199.232239
v 12.825001 68.752098 -200.062027
v 13.200001 66.762077 -198.913086
v 12.825001 66.483192 -199.906769
v 13.200001 66.762077 -198.913086
v 12.825001 66.983192 -199.040756
v 12.825001 66.483192 -199.906769
v 12.574999 66.814865 -200.098267
v 12.574999 67.314865 -199.232239
v 12.574999 68.420425 -199.870544
v 12.825001 68.252098 -200.928055
v 12.574999 68.420425 -199.870544
v 12.825001 68.752098 -200.062027
v 12.574999 67.920425 -200.736557
v 12.574999 67.920425 -200.736557
v 13.200001 68.973213 -200.189682
v 13.200001 68.473213 -201.055710
v 12.825001 68.752098 -200.062027
v 13.200001 68.973213 -200.189682
v 12.825001 68.252098 -200.928055
v 13.699999 66.651520 -198.849258
v 13.699999 69.083763 -200.253510
v 13.699999 68.583763 -201.119537
v 13.200001 68.973213 -200.189682
v 13.699999 69.083763 -200.253510
v 13.200001 68.473213 -201.055710
v 14.200000 66.651520 -198.849258
v 14.449999 69.083763 -200.253510
v 14.449999 68.583763 -201.119537
v 13.699999 69.083763 -200.253510
v 14.449999 69.083763 -200.253510
v 13.699999 68.583763 -201.119537
v 14.700001 66.762077 -198.913086
v 14.950000 68.862656 -200.125854
v 14.950000 68.362656 -200.991882
v 14.449999 69.083763 -200.253510
v 14.950000 68.862656 -200.125854
v 14.449999 68.583763 -201.119537
v 15.075001 66.983192 -199.040756
v 15.199999 68.530983 -199.934372
v 15.199999 68.030983 -200.800400
v 14.950000 68.862656 -200.125854
v 15.199999 68.530983 -199.934372
v 14.950000 68.362656 -200.991882
v 15.325000 67.535973 -199.359894
v 15.325000 68.199318 -199.742874
v 15.325000 67.699318 -200.608902
v 15.199999 68.530983 -199.934372
v 15.325000 68.199318 -199.742874
v 15.199999 68.030983 -200.800400
v 15.325000 67.035973 -200.225922
v 15.325000 68.199318 -199.742874
v 15.325000 67.535973 -199.359894
v 15.325000 67.699318 -200.608902
v 15.075001 66.483192 -199.906769
v 15.325000 67.535973 -199.359894
v 15.075001 66.983192 -199.040756
v 15.325000 67.035973 -200.225922
v 14.700001 66.262077 -199.779114
v 15.075001 66.983192 -199.040756
v 14.700001 66.762077 -198.913086
v 15.075001 66.483192 -199.906769
v 14.200000 66.151520 -199.715286
v 14.700001 66.762077 -198.913086
v 14.200000 66.651520 -198.849258
v 14.700001 66.262077 -199.779114
v 13.699999 66.151520 -199.715286
v 14.200000 66.651520 -198.849258
v 13.699999 66.651520 -198.849258
v 14.200000 66.151520 -199.715286
v 13.200001 66.262077 -199.779114
v 13.699999 66.651520 -198.849258
v 13.200001 66.762077 -198.913086
v 13.699999 66.151520 -199.715286
v 13.200001 66.262077 -199.779114
v 17.500000 25.164701 -186.762573
v 17.500000 22.598593 -194.207840
v 17.500000 31.912884 -183.646423
v 17.500000 17.306581 -201.699997
v -17.500000 17.306581 -201.699997
v -94.707161 -19.278183 -202.199997
v -94.707054 62.136032 -202.199982
v -95.000000 61.428871 -202.199982
v -95.707108 61.428871 -201.907089
v -95.000000 61.428871 -202.199982
v -94.707054 62.136032 -202.199982
v -95.000000 -18.571129 -202.199997
v -95.707108 61.428871 -201.907089
v -95.000000 -18.571129 -202.199997
v -95.000000 61.428871 -202.199982
v -94.000000 -19.571129 -202.199997
v -94.000000 62.428871 -202.199982
v -95.207108 62.635979 -201.907089
v -94.000000 62.428871 -202.199982
v -32.500000 -19.571129 -202.199997
v -32.500000 62.428871 -202.199982
v -32.500000 63.135979 -201.907089
v -94.000000 62.428871 -202.199982
v -32.500000 62.428871 -202.199982
v -94.000000 63.135979 -201.907089
v -94.000000 63.135979 -201.907089
v -31.792948 -19.278290 -202.199997
v -31.792839 62.135925 -202.199982
v -32.500000 63.135979 -201.907089
v -32.500000 62.428871 -202.199982
v -31.792839 62.135925 -202.199982
v -31.500000 -18.571129 -202.199997
v -31.500000 61.428871 -202.199982
v -31.292892 62.635979 -201.907089
v -31.500000 61.428871 -202.199982
v -30.792892 -18.571129 -201.907104
v -31.500000 61.428871 -202.199982
v -31.500000 -18.571129 -202.199997
v -30.792892 61.428871 -201.907089
v -30.792892 61.428871 -201.907089
v -30.792892 -18.571129 -201.907104
v -31.500000 -18.571129 -202.199997
v -31.792948 -19.278290 -202.199997
v -31.292892 -19.778236 -201.907104
v -32.500000 -19.571129 -202.199997
v -94.000000 -20.278236 -201.907104
v -32.500000 -19.571129 -202.199997
v -94.000000 -19.571129 -202.199997
v -32.500000 -20.278236 -201.907104
v -32.500000 -20.278236 -201.907104
v -94.000000 -20.278236 -201.907104
v -94.000000 -19.571129 -202.199997
v -94.707161 -19.278183 -202.199997
v -95.207108 -19.778236 -201.907104
v -95.000000 -18.571129 -202.199997
v -95.707108 -18.571129 -201.907104
v -95.707108 -18.571129 -201.907104
v -94.707161 -120.778183 -202.200012
v -94.707054 -32.863968 -202.199997
v -95.000000 -33.571129 -202.199997
v -95.707108 -33.571129 -201.907104
v -95.000000 -33.571129 -202.199997
v -94.707054 -32.863968 -202.199997
v -95.000000 -120.071129 -202.200012
v -95.707108 -33.571129 -201.907104
v -95.000000 -120.071129 -202.200012
v -95.000000 -33.571129 -202.199997
v -94.000000 -121.071129 -202.200012
v -94.000000 -32.571129 -202.199997
v -95.207108 -32.364021 -201.907104
v -94.000000 -32.571129 -202.199997
v -32.500000 -121.071129 -202.200012
v -32.500000 -32.571129 -202.199997
v -32.500000 -31.864023 -201.907104
v -94.000000 -32.571129 -202.199997
v -32.500000 -32.571129 -202.199997
v -94.000000 -31.864023 -201.907104
v -94.000000 -31.864023 -201.907104
v -31.792948 -120.778290 -202.200012
v -31.792839 -32.864075 -202.199997
v -32.500000 -31.864023 -201.907104
v -32.500000 -32.571129 -202.199997
v -31.792839 -32.864075 -202.199997
v -31.500000 -120.071129 -202.200012
v -31.500000 -33.571129 -202.199997
v -31.292892 -32.364021 -201.907104
v -31.500000 -33.571129 -202.199997
v -30.792892 -120.071129 -201.907120
v -31.500000 -33.571129 -202.199997
v -31.500000 -120.071129 -202.200012
v -30.792892 -33.571129 -201.907104
v -30.792892 -33.571129 -201.907104
v -30.792892 -120.071129 -201.907120
v -31.500000 -120.071129 -202.200012
v -31.792948 -120.778290 -202.200012
v -31.292892 -121.278236 -201.907120
v -32.500000 -121.071129 -202.200012
v -94.000000 -121.778236 -201.907120
v -32.500000 -121.071129 -202.200012
v -94.000000 -121.071129 -202.200012
v -32.500000 -121.778236 -201.907120
v -32.500000 -121.778236 -201.907120
v -94.000000 -121.778236 -201.907120
v -94.000000 -121.071129 -202.200012
v -94.707161 -120.778183 -202.200012
v -95.207108 -121.278236 -201.907120
v -95.000000 -120.071129 -202.200012
v -95.707108 -120.071129 -201.907120
v -95.707108 -120.071129 -201.907120
v 31.792839 -19.278183 -202.199997
v 31.792948 62.136032 -202.199982
v 31.500000 61.428871 -202.199982
v 30.792892 61.428871 -201.907089
v 31.500000 61.428871 -202.199982
v 31.792948 62.136032 -202.199982
v 31.500000 -18.571129 -202.199997
v 30.792892 61.428871 -201.907089
v 31.500000 -18.571129 -202.199997
v 31.500000 61.428871 -202.199982
v 32.500000 -19.571129 -202.199997
v 32.500000 62.428871 -202.199982
v 31.292892 62.635979 -201.907089
v 32.500000 62.428871 -202.199982
v 94.000000 -19.571129 -202.199997
v 94.000000 62.428871 -202.199982
v 94.000000 63.135979 -201.907089
v 32.500000 62.428871 -202.199982
v 94.000000 62.428871 -202.199982
v 32.500000 63.135979 -201.907089
v 32.500000 63.135979 -201.907089
v 94.707054 -19.278290 -202.199997
v 94.707161 62.135925 -202.199982
v 94.000000 63.135979 -201.907089
v 94.000000 62.428871 -202.199982
v 94.707161 62.135925 -202.199982
v 95.000000 -18.571129 -202.199997
v 95.000000 61.428871 -202.199982
v 95.207108 62.635979 -201.907089
v 95.000000 61.428871 -202.199982
v 95.707108 -18.571129 -201.907104
v 95.000000 61.428871 -202.199982
v 95.000000 -18.571129 -202.199997
v 95.707108 61.428871 -201.907089
v 95.707108 61.428871 -201.907089
v 95.707108 -18.571129 -201.907104
v 95.000000 -18.571129 -202.199997
v 94.707054 -19.278290 -202.199997
v 95.207108 -19.778236 -201.907104
v 94.000000 -19.571129 -202.199997
v 32.500000 -20.278236 -201.907104
v 94.000000 -19.571129 -202.199997
v 32.500000 -19.571129 -202.199997
v 94.000000 -20.278236 -201.907104
v 94.000000 -20.278236 -201.907104
v 32.500000 -20.278236 -201.907104
v 32.500000 -19.571129 -202.199997
v 31.792839 -19.278183 -202.199997
v 31.292892 -19.778236 -201.907104
v 31.500000 -18.571129 -202.199997
v 30.792892 -18.571129 -201.907104
v 30.792892 -18.571129 -201.907104
v 31.792839 -120.778183 -202.200012
v 31.792948 -32.863968 -202.199997
v 31.500000 -33.571129 -202.199997
v 30.792892 -33.571129 -201.907104
v 31.500000 -33.571129 -202.199997
v 31.792948 -32.863968 -202.199997
v 31.500000 -120.071129 -202.200012
v 30.792892 -33.571129 -201.907104
v 31.500000 -120.071129 -202.200012
v 31.500000 -33.571129 -202.199997
v 32.500000 -121.071129 -202.200012
v 32.500000 -32.571129 -202.199997
v 31.292892 -32.364021 -201.907104
v 32.500000 -32.571129 -202.199997
v 94.000000 -121.071129 -202.200012
v 94.000000 -32.571129 -202.199997
v 94.000000 -31.864023 -201.907104
v 32.500000 -32.571129 -202.199997
v 94.000000 -32.571129 -202.199997
v 32.500000 -31.864023 -201.907104
v 32.500000 -31.864023 -201.907104
v 94.707054 -120.778290 -202.200012
v 94.707161 -32.864075 -202.199997
v 94.000000 -31.864023 -201.907104
v 94.000000 -32.571129 -202.199997
v 94.707161 -32.864075 -202.199997
v 95.000000 -120.071129 -202.200012
v 95.000000 -33.571129 -202.199997
v 95.207108 -32.364021 -201.907104
v 95.000000 -33.571129 -202.199997
v 95.707108 -120.071129 -201.907120
v 95.000000 -33.571129 -202.199997
v 95.000000 -120.071129 -202.200012
v 95.707108 -33.571129 -201.907104
v 95.707108 -33.571129 -201.907104
v 95.707108 -120.071129 -201.907120
v 95.000000 -120.071129 -202.200012
v 94.707054 -120.778290 -202.200012
v 95.207108 -121.278236 -201.907120
v 94.000000 -121.071129 -202.200012
v 32.500000 -121.778236 -201.907120
v 94.000000 -121.071129 -202.200012
v 32.500000 -121.071129 -202.200012
v 94.000000 -121.778236 -201.907120
v 94.000000 -121.778236 -201.907120
v 32.500000 -121.778236 -201.907120
v 32.500000 -121.071129 -202.200012
v 31.792839 -120.778183 -202.200012
v 31.292892 -121.278236 -201.907120
v 31.500000 -120.071129 -202.200012
v 30.792892 -120.071129 -201.907120
v 30.792892 -120.071129 -201.907120
v -94.000000 -20.571129 -201.199997
v -32.500000 -20.571129 -201.199997
v -32.500000 -20.571129 -201.199997
v -31.085787 -19.985342 -201.199997
v -95.414215 -19.985342 -201.199997
v -94.000000 -20.571129 -201.199997
v -30.500000 -18.571129 -201.199997
v -30.500000 61.428871 -201.199982
v -30.500000 61.428871 -201.199982
v -31.085787 62.843086 -201.199982
v -30.500000 -18.571129 -201.199997
v -32.500000 63.428871 -201.199982
v -94.000000 63.428871 -201.199982
v -94.000000 63.428871 -201.199982
v -95.414215 62.843086 -201.199982
v -32.500000 63.428871 -201.199982
v -96.000000 61.428871 -201.199982
v -96.000000 -18.571129 -201.199997
v -96.000000 -18.571129 -201.199997
v -96.000000 61.428871 -201.199982
v -96.000000 -33.571129 -201.199997
v -96.000000 -120.071129 -201.200012
v -96.000000 -120.071129 -201.200012
v -95.414215 -121.485344 -201.200012
v -95.414215 -32.156914 -201.199997
v -96.000000 -33.571129 -201.199997
v -94.000000 -122.071129 -201.200012
v -32.500000 -122.071129 -201.200012
v -32.500000 -122.071129 -201.200012
v -31.085787 -121.485344 -201.200012
v -94.000000 -122.071129 -201.200012
v -30.500000 -120.071129 -201.200012
v -30.500000 -33.571129 -201.199997
v -30.500000 -33.571129 -201.199997
v -31.085787 -32.156914 -201.199997
v -30.500000 -120.071129 -201.200012
v -32.500000 -31.571129 -201.199997
v -94.000000 -31.571129 -201.199997
v -94.000000 -31.571129 -201.199997
v -32.500000 -31.571129 -201.199997
v 30.500000 -33.571129 -201.199997
v 30.500000 -120.071129 -201.200012
v 30.500000 -120.071129 -201.200012
v 31.085787 -121.485344 -201.200012
v 31.085787 -32.156914 -201.199997
v 30.500000 -33.571129 -201.199997
v 32.500000 -122.071129 -201.200012
v 94.000000 -122.071129 -201.200012
v 94.000000 -122.071129 -201.200012
v 95.414215 -121.485344 -201.200012
v 32.500000 -122.071129 -201.200012
v 96.000000 -120.071129 -201.200012
v 96.000000 -33.571129 -201.199997
v 96.000000 -33.571129 -201.199997
v 95.414215 -32.156914 -201.199997
v 96.000000 -120.071129 -201.200012
v 94.000000 -31.571129 -201.199997
v 32.500000 -31.571129 -201.199997
v 32.500000 -31.571129 -201.199997
v 94.000000 -31.571129 -201.199997
v 32.500000 -20.571129 -201.199997
v 94.000000 -20.571129 -201.199997
v 94.000000 -20.571129 -201.199997
v 95.414215 -19.985342 -201.199997
v 31.085787 -19.985342 -201.199997
v 32.500000 -20.571129 -201.199997
v 96.000000 -18.571129 -201.199997
v 96.000000 61.428871 -201.199982
v 96.000000 61.428871 -201.199982
v 95.414215 62.843086 -201.199982
v 96.000000 -18.571129 -201.199997
v 94.000000 63.428871 -201.199982
v 32.500000 63.428871 -201.199982
v 32.500000 63.428871 -201.199982
v 31.085787 62.843086 -201.199982
v 94.000000 63.428871 -201.199982
v 30.500000 61.428871 -201.199982
v 30.500000 -18.571129 -201.199997
v 30.500000 -18.571129 -201.199997
v 30.500000 61.428871 -201.199982
v -27.713390 -122.202057 -200.317474
v -27.611446 -121.012085 -200.158813
v 27.829542 -123.135750 -200.441971
v 27.956003 -123.864296 -200.539108
v 28.094570 -124.427124 -200.614151
v -28.400192 70.758415 -199.249985
v -28.950005 66.099327 -199.799789
v 28.400192 66.099327 -199.249985
v 28.949984 70.758430 -199.799820
v 28.950005 -23.241585 -199.799805
v 28.400454 -28.900501 -199.249527
v -28.400192 -23.241585 -199.250000
v -28.950005 -28.900673 -199.799805
v 33.604149 21.536386 -202.699997
v 19.776026 35.364510 -202.699997
v 33.604149 35.342773 -202.699997
v 47.410534 35.342773 -202.699997
v 33.604149 49.170895 -202.699982
v 19.776026 21.536386 -202.699997
v -61.357277 -101.149986 -202.700012
v -75.185394 -73.429985 -202.700012
v -61.379013 -73.429985 -202.700012
v -19.847277 -73.429985 -202.700012
v -61.379013 -59.635471 -202.700012
v -75.185394 -101.149986 -202.700012
v -75.185394 -45.817211 -202.699997
v -61.357277 -45.817211 -202.699997
v -75.185394 -59.635471 -202.700012
v -47.562771 -59.635471 -202.700012
v 61.324406 49.170895 -202.699982
v 61.324406 -6.174915 -202.699997
v 47.410534 7.631469 -202.699997
v 19.795906 7.631469 -202.699997
v 19.795906 -6.174915 -202.699997
v -19.850000 35.352489 -202.699997
v -47.570259 49.158871 -202.699982
v -19.850000 49.158871 -202.699982
v -47.570259 35.352489 -202.699997
v -75.186646 35.352489 -202.699997
v -47.573875 7.632487 -202.699997
v -75.186646 7.632487 -202.699997
v -19.853617 -6.162019 -202.699997
v -47.573875 -6.162019 -202.699997
v -47.573875 7.666103 -202.699997
v -19.853617 7.666103 -202.699997
v -61.380257 21.546103 -202.699997
v -47.573875 21.546103 -202.699997
v -61.380257 35.352489 -202.699997
v 61.330532 -59.633896 -202.700012
v 33.628120 -45.831127 -202.699997
v 75.138123 -45.831127 -202.699997
v 75.138123 -73.443901 -202.700012
v 47.410534 -59.633896 -202.700012
v 33.628120 -59.649391 -202.700012
v 47.410534 -73.443901 -202.700012
v 19.799999 -59.649391 -202.700012
v 47.414627 -73.477516 -202.700012
v 19.799999 -73.477516 -202.700012
v 61.343616 -87.357513 -202.700012
v 47.414627 -87.357513 -202.700012
v 61.343616 -87.323898 -202.700012
v 75.138123 -101.152023 -202.700012
v 61.343616 -101.152023 -202.700012
v 75.138123 -87.323898 -202.700012
v 61.330532 -73.443901 -202.700012
v -47.562771 -45.817211 -202.699997
v -19.847277 -45.817211 -202.699997
v -15.800000 69.136551 -201.438690
v -15.800000 65.598740 -199.396133
v -15.175000 65.598740 -199.396133
v -15.175000 69.136551 -201.438690
v -15.800000 70.794891 -202.396133
v -15.800000 70.242111 -202.076996
v -15.175000 70.242111 -202.076996
v -15.175000 70.794891 -202.396133
v -14.175000 70.794891 -202.396133
v -13.425000 65.598740 -199.396133
v -13.425000 67.920425 -200.736557
v -13.425000 68.583763 -201.119537
v -11.300000 67.920425 -200.736557
v -14.175000 65.598740 -199.396133
v -13.425000 70.242111 -202.076996
v -11.175000 70.794891 -202.396133
v -10.675000 70.131554 -202.013153
v -10.550000 70.684334 -202.332306
v -11.050000 70.242111 -202.076996
v -10.300000 69.578773 -201.694016
v -10.050000 70.352669 -202.140823
v -10.425000 69.910446 -201.885498
v -9.675000 68.804878 -201.247208
v -9.675000 69.910446 -201.885498
v -10.050000 68.362656 -200.991882
v -9.550000 69.136551 -201.438690
v -9.550000 69.578773 -201.694016
v -10.425000 68.915436 -201.311035
v -10.550000 68.141541 -200.864227
v -10.300000 69.247101 -201.502518
v -10.300000 65.598740 -199.396133
v -9.425000 65.598740 -199.396133
v -10.675000 68.694321 -201.183365
v -11.050000 68.583763 -201.119537
v -7.425000 66.372635 -199.842941
v -7.425000 65.709297 -199.459961
v -6.925000 65.598740 -199.396133
v -6.675000 66.040970 -199.651459
v -5.925000 65.598740 -199.396133
v -7.175000 66.151520 -199.715286
v -7.675000 66.704308 -200.034439
v -7.675000 65.819855 -199.523804
v -7.800000 67.146530 -200.289749
v -7.925000 66.040970 -199.651459
v -8.175000 68.362656 -200.991882
v -8.175000 66.372635 -199.842941
v -7.925000 68.694321 -201.183365
v -8.425000 67.588760 -200.545074
v -8.425000 67.146530 -200.289749
v -8.300000 68.030983 -200.800400
v -7.675000 68.030983 -200.800400
v -7.675000 68.915436 -201.311035
v -7.800000 67.588760 -200.545074
v -7.425000 68.362656 -200.991882
v -7.425000 69.025993 -201.374863
v -7.175000 68.583763 -201.119537
v -6.925000 69.136551 -201.438690
v -6.175000 68.694321 -201.183365
v -5.925000 69.136551 -201.438690
v -6.675000 68.694321 -201.183365
v -5.425000 68.362656 -200.991882
v -5.425000 69.025993 -201.374863
v -5.675000 68.583763 -201.119537
v -5.175000 68.030983 -200.800400
v -5.175000 68.915436 -201.311035
v -5.050000 67.588760 -200.545074
v -4.925000 68.694321 -201.183365
v -4.675000 66.372635 -199.842941
v -4.675000 68.362656 -200.991882
v -4.925000 66.040970 -199.651459
v -4.425000 67.146530 -200.289749
v -4.550000 68.030983 -200.800400
v -4.425000 67.588760 -200.545074
v -5.175000 66.704308 -200.034439
v -5.175000 65.819855 -199.523804
v -5.050000 67.146530 -200.289749
v -5.425000 66.372635 -199.842941
v -5.425000 65.709297 -199.459961
v -5.675000 66.151520 -199.715286
v -6.175000 66.040970 -199.651459
v -3.425000 69.136551 -201.438690
v -3.425000 65.598740 -199.396133
v -2.800000 65.598740 -199.396133
v -2.800000 68.141541 -200.864227
v -2.800000 68.583763 -201.119537
v -2.800000 69.136551 -201.438690
v -2.550000 68.362656 -200.991882
v -2.550000 68.804878 -201.247208
v -2.175000 68.583763 -201.119537
v -2.175000 69.025993 -201.374863
v -1.675000 68.694321 -201.183365
v -1.675000 69.136551 -201.438690
v -1.175000 68.583763 -201.119537
v -1.175000 69.136551 -201.438690
v -0.925000 68.473213 -201.055710
v -0.800000 69.025993 -201.374863
v -0.550000 67.699318 -200.608902
v -0.425000 68.804878 -201.247208
v -0.675000 68.252098 -200.928055
v 0.075000 65.598740 -199.396133
v -0.175000 68.583763 -201.119537
v -0.050000 68.252098 -200.928055
v 0.075000 67.699318 -200.608902
v -0.550000 65.598740 -199.396133
v 5.200000 66.925423 -200.162094
v 5.825000 66.372635 -199.842941
v 5.950000 66.925423 -200.162094
v 5.325000 65.930412 -199.587631
v 5.075000 66.593750 -199.970612
v 4.825000 65.709297 -199.459961
v 4.200000 66.262077 -199.779114
v 4.200000 65.598740 -199.396133
v 4.700000 66.372635 -199.842941
v 3.075000 66.262077 -199.779114
v 3.075000 65.598740 -199.396133
v 2.575000 66.372635 -199.842941
v 2.450000 65.709297 -199.459961
v 1.950000 66.925423 -200.162094
v 1.950000 65.930412 -199.587631
v 2.200000 66.593750 -199.970612
v 1.450000 70.020996 -201.949326
v 1.450000 66.372635 -199.842941
v 1.825000 67.367645 -200.417419
v 1.200000 69.578773 -201.694016
v 1.200000 66.814865 -200.098267
v 1.075000 69.025993 -201.374863
v 1.075000 67.367645 -200.417419
v 1.950000 69.468216 -201.630173
v 1.950000 70.463226 -202.204651
v 1.825000 69.025993 -201.374863
v 2.200000 69.799889 -201.821671
v 2.450000 70.684334 -202.332306
v 3.075000 70.131554 -202.013153
v 3.075000 70.794891 -202.396133
v 2.575000 70.020996 -201.949326
v 4.200000 70.131554 -202.013153
v 4.200000 70.794891 -202.396133
v 4.700000 70.020996 -201.949326
v 4.825000 70.684334 -202.332306
v 5.200000 69.468216 -201.630173
v 5.325000 70.463226 -202.204651
v 5.075000 69.799889 -201.821671
v 5.950000 69.468216 -201.630173
v 5.825000 70.020996 -201.949326
v 10.825000 65.819855 -199.523804
v 10.324999 65.598740 -199.396133
v 10.950001 65.598740 -199.396133
v 10.075000 66.704308 -200.034439
v 10.075000 66.151520 -199.715286
v 10.075000 69.136551 -201.438690
v 10.699999 66.262077 -199.779114
v 9.825001 66.372635 -199.842941
v 9.700000 65.819855 -199.523804
v 9.450001 66.151520 -199.715286
v 9.450001 65.709297 -199.459961
v 8.950000 66.040970 -199.651459
v 8.950000 65.598740 -199.396133
v 8.449999 66.040970 -199.651459
v 8.449999 65.598740 -199.396133
v 7.950000 66.262077 -199.779114
v 7.950000 65.709297 -199.459961
v 7.575000 66.925423 -200.162094
v 7.575000 65.930412 -199.587631
v 7.700000 66.593750 -199.970612
v 6.950000 69.136551 -201.438690
v 7.200000 66.262077 -199.779114
v 7.075000 66.483192 -199.906769
v 6.950000 66.925423 -200.162094
v 7.575000 69.136551 -201.438690
v 10.699999 69.136551 -201.438690
v 15.825001 66.483192 -199.906769
v 15.825001 68.252098 -200.928055
v 15.700000 68.473213 -201.055710
v 15.325000 68.804878 -201.247208
v 15.949999 66.925423 -200.162094
v 15.949999 67.809868 -200.672729
v 15.325000 67.035973 -200.225922
v 15.325000 65.930412 -199.587631
v 15.325000 67.699318 -200.608902
v 15.075001 66.483192 -199.906769
v 14.950000 65.709297 -199.459961
v 14.700001 66.262077 -199.779114
v 14.449999 65.598740 -199.396133
v 13.699999 66.151520 -199.715286
v 13.699999 65.598740 -199.396133
v 14.200000 66.151520 -199.715286
v 13.200001 66.262077 -199.779114
v 13.200001 65.709297 -199.459961
v 12.825001 66.483192 -199.906769
v 12.949999 65.819855 -199.523804
v 12.700000 66.040970 -199.651459
v 12.574999 66.814865 -200.098267
v 12.574999 66.262077 -199.779114
v 11.950000 70.794891 -202.396133
v 12.574999 65.598740 -199.396133
v 11.950000 65.598740 -199.396133
v 12.574999 68.473213 -201.055710
v 12.574999 70.794891 -202.396133
v 12.574999 67.920425 -200.736557
v 12.825001 68.252098 -200.928055
v 12.700000 68.694321 -201.183365
v 12.949999 68.915436 -201.311035
v 13.200001 68.473213 -201.055710
v 13.200001 69.025993 -201.374863
v 13.699999 68.583763 -201.119537
v 13.699999 69.136551 -201.438690
v 14.449999 68.583763 -201.119537
v 14.449999 69.136551 -201.438690
v 14.950000 68.362656 -200.991882
v 14.950000 69.025993 -201.374863
v 15.199999 68.030983 -200.800400
v -20.203886 -28.370321 -202.699997
v -22.500000 -29.321129 -204.199997
v -22.500000 -29.321129 -202.699997
v -24.797785 -28.369539 -204.199997
v -22.500000 -29.321129 -202.699997
v -22.500000 -29.321129 -204.199997
v 20.203886 -28.370321 -202.699997
v -20.203886 -28.370321 -202.699997
v -22.500000 -29.321129 -202.699997
v -24.796114 -28.370321 -202.699997
v -89.000000 -32.071129 -202.699997
v -24.796114 -28.370321 -202.699997
v 22.500000 -29.321129 -202.699997
v -20.202143 -28.369467 -204.199997
v -22.500000 -29.821129 -204.699997
v -22.500000 -29.321129 -204.199997
v -20.202143 -28.369467 -204.199997
v -25.152203 -28.721756 -204.699997
v -24.797785 -28.369539 -204.199997
v -22.500000 -29.321129 -204.199997
v -22.500000 -29.821129 -204.699997
v -19.251120 -26.071129 -202.699997
v -19.250000 -26.071104 -204.199997
v -19.847631 -28.721592 -204.699997
v -19.250000 -26.071104 -204.199997
v -20.203886 -23.771938 -202.699997
v -20.202215 -23.772720 -204.199997
v -18.750578 -26.071045 -204.699997
v -20.202215 -23.772720 -204.199997
v -22.500000 -22.821129 -202.699997
v -22.500000 -22.821129 -204.199997
v -19.847797 -23.420502 -204.699997
v -22.500000 -22.821129 -204.199997
v -24.796114 -23.771938 -202.699997
v -22.500000 -22.821129 -204.199997
v -22.500000 -22.821129 -202.699997
v -24.797857 -23.772791 -204.199997
v -22.500000 -22.321129 -204.699997
v -22.500000 -22.821129 -204.199997
v -24.797857 -23.772791 -204.199997
v -22.500000 -22.321129 -204.699997
v 22.500000 -22.821129 -202.699997
v -22.500000 -22.821129 -202.699997
v -20.203886 -23.771938 -202.699997
v -24.796114 -23.771938 -202.699997
v 89.000000 -20.071129 -202.699997
v 6.000000 -20.071129 -202.699997
v -6.000000 -20.071129 -202.699997
v 20.203886 -23.771938 -202.699997
v -19.251120 -26.071129 -202.699997
v 19.251120 -26.071129 -202.699997
v -25.750000 -26.071156 -204.199997
v -25.748880 -26.071129 -202.699997
v -25.748880 -26.071129 -202.699997
v -25.152369 -23.420666 -204.699997
v -25.750000 -26.071156 -204.199997
v -26.249422 -26.071213 -204.699997
v 6.000000 -20.071129 -202.699997
v 6.000000 62.928871 -204.699982
v 6.000000 62.928871 -202.699982
v 89.000000 62.928871 -204.699982
v 6.000000 62.928871 -202.699982
v 6.000000 62.928871 -204.699982
v 6.000000 62.928871 -202.699982
v 89.000000 62.928871 -202.699982
v 99.000000 69.928871 -202.699982
v 89.000000 62.928871 -202.699982
v -6.000000 62.928871 -202.699982
v 6.000000 -20.071129 -204.699997
v -6.000000 -115.071129 -204.700012
v 6.000000 62.928871 -204.699982
v 6.000000 -20.071129 -204.699997
v 22.500000 64.678871 -204.699982
v 89.000000 62.928871 -204.699982
v -6.000000 62.928871 -204.699982
v -6.000000 -20.071129 -204.699997
v -6.000000 -32.071129 -204.699997
v 21.153709 71.928871 -204.699982
v 19.228144 70.260147 -204.699982
v 20.102642 65.545952 -204.699982
v 18.812838 67.745255 -204.699982
v 89.000000 -20.071129 -202.699997
v 6.000000 -20.071129 -204.699997
v 6.000000 -20.071129 -202.699997
v 89.000000 -20.071129 -204.699997
v 22.500000 -22.321129 -204.699997
v 89.000000 -20.071129 -204.699997
v 6.000000 -32.071129 -204.699997
v 19.847631 -23.420666 -204.699997
v 89.000000 62.928871 -202.699982
v 89.000000 -20.071129 -204.699997
v 89.000000 -20.071129 -202.699997
v 89.000000 62.928871 -204.699982
v 96.000000 71.928871 -204.699982
v 89.000000 -32.071129 -204.699997
v 22.500000 -29.821129 -204.699997
v 25.152369 -28.721592 -204.699997
v 26.249422 -26.071045 -204.699997
v 25.152203 -23.420502 -204.699997
v 89.000000 -32.071129 -202.699997
v 6.000000 -32.071129 -202.699997
v 24.796114 -28.370321 -202.699997
v 24.796114 -23.771938 -202.699997
v 25.748880 -26.071129 -202.699997
v 26.187181 67.745346 -204.699982
v 24.897512 65.546074 -204.699982
v -98.121323 72.050186 -202.699982
v -98.121307 72.050201 -203.699982
v -99.000000 69.928871 -203.699982
v -98.000000 69.928871 -204.699982
v -99.000000 69.928871 -203.699982
v -98.121307 72.050201 -203.699982
v -99.000000 69.928871 -202.699982
v -99.000000 -122.071129 -203.700012
v -99.000000 69.928871 -202.699982
v -99.000000 69.928871 -203.699982
v -98.000000 -122.071129 -204.700012
v -99.000000 -122.071129 -203.700012
v -99.000000 69.928871 -203.699982
v -98.000000 69.928871 -204.699982
v -96.000000 72.928871 -202.699982
v -96.000000 72.928871 -203.699982
v -97.413887 71.342773 -204.699982
v -96.000000 72.928871 -203.699982
v 96.000000 72.928871 -202.699982
v -96.000000 72.928871 -203.699982
v -96.000000 72.928871 -202.699982
v 96.000000 72.928871 -203.699982
v -96.000000 71.928871 -204.699982
v -96.000000 72.928871 -203.699982
v 96.000000 72.928871 -203.699982
v -96.000000 71.928871 -204.699982
v 96.000000 72.928871 -202.699982
v -96.000000 72.928871 -202.699982
v -98.121323 72.050186 -202.699982
v -22.500000 71.678871 -202.699982
v -99.000000 69.928871 -202.699982
v 98.121323 72.050186 -202.699982
v -99.000000 -122.071129 -202.700012
v -89.000000 62.928871 -202.699982
v -99.000000 -122.071129 -202.700012
v -24.796114 70.728058 -202.699982
v -25.748880 68.428871 -202.699982
v 98.121323 72.050186 -202.699982
v 96.000000 72.928871 -203.699982
v 96.000000 72.928871 -202.699982
v 98.121330 72.050179 -203.699982
v 96.000000 71.928871 -204.699982
v 96.000000 72.928871 -203.699982
v 98.121330 72.050179 -203.699982
v -21.823965 72.022331 -204.606522
v -21.153709 71.928871 -204.699982
v 22.500000 72.053871 -204.574982
v -22.500000 72.053871 -204.574982
v 23.846291 71.928871 -204.699982
v 96.000000 71.928871 -204.699982
v 23.176035 72.022331 -204.606522
v 99.000000 69.928871 -202.699982
v 99.000000 69.928871 -203.699982
v 97.413902 71.342751 -204.699982
v 99.000000 69.928871 -203.699982
v 99.000000 -122.071129 -202.700012
v 99.000000 69.928871 -203.699982
v 99.000000 69.928871 -202.699982
v 99.000000 -122.071129 -203.700012
v 98.000000 69.928871 -204.699982
v 99.000000 69.928871 -203.699982
v 99.000000 -122.071129 -203.700012
v 98.000000 69.928871 -204.699982
v 24.796114 70.728058 -202.699982
v 89.000000 -115.071129 -202.700012
v 99.000000 -122.071129 -202.700012
v 24.796114 66.129677 -202.699982
v 22.500000 65.178871 -202.699982
v 25.748880 68.428871 -202.699982
v 22.500000 71.678871 -202.699982
v 98.121323 -124.192451 -202.700012
v 99.000000 -122.071129 -203.700012
v 99.000000 -122.071129 -202.700012
v 98.121307 -124.192467 -203.700012
v 98.000000 -122.071129 -204.700012
v 99.000000 -122.071129 -203.700012
v 98.121307 -124.192467 -203.700012
v 98.000000 -122.071129 -204.700012
v -98.121323 -124.192451 -202.700012
v 98.121323 -124.192451 -202.700012
v 96.000000 -125.071129 -202.700012
v 96.000000 -125.071129 -203.700012
v 97.413887 -123.485031 -204.700012
v 96.000000 -125.071129 -203.700012
v -96.000000 -125.071129 -202.700012
v 96.000000 -125.071129 -203.700012
v 96.000000 -125.071129 -202.700012
v -96.000000 -125.071129 -203.700012
v 96.000000 -124.071129 -204.700012
v 96.000000 -125.071129 -203.700012
v -96.000000 -125.071129 -203.700012
v 96.000000 -124.071129 -204.700012
v -96.000000 -125.071129 -202.700012
v 96.000000 -125.071129 -202.700012
v -98.121323 -124.192451 -202.700012
v -96.000000 -125.071129 -203.700012
v -96.000000 -125.071129 -202.700012
v -98.121330 -124.192436 -203.700012
v -96.000000 -124.071129 -204.700012
v -96.000000 -125.071129 -203.700012
v -98.121330 -124.192436 -203.700012
v -96.000000 -124.071129 -204.700012
v -99.000000 -122.071129 -202.700012
v -99.000000 -122.071129 -203.700012
v -97.413902 -123.485016 -204.700012
v -99.000000 -122.071129 -203.700012
v -98.000000 -122.071129 -204.700012
v -89.000000 -20.071129 -202.699997
v 6.000000 -115.071129 -202.700012
v -6.000000 -115.071129 -202.700012
v -89.000000 -115.071129 -202.700012
v 20.203886 70.728058 -202.699982
v 22.500000 71.678871 -204.199982
v 22.500000 71.678871 -202.699982
v 24.797785 70.727280 -204.199982
v 22.500000 71.678871 -202.699982
v 22.500000 71.678871 -204.199982
v -20.203886 70.728058 -202.699982
v 20.203886 70.728058 -202.699982
v 24.796114 70.728058 -202.699982
v 20.202143 70.727203 -204.199982
v 22.500000 72.053871 -204.574982
v 22.500000 71.678871 -204.199982
v 20.202143 70.727203 -204.199982
v 23.846291 71.928871 -204.699982
v 24.797785 70.727280 -204.199982
v 22.500000 71.678871 -204.199982
v 23.176035 72.022331 -204.606522
v 22.500000 72.053871 -204.574982
v 19.251120 68.428871 -202.699982
v 19.250000 68.428841 -204.199982
v 19.228144 70.260147 -204.699982
v 19.250000 68.428841 -204.199982
v 21.823404 72.022285 -204.606567
v 21.153709 71.928871 -204.699982
v 20.203886 66.129677 -202.699982
v 20.202215 66.130455 -204.199982
v 18.812838 67.745255 -204.699982
v 20.202215 66.130455 -204.199982
v 22.500000 65.178871 -202.699982
v 22.500000 65.178871 -204.199982
v 20.102642 65.545952 -204.699982
v 22.500000 65.178871 -204.199982
v 24.796114 66.129677 -202.699982
v 22.500000 65.178871 -204.199982
v 22.500000 65.178871 -202.699982
v 24.797857 66.130531 -204.199982
v 22.500000 64.678871 -204.699982
v 22.500000 65.178871 -204.199982
v 24.797857 66.130531 -204.199982
v 22.500000 64.678871 -204.699982
v -22.500000 65.178871 -202.699982
v 20.203886 66.129677 -202.699982
v -20.203886 66.129677 -202.699982
v 19.251120 68.428871 -202.699982
v -19.251120 68.428871 -202.699982
v 25.750000 68.428894 -204.199982
v 25.748880 68.428871 -202.699982
v 26.187181 67.745346 -204.699982
v 25.750000 68.428894 -204.199982
v 24.897512 65.546074 -204.699982
v 25.771812 70.260223 -204.699982
v -20.203886 66.129677 -202.699982
v -22.500000 65.178871 -204.199982
v -22.500000 65.178871 -202.699982
v -24.797785 66.130455 -204.199982
v -22.500000 65.178871 -202.699982
v -22.500000 65.178871 -204.199982
v -24.796114 66.129677 -202.699982
v -24.796114 66.129677 -202.699982
v -20.202143 66.130531 -204.199982
v -22.500000 64.678871 -204.699982
v -22.500000 65.178871 -204.199982
v -20.202143 66.130531 -204.199982
v -24.897358 65.545952 -204.699982
v -24.797785 66.130455 -204.199982
v -22.500000 65.178871 -204.199982
v -22.500000 64.678871 -204.699982
v -19.251120 68.428871 -202.699982
v -19.250000 68.428894 -204.199982
v -18.812819 67.745346 -204.699982
v -19.250000 68.428894 -204.199982
v -20.102488 65.546074 -204.699982
v -20.203886 70.728058 -202.699982
v -20.202215 70.727280 -204.199982
v -19.228188 70.260223 -204.699982
v -20.202215 70.727280 -204.199982
v -22.500000 71.678871 -202.699982
v -22.500000 71.678871 -204.199982
v -21.153709 71.928871 -204.699982
v -22.500000 71.678871 -204.199982
v -24.796114 70.728058 -202.699982
v -22.500000 71.678871 -204.199982
v -22.500000 71.678871 -202.699982
v -24.797857 70.727203 -204.199982
v -22.500000 72.053871 -204.574982
v -22.500000 71.678871 -204.199982
v -24.797857 70.727203 -204.199982
v -21.823965 72.022331 -204.606522
v -22.500000 72.053871 -204.574982
v -25.750000 68.428841 -204.199982
v -25.748880 68.428871 -202.699982
v -25.771856 70.260147 -204.699982
v -25.750000 68.428841 -204.199982
v -23.176596 72.022285 -204.606567
v -23.846291 71.928871 -204.699982
v -26.187162 67.745255 -204.699982
v -89.000000 -20.071129 -202.699997
v -89.000000 62.928871 -204.699982
v -89.000000 62.928871 -202.699982
v -6.000000 62.928871 -204.699982
v -89.000000 62.928871 -202.699982
v -89.000000 62.928871 -204.699982
v -6.000000 62.928871 -202.699982
v -89.000000 -20.071129 -204.699997
v -96.000000 -124.071129 -204.700012
v -89.000000 62.928871 -204.699982
v -89.000000 -20.071129 -204.699997
v -22.500000 64.678871 -204.699982
v -24.897358 65.545952 -204.699982
v -25.771856 70.260147 -204.699982
v -23.846291 71.928871 -204.699982
v -96.000000 71.928871 -204.699982
v -26.187162 67.745255 -204.699982
v -6.000000 -20.071129 -202.699997
v -89.000000 -20.071129 -204.699997
v -89.000000 -20.071129 -202.699997
v -6.000000 -20.071129 -204.699997
v -22.500000 -22.321129 -204.699997
v -89.000000 -32.071129 -204.699997
v -6.000000 62.928871 -202.699982
v -6.000000 -20.071129 -204.699997
v -6.000000 -20.071129 -202.699997
v -6.000000 62.928871 -204.699982
v -19.847631 -28.721592 -204.699997
v -18.750578 -26.071045 -204.699997
v -19.847797 -23.420502 -204.699997
v -20.102488 65.546074 -204.699982
v -18.812819 67.745346 -204.699982
v 89.000000 -115.071129 -202.700012
v 6.000000 -115.071129 -204.700012
v 6.000000 -115.071129 -202.700012
v 6.000000 -32.071129 -204.699997
v 6.000000 -115.071129 -202.700012
v 6.000000 -115.071129 -204.700012
v 6.000000 -32.071129 -202.699997
v 89.000000 -115.071129 -204.700012
v 6.000000 -115.071129 -204.700012
v 89.000000 -115.071129 -204.700012
v 89.000000 -32.071129 -202.699997
v 89.000000 -115.071129 -204.700012
v 89.000000 -115.071129 -202.700012
v 89.000000 -32.071129 -204.699997
v 96.000000 -124.071129 -204.700012
v 6.000000 -32.071129 -202.699997
v 89.000000 -32.071129 -204.699997
v 89.000000 -32.071129 -202.699997
v 6.000000 -32.071129 -204.699997
v 19.847797 -28.721756 -204.699997
v 18.750578 -26.071213 -204.699997
v -6.000000 -32.071129 -202.699997
v -89.000000 -115.071129 -202.700012
v -89.000000 -32.071129 -204.699997
v -89.000000 -32.071129 -202.699997
v -6.000000 -32.071129 -204.699997
v -89.000000 -32.071129 -202.699997
v -89.000000 -32.071129 -204.699997
v -6.000000 -32.071129 -202.699997
v -89.000000 -115.071129 -204.700012
v -89.000000 -115.071129 -204.700012
v -22.500000 -29.821129 -204.699997
v -25.152203 -28.721756 -204.699997
v -25.152369 -23.420666 -204.699997
v -26.249422 -26.071213 -204.699997
v -6.000000 -115.071129 -202.700012
v -89.000000 -115.071129 -204.700012
v -89.000000 -115.071129 -202.700012
v -6.000000 -115.071129 -204.700012
v -6.000000 -32.071129 -202.699997
v -6.000000 -115.071129 -204.700012
v -6.000000 -115.071129 -202.700012
v -6.000000 -32.071129 -204.699997
v 24.796114 -28.370321 -202.699997
v 22.500000 -29.321129 -204.199997
v 22.500000 -29.321129 -202.699997
v 20.202215 -28.369539 -204.199997
v 22.500000 -29.321129 -202.699997
v 22.500000 -29.321129 -204.199997
v 20.203886 -28.370321 -202.699997
v 24.797857 -28.369467 -204.199997
v 22.500000 -29.821129 -204.699997
v 22.500000 -29.321129 -204.199997
v 24.797857 -28.369467 -204.199997
v 19.847797 -28.721756 -204.699997
v 20.202215 -28.369539 -204.199997
v 22.500000 -29.321129 -204.199997
v 22.500000 -29.821129 -204.699997
v 25.748880 -26.071129 -202.699997
v 25.750000 -26.071104 -204.199997
v 25.152369 -28.721592 -204.699997
v 25.750000 -26.071104 -204.199997
v 24.796114 -23.771938 -202.699997
v 24.797785 -23.772720 -204.199997
v 26.249422 -26.071045 -204.699997
v 24.797785 -23.772720 -204.199997
v 22.500000 -22.821129 -202.699997
v 22.500000 -22.821129 -204.199997
v 25.152203 -23.420502 -204.699997
v 22.500000 -22.821129 -204.199997
v 20.203886 -23.771938 -202.699997
v 22.500000 -22.821129 -204.199997
v 22.500000 -22.821129 -202.699997
v 20.202143 -23.772791 -204.199997
v 22.500000 -22.321129 -204.699997
v 22.500000 -22.821129 -204.199997
v 20.202143 -23.772791 -204.199997
v 22.500000 -22.321129 -204.699997
v 19.250000 -26.071156 -204.199997
v 19.251120 -26.071129 -202.699997
v 19.847631 -23.420666 -204.699997
v 19.250000 -26.071156 -204.199997
v 18.750578 -26.071213 -204.699997
v -19.228188 70.260223 -204.699982
v -21.153709 71.928871 -204.699982
v 21.823404 72.022285 -204.606567
v 21.153709 71.928871 -204.699982
v -23.176596 72.022285 -204.606567
v -23.846291 71.928871 -204.699982
v 97.413902 71.342751 -204.699982
v 25.771812 70.260223 -204.699982
v 23.846291 71.928871 -204.699982
v 97.413887 -123.485031 -204.700012
v 98.000000 69.928871 -204.699982
v 98.000000 -122.071129 -204.700012
v -97.413902 -123.485016 -204.700012
v -97.413887 71.342773 -204.699982
v -98.000000 -122.071129 -204.700012
v -98.000000 69.928871 -204.699982
v -75.185394 -59.635471 -202.700012
v -61.379013 -59.635471 -202.700012
v -61.357277 -45.817211 -202.699997
v -61.357277 -45.817211 -204.699997
v -61.357277 -45.817211 -202.699997
v -61.379013 -59.635471 -202.700012
v -75.185394 -45.817211 -202.699997
v -75.185394 -45.817211 -204.699997
v -75.185394 -45.817211 -202.699997
v -61.357277 -45.817211 -202.699997
v -61.357277 -45.817211 -204.699997
v -61.379013 -59.635471 -204.700012
v -61.379013 -59.635471 -202.700012
v -75.185394 -59.635471 -202.700012
v -47.562771 -59.635471 -202.700012
v -61.357277 -73.429985 -202.700012
v -61.379013 -73.429985 -204.700012
v -61.357277 -73.429985 -202.700012
v -61.379013 -59.635471 -202.700012
v -61.379013 -59.635471 -204.700012
v -61.379013 -59.635471 -202.700012
v -47.562771 -59.635471 -202.700012
v -61.379013 -59.635471 -204.700012
v -61.379013 -59.635471 -204.700012
v -75.185394 -59.635471 -204.700012
v -75.185394 -59.635471 -202.700012
v -75.185394 -45.817211 -202.699997
v -75.185394 -59.635471 -204.700012
v -75.185394 -45.817211 -204.699997
v -19.847277 -45.817211 -202.699997
v -19.847277 -73.429985 -202.700012
v -19.847277 -73.429985 -204.700012
v -19.847277 -73.429985 -202.700012
v -61.357277 -73.429985 -202.700012
v -19.847277 -45.817211 -204.699997
v -19.847277 -45.817211 -202.699997
v -19.847277 -73.429985 -202.700012
v -19.847277 -73.429985 -204.700012
v -75.185394 -101.149986 -202.700012
v -61.357277 -101.149986 -202.700012
v -61.379013 -73.429985 -204.700012
v -61.357277 -73.429985 -202.700012
v -61.357277 -101.149986 -202.700012
v -75.185394 -73.429985 -202.700012
v -75.185394 -73.429985 -204.700012
v -75.185394 -73.429985 -202.700012
v -61.357277 -73.429985 -202.700012
v -61.379013 -73.429985 -204.700012
v -61.379013 -73.429985 -204.700012
v -47.562771 -45.817211 -202.699997
v -47.562771 -59.635471 -204.700012
v -47.562771 -59.635471 -202.700012
v -47.562771 -45.817211 -202.699997
v -47.562771 -59.635471 -204.700012
v -47.562771 -45.817211 -204.699997
v -47.562771 -45.817211 -202.699997
v -19.847277 -45.817211 -202.699997
v -47.562771 -45.817211 -204.699997
v -19.847277 -45.817211 -204.699997
v 19.776026 21.536386 -202.699997
v 33.604149 35.342773 -202.699997
v 19.776026 35.364510 -202.699997
v 19.776026 35.364510 -204.699997
v 19.776026 35.364510 -202.699997
v 33.604149 35.342773 -202.699997
v 19.776026 21.536386 -204.699997
v 19.776026 21.536386 -202.699997
v 19.776026 35.364510 -202.699997
v 19.776026 35.364510 -204.699997
v 33.604149 21.536386 -202.699997
v 33.604149 35.342773 -204.699997
v 33.604149 35.342773 -202.699997
v 33.604149 21.536386 -202.699997
v 47.410534 35.342773 -202.699997
v 61.324406 49.170895 -202.699982
v 33.604149 49.170895 -202.699982
v 47.410534 35.342773 -204.699997
v 47.410534 35.342773 -202.699997
v 33.604149 35.342773 -202.699997
v 33.604149 35.342773 -204.699997
v 33.604149 35.342773 -202.699997
v 33.604149 49.170895 -202.699982
v 33.604149 35.342773 -204.699997
v 33.604149 35.342773 -204.699997
v 33.604149 21.536386 -204.699997
v 33.604149 21.536386 -202.699997
v 19.776026 21.536386 -202.699997
v 33.604149 21.536386 -204.699997
v 19.776026 21.536386 -204.699997
v -61.357277 -101.149986 -204.700012
v -61.357277 -101.149986 -202.700012
v -75.185394 -101.149986 -202.700012
v -61.357277 -101.149986 -204.700012
v -75.185394 -101.149986 -204.700012
v -75.185394 -101.149986 -202.700012
v -75.185394 -73.429985 -202.700012
v -75.185394 -101.149986 -204.700012
v -75.185394 -73.429985 -204.700012
v -47.570259 35.352489 -202.699997
v -19.850000 35.352489 -202.699997
v -19.850000 49.158871 -202.699982
v -19.850000 49.158871 -204.699982
v -19.850000 49.158871 -202.699982
v -19.850000 35.352489 -202.699997
v -47.570259 49.158871 -202.699982
v -47.570259 49.158871 -204.699982
v -47.570259 49.158871 -202.699982
v -19.850000 49.158871 -202.699982
v -19.850000 49.158871 -204.699982
v -19.850000 35.352489 -204.699997
v -19.850000 35.352489 -202.699997
v -47.570259 35.352489 -202.699997
v -19.850000 35.352489 -204.699997
v -47.570259 35.352489 -204.699997
v -47.570259 35.352489 -202.699997
v -47.570259 49.158871 -202.699982
v -47.570259 35.352489 -204.699997
v -47.570259 49.158871 -204.699982
v -75.186646 7.632487 -202.699997
v -61.380257 35.352489 -202.699997
v -75.186646 35.352489 -202.699997
v -75.186646 35.352489 -204.699997
v -75.186646 35.352489 -202.699997
v -61.380257 35.352489 -202.699997
v -75.186646 7.632487 -204.699997
v -75.186646 7.632487 -202.699997
v -75.186646 35.352489 -202.699997
v -75.186646 35.352489 -204.699997
v -61.380257 21.546103 -202.699997
v -61.380257 35.352489 -204.699997
v -61.380257 35.352489 -202.699997
v -61.380257 21.546103 -202.699997
v -61.380257 35.352489 -204.699997
v -47.573875 21.546103 -202.699997
v -61.380257 21.546103 -204.699997
v -61.380257 21.546103 -202.699997
v -47.573875 21.546103 -202.699997
v -61.380257 21.546103 -204.699997
v -47.573875 7.666103 -202.699997
v -47.573875 21.546103 -204.699997
v -47.573875 21.546103 -202.699997
v -47.573875 7.666103 -202.699997
v -47.573875 21.546103 -204.699997
v -47.573875 7.632487 -202.699997
v -47.573875 7.666103 -204.699997
v -47.573875 7.666103 -202.699997
v -19.853617 7.666103 -202.699997
v -47.573875 7.666103 -204.699997
v -47.573875 -6.162019 -202.699997
v -19.853617 -6.162019 -202.699997
v -19.853617 7.666103 -202.699997
v -19.853617 7.666103 -204.699997
v -19.853617 7.666103 -202.699997
v -19.853617 -6.162019 -202.699997
v -19.853617 7.666103 -204.699997
v -19.853617 -6.162019 -204.699997
v -19.853617 -6.162019 -202.699997
v -47.573875 -6.162019 -202.699997
v -19.853617 -6.162019 -204.699997
v -47.573875 -6.162019 -204.699997
v -47.573875 -6.162019 -202.699997
v -47.573875 7.632487 -202.699997
v -47.573875 -6.162019 -204.699997
v -47.573875 7.632487 -204.699997
v -47.573875 7.632487 -202.699997
v -75.186646 7.632487 -202.699997
v -47.573875 7.632487 -204.699997
v -75.186646 7.632487 -204.699997
v 47.410534 7.631469 -202.699997
v 61.324406 -6.174915 -202.699997
v 61.324406 49.170895 -204.699982
v 61.324406 49.170895 -202.699982
v 61.324406 -6.174915 -202.699997
v 33.604149 49.170895 -204.699982
v 33.604149 49.170895 -202.699982
v 61.324406 49.170895 -202.699982
v 61.324406 49.170895 -204.699982
v 19.795906 -6.174915 -202.699997
v 61.324406 -6.174915 -204.699997
v 61.324406 -6.174915 -202.699997
v 19.795906 -6.174915 -202.699997
v 61.324406 -6.174915 -204.699997
v 19.795906 7.631469 -202.699997
v 19.795906 -6.174915 -204.699997
v 19.795906 -6.174915 -202.699997
v 19.795906 7.631469 -202.699997
v 19.795906 -6.174915 -204.699997
v 19.795906 7.631469 -204.699997
v 19.795906 7.631469 -202.699997
v 47.410534 7.631469 -202.699997
v 19.795906 7.631469 -204.699997
v 47.410534 7.631469 -204.699997
v 47.410534 7.631469 -202.699997
v 47.410534 35.342773 -202.699997
v 47.410534 7.631469 -204.699997
v 47.410534 35.342773 -204.699997
v 33.604149 49.170895 -204.699982
v 47.414627 -73.477516 -202.700012
v 61.343616 -73.443901 -202.700012
v 47.410534 -73.443901 -202.700012
v 47.414627 -73.477516 -204.700012
v 47.414627 -73.477516 -202.700012
v 19.799999 -73.477516 -202.700012
v 61.343616 -87.323898 -202.700012
v 47.414627 -87.357513 -202.700012
v 47.414627 -87.357513 -204.700012
v 47.414627 -87.357513 -202.700012
v 47.414627 -73.477516 -202.700012
v 47.414627 -73.477516 -204.700012
v 33.628120 -59.649391 -202.700012
v 19.799999 -59.649391 -202.700012
v 19.799999 -73.477516 -202.700012
v 19.799999 -73.477516 -204.700012
v 19.799999 -73.477516 -202.700012
v 19.799999 -59.649391 -202.700012
v 19.799999 -73.477516 -204.700012
v 19.799999 -59.649391 -204.700012
v 19.799999 -59.649391 -202.700012
v 33.628120 -59.649391 -202.700012
v 19.799999 -59.649391 -204.700012
v 75.138123 -45.831127 -202.699997
v 33.628120 -45.831127 -202.699997
v 33.628120 -59.649391 -204.700012
v 33.628120 -59.649391 -202.700012
v 33.628120 -45.831127 -202.699997
v 47.410534 -59.633896 -202.700012
v 33.628120 -59.649391 -204.700012
v 33.628120 -45.831127 -204.699997
v 33.628120 -45.831127 -202.699997
v 75.138123 -45.831127 -202.699997
v 33.628120 -45.831127 -204.699997
v 75.138123 -73.443901 -202.700012
v 75.138123 -45.831127 -204.699997
v 75.138123 -45.831127 -202.699997
v 75.138123 -73.443901 -202.700012
v 61.330532 -59.633896 -202.700012
v 75.138123 -45.831127 -204.699997
v 75.138123 -73.443901 -204.700012
v 75.138123 -73.443901 -202.700012
v 61.343616 -73.443901 -202.700012
v 75.138123 -73.443901 -204.700012
v 61.343616 -73.443901 -204.700012
v 61.343616 -73.443901 -202.700012
v 61.330532 -59.633896 -202.700012
v 47.410534 -73.443901 -204.700012
v 47.410534 -73.443901 -202.700012
v 61.343616 -73.443901 -202.700012
v 61.343616 -73.443901 -204.700012
v 61.343616 -73.443901 -202.700012
v 61.343616 -87.323898 -202.700012
v 61.343616 -73.443901 -204.700012
v 61.343616 -73.443901 -204.700012
v 61.330532 -59.633896 -204.700012
v 61.330532 -59.633896 -202.700012
v 47.410534 -59.633896 -202.700012
v 61.330532 -59.633896 -204.700012
v 47.410534 -59.633896 -204.700012
v 47.410534 -59.633896 -202.700012
v 47.410534 -73.443901 -202.700012
v 47.410534 -59.633896 -204.700012
v 47.410534 -73.443901 -204.700012
v 75.138123 -87.323898 -202.700012
v 61.343616 -87.323898 -204.700012
v 61.343616 -87.323898 -202.700012
v 75.138123 -87.323898 -202.700012
v 61.343616 -87.323898 -204.700012
v 61.343616 -101.152023 -202.700012
v 75.138123 -101.152023 -202.700012
v 75.138123 -87.323898 -204.700012
v 75.138123 -87.323898 -202.700012
v 75.138123 -101.152023 -202.700012
v 61.343616 -87.357513 -202.700012
v 75.138123 -87.323898 -204.700012
v 75.138123 -101.152023 -204.700012
v 75.138123 -101.152023 -202.700012
v 61.343616 -101.152023 -202.700012
v 75.138123 -101.152023 -204.700012
v 61.343616 -101.152023 -204.700012
v 61.343616 -101.152023 -202.700012
v 61.343616 -87.357513 -202.700012
v 61.343616 -101.152023 -204.700012
v 61.343616 -87.357513 -204.700012
v 61.343616 -87.357513 -202.700012
v 47.414627 -87.357513 -202.700012
v 61.343616 -87.357513 -204.700012
v 47.414627 -87.357513 -204.700012
v -75.185394 -59.635471 -204.700012
v -61.357277 -45.817211 -204.699997
v -61.379013 -59.635471 -204.700012
v -47.562771 -59.635471 -204.700012
v -61.379013 -73.429985 -204.700012
v -75.185394 -45.817211 -204.699997
v -19.847277 -45.817211 -204.699997
v -19.847277 -73.429985 -204.700012
v -75.185394 -101.149986 -204.700012
v -61.357277 -101.149986 -204.700012
v -75.185394 -73.429985 -204.700012
v -47.562771 -45.817211 -204.699997
v 19.776026 21.536386 -204.699997
v 19.776026 35.364510 -204.699997
v 33.604149 35.342773 -204.699997
v 33.604149 21.536386 -204.699997
v 33.604149 49.170895 -204.699982
v 61.324406 49.170895 -204.699982
v 47.410534 35.342773 -204.699997
v -47.570259 35.352489 -204.699997
v -47.570259 49.158871 -204.699982
v -19.850000 49.158871 -204.699982
v -19.850000 35.352489 -204.699997
v -61.380257 35.352489 -204.699997
v -75.186646 7.632487 -204.699997
v -75.186646 35.352489 -204.699997
v -47.573875 7.666103 -204.699997
v -47.573875 7.632487 -204.699997
v -47.573875 21.546103 -204.699997
v -61.380257 21.546103 -204.699997
v -19.853617 7.666103 -204.699997
v -47.573875 -6.162019 -204.699997
v -19.853617 -6.162019 -204.699997
v 47.410534 7.631469 -204.699997
v 61.324406 -6.174915 -204.699997
v 19.795906 -6.174915 -204.699997
v 19.795906 7.631469 -204.699997
v 61.343616 -73.443901 -204.700012
v 47.414627 -87.357513 -204.700012
v 47.414627 -73.477516 -204.700012
v 47.410534 -73.443901 -204.700012
v 19.799999 -73.477516 -204.700012
v 61.343616 -87.323898 -204.700012
v 61.343616 -87.357513 -204.700012
v 75.138123 -87.323898 -204.700012
v 61.343616 -101.152023 -204.700012
v 75.138123 -101.152023 -204.700012
v 75.138123 -45.831127 -204.699997
v 61.330532 -59.633896 -204.700012
v 75.138123 -73.443901 -204.700012
v 47.410534 -59.633896 -204.700012
v 33.628120 -59.649391 -204.700012
v 33.628120 -45.831127 -204.699997
v 19.799999 -59.649391 -204.700012
v 13.200001 66.259300 -198.507339
v 13.200001 66.812080 -198.826492
v 12.825001 67.033195 -198.954147
v 13.200001 66.262077 -199.779114
v 12.825001 67.033195 -198.954147
v 13.200001 66.812080 -198.826492
v 12.700000 66.590965 -198.698822
v 12.574999 67.364861 -199.145630
v 12.825001 66.483192 -199.906769
v 12.574999 67.364861 -199.145630
v 12.825001 67.033195 -198.954147
v 12.949999 66.369858 -198.571167
v 12.825001 66.483192 -199.906769
v 13.699999 66.148743 -198.443512
v 13.699999 66.701523 -198.762665
v 13.699999 66.151520 -199.715286
v 13.200001 66.812080 -198.826492
v 13.699999 66.701523 -198.762665
v 13.200001 66.262077 -199.779114
v 14.449999 66.148743 -198.443512
v 14.200000 66.701523 -198.762665
v 14.200000 66.151520 -199.715286
v 13.699999 66.701523 -198.762665
v 14.200000 66.701523 -198.762665
v 13.699999 66.151520 -199.715286
v 14.700001 66.812080 -198.826492
v 14.700001 66.262077 -199.779114
v 14.200000 66.701523 -198.762665
v 14.700001 66.812080 -198.826492
v 14.200000 66.151520 -199.715286
v 14.950000 66.259300 -198.507339
v 15.075001 67.033195 -198.954147
v 15.075001 66.483192 -199.906769
v 14.700001 66.812080 -198.826492
v 15.075001 67.033195 -198.954147
v 14.700001 66.262077 -199.779114
v 15.325000 66.480408 -198.634995
v 15.325000 67.585976 -199.273300
v 15.325000 67.035973 -200.225922
v 15.075001 67.033195 -198.954147
v 15.325000 67.585976 -199.273300
v 15.075001 66.483192 -199.906769
v 15.825001 67.033195 -198.954147
v 15.325000 68.249313 -199.656281
v 15.325000 67.699318 -200.608902
v 15.325000 67.585976 -199.273300
v 15.325000 68.249313 -199.656281
v 15.325000 67.035973 -200.225922
v 14.950000 69.575989 -200.422226
v 15.199999 68.580986 -199.847763
v 15.199999 68.030983 -200.800400
v 15.325000 68.249313 -199.656281
v 15.199999 68.580986 -199.847763
v 15.325000 69.354881 -200.294571
v 15.325000 67.699318 -200.608902
v 14.950000 68.912651 -200.039261
v 14.950000 68.362656 -200.991882
v 15.199999 68.580986 -199.847763
v 14.950000 68.912651 -200.039261
v 15.199999 68.030983 -200.800400
v 14.449999 69.686546 -200.486069
v 14.449999 69.133766 -200.166916
v 14.449999 68.583763 -201.119537
v 14.950000 68.912651 -200.039261
v 14.449999 69.133766 -200.166916
v 14.950000 68.362656 -200.991882
v 13.699999 69.686546 -200.486069
v 13.699999 69.133766 -200.166916
v 13.699999 68.583763 -201.119537
v 14.449999 69.133766 -200.166916
v 13.699999 69.133766 -200.166916
v 14.449999 68.583763 -201.119537
v 13.200001 69.575989 -200.422226
v 13.200001 69.023209 -200.103088
v 13.200001 68.473213 -201.055710
v 13.699999 69.133766 -200.166916
v 13.200001 69.023209 -200.103088
v 13.699999 68.583763 -201.119537
v 12.949999 69.465431 -200.358398
v 12.825001 68.802094 -199.975418
v 12.825001 68.252098 -200.928055
v 13.200001 69.023209 -200.103088
v 12.825001 68.802094 -199.975418
v 13.200001 68.473213 -201.055710
v 12.574999 69.023209 -200.103088
v 12.574999 68.470428 -199.783936
v 12.574999 67.920425 -200.736557
v 12.825001 68.802094 -199.975418
v 12.574999 68.470428 -199.783936
v 12.700000 69.244324 -200.230743
v 12.825001 68.252098 -200.928055
v 11.950000 71.344894 -201.443512
v 12.574999 67.920425 -200.736557
v 12.574999 68.470428 -199.783936
v 12.574999 67.364861 -199.145630
v 12.574999 66.812080 -198.826492
v 12.574999 66.814865 -200.098267
v 12.574999 66.814865 -200.098267
v -15.800000 71.344894 -201.443512
v -15.800000 70.792114 -201.124359
v -15.175000 70.792114 -201.124359
v -15.800000 70.242111 -202.076996
v -15.175000 70.792114 -201.124359
v -15.800000 70.792114 -201.124359
v -15.175000 71.344894 -201.443512
v -15.175000 70.242111 -202.076996
v -15.175000 71.344894 -201.443512
v -15.175000 70.792114 -201.124359
v -15.175000 70.242111 -202.076996
v -15.800000 70.794891 -202.396133
v -15.800000 70.792114 -201.124359
v -15.800000 71.344894 -201.443512
v -15.800000 70.242111 -202.076996
v -15.175000 70.794891 -202.396133
v -15.800000 71.344894 -201.443512
v -15.175000 71.344894 -201.443512
v -15.800000 70.794891 -202.396133
v -15.175000 70.794891 -202.396133
v -15.175000 66.148743 -198.443512
v -15.175000 69.686546 -200.486069
v -15.800000 69.686546 -200.486069
v -15.175000 69.136551 -201.438690
v -15.800000 69.686546 -200.486069
v -15.175000 69.686546 -200.486069
v -15.800000 66.148743 -198.443512
v -15.800000 65.598740 -199.396133
v -15.800000 66.148743 -198.443512
v -15.800000 69.686546 -200.486069
v -15.800000 69.136551 -201.438690
v -15.800000 69.136551 -201.438690
v -15.175000 69.136551 -201.438690
v -15.175000 69.686546 -200.486069
v -15.175000 66.148743 -198.443512
v -15.800000 65.598740 -199.396133
v -15.175000 66.148743 -198.443512
v -15.800000 66.148743 -198.443512
v -15.175000 65.598740 -199.396133
v -15.175000 65.598740 -199.396133
v -13.425000 66.148743 -198.443512
v -14.175000 71.344894 -201.443512
v -14.175000 66.148743 -198.443512
v -14.175000 65.598740 -199.396133
v -14.175000 66.148743 -198.443512
v -14.175000 71.344894 -201.443512
v -14.175000 65.598740 -199.396133
v -13.425000 66.148743 -198.443512
v -14.175000 66.148743 -198.443512
v -13.425000 70.792114 -201.124359
v -11.175000 71.344894 -201.443512
v -14.175000 70.794891 -202.396133
v -14.175000 71.344894 -201.443512
v -11.175000 71.344894 -201.443512
v -13.425000 68.470428 -199.783936
v -13.425000 69.133766 -200.166916
v -14.175000 70.794891 -202.396133
v -10.675000 70.681557 -201.060532
v -10.550000 71.234337 -201.379684
v -10.550000 70.684334 -202.332306
v -11.175000 71.344894 -201.443512
v -10.550000 71.234337 -201.379684
v -11.050000 70.792114 -201.124359
v -11.175000 70.794891 -202.396133
v -11.175000 70.794891 -202.396133
v -10.300000 70.128777 -200.741379
v -10.050000 70.902672 -201.188187
v -10.050000 70.352669 -202.140823
v -10.550000 71.234337 -201.379684
v -10.050000 70.902672 -201.188187
v -10.425000 70.460442 -200.932877
v -10.550000 70.684334 -202.332306
v -9.675000 69.354881 -200.294571
v -9.675000 70.460442 -200.932877
v -9.675000 69.910446 -201.885498
v -10.050000 70.902672 -201.188187
v -9.675000 70.460442 -200.932877
v -10.050000 68.912651 -200.039261
v -10.050000 70.352669 -202.140823
v -9.550000 69.686546 -200.486069
v -9.550000 70.128777 -200.741379
v -9.550000 69.578773 -201.694016
v -9.675000 70.460442 -200.932877
v -9.550000 70.128777 -200.741379
v -9.675000 69.910446 -201.885498
v -9.550000 69.136551 -201.438690
v -9.550000 70.128777 -200.741379
v -9.550000 69.686546 -200.486069
v -9.550000 69.578773 -201.694016
v -9.675000 68.804878 -201.247208
v -9.550000 69.686546 -200.486069
v -9.675000 69.354881 -200.294571
v -9.550000 69.136551 -201.438690
v -10.050000 68.362656 -200.991882
v -9.675000 69.354881 -200.294571
v -10.050000 68.912651 -200.039261
v -9.675000 68.804878 -201.247208
v -10.425000 69.465431 -200.358398
v -10.550000 68.691536 -199.911591
v -10.550000 68.141541 -200.864227
v -10.050000 68.912651 -200.039261
v -10.550000 68.691536 -199.911591
v -10.300000 69.797104 -200.549896
v -10.050000 68.362656 -200.991882
v -10.300000 66.148743 -198.443512
v -9.425000 66.148743 -198.443512
v -10.550000 68.141541 -200.864227
v -10.550000 68.691536 -199.911591
v -9.425000 66.148743 -198.443512
v -10.675000 69.244324 -200.230743
v -10.300000 65.598740 -199.396133
v -9.425000 66.148743 -198.443512
v -10.300000 66.148743 -198.443512
v -9.425000 65.598740 -199.396133
v -9.425000 65.598740 -199.396133
v -11.050000 69.133766 -200.166916
v -11.300000 68.470428 -199.783936
v -10.300000 65.598740 -199.396133
v -10.300000 66.148743 -198.443512
v -11.300000 68.470428 -199.783936
v -11.300000 67.920425 -200.736557
v -11.300000 68.470428 -199.783936
v -13.425000 68.470428 -199.783936
v -11.300000 67.920425 -200.736557
v -13.425000 67.920425 -200.736557
v -13.425000 68.470428 -199.783936
v -13.425000 66.148743 -198.443512
v -13.425000 67.920425 -200.736557
v -13.425000 65.598740 -199.396133
v -13.425000 65.598740 -199.396133
v -13.425000 68.583763 -201.119537
v -13.425000 69.133766 -200.166916
v -11.050000 69.133766 -200.166916
v -13.425000 70.242111 -202.076996
v -13.425000 70.792114 -201.124359
v -13.425000 69.133766 -200.166916
v -13.425000 68.583763 -201.119537
v -10.675000 68.694321 -201.183365
v -11.050000 69.133766 -200.166916
v -10.675000 69.244324 -200.230743
v -11.050000 68.583763 -201.119537
v -11.050000 68.583763 -201.119537
v -10.425000 68.915436 -201.311035
v -10.675000 69.244324 -200.230743
v -10.425000 69.465431 -200.358398
v -10.675000 68.694321 -201.183365
v -10.300000 69.247101 -201.502518
v -10.425000 69.465431 -200.358398
v -10.300000 69.797104 -200.549896
v -10.425000 68.915436 -201.311035
v -10.300000 69.578773 -201.694016
v -10.300000 69.797104 -200.549896
v -10.300000 70.128777 -200.741379
v -10.300000 69.247101 -201.502518
v -10.425000 69.910446 -201.885498
v -10.300000 70.128777 -200.741379
v -10.425000 70.460442 -200.932877
v -10.300000 69.578773 -201.694016
v -10.675000 70.131554 -202.013153
v -10.425000 70.460442 -200.932877
v -10.675000 70.681557 -201.060532
v -10.425000 69.910446 -201.885498
v -11.050000 70.242111 -202.076996
v -10.675000 70.681557 -201.060532
v -11.050000 70.792114 -201.124359
v -10.675000 70.131554 -202.013153
v -11.050000 70.242111 -202.076996
v -11.050000 70.792114 -201.124359
v -13.425000 70.792114 -201.124359
v -13.425000 70.242111 -202.076996
v 14.449999 69.136551 -201.438690
v 13.699999 69.686546 -200.486069
v 14.449999 69.686546 -200.486069
v 13.699999 69.136551 -201.438690
v 13.200001 69.575989 -200.422226
v 13.699999 69.686546 -200.486069
v 13.699999 69.136551 -201.438690
v 14.950000 69.025993 -201.374863
v 14.449999 69.686546 -200.486069
v 14.950000 69.575989 -200.422226
v 14.449999 69.136551 -201.438690
v 15.325000 68.804878 -201.247208
v 14.950000 69.575989 -200.422226
v 15.325000 69.354881 -200.294571
v 14.950000 69.025993 -201.374863
v 15.700000 69.023209 -200.103088
v 15.700000 68.473213 -201.055710
v 15.325000 69.354881 -200.294571
v 15.700000 69.023209 -200.103088
v 15.325000 68.804878 -201.247208
v 15.825001 68.802094 -199.975418
v 15.825001 68.252098 -200.928055
v 15.700000 69.023209 -200.103088
v 15.825001 68.802094 -199.975418
v 15.700000 68.473213 -201.055710
v 15.949999 67.475418 -199.209473
v 15.949999 68.359871 -199.720108
v 15.949999 67.809868 -200.672729
v 15.825001 68.802094 -199.975418
v 15.949999 68.359871 -199.720108
v 15.825001 68.252098 -200.928055
v 15.949999 66.925423 -200.162094
v 15.949999 68.359871 -199.720108
v 15.949999 67.475418 -199.209473
v 15.949999 67.809868 -200.672729
v 15.825001 66.483192 -199.906769
v 15.949999 67.475418 -199.209473
v 15.825001 67.033195 -198.954147
v 15.949999 66.925423 -200.162094
v 15.325000 65.930412 -199.587631
v 15.825001 67.033195 -198.954147
v 15.325000 66.480408 -198.634995
v 15.825001 66.483192 -199.906769
v 14.950000 65.709297 -199.459961
v 15.325000 66.480408 -198.634995
v 14.950000 66.259300 -198.507339
v 15.325000 65.930412 -199.587631
v 14.449999 65.598740 -199.396133
v 14.950000 66.259300 -198.507339
v 14.449999 66.148743 -198.443512
v 14.950000 65.709297 -199.459961
v 13.699999 65.598740 -199.396133
v 14.449999 66.148743 -198.443512
v 13.699999 66.148743 -198.443512
v 14.449999 65.598740 -199.396133
v 13.200001 65.709297 -199.459961
v 13.699999 66.148743 -198.443512
v 13.200001 66.259300 -198.507339
v 13.699999 65.598740 -199.396133
v 12.949999 65.819855 -199.523804
v 13.200001 66.259300 -198.507339
v 12.949999 66.369858 -198.571167
v 13.200001 65.709297 -199.459961
v 12.700000 66.040970 -199.651459
v 12.949999 66.369858 -198.571167
v 12.700000 66.590965 -198.698822
v 12.949999 65.819855 -199.523804
v 12.574999 66.262077 -199.779114
v 12.700000 66.590965 -198.698822
v 12.574999 66.812080 -198.826492
v 12.700000 66.040970 -199.651459
v 12.574999 66.148743 -198.443512
v 12.574999 65.598740 -199.396133
v 12.574999 66.812080 -198.826492
v 12.574999 66.148743 -198.443512
v 12.574999 66.262077 -199.779114
v 11.950000 66.148743 -198.443512
v 11.950000 65.598740 -199.396133
v 12.574999 66.148743 -198.443512
v 11.950000 66.148743 -198.443512
v 12.574999 65.598740 -199.396133
v 11.950000 65.598740 -199.396133
v 11.950000 66.148743 -198.443512
v 11.950000 71.344894 -201.443512
v 12.574999 71.344894 -201.443512
v 12.574999 70.794891 -202.396133
v 11.950000 71.344894 -201.443512
v 12.574999 71.344894 -201.443512
v 11.950000 70.794891 -202.396133
v 11.950000 70.794891 -202.396133
v 12.574999 70.794891 -202.396133
v 12.574999 71.344894 -201.443512
v 12.574999 69.023209 -200.103088
v 12.700000 68.694321 -201.183365
v 12.574999 69.023209 -200.103088
v 12.700000 69.244324 -200.230743
v 12.574999 68.473213 -201.055710
v 12.574999 68.473213 -201.055710
v 12.949999 68.915436 -201.311035
v 12.700000 69.244324 -200.230743
v 12.949999 69.465431 -200.358398
v 12.700000 68.694321 -201.183365
v 13.200001 69.025993 -201.374863
v 12.949999 69.465431 -200.358398
v 13.200001 69.575989 -200.422226
v 12.949999 68.915436 -201.311035
v 13.200001 69.025993 -201.374863
v 10.699999 66.812080 -198.826492
v 10.699999 69.686546 -200.486069
v 10.075000 69.686546 -200.486069
v 10.699999 69.136551 -201.438690
v 10.075000 69.686546 -200.486069
v 10.699999 69.686546 -200.486069
v 10.324999 66.148743 -198.443512
v 10.075000 67.254303 -199.081802
v 10.075000 66.704308 -200.034439
v 10.075000 67.254303 -199.081802
v 10.075000 69.686546 -200.486069
v 10.075000 69.136551 -201.438690
v 10.075000 69.136551 -201.438690
v 10.699999 69.136551 -201.438690
v 10.699999 69.686546 -200.486069
v 10.699999 66.812080 -198.826492
v 10.825000 66.369858 -198.571167
v 10.825000 65.819855 -199.523804
v 10.699999 66.812080 -198.826492
v 10.825000 66.369858 -198.571167
v 10.699999 66.262077 -199.779114
v 10.699999 66.262077 -199.779114
v 10.950001 66.148743 -198.443512
v 10.950001 65.598740 -199.396133
v 10.825000 66.369858 -198.571167
v 10.950001 66.148743 -198.443512
v 10.825000 65.819855 -199.523804
v 10.324999 65.598740 -199.396133
v 10.950001 66.148743 -198.443512
v 10.324999 66.148743 -198.443512
v 10.950001 65.598740 -199.396133
v 10.075000 66.701523 -198.762665
v 10.075000 66.151520 -199.715286
v 10.324999 66.148743 -198.443512
v 10.075000 66.701523 -198.762665
v 10.324999 65.598740 -199.396133
v 9.825001 66.922638 -198.890320
v 9.700000 66.369858 -198.571167
v 9.700000 65.819855 -199.523804
v 10.075000 66.701523 -198.762665
v 9.700000 66.369858 -198.571167
v 10.075000 66.151520 -199.715286
v 9.450001 66.701523 -198.762665
v 9.450001 66.259300 -198.507339
v 9.450001 65.709297 -199.459961
v 9.700000 66.369858 -198.571167
v 9.450001 66.259300 -198.507339
v 9.700000 65.819855 -199.523804
v 8.950000 66.590965 -198.698822
v 8.950000 66.148743 -198.443512
v 8.950000 65.598740 -199.396133
v 9.450001 66.259300 -198.507339
v 8.950000 66.148743 -198.443512
v 9.450001 65.709297 -199.459961
v 8.449999 66.590965 -198.698822
v 8.449999 66.148743 -198.443512
v 8.449999 65.598740 -199.396133
v 8.950000 66.148743 -198.443512
v 8.449999 66.148743 -198.443512
v 8.950000 65.598740 -199.396133
v 7.950000 66.812080 -198.826492
v 7.950000 66.259300 -198.507339
v 7.950000 65.709297 -199.459961
v 8.449999 66.148743 -198.443512
v 7.950000 66.259300 -198.507339
v 8.449999 65.598740 -199.396133
v 7.575000 67.475418 -199.209473
v 7.575000 66.480408 -198.634995
v 7.575000 65.930412 -199.587631
v 7.950000 66.259300 -198.507339
v 7.575000 66.480408 -198.634995
v 7.700000 67.143753 -199.017975
v 7.950000 65.709297 -199.459961
v 6.950000 69.686546 -200.486069
v 7.200000 66.812080 -198.826492
v 7.200000 66.262077 -199.779114
v 7.575000 66.480408 -198.634995
v 7.200000 66.812080 -198.826492
v 7.575000 65.930412 -199.587631
v 7.075000 67.033195 -198.954147
v 7.075000 66.483192 -199.906769
v 7.200000 66.812080 -198.826492
v 7.075000 67.033195 -198.954147
v 7.200000 66.262077 -199.779114
v 6.950000 67.475418 -199.209473
v 6.950000 66.925423 -200.162094
v 7.075000 67.033195 -198.954147
v 6.950000 67.475418 -199.209473
v 7.075000 66.483192 -199.906769
v 6.950000 66.925423 -200.162094
v 6.950000 67.475418 -199.209473
v 6.950000 69.686546 -200.486069
v 7.575000 69.686546 -200.486069
v 7.575000 69.136551 -201.438690
v 6.950000 69.686546 -200.486069
v 7.575000 69.686546 -200.486069
v 6.950000 69.136551 -201.438690
v 6.950000 69.136551 -201.438690
v 7.575000 69.136551 -201.438690
v 7.575000 69.686546 -200.486069
v 7.575000 67.475418 -199.209473
v 7.700000 66.593750 -199.970612
v 7.575000 67.475418 -199.209473
v 7.700000 67.143753 -199.017975
v 7.575000 66.925423 -200.162094
v 7.575000 66.925423 -200.162094
v 7.950000 66.262077 -199.779114
v 7.700000 67.143753 -199.017975
v 7.950000 66.812080 -198.826492
v 7.700000 66.593750 -199.970612
v 8.449999 66.040970 -199.651459
v 7.950000 66.812080 -198.826492
v 8.449999 66.590965 -198.698822
v 7.950000 66.262077 -199.779114
v 8.950000 66.040970 -199.651459
v 8.449999 66.590965 -198.698822
v 8.950000 66.590965 -198.698822
v 8.449999 66.040970 -199.651459
v 9.450001 66.151520 -199.715286
v 8.950000 66.590965 -198.698822
v 9.450001 66.701523 -198.762665
v 8.950000 66.040970 -199.651459
v 9.825001 66.372635 -199.842941
v 9.450001 66.701523 -198.762665
v 9.825001 66.922638 -198.890320
v 9.450001 66.151520 -199.715286
v 10.075000 66.704308 -200.034439
v 9.825001 66.922638 -198.890320
v 10.075000 67.254303 -199.081802
v 9.825001 66.372635 -199.842941
v 5.075000 67.143753 -199.017975
v 4.825000 66.259300 -198.507339
v 5.325000 66.480408 -198.634995
v 4.825000 65.709297 -199.459961
v 5.325000 66.480408 -198.634995
v 4.825000 66.259300 -198.507339
v 5.200000 67.475418 -199.209473
v 5.825000 66.922638 -198.890320
v 5.325000 65.930412 -199.587631
v 5.825000 66.922638 -198.890320
v 5.325000 66.480408 -198.634995
v 5.325000 65.930412 -199.587631
v 4.200000 66.812080 -198.826492
v 4.200000 66.148743 -198.443512
v 4.200000 65.598740 -199.396133
v 4.825000 66.259300 -198.507339
v 4.200000 66.148743 -198.443512
v 4.700000 66.922638 -198.890320
v 4.825000 65.709297 -199.459961
v 3.075000 66.812080 -198.826492
v 3.075000 66.148743 -198.443512
v 4.200000 65.598740 -199.396133
v 4.200000 66.148743 -198.443512
v 3.075000 66.148743 -198.443512
v 2.575000 66.922638 -198.890320
v 2.450000 66.259300 -198.507339
v 2.450000 65.709297 -199.459961
v 3.075000 66.148743 -198.443512
v 2.450000 66.259300 -198.507339
v 3.075000 65.598740 -199.396133
v 3.075000 65.598740 -199.396133
v 1.950000 67.475418 -199.209473
v 1.950000 66.480408 -198.634995
v 1.950000 65.930412 -199.587631
v 2.450000 66.259300 -198.507339
v 1.950000 66.480408 -198.634995
v 2.200000 67.143753 -199.017975
v 2.450000 65.709297 -199.459961
v 1.450000 70.570999 -200.996704
v 1.450000 66.922638 -198.890320
v 1.450000 66.372635 -199.842941
v 1.950000 66.480408 -198.634995
v 1.450000 66.922638 -198.890320
v 1.825000 67.917648 -199.464783
v 1.950000 65.930412 -199.587631
v 1.200000 70.128777 -200.741379
v 1.200000 67.364861 -199.145630
v 1.200000 66.814865 -200.098267
v 1.450000 66.922638 -198.890320
v 1.200000 67.364861 -199.145630
v 1.450000 66.372635 -199.842941
v 1.075000 69.575989 -200.422226
v 1.075000 67.917648 -199.464783
v 1.075000 67.367645 -200.417419
v 1.200000 67.364861 -199.145630
v 1.075000 67.917648 -199.464783
v 1.200000 66.814865 -200.098267
v 1.075000 67.367645 -200.417419
v 1.075000 67.917648 -199.464783
v 1.075000 69.575989 -200.422226
v 1.200000 69.578773 -201.694016
v 1.075000 69.575989 -200.422226
v 1.200000 70.128777 -200.741379
v 1.075000 69.025993 -201.374863
v 1.075000 69.025993 -201.374863
v 1.450000 70.020996 -201.949326
v 1.200000 70.128777 -200.741379
v 1.450000 70.570999 -200.996704
v 1.200000 69.578773 -201.694016
v 1.950000 70.018219 -200.677551
v 1.950000 71.013222 -201.252014
v 1.950000 70.463226 -202.204651
v 1.450000 70.570999 -200.996704
v 1.950000 71.013222 -201.252014
v 1.825000 69.575989 -200.422226
v 1.450000 70.020996 -201.949326
v 2.200000 70.349884 -200.869034
v 2.450000 71.234337 -201.379684
v 2.450000 70.684334 -202.332306
v 1.950000 71.013222 -201.252014
v 2.450000 71.234337 -201.379684
v 1.950000 70.463226 -202.204651
v 3.075000 70.681557 -201.060532
v 3.075000 71.344894 -201.443512
v 3.075000 70.794891 -202.396133
v 2.450000 71.234337 -201.379684
v 3.075000 71.344894 -201.443512
v 2.575000 70.570999 -200.996704
v 2.450000 70.684334 -202.332306
v 4.200000 70.681557 -201.060532
v 4.200000 71.344894 -201.443512
v 3.075000 70.794891 -202.396133
v 3.075000 71.344894 -201.443512
v 4.200000 71.344894 -201.443512
v 4.700000 70.570999 -200.996704
v 4.825000 71.234337 -201.379684
v 4.825000 70.684334 -202.332306
v 4.200000 71.344894 -201.443512
v 4.825000 71.234337 -201.379684
v 4.200000 70.794891 -202.396133
v 4.200000 70.794891 -202.396133
v 5.200000 70.018219 -200.677551
v 5.325000 71.013222 -201.252014
v 5.325000 70.463226 -202.204651
v 4.825000 71.234337 -201.379684
v 5.325000 71.013222 -201.252014
v 5.075000 70.349884 -200.869034
v 4.825000 70.684334 -202.332306
v 5.950000 70.018219 -200.677551
v 5.825000 70.570999 -200.996704
v 5.825000 70.020996 -201.949326
v 5.325000 71.013222 -201.252014
v 5.825000 70.570999 -200.996704
v 5.325000 70.463226 -202.204651
v 5.950000 69.468216 -201.630173
v 5.825000 70.570999 -200.996704
v 5.950000 70.018219 -200.677551
v 5.825000 70.020996 -201.949326
v 5.200000 69.468216 -201.630173
v 5.950000 70.018219 -200.677551
v 5.200000 70.018219 -200.677551
v 5.950000 69.468216 -201.630173
v 5.075000 69.799889 -201.821671
v 5.200000 70.018219 -200.677551
v 5.075000 70.349884 -200.869034
v 5.200000 69.468216 -201.630173
v 4.700000 70.020996 -201.949326
v 5.075000 70.349884 -200.869034
v 4.700000 70.570999 -200.996704
v 5.075000 69.799889 -201.821671
v 4.200000 70.131554 -202.013153
v 4.700000 70.570999 -200.996704
v 4.200000 70.681557 -201.060532
v 4.700000 70.020996 -201.949326
v 4.200000 70.131554 -202.013153
v 4.200000 70.681557 -201.060532
v 3.075000 70.681557 -201.060532
v 2.575000 70.020996 -201.949326
v 3.075000 70.681557 -201.060532
v 2.575000 70.570999 -200.996704
v 3.075000 70.131554 -202.013153
v 3.075000 70.131554 -202.013153
v 2.200000 69.799889 -201.821671
v 2.575000 70.570999 -200.996704
v 2.200000 70.349884 -200.869034
v 2.575000 70.020996 -201.949326
v 1.950000 69.468216 -201.630173
v 2.200000 70.349884 -200.869034
v 1.950000 70.018219 -200.677551
v 2.200000 69.799889 -201.821671
v 1.825000 69.025993 -201.374863
v 1.950000 70.018219 -200.677551
v 1.825000 69.575989 -200.422226
v 1.950000 69.468216 -201.630173
v 1.825000 69.025993 -201.374863
v 1.825000 69.575989 -200.422226
v 1.825000 67.917648 -199.464783
v 1.950000 66.925423 -200.162094
v 1.825000 67.917648 -199.464783
v 1.950000 67.475418 -199.209473
v 1.825000 67.367645 -200.417419
v 1.825000 67.367645 -200.417419
v 2.200000 66.593750 -199.970612
v 1.950000 67.475418 -199.209473
v 2.200000 67.143753 -199.017975
v 1.950000 66.925423 -200.162094
v 2.575000 66.372635 -199.842941
v 2.200000 67.143753 -199.017975
v 2.575000 66.922638 -198.890320
v 2.200000 66.593750 -199.970612
v 3.075000 66.262077 -199.779114
v 2.575000 66.922638 -198.890320
v 3.075000 66.812080 -198.826492
v 2.575000 66.372635 -199.842941
v 3.075000 66.262077 -199.779114
v 3.075000 66.812080 -198.826492
v 4.200000 66.812080 -198.826492
v 4.700000 66.372635 -199.842941
v 4.200000 66.812080 -198.826492
v 4.700000 66.922638 -198.890320
v 4.200000 66.262077 -199.779114
v 4.200000 66.262077 -199.779114
v 5.075000 66.593750 -199.970612
v 4.700000 66.922638 -198.890320
v 5.075000 67.143753 -199.017975
v 4.700000 66.372635 -199.842941
v 5.200000 66.925423 -200.162094
v 5.075000 67.143753 -199.017975
v 5.200000 67.475418 -199.209473
v 5.075000 66.593750 -199.970612
v 5.950000 67.475418 -199.209473
v 5.950000 66.925423 -200.162094
v 5.200000 67.475418 -199.209473
v 5.950000 67.475418 -199.209473
v 5.200000 66.925423 -200.162094
v 5.825000 66.372635 -199.842941
v 5.950000 67.475418 -199.209473
v 5.825000 66.922638 -198.890320
v 5.950000 66.925423 -200.162094
v 5.825000 66.372635 -199.842941
v -6.925000 69.686546 -200.486069
v -6.675000 69.244324 -200.230743
v -6.175000 69.244324 -200.230743
v -6.675000 68.694321 -201.183365
v -6.175000 69.244324 -200.230743
v -6.675000 69.244324 -200.230743
v -5.925000 69.686546 -200.486069
v -5.675000 69.133766 -200.166916
v -6.175000 68.694321 -201.183365
v -5.675000 69.133766 -200.166916
v -6.175000 69.244324 -200.230743
v -6.175000 68.694321 -201.183365
v -7.175000 69.133766 -200.166916
v -7.175000 68.583763 -201.119537
v -6.675000 69.244324 -200.230743
v -7.175000 69.133766 -200.166916
v -6.675000 68.694321 -201.183365
v -7.425000 69.575989 -200.422226
v -7.425000 68.912651 -200.039261
v -7.425000 68.362656 -200.991882
v -7.175000 69.133766 -200.166916
v -7.425000 68.912651 -200.039261
v -7.175000 68.583763 -201.119537
v -7.675000 69.465431 -200.358398
v -7.675000 68.580986 -199.847763
v -7.675000 68.030983 -200.800400
v -7.425000 68.912651 -200.039261
v -7.675000 68.580986 -199.847763
v -7.425000 68.362656 -200.991882
v -7.925000 69.244324 -200.230743
v -7.800000 68.138756 -199.592453
v -7.800000 67.588760 -200.545074
v -7.675000 68.580986 -199.847763
v -7.800000 68.138756 -199.592453
v -7.675000 68.030983 -200.800400
v -7.800000 67.696533 -199.337128
v -7.800000 67.146530 -200.289749
v -7.800000 68.138756 -199.592453
v -7.800000 67.696533 -199.337128
v -7.800000 67.588760 -200.545074
v -7.675000 66.369858 -198.571167
v -7.675000 67.254303 -199.081802
v -7.675000 66.704308 -200.034439
v -7.800000 67.696533 -199.337128
v -7.675000 67.254303 -199.081802
v -7.925000 66.590965 -198.698822
v -7.800000 67.146530 -200.289749
v -7.425000 66.259300 -198.507339
v -7.425000 66.922638 -198.890320
v -7.425000 66.372635 -199.842941
v -7.675000 67.254303 -199.081802
v -7.425000 66.922638 -198.890320
v -7.675000 66.704308 -200.034439
v -6.925000 66.148743 -198.443512
v -7.175000 66.701523 -198.762665
v -7.175000 66.151520 -199.715286
v -7.425000 66.922638 -198.890320
v -7.175000 66.701523 -198.762665
v -7.425000 66.372635 -199.842941
v -6.675000 66.590965 -198.698822
v -6.675000 66.040970 -199.651459
v -7.175000 66.701523 -198.762665
v -6.675000 66.590965 -198.698822
v -7.175000 66.151520 -199.715286
v -5.925000 66.148743 -198.443512
v -6.175000 66.590965 -198.698822
v -6.175000 66.040970 -199.651459
v -6.675000 66.590965 -198.698822
v -6.175000 66.590965 -198.698822
v -6.675000 66.040970 -199.651459
v -5.675000 66.701523 -198.762665
v -5.675000 66.151520 -199.715286
v -6.175000 66.590965 -198.698822
v -5.675000 66.701523 -198.762665
v -6.175000 66.040970 -199.651459
v -5.425000 66.259300 -198.507339
v -5.425000 66.922638 -198.890320
v -5.425000 66.372635 -199.842941
v -5.675000 66.701523 -198.762665
v -5.425000 66.922638 -198.890320
v -5.675000 66.151520 -199.715286
v -5.175000 66.369858 -198.571167
v -5.175000 67.254303 -199.081802
v -5.175000 66.704308 -200.034439
v -5.425000 66.922638 -198.890320
v -5.175000 67.254303 -199.081802
v -5.425000 66.372635 -199.842941
v -4.925000 66.590965 -198.698822
v -5.050000 67.696533 -199.337128
v -5.050000 67.146530 -200.289749
v -5.175000 67.254303 -199.081802
v -5.050000 67.696533 -199.337128
v -5.175000 66.704308 -200.034439
v -5.050000 68.138756 -199.592453
v -5.050000 67.588760 -200.545074
v -5.050000 67.696533 -199.337128
v -5.050000 68.138756 -199.592453
v -5.050000 67.146530 -200.289749
v -5.175000 69.465431 -200.358398
v -5.175000 68.580986 -199.847763
v -5.175000 68.030983 -200.800400
v -5.050000 68.138756 -199.592453
v -5.175000 68.580986 -199.847763
v -4.925000 69.244324 -200.230743
v -5.050000 67.588760 -200.545074
v -5.425000 69.575989 -200.422226
v -5.425000 68.912651 -200.039261
v -5.425000 68.362656 -200.991882
v -5.175000 68.580986 -199.847763
v -5.425000 68.912651 -200.039261
v -5.175000 68.030983 -200.800400
v -5.675000 68.583763 -201.119537
v -5.425000 68.912651 -200.039261
v -5.675000 69.133766 -200.166916
v -5.425000 68.362656 -200.991882
v -5.675000 68.583763 -201.119537
v -5.925000 69.136551 -201.438690
v -6.925000 69.686546 -200.486069
v -5.925000 69.686546 -200.486069
v -6.925000 69.136551 -201.438690
v -7.425000 69.575989 -200.422226
v -6.925000 69.686546 -200.486069
v -6.925000 69.136551 -201.438690
v -5.425000 69.025993 -201.374863
v -5.925000 69.686546 -200.486069
v -5.425000 69.575989 -200.422226
v -5.925000 69.136551 -201.438690
v -5.175000 68.915436 -201.311035
v -5.425000 69.575989 -200.422226
v -5.175000 69.465431 -200.358398
v -5.425000 69.025993 -201.374863
v -4.925000 68.694321 -201.183365
v -5.175000 69.465431 -200.358398
v -4.925000 69.244324 -200.230743
v -5.175000 68.915436 -201.311035
v -4.675000 66.922638 -198.890320
v -4.675000 68.912651 -200.039261
v -4.675000 68.362656 -200.991882
v -4.925000 69.244324 -200.230743
v -4.675000 68.912651 -200.039261
v -4.925000 68.694321 -201.183365
v -4.425000 67.696533 -199.337128
v -4.550000 68.580986 -199.847763
v -4.550000 68.030983 -200.800400
v -4.675000 68.912651 -200.039261
v -4.550000 68.580986 -199.847763
v -4.675000 68.362656 -200.991882
v -4.425000 68.138756 -199.592453
v -4.425000 67.588760 -200.545074
v -4.550000 68.580986 -199.847763
v -4.425000 68.138756 -199.592453
v -4.550000 68.030983 -200.800400
v -4.425000 67.146530 -200.289749
v -4.425000 68.138756 -199.592453
v -4.425000 67.696533 -199.337128
v -4.425000 67.588760 -200.545074
v -4.675000 66.372635 -199.842941
v -4.425000 67.696533 -199.337128
v -4.675000 66.922638 -198.890320
v -4.425000 67.146530 -200.289749
v -4.925000 66.040970 -199.651459
v -4.675000 66.922638 -198.890320
v -4.925000 66.590965 -198.698822
v -4.675000 66.372635 -199.842941
v -5.175000 65.819855 -199.523804
v -4.925000 66.590965 -198.698822
v -5.175000 66.369858 -198.571167
v -4.925000 66.040970 -199.651459
v -5.425000 65.709297 -199.459961
v -5.175000 66.369858 -198.571167
v -5.425000 66.259300 -198.507339
v -5.175000 65.819855 -199.523804
v -5.925000 65.598740 -199.396133
v -5.425000 66.259300 -198.507339
v -5.925000 66.148743 -198.443512
v -5.425000 65.709297 -199.459961
v -6.925000 65.598740 -199.396133
v -5.925000 66.148743 -198.443512
v -6.925000 66.148743 -198.443512
v -5.925000 65.598740 -199.396133
v -7.425000 65.709297 -199.459961
v -6.925000 66.148743 -198.443512
v -7.425000 66.259300 -198.507339
v -6.925000 65.598740 -199.396133
v -7.675000 65.819855 -199.523804
v -7.425000 66.259300 -198.507339
v -7.675000 66.369858 -198.571167
v -7.425000 65.709297 -199.459961
v -7.925000 66.040970 -199.651459
v -7.675000 66.369858 -198.571167
v -7.925000 66.590965 -198.698822
v -7.675000 65.819855 -199.523804
v -8.175000 68.912651 -200.039261
v -8.175000 66.922638 -198.890320
v -8.175000 66.372635 -199.842941
v -7.925000 66.590965 -198.698822
v -8.175000 66.922638 -198.890320
v -7.925000 66.040970 -199.651459
v -8.425000 68.138756 -199.592453
v -8.425000 67.696533 -199.337128
v -8.425000 67.146530 -200.289749
v -8.175000 66.922638 -198.890320
v -8.425000 67.696533 -199.337128
v -8.300000 68.580986 -199.847763
v -8.175000 66.372635 -199.842941
v -8.425000 67.588760 -200.545074
v -8.425000 67.696533 -199.337128
v -8.425000 68.138756 -199.592453
v -8.425000 67.146530 -200.289749
v -8.300000 68.030983 -200.800400
v -8.425000 68.138756 -199.592453
v -8.300000 68.580986 -199.847763
v -8.425000 67.588760 -200.545074
v -8.175000 68.362656 -200.991882
v -8.300000 68.580986 -199.847763
v -8.175000 68.912651 -200.039261
v -8.300000 68.030983 -200.800400
v -7.925000 68.694321 -201.183365
v -8.175000 68.912651 -200.039261
v -7.925000 69.244324 -200.230743
v -8.175000 68.362656 -200.991882
v -7.675000 68.915436 -201.311035
v -7.925000 69.244324 -200.230743
v -7.675000 69.465431 -200.358398
v -7.925000 68.694321 -201.183365
v -7.425000 69.025993 -201.374863
v -7.675000 69.465431 -200.358398
v -7.425000 69.575989 -200.422226
v -7.675000 68.915436 -201.311035
v -7.425000 69.025993 -201.374863
v -2.175000 69.575989 -200.422226
v -2.175000 69.133766 -200.166916
v -1.675000 69.244324 -200.230743
v -2.175000 68.583763 -201.119537
v -1.675000 69.244324 -200.230743
v -2.175000 69.133766 -200.166916
v -1.675000 69.686546 -200.486069
v -1.175000 69.133766 -200.166916
v -1.675000 68.694321 -201.183365
v -1.175000 69.133766 -200.166916
v -1.675000 69.244324 -200.230743
v -1.675000 68.694321 -201.183365
v -2.550000 69.354881 -200.294571
v -2.550000 68.912651 -200.039261
v -2.550000 68.362656 -200.991882
v -2.175000 69.133766 -200.166916
v -2.550000 68.912651 -200.039261
v -2.175000 68.583763 -201.119537
v -2.800000 69.133766 -200.166916
v -2.800000 68.691536 -199.911591
v -2.800000 68.141541 -200.864227
v -2.550000 68.912651 -200.039261
v -2.800000 68.691536 -199.911591
v -2.550000 68.362656 -200.991882
v -3.425000 69.686546 -200.486069
v -2.800000 66.148743 -198.443512
v -2.800000 68.141541 -200.864227
v -2.800000 68.691536 -199.911591
v -2.800000 66.148743 -198.443512
v -3.425000 66.148743 -198.443512
v -3.425000 65.598740 -199.396133
v -2.800000 66.148743 -198.443512
v -3.425000 66.148743 -198.443512
v -2.800000 65.598740 -199.396133
v -2.800000 65.598740 -199.396133
v -3.425000 65.598740 -199.396133
v -3.425000 66.148743 -198.443512
v -3.425000 69.686546 -200.486069
v -2.800000 69.686546 -200.486069
v -2.800000 69.136551 -201.438690
v -3.425000 69.686546 -200.486069
v -2.800000 69.686546 -200.486069
v -3.425000 69.136551 -201.438690
v -3.425000 69.136551 -201.438690
v -2.800000 68.583763 -201.119537
v -2.800000 69.686546 -200.486069
v -2.800000 69.133766 -200.166916
v -2.800000 69.136551 -201.438690
v -2.550000 68.804878 -201.247208
v -2.800000 69.133766 -200.166916
v -2.550000 69.354881 -200.294571
v -2.800000 68.583763 -201.119537
v -2.175000 69.025993 -201.374863
v -2.550000 69.354881 -200.294571
v -2.175000 69.575989 -200.422226
v -2.550000 68.804878 -201.247208
v -1.675000 69.136551 -201.438690
v -2.175000 69.575989 -200.422226
v -1.675000 69.686546 -200.486069
v -2.175000 69.025993 -201.374863
v -1.175000 69.686546 -200.486069
v -1.175000 69.136551 -201.438690
v -1.675000 69.686546 -200.486069
v -1.175000 69.686546 -200.486069
v -1.675000 69.136551 -201.438690
v -0.925000 69.023209 -200.103088
v -0.800000 69.575989 -200.422226
v -0.800000 69.025993 -201.374863
v -1.175000 69.686546 -200.486069
v -0.800000 69.575989 -200.422226
v -1.175000 69.136551 -201.438690
v -0.550000 68.249313 -199.656281
v -0.425000 69.354881 -200.294571
v -0.425000 68.804878 -201.247208
v -0.800000 69.575989 -200.422226
v -0.425000 69.354881 -200.294571
v -0.675000 68.802094 -199.975418
v -0.800000 69.025993 -201.374863
v 0.075000 66.148743 -198.443512
v -0.175000 69.133766 -200.166916
v -0.175000 68.583763 -201.119537
v -0.425000 69.354881 -200.294571
v -0.175000 69.133766 -200.166916
v -0.425000 68.804878 -201.247208
v -0.050000 68.802094 -199.975418
v -0.050000 68.252098 -200.928055
v -0.175000 69.133766 -200.166916
v -0.050000 68.802094 -199.975418
v -0.175000 68.583763 -201.119537
v 0.075000 68.249313 -199.656281
v 0.075000 67.699318 -200.608902
v -0.050000 68.802094 -199.975418
v 0.075000 68.249313 -199.656281
v -0.050000 68.252098 -200.928055
v 0.075000 67.699318 -200.608902
v 0.075000 68.249313 -199.656281
v 0.075000 66.148743 -198.443512
v -0.550000 66.148743 -198.443512
v -0.550000 65.598740 -199.396133
v 0.075000 66.148743 -198.443512
v -0.550000 66.148743 -198.443512
v 0.075000 65.598740 -199.396133
v 0.075000 65.598740 -199.396133
v -0.550000 65.598740 -199.396133
v -0.550000 66.148743 -198.443512
v -0.550000 68.249313 -199.656281
v -0.675000 68.252098 -200.928055
v -0.550000 68.249313 -199.656281
v -0.675000 68.802094 -199.975418
v -0.550000 67.699318 -200.608902
v -0.550000 67.699318 -200.608902
v -0.925000 68.473213 -201.055710
v -0.675000 68.802094 -199.975418
v -0.925000 69.023209 -200.103088
v -0.675000 68.252098 -200.928055
v -1.175000 68.583763 -201.119537
v -0.925000 69.023209 -200.103088
v -1.175000 69.133766 -200.166916
v -0.925000 68.473213 -201.055710
v -1.175000 68.583763 -201.119537
v 12.574999 66.262077 -199.779114
v 12.574999 66.814865 -200.098267
v 12.825001 66.483192 -199.906769
v 11.950000 65.598740 -199.396133
v 12.574999 67.920425 -200.736557
v 12.949999 65.819855 -199.523804
v 13.200001 66.262077 -199.779114
v 12.700000 66.040970 -199.651459
v 12.700000 68.694321 -201.183365
v 12.825001 68.252098 -200.928055
v 12.574999 68.473213 -201.055710
v 13.200001 69.025993 -201.374863
v 13.200001 68.473213 -201.055710
v 12.949999 68.915436 -201.311035
v 13.699999 69.136551 -201.438690
v 13.699999 68.583763 -201.119537
v 14.449999 69.136551 -201.438690
v 14.449999 68.583763 -201.119537
v 14.950000 69.025993 -201.374863
v 14.950000 68.362656 -200.991882
v 15.325000 68.804878 -201.247208
v 15.199999 68.030983 -200.800400
v 15.325000 67.699318 -200.608902
v 15.700000 68.473213 -201.055710
v 15.325000 67.035973 -200.225922
v 14.950000 65.709297 -199.459961
v 15.075001 66.483192 -199.906769
v 15.325000 65.930412 -199.587631
v 14.700001 66.262077 -199.779114
v 14.449999 65.598740 -199.396133
v 14.200000 66.151520 -199.715286
v 13.699999 65.598740 -199.396133
v 13.699999 66.151520 -199.715286
v 13.200001 65.709297 -199.459961
v -15.800000 70.242111 -202.076996
v -15.175000 70.794891 -202.396133
v -15.175000 70.242111 -202.076996
v -15.800000 70.794891 -202.396133
v -15.175000 69.136551 -201.438690
v -15.800000 65.598740 -199.396133
v -15.800000 69.136551 -201.438690
v -15.175000 65.598740 -199.396133
v -13.425000 67.920425 -200.736557
v -13.425000 65.598740 -199.396133
v -14.175000 65.598740 -199.396133
v -13.425000 68.583763 -201.119537
v -13.425000 70.242111 -202.076996
v -14.175000 70.794891 -202.396133
v -11.050000 68.583763 -201.119537
v -11.300000 67.920425 -200.736557
v -10.550000 68.141541 -200.864227
v -10.300000 65.598740 -199.396133
v -10.675000 68.694321 -201.183365
v -9.425000 65.598740 -199.396133
v -10.300000 69.247101 -201.502518
v -10.050000 68.362656 -200.991882
v -10.425000 68.915436 -201.311035
v -9.675000 69.910446 -201.885498
v -9.675000 68.804878 -201.247208
v -10.050000 70.352669 -202.140823
v -9.550000 69.578773 -201.694016
v -9.550000 69.136551 -201.438690
v -10.425000 69.910446 -201.885498
v -10.550000 70.684334 -202.332306
v -10.300000 69.578773 -201.694016
v -11.050000 70.242111 -202.076996
v -11.175000 70.794891 -202.396133
v -10.675000 70.131554 -202.013153
v 12.574999 70.794891 -202.396133
v 11.950000 70.794891 -202.396133
v 12.574999 65.598740 -199.396133
v 15.825001 68.252098 -200.928055
v 15.825001 66.483192 -199.906769
v 15.949999 67.809868 -200.672729
v 15.949999 66.925423 -200.162094
v 10.699999 69.136551 -201.438690
v 10.075000 66.704308 -200.034439
v 10.075000 69.136551 -201.438690
v 9.700000 65.819855 -199.523804
v 9.825001 66.372635 -199.842941
v 10.075000 66.151520 -199.715286
v 9.450001 65.709297 -199.459961
v 9.450001 66.151520 -199.715286
v 8.950000 65.598740 -199.396133
v 8.950000 66.040970 -199.651459
v 8.449999 65.598740 -199.396133
v 8.449999 66.040970 -199.651459
v 7.950000 65.709297 -199.459961
v 7.950000 66.262077 -199.779114
v 7.575000 65.930412 -199.587631
v 7.700000 66.593750 -199.970612
v 7.575000 66.925423 -200.162094
v 7.200000 66.262077 -199.779114
v 7.575000 69.136551 -201.438690
v 6.950000 66.925423 -200.162094
v 6.950000 69.136551 -201.438690
v 7.075000 66.483192 -199.906769
v 10.324999 65.598740 -199.396133
v 10.825000 65.819855 -199.523804
v 10.950001 65.598740 -199.396133
v 10.699999 66.262077 -199.779114
v 5.950000 66.925423 -200.162094
v 5.825000 66.372635 -199.842941
v 5.325000 65.930412 -199.587631
v 5.200000 66.925423 -200.162094
v 4.825000 65.709297 -199.459961
v 5.075000 66.593750 -199.970612
v 4.700000 66.372635 -199.842941
v 4.200000 65.598740 -199.396133
v 4.200000 66.262077 -199.779114
v 3.075000 65.598740 -199.396133
v 3.075000 66.262077 -199.779114
v 2.450000 65.709297 -199.459961
v 2.575000 66.372635 -199.842941
v 2.200000 66.593750 -199.970612
v 1.950000 65.930412 -199.587631
v 1.950000 66.925423 -200.162094
v 1.450000 66.372635 -199.842941
v 1.825000 67.367645 -200.417419
v 1.825000 69.025993 -201.374863
v 1.950000 70.463226 -202.204651
v 1.950000 69.468216 -201.630173
v 2.450000 70.684334 -202.332306
v 2.200000 69.799889 -201.821671
v 2.575000 70.020996 -201.949326
v 3.075000 70.794891 -202.396133
v 3.075000 70.131554 -202.013153
v 4.200000 70.794891 -202.396133
v 4.200000 70.131554 -202.013153
v 4.825000 70.684334 -202.332306
v 4.700000 70.020996 -201.949326
v 5.075000 69.799889 -201.821671
v 5.325000 70.463226 -202.204651
v 5.200000 69.468216 -201.630173
v 5.825000 70.020996 -201.949326
v 5.950000 69.468216 -201.630173
v 1.450000 70.020996 -201.949326
v 1.200000 66.814865 -200.098267
v 1.200000 69.578773 -201.694016
v 1.075000 67.367645 -200.417419
v 1.075000 69.025993 -201.374863
v -5.925000 69.136551 -201.438690
v -5.675000 68.583763 -201.119537
v -6.175000 68.694321 -201.183365
v -5.425000 69.025993 -201.374863
v -5.425000 68.362656 -200.991882
v -6.675000 68.694321 -201.183365
v -5.175000 68.915436 -201.311035
v -5.175000 68.030983 -200.800400
v -4.925000 68.694321 -201.183365
v -5.050000 67.588760 -200.545074
v -5.050000 67.146530 -200.289749
v -5.175000 65.819855 -199.523804
v -5.175000 66.704308 -200.034439
v -4.925000 66.040970 -199.651459
v -5.425000 65.709297 -199.459961
v -5.425000 66.372635 -199.842941
v -5.925000 65.598740 -199.396133
v -5.675000 66.151520 -199.715286
v -6.175000 66.040970 -199.651459
v -6.925000 65.598740 -199.396133
v -6.675000 66.040970 -199.651459
v -7.175000 66.151520 -199.715286
v -7.425000 65.709297 -199.459961
v -7.425000 66.372635 -199.842941
v -7.675000 65.819855 -199.523804
v -7.675000 66.704308 -200.034439
v -7.925000 66.040970 -199.651459
v -7.800000 67.146530 -200.289749
v -7.800000 67.588760 -200.545074
v -7.675000 68.915436 -201.311035
v -7.675000 68.030983 -200.800400
v -7.925000 68.694321 -201.183365
v -7.425000 69.025993 -201.374863
v -7.425000 68.362656 -200.991882
v -6.925000 69.136551 -201.438690
v -7.175000 68.583763 -201.119537
v -8.175000 66.372635 -199.842941
v -8.175000 68.362656 -200.991882
v -8.425000 67.146530 -200.289749
v -8.300000 68.030983 -200.800400
v -8.425000 67.588760 -200.545074
v -4.675000 68.362656 -200.991882
v -4.675000 66.372635 -199.842941
v -4.425000 67.588760 -200.545074
v -4.425000 67.146530 -200.289749
v -4.550000 68.030983 -200.800400
v -1.175000 69.136551 -201.438690
v -1.175000 68.583763 -201.119537
v -1.675000 68.694321 -201.183365
v -0.800000 69.025993 -201.374863
v -0.925000 68.473213 -201.055710
v -1.675000 69.136551 -201.438690
v -2.175000 68.583763 -201.119537
v -0.675000 68.252098 -200.928055
v -0.425000 68.804878 -201.247208
v -0.550000 67.699318 -200.608902
v -0.550000 65.598740 -199.396133
v 0.075000 67.699318 -200.608902
v 0.075000 65.598740 -199.396133
v -0.050000 68.252098 -200.928055
v -0.175000 68.583763 -201.119537
v -2.175000 69.025993 -201.374863
v -2.550000 68.362656 -200.991882
v -2.550000 68.804878 -201.247208
v -2.800000 68.141541 -200.864227
v -2.800000 68.583763 -201.119537
v -3.425000 65.598740 -199.396133
v -2.800000 69.136551 -201.438690
v -3.425000 69.136551 -201.438690
v -2.800000 65.598740 -199.396133
vt 0.671816 0.890886
vt 0.690967 0.917164
vt 0.715149 0.938341
vt 0.730922 0.940837
vt 0.715149 0.938341
vt 0.690967 0.917164
vt 0.718348 0.925118
vt 0.716184 0.941510
vt 0.732028 0.943913
vt 0.716184 0.941510
vt 0.715149 0.938341
vt 0.730922 0.940837
vt 0.690153 0.920020
vt 0.704688 0.919424
vt 0.690967 0.917164
vt 0.690153 0.920020
vt 0.704688 0.919424
vt 0.686242 0.916364
vt 0.690230 0.925765
vt 0.703793 0.922171
vt 0.690230 0.925765
vt 0.685743 0.914877
vt 0.691832 0.955772
vt 0.693910 0.951073
vt 0.707918 0.952492
vt 0.690230 0.925765
vt 0.693910 0.951073
vt 0.703877 0.927767
vt 0.703877 0.927767
vt 0.691986 0.962484
vt 0.696190 0.960978
vt 0.707918 0.952492
vt 0.693910 0.951073
vt 0.696190 0.960978
vt 0.699094 0.963936
vt 0.710414 0.962157
vt 0.699094 0.963936
vt 0.729737 0.971576
vt 0.714696 0.959078
vt 0.713584 0.965082
vt 0.699094 0.963936
vt 0.714696 0.959078
vt 0.713584 0.965082
vt 0.716029 0.955652
vt 0.730437 0.960729
vt 0.714696 0.959078
vt 0.716029 0.955652
vt 0.730437 0.960729
vt 0.716589 0.948167
vt 0.731863 0.957475
vt 0.716589 0.948167
vt 0.716589 0.947684
vt 0.732461 0.949848
vt 0.716589 0.948167
vt 0.716589 0.947684
vt 0.732461 0.950311
vt 0.732461 0.950311
vt 0.732461 0.949848
vt 0.716589 0.947684
vt 0.672930 0.902036
vt 0.682025 0.909585
vt 0.694812 0.911652
vt 0.682025 0.909585
vt 0.672930 0.902036
vt 0.685188 0.916060
vt 0.682494 0.912894
vt 0.695332 0.914906
vt 0.682494 0.912894
vt 0.682025 0.909585
vt 0.694812 0.911652
vt 0.672390 0.903582
vt 0.684678 0.903864
vt 0.672930 0.902036
vt 0.672390 0.903582
vt 0.684678 0.903864
vt 0.672150 0.907806
vt 0.684073 0.905359
vt 0.672150 0.907806
vt 0.670723 0.983228
vt 0.672150 0.959921
vt 0.683805 0.960665
vt 0.672150 0.907806
vt 0.672150 0.959921
vt 0.683805 0.945799
vt 0.683805 0.952216
vt 0.683805 0.909498
vt 0.683805 0.909498
vt 0.672462 0.964205
vt 0.683805 0.960665
vt 0.672150 0.959921
vt 0.672462 0.964205
vt 0.676334 0.971311
vt 0.673094 0.963931
vt 0.684764 0.965005
vt 0.673094 0.963931
vt 0.684105 0.964668
vt 0.675992 0.961447
vt 0.682186 0.917715
vt 0.694991 0.919606
vt 0.673094 0.963931
vt 0.682186 0.917715
vt 0.675676 0.967578
vt 0.684861 0.964616
vt 0.688353 0.949025
vt 0.684807 0.964838
vt 0.684861 0.964616
vt 0.694991 0.919606
vt 0.682186 0.917715
vt 0.688099 0.962229
vt 0.675992 0.961447
vt 0.675676 0.967578
vt 0.688099 0.962229
vt 0.685188 0.916060
vt 0.675992 0.961447
vt 0.687767 0.968669
vt 0.676334 0.971311
vt 0.688040 0.962513
vt 0.687986 0.962825
vt 0.691124 0.966483
vt 0.688481 0.971898
vt 0.676334 0.971311
vt 0.691124 0.966483
vt 0.688481 0.971898
vt 0.704860 0.967408
vt 0.691124 0.966483
vt 0.691986 0.962484
vt 0.704860 0.967408
vt 0.702167 0.968136
vt 0.705843 0.963010
vt 0.691832 0.955772
vt 0.705462 0.966107
vt 0.705639 0.957008
vt 0.691832 0.955772
vt 0.686242 0.916364
vt 0.705880 0.959800
vt 0.705639 0.957008
vt 0.699480 0.918449
vt 0.686242 0.916364
vt 0.685743 0.914877
vt 0.699480 0.918449
vt 0.698929 0.916978
vt 0.685188 0.916060
vt 0.690710 0.950892
vt 0.698316 0.918110
vt 0.698316 0.918110
vt 0.770983 0.901199
vt 0.740836 0.915225
vt 0.740836 0.969566
vt 0.737929 0.915866
vt 0.740836 0.969566
vt 0.740836 0.915225
vt 0.971122 0.948398
vt 0.740304 0.973820
vt 0.971122 0.948398
vt 0.740836 0.969566
vt 0.738074 0.968167
vt 0.738184 0.972783
vt 0.740304 0.973820
vt 0.740836 0.969566
vt 0.738074 0.968167
vt 0.747126 0.920043
vt 0.740836 0.915225
vt 0.770983 0.901199
vt 0.745823 0.919280
vt 0.737929 0.915866
vt 0.788623 0.908402
vt 0.770983 0.901199
vt 0.971122 0.948398
vt 0.746459 0.920879
vt 0.788623 0.908402
vt 0.978452 0.951098
vt 0.978452 0.951098
vt 0.720773 0.925391
vt 0.729737 0.920772
vt 0.730374 0.969652
vt 0.729737 0.920772
vt 0.729737 0.971576
vt 0.736918 0.928642
vt 0.720773 0.925391
vt 0.729737 0.920772
vt 0.730347 0.919705
vt 0.730347 0.919705
vt 0.670381 0.985591
vt 0.729737 0.971576
vt 0.670723 0.983228
vt 0.719541 0.925645
vt 0.729223 0.975559
vt 0.730154 0.973200
vt 0.729737 0.971576
vt 0.729223 0.975559
vt 0.730374 0.969652
vt 0.670832 0.891209
vt 0.670723 0.891353
vt 0.669479 0.891996
vt 0.670723 0.983228
vt 0.670723 0.891353
vt 0.671325 0.890801
vt 0.669552 0.982426
vt 0.669509 0.984995
vt 0.670381 0.985591
vt 0.670723 0.983228
vt 0.669552 0.982426
vt 0.682329 0.893132
vt 0.670723 0.891353
vt 0.670832 0.891209
vt 0.674028 0.893547
vt 0.667642 0.895454
vt 0.667503 0.894653
vt 0.669479 0.891996
vt 0.682329 0.893132
vt 0.670832 0.891209
vt 0.671325 0.890801
vt 0.682881 0.892754
vt 0.671816 0.890886
vt 0.683431 0.892862
vt 0.671816 0.890886
vt 0.718348 0.925118
vt 0.683431 0.892862
vt 0.734338 0.928277
vt 0.718348 0.925118
vt 0.719541 0.925645
vt 0.734338 0.928277
vt 0.735608 0.928832
vt 0.720773 0.925391
vt 0.736918 0.928642
vt 0.667458 0.983911
vt 0.667642 0.983872
vt 0.667642 0.895454
vt 0.667538 0.982873
vt 0.667642 0.895454
vt 0.667642 0.983872
vt 0.667458 0.895700
vt 0.667458 0.895700
vt 0.667503 0.894653
vt 0.667128 0.986179
vt 0.667642 0.983872
vt 0.667458 0.983911
vt 0.667311 0.986147
vt 0.667495 0.984864
vt 0.667642 0.983872
vt 0.667311 0.986147
vt 0.667538 0.982873
vt 0.678540 0.897399
vt 0.667458 0.983911
vt 0.667458 0.895700
vt 0.678540 0.947264
vt 0.667128 0.986179
vt 0.675655 0.895088
vt 0.678540 0.897399
vt 0.674198 0.895117
vt 0.673114 0.894685
vt 0.673036 0.894035
vt 0.739012 0.975509
vt 0.739293 0.974630
vt 0.981586 0.956695
vt 0.981586 0.962095
vt 0.981586 0.956695
vt 0.739293 0.974630
vt 1.000000 0.958532
vt 0.987455 0.956366
vt 0.987456 0.961806
vt 0.987455 0.956366
vt 0.981586 0.956695
vt 0.981586 0.962095
vt 0.736278 0.974835
vt 0.739293 0.977799
vt 0.739293 0.974630
vt 0.736278 0.974835
vt 0.739293 0.977799
vt 0.732802 0.974755
vt 0.736278 0.977978
vt 0.732802 0.974755
vt 0.579317 0.969581
vt 0.732802 0.977908
vt 0.732802 0.974755
vt 0.579317 0.969581
vt 0.732802 0.977908
vt 0.565722 0.970095
vt 0.575239 0.969403
vt 0.579317 0.973379
vt 0.579317 0.969581
vt 0.575239 0.969403
vt 0.579317 0.973379
vt 0.573251 0.968894
vt 0.575238 0.973223
vt 0.573251 0.968894
vt 0.081901 0.798404
vt 0.079668 0.722911
vt 0.573251 0.972777
vt 0.573251 0.968894
vt 0.079668 0.722911
vt 0.573251 0.972777
vt 0.040950 0.735592
vt 0.079668 0.754003
vt 0.079668 0.722911
vt 0.040950 0.735592
vt 0.079668 0.754003
vt 0.002233 0.722911
vt 0.040950 0.765570
vt 0.002233 0.722911
vt 0.040950 0.808567
vt 0.990495 0.955345
vt 0.002233 0.754003
vt 0.002233 0.722911
vt 0.990495 0.955345
vt 0.002233 0.754003
vt 0.990495 0.960912
vt 0.990495 0.955345
vt 0.000000 0.798404
vt 0.990495 0.960912
vt 0.669552 0.986559
vt 0.668371 0.986307
vt 0.721103 0.977444
vt 0.721103 0.980261
vt 0.721103 0.977444
vt 0.668371 0.986307
vt 0.727979 0.977144
vt 0.721591 0.977138
vt 0.721592 0.979993
vt 0.721591 0.977138
vt 0.721103 0.977444
vt 0.721103 0.980261
vt 0.667116 0.986392
vt 0.668371 0.988018
vt 0.668371 0.986307
vt 0.667116 0.986392
vt 0.668371 0.988018
vt 0.665206 0.986401
vt 0.667117 0.988093
vt 0.665206 0.986401
vt 0.586773 0.985742
vt 0.665206 0.988101
vt 0.665206 0.986401
vt 0.586773 0.985742
vt 0.665206 0.988101
vt 0.580291 0.985838
vt 0.584890 0.985699
vt 0.586773 0.987524
vt 0.586773 0.985742
vt 0.584890 0.985699
vt 0.586773 0.987524
vt 0.584045 0.985586
vt 0.584890 0.987486
vt 0.584045 0.985586
vt 0.568359 0.972936
vt 0.576362 0.973696
vt 0.584045 0.987387
vt 0.584045 0.985586
vt 0.576362 0.973696
vt 0.584045 0.987387
vt 0.577548 0.973296
vt 0.576362 0.976981
vt 0.576362 0.973696
vt 0.577548 0.973296
vt 0.576362 0.976981
vt 0.580945 0.973107
vt 0.577547 0.976630
vt 0.580945 0.973107
vt 0.719669 0.976882
vt 0.580945 0.976465
vt 0.580945 0.973107
vt 0.719669 0.976882
vt 0.580945 0.976465
vt 0.719669 0.979770
vt 0.719669 0.976882
vt 0.719669 0.979770
vt 0.736742 0.972463
vt 0.565722 0.970095
vt 0.739012 0.975509
vt 0.081901 0.896611
vt 0.081901 0.798404
vt 0.565722 0.970095
vt 0.568359 0.972936
vt 0.567039 0.969735
vt 0.568359 0.972936
vt 0.565722 0.970095
vt 0.567039 0.969735
vt 0.999009 0.958361
vt 0.739012 0.975509
vt 1.000000 0.958532
vt 0.997331 0.957849
vt 0.995136 0.957114
vt 0.992326 0.956134
vt 0.739012 0.975509
vt 0.736742 0.972463
vt 0.994174 0.977964
vt 1.000000 0.958532
vt 0.000000 0.798404
vt 0.994174 0.964764
vt 0.999009 0.958361
vt 1.000000 0.958532
vt 0.994174 0.964764
vt 0.000000 0.896611
vt 0.000000 0.798404
vt 0.040950 0.808567
vt 0.000000 0.896611
vt 0.040950 0.902070
vt 0.081901 0.798404
vt 0.081901 0.896611
vt 0.569270 0.972290
vt 0.727979 0.977144
vt 0.568359 0.972936
vt 0.669552 0.986559
vt 0.727979 0.977144
vt 0.571327 0.971167
vt 0.574223 0.969678
vt 0.729077 0.973759
vt 0.727979 0.977144
vt 0.729077 0.973759
vt 0.580291 0.985838
vt 0.569270 0.972290
vt 0.668700 0.984843
vt 0.580291 0.985838
vt 0.669552 0.986559
vt 0.580678 0.986257
vt 0.581469 0.983919
vt 0.580678 0.986257
vt 0.580291 0.985838
vt 0.581469 0.983919
vt 0.669552 0.986559
vt 0.668700 0.984843
vt 0.666329 0.987108
vt 0.582520 0.986435
vt 0.666512 0.987077
vt 0.581780 0.986194
vt 0.666512 0.987077
vt 0.582520 0.986435
vt 0.666329 0.987108
vt 0.666512 0.987077
vt 0.581275 0.985432
vt 0.666707 0.985230
vt 0.666512 0.987077
vt 0.666707 0.985230
vt 0.583525 0.986460
vt 0.581920 0.993204
vt 0.582520 0.986435
vt 0.583525 0.986460
vt 0.581780 0.986194
vt 0.584613 0.986466
vt 0.584613 0.986466
vt 0.584613 0.993232
vt 0.584613 0.986466
vt 0.666329 0.987108
vt 0.584613 0.993232
vt 0.678540 0.992953
vt 0.580678 0.993128
vt 0.580852 0.986083
vt 0.580678 0.993128
vt 0.580678 0.986257
vt 0.593338 0.000000
vt 0.081901 0.896611
vt 0.580678 0.993128
vt 0.673168 0.993377
vt 0.676199 0.993373
vt 0.708272 0.993690
vt 0.671157 0.993440
vt 0.671338 0.993523
vt 0.581920 0.993204
vt 0.581275 0.985432
vt 0.695629 0.993517
vt 0.593338 0.992847
vt 0.593338 0.986599
vt 0.593338 0.984663
vt 0.580852 0.986083
vt 0.973015 0.993204
vt 0.970322 0.993232
vt 0.040950 0.902070
vt 0.743673 1.000000
vt 0.708272 1.000000
vt 0.777467 1.000000
vt 0.777467 0.994942
vt 0.777467 1.000000
vt 0.708272 1.000000
vt 0.814621 1.000000
vt 0.846662 1.000000
vt 0.846662 0.993690
vt 0.846662 1.000000
vt 0.777467 1.000000
vt 0.767102 1.000000
vt 0.777467 0.994942
vt 0.740108 1.000000
vt 0.777467 1.000000
vt 0.708272 0.993690
vt 0.708272 1.000000
vt 0.777467 1.000000
vt 0.708272 0.993690
vt 0.777467 0.990524
vt 0.777467 1.000000
vt 0.846662 1.000000
vt 0.750990 1.000000
vt 0.777359 1.000000
vt 0.763401 1.000000
vt 0.777467 0.990524
vt 0.846662 0.993690
vt 0.651271 1.000000
vt 0.593338 1.000000
vt 0.695629 1.000000
vt 0.695629 0.993517
vt 0.695629 1.000000
vt 0.593338 1.000000
vt 0.725958 1.000000
vt 0.761686 1.000000
vt 0.761686 0.989908
vt 0.761686 1.000000
vt 0.695629 1.000000
vt 0.694357 1.000000
vt 0.686769 1.000000
vt 0.713618 1.000000
vt 0.695629 0.993517
vt 0.614807 1.000000
vt 0.593338 1.000000
vt 0.593338 0.992847
vt 0.593338 1.000000
vt 0.593338 1.000000
vt 0.593338 0.992847
vt 0.593338 0.986599
vt 0.593338 1.000000
vt 0.761686 1.000000
vt 0.619620 1.000000
vt 0.669671 1.000000
vt 0.678551 1.000000
vt 0.593338 0.986599
vt 0.761686 0.989908
vt 0.639498 1.000000
vt 0.593338 1.000000
vt 0.777467 1.000000
vt 0.777467 0.989154
vt 0.777467 1.000000
vt 0.593338 1.000000
vt 0.834528 1.000000
vt 0.961597 1.000000
vt 0.961597 0.984663
vt 0.961597 1.000000
vt 0.777467 1.000000
vt 0.719748 1.000000
vt 0.682373 1.000000
vt 0.777296 1.000000
vt 0.777467 0.989154
vt 0.593338 1.000000
vt 0.593338 0.984663
vt 0.593338 1.000000
vt 0.593338 1.000000
vt 0.593338 0.984663
vt 0.852223 1.000000
vt 0.593338 0.000000
vt 0.593338 1.000000
vt 0.961597 1.000000
vt 0.776567 1.000000
vt 0.668436 1.000000
vt 0.650595 1.000000
vt 0.593338 0.000000
vt 0.961597 0.984663
vt 0.841092 1.000000
vt 0.793249 1.000000
vt 0.859306 1.000000
vt 0.859306 0.993517
vt 0.859306 1.000000
vt 0.793249 1.000000
vt 0.941763 1.000000
vt 0.961597 1.000000
vt 0.961597 0.992847
vt 0.961597 1.000000
vt 0.859306 1.000000
vt 0.903368 1.000000
vt 0.868010 1.000000
vt 0.922336 1.000000
vt 0.859306 0.993517
vt 0.851144 1.000000
vt 0.961597 1.000000
vt 0.793249 0.989908
vt 0.793249 1.000000
vt 0.961597 1.000000
vt 0.793249 0.989908
vt 0.961597 0.986599
vt 0.961597 1.000000
vt 0.961597 1.000000
vt 0.939953 1.000000
vt 0.918861 1.000000
vt 0.914608 1.000000
vt 0.892214 1.000000
vt 0.875991 1.000000
vt 0.961597 0.986599
vt 0.961597 0.992847
vt 0.753653 1.000000
vt 0.740108 0.993142
vt 0.740108 1.000000
vt 0.753653 1.000000
vt 0.750990 0.992709
vt 0.750990 1.000000
vt 0.740108 1.000000
vt 0.740108 0.993142
vt 0.753669 0.993439
vt 0.753653 1.000000
vt 0.743673 1.000000
vt 0.753669 0.993439
vt 0.743673 0.993788
vt 0.743673 1.000000
vt 0.767102 1.000000
vt 0.743673 0.993788
vt 0.767102 0.994282
vt 0.767102 1.000000
vt 0.814621 1.000000
vt 0.767102 0.994282
vt 0.814621 0.993141
vt 0.814621 1.000000
vt 0.777359 1.000000
vt 0.814621 0.993141
vt 0.777359 0.991729
vt 0.777359 1.000000
vt 0.763401 1.000000
vt 0.777359 0.991729
vt 0.766031 1.000000
vt 0.789859 1.000000
vt 0.763401 0.992236
vt 0.763401 1.000000
vt 0.789859 1.000000
vt 0.764815 1.000000
vt 0.763401 0.992236
vt 0.789859 0.993061
vt 0.789859 1.000000
vt 0.766031 1.000000
vt 0.789859 0.993061
vt 0.753669 1.000000
vt 0.766031 0.993730
vt 0.766031 1.000000
vt 0.753669 1.000000
vt 0.766031 0.993730
vt 0.753669 0.993439
vt 0.753669 1.000000
vt 0.764815 1.000000
vt 0.753669 0.993439
vt 0.764815 0.993064
vt 0.764815 1.000000
vt 0.750990 1.000000
vt 0.764815 0.993064
vt 0.750990 0.992709
vt 0.686769 0.992855
vt 0.686769 1.000000
vt 0.694357 1.000000
vt 0.651271 0.992483
vt 0.651271 1.000000
vt 0.686769 1.000000
vt 0.686769 0.992855
vt 0.656346 1.000000
vt 0.694357 0.992310
vt 0.694357 1.000000
vt 0.656346 1.000000
vt 0.694357 0.992310
vt 0.662361 1.000000
vt 0.656346 0.991840
vt 0.656346 1.000000
vt 0.651271 1.000000
vt 0.669652 1.000000
vt 0.656346 0.991840
vt 0.635910 1.000000
vt 0.640104 1.000000
vt 0.651271 0.992483
vt 0.619620 0.989689
vt 0.619620 1.000000
vt 0.614807 1.000000
vt 0.669671 0.990169
vt 0.669671 1.000000
vt 0.619620 1.000000
vt 0.619620 0.989689
vt 0.614807 0.991572
vt 0.614807 1.000000
vt 0.635910 1.000000
vt 0.614807 0.991572
vt 0.635910 0.991675
vt 0.635910 1.000000
vt 0.640104 1.000000
vt 0.635910 0.991675
vt 0.640104 0.990866
vt 0.640104 1.000000
vt 0.662361 1.000000
vt 0.640104 0.990866
vt 0.662361 0.991082
vt 0.662361 1.000000
vt 0.669652 1.000000
vt 0.662361 0.991082
vt 0.669652 0.990172
vt 0.669652 1.000000
vt 0.713618 1.000000
vt 0.669652 0.990172
vt 0.713618 0.990963
vt 0.713618 1.000000
vt 0.725958 1.000000
vt 0.713618 0.990963
vt 0.725958 0.990131
vt 0.725958 1.000000
vt 0.678551 1.000000
vt 0.725958 0.990131
vt 0.678551 0.989074
vt 0.678551 1.000000
vt 0.669671 1.000000
vt 0.678551 0.989074
vt 0.669671 0.990169
vt 0.868010 0.992853
vt 0.868010 1.000000
vt 0.903368 1.000000
vt 0.841092 0.990959
vt 0.841092 1.000000
vt 0.868010 1.000000
vt 0.868010 0.992853
vt 0.918810 1.000000
vt 0.898271 1.000000
vt 0.903368 0.992481
vt 0.903368 1.000000
vt 0.898271 1.000000
vt 0.903368 0.992481
vt 0.898266 0.991838
vt 0.898271 1.000000
vt 0.918810 1.000000
vt 0.898266 0.991838
vt 0.918810 0.991672
vt 0.918810 1.000000
vt 0.922336 1.000000
vt 0.918810 0.991672
vt 0.922336 0.992352
vt 0.922336 1.000000
vt 0.941763 1.000000
vt 0.922336 0.992352
vt 0.941763 0.992271
vt 0.941763 1.000000
vt 0.939953 1.000000
vt 0.941763 0.992271
vt 0.939953 0.991568
vt 0.939953 1.000000
vt 0.918861 1.000000
vt 0.939953 0.991568
vt 0.918861 0.991672
vt 0.918861 1.000000
vt 0.914608 1.000000
vt 0.918861 0.991672
vt 0.914608 0.990854
vt 0.914608 1.000000
vt 0.892214 1.000000
vt 0.914608 0.990854
vt 0.892214 0.991073
vt 0.892214 1.000000
vt 0.875991 1.000000
vt 0.892214 0.991073
vt 0.875991 0.989070
vt 0.875991 1.000000
vt 0.851144 1.000000
vt 0.875991 0.989070
vt 0.862083 1.000000
vt 0.851144 0.989573
vt 0.851144 1.000000
vt 0.862083 1.000000
vt 0.851144 0.989573
vt 0.862083 0.990539
vt 0.862083 1.000000
vt 0.841092 1.000000
vt 0.862083 0.990539
vt 0.841092 0.990959
vt 0.892159 1.000000
vt 0.871100 1.000000
vt 0.878770 1.000000
vt 0.878770 0.992054
vt 0.878770 1.000000
vt 0.871100 1.000000
vt 0.898266 1.000000
vt 0.898266 0.991838
vt 0.898266 1.000000
vt 0.878770 1.000000
vt 0.878770 0.992054
vt 0.871100 0.991353
vt 0.871100 1.000000
vt 0.892159 1.000000
vt 0.871100 0.991353
vt 0.892159 0.991073
vt 0.892159 1.000000
vt 0.898266 1.000000
vt 0.892159 0.991073
vt 0.898266 0.991838
vt 0.701782 1.000000
vt 0.682373 0.982929
vt 0.682373 1.000000
vt 0.701782 1.000000
vt 0.639498 0.981975
vt 0.639498 1.000000
vt 0.682373 1.000000
vt 0.682373 0.982929
vt 0.743823 1.000000
vt 0.701708 0.979450
vt 0.701782 1.000000
vt 0.743823 1.000000
vt 0.701708 0.979450
vt 0.743823 0.981609
vt 0.743823 1.000000
vt 0.719748 1.000000
vt 0.743823 0.981609
vt 0.719748 0.984227
vt 0.719748 1.000000
vt 0.777296 1.000000
vt 0.719748 0.984227
vt 0.777296 0.986992
vt 0.777296 1.000000
vt 0.834528 1.000000
vt 0.777296 0.986992
vt 0.730729 1.000000
vt 0.834528 0.984230
vt 0.834528 1.000000
vt 0.730729 1.000000
vt 0.834528 0.984230
vt 0.730644 0.974533
vt 0.730729 1.000000
vt 0.852223 1.000000
vt 0.730644 0.974533
vt 0.852223 0.958919
vt 0.852223 1.000000
vt 0.776567 1.000000
vt 0.852223 0.958919
vt 0.776567 0.935303
vt 0.776567 1.000000
vt 0.668436 1.000000
vt 0.776567 0.935303
vt 0.701708 1.000000
vt 0.730644 1.000000
vt 0.668436 0.970999
vt 0.668436 1.000000
vt 0.730644 1.000000
vt 0.668436 0.970999
vt 0.730644 0.974533
vt 0.730644 1.000000
vt 0.701708 1.000000
vt 0.730644 0.974533
vt 0.701708 0.979450
vt 0.701708 1.000000
vt 0.650595 1.000000
vt 0.701708 0.979450
vt 0.650595 0.977723
vt 0.650595 1.000000
vt 0.639498 1.000000
vt 0.650595 0.977723
vt 0.639498 0.981975
vt 0.782889 0.990204
vt 0.779353 0.995173
vt 0.779353 0.990346
vt 0.777467 0.995189
vt 0.779353 0.990346
vt 0.779353 0.995173
vt 0.778824 0.990207
vt 0.782889 0.990204
vt 0.779353 0.990346
vt 0.778824 0.990207
vt 0.970322 0.986466
vt 0.970322 0.993232
vt 0.777467 0.994942
vt 0.779353 0.995173
vt 0.862566 0.987647
vt 0.853398 0.987873
vt 0.722174 0.994156
vt 0.719526 0.994146
vt 0.777467 0.995189
vt 0.724354 0.994117
vt 0.973015 0.986409
vt 0.970322 0.993232
vt 0.970322 0.986466
vt 0.973015 0.993204
vt 0.846662 0.993690
vt 0.859306 0.993517
vt 0.961597 0.984663
vt 0.961597 0.986599
vt 0.961597 0.992847
vt 0.967931 0.986242
vt 0.970322 0.986466
vt 0.862566 0.987647
vt 0.969747 0.986202
vt 0.970560 0.986097
vt 0.981501 0.978414
vt 0.973015 0.986409
vt 0.853717 0.987623
vt 0.862566 0.987647
vt 0.853398 0.987873
vt 0.864313 0.987405
vt 0.862539 0.987408
vt 0.861240 0.987342
vt 0.820437 0.982731
vt 0.815432 0.982410
vt 0.861822 0.987418
vt 0.815432 0.982410
vt 0.862566 0.987647
vt 0.861822 0.987418
vt 0.848879 0.987797
vt 0.853398 0.987873
vt 0.782889 0.990204
vt 0.849989 0.987728
vt 0.849844 0.987638
vt 0.804020 0.983046
vt 0.805960 0.980678
vt 0.853398 0.987873
vt 0.804020 0.983046
vt 0.853717 0.987623
vt 0.733448 0.988208
vt 0.780386 0.990040
vt 0.781673 0.990063
vt 0.729220 0.988132
vt 0.782979 0.990042
vt 0.781455 0.988809
vt 0.729220 0.988132
vt 0.782889 0.990204
vt 0.778166 0.989715
vt 0.781455 0.988809
vt 0.780386 0.991284
vt 0.780386 0.990040
vt 0.733448 0.988208
vt 0.781673 0.991305
vt 0.781673 0.990063
vt 0.780386 0.990040
vt 0.780386 0.991284
vt 0.732532 0.988138
vt 0.733448 0.989682
vt 0.733448 0.988208
vt 0.732532 0.988138
vt 0.733448 0.989682
vt 0.732868 0.988054
vt 0.732531 0.989620
vt 0.732868 0.988054
vt 0.802337 0.983425
vt 0.732868 0.989547
vt 0.732868 0.988054
vt 0.802337 0.983425
vt 0.732868 0.989547
vt 0.804585 0.983379
vt 0.802337 0.985496
vt 0.802337 0.983425
vt 0.804585 0.983379
vt 0.802337 0.985496
vt 0.806621 0.983460
vt 0.804585 0.985456
vt 0.806621 0.983460
vt 0.806621 0.985527
vt 0.806621 0.983460
vt 0.849844 0.987638
vt 0.806621 0.985527
vt 0.849844 0.989183
vt 0.849844 0.987638
vt 0.849989 0.987728
vt 0.849844 0.989183
vt 0.849989 0.989262
vt 0.848879 0.987797
vt 0.848879 0.989322
vt 0.848879 0.987797
vt 0.782979 0.990042
vt 0.848879 0.989322
vt 0.782979 0.991286
vt 0.782979 0.990042
vt 0.782979 0.991286
vt 0.967931 0.987962
vt 0.967931 0.986242
vt 0.864313 0.987405
vt 0.969748 0.987926
vt 0.969747 0.986202
vt 0.967931 0.986242
vt 0.967931 0.987962
vt 0.864313 0.988979
vt 0.864313 0.987405
vt 0.862539 0.987408
vt 0.864313 0.988979
vt 0.862539 0.988981
vt 0.861240 0.987342
vt 0.861240 0.988924
vt 0.861240 0.987342
vt 0.820437 0.982731
vt 0.861240 0.988924
vt 0.819926 0.982554
vt 0.820437 0.984889
vt 0.820437 0.982731
vt 0.819926 0.982554
vt 0.820437 0.984889
vt 0.821273 0.982400
vt 0.819926 0.984734
vt 0.821273 0.982400
vt 0.971400 0.978717
vt 0.821273 0.984599
vt 0.821273 0.982400
vt 0.971400 0.978717
vt 0.821273 0.984599
vt 0.974106 0.978833
vt 0.971400 0.981376
vt 0.971400 0.978717
vt 0.974106 0.978833
vt 0.971400 0.981376
vt 0.975089 0.979084
vt 0.974107 0.981477
vt 0.975089 0.979084
vt 0.975089 0.981697
vt 0.975089 0.979084
vt 0.970560 0.986097
vt 0.975089 0.981697
vt 0.970560 0.987835
vt 0.970560 0.986097
vt 0.970560 0.987835
vt 0.814760 0.981048
vt 0.981501 0.978414
vt 0.815432 0.982410
vt 0.861027 0.986932
vt 0.860136 0.986255
vt 0.813901 0.980177
vt 0.813500 0.979528
vt 0.814760 0.981048
vt 0.815432 0.982410
vt 0.813901 0.980177
vt 0.974257 0.986257
vt 0.974257 0.986257
vt 0.974257 0.993128
vt 0.974257 0.986257
vt 0.981501 0.978414
vt 0.974257 0.993128
vt 0.983546 0.976205
vt 0.981098 0.978205
vt 0.983546 0.976205
vt 0.981501 0.978414
vt 0.981098 0.978205
vt 0.728572 0.987241
vt 0.804020 0.983046
vt 0.729220 0.988132
vt 0.803329 0.981736
vt 0.805051 0.980837
vt 0.804020 0.983046
vt 0.803329 0.981736
vt 0.805960 0.980678
vt 0.728652 0.986611
vt 0.728097 0.986205
vt 0.728572 0.987241
vt 0.729220 0.988132
vt 0.728652 0.986611
vt 0.776211 0.990365
vt 0.724577 0.988493
vt 0.776940 0.990376
vt 0.725593 0.986881
vt 0.776940 0.990376
vt 0.724577 0.988493
vt 0.775582 0.995173
vt 0.776211 0.990365
vt 0.776940 0.990376
vt 0.777604 0.990231
vt 0.777604 0.990231
vt 0.775582 0.990346
vt 0.724297 0.988515
vt 0.723661 0.987653
vt 0.724577 0.988493
vt 0.724297 0.988515
vt 0.723941 0.987629
vt 0.724900 0.987010
vt 0.724577 0.988493
vt 0.723941 0.987629
vt 0.725593 0.986881
vt 0.714172 0.993440
vt 0.724297 0.988515
vt 0.775582 0.990346
vt 0.723661 0.987653
vt 0.775582 0.990346
vt 0.775582 0.995173
vt 0.728303 0.985128
vt 0.730881 0.968401
vt 0.731812 0.968213
vt 0.722254 0.967373
vt 0.731812 0.968213
vt 0.730881 0.968401
vt 0.736040 0.966289
vt 0.744855 0.929190
vt 0.722254 0.967373
vt 0.744855 0.929190
vt 0.731812 0.968213
vt 0.735582 0.971628
vt 0.730420 0.964587
vt 0.721295 0.967382
vt 0.730420 0.964587
vt 0.722185 0.967575
vt 0.722131 0.967726
vt 0.730420 0.918439
vt 0.720914 0.916342
vt 0.730420 0.964587
vt 0.730420 0.918439
vt 0.720914 0.955861
vt 0.720914 0.949930
vt 0.720914 0.963668
vt 0.720914 0.963668
vt 0.729926 0.903327
vt 0.730774 0.914744
vt 0.720914 0.916342
vt 0.730420 0.918439
vt 0.730774 0.914744
vt 0.731570 0.913497
vt 0.721255 0.912544
vt 0.731570 0.913497
vt 0.790529 0.941927
vt 0.744629 0.922136
vt 0.722022 0.911241
vt 0.731570 0.913497
vt 0.744629 0.922136
vt 0.722022 0.911241
vt 0.745285 0.925092
vt 0.734656 0.919738
vt 0.744629 0.922136
vt 0.745285 0.925092
vt 0.734656 0.919738
vt 0.749019 0.928365
vt 0.735294 0.922766
vt 0.744855 0.929190
vt 0.749781 0.927465
vt 0.726651 0.953244
vt 0.734875 0.927000
vt 0.734875 0.927000
vt 0.750464 0.928835
vt 0.755752 0.932705
vt 0.755854 0.937565
vt 0.745610 0.935374
vt 0.755854 0.937565
vt 0.755752 0.932705
vt 0.757986 0.963005
vt 0.760720 0.959313
vt 0.745610 0.935374
vt 0.760720 0.959313
vt 0.755854 0.937565
vt 0.756837 0.930455
vt 0.745510 0.930348
vt 0.756837 0.930455
vt 0.786864 0.951766
vt 0.746574 0.927992
vt 0.756837 0.930455
vt 0.786864 0.951766
vt 0.746574 0.927992
vt 0.788057 0.954387
vt 0.776354 0.949482
vt 0.786864 0.951766
vt 0.788057 0.954387
vt 0.776354 0.949482
vt 0.788523 0.959259
vt 0.777551 0.952204
vt 0.788523 0.959259
vt 0.788523 0.959636
vt 0.778019 0.957695
vt 0.788523 0.959259
vt 0.788523 0.959636
vt 0.778019 0.957300
vt 0.778019 0.957300
vt 0.787879 0.965417
vt 0.778019 0.957695
vt 0.788523 0.959636
vt 0.787879 0.965417
vt 0.803042 0.940509
vt 0.803042 0.978699
vt 0.777373 0.963762
vt 0.786340 0.967967
vt 0.793262 0.942541
vt 0.791879 0.942534
vt 0.767403 0.970464
vt 0.786340 0.967967
vt 0.775828 0.966454
vt 0.786340 0.967967
vt 0.767403 0.970464
vt 0.775828 0.966454
vt 0.757046 0.971913
vt 0.763684 0.967770
vt 0.756976 0.969290
vt 0.767403 0.970464
vt 0.763684 0.967770
vt 0.756976 0.969290
vt 0.758189 0.968637
vt 0.753305 0.966536
vt 0.760720 0.959313
vt 0.750387 0.957804
vt 0.750387 0.957804
vt 0.736535 0.974941
vt 0.746778 0.970909
vt 0.757046 0.971913
vt 0.736535 0.974941
vt 0.747492 0.969777
vt 0.758189 0.968637
vt 0.757046 0.971913
vt 0.746778 0.970909
vt 0.726811 0.974235
vt 0.736535 0.974941
vt 0.735582 0.971628
vt 0.743569 0.971430
vt 0.726811 0.974235
vt 0.726190 0.965888
vt 0.736040 0.966289
vt 0.725916 0.971242
vt 0.738929 0.926039
vt 0.736040 0.966289
vt 0.749019 0.928365
vt 0.726333 0.965347
vt 0.729592 0.955126
vt 0.726258 0.965605
vt 0.726333 0.965347
vt 0.738929 0.926039
vt 0.749019 0.928365
vt 0.749781 0.927465
vt 0.739672 0.925091
vt 0.750464 0.928835
vt 0.740338 0.926487
vt 0.750464 0.928835
vt 0.757986 0.963005
vt 0.740338 0.926487
vt 0.747701 0.961671
vt 0.757986 0.963005
vt 0.747701 0.961671
vt 0.747942 0.967035
vt 0.747987 0.964176
vt 0.805355 0.940342
vt 0.803042 0.978699
vt 0.803042 0.940509
vt 0.728303 0.985128
vt 0.803042 0.978699
vt 0.805252 0.977485
vt 0.803042 0.978699
vt 0.805252 0.977485
vt 0.801051 0.937653
vt 0.803042 0.940509
vt 0.793262 0.942541
vt 0.801626 0.938159
vt 0.805355 0.940342
vt 0.782788 0.939678
vt 0.793262 0.942541
vt 0.791879 0.942534
vt 0.782788 0.939678
vt 0.781394 0.939702
vt 0.790529 0.941927
vt 0.780036 0.939097
vt 0.790529 0.941927
vt 0.729926 0.903327
vt 0.780036 0.939097
vt 0.728303 0.903465
vt 0.729198 0.903125
vt 0.720438 0.900869
vt 0.729926 0.903327
vt 0.729198 0.903125
vt 0.720438 0.900869
vt 0.728466 0.903364
vt 0.719738 0.900686
vt 0.728466 0.903364
vt 0.721755 0.904469
vt 0.728466 0.903364
vt 0.728303 0.903465
vt 0.723045 0.903622
vt 0.722258 0.903181
vt 0.720929 0.903097
vt 0.722832 0.904154
vt 0.719035 0.900955
vt 0.719035 0.900955
vt 0.727986 0.984429
vt 0.728303 0.903465
vt 0.728303 0.985128
vt 0.723677 0.906376
vt 0.728001 0.904129
vt 0.728001 0.904129
vt 0.728303 0.985128
vt 0.727986 0.984429
vt 0.723398 0.985610
vt 0.723398 0.906553
vt 0.723677 0.906376
vt 0.714172 0.904380
vt 0.723398 0.906553
vt 0.723677 0.985583
vt 0.725004 0.906003
vt 0.723677 0.985583
vt 0.723677 0.906376
vt 0.725004 0.906003
vt 0.723398 0.906553
vt 0.723398 0.985610
vt 0.714172 0.956755
vt 0.714172 0.950893
vt 0.714172 0.904380
vt 0.723398 0.985610
vt 0.723677 0.985583
vt 0.724935 0.984744
vt 0.723677 0.985583
vt 0.724935 0.984744
vt 0.842285 0.933435
vt 0.814481 0.977892
vt 0.814481 0.938266
vt 0.813206 0.976898
vt 0.814481 0.938266
vt 0.814481 0.977892
vt 0.833128 0.928864
vt 0.842285 0.933435
vt 0.814481 0.938266
vt 0.813189 0.938818
vt 0.813189 0.938818
vt 0.966627 0.972700
vt 0.970499 0.974122
vt 0.814481 0.977892
vt 0.966627 0.972700
vt 0.973532 0.975253
vt 0.975904 0.976151
vt 0.814481 0.977892
vt 0.813206 0.976898
vt 0.966627 0.972700
vt 0.842285 0.933435
vt 0.970499 0.974122
vt 0.833128 0.928864
vt 0.776354 0.949482
vt 0.780036 0.939097
vt 0.720438 0.900869
vt 0.778019 0.957695
vt 0.778019 0.957300
vt 0.777551 0.952204
vt 0.781412 0.988130
vt 0.781394 0.939702
vt 0.734656 0.919738
vt 0.722022 0.911241
vt 0.721255 0.912544
vt 0.739672 0.925091
vt 0.746574 0.927992
vt 0.745510 0.930348
vt 0.718703 0.949603
vt 0.720914 0.916342
vt 0.719738 0.900686
vt 0.688353 0.949025
vt 0.726651 0.953244
vt 0.723029 0.950937
vt 0.722704 0.961219
vt 0.723029 0.950937
vt 0.726651 0.953244
vt 0.685474 0.946752
vt 0.721966 0.950347
vt 0.685474 0.946752
vt 0.723029 0.950937
vt 0.721743 0.956424
vt 0.721966 0.950347
vt 0.690710 0.950892
vt 0.729592 0.955126
vt 0.734875 0.927000
vt 0.726651 0.953244
vt 0.729592 0.955126
vt 0.722254 0.967373
vt 0.705843 0.963010
vt 0.747942 0.967035
vt 0.730252 0.962231
vt 0.729592 0.955126
vt 0.747942 0.967035
vt 0.728146 0.962469
vt 0.726333 0.965347
vt 0.738929 0.926039
vt 0.729907 0.982628
vt 0.775252 0.985151
vt 0.753305 0.966536
vt 0.747942 0.967035
vt 0.775252 0.985151
vt 0.743569 0.971430
vt 0.746778 0.970909
vt 0.747492 0.969777
vt 0.750387 0.957804
vt 0.747987 0.964176
vt 0.735624 0.985974
vt 0.775252 0.985151
vt 0.729907 0.982628
vt 0.756976 0.969290
vt 0.775828 0.966454
vt 0.777373 0.963762
vt 0.781412 0.988130
vt 0.713584 0.965082
vt 0.729907 0.982628
vt 0.705843 0.963010
vt 0.732461 0.950311
vt 0.734338 0.928277
vt 0.735608 0.928832
vt 0.731863 0.957475
vt 0.735624 0.985974
vt 0.736918 0.928642
vt 0.730437 0.960729
vt 0.705462 0.966107
vt 0.705843 0.963010
vt 0.690710 0.950892
vt 0.710414 0.962157
vt 0.707918 0.952492
vt 0.705880 0.959800
vt 0.694991 0.919606
vt 0.690710 0.950892
vt 0.688353 0.949025
vt 0.702167 0.968136
vt 0.691242 0.958628
vt 0.689550 0.959000
vt 0.704860 0.967408
vt 0.688099 0.962229
vt 0.698316 0.918110
vt 0.685217 0.957922
vt 0.688353 0.949025
vt 0.685474 0.946752
vt 0.684861 0.964616
vt 0.684634 0.946181
vt 0.684458 0.952777
vt 0.684634 0.946181
vt 0.684678 0.903864
vt 0.683431 0.892862
vt 0.684073 0.905359
vt 0.682069 0.945591
vt 0.680388 0.946177
vt 0.682881 0.892754
vt 0.683805 0.909498
vt 0.732461 0.949848
vt 0.732028 0.943913
vt 0.694812 0.911652
vt 0.695332 0.914906
vt 0.730922 0.940837
vt 0.704688 0.919424
vt 0.698929 0.916978
vt 0.735294 0.922766
vt 0.726190 0.965888
vt 0.726258 0.965605
vt 0.687986 0.962825
vt 0.726190 0.965888
vt 0.728146 0.962469
vt 0.687826 0.963442
vt 0.725916 0.971242
vt 0.726190 0.965888
vt 0.725990 0.966446
vt 0.725990 0.966446
vt 0.689550 0.959000
vt 0.730252 0.962231
vt 0.691242 0.958628
vt 0.730252 0.962231
vt 0.743569 0.971430
vt 0.691242 0.958628
vt 0.702167 0.968136
vt 0.752411 0.977597
vt 0.752169 0.988760
vt 0.752411 0.977597
vt 0.743569 0.971430
vt 0.726811 0.974235
vt 0.720914 0.955861
vt 0.720914 0.949930
vt 0.720914 0.949930
vt 0.683805 0.945799
vt 0.718703 0.949603
vt 0.720914 0.949930
vt 0.683805 0.952216
vt 0.720914 0.955861
vt 0.721743 0.956424
vt 0.682799 0.951353
vt 0.719635 0.954994
vt 0.720914 0.963668
vt 0.720914 0.955861
vt 0.719635 0.954994
vt 0.684458 0.952777
vt 0.721743 0.956424
vt 0.722704 0.961219
vt 0.684458 0.952777
vt 0.722185 0.967575
vt 0.722131 0.967726
vt 0.685217 0.957922
vt 0.722131 0.967726
vt 0.684764 0.965005
vt 0.683360 0.979905
vt 0.684764 0.965005
vt 0.722131 0.967726
vt 0.715202 0.985259
vt 0.714172 0.993440
vt 0.721295 0.967382
vt 0.714172 0.993440
vt 0.722131 0.967726
vt 0.684054 0.979929
vt 0.685162 0.979968
vt 0.690364 0.980156
vt 0.689413 0.980121
vt 0.685990 0.979997
vt 0.692471 0.980452
vt 0.694133 0.980299
vt 0.693062 0.980258
vt 0.694613 0.980533
vt 0.694825 0.980756
vt 0.694982 0.981191
vt 0.696792 0.980403
vt 0.699815 0.980523
vt 0.697453 0.980429
vt 0.700468 0.980550
vt 0.702242 0.981258
vt 0.705974 0.982247
vt 0.705809 0.983281
vt 0.707977 0.981493
vt 0.702872 0.980861
vt 0.703573 0.980678
vt 0.704728 0.980727
vt 0.705308 0.980962
vt 0.705700 0.981399
vt 0.710908 0.980995
vt 0.711529 0.981022
vt 0.712519 0.981067
vt 0.708473 0.981097
vt 0.709035 0.980912
vt 0.709536 0.980934
vt 0.709976 0.981162
vt 0.710166 0.981378
vt 0.713135 0.981094
vt 0.713015 0.981915
vt 0.713382 0.981519
vt 0.713689 0.981326
vt 0.714240 0.981145
vt 0.714973 0.981178
vt 0.715399 0.981403
vt 0.715640 0.981825
vt 0.715816 0.982854
vt 0.715691 0.983662
vt 0.709646 0.974695
vt 0.753470 0.983555
vt 0.709646 0.974695
vt 0.752411 0.977597
vt 0.681688 0.990171
vt 0.702167 0.968136
vt 0.709646 0.974695
vt 0.709439 0.987308
vt 0.710555 0.981395
vt 0.710555 0.981395
vt 0.753470 0.983555
vt 0.688481 0.971898
vt 0.683805 0.952216
vt 0.714172 0.956755
vt 0.719635 0.954994
vt 0.682799 0.951353
vt 0.714172 0.956755
vt 0.678540 0.992953
vt 0.682799 0.951353
vt 0.683805 0.952216
vt 0.678540 0.953556
vt 0.678540 0.953556
vt 0.683805 0.945799
vt 0.683805 0.960665
vt 0.688040 0.962513
vt 0.687986 0.962825
vt 0.687826 0.963442
vt 0.687986 0.962825
vt 0.687767 0.968669
vt 0.684764 0.965005
vt 0.684807 0.964838
vt 0.678540 0.992953
vt 0.684105 0.964668
vt 0.684764 0.965005
vt 0.682069 0.945591
vt 0.683805 0.945799
vt 0.703793 0.922171
vt 0.699480 0.918449
vt 0.710329 0.990493
vt 0.714055 0.987023
vt 0.714597 0.986441
vt 0.714839 0.986049
vt 0.678540 0.953556
vt 0.681796 0.986777
vt 0.681318 0.988879
vt 0.681081 0.989922
vt 0.681761 0.989934
vt 0.682846 0.989952
vt 0.686078 0.990009
vt 0.686796 0.989815
vt 0.695052 0.987094
vt 0.696874 0.987141
vt 0.697392 0.987155
vt 0.699766 0.987012
vt 0.696409 0.986922
vt 0.695705 0.987111
vt 0.700918 0.990293
vt 0.702053 0.990316
vt 0.709722 0.990480
vt 0.700340 0.990079
vt 0.699943 0.989667
vt 0.699653 0.988849
vt 0.699618 0.988033
vt 0.584613 0.993232
vt 0.775582 0.995173
vt 0.716551 0.950020
vt 0.714172 0.904380
vt 0.714172 0.950893
vt 0.719035 0.900955
vt 0.720444 0.904388
vt 0.719652 0.903957
vt 0.719847 0.903421
vt 0.716551 0.950020
vt 0.714172 0.950893
vt 0.678540 0.947264
vt 0.682329 0.893132
vt 0.678540 0.947264
vt 0.678540 0.897399
vt 0.680388 0.946177
vt 0.676594 0.893963
vt 0.675508 0.893517
vt 0.675508 0.909562
vt 0.675508 0.893517
vt 0.676594 0.893963
vt 0.674027 0.909587
vt 0.674028 0.893547
vt 0.675508 0.893517
vt 0.675508 0.909562
vt 0.676649 0.894615
vt 0.676594 0.909943
vt 0.676649 0.894615
vt 0.676649 0.910499
vt 0.675655 0.895088
vt 0.675656 0.910903
vt 0.674198 0.895117
vt 0.674198 0.910927
vt 0.674198 0.895117
vt 0.673114 0.894685
vt 0.674198 0.910927
vt 0.673113 0.910558
vt 0.673036 0.894035
vt 0.673036 0.910004
vt 0.666106 0.894126
vt 0.667605 0.892057
vt 0.668615 0.981364
vt 0.667605 0.892057
vt 0.636596 0.890766
vt 0.637527 0.888489
vt 0.663500 0.906169
vt 0.667605 0.892057
vt 0.637527 0.888489
vt 0.664749 0.907761
vt 0.665265 0.911300
vt 0.667605 0.980008
vt 0.667605 0.980008
vt 0.632947 0.891961
vt 0.637527 0.888489
vt 0.636596 0.890766
vt 0.633803 0.889695
vt 0.638848 0.907035
vt 0.640601 0.903829
vt 0.633803 0.889695
vt 0.639609 0.905793
vt 0.636596 0.890766
vt 0.666106 0.894126
vt 0.637891 0.908940
vt 0.630841 0.916392
vt 0.632947 0.891961
vt 0.666106 0.980399
vt 0.666106 0.894126
vt 0.662073 0.907996
vt 0.663300 0.909552
vt 0.663807 0.913022
vt 0.663807 0.963415
vt 0.666106 0.980399
vt 0.666969 0.981758
vt 0.667241 0.982254
vt 0.716551 0.950020
vt 0.680388 0.946177
vt 0.722258 0.917807
vt 0.722258 0.903181
vt 0.723045 0.903622
vt 0.720928 0.917735
vt 0.720929 0.903097
vt 0.722258 0.903181
vt 0.722258 0.917807
vt 0.723045 0.918183
vt 0.722832 0.904154
vt 0.722832 0.918637
vt 0.721755 0.904469
vt 0.721756 0.918904
vt 0.720444 0.904388
vt 0.720444 0.918836
vt 0.720444 0.904388
vt 0.719652 0.903957
vt 0.720444 0.918836
vt 0.719651 0.918468
vt 0.719847 0.903421
vt 0.719846 0.918012
vt 0.728940 0.904679
vt 0.726611 0.906113
vt 0.725785 0.983799
vt 0.726611 0.906113
vt 0.750084 0.910591
vt 0.747604 0.911777
vt 0.729726 0.919571
vt 0.726611 0.906113
vt 0.747604 0.911777
vt 0.728787 0.920606
vt 0.728397 0.923527
vt 0.726611 0.982651
vt 0.726611 0.982651
vt 0.752434 0.912511
vt 0.747604 0.911777
vt 0.750084 0.910591
vt 0.745635 0.923306
vt 0.746762 0.926255
vt 0.749943 0.913655
vt 0.749943 0.913655
vt 0.748103 0.922257
vt 0.750084 0.910591
vt 0.728940 0.904679
vt 0.749237 0.925253
vt 0.753768 0.932794
vt 0.752434 0.912511
vt 0.728940 0.982383
vt 0.728940 0.904679
vt 0.731136 0.919403
vt 0.732082 0.918359
vt 0.730742 0.922365
vt 0.730742 0.967379
vt 0.728940 0.982383
vt 0.728306 0.983525
vt 0.728136 0.983932
vt 0.741829 0.986827
vt 0.994174 0.964764
vt 0.994174 0.977964
vt 0.788623 0.908402
vt 0.992326 0.956134
vt 0.997331 0.957849
vt 0.995136 0.957114
vt 0.983546 0.985124
vt 0.787959 0.988972
vt 0.994174 0.977964
vt 0.983546 0.985124
vt 0.741829 0.986827
vt 0.833128 0.928864
vt 0.983546 0.985124
vt 0.983546 0.976205
vt 0.787959 0.988972
vt 0.973532 0.975253
vt 0.975904 0.976151
vt 0.977754 0.976863
vt 0.979190 0.977424
vt 0.980289 0.977865
vt 0.974257 0.993128
vt 0.000000 0.896611
vt 0.745823 0.947945
vt 0.745823 0.919280
vt 0.747126 0.920043
vt 0.716890 0.911518
vt 0.743291 0.919057
vt 0.743288 0.947800
vt 0.743291 0.919057
vt 0.745823 0.919280
vt 0.734596 0.915606
vt 0.745823 0.947945
vt 0.747127 0.948440
vt 0.746459 0.920879
vt 0.744253 0.921309
vt 0.746460 0.948982
vt 0.744253 0.921309
vt 0.741781 0.921102
vt 0.744256 0.949261
vt 0.741781 0.921102
vt 0.740446 0.920370
vt 0.741781 0.949127
vt 0.741781 0.921102
vt 0.740446 0.920370
vt 0.728509 0.918784
vt 0.741781 0.949127
vt 0.741052 0.919518
vt 0.740445 0.948652
vt 0.741052 0.919518
vt 0.741051 0.948099
vt 0.736298 0.966205
vt 0.734596 0.915606
vt 0.734596 0.963657
vt 0.734596 0.915606
vt 0.716890 0.911518
vt 0.734596 0.963657
vt 0.711244 0.915161
vt 0.709602 0.915048
vt 0.716890 0.911518
vt 0.711244 0.915161
vt 0.715199 0.911371
vt 0.715199 0.911371
vt 0.598206 0.958323
vt 0.711244 0.915161
vt 0.728509 0.918784
vt 0.709602 0.915048
vt 0.728509 0.965038
vt 0.728509 0.918784
vt 0.728509 0.965038
vt 0.729760 0.967565
vt 0.730091 0.968491
vt 0.988753 0.954857
vt 0.984215 0.953210
vt 0.741829 0.986827
vt 0.787959 0.988972
vt 0.782788 0.939678
vt 0.815808 0.943406
vt 0.806276 0.937807
vt 0.805736 0.937293
vt 0.805736 0.959612
vt 0.805736 0.937293
vt 0.806276 0.937807
vt 0.803965 0.937029
vt 0.803963 0.959441
vt 0.803965 0.937029
vt 0.805736 0.937293
vt 0.813770 0.939434
vt 0.805736 0.959612
vt 0.805292 0.938266
vt 0.806276 0.959944
vt 0.805292 0.938266
vt 0.803375 0.938409
vt 0.805293 0.960241
vt 0.803375 0.938409
vt 0.803377 0.960333
vt 0.801626 0.938159
vt 0.801626 0.960171
vt 0.801626 0.938159
vt 0.801051 0.937653
vt 0.807445 0.940642
vt 0.801626 0.960171
vt 0.802012 0.937181
vt 0.801051 0.959844
vt 0.802012 0.937181
vt 0.802012 0.959539
vt 0.821987 0.942362
vt 0.854555 0.980537
vt 0.821987 0.942362
vt 0.813770 0.939434
vt 0.822693 0.942759
vt 0.815808 0.943406
vt 0.821987 0.942362
vt 0.822693 0.942759
vt 0.813770 0.973979
vt 0.813770 0.939434
vt 0.813770 0.973979
vt 0.813226 0.975605
vt 0.813155 0.976185
vt 0.806454 0.976132
vt 0.807445 0.940642
vt 0.807445 0.974500
vt 0.807445 0.940642
vt 0.815808 0.943406
vt 0.807445 0.974500
vt 0.816528 0.943786
vt 0.816528 0.943786
vt 0.719526 0.919358
vt 0.720444 0.918836
vt 0.719651 0.918468
vt 0.722172 0.919495
vt 0.721756 0.918904
vt 0.717912 0.918622
vt 0.719846 0.918012
vt 0.720494 0.917119
vt 0.720928 0.917735
vt 0.722258 0.917807
vt 0.723212 0.917268
vt 0.723045 0.918183
vt 0.724803 0.918041
vt 0.723212 0.993993
vt 0.723212 0.917268
vt 0.724803 0.918041
vt 0.720491 0.993982
vt 0.720494 0.917119
vt 0.723212 0.917268
vt 0.723212 0.993993
vt 0.724353 0.918960
vt 0.724804 0.994050
vt 0.724353 0.918960
vt 0.722832 0.918637
vt 0.724354 0.994117
vt 0.722172 0.919495
vt 0.722174 0.994156
vt 0.719526 0.919358
vt 0.719526 0.994146
vt 0.719526 0.919358
vt 0.717912 0.918622
vt 0.719526 0.994146
vt 0.718290 0.917691
vt 0.717911 0.994092
vt 0.718290 0.917691
vt 0.718289 0.994024
vt 0.678407 0.993431
vt 0.720491 0.993982
vt 0.723212 0.993993
vt 0.724804 0.994050
vt 0.673538 0.993577
vt 0.717911 0.994092
vt 0.676477 0.993574
vt 0.718289 0.994024
vt 0.678497 0.993514
vt 0.673538 0.911616
vt 0.674198 0.910927
vt 0.673113 0.910558
vt 0.676475 0.911568
vt 0.675656 0.910903
vt 0.671339 0.910881
vt 0.673036 0.910004
vt 0.673170 0.908896
vt 0.674027 0.909587
vt 0.675508 0.909562
vt 0.676199 0.908843
vt 0.676594 0.909943
vt 0.678406 0.909629
vt 0.676199 0.993373
vt 0.676199 0.908843
vt 0.678406 0.909629
vt 0.673168 0.993377
vt 0.673170 0.908896
vt 0.676199 0.908843
vt 0.676199 0.993373
vt 0.678496 0.910759
vt 0.678407 0.993431
vt 0.678496 0.910759
vt 0.676649 0.910499
vt 0.678497 0.993514
vt 0.676475 0.911568
vt 0.676477 0.993574
vt 0.673538 0.911616
vt 0.673538 0.993577
vt 0.673538 0.911616
vt 0.671339 0.910881
vt 0.673538 0.993577
vt 0.671158 0.909755
vt 0.671338 0.993523
vt 0.671158 0.909755
vt 0.671157 0.993440
vt 0.799551 0.960459
vt 0.801626 0.960171
vt 0.801051 0.959844
vt 0.803081 0.960778
vt 0.803377 0.960333
vt 0.798347 0.959801
vt 0.802012 0.959539
vt 0.804280 0.958966
vt 0.803963 0.959441
vt 0.805736 0.959612
vt 0.807900 0.959322
vt 0.806276 0.959944
vt 0.808959 0.960003
vt 0.807900 0.990949
vt 0.807900 0.959322
vt 0.808959 0.960003
vt 0.804276 0.990869
vt 0.804280 0.958966
vt 0.807900 0.959322
vt 0.807900 0.990949
vt 0.806939 0.960595
vt 0.808958 0.991101
vt 0.806939 0.960595
vt 0.805293 0.960241
vt 0.806940 0.991233
vt 0.803081 0.960778
vt 0.803084 0.991273
vt 0.799551 0.960459
vt 0.799551 0.991202
vt 0.799551 0.960459
vt 0.798347 0.959801
vt 0.799551 0.991202
vt 0.800276 0.959171
vt 0.798348 0.991055
vt 0.800276 0.959171
vt 0.800275 0.990915
vt 0.750591 0.988498
vt 0.804276 0.990869
vt 0.807900 0.990949
vt 0.808958 0.991101
vt 0.747982 0.988268
vt 0.739768 0.988805
vt 0.799551 0.991202
vt 0.798348 0.991055
vt 0.803084 0.991273
vt 0.761686 0.989908
vt 0.777467 0.990524
vt 0.744733 0.988863
vt 0.800275 0.990915
vt 0.749177 0.988741
vt 0.806940 0.991233
vt 0.739768 0.949722
vt 0.741781 0.949127
vt 0.740445 0.948652
vt 0.744729 0.949983
vt 0.744256 0.949261
vt 0.737024 0.948777
vt 0.741051 0.948099
vt 0.742772 0.947014
vt 0.743288 0.947800
vt 0.745823 0.947945
vt 0.747982 0.947320
vt 0.747127 0.948440
vt 0.750591 0.948346
vt 0.747982 0.988268
vt 0.747982 0.947320
vt 0.750591 0.948346
vt 0.742768 0.988200
vt 0.742772 0.947014
vt 0.747982 0.947320
vt 0.747982 0.988268
vt 0.749175 0.949436
vt 0.750591 0.988498
vt 0.749175 0.949436
vt 0.746460 0.948982
vt 0.749177 0.988741
vt 0.744729 0.949983
vt 0.744733 0.988863
vt 0.739768 0.949722
vt 0.739768 0.988805
vt 0.739768 0.949722
vt 0.737024 0.948777
vt 0.739768 0.988805
vt 0.738190 0.947643
vt 0.737023 0.988593
vt 0.738190 0.947643
vt 0.738188 0.988340
vt 0.742768 0.988200
vt 0.777467 0.989154
vt 0.793249 0.989908
vt 0.737023 0.988593
vt 0.738188 0.988340
vt 0.728397 0.967872
vt 0.730742 0.967379
vt 0.728397 0.967872
vt 0.728397 0.923527
vt 0.729159 0.971825
vt 0.731511 0.971395
vt 0.729159 0.971825
vt 0.728397 0.967872
vt 0.730742 0.967379
vt 0.730742 0.922365
vt 0.728397 0.923527
vt 0.728787 0.920606
vt 0.730742 0.922365
vt 0.731136 0.919403
vt 0.729726 0.919571
vt 0.732082 0.918359
vt 0.729726 0.919571
vt 0.745635 0.923306
vt 0.732082 0.918359
vt 0.748103 0.922257
vt 0.745635 0.923306
vt 0.746762 0.926255
vt 0.748103 0.922257
vt 0.746396 0.930648
vt 0.749237 0.925253
vt 0.746396 0.930648
vt 0.737345 0.970128
vt 0.730563 0.971374
vt 0.748869 0.929703
vt 0.746396 0.930648
vt 0.730563 0.971374
vt 0.751270 0.933669
vt 0.748869 0.929703
vt 0.732927 0.970941
vt 0.730563 0.971374
vt 0.736956 0.974758
vt 0.732927 0.970941
vt 0.651718 0.964584
vt 0.638451 0.914482
vt 0.660969 0.967083
vt 0.662375 0.966419
vt 0.660969 0.967083
vt 0.638451 0.914482
vt 0.650587 0.973375
vt 0.662815 0.967805
vt 0.664255 0.967159
vt 0.662815 0.967805
vt 0.660969 0.967083
vt 0.652263 0.970123
vt 0.662375 0.966419
vt 0.639420 0.912691
vt 0.638451 0.914482
vt 0.637891 0.908940
vt 0.639420 0.912691
vt 0.638848 0.907035
vt 0.639609 0.905793
vt 0.640601 0.903829
vt 0.639609 0.905793
vt 0.662073 0.907996
vt 0.640601 0.903829
vt 0.663500 0.906169
vt 0.662073 0.907996
vt 0.663300 0.909552
vt 0.663500 0.906169
vt 0.664749 0.907761
vt 0.663807 0.913022
vt 0.665265 0.911300
vt 0.663807 0.913022
vt 0.663807 0.963415
vt 0.665265 0.911300
vt 0.665265 0.962683
vt 0.663807 0.963415
vt 0.665265 0.962683
vt 0.629612 0.896070
vt 0.628614 0.916020
vt 0.602999 0.963235
vt 0.603212 0.962428
vt 0.602999 0.963235
vt 0.628614 0.916020
vt 0.584359 0.979431
vt 0.602269 0.968977
vt 0.602466 0.968295
vt 0.602269 0.968977
vt 0.602999 0.963235
vt 0.603212 0.962428
vt 0.629744 0.915199
vt 0.629380 0.914234
vt 0.628614 0.916020
vt 0.629744 0.915199
vt 0.629380 0.914234
vt 0.630533 0.913399
vt 0.630841 0.916392
vt 0.631653 0.914619
vt 0.630841 0.916392
vt 0.651718 0.964584
vt 0.631653 0.914619
vt 0.652950 0.963854
vt 0.651718 0.964584
vt 0.652263 0.970123
vt 0.652950 0.963854
vt 0.653506 0.969508
vt 0.650587 0.973375
vt 0.604075 0.972590
vt 0.651797 0.972824
vt 0.650587 0.973375
vt 0.604075 0.972590
vt 0.651797 0.972824
vt 0.604311 0.971988
vt 0.604075 0.972590
vt 0.604311 0.971988
vt 0.739760 0.969693
vt 0.737345 0.970128
vt 0.751270 0.933669
vt 0.739369 0.974390
vt 0.736956 0.974758
vt 0.737345 0.970128
vt 0.739760 0.969693
vt 0.752038 0.917732
vt 0.751956 0.932925
vt 0.753768 0.932794
vt 0.751270 0.933669
vt 0.751956 0.932925
vt 0.753768 0.932794
vt 0.752657 0.933785
vt 0.754457 0.932044
vt 0.752657 0.933785
vt 0.777219 0.985427
vt 0.767493 0.972884
vt 0.755161 0.932919
vt 0.752657 0.933785
vt 0.767493 0.972884
vt 0.755161 0.932919
vt 0.767889 0.977161
vt 0.770042 0.972565
vt 0.767493 0.972884
vt 0.767889 0.977161
vt 0.770042 0.972565
vt 0.766907 0.979739
vt 0.770438 0.976893
vt 0.766907 0.979739
vt 0.738146 0.977627
vt 0.769454 0.979499
vt 0.766907 0.979739
vt 0.738146 0.977627
vt 0.769454 0.979499
vt 0.740568 0.977303
vt 0.738146 0.977627
vt 0.740568 0.977303
vt 0.779775 0.985269
vt 0.777219 0.985427
vt 0.752038 0.917732
vt 0.777972 0.987956
vt 0.726611 0.982651
vt 0.777219 0.985427
vt 0.777972 0.987956
vt 0.754539 0.916657
vt 0.752038 0.917732
vt 0.754539 0.916657
vt 0.726150 0.984987
vt 0.726150 0.984987
vt 0.725785 0.983799
vt 0.726611 0.982651
vt 0.666505 0.983068
vt 0.584359 0.979431
vt 0.666106 0.980399
vt 0.666505 0.983068
vt 0.666106 0.980399
vt 0.666969 0.981758
vt 0.629612 0.896070
vt 0.630399 0.893876
vt 0.629612 0.896070
vt 0.584359 0.979431
vt 0.630399 0.893876
vt 0.584162 0.978978
vt 0.582518 0.982950
vt 0.582518 0.982950
vt 0.731511 0.971395
vt 0.740568 0.977303
vt 0.732927 0.970941
vt 0.739760 0.969693
vt 0.748869 0.929703
vt 0.739369 0.974390
vt 0.639420 0.912691
vt 0.652950 0.963854
vt 0.662375 0.966419
vt 0.631653 0.914619
vt 0.664255 0.967159
vt 0.653506 0.969508
vt 0.665265 0.962683
vt 0.630399 0.893876
vt 0.630533 0.913399
vt 0.629380 0.914234
vt 0.584162 0.978978
vt 0.603212 0.962428
vt 0.602466 0.968295
vt 0.604311 0.971988
vt 0.651797 0.972824
vt 0.754539 0.916657
vt 0.754457 0.932044
vt 0.755161 0.932919
vt 0.770042 0.972565
vt 0.779775 0.985269
vt 0.769454 0.979499
vt 0.770438 0.976893
vt 0.728675 0.984734
vt 0.779775 0.985269
vt 0.728940 0.982383
vt 0.728306 0.983525
vt 0.728675 0.984734
vt 0.728940 0.982383
vt 0.667605 0.980008
vt 0.584162 0.978978
vt 0.668142 0.982703
vt 0.668142 0.982703
vt 0.668615 0.981364
vt 0.667605 0.980008
vt 0.581275 0.985432
vt 0.668373 0.983659
vt 0.725928 0.985829
vt 0.778166 0.989715
vt 0.778166 0.989715
vt 0.729035 0.969851
vt 0.598206 0.958323
vt 0.728509 0.965038
vt 0.729035 0.969851
vt 0.728509 0.965038
vt 0.729760 0.967565
vt 0.707959 0.915357
vt 0.707959 0.915357
vt 0.713506 0.911663
vt 0.707959 0.915357
vt 0.598206 0.958323
vt 0.713506 0.911663
vt 0.598487 0.955923
vt 0.589716 0.962213
vt 0.589716 0.962213
vt 0.817237 0.944437
vt 0.849253 0.980758
vt 0.850951 0.982803
vt 0.807445 0.974500
vt 0.849253 0.980758
vt 0.806845 0.977908
vt 0.806454 0.976132
vt 0.807445 0.974500
vt 0.806845 0.977908
vt 0.854555 0.980537
vt 0.849253 0.980758
vt 0.817237 0.944437
vt 0.856360 0.982605
vt 0.850951 0.982803
vt 0.823388 0.943430
vt 0.817237 0.944437
vt 0.823388 0.943430
vt 0.713506 0.911663
vt 0.598487 0.955923
vt 0.589500 0.959963
vt 0.734596 0.963657
vt 0.598487 0.955923
vt 0.735556 0.968582
vt 0.735556 0.968582
vt 0.736298 0.966205
vt 0.734596 0.963657
vt 0.589500 0.959963
vt 0.813609 0.977418
vt 0.854555 0.980537
vt 0.813770 0.973979
vt 0.813609 0.977418
vt 0.813770 0.973979
vt 0.813226 0.975605
vt 0.823388 0.943430
vt 0.856360 0.982605
vt 0.583144 0.965312
vt 0.582492 0.963099
vt 0.582492 0.963099
vt 0.578085 0.967759
vt 0.577023 0.965522
vt 0.736025 0.970320
vt 0.577023 0.965522
vt 0.574223 0.969678
vt 0.572767 0.967377
vt 0.572767 0.967377
vt 0.571327 0.971167
vt 0.569485 0.968766
vt 0.569485 0.968766
vt 0.578085 0.967759
vt 0.583144 0.965312
vt 0.853666 0.987126
vt 0.861027 0.986932
vt 0.853393 0.986444
vt 0.860136 0.986255
vt 0.852892 0.985540
vt 0.859095 0.985354
vt 0.859095 0.985354
vt 0.852111 0.984356
vt 0.857854 0.984167
vt 0.857854 0.984167
vt 0.852111 0.984356
vt 0.806509 0.979138
vt 0.852892 0.985540
vt 0.853393 0.986444
vt 0.853666 0.987126
vt 0.687670 0.964098
vt 0.681688 0.990171
vt 0.718217 0.990894
vt 0.709439 0.987308
vt 0.718217 0.990894
vt 0.681688 0.990171
vt 0.725794 0.967040
vt 0.725794 0.967040
vt 0.718217 0.990894
vt 0.752169 0.988760
vt 0.687670 0.964098
vt 0.687670 0.964098
vt 0.725794 0.967040
vt 0.703877 0.927767
vt 0.705639 0.957008
vt 0.682481 0.986793
vt 0.684281 0.982704
vt 0.684054 0.979929
vt 0.682481 0.986793
vt 0.684281 0.982704
vt 0.683360 0.979905
vt 0.684054 0.979929
vt 0.682014 0.989527
vt 0.682481 0.986793
vt 0.681796 0.986777
vt 0.682000 0.988892
vt 0.682700 0.989539
vt 0.682700 0.989539
vt 0.682014 0.989527
vt 0.681796 0.986777
vt 0.683360 0.979905
vt 0.683585 0.982683
vt 0.683585 0.982683
vt 0.681977 0.992667
vt 0.682000 0.988892
vt 0.681761 0.989934
vt 0.682217 0.991629
vt 0.681318 0.988879
vt 0.682000 0.988892
vt 0.682217 0.991629
vt 0.681295 0.992658
vt 0.681761 0.989934
vt 0.681081 0.989922
vt 0.681977 0.992667
vt 0.681533 0.991620
vt 0.681081 0.989922
vt 0.681318 0.988879
vt 0.681295 0.992658
vt 0.681533 0.991620
vt 0.687246 0.984574
vt 0.684934 0.984510
vt 0.685159 0.987257
vt 0.684934 0.984510
vt 0.687246 0.984574
vt 0.686220 0.982763
vt 0.685990 0.979997
vt 0.684934 0.984510
vt 0.685159 0.987257
vt 0.687475 0.987310
vt 0.687246 0.984574
vt 0.689413 0.980121
vt 0.687475 0.987310
vt 0.690603 0.982901
vt 0.689413 0.980121
vt 0.690364 0.980156
vt 0.689650 0.982870
vt 0.689650 0.982870
vt 0.688392 0.985454
vt 0.687955 0.985019
vt 0.690603 0.982901
vt 0.690364 0.980156
vt 0.687955 0.985019
vt 0.688591 0.986304
vt 0.688572 0.986934
vt 0.688368 0.987767
vt 0.690708 0.983183
vt 0.691345 0.981705
vt 0.691773 0.981074
vt 0.692149 0.980656
vt 0.688623 0.988181
vt 0.687955 0.985019
vt 0.688392 0.985454
vt 0.688186 0.987749
vt 0.688186 0.987749
vt 0.688822 0.989025
vt 0.688392 0.985454
vt 0.688591 0.986304
vt 0.688623 0.988181
vt 0.688802 0.989652
vt 0.688591 0.986304
vt 0.688572 0.986934
vt 0.688822 0.989025
vt 0.688598 0.990481
vt 0.688572 0.986934
vt 0.688368 0.987767
vt 0.688802 0.989652
vt 0.688083 0.988386
vt 0.688312 0.991098
vt 0.688368 0.987767
vt 0.688083 0.988386
vt 0.688598 0.990481
vt 0.690402 0.985508
vt 0.687481 0.989206
vt 0.687708 0.991916
vt 0.688083 0.988386
vt 0.687481 0.989206
vt 0.690425 0.984875
vt 0.690499 0.984029
vt 0.688312 0.991098
vt 0.690676 0.986567
vt 0.687022 0.992525
vt 0.687481 0.989206
vt 0.686796 0.989815
vt 0.690513 0.986143
vt 0.687708 0.991916
vt 0.686302 0.992722
vt 0.686796 0.989815
vt 0.686078 0.990009
vt 0.692426 0.987028
vt 0.693006 0.986835
vt 0.691369 0.987002
vt 0.690890 0.986781
vt 0.687022 0.992525
vt 0.686302 0.992722
vt 0.686078 0.990009
vt 0.682846 0.989952
vt 0.683064 0.992680
vt 0.682846 0.989952
vt 0.685162 0.979968
vt 0.683064 0.992680
vt 0.686220 0.982763
vt 0.685162 0.979968
vt 0.685990 0.979997
vt 0.685391 0.982738
vt 0.685391 0.982738
vt 0.683900 0.988928
vt 0.684636 0.985782
vt 0.687212 0.985847
vt 0.687441 0.988576
vt 0.687212 0.985847
vt 0.684636 0.985782
vt 0.686460 0.988978
vt 0.687566 0.986067
vt 0.687441 0.988576
vt 0.687566 0.986067
vt 0.687212 0.985847
vt 0.684860 0.988524
vt 0.684636 0.985782
vt 0.683900 0.988928
vt 0.684860 0.988524
vt 0.684121 0.991657
vt 0.683900 0.988928
vt 0.686460 0.988978
vt 0.684121 0.991657
vt 0.686912 0.988779
vt 0.687139 0.991494
vt 0.686460 0.988978
vt 0.686912 0.988779
vt 0.686686 0.991694
vt 0.686686 0.991694
vt 0.687734 0.986493
vt 0.687280 0.988370
vt 0.687508 0.991085
vt 0.686912 0.988779
vt 0.687280 0.988370
vt 0.687139 0.991494
vt 0.687716 0.987124
vt 0.687565 0.987749
vt 0.687794 0.990467
vt 0.687280 0.988370
vt 0.687565 0.987749
vt 0.687508 0.991085
vt 0.687946 0.989844
vt 0.687565 0.987749
vt 0.687716 0.987124
vt 0.687794 0.990467
vt 0.687964 0.989217
vt 0.687716 0.987124
vt 0.687734 0.986493
vt 0.687946 0.989844
vt 0.687796 0.988794
vt 0.687734 0.986493
vt 0.687566 0.986067
vt 0.687964 0.989217
vt 0.687796 0.988794
vt 0.693306 0.982989
vt 0.693062 0.980258
vt 0.694133 0.980299
vt 0.693306 0.982989
vt 0.692471 0.980452
vt 0.693062 0.980258
vt 0.694859 0.983254
vt 0.694133 0.980299
vt 0.694613 0.980533
vt 0.694379 0.983024
vt 0.694379 0.983024
vt 0.695072 0.983475
vt 0.694613 0.980533
vt 0.694825 0.980756
vt 0.694859 0.983254
vt 0.695229 0.983907
vt 0.694825 0.980756
vt 0.694982 0.981191
vt 0.695072 0.983475
vt 0.695085 0.981836
vt 0.695331 0.984549
vt 0.694982 0.981191
vt 0.695085 0.981836
vt 0.695229 0.983907
vt 0.694970 0.983321
vt 0.695215 0.986026
vt 0.695085 0.981836
vt 0.694970 0.983321
vt 0.695331 0.984549
vt 0.694754 0.984159
vt 0.694998 0.986861
vt 0.694970 0.983321
vt 0.694754 0.984159
vt 0.695215 0.986026
vt 0.694407 0.984990
vt 0.694650 0.987690
vt 0.694754 0.984159
vt 0.694407 0.984990
vt 0.694998 0.986861
vt 0.694115 0.985611
vt 0.694357 0.988308
vt 0.694407 0.984990
vt 0.694115 0.985611
vt 0.694650 0.987690
vt 0.693692 0.986227
vt 0.693933 0.988923
vt 0.694115 0.985611
vt 0.693692 0.986227
vt 0.694357 0.988308
vt 0.693323 0.986634
vt 0.693563 0.989330
vt 0.693692 0.986227
vt 0.693323 0.986634
vt 0.693933 0.988923
vt 0.693246 0.989531
vt 0.693323 0.986634
vt 0.693006 0.986835
vt 0.693563 0.989330
vt 0.692664 0.989726
vt 0.693006 0.986835
vt 0.692426 0.987028
vt 0.693246 0.989531
vt 0.692664 0.989726
vt 0.692426 0.987028
vt 0.691369 0.987002
vt 0.691125 0.989488
vt 0.691369 0.987002
vt 0.690890 0.986781
vt 0.691605 0.989706
vt 0.691605 0.989706
vt 0.690911 0.989276
vt 0.690890 0.986781
vt 0.690676 0.986567
vt 0.691125 0.989488
vt 0.690749 0.988855
vt 0.690676 0.986567
vt 0.690513 0.986143
vt 0.690911 0.989276
vt 0.690638 0.988225
vt 0.690513 0.986143
vt 0.690402 0.985508
vt 0.690749 0.988855
vt 0.690660 0.987595
vt 0.690402 0.985508
vt 0.690425 0.984875
vt 0.690638 0.988225
vt 0.690735 0.986753
vt 0.690425 0.984875
vt 0.690499 0.984029
vt 0.690660 0.987595
vt 0.690945 0.985910
vt 0.690499 0.984029
vt 0.690708 0.983183
vt 0.690735 0.986753
vt 0.691585 0.984436
vt 0.690708 0.983183
vt 0.691345 0.981705
vt 0.690945 0.985910
vt 0.692014 0.983806
vt 0.691345 0.981705
vt 0.691773 0.981074
vt 0.691585 0.984436
vt 0.692390 0.983389
vt 0.691773 0.981074
vt 0.692149 0.980656
vt 0.692014 0.983806
vt 0.692714 0.983184
vt 0.692149 0.980656
vt 0.692471 0.980452
vt 0.692390 0.983389
vt 0.692714 0.983184
vt 0.691364 0.985955
vt 0.692526 0.981316
vt 0.693115 0.981122
vt 0.692768 0.984044
vt 0.693115 0.981122
vt 0.692526 0.981316
vt 0.691843 0.986178
vt 0.693650 0.981142
vt 0.693358 0.983848
vt 0.693650 0.981142
vt 0.693115 0.981122
vt 0.693358 0.983848
vt 0.691202 0.985530
vt 0.692151 0.981733
vt 0.692392 0.984460
vt 0.692526 0.981316
vt 0.692151 0.981733
vt 0.692768 0.984044
vt 0.691093 0.984894
vt 0.691724 0.982361
vt 0.691963 0.985088
vt 0.692151 0.981733
vt 0.691724 0.982361
vt 0.692392 0.984460
vt 0.691168 0.984049
vt 0.691379 0.983205
vt 0.691617 0.985928
vt 0.691724 0.982361
vt 0.691379 0.983205
vt 0.691963 0.985088
vt 0.691406 0.986769
vt 0.691379 0.983205
vt 0.691168 0.984049
vt 0.691617 0.985928
vt 0.691329 0.987610
vt 0.691168 0.984049
vt 0.691093 0.984894
vt 0.691406 0.986769
vt 0.691439 0.988242
vt 0.691093 0.984894
vt 0.691202 0.985530
vt 0.691329 0.987610
vt 0.691601 0.988664
vt 0.691202 0.985530
vt 0.691364 0.985955
vt 0.691439 0.988242
vt 0.692080 0.988883
vt 0.691364 0.985955
vt 0.691843 0.986178
vt 0.691601 0.988664
vt 0.692372 0.986192
vt 0.692611 0.988894
vt 0.691843 0.986178
vt 0.692372 0.986192
vt 0.692080 0.988883
vt 0.694130 0.981374
vt 0.692954 0.985998
vt 0.693193 0.988699
vt 0.692372 0.986192
vt 0.692954 0.985998
vt 0.692611 0.988894
vt 0.694288 0.981808
vt 0.693324 0.985589
vt 0.693564 0.988290
vt 0.692954 0.985998
vt 0.693324 0.985589
vt 0.693193 0.988699
vt 0.694392 0.982452
vt 0.693748 0.984971
vt 0.693989 0.987674
vt 0.693324 0.985589
vt 0.693748 0.984971
vt 0.693564 0.988290
vt 0.694309 0.983299
vt 0.694094 0.984139
vt 0.694337 0.986844
vt 0.693748 0.984971
vt 0.694094 0.984139
vt 0.693989 0.987674
vt 0.694552 0.986008
vt 0.694094 0.984139
vt 0.694309 0.983299
vt 0.694337 0.986844
vt 0.694636 0.985165
vt 0.694309 0.983299
vt 0.694392 0.982452
vt 0.694552 0.986008
vt 0.694533 0.984525
vt 0.694392 0.982452
vt 0.694288 0.981808
vt 0.694636 0.985165
vt 0.694375 0.984094
vt 0.694288 0.981808
vt 0.694130 0.981374
vt 0.694533 0.984525
vt 0.693894 0.983865
vt 0.694130 0.981374
vt 0.693650 0.981142
vt 0.694375 0.984094
vt 0.693894 0.983865
vt 0.696191 0.985253
vt 0.697704 0.983136
vt 0.697453 0.980429
vt 0.696191 0.985253
vt 0.697704 0.983136
vt 0.696792 0.980403
vt 0.697453 0.980429
vt 0.696343 0.985674
vt 0.696589 0.988360
vt 0.696191 0.985253
vt 0.696343 0.985674
vt 0.696437 0.987941
vt 0.696437 0.987941
vt 0.696626 0.986099
vt 0.696872 0.988781
vt 0.696343 0.985674
vt 0.696626 0.986099
vt 0.696589 0.988360
vt 0.697092 0.986319
vt 0.697338 0.988998
vt 0.696626 0.986099
vt 0.697092 0.986319
vt 0.696872 0.988781
vt 0.697665 0.986128
vt 0.697913 0.988804
vt 0.697092 0.986319
vt 0.697665 0.986128
vt 0.697338 0.988998
vt 0.697979 0.985929
vt 0.698228 0.988605
vt 0.697665 0.986128
vt 0.697979 0.985929
vt 0.697913 0.988804
vt 0.698348 0.985525
vt 0.698598 0.988201
vt 0.697979 0.985929
vt 0.698348 0.985525
vt 0.698228 0.988605
vt 0.698754 0.984495
vt 0.699005 0.987175
vt 0.698348 0.985525
vt 0.698754 0.984495
vt 0.698598 0.988201
vt 0.699005 0.987175
vt 0.698754 0.984495
vt 0.699815 0.980523
vt 0.700724 0.983241
vt 0.699815 0.980523
vt 0.700468 0.980550
vt 0.700071 0.983219
vt 0.700071 0.983219
vt 0.701497 0.982073
vt 0.699401 0.984516
vt 0.700724 0.983241
vt 0.700468 0.980550
vt 0.699401 0.984516
vt 0.700602 0.983929
vt 0.698995 0.985544
vt 0.699245 0.988217
vt 0.699401 0.984516
vt 0.698995 0.985544
vt 0.701013 0.982897
vt 0.699653 0.987192
vt 0.699653 0.987192
vt 0.698700 0.986157
vt 0.698950 0.988828
vt 0.698995 0.985544
vt 0.698700 0.986157
vt 0.699245 0.988217
vt 0.698332 0.986560
vt 0.698581 0.989231
vt 0.698700 0.986157
vt 0.698332 0.986560
vt 0.698950 0.988828
vt 0.697835 0.986960
vt 0.698083 0.989631
vt 0.698332 0.986560
vt 0.697835 0.986960
vt 0.698581 0.989231
vt 0.697639 0.989827
vt 0.697835 0.986960
vt 0.697392 0.987155
vt 0.698083 0.989631
vt 0.697120 0.989816
vt 0.697392 0.987155
vt 0.696874 0.987141
vt 0.697639 0.989827
vt 0.696654 0.989601
vt 0.696874 0.987141
vt 0.696409 0.986922
vt 0.697120 0.989816
vt 0.696127 0.986500
vt 0.696372 0.989183
vt 0.696409 0.986922
vt 0.696127 0.986500
vt 0.696654 0.989601
vt 0.695974 0.986081
vt 0.696219 0.988766
vt 0.696127 0.986500
vt 0.695974 0.986081
vt 0.696372 0.989183
vt 0.695948 0.989792
vt 0.695974 0.986081
vt 0.695705 0.987111
vt 0.696219 0.988766
vt 0.695295 0.989779
vt 0.695705 0.987111
vt 0.695052 0.987094
vt 0.695948 0.989792
vt 0.695295 0.989779
vt 0.695052 0.987094
vt 0.696792 0.980403
vt 0.697043 0.983114
vt 0.697043 0.983114
vt 0.703733 0.987934
vt 0.705050 0.983253
vt 0.705312 0.985905
vt 0.705809 0.983281
vt 0.705050 0.983253
vt 0.704486 0.987954
vt 0.707178 0.982502
vt 0.706073 0.985929
vt 0.705974 0.982247
vt 0.705809 0.983281
vt 0.707422 0.982096
vt 0.706073 0.985929
vt 0.703438 0.988534
vt 0.705097 0.982630
vt 0.705360 0.985285
vt 0.705050 0.983253
vt 0.705097 0.982630
vt 0.705312 0.985905
vt 0.702948 0.988927
vt 0.704831 0.982202
vt 0.705094 0.984861
vt 0.705097 0.982630
vt 0.704831 0.982202
vt 0.705360 0.985285
vt 0.702388 0.989115
vt 0.704379 0.981975
vt 0.704642 0.984638
vt 0.704831 0.982202
vt 0.704379 0.981975
vt 0.705094 0.984861
vt 0.701251 0.989089
vt 0.703228 0.981930
vt 0.704642 0.984638
vt 0.704379 0.981975
vt 0.703228 0.981930
vt 0.700799 0.988876
vt 0.702657 0.982118
vt 0.702916 0.984789
vt 0.703228 0.981930
vt 0.702657 0.982118
vt 0.703488 0.984599
vt 0.703488 0.984599
vt 0.700528 0.988463
vt 0.702157 0.982519
vt 0.702415 0.985191
vt 0.702657 0.982118
vt 0.702157 0.982519
vt 0.702916 0.984789
vt 0.700440 0.987849
vt 0.701729 0.983132
vt 0.701986 0.985803
vt 0.702157 0.982519
vt 0.701729 0.983132
vt 0.702415 0.985191
vt 0.700534 0.987033
vt 0.701374 0.983955
vt 0.701630 0.986624
vt 0.701729 0.983132
vt 0.701374 0.983955
vt 0.701986 0.985803
vt 0.701630 0.986624
vt 0.701374 0.983955
vt 0.700534 0.987033
vt 0.700691 0.990502
vt 0.700534 0.987033
vt 0.700440 0.987849
vt 0.700786 0.989689
vt 0.700786 0.989689
vt 0.700779 0.991112
vt 0.700440 0.987849
vt 0.700528 0.988463
vt 0.700691 0.990502
vt 0.701050 0.991521
vt 0.700528 0.988463
vt 0.700799 0.988876
vt 0.700779 0.991112
vt 0.701502 0.991730
vt 0.700799 0.988876
vt 0.701251 0.989089
vt 0.701050 0.991521
vt 0.701502 0.991730
vt 0.701251 0.989089
vt 0.702388 0.989115
vt 0.703202 0.991560
vt 0.702388 0.989115
vt 0.702948 0.988927
vt 0.702641 0.991750
vt 0.702641 0.991750
vt 0.703693 0.991167
vt 0.702948 0.988927
vt 0.703438 0.988534
vt 0.703202 0.991560
vt 0.703990 0.990568
vt 0.703438 0.988534
vt 0.703733 0.987934
vt 0.703693 0.991167
vt 0.704744 0.990584
vt 0.703733 0.987934
vt 0.704486 0.987954
vt 0.703990 0.990568
vt 0.706818 0.983318
vt 0.704077 0.988954
vt 0.704334 0.991580
vt 0.704486 0.987954
vt 0.704077 0.988954
vt 0.704744 0.990584
vt 0.705659 0.987378
vt 0.703351 0.989742
vt 0.703605 0.992368
vt 0.704077 0.988954
vt 0.703351 0.989742
vt 0.704334 0.991580
vt 0.708761 0.987466
vt 0.702737 0.990130
vt 0.702990 0.992757
vt 0.703351 0.989742
vt 0.702737 0.990130
vt 0.706283 0.987395
vt 0.703605 0.992368
vt 0.702305 0.992946
vt 0.702737 0.990130
vt 0.702053 0.990316
vt 0.709376 0.987483
vt 0.702990 0.992757
vt 0.702305 0.992946
vt 0.702053 0.990316
vt 0.700918 0.990293
vt 0.700590 0.992720
vt 0.700918 0.990293
vt 0.700340 0.990079
vt 0.701169 0.992929
vt 0.701169 0.992929
vt 0.700192 0.992312
vt 0.700340 0.990079
vt 0.699943 0.989667
vt 0.700590 0.992720
vt 0.699902 0.991500
vt 0.699943 0.989667
vt 0.699653 0.988849
vt 0.700192 0.992312
vt 0.699868 0.990689
vt 0.699653 0.988849
vt 0.699618 0.988033
vt 0.699902 0.991500
vt 0.700017 0.989672
vt 0.699618 0.988033
vt 0.699766 0.987012
vt 0.699868 0.990689
vt 0.700017 0.989672
vt 0.699766 0.987012
vt 0.700602 0.983929
vt 0.701269 0.985573
vt 0.700602 0.983929
vt 0.701013 0.982897
vt 0.700857 0.986602
vt 0.700857 0.986602
vt 0.701755 0.984751
vt 0.701013 0.982897
vt 0.701497 0.982073
vt 0.701269 0.985573
vt 0.702501 0.983937
vt 0.701497 0.982073
vt 0.702242 0.981258
vt 0.701755 0.984751
vt 0.703133 0.983538
vt 0.702242 0.981258
vt 0.702872 0.980861
vt 0.702501 0.983937
vt 0.703835 0.983353
vt 0.702872 0.980861
vt 0.703573 0.980678
vt 0.703133 0.983538
vt 0.703835 0.983353
vt 0.703573 0.980678
vt 0.704728 0.980727
vt 0.705572 0.983625
vt 0.704728 0.980727
vt 0.705308 0.980962
vt 0.704991 0.983395
vt 0.704991 0.983395
vt 0.705965 0.984057
vt 0.705308 0.980962
vt 0.705700 0.981399
vt 0.705572 0.983625
vt 0.706239 0.984899
vt 0.705700 0.981399
vt 0.705974 0.982247
vt 0.705965 0.984057
vt 0.706239 0.984899
vt 0.711285 0.981427
vt 0.711558 0.984054
vt 0.711529 0.981022
vt 0.711285 0.981427
vt 0.711804 0.983650
vt 0.710908 0.980995
vt 0.711529 0.981022
vt 0.711804 0.983650
vt 0.710920 0.982239
vt 0.711192 0.984864
vt 0.711285 0.981427
vt 0.710920 0.982239
vt 0.711558 0.984054
vt 0.711192 0.984864
vt 0.710920 0.982239
vt 0.709376 0.987483
vt 0.709026 0.990074
vt 0.709376 0.987483
vt 0.708761 0.987466
vt 0.709642 0.990089
vt 0.709642 0.990089
vt 0.710060 0.983030
vt 0.709026 0.990074
vt 0.708761 0.987466
vt 0.710060 0.983030
vt 0.709991 0.982408
vt 0.710262 0.985037
vt 0.710060 0.983030
vt 0.709991 0.982408
vt 0.710331 0.985655
vt 0.710331 0.985655
vt 0.709737 0.981983
vt 0.710007 0.984616
vt 0.709991 0.982408
vt 0.709737 0.981983
vt 0.710262 0.985037
vt 0.709297 0.981757
vt 0.709567 0.984394
vt 0.709737 0.981983
vt 0.709297 0.981757
vt 0.710007 0.984616
vt 0.708796 0.981736
vt 0.709066 0.984376
vt 0.709297 0.981757
vt 0.708796 0.981736
vt 0.709567 0.984394
vt 0.708176 0.982127
vt 0.708444 0.984768
vt 0.708796 0.981736
vt 0.708176 0.982127
vt 0.709066 0.984376
vt 0.707748 0.982732
vt 0.708015 0.985373
vt 0.708176 0.982127
vt 0.707748 0.982732
vt 0.708444 0.984768
vt 0.707446 0.983342
vt 0.707712 0.985981
vt 0.707748 0.982732
vt 0.707446 0.983342
vt 0.708015 0.985373
vt 0.707712 0.985981
vt 0.707446 0.983342
vt 0.706283 0.987395
vt 0.705919 0.990005
vt 0.706283 0.987395
vt 0.705659 0.987378
vt 0.706544 0.990019
vt 0.706544 0.990019
vt 0.705919 0.990005
vt 0.705659 0.987378
vt 0.706818 0.983318
vt 0.707445 0.985147
vt 0.706818 0.983318
vt 0.707178 0.982502
vt 0.707083 0.985961
vt 0.707083 0.985961
vt 0.707689 0.984742
vt 0.707178 0.982502
vt 0.707422 0.982096
vt 0.707445 0.985147
vt 0.708245 0.984139
vt 0.707422 0.982096
vt 0.707977 0.981493
vt 0.707689 0.984742
vt 0.708742 0.983742
vt 0.707977 0.981493
vt 0.708473 0.981097
vt 0.708245 0.984139
vt 0.709305 0.983555
vt 0.708473 0.981097
vt 0.709035 0.980912
vt 0.708742 0.983742
vt 0.709807 0.983574
vt 0.709035 0.980912
vt 0.709536 0.980934
vt 0.709305 0.983555
vt 0.710248 0.983798
vt 0.709536 0.980934
vt 0.709976 0.981162
vt 0.709807 0.983574
vt 0.710437 0.984012
vt 0.709976 0.981162
vt 0.710166 0.981378
vt 0.710248 0.983798
vt 0.710359 0.982009
vt 0.710631 0.984638
vt 0.710166 0.981378
vt 0.710359 0.982009
vt 0.710437 0.984012
vt 0.711182 0.983626
vt 0.710359 0.982009
vt 0.710908 0.980995
vt 0.710631 0.984638
vt 0.711182 0.983626
vt 0.714328 0.989604
vt 0.714597 0.986441
vt 0.714055 0.987023
vt 0.714871 0.989022
vt 0.714839 0.986049
vt 0.714597 0.986441
vt 0.714871 0.989022
vt 0.713573 0.987407
vt 0.713845 0.989988
vt 0.714055 0.987023
vt 0.713573 0.987407
vt 0.714328 0.989604
vt 0.713031 0.987590
vt 0.713302 0.990173
vt 0.713573 0.987407
vt 0.713031 0.987590
vt 0.713845 0.989988
vt 0.712305 0.987569
vt 0.712575 0.990156
vt 0.713031 0.987590
vt 0.712305 0.987569
vt 0.713302 0.990173
vt 0.711879 0.987356
vt 0.712149 0.989948
vt 0.712305 0.987569
vt 0.711879 0.987356
vt 0.712575 0.990156
vt 0.711695 0.987151
vt 0.711965 0.989744
vt 0.711879 0.987356
vt 0.711695 0.987151
vt 0.712149 0.989948
vt 0.711571 0.986745
vt 0.711840 0.989342
vt 0.711695 0.987151
vt 0.711571 0.986745
vt 0.711965 0.989744
vt 0.711568 0.986343
vt 0.711838 0.988942
vt 0.711571 0.986745
vt 0.711568 0.986343
vt 0.711840 0.989342
vt 0.711838 0.988942
vt 0.711568 0.986343
vt 0.710329 0.990493
vt 0.709985 0.993066
vt 0.710329 0.990493
vt 0.709722 0.990480
vt 0.710593 0.993076
vt 0.710593 0.993076
vt 0.709985 0.993066
vt 0.709722 0.990480
vt 0.712519 0.981067
vt 0.713412 0.983713
vt 0.712519 0.981067
vt 0.713135 0.981094
vt 0.712795 0.983689
vt 0.712795 0.983689
vt 0.712770 0.982317
vt 0.713045 0.984930
vt 0.713135 0.981094
vt 0.712770 0.982317
vt 0.713412 0.983713
vt 0.713290 0.984530
vt 0.712770 0.982317
vt 0.713015 0.981915
vt 0.713045 0.984930
vt 0.713659 0.984133
vt 0.713015 0.981915
vt 0.713382 0.981519
vt 0.713290 0.984530
vt 0.713966 0.983940
vt 0.713382 0.981519
vt 0.713689 0.981326
vt 0.713659 0.984133
vt 0.714518 0.983756
vt 0.713689 0.981326
vt 0.714240 0.981145
vt 0.713966 0.983940
vt 0.715252 0.983785
vt 0.714240 0.981145
vt 0.714973 0.981178
vt 0.714518 0.983756
vt 0.715679 0.984007
vt 0.714973 0.981178
vt 0.715399 0.981403
vt 0.715252 0.983785
vt 0.715920 0.984424
vt 0.715399 0.981403
vt 0.715640 0.981825
vt 0.715679 0.984007
vt 0.716095 0.985447
vt 0.715640 0.981825
vt 0.715816 0.982854
vt 0.715920 0.984424
vt 0.715969 0.986251
vt 0.715816 0.982854
vt 0.715691 0.983662
vt 0.716095 0.985447
vt 0.715969 0.986251
vt 0.715691 0.983662
vt 0.715202 0.985259
vt 0.715113 0.988630
vt 0.715202 0.985259
vt 0.714839 0.986049
vt 0.715478 0.987842
vt 0.715478 0.987842
vt 0.715113 0.988630
vt 0.711866 0.985343
vt 0.712468 0.983330
vt 0.712894 0.982733
vt 0.712741 0.985940
vt 0.712894 0.982733
vt 0.712468 0.983330
vt 0.711931 0.985952
vt 0.713384 0.982343
vt 0.713169 0.985343
vt 0.713384 0.982343
vt 0.712894 0.982733
vt 0.713169 0.985343
vt 0.712741 0.985940
vt 0.712468 0.983330
vt 0.711866 0.985343
vt 0.712202 0.988550
vt 0.711866 0.985343
vt 0.711931 0.985952
vt 0.712137 0.987946
vt 0.712137 0.987946
vt 0.712177 0.986363
vt 0.712448 0.988958
vt 0.711931 0.985952
vt 0.712177 0.986363
vt 0.712202 0.988550
vt 0.713934 0.982161
vt 0.712603 0.986577
vt 0.712875 0.989168
vt 0.712177 0.986363
vt 0.712603 0.986577
vt 0.712448 0.988958
vt 0.714422 0.982182
vt 0.713330 0.986600
vt 0.713603 0.989187
vt 0.712603 0.986577
vt 0.713330 0.986600
vt 0.712875 0.989168
vt 0.714848 0.982405
vt 0.713934 0.986219
vt 0.714208 0.988805
vt 0.713330 0.986600
vt 0.713934 0.986219
vt 0.713603 0.989187
vt 0.715090 0.982824
vt 0.714357 0.985631
vt 0.714632 0.988218
vt 0.713934 0.986219
vt 0.714357 0.985631
vt 0.714208 0.988805
vt 0.715026 0.983839
vt 0.714660 0.985038
vt 0.714936 0.987626
vt 0.714357 0.985631
vt 0.714660 0.985038
vt 0.714632 0.988218
vt 0.715303 0.986431
vt 0.714660 0.985038
vt 0.715026 0.983839
vt 0.714936 0.987626
vt 0.715368 0.985421
vt 0.715026 0.983839
vt 0.715090 0.982824
vt 0.715303 0.986431
vt 0.715126 0.985006
vt 0.715090 0.982824
vt 0.714848 0.982405
vt 0.715368 0.985421
vt 0.714700 0.984786
vt 0.714848 0.982405
vt 0.714422 0.982182
vt 0.715126 0.985006
vt 0.714211 0.984768
vt 0.714422 0.982182
vt 0.713934 0.982161
vt 0.714700 0.984786
vt 0.713659 0.984953
vt 0.713934 0.982161
vt 0.713384 0.982343
vt 0.714211 0.984768
vt 0.713659 0.984953
vt 0.745610 0.935374
vt 0.747701 0.961671
vt 0.740338 0.926487
vt 0.752169 0.988760
vt 0.709439 0.987308
vt 0.579387 0.983419
vt 0.585790 0.991024
vt 0.585372 0.990989
vt 0.584434 0.989934
vt 0.585372 0.990989
vt 0.585790 0.991024
vt 0.578780 0.983543
vt 0.584434 0.989934
vt 0.578780 0.983543
vt 0.585372 0.990989
vt 0.581075 0.983361
vt 0.586736 0.991038
vt 0.585153 0.990002
vt 0.586736 0.991038
vt 0.718585 0.985659
vt 0.665585 0.991456
vt 0.665317 0.990490
vt 0.586736 0.991038
vt 0.665585 0.991456
vt 0.586762 0.990028
vt 0.586762 0.990028
vt 0.719550 0.985738
vt 0.666546 0.991454
vt 0.665317 0.990490
vt 0.665585 0.991456
vt 0.666546 0.991454
vt 0.719319 0.985834
vt 0.667172 0.991427
vt 0.666950 0.990485
vt 0.667172 0.991427
vt 0.720582 0.984226
vt 0.667172 0.991427
vt 0.719319 0.985834
vt 0.668020 0.990434
vt 0.668020 0.990434
vt 0.720582 0.984226
vt 0.719319 0.985834
vt 0.719550 0.985738
vt 0.720993 0.984043
vt 0.718585 0.985659
vt 0.580984 0.981275
vt 0.718585 0.985659
vt 0.581075 0.983361
vt 0.719350 0.983892
vt 0.719350 0.983892
vt 0.580984 0.981275
vt 0.581075 0.983361
vt 0.579387 0.983419
vt 0.578089 0.981386
vt 0.578780 0.983543
vt 0.577070 0.981624
vt 0.577070 0.981624
vt 0.040952 0.808775
vt 0.577089 0.980692
vt 0.576110 0.980531
vt 0.574088 0.978266
vt 0.576110 0.980531
vt 0.577089 0.980692
vt 0.062205 0.802784
vt 0.574088 0.978266
vt 0.062205 0.802784
vt 0.576110 0.980531
vt 0.019696 0.802784
vt 0.579147 0.980750
vt 0.575776 0.978571
vt 0.579147 0.980750
vt 0.986400 0.972007
vt 0.734116 0.984087
vt 0.733185 0.982326
vt 0.579147 0.980750
vt 0.734116 0.984087
vt 0.579267 0.978678
vt 0.579267 0.978678
vt 0.984908 0.972334
vt 0.735869 0.984112
vt 0.733185 0.982326
vt 0.734116 0.984087
vt 0.735869 0.984112
vt 0.981932 0.972442
vt 0.737384 0.984047
vt 0.736159 0.982374
vt 0.737384 0.984047
vt 0.981686 0.969589
vt 0.737384 0.984047
vt 0.981932 0.972442
vt 0.738736 0.982251
vt 0.738736 0.982251
vt 0.981686 0.969589
vt 0.981932 0.972442
vt 0.984908 0.972334
vt 0.986717 0.969389
vt 0.986400 0.972007
vt 0.007004 0.794871
vt 0.986400 0.972007
vt 0.019696 0.802784
vt 0.989297 0.968775
vt 0.989297 0.968775
vt 0.007004 0.794871
vt 0.019696 0.802784
vt 0.040952 0.808775
vt 0.040950 0.803898
vt 0.062205 0.802784
vt 0.074897 0.794871
vt 0.074897 0.794871
vt 0.804409 0.989677
vt 0.733605 0.992579
vt 0.733776 0.992553
vt 0.733134 0.991665
vt 0.733776 0.992553
vt 0.733605 0.992579
vt 0.803291 0.989691
vt 0.733134 0.991665
vt 0.803291 0.989691
vt 0.733776 0.992553
vt 0.805424 0.989702
vt 0.734062 0.992601
vt 0.732846 0.991715
vt 0.734062 0.992601
vt 0.848835 0.992290
vt 0.781044 0.993757
vt 0.780578 0.993040
vt 0.734062 0.992601
vt 0.781044 0.993757
vt 0.733628 0.991757
vt 0.733628 0.991757
vt 0.848912 0.992318
vt 0.781689 0.993765
vt 0.780578 0.993040
vt 0.781044 0.993757
vt 0.781689 0.993765
vt 0.848357 0.992340
vt 0.782344 0.993758
vt 0.781678 0.993054
vt 0.782344 0.993758
vt 0.848726 0.991469
vt 0.782344 0.993758
vt 0.848357 0.992340
vt 0.782793 0.993041
vt 0.782793 0.993041
vt 0.848726 0.991469
vt 0.848357 0.992340
vt 0.848912 0.992318
vt 0.849674 0.991427
vt 0.848835 0.992290
vt 0.806270 0.988464
vt 0.848835 0.992290
vt 0.805424 0.989702
vt 0.849548 0.991373
vt 0.849548 0.991373
vt 0.806270 0.988464
vt 0.805424 0.989702
vt 0.804409 0.989677
vt 0.804533 0.988415
vt 0.803291 0.989691
vt 0.802618 0.988443
vt 0.802618 0.988443
vt 0.972665 0.986841
vt 0.821504 0.989108
vt 0.822181 0.989061
vt 0.821540 0.987730
vt 0.822181 0.989061
vt 0.821504 0.989108
vt 0.971319 0.986805
vt 0.821540 0.987730
vt 0.971319 0.986805
vt 0.822181 0.989061
vt 0.973165 0.986919
vt 0.821753 0.989164
vt 0.820388 0.987822
vt 0.821753 0.989164
vt 0.969281 0.991308
vt 0.862303 0.992072
vt 0.861551 0.991156
vt 0.821753 0.989164
vt 0.862303 0.992072
vt 0.820821 0.987928
vt 0.820821 0.987928
vt 0.968878 0.991341
vt 0.862952 0.992093
vt 0.861551 0.991156
vt 0.862303 0.992072
vt 0.862952 0.992093
vt 0.967966 0.991354
vt 0.863844 0.992092
vt 0.862660 0.991195
vt 0.863844 0.992092
vt 0.967941 0.990378
vt 0.863844 0.992092
vt 0.967966 0.991354
vt 0.864176 0.991194
vt 0.864176 0.991194
vt 0.967941 0.990378
vt 0.967966 0.991354
vt 0.968878 0.991341
vt 0.969494 0.990354
vt 0.969281 0.991308
vt 0.974525 0.985391
vt 0.969281 0.991308
vt 0.973165 0.986919
vt 0.970185 0.990291
vt 0.970185 0.990291
vt 0.974525 0.985391
vt 0.973165 0.986919
vt 0.972665 0.986841
vt 0.973683 0.985242
vt 0.971319 0.986805
vt 0.971376 0.985173
vt 0.971376 0.985173
vt 0.580945 0.976465
vt 0.719669 0.979770
vt 0.719669 0.979770
vt 0.721592 0.979993
vt 0.577547 0.976630
vt 0.580945 0.976465
vt 0.721103 0.980261
vt 0.668371 0.988018
vt 0.668371 0.988018
vt 0.667117 0.988093
vt 0.721103 0.980261
vt 0.665206 0.988101
vt 0.586773 0.987524
vt 0.586773 0.987524
vt 0.584890 0.987486
vt 0.665206 0.988101
vt 0.584045 0.987387
vt 0.576362 0.976981
vt 0.576362 0.976981
vt 0.584045 0.987387
vt 0.573251 0.972777
vt 0.079668 0.754003
vt 0.079668 0.754003
vt 0.040950 0.765570
vt 0.575238 0.973223
vt 0.573251 0.972777
vt 0.002233 0.754003
vt 0.990495 0.960912
vt 0.990495 0.960912
vt 0.987456 0.961806
vt 0.002233 0.754003
vt 0.981586 0.962095
vt 0.739293 0.977799
vt 0.739293 0.977799
vt 0.736278 0.977978
vt 0.981586 0.962095
vt 0.732802 0.977908
vt 0.579317 0.973379
vt 0.579317 0.973379
vt 0.732802 0.977908
vt 0.821273 0.984599
vt 0.971400 0.981376
vt 0.971400 0.981376
vt 0.974107 0.981477
vt 0.819926 0.984734
vt 0.821273 0.984599
vt 0.975089 0.981697
vt 0.970560 0.987835
vt 0.970560 0.987835
vt 0.969748 0.987926
vt 0.975089 0.981697
vt 0.967931 0.987962
vt 0.864313 0.988979
vt 0.864313 0.988979
vt 0.862539 0.988981
vt 0.967931 0.987962
vt 0.861240 0.988924
vt 0.820437 0.984889
vt 0.820437 0.984889
vt 0.861240 0.988924
vt 0.806621 0.985527
vt 0.849844 0.989183
vt 0.849844 0.989183
vt 0.849989 0.989262
vt 0.804585 0.985456
vt 0.806621 0.985527
vt 0.848879 0.989322
vt 0.782979 0.991286
vt 0.782979 0.991286
vt 0.781673 0.991305
vt 0.848879 0.989322
vt 0.780386 0.991284
vt 0.733448 0.989682
vt 0.733448 0.989682
vt 0.732531 0.989620
vt 0.780386 0.991284
vt 0.732868 0.989547
vt 0.802337 0.985496
vt 0.802337 0.985496
vt 0.732868 0.989547
vt 0.988753 0.954857
vt 0.984215 0.953210
vt 0.977754 0.976863
vt 0.979190 0.977424
vt 0.980289 0.977865
vt 0.667241 0.982254
vt 0.668373 0.983659
vt 0.728136 0.983932
vt 0.725928 0.985829
vt 0.806509 0.979138
vt 0.813155 0.976185
vt 0.730091 0.968491
vt 0.736025 0.970320
vt 0.764815 0.993064
vt 0.740108 0.993142
vt 0.753669 0.993439
vt 0.766031 0.993730
vt 0.743673 0.993788
vt 0.750990 0.992709
vt 0.852223 0.958919
vt 0.668436 0.970999
vt 0.730644 0.974533
vt 0.834528 0.984230
vt 0.701708 0.979450
vt 0.776567 0.935303
vt 0.639498 0.981975
vt 0.682373 0.982929
vt 0.650595 0.977723
vt 0.743823 0.981609
vt 0.767102 0.994282
vt 0.814621 0.993141
vt 0.789859 0.993061
vt 0.763401 0.992236
vt 0.777359 0.991729
vt 0.694357 0.992310
vt 0.651271 0.992483
vt 0.686769 0.992855
vt 0.656346 0.991840
vt 0.614807 0.991572
vt 0.669671 0.990169
vt 0.619620 0.989689
vt 0.725958 0.990131
vt 0.678551 0.989074
vt 0.669652 0.990172
vt 0.713618 0.990963
vt 0.640104 0.990866
vt 0.662361 0.991082
vt 0.635910 0.991675
vt 0.878770 0.992054
vt 0.841092 0.990959
vt 0.868010 0.992853
vt 0.903368 0.992481
vt 0.871100 0.991353
vt 0.862083 0.990539
vt 0.892159 0.991073
vt 0.851144 0.989573
vt 0.892214 0.991073
vt 0.875991 0.989070
vt 0.918861 0.991672
vt 0.914608 0.990854
vt 0.918810 0.991672
vt 0.941763 0.992271
vt 0.939953 0.991568
vt 0.922336 0.992352
vt 0.898266 0.991838
vt 0.719748 0.984227
vt 0.777296 0.986992
vt 0.682014 0.989527
vt 0.683585 0.982683
vt 0.684281 0.982704
vt 0.682700 0.989539
vt 0.681295 0.992658
vt 0.681533 0.991620
vt 0.682217 0.991629
vt 0.681977 0.992667
vt 0.683064 0.992680
vt 0.686220 0.982763
vt 0.685159 0.987257
vt 0.684860 0.988524
vt 0.687475 0.987310
vt 0.685391 0.982738
vt 0.684121 0.991657
vt 0.686302 0.992722
vt 0.687139 0.991494
vt 0.687022 0.992525
vt 0.686686 0.991694
vt 0.687794 0.990467
vt 0.687708 0.991916
vt 0.687508 0.991085
vt 0.688822 0.989025
vt 0.688312 0.991098
vt 0.688623 0.988181
vt 0.688802 0.989652
vt 0.688598 0.990481
vt 0.687964 0.989217
vt 0.688186 0.987749
vt 0.687946 0.989844
vt 0.689650 0.982870
vt 0.690603 0.982901
vt 0.687796 0.988794
vt 0.687441 0.988576
vt 0.692392 0.984460
vt 0.692714 0.983184
vt 0.693306 0.982989
vt 0.693358 0.983848
vt 0.694379 0.983024
vt 0.692768 0.984044
vt 0.691963 0.985088
vt 0.692390 0.983389
vt 0.691617 0.985928
vt 0.692014 0.983806
vt 0.690638 0.988225
vt 0.691585 0.984436
vt 0.690749 0.988855
vt 0.690735 0.986753
vt 0.690945 0.985910
vt 0.690660 0.987595
vt 0.691329 0.987610
vt 0.690911 0.989276
vt 0.691406 0.986769
vt 0.691439 0.988242
vt 0.691125 0.989488
vt 0.691601 0.988664
vt 0.691605 0.989706
vt 0.692611 0.988894
vt 0.692664 0.989726
vt 0.692080 0.988883
vt 0.693564 0.988290
vt 0.693246 0.989531
vt 0.693193 0.988699
vt 0.693989 0.987674
vt 0.693563 0.989330
vt 0.694337 0.986844
vt 0.693933 0.988923
vt 0.695331 0.984549
vt 0.694357 0.988308
vt 0.695229 0.983907
vt 0.695215 0.986026
vt 0.694650 0.987690
vt 0.694998 0.986861
vt 0.694636 0.985165
vt 0.695072 0.983475
vt 0.694552 0.986008
vt 0.694533 0.984525
vt 0.694859 0.983254
vt 0.694375 0.984094
vt 0.693894 0.983865
vt 0.695295 0.989779
vt 0.697043 0.983114
vt 0.697704 0.983136
vt 0.696437 0.987941
vt 0.696219 0.988766
vt 0.695948 0.989792
vt 0.696589 0.988360
vt 0.696372 0.989183
vt 0.696872 0.988781
vt 0.696654 0.989601
vt 0.697338 0.988998
vt 0.697120 0.989816
vt 0.697913 0.988804
vt 0.697639 0.989827
vt 0.698228 0.988605
vt 0.698083 0.989631
vt 0.699005 0.987175
vt 0.698581 0.989231
vt 0.698598 0.988201
vt 0.700724 0.983241
vt 0.698950 0.988828
vt 0.699245 0.988217
vt 0.699653 0.987192
vt 0.700071 0.983219
vt 0.705312 0.985905
vt 0.706239 0.984899
vt 0.706073 0.985929
vt 0.705965 0.984057
vt 0.705360 0.985285
vt 0.705572 0.983625
vt 0.704642 0.984638
vt 0.704991 0.983395
vt 0.705094 0.984861
vt 0.703488 0.984599
vt 0.703835 0.983353
vt 0.702916 0.984789
vt 0.703133 0.983538
vt 0.701986 0.985803
vt 0.702501 0.983937
vt 0.702415 0.985191
vt 0.699902 0.991500
vt 0.701755 0.984751
vt 0.701630 0.986624
vt 0.699868 0.990689
vt 0.701269 0.985573
vt 0.700017 0.989672
vt 0.700857 0.986602
vt 0.700691 0.990502
vt 0.700192 0.992312
vt 0.700786 0.989689
vt 0.700779 0.991112
vt 0.700590 0.992720
vt 0.701502 0.991730
vt 0.701169 0.992929
vt 0.701050 0.991521
vt 0.702641 0.991750
vt 0.702305 0.992946
vt 0.703202 0.991560
vt 0.702990 0.992757
vt 0.703990 0.990568
vt 0.703605 0.992368
vt 0.703693 0.991167
vt 0.704744 0.990584
vt 0.704334 0.991580
vt 0.711558 0.984054
vt 0.711182 0.983626
vt 0.711804 0.983650
vt 0.710331 0.985655
vt 0.710631 0.984638
vt 0.709026 0.990074
vt 0.711192 0.984864
vt 0.710262 0.985037
vt 0.710437 0.984012
vt 0.710007 0.984616
vt 0.710248 0.983798
vt 0.709567 0.984394
vt 0.709807 0.983574
vt 0.709066 0.984376
vt 0.709305 0.983555
vt 0.708444 0.984768
vt 0.708742 0.983742
vt 0.707712 0.985981
vt 0.708245 0.984139
vt 0.708015 0.985373
vt 0.705919 0.990005
vt 0.707689 0.984742
vt 0.707445 0.985147
vt 0.707083 0.985961
vt 0.706544 0.990019
vt 0.709642 0.990089
vt 0.716095 0.985447
vt 0.715113 0.988630
vt 0.714871 0.989022
vt 0.714328 0.989604
vt 0.715969 0.986251
vt 0.715478 0.987842
vt 0.715303 0.986431
vt 0.715920 0.984424
vt 0.714936 0.987626
vt 0.715368 0.985421
vt 0.715679 0.984007
vt 0.715126 0.985006
vt 0.715252 0.983785
vt 0.714211 0.984768
vt 0.714518 0.983756
vt 0.714700 0.984786
vt 0.713659 0.984953
vt 0.713966 0.983940
vt 0.713169 0.985343
vt 0.713659 0.984133
vt 0.713290 0.984530
vt 0.712741 0.985940
vt 0.713045 0.984930
vt 0.709985 0.993066
vt 0.713412 0.983713
vt 0.712795 0.983689
vt 0.711838 0.988942
vt 0.710593 0.993076
vt 0.712137 0.987946
vt 0.712202 0.988550
vt 0.711840 0.989342
vt 0.711965 0.989744
vt 0.712448 0.988958
vt 0.712149 0.989948
vt 0.712875 0.989168
vt 0.712575 0.990156
vt 0.713603 0.989187
vt 0.713302 0.990173
vt 0.714208 0.988805
vt 0.713845 0.989988
vt 0.714632 0.988218
vt 0.770424 0.988497
vt 0.767746 0.997067
vt 0.767746 0.988268
vt 0.762395 0.997050
vt 0.767746 0.988268
vt 0.767746 0.997067
vt 0.825531 0.990869
vt 0.770424 0.988497
vt 0.767746 0.988268
vt 0.762399 0.988200
vt 0.609016 0.984663
vt 0.762399 0.988200
vt 0.829248 0.990949
vt 0.770426 0.997124
vt 0.768428 1.000000
vt 0.767746 0.997067
vt 0.770426 0.997124
vt 0.762226 1.000000
vt 0.762395 0.997050
vt 0.767746 0.997067
vt 0.768428 1.000000
vt 0.768971 0.988741
vt 0.768973 0.997185
vt 0.771506 1.000000
vt 0.768973 0.997185
vt 0.764407 0.988863
vt 0.764411 0.997216
vt 0.769807 1.000000
vt 0.764411 0.997216
vt 0.759316 0.988805
vt 0.759316 0.997201
vt 0.764560 1.000000
vt 0.759316 0.997201
vt 0.756498 0.988594
vt 0.759316 0.997201
vt 0.759316 0.988805
vt 0.756496 0.997148
vt 0.758699 1.000000
vt 0.759316 0.997201
vt 0.756496 0.997148
vt 0.758699 1.000000
vt 0.820678 0.991202
vt 0.759316 0.988805
vt 0.764407 0.988863
vt 0.756498 0.988594
vt 0.869034 0.993690
vt 0.798011 0.990524
vt 0.781813 0.989908
vt 0.819442 0.991056
vt 0.768971 0.988741
vt 0.821422 0.990915
vt 0.757694 0.997085
vt 0.757696 0.988340
vt 0.757696 0.988340
vt 0.755435 1.000000
vt 0.757694 0.997085
vt 0.756794 1.000000
vt 0.798011 0.990524
vt 0.726987 1.000000
vt 0.726987 0.993690
vt 0.798011 1.000000
vt 0.726987 0.993690
vt 0.726987 1.000000
vt 0.726987 0.993690
vt 0.798011 0.994942
vt 0.799946 0.995173
vt 0.798011 0.994942
vt 0.714010 0.993517
vt 0.798011 1.000000
vt 0.987005 1.000000
vt 0.726987 1.000000
vt 0.798011 1.000000
vt 0.742621 1.000000
vt 0.798011 1.000000
vt 0.714010 1.000000
vt 0.781813 1.000000
vt 0.798011 1.000000
vt 0.737115 1.000000
vt 0.736204 1.000000
vt 0.739776 1.000000
vt 0.737235 1.000000
vt 0.869034 0.993690
vt 0.798011 1.000000
vt 0.798011 0.990524
vt 0.869034 1.000000
vt 0.820039 1.000000
vt 0.869034 1.000000
vt 0.814209 1.000000
vt 0.818600 1.000000
vt 0.798011 0.994942
vt 0.869034 1.000000
vt 0.869034 0.993690
vt 0.798011 1.000000
vt 0.796717 1.000000
vt 0.882011 1.000000
vt 0.829927 1.000000
vt 0.831167 1.000000
vt 0.828768 1.000000
vt 0.824217 1.000000
vt 0.882011 0.993517
vt 0.814209 0.989908
vt 0.830335 0.991101
vt 0.824301 0.991273
vt 0.828261 0.991233
vt 0.744310 1.000000
vt 0.744402 1.000000
vt 0.597296 0.993204
vt 0.597296 0.996602
vt 0.596021 0.996564
vt 0.597319 1.000000
vt 0.596021 0.996564
vt 0.597296 0.996602
vt 0.596021 0.993128
vt 0.084065 0.947962
vt 0.596021 0.993128
vt 0.596021 0.996564
vt 0.071957 1.000000
vt 0.084065 0.947962
vt 0.596021 0.996564
vt 0.597319 1.000000
vt 0.600060 0.993232
vt 0.600060 0.996616
vt 0.598162 1.000000
vt 0.600060 0.996616
vt 0.796075 0.995173
vt 0.600060 0.996616
vt 0.600060 0.993232
vt 0.796075 0.997586
vt 0.600013 1.000000
vt 0.600060 0.996616
vt 0.796075 0.997586
vt 0.600013 1.000000
vt 0.796075 0.995173
vt 0.600060 0.993232
vt 0.597296 0.993204
vt 0.691335 0.993577
vt 0.596021 0.993128
vt 0.798011 0.995189
vt 0.084065 0.896611
vt 0.609016 0.992847
vt 0.084065 0.896611
vt 0.689078 0.993523
vt 0.688892 0.993440
vt 0.798011 0.995189
vt 0.796075 0.997586
vt 0.796075 0.995173
vt 0.798011 0.997594
vt 0.796717 1.000000
vt 0.796075 0.997586
vt 0.798011 0.997594
vt 0.691967 0.999701
vt 0.692768 1.000000
vt 0.738326 0.999635
vt 0.691183 0.999599
vt 0.739671 1.000000
vt 0.796717 1.000000
vt 0.738984 0.999727
vt 0.799946 0.995173
vt 0.799946 0.997586
vt 0.798011 1.000000
vt 0.799946 0.997586
vt 0.995961 0.993232
vt 0.799946 0.997586
vt 0.799946 0.995173
vt 0.995961 0.996616
vt 0.799304 1.000000
vt 0.799946 0.997586
vt 0.995961 0.996616
vt 0.799304 1.000000
vt 0.741254 0.994156
vt 0.987005 0.992847
vt 0.995961 0.993232
vt 0.743955 0.994050
vt 0.742322 0.993993
vt 0.743493 0.994117
vt 0.738538 0.994146
vt 0.998726 0.993204
vt 0.995961 0.996616
vt 0.995961 0.993232
vt 0.998726 0.996602
vt 0.996009 1.000000
vt 0.995961 0.996616
vt 0.998726 0.996602
vt 0.996009 1.000000
vt 0.042032 0.902075
vt 0.998726 0.993204
vt 1.000000 0.993128
vt 1.000000 0.996564
vt 0.997859 1.000000
vt 1.000000 0.996564
vt 0.000000 0.896611
vt 1.000000 0.996564
vt 1.000000 0.993128
vt 0.000000 0.947962
vt 0.998703 1.000000
vt 1.000000 0.996564
vt 0.000000 0.947962
vt 0.998703 1.000000
vt 0.000000 0.896611
vt 1.000000 0.993128
vt 0.042032 0.902075
vt 0.000000 0.947962
vt 0.000000 0.896611
vt 0.042033 0.950746
vt 0.012108 1.000000
vt 0.000000 0.947962
vt 0.042033 0.950746
vt 0.012108 1.000000
vt 0.084065 0.896611
vt 0.084065 0.947962
vt 0.042033 1.000000
vt 0.084065 0.947962
vt 0.071957 1.000000
vt 0.609016 0.986599
vt 0.987005 0.986599
vt 0.987005 0.984663
vt 0.609016 0.000000
vt 0.736881 0.994092
vt 0.738538 0.998537
vt 0.738538 0.994146
vt 0.741256 0.998539
vt 0.738538 0.994146
vt 0.738538 0.998537
vt 0.694350 0.993574
vt 0.736881 0.994092
vt 0.741254 0.994156
vt 0.736880 0.998523
vt 0.738326 0.999635
vt 0.738538 0.998537
vt 0.736880 0.998523
vt 0.739671 1.000000
vt 0.741256 0.998539
vt 0.738538 0.998537
vt 0.738984 0.999727
vt 0.738326 0.999635
vt 0.737269 0.994024
vt 0.737268 0.998506
vt 0.736204 1.000000
vt 0.737268 0.998506
vt 0.737701 0.999727
vt 0.737115 1.000000
vt 0.739532 0.993982
vt 0.739530 0.998495
vt 0.737235 1.000000
vt 0.739530 0.998495
vt 0.742322 0.993993
vt 0.742322 0.998498
vt 0.739776 1.000000
vt 0.742322 0.998498
vt 0.743955 0.994050
vt 0.742322 0.998498
vt 0.742322 0.993993
vt 0.743956 0.998512
vt 0.742621 1.000000
vt 0.742322 0.998498
vt 0.743956 0.998512
vt 0.742621 1.000000
vt 0.694066 0.993373
vt 0.739532 0.993982
vt 0.696332 0.993431
vt 0.737269 0.994024
vt 0.696424 0.993514
vt 0.743494 0.998529
vt 0.743493 0.994117
vt 0.744310 1.000000
vt 0.743494 0.998529
vt 0.744402 1.000000
vt 0.742442 1.000000
vt 0.696332 0.993431
vt 0.694066 0.998343
vt 0.694066 0.993373
vt 0.690956 0.998344
vt 0.694066 0.993373
vt 0.694066 0.998343
vt 0.690958 0.993377
vt 0.690958 0.993377
vt 0.696334 0.998358
vt 0.694284 1.000000
vt 0.694066 0.998343
vt 0.696334 0.998358
vt 0.691083 1.000000
vt 0.690956 0.998344
vt 0.694066 0.998343
vt 0.694284 1.000000
vt 0.696424 0.993514
vt 0.696425 0.998379
vt 0.697226 1.000000
vt 0.696425 0.998379
vt 0.696708 1.000000
vt 0.694350 0.993574
vt 0.694352 0.998393
vt 0.695659 1.000000
vt 0.694352 0.998393
vt 0.691335 0.993577
vt 0.691335 0.998394
vt 0.692768 1.000000
vt 0.691335 0.998394
vt 0.689078 0.993523
vt 0.691335 0.998394
vt 0.691335 0.993577
vt 0.689076 0.998381
vt 0.691183 0.999599
vt 0.691335 0.998394
vt 0.689076 0.998381
vt 0.691967 0.999701
vt 0.691183 0.999599
vt 0.688891 0.998360
vt 0.688892 0.993440
vt 0.688132 1.000000
vt 0.688891 0.998360
vt 0.690422 0.999700
vt 0.689692 1.000000
vt 0.688654 1.000000
vt 0.609016 0.986599
vt 0.609016 1.000000
vt 0.609016 0.992847
vt 0.714010 1.000000
vt 0.609016 0.992847
vt 0.609016 1.000000
vt 0.714010 0.993517
vt 0.609016 1.000000
vt 0.012108 1.000000
vt 0.609016 1.000000
vt 0.609016 1.000000
vt 0.694284 1.000000
vt 0.691083 1.000000
vt 0.688132 1.000000
vt 0.689692 1.000000
vt 0.600013 1.000000
vt 0.688654 1.000000
vt 0.781813 0.989908
vt 0.609016 1.000000
vt 0.609016 0.986599
vt 0.781813 1.000000
vt 0.758699 1.000000
vt 0.609016 1.000000
vt 0.714010 0.993517
vt 0.781813 1.000000
vt 0.781813 0.989908
vt 0.714010 1.000000
vt 0.771506 1.000000
vt 0.769807 1.000000
vt 0.764560 1.000000
vt 0.696708 1.000000
vt 0.697226 1.000000
vt 0.987005 0.992847
vt 0.987005 1.000000
vt 0.987005 0.986599
vt 0.814209 1.000000
vt 0.987005 0.986599
vt 0.987005 1.000000
vt 0.814209 0.989908
vt 0.987005 1.000000
vt 0.987005 1.000000
vt 0.987005 1.000000
vt 0.882011 0.993517
vt 0.987005 1.000000
vt 0.987005 0.992847
vt 0.882011 1.000000
vt 0.998703 1.000000
vt 0.814209 0.989908
vt 0.882011 1.000000
vt 0.882011 0.993517
vt 0.814209 1.000000
vt 0.825625 1.000000
vt 0.820875 1.000000
vt 0.798011 0.989154
vt 0.609016 0.000000
vt 0.609016 1.000000
vt 0.609016 0.984663
vt 0.798011 1.000000
vt 0.609016 0.984663
vt 0.609016 1.000000
vt 0.798011 0.989154
vt 0.609016 1.000000
vt 0.609016 1.000000
vt 0.768428 1.000000
vt 0.762226 1.000000
vt 0.755435 1.000000
vt 0.756794 1.000000
vt 0.987005 0.984663
vt 0.609016 1.000000
vt 0.609016 0.000000
vt 0.987005 1.000000
vt 0.798011 0.989154
vt 0.987005 1.000000
vt 0.987005 0.984663
vt 0.798011 1.000000
vt 0.830335 0.991101
vt 0.829248 0.997737
vt 0.829248 0.990949
vt 0.825528 0.997717
vt 0.829248 0.990949
vt 0.829248 0.997737
vt 0.825531 0.990869
vt 0.830335 0.997775
vt 0.829927 1.000000
vt 0.829248 0.997737
vt 0.830335 0.997775
vt 0.825625 1.000000
vt 0.825528 0.997717
vt 0.829248 0.997737
vt 0.829927 1.000000
vt 0.828261 0.991233
vt 0.828262 0.997808
vt 0.831167 1.000000
vt 0.828262 0.997808
vt 0.824301 0.991273
vt 0.824304 0.997818
vt 0.828768 1.000000
vt 0.824304 0.997818
vt 0.820678 0.991202
vt 0.820678 0.997800
vt 0.824217 1.000000
vt 0.820678 0.997800
vt 0.819442 0.991056
vt 0.820678 0.997800
vt 0.820678 0.991202
vt 0.819442 0.997764
vt 0.820039 1.000000
vt 0.820678 0.997800
vt 0.819442 0.997764
vt 0.820039 1.000000
vt 0.821421 0.997729
vt 0.821422 0.990915
vt 0.818600 1.000000
vt 0.821421 0.997729
vt 0.820875 1.000000
vt 0.695659 1.000000
vt 0.692768 1.000000
vt 0.737701 0.999727
vt 0.737115 1.000000
vt 0.690422 0.999700
vt 0.689692 1.000000
vt 0.798011 1.000000
vt 0.742442 1.000000
vt 0.739671 1.000000
vt 0.997859 1.000000
vt 0.799304 1.000000
vt 0.996009 1.000000
vt 0.042033 1.000000
vt 0.598162 1.000000
vt 0.071957 1.000000
vt 0.597319 1.000000
vt 0.667786 0.977723
vt 0.720250 0.979450
vt 0.700403 0.982929
vt 0.700403 1.000000
vt 0.700403 0.982929
vt 0.720250 0.979450
vt 0.656396 0.981975
vt 0.656396 1.000000
vt 0.656396 0.981975
vt 0.700403 0.982929
vt 0.700403 1.000000
vt 0.720250 1.000000
vt 0.720250 0.979450
vt 0.667786 0.977723
vt 0.763477 0.981609
vt 0.750037 0.974539
vt 0.749950 1.000000
vt 0.750037 0.974539
vt 0.720250 0.979450
vt 0.720250 1.000000
vt 0.720250 0.979450
vt 0.763477 0.981609
vt 0.720250 1.000000
vt 0.720250 1.000000
vt 0.667786 1.000000
vt 0.667786 0.977723
vt 0.656396 0.981975
vt 0.667786 1.000000
vt 0.656396 1.000000
vt 0.797835 0.986992
vt 0.856579 0.984230
vt 0.856579 1.000000
vt 0.856579 0.984230
vt 0.750037 0.974539
vt 0.797835 1.000000
vt 0.797835 0.986992
vt 0.856579 0.984230
vt 0.856579 1.000000
vt 0.797086 0.935303
vt 0.874741 0.958919
vt 0.749950 1.000000
vt 0.750037 0.974539
vt 0.874741 0.958919
vt 0.686098 0.970999
vt 0.686098 1.000000
vt 0.686098 0.970999
vt 0.750037 0.974539
vt 0.749950 1.000000
vt 0.749950 1.000000
vt 0.738766 0.984227
vt 0.763477 1.000000
vt 0.763477 0.981609
vt 0.738766 0.984227
vt 0.763477 1.000000
vt 0.738766 1.000000
vt 0.738766 0.984227
vt 0.797835 0.986992
vt 0.738766 1.000000
vt 0.797835 1.000000
vt 0.770834 0.992709
vt 0.773584 0.993439
vt 0.759665 0.993142
vt 0.759665 1.000000
vt 0.759665 0.993142
vt 0.773584 0.993439
vt 0.770834 1.000000
vt 0.770834 0.992709
vt 0.759665 0.993142
vt 0.759665 1.000000
vt 0.785024 0.993064
vt 0.773584 1.000000
vt 0.773584 0.993439
vt 0.785024 0.993064
vt 0.786272 0.993730
vt 0.787371 0.994282
vt 0.763323 0.993788
vt 0.786272 1.000000
vt 0.786272 0.993730
vt 0.773584 0.993439
vt 0.773584 1.000000
vt 0.773584 0.993439
vt 0.763323 0.993788
vt 0.773584 1.000000
vt 0.773584 1.000000
vt 0.785024 1.000000
vt 0.785024 0.993064
vt 0.770834 0.992709
vt 0.785024 1.000000
vt 0.770834 1.000000
vt 0.874741 1.000000
vt 0.874741 0.958919
vt 0.797086 0.935303
vt 0.874741 1.000000
vt 0.797086 1.000000
vt 0.797086 0.935303
vt 0.686098 0.970999
vt 0.797086 1.000000
vt 0.686098 1.000000
vt 0.673689 0.991840
vt 0.712704 0.992310
vt 0.704915 0.992855
vt 0.704915 1.000000
vt 0.704915 0.992855
vt 0.712704 0.992310
vt 0.668480 0.992483
vt 0.668480 1.000000
vt 0.668480 0.992483
vt 0.704915 0.992855
vt 0.704915 1.000000
vt 0.712704 1.000000
vt 0.712704 0.992310
vt 0.673689 0.991840
vt 0.712704 1.000000
vt 0.673689 1.000000
vt 0.673689 0.991840
vt 0.668480 0.992483
vt 0.673689 1.000000
vt 0.668480 1.000000
vt 0.635992 0.989689
vt 0.652713 0.991675
vt 0.631052 0.991572
vt 0.631052 1.000000
vt 0.631052 0.991572
vt 0.652713 0.991675
vt 0.635992 1.000000
vt 0.635992 0.989689
vt 0.631052 0.991572
vt 0.631052 1.000000
vt 0.657018 0.990866
vt 0.652713 1.000000
vt 0.652713 0.991675
vt 0.657018 0.990866
vt 0.652713 1.000000
vt 0.679863 0.991082
vt 0.657018 1.000000
vt 0.657018 0.990866
vt 0.679863 0.991082
vt 0.657018 1.000000
vt 0.687346 0.990172
vt 0.679863 1.000000
vt 0.679863 0.991082
vt 0.687346 0.990172
vt 0.679863 1.000000
vt 0.687366 0.990169
vt 0.687346 1.000000
vt 0.687346 0.990172
vt 0.732474 0.990963
vt 0.687346 1.000000
vt 0.696481 0.989074
vt 0.745140 0.990131
vt 0.732474 0.990963
vt 0.732474 1.000000
vt 0.732474 0.990963
vt 0.745140 0.990131
vt 0.732474 1.000000
vt 0.745140 1.000000
vt 0.745140 0.990131
vt 0.696481 0.989074
vt 0.745140 1.000000
vt 0.696481 1.000000
vt 0.696481 0.989074
vt 0.687366 0.990169
vt 0.696481 1.000000
vt 0.687366 1.000000
vt 0.687366 0.990169
vt 0.635992 0.989689
vt 0.687366 1.000000
vt 0.635992 1.000000
vt 0.810729 0.993061
vt 0.836146 0.993141
vt 0.787371 1.000000
vt 0.787371 0.994282
vt 0.836146 0.993141
vt 0.763323 1.000000
vt 0.763323 0.993788
vt 0.787371 0.994282
vt 0.787371 1.000000
vt 0.797900 0.991729
vt 0.836146 1.000000
vt 0.836146 0.993141
vt 0.797900 0.991729
vt 0.836146 1.000000
vt 0.783573 0.992236
vt 0.797900 1.000000
vt 0.797900 0.991729
vt 0.783573 0.992236
vt 0.797900 1.000000
vt 0.783573 1.000000
vt 0.783573 0.992236
vt 0.810729 0.993061
vt 0.783573 1.000000
vt 0.810729 1.000000
vt 0.810729 0.993061
vt 0.786272 0.993730
vt 0.810729 1.000000
vt 0.786272 1.000000
vt 0.763323 1.000000
vt 0.915789 0.991073
vt 0.922006 0.991839
vt 0.915733 0.991073
vt 0.915789 1.000000
vt 0.915789 0.991073
vt 0.899137 0.989070
vt 0.943088 0.991672
vt 0.938775 0.990854
vt 0.938775 1.000000
vt 0.938775 0.990854
vt 0.915789 0.991073
vt 0.915789 1.000000
vt 0.884862 0.990539
vt 0.873634 0.989573
vt 0.899137 0.989070
vt 0.899137 1.000000
vt 0.899137 0.989070
vt 0.873634 0.989573
vt 0.899137 1.000000
vt 0.873634 1.000000
vt 0.873634 0.989573
vt 0.884862 0.990539
vt 0.873634 1.000000
vt 0.890946 0.992853
vt 0.863317 0.990959
vt 0.884862 1.000000
vt 0.884862 0.990539
vt 0.863317 0.990959
vt 0.894117 0.991353
vt 0.884862 1.000000
vt 0.863317 1.000000
vt 0.863317 0.990959
vt 0.890946 0.992853
vt 0.863317 1.000000
vt 0.927238 0.992481
vt 0.890946 1.000000
vt 0.890946 0.992853
vt 0.927238 0.992481
vt 0.901990 0.992054
vt 0.890946 1.000000
vt 0.927238 1.000000
vt 0.927238 0.992481
vt 0.922006 0.991839
vt 0.927238 1.000000
vt 0.922006 1.000000
vt 0.922006 0.991839
vt 0.901990 0.992054
vt 0.915733 1.000000
vt 0.915733 0.991073
vt 0.922006 0.991839
vt 0.922006 1.000000
vt 0.922006 0.991839
vt 0.943088 0.991672
vt 0.922006 1.000000
vt 0.922006 1.000000
vt 0.901990 1.000000
vt 0.901990 0.992054
vt 0.894117 0.991353
vt 0.901990 1.000000
vt 0.894117 1.000000
vt 0.894117 0.991353
vt 0.915733 0.991073
vt 0.894117 1.000000
vt 0.915733 1.000000
vt 0.946707 0.992352
vt 0.943088 1.000000
vt 0.943088 0.991672
vt 0.946707 0.992352
vt 0.943088 1.000000
vt 0.964790 0.991568
vt 0.966648 0.992271
vt 0.946707 1.000000
vt 0.946707 0.992352
vt 0.966648 0.992271
vt 0.943140 0.991672
vt 0.946707 1.000000
vt 0.966648 1.000000
vt 0.966648 0.992271
vt 0.964790 0.991568
vt 0.966648 1.000000
vt 0.964790 1.000000
vt 0.964790 0.991568
vt 0.943140 0.991672
vt 0.964790 1.000000
vt 0.943140 1.000000
vt 0.943140 0.991672
vt 0.938775 0.990854
vt 0.943140 1.000000
vt 0.938775 1.000000
vt 0.667786 1.000000
vt 0.700403 1.000000
vt 0.720250 1.000000
vt 0.763477 1.000000
vt 0.749950 1.000000
vt 0.656396 1.000000
vt 0.797835 1.000000
vt 0.856579 1.000000
vt 0.797086 1.000000
vt 0.874741 1.000000
vt 0.686098 1.000000
vt 0.738766 1.000000
vt 0.770834 1.000000
vt 0.759665 1.000000
vt 0.773584 1.000000
vt 0.785024 1.000000
vt 0.763323 1.000000
vt 0.787371 1.000000
vt 0.786272 1.000000
vt 0.673689 1.000000
vt 0.668480 1.000000
vt 0.704915 1.000000
vt 0.712704 1.000000
vt 0.652713 1.000000
vt 0.635992 1.000000
vt 0.631052 1.000000
vt 0.687346 1.000000
vt 0.687366 1.000000
vt 0.679863 1.000000
vt 0.657018 1.000000
vt 0.732474 1.000000
vt 0.696481 1.000000
vt 0.745140 1.000000
vt 0.810729 1.000000
vt 0.836146 1.000000
vt 0.797900 1.000000
vt 0.783573 1.000000
vt 0.922006 1.000000
vt 0.938775 1.000000
vt 0.915789 1.000000
vt 0.915733 1.000000
vt 0.899137 1.000000
vt 0.943088 1.000000
vt 0.943140 1.000000
vt 0.946707 1.000000
vt 0.964790 1.000000
vt 0.966648 1.000000
vt 0.890946 1.000000
vt 0.901990 1.000000
vt 0.927238 1.000000
vt 0.894117 1.000000
vt 0.884862 1.000000
vt 0.863317 1.000000
vt 0.873634 1.000000
vt 0.732518 0.981065
vt 0.732205 0.982082
vt 0.731703 0.982472
vt 0.732517 0.984953
vt 0.731703 0.982472
vt 0.732205 0.982082
vt 0.731827 0.981654
vt 0.731265 0.983070
vt 0.732014 0.985343
vt 0.731265 0.983070
vt 0.731703 0.982472
vt 0.732204 0.981258
vt 0.732014 0.985343
vt 0.733084 0.980884
vt 0.732770 0.981900
vt 0.733083 0.984768
vt 0.732205 0.982082
vt 0.732770 0.981900
vt 0.732517 0.984953
vt 0.733837 0.980918
vt 0.733271 0.981922
vt 0.733585 0.984786
vt 0.732770 0.981900
vt 0.733271 0.981922
vt 0.733083 0.984768
vt 0.733708 0.982145
vt 0.734022 0.985006
vt 0.733271 0.981922
vt 0.733708 0.982145
vt 0.733585 0.984786
vt 0.734274 0.981144
vt 0.733956 0.982565
vt 0.734270 0.985421
vt 0.733708 0.982145
vt 0.733956 0.982565
vt 0.734022 0.985006
vt 0.734521 0.981566
vt 0.733891 0.983580
vt 0.734204 0.986431
vt 0.733956 0.982565
vt 0.733891 0.983580
vt 0.734270 0.985421
vt 0.734702 0.982596
vt 0.733516 0.984780
vt 0.733827 0.987626
vt 0.733891 0.983580
vt 0.733516 0.984780
vt 0.734204 0.986431
vt 0.732400 0.987150
vt 0.733205 0.985373
vt 0.733515 0.988218
vt 0.733516 0.984780
vt 0.733205 0.985373
vt 0.732895 0.986766
vt 0.733827 0.987626
vt 0.732771 0.985961
vt 0.733080 0.988805
vt 0.733205 0.985373
vt 0.732771 0.985961
vt 0.733515 0.988218
vt 0.731844 0.987333
vt 0.732151 0.986342
vt 0.732459 0.989187
vt 0.732771 0.985961
vt 0.732151 0.986342
vt 0.733080 0.988805
vt 0.731099 0.987311
vt 0.731405 0.986319
vt 0.731711 0.989168
vt 0.732151 0.986342
vt 0.731405 0.986319
vt 0.732459 0.989187
vt 0.730661 0.987098
vt 0.730967 0.986104
vt 0.731273 0.988958
vt 0.731405 0.986319
vt 0.730967 0.986104
vt 0.731711 0.989168
vt 0.730473 0.986892
vt 0.730715 0.985692
vt 0.731021 0.988550
vt 0.730967 0.986104
vt 0.730715 0.985692
vt 0.731273 0.988958
vt 0.730342 0.986084
vt 0.730648 0.985084
vt 0.730955 0.987946
vt 0.730715 0.985692
vt 0.730648 0.985084
vt 0.730345 0.986486
vt 0.731021 0.988550
vt 0.728448 0.990222
vt 0.730955 0.987946
vt 0.730648 0.985084
vt 0.731265 0.983070
vt 0.731576 0.982056
vt 0.731574 0.985940
vt 0.731574 0.985940
vt 0.699055 0.989649
vt 0.699298 0.988606
vt 0.699998 0.988619
vt 0.699542 0.991620
vt 0.699998 0.988619
vt 0.699298 0.988606
vt 0.699753 0.989661
vt 0.700243 0.991629
vt 0.699753 0.989661
vt 0.699998 0.988619
vt 0.700243 0.991629
vt 0.699297 0.992658
vt 0.699298 0.988606
vt 0.699055 0.989649
vt 0.699542 0.991620
vt 0.699997 0.992667
vt 0.699055 0.989649
vt 0.699753 0.989661
vt 0.699297 0.992658
vt 0.699997 0.992667
vt 0.702106 0.979652
vt 0.700492 0.986519
vt 0.699789 0.986503
vt 0.700739 0.989539
vt 0.699789 0.986503
vt 0.700492 0.986519
vt 0.701393 0.979628
vt 0.701648 0.982683
vt 0.701393 0.979628
vt 0.699789 0.986503
vt 0.700035 0.989527
vt 0.700035 0.989527
vt 0.700739 0.989539
vt 0.700492 0.986519
vt 0.702106 0.979652
vt 0.701648 0.982683
vt 0.702106 0.979652
vt 0.701393 0.979628
vt 0.702362 0.982704
vt 0.702362 0.982704
vt 0.704092 0.979721
vt 0.700867 0.989680
vt 0.703243 0.979692
vt 0.703501 0.982738
vt 0.703243 0.979692
vt 0.700867 0.989680
vt 0.703501 0.982738
vt 0.704092 0.979721
vt 0.703243 0.979692
vt 0.701949 0.988656
vt 0.704184 0.989738
vt 0.701113 0.992680
vt 0.700867 0.989680
vt 0.704184 0.989738
vt 0.703009 0.984236
vt 0.702704 0.985508
vt 0.701113 0.992680
vt 0.705039 0.988508
vt 0.704921 0.989544
vt 0.705176 0.992525
vt 0.704184 0.989738
vt 0.704921 0.989544
vt 0.704576 0.988707
vt 0.704437 0.992722
vt 0.704437 0.992722
vt 0.705709 0.987478
vt 0.705623 0.988935
vt 0.705880 0.991916
vt 0.704921 0.989544
vt 0.705623 0.988935
vt 0.705417 0.988099
vt 0.705176 0.992525
vt 0.706762 0.986033
vt 0.706241 0.988116
vt 0.706499 0.991098
vt 0.705623 0.988935
vt 0.706241 0.988116
vt 0.706558 0.985183
vt 0.705880 0.991916
vt 0.706742 0.986663
vt 0.706534 0.987496
vt 0.706793 0.990481
vt 0.706241 0.988116
vt 0.706534 0.987496
vt 0.706499 0.991098
vt 0.707003 0.989652
vt 0.706534 0.987496
vt 0.706742 0.986663
vt 0.706793 0.990481
vt 0.707023 0.989025
vt 0.706742 0.986663
vt 0.706762 0.986033
vt 0.707003 0.989652
vt 0.706819 0.988181
vt 0.706762 0.986033
vt 0.706558 0.985183
vt 0.707023 0.989025
vt 0.705883 0.986222
vt 0.706109 0.984746
vt 0.706370 0.987749
vt 0.706558 0.985183
vt 0.706109 0.984746
vt 0.705865 0.986852
vt 0.706819 0.988181
vt 0.707605 0.979847
vt 0.708581 0.979883
vt 0.706370 0.987749
vt 0.706109 0.984746
vt 0.708581 0.979883
vt 0.705710 0.985795
vt 0.707873 0.982870
vt 0.708581 0.979883
vt 0.707605 0.979847
vt 0.708851 0.982901
vt 0.708851 0.982901
vt 0.705347 0.985575
vt 0.705381 0.984301
vt 0.707873 0.982870
vt 0.707605 0.979847
vt 0.705381 0.984301
vt 0.705641 0.987310
vt 0.705381 0.984301
vt 0.703009 0.984236
vt 0.705641 0.987310
vt 0.703263 0.987257
vt 0.703009 0.984236
vt 0.704092 0.979721
vt 0.703263 0.987257
vt 0.704352 0.982763
vt 0.704352 0.982763
vt 0.702957 0.988524
vt 0.702704 0.985508
vt 0.705347 0.985575
vt 0.702198 0.991657
vt 0.701949 0.988656
vt 0.702704 0.985508
vt 0.702957 0.988524
vt 0.705970 0.988794
vt 0.705347 0.985575
vt 0.705710 0.985795
vt 0.705606 0.988576
vt 0.705606 0.988576
vt 0.706142 0.989217
vt 0.705710 0.985795
vt 0.705883 0.986222
vt 0.705970 0.988794
vt 0.706123 0.989844
vt 0.705883 0.986222
vt 0.705865 0.986852
vt 0.706142 0.989217
vt 0.705967 0.990467
vt 0.705865 0.986852
vt 0.705709 0.987478
vt 0.706123 0.989844
vt 0.705674 0.991085
vt 0.705709 0.987478
vt 0.705417 0.988099
vt 0.705967 0.990467
vt 0.705295 0.991494
vt 0.705417 0.988099
vt 0.705039 0.988508
vt 0.705674 0.991085
vt 0.704830 0.991694
vt 0.705039 0.988508
vt 0.704576 0.988707
vt 0.705295 0.991494
vt 0.704830 0.991694
vt 0.704576 0.988707
vt 0.701949 0.988656
vt 0.702198 0.991657
vt 0.732150 0.990173
vt 0.731099 0.987311
vt 0.731844 0.987333
vt 0.731403 0.990156
vt 0.730661 0.987098
vt 0.731099 0.987311
vt 0.731403 0.990156
vt 0.732707 0.989988
vt 0.731844 0.987333
vt 0.732400 0.987150
vt 0.732150 0.990173
vt 0.733203 0.989604
vt 0.732400 0.987150
vt 0.732895 0.986766
vt 0.732707 0.989988
vt 0.733451 0.986184
vt 0.733761 0.989022
vt 0.732895 0.986766
vt 0.733451 0.986184
vt 0.733203 0.989604
vt 0.733699 0.985792
vt 0.734009 0.988630
vt 0.733451 0.986184
vt 0.733699 0.985792
vt 0.733761 0.989022
vt 0.734574 0.983404
vt 0.734072 0.985001
vt 0.734384 0.987842
vt 0.733699 0.985792
vt 0.734072 0.985001
vt 0.734009 0.988630
vt 0.734888 0.986251
vt 0.734072 0.985001
vt 0.734574 0.983404
vt 0.734384 0.987842
vt 0.735017 0.985447
vt 0.734574 0.983404
vt 0.734702 0.982596
vt 0.734888 0.986251
vt 0.734837 0.984424
vt 0.734702 0.982596
vt 0.734521 0.981566
vt 0.735017 0.985447
vt 0.734589 0.984007
vt 0.734521 0.981566
vt 0.734274 0.981144
vt 0.734837 0.984424
vt 0.734152 0.983785
vt 0.734274 0.981144
vt 0.733837 0.980918
vt 0.734589 0.984007
vt 0.733398 0.983756
vt 0.733837 0.980918
vt 0.733084 0.980884
vt 0.734152 0.983785
vt 0.732831 0.983940
vt 0.733084 0.980884
vt 0.732518 0.981065
vt 0.733398 0.983756
vt 0.732516 0.984133
vt 0.732518 0.981065
vt 0.732204 0.981258
vt 0.732831 0.983940
vt 0.732138 0.984530
vt 0.732204 0.981258
vt 0.731827 0.981654
vt 0.732516 0.984133
vt 0.731886 0.984930
vt 0.731827 0.981654
vt 0.731576 0.982056
vt 0.732138 0.984530
vt 0.731951 0.980833
vt 0.732263 0.983713
vt 0.731576 0.982056
vt 0.731951 0.980833
vt 0.731886 0.984930
vt 0.731318 0.980805
vt 0.731629 0.983689
vt 0.731951 0.980833
vt 0.731318 0.980805
vt 0.732263 0.983713
vt 0.731629 0.983689
vt 0.731318 0.980805
vt 0.728448 0.990222
vt 0.729071 0.990235
vt 0.729370 0.993076
vt 0.728448 0.990222
vt 0.729071 0.990235
vt 0.728746 0.993066
vt 0.728746 0.993066
vt 0.729370 0.993076
vt 0.729071 0.990235
vt 0.730342 0.986084
vt 0.730649 0.989342
vt 0.730342 0.986084
vt 0.730345 0.986486
vt 0.730647 0.988942
vt 0.730647 0.988942
vt 0.730777 0.989744
vt 0.730345 0.986486
vt 0.730473 0.986892
vt 0.730649 0.989342
vt 0.730966 0.989948
vt 0.730473 0.986892
vt 0.730661 0.987098
vt 0.730777 0.989744
vt 0.730966 0.989948
vt 0.729677 0.981977
vt 0.728093 0.987224
vt 0.727462 0.987206
vt 0.728393 0.990089
vt 0.727462 0.987206
vt 0.728093 0.987224
vt 0.729665 0.980732
vt 0.728795 0.982768
vt 0.729100 0.985655
vt 0.728795 0.982768
vt 0.727462 0.987206
vt 0.727761 0.990074
vt 0.727761 0.990074
vt 0.728393 0.990089
vt 0.728093 0.987224
vt 0.729677 0.981977
vt 0.730051 0.981165
vt 0.730360 0.984054
vt 0.729677 0.981977
vt 0.730051 0.981165
vt 0.729984 0.984864
vt 0.729984 0.984864
vt 0.730302 0.980760
vt 0.730612 0.983650
vt 0.730051 0.981165
vt 0.730302 0.980760
vt 0.730360 0.984054
vt 0.729974 0.983626
vt 0.730302 0.980760
vt 0.729665 0.980732
vt 0.730612 0.983650
vt 0.729101 0.981747
vt 0.729408 0.984638
vt 0.729665 0.980732
vt 0.729101 0.981747
vt 0.729974 0.983626
vt 0.728723 0.982145
vt 0.728903 0.981115
vt 0.729210 0.984012
vt 0.729101 0.981747
vt 0.728903 0.981115
vt 0.729408 0.984638
vt 0.728463 0.981720
vt 0.728708 0.980899
vt 0.729015 0.983798
vt 0.728903 0.981115
vt 0.728708 0.980899
vt 0.729210 0.984012
vt 0.728011 0.981494
vt 0.728257 0.980671
vt 0.728563 0.983574
vt 0.728708 0.980899
vt 0.728257 0.980671
vt 0.729015 0.983798
vt 0.727498 0.981473
vt 0.727742 0.980648
vt 0.728047 0.983555
vt 0.728257 0.980671
vt 0.727742 0.980648
vt 0.728563 0.983574
vt 0.726861 0.981863
vt 0.727165 0.980833
vt 0.727470 0.983742
vt 0.727742 0.980648
vt 0.727165 0.980833
vt 0.728047 0.983555
vt 0.726112 0.983079
vt 0.726657 0.981229
vt 0.726959 0.984139
vt 0.727165 0.980833
vt 0.726657 0.981229
vt 0.726422 0.982469
vt 0.727470 0.983742
vt 0.724278 0.987116
vt 0.726087 0.981832
vt 0.726389 0.984742
vt 0.726657 0.981229
vt 0.726087 0.981832
vt 0.726959 0.984139
vt 0.725837 0.982239
vt 0.726138 0.985147
vt 0.726087 0.981832
vt 0.725837 0.982239
vt 0.726389 0.984742
vt 0.725467 0.983055
vt 0.725767 0.985961
vt 0.725837 0.982239
vt 0.725467 0.983055
vt 0.726138 0.985147
vt 0.725767 0.985961
vt 0.725467 0.983055
vt 0.724278 0.987116
vt 0.724919 0.987134
vt 0.725213 0.990019
vt 0.724278 0.987116
vt 0.724919 0.987134
vt 0.724572 0.990005
vt 0.724572 0.990005
vt 0.725213 0.990019
vt 0.724919 0.987134
vt 0.726112 0.983079
vt 0.726723 0.985373
vt 0.726112 0.983079
vt 0.726422 0.982469
vt 0.726412 0.985981
vt 0.726412 0.985981
vt 0.727164 0.984768
vt 0.726422 0.982469
vt 0.726861 0.981863
vt 0.726723 0.985373
vt 0.727802 0.984376
vt 0.726861 0.981863
vt 0.727498 0.981473
vt 0.727164 0.984768
vt 0.728316 0.984394
vt 0.727498 0.981473
vt 0.728011 0.981494
vt 0.727802 0.984376
vt 0.728768 0.984616
vt 0.728011 0.981494
vt 0.728463 0.981720
vt 0.728316 0.984394
vt 0.729029 0.985037
vt 0.728463 0.981720
vt 0.728723 0.982145
vt 0.728768 0.984616
vt 0.729100 0.985655
vt 0.728723 0.982145
vt 0.728795 0.982768
vt 0.729029 0.985037
vt 0.723701 0.982365
vt 0.723917 0.980696
vt 0.724320 0.981133
vt 0.724216 0.983625
vt 0.724320 0.981133
vt 0.723917 0.980696
vt 0.723653 0.982988
vt 0.724601 0.981982
vt 0.724619 0.984057
vt 0.724601 0.981982
vt 0.724320 0.981133
vt 0.724619 0.984057
vt 0.722965 0.981709
vt 0.723322 0.980461
vt 0.723620 0.983395
vt 0.723917 0.980696
vt 0.723322 0.980461
vt 0.723428 0.981937
vt 0.724216 0.983625
vt 0.721783 0.981663
vt 0.722137 0.980412
vt 0.723620 0.983395
vt 0.723322 0.980461
vt 0.722137 0.980412
vt 0.721197 0.981851
vt 0.721418 0.980594
vt 0.721712 0.983538
vt 0.722137 0.980412
vt 0.721418 0.980594
vt 0.722433 0.983353
vt 0.722433 0.983353
vt 0.720245 0.982866
vt 0.720771 0.980991
vt 0.721063 0.983937
vt 0.721418 0.980594
vt 0.720771 0.980991
vt 0.720684 0.982252
vt 0.721712 0.983538
vt 0.718115 0.988585
vt 0.720007 0.981806
vt 0.720298 0.984751
vt 0.720771 0.980991
vt 0.720007 0.981806
vt 0.719881 0.983689
vt 0.721063 0.983937
vt 0.718079 0.987768
vt 0.719510 0.982630
vt 0.719798 0.985573
vt 0.720007 0.981806
vt 0.719510 0.982630
vt 0.720298 0.984751
vt 0.718230 0.986746
vt 0.719088 0.983663
vt 0.719376 0.986602
vt 0.719510 0.982630
vt 0.719088 0.983663
vt 0.719798 0.985573
vt 0.719376 0.986602
vt 0.719088 0.983663
vt 0.718230 0.986746
vt 0.718361 0.990689
vt 0.718230 0.986746
vt 0.718079 0.987768
vt 0.718514 0.989672
vt 0.718514 0.989672
vt 0.718396 0.991500
vt 0.718079 0.987768
vt 0.718115 0.988585
vt 0.718361 0.990689
vt 0.718922 0.987584
vt 0.718412 0.989403
vt 0.718693 0.992312
vt 0.718115 0.988585
vt 0.718412 0.989403
vt 0.719019 0.986768
vt 0.718396 0.991500
vt 0.719013 0.988199
vt 0.718820 0.989816
vt 0.719102 0.992720
vt 0.718412 0.989403
vt 0.718820 0.989816
vt 0.718693 0.992312
vt 0.719754 0.988825
vt 0.719413 0.990030
vt 0.719696 0.992929
vt 0.718820 0.989816
vt 0.719413 0.990030
vt 0.719291 0.988612
vt 0.719102 0.992720
vt 0.720921 0.988852
vt 0.720578 0.990054
vt 0.719696 0.992929
vt 0.719413 0.990030
vt 0.720578 0.990054
vt 0.721496 0.988664
vt 0.721280 0.989868
vt 0.721566 0.992757
vt 0.720578 0.990054
vt 0.721280 0.989868
vt 0.720863 0.992946
vt 0.720863 0.992946
vt 0.722302 0.987671
vt 0.721910 0.989480
vt 0.722197 0.992368
vt 0.721280 0.989868
vt 0.721910 0.989480
vt 0.721999 0.988272
vt 0.721566 0.992757
vt 0.723075 0.987692
vt 0.722655 0.988692
vt 0.722945 0.991580
vt 0.721910 0.989480
vt 0.722655 0.988692
vt 0.722197 0.992368
vt 0.723366 0.990584
vt 0.722655 0.988692
vt 0.723075 0.987692
vt 0.722945 0.991580
vt 0.722591 0.990568
vt 0.723075 0.987692
vt 0.722302 0.987671
vt 0.723366 0.990584
vt 0.722287 0.991167
vt 0.722302 0.987671
vt 0.721999 0.988272
vt 0.722591 0.990568
vt 0.721783 0.991560
vt 0.721999 0.988272
vt 0.721496 0.988664
vt 0.722287 0.991167
vt 0.721208 0.991750
vt 0.721496 0.988664
vt 0.720921 0.988852
vt 0.721783 0.991560
vt 0.721208 0.991750
vt 0.720921 0.988852
vt 0.719754 0.988825
vt 0.719574 0.991521
vt 0.719754 0.988825
vt 0.719291 0.988612
vt 0.720038 0.991730
vt 0.720038 0.991730
vt 0.719296 0.991112
vt 0.719291 0.988612
vt 0.719013 0.988199
vt 0.719574 0.991521
vt 0.719206 0.990502
vt 0.719013 0.988199
vt 0.718922 0.987584
vt 0.719296 0.991112
vt 0.719303 0.989689
vt 0.718922 0.987584
vt 0.719019 0.986768
vt 0.719206 0.990502
vt 0.719303 0.989689
vt 0.719019 0.986768
vt 0.719881 0.983689
vt 0.720535 0.985803
vt 0.719881 0.983689
vt 0.720245 0.982866
vt 0.720170 0.986624
vt 0.720170 0.986624
vt 0.720975 0.985191
vt 0.720245 0.982866
vt 0.720684 0.982252
vt 0.720535 0.985803
vt 0.721490 0.984789
vt 0.720684 0.982252
vt 0.721197 0.981851
vt 0.720975 0.985191
vt 0.722077 0.984599
vt 0.721197 0.981851
vt 0.721783 0.981663
vt 0.721490 0.984789
vt 0.722077 0.984599
vt 0.721783 0.981663
vt 0.722965 0.981709
vt 0.723725 0.984861
vt 0.722965 0.981709
vt 0.723428 0.981937
vt 0.723261 0.984638
vt 0.723261 0.984638
vt 0.723998 0.985285
vt 0.723428 0.981937
vt 0.723701 0.982365
vt 0.723725 0.984861
vt 0.723949 0.985905
vt 0.723701 0.982365
vt 0.723653 0.982988
vt 0.723998 0.985285
vt 0.724432 0.983017
vt 0.724730 0.985929
vt 0.723653 0.982988
vt 0.724432 0.983017
vt 0.723949 0.985905
vt 0.724900 0.984899
vt 0.724432 0.983017
vt 0.724601 0.981982
vt 0.724730 0.985929
vt 0.724900 0.984899
vt 0.709613 0.986732
vt 0.710099 0.985908
vt 0.710643 0.985922
vt 0.710367 0.988883
vt 0.710643 0.985922
vt 0.710099 0.985908
vt 0.710698 0.986759
vt 0.711240 0.985728
vt 0.710912 0.988894
vt 0.711240 0.985728
vt 0.710643 0.985922
vt 0.710912 0.988894
vt 0.709608 0.985685
vt 0.709875 0.988664
vt 0.710099 0.985908
vt 0.709608 0.985685
vt 0.710367 0.988883
vt 0.709122 0.986511
vt 0.709442 0.985260
vt 0.709709 0.988242
vt 0.709608 0.985685
vt 0.709442 0.985260
vt 0.709875 0.988664
vt 0.708902 0.986296
vt 0.709329 0.984623
vt 0.709597 0.987610
vt 0.709442 0.985260
vt 0.709329 0.984623
vt 0.709709 0.988242
vt 0.708735 0.985872
vt 0.709407 0.983778
vt 0.709675 0.986769
vt 0.709329 0.984623
vt 0.709407 0.983778
vt 0.709597 0.987610
vt 0.709623 0.982933
vt 0.709892 0.985928
vt 0.709407 0.983778
vt 0.709623 0.982933
vt 0.709675 0.986769
vt 0.710413 0.980383
vt 0.709977 0.982089
vt 0.710247 0.985088
vt 0.709623 0.982933
vt 0.709977 0.982089
vt 0.710027 0.980801
vt 0.709892 0.985928
vt 0.710744 0.980179
vt 0.710415 0.981461
vt 0.710687 0.984460
vt 0.709977 0.982089
vt 0.710415 0.981461
vt 0.710247 0.985088
vt 0.711350 0.979985
vt 0.710800 0.981044
vt 0.711073 0.984044
vt 0.710415 0.981461
vt 0.710800 0.981044
vt 0.710687 0.984460
vt 0.711405 0.980850
vt 0.711679 0.983848
vt 0.710800 0.981044
vt 0.711405 0.980850
vt 0.711073 0.984044
vt 0.712450 0.980027
vt 0.711954 0.980870
vt 0.712229 0.983865
vt 0.711405 0.980850
vt 0.711954 0.980870
vt 0.711679 0.983848
vt 0.712446 0.981103
vt 0.712722 0.984094
vt 0.711954 0.980870
vt 0.712446 0.981103
vt 0.712229 0.983865
vt 0.712942 0.980261
vt 0.712608 0.981537
vt 0.712885 0.984525
vt 0.712446 0.981103
vt 0.712608 0.981537
vt 0.712722 0.984094
vt 0.713159 0.980485
vt 0.712715 0.982181
vt 0.712991 0.985165
vt 0.712608 0.981537
vt 0.712715 0.982181
vt 0.712885 0.984525
vt 0.713321 0.980920
vt 0.712630 0.983029
vt 0.712905 0.986008
vt 0.712715 0.982181
vt 0.712630 0.983029
vt 0.712991 0.985165
vt 0.712409 0.983869
vt 0.712683 0.986844
vt 0.712630 0.983029
vt 0.712409 0.983869
vt 0.712905 0.986008
vt 0.711618 0.986365
vt 0.712054 0.984702
vt 0.712327 0.987674
vt 0.712409 0.983869
vt 0.712054 0.984702
vt 0.711997 0.985958
vt 0.712683 0.986844
vt 0.711294 0.986566
vt 0.711619 0.985319
vt 0.711891 0.988290
vt 0.712054 0.984702
vt 0.711619 0.985319
vt 0.712327 0.987674
vt 0.711510 0.988699
vt 0.711619 0.985319
vt 0.711240 0.985728
vt 0.711891 0.988290
vt 0.711510 0.988699
vt 0.710967 0.989726
vt 0.709613 0.986732
vt 0.710698 0.986759
vt 0.709879 0.989706
vt 0.709122 0.986511
vt 0.709613 0.986732
vt 0.709879 0.989706
vt 0.711563 0.989531
vt 0.710698 0.986759
vt 0.711294 0.986566
vt 0.710967 0.989726
vt 0.711889 0.989330
vt 0.711294 0.986566
vt 0.711618 0.986365
vt 0.711563 0.989531
vt 0.712269 0.988923
vt 0.711618 0.986365
vt 0.711997 0.985958
vt 0.711889 0.989330
vt 0.713426 0.981566
vt 0.712431 0.985342
vt 0.712704 0.988308
vt 0.711997 0.985958
vt 0.712431 0.985342
vt 0.712269 0.988923
vt 0.713308 0.983051
vt 0.712731 0.984721
vt 0.713005 0.987690
vt 0.712431 0.985342
vt 0.712731 0.984721
vt 0.712704 0.988308
vt 0.713087 0.983890
vt 0.713362 0.986861
vt 0.712731 0.984721
vt 0.713087 0.983890
vt 0.713005 0.987690
vt 0.713585 0.986026
vt 0.713087 0.983890
vt 0.713308 0.983051
vt 0.713362 0.986861
vt 0.713704 0.984549
vt 0.713308 0.983051
vt 0.713426 0.981566
vt 0.713585 0.986026
vt 0.713599 0.983907
vt 0.713426 0.981566
vt 0.713321 0.980920
vt 0.713704 0.984549
vt 0.713438 0.983475
vt 0.713321 0.980920
vt 0.713159 0.980485
vt 0.713599 0.983907
vt 0.713220 0.983254
vt 0.713159 0.980485
vt 0.712942 0.980261
vt 0.713438 0.983475
vt 0.712727 0.983024
vt 0.712942 0.980261
vt 0.712450 0.980027
vt 0.713220 0.983254
vt 0.711625 0.982989
vt 0.712450 0.980027
vt 0.711350 0.979985
vt 0.712727 0.983024
vt 0.711017 0.983184
vt 0.711350 0.979985
vt 0.710744 0.980179
vt 0.711625 0.982989
vt 0.710686 0.983389
vt 0.710744 0.980179
vt 0.710413 0.980383
vt 0.711017 0.983184
vt 0.710299 0.983806
vt 0.710413 0.980383
vt 0.710027 0.980801
vt 0.710686 0.983389
vt 0.708621 0.985238
vt 0.709588 0.981432
vt 0.709859 0.984436
vt 0.710027 0.980801
vt 0.709588 0.981432
vt 0.710299 0.983806
vt 0.708720 0.983758
vt 0.708935 0.982911
vt 0.709202 0.985910
vt 0.709588 0.981432
vt 0.708935 0.982911
vt 0.708644 0.984604
vt 0.709859 0.984436
vt 0.708987 0.986753
vt 0.708935 0.982911
vt 0.708720 0.983758
vt 0.709202 0.985910
vt 0.708910 0.987595
vt 0.708720 0.983758
vt 0.708644 0.984604
vt 0.708987 0.986753
vt 0.708887 0.988225
vt 0.708644 0.984604
vt 0.708621 0.985238
vt 0.708910 0.987595
vt 0.709000 0.988855
vt 0.708621 0.985238
vt 0.708735 0.985872
vt 0.708887 0.988225
vt 0.709167 0.989276
vt 0.708735 0.985872
vt 0.708902 0.986296
vt 0.709000 0.988855
vt 0.709387 0.989488
vt 0.708902 0.986296
vt 0.709122 0.986511
vt 0.709167 0.989276
vt 0.709387 0.989488
vt 0.714786 0.986655
vt 0.715008 0.985831
vt 0.715486 0.986052
vt 0.715286 0.988781
vt 0.715486 0.986052
vt 0.715008 0.985831
vt 0.715263 0.986874
vt 0.716075 0.985861
vt 0.715764 0.988998
vt 0.716075 0.985861
vt 0.715486 0.986052
vt 0.715764 0.988998
vt 0.714496 0.986233
vt 0.714718 0.985407
vt 0.714995 0.988360
vt 0.715008 0.985831
vt 0.714718 0.985407
vt 0.715286 0.988781
vt 0.714339 0.985813
vt 0.714561 0.984984
vt 0.714839 0.987941
vt 0.714718 0.985407
vt 0.714561 0.984984
vt 0.714995 0.988360
vt 0.713393 0.986827
vt 0.715856 0.980159
vt 0.714839 0.987941
vt 0.714561 0.984984
vt 0.715856 0.980159
vt 0.715178 0.980132
vt 0.715461 0.983114
vt 0.715856 0.980159
vt 0.715178 0.980132
vt 0.716140 0.983136
vt 0.716140 0.983136
vt 0.715461 0.983114
vt 0.715178 0.980132
vt 0.713393 0.986827
vt 0.714062 0.986844
vt 0.714338 0.989792
vt 0.713393 0.986827
vt 0.714062 0.986844
vt 0.713667 0.989779
vt 0.713667 0.989779
vt 0.714615 0.988766
vt 0.714062 0.986844
vt 0.714339 0.985813
vt 0.714338 0.989792
vt 0.714772 0.989183
vt 0.714339 0.985813
vt 0.714496 0.986233
vt 0.714615 0.988766
vt 0.715062 0.989601
vt 0.714496 0.986233
vt 0.714786 0.986655
vt 0.714772 0.989183
vt 0.715540 0.989816
vt 0.714786 0.986655
vt 0.715263 0.986874
vt 0.715062 0.989601
vt 0.715795 0.986888
vt 0.716073 0.989827
vt 0.715263 0.986874
vt 0.715795 0.986888
vt 0.715540 0.989816
vt 0.716397 0.985662
vt 0.716249 0.986694
vt 0.716528 0.989631
vt 0.715795 0.986888
vt 0.716249 0.986694
vt 0.716073 0.989827
vt 0.717191 0.984228
vt 0.716759 0.986294
vt 0.717040 0.989231
vt 0.716249 0.986694
vt 0.716759 0.986294
vt 0.716775 0.985258
vt 0.716528 0.989631
vt 0.718950 0.980281
vt 0.717137 0.985891
vt 0.717418 0.988828
vt 0.716759 0.986294
vt 0.717137 0.985891
vt 0.717040 0.989231
vt 0.717439 0.985277
vt 0.717722 0.988217
vt 0.717137 0.985891
vt 0.717439 0.985277
vt 0.717418 0.988828
vt 0.717856 0.984249
vt 0.718141 0.987192
vt 0.717439 0.985277
vt 0.717856 0.984249
vt 0.717722 0.988217
vt 0.718141 0.987192
vt 0.717856 0.984249
vt 0.718950 0.980281
vt 0.718281 0.980255
vt 0.718569 0.983219
vt 0.718950 0.980281
vt 0.718281 0.980255
vt 0.719240 0.983241
vt 0.719240 0.983241
vt 0.718569 0.983219
vt 0.718281 0.980255
vt 0.717191 0.984228
vt 0.717057 0.988201
vt 0.717191 0.984228
vt 0.716775 0.985258
vt 0.717475 0.987175
vt 0.717475 0.987175
vt 0.716677 0.988605
vt 0.716775 0.985258
vt 0.716397 0.985662
vt 0.717057 0.988201
vt 0.716354 0.988804
vt 0.716397 0.985662
vt 0.716075 0.985861
vt 0.716677 0.988605
vt 0.716354 0.988804
vt 0.731886 0.984930
vt 0.731574 0.985940
vt 0.732014 0.985343
vt 0.731629 0.983689
vt 0.730955 0.987946
vt 0.732516 0.984133
vt 0.732517 0.984953
vt 0.732138 0.984530
vt 0.730649 0.989342
vt 0.731021 0.988550
vt 0.730647 0.988942
vt 0.730966 0.989948
vt 0.731273 0.988958
vt 0.730777 0.989744
vt 0.731403 0.990156
vt 0.731711 0.989168
vt 0.732150 0.990173
vt 0.732459 0.989187
vt 0.732707 0.989988
vt 0.733080 0.988805
vt 0.733203 0.989604
vt 0.733515 0.988218
vt 0.733827 0.987626
vt 0.733761 0.989022
vt 0.734204 0.986431
vt 0.734589 0.984007
vt 0.734270 0.985421
vt 0.734837 0.984424
vt 0.734022 0.985006
vt 0.734152 0.983785
vt 0.733585 0.984786
vt 0.733398 0.983756
vt 0.733083 0.984768
vt 0.732831 0.983940
vt 0.699542 0.991620
vt 0.699997 0.992667
vt 0.700243 0.991629
vt 0.699297 0.992658
vt 0.700739 0.989539
vt 0.701648 0.982683
vt 0.700035 0.989527
vt 0.702362 0.982704
vt 0.703263 0.987257
vt 0.704352 0.982763
vt 0.703501 0.982738
vt 0.702957 0.988524
vt 0.702198 0.991657
vt 0.701113 0.992680
vt 0.705606 0.988576
vt 0.705641 0.987310
vt 0.706370 0.987749
vt 0.707873 0.982870
vt 0.705970 0.988794
vt 0.708851 0.982901
vt 0.706123 0.989844
vt 0.706819 0.988181
vt 0.706142 0.989217
vt 0.706499 0.991098
vt 0.707023 0.989025
vt 0.705880 0.991916
vt 0.706793 0.990481
vt 0.707003 0.989652
vt 0.705674 0.991085
vt 0.705176 0.992525
vt 0.705967 0.990467
vt 0.704830 0.991694
vt 0.704437 0.992722
vt 0.705295 0.991494
vt 0.729370 0.993076
vt 0.728746 0.993066
vt 0.732263 0.983713
vt 0.734009 0.988630
vt 0.735017 0.985447
vt 0.734384 0.987842
vt 0.734888 0.986251
vt 0.728393 0.990089
vt 0.729100 0.985655
vt 0.727761 0.990074
vt 0.729210 0.984012
vt 0.729029 0.985037
vt 0.729408 0.984638
vt 0.729015 0.983798
vt 0.728768 0.984616
vt 0.728563 0.983574
vt 0.728316 0.984394
vt 0.728047 0.983555
vt 0.727802 0.984376
vt 0.727470 0.983742
vt 0.727164 0.984768
vt 0.726959 0.984139
vt 0.726723 0.985373
vt 0.726412 0.985981
vt 0.726389 0.984742
vt 0.725213 0.990019
vt 0.725767 0.985961
vt 0.724572 0.990005
vt 0.726138 0.985147
vt 0.729974 0.983626
vt 0.730360 0.984054
vt 0.730612 0.983650
vt 0.729984 0.984864
vt 0.724730 0.985929
vt 0.724900 0.984899
vt 0.724619 0.984057
vt 0.723949 0.985905
vt 0.724216 0.983625
vt 0.723998 0.985285
vt 0.723725 0.984861
vt 0.723620 0.983395
vt 0.723261 0.984638
vt 0.722433 0.983353
vt 0.722077 0.984599
vt 0.721712 0.983538
vt 0.721490 0.984789
vt 0.720975 0.985191
vt 0.721063 0.983937
vt 0.720535 0.985803
vt 0.720298 0.984751
vt 0.720170 0.986624
vt 0.719303 0.989689
vt 0.718693 0.992312
vt 0.719206 0.990502
vt 0.719102 0.992720
vt 0.719296 0.991112
vt 0.719574 0.991521
vt 0.719696 0.992929
vt 0.720038 0.991730
vt 0.720863 0.992946
vt 0.721208 0.991750
vt 0.721566 0.992757
vt 0.721783 0.991560
vt 0.722287 0.991167
vt 0.722197 0.992368
vt 0.722591 0.990568
vt 0.722945 0.991580
vt 0.723366 0.990584
vt 0.718396 0.991500
vt 0.719798 0.985573
vt 0.718361 0.990689
vt 0.719376 0.986602
vt 0.718514 0.989672
vt 0.710967 0.989726
vt 0.711510 0.988699
vt 0.710912 0.988894
vt 0.711563 0.989531
vt 0.711891 0.988290
vt 0.710367 0.988883
vt 0.711889 0.989330
vt 0.712327 0.987674
vt 0.712269 0.988923
vt 0.712683 0.986844
vt 0.712905 0.986008
vt 0.713438 0.983475
vt 0.712991 0.985165
vt 0.713599 0.983907
vt 0.713220 0.983254
vt 0.712885 0.984525
vt 0.712727 0.983024
vt 0.712722 0.984094
vt 0.712229 0.983865
vt 0.711625 0.982989
vt 0.711679 0.983848
vt 0.711073 0.984044
vt 0.711017 0.983184
vt 0.710687 0.984460
vt 0.710686 0.983389
vt 0.710247 0.985088
vt 0.710299 0.983806
vt 0.709892 0.985928
vt 0.709675 0.986769
vt 0.709167 0.989276
vt 0.709597 0.987610
vt 0.709000 0.988855
vt 0.709387 0.989488
vt 0.709709 0.988242
vt 0.709879 0.989706
vt 0.709875 0.988664
vt 0.709859 0.984436
vt 0.708887 0.988225
vt 0.709202 0.985910
vt 0.708910 0.987595
vt 0.708987 0.986753
vt 0.712704 0.988308
vt 0.713704 0.984549
vt 0.713362 0.986861
vt 0.713585 0.986026
vt 0.713005 0.987690
vt 0.716073 0.989827
vt 0.716354 0.988804
vt 0.715764 0.988998
vt 0.716528 0.989631
vt 0.716677 0.988605
vt 0.715540 0.989816
vt 0.715286 0.988781
vt 0.717057 0.988201
vt 0.717040 0.989231
vt 0.717475 0.987175
vt 0.718569 0.983219
vt 0.718141 0.987192
vt 0.719240 0.983241
vt 0.717722 0.988217
vt 0.717418 0.988828
vt 0.715062 0.989601
vt 0.714995 0.988360
vt 0.714772 0.989183
vt 0.714839 0.987941
vt 0.714615 0.988766
vt 0.715461 0.983114
vt 0.714338 0.989792
vt 0.713667 0.989779
vt 0.716140 0.983136
vn -1.0000 0.0000 0.0000
vn 0.0000 0.2419 -0.9703
vn 0.0000 0.7880 -0.6157
vn 0.0000 0.2420 -0.9703
vn 0.0000 -0.8545 -0.5194
vn -0.0000 -0.7500 0.6614
vn 0.0000 -0.4114 0.9114
vn -0.0000 0.0000 1.0000
vn 0.0000 0.7071 0.7071
vn -0.0000 1.0000 0.0000
vn 0.0000 0.9903 -0.1392
vn 0.0000 -0.6157 -0.7880
vn -0.0000 -1.0000 0.0000
vn 0.0000 -0.5000 0.8660
vn -0.0018 0.3451 0.9385
vn -0.0000 0.5000 0.8660
vn 0.0000 -0.5706 0.8212
vn -0.0000 0.4233 0.9060
vn 0.0000 -0.5000 -0.8660
vn 0.0000 -0.9659 0.2588
vn -0.0000 -0.9390 0.3439
vn -0.0000 -0.5781 -0.8159
vn -0.0000 -0.6496 -0.7603
vn -0.0000 0.9114 0.4114
vn 0.0000 0.9449 0.3275
vn -0.0000 0.7500 -0.6614
vn 0.0000 0.5807 0.8141
vn 0.0000 0.9812 -0.1930
vn 0.0000 0.1615 -0.9869
vn -0.7071 -0.7071 -0.0000
vn -0.7073 -0.0001 0.7069
vn -0.7301 -0.6833 0.0000
vn -0.4651 -0.6164 0.6354
vn -0.7069 0.0021 0.7073
vn -1.0000 0.0009 0.0001
vn -0.7302 -0.6832 0.0002
vn 0.0000 -0.1322 0.9912
vn -0.0002 -0.1322 0.9912
vn 0.0002 -0.1322 0.9912
vn -0.9664 -0.0000 0.2569
vn -0.7302 0.6833 -0.0000
vn -0.7071 0.7071 -0.0000
vn -0.7073 -0.0000 0.7069
vn -0.7069 0.0000 0.7073
vn -0.6354 0.6164 0.4651
vn -1.0000 -0.0039 0.0001
vn -0.7073 -0.0021 0.7069
vn -0.7293 0.6842 -0.0012
vn -0.7069 0.0021 0.7074
vn 0.0000 -0.1219 0.9925
vn 0.0000 -0.2419 0.9703
vn -0.7072 -0.0001 0.7070
vn -0.7068 0.0001 0.7074
vn -0.7293 0.6841 -0.0012
vn -0.7071 0.7071 -0.0001
vn -0.7071 -0.7071 -0.0001
vn 0.7071 -0.7071 -0.0002
vn 0.7071 -0.7071 -0.0000
vn 1.0000 0.0000 0.0000
vn 0.7071 0.7071 -0.0001
vn 0.7071 -0.7071 -0.0004
vn 0.7071 -0.7071 -0.0001
vn 0.7071 0.7071 -0.0000
vn 0.0000 -0.6833 0.7302
vn -0.1657 0.0000 0.9862
vn -0.1658 0.0000 0.9862
vn -0.0000 -0.2639 0.9646
vn -0.2425 -0.0000 0.9702
vn -0.4054 -0.0000 0.9141
vn -0.5440 -0.0000 0.8391
vn -0.6705 0.0000 0.7419
vn -0.0001 0.0039 1.0000
vn 0.0012 -0.6841 0.7293
vn -0.0000 -0.1321 0.9912
vn -0.0000 0.2639 0.9646
vn 0.0000 0.4513 0.8924
vn 0.0000 0.6088 0.7933
vn -0.0000 0.6833 0.7301
vn -0.0001 -0.0009 1.0000
vn -0.0002 0.6832 0.7302
vn 0.0000 -0.6832 0.7302
vn -0.5688 -0.0000 0.8225
vn 0.0000 -0.7024 0.7118
vn 0.0011 -0.6841 0.7293
vn 0.0000 0.2451 0.9695
vn -0.0000 0.5051 0.8631
vn -0.5528 0.8333 0.0000
vn -0.2895 0.9572 -0.0000
vn -0.7424 0.6699 0.0000
vn -0.9676 0.2524 0.0000
vn 0.0000 0.0000 -1.0000
vn -0.8680 0.4966 -0.0000
vn -1.0000 -0.0001 0.0000
vn -1.0000 0.0001 0.0000
vn 0.5688 -0.0000 0.8225
vn 0.5685 0.0000 0.8226
vn 0.9687 0.2481 -0.0000
vn 0.1657 0.0000 0.9862
vn 0.1658 0.0000 0.9862
vn -0.0000 0.6833 0.7302
vn -0.7071 0.7071 -0.0004
vn 0.7070 -0.0002 0.7072
vn -0.0000 -0.4513 0.8924
vn -0.0000 -0.6088 0.7933
vn -0.0000 -0.6833 0.7301
vn 0.6349 -0.6174 0.4644
vn 0.7071 0.0016 0.7071
vn 0.0000 0.0007 1.0000
vn -0.0000 -0.6834 0.7301
vn 0.0000 -1.0000 0.0001
vn 0.2425 -0.0000 0.9701
vn 0.7069 -0.0000 0.7073
vn 0.7073 0.0000 0.7069
vn 0.4651 0.6164 0.6354
vn 0.0001 -0.0039 1.0000
vn 0.7069 -0.0021 0.7074
vn -0.0012 0.6841 0.7293
vn 0.6354 -0.6164 0.4651
vn 0.7074 0.0021 0.7069
vn 0.0001 0.0009 1.0000
vn 0.0002 -0.6832 0.7302
vn -0.0000 0.6832 0.7302
vn 0.2895 0.9572 0.0000
vn 0.5528 0.8333 -0.0000
vn 0.7425 0.6699 -0.0000
vn 0.0000 0.2452 0.9695
vn 0.7070 -0.0001 0.7072
vn 0.0001 0.0000 1.0000
vn 0.7074 0.0001 0.7068
vn 0.0001 -0.0033 1.0000
vn 0.7068 -0.0018 0.7074
vn -0.0011 0.6841 0.7294
vn 0.0001 0.5000 0.8660
vn -0.0000 0.3451 0.9386
vn 1.0000 -0.0001 -0.0000
vn 0.0000 0.5806 0.8142
vn 0.0016 -0.6496 -0.7602
vn -0.0002 -0.5781 -0.8160
vn 0.0000 -0.4999 -0.8661
vn 0.7301 0.6833 0.0000
vn 1.0000 -0.0009 0.0001
vn 0.7302 0.6832 0.0002
vn 0.7302 -0.6833 -0.0000
vn 1.0000 0.0039 0.0001
vn 0.7293 -0.6841 -0.0012
vn 0.7302 0.6833 0.0000
vn 1.0000 -0.0008 0.0001
vn 0.9664 -0.0000 0.2570
vn 0.8886 0.0000 0.4588
vn 0.7865 -0.0000 0.6175
vn 1.0000 0.0028 0.0000
vn 0.7302 -0.6832 0.0000
vn 0.0000 -0.1860 0.9825
vn 0.0000 -0.1567 0.9877
vn 0.0000 -0.0934 0.9956
vn -0.0000 -0.4373 -0.8993
vn 0.0000 -0.1327 -0.9912
vn 0.0000 -0.4689 -0.8832
vn -0.0000 -0.1331 -0.9911
vn 0.0000 0.1860 -0.9825
vn 0.0000 -0.1272 0.9919
vn 0.0000 -0.1271 0.9919
vn 0.0000 -0.0637 0.9980
vn -0.0000 0.9859 -0.1675
vn 0.0000 0.5001 0.8660
vn 0.0000 0.4999 0.8661
vn -0.0001 0.5000 0.8660
vn -0.0004 0.5001 0.8660
vn -0.0000 0.5001 0.8659
vn 0.0000 0.5002 0.8659
vn -0.0002 0.5003 0.8658
vn -0.0001 0.5001 0.8659
vn -0.0011 0.4999 0.8661
vn -0.0006 0.5000 0.8660
vn 0.0001 0.5003 0.8659
vn -0.0002 0.5000 0.8660
vn 0.0000 0.9956 0.0934
vn -0.7070 0.7072 -0.0001
vn 0.7070 0.7072 -0.0000
vn -1.0000 -0.0000 -0.0001
vn -0.7070 -0.7072 -0.0000
vn 0.7072 -0.7070 0.0001
vn 1.0000 0.0000 -0.0001
vn -0.4050 -0.9143 -0.0000
vn -0.2979 0.0000 0.9546
vn -0.4050 0.9143 0.0000
vn -0.5480 0.8365 -0.0000
vn 0.4050 0.9143 -0.0000
vn 0.2979 0.0000 0.9546
vn 0.4050 -0.9143 0.0000
vn 0.5480 -0.8365 -0.0000
vn 0.7070 -0.7072 -0.0001
vn -0.0832 0.0000 0.9965
vn -0.5479 0.8365 0.0000
vn -0.0016 -0.1322 0.9912
vn 0.0832 0.0000 0.9965
vn 0.4044 -0.9146 -0.0000
vn 0.5479 -0.8365 -0.0000
vn -0.7070 0.7072 -0.0000
vn 0.7070 -0.7072 -0.0000
vn 0.7070 0.7073 -0.0000
vn -0.7072 0.7070 -0.0000
vn -0.7070 -0.7073 -0.0000
vn 0.7072 -0.7070 -0.0000
vn 0.4274 0.0000 0.9041
vn 0.7071 0.0000 -0.7071
vn -0.9415 0.0000 -0.3371
vn -0.6347 0.0000 0.7728
vn 0.6347 0.0000 0.7728
vn -0.4274 0.0000 0.9041
vn 0.9415 0.0000 -0.3371
vn -0.7071 0.0000 -0.7071
vn 0.5688 0.0000 -0.8225
vn 0.9546 0.0000 0.2979
vn -0.0413 0.0000 -0.9991
vn -0.6347 0.0000 -0.7728
vn -0.9415 0.0000 0.3371
vn 0.6347 0.0000 -0.7728
vn 0.9415 0.0000 0.3371
vn 0.0413 0.0000 -0.9991
vn -0.5688 0.0000 -0.8225
vn -0.9546 0.0000 0.2979
vn -0.0000 0.8607 0.5090
vn -0.0000 0.9143 0.4050
vn -0.0000 0.9144 0.4048
vn 0.4049 0.9144 0.0003
vn 0.0029 1.0000 0.0029
vn -0.0003 0.9144 0.4049
vn -0.0029 1.0000 0.0030
vn -0.4049 0.9144 0.0001
vn 0.0000 -0.9143 0.4050
vn 0.4049 -0.9144 0.0000
vn 0.0003 -0.9143 0.4049
vn 0.0029 -1.0000 0.0030
vn -0.0000 -0.9144 0.4049
vn -0.4049 -0.9143 0.0003
vn -0.0030 -1.0000 0.0030
vn 0.0000 -0.8365 0.5480
vn 0.0000 0.8365 0.5480
vn 0.0000 0.5051 0.8630
vn 0.8680 0.4966 -0.0000
vn -0.0003 0.9143 0.4049
vn -0.0030 1.0000 0.0030
vn -0.4049 0.9144 0.0000
vn -0.0000 1.0000 0.0001
vn -0.0000 0.9604 0.2786
vn 0.4049 0.9143 0.0003
vn 0.0030 1.0000 0.0030
vn 0.0000 0.9144 0.4049
vn 0.0000 -0.9604 0.2786
vn -0.0000 -0.9146 0.4044
vn 0.0002 -0.9146 0.4043
vn 0.0018 -1.0000 0.0018
vn 0.4045 -0.9146 -0.0002
vn 0.0000 -0.8688 0.4952
vn 0.0000 -0.8365 0.5479
vn -0.0000 -0.7483 0.6634
vn 0.0000 0.7483 0.6634
vn 0.0000 0.8688 0.4952
vn 1.0000 0.0002 0.0000
vn 0.0000 0.8660 -0.5000
vn 0.0000 -0.8660 0.5000
vn 0.9369 0.3027 -0.1747
vn -0.9338 -0.3099 0.1789
vn -0.0016 0.5000 0.8660
vn -0.0017 0.4999 0.8661
vn -0.4548 0.7713 -0.4453
vn -0.9338 -0.3098 0.1789
vn -0.8060 0.5126 -0.2960
vn -0.9506 0.2687 -0.1551
vn -0.9506 -0.2687 0.1551
vn -0.8060 -0.5126 0.2960
vn -0.8060 -0.5126 0.2959
vn 0.0002 0.5000 0.8660
vn -0.6081 -0.6875 0.3969
vn -0.2001 -0.8485 0.4899
vn 0.3223 -0.8198 0.4733
vn 0.3223 0.8198 -0.4733
vn 0.7145 0.6059 -0.3498
vn -0.0003 0.5000 0.8660
vn 0.0010 0.5000 0.8660
vn 0.9506 0.2687 -0.1551
vn 0.9506 -0.2687 0.1551
vn 0.7145 -0.6059 0.3498
vn 0.2474 0.8391 -0.4845
vn -0.2474 0.8391 -0.4845
vn -0.7145 0.6059 -0.3498
vn -0.8374 0.4734 -0.2733
vn -0.9630 0.2333 -0.1347
vn -0.0009 0.4999 0.8661
vn -0.9713 -0.2059 0.1189
vn -0.8374 -0.4734 0.2733
vn -0.7145 -0.6059 0.3498
vn -0.4548 -0.7713 0.4453
vn -0.2474 -0.8391 0.4845
vn -0.2473 -0.8391 0.4845
vn 0.2474 -0.8391 0.4845
vn 0.4548 -0.7713 0.4453
vn 0.8374 -0.4734 0.2733
vn 0.9713 -0.2059 0.1189
vn 0.9630 0.2333 -0.1347
vn 0.8374 0.4734 -0.2733
vn 0.4548 0.7713 -0.4453
vn -0.9713 0.2059 -0.1189
vn 0.9713 0.2059 -0.1189
vn 0.2473 -0.8391 0.4845
vn -0.5628 0.7159 -0.4133
vn 0.4547 0.7713 -0.4453
vn 0.9814 0.1664 -0.0961
vn -0.9814 -0.1664 0.0961
vn -0.5628 -0.7159 0.4133
vn -0.3222 -0.8198 0.4733
vn -0.3223 -0.8198 0.4733
vn 0.5628 -0.7158 0.4133
vn 0.5628 -0.7159 0.4133
vn -0.9814 0.1664 -0.0961
vn -0.5628 -0.7158 0.4133
vn 0.5628 0.7159 -0.4133
vn -0.0002 0.5001 0.8660
vn 0.2001 -0.8485 0.4899
vn 0.8981 -0.3808 0.2199
vn 0.9814 -0.1664 0.0961
vn 0.8981 0.3808 -0.2199
vn 0.8981 0.3808 -0.2198
vn 0.2001 0.8485 -0.4899
vn -0.2001 0.8485 -0.4899
vn -0.8981 -0.3808 0.2199
vn -0.8981 -0.3808 0.2198
vn 0.5628 0.7158 -0.4133
vn 0.2474 0.8391 -0.4844
vn 0.9311 0.3158 -0.1823
vn -0.0001 0.5002 0.8659
vn 0.8981 -0.3808 0.2198
vn 0.8982 -0.3808 0.2198
vn 0.0007 0.5000 0.8660
vn -0.5628 0.7158 -0.4133
vn -0.7872 0.5340 -0.3083
vn -0.7872 0.5341 -0.3083
vn -0.2474 0.8391 -0.4844
vn -0.2473 0.8391 -0.4845
vn 0.0005 0.5000 0.8660
vn 0.9311 -0.3158 0.1823
vn -0.0001 -0.0000 1.0000
vn 0.7071 -0.0000 0.7071
vn 0.5000 -0.5000 0.7071
vn 0.0000 -0.7071 0.7071
vn -0.5000 -0.5000 0.7071
vn -0.7071 -0.0000 0.7071
vn -0.5000 0.5000 0.7071
vn 0.5000 0.5000 0.7071
vn -0.7866 0.0000 0.6175
vn -0.8885 -0.0000 0.4588
vn 0.6706 -0.0000 0.7418
vn 0.5438 0.0000 0.8392
vn 0.4054 -0.0000 0.9141
vn -0.5418 0.8405 0.0052
vn -0.0052 -0.8405 0.5418
vn 0.5418 -0.8405 0.0052
vn 0.0052 0.8405 0.5418
vn 0.5419 -0.8404 0.0053
vn 0.0002 0.0000 -1.0000
vn 0.0005 0.0000 -1.0000
vn -0.0003 0.0000 -1.0000
vn 0.0003 0.0000 -1.0000
vn 0.0001 0.0000 -1.0000
vn -0.0005 0.0000 -1.0000
vn -0.0002 0.0000 -1.0000
vn 0.0006 0.5000 0.8660
vn 0.0003 0.5000 0.8660
vn 0.0004 0.5000 0.8660
vn -0.0004 0.5000 0.8660
vn -0.0012 0.5000 0.8660
vn -0.0015 0.5000 0.8660
vn 0.7072 0.7070 -0.0004
vn 0.7068 0.7074 -0.0004
vn -0.0000 0.7071 -0.7071
vn -0.5000 0.5000 -0.7071
vn 0.5004 0.4999 -0.7069
vn 0.4999 0.5001 -0.7071
vn -0.5001 0.5000 -0.7071
vn -0.7070 -0.7072 -0.0001
vn -0.7072 -0.7070 -0.0004
vn -0.4999 -0.5005 -0.7068
vn -0.5004 -0.4999 -0.7069
vn -0.0000 -0.7071 -0.7071
vn 0.7073 -0.7070 -0.0004
vn 0.4998 -0.5005 -0.7069
vn 0.5002 -0.5000 -0.7070
vn 0.7075 0.0001 -0.7068
vn -0.4999 0.4999 -0.7072
vn -0.4999 0.5000 -0.7072
vn 0.4999 0.4999 -0.7072
vn 0.0000 0.7072 -0.7070
vn 0.0000 0.7071 -0.7072
vn 0.5000 0.4999 -0.7072
vn 0.4999 -0.4999 -0.7072
vn 0.4998 -0.5000 -0.7072
vn -0.4999 -0.4999 -0.7072
vn -0.5000 -0.4999 -0.7072
vn -0.7068 -0.7074 -0.0004
vn 0.4999 -0.5000 -0.7071
vn -0.2539 -0.6600 -0.7071
vn -0.4999 -0.5001 -0.7071
vn -0.1307 -0.6949 -0.7071
vn 0.6170 -0.3453 -0.7071
vn 0.1308 -0.6949 -0.7071
vn 0.2539 -0.6600 -0.7071
vn 0.7070 0.7072 -0.0001
vn 0.6953 0.1289 -0.7071
vn 0.4521 0.5437 -0.7071
vn -0.4999 0.5001 -0.7071
vn -0.6953 0.1289 -0.7071
vn -0.4521 0.5437 -0.7071
vn -0.6170 -0.3454 -0.7071
vn -0.7073 0.7070 -0.0004
vn -0.0000 0.7070 -0.7072
vn 0.0000 0.7072 -0.7071
vn -0.0001 0.0000 -1.0000
vn -0.0001 1.0000 -0.0000
vn -0.9311 0.3158 -0.1823
vn 0.2002 0.8485 -0.4899
vn 0.6081 0.6875 -0.3969
vn 0.8060 0.5126 -0.2960
vn 0.8060 0.5126 -0.2959
vn 0.8060 -0.5126 0.2960
vn 0.8060 -0.5126 0.2959
vn 0.9338 0.3099 -0.1789
vn 0.9338 0.3098 -0.1789
vn -0.9369 -0.3027 0.1748
vn -0.9369 -0.3027 0.1747
vn -0.3223 0.8198 -0.4733
vn -0.9507 0.2687 -0.1551
vn 0.8982 0.3808 -0.2198
vn 0.7872 -0.5341 0.3083
vn 0.7872 -0.5340 0.3083
vn -0.8981 0.3808 -0.2199
vn -0.4547 0.7713 -0.4453
vn -0.9311 -0.3158 0.1824
vn -0.9311 -0.3158 0.1823
vn 0.0016 0.5000 0.8660
vn -0.0005 0.5000 0.8660
vn 0.0014 0.5000 0.8660
vn 0.7146 -0.6058 0.3498
vn 0.7146 0.6059 -0.3498
vn -0.0007 0.5000 0.8660
vn 0.9630 -0.2333 0.1347
vn -0.9630 -0.2333 0.1347
vn 0.5629 -0.7158 0.4133
vn 0.3222 0.8198 -0.4733
vn -0.4547 -0.7713 0.4453
vn 0.0001 -0.5000 -0.8660
vn -0.0001 -0.5000 -0.8660
vn -0.0004 -0.5000 -0.8660
vn 0.0002 -0.5000 -0.8660
vn -0.0013 -0.5000 -0.8660
vn -0.0002 -0.5000 -0.8660
vn -0.0003 -0.5000 -0.8660
vn -0.0007 -0.5000 -0.8660
vn 0.0004 -0.5000 -0.8660
usemtl MTL0
s 1
f 1/1/1 2/2/1 3/3/1
f 4/4/2 5/5/2 6/6/2
f 7/7/1 3/3/1 8/8/1
f 9/9/3 10/10/3 11/11/2
f 7/7/1 1/1/1 3/3/1
f 9/9/3 11/11/2 12/12/4
f 1/1/1 13/13/1 2/2/1
f 14/14/2 15/15/2 16/16/5
f 4/4/2 6/6/2 17/17/2
f 18/18/1 19/19/1 13/13/1
f 20/20/5 16/16/5 21/21/6
f 22/22/1 18/18/1 13/13/1
f 1/1/1 22/22/1 13/13/1
f 20/20/5 14/14/2 16/16/5
f 23/23/1 24/24/1 19/19/1
f 25/25/6 26/26/6 27/27/6
f 18/18/1 23/23/1 19/19/1
f 25/25/6 28/28/6 26/26/6
f 20/20/5 21/21/6 29/29/6
f 30/30/1 31/31/1 24/24/1
f 32/32/6 33/33/6 34/34/7
f 23/23/1 30/30/1 24/24/1
f 30/30/1 35/35/1 31/31/1
f 36/36/7 34/34/7 37/37/8
f 36/36/7 32/32/6 34/34/7
f 38/38/1 39/39/1 35/35/1
f 40/40/8 41/41/8 42/42/8
f 38/38/1 35/35/1 30/30/1
f 36/36/7 37/37/8 43/43/8
f 38/38/1 44/44/1 39/39/1
f 45/45/8 46/46/8 47/47/9
f 40/40/8 42/42/8 48/48/8
f 38/38/1 49/49/1 44/44/1
f 50/50/9 47/47/9 51/51/10
f 45/45/8 47/47/9 50/50/9
f 7/7/1 52/52/1 49/49/1
f 53/53/10 54/54/10 55/55/10
f 7/7/1 49/49/1 38/38/1
f 56/56/10 54/54/10 53/53/10
f 50/50/9 51/51/10 57/57/10
f 7/7/1 8/8/1 52/52/1
f 58/58/10 59/59/10 10/10/3
f 9/9/3 58/58/10 10/10/3
f 1/1/1 60/60/1 61/61/1
f 62/62/2 63/63/2 64/64/2
f 65/65/1 61/61/1 66/66/1
f 67/67/11 68/68/11 69/69/2
f 65/65/1 22/22/1 61/61/1
f 1/1/1 61/61/1 22/22/1
f 67/67/11 69/69/2 70/70/2
f 1/1/1 71/71/1 60/60/1
f 72/72/2 73/73/2 74/74/12
f 75/75/2 62/62/2 64/64/2
f 1/1/1 76/76/1 71/71/1
f 77/77/12 74/74/12 78/78/13
f 77/77/12 72/72/2 74/74/12
f 79/79/1 80/80/1 76/76/1
f 81/81/13 82/82/13 83/83/13
f 1/1/1 79/79/1 76/76/1
f 84/84/13 82/82/13 85/85/13
f 81/81/13 85/85/13 82/82/13
f 86/86/13 82/82/13 84/84/13
f 77/77/12 78/78/13 87/87/13
f 79/79/1 88/88/1 80/80/1
f 89/89/13 90/90/13 91/91/14
f 92/92/1 93/93/1 88/88/1
f 94/94/15 91/91/14 95/95/16
f 79/79/1 92/92/1 88/88/1
f 96/96/17 91/91/14 94/94/15
f 89/89/13 91/91/14 96/96/17
f 97/97/1 98/98/1 93/93/1
f 99/99/16 100/100/16 101/101/16
f 102/102/1 97/97/1 93/93/1
f 92/92/1 102/102/1 93/93/1
f 103/103/16 100/100/16 104/104/16
f 99/99/16 104/104/16 100/100/16
f 105/105/18 95/95/16 106/106/16
f 94/94/15 95/95/16 105/105/18
f 65/65/1 66/66/1 98/98/1
f 107/107/16 108/108/16 68/68/11
f 65/65/1 98/98/1 97/97/1
f 67/67/11 107/107/16 68/68/11
f 109/109/19 110/110/19 111/111/20
f 112/112/19 113/113/19 114/114/19
f 115/115/21 111/111/20 116/116/8
f 117/117/22 111/111/20 118/118/23
f 115/115/21 118/118/23 111/111/20
f 109/109/19 111/111/20 117/117/22
f 38/38/1 119/119/1 92/92/1
f 120/120/8 121/121/8 122/122/8
f 79/79/1 38/38/1 92/92/1
f 115/115/21 116/116/8 123/123/8
f 38/38/1 30/30/1 119/119/1
f 124/124/8 125/125/8 126/126/24
f 127/127/8 128/128/8 122/122/8
f 120/120/8 122/122/8 128/128/8
f 129/129/25 126/126/24 130/130/26
f 131/131/27 126/126/24 129/129/25
f 124/124/8 126/126/24 131/131/27
f 132/132/26 133/133/26 134/134/26
f 135/135/28 129/129/25 130/130/26
f 135/135/28 130/130/26 136/136/26
f 137/137/26 138/138/26 139/139/29
f 132/132/26 134/134/26 140/140/26
f 141/141/29 139/139/29 142/142/19
f 141/141/29 137/137/26 139/139/29
f 112/112/19 143/143/19 113/113/19
f 144/144/19 113/113/19 143/143/19
f 141/141/29 142/142/19 145/145/19
f 146/146/1 147/147/1 148/148/1
f 149/149/30 150/150/1 151/151/1
f 152/152/1 146/146/1 148/148/1
f 153/153/31 154/154/1 155/155/1
f 156/156/32 150/150/1 149/149/30
f 157/157/33 158/158/34 159/159/35
f 157/157/33 159/159/35 160/160/36
f 161/161/8 162/162/8 163/163/8
f 161/161/8 164/164/8 162/162/8
f 165/165/8 162/162/8 164/164/8
f 166/166/37 167/167/37 168/168/38
f 169/169/8 161/161/8 163/163/8
f 170/170/8 169/169/8 163/163/8
f 171/171/39 166/166/37 168/168/38
f 153/153/31 172/172/40 154/154/1
f 173/173/1 38/38/1 174/174/1
f 175/175/41 176/176/1 177/177/1
f 178/178/8 179/179/8 180/180/8
f 178/178/8 180/180/8 181/181/8
f 175/175/41 182/182/42 176/176/1
f 183/183/43 184/184/1 185/185/1
f 186/186/1 7/7/1 38/38/1
f 173/173/1 186/186/1 38/38/1
f 183/183/43 187/187/44 184/184/1
f 188/188/45 189/189/46 190/190/47
f 188/188/45 191/191/48 189/189/46
f 192/192/1 193/193/1 79/79/1
f 194/194/30 195/195/1 196/196/1
f 197/197/1 192/192/1 79/79/1
f 1/1/1 197/197/1 79/79/1
f 198/198/32 195/195/1 194/194/30
f 199/199/33 200/200/49 201/201/35
f 199/199/33 201/201/35 202/202/36
f 203/203/8 204/204/8 205/205/8
f 206/206/8 207/207/8 204/204/8
f 208/208/8 204/204/8 207/207/8
f 203/203/8 206/206/8 204/204/8
f 208/208/8 209/209/8 204/204/8
f 210/210/8 211/211/8 212/212/50
f 213/213/50 212/212/50 214/214/51
f 213/213/50 210/210/8 212/212/50
f 215/215/51 216/216/51 217/217/51
f 213/213/50 214/214/51 218/218/51
f 219/219/51 220/220/51 221/221/50
f 222/222/51 215/215/51 217/217/51
f 223/223/50 221/221/50 224/224/8
f 223/223/50 219/219/51 221/221/50
f 223/223/50 224/224/8 225/225/8
f 226/226/1 227/227/1 228/228/1
f 229/229/41 230/230/1 231/231/1
f 232/232/1 226/226/1 228/228/1
f 206/206/8 233/233/8 207/207/8
f 229/229/41 234/234/42 230/230/1
f 235/235/52 236/236/1 237/237/1
f 238/238/53 236/236/1 235/235/52
f 239/239/45 240/240/46 241/241/47
f 239/239/45 242/242/54 240/240/46
f 243/243/10 244/244/10 245/245/10
f 243/243/10 246/246/10 244/244/10
f 247/247/10 244/244/10 246/246/10
f 248/248/8 249/249/8 233/233/8
f 250/250/8 248/248/8 233/233/8
f 251/251/8 250/250/8 233/233/8
f 252/252/8 251/251/8 233/233/8
f 206/206/8 252/252/8 233/233/8
f 253/253/8 254/254/8 255/255/8
f 256/256/1 257/257/1 258/258/1
f 259/259/8 255/255/8 260/260/8
f 261/261/55 262/262/42 263/263/1
f 259/259/8 253/253/8 255/255/8
f 261/261/55 263/263/1 264/264/1
f 253/253/8 265/265/8 254/254/8
f 266/266/1 267/267/1 268/268/56
f 256/256/1 258/258/1 269/269/1
f 253/253/8 270/270/8 265/265/8
f 271/271/56 268/268/56 272/272/13
f 271/271/56 266/266/1 268/268/56
f 253/253/8 273/273/8 270/270/8
f 274/274/13 275/275/13 276/276/13
f 271/271/56 272/272/13 277/277/13
f 278/278/8 279/279/8 273/273/8
f 280/280/13 281/281/13 282/282/57
f 253/253/8 278/278/8 273/273/8
f 274/274/13 276/276/13 283/283/13
f 278/278/8 284/284/8 279/279/8
f 285/285/58 282/282/57 286/286/59
f 285/285/58 280/280/13 282/282/57
f 287/287/8 288/288/8 284/284/8
f 289/289/59 290/290/59 291/291/59
f 287/287/8 284/284/8 278/278/8
f 285/285/58 286/286/59 292/292/59
f 287/287/8 293/293/8 288/288/8
f 294/294/59 295/295/59 296/296/60
f 289/289/59 291/291/59 297/297/59
f 287/287/8 298/298/8 293/293/8
f 299/299/60 296/296/60 300/300/10
f 299/299/60 294/294/59 296/296/60
f 301/301/8 302/302/8 298/298/8
f 303/303/10 304/304/10 305/305/10
f 287/287/8 301/301/8 298/298/8
f 299/299/60 300/300/10 306/306/10
f 259/259/8 260/260/8 302/302/8
f 307/307/10 308/308/10 262/262/42
f 309/309/8 259/259/8 302/302/8
f 301/301/8 309/309/8 302/302/8
f 303/303/10 305/305/10 310/310/10
f 261/261/55 307/307/10 262/262/42
f 311/311/8 312/312/8 313/313/8
f 314/314/1 315/315/1 316/316/1
f 317/317/8 313/313/8 318/318/8
f 319/319/55 320/320/42 321/321/1
f 311/311/8 313/313/8 317/317/8
f 319/319/55 321/321/1 322/322/1
f 311/311/8 323/323/8 312/312/8
f 324/324/1 325/325/1 326/326/56
f 314/314/1 316/316/1 327/327/1
f 311/311/8 328/328/8 323/323/8
f 329/329/30 326/326/56 330/330/13
f 329/329/30 324/324/1 326/326/56
f 311/311/8 331/331/8 328/328/8
f 332/332/13 333/333/13 334/334/13
f 329/329/30 330/330/13 335/335/13
f 336/336/8 337/337/8 331/331/8
f 338/338/13 339/339/13 340/340/61
f 311/311/8 336/336/8 331/331/8
f 332/332/13 334/334/13 341/341/13
f 336/336/8 342/342/8 337/337/8
f 343/343/62 340/340/61 344/344/59
f 343/343/62 338/338/13 340/340/61
f 345/345/8 346/346/8 342/342/8
f 347/347/59 348/348/59 349/349/59
f 336/336/8 345/345/8 342/342/8
f 343/343/62 344/344/59 350/350/59
f 345/345/8 351/351/8 346/346/8
f 352/352/59 353/353/59 354/354/60
f 347/347/59 349/349/59 355/355/59
f 345/345/8 356/356/8 351/351/8
f 357/357/63 354/354/60 358/358/10
f 357/357/63 352/352/59 354/354/60
f 345/345/8 359/359/8 356/356/8
f 360/360/10 361/361/10 362/362/10
f 357/357/63 358/358/10 363/363/10
f 317/317/8 318/318/8 359/359/8
f 364/364/10 365/365/10 320/320/42
f 345/345/8 317/317/8 359/359/8
f 360/360/10 362/362/10 366/366/10
f 319/319/55 364/364/10 320/320/42
f 367/367/64 368/368/8 369/369/8
f 370/370/1 371/371/1 372/372/1
f 370/370/1 372/372/1 373/373/1
f 374/374/65 375/375/66 376/376/65
f 367/367/64 377/377/67 368/368/8
f 378/378/68 379/379/8 380/380/8
f 381/381/69 379/379/8 378/378/68
f 382/382/70 379/379/8 381/381/69
f 383/383/71 379/379/8 382/382/70
f 153/153/31 379/379/8 383/383/71
f 157/157/33 384/384/72 158/158/34
f 157/157/33 385/385/73 384/384/72
f 386/386/13 387/387/13 388/388/13
f 386/386/13 389/389/13 387/387/13
f 390/390/74 391/391/74 392/392/37
f 393/393/13 394/394/13 395/395/30
f 396/396/13 386/386/13 388/388/13
f 397/397/30 395/395/30 398/398/1
f 397/397/30 393/393/13 395/395/30
f 397/397/30 398/398/1 399/399/1
f 400/400/75 401/401/8 402/402/8
f 187/187/44 403/403/8 404/404/8
f 405/405/76 401/401/8 400/400/75
f 406/406/77 401/401/8 405/405/76
f 407/407/78 401/401/8 406/406/77
f 188/188/45 190/190/47 408/408/79
f 188/188/45 408/408/79 409/409/80
f 370/370/1 373/373/1 410/410/1
f 411/411/66 375/375/66 374/374/65
f 412/412/81 413/413/8 414/414/8
f 370/370/1 410/410/1 415/415/1
f 416/416/82 417/417/82 418/418/82
f 412/412/81 419/419/83 413/413/8
f 183/183/43 403/403/8 187/187/44
f 199/199/33 420/420/72 200/200/49
f 199/199/33 421/421/84 420/420/72
f 422/422/8 423/423/8 424/424/8
f 425/425/85 426/426/8 427/427/8
f 238/238/53 428/428/8 429/429/8
f 425/425/85 430/430/86 426/426/8
f 431/431/78 426/426/8 430/430/86
f 239/239/45 241/241/47 432/432/79
f 239/239/45 432/432/79 433/433/80
f 422/422/8 434/434/8 423/423/8
f 435/435/42 436/436/87 437/437/88
f 435/435/42 438/438/89 436/436/87
f 422/422/8 439/439/8 434/434/8
f 435/435/42 437/437/88 440/440/10
f 441/441/10 442/442/10 443/443/10
f 435/435/42 440/440/10 444/444/10
f 441/441/10 443/443/10 445/445/10
f 247/247/10 445/445/10 443/443/10
f 238/238/53 235/235/52 428/428/8
f 370/370/1 415/415/1 446/446/1
f 447/447/90 448/448/1 449/449/1
f 450/450/91 451/451/91 452/452/91
f 453/453/91 454/454/91 452/452/91
f 455/455/91 452/452/91 454/454/91
f 456/456/91 452/452/91 457/457/91
f 458/458/91 457/457/91 452/452/91
f 453/453/91 452/452/91 456/456/91
f 459/459/92 448/448/1 447/447/90
f 438/438/89 448/448/1 459/459/92
f 435/435/42 448/448/1 438/438/89
f 460/460/91 452/452/91 455/455/91
f 460/460/91 461/461/91 452/452/91
f 462/462/91 452/452/91 461/461/91
f 463/463/91 452/452/91 462/462/91
f 450/450/91 452/452/91 463/463/91
f 464/464/82 417/417/82 416/416/82
f 465/465/91 451/451/91 466/466/91
f 450/450/91 466/466/91 451/451/91
f 465/465/91 467/467/91 451/451/91
f 468/468/91 469/469/91 470/470/91
f 471/471/10 472/472/10 473/473/10
f 474/474/91 470/470/91 475/475/91
f 476/476/59 477/477/59 478/478/59
f 479/479/91 468/468/91 470/470/91
f 474/474/91 479/479/91 470/470/91
f 476/476/59 478/478/59 480/480/59
f 481/481/91 482/482/91 469/469/91
f 483/483/1 484/484/1 485/485/1
f 468/468/91 481/481/91 469/469/91
f 471/471/10 473/473/10 486/486/10
f 474/474/91 475/475/91 482/482/91
f 487/487/13 488/488/13 489/489/13
f 490/490/91 482/482/91 481/481/91
f 491/491/91 474/474/91 482/482/91
f 492/492/91 491/491/91 482/482/91
f 490/490/91 492/492/91 482/482/91
f 493/493/1 483/483/1 485/485/1
f 487/487/13 489/489/13 494/494/13
f 495/495/91 496/496/91 497/497/91
f 498/498/10 499/499/10 500/500/10
f 501/501/91 497/497/91 502/502/91
f 503/503/59 504/504/59 505/505/59
f 506/506/91 507/507/91 497/497/91
f 495/495/91 497/497/91 507/507/91
f 497/497/91 501/501/91 508/508/91
f 503/503/59 505/505/59 509/509/59
f 510/510/91 511/511/91 496/496/91
f 512/512/1 513/513/1 514/514/1
f 510/510/91 496/496/91 495/495/91
f 498/498/10 500/500/10 515/515/10
f 501/501/91 502/502/91 511/511/91
f 516/516/13 517/517/13 518/518/13
f 510/510/91 519/519/91 511/511/91
f 520/520/91 511/511/91 519/519/91
f 521/521/91 501/501/91 511/511/91
f 520/520/91 521/521/91 511/511/91
f 522/522/1 512/512/1 514/514/1
f 516/516/13 518/518/13 523/523/13
f 524/524/91 525/525/91 526/526/91
f 527/527/10 528/528/10 529/529/10
f 530/530/91 526/526/91 531/531/91
f 532/532/59 533/533/59 534/534/59
f 535/535/91 536/536/91 526/526/91
f 524/524/91 526/526/91 536/536/91
f 537/537/91 535/535/91 526/526/91
f 530/530/91 537/537/91 526/526/91
f 532/532/59 534/534/59 538/538/59
f 524/524/91 539/539/91 525/525/91
f 540/540/1 541/541/1 542/542/1
f 527/527/10 529/529/10 543/543/10
f 544/544/91 531/531/91 539/539/91
f 545/545/13 546/546/13 547/547/13
f 548/548/91 544/544/91 539/539/91
f 549/549/91 548/548/91 539/539/91
f 550/550/91 549/549/91 539/539/91
f 524/524/91 550/550/91 539/539/91
f 551/551/1 540/540/1 542/542/1
f 544/544/91 530/530/91 531/531/91
f 545/545/13 547/547/13 552/552/13
f 553/553/91 554/554/91 555/555/91
f 556/556/10 557/557/10 558/558/10
f 559/559/91 555/555/91 560/560/91
f 561/561/59 562/562/59 563/563/59
f 564/564/91 565/565/91 555/555/91
f 553/553/91 555/555/91 565/565/91
f 566/566/91 564/564/91 555/555/91
f 559/559/91 566/566/91 555/555/91
f 561/561/59 563/563/59 567/567/59
f 568/568/91 569/569/91 554/554/91
f 570/570/1 571/571/1 572/572/1
f 553/553/91 568/568/91 554/554/91
f 556/556/10 558/558/10 573/573/10
f 559/559/91 560/560/91 569/569/91
f 574/574/13 575/575/13 576/576/13
f 577/577/91 559/559/91 569/569/91
f 578/578/91 577/577/91 569/569/91
f 579/579/91 578/578/91 569/569/91
f 580/580/91 579/579/91 569/569/91
f 581/581/91 580/580/91 569/569/91
f 568/568/91 581/581/91 569/569/91
f 582/582/1 570/570/1 572/572/1
f 574/574/13 576/576/13 583/583/13
f 468/468/91 584/584/91 481/481/91
f 585/585/13 586/586/13 587/587/13
f 588/588/59 589/589/59 590/590/59
f 588/588/59 590/590/59 591/591/59
f 592/592/59 593/593/59 594/594/59
f 585/585/13 587/587/13 595/595/13
f 596/596/13 597/597/13 598/598/13
f 599/599/59 592/592/59 594/594/59
f 600/600/1 601/601/1 602/602/1
f 603/603/13 596/596/13 598/598/13
f 604/604/10 605/605/10 606/606/10
f 600/600/1 602/602/1 607/607/1
f 608/608/59 609/609/59 610/610/59
f 604/604/10 606/606/10 611/611/10
f 612/612/91 613/613/91 492/492/91
f 614/614/13 615/615/13 616/616/13
f 617/617/91 612/612/91 492/492/91
f 490/490/91 617/617/91 492/492/91
f 608/608/59 610/610/59 618/618/59
f 619/619/59 620/620/59 621/621/59
f 614/614/13 616/616/13 622/622/13
f 617/617/91 623/623/91 612/612/91
f 624/624/10 625/625/10 626/626/10
f 619/619/59 621/621/59 627/627/59
f 628/628/1 629/629/1 630/630/1
f 624/624/10 626/626/10 631/631/10
f 632/632/10 633/633/10 634/634/10
f 635/635/1 628/628/1 630/630/1
f 632/632/10 634/634/10 636/636/10
f 637/637/1 638/638/1 639/639/1
f 640/640/13 641/641/13 642/642/13
f 640/640/13 642/642/13 643/643/13
f 508/508/91 644/644/91 506/506/91
f 645/645/10 646/646/10 647/647/10
f 508/508/91 506/506/91 497/497/91
f 648/648/1 637/637/1 639/639/1
f 649/649/91 644/644/91 508/508/91
f 650/650/59 651/651/59 652/652/59
f 508/508/91 653/653/91 649/649/91
f 645/645/10 647/647/10 654/654/10
f 655/655/91 510/510/91 495/495/91
f 656/656/91 655/655/91 495/495/91
f 656/656/91 495/495/91 644/644/91
f 644/644/91 649/649/91 656/656/91
f 650/650/59 652/652/59 657/657/59
f 658/658/59 659/659/59 660/660/59
f 661/661/10 662/662/10 663/663/10
f 661/661/10 663/663/10 664/664/10
f 665/665/13 666/666/13 667/667/13
f 668/668/59 658/658/59 660/660/59
f 669/669/1 670/670/1 671/671/1
f 665/665/13 667/667/13 672/672/13
f 673/673/13 674/674/13 675/675/13
f 669/669/1 671/671/1 676/676/1
f 677/677/1 678/678/1 679/679/1
f 673/673/13 675/675/13 680/680/13
f 681/681/13 682/682/13 683/683/13
f 677/677/1 679/679/1 684/684/1
f 685/685/1 686/686/1 687/687/1
f 681/681/13 683/683/13 688/688/13
f 689/689/10 690/690/10 691/691/10
f 685/685/1 687/687/1 692/692/1
f 693/693/59 694/694/59 695/695/59
f 689/689/10 691/691/10 696/696/10
f 693/693/59 695/695/59 697/697/59
f 698/698/1 699/699/1 700/700/1
f 701/701/13 702/702/13 703/703/13
f 701/701/13 703/703/13 704/704/13
f 705/705/91 706/706/91 564/564/91
f 707/707/10 708/708/10 709/709/10
f 566/566/91 705/705/91 564/564/91
f 710/710/1 698/698/1 700/700/1
f 711/711/1 712/712/1 713/713/1
f 707/707/10 709/709/10 714/714/10
f 715/715/13 716/716/13 717/717/13
f 711/711/1 713/713/1 718/718/93
f 719/719/1 720/720/1 721/721/1
f 715/715/13 717/717/13 722/722/13
f 723/723/10 724/724/10 725/725/10
f 719/719/1 721/721/1 726/726/1
f 727/727/59 728/728/59 729/729/59
f 723/723/10 725/725/10 730/730/10
f 731/731/10 732/732/10 733/733/10
f 727/727/59 729/729/59 734/734/59
f 735/735/59 736/736/59 737/737/59
f 731/731/10 733/733/10 738/738/10
f 739/739/10 740/740/10 741/741/10
f 735/735/59 737/737/59 742/742/59
f 743/743/59 744/744/59 745/745/59
f 739/739/10 741/741/10 746/746/10
f 553/553/91 747/747/91 568/568/91
f 748/748/13 749/749/13 750/750/13
f 743/743/59 745/745/59 751/751/59
f 752/752/59 753/753/59 754/754/59
f 748/748/13 750/750/13 755/755/13
f 752/752/59 754/754/59 756/756/59
f 757/757/91 758/758/91 759/759/91
f 760/760/10 761/761/10 762/762/10
f 763/763/91 757/757/91 759/759/91
f 764/764/59 765/765/59 766/766/59
f 767/767/59 764/764/59 766/766/59
f 768/768/1 769/769/1 770/770/1
f 760/760/10 762/762/10 771/771/10
f 772/772/13 773/773/13 774/774/13
f 768/768/1 770/770/1 775/775/1
f 772/772/13 774/774/13 776/776/13
f 535/535/91 777/777/91 536/536/91
f 778/778/1 779/779/1 780/780/1
f 781/781/13 782/782/13 783/783/13
f 781/781/13 783/783/13 784/784/13
f 535/535/91 785/785/91 777/777/91
f 786/786/13 787/787/13 788/788/13
f 778/778/1 780/780/1 789/789/1
f 790/790/59 791/791/59 792/792/59
f 793/793/13 786/786/13 788/788/13
f 794/794/13 795/795/13 796/796/13
f 790/790/59 792/792/59 797/797/59
f 798/798/1 799/799/1 800/800/1
f 794/794/13 796/796/13 801/801/13
f 544/544/91 802/802/91 530/530/91
f 803/803/10 804/804/10 805/805/10
f 806/806/1 798/798/1 800/800/1
f 807/807/1 808/808/1 809/809/1
f 803/803/10 805/805/10 810/810/10
f 811/811/10 812/812/10 813/813/10
f 814/814/94 807/807/1 809/809/1
f 815/815/59 816/816/59 817/817/59
f 811/811/10 813/813/10 818/818/10
f 819/819/91 820/820/91 549/549/91
f 821/821/13 822/822/13 823/823/13
f 550/550/91 819/819/91 549/549/91
f 815/815/59 817/817/59 824/824/59
f 825/825/59 826/826/59 827/827/59
f 821/821/13 823/823/13 828/828/13
f 829/829/10 830/830/10 831/831/10
f 832/832/59 825/825/59 827/827/59
f 833/833/59 834/834/59 835/835/59
f 836/836/10 829/829/10 831/831/10
f 833/833/59 835/835/59 837/837/59
f 838/838/59 839/839/59 840/840/59
f 841/841/63 842/842/59 843/843/59
f 844/844/95 845/845/95 846/846/96
f 841/841/63 847/847/97 842/842/59
f 848/848/59 849/849/59 839/839/59
f 850/850/91 851/851/91 466/466/91
f 852/852/59 848/848/59 839/839/59
f 853/853/59 852/852/59 839/839/59
f 838/838/59 853/853/59 839/839/59
f 854/854/91 855/855/91 851/851/91
f 856/856/91 851/851/91 855/855/91
f 854/854/91 851/851/91 857/857/91
f 850/850/91 857/857/91 851/851/91
f 858/858/58 859/859/59 860/860/59
f 861/861/58 859/859/59 858/858/58
f 862/862/91 850/850/91 466/466/91
f 863/863/91 862/862/91 466/466/91
f 450/450/91 864/864/91 466/466/91
f 865/865/91 466/466/91 864/864/91
f 866/866/91 863/863/91 466/466/91
f 865/865/91 866/866/91 466/466/91
f 867/867/8 868/868/8 869/869/8
f 870/870/8 868/868/8 867/867/8
f 870/870/8 871/871/8 868/868/8
f 872/872/8 868/868/8 871/871/8
f 872/872/8 873/873/8 868/868/8
f 874/874/98 875/875/99 876/876/98
f 877/877/8 867/867/8 869/869/8
f 878/878/8 877/877/8 869/869/8
f 879/879/8 878/878/8 869/869/8
f 880/880/8 879/879/8 869/869/8
f 881/881/8 880/880/8 869/869/8
f 882/882/67 883/883/8 884/884/8
f 874/874/98 885/885/99 875/875/99
f 886/886/8 887/887/8 888/888/8
f 889/889/8 890/890/8 887/887/8
f 891/891/8 887/887/8 890/890/8
f 886/886/8 889/889/8 887/887/8
f 892/892/100 893/893/8 894/894/8
f 892/892/100 895/895/75 893/893/8
f 896/896/8 897/897/8 888/888/8
f 898/898/8 888/888/8 897/897/8
f 899/899/8 896/896/8 888/888/8
f 900/900/8 886/886/8 888/888/8
f 898/898/8 900/900/8 888/888/8
f 901/901/83 902/902/8 903/903/8
f 844/844/95 904/904/95 845/845/95
f 905/905/95 845/845/95 904/904/95
f 906/906/13 907/907/13 908/908/13
f 909/909/30 910/910/56 911/911/13
f 909/909/30 911/911/13 912/912/13
f 899/899/8 913/913/8 896/896/8
f 914/914/13 915/915/13 916/916/58
f 906/906/13 908/908/13 917/917/13
f 899/899/8 918/918/8 913/913/8
f 919/919/62 916/916/58 920/920/59
f 919/919/62 914/914/13 916/916/58
f 891/891/8 921/921/8 918/918/8
f 922/922/59 923/923/59 924/924/59
f 899/899/8 891/891/8 918/918/8
f 919/919/62 920/920/59 925/925/59
f 891/891/8 926/926/8 921/921/8
f 927/927/59 928/928/59 929/929/60
f 922/922/59 924/924/59 930/930/59
f 891/891/8 931/931/8 926/926/8
f 932/932/60 929/929/60 933/933/10
f 932/932/60 927/927/59 929/929/60
f 891/891/8 890/890/8 931/931/8
f 934/934/10 935/935/10 936/936/10
f 932/932/60 933/933/10 937/937/10
f 938/938/10 939/939/10 940/940/55
f 934/934/10 936/936/10 941/941/10
f 942/942/42 940/940/55 943/943/1
f 942/942/42 938/938/10 940/940/55
f 944/944/1 945/945/1 946/946/1
f 942/942/42 943/943/1 947/947/1
f 948/948/1 949/949/1 910/910/56
f 944/944/1 946/946/1 950/950/1
f 909/909/30 948/948/1 910/910/56
f 951/951/1 952/952/1 953/953/1
f 954/954/55 955/955/101 956/956/1
f 954/954/55 956/956/1 957/957/1
f 958/958/1 959/959/1 960/960/30
f 951/951/1 953/953/1 961/961/1
f 962/962/30 960/960/30 963/963/13
f 962/962/30 958/958/1 960/960/30
f 964/964/13 965/965/13 966/966/13
f 962/962/30 963/963/13 967/967/13
f 881/881/8 968/968/8 880/880/8
f 969/969/13 970/970/13 971/971/58
f 964/964/13 966/966/13 972/972/13
f 881/881/8 973/973/8 968/968/8
f 974/974/62 971/971/58 975/975/59
f 974/974/62 969/969/13 971/971/58
f 872/872/8 976/976/8 973/973/8
f 977/977/59 978/978/59 979/979/59
f 872/872/8 973/973/8 881/881/8
f 974/974/62 975/975/59 980/980/59
f 872/872/8 981/981/8 976/976/8
f 982/982/59 983/983/59 984/984/60
f 977/977/59 979/979/59 985/985/59
f 872/872/8 986/986/8 981/981/8
f 987/987/63 984/984/60 988/988/10
f 987/987/63 982/982/59 984/984/60
f 872/872/8 871/871/8 986/986/8
f 989/989/10 990/990/10 991/991/10
f 987/987/63 988/988/10 992/992/10
f 993/993/10 994/994/10 955/955/101
f 989/989/10 991/991/10 995/995/10
f 954/954/55 993/993/10 955/955/101
f 996/996/102 997/997/8 998/998/8
f 999/999/103 883/883/8 882/882/67
f 1000/1000/104 883/883/8 999/999/103
f 1001/1001/105 883/883/8 1000/1000/104
f 1002/1002/106 1003/1003/107 1004/1004/108
f 1002/1002/106 1004/1004/108 1005/1005/109
f 872/872/8 1006/1006/8 873/873/8
f 861/861/58 858/858/58 1007/1007/13
f 1008/1008/13 1009/1009/13 1010/1010/110
f 861/861/58 1007/1007/13 1011/1011/13
f 1008/1008/13 1010/1010/110 1012/1012/13
f 1013/1013/74 1014/1014/37 1015/1015/74
f 996/996/102 1016/1016/111 997/997/8
f 1017/1017/112 1018/1018/8 1019/1019/8
f 1017/1017/112 1020/1020/113 1018/1018/8
f 1021/1021/114 1022/1022/115 1023/1023/116
f 1021/1021/114 1024/1024/117 1022/1022/115
f 1025/1025/105 902/902/8 901/901/83
f 1026/1026/118 1027/1027/119 1028/1028/120
f 1026/1026/118 1028/1028/120 1029/1029/121
f 1030/1030/8 1031/1031/8 1032/1032/8
f 1033/1033/122 1034/1034/8 1035/1035/8
f 1036/1036/10 1037/1037/123 1038/1038/124
f 841/841/63 1036/1036/10 1038/1038/124
f 1039/1039/125 841/841/63 1038/1038/124
f 1033/1033/122 1040/1040/126 1034/1034/8
f 1041/1041/8 1042/1042/8 1031/1031/8
f 1043/1043/127 1044/1044/8 1045/1045/128
f 1030/1030/8 1041/1041/8 1031/1031/8
f 1046/1046/129 1044/1044/8 1043/1043/127
f 1047/1047/114 1048/1048/130 1049/1049/131
f 1047/1047/114 1050/1050/132 1048/1048/130
f 1051/1051/10 1052/1052/10 1053/1053/10
f 1054/1054/10 1052/1052/10 1051/1051/10
f 1036/1036/10 1055/1055/10 1037/1037/123
f 1056/1056/10 1051/1051/10 1053/1053/10
f 1057/1057/59 1058/1058/59 1059/1059/59
f 1060/1060/133 1061/1061/16 1062/1062/14
f 1063/1063/59 1059/1059/59 1064/1064/59
f 1065/1065/16 1066/1066/16 1067/1067/16
f 1063/1063/59 1068/1068/59 1059/1059/59
f 1057/1057/59 1059/1059/59 1068/1068/59
f 1057/1057/59 1069/1069/59 1058/1058/59
f 1070/1070/17 1062/1062/14 1071/1071/13
f 1072/1072/18 1062/1062/14 1073/1073/134
f 1070/1070/17 1073/1073/134 1062/1062/14
f 1060/1060/133 1062/1062/14 1072/1072/18
f 1057/1057/59 1074/1074/59 1069/1069/59
f 1075/1075/13 1076/1076/13 1077/1077/13
f 1078/1078/13 1076/1076/13 1079/1079/13
f 1075/1075/13 1079/1079/13 1076/1076/13
f 1080/1080/13 1076/1076/13 1078/1078/13
f 1070/1070/17 1071/1071/13 1081/1081/13
f 1082/1082/59 1083/1083/59 1074/1074/59
f 1084/1084/13 1085/1085/13 1086/1086/12
f 1057/1057/59 1082/1082/59 1074/1074/59
f 1082/1082/59 1087/1087/59 1083/1083/59
f 1088/1088/12 1086/1086/12 1089/1089/2
f 1088/1088/12 1084/1084/13 1086/1086/12
f 1090/1090/59 1091/1091/59 1087/1087/59
f 1092/1092/2 1093/1093/2 1094/1094/2
f 1082/1082/59 1090/1090/59 1087/1087/59
f 1088/1088/12 1089/1089/2 1095/1095/2
f 1090/1090/59 1096/1096/59 1091/1091/59
f 1097/1097/2 1098/1098/2 1099/1099/11
f 1100/1100/2 1092/1092/2 1094/1094/2
f 1101/1101/59 1064/1064/59 1096/1096/59
f 1102/1102/11 1099/1099/11 1103/1103/16
f 1104/1104/59 1101/1101/59 1096/1096/59
f 1090/1090/59 1104/1104/59 1096/1096/59
f 1102/1102/11 1097/1097/2 1099/1099/11
f 1101/1101/59 1063/1063/59 1064/1064/59
f 1065/1065/16 1105/1105/16 1066/1066/16
f 1106/1106/16 1066/1066/16 1105/1105/16
f 1102/1102/11 1103/1103/16 1107/1107/16
f 1108/1108/59 1109/1109/59 1110/1110/59
f 1111/1111/6 1112/1112/6 1113/1113/5
f 1114/1114/59 1110/1110/59 1115/1115/59
f 1116/1116/6 1117/1117/6 1118/1118/6
f 1114/1114/59 1108/1108/59 1110/1110/59
f 1108/1108/59 1119/1119/59 1109/1109/59
f 1120/1120/5 1113/1113/5 1121/1121/2
f 1120/1120/5 1111/1111/6 1113/1113/5
f 1090/1090/59 1122/1122/59 1119/1119/59
f 1123/1123/2 1124/1124/2 1125/1125/2
f 1108/1108/59 1104/1104/59 1119/1119/59
f 1090/1090/59 1119/1119/59 1104/1104/59
f 1120/1120/5 1121/1121/2 1126/1126/2
f 1090/1090/59 1127/1127/59 1122/1122/59
f 1128/1128/2 1129/1129/4 1130/1130/3
f 1131/1131/2 1123/1123/2 1125/1125/2
f 1090/1090/59 1132/1132/59 1127/1127/59
f 1133/1133/3 1130/1130/3 1134/1134/10
f 1133/1133/3 1128/1128/2 1130/1130/3
f 1090/1090/59 1135/1135/135 1132/1132/59
f 1136/1136/10 1137/1137/10 1138/1138/10
f 1136/1136/10 1139/1139/10 1137/1137/10
f 1133/1133/3 1134/1134/10 1140/1140/10
f 1090/1090/59 1141/1141/59 1135/1135/135
f 1142/1142/10 1143/1143/10 1144/1144/9
f 1141/1141/59 1145/1145/59 1146/1146/59
f 1147/1147/9 1144/1144/9 1148/1148/8
f 1149/1149/59 1145/1145/59 1141/1141/59
f 1150/1150/59 1149/1149/59 1141/1141/59
f 1090/1090/59 1150/1150/59 1141/1141/59
f 1147/1147/9 1142/1142/10 1144/1144/9
f 1057/1057/59 1151/1151/59 1152/1152/59
f 1153/1153/8 1154/1154/8 1155/1155/8
f 1146/1146/59 1152/1152/59 1141/1141/59
f 1057/1057/59 1152/1152/59 1146/1146/59
f 1147/1147/9 1148/1148/8 1156/1156/8
f 1157/1157/59 1158/1158/59 1151/1151/59
f 1159/1159/8 1160/1160/8 1161/1161/7
f 1057/1057/59 1157/1157/59 1151/1151/59
f 1153/1153/8 1155/1155/8 1162/1162/8
f 1163/1163/59 1115/1115/59 1158/1158/59
f 1164/1164/7 1161/1161/7 1165/1165/6
f 1163/1163/59 1158/1158/59 1157/1157/59
f 1159/1159/8 1161/1161/7 1164/1164/7
f 1163/1163/59 1114/1114/59 1115/1115/59
f 1116/1116/6 1166/1166/6 1117/1117/6
f 1164/1164/7 1165/1165/6 1167/1167/6
f 1057/1057/59 1168/1168/59 1157/1157/59
f 1169/1169/8 1170/1170/8 1171/1171/8
f 1172/1172/136 1173/1173/24 1174/1174/8
f 1172/1172/136 1174/1174/8 1175/1175/8
f 1057/1057/59 1068/1068/59 1168/1168/59
f 1176/1176/8 1177/1177/8 1178/1178/20
f 1169/1169/8 1171/1171/8 1179/1179/8
f 1180/1180/8 1179/1179/8 1171/1171/8
f 1181/1181/137 1178/1178/20 1182/1182/19
f 1183/1183/21 1178/1178/20 1181/1181/137
f 1176/1176/8 1178/1178/20 1183/1183/21
f 1184/1184/19 1185/1185/19 1186/1186/19
f 1187/1187/19 1185/1185/19 1188/1188/19
f 1184/1184/19 1188/1188/19 1185/1185/19
f 1189/1189/138 1182/1182/19 1190/1190/139
f 1181/1181/137 1182/1182/19 1189/1189/138
f 1191/1191/19 1192/1192/19 1193/1193/29
f 1194/1194/29 1193/1193/29 1195/1195/26
f 1194/1194/29 1191/1191/19 1193/1193/29
f 1196/1196/26 1197/1197/26 1198/1198/26
f 1194/1194/29 1195/1195/26 1199/1199/26
f 1200/1200/26 1201/1201/26 1173/1173/24
f 1202/1202/26 1196/1196/26 1198/1198/26
f 1172/1172/136 1203/1203/25 1173/1173/24
f 1204/1204/28 1173/1173/24 1203/1203/25
f 1204/1204/28 1200/1200/26 1173/1173/24
f 1205/1205/63 1206/1206/59 1207/1207/59
f 1020/1020/113 1208/1208/59 1209/1209/59
f 1210/1210/140 1206/1206/59 1205/1205/63
f 1021/1021/114 1023/1023/116 1211/1211/141
f 1021/1021/114 1211/1211/141 1212/1212/142
f 1213/1213/8 1214/1214/8 1215/1215/8
f 1213/1213/8 1216/1216/8 1214/1214/8
f 1217/1217/8 1214/1214/8 1216/1216/8
f 1218/1218/8 1219/1219/8 1220/1220/50
f 1221/1221/8 1213/1213/8 1215/1215/8
f 1222/1222/50 1220/1220/50 1223/1223/51
f 1222/1222/50 1218/1218/8 1220/1220/50
f 1224/1224/51 1225/1225/51 1226/1226/51
f 1222/1222/50 1223/1223/51 1227/1227/51
f 1228/1228/59 1229/1229/59 1082/1082/59
f 1230/1230/51 1231/1231/51 1232/1232/50
f 1057/1057/59 1228/1228/59 1082/1082/59
f 1233/1233/51 1224/1224/51 1226/1226/51
f 1228/1228/59 1234/1234/59 1229/1229/59
f 1235/1235/50 1232/1232/50 1236/1236/8
f 1235/1235/50 1230/1230/51 1232/1232/50
f 1237/1237/8 1238/1238/8 1239/1239/8
f 1240/1240/8 1241/1241/8 1238/1238/8
f 1242/1242/8 1238/1238/8 1241/1241/8
f 1243/1243/8 1240/1240/8 1238/1238/8
f 1237/1237/8 1243/1243/8 1238/1238/8
f 1244/1244/8 1238/1238/8 1242/1242/8
f 1235/1235/50 1236/1236/8 1245/1245/8
f 1246/1246/143 1247/1247/59 1248/1248/59
f 1237/1237/8 1239/1239/8 1249/1249/8
f 1250/1250/8 1249/1249/8 1239/1239/8
f 1246/1246/143 1251/1251/58 1247/1247/59
f 1017/1017/112 1208/1208/59 1020/1020/113
f 1026/1026/118 1252/1252/144 1027/1027/119
f 1026/1026/118 1253/1253/145 1252/1252/144
f 1254/1254/59 1255/1255/59 1256/1256/59
f 1257/1257/8 1249/1249/8 1258/1258/8
f 1259/1259/59 1254/1254/59 1256/1256/59
f 1260/1260/63 1261/1261/59 1262/1262/59
f 1237/1237/8 1249/1249/8 1257/1257/8
f 1250/1250/8 1263/1263/8 1249/1249/8
f 1051/1051/10 1264/1264/10 1265/1265/10
f 1266/1266/10 1264/1264/10 1051/1051/10
f 1267/1267/10 1264/1264/10 1266/1266/10
f 1267/1267/10 1268/1268/10 1264/1264/10
f 1046/1046/129 1269/1269/59 1270/1270/59
f 1054/1054/10 1051/1051/10 1265/1265/10
f 1046/1046/129 1043/1043/127 1269/1269/59
f 1271/1271/146 1261/1261/59 1260/1260/63
f 1047/1047/114 1049/1049/131 1272/1272/147
f 1047/1047/114 1272/1272/147 1273/1273/142
f 1274/1274/59 1275/1275/59 1276/1276/59
f 1277/1277/143 1278/1278/59 1279/1279/59
f 1280/1280/8 1281/1281/8 1282/1282/8
f 1280/1280/8 1282/1282/8 1283/1283/8
f 1277/1277/143 1284/1284/58 1278/1278/59
f 1274/1274/59 1285/1285/59 1275/1275/59
f 1286/1286/148 1287/1287/59 1288/1288/59
f 1289/1289/149 1287/1287/59 1286/1286/148
f 1290/1290/150 1287/1287/59 1289/1289/149
f 996/996/102 1287/1287/59 1290/1290/150
f 1002/1002/106 1291/1291/151 1003/1003/107
f 1002/1002/106 1292/1292/152 1291/1291/151
f 1014/1014/37 1293/1293/37 1294/1294/37
f 1295/1295/37 1293/1293/37 1014/1014/37
f 1296/1296/37 1014/1014/37 1294/1294/37
f 1297/1297/1 1298/1298/1 1299/1299/1
f 1300/1300/1 1298/1298/1 1301/1301/1
f 1302/1302/1 1301/1301/1 1298/1298/1
f 1303/1303/1 1298/1298/1 1300/1300/1
f 1302/1302/1 1298/1298/1 1297/1297/1
f 1303/1303/1 1304/1304/1 1298/1298/1
f 1305/1305/1 1299/1299/1 1306/1306/1
f 1307/1307/1 1306/1306/1 1299/1299/1
f 1308/1308/1 1299/1299/1 1305/1305/1
f 1297/1297/1 1299/1299/1 1309/1309/1
f 1310/1310/1 1309/1309/1 1299/1299/1
f 1308/1308/1 1310/1310/1 1299/1299/1
f 1311/1311/1 1312/1312/1 1299/1299/1
f 1307/1307/1 1299/1299/1 1312/1312/1
f 1313/1313/1 1311/1311/1 1299/1299/1
f 1314/1314/153 1315/1315/153 1316/1316/153
f 1317/1317/59 1318/1318/59 1319/1319/59
f 1320/1320/153 1314/1314/153 1316/1316/153
f 1321/1321/154 1322/1322/153 1323/1323/153
f 1317/1317/59 1324/1324/59 1318/1318/59
f 1325/1325/59 1318/1318/59 1324/1324/59
f 1326/1326/153 1327/1327/153 1315/1315/153
f 1328/1328/1 1329/1329/1 1330/1330/1
f 1314/1314/153 1326/1326/153 1315/1315/153
f 1331/1331/59 1317/1317/59 1319/1319/59
f 1332/1332/153 1333/1333/153 1327/1327/153
f 1334/1334/59 1335/1335/59 1336/1336/59
f 1326/1326/153 1332/1332/153 1327/1327/153
f 1337/1337/59 1338/1338/59 1335/1335/59
f 1334/1334/59 1337/1337/59 1335/1335/59
f 1328/1328/1 1330/1330/1 1339/1339/1
f 1340/1340/153 1341/1341/153 1333/1333/153
f 1342/1342/1 1343/1343/1 1344/1344/1
f 1332/1332/153 1340/1340/153 1333/1333/153
f 1345/1345/59 1334/1334/59 1336/1336/59
f 1346/1346/59 1345/1345/59 1336/1336/59
f 1347/1347/59 1346/1346/59 1336/1336/59
f 1342/1342/1 1348/1348/1 1343/1343/1
f 1349/1349/1 1343/1343/1 1348/1348/1
f 1350/1350/155 1351/1351/153 1352/1352/153
f 1353/1353/1 1342/1342/1 1344/1344/1
f 1354/1354/1 1353/1353/1 1344/1344/1
f 1355/1355/1 1354/1354/1 1344/1344/1
f 1303/1303/1 1355/1355/1 1344/1344/1
f 1350/1350/155 1356/1356/155 1351/1351/153
f 1357/1357/59 1358/1358/59 1359/1359/59
f 1360/1360/59 1361/1361/59 1358/1358/59
f 1362/1362/59 1358/1358/59 1361/1361/59
f 1363/1363/59 1360/1360/59 1358/1358/59
f 1364/1364/59 1358/1358/59 1365/1365/59
f 1362/1362/59 1365/1365/59 1358/1358/59
f 1366/1366/59 1363/1363/59 1358/1358/59
f 1357/1357/59 1366/1366/59 1358/1358/59
f 1367/1367/1 1368/1368/1 1369/1369/1
f 1370/1370/59 1359/1359/59 1371/1371/59
f 1372/1372/59 1371/1371/59 1359/1359/59
f 1370/1370/59 1357/1357/59 1359/1359/59
f 1373/1373/59 1374/1374/59 1375/1375/59
f 1376/1376/1 1369/1369/1 1377/1377/1
f 1378/1378/1 1377/1377/1 1369/1369/1
f 1379/1379/1 1369/1369/1 1376/1376/1
f 1380/1380/1 1378/1378/1 1369/1369/1
f 1379/1379/1 1367/1367/1 1369/1369/1
f 1373/1373/59 1381/1381/59 1374/1374/59
f 1382/1382/1 1383/1383/1 1384/1384/1
f 1382/1382/1 1385/1385/1 1383/1383/1
f 1386/1386/154 1322/1322/153 1321/1321/154
f 1382/1382/1 1384/1384/1 1387/1387/1
f 1388/1388/1 1387/1387/1 1384/1384/1
f 1389/1389/59 1390/1390/59 1361/1361/59
f 1391/1391/59 1390/1390/59 1389/1389/59
f 1392/1392/59 1393/1393/59 1390/1390/59
f 1394/1394/59 1390/1390/59 1393/1393/59
f 1395/1395/59 1392/1392/59 1390/1390/59
f 1391/1391/59 1395/1395/59 1390/1390/59
f 1360/1360/59 1396/1396/59 1361/1361/59
f 1397/1397/59 1361/1361/59 1396/1396/59
f 1389/1389/59 1361/1361/59 1398/1398/59
f 1399/1399/59 1398/1398/59 1361/1361/59
f 1400/1400/59 1401/1401/59 1361/1361/59
f 1402/1402/59 1361/1361/59 1401/1401/59
f 1397/1397/59 1400/1400/59 1361/1361/59
f 1402/1402/59 1399/1399/59 1361/1361/59
f 1303/1303/1 1300/1300/1 1355/1355/1
f 1308/1308/1 1305/1305/1 1339/1339/1
f 1403/1403/1 1339/1339/1 1305/1305/1
f 1404/1404/59 1405/1405/59 1338/1338/59
f 1337/1337/59 1404/1404/59 1338/1338/59
f 1406/1406/156 1407/1407/156 1408/1408/157
f 1409/1409/158 1407/1407/156 1406/1406/156
f 1410/1410/1 1411/1411/1 1412/1412/1
f 1409/1409/158 1413/1413/158 1407/1407/156
f 1414/1414/159 1408/1408/157 1415/1415/160
f 1406/1406/156 1408/1408/157 1414/1414/159
f 1416/1416/160 1417/1417/160 1418/1418/160
f 1414/1414/159 1415/1415/160 1419/1419/160
f 1420/1420/160 1418/1418/160 1421/1421/160
f 1422/1422/1 1423/1423/1 1424/1424/1
f 1420/1420/160 1416/1416/160 1418/1418/160
f 1422/1422/1 1424/1424/1 1425/1425/1
f 1325/1325/59 1426/1426/59 1427/1427/59
f 1386/1386/154 1321/1321/154 1428/1428/161
f 1386/1386/154 1428/1428/161 1429/1429/162
f 1430/1430/163 1429/1429/162 1428/1428/161
f 1311/1311/1 1431/1431/1 1312/1312/1
f 1325/1325/59 1324/1324/59 1426/1426/59
f 1432/1432/160 1433/1433/160 1434/1434/160
f 1435/1435/160 1436/1436/160 1433/1433/160
f 1437/1437/1 1438/1438/1 1439/1439/1
f 1432/1432/160 1435/1435/160 1433/1433/160
f 1440/1440/160 1441/1441/160 1442/1442/164
f 1432/1432/160 1434/1434/160 1443/1443/160
f 1444/1444/59 1445/1445/59 1317/1317/59
f 1446/1446/164 1442/1442/164 1447/1447/16
f 1331/1331/59 1444/1444/59 1317/1317/59
f 1446/1446/164 1440/1440/160 1442/1442/164
f 1446/1446/164 1447/1447/16 1448/1448/16
f 1449/1449/16 1450/1450/165 1451/1451/166
f 1452/1452/167 1451/1451/166 1453/1453/168
f 1454/1454/1 1455/1455/1 1456/1456/1
f 1449/1449/16 1451/1451/166 1457/1457/169
f 1458/1458/170 1457/1457/169 1451/1451/166
f 1459/1459/165 1460/1460/165 1451/1451/166
f 1461/1461/165 1451/1451/166 1460/1460/165
f 1462/1462/170 1459/1459/165 1451/1451/166
f 1461/1461/165 1458/1458/170 1451/1451/166
f 1463/1463/165 1464/1464/16 1451/1451/166
f 1462/1462/170 1451/1451/166 1464/1464/16
f 1465/1465/165 1463/1463/165 1451/1451/166
f 1466/1466/165 1465/1465/165 1451/1451/166
f 1467/1467/171 1466/1466/165 1451/1451/166
f 1468/1468/167 1467/1467/171 1451/1451/166
f 1469/1469/165 1470/1470/169 1451/1451/166
f 1468/1468/167 1451/1451/166 1470/1470/169
f 1471/1471/169 1469/1469/165 1451/1451/166
f 1472/1472/170 1471/1471/169 1451/1451/166
f 1473/1473/16 1451/1451/166 1474/1474/172
f 1475/1475/16 1474/1474/172 1451/1451/166
f 1476/1476/173 1472/1472/170 1451/1451/166
f 1477/1477/165 1476/1476/173 1451/1451/166
f 1478/1478/165 1477/1477/165 1451/1451/166
f 1479/1479/169 1478/1478/165 1451/1451/166
f 1480/1480/16 1479/1479/169 1451/1451/166
f 1473/1473/16 1480/1480/16 1451/1451/166
f 1481/1481/165 1451/1451/166 1482/1482/170
f 1483/1483/165 1482/1482/170 1451/1451/166
f 1484/1484/174 1475/1475/16 1451/1451/166
f 1485/1485/16 1484/1484/174 1451/1451/166
f 1486/1486/16 1485/1485/16 1451/1451/166
f 1487/1487/165 1486/1486/16 1451/1451/166
f 1488/1488/165 1487/1487/165 1451/1451/166
f 1481/1481/165 1488/1488/165 1451/1451/166
f 1489/1489/165 1483/1483/165 1451/1451/166
f 1490/1490/175 1489/1489/165 1451/1451/166
f 1491/1491/16 1490/1490/175 1451/1451/166
f 1492/1492/167 1491/1491/16 1451/1451/166
f 1493/1493/16 1492/1492/167 1451/1451/166
f 1494/1494/165 1493/1493/16 1451/1451/166
f 1495/1495/16 1494/1494/165 1451/1451/166
f 1496/1496/16 1495/1495/16 1451/1451/166
f 1497/1497/16 1496/1496/16 1451/1451/166
f 1498/1498/176 1497/1497/16 1451/1451/166
f 1452/1452/167 1498/1498/176 1451/1451/166
f 1420/1420/160 1421/1421/160 1499/1499/160
f 1500/1500/177 1501/1501/160 1502/1502/160
f 1503/1503/59 1504/1504/59 1505/1505/59
f 1506/1506/59 1503/1503/59 1505/1505/59
f 1507/1507/177 1501/1501/160 1500/1500/177
f 1508/1508/59 1506/1506/59 1505/1505/59
f 1422/1422/1 1509/1509/1 1423/1423/1
f 1510/1510/59 1504/1504/59 1503/1503/59
f 1388/1388/1 1511/1511/1 1387/1387/1
f 1512/1512/91 1513/1513/91 1514/1514/91
f 1454/1454/1 1439/1439/1 1515/1515/1
f 1454/1454/1 1437/1437/1 1439/1439/1
f 1516/1516/59 1517/1517/59 1518/1518/59
f 1519/1519/59 1517/1517/59 1516/1516/59
f 1512/1512/91 1514/1514/91 1520/1520/91
f 1388/1388/1 1521/1521/1 1511/1511/1
f 1522/1522/59 1516/1516/59 1518/1518/59
f 1523/1523/1 1524/1524/1 1378/1378/1
f 1380/1380/1 1523/1523/1 1378/1378/1
f 1525/1525/59 1526/1526/59 1527/1527/59
f 1528/1528/1 1529/1529/1 1385/1385/1
f 1382/1382/1 1528/1528/1 1385/1385/1
f 1449/1449/16 1530/1530/16 1450/1450/165
f 1531/1531/59 1532/1532/59 1516/1516/59
f 1533/1533/163 1429/1429/162 1430/1430/163
f 1395/1395/59 1534/1534/59 1392/1392/59
f 1535/1535/59 1536/1536/59 1401/1401/59
f 1402/1402/59 1401/1401/59 1536/1536/59
f 441/441/10 445/445/10 1051/1051/10
f 1537/1537/16 1453/1453/168 1530/1530/16
f 1454/1454/1 1515/1515/1 1455/1455/1
f 1056/1056/10 441/441/10 1051/1051/10
f 1538/1538/16 1539/1539/133 1453/1453/168
f 1540/1540/16 1453/1453/168 1539/1539/133
f 1537/1537/16 1538/1538/16 1453/1453/168
f 1540/1540/16 1452/1452/167 1453/1453/168
f 247/247/10 1541/1541/10 445/445/10
f 1449/1449/16 1542/1542/16 1530/1530/16
f 1543/1543/16 1530/1530/16 1542/1542/16
f 1544/1544/16 1545/1545/16 1530/1530/16
f 1546/1546/16 1530/1530/16 1545/1545/16
f 1543/1543/16 1544/1544/16 1530/1530/16
f 1547/1547/167 1548/1548/16 1530/1530/16
f 1549/1549/16 1530/1530/16 1548/1548/16
f 1546/1546/16 1547/1547/167 1530/1530/16
f 1550/1550/166 1551/1551/16 1530/1530/16
f 1552/1552/16 1530/1530/16 1551/1551/16
f 1553/1553/16 1550/1550/166 1530/1530/16
f 1554/1554/16 1553/1553/16 1530/1530/16
f 1549/1549/16 1554/1554/16 1530/1530/16
f 1555/1555/16 1556/1556/16 1530/1530/16
f 1557/1557/165 1530/1530/16 1556/1556/16
f 1558/1558/16 1555/1555/16 1530/1530/16
f 1559/1559/16 1558/1558/16 1530/1530/16
f 1560/1560/16 1559/1559/16 1530/1530/16
f 1561/1561/16 1560/1560/16 1530/1530/16
f 1552/1552/16 1561/1561/16 1530/1530/16
f 1557/1557/165 1537/1537/16 1530/1530/16
f 1522/1522/59 1531/1531/59 1516/1516/59
f 1267/1267/10 1266/1266/10 1541/1541/10
f 246/246/10 1267/1267/10 1541/1541/10
f 247/247/10 246/246/10 1541/1541/10
f 856/856/91 1562/1562/91 1563/1563/91
f 856/856/91 458/458/91 1562/1562/91
f 1564/1564/1 1565/1565/1 1566/1566/1
f 1567/1567/1 1565/1565/1 1564/1564/1
f 1568/1568/8 1237/1237/8 1257/1257/8
f 1569/1569/8 1568/1568/8 1257/1257/8
f 1570/1570/8 1569/1569/8 1257/1257/8
f 1242/1242/8 1570/1570/8 1257/1257/8
f 1244/1244/8 1242/1242/8 1257/1257/8
f 1571/1571/8 1572/1572/8 1573/1573/8
f 1574/1574/59 1575/1575/59 1576/1576/59
f 1393/1393/59 1575/1575/59 1574/1574/59
f 1577/1577/8 1571/1571/8 1573/1573/8
f 203/203/8 249/249/8 248/248/8
f 203/203/8 1578/1578/8 1579/1579/8
f 1580/1580/10 1581/1581/10 1582/1582/178
f 203/203/8 1579/1579/8 206/206/8
f 1583/1583/60 1584/1584/179 1585/1585/10
f 1586/1586/10 1583/1583/60 1585/1585/10
f 203/203/8 1587/1587/8 1578/1578/8
f 1588/1588/42 1582/1582/178 1589/1589/180
f 1588/1588/42 1580/1580/10 1582/1582/178
f 203/203/8 248/248/8 1587/1587/8
f 1590/1590/180 1589/1589/180 1591/1591/181
f 1588/1588/42 1589/1589/180 1590/1590/180
f 1592/1592/56 1591/1591/181 1593/1593/13
f 1590/1590/180 1591/1591/181 1592/1592/56
f 1594/1594/13 1595/1595/13 1596/1596/182
f 1592/1592/56 1593/1593/13 1597/1597/13
f 1598/1598/58 1596/1596/182 1599/1599/183
f 1598/1598/58 1594/1594/13 1596/1596/182
f 1600/1600/183 1599/1599/183 1584/1584/179
f 1600/1600/183 1598/1598/58 1599/1599/183
f 1583/1583/60 1600/1600/183 1584/1584/179
f 1601/1601/8 1602/1602/8 209/209/8
f 1603/1603/184 194/194/30 1604/1604/13
f 208/208/8 1601/1601/8 209/209/8
f 1603/1603/184 198/198/32 194/194/30
f 1605/1605/8 1606/1606/8 1602/1602/8
f 1607/1607/13 1608/1608/13 1609/1609/13
f 1601/1601/8 1605/1605/8 1602/1602/8
f 1610/1610/13 1611/1611/13 1608/1608/13
f 1612/1612/13 1608/1608/13 1611/1611/13
f 1607/1607/13 1610/1610/13 1608/1608/13
f 1603/1603/184 1604/1604/13 1613/1613/13
f 1614/1614/185 1615/1615/8 1616/1616/8
f 1617/1617/185 1615/1615/8 1614/1614/185
f 1618/1618/13 1619/1619/13 1609/1609/13
f 1607/1607/13 1609/1609/13 1619/1619/13
f 1620/1620/13 1618/1618/13 1609/1609/13
f 1621/1621/10 1622/1622/10 1623/1623/10
f 1621/1621/10 1624/1624/10 1622/1622/10
f 1625/1625/10 1622/1622/10 1624/1624/10
f 1626/1626/10 1622/1622/10 1625/1625/10
f 1627/1627/10 1628/1628/10 234/234/42
f 1629/1629/10 1621/1621/10 1623/1623/10
f 1630/1630/10 1629/1629/10 1623/1623/10
f 1631/1631/10 1630/1630/10 1623/1623/10
f 1632/1632/10 1631/1631/10 1623/1623/10
f 1633/1633/10 1632/1632/10 1623/1623/10
f 1634/1634/186 1627/1627/10 234/234/42
f 1635/1635/187 1634/1634/186 234/234/42
f 229/229/41 1635/1635/187 234/234/42
f 1394/1394/59 1393/1393/59 1574/1574/59
f 1533/1533/163 1636/1636/8 1637/1637/8
f 1311/1311/1 1567/1567/1 1564/1564/1
f 1533/1533/163 1430/1430/163 1636/1636/8
f 1638/1638/10 1639/1639/10 1640/1640/178
f 1641/1641/60 1642/1642/179 1643/1643/10
f 1644/1644/10 1641/1641/60 1643/1643/10
f 1645/1645/42 1640/1640/178 1646/1646/180
f 1645/1645/42 1638/1638/10 1640/1640/178
f 1647/1647/180 1646/1646/180 1648/1648/181
f 1645/1645/42 1646/1646/180 1647/1647/180
f 1649/1649/56 1648/1648/181 1650/1650/13
f 1647/1647/180 1648/1648/181 1649/1649/56
f 1651/1651/13 1652/1652/13 1653/1653/182
f 1649/1649/56 1650/1650/13 1654/1654/13
f 1655/1655/58 1653/1653/182 1656/1656/183
f 1655/1655/58 1651/1651/13 1653/1653/182
f 1657/1657/183 1656/1656/183 1642/1642/179
f 1657/1657/183 1655/1655/58 1656/1656/183
f 1641/1641/60 1657/1657/183 1642/1642/179
f 1658/1658/8 1659/1659/8 1263/1263/8
f 1660/1660/188 1260/1260/63 1661/1661/10
f 1250/1250/8 1658/1658/8 1263/1263/8
f 1660/1660/188 1271/1271/146 1260/1260/63
f 1662/1662/8 1663/1663/8 1659/1659/8
f 1664/1664/10 1665/1665/10 1666/1666/10
f 1658/1658/8 1662/1662/8 1659/1659/8
f 1667/1667/10 1668/1668/10 1665/1665/10
f 1669/1669/10 1665/1665/10 1668/1668/10
f 1664/1664/10 1667/1667/10 1665/1665/10
f 1660/1660/188 1661/1661/10 1670/1670/10
f 1671/1671/189 1672/1672/8 1673/1673/8
f 1674/1674/10 1664/1664/10 1666/1666/10
f 1675/1675/10 1674/1674/10 1666/1666/10
f 1676/1676/10 1675/1675/10 1666/1666/10
f 1671/1671/189 1677/1677/189 1672/1672/8
f 1678/1678/13 1679/1679/13 1680/1680/13
f 1678/1678/13 1681/1681/13 1679/1679/13
f 1682/1682/13 1679/1679/13 1681/1681/13
f 1683/1683/13 1679/1679/13 1682/1682/13
f 1684/1684/13 1685/1685/13 1251/1251/58
f 1686/1686/13 1687/1687/13 1680/1680/13
f 1678/1678/13 1680/1680/13 1687/1687/13
f 1688/1688/13 1686/1686/13 1680/1680/13
f 1689/1689/13 1688/1688/13 1680/1680/13
f 1690/1690/13 1689/1689/13 1680/1680/13
f 1691/1691/190 1684/1684/13 1251/1251/58
f 1692/1692/191 1691/1691/190 1251/1251/58
f 1246/1246/143 1692/1692/191 1251/1251/58
f 1313/1313/1 1567/1567/1 1311/1311/1
f 1693/1693/59 1694/1694/59 1695/1695/59
f 1693/1693/59 1696/1696/59 1694/1694/59
f 1697/1697/37 392/392/37 166/166/37
f 1698/1698/37 390/390/74 392/392/37
f 1699/1699/37 1698/1698/37 392/392/37
f 1697/1697/37 1699/1699/37 392/392/37
f 1008/1008/13 1700/1700/13 386/386/13
f 1701/1701/8 1702/1702/8 1703/1703/8
f 396/396/13 1008/1008/13 386/386/13
f 1704/1704/8 1702/1702/8 1701/1701/8
f 1008/1008/13 1012/1012/13 1700/1700/13
f 1705/1705/1 1706/1706/1 1707/1707/1
f 1705/1705/1 1708/1708/1 1706/1706/1
f 1709/1709/37 1295/1295/37 1014/1014/37
f 1710/1710/37 1709/1709/37 1014/1014/37
f 1711/1711/37 1710/1710/37 1014/1014/37
f 1712/1712/37 1711/1711/37 1014/1014/37
f 1713/1713/37 1712/1712/37 1014/1014/37
f 1013/1013/74 1713/1713/37 1014/1014/37
f 467/467/91 1714/1714/91 1715/1715/91
f 465/465/91 1714/1714/91 467/467/91
f 1716/1716/10 1717/1717/10 1718/1718/178
f 1719/1719/8 164/164/8 1720/1720/8
f 1721/1721/60 1722/1722/179 1723/1723/10
f 1724/1724/8 165/165/8 164/164/8
f 1719/1719/8 1724/1724/8 164/164/8
f 1725/1725/10 1721/1721/60 1723/1723/10
f 1726/1726/42 1718/1718/178 1727/1727/180
f 1726/1726/42 1716/1716/10 1718/1718/178
f 178/178/8 1728/1728/8 169/169/8
f 1729/1729/180 1727/1727/180 1730/1730/181
f 170/170/8 178/178/8 169/169/8
f 1726/1726/42 1727/1727/180 1729/1729/180
f 178/178/8 1731/1731/8 1728/1728/8
f 1732/1732/56 1730/1730/181 1733/1733/13
f 1729/1729/180 1730/1730/181 1732/1732/56
f 1719/1719/8 1734/1734/8 1731/1731/8
f 1735/1735/13 1736/1736/13 1737/1737/192
f 1738/1738/8 1719/1719/8 1731/1731/8
f 181/181/8 1738/1738/8 1731/1731/8
f 178/178/8 181/181/8 1731/1731/8
f 1732/1732/56 1733/1733/13 1739/1739/13
f 1719/1719/8 1740/1740/8 1734/1734/8
f 1741/1741/58 1737/1737/192 1742/1742/183
f 1741/1741/58 1735/1735/13 1737/1737/192
f 1719/1719/8 1720/1720/8 1740/1740/8
f 1743/1743/183 1742/1742/183 1722/1722/179
f 1743/1743/183 1741/1741/58 1742/1742/183
f 1721/1721/60 1743/1743/183 1722/1722/179
f 1744/1744/184 149/149/30 1745/1745/13
f 1744/1744/184 156/156/32 149/149/30
f 1746/1746/13 1747/1747/13 1748/1748/13
f 1744/1744/184 1745/1745/13 1749/1749/13
f 1738/1738/8 1750/1750/8 1719/1719/8
f 1751/1751/193 1752/1752/8 1753/1753/8
f 1754/1754/193 1752/1752/8 1751/1751/193
f 1755/1755/13 1746/1746/13 1748/1748/13
f 1756/1756/10 1757/1757/10 1758/1758/10
f 1756/1756/10 1759/1759/10 1757/1757/10
f 1760/1760/10 1761/1761/10 182/182/42
f 1756/1756/10 1758/1758/10 1762/1762/10
f 1763/1763/186 1760/1760/10 182/182/42
f 1764/1764/194 1763/1763/186 182/182/42
f 175/175/41 1764/1764/194 182/182/42
f 1364/1364/59 1365/1365/59 1696/1696/59
f 1364/1364/59 1696/1696/59 1693/1693/59
f 1765/1765/195 1697/1697/37 166/166/37
f 1766/1766/37 1765/1765/195 166/166/37
f 171/171/39 1766/1766/37 166/166/37
f 1356/1356/155 1767/1767/8 1768/1768/8
f 1769/1769/1 1708/1708/1 1705/1705/1
f 1303/1303/1 1708/1708/1 1769/1769/1
f 1350/1350/155 1767/1767/8 1356/1356/155
f 1770/1770/8 1771/1771/8 1772/1772/8
f 1773/1773/10 1774/1774/10 1775/1775/178
f 1280/1280/8 1772/1772/8 1776/1776/8
f 1777/1777/60 1778/1778/179 1779/1779/10
f 1283/1283/8 1780/1780/8 1772/1772/8
f 1770/1770/8 1772/1772/8 1780/1780/8
f 1280/1280/8 1283/1283/8 1772/1772/8
f 1781/1781/10 1777/1777/60 1779/1779/10
f 1770/1770/8 1782/1782/8 1771/1771/8
f 1783/1783/42 1775/1775/178 1784/1784/180
f 1783/1783/42 1773/1773/10 1775/1775/178
f 1770/1770/8 1785/1785/8 1782/1782/8
f 1786/1786/180 1784/1784/180 1787/1787/181
f 1783/1783/42 1784/1784/180 1786/1786/180
f 1770/1770/8 1216/1216/8 1785/1785/8
f 1788/1788/56 1787/1787/181 1789/1789/13
f 1786/1786/180 1787/1787/181 1788/1788/56
f 1790/1790/13 1791/1791/13 1792/1792/192
f 1793/1793/8 1217/1217/8 1216/1216/8
f 1770/1770/8 1793/1793/8 1216/1216/8
f 1788/1788/56 1789/1789/13 1794/1794/13
f 1221/1221/8 1795/1795/8 1213/1213/8
f 1796/1796/58 1792/1792/192 1797/1797/183
f 1796/1796/58 1790/1790/13 1792/1792/192
f 1280/1280/8 1776/1776/8 1795/1795/8
f 1798/1798/183 1797/1797/183 1778/1778/179
f 1221/1221/8 1280/1280/8 1795/1795/8
f 1798/1798/183 1796/1796/58 1797/1797/183
f 1777/1777/60 1798/1798/183 1778/1778/179
f 1770/1770/8 1780/1780/8 1799/1799/8
f 1800/1800/13 1801/1801/13 1802/1802/13
f 1803/1803/196 1804/1804/8 1805/1805/8
f 1800/1800/13 1806/1806/13 1801/1801/13
f 1807/1807/13 1808/1808/13 1284/1284/58
f 1800/1800/13 1802/1802/13 1809/1809/13
f 1810/1810/197 1807/1807/13 1284/1284/58
f 1811/1811/198 1810/1810/197 1284/1284/58
f 1277/1277/143 1811/1811/198 1284/1284/58
f 1303/1303/1 1769/1769/1 1304/1304/1
f 1812/1812/188 1205/1205/63 1813/1813/10
f 1812/1812/188 1210/1210/140 1205/1205/63
f 1814/1814/10 1815/1815/10 1816/1816/10
f 1812/1812/188 1813/1813/10 1817/1817/10
f 1818/1818/10 1814/1814/10 1816/1816/10
f 1803/1803/196 1819/1819/196 1804/1804/8
f 1820/1820/91 1821/1821/91 1822/1822/91
f 1820/1820/91 1823/1823/91 1821/1821/91
f 1824/1824/91 1821/1821/91 1823/1823/91
f 1825/1825/91 1822/1822/91 1826/1826/91
f 1825/1825/91 1820/1820/91 1822/1822/91
f 1827/1827/91 1826/1826/91 1828/1828/91
f 1827/1827/91 1825/1825/91 1826/1826/91
f 1827/1827/91 1828/1828/91 1829/1829/91
f 1827/1827/91 1829/1829/91 1830/1830/91
f 1831/1831/91 1830/1830/91 1829/1829/91
f 1831/1831/91 1832/1832/91 1830/1830/91
f 1833/1833/10 1834/1834/10 1835/1835/199
f 1836/1836/63 1837/1837/179 1838/1838/10
f 1836/1836/63 1838/1838/10 1839/1839/10
f 1823/1823/91 1840/1840/91 1832/1832/91
f 1841/1841/42 1835/1835/199 1842/1842/1
f 1843/1843/91 1823/1823/91 1832/1832/91
f 1831/1831/91 1843/1843/91 1832/1832/91
f 1841/1841/42 1833/1833/10 1835/1835/199
f 1844/1844/1 1842/1842/1 1845/1845/181
f 1844/1844/1 1841/1841/42 1842/1842/1
f 1846/1846/30 1845/1845/181 1847/1847/13
f 1843/1843/91 1824/1824/91 1823/1823/91
f 1846/1846/30 1844/1844/1 1845/1845/181
f 1848/1848/13 1849/1849/13 1850/1850/200
f 1846/1846/30 1847/1847/13 1851/1851/13
f 1827/1827/91 1852/1852/91 1825/1825/91
f 1853/1853/58 1850/1850/200 1854/1854/59
f 1853/1853/58 1848/1848/13 1850/1850/200
f 1855/1855/59 1854/1854/59 1837/1837/179
f 1855/1855/59 1853/1853/58 1854/1854/59
f 1836/1836/63 1855/1855/59 1837/1837/179
f 1856/1856/91 1857/1857/91 1858/1858/91
f 850/850/91 1858/1858/91 1859/1859/91
f 1856/1856/91 1858/1858/91 454/454/91
f 850/850/91 454/454/91 1858/1858/91
f 1860/1860/91 855/855/91 1861/1861/91
f 458/458/91 855/855/91 1860/1860/91
f 856/856/91 855/855/91 458/458/91
f 1862/1862/91 1861/1861/91 1863/1863/91
f 1862/1862/91 1860/1860/91 1861/1861/91
f 1864/1864/91 1863/1863/91 1857/1857/91
f 1862/1862/91 1863/1863/91 1864/1864/91
f 1864/1864/91 1857/1857/91 1856/1856/91
f 850/850/91 1859/1859/91 857/857/91
f 1865/1865/91 1866/1866/91 1867/1867/91
f 1865/1865/91 1868/1868/91 1866/1866/91
f 1869/1869/91 1866/1866/91 1868/1868/91
f 1870/1870/91 1867/1867/91 1871/1871/91
f 1870/1870/91 1865/1865/91 1867/1867/91
f 1872/1872/91 1871/1871/91 1873/1873/91
f 1872/1872/91 1870/1870/91 1871/1871/91
f 1872/1872/91 1873/1873/91 1874/1874/91
f 1872/1872/91 1874/1874/91 1875/1875/91
f 1876/1876/91 1875/1875/91 1874/1874/91
f 1876/1876/91 1877/1877/91 1875/1875/91
f 1878/1878/10 1879/1879/10 1880/1880/199
f 1881/1881/63 1882/1882/179 1883/1883/10
f 1881/1881/63 1883/1883/10 1884/1884/10
f 1868/1868/91 1885/1885/91 1877/1877/91
f 1886/1886/42 1880/1880/199 1887/1887/1
f 1888/1888/91 1868/1868/91 1877/1877/91
f 1876/1876/91 1888/1888/91 1877/1877/91
f 1886/1886/42 1878/1878/10 1880/1880/199
f 1889/1889/1 1887/1887/1 1890/1890/181
f 1889/1889/1 1886/1886/42 1887/1887/1
f 1891/1891/30 1890/1890/181 1892/1892/13
f 1888/1888/91 1869/1869/91 1868/1868/91
f 1891/1891/30 1889/1889/1 1890/1890/181
f 1893/1893/13 1894/1894/13 1895/1895/200
f 1891/1891/30 1892/1892/13 1896/1896/13
f 1872/1872/91 1897/1897/91 1870/1870/91
f 1898/1898/58 1895/1895/200 1899/1899/59
f 1898/1898/58 1893/1893/13 1895/1895/200
f 1900/1900/59 1899/1899/59 1882/1882/179
f 1900/1900/59 1898/1898/58 1899/1899/59
f 1881/1881/63 1900/1900/59 1882/1882/179
f 850/850/91 455/455/91 454/454/91
f 458/458/91 1860/1860/91 457/457/91
f 1901/1901/91 1902/1902/91 1903/1903/91
f 1901/1901/91 1904/1904/91 1902/1902/91
f 1905/1905/91 1902/1902/91 1904/1904/91
f 1906/1906/91 1903/1903/91 1907/1907/91
f 1906/1906/91 1901/1901/91 1903/1903/91
f 1908/1908/91 1907/1907/91 1909/1909/91
f 1908/1908/91 1906/1906/91 1907/1907/91
f 1908/1908/91 1909/1909/91 1910/1910/91
f 1908/1908/91 1910/1910/91 1911/1911/91
f 1912/1912/91 1911/1911/91 1910/1910/91
f 1912/1912/91 1913/1913/91 1911/1911/91
f 1914/1914/10 1915/1915/10 1916/1916/199
f 1917/1917/63 1918/1918/201 1919/1919/10
f 1917/1917/63 1919/1919/10 1920/1920/10
f 1904/1904/91 1921/1921/91 1913/1913/91
f 1922/1922/202 1916/1916/199 1923/1923/180
f 1924/1924/91 1904/1904/91 1913/1913/91
f 1912/1912/91 1924/1924/91 1913/1913/91
f 1922/1922/202 1914/1914/10 1916/1916/199
f 1925/1925/180 1923/1923/180 1926/1926/203
f 1925/1925/180 1922/1922/202 1923/1923/180
f 1927/1927/30 1926/1926/203 1928/1928/13
f 1924/1924/91 1905/1905/91 1904/1904/91
f 1927/1927/30 1925/1925/180 1926/1926/203
f 1929/1929/13 1930/1930/13 1931/1931/200
f 1927/1927/30 1928/1928/13 1932/1932/13
f 1908/1908/91 1933/1933/91 1906/1906/91
f 1934/1934/204 1931/1931/200 1935/1935/183
f 1934/1934/204 1929/1929/13 1931/1931/200
f 1936/1936/183 1935/1935/183 1918/1918/201
f 1936/1936/183 1934/1934/204 1935/1935/183
f 1917/1917/63 1936/1936/183 1918/1918/201
f 1937/1937/91 1938/1938/91 1939/1939/91
f 863/863/91 1939/1939/91 1940/1940/91
f 1937/1937/91 1939/1939/91 1941/1941/91
f 863/863/91 1941/1941/91 1939/1939/91
f 1942/1942/91 1943/1943/91 1944/1944/91
f 863/863/91 1945/1945/91 1943/1943/91
f 462/462/91 1943/1943/91 1942/1942/91
f 1946/1946/91 1947/1947/91 1943/1943/91
f 863/863/91 1943/1943/91 1947/1947/91
f 462/462/91 1946/1946/91 1943/1943/91
f 1948/1948/91 1944/1944/91 1949/1949/91
f 1948/1948/91 1942/1942/91 1944/1944/91
f 1950/1950/91 1949/1949/91 1938/1938/91
f 1948/1948/91 1949/1949/91 1950/1950/91
f 1950/1950/91 1938/1938/91 1937/1937/91
f 863/863/91 1940/1940/91 1951/1951/91
f 863/863/91 1951/1951/91 1945/1945/91
f 1952/1952/91 1953/1953/91 1954/1954/91
f 1952/1952/91 1955/1955/91 1953/1953/91
f 1956/1956/91 1953/1953/91 1955/1955/91
f 1957/1957/91 1954/1954/91 1958/1958/91
f 1957/1957/91 1952/1952/91 1954/1954/91
f 1959/1959/91 1958/1958/91 1960/1960/91
f 1959/1959/91 1957/1957/91 1958/1958/91
f 1959/1959/91 1960/1960/91 1961/1961/91
f 1959/1959/91 1961/1961/91 1962/1962/91
f 1963/1963/91 1962/1962/91 1961/1961/91
f 1963/1963/91 1964/1964/91 1962/1962/91
f 1965/1965/10 1966/1966/10 1967/1967/199
f 1968/1968/63 1969/1969/201 1970/1970/10
f 1968/1968/63 1970/1970/10 1971/1971/10
f 1955/1955/91 1972/1972/91 1964/1964/91
f 1973/1973/202 1967/1967/199 1974/1974/180
f 1975/1975/91 1955/1955/91 1964/1964/91
f 1963/1963/91 1975/1975/91 1964/1964/91
f 1973/1973/202 1965/1965/10 1967/1967/199
f 1976/1976/180 1974/1974/180 1977/1977/203
f 1976/1976/180 1973/1973/202 1974/1974/180
f 1978/1978/30 1977/1977/203 1979/1979/13
f 1975/1975/91 1956/1956/91 1955/1955/91
f 1978/1978/30 1976/1976/180 1977/1977/203
f 1980/1980/13 1981/1981/13 1982/1982/200
f 1978/1978/30 1979/1979/13 1983/1983/13
f 1959/1959/91 1984/1984/91 1957/1957/91
f 1985/1985/204 1982/1982/200 1986/1986/183
f 1985/1985/204 1980/1980/13 1982/1982/200
f 1987/1987/183 1986/1986/183 1969/1969/201
f 1987/1987/183 1985/1985/204 1986/1986/183
f 1968/1968/63 1987/1987/183 1969/1969/201
f 462/462/91 1988/1988/91 1941/1941/91
f 1989/1989/91 462/462/91 1941/1941/91
f 1990/1990/91 1989/1989/91 1941/1941/91
f 863/863/91 1990/1990/91 1941/1941/91
f 462/462/91 1942/1942/91 1991/1991/91
f 462/462/91 1991/1991/91 1992/1992/91
f 462/462/91 1992/1992/91 1988/1988/91
f 1669/1669/10 1668/1668/10 1993/1993/10
f 1994/1994/59 1995/1995/59 1996/1996/59
f 1669/1669/10 1993/1993/10 1997/1997/10
f 1998/1998/205 1999/1999/205 2000/2000/59
f 1998/1998/205 2000/2000/59 2001/2001/59
f 2002/2002/59 2003/2003/59 2004/2004/206
f 1994/1994/59 1996/1996/59 2005/2005/59
f 2006/2006/206 2004/2004/206 2007/2007/91
f 2002/2002/59 2004/2004/206 2006/2006/206
f 2008/2008/91 2009/2009/91 2010/2010/91
f 2006/2006/206 2007/2007/91 2011/2011/91
f 2012/2012/91 2013/2013/91 2014/2014/207
f 2015/2015/91 2008/2008/91 2010/2010/91
f 1676/1676/10 2016/2016/10 1675/1675/10
f 2017/2017/207 2014/2014/207 2018/2018/208
f 2012/2012/91 2014/2014/207 2017/2017/207
f 2019/2019/10 2020/2020/10 2016/2016/10
f 2021/2021/208 2022/2022/208 2023/2023/208
f 2024/2024/10 2019/2019/10 2016/2016/10
f 1676/1676/10 2024/2024/10 2016/2016/10
f 2017/2017/207 2018/2018/208 2025/2025/208
f 1669/1669/10 1997/1997/10 2020/2020/10
f 2026/2026/208 2027/2027/208 1999/1999/205
f 2028/2028/10 2020/2020/10 2019/2019/10
f 1669/1669/10 2020/2020/10 2028/2028/10
f 2021/2021/208 2023/2023/208 2029/2029/208
f 2026/2026/208 1999/1999/205 1998/1998/205
f 2030/2030/10 2031/2031/10 2032/2032/10
f 2033/2033/209 2034/2034/209 2035/2035/209
f 2036/2036/10 2032/2032/10 2037/2037/10
f 2038/2038/210 2039/2039/210 2040/2040/209
f 2041/2041/10 2030/2030/10 2032/2032/10
f 2036/2036/10 2041/2041/10 2032/2032/10
f 2038/2038/210 2040/2040/209 2042/2042/209
f 1625/1625/10 1624/1624/10 2031/2031/10
f 2043/2043/209 2044/2044/209 2045/2045/211
f 2030/2030/10 1625/1625/10 2031/2031/10
f 2033/2033/209 2035/2035/209 2046/2046/209
f 2047/2047/211 2045/2045/211 2048/2048/91
f 2043/2043/209 2045/2045/211 2047/2047/211
f 2049/2049/91 2050/2050/91 2051/2051/91
f 2047/2047/211 2048/2048/91 2052/2052/91
f 2053/2053/91 2054/2054/91 2055/2055/212
f 2056/2056/91 2049/2049/91 2051/2051/91
f 2057/2057/212 2055/2055/212 2058/2058/1
f 2053/2053/91 2055/2055/212 2057/2057/212
f 2059/2059/1 2060/2060/1 2061/2061/1
f 2057/2057/212 2058/2058/1 2062/2062/1
f 1633/1633/10 2037/2037/10 1632/1632/10
f 2063/2063/1 2064/2064/1 2039/2039/210
f 2059/2059/1 2061/2061/1 2065/2065/1
f 1633/1633/10 2036/2036/10 2037/2037/10
f 2063/2063/1 2039/2039/210 2038/2038/210
f 2066/2066/10 2067/2067/10 2068/2068/10
f 2069/2069/213 2070/2070/213 2071/2071/213
f 2072/2072/10 2068/2068/10 2073/2073/10
f 2074/2074/214 2075/2075/214 2076/2076/213
f 2072/2072/10 2066/2066/10 2068/2068/10
f 2074/2074/214 2076/2076/213 2077/2077/213
f 2066/2066/10 2078/2078/10 2067/2067/10
f 2079/2079/213 2080/2080/213 2081/2081/215
f 2069/2069/213 2071/2071/213 2082/2082/213
f 1626/1626/10 1625/1625/10 2078/2078/10
f 2083/2083/215 2081/2081/215 2084/2084/216
f 2066/2066/10 1626/1626/10 2078/2078/10
f 2079/2079/213 2081/2081/215 2083/2083/215
f 2085/2085/216 2086/2086/216 2087/2087/216
f 2083/2083/215 2084/2084/216 2088/2088/216
f 2089/2089/216 2090/2090/216 2091/2091/217
f 2092/2092/216 2085/2085/216 2087/2087/216
f 2093/2093/217 2091/2091/217 2094/2094/8
f 2089/2089/216 2091/2091/217 2093/2093/217
f 2072/2072/10 2095/2095/10 2036/2036/10
f 2096/2096/8 2097/2097/8 2098/2098/8
f 2072/2072/10 2036/2036/10 1633/1633/10
f 2093/2093/217 2094/2094/8 2099/2099/8
f 2072/2072/10 2073/2073/10 2095/2095/10
f 2100/2100/8 2101/2101/8 2075/2075/214
f 2096/2096/8 2098/2098/8 2102/2102/8
f 2100/2100/8 2075/2075/214 2074/2074/214
f 2103/2103/218 2104/2104/218 2105/2105/218
f 2106/2106/219 2107/2107/219 2108/2108/218
f 2106/2106/219 2108/2108/218 2109/2109/218
f 2110/2110/10 2111/2111/10 2024/2024/10
f 2112/2112/218 2113/2113/218 2114/2114/220
f 1676/1676/10 2110/2110/10 2024/2024/10
f 2103/2103/218 2105/2105/218 2115/2115/218
f 2110/2110/10 2116/2116/10 2111/2111/10
f 2117/2117/220 2114/2114/220 2118/2118/221
f 2112/2112/218 2114/2114/220 2117/2117/220
f 2119/2119/10 2120/2120/10 2116/2116/10
f 2121/2121/221 2122/2122/221 2123/2123/221
f 2110/2110/10 2119/2119/10 2116/2116/10
f 2117/2117/220 2118/2118/221 2124/2124/221
f 2119/2119/10 2125/2125/10 2120/2120/10
f 2126/2126/221 2127/2127/221 2128/2128/222
f 2129/2129/221 2121/2121/221 2123/2123/221
f 2119/2119/10 2130/2130/10 2125/2125/10
f 2131/2131/222 2128/2128/222 2132/2132/8
f 2126/2126/221 2128/2128/222 2131/2131/222
f 1669/1669/10 2133/2133/10 2130/2130/10
f 2134/2134/8 2135/2135/8 2136/2136/8
f 1669/1669/10 2130/2130/10 2119/2119/10
f 2131/2131/222 2132/2132/8 2137/2137/8
f 1669/1669/10 2028/2028/10 2133/2133/10
f 2138/2138/8 2139/2139/8 2107/2107/219
f 2134/2134/8 2136/2136/8 2140/2140/8
f 2138/2138/8 2107/2107/219 2106/2106/219
f 2141/2141/95 2142/2142/95 2143/2143/95
f 2144/2144/223 2145/2145/10 2146/2146/10
f 905/905/95 2142/2142/95 2141/2141/95
f 905/905/95 2147/2147/95 2142/2142/95
f 2148/2148/95 2149/2149/95 1677/1677/189
f 2141/2141/95 2143/2143/95 2150/2150/95
f 2148/2148/95 1677/1677/189 1671/1671/189
f 2151/2151/224 2145/2145/10 2144/2144/223
f 2152/2152/225 2153/2153/226 2154/2154/227
f 2155/2155/224 2156/2156/10 2157/2157/10
f 2158/2158/228 2159/2159/229 2160/2160/230
f 1617/1617/185 1614/1614/185 2161/2161/82
f 2162/2162/82 2163/2163/82 2164/2164/82
f 1617/1617/185 2161/2161/82 2165/2165/82
f 2162/2162/82 2164/2164/82 2166/2166/82
f 2167/2167/82 2166/2166/82 2164/2164/82
f 2155/2155/224 2168/2168/223 2156/2156/10
f 1690/1690/13 2169/2169/13 1689/1689/13
f 2170/2170/13 2171/2171/13 2169/2169/13
f 1690/1690/13 2170/2170/13 2169/2169/13
f 2172/2172/13 2173/2173/13 2171/2171/13
f 2174/2174/13 2172/2172/13 2171/2171/13
f 2170/2170/13 2174/2174/13 2171/2171/13
f 1682/1682/13 1681/1681/13 2173/2173/13
f 2172/2172/13 1682/1682/13 2173/2173/13
f 1620/1620/13 2175/2175/13 1618/1618/13
f 2176/2176/13 2177/2177/13 2175/2175/13
f 2176/2176/13 2175/2175/13 2178/2178/13
f 1620/1620/13 2178/2178/13 2175/2175/13
f 1612/1612/13 2179/2179/13 2177/2177/13
f 2176/2176/13 2180/2180/13 2177/2177/13
f 1612/1612/13 2177/2177/13 2180/2180/13
f 1612/1612/13 2181/2181/13 2179/2179/13
f 1612/1612/13 1611/1611/13 2181/2181/13
f 2182/2182/13 2183/2183/13 2178/2178/13
f 1620/1620/13 2182/2182/13 2178/2178/13
f 2182/2182/13 2184/2184/13 2183/2183/13
f 2185/2185/13 2186/2186/13 2184/2184/13
f 2182/2182/13 2185/2185/13 2184/2184/13
f 2185/2185/13 2187/2187/13 2186/2186/13
f 2185/2185/13 2188/2188/13 2187/2187/13
f 1612/1612/13 2189/2189/13 2188/2188/13
f 2185/2185/13 1612/1612/13 2188/2188/13
f 1612/1612/13 2180/2180/13 2189/2189/13
f 2190/2190/13 2191/2191/13 2192/2192/13
f 2190/2190/13 2192/2192/13 2193/2193/13
f 1683/1683/13 1682/1682/13 2191/2191/13
f 2190/2190/13 1683/1683/13 2191/2191/13
f 2194/2194/13 2195/2195/13 2170/2170/13
f 2194/2194/13 2170/2170/13 1690/1690/13
f 2194/2194/13 2196/2196/13 2195/2195/13
f 2194/2194/13 2193/2193/13 2196/2196/13
f 2194/2194/13 2190/2190/13 2193/2193/13
f 2197/2197/231 2198/2198/13 2199/2199/13
f 2200/2200/232 2201/2201/233 2202/2202/234
f 2197/2197/231 901/901/83 2198/2198/13
f 419/419/83 2203/2203/13 2204/2204/13
f 2205/2205/231 2203/2203/13 419/419/83
f 2206/2206/235 2207/2207/236 2208/2208/237
f 2167/2167/82 416/416/82 2166/2166/82
f 2209/2209/82 464/464/82 416/416/82
f 2167/2167/82 2209/2209/82 416/416/82
f 2210/2210/238 2205/2205/231 419/419/83
f 412/412/81 2210/2210/238 419/419/83
f 431/431/78 430/430/86 2168/2168/223
f 2155/2155/224 431/431/78 2168/2168/223
f 905/905/95 904/904/95 2147/2147/95
f 2211/2211/239 2144/2144/223 2212/2212/240
f 2211/2211/239 2151/2151/224 2144/2144/223
f 841/841/63 2213/2213/241 847/847/97
f 1039/1039/125 2213/2213/241 841/841/63
f 1033/1033/122 2212/2212/240 1040/1040/126
f 1033/1033/122 2211/2211/239 2212/2212/240
f 2197/2197/231 1025/1025/105 901/901/83
f 2214/2214/224 2215/2215/10 2216/2216/10
f 2217/2217/242 2218/2218/243 2219/2219/244
f 1756/1756/10 2220/2220/245 1759/1759/10
f 1754/1754/193 1751/1751/193 2221/2221/65
f 2222/2222/65 2223/2223/65 2224/2224/65
f 1754/1754/193 2221/2221/65 2225/2225/66
f 2222/2222/65 2224/2224/65 2226/2226/65
f 2227/2227/65 2226/2226/65 2224/2224/65
f 2214/2214/224 2228/2228/246 2215/2215/10
f 2229/2229/10 2230/2230/10 1814/1814/10
f 2231/2231/246 2232/2232/10 2233/2233/10
f 1818/1818/10 2229/2229/10 1814/1814/10
f 2234/2234/224 2232/2232/10 2231/2231/246
f 2235/2235/247 2236/2236/248 2237/2237/249
f 2238/2238/98 2239/2239/98 2240/2240/98
f 2241/2241/98 2239/2239/98 2238/2238/98
f 2242/2242/98 2239/2239/98 2241/2241/98
f 2243/2243/98 2244/2244/99 1819/1819/196
f 2238/2238/98 2240/2240/98 2245/2245/98
f 2243/2243/98 1819/1819/196 1803/1803/196
f 2246/2246/13 2247/2247/13 1746/1746/13
f 2248/2248/250 2249/2249/13 2250/2250/13
f 1755/1755/13 2246/2246/13 1746/1746/13
f 2251/2251/231 2249/2249/13 2248/2248/250
f 2252/2252/235 2253/2253/236 2254/2254/237
f 2227/2227/65 2255/2255/65 2226/2226/65
f 2256/2256/251 2257/2257/13 2258/2258/13
f 2259/2259/252 2260/2260/253 2261/2261/254
f 1800/1800/13 2262/2262/13 1806/1806/13
f 2256/2256/251 2263/2263/250 2257/2257/13
f 2264/2264/65 2265/2265/65 2255/2255/65
f 2251/2251/231 2248/2248/250 2266/2266/255
f 2227/2227/65 2264/2264/65 2255/2255/65
f 2267/2267/65 2268/2268/65 2265/2265/65
f 2269/2269/256 2266/2266/255 2270/2270/257
f 2264/2264/65 2267/2267/65 2265/2265/65
f 2269/2269/256 2251/2251/231 2266/2266/255
f 2271/2271/65 2272/2272/65 2268/2268/65
f 367/367/64 2270/2270/257 2273/2273/104
f 2267/2267/65 2271/2271/65 2268/2268/65
f 367/367/64 2269/2269/256 2270/2270/257
f 2274/2274/65 2275/2275/65 2272/2272/65
f 367/367/64 2273/2273/104 2276/2276/103
f 2271/2271/65 2274/2274/65 2272/2272/65
f 411/411/66 374/374/65 2275/2275/65
f 367/367/64 2276/2276/103 377/377/67
f 2274/2274/65 411/411/66 2275/2275/65
f 407/407/78 406/406/77 2277/2277/258
f 407/407/78 2277/2277/258 2278/2278/259
f 2214/2214/224 2278/2278/259 2228/2228/246
f 2214/2214/224 407/407/78 2278/2278/259
f 2279/2279/98 2280/2280/98 885/885/99
f 874/874/98 2279/2279/98 885/885/99
f 2281/2281/98 2282/2282/98 2280/2280/98
f 2279/2279/98 2281/2281/98 2280/2280/98
f 2283/2283/98 2284/2284/98 2282/2282/98
f 1001/1001/105 1000/1000/104 2285/2285/257
f 2281/2281/98 2283/2283/98 2282/2282/98
f 2286/2286/98 2287/2287/98 2284/2284/98
f 1001/1001/105 2285/2285/257 2288/2288/255
f 2283/2283/98 2286/2286/98 2284/2284/98
f 2242/2242/98 2241/2241/98 2287/2287/98
f 2256/2256/251 2288/2288/255 2263/2263/250
f 2286/2286/98 2242/2242/98 2287/2287/98
f 2256/2256/251 1001/1001/105 2288/2288/255
f 2234/2234/224 2231/2231/246 2289/2289/259
f 2290/2290/239 2289/2289/259 2291/2291/258
f 2290/2290/239 2234/2234/224 2289/2289/259
f 892/892/100 2291/2291/258 2292/2292/77
f 892/892/100 2290/2290/239 2291/2291/258
f 892/892/100 2292/2292/77 2293/2293/76
f 892/892/100 2293/2293/76 895/895/75
f 1403/1403/1 1328/1328/1 1339/1339/1
f 1399/1399/59 1381/1381/59 1373/1373/59
f 1402/1402/59 1381/1381/59 1399/1399/59
f 2294/2294/19 2295/2295/19 2296/2296/19
f 2297/2297/8 2298/2298/8 2299/2299/8
f 2300/2300/19 2294/2294/19 2296/2296/19
f 1410/1410/1 2301/2301/1 2302/2302/1
f 1425/1425/1 1410/1410/1 2302/2302/1
f 1422/1422/1 1425/1425/1 2302/2302/1
f 2297/2297/8 2303/2303/8 2298/2298/8
f 1525/1525/59 1503/1503/59 2304/2304/260
f 1527/1527/59 1510/1510/59 1503/1503/59
f 1525/1525/59 1527/1527/59 1503/1503/59
f 1413/1413/158 2305/2305/19 2306/2306/19
f 1409/1409/158 2305/2305/19 1413/1413/158
f 1410/1410/1 1412/1412/1 2301/2301/1
f 2307/2307/59 2308/2308/59 1536/1536/59
f 1535/1535/59 2307/2307/59 1536/1536/59
f 1371/1371/59 2308/2308/59 2307/2307/59
f 1372/1372/59 2308/2308/59 1371/1371/59
f 1458/1458/170 2309/2309/16 1457/1457/169
f 2310/2310/1 2311/2311/1 2312/2312/1
f 2313/2313/261 2314/2314/261 2315/2315/261
f 1543/1543/16 1542/1542/16 2309/2309/16
f 2316/2316/262 2317/2317/262 2318/2318/262
f 1543/1543/16 2309/2309/16 2319/2319/16
f 1458/1458/170 2319/2319/16 2309/2309/16
f 2320/2320/1 2310/2310/1 2312/2312/1
f 2321/2321/262 2317/2317/262 2316/2316/262
f 2322/2322/59 2323/2323/59 2324/2324/59
f 2325/2325/261 2314/2314/261 2313/2313/261
f 2322/2322/59 2324/2324/59 2326/2326/59
f 1458/1458/170 1545/1545/16 2319/2319/16
f 2327/2327/1 2328/2328/1 2329/2329/1
f 2330/2330/261 2331/2331/261 2332/2332/261
f 2327/2327/1 2333/2333/1 2328/2328/1
f 2334/2334/262 2335/2335/262 2336/2336/262
f 1458/1458/170 1546/1546/16 1545/1545/16
f 2337/2337/262 2335/2335/262 2334/2334/262
f 2338/2338/59 2339/2339/59 2340/2340/59
f 2341/2341/59 2339/2339/59 2338/2338/59
f 2342/2342/261 2331/2331/261 2330/2330/261
f 1460/1460/165 2343/2343/16 2344/2344/16
f 2345/2345/261 2346/2346/261 2347/2347/261
f 1461/1461/165 1460/1460/165 2344/2344/16
f 2348/2348/1 2349/2349/1 2350/2350/1
f 2348/2348/1 2350/2350/1 2351/2351/1
f 2352/2352/263 2353/2353/263 2354/2354/263
f 2355/2355/261 2345/2345/261 2347/2347/261
f 2356/2356/261 2357/2357/261 2358/2358/261
f 2359/2359/261 2357/2357/261 2356/2356/261
f 2352/2352/263 2354/2354/263 2360/2360/263
f 2361/2361/16 2362/2362/16 1459/1459/165
f 2363/2363/264 2364/2364/264 2365/2365/264
f 2366/2366/16 2361/2361/16 1459/1459/165
f 2367/2367/265 2366/2366/16 1459/1459/165
f 2368/2368/266 2367/2367/265 1459/1459/165
f 2369/2369/16 2368/2368/266 1459/1459/165
f 2370/2370/16 2369/2369/16 1459/1459/165
f 2371/2371/16 2370/2370/16 1459/1459/165
f 2372/2372/16 2371/2371/16 1459/1459/165
f 1462/1462/170 2372/2372/16 1459/1459/165
f 2373/2373/267 2374/2374/267 2375/2375/267
f 2376/2376/267 2374/2374/267 2373/2373/267
f 2363/2363/264 2365/2365/264 2377/2377/268
f 2378/2378/269 2379/2379/269 2380/2380/269
f 2381/2381/269 2379/2379/269 2378/2378/269
f 2382/2382/270 2383/2383/270 2384/2384/270
f 2385/2385/270 2383/2383/270 2382/2382/270
f 2386/2386/1 2387/2387/1 2388/2388/1
f 2389/2389/1 2387/2387/1 2386/2386/1
f 2369/2369/16 2390/2390/133 2368/2368/266
f 2391/2391/271 2392/2392/271 2393/2393/271
f 2394/2394/271 2392/2392/271 2391/2391/271
f 2395/2395/16 2396/2396/166 2390/2390/133
f 2397/2397/272 2398/2398/272 2399/2399/273
f 2400/2400/16 2395/2395/16 2390/2390/133
f 2401/2401/274 2400/2400/16 2390/2390/133
f 2369/2369/16 2401/2401/274 2390/2390/133
f 2402/2402/272 2398/2398/272 2397/2397/272
f 2403/2403/16 1548/1548/16 2396/2396/166
f 2404/2404/275 2405/2405/275 2406/2406/275
f 2407/2407/16 2403/2403/16 2396/2396/166
f 2395/2395/16 2407/2407/16 2396/2396/166
f 2408/2408/275 2405/2405/275 2404/2404/275
f 2409/2409/276 2410/2410/276 2411/2411/276
f 2412/2412/165 2413/2413/16 1548/1548/16
f 1549/1549/16 1548/1548/16 2413/2413/16
f 2414/2414/16 2412/2412/165 1548/1548/16
f 2415/2415/16 2414/2414/16 1548/1548/16
f 2403/2403/16 2415/2415/16 1548/1548/16
f 2416/2416/276 2410/2410/276 2409/2409/276
f 2417/2417/262 2418/2418/262 2419/2419/262
f 2420/2420/59 2421/2421/59 2422/2422/59
f 2417/2417/262 2419/2419/262 2423/2423/262
f 2424/2424/261 2425/2425/261 2426/2426/261
f 2427/2427/261 2425/2425/261 2424/2424/261
f 2420/2420/59 2422/2422/59 2428/2428/59
f 2429/2429/16 2430/2430/16 2431/2431/16
f 2432/2432/262 2433/2433/262 2434/2434/262
f 2435/2435/16 2429/2429/16 2431/2431/16
f 2436/2436/16 2435/2435/16 2431/2431/16
f 2437/2437/277 2438/2438/277 2439/2439/277
f 2440/2440/1 2441/2441/1 2442/2442/1
f 2443/2443/262 2432/2432/262 2434/2434/262
f 2444/2444/261 2445/2445/261 2446/2446/261
f 2440/2440/1 2442/2442/1 2447/2447/1
f 2436/2436/16 2448/2448/16 2435/2435/16
f 2449/2449/278 2450/2450/278 2451/2451/278
f 2452/2452/278 2450/2450/278 2449/2449/278
f 2444/2444/261 2446/2446/261 2453/2453/261
f 2454/2454/16 2455/2455/133 2448/2448/16
f 2456/2456/279 2457/2457/279 2458/2458/279
f 2436/2436/16 2454/2454/16 2448/2448/16
f 2459/2459/279 2457/2457/279 2456/2456/279
f 2460/2460/280 2461/2461/281 2455/2455/133
f 2462/2462/282 2463/2463/282 2464/2464/282
f 2454/2454/16 2460/2460/280 2455/2455/133
f 2465/2465/282 2463/2463/282 2462/2462/282
f 2466/2466/59 2467/2467/59 2468/2468/59
f 2469/2469/59 2467/2467/59 2466/2466/59
f 2470/2470/283 2471/2471/283 2472/2472/283
f 2473/2473/283 2471/2471/283 2470/2470/283
f 2474/2474/284 2475/2475/284 2476/2476/284
f 2477/2477/284 2475/2475/284 2474/2474/284
f 2478/2478/277 2438/2438/277 2437/2437/277
f 2479/2479/261 2480/2480/261 2481/2481/261
f 2482/2482/285 2483/2483/285 2484/2484/285
f 2485/2485/286 2486/2486/286 2487/2487/286
f 2488/2488/261 2479/2479/261 2481/2481/261
f 2489/2489/286 2486/2486/286 2485/2485/286
f 2490/2490/267 2491/2491/267 2492/2492/267
f 2493/2493/267 2491/2491/267 2490/2490/267
f 2494/2494/287 2495/2495/287 2496/2496/287
f 2497/2497/287 2495/2495/287 2494/2494/287
f 1468/1468/167 2498/2498/16 1467/1467/171
f 2499/2499/288 2500/2500/288 2501/2501/288
f 2502/2502/288 2500/2500/288 2499/2499/288
f 1468/1468/167 2503/2503/133 2498/2498/16
f 2504/2504/289 2505/2505/289 2506/2506/289
f 2507/2507/289 2505/2505/289 2504/2504/289
f 1468/1468/167 2508/2508/16 2503/2503/133
f 2509/2509/1 2510/2510/1 2511/2511/1
f 2512/2512/1 2510/2510/1 2509/2509/1
f 1468/1468/167 2513/2513/290 2508/2508/16
f 2514/2514/291 2515/2515/291 2516/2516/291
f 2517/2517/291 2515/2515/291 2514/2514/291
f 1468/1468/167 2518/2518/16 2513/2513/290
f 2519/2519/271 2520/2520/271 2521/2521/271
f 2522/2522/271 2520/2520/271 2519/2519/271
f 1549/1549/16 2523/2523/16 2518/2518/16
f 2524/2524/292 2525/2525/292 2526/2526/292
f 1468/1468/167 1549/1549/16 2518/2518/16
f 2527/2527/292 2525/2525/292 2524/2524/292
f 1549/1549/16 2528/2528/16 2523/2523/16
f 2529/2529/293 2530/2530/293 2531/2531/293
f 2532/2532/293 2530/2530/293 2529/2529/293
f 1549/1549/16 2413/2413/16 2528/2528/16
f 2533/2533/294 2534/2534/294 2535/2535/294
f 2536/2536/294 2534/2534/294 2533/2533/294
f 2537/2537/295 2538/2538/295 2539/2539/295
f 2540/2540/296 2538/2538/295 2537/2537/295
f 2541/2541/262 2542/2542/262 2543/2543/262
f 2544/2544/297 2545/2545/297 2546/2546/297
f 2547/2547/297 2545/2545/297 2544/2544/297
f 2541/2541/262 2543/2543/262 2548/2548/262
f 2549/2549/298 2550/2550/298 2551/2551/298
f 2552/2552/298 2550/2550/298 2549/2549/298
f 2553/2553/284 2554/2554/284 2555/2555/284
f 2556/2556/284 2554/2554/284 2553/2553/284
f 2557/2557/299 2558/2558/299 2559/2559/299
f 2560/2560/299 2558/2558/299 2557/2557/299
f 2561/2561/283 2562/2562/283 2563/2563/283
f 2564/2564/283 2562/2562/283 2561/2561/283
f 2565/2565/300 2566/2566/300 2567/2567/300
f 2568/2568/300 2566/2566/300 2565/2565/300
f 2569/2569/59 2570/2570/59 2571/2571/59
f 2572/2572/59 2570/2570/59 2569/2569/59
f 2573/2573/301 2574/2574/301 2575/2575/301
f 2576/2576/301 2574/2574/301 2573/2573/301
f 2577/2577/302 2578/2578/302 2579/2579/302
f 2580/2580/302 2578/2578/302 2577/2577/302
f 2581/2581/279 2582/2582/279 2583/2583/279
f 2584/2584/279 2582/2582/279 2581/2581/279
f 2585/2585/303 2586/2586/303 2587/2587/303
f 2588/2588/303 2586/2586/303 2585/2585/303
f 2589/2589/285 2483/2483/285 2482/2482/285
f 2590/2590/16 2591/2591/16 2592/2592/16
f 2593/2593/295 2594/2594/295 2595/2595/295
f 2596/2596/16 2590/2590/16 2592/2592/16
f 2597/2597/16 2596/2596/16 2592/2592/16
f 2598/2598/262 2599/2599/262 2600/2600/262
f 2593/2593/295 2601/2601/295 2594/2594/295
f 2602/2602/133 2603/2603/167 2591/2591/16
f 2604/2604/293 2605/2605/293 2606/2606/293
f 2590/2590/16 2602/2602/133 2591/2591/16
f 2607/2607/293 2605/2605/293 2604/2604/293
f 2608/2608/133 2609/2609/167 2603/2603/167
f 2610/2610/292 2611/2611/292 2612/2612/292
f 2602/2602/133 2608/2608/133 2603/2603/167
f 2613/2613/292 2611/2611/292 2610/2610/292
f 2614/2614/16 2615/2615/274 2609/2609/167
f 2616/2616/291 2617/2617/291 2618/2618/291
f 2608/2608/133 2614/2614/16 2609/2609/167
f 2619/2619/291 2617/2617/291 2616/2616/291
f 2620/2620/1 2621/2621/1 2622/2622/1
f 2623/2623/1 2621/2621/1 2620/2620/1
f 2624/2624/304 2625/2625/304 2626/2626/304
f 2627/2627/304 2625/2625/304 2624/2624/304
f 2628/2628/288 2629/2629/288 2630/2630/288
f 2631/2631/288 2629/2629/288 2628/2628/288
f 2632/2632/287 2633/2633/287 2634/2634/287
f 2635/2635/287 2633/2633/287 2632/2632/287
f 2636/2636/286 2637/2637/286 2638/2638/286
f 2639/2639/286 2637/2637/286 2636/2636/286
f 2597/2597/16 2640/2640/16 2596/2596/16
f 2641/2641/261 2642/2642/261 2643/2643/261
f 2644/2644/261 2642/2642/261 2641/2641/261
f 2645/2645/16 2646/2646/16 2640/2640/16
f 2647/2647/285 2648/2648/285 2649/2649/285
f 2597/2597/16 2645/2645/16 2640/2640/16
f 2650/2650/285 2648/2648/285 2647/2647/285
f 2651/2651/167 2652/2652/133 2646/2646/16
f 2653/2653/279 2654/2654/279 2655/2655/279
f 2645/2645/16 2651/2651/167 2646/2646/16
f 2656/2656/279 2654/2654/279 2653/2653/279
f 2657/2657/167 2658/2658/16 2652/2652/133
f 2659/2659/302 2660/2660/302 2661/2661/302
f 2651/2651/167 2657/2657/167 2652/2652/133
f 2662/2662/302 2660/2660/302 2659/2659/302
f 2663/2663/167 2664/2664/274 2658/2658/16
f 2665/2665/305 2666/2666/305 2667/2667/305
f 2657/2657/167 2663/2663/167 2658/2658/16
f 2668/2668/305 2666/2666/305 2665/2665/305
f 2669/2669/59 2670/2670/59 2671/2671/59
f 2672/2672/59 2670/2670/59 2669/2669/59
f 2673/2673/300 2674/2674/300 2675/2675/300
f 2676/2676/300 2674/2674/300 2673/2673/300
f 2677/2677/299 2678/2678/299 2679/2679/299
f 2680/2680/299 2678/2678/299 2677/2677/299
f 2681/2681/284 2682/2682/284 2683/2683/284
f 2684/2684/284 2682/2682/284 2681/2681/284
f 2685/2685/297 2686/2686/297 2687/2687/297
f 2688/2688/306 2686/2686/297 2685/2685/297
f 2689/2689/262 2599/2599/262 2598/2598/262
f 1469/1469/165 2690/2690/16 1470/1470/169
f 2691/2691/1 2692/2692/1 2693/2693/1
f 2694/2694/261 2695/2695/261 2696/2696/261
f 1469/1469/165 2697/2697/16 2690/2690/16
f 2698/2698/287 2699/2699/287 2700/2700/287
f 2701/2701/1 2691/2691/1 2693/2693/1
f 2702/2702/287 2699/2699/287 2698/2698/287
f 1469/1469/165 2703/2703/16 2697/2697/16
f 2704/2704/307 2705/2705/307 2706/2706/307
f 2707/2707/307 2705/2705/307 2704/2704/307
f 1469/1469/165 2708/2708/16 2703/2703/16
f 2709/2709/286 2710/2710/286 2711/2711/286
f 2712/2712/286 2710/2710/286 2709/2709/286
f 1469/1469/165 2713/2713/16 2708/2708/16
f 2714/2714/285 2715/2715/285 2716/2716/285
f 2717/2717/285 2715/2715/285 2714/2714/285
f 1469/1469/165 2718/2718/167 2713/2713/16
f 2719/2719/303 2720/2720/308 2721/2721/308
f 2722/2722/303 2720/2720/308 2719/2719/303
f 1469/1469/165 2723/2723/16 2718/2718/167
f 2724/2724/279 2725/2725/279 2726/2726/279
f 2727/2727/279 2725/2725/279 2724/2724/279
f 1469/1469/165 2728/2728/16 2723/2723/16
f 2729/2729/309 2730/2730/309 2731/2731/309
f 2732/2732/309 2730/2730/309 2729/2729/309
f 2733/2733/59 2734/2734/59 2735/2735/59
f 2736/2736/261 2737/2737/261 2738/2738/261
f 2739/2739/261 2737/2737/261 2736/2736/261
f 2733/2733/59 2735/2735/59 2740/2740/59
f 2741/2741/16 2742/2742/16 1471/1471/169
f 2743/2743/1 2744/2744/1 2745/2745/1
f 1472/1472/170 2741/2741/16 1471/1471/169
f 2746/2746/16 2747/2747/16 2742/2742/16
f 2748/2748/310 2749/2749/310 2750/2750/310
f 2751/2751/16 2746/2746/16 2742/2742/16
f 2741/2741/16 2751/2751/16 2742/2742/16
f 2752/2752/310 2749/2749/310 2748/2748/310
f 2743/2743/1 2745/2745/1 2753/2753/1
f 2746/2746/16 2754/2754/16 2747/2747/16
f 2755/2755/271 2756/2756/271 2757/2757/271
f 2758/2758/271 2756/2756/271 2755/2755/271
f 1552/1552/16 2759/2759/16 2754/2754/16
f 2760/2760/293 2761/2761/293 2762/2762/293
f 2746/2746/16 1552/1552/16 2754/2754/16
f 2763/2763/293 2761/2761/293 2760/2760/293
f 1552/1552/16 2764/2764/16 2759/2759/16
f 2765/2765/311 2766/2766/311 2767/2767/311
f 2768/2768/311 2766/2766/311 2765/2765/311
f 1552/1552/16 1551/1551/16 2764/2764/16
f 2769/2769/312 2770/2770/313 2771/2771/313
f 2772/2772/312 2770/2770/313 2769/2769/312
f 2773/2773/262 2774/2774/262 2775/2775/262
f 2776/2776/262 2774/2774/262 2773/2773/262
f 2777/2777/297 2778/2778/297 2779/2779/297
f 2780/2780/297 2778/2778/297 2777/2777/297
f 1554/1554/16 2781/2781/16 1553/1553/16
f 2782/2782/314 2783/2783/315 2784/2784/315
f 2785/2785/314 2783/2783/315 2782/2782/314
f 1554/1554/16 2786/2786/133 2781/2781/16
f 2787/2787/284 2788/2788/284 2789/2789/284
f 2790/2790/284 2788/2788/284 2787/2787/284
f 2791/2791/1 2792/2792/1 2793/2793/1
f 2794/2794/1 2792/2792/1 2791/2791/1
f 2795/2795/262 2796/2796/262 2797/2797/262
f 2798/2798/262 2796/2796/262 2795/2795/262
f 2799/2799/59 2800/2800/59 2801/2801/59
f 2802/2802/261 2695/2695/261 2694/2694/261
f 2799/2799/59 2801/2801/59 2803/2803/59
f 2804/2804/274 2805/2805/167 1474/1474/172
f 2806/2806/262 2807/2807/262 2808/2808/262
f 2809/2809/280 2804/2804/274 1474/1474/172
f 2810/2810/16 2809/2809/280 1474/1474/172
f 2811/2811/316 2812/2812/316 2813/2813/316
f 2814/2814/133 2810/2810/16 1474/1474/172
f 1475/1475/16 2814/2814/133 1474/1474/172
f 2806/2806/262 2815/2815/262 2807/2807/262
f 2816/2816/16 2817/2817/16 2805/2805/167
f 2818/2818/283 2819/2819/283 2820/2820/283
f 2804/2804/274 2816/2816/16 2805/2805/167
f 2821/2821/283 2819/2819/283 2818/2818/283
f 2822/2822/16 2823/2823/16 2817/2817/16
f 2824/2824/314 2825/2825/315 2826/2826/315
f 2816/2816/16 2822/2822/16 2817/2817/16
f 2827/2827/314 2825/2825/315 2824/2824/314
f 2828/2828/16 2829/2829/16 2823/2823/16
f 2830/2830/297 2831/2831/297 2832/2832/297
f 2822/2822/16 2828/2828/16 2823/2823/16
f 2833/2833/297 2831/2831/297 2830/2830/297
f 2834/2834/16 2835/2835/16 2829/2829/16
f 2836/2836/262 2837/2837/262 2838/2838/262
f 2828/2828/16 2834/2834/16 2829/2829/16
f 2839/2839/16 2840/2840/16 2835/2835/16
f 2841/2841/295 2842/2842/295 2843/2843/295
f 2834/2834/16 2839/2839/16 2835/2835/16
f 2844/2844/295 2842/2842/295 2841/2841/295
f 2836/2836/262 2838/2838/262 2845/2845/262
f 2846/2846/133 2847/2847/167 2840/2840/16
f 2848/2848/311 2849/2849/317 2850/2850/317
f 2839/2839/16 2846/2846/133 2840/2840/16
f 2851/2851/311 2849/2849/317 2848/2848/311
f 2852/2852/16 2853/2853/167 2847/2847/167
f 2854/2854/292 2855/2855/292 2856/2856/292
f 2846/2846/133 2852/2852/16 2847/2847/167
f 2857/2857/292 2855/2855/292 2854/2854/292
f 2858/2858/16 2859/2859/167 2853/2853/167
f 2860/2860/291 2861/2861/291 2862/2862/291
f 2852/2852/16 2858/2858/16 2853/2853/167
f 2863/2863/291 2861/2861/291 2860/2860/291
f 2864/2864/1 2865/2865/1 2866/2866/1
f 2867/2867/304 2868/2868/304 2869/2869/304
f 2870/2870/304 2868/2868/304 2867/2867/304
f 2864/2864/1 2866/2866/1 2871/2871/1
f 2872/2872/288 2873/2873/288 2874/2874/288
f 2875/2875/288 2873/2873/288 2872/2872/288
f 2876/2876/307 2877/2877/307 2878/2878/307
f 2879/2879/307 2877/2877/307 2876/2876/307
f 2880/2880/286 2881/2881/286 2882/2882/286
f 2883/2883/286 2881/2881/286 2880/2880/286
f 2884/2884/261 2885/2885/261 2886/2886/261
f 2887/2887/285 2888/2888/285 2889/2889/285
f 2890/2890/285 2888/2888/285 2887/2887/285
f 2884/2884/261 2886/2886/261 2891/2891/261
f 2892/2892/318 2893/2893/318 2894/2894/318
f 2895/2895/318 2893/2893/318 2892/2892/318
f 2896/2896/282 2897/2897/282 2898/2898/282
f 2899/2899/282 2897/2897/282 2896/2896/282
f 2900/2900/261 2901/2901/261 2902/2902/261
f 2903/2903/261 2901/2901/261 2900/2900/261
f 2904/2904/166 2905/2905/319 2809/2809/280
f 2906/2906/310 2907/2907/310 2908/2908/310
f 2810/2810/16 2904/2904/166 2809/2809/280
f 2909/2909/310 2907/2907/310 2906/2906/310
f 2910/2910/16 2911/2911/166 2905/2905/319
f 2912/2912/293 2913/2913/293 2914/2914/293
f 2904/2904/166 2910/2910/16 2905/2905/319
f 2915/2915/293 2913/2913/293 2912/2912/293
f 2916/2916/16 2917/2917/16 2911/2911/166
f 2918/2918/294 2919/2919/294 2920/2920/294
f 2921/2921/16 2916/2916/16 2911/2911/166
f 2910/2910/16 2921/2921/16 2911/2911/166
f 2922/2922/294 2919/2919/294 2918/2918/294
f 1557/1557/165 1556/1556/16 2917/2917/16
f 2923/2923/276 2924/2924/276 2925/2925/276
f 2916/2916/16 2926/2926/16 2917/2917/16
f 1557/1557/165 2917/2917/16 2926/2926/16
f 2927/2927/276 2924/2924/276 2923/2923/276
f 2928/2928/262 2929/2929/262 2930/2930/262
f 2931/2931/320 2932/2932/320 2933/2933/320
f 2934/2934/320 2932/2932/320 2931/2931/320
f 2928/2928/262 2930/2930/262 2935/2935/262
f 2936/2936/298 2937/2937/298 2938/2938/298
f 2939/2939/298 2937/2937/298 2936/2936/298
f 2940/2940/284 2941/2941/284 2942/2942/284
f 2943/2943/284 2941/2941/284 2940/2940/284
f 2944/2944/321 2945/2945/321 2946/2946/321
f 2947/2947/321 2945/2945/321 2944/2944/321
f 2948/2948/322 2949/2949/322 2950/2950/322
f 2951/2951/322 2949/2949/322 2948/2948/322
f 2952/2952/59 2953/2953/59 2954/2954/59
f 2955/2955/309 2956/2956/309 2957/2957/309
f 2958/2958/309 2956/2956/309 2955/2955/309
f 2952/2952/59 2954/2954/59 2959/2959/59
f 2960/2960/323 2961/2961/324 2962/2962/324
f 2963/2963/323 2961/2961/324 2960/2960/323
f 2964/2964/279 2965/2965/279 2966/2966/279
f 2967/2967/279 2965/2965/279 2964/2964/279
f 2968/2968/303 2969/2969/303 2970/2970/303
f 2971/2971/303 2969/2969/303 2968/2968/303
f 2972/2972/325 2973/2973/325 2974/2974/325
f 2975/2975/325 2973/2973/325 2972/2972/325
f 2976/2976/261 2977/2977/261 2978/2978/261
f 2979/2979/326 2980/2980/326 2981/2981/326
f 2982/2982/326 2980/2980/326 2979/2979/326
f 2976/2976/261 2978/2978/261 2983/2983/261
f 2984/2984/267 2985/2985/267 2986/2986/267
f 2987/2987/267 2985/2985/267 2984/2984/267
f 2988/2988/287 2989/2989/287 2990/2990/287
f 2991/2991/287 2989/2989/287 2988/2988/287
f 2992/2992/316 2812/2812/316 2811/2811/316
f 2926/2926/16 2993/2993/16 1482/1482/170
f 2994/2994/327 2995/2995/328 2996/2996/328
f 1483/1483/165 2926/2926/16 1482/1482/170
f 2997/2997/261 2998/2998/261 2999/2999/261
f 2994/2994/327 3000/3000/327 2995/2995/328
f 2926/2926/16 3001/3001/16 2993/2993/16
f 3002/3002/291 3003/3003/291 3004/3004/291
f 3005/3005/291 3003/3003/291 3002/3002/291
f 3006/3006/1 3007/3007/1 3008/3008/1
f 3009/3009/262 3010/3010/262 3011/3011/262
f 1483/1483/165 1557/1557/165 2926/2926/16
f 3012/3012/262 3010/3010/262 3009/3009/262
f 3006/3006/1 3008/3008/1 3013/3013/1
f 2921/2921/16 3014/3014/16 2916/2916/16
f 3015/3015/59 3016/3016/59 3017/3017/59
f 2921/2921/16 3018/3018/16 3014/3014/16
f 3019/3019/299 3020/3020/299 3021/3021/299
f 3022/3022/299 3020/3020/299 3019/3019/299
f 3015/3015/59 3017/3017/59 3023/3023/59
f 2921/2921/16 3024/3024/16 3018/3018/16
f 3025/3025/314 3026/3026/315 3027/3027/315
f 3028/3028/314 3026/3026/315 3025/3025/314
f 2921/2921/16 3029/3029/16 3024/3024/16
f 3030/3030/297 3031/3031/297 3032/3032/297
f 3033/3033/306 3031/3031/297 3030/3030/297
f 2921/2921/16 3034/3034/16 3029/3029/16
f 3035/3035/262 3036/3036/262 3037/3037/262
f 3038/3038/262 3036/3036/262 3035/3035/262
f 2921/2921/16 3039/3039/16 3034/3034/16
f 3040/3040/294 3041/3041/294 3042/3042/294
f 3043/3043/294 3041/3041/294 3040/3040/294
f 2921/2921/16 3044/3044/16 3039/3039/16
f 3045/3045/292 3046/3046/292 3047/3047/292
f 3048/3048/292 3046/3046/292 3045/3045/292
f 2921/2921/16 3049/3049/274 3044/3044/16
f 3050/3050/271 3051/3051/271 3052/3052/271
f 3053/3053/271 3051/3051/271 3050/3050/271
f 3054/3054/1 3055/3055/1 3056/3056/1
f 3057/3057/262 3058/3058/262 3059/3059/262
f 3060/3060/262 3058/3058/262 3057/3057/262
f 3054/3054/1 3056/3056/1 3061/3061/1
f 3062/3062/59 3063/3063/59 3064/3064/59
f 3065/3065/305 3066/3066/305 3067/3067/305
f 3068/3068/305 3066/3066/305 3065/3065/305
f 3062/3062/59 3064/3064/59 3069/3069/59
f 3070/3070/323 3071/3071/323 3072/3072/323
f 3073/3073/323 3071/3071/323 3070/3070/323
f 3074/3074/279 3075/3075/279 3076/3076/279
f 3077/3077/279 3075/3075/279 3074/3074/279
f 3078/3078/318 3079/3079/329 3080/3080/329
f 3081/3081/318 3079/3079/329 3078/3078/318
f 3082/3082/285 3083/3083/285 3084/3084/330
f 3085/3085/285 3083/3083/285 3082/3082/285
f 3086/3086/261 3087/3087/261 3088/3088/261
f 3089/3089/261 3087/3087/261 3086/3086/261
f 3090/3090/286 3091/3091/286 3092/3092/286
f 3093/3093/286 3091/3091/286 3090/3090/286
f 3094/3094/267 3095/3095/267 3096/3096/267
f 3097/3097/267 3095/3095/267 3094/3094/267
f 1481/1481/165 3098/3098/16 1488/1488/165
f 3099/3099/287 3100/3100/287 3101/3101/287
f 3102/3102/287 3100/3100/287 3099/3099/287
f 3103/3103/331 3104/3104/331 3105/3105/331
f 3106/3106/331 3104/3104/331 3103/3103/331
f 3107/3107/261 2998/2998/261 2997/2997/261
f 3108/3108/293 3109/3109/293 3110/3110/293
f 3111/3111/327 3112/3112/327 3113/3113/327
f 3108/3108/293 3114/3114/293 3109/3109/293
f 1537/1537/16 3115/3115/332 1538/1538/16
f 3116/3116/311 3117/3117/311 3118/3118/311
f 3119/3119/311 3117/3117/311 3116/3116/311
f 1537/1537/16 3120/3120/16 3115/3115/332
f 3121/3121/295 3122/3122/295 3123/3123/295
f 3124/3124/296 3122/3122/295 3121/3121/295
f 1537/1537/16 3125/3125/16 3120/3120/16
f 3126/3126/262 3127/3127/262 3128/3128/262
f 3129/3129/262 3127/3127/262 3126/3126/262
f 1537/1537/16 3130/3130/16 3125/3125/16
f 3131/3131/297 3132/3132/297 3133/3133/297
f 3134/3134/297 3132/3132/297 3131/3131/297
f 1537/1537/16 3135/3135/16 3130/3130/16
f 3136/3136/298 3137/3137/298 3138/3138/298
f 3139/3139/298 3137/3137/298 3136/3136/298
f 1537/1537/16 3140/3140/133 3135/3135/16
f 3141/3141/284 3142/3142/284 3143/3143/284
f 3144/3144/284 3142/3142/284 3141/3141/284
f 1537/1537/16 3145/3145/133 3140/3140/133
f 3146/3146/333 3147/3147/321 3148/3148/321
f 3149/3149/334 3147/3147/321 3146/3146/333
f 3150/3150/1 3151/3151/1 3152/3152/1
f 3153/3153/262 3154/3154/262 3155/3155/262
f 3156/3156/262 3154/3154/262 3153/3153/262
f 3150/3150/1 3152/3152/1 3157/3157/1
f 3158/3158/59 3159/3159/59 3160/3160/59
f 3161/3161/261 3162/3162/261 3163/3163/261
f 3164/3164/261 3162/3162/261 3161/3161/261
f 3158/3158/59 3160/3160/59 3165/3165/59
f 1490/1490/175 3166/3166/335 1489/1489/165
f 3167/3167/1 3168/3168/1 3169/3169/1
f 3170/3170/1 3168/3168/1 3167/3167/1
f 3171/3171/323 3172/3172/323 3173/3173/323
f 3174/3174/323 3172/3172/323 3171/3171/323
f 3175/3175/279 3176/3176/279 3177/3177/279
f 3178/3178/279 3176/3176/279 3175/3175/279
f 3179/3179/303 3180/3180/303 3181/3181/303
f 3182/3182/303 3180/3180/303 3179/3179/303
f 3183/3183/285 3184/3184/285 3185/3185/285
f 3186/3186/285 3184/3184/285 3183/3183/285
f 3187/3187/261 3188/3188/261 3189/3189/261
f 3190/3190/261 3188/3188/261 3187/3187/261
f 3191/3191/286 3192/3192/286 3193/3193/286
f 3194/3194/286 3192/3192/286 3191/3191/286
f 3195/3195/336 3196/3196/336 3197/3197/307
f 3198/3198/336 3196/3196/336 3195/3195/336
f 3199/3199/337 3200/3200/337 3201/3201/337
f 3202/3202/338 3200/3200/337 3199/3199/337
f 3203/3203/304 3204/3204/304 3205/3205/304
f 3206/3206/304 3204/3204/304 3203/3203/304
f 3207/3207/1 3208/3208/1 3209/3209/1
f 3210/3210/291 3211/3211/291 3212/3212/291
f 3213/3213/291 3211/3211/291 3210/3210/291
f 3207/3207/1 3209/3209/1 3214/3214/1
f 3215/3215/327 3112/3112/327 3111/3111/327
f 3216/3216/16 3217/3217/16 3218/3218/16
f 3219/3219/292 3220/3220/292 3221/3221/292
f 3222/3222/16 3216/3216/16 3218/3218/16
f 3223/3223/16 3222/3222/16 3218/3218/16
f 3224/3224/311 3225/3225/311 3226/3226/311
f 3219/3219/292 3227/3227/292 3220/3220/292
f 3228/3228/1 3229/3229/1 3230/3230/1
f 3231/3231/288 3232/3232/288 3233/3233/288
f 3234/3234/288 3232/3232/288 3231/3231/288
f 3228/3228/1 3230/3230/1 3235/3235/1
f 3223/3223/16 3236/3236/16 3222/3222/16
f 3237/3237/307 3238/3238/307 3239/3239/307
f 3240/3240/307 3238/3238/307 3237/3237/307
f 3241/3241/16 3242/3242/16 3236/3236/16
f 3243/3243/286 3244/3244/286 3245/3245/339
f 3223/3223/16 3241/3241/16 3236/3236/16
f 3246/3246/340 3244/3244/286 3243/3243/286
f 3247/3247/16 3248/3248/16 3242/3242/16
f 3249/3249/261 3250/3250/261 3251/3251/261
f 3241/3241/16 3247/3247/16 3242/3242/16
f 3252/3252/261 3250/3250/261 3249/3249/261
f 3253/3253/16 3254/3254/16 3248/3248/16
f 3255/3255/303 3256/3256/303 3257/3257/303
f 3247/3247/16 3253/3253/16 3248/3248/16
f 3258/3258/303 3256/3256/303 3255/3255/303
f 3259/3259/16 3260/3260/167 3254/3254/16
f 3261/3261/302 3262/3262/302 3263/3263/302
f 3253/3253/16 3259/3259/16 3254/3254/16
f 3264/3264/302 3262/3262/302 3261/3261/302
f 3265/3265/167 3266/3266/341 3260/3260/167
f 3267/3267/282 3268/3268/282 3269/3269/282
f 3259/3259/16 3265/3265/167 3260/3260/167
f 3270/3270/282 3268/3268/282 3267/3267/282
f 3271/3271/59 3272/3272/59 3273/3273/59
f 3274/3274/59 3272/3272/59 3271/3271/59
f 3275/3275/342 3276/3276/342 3277/3277/342
f 3278/3278/342 3276/3276/342 3275/3275/342
f 3279/3279/315 3280/3280/315 3281/3281/315
f 3282/3282/315 3280/3280/315 3279/3279/315
f 3283/3283/297 3284/3284/297 3285/3285/297
f 3286/3286/297 3284/3284/297 3283/3283/297
f 3287/3287/262 3288/3288/262 3289/3289/262
f 3290/3290/262 3288/3288/262 3287/3287/262
f 3291/3291/295 3292/3292/295 3293/3293/295
f 3294/3294/295 3292/3292/295 3291/3291/295
f 3295/3295/311 3225/3225/311 3224/3224/311
f 1349/1349/1 1348/1348/1 3296/3296/1
f 3297/3297/1 3296/3296/1 3298/3298/1
f 1310/1310/1 3298/3298/1 3296/3296/1
f 1349/1349/1 3296/3296/1 3297/3297/1
f 1308/1308/1 3298/3298/1 1310/1310/1
f 1507/1507/177 1500/1500/177 3299/3299/8
f 1507/1507/177 3299/3299/8 3300/3300/8
f 3301/3301/343 3302/3302/8 3303/3303/8
f 3304/3304/344 3305/3305/8 3306/3306/8
f 3307/3307/8 3301/3301/343 3303/3303/8
f 3308/3308/344 3309/3309/8 3310/3310/8
f 3311/3311/8 3312/3312/8 3302/3302/8
f 3313/3313/345 3306/3306/8 3314/3314/8
f 3301/3301/343 3311/3311/8 3302/3302/8
f 3313/3313/345 3304/3304/344 3306/3306/8
f 3315/3315/8 3316/3316/8 3312/3312/8
f 3317/3317/346 3318/3318/8 3319/3319/8
f 3311/3311/8 3315/3315/8 3312/3312/8
f 3320/3320/346 3313/3313/345 3314/3314/8
f 3317/3317/346 3321/3321/346 3318/3318/8
f 3322/3322/8 3323/3323/8 3316/3316/8
f 3324/3324/346 3325/3325/8 3326/3326/8
f 3315/3315/8 3322/3322/8 3316/3316/8
f 3327/3327/8 3328/3328/8 3323/3323/8
f 3329/3329/347 3326/3326/8 3330/3330/8
f 3322/3322/8 3327/3327/8 3323/3323/8
f 3329/3329/347 3324/3324/346 3326/3326/8
f 3331/3331/348 3332/3332/8 3333/3333/8
f 3334/3334/348 3329/3329/347 3330/3330/8
f 3331/3331/348 3335/3335/348 3332/3332/8
f 3336/3336/348 3337/3337/8 3338/3338/8
f 3339/3339/349 3338/3338/8 3340/3340/8
f 3339/3339/349 3336/3336/348 3338/3338/8
f 3341/3341/9 3342/3342/8 3343/3343/8
f 3344/3344/9 3339/3339/349 3340/3340/8
f 3341/3341/9 3345/3345/9 3342/3342/8
f 3346/3346/9 3347/3347/8 3348/3348/8
f 3349/3349/350 3348/3348/8 3350/3350/8
f 3349/3349/350 3346/3346/9 3348/3348/8
f 3351/3351/344 3309/3309/8 3308/3308/344
f 3352/3352/344 3349/3349/350 3350/3350/8
f 3353/3353/343 3354/3354/8 3355/3355/8
f 3356/3356/344 3357/3357/8 3358/3358/8
f 3359/3359/8 3353/3353/343 3355/3355/8
f 3360/3360/344 3361/3361/8 3362/3362/8
f 3363/3363/8 3364/3364/8 3354/3354/8
f 3365/3365/345 3358/3358/8 3366/3366/8
f 3353/3353/343 3363/3363/8 3354/3354/8
f 3365/3365/345 3356/3356/344 3358/3358/8
f 3367/3367/8 3368/3368/8 3364/3364/8
f 3369/3369/346 3370/3370/8 3371/3371/8
f 3363/3363/8 3367/3367/8 3364/3364/8
f 3372/3372/346 3365/3365/345 3366/3366/8
f 3369/3369/346 3373/3373/346 3370/3370/8
f 3374/3374/8 3375/3375/8 3368/3368/8
f 3376/3376/346 3377/3377/8 3378/3378/8
f 3367/3367/8 3374/3374/8 3368/3368/8
f 3379/3379/8 3380/3380/8 3375/3375/8
f 3381/3381/347 3378/3378/8 3382/3382/8
f 3374/3374/8 3379/3379/8 3375/3375/8
f 3381/3381/347 3376/3376/346 3378/3378/8
f 3383/3383/348 3384/3384/8 3385/3385/8
f 3386/3386/348 3381/3381/347 3382/3382/8
f 3383/3383/348 3387/3387/348 3384/3384/8
f 3388/3388/348 3389/3389/8 3390/3390/8
f 3391/3391/349 3390/3390/8 3392/3392/8
f 3391/3391/349 3388/3388/348 3390/3390/8
f 3393/3393/9 3394/3394/8 3395/3395/8
f 3396/3396/9 3391/3391/349 3392/3392/8
f 3393/3393/9 3397/3397/9 3394/3394/8
f 3398/3398/9 3399/3399/8 3400/3400/8
f 3401/3401/350 3400/3400/8 3402/3402/8
f 3401/3401/350 3398/3398/9 3400/3400/8
f 3403/3403/344 3361/3361/8 3360/3360/344
f 3404/3404/344 3401/3401/350 3402/3402/8
f 3405/3405/343 3406/3406/8 3407/3407/8
f 3408/3408/344 3409/3409/8 3410/3410/8
f 3411/3411/8 3405/3405/343 3407/3407/8
f 3412/3412/344 3413/3413/8 3414/3414/8
f 3415/3415/8 3416/3416/8 3406/3406/8
f 3417/3417/345 3410/3410/8 3418/3418/8
f 3405/3405/343 3415/3415/8 3406/3406/8
f 3417/3417/345 3408/3408/344 3410/3410/8
f 3419/3419/8 3420/3420/8 3416/3416/8
f 3421/3421/346 3422/3422/8 3423/3423/8
f 3415/3415/8 3419/3419/8 3416/3416/8
f 3424/3424/346 3417/3417/345 3418/3418/8
f 3421/3421/346 3425/3425/346 3422/3422/8
f 3426/3426/8 3427/3427/8 3420/3420/8
f 3428/3428/346 3429/3429/8 3430/3430/8
f 3419/3419/8 3426/3426/8 3420/3420/8
f 3431/3431/8 3432/3432/8 3427/3427/8
f 3433/3433/347 3430/3430/8 3434/3434/8
f 3426/3426/8 3431/3431/8 3427/3427/8
f 3433/3433/347 3428/3428/346 3430/3430/8
f 3435/3435/348 3436/3436/8 3437/3437/8
f 3438/3438/348 3433/3433/347 3434/3434/8
f 3435/3435/348 3439/3439/348 3436/3436/8
f 3440/3440/348 3441/3441/8 3442/3442/8
f 3443/3443/349 3442/3442/8 3444/3444/8
f 3443/3443/349 3440/3440/348 3442/3442/8
f 3445/3445/9 3446/3446/8 3447/3447/8
f 3448/3448/9 3443/3443/349 3444/3444/8
f 3445/3445/9 3449/3449/9 3446/3446/8
f 3450/3450/9 3451/3451/8 3452/3452/8
f 3453/3453/350 3452/3452/8 3454/3454/8
f 3453/3453/350 3450/3450/9 3452/3452/8
f 3455/3455/344 3413/3413/8 3412/3412/344
f 3456/3456/344 3453/3453/350 3454/3454/8
f 3457/3457/343 3458/3458/8 3459/3459/8
f 3460/3460/344 3461/3461/8 3462/3462/8
f 3463/3463/8 3457/3457/343 3459/3459/8
f 3464/3464/344 3465/3465/8 3466/3466/8
f 3467/3467/8 3468/3468/8 3458/3458/8
f 3469/3469/345 3462/3462/8 3470/3470/8
f 3457/3457/343 3467/3467/8 3458/3458/8
f 3469/3469/345 3460/3460/344 3462/3462/8
f 3471/3471/8 3472/3472/8 3468/3468/8
f 3473/3473/346 3474/3474/8 3475/3475/8
f 3467/3467/8 3471/3471/8 3468/3468/8
f 3476/3476/346 3469/3469/345 3470/3470/8
f 3473/3473/346 3477/3477/346 3474/3474/8
f 3478/3478/8 3479/3479/8 3472/3472/8
f 3480/3480/346 3481/3481/8 3482/3482/8
f 3471/3471/8 3478/3478/8 3472/3472/8
f 3483/3483/8 3484/3484/8 3479/3479/8
f 3485/3485/347 3482/3482/8 3486/3486/8
f 3478/3478/8 3483/3483/8 3479/3479/8
f 3485/3485/347 3480/3480/346 3482/3482/8
f 3487/3487/348 3488/3488/8 3489/3489/8
f 3490/3490/348 3485/3485/347 3486/3486/8
f 3487/3487/348 3491/3491/348 3488/3488/8
f 3492/3492/348 3493/3493/8 3494/3494/8
f 3495/3495/349 3494/3494/8 3496/3496/8
f 3495/3495/349 3492/3492/348 3494/3494/8
f 3497/3497/9 3498/3498/8 3499/3499/8
f 3500/3500/9 3495/3495/349 3496/3496/8
f 3497/3497/9 3501/3501/9 3498/3498/8
f 3502/3502/9 3503/3503/8 3504/3504/8
f 3505/3505/350 3504/3504/8 3506/3506/8
f 3505/3505/350 3502/3502/9 3504/3504/8
f 3507/3507/344 3465/3465/8 3464/3464/344
f 3508/3508/344 3505/3505/350 3506/3506/8
f 3345/3345/9 3509/3509/10 3510/3510/10
f 3344/3344/9 3511/3511/10 3512/3512/42
f 3349/3349/350 3513/3513/63 3514/3514/10
f 3341/3341/9 3509/3509/10 3345/3345/9
f 3349/3349/350 3514/3514/10 3346/3346/9
f 3335/3335/348 3515/3515/1 3516/3516/1
f 3334/3334/348 3517/3517/1 3518/3518/30
f 3339/3339/349 3512/3512/42 3519/3519/1
f 3331/3331/348 3515/3515/1 3335/3335/348
f 3339/3339/349 3519/3519/1 3336/3336/348
f 3321/3321/346 3520/3520/13 3521/3521/13
f 3320/3320/346 3522/3522/13 3523/3523/58
f 3329/3329/347 3518/3518/30 3524/3524/13
f 3317/3317/346 3520/3520/13 3321/3321/346
f 3329/3329/347 3524/3524/13 3324/3324/346
f 3351/3351/344 3525/3525/59 3526/3526/59
f 3352/3352/344 3527/3527/59 3513/3513/63
f 3313/3313/345 3523/3523/58 3528/3528/59
f 3313/3313/345 3528/3528/59 3304/3304/344
f 3351/3351/344 3308/3308/344 3525/3525/59
f 3403/3403/344 3529/3529/59 3530/3530/59
f 3404/3404/344 3531/3531/59 3532/3532/63
f 3365/3365/345 3533/3533/58 3534/3534/59
f 3365/3365/345 3534/3534/59 3356/3356/344
f 3403/3403/344 3360/3360/344 3529/3529/59
f 3397/3397/9 3535/3535/10 3536/3536/10
f 3396/3396/9 3537/3537/10 3538/3538/42
f 3401/3401/350 3532/3532/63 3539/3539/10
f 3393/3393/9 3535/3535/10 3397/3397/9
f 3401/3401/350 3539/3539/10 3398/3398/9
f 3387/3387/348 3540/3540/1 3541/3541/1
f 3386/3386/348 3542/3542/1 3543/3543/30
f 3391/3391/349 3538/3538/42 3544/3544/1
f 3383/3383/348 3540/3540/1 3387/3387/348
f 3391/3391/349 3544/3544/1 3388/3388/348
f 3373/3373/346 3545/3545/13 3546/3546/13
f 3372/3372/346 3547/3547/13 3533/3533/58
f 3381/3381/347 3543/3543/30 3548/3548/13
f 3369/3369/346 3545/3545/13 3373/3373/346
f 3381/3381/347 3548/3548/13 3376/3376/346
f 3507/3507/344 3549/3549/59 3550/3550/59
f 3508/3508/344 3551/3551/59 3552/3552/63
f 3469/3469/345 3553/3553/58 3554/3554/59
f 3469/3469/345 3554/3554/59 3460/3460/344
f 3507/3507/344 3464/3464/344 3549/3549/59
f 3501/3501/9 3555/3555/10 3556/3556/10
f 3500/3500/9 3557/3557/10 3558/3558/42
f 3505/3505/350 3552/3552/63 3559/3559/10
f 3497/3497/9 3555/3555/10 3501/3501/9
f 3505/3505/350 3559/3559/10 3502/3502/9
f 3491/3491/348 3560/3560/1 3561/3561/1
f 3490/3490/348 3562/3562/1 3563/3563/30
f 3495/3495/349 3558/3558/42 3564/3564/1
f 3487/3487/348 3560/3560/1 3491/3491/348
f 3495/3495/349 3564/3564/1 3492/3492/348
f 3477/3477/346 3565/3565/13 3566/3566/13
f 3476/3476/346 3567/3567/13 3553/3553/58
f 3485/3485/347 3563/3563/30 3568/3568/13
f 3473/3473/346 3565/3565/13 3477/3477/346
f 3485/3485/347 3568/3568/13 3480/3480/346
f 3449/3449/9 3569/3569/10 3570/3570/10
f 3448/3448/9 3571/3571/10 3572/3572/42
f 3453/3453/350 3573/3573/63 3574/3574/10
f 3445/3445/9 3569/3569/10 3449/3449/9
f 3453/3453/350 3574/3574/10 3450/3450/9
f 3439/3439/348 3575/3575/1 3576/3576/1
f 3438/3438/348 3577/3577/1 3578/3578/30
f 3443/3443/349 3572/3572/42 3579/3579/1
f 3435/3435/348 3575/3575/1 3439/3439/348
f 3443/3443/349 3579/3579/1 3440/3440/348
f 3425/3425/346 3580/3580/13 3581/3581/13
f 3424/3424/346 3582/3582/13 3583/3583/58
f 3433/3433/347 3578/3578/30 3584/3584/13
f 3421/3421/346 3580/3580/13 3425/3425/346
f 3433/3433/347 3584/3584/13 3428/3428/346
f 3455/3455/344 3585/3585/59 3586/3586/59
f 3456/3456/344 3587/3587/59 3573/3573/63
f 3417/3417/345 3583/3583/58 3588/3588/59
f 3417/3417/345 3588/3588/59 3408/3408/344
f 3455/3455/344 3412/3412/344 3585/3585/59
f 153/153/31 383/383/71 3589/3589/351
f 153/153/31 3589/3589/351 3590/3590/352
f 153/153/31 3590/3590/352 172/172/40
f 996/996/102 1290/1290/150 3591/3591/353
f 996/996/102 3591/3591/353 3592/3592/354
f 996/996/102 3592/3592/354 3593/3593/355
f 996/996/102 3593/3593/355 1016/1016/111
f 3456/3456/344 3573/3573/63 3453/3453/350
f 3424/3424/346 3583/3583/58 3417/3417/345
f 3438/3438/348 3578/3578/30 3433/3433/347
f 3490/3490/348 3563/3563/30 3485/3485/347
f 3476/3476/346 3553/3553/58 3469/3469/345
f 3508/3508/344 3552/3552/63 3505/3505/350
f 3404/3404/344 3532/3532/63 3401/3401/350
f 3386/3386/348 3543/3543/30 3381/3381/347
f 3372/3372/346 3533/3533/58 3365/3365/345
f 3448/3448/9 3572/3572/42 3443/3443/349
f 3500/3500/9 3558/3558/42 3495/3495/349
f 3396/3396/9 3538/3538/42 3391/3391/349
f 3334/3334/348 3518/3518/30 3329/3329/347
f 3320/3320/346 3523/3523/58 3313/3313/345
f 3352/3352/344 3513/3513/63 3349/3349/350
f 3344/3344/9 3512/3512/42 3339/3339/349
f 2158/2158/228 2160/2160/230 3594/3594/356
f 239/239/45 3594/3594/356 242/242/54
f 2158/2158/228 3594/3594/356 433/433/80
f 239/239/45 433/433/80 3594/3594/356
f 3595/3595/357 202/202/36 2207/2207/236
f 199/199/33 202/202/36 3595/3595/357
f 3595/3595/357 2207/2207/236 2206/2206/235
f 199/199/33 3595/3595/357 421/421/84
f 3596/3596/358 1029/1029/121 2201/2201/233
f 1026/1026/118 1029/1029/121 3596/3596/358
f 3596/3596/358 2201/2201/233 2200/2200/232
f 1026/1026/118 3596/3596/358 1253/1253/145
f 3597/3597/359 1273/1273/142 2153/2153/226
f 1047/1047/114 1273/1273/142 3597/3597/359
f 3597/3597/359 2153/2153/226 2152/2152/225
f 1047/1047/114 3597/3597/359 1050/1050/132
f 2235/2235/247 2237/2237/249 3598/3598/359
f 1021/1021/114 3598/3598/359 1024/1024/117
f 2235/2235/247 3598/3598/359 1212/1212/142
f 1021/1021/114 1212/1212/142 3598/3598/359
f 2259/2259/252 2261/2261/254 3599/3599/360
f 1002/1002/106 3599/3599/360 1292/1292/152
f 2259/2259/252 3599/3599/360 1005/1005/109
f 1002/1002/106 1005/1005/109 3599/3599/360
f 2217/2217/242 2219/2219/244 3600/3600/356
f 188/188/45 3600/3600/356 191/191/48
f 2217/2217/242 3600/3600/356 409/409/80
f 188/188/45 409/409/80 3600/3600/356
f 3601/3601/357 160/160/36 2253/2253/236
f 157/157/33 160/160/36 3601/3601/357
f 3601/3601/357 2253/2253/236 2252/2252/235
f 157/157/33 3601/3601/357 385/385/73
f 3602/3602/91 3603/3603/91 3604/3604/91
f 3605/3605/91 3604/3604/91 3606/3606/91
f 3602/3602/91 3607/3607/91 3603/3603/91
f 3608/3608/91 3609/3609/91 3610/3610/91
f 3611/3611/91 3610/3610/91 3612/3612/91
f 3608/3608/91 3613/3613/91 3609/3609/91
f 3614/3614/91 3615/3615/91 3612/3612/91
f 3616/3616/91 3614/3614/91 3612/3612/91
f 3611/3611/91 3612/3612/91 3617/3617/91
f 460/460/91 455/455/91 1947/1947/91
f 863/863/91 1947/1947/91 862/862/91
f 1946/1946/91 460/460/91 1947/1947/91
f 1989/1989/91 463/463/91 462/462/91
f 865/865/91 864/864/91 1989/1989/91
f 865/865/91 1989/1989/91 1990/1990/91
f 3618/3618/91 3605/3605/91 3606/3606/91
f 3619/3619/91 3620/3620/91 3605/3605/91
f 3618/3618/91 3619/3619/91 3605/3605/91
f 3619/3619/91 3621/3621/91 3620/3620/91
f 3619/3619/91 3622/3622/91 3621/3621/91
f 3623/3623/91 3624/3624/91 3625/3625/91
f 3623/3623/91 3626/3626/91 3624/3624/91
f 3627/3627/91 3628/3628/361 3629/3629/91
f 3630/3630/91 3631/3631/91 3628/3628/361
f 3632/3632/362 3630/3630/91 3628/3628/361
f 3627/3627/91 3632/3632/362 3628/3628/361
f 3632/3632/362 3633/3633/91 3630/3630/91
f 3634/3634/363 3635/3635/91 3632/3632/362
f 3627/3627/91 3634/3634/363 3632/3632/362
f 3627/3627/91 3636/3636/91 3634/3634/363
f 3637/3637/91 3638/3638/91 3639/3639/91
f 3640/3640/91 3637/3637/91 3639/3639/91
f 3641/3641/91 3642/3642/91 3638/3638/91
f 3637/3637/91 3641/3641/91 3638/3638/91
f 3643/3643/364 3644/3644/91 3642/3642/91
f 3641/3641/91 3643/3643/364 3642/3642/91
f 3645/3645/365 3646/3646/91 3644/3644/91
f 3643/3643/364 3645/3645/365 3644/3644/91
f 3647/3647/366 3648/3648/91 3645/3645/365
f 3649/3649/367 3647/3647/366 3645/3645/365
f 3643/3643/364 3649/3649/367 3645/3645/365
f 3650/3650/91 3651/3651/91 3647/3647/366
f 3649/3649/367 3650/3650/91 3647/3647/366
f 3649/3649/367 3652/3652/91 3650/3650/91
f 3643/3643/364 3653/3653/91 3649/3649/367
f 3640/3640/91 3653/3653/91 3637/3637/91
f 3611/3611/91 3654/3654/91 3655/3655/91
f 3611/3611/91 3617/3617/91 3654/3654/91
f 3656/3656/16 3657/3657/16 3658/3658/16
f 3659/3659/16 3656/3656/16 3658/3658/16
f 3660/3660/16 3661/3661/16 3662/3662/16
f 3663/3663/16 3660/3660/16 3662/3662/16
f 3664/3664/16 3665/3665/16 3666/3666/16
f 3667/3667/133 3664/3664/16 3666/3666/16
f 3667/3667/133 3666/3666/16 3668/3668/16
f 3664/3664/16 3669/3669/16 3665/3665/16
f 3670/3670/16 3671/3671/16 3664/3664/16
f 3667/3667/133 3670/3670/16 3664/3664/16
f 3672/3672/16 3673/3673/16 3671/3671/16
f 3674/3674/16 3672/3672/16 3671/3671/16
f 3670/3670/16 3674/3674/16 3671/3671/16
f 3675/3675/167 3676/3676/16 3673/3673/16
f 3677/3677/16 3675/3675/167 3673/3673/16
f 3672/3672/16 3677/3677/16 3673/3673/16
f 3678/3678/133 3679/3679/167 3676/3676/16
f 3680/3680/16 3678/3678/133 3676/3676/16
f 3675/3675/167 3680/3680/16 3676/3676/16
f 3681/3681/16 3682/3682/16 3679/3679/167
f 3678/3678/133 3681/3681/16 3679/3679/167
f 3683/3683/167 3684/3684/368 3680/3680/16
f 3685/3685/369 3683/3683/167 3680/3680/16
f 3675/3675/167 3685/3685/369 3680/3680/16
f 3686/3686/16 3687/3687/16 3684/3684/368
f 3688/3688/167 3686/3686/16 3684/3684/368
f 3683/3683/167 3688/3688/167 3684/3684/368
f 3689/3689/16 3668/3668/16 3686/3686/16
f 3688/3688/167 3689/3689/16 3686/3686/16
f 3667/3667/133 3668/3668/16 3689/3689/16
f 3690/3690/133 3691/3691/16 3692/3692/16
f 3693/3693/16 3692/3692/16 3694/3694/16
f 3695/3695/16 3692/3692/16 3693/3693/16
f 3695/3695/16 3690/3690/133 3692/3692/16
f 3696/3696/16 3697/3697/167 3691/3691/16
f 3690/3690/133 3696/3696/16 3691/3691/16
f 3698/3698/16 3699/3699/167 3697/3697/167
f 3696/3696/16 3698/3698/16 3697/3697/167
f 3700/3700/16 3701/3701/16 3699/3699/167
f 3702/3702/133 3700/3700/16 3699/3699/167
f 3698/3698/16 3702/3702/133 3699/3699/167
f 3703/3703/274 3704/3704/176 3701/3701/16
f 3705/3705/16 3703/3703/274 3701/3701/16
f 3700/3700/16 3705/3705/16 3701/3701/16
f 3706/3706/16 3707/3707/16 3702/3702/133
f 3708/3708/370 3706/3706/16 3702/3702/133
f 3698/3698/16 3708/3708/370 3702/3702/133
f 3709/3709/167 3710/3710/16 3707/3707/16
f 3706/3706/16 3709/3709/167 3707/3707/16
f 3711/3711/16 3712/3712/16 3710/3710/16
f 3709/3709/167 3711/3711/16 3710/3710/16
f 3713/3713/16 3714/3714/16 3712/3712/16
f 3715/3715/16 3713/3713/16 3712/3712/16
f 3711/3711/16 3715/3715/16 3712/3712/16
f 3716/3716/16 3717/3717/16 3714/3714/16
f 3718/3718/16 3716/3716/16 3714/3714/16
f 3713/3713/16 3718/3718/16 3714/3714/16
f 3719/3719/16 3720/3720/133 3717/3717/16
f 3716/3716/16 3719/3719/16 3717/3717/16
f 3721/3721/16 3722/3722/16 3720/3720/133
f 3719/3719/16 3721/3721/16 3720/3720/133
f 3723/3723/167 3724/3724/133 3722/3722/16
f 3725/3725/16 3723/3723/167 3722/3722/16
f 3721/3721/16 3725/3725/16 3722/3722/16
f 3726/3726/167 3727/3727/370 3724/3724/133
f 3723/3723/167 3726/3726/167 3724/3724/133
f 3726/3726/167 3728/3728/16 3727/3727/370
f 3729/3729/133 3730/3730/16 3725/3725/16
f 3731/3731/371 3729/3729/133 3725/3725/16
f 3721/3721/16 3731/3731/371 3725/3725/16
f 3732/3732/16 3733/3733/16 3730/3730/16
f 3729/3729/133 3732/3732/16 3730/3730/16
f 3734/3734/16 3694/3694/16 3733/3733/16
f 3732/3732/16 3734/3734/16 3733/3733/16
f 3735/3735/16 3693/3693/16 3694/3694/16
f 3734/3734/16 3735/3735/16 3694/3694/16
f 3736/3736/16 3737/3737/16 3738/3738/16
f 3739/3739/16 3736/3736/16 3738/3738/16
f 3740/3740/16 3741/3741/16 3736/3736/16
f 3739/3739/16 3740/3740/16 3736/3736/16
f 3742/3742/16 3743/3743/16 3740/3740/16
f 3739/3739/16 3742/3742/16 3740/3740/16
f 3744/3744/16 3745/3745/16 3743/3743/16
f 3742/3742/16 3744/3744/16 3743/3743/16
f 3746/3746/16 3747/3747/16 3745/3745/16
f 3744/3744/16 3746/3746/16 3745/3745/16
f 3748/3748/16 3749/3749/16 3747/3747/16
f 3746/3746/16 3748/3748/16 3747/3747/16
f 3750/3750/133 3751/3751/16 3749/3749/16
f 3748/3748/16 3750/3750/133 3749/3749/16
f 3752/3752/16 3753/3753/16 3751/3751/16
f 3754/3754/16 3752/3752/16 3751/3751/16
f 3750/3750/133 3754/3754/16 3751/3751/16
f 3755/3755/16 3756/3756/16 3753/3753/16
f 3752/3752/16 3755/3755/16 3753/3753/16
f 3755/3755/16 3757/3757/133 3756/3756/16
f 3755/3755/16 3758/3758/280 3757/3757/133
f 3752/3752/16 3759/3759/16 3755/3755/16
f 3760/3760/16 3761/3761/16 3762/3762/16
f 3760/3760/16 3763/3763/16 3761/3761/16
f 3764/3764/16 3765/3765/16 3763/3763/16
f 3760/3760/16 3764/3764/16 3763/3763/16
f 3766/3766/16 3767/3767/16 3765/3765/16
f 3768/3768/16 3766/3766/16 3765/3765/16
f 3764/3764/16 3768/3768/16 3765/3765/16
f 3769/3769/16 3770/3770/16 3767/3767/16
f 3766/3766/16 3769/3769/16 3767/3767/16
f 3771/3771/16 3772/3772/16 3770/3770/16
f 3769/3769/16 3771/3771/16 3770/3770/16
f 3773/3773/16 3774/3774/16 3772/3772/16
f 3775/3775/176 3773/3773/16 3772/3772/16
f 3771/3771/16 3775/3775/176 3772/3772/16
f 3776/3776/16 3777/3777/16 3774/3774/16
f 3778/3778/370 3776/3776/16 3774/3774/16
f 3773/3773/16 3778/3778/370 3774/3774/16
f 3779/3779/167 3780/3780/16 3777/3777/16
f 3776/3776/16 3779/3779/167 3777/3777/16
f 3781/3781/16 3782/3782/133 3780/3780/16
f 3779/3779/167 3781/3781/16 3780/3780/16
f 3783/3783/167 3784/3784/16 3776/3776/16
f 3785/3785/16 3783/3783/167 3776/3776/16
f 3778/3778/370 3785/3785/16 3776/3776/16
f 3786/3786/167 3787/3787/16 3784/3784/16
f 3783/3783/167 3786/3786/167 3784/3784/16
f 3788/3788/16 3789/3789/16 3787/3787/16
f 3790/3790/16 3788/3788/16 3787/3787/16
f 3786/3786/167 3790/3790/16 3787/3787/16
f 3791/3791/16 3792/3792/16 3789/3789/16
f 3788/3788/16 3791/3791/16 3789/3789/16
f 3793/3793/16 3794/3794/16 3792/3792/16
f 3791/3791/16 3793/3793/16 3792/3792/16
f 3795/3795/16 3796/3796/16 3794/3794/16
f 3797/3797/372 3795/3795/16 3794/3794/16
f 3793/3793/16 3797/3797/372 3794/3794/16
f 3798/3798/16 3799/3799/167 3796/3796/16
f 3795/3795/16 3798/3798/16 3796/3796/16
f 3800/3800/16 3801/3801/16 3802/3802/16
f 3803/3803/16 3804/3804/16 3801/3801/16
f 3805/3805/16 3803/3803/16 3801/3801/16
f 3806/3806/167 3805/3805/16 3801/3801/16
f 3800/3800/16 3806/3806/167 3801/3801/16
f 3807/3807/16 3808/3808/133 3804/3804/16
f 3803/3803/16 3807/3807/16 3804/3804/16
f 3809/3809/16 3810/3810/16 3808/3808/133
f 3807/3807/16 3809/3809/16 3808/3808/133
f 3811/3811/16 3812/3812/16 3810/3810/16
f 3809/3809/16 3811/3811/16 3810/3810/16
f 3813/3813/16 3814/3814/16 3812/3812/16
f 3811/3811/16 3813/3813/16 3812/3812/16
f 3815/3815/16 3816/3816/16 3814/3814/16
f 3813/3813/16 3815/3815/16 3814/3814/16
f 3817/3817/176 3818/3818/16 3816/3816/16
f 3819/3819/373 3817/3817/176 3816/3816/16
f 3815/3815/16 3819/3819/373 3816/3816/16
f 3820/3820/16 3821/3821/16 3818/3818/16
f 3817/3817/176 3820/3820/16 3818/3818/16
f 3820/3820/16 3822/3822/16 3821/3821/16
f 3820/3820/16 3823/3823/16 3822/3822/16
f 3817/3817/176 3824/3824/16 3820/3820/16
f 3806/3806/167 3825/3825/16 3805/3805/16
f 3826/3826/16 3827/3827/133 3828/3828/16
f 3829/3829/167 3826/3826/16 3828/3828/16
f 3830/3830/16 3831/3831/167 3827/3827/133
f 3826/3826/16 3830/3830/16 3827/3827/133
f 3832/3832/16 3833/3833/16 3826/3826/16
f 3834/3834/16 3826/3826/16 3829/3829/167
f 3834/3834/16 3832/3832/16 3826/3826/16
f 3835/3835/16 3836/3836/16 3833/3833/16
f 3832/3832/16 3835/3835/16 3833/3833/16
f 3837/3837/16 3838/3838/16 3836/3836/16
f 3835/3835/16 3837/3837/16 3836/3836/16
f 3839/3839/16 3840/3840/16 3838/3838/16
f 3841/3841/16 3839/3839/16 3838/3838/16
f 3837/3837/16 3841/3841/16 3838/3838/16
f 3842/3842/16 3843/3843/16 3840/3840/16
f 3839/3839/16 3842/3842/16 3840/3840/16
f 3844/3844/16 3845/3845/16 3843/3843/16
f 3842/3842/16 3844/3844/16 3843/3843/16
f 3844/3844/16 3846/3846/16 3845/3845/16
f 3847/3847/274 3848/3848/280 3846/3846/16
f 3847/3847/274 3846/3846/16 3844/3844/16
f 3849/3849/16 3850/3850/16 3848/3848/280
f 3847/3847/274 3849/3849/16 3848/3848/280
f 3849/3849/16 3851/3851/16 3850/3850/16
f 3852/3852/133 3853/3853/16 3849/3849/16
f 3854/3854/16 3852/3852/133 3849/3849/16
f 3847/3847/274 3854/3854/16 3849/3849/16
f 3855/3855/16 3856/3856/16 3852/3852/133
f 3854/3854/16 3855/3855/16 3852/3852/133
f 3855/3855/16 3857/3857/16 3856/3856/16
f 3858/3858/16 3859/3859/16 3857/3857/16
f 3855/3855/16 3858/3858/16 3857/3857/16
f 3860/3860/16 3861/3861/16 3859/3859/16
f 3858/3858/16 3860/3860/16 3859/3859/16
f 3862/3862/16 3863/3863/16 3861/3861/16
f 3860/3860/16 3862/3862/16 3861/3861/16
f 3864/3864/16 3865/3865/16 3863/3863/16
f 3862/3862/16 3864/3864/16 3863/3863/16
f 3834/3834/16 3829/3829/167 3865/3865/16
f 3866/3866/166 3834/3834/16 3865/3865/16
f 3864/3864/16 3866/3866/166 3865/3865/16
usemtl MTL1
f 3867/3867/42 3868/3868/10 3869/3869/10
f 3870/3870/374 3871/3871/10 3872/3872/10
f 3873/3873/8 3874/3874/8 3875/3875/8
f 3870/3870/374 3876/3876/375 3871/3871/10
f 3877/3877/8 3875/3875/8 3878/3878/8
f 3879/3879/8 3875/3875/8 3877/3877/8
f 3873/3873/8 3875/3875/8 3879/3879/8
f 3867/3867/42 3880/3880/199 3868/3868/10
f 3881/3881/376 3882/3882/376 3883/3883/377
f 3884/3884/378 3885/3885/379 3886/3886/376
f 3884/3884/378 3886/3886/376 3887/3887/376
f 3888/3888/1 3889/3889/180 3880/3880/199
f 3890/3890/380 3883/3883/377 3891/3891/212
f 3867/3867/42 3888/3888/1 3880/3880/199
f 3890/3890/380 3881/3881/376 3883/3883/377
f 3892/3892/381 3893/3893/382 3889/3889/180
f 3894/3894/212 3891/3891/212 3895/3895/383
f 3888/3888/1 3892/3892/381 3889/3889/180
f 3894/3894/212 3890/3890/380 3891/3891/212
f 3896/3896/13 3897/3897/13 3893/3893/382
f 3898/3898/384 3895/3895/383 3899/3899/385
f 3892/3892/381 3896/3896/13 3893/3893/382
f 3898/3898/384 3894/3894/212 3895/3895/383
f 3900/3900/58 3901/3901/13 3902/3902/13
f 3903/3903/386 3901/3901/13 3900/3900/58
f 3904/3904/385 3905/3905/385 3906/3906/387
f 3907/3907/385 3898/3898/384 3899/3899/385
f 3908/3908/8 3909/3909/8 3910/3910/8
f 3877/3877/8 3911/3911/8 3909/3909/8
f 3912/3912/8 3913/3913/8 3909/3909/8
f 3914/3914/8 3909/3909/8 3913/3913/8
f 3908/3908/8 3912/3912/8 3909/3909/8
f 3877/3877/8 3909/3909/8 3914/3914/8
f 3915/3915/8 3910/3910/8 3916/3916/8
f 3915/3915/8 3908/3908/8 3910/3910/8
f 3917/3917/8 3916/3916/8 3874/3874/8
f 3915/3915/8 3916/3916/8 3917/3917/8
f 3917/3917/8 3874/3874/8 3873/3873/8
f 3918/3918/183 3919/3919/59 3876/3876/375
f 3877/3877/8 3878/3878/8 3920/3920/8
f 3870/3870/374 3918/3918/183 3876/3876/375
f 3903/3903/386 3900/3900/58 3919/3919/59
f 3877/3877/8 3920/3920/8 3911/3911/8
f 3918/3918/183 3903/3903/386 3919/3919/59
f 3921/3921/388 3906/3906/387 3922/3922/389
f 3921/3921/388 3904/3904/385 3906/3906/387
f 3923/3923/206 3922/3922/389 3885/3885/379
f 3923/3923/206 3921/3921/388 3922/3922/389
f 3884/3884/378 3923/3923/206 3885/3885/379
f 3924/3924/59 3925/3925/59 3926/3926/59
f 3927/3927/13 3928/3928/13 3929/3929/13
f 3914/3914/8 3913/3913/8 3930/3930/8
f 3931/3931/13 3928/3928/13 3927/3927/13
f 3932/3932/8 3930/3930/8 3933/3933/8
f 3934/3934/8 3930/3930/8 3932/3932/8
f 3934/3934/8 3914/3914/8 3930/3930/8
f 3924/3924/59 3935/3935/59 3925/3925/59
f 3936/3936/91 3937/3937/91 3938/3938/91
f 3939/3939/91 3940/3940/91 3937/3937/91
f 3941/3941/91 3937/3937/91 3942/3942/91
f 3943/3943/91 3942/3942/91 3937/3937/91
f 3944/3944/91 3937/3937/91 3941/3941/91
f 3943/3943/91 3937/3937/91 3936/3936/91
f 3945/3945/91 3937/3937/91 3944/3944/91
f 3946/3946/91 3939/3939/91 3937/3937/91
f 3947/3947/91 3937/3937/91 3945/3945/91
f 3946/3946/91 3937/3937/91 3947/3947/91
f 3948/3948/10 3949/3949/10 3950/3950/10
f 3948/3948/10 3951/3951/10 3949/3949/10
f 3952/3952/91 3938/3938/91 3953/3953/91
f 3936/3936/91 3938/3938/91 3954/3954/91
f 3955/3955/91 3954/3954/91 3938/3938/91
f 3955/3955/91 3938/3938/91 3952/3952/91
f 3956/3956/1 3957/3957/1 3958/3958/1
f 3956/3956/1 3959/3959/1 3957/3957/1
f 3960/3960/91 3953/3953/91 3940/3940/91
f 3960/3960/91 3961/3961/91 3953/3953/91
f 3962/3962/91 3953/3953/91 3961/3961/91
f 3963/3963/91 3953/3953/91 3962/3962/91
f 3964/3964/91 3953/3953/91 3963/3963/91
f 3965/3965/91 3953/3953/91 3964/3964/91
f 3952/3952/91 3953/3953/91 3965/3965/91
f 3932/3932/8 3933/3933/8 3912/3912/8
f 3966/3966/8 3932/3932/8 3912/3912/8
f 3967/3967/8 3966/3966/8 3912/3912/8
f 3879/3879/8 3967/3967/8 3912/3912/8
f 3968/3968/8 3879/3879/8 3912/3912/8
f 3969/3969/8 3912/3912/8 3908/3908/8
f 3970/3970/8 3912/3912/8 3969/3969/8
f 3968/3968/8 3912/3912/8 3970/3970/8
f 3971/3971/91 3960/3960/91 3940/3940/91
f 3972/3972/91 3940/3940/91 3939/3939/91
f 3971/3971/91 3940/3940/91 3972/3972/91
f 3973/3973/42 3974/3974/42 3975/3975/1
f 3976/3976/212 3977/3977/212 3978/3978/390
f 3979/3979/1 3973/3973/42 3975/3975/1
f 3980/3980/1 3981/3981/1 3982/3982/1
f 3983/3983/212 3984/3984/212 3985/3985/212
f 3986/3986/212 3983/3983/212 3985/3985/212
f 3987/3987/10 3988/3988/10 3974/3974/42
f 3989/3989/391 3978/3978/390 3990/3990/376
f 3973/3973/42 3987/3987/10 3974/3974/42
f 3989/3989/391 3976/3976/212 3978/3978/390
f 3991/3991/10 3992/3992/10 3993/3993/10
f 3991/3991/10 3994/3994/10 3992/3992/10
f 3995/3995/376 3996/3996/376 3997/3997/376
f 3998/3998/376 3989/3989/391 3990/3990/376
f 3999/3999/8 4000/4000/8 4001/4001/8
f 4002/4002/8 4001/4001/8 4003/4003/8
f 4004/4004/8 3999/3999/8 4001/4001/8
f 4002/4002/8 4004/4004/8 4001/4001/8
f 4005/4005/1 3981/3981/1 3980/3980/1
f 4006/4006/8 4003/4003/8 4007/4007/8
f 4008/4008/8 4002/4002/8 4003/4003/8
f 4008/4008/8 4003/4003/8 4009/4009/8
f 4006/4006/8 4009/4009/8 4003/4003/8
f 4010/4010/63 4011/4011/10 4012/4012/10
f 4010/4010/63 4013/4013/63 4011/4011/10
f 4014/4014/376 4015/4015/376 4016/4016/392
f 4017/4017/393 3997/3997/376 4018/4018/394
f 4019/4019/376 4018/4018/394 3997/3997/376
f 4020/4020/376 3997/3997/376 4017/4017/393
f 3995/3995/376 3997/3997/376 4020/4020/376
f 4021/4021/376 3997/3997/376 4022/4022/376
f 4023/4023/393 4019/4019/376 3997/3997/376
f 4021/4021/376 4023/4023/393 3997/3997/376
f 4024/4024/59 4025/4025/59 4013/4013/63
f 4026/4026/395 4016/4016/392 4027/4027/206
f 4010/4010/63 4024/4024/59 4013/4013/63
f 4026/4026/395 4014/4014/376 4016/4016/392
f 4028/4028/59 4029/4029/59 4030/4030/59
f 4028/4028/59 4031/4031/59 4029/4029/59
f 4032/4032/206 4033/4033/206 4034/4034/206
f 4035/4035/206 4026/4026/395 4027/4027/206
f 4036/4036/8 3932/3932/8 4004/4004/8
f 4037/4037/8 4038/4038/8 3932/3932/8
f 4039/4039/8 4040/4040/8 3932/3932/8
f 3934/3934/8 3932/3932/8 4040/4040/8
f 4041/4041/8 3932/3932/8 4036/4036/8
f 4039/4039/8 3932/3932/8 4041/4041/8
f 3966/3966/8 4037/4037/8 3932/3932/8
f 4036/4036/8 4004/4004/8 4042/4042/8
f 4002/4002/8 4042/4042/8 4004/4004/8
f 4043/4043/58 4044/4044/59 4045/4045/59
f 4043/4043/58 4046/4046/58 4044/4044/59
f 4047/4047/206 4048/4048/206 4049/4049/396
f 4050/4050/206 4032/4032/206 4034/4034/206
f 4051/4051/8 4052/4052/8 4038/4038/8
f 4051/4051/8 4038/4038/8 4007/4007/8
f 4037/4037/8 4007/4007/8 4038/4038/8
f 4053/4053/13 4054/4054/13 4046/4046/58
f 4055/4055/397 4049/4049/396 4056/4056/385
f 4043/4043/58 4053/4053/13 4046/4046/58
f 4055/4055/397 4047/4047/206 4049/4049/396
f 4057/4057/13 4058/4058/13 4059/4059/13
f 4057/4057/13 4060/4060/13 4058/4058/13
f 4061/4061/385 4062/4062/385 4063/4063/385
f 4064/4064/385 4055/4055/397 4056/4056/385
f 4065/4065/8 4066/4066/8 4052/4052/8
f 4051/4051/8 4065/4065/8 4052/4052/8
f 4067/4067/30 4068/4068/13 4069/4069/13
f 4067/4067/30 4070/4070/30 4068/4068/13
f 4071/4071/385 4072/4072/385 4073/4073/398
f 4074/4074/385 4061/4061/385 4063/4063/385
f 4075/4075/1 4076/4076/1 4070/4070/30
f 4077/4077/399 4073/4073/398 4078/4078/212
f 4067/4067/30 4075/4075/1 4070/4070/30
f 4077/4077/399 4071/4071/385 4073/4073/398
f 4079/4079/212 4077/4077/399 4078/4078/212
f 4080/4080/8 4006/4006/8 4007/4007/8
f 3877/3877/8 4080/4080/8 4007/4007/8
f 4037/4037/8 4081/4081/8 4007/4007/8
f 4082/4082/8 4007/4007/8 4081/4081/8
f 4083/4083/8 3877/3877/8 4007/4007/8
f 4082/4082/8 4083/4083/8 4007/4007/8
f 4084/4084/192 4085/4085/13 4086/4086/13
f 4087/4087/181 4088/4088/13 4089/4089/13
f 4090/4090/8 4091/4091/8 4042/4042/8
f 4087/4087/181 4092/4092/400 4088/4088/13
f 4090/4090/8 4042/4042/8 4002/4002/8
f 4084/4084/192 4093/4093/386 4085/4085/13
f 4094/4094/385 4095/4095/385 4096/4096/401
f 4097/4097/402 4098/4098/403 4099/4099/385
f 4100/4100/404 4099/4099/385 4101/4101/385
f 4097/4097/402 4099/4099/385 4100/4100/404
f 4102/4102/183 4103/4103/59 4093/4093/386
f 4104/4104/405 4096/4096/401 4105/4105/206
f 4084/4084/192 4102/4102/183 4093/4093/386
f 4106/4106/406 4096/4096/401 4107/4107/407
f 4104/4104/405 4107/4107/407 4096/4096/401
f 4094/4094/385 4096/4096/401 4106/4106/406
f 4108/4108/408 4109/4109/408 4103/4103/59
f 4110/4110/409 4105/4105/206 4111/4111/379
f 4102/4102/183 4108/4108/408 4103/4103/59
f 4110/4110/409 4104/4104/405 4105/4105/206
f 4112/4112/10 4113/4113/10 4109/4109/408
f 4114/4114/410 4111/4111/379 4115/4115/376
f 4108/4108/408 4112/4112/10 4109/4109/408
f 4114/4114/410 4110/4110/409 4111/4111/379
f 4116/4116/178 4117/4117/10 4118/4118/10
f 4119/4119/199 4117/4117/10 4116/4116/178
f 4120/4120/376 4121/4121/376 4122/4122/411
f 4114/4114/410 4115/4115/376 4123/4123/376
f 4124/4124/8 4040/4040/8 4125/4125/8
f 4006/4006/8 4040/4040/8 4124/4124/8
f 3934/3934/8 4040/4040/8 4006/4006/8
f 4126/4126/8 4125/4125/8 4127/4127/8
f 4126/4126/8 4124/4124/8 4125/4125/8
f 4128/4128/8 4127/4127/8 4091/4091/8
f 4126/4126/8 4127/4127/8 4128/4128/8
f 4128/4128/8 4091/4091/8 4090/4090/8
f 4129/4129/180 4130/4130/180 4092/4092/400
f 4087/4087/181 4129/4129/180 4092/4092/400
f 4119/4119/199 4116/4116/178 4130/4130/180
f 4129/4129/180 4119/4119/199 4130/4130/180
f 4131/4131/412 4122/4122/411 4132/4132/212
f 4133/4133/413 4120/4120/376 4122/4122/411
f 4131/4131/412 4133/4133/413 4122/4122/411
f 4134/4134/414 4132/4132/212 4098/4098/403
f 4134/4134/414 4131/4131/412 4132/4132/212
f 4134/4134/414 4098/4098/403 4097/4097/402
f 4135/4135/42 4136/4136/10 4137/4137/10
f 4138/4138/408 4139/4139/10 4140/4140/10
f 4138/4138/408 4141/4141/60 4139/4139/10
f 4006/4006/8 4124/4124/8 4142/4142/8
f 4135/4135/42 4143/4143/415 4136/4136/10
f 4144/4144/376 4145/4145/376 4146/4146/411
f 4147/4147/410 4148/4148/379 4149/4149/376
f 4147/4147/410 4149/4149/376 4150/4150/376
f 4151/4151/1 4152/4152/180 4143/4143/415
f 4153/4153/412 4146/4146/411 4154/4154/212
f 4135/4135/42 4151/4151/1 4143/4143/415
f 4155/4155/413 4144/4144/376 4146/4146/411
f 4153/4153/412 4155/4155/413 4146/4146/411
f 4156/4156/400 4157/4157/181 4152/4152/180
f 4158/4158/414 4154/4154/212 4159/4159/403
f 4151/4151/1 4156/4156/400 4152/4152/180
f 4158/4158/414 4153/4153/412 4154/4154/212
f 4160/4160/13 4161/4161/13 4157/4157/181
f 4162/4162/402 4159/4159/403 4163/4163/385
f 4156/4156/400 4160/4160/13 4157/4157/181
f 4162/4162/402 4158/4158/414 4159/4159/403
f 4164/4164/58 4165/4165/13 4166/4166/13
f 4167/4167/386 4165/4165/13 4164/4164/58
f 4168/4168/385 4169/4169/385 4170/4170/401
f 4171/4171/404 4162/4162/402 4163/4163/385
f 4172/4172/385 4171/4171/404 4163/4163/385
f 4173/4173/183 4174/4174/59 4141/4141/60
f 4006/4006/8 4142/4142/8 4009/4009/8
f 4138/4138/408 4173/4173/183 4141/4141/60
f 4167/4167/386 4164/4164/58 4174/4174/59
f 4173/4173/183 4167/4167/386 4174/4174/59
f 4175/4175/405 4170/4170/401 4176/4176/206
f 4177/4177/406 4168/4168/385 4170/4170/401
f 4175/4175/405 4178/4178/407 4170/4170/401
f 4177/4177/406 4170/4170/401 4178/4178/407
f 4179/4179/409 4176/4176/206 4148/4148/379
f 4179/4179/409 4175/4175/405 4176/4176/206
f 4147/4147/410 4179/4179/409 4148/4148/379
f 4180/4180/59 4181/4181/59 4182/4182/59
f 4183/4183/13 4184/4184/13 4185/4185/13
f 4186/4186/13 4184/4184/13 4183/4183/13
f 4180/4180/59 4187/4187/59 4181/4181/59
f 4188/4188/91 4189/4189/91 4190/4190/91
f 4191/4191/91 3941/3941/91 4189/4189/91
f 4192/4192/91 4191/4191/91 4189/4189/91
f 4193/4193/91 4189/4189/91 4194/4194/91
f 4195/4195/91 4194/4194/91 4189/4189/91
f 4196/4196/91 4189/4189/91 4193/4193/91
f 4192/4192/91 4189/4189/91 4196/4196/91
f 4195/4195/91 4189/4189/91 4188/4188/91
f 4197/4197/10 4198/4198/10 4199/4199/10
f 4197/4197/10 4200/4200/10 4198/4198/10
f 4201/4201/91 4190/4190/91 3942/3942/91
f 4188/4188/91 4190/4190/91 4202/4202/91
f 4201/4201/91 4202/4202/91 4190/4190/91
f 3877/3877/8 3914/3914/8 4080/4080/8
f 4203/4203/1 4204/4204/1 4205/4205/1
f 4203/4203/1 4206/4206/1 4204/4204/1
f 4207/4207/91 3942/3942/91 3943/3943/91
f 4208/4208/91 3942/3942/91 4207/4207/91
f 4209/4209/91 3942/3942/91 4208/4208/91
f 4201/4201/91 3942/3942/91 4209/4209/91
f 4210/4210/91 3941/3941/91 4191/4191/91
f 4211/4211/91 3941/3941/91 4210/4210/91
f 3944/3944/91 3941/3941/91 4211/4211/91
f 4212/4212/10 4213/4213/10 4214/4214/10
f 4215/4215/59 4216/4216/59 4217/4217/59
f 4218/4218/59 4216/4216/59 4215/4215/59
f 4082/4082/8 4081/4081/8 3967/3967/8
f 4212/4212/10 4219/4219/10 4213/4213/10
f 4188/4188/91 4220/4220/91 4221/4221/91
f 3936/3936/91 3954/3954/91 4220/4220/91
f 4188/4188/91 3936/3936/91 4220/4220/91
f 4222/4222/1 4223/4223/1 4224/4224/1
f 4222/4222/1 4225/4225/1 4223/4223/1
f 3960/3960/91 4221/4221/91 3961/3961/91
f 4226/4226/91 4221/4221/91 3960/3960/91
f 4188/4188/91 4221/4221/91 4226/4226/91
f 4227/4227/13 4228/4228/13 4229/4229/13
f 4227/4227/13 4230/4230/13 4228/4228/13
f 3962/3962/91 3961/3961/91 3954/3954/91
f 4231/4231/91 3962/3962/91 3954/3954/91
f 4232/4232/91 3954/3954/91 3955/3955/91
f 4231/4231/91 3954/3954/91 4232/4232/91
f 4233/4233/8 4082/4082/8 3967/3967/8
f 3879/3879/8 4233/4233/8 3967/3967/8
f 4234/4234/59 4235/4235/59 4236/4236/59
f 4237/4237/13 4238/4238/13 4239/4239/13
f 4240/4240/13 4238/4238/13 4237/4237/13
f 3879/3879/8 3877/3877/8 4233/4233/8
f 4234/4234/59 4241/4241/59 4235/4235/59
f 4188/4188/91 4202/4202/91 4242/4242/91
f 4243/4243/91 3943/3943/91 4202/4202/91
f 4244/4244/91 4243/4243/91 4202/4202/91
f 4245/4245/91 4202/4202/91 4201/4201/91
f 4246/4246/91 4202/4202/91 4245/4245/91
f 4244/4244/91 4202/4202/91 4246/4246/91
f 4247/4247/10 4248/4248/10 4249/4249/10
f 4247/4247/10 4250/4250/10 4248/4248/10
f 4188/4188/91 4242/4242/91 3936/3936/91
f 4251/4251/1 4252/4252/1 4253/4253/1
f 4251/4251/1 4254/4254/1 4252/4252/1
f 4207/4207/91 3943/3943/91 4243/4243/91
f 4255/4255/178 4256/4256/10 4257/4257/10
f 4258/4258/374 4259/4259/10 4260/4260/10
f 4258/4258/374 4261/4261/375 4259/4259/10
f 4255/4255/178 4262/4262/415 4256/4256/10
f 4263/4263/376 4264/4264/376 4265/4265/377
f 4266/4266/378 4267/4267/379 4268/4268/376
f 4266/4266/378 4268/4268/376 4269/4269/376
f 4270/4270/1 4271/4271/180 4262/4262/415
f 4272/4272/380 4265/4265/377 4273/4273/212
f 4255/4255/178 4270/4270/1 4262/4262/415
f 4272/4272/380 4263/4263/376 4265/4265/377
f 4274/4274/400 4275/4275/382 4271/4271/180
f 4276/4276/212 4273/4273/212 4277/4277/383
f 4270/4270/1 4274/4274/400 4271/4271/180
f 4276/4276/212 4272/4272/380 4273/4273/212
f 4278/4278/13 4279/4279/13 4275/4275/382
f 4280/4280/384 4277/4277/383 4281/4281/385
f 4274/4274/400 4278/4278/13 4275/4275/382
f 4280/4280/384 4276/4276/212 4277/4277/383
f 4282/4282/192 4283/4283/13 4284/4284/13
f 4285/4285/386 4283/4283/13 4282/4282/192
f 4286/4286/385 4287/4287/385 4288/4288/387
f 4289/4289/385 4280/4280/384 4281/4281/385
f 4290/4290/183 4291/4291/59 4261/4261/375
f 4258/4258/374 4290/4290/183 4261/4261/375
f 4285/4285/386 4282/4282/192 4291/4291/59
f 4290/4290/183 4285/4285/386 4291/4291/59
f 4292/4292/388 4288/4288/387 4293/4293/389
f 4292/4292/388 4286/4286/385 4288/4288/387
f 4294/4294/206 4293/4293/389 4267/4267/379
f 4294/4294/206 4292/4292/388 4293/4293/389
f 4266/4266/378 4294/4294/206 4267/4267/379
f 3944/3944/91 4211/4211/91 4295/4295/91
f 3944/3944/91 4295/4295/91 4296/4296/91
f 4297/4297/394 4298/4298/376 4018/4018/394
f 4019/4019/376 4297/4297/394 4018/4018/394
f 3995/3995/376 4020/4020/376 4299/4299/416
f 3995/3995/376 4299/4299/416 4300/4300/417
f 4226/4226/91 3960/3960/91 4301/4301/91
f 4302/4302/91 4303/4303/91 3960/3960/91
f 4302/4302/91 3960/3960/91 3971/3971/91
f 4304/4304/91 4301/4301/91 4305/4305/418
f 4226/4226/91 4301/4301/91 4304/4304/91
f 4304/4304/91 4305/4305/418 4306/4306/365
f 4195/4195/91 4188/4188/91 4307/4307/91
f 4308/4308/91 4307/4307/91 4309/4309/365
f 4195/4195/91 4307/4307/91 4308/4308/91
f 4308/4308/91 4309/4309/365 4310/4310/418
f 4311/4311/8 4312/4312/8 4313/4313/8
f 4314/4314/59 4315/4315/59 4316/4316/59
f 4317/4317/8 4311/4311/8 4313/4313/8
f 4318/4318/10 4319/4319/10 4320/4320/10
f 4318/4318/10 4320/4320/10 4321/4321/10
f 4322/4322/13 4323/4323/13 4324/4324/13
f 4325/4325/8 4312/4312/8 4326/4326/8
f 4327/4327/1 4328/4328/1 4329/4329/1
f 4330/4330/10 4331/4331/10 4332/4332/10
f 4314/4314/59 4316/4316/59 4333/4333/59
f 4327/4327/1 4329/4329/1 4334/4334/1
f 4335/4335/1 4336/4336/1 4337/4337/1
f 4338/4338/13 4322/4322/13 4324/4324/13
f 4335/4335/1 4337/4337/1 4339/4339/1
f 4340/4340/8 4326/4326/8 4341/4341/8
f 4342/4342/13 4343/4343/13 4344/4344/13
f 4345/4345/59 4346/4346/59 4347/4347/59
f 4345/4345/59 4347/4347/59 4348/4348/59
f 4340/4340/8 4325/4325/8 4326/4326/8
f 4349/4349/8 4350/4350/8 4326/4326/8
f 4351/4351/59 4352/4352/59 4353/4353/59
f 4354/4354/8 4349/4349/8 4326/4326/8
f 4355/4355/10 4356/4356/10 4357/4357/10
f 4342/4342/13 4344/4344/13 4358/4358/13
f 4355/4355/10 4357/4357/10 4359/4359/10
f 4340/4340/8 4360/4360/8 4325/4325/8
f 4361/4361/1 4362/4362/1 4363/4363/1
f 4364/4364/10 4330/4330/10 4332/4332/10
f 4365/4365/10 4366/4366/10 4367/4367/10
f 4361/4361/1 4363/4363/1 4368/4368/1
f 4365/4365/10 4367/4367/10 4369/4369/10
f 4370/4370/8 4371/4371/8 4372/4372/8
f 4373/4373/10 4374/4374/419 4375/4375/419
f 4376/4376/1 4377/4377/1 4378/4378/1
f 4376/4376/1 4378/4378/1 4379/4379/1
f 4370/4370/8 4380/4380/8 4371/4371/8
f 4381/4381/59 4382/4382/59 4383/4383/59
f 4384/4384/8 4385/4385/8 4371/4371/8
f 4386/4386/8 4371/4371/8 4385/4385/8
f 4387/4387/13 4388/4388/13 4389/4389/13
f 4390/4390/1 4391/4391/1 4392/4392/1
f 4373/4373/10 4375/4375/419 4393/4393/10
f 4387/4387/13 4389/4389/13 4394/4394/13
f 4395/4395/13 4396/4396/13 4397/4397/13
f 4398/4398/59 4381/4381/59 4383/4383/59
f 4395/4395/13 4397/4397/13 4399/4399/13
f 4400/4400/13 4401/4401/13 4402/4402/13
f 4403/4403/135 4351/4351/59 4353/4353/59
f 4404/4404/1 4405/4405/1 4406/4406/1
f 4407/4407/13 4400/4400/13 4402/4402/13
f 4404/4404/1 4406/4406/1 4408/4408/1
f 4409/4409/8 4410/4410/8 4411/4411/8
f 4412/4412/59 4413/4413/59 4414/4414/59
f 4415/4415/8 4409/4409/8 4411/4411/8
f 4416/4416/10 4417/4417/10 4418/4418/10
f 4416/4416/10 4418/4418/10 4419/4419/10
f 4420/4420/13 4421/4421/13 4422/4422/13
f 4423/4423/59 4412/4412/59 4414/4414/59
f 4424/4424/1 4425/4425/1 4426/4426/1
f 4420/4420/13 4422/4422/13 4427/4427/13
f 4424/4424/1 4426/4426/1 4428/4428/1
f 4429/4429/8 4430/4430/8 4431/4431/8
f 4432/4432/10 4433/4433/10 4434/4434/10
f 4435/4435/1 4436/4436/1 4437/4437/1
f 4435/4435/1 4437/4437/1 4438/4438/1
f 4429/4429/8 4439/4439/8 4430/4430/8
f 4440/4440/59 4441/4441/59 4442/4442/59
f 4443/4443/10 4432/4432/10 4434/4434/10
f 4429/4429/8 4444/4444/8 4439/4439/8
f 4445/4445/10 4446/4446/10 4447/4447/10
f 4440/4440/59 4442/4442/59 4448/4448/59
f 4429/4429/8 4449/4449/8 4444/4444/8
f 4450/4450/59 4451/4451/59 4452/4452/59
f 4445/4445/10 4447/4447/10 4453/4453/10
f 4449/4449/8 4429/4429/8 4454/4454/8
f 4455/4455/10 4456/4456/10 4457/4457/10
f 4450/4450/59 4452/4452/59 4458/4458/59
f 4459/4459/8 4460/4460/8 4461/4461/8
f 4462/4462/59 4463/4463/59 4464/4464/59
f 4454/4454/8 4459/4459/8 4461/4461/8
f 4454/4454/8 4461/4461/8 4449/4449/8
f 4455/4455/10 4457/4457/10 4465/4465/10
f 4466/4466/13 4467/4467/13 4468/4468/13
f 4462/4462/59 4464/4464/59 4469/4469/59
f 4470/4470/1 4471/4471/1 4472/4472/1
f 4466/4466/13 4468/4468/13 4473/4473/13
f 4474/4474/13 4475/4475/13 4476/4476/13
f 4470/4470/1 4472/4472/1 4477/4477/1
f 4474/4474/13 4476/4476/13 4478/4478/13
f 4479/4479/8 4480/4480/8 4385/4385/8
f 4481/4481/59 4482/4482/59 4483/4483/59
f 4384/4384/8 4479/4479/8 4385/4385/8
f 4484/4484/10 4485/4485/10 4486/4486/10
f 4484/4484/10 4486/4486/10 4487/4487/10
f 4479/4479/8 4488/4488/8 4480/4480/8
f 4489/4489/13 4490/4490/13 4491/4491/13
f 4492/4492/59 4481/4481/59 4483/4483/59
f 4479/4479/8 4493/4493/8 4488/4488/8
f 4494/4494/1 4495/4495/1 4496/4496/1
f 4489/4489/13 4491/4491/13 4497/4497/13
f 4498/4498/10 4499/4499/10 4500/4500/10
f 4494/4494/1 4496/4496/1 4501/4501/1
f 4502/4502/1 4503/4503/1 4504/4504/1
f 4498/4498/10 4500/4500/10 4505/4505/10
f 4502/4502/1 4504/4504/1 4506/4506/1
f 4507/4507/1 4390/4390/1 4392/4392/1
f 4508/4508/8 4509/4509/8 4510/4510/8
f 4511/4511/13 4512/4512/13 4513/4513/13
f 4514/4514/8 4509/4509/8 4508/4508/8
f 4515/4515/8 4514/4514/8 4508/4508/8
f 4516/4516/1 4517/4517/1 4518/4518/1
f 4516/4516/1 4518/4518/1 4519/4519/1
f 4520/4520/8 4521/4521/8 4522/4522/8
f 4523/4523/1 4524/4524/1 4525/4525/1
f 4510/4510/8 4520/4520/8 4522/4522/8
f 4510/4510/8 4522/4522/8 4508/4508/8
f 4526/4526/13 4511/4511/13 4513/4513/13
f 4527/4527/10 4528/4528/10 4529/4529/10
f 4523/4523/1 4525/4525/1 4530/4530/1
f 4531/4531/8 4532/4532/8 4520/4520/8
f 4533/4533/1 4534/4534/1 4535/4535/1
f 4536/4536/8 4531/4531/8 4520/4520/8
f 4510/4510/8 4536/4536/8 4520/4520/8
f 4527/4527/10 4529/4529/10 4537/4537/10
f 4538/4538/10 4539/4539/10 4540/4540/10
f 4533/4533/1 4535/4535/1 4541/4541/1
f 4509/4509/8 4542/4542/8 4531/4531/8
f 4543/4543/59 4544/4544/59 4545/4545/59
f 4546/4546/8 4509/4509/8 4531/4531/8
f 4536/4536/8 4546/4546/8 4531/4531/8
f 4538/4538/10 4540/4540/10 4547/4547/10
f 4548/4548/13 4549/4549/13 4550/4550/13
f 4543/4543/59 4545/4545/59 4551/4551/59
f 4552/4552/1 4553/4553/1 4554/4554/1
f 4555/4555/10 4556/4556/10 4557/4557/10
f 4558/4558/59 4559/4559/59 4560/4560/59
f 4555/4555/10 4557/4557/10 4561/4561/10
f 4548/4548/13 4550/4550/13 4562/4562/13
f 4563/4563/13 4564/4564/13 4565/4565/13
f 4566/4566/1 4552/4552/1 4554/4554/1
f 4567/4567/59 4568/4568/59 4569/4569/59
f 4563/4563/13 4565/4565/13 4570/4570/13
f 4567/4567/59 4569/4569/59 4571/4571/59
f 4515/4515/8 4572/4572/8 4514/4514/8
f 4573/4573/10 4574/4574/10 4575/4575/10
f 4558/4558/59 4560/4560/59 4576/4576/59
f 4577/4577/8 4578/4578/8 4572/4572/8
f 4579/4579/59 4580/4580/59 4581/4581/59
f 4582/4582/8 4577/4577/8 4572/4572/8
f 4515/4515/8 4582/4582/8 4572/4572/8
f 4573/4573/10 4575/4575/10 4583/4583/10
f 4584/4584/13 4585/4585/13 4586/4586/13
f 4579/4579/59 4581/4581/59 4587/4587/59
f 4588/4588/1 4589/4589/1 4590/4590/1
f 4584/4584/13 4586/4586/13 4591/4591/13
f 4592/4592/13 4593/4593/13 4594/4594/13
f 4588/4588/1 4590/4590/1 4595/4595/1
f 4592/4592/13 4594/4594/13 4596/4596/13
f 4597/4597/91 4598/4598/91 4599/4599/91
f 4600/4600/91 4601/4601/91 4599/4599/91
f 4597/4597/91 4602/4602/91 4598/4598/91
f 4603/4603/91 4604/4604/91 4601/4601/91
f 4600/4600/91 4603/4603/91 4601/4601/91
f 4605/4605/91 4601/4601/91 4606/4606/91
f 4605/4605/91 4607/4607/91 4601/4601/91
f 4600/4600/91 4608/4608/91 4603/4603/91
f 4609/4609/91 4610/4610/91 4611/4611/91
f 4612/4612/91 4609/4609/91 4611/4611/91
f 4613/4613/91 4614/4614/91 4611/4611/91
f 4615/4615/91 4611/4611/91 4614/4614/91
f 4616/4616/91 4617/4617/91 4618/4618/91
f 4619/4619/91 4616/4616/91 4618/4618/91
f 4620/4620/91 4621/4621/91 4622/4622/91
f 4623/4623/91 4624/4624/91 4621/4621/91
f 4625/4625/91 4623/4623/91 4621/4621/91
f 4626/4626/91 4625/4625/91 4621/4621/91
f 4620/4620/91 4626/4626/91 4621/4621/91
f 4627/4627/91 4628/4628/91 4624/4624/91
f 4623/4623/91 4627/4627/91 4624/4624/91
f 4627/4627/91 4629/4629/91 4628/4628/91
f 4630/4630/91 4615/4615/91 4614/4614/91
f 4631/4631/91 4630/4630/91 4614/4614/91
f 4632/4632/91 4633/4633/91 4630/4630/91
f 4631/4631/91 4632/4632/91 4630/4630/91
f 4634/4634/91 4635/4635/91 4636/4636/91
f 4637/4637/91 4634/4634/91 4636/4636/91
f 4638/4638/91 4637/4637/91 4636/4636/91
f 4639/4639/91 4640/4640/91 4635/4635/91
f 4634/4634/91 4639/4639/91 4635/4635/91
f 4641/4641/91 4642/4642/91 4640/4640/91
f 4639/4639/91 4641/4641/91 4640/4640/91
f 4641/4641/91 4643/4643/91 4642/4642/91
f 4644/4644/91 4634/4634/91 4645/4645/91
f 4644/4644/91 4646/4646/91 4634/4634/91
f 4638/4638/91 4647/4647/91 4637/4637/91
f 4644/4644/91 4645/4645/91 4647/4647/91
f 4648/4648/91 4644/4644/91 4647/4647/91
f 4638/4638/91 4648/4648/91 4647/4647/91
f 4648/4648/91 4649/4649/91 4644/4644/91
f 4638/4638/91 4650/4650/91 4648/4648/91
f 4651/4651/16 4652/4652/16 4653/4653/133
f 4654/4654/318 4655/4655/318 4656/4656/329
f 4657/4657/16 4653/4653/133 4658/4658/280
f 4659/4659/302 4660/4660/302 4661/4661/302
f 4662/4662/16 4651/4651/16 4653/4653/133
f 4657/4657/16 4662/4662/16 4653/4653/133
f 4654/4654/318 4663/4663/318 4655/4655/318
f 4664/4664/16 4665/4665/16 4652/4652/16
f 4666/4666/285 4667/4667/285 4668/4668/285
f 4651/4651/16 4664/4664/16 4652/4652/16
f 4669/4669/285 4667/4667/285 4666/4666/285
f 4670/4670/16 4671/4671/16 4665/4665/16
f 4672/4672/261 4673/4673/261 4674/4674/261
f 4664/4664/16 4670/4670/16 4665/4665/16
f 4675/4675/261 4673/4673/261 4672/4672/261
f 4670/4670/16 4676/4676/16 4671/4671/16
f 4677/4677/286 4678/4678/286 4679/4679/286
f 4680/4680/286 4678/4678/286 4677/4677/286
f 4681/4681/16 4682/4682/16 4676/4676/16
f 4683/4683/307 4684/4684/307 4685/4685/307
f 4670/4670/16 4681/4681/16 4676/4676/16
f 4686/4686/307 4684/4684/307 4683/4683/307
f 4687/4687/16 4688/4688/167 4682/4682/16
f 4689/4689/420 4690/4690/420 4691/4691/420
f 4681/4681/16 4687/4687/16 4682/4682/16
f 4692/4692/420 4690/4690/420 4689/4689/420
f 4693/4693/16 4694/4694/16 4688/4688/167
f 4695/4695/1 4696/4696/1 4697/4697/1
f 4687/4687/16 4693/4693/16 4688/4688/167
f 4698/4698/1 4696/4696/1 4695/4695/1
f 4699/4699/16 4700/4700/280 4694/4694/16
f 4701/4701/271 4702/4702/271 4703/4703/271
f 4704/4704/133 4699/4699/16 4694/4694/16
f 4693/4693/16 4704/4704/133 4694/4694/16
f 4705/4705/271 4702/4702/271 4701/4701/271
f 4699/4699/16 4706/4706/16 4700/4700/280
f 4707/4707/292 4708/4708/292 4709/4709/292
f 4710/4710/292 4708/4708/292 4707/4707/292
f 4711/4711/16 4712/4712/16 4706/4706/16
f 4713/4713/294 4714/4714/294 4715/4715/294
f 4699/4699/16 4711/4711/16 4706/4706/16
f 4716/4716/294 4714/4714/294 4713/4713/294
f 4717/4717/16 4718/4718/16 4712/4712/16
f 4719/4719/262 4720/4720/262 4721/4721/262
f 4711/4711/16 4717/4717/16 4712/4712/16
f 4722/4722/262 4720/4720/262 4719/4719/262
f 4723/4723/16 4724/4724/16 4718/4718/16
f 4725/4725/297 4726/4726/297 4727/4727/297
f 4723/4723/16 4718/4718/16 4717/4717/16
f 4728/4728/297 4726/4726/297 4725/4725/297
f 4729/4729/16 4730/4730/16 4724/4724/16
f 4731/4731/314 4732/4732/315 4733/4733/315
f 4723/4723/16 4729/4729/16 4724/4724/16
f 4734/4734/314 4732/4732/315 4731/4731/314
f 4735/4735/16 4736/4736/167 4730/4730/16
f 4737/4737/299 4738/4738/299 4739/4739/299
f 4740/4740/16 4735/4735/16 4730/4730/16
f 4729/4729/16 4740/4740/16 4730/4730/16
f 4741/4741/299 4738/4738/299 4737/4737/299
f 4742/4742/16 4658/4658/280 4736/4736/167
f 4743/4743/59 4744/4744/59 4745/4745/59
f 4735/4735/16 4742/4742/16 4736/4736/167
f 4746/4746/133 4657/4657/16 4658/4658/280
f 4742/4742/16 4746/4746/133 4658/4658/280
f 4659/4659/302 4747/4747/302 4660/4660/302
f 4743/4743/59 4745/4745/59 4748/4748/59
f 4749/4749/16 4750/4750/16 4751/4751/16
f 4752/4752/262 4753/4753/262 4754/4754/262
f 4755/4755/16 4749/4749/16 4751/4751/16
f 4756/4756/59 4757/4757/59 4758/4758/59
f 4752/4752/262 4759/4759/262 4753/4753/262
f 4760/4760/1 4761/4761/1 4762/4762/1
f 4763/4763/1 4761/4761/1 4760/4760/1
f 4764/4764/261 4765/4765/261 4766/4766/261
f 4767/4767/261 4765/4765/261 4764/4764/261
f 4756/4756/59 4768/4768/59 4757/4757/59
f 4769/4769/16 4770/4770/16 4771/4771/16
f 4772/4772/261 4773/4773/261 4774/4774/261
f 4775/4775/16 4769/4769/16 4771/4771/16
f 4776/4776/1 4777/4777/1 4778/4778/1
f 4779/4779/1 4776/4776/1 4778/4778/1
f 4772/4772/261 4780/4780/261 4773/4773/261
f 4781/4781/59 4782/4782/59 4783/4783/59
f 4784/4784/262 4785/4785/262 4786/4786/262
f 4787/4787/262 4785/4785/262 4784/4784/262
f 4781/4781/59 4783/4783/59 4788/4788/59
f 4789/4789/16 4790/4790/16 4791/4791/16
f 4792/4792/1 4793/4793/1 4794/4794/1
f 4795/4795/262 4796/4796/262 4797/4797/262
f 4798/4798/16 4799/4799/16 4790/4790/16
f 4800/4800/261 4801/4801/261 4802/4802/261
f 4789/4789/16 4803/4803/16 4790/4790/16
f 4804/4804/133 4790/4790/16 4803/4803/16
f 4798/4798/16 4790/4790/16 4804/4804/133
f 4805/4805/1 4792/4792/1 4794/4794/1
f 4806/4806/16 4807/4807/16 4799/4799/16
f 4808/4808/325 4809/4809/325 4810/4810/421
f 4811/4811/16 4806/4806/16 4799/4799/16
f 4798/4798/16 4811/4811/16 4799/4799/16
f 4812/4812/325 4809/4809/325 4808/4808/325
f 4800/4800/261 4802/4802/261 4813/4813/261
f 4814/4814/16 4815/4815/16 4807/4807/16
f 4816/4816/422 4817/4817/422 4818/4818/422
f 4819/4819/16 4814/4814/16 4807/4807/16
f 4806/4806/16 4819/4819/16 4807/4807/16
f 4820/4820/422 4817/4817/422 4816/4816/422
f 4821/4821/16 4822/4822/133 4815/4815/16
f 4823/4823/423 4824/4824/423 4825/4825/423
f 4826/4826/16 4821/4821/16 4815/4815/16
f 4814/4814/16 4826/4826/16 4815/4815/16
f 4827/4827/424 4824/4824/423 4823/4823/423
f 4828/4828/16 4829/4829/16 4822/4822/133
f 4830/4830/282 4831/4831/282 4832/4832/282
f 4821/4821/16 4828/4828/16 4822/4822/133
f 4833/4833/282 4831/4831/282 4830/4830/282
f 4834/4834/59 4835/4835/59 4836/4836/59
f 4837/4837/59 4835/4835/59 4834/4834/59
f 4838/4838/283 4839/4839/283 4840/4840/283
f 4841/4841/283 4839/4839/283 4838/4838/283
f 4842/4842/425 4843/4843/425 4844/4844/425
f 4845/4845/426 4843/4843/425 4842/4842/425
f 4846/4846/133 4847/4847/274 4826/4826/16
f 4848/4848/298 4849/4849/298 4850/4850/298
f 4851/4851/176 4846/4846/133 4826/4826/16
f 4814/4814/16 4851/4851/176 4826/4826/16
f 4852/4852/298 4849/4849/298 4848/4848/298
f 4853/4853/16 4854/4854/16 4847/4847/274
f 4855/4855/427 4856/4856/427 4857/4857/427
f 4858/4858/133 4853/4853/16 4847/4847/274
f 4846/4846/133 4858/4858/133 4847/4847/274
f 4859/4859/262 4860/4860/262 4861/4861/262
f 4862/4862/262 4860/4860/262 4859/4859/262
f 4855/4855/427 4857/4857/427 4863/4863/428
f 4864/4864/16 4865/4865/16 4853/4853/16
f 4866/4866/429 4867/4867/429 4868/4868/430
f 4858/4858/133 4864/4864/16 4853/4853/16
f 4804/4804/133 4803/4803/16 4865/4865/16
f 4869/4869/262 4870/4870/262 4871/4871/262
f 4864/4864/16 4804/4804/133 4865/4865/16
f 4866/4866/429 4868/4868/430 4872/4872/430
f 4873/4873/59 4874/4874/59 4875/4875/59
f 4869/4869/262 4871/4871/262 4876/4876/262
f 4795/4795/262 4877/4877/262 4796/4796/262
f 4873/4873/59 4875/4875/59 4878/4878/59
f 4879/4879/261 4880/4880/261 4881/4881/261
f 4882/4882/59 4883/4883/59 4884/4884/59
f 4885/4885/59 4882/4882/59 4884/4884/59
f 4886/4886/431 4887/4887/431 4888/4888/431
f 4889/4889/261 4879/4879/261 4881/4881/261
f 4890/4890/431 4887/4887/431 4886/4886/431
f 4891/4891/287 4892/4892/287 4893/4893/287
f 4894/4894/287 4892/4892/287 4891/4891/287
f 4895/4895/270 4896/4896/270 4897/4897/432
f 4898/4898/270 4896/4896/270 4895/4895/270
f 4899/4899/1 4900/4900/1 4901/4901/1
f 4902/4902/1 4900/4900/1 4899/4899/1
f 4903/4903/271 4904/4904/271 4905/4905/271
f 4906/4906/271 4904/4904/271 4903/4903/271
f 4907/4907/293 4908/4908/293 4909/4909/293
f 4910/4910/293 4908/4908/293 4907/4907/293
f 4911/4911/313 4912/4912/313 4913/4913/313
f 4914/4914/313 4912/4912/313 4911/4911/313
f 4915/4915/262 4916/4916/262 4917/4917/262
f 4915/4915/262 4917/4917/262 4918/4918/262
f 4919/4919/261 4920/4920/261 4921/4921/261
f 4922/4922/286 4923/4923/286 4924/4924/286
f 4919/4919/261 4925/4925/261 4920/4920/261
f 4926/4926/285 4927/4927/285 4928/4928/285
f 4929/4929/285 4927/4927/285 4926/4926/285
f 4930/4930/318 4931/4931/318 4932/4932/329
f 4933/4933/318 4931/4931/318 4930/4930/318
f 4693/4693/16 4934/4934/16 4704/4704/133
f 4935/4935/279 4936/4936/279 4937/4937/279
f 4938/4938/279 4936/4936/279 4935/4935/279
f 4693/4693/16 4939/4939/167 4934/4934/16
f 4940/4940/433 4941/4941/323 4942/4942/323
f 4943/4943/433 4941/4941/323 4940/4940/433
f 4944/4944/16 4945/4945/274 4939/4939/167
f 4946/4946/305 4947/4947/305 4948/4948/305
f 4693/4693/16 4944/4944/16 4939/4939/167
f 4949/4949/305 4947/4947/305 4946/4946/305
f 4950/4950/59 4951/4951/59 4952/4952/59
f 4953/4953/59 4951/4951/59 4950/4950/59
f 4954/4954/300 4955/4955/300 4956/4956/300
f 4957/4957/300 4955/4955/300 4954/4954/300
f 4958/4958/434 4959/4959/435 4960/4960/435
f 4961/4961/434 4959/4959/435 4958/4958/434
f 4962/4962/315 4963/4963/315 4964/4964/314
f 4965/4965/315 4963/4963/315 4962/4962/315
f 4966/4966/297 4967/4967/306 4968/4968/306
f 4969/4969/297 4967/4967/306 4966/4966/297
f 4970/4970/262 4971/4971/262 4972/4972/262
f 4973/4973/262 4971/4971/262 4970/4970/262
f 4974/4974/295 4975/4975/295 4976/4976/295
f 4977/4977/295 4975/4975/295 4974/4974/295
f 4978/4978/294 4979/4979/294 4980/4980/294
f 4981/4981/294 4979/4979/294 4978/4978/294
f 4982/4982/293 4983/4983/293 4984/4984/293
f 4985/4985/293 4983/4983/293 4982/4982/293
f 4986/4986/327 4987/4987/327 4988/4988/327
f 4989/4989/327 4987/4987/327 4986/4986/327
f 4742/4742/16 4990/4990/16 4746/4746/133
f 4991/4991/59 4992/4992/59 4993/4993/59
f 4994/4994/59 4992/4992/59 4991/4991/59
f 4742/4742/16 4995/4995/16 4990/4990/16
f 4996/4996/262 4997/4997/262 4998/4998/262
f 4999/4999/262 4997/4997/262 4996/4996/262
f 5000/5000/1 5001/5001/1 5002/5002/1
f 4735/4735/16 5003/5003/16 4742/4742/16
f 5004/5004/261 5005/5005/261 5006/5006/261
f 5007/5007/261 5005/5005/261 5004/5004/261
f 5000/5000/1 5002/5002/1 5008/5008/1
f 5009/5009/59 5010/5010/59 5011/5011/59
f 5012/5012/436 5013/5013/436 5014/5014/436
f 5015/5015/436 5013/5013/436 5012/5012/436
f 5009/5009/59 5011/5011/59 5016/5016/59
f 5017/5017/287 5018/5018/287 5019/5019/287
f 5020/5020/287 5018/5018/287 5017/5017/287
f 5021/5021/267 5022/5022/437 5023/5023/437
f 5024/5024/267 5022/5022/437 5021/5021/267
f 4922/4922/286 5025/5025/286 4923/4923/286
f 5026/5026/16 5027/5027/16 5028/5028/16
f 5029/5029/261 5030/5030/261 5031/5031/261
f 5032/5032/16 5026/5026/16 5028/5028/16
f 5033/5033/16 5032/5032/16 5028/5028/16
f 5034/5034/1 5035/5035/1 5036/5036/1
f 5037/5037/1 5034/5034/1 5036/5036/1
f 5029/5029/261 5038/5038/261 5030/5030/261
f 5039/5039/59 5040/5040/59 5041/5041/59
f 5032/5032/16 5042/5042/16 5026/5026/16
f 5043/5043/305 5044/5044/305 5045/5045/305
f 5046/5046/305 5044/5044/305 5043/5043/305
f 5039/5039/59 5041/5041/59 5047/5047/59
f 5032/5032/16 5048/5048/16 5042/5042/16
f 5049/5049/324 5050/5050/323 5051/5051/323
f 5052/5052/433 5050/5050/323 5049/5049/324
f 5053/5053/262 5054/5054/262 5055/5055/262
f 5056/5056/262 5054/5054/262 5053/5053/262
f 5033/5033/16 5057/5057/16 5032/5032/16
f 5058/5058/438 5059/5059/439 5060/5060/439
f 5061/5061/438 5059/5059/439 5058/5058/438
f 5062/5062/16 5063/5063/16 5057/5057/16
f 5064/5064/284 5065/5065/284 5066/5066/284
f 5033/5033/16 5062/5062/16 5057/5057/16
f 5067/5067/284 5065/5065/284 5064/5064/284
f 5068/5068/16 5069/5069/16 5063/5063/16
f 5070/5070/298 5071/5071/298 5072/5072/298
f 5062/5062/16 5068/5068/16 5063/5063/16
f 5073/5073/298 5071/5071/298 5070/5070/298
f 5074/5074/16 5075/5075/16 5069/5069/16
f 5076/5076/297 5077/5077/306 5078/5078/306
f 5068/5068/16 5074/5074/16 5069/5069/16
f 5079/5079/297 5077/5077/306 5076/5076/297
f 5080/5080/16 5081/5081/16 5075/5075/16
f 5082/5082/262 5083/5083/262 5084/5084/262
f 5074/5074/16 5080/5080/16 5075/5075/16
f 5085/5085/262 5083/5083/262 5082/5082/262
f 5086/5086/16 5087/5087/16 5081/5081/16
f 5088/5088/295 5089/5089/295 5090/5090/295
f 5080/5080/16 5086/5086/16 5081/5081/16
f 5091/5091/295 5089/5089/295 5088/5088/295
f 5092/5092/16 5093/5093/16 5087/5087/16
f 5094/5094/317 5095/5095/311 5096/5096/311
f 5097/5097/440 5092/5092/16 5087/5087/16
f 5086/5086/16 5097/5097/440 5087/5087/16
f 5098/5098/317 5095/5095/311 5094/5094/317
f 5099/5099/16 5100/5100/16 5093/5093/16
f 5101/5101/293 5102/5102/293 5103/5103/293
f 5092/5092/16 5099/5099/16 5093/5093/16
f 5104/5104/293 5102/5102/293 5101/5101/293
f 5099/5099/16 5105/5105/16 5100/5100/16
f 5106/5106/327 5107/5107/327 5108/5108/327
f 5109/5109/327 5107/5107/327 5106/5106/327
f 5099/5099/16 5110/5110/280 5105/5105/16
f 5111/5111/291 5112/5112/291 5113/5113/291
f 5114/5114/291 5112/5112/291 5111/5111/291
f 5115/5115/1 5116/5116/1 5117/5117/1
f 5092/5092/16 5118/5118/16 5099/5099/16
f 5119/5119/261 5120/5120/261 5121/5121/261
f 5122/5122/261 5120/5120/261 5119/5119/261
f 5115/5115/1 5117/5117/1 5123/5123/1
f 5124/5124/59 5125/5125/59 5126/5126/59
f 5127/5127/282 5128/5128/282 5129/5129/282
f 5130/5130/282 5128/5128/282 5127/5127/282
f 5124/5124/59 5126/5126/59 5131/5131/59
f 5132/5132/302 5133/5133/302 5134/5134/302
f 5135/5135/302 5133/5133/302 5132/5132/302
f 5136/5136/303 5137/5137/303 5138/5138/303
f 5139/5139/308 5137/5137/303 5136/5136/303
f 5140/5140/261 5141/5141/261 5142/5142/261
f 5143/5143/261 5141/5141/261 5140/5140/261
f 5144/5144/286 5145/5145/286 5146/5146/286
f 5147/5147/286 5145/5145/286 5144/5144/286
f 5148/5148/307 5149/5149/336 5150/5150/336
f 5151/5151/307 5149/5149/336 5148/5148/307
f 5152/5152/288 5153/5153/288 5154/5154/288
f 5155/5155/288 5153/5153/288 5152/5152/288
f 5156/5156/133 5157/5157/16 5158/5158/167
f 5159/5159/298 5160/5160/298 5161/5161/298
f 5162/5162/16 5156/5156/133 5158/5158/167
f 5163/5163/16 5162/5162/16 5158/5158/167
f 5164/5164/284 5165/5165/284 5166/5166/284
f 5159/5159/298 5167/5167/298 5160/5160/298
f 5168/5168/16 5169/5169/16 5157/5157/16
f 5170/5170/320 5171/5171/320 5172/5172/320
f 5173/5173/133 5168/5168/16 5157/5157/16
f 5156/5156/133 5173/5173/133 5157/5157/16
f 5174/5174/320 5171/5171/320 5170/5170/320
f 5175/5175/16 5176/5176/16 5169/5169/16
f 5177/5177/262 5178/5178/262 5179/5179/262
f 5168/5168/16 5175/5175/16 5169/5169/16
f 5180/5180/16 5181/5181/16 5176/5176/16
f 5182/5182/276 5183/5183/276 5184/5184/276
f 5175/5175/16 5180/5180/16 5176/5176/16
f 5185/5185/276 5183/5183/276 5182/5182/276
f 5177/5177/262 5179/5179/262 5186/5186/262
f 5187/5187/16 5188/5188/16 5181/5181/16
f 5189/5189/294 5190/5190/294 5191/5191/294
f 5192/5192/274 5187/5187/16 5181/5181/16
f 5180/5180/16 5192/5192/274 5181/5181/16
f 5193/5193/294 5190/5190/294 5189/5189/294
f 5194/5194/16 5195/5195/133 5188/5188/16
f 5196/5196/293 5197/5197/293 5198/5198/293
f 5199/5199/441 5194/5194/16 5188/5188/16
f 5187/5187/16 5199/5199/441 5188/5188/16
f 5200/5200/293 5197/5197/293 5196/5196/293
f 5201/5201/167 5202/5202/16 5195/5195/133
f 5203/5203/327 5204/5204/327 5205/5205/327
f 5194/5194/16 5201/5201/167 5195/5195/133
f 5206/5206/327 5204/5204/327 5203/5203/327
f 5207/5207/274 5208/5208/133 5202/5202/16
f 5209/5209/310 5210/5210/310 5211/5211/310
f 5201/5201/167 5207/5207/274 5202/5202/16
f 5212/5212/310 5210/5210/310 5209/5209/310
f 5213/5213/1 5214/5214/1 5215/5215/1
f 5216/5216/316 5217/5217/316 5218/5218/316
f 5219/5219/316 5217/5217/316 5216/5216/316
f 5213/5213/1 5215/5215/1 5220/5220/1
f 5221/5221/436 5222/5222/436 5223/5223/436
f 5224/5224/436 5222/5222/436 5221/5221/436
f 5225/5225/16 5226/5226/16 5194/5194/16
f 5227/5227/287 5228/5228/287 5229/5229/287
f 5230/5230/16 5225/5225/16 5194/5194/16
f 5199/5199/441 5230/5230/16 5194/5194/16
f 5231/5231/287 5228/5228/287 5227/5227/287
f 5232/5232/167 5233/5233/16 5226/5226/16
f 5234/5234/267 5235/5235/267 5236/5236/267
f 5225/5225/16 5232/5232/167 5226/5226/16
f 5237/5237/267 5235/5235/267 5234/5234/267
f 5238/5238/16 5239/5239/16 5233/5233/16
f 5240/5240/326 5241/5241/326 5242/5242/326
f 5243/5243/16 5238/5238/16 5233/5233/16
f 5232/5232/167 5243/5243/16 5233/5233/16
f 5244/5244/326 5241/5241/326 5240/5240/326
f 5245/5245/16 5246/5246/16 5239/5239/16
f 5247/5247/261 5248/5248/261 5249/5249/261
f 5238/5238/16 5245/5245/16 5239/5239/16
f 5250/5250/16 5251/5251/16 5246/5246/16
f 5252/5252/325 5253/5253/325 5254/5254/421
f 5245/5245/16 5250/5250/16 5246/5246/16
f 5255/5255/325 5253/5253/325 5252/5252/325
f 5247/5247/261 5249/5249/261 5256/5256/261
f 5257/5257/16 5258/5258/16 5251/5251/16
f 5259/5259/303 5260/5260/303 5261/5261/303
f 5262/5262/442 5257/5257/16 5251/5251/16
f 5250/5250/16 5262/5262/442 5251/5251/16
f 5263/5263/308 5260/5260/303 5259/5259/303
f 5264/5264/16 5265/5265/16 5258/5258/16
f 5266/5266/279 5267/5267/279 5268/5268/279
f 5257/5257/16 5264/5264/16 5258/5258/16
f 5269/5269/279 5267/5267/279 5266/5266/279
f 5270/5270/309 5271/5271/309 5272/5272/309
f 5273/5273/309 5271/5271/309 5270/5270/309
f 5274/5274/262 5275/5275/262 5276/5276/262
f 5277/5277/262 5275/5275/262 5274/5274/262
f 5278/5278/271 5279/5279/271 5280/5280/271
f 5281/5281/271 5279/5279/271 5278/5278/271
f 5282/5282/311 5283/5283/317 5284/5284/317
f 5285/5285/311 5283/5283/317 5282/5282/311
f 5286/5286/295 5287/5287/295 5288/5288/295
f 5289/5289/295 5287/5287/295 5286/5286/295
f 5290/5290/262 5291/5291/262 5292/5292/262
f 5293/5293/297 5294/5294/297 5295/5295/297
f 5296/5296/297 5294/5294/297 5293/5293/297
f 5290/5290/262 5292/5292/262 5297/5297/262
f 5298/5298/315 5299/5299/314 5300/5300/314
f 5301/5301/315 5299/5299/314 5298/5298/315
f 5302/5302/299 5303/5303/299 5304/5304/299
f 5305/5305/299 5303/5303/299 5302/5302/299
f 5306/5306/300 5307/5307/300 5308/5308/300
f 5309/5309/300 5307/5307/300 5306/5306/300
f 5310/5310/59 5311/5311/59 5312/5312/59
f 5313/5313/305 5314/5314/305 5315/5315/305
f 5316/5316/305 5314/5314/305 5313/5313/305
f 5310/5310/59 5312/5312/59 5317/5317/59
f 5318/5318/302 5319/5319/302 5320/5320/302
f 5321/5321/302 5319/5319/302 5318/5318/302
f 5322/5322/329 5323/5323/318 5324/5324/318
f 5325/5325/329 5323/5323/318 5322/5322/329
f 5326/5326/285 5327/5327/285 5328/5328/330
f 5329/5329/285 5327/5327/285 5326/5326/285
f 5330/5330/261 5331/5331/261 5332/5332/261
f 5333/5333/286 5334/5334/286 5335/5335/339
f 5336/5336/286 5334/5334/286 5333/5333/286
f 5330/5330/261 5332/5332/261 5337/5337/261
f 5338/5338/307 5339/5339/307 5340/5340/307
f 5341/5341/307 5339/5339/307 5338/5338/307
f 5342/5342/270 5343/5343/270 5344/5344/270
f 5345/5345/270 5343/5343/270 5342/5342/270
f 5163/5163/16 5346/5346/16 5162/5162/16
f 5347/5347/261 5348/5348/261 5349/5349/261
f 5350/5350/261 5348/5348/261 5347/5347/261
f 5351/5351/322 5352/5352/322 5353/5353/322
f 5354/5354/322 5352/5352/322 5351/5351/322
f 5164/5164/284 5355/5355/284 5165/5165/284
f 5356/5356/16 5357/5357/16 5358/5358/16
f 5359/5359/262 5360/5360/262 5361/5361/262
f 5362/5362/16 5358/5358/16 5363/5363/133
f 5364/5364/295 5365/5365/295 5366/5366/295
f 5362/5362/16 5356/5356/16 5358/5358/16
f 5359/5359/262 5367/5367/262 5360/5360/262
f 5356/5356/16 5368/5368/16 5357/5357/16
f 5369/5369/297 5370/5370/297 5371/5371/297
f 5372/5372/297 5370/5370/297 5369/5369/297
f 5373/5373/16 5374/5374/16 5368/5368/16
f 5375/5375/284 5376/5376/284 5377/5377/443
f 5373/5373/16 5368/5368/16 5356/5356/16
f 5378/5378/284 5376/5376/284 5375/5375/284
f 5379/5379/16 5380/5380/16 5374/5374/16
f 5381/5381/299 5382/5382/299 5383/5383/299
f 5373/5373/16 5379/5379/16 5374/5374/16
f 5384/5384/299 5382/5382/299 5381/5381/299
f 5385/5385/16 5386/5386/265 5380/5380/16
f 5387/5387/300 5388/5388/300 5389/5389/300
f 5379/5379/16 5385/5385/16 5380/5380/16
f 5390/5390/300 5388/5388/300 5387/5387/300
f 5385/5385/16 5391/5391/16 5386/5386/265
f 5392/5392/59 5393/5393/59 5394/5394/59
f 5395/5395/59 5393/5393/59 5392/5392/59
f 5396/5396/133 5397/5397/16 5391/5391/16
f 5398/5398/305 5399/5399/305 5400/5400/305
f 5401/5401/16 5396/5396/133 5391/5391/16
f 5385/5385/16 5401/5401/16 5391/5391/16
f 5402/5402/305 5399/5399/305 5398/5398/305
f 5403/5403/16 5404/5404/16 5397/5397/16
f 5405/5405/302 5406/5406/302 5407/5407/302
f 5396/5396/133 5403/5403/16 5397/5397/16
f 5408/5408/302 5406/5406/302 5405/5405/302
f 5409/5409/16 5410/5410/167 5404/5404/16
f 5411/5411/279 5412/5412/279 5413/5413/279
f 5403/5403/16 5409/5409/16 5404/5404/16
f 5414/5414/444 5412/5412/279 5411/5411/279
f 5409/5409/16 5415/5415/16 5410/5410/167
f 5416/5416/285 5417/5417/285 5418/5418/330
f 5419/5419/285 5417/5417/285 5416/5416/285
f 5420/5420/16 5421/5421/16 5415/5415/16
f 5422/5422/261 5423/5423/261 5424/5424/261
f 5409/5409/16 5420/5420/16 5415/5415/16
f 5425/5425/261 5423/5423/261 5422/5422/261
f 5420/5420/16 5426/5426/16 5421/5421/16
f 5427/5427/286 5428/5428/286 5429/5429/286
f 5430/5430/286 5428/5428/286 5427/5427/286
f 5431/5431/16 5432/5432/167 5426/5426/16
f 5433/5433/287 5434/5434/287 5435/5435/287
f 5420/5420/16 5431/5431/16 5426/5426/16
f 5436/5436/287 5434/5434/287 5433/5433/287
f 5437/5437/16 5438/5438/16 5432/5432/167
f 5439/5439/288 5440/5440/288 5441/5441/288
f 5431/5431/16 5437/5437/16 5432/5432/167
f 5442/5442/288 5440/5440/288 5439/5439/288
f 5443/5443/133 5444/5444/445 5438/5438/16
f 5445/5445/304 5446/5446/304 5447/5447/304
f 5437/5437/16 5443/5443/133 5438/5438/16
f 5448/5448/304 5446/5446/304 5445/5445/304
f 5443/5443/133 5449/5449/133 5444/5444/445
f 5450/5450/1 5451/5451/1 5452/5452/1
f 5453/5453/1 5451/5451/1 5450/5450/1
f 5454/5454/16 5455/5455/274 5449/5449/133
f 5456/5456/291 5457/5457/291 5458/5458/291
f 5459/5459/167 5454/5454/16 5449/5449/133
f 5443/5443/133 5459/5459/167 5449/5449/133
f 5460/5460/291 5457/5457/291 5456/5456/291
f 5461/5461/16 5462/5462/16 5455/5455/274
f 5463/5463/292 5464/5464/292 5465/5465/292
f 5454/5454/16 5461/5461/16 5455/5455/274
f 5466/5466/292 5464/5464/292 5463/5463/292
f 5362/5362/16 5363/5363/133 5462/5462/16
f 5467/5467/293 5468/5468/293 5469/5469/293
f 5461/5461/16 5362/5362/16 5462/5462/16
f 5470/5470/293 5468/5468/293 5467/5467/293
f 5364/5364/295 5471/5471/295 5365/5365/295
f 5472/5472/261 5473/5473/261 5474/5474/261
f 5475/5475/286 5476/5476/286 5477/5477/286
f 5472/5472/261 5478/5478/261 5473/5473/261
f 5479/5479/285 5480/5480/285 5481/5481/285
f 5482/5482/285 5480/5480/285 5479/5479/285
f 5483/5483/303 5484/5484/303 5485/5485/303
f 5486/5486/308 5484/5484/303 5483/5483/303
f 5487/5487/279 5488/5488/279 5489/5489/279
f 5490/5490/279 5488/5488/279 5487/5487/279
f 5491/5491/16 5492/5492/167 5459/5459/167
f 5493/5493/302 5494/5494/302 5495/5495/302
f 5443/5443/133 5491/5491/16 5459/5459/167
f 5496/5496/302 5494/5494/302 5493/5493/302
f 5497/5497/133 5498/5498/445 5492/5492/167
f 5499/5499/282 5500/5500/282 5501/5501/282
f 5491/5491/16 5497/5497/133 5492/5492/167
f 5502/5502/282 5500/5500/282 5499/5499/282
f 5497/5497/133 5503/5503/274 5498/5498/445
f 5504/5504/305 5505/5505/305 5506/5506/305
f 5507/5507/305 5505/5505/305 5504/5504/305
f 5508/5508/59 5509/5509/59 5510/5510/59
f 5511/5511/59 5509/5509/59 5508/5508/59
f 5512/5512/446 5513/5513/446 5514/5514/446
f 5515/5515/446 5513/5513/446 5512/5512/446
f 5516/5516/299 5517/5517/299 5518/5518/299
f 5519/5519/299 5517/5517/299 5516/5516/299
f 5520/5520/284 5521/5521/284 5522/5522/284
f 5523/5523/284 5521/5521/284 5520/5520/284
f 5524/5524/298 5525/5525/298 5526/5526/298
f 5527/5527/298 5525/5525/298 5524/5524/298
f 5528/5528/297 5529/5529/297 5530/5530/306
f 5531/5531/297 5529/5529/297 5528/5528/297
f 5532/5532/262 5533/5533/262 5534/5534/262
f 5535/5535/262 5533/5533/262 5532/5532/262
f 5536/5536/295 5537/5537/295 5538/5538/295
f 5539/5539/295 5537/5537/295 5536/5536/295
f 5540/5540/294 5541/5541/294 5542/5542/294
f 5543/5543/294 5541/5541/294 5540/5540/294
f 5544/5544/293 5545/5545/293 5546/5546/293
f 5547/5547/293 5545/5545/293 5544/5544/293
f 5548/5548/16 5549/5549/133 5401/5401/16
f 5550/5550/292 5551/5551/292 5552/5552/292
f 5385/5385/16 5548/5548/16 5401/5401/16
f 5553/5553/292 5551/5551/292 5550/5550/292
f 5554/5554/133 5555/5555/16 5549/5549/133
f 5556/5556/447 5557/5557/447 5558/5558/447
f 5559/5559/176 5554/5554/133 5549/5549/133
f 5548/5548/16 5559/5559/176 5549/5549/133
f 5560/5560/447 5557/5557/447 5556/5556/447
f 5561/5561/1 5562/5562/1 5563/5563/1
f 5564/5564/1 5562/5562/1 5561/5561/1
f 5565/5565/304 5566/5566/304 5567/5567/304
f 5568/5568/304 5566/5566/304 5565/5565/304
f 5569/5569/270 5570/5570/270 5571/5571/270
f 5572/5572/270 5570/5570/270 5569/5569/270
f 5573/5573/288 5574/5574/288 5575/5575/288
f 5576/5576/288 5574/5574/288 5573/5573/288
f 5577/5577/287 5578/5578/287 5579/5579/287
f 5580/5580/287 5578/5578/287 5577/5577/287
f 5581/5581/267 5582/5582/267 5583/5583/437
f 5584/5584/267 5582/5582/267 5581/5581/267
f 5475/5475/286 5585/5585/286 5476/5476/286
f 5586/5586/16 5587/5587/16 5588/5588/16
f 5589/5589/297 5590/5590/297 5591/5591/297
f 5592/5592/16 5586/5586/16 5588/5588/16
f 5593/5593/16 5592/5592/16 5588/5588/16
f 5594/5594/295 5595/5595/295 5596/5596/295
f 5589/5589/297 5597/5597/297 5590/5590/297
f 5598/5598/16 5599/5599/16 5587/5587/16
f 5600/5600/315 5601/5601/314 5602/5602/448
f 5586/5586/16 5598/5598/16 5587/5587/16
f 5603/5603/315 5601/5601/314 5600/5600/315
f 5604/5604/16 5605/5605/16 5599/5599/16
f 5606/5606/284 5607/5607/284 5608/5608/284
f 5598/5598/16 5604/5604/16 5599/5599/16
f 5609/5609/284 5607/5607/284 5606/5606/284
f 5610/5610/16 5611/5611/16 5605/5605/16
f 5612/5612/59 5613/5613/59 5614/5614/59
f 5604/5604/16 5610/5610/16 5605/5605/16
f 5610/5610/16 5615/5615/16 5611/5611/16
f 5616/5616/262 5617/5617/262 5618/5618/262
f 5619/5619/262 5617/5617/262 5616/5616/262
f 5612/5612/59 5614/5614/59 5620/5620/59
f 5621/5621/1 5622/5622/1 5623/5623/1
f 5604/5604/16 5624/5624/16 5610/5610/16
f 5625/5625/261 5626/5626/261 5627/5627/261
f 5628/5628/261 5626/5626/261 5625/5625/261
f 5621/5621/1 5623/5623/1 5629/5629/1
f 5630/5630/59 5631/5631/59 5632/5632/59
f 5633/5633/59 5631/5631/59 5630/5630/59
f 5634/5634/287 5635/5635/287 5636/5636/287
f 5637/5637/287 5635/5635/287 5634/5634/287
f 5638/5638/336 5639/5639/307 5640/5640/307
f 5641/5641/336 5639/5639/307 5638/5638/336
f 5642/5642/286 5643/5643/286 5644/5644/286
f 5645/5645/286 5643/5643/286 5642/5642/286
f 5593/5593/16 5646/5646/16 5592/5592/16
f 5647/5647/261 5648/5648/261 5649/5649/261
f 5650/5650/261 5648/5648/261 5647/5647/261
f 5651/5651/16 5652/5652/16 5646/5646/16
f 5653/5653/449 5654/5654/278 5655/5655/278
f 5593/5593/16 5651/5651/16 5646/5646/16
f 5656/5656/449 5654/5654/278 5653/5653/449
f 5657/5657/16 5658/5658/16 5652/5652/16
f 5659/5659/318 5660/5660/318 5661/5661/329
f 5662/5662/16 5657/5657/16 5652/5652/16
f 5651/5651/16 5662/5662/16 5652/5652/16
f 5663/5663/318 5660/5660/318 5659/5659/318
f 5664/5664/16 5665/5665/167 5658/5658/16
f 5666/5666/279 5667/5667/279 5668/5668/279
f 5657/5657/16 5664/5664/16 5658/5658/16
f 5669/5669/279 5667/5667/279 5666/5666/279
f 5664/5664/16 5670/5670/369 5665/5665/167
f 5671/5671/282 5672/5672/282 5673/5673/282
f 5674/5674/282 5672/5672/282 5671/5671/282
f 5664/5664/16 5675/5675/167 5670/5670/369
f 5676/5676/309 5677/5677/309 5678/5678/309
f 5679/5679/309 5677/5677/309 5676/5676/309
f 5680/5680/59 5681/5681/59 5682/5682/59
f 5657/5657/16 5683/5683/16 5664/5664/16
f 5684/5684/262 5685/5685/262 5686/5686/262
f 5687/5687/262 5685/5685/262 5684/5684/262
f 5680/5680/59 5682/5682/59 5688/5688/59
f 5689/5689/1 5690/5690/1 5691/5691/1
f 5692/5692/310 5693/5693/310 5694/5694/310
f 5695/5695/310 5693/5693/310 5692/5692/310
f 5689/5689/1 5691/5691/1 5696/5696/1
f 5697/5697/293 5698/5698/293 5699/5699/293
f 5700/5700/293 5698/5698/293 5697/5697/293
f 5701/5701/450 5702/5702/294 5703/5703/294
f 5704/5704/450 5702/5702/294 5701/5701/450
f 5594/5594/295 5705/5705/295 5595/5595/295
f 5706/5706/19 5707/5707/19 5708/5708/19
f 5709/5709/19 5710/5710/451 5707/5707/19
f 5706/5706/19 5709/5709/19 5707/5707/19
f 5711/5711/19 5708/5708/19 5712/5712/19
f 5713/5713/452 5706/5706/19 5708/5708/19
f 5711/5711/19 5713/5713/452 5708/5708/19
f 5714/5714/19 5715/5715/452 5710/5710/451
f 5716/5716/19 5714/5714/19 5710/5710/451
f 5709/5709/19 5716/5716/19 5710/5710/451
f 5717/5717/19 5718/5718/451 5715/5715/452
f 5719/5719/452 5717/5717/19 5715/5715/452
f 5714/5714/19 5719/5719/452 5715/5715/452
f 5720/5720/19 5721/5721/19 5718/5718/451
f 5720/5720/19 5718/5718/451 5717/5717/19
f 5722/5722/19 5723/5723/19 5721/5721/19
f 5722/5722/19 5721/5721/19 5720/5720/19
f 5724/5724/19 5725/5725/19 5723/5723/19
f 5722/5722/19 5724/5724/19 5723/5723/19
f 5726/5726/19 5727/5727/451 5725/5725/19
f 5724/5724/19 5726/5726/19 5725/5725/19
f 5726/5726/19 5728/5728/451 5727/5727/451
f 5729/5729/19 5730/5730/19 5728/5728/451
f 5726/5726/19 5729/5729/19 5728/5728/451
f 5731/5731/19 5732/5732/451 5730/5730/19
f 5733/5733/19 5731/5731/19 5730/5730/19
f 5729/5729/19 5733/5733/19 5730/5730/19
f 5731/5731/19 5734/5734/19 5732/5732/451
f 5735/5735/19 5736/5736/19 5734/5734/19
f 5731/5731/19 5735/5735/19 5734/5734/19
f 5737/5737/19 5738/5738/19 5736/5736/19
f 5735/5735/19 5737/5737/19 5736/5736/19
f 5739/5739/19 5712/5712/19 5738/5738/19
f 5737/5737/19 5739/5739/19 5738/5738/19
f 5739/5739/19 5711/5711/19 5712/5712/19
f 5740/5740/19 5741/5741/19 5742/5742/19
f 5740/5740/19 5743/5743/19 5741/5741/19
f 5744/5744/19 5745/5745/19 5746/5746/19
f 5744/5744/19 5747/5747/19 5745/5745/19
f 5748/5748/451 5749/5749/19 5750/5750/19
f 5751/5751/19 5748/5748/451 5750/5750/19
f 5752/5752/19 5750/5750/19 5753/5753/19
f 5751/5751/19 5750/5750/19 5752/5752/19
f 5754/5754/19 5755/5755/19 5748/5748/451
f 5754/5754/19 5748/5748/451 5751/5751/19
f 5756/5756/19 5757/5757/19 5755/5755/19
f 5758/5758/19 5756/5756/19 5755/5755/19
f 5754/5754/19 5758/5758/19 5755/5755/19
f 5756/5756/19 5759/5759/19 5757/5757/19
f 5760/5760/451 5761/5761/451 5756/5756/19
f 5762/5762/453 5760/5760/451 5756/5756/19
f 5758/5758/19 5762/5762/453 5756/5756/19
f 5763/5763/19 5764/5764/452 5761/5761/451
f 5765/5765/19 5763/5763/19 5761/5761/451
f 5760/5760/451 5765/5765/19 5761/5761/451
f 5766/5766/19 5767/5767/19 5764/5764/452
f 5763/5763/19 5766/5766/19 5764/5764/452
f 5768/5768/452 5769/5769/19 5765/5765/19
f 5770/5770/19 5768/5768/452 5765/5765/19
f 5760/5760/451 5770/5770/19 5765/5765/19
f 5771/5771/19 5772/5772/19 5769/5769/19
f 5773/5773/19 5771/5771/19 5769/5769/19
f 5768/5768/452 5773/5773/19 5769/5769/19
f 5752/5752/19 5753/5753/19 5772/5772/19
f 5771/5771/19 5752/5752/19 5772/5772/19
f 5709/5709/19 5774/5774/19 5716/5716/19
f 5709/5709/19 5775/5775/19 5774/5774/19
f 5706/5706/19 5776/5776/19 5709/5709/19
f 5777/5777/452 5778/5778/19 5733/5733/19
f 5729/5729/19 5777/5777/452 5733/5733/19
f 5779/5779/454 5780/5780/452 5778/5778/19
f 5777/5777/452 5779/5779/454 5778/5778/19
f 5781/5781/19 5782/5782/19 5783/5783/19
f 5784/5784/19 5785/5785/451 5782/5782/19
f 5786/5786/19 5784/5784/19 5782/5782/19
f 5781/5781/19 5786/5786/19 5782/5782/19
f 5787/5787/19 5788/5788/19 5785/5785/451
f 5784/5784/19 5787/5787/19 5785/5785/451
f 5789/5789/19 5790/5790/19 5788/5788/19
f 5787/5787/19 5789/5789/19 5788/5788/19
f 5791/5791/19 5792/5792/19 5790/5790/19
f 5789/5789/19 5791/5791/19 5790/5790/19
f 5793/5793/19 5794/5794/19 5792/5792/19
f 5791/5791/19 5793/5793/19 5792/5792/19
f 5795/5795/19 5796/5796/19 5794/5794/19
f 5793/5793/19 5795/5795/19 5794/5794/19
f 5795/5795/19 5797/5797/19 5796/5796/19
f 5798/5798/19 5799/5799/19 5797/5797/19
f 5795/5795/19 5798/5798/19 5797/5797/19
f 5800/5800/19 5801/5801/19 5799/5799/19
f 5802/5802/19 5800/5800/19 5799/5799/19
f 5798/5798/19 5802/5802/19 5799/5799/19
f 5781/5781/19 5803/5803/19 5786/5786/19
f 5804/5804/19 5805/5805/19 5803/5803/19
f 5806/5806/451 5804/5804/19 5803/5803/19
f 5781/5781/19 5806/5806/451 5803/5803/19
f 5807/5807/19 5808/5808/451 5809/5809/19
f 5810/5810/19 5807/5807/19 5809/5809/19
f 5811/5811/19 5810/5810/19 5809/5809/19
f 5811/5811/19 5812/5812/455 5810/5810/19
f 5811/5811/19 5813/5813/19 5812/5812/455
f 5814/5814/19 5815/5815/19 5813/5813/19
f 5811/5811/19 5814/5814/19 5813/5813/19
f 5816/5816/19 5817/5817/19 5815/5815/19
f 5814/5814/19 5816/5816/19 5815/5815/19
f 5818/5818/19 5819/5819/19 5817/5817/19
f 5816/5816/19 5818/5818/19 5817/5817/19
f 5818/5818/19 5820/5820/19 5819/5819/19
f 5821/5821/19 5822/5822/19 5820/5820/19
f 5818/5818/19 5821/5821/19 5820/5820/19
f 5823/5823/19 5824/5824/451 5822/5822/19
f 5821/5821/19 5823/5823/19 5822/5822/19
f 5823/5823/19 5825/5825/454 5824/5824/451
f 5826/5826/19 5827/5827/19 5825/5825/454
f 5823/5823/19 5826/5826/19 5825/5825/454
f 5828/5828/19 5829/5829/456 5827/5827/19
f 5826/5826/19 5828/5828/19 5827/5827/19
f 5828/5828/19 5830/5830/451 5829/5829/456
f 5831/5831/19 5832/5832/19 5830/5830/451
f 5828/5828/19 5831/5831/19 5830/5830/451
f 5833/5833/19 5834/5834/19 5832/5832/19
f 5831/5831/19 5833/5833/19 5832/5832/19
f 5835/5835/19 5836/5836/452 5834/5834/19
f 5833/5833/19 5835/5835/19 5834/5834/19
f 5835/5835/19 5837/5837/452 5836/5836/452
f 5838/5838/19 5839/5839/19 5837/5837/452
f 5835/5835/19 5838/5838/19 5837/5837/452
f 5840/5840/19 5841/5841/19 5839/5839/19
f 5838/5838/19 5840/5840/19 5839/5839/19
f 5823/5823/19 5842/5842/452 5826/5826/19
f 5843/5843/451 5844/5844/452 5842/5842/452
f 5823/5823/19 5843/5843/451 5842/5842/452
f 5845/5845/19 5846/5846/457 5844/5844/452
f 5843/5843/451 5845/5845/19 5844/5844/452
f 5847/5847/19 5848/5848/19 5849/5849/19
f 5850/5850/19 5851/5851/452 5848/5848/19
f 5847/5847/19 5850/5850/19 5848/5848/19
f 5847/5847/19 5849/5849/19 5852/5852/19
f 5853/5853/19 5854/5854/452 5851/5851/452
f 5850/5850/19 5853/5853/19 5851/5851/452
f 5855/5855/451 5856/5856/454 5854/5854/452
f 5853/5853/19 5855/5855/451 5854/5854/452
f 5855/5855/451 5857/5857/451 5856/5856/454
f 5858/5858/19 5859/5859/451 5857/5857/451
f 5860/5860/452 5858/5858/19 5857/5857/451
f 5855/5855/451 5860/5860/452 5857/5857/451
f 5861/5861/19 5862/5862/451 5859/5859/451
f 5858/5858/19 5861/5861/19 5859/5859/451
f 5863/5863/19 5864/5864/19 5862/5862/451
f 5861/5861/19 5863/5863/19 5862/5862/451
f 5863/5863/19 5865/5865/19 5864/5864/19
f 5866/5866/19 5867/5867/19 5865/5865/19
f 5863/5863/19 5866/5866/19 5865/5865/19
f 5866/5866/19 5868/5868/19 5867/5867/19
f 5869/5869/19 5870/5870/19 5868/5868/19
f 5866/5866/19 5869/5869/19 5868/5868/19
f 5871/5871/19 5872/5872/19 5870/5870/19
f 5869/5869/19 5871/5871/19 5870/5870/19
f 5873/5873/19 5874/5874/458 5872/5872/19
f 5871/5871/19 5873/5873/19 5872/5872/19
f 5873/5873/19 5875/5875/452 5874/5874/458
f 5876/5876/451 5877/5877/452 5875/5875/452
f 5878/5878/19 5876/5876/451 5875/5875/452
f 5873/5873/19 5878/5878/19 5875/5875/452
f 5879/5879/19 5880/5880/19 5877/5877/452
f 5876/5876/451 5879/5879/19 5877/5877/452
f 5881/5881/19 5882/5882/19 5880/5880/19
f 5881/5881/19 5880/5880/19 5879/5879/19
f 5881/5881/19 5852/5852/19 5882/5882/19
f 5847/5847/19 5852/5852/19 5881/5881/19
f 5883/5883/452 5884/5884/451 5878/5878/19
f 5873/5873/19 5883/5883/452 5878/5878/19
f 5885/5885/452 5886/5886/459 5884/5884/451
f 5883/5883/452 5885/5885/452 5884/5884/451
f 5885/5885/452 5887/5887/19 5886/5886/459
f 5888/5888/19 5889/5889/19 5860/5860/452
f 5855/5855/451 5888/5888/19 5860/5860/452
f 5890/5890/454 5891/5891/456 5889/5889/19
f 5892/5892/19 5890/5890/454 5889/5889/19
f 5888/5888/19 5892/5892/19 5889/5889/19
f 5893/5893/19 5894/5894/19 5895/5895/19
f 5896/5896/19 5897/5897/452 5894/5894/19
f 5893/5893/19 5896/5896/19 5894/5894/19
f 5898/5898/19 5893/5893/19 5895/5895/19
f 5899/5899/19 5898/5898/19 5895/5895/19
f 5896/5896/19 5900/5900/19 5897/5897/452
f 5901/5901/19 5902/5902/456 5900/5900/19
f 5896/5896/19 5901/5901/19 5900/5900/19
f 5901/5901/19 5903/5903/19 5902/5902/456
f 5904/5904/451 5905/5905/19 5903/5903/19
f 5906/5906/19 5904/5904/451 5903/5903/19
f 5907/5907/19 5906/5906/19 5903/5903/19
f 5901/5901/19 5907/5907/19 5903/5903/19
f 5899/5899/19 5908/5908/19 5898/5898/19
f 5909/5909/454 5910/5910/19 5908/5908/19
f 5899/5899/19 5909/5909/454 5908/5908/19
f 5911/5911/457 5912/5912/19 5910/5910/19
f 5909/5909/454 5911/5911/457 5910/5910/19
f 5913/5913/19 5914/5914/19 5912/5912/19
f 5911/5911/457 5913/5913/19 5912/5912/19
f 5913/5913/19 5915/5915/19 5914/5914/19
f 5911/5911/457 5916/5916/19 5913/5913/19
