# Blender v2.82 (sub 7) OBJ File: ''
# www.blender.org
mtllib sim_sea_2-5_l_ankle_prt.mtl
o sim_sea_2-5_l_ankle_prt.001
v 34.868534 -599.782471 -47.648582
v 33.922035 -599.334595 -47.069118
v 33.383591 -597.943481 -51.456398
v 33.768101 -596.893616 -34.978542
v 34.799362 -600.067749 -44.028252
v 34.196098 -598.699768 -38.804382
v 34.945683 -598.753845 -50.637028
v 33.766056 -595.204834 -53.963253
v 34.926277 -599.800537 -41.282398
v 33.235977 -592.587036 -31.261799
v 33.126926 -591.599487 -56.415634
v 33.107521 -588.801392 -30.199717
v 33.221638 -585.618042 -57.034901
v 34.977604 -588.693909 -57.116455
v 33.163216 -585.386108 -30.247108
v 33.118511 -582.614441 -56.378853
v 33.293110 -579.545715 -32.495155
v 33.473885 -578.923401 -54.043324
v 33.688118 -576.543152 -35.883705
v 34.025108 -576.063232 -49.741768
v 34.725639 -574.761230 -47.103722
v 34.191479 -575.057800 -40.801662
v 34.877541 -574.389709 -43.980709
v 34.890625 -582.297241 -30.961014
v 35.155499 -598.921692 -37.261108
v 35.044601 -597.694031 -34.883102
v 35.093418 -595.441040 -54.225262
v 34.820740 -596.085144 -33.402439
v 34.624500 -592.092957 -56.258217
v 34.933846 -591.992126 -30.866352
v 34.655605 -588.903137 -30.022532
v 34.732903 -585.391479 -30.059731
v 34.547638 -582.604492 -56.443314
v 34.983109 -585.508545 -57.192657
v 35.047153 -577.890320 -33.413177
v 35.154022 -575.792664 -50.532925
v 34.951317 -578.858154 -54.285667
v 34.887691 -576.486694 -34.898937
v 35.089703 -575.214722 -37.157043
v 34.967350 -574.341736 -41.257847
v 37.363564 -600.307068 -47.395451
v 40.738258 -601.308044 -47.956684
v 37.377563 -600.584961 -44.210953
v 40.891422 -601.731384 -44.258774
v 37.444538 -597.633240 -52.789726
v 39.869125 -598.095642 -53.284214
v 42.216831 -600.981079 -52.199871
v 37.423500 -600.384155 -40.571266
v 40.819054 -601.541199 -40.324497
v 40.636215 -600.863770 -37.474586
v 42.560421 -600.546814 -32.632881
v 37.423748 -592.755127 -56.199505
v 40.617664 -593.364380 -57.121822
v 41.881039 -597.036621 -56.497791
v 40.346272 -596.613586 -31.975431
v 37.385902 -593.973206 -31.506069
v 39.696163 -594.425781 -31.072756
v 37.483822 -590.255493 -57.100571
v 39.848492 -590.585815 -57.640713
v 41.798855 -592.916748 -28.404291
v 40.640018 -588.823914 -28.870094
v 42.186619 -585.210938 -60.172855
v 42.113831 -589.071533 -60.141525
v 37.315174 -581.508240 -56.207382
v 37.444729 -584.012939 -57.148460
v 39.783993 -583.699829 -57.713768
v 41.819656 -581.389648 -28.399542
v 40.617828 -585.581604 -28.807175
v 40.402874 -580.930054 -57.176994
v 41.875893 -577.271240 -56.357014
v 37.483856 -580.313049 -31.526981
v 37.387768 -576.680420 -52.833931
v 39.712894 -576.154236 -53.377312
v 40.547504 -577.697083 -31.848862
v 39.762730 -579.839050 -31.025818
v 42.616539 -573.658081 -32.640488
v 42.319386 -573.338623 -52.323261
v 37.393070 -574.061096 -47.385529
v 40.699715 -572.956787 -48.026615
v 40.624298 -573.339844 -37.492680
v 37.403675 -573.825928 -40.575554
v 37.391994 -573.701904 -44.220345
v 40.829620 -572.441040 -44.312958
v 40.811775 -572.695557 -40.353100
v 43.482388 -603.297791 -52.223526
v 43.310783 -603.516296 -48.260807
v 42.667526 -600.863831 -56.220745
v 44.135941 -603.244080 -65.366325
v 43.230026 -603.555359 -40.473408
v 43.640099 -603.146729 -36.443672
v 42.275505 -596.833496 -28.503588
v 42.860069 -600.766174 -20.601645
v 42.276108 -596.939270 -20.768658
v 41.524998 -599.394592 3.104343
v 40.430393 -595.994080 -13.423089
v 41.460495 -599.050842 -13.468350
v 41.417980 -596.718872 -16.334295
v 42.812660 -600.804443 -16.614571
v 41.955364 -600.346130 -12.458491
v 40.308949 -595.951965 2.871051
v 39.678970 -592.530151 -13.385958
v 40.758495 -592.997803 -16.269924
v 39.601494 -592.601746 2.925242
v 43.630711 -603.178345 -16.477314
v 43.379517 -603.142090 3.092330
v 40.378151 -594.070129 3.264127
v 42.985310 -601.805908 3.802537
v 42.531609 -573.274536 3.789337
v 42.613037 -597.009521 -60.155918
v 43.984486 -600.854370 -67.645187
v 44.664436 -600.857849 -71.217934
v 42.648052 -593.005432 -60.252567
v 39.038174 -588.929077 -12.331092
v 40.585415 -589.099915 -16.400414
v 40.346092 -588.726929 -15.836819
v 39.255600 -588.968567 2.835727
v 39.690857 -585.906494 3.045459
v 42.511208 -589.060303 -24.579350
v 42.402077 -581.358643 -24.669809
v 39.033127 -585.241943 -12.328654
v 39.208950 -585.239990 2.779118
v 40.356152 -585.458984 -15.813513
v 40.643970 -581.289490 -16.349773
v 40.459404 -578.387390 3.022654
v 39.606525 -581.780701 2.740475
v 41.417412 -575.242737 3.222857
v 44.401913 -577.254089 4.610945
v 47.964184 -565.758545 3.581340
v 44.952133 -568.888794 3.289844
v 44.396896 -581.249329 4.623396
v 44.397087 -585.203186 4.615559
v 44.434841 -593.032837 4.522514
v 44.449253 -596.934143 4.477967
v 44.461559 -600.825745 4.440107
v 43.356091 -571.125610 2.996976
v 48.180382 -573.165222 5.021787
v 46.463600 -566.767334 3.063766
v 48.112320 -565.147949 3.260026
v 56.123730 -565.187927 5.058110
v 55.486217 -560.345520 3.405927
v 51.774593 -562.246887 3.103777
v 54.148960 -560.599915 2.966964
v 60.298409 -561.573242 4.505325
v 57.917248 -558.776672 3.049282
v 61.266708 -557.765198 3.316747
v 64.156227 -561.379944 4.855583
v 68.126244 -561.239746 4.986290
v 69.439224 -556.646484 3.409671
v 64.754288 -556.672119 2.942413
v 68.351189 -556.187012 2.977656
v 76.535881 -557.182495 3.523176
v 72.067390 -556.131836 3.026533
v 76.020515 -561.311279 4.891799
v 75.469971 -556.467773 3.096551
v 79.932167 -561.457947 4.611469
v 81.518936 -558.844666 3.483677
v 83.753036 -561.723267 4.109230
v 82.887871 -558.842102 3.126006
v 88.123672 -562.632324 3.187971
v 87.731026 -565.596924 4.301865
v 86.632698 -561.307434 2.815862
v 91.732628 -569.447021 4.405720
v 92.197304 -566.499756 3.412923
v 91.983459 -565.406555 3.057335
v 90.101807 -563.480652 2.958577
v 95.791664 -573.448669 4.506489
v 97.586601 -573.181335 3.792675
v 94.916847 -568.748108 3.118508
v 97.324654 -601.764282 3.868023
v 98.766312 -574.854126 3.181884
v 96.742393 -571.162231 3.043001
v 99.479820 -578.928162 3.324714
v 100.231850 -591.154480 3.176689
v 100.333641 -584.237671 3.110082
v 100.594063 -581.726562 2.897202
v 100.982262 -585.344788 2.880912
v 101.016747 -588.985535 2.856652
v 100.637344 -592.486511 2.866580
v 99.728096 -595.912598 3.087186
v 98.509644 -599.907043 3.205122
v 96.898064 -603.193604 3.164427
v 95.791817 -596.999084 4.595699
v 92.060577 -608.676025 3.567207
v 95.059837 -605.672668 3.277661
v 95.795059 -593.016113 4.599317
v 95.801727 -589.068542 4.598637
v 95.790756 -581.244873 4.547066
v 95.790115 -577.342896 4.523901
v 92.011559 -601.093506 4.994768
v 92.053741 -609.114624 3.224387
v 84.089828 -609.077087 5.007403
v 84.374458 -614.155640 3.393478
v 88.451653 -612.065247 3.121055
v 90.153839 -610.899109 2.977445
v 86.052116 -613.740356 2.992893
v 82.317963 -615.596558 3.105580
v 80.068741 -612.862488 4.844117
v 76.574883 -616.939270 3.833176
v 76.316017 -613.098389 5.753929
v 75.792244 -616.219727 4.546292
v 71.910088 -617.812256 4.307295
v 71.914749 -618.270325 3.564229
v 75.544289 -617.727722 3.304648
v 71.219933 -615.873352 7.257332
v 68.276848 -618.208008 3.622613
v 71.210396 -613.806213 8.671496
v 71.036522 -614.577942 8.482139
v 78.909607 -605.941528 6.291955
v 72.294472 -612.621887 8.101881
v 75.708900 -607.974915 6.552394
v 83.226578 -604.062561 6.074081
v 87.026665 -600.304504 6.162631
v 89.929482 -596.066040 6.170585
v 90.809181 -592.705444 6.194685
v 91.198204 -589.080994 6.577034
v 91.169144 -585.234741 6.577395
v 90.749146 -581.486450 6.171355
v 89.911797 -578.206177 6.108566
v 92.019264 -573.199097 5.065130
v 86.971542 -574.002747 6.132621
v 87.803497 -577.315002 6.558154
v 88.017097 -569.217468 5.040073
v 83.198471 -570.249695 6.101163
v 83.861656 -573.372681 6.524464
v 84.015350 -565.303650 4.942108
v 79.128944 -567.411133 6.082895
v 79.918907 -569.443542 6.435741
v 75.711853 -566.495605 6.115485
v 71.969749 -566.154419 6.183957
v 68.216812 -566.119568 6.136565
v 64.497589 -566.489502 6.068502
v 61.290077 -568.344727 6.226479
v 56.971489 -570.194031 6.101278
v 53.168617 -573.943848 6.211149
v 50.267452 -578.188232 6.206621
v 49.389606 -581.554932 6.223527
v 49.003319 -585.181824 6.595077
v 49.034729 -589.031311 6.572181
v 49.459888 -592.781616 6.147249
v 50.298195 -596.058899 6.068781
v 48.449867 -604.844116 4.380398
v 48.195747 -601.075500 5.023017
v 47.864460 -607.776428 3.416477
v 53.235641 -600.255371 6.078075
v 52.404171 -596.941284 6.505110
v 52.427429 -608.725952 4.310116
v 52.172169 -605.062866 5.007841
v 51.761337 -611.577087 3.298564
v 57.003838 -604.005188 6.060524
v 56.345158 -600.877197 6.474641
v 56.410992 -612.570312 4.127669
v 56.166420 -608.978882 4.925400
v 61.058247 -606.862305 6.180526
v 60.277744 -604.825195 6.499661
v 58.449131 -615.287537 3.407061
v 60.224464 -612.826050 4.840409
v 64.458099 -616.142334 4.592335
v 64.014427 -613.027893 5.762955
v 64.441498 -607.845642 6.524901
v 69.418587 -614.060486 8.964904
v 68.146217 -608.433228 7.237823
v 67.954926 -612.541565 8.117270
v 69.213654 -613.404907 8.834391
v 61.462669 -616.652222 3.360241
v 64.534607 -617.283508 3.448420
v 69.032791 -615.893494 7.229293
v 69.485268 -614.858398 8.541930
v 57.052670 -615.170715 3.007489
v 54.143452 -613.728943 2.905820
v 50.292301 -610.928406 2.995423
v 48.122631 -608.946167 3.077271
v 45.064396 -605.451782 3.162130
v 46.405663 -607.157043 2.971997
v 43.108868 -593.064575 -62.238621
v 42.395920 -581.252014 -60.222103
v 39.420345 -581.799683 -12.382411
v 39.685371 -581.797485 -13.368790
v 41.388397 -577.647217 -16.308943
v 42.123501 -581.255493 -20.888090
v 42.413635 -577.422852 -28.399736
v 42.518841 -577.344971 -20.655872
v 40.308514 -578.411316 -13.421961
v 44.003494 -576.904358 -69.993744
v 43.959148 -578.550232 -67.812088
v 43.197151 -581.276306 -62.211521
v 44.219955 -578.411682 -69.473824
v 42.782490 -573.649963 -28.611773
v 41.398773 -575.319214 -13.408352
v 42.836571 -573.498779 -16.553049
v 43.323170 -570.861450 -48.408836
v 43.009586 -570.678650 -43.637241
v 43.926540 -573.344971 -70.249886
v 43.410263 -570.728882 -36.427773
v 43.692783 -571.181091 -32.519123
v 43.642097 -571.139282 -12.458693
v 41.950813 -573.940002 -12.358726
v 41.845898 -573.899231 -0.691279
v 45.340267 -604.384583 -68.273079
v 45.214828 -605.727478 -65.374916
v 46.262821 -607.071472 -65.289513
v 45.058514 -601.647400 -71.063126
v 47.366367 -604.568542 -71.062370
v 48.238811 -607.878906 -65.556190
v 48.393559 -608.656494 -64.590675
v 47.377865 -604.497375 -71.206276
v 46.405560 -607.306396 -41.857670
v 45.181198 -605.712952 -41.967140
v 48.078865 -609.218384 -44.555992
v 46.226330 -607.401489 -14.441270
v 47.931229 -609.448730 -14.392302
v 45.087276 -605.735046 -14.463220
v 44.586403 -596.257385 -71.005203
v 43.960903 -595.726379 -67.837349
v 56.086288 -603.820007 -70.709496
v 48.755295 -604.474915 -70.988922
v 56.320419 -597.209717 -72.196899
v 52.443733 -595.763245 -71.935638
v 60.029087 -597.171997 -72.733727
v 57.521133 -601.990234 -71.089363
v 57.842579 -602.646240 -68.887573
v 52.995663 -605.921875 -68.131416
v 56.157974 -604.073425 -69.075462
v 59.738319 -600.157532 -71.487434
v 62.758217 -598.393982 -71.897842
v 60.220833 -600.272278 -71.344604
v 60.482689 -600.717285 -68.938126
v 65.198509 -595.310791 -74.682854
v 63.077785 -598.803772 -68.603371
v 67.444984 -597.103027 -72.359833
v 68.242790 -595.990845 -74.377708
v 61.960598 -592.102234 -75.104843
v 64.319366 -593.035461 -76.387268
v 56.902390 -593.145691 -72.901505
v 56.717201 -593.106934 -72.837456
v 56.714294 -573.271057 -72.044197
v 56.916462 -585.184814 -72.596558
v 60.960194 -588.989990 -75.061798
v 52.171574 -593.051514 -71.577957
v 48.884949 -593.180176 -71.116531
v 45.467068 -595.184082 -70.786758
v 45.255219 -592.704773 -67.975502
v 44.316132 -592.394043 -64.989281
v 44.491489 -581.984924 -64.941261
v 46.488014 -581.104797 -69.720436
v 45.800564 -576.538025 -71.188179
v 45.189606 -574.835205 -70.978745
v 44.429211 -572.464355 -70.090080
v 44.056896 -570.937805 -65.509232
v 45.256008 -570.040039 -68.293617
v 46.268703 -566.955994 -65.505554
v 45.347286 -568.470947 -65.465393
v 45.096519 -568.419800 -39.838516
v 44.907719 -569.000488 -13.792758
v 45.769100 -589.207642 -67.913200
v 48.815887 -589.217102 -70.403610
v 46.866692 -589.337463 -69.367340
v 48.666607 -581.070679 -70.729034
v 45.997349 -571.611633 -70.961487
v 47.469326 -570.086609 -71.014748
v 48.503407 -575.695740 -71.786163
v 52.249420 -571.348022 -71.601952
v 55.864326 -570.651611 -70.964142
v 56.802807 -573.279419 -71.955696
v 52.440609 -573.317078 -71.721710
v 57.434952 -571.616211 -71.316154
v 56.932255 -581.197144 -72.434975
v 62.052460 -582.168884 -74.999535
v 60.028744 -577.204102 -72.113686
v 65.336334 -579.160400 -74.709129
v 63.041016 -576.274170 -71.606750
v 60.107079 -573.920105 -70.016640
v 57.320019 -571.613708 -69.289742
v 55.773308 -570.344177 -69.107231
v 48.771130 -570.024536 -70.887756
v 46.354366 -571.040283 -70.906769
v 48.185638 -566.195679 -65.697227
v 47.806717 -565.293945 -65.232353
v 46.374916 -566.938599 -22.614529
v 48.089138 -564.921021 -20.044006
v 48.570404 -608.920959 -59.671291
v 49.246994 -608.099609 -63.649971
v 50.962128 -608.721069 -55.313202
v 50.503273 -610.645691 -53.485744
v 50.158554 -605.620972 -60.195522
v 49.870930 -610.992554 -44.653767
v 51.627125 -612.178894 -51.555798
v 51.654205 -612.767273 -17.308098
v 49.798458 -611.220886 -13.473687
v 51.741264 -612.457153 -0.788382
v 51.680065 -605.252014 -65.339905
v 52.383335 -593.017517 6.607473
v 52.382877 -577.164734 -71.791672
v 52.382538 -589.082397 6.574550
v 52.327801 -581.200867 6.684037
v 87.822121 -581.244934 6.639600
v 87.821175 -585.183228 6.581092
v 52.345245 -577.208069 6.606106
v 52.127285 -569.516174 -68.139938
v 52.404743 -569.760010 -67.918449
v 48.289352 -565.463196 -64.497375
v 48.343430 -565.254578 -63.758606
v 49.253838 -566.115784 -63.774937
v 48.727818 -564.647339 -59.458015
v 49.159351 -565.830261 -60.209949
v 51.686039 -562.827087 -54.394688
v 49.551430 -563.263611 -51.042271
v 51.219933 -561.586670 -47.296082
v 53.323006 -560.206543 -50.098980
v 49.790855 -563.282898 -16.955217
v 51.636860 -561.757874 -14.410281
v 49.862293 -563.216187 -6.139483
v 54.054909 -613.642456 -51.842026
v 56.315742 -612.952515 -52.438381
v 57.663406 -615.564331 -51.627335
v 56.412537 -609.440430 -53.088421
v 57.561794 -616.186584 -25.820160
v 53.812176 -614.215332 -16.561758
v 53.946774 -614.239685 -12.466530
v 57.410774 -616.124084 -18.267054
v 57.117332 -615.989319 -11.514523
v 51.891068 -601.679810 -55.981686
v 51.382565 -601.677429 -60.697582
v 51.978035 -601.717285 -64.164810
v 54.351852 -572.661743 -66.335876
v 63.358437 -575.568298 -69.211205
v 67.680405 -577.184387 -69.398224
v 72.700470 -577.088745 -69.199539
v 83.313019 -577.019409 -67.373497
v 86.474731 -577.042419 -66.745773
v 52.331425 -572.625854 -63.510803
v 51.481834 -569.364075 -65.210228
v 51.445904 -572.820496 -60.352222
v 50.151051 -568.689575 -60.258991
v 51.875626 -577.019043 -55.713955
v 51.384296 -569.058167 -56.009644
v 56.345039 -596.946411 6.533074
v 56.671761 -577.258911 -53.182827
v 87.871849 -593.054443 6.645422
v 58.548130 -570.755676 -53.724838
v 51.179680 -565.406250 -55.584492
v 83.861855 -577.308716 6.586621
v 79.919403 -573.366577 6.541954
v 64.173309 -569.412048 6.438921
v 72.042419 -569.431946 6.482596
v 75.980736 -569.436462 6.458705
v 87.851364 -597.041443 6.565069
v 60.285755 -600.883545 6.499141
v 76.028816 -604.889954 6.598831
v 68.144409 -604.877686 6.688296
v 64.210922 -604.847168 6.581376
v 71.986137 -608.437866 7.223201
v 70.560196 -612.939270 8.775389
v 69.573280 -612.909729 8.745544
v 58.026352 -561.848877 -53.617264
v 58.238144 -558.316467 -53.425064
v 56.308224 -558.074097 -44.466751
v 56.577911 -558.481934 -51.882599
v 54.255527 -559.507385 -35.912285
v 53.908310 -560.239868 -12.369623
v 57.419388 -558.191467 -18.804377
v 57.581085 -558.194336 -12.370440
v 60.106956 -593.274841 -52.419960
v 83.938171 -613.399414 -53.062634
v 64.021027 -597.222168 -52.143677
v 67.507584 -577.366577 -72.385109
v 84.157448 -573.543945 -68.249687
v 77.169807 -575.674683 -68.900284
v 72.708580 -577.122314 -72.444946
v 82.889526 -572.236206 -69.454369
v 79.958832 -573.902039 -69.359863
v 77.281090 -575.608276 -72.270050
v 79.872803 -573.745972 -71.921722
v 87.973747 -569.228882 -68.185539
v 84.461868 -570.708801 -69.530319
v 87.783073 -569.475647 -68.023178
v 82.590744 -571.948853 -71.947777
v 90.810844 -566.138123 -63.658260
v 84.534225 -570.547241 -71.634216
v 87.969955 -570.059387 -71.460831
v 91.865700 -566.398376 -65.400406
v 91.663155 -565.669434 -64.216324
v 91.702103 -565.449219 -63.497219
v 86.652298 -571.854004 -66.995026
v 88.706116 -569.265930 -65.341499
v 87.984344 -572.859619 -64.104630
v 85.630066 -575.039917 -66.146866
v 87.929924 -576.942444 -63.768353
v 82.199226 -603.139526 -68.973953
v 86.917480 -605.549744 -67.234924
v 79.949081 -600.628540 -69.232651
v 77.118813 -598.724548 -69.355156
v 72.555046 -597.069458 -69.378883
v 67.415001 -597.130920 -69.015404
v 83.881790 -604.260986 -68.935448
v 88.133934 -601.532715 -64.046295
v 88.378059 -605.006165 -65.014717
v 87.794701 -604.318848 -70.691635
v 91.704910 -607.781189 -65.362625
v 90.932991 -607.643738 -63.538654
v 91.636063 -608.534058 -64.452827
v 82.765518 -602.259399 -71.040878
v 84.109764 -604.082764 -70.857597
v 80.370285 -600.100525 -71.318558
v 77.444778 -598.230164 -71.665756
v 72.727989 -596.980652 -72.360764
v 60.322899 -584.851013 -52.397682
v 59.725300 -571.140686 -53.527264
v 63.272270 -577.968567 -52.146023
v 60.321201 -577.320007 -52.601650
v 60.869267 -555.471130 -53.620152
v 59.079514 -556.525391 -53.446072
v 58.930973 -556.416809 -51.949207
v 58.844063 -556.346375 -46.675709
v 57.849709 -557.667847 -40.441208
v 61.215630 -616.974854 -51.684425
v 61.070389 -617.497925 -28.044622
v 64.593948 -617.698792 -51.638176
v 64.520996 -618.286804 -16.899843
v 61.235497 -617.493042 -13.474112
v 64.686287 -618.244385 -6.368353
v 78.972382 -617.208191 -51.862576
v 68.170921 -618.122314 -51.641445
v 75.679604 -617.819580 -51.737358
v 72.060043 -618.164795 -51.674969
v 82.767052 -615.589111 -51.596798
v 80.150757 -589.300476 -52.458271
v 83.532990 -577.277222 -53.186676
v 89.011002 -609.432617 -55.708740
v 72.153702 -597.251953 -52.228096
v 89.508392 -611.300964 -53.700279
v 80.045288 -581.291565 -52.478920
v 80.034676 -577.366638 -52.661358
v 88.350250 -601.604370 -56.127945
v 88.031662 -573.053223 -55.980774
v 81.603500 -570.812561 -53.912457
v 76.963730 -577.955383 -52.340263
v 80.432625 -571.212036 -53.744789
v 76.141251 -581.278015 -52.274025
v 71.694641 -582.659424 -52.214005
v 77.363869 -570.004944 -53.469654
v 71.720436 -577.430969 -52.159969
v 74.371460 -585.793640 -52.278217
v 73.592651 -589.887695 -52.296818
v 68.600861 -591.390503 -52.267632
v 64.044769 -593.195496 -52.230663
v 65.903160 -587.341797 -52.257084
v 67.787910 -577.517334 -52.075569
v 68.534721 -582.641235 -52.189716
v 64.385719 -573.646545 -52.497505
v 64.237381 -577.246155 -52.130814
v 64.920578 -590.354004 -80.099998
v 60.987278 -585.256531 -75.029564
v 64.404785 -585.876953 -80.538437
v 64.402061 -588.410217 -80.450661
v 64.607712 -583.717163 -79.491249
v 64.302841 -581.258057 -76.412651
v 64.684120 -568.929810 -53.046425
v 64.577118 -554.741028 -53.398827
v 68.073532 -563.373962 -53.336380
v 68.809044 -565.275574 -52.866104
v 68.088631 -573.644470 -52.411098
v 75.489410 -568.987976 -53.295780
v 71.622787 -568.043762 -52.744667
v 68.585648 -567.982727 -52.728935
v 69.821053 -554.435974 -53.275036
v 72.114647 -563.392151 -53.394981
v 75.624825 -554.775696 -53.370560
v 71.386070 -565.295166 -52.903519
v 71.946854 -573.629089 -52.575924
v 79.294334 -555.505371 -53.592949
v 81.112228 -556.464233 -53.455086
v 88.804199 -569.197327 -55.887939
v 82.185104 -561.831482 -53.607319
v 82.381752 -565.560730 -53.862228
v 89.355270 -565.674072 -55.355080
v 81.946098 -558.235718 -53.433819
v 89.710548 -563.380188 -53.710453
v 86.527924 -560.299316 -52.372475
v 81.245827 -556.368164 -52.010098
v 83.585098 -558.228821 -52.105309
v 75.301514 -554.239075 -51.814915
v 75.369560 -554.138123 -49.177444
v 64.833527 -554.251709 -51.859482
v 60.823917 -555.432678 -46.684669
v 64.874695 -554.073425 -49.173622
v 61.061218 -556.500000 -40.447201
v 64.455750 -555.688843 -40.434101
v 64.160629 -554.497925 -46.769245
v 61.066589 -556.813293 -22.990072
v 64.525383 -556.027344 -16.050503
v 61.081970 -556.862305 -8.576798
v 68.149384 -618.644165 -14.584121
v 66.695602 -592.839233 -79.523575
v 66.231850 -591.827026 -80.372643
v 68.372147 -588.924316 -81.804825
v 68.370735 -585.326782 -81.795341
v 65.707069 -583.259216 -80.235497
v 69.025574 -581.192871 -80.497589
v 66.999405 -581.885376 -80.049850
v 68.358818 -578.313843 -74.469543
v 68.120560 -555.223450 -40.430645
v 69.074455 -553.907227 -48.350086
v 68.268707 -554.671814 -44.369640
v 68.233147 -555.651489 -12.000715
v 71.950157 -618.635498 -13.534911
v 70.799324 -614.855164 8.485812
v 71.853134 -596.005493 -74.417267
v 69.044830 -592.920776 -80.273842
v 71.141739 -593.059875 -80.464081
v 71.835007 -588.914551 -81.762680
v 71.860603 -585.298340 -81.803291
v 74.032890 -582.465149 -80.453712
v 71.171059 -581.273743 -80.345482
v 71.970200 -578.233887 -74.415192
v 72.080315 -554.985596 -44.421124
v 72.015259 -555.617126 -16.421007
v 75.674484 -618.236206 -16.877508
v 74.894669 -595.186462 -74.536324
v 73.440163 -592.746094 -79.383186
v 73.822876 -591.656677 -80.124237
v 75.810005 -588.357544 -80.434303
v 75.860306 -585.838135 -80.456993
v 73.257973 -581.881592 -80.254654
v 75.037102 -578.762939 -74.815842
v 76.070320 -554.560486 -46.826229
v 75.774040 -555.607117 -40.469818
v 75.662498 -556.100525 -16.666796
v 79.142570 -617.456116 -25.606453
v 79.173477 -617.405273 -13.480211
v 78.872444 -616.854736 3.131471
v 80.347801 -596.967773 -72.128670
v 75.901703 -593.049377 -76.257912
v 78.175171 -592.045105 -74.782646
v 75.244308 -590.259338 -79.974266
v 75.192726 -583.970093 -80.283241
v 74.765511 -582.261047 -79.524849
v 76.173195 -580.991272 -76.294464
v 78.469696 -582.193726 -75.642105
v 83.079529 -575.580505 -74.777237
v 83.629929 -573.476501 -73.893654
v 79.210709 -556.441223 -40.484524
v 79.251038 -555.362183 -46.982246
v 79.022697 -556.819519 -20.498232
v 78.831985 -557.274658 3.122351
v 82.806664 -616.196350 -26.958492
v 82.707169 -616.104675 -16.282900
v 83.594086 -593.456787 -72.472733
v 87.903847 -601.047302 -72.398468
v 92.536980 -604.288513 -70.858528
v 87.740173 -597.515015 -73.177887
v 84.267448 -596.980103 -72.075653
v 96.136993 -600.494934 -71.906799
v 95.486916 -601.319519 -71.588326
v 91.243599 -604.438232 -70.757645
v 93.859642 -603.166931 -71.071327
v 92.488014 -596.385132 -76.408920
v 98.433151 -595.068604 -76.400536
v 98.662392 -595.213501 -72.703178
v 89.604736 -592.062988 -75.707413
v 93.251472 -594.231812 -79.632637
v 83.541573 -589.560486 -73.230278
v 83.670990 -593.282410 -72.466171
v 86.445320 -591.979858 -72.376518
v 79.407608 -588.860474 -74.851433
v 79.441216 -585.169800 -75.420517
v 86.601166 -583.513367 -75.201866
v 84.814713 -572.003540 -73.470039
v 82.368202 -557.676514 -40.482624
v 81.289566 -556.405273 -46.713017
v 82.827370 -557.989014 -25.632589
v 82.107658 -557.926575 -15.743995
v 86.272041 -614.268738 -35.775700
v 87.440300 -612.965820 -52.140953
v 86.335304 -614.188416 -15.412247
v 93.647568 -607.188232 -65.257408
v 94.546585 -604.289490 -67.992378
v 83.610962 -589.691406 -73.174606
v 87.468880 -589.782227 -73.363464
v 87.400360 -585.012024 -75.339981
v 88.417824 -588.600037 -75.086174
v 87.464684 -580.906189 -75.684006
v 88.033478 -577.481140 -75.683006
v 87.696037 -573.213745 -74.490501
v 91.342178 -569.897949 -71.773720
v 92.696419 -569.900879 -71.718269
v 91.356857 -571.533936 -73.540924
v 95.509621 -573.472473 -73.858978
v 94.138527 -570.704529 -71.581207
v 93.697166 -566.989929 -65.211777
v 83.609528 -558.264709 -44.443588
v 83.448524 -558.566162 -13.497761
v 86.331596 -560.017944 -14.319051
v 86.210915 -560.137329 -0.555426
v 88.657860 -612.497925 -37.002193
v 91.540443 -608.904358 -59.661205
v 88.595726 -612.616455 -14.431375
v 89.934494 -605.714722 -60.293076
v 88.790199 -601.648804 -60.822712
v 92.311012 -592.614075 -79.838722
v 91.524345 -589.059875 -80.038452
v 88.726089 -573.003357 -60.462219
v 92.002930 -581.298584 -80.292725
v 91.090057 -573.041931 -74.706932
v 92.873154 -579.623047 -80.159294
v 91.665565 -576.628967 -76.734879
v 90.016357 -568.730957 -60.262081
v 90.955009 -565.909485 -60.244614
v 91.494766 -564.911438 -59.978504
v 88.682549 -561.888184 -51.802643
v 88.629486 -561.527466 -18.508799
v 88.547005 -561.669312 -0.570409
v 92.220764 -609.250977 -49.353889
v 90.502991 -611.121155 -16.728870
v 92.150040 -609.440369 -14.411530
v 99.197685 -594.022278 -88.380981
v 98.848335 -594.809448 -74.251556
v 93.107674 -591.770203 -92.073578
v 93.349182 -592.748291 -90.292343
v 93.481293 -593.388000 -87.844681
v 92.821388 -588.513672 -94.080757
v 92.984177 -590.762695 -93.024818
v 93.108025 -583.599731 -92.890930
v 92.927826 -585.805542 -93.948608
v 95.412369 -576.815308 -76.723244
v 93.493622 -581.550415 -90.167145
v 93.547821 -580.762512 -87.678368
v 99.254807 -579.790405 -84.669479
v 95.599342 -578.981445 -80.423378
v 92.184547 -564.925964 -42.460133
v 90.367989 -563.161743 -44.723732
v 90.442474 -562.973877 -16.047300
v 92.339310 -564.819458 -14.327036
v 96.002274 -603.281555 -65.306053
v 94.985039 -605.865906 -49.658501
v 93.982986 -607.324707 -17.442142
v 95.121712 -605.601501 -16.683987
v 95.290855 -605.462524 -12.481623
v 93.927834 -607.379028 -0.711856
v 96.732170 -600.970642 -68.065720
v 93.327438 -582.637695 -91.813583
v 99.335236 -580.190552 -88.231224
v 99.135864 -593.020325 -90.778076
v 98.921768 -590.993164 -92.591621
v 98.695747 -588.515869 -93.270256
v 98.966331 -579.220886 -74.270042
v 98.734123 -578.871399 -72.712227
v 97.930557 -597.329163 -67.992851
v 98.658134 -585.741638 -93.141533
v 98.884209 -583.154724 -92.261597
v 99.187775 -581.192383 -90.489044
v 98.484871 -578.871521 -76.392601
v 96.430222 -573.207764 -71.747482
v 97.368233 -572.976746 -68.068565
v 96.357307 -570.712219 -65.296127
v 94.832794 -569.751648 -68.154518
v 94.871368 -568.326599 -65.275566
v 93.807152 -566.911743 -41.154411
v 95.029373 -568.572754 -35.349266
v 94.077148 -566.863708 -8.672609
v 95.227364 -568.507263 -15.363780
v 96.432114 -603.239990 -52.164478
v 96.965065 -603.717102 -48.282524
v 99.556023 -601.427979 -47.971478
v 97.097977 -600.834229 -56.074818
v 98.123520 -601.109680 -52.168869
v 96.900055 -603.549255 -40.983017
v 99.351936 -601.801086 -44.291031
v 99.480774 -601.504272 -40.294868
v 96.701241 -603.320251 -36.446362
v 99.677727 -600.813782 -37.350307
v 97.659302 -600.600647 -32.646954
v 96.449005 -603.070312 -16.447039
v 97.177734 -600.652283 -20.563349
v 97.458870 -600.769897 -16.604616
v 98.120064 -600.281555 -12.456792
v 100.514915 -598.224426 -53.345863
v 102.896065 -600.235535 -47.408695
v 102.772835 -597.633667 -52.771290
v 105.018204 -598.546814 -50.596306
v 97.764549 -597.133606 -59.986847
v 98.545990 -597.143677 -56.367496
v 99.785751 -593.449219 -57.113968
v 102.767906 -592.747253 -56.119896
v 104.982719 -595.389526 -54.199780
v 97.947510 -593.121277 -60.059692
v 98.192078 -589.081726 -60.038055
v 100.485870 -590.648743 -57.692093
v 98.265717 -585.112793 -60.038021
v 105.211655 -585.576965 -57.249340
v 102.672157 -590.233948 -57.088749
v 105.200684 -588.588806 -57.110874
v 98.028862 -581.073486 -60.110935
v 99.736115 -580.850037 -57.036274
v 100.533836 -583.592712 -57.679306
v 102.725311 -584.018494 -57.162071
v 98.418724 -577.169739 -56.203701
v 97.864563 -573.255066 -52.138676
v 100.440857 -576.085938 -53.304131
v 105.261986 -578.803528 -54.377186
v 102.796432 -576.606995 -52.832817
v 99.479599 -572.876099 -47.930996
v 96.779800 -570.773865 -48.235386
v 105.098129 -575.674744 -50.691456
v 102.854683 -573.988586 -47.433361
v 97.117569 -570.812744 -42.775894
v 102.855484 -600.623352 -44.237370
v 102.886398 -600.471985 -40.716110
v 105.340118 -599.116882 -37.413303
v 105.293259 -597.833679 -35.094604
v 97.764977 -596.815552 -28.514050
v 99.717140 -596.529236 -31.827768
v 105.290298 -596.277588 -33.417763
v 98.861809 -596.634460 -16.334486
v 98.727684 -598.927795 -12.944331
v 99.846771 -595.777954 -13.385066
v 97.995422 -596.890503 -20.753172
v 97.746460 -581.314636 -24.669664
v 98.016426 -581.258911 -20.896555
v 99.578056 -592.983093 -16.311934
v 97.837059 -589.079407 -24.537527
v 98.354225 -592.839966 -28.508797
v 97.592239 -577.429443 -28.351267
v 97.659157 -577.322632 -20.679691
v 98.779884 -577.567627 -16.274401
v 99.675674 -585.168335 -16.455235
v 99.479584 -581.271118 -16.262478
v 96.924248 -573.722778 -28.584238
v 97.400749 -573.419861 -16.539360
v 96.231796 -571.352600 -32.523643
v 96.740952 -571.011597 -12.423854
v 98.758095 -575.270325 -13.404657
v 98.750641 -574.824402 -12.368053
v 97.778992 -573.722839 -32.586567
v 99.679932 -573.531738 -37.290756
v 96.811142 -570.779724 -36.342487
v 99.759743 -577.679016 -32.030460
v 105.052261 -576.481262 -35.042877
v 98.452576 -581.354858 -28.333620
v 100.365524 -579.909485 -31.145128
v 99.543861 -585.485962 -28.914642
v 105.201721 -582.356934 -30.909922
v 99.583862 -588.667480 -28.827679
v 100.404610 -594.354980 -31.109619
v 105.294922 -591.972717 -30.859200
v 105.533371 -588.838562 -30.208868
v 102.758820 -593.943726 -31.520006
v 100.605705 -592.457642 -13.370521
v 99.868011 -588.808472 -15.823544
v 100.629410 -581.702332 -13.372617
v 99.908066 -585.537598 -15.875469
v 99.900162 -578.242859 -13.382469
v 105.433372 -585.435974 -30.127611
v 102.845512 -581.456055 -56.221169
v 105.248634 -578.129944 -33.388969
v 102.753174 -580.331909 -31.549877
v 99.329651 -572.469116 -44.245953
v 102.823410 -573.677307 -44.255367
v 99.477364 -572.833496 -40.225784
v 102.835648 -573.854431 -40.694302
v 105.116188 -575.232666 -37.482635
v 105.310043 -600.153076 -44.854343
v 106.741783 -597.063232 -52.431988
v 105.626862 -599.894409 -40.995758
v 106.396423 -598.833679 -38.193039
v 106.890388 -595.208313 -32.796642
v 105.615128 -591.496094 -56.280869
v 101.083000 -589.027039 -12.308037
v 106.974594 -591.988586 -31.034382
v 106.856506 -585.446777 -30.366827
v 101.118340 -585.335632 -12.310357
v 100.702896 -581.697754 -12.324354
v 107.107468 -585.136414 -57.257671
v 105.683510 -582.494385 -56.362232
v 106.909760 -580.561096 -31.892363
v 100.216263 -578.187805 -0.577441
v 99.675873 -578.338623 2.803140
v 106.460587 -580.243103 -55.119350
v 106.515533 -577.847229 -53.123291
v 106.469398 -576.970764 -35.350132
v 105.517082 -574.604309 -46.948799
v 105.318291 -574.296509 -44.201019
v 106.325317 -575.876099 -49.990128
v 105.233788 -574.340027 -41.206860
v 106.205238 -599.117676 -47.142715
v 106.095955 -599.455505 -44.224823
v 106.356201 -595.605408 -53.592346
v 106.980682 -590.095825 -56.618881
v 106.953117 -578.805908 -54.153339
v 105.980301 -574.959961 -41.387642
vn -0.5166 -0.8324 -0.2005
vn -0.9669 -0.2524 0.0386
vn -0.7775 -0.6245 0.0738
vn -0.4652 -0.8817 -0.0784
vn -0.3002 -0.8995 -0.3174
vn 0.0340 -0.6774 -0.7348
vn -0.9373 -0.3439 0.0575
vn -0.7096 -0.6973 0.1007
vn -0.9993 -0.0382 0.0028
vn -0.4992 -0.5461 -0.6728
vn -0.9881 -0.1503 0.0326
vn -0.9999 0.0156 -0.0024
vn -0.2154 -0.0972 -0.9717
vn -0.9994 -0.0347 0.0030
vn -0.9999 0.0163 -0.0023
vn -0.9994 -0.0339 -0.0019
vn -0.9950 0.0993 -0.0055
vn -0.9997 0.0239 0.0042
vn -0.9769 0.2129 -0.0164
vn -0.9921 0.1252 -0.0047
vn -0.8383 0.5432 -0.0455
vn -0.9599 0.2801 -0.0136
vn -0.7790 0.6259 -0.0366
vn -0.2577 0.3521 0.8998
vn -0.5280 -0.8229 0.2099
vn -0.5209 -0.7930 0.3161
vn -0.6664 -0.6747 0.3173
vn -0.2560 -0.7050 -0.6614
vn -0.4472 -0.6386 0.6262
vn -0.4823 -0.6057 0.6328
vn -0.1029 -0.5718 -0.8139
vn -0.2539 -0.5277 -0.8106
vn 0.0205 -0.2468 -0.9689
vn -0.0136 -0.5264 0.8501
vn -0.1271 -0.2719 0.9539
vn -0.1269 -0.2720 0.9539
vn -0.1185 0.0157 0.9928
vn -0.1129 0.0130 0.9935
vn -0.0455 0.2117 -0.9763
vn -0.0877 -0.0237 -0.9959
vn -0.1012 0.2343 -0.9669
vn -0.1127 0.2832 0.9524
vn -0.0417 0.5371 -0.8425
vn -0.0016 0.4863 0.8738
vn -0.1361 0.7708 -0.6223
vn -0.1614 0.5055 -0.8476
vn -0.4826 0.6827 0.5487
vn -0.2893 0.6801 0.6736
vn -0.4884 0.7542 -0.4389
vn -0.4210 0.8528 -0.3091
vn -0.5865 0.7900 0.1786
vn -0.3880 0.8174 0.4258
vn -0.6752 0.7375 0.0093
vn -0.6066 0.7737 0.1828
vn -0.1629 -0.9316 -0.3249
vn -0.3102 -0.9266 -0.2126
vn -0.1968 -0.9768 -0.0843
vn -0.3101 -0.9472 -0.0813
vn -0.2977 -0.9498 -0.0964
vn -0.2537 -0.7055 -0.6618
vn -0.2687 -0.6907 -0.6714
vn -0.3239 -0.9280 -0.1844
vn -0.3341 -0.5575 -0.7600
vn -0.2015 -0.9761 -0.0808
vn -0.1925 -0.9797 0.0565
vn -0.3257 -0.9438 0.0562
vn -0.3094 -0.9501 0.0402
vn -0.2546 -0.9613 0.1053
vn -0.2810 -0.9341 0.2202
vn -0.3214 -0.9278 0.1897
vn -0.3290 -0.9233 0.1983
vn -0.4274 -0.8113 0.3989
vn -0.3215 -0.9280 0.1885
vn -0.2681 -0.7123 -0.6486
vn -0.1070 -0.5269 -0.8431
vn -0.3218 -0.3634 -0.8743
vn -0.3505 -0.8020 -0.4837
vn -0.3629 -0.2761 -0.8900
vn -0.2444 -0.6748 0.6963
vn -0.3907 -0.3614 0.8466
vn -0.1960 -0.5126 0.8360
vn -0.2500 -0.4609 0.8515
vn -0.2640 -0.4339 0.8614
vn -0.0601 -0.3372 -0.9395
vn -0.2534 -0.3227 -0.9120
vn -0.3131 -0.2574 -0.9142
vn -0.1367 -0.2292 -0.9637
vn -0.3346 -0.6381 0.6934
vn -0.1784 -0.2742 0.9450
vn -0.3361 0.0120 0.9417
vn -0.2613 -0.7374 0.6229
vn -0.2575 -0.4222 -0.8692
vn -0.3815 -0.0214 -0.9241
vn -0.3259 -0.6485 -0.6879
vn -0.3903 -0.0001 -0.9207
vn -0.1893 0.0146 0.9818
vn -0.0155 0.2476 -0.9687
vn -0.1881 0.3369 -0.9226
vn -0.2663 0.4633 -0.8453
vn -0.3166 0.6383 -0.7016
vn -0.3649 0.2775 0.8887
vn -0.2088 -0.0204 0.9778
vn -0.2091 -0.0351 0.9773
vn -0.1274 0.5053 -0.8535
vn -0.3376 0.3157 -0.8868
vn -0.3396 0.3345 -0.8791
vn -0.3387 0.3335 -0.8798
vn -0.2582 0.2391 -0.9360
vn -0.1827 0.4830 0.8564
vn -0.3388 0.6396 0.6900
vn -0.3129 0.7438 -0.5907
vn -0.3072 0.7414 -0.5966
vn -0.3376 0.7743 -0.5353
vn -0.2624 0.4145 0.8714
vn -0.2890 0.7080 0.6443
vn -0.2785 0.4317 0.8580
vn -0.4216 0.6361 0.6462
vn -0.2698 0.3164 0.9094
vn -0.3876 0.6689 -0.6343
vn -0.2718 0.9117 -0.3082
vn -0.3498 0.9034 -0.2482
vn -0.3645 0.9054 -0.2179
vn -0.3071 0.5696 -0.7624
vn -0.4174 0.8072 0.4174
vn -0.3066 0.9360 0.1727
vn -0.3051 0.9339 0.1865
vn -0.2626 0.9596 -0.1014
vn -0.2719 0.9562 -0.1086
vn -0.3449 0.9326 -0.1060
vn -0.3351 0.9348 -0.1181
vn -0.2646 0.9643 -0.0082
vn -0.2161 0.9758 0.0339
vn -0.3166 0.9480 0.0333
vn -0.3424 0.9377 0.0587
vn -0.2581 0.9433 0.2085
vn -0.3202 0.9285 0.1881
vn -0.8315 -0.4509 -0.3245
vn -0.6542 -0.7540 -0.0592
vn -0.6545 -0.7528 -0.0698
vn -0.7522 -0.6508 -0.1033
vn -0.8769 -0.4786 -0.0456
vn -0.9798 -0.1641 -0.1146
vn -0.7978 -0.2050 -0.5670
vn -0.6400 -0.7680 0.0254
vn -0.6046 -0.7965 -0.0103
vn -0.6296 -0.7640 0.1412
vn -0.6404 -0.7068 0.3007
vn -0.6293 -0.7641 0.1416
vn -0.7702 -0.4998 0.3963
vn -0.9152 -0.4027 0.0155
vn -0.9971 -0.0755 -0.0010
vn -0.9885 -0.1499 0.0219
vn -0.5578 -0.4528 0.6956
vn -0.8712 -0.1181 0.4766
vn -0.9476 -0.3193 -0.0029
vn -0.9219 -0.3072 -0.2363
vn -0.8864 -0.4431 -0.1340
vn -0.9331 -0.3595 -0.0038
vn -0.9256 -0.3002 -0.2305
vn -0.9428 -0.3334 -0.0062
vn -0.9773 -0.2119 -0.0067
vn -0.9460 -0.1628 -0.2804
vn -0.9281 -0.1980 -0.3153
vn -0.9784 -0.2065 -0.0056
vn -0.9311 -0.3299 -0.1557
vn -0.8963 -0.4435 0.0023
vn -0.8669 -0.4983 -0.0102
vn -0.9466 -0.3221 -0.0143
vn -0.9737 -0.2275 -0.0138
vn -0.9454 -0.3259 -0.0010
vn -0.9692 -0.1687 -0.1792
vn -0.9712 -0.1561 -0.1802
vn -0.5722 -0.1475 0.8067
vn -0.6075 -0.1409 0.7817
vn -0.8484 -0.4209 0.3209
vn -0.6256 -0.1577 0.7640
vn -0.2105 -0.0029 0.9776
vn -0.9188 -0.3478 -0.1864
vn -0.9824 0.0047 -0.1869
vn -0.9798 0.0404 -0.1958
vn -0.9717 -0.2078 -0.1122
vn -0.7788 -0.3167 -0.5414
vn -0.8387 -0.0058 -0.5446
vn -0.9848 -0.1736 -0.0054
vn -0.9380 -0.0531 -0.3425
vn -0.9339 -0.0631 -0.3520
vn -0.9331 -0.0643 -0.3537
vn -0.9954 -0.0944 0.0140
vn -0.9592 -0.0519 -0.2781
vn -0.4169 -0.0108 0.9089
vn -0.3652 -0.0118 0.9308
vn -0.2671 0.0033 0.9637
vn -0.7151 -0.0775 -0.6947
vn -0.9001 -0.2115 0.3809
vn -0.9460 -0.1227 0.2999
vn -0.9128 -0.0142 0.4081
vn -0.9168 -0.0083 0.3993
vn -0.9999 -0.0014 0.0143
vn -0.9369 -0.0011 -0.3496
vn -0.9999 -0.0123 0.0116
vn -0.9191 0.0056 -0.3940
vn -0.9348 0.0054 -0.3552
vn -0.9100 0.0095 -0.4145
vn -0.9268 0.0094 -0.3755
vn -0.4759 0.0074 0.8795
vn -0.4501 0.0487 0.8917
vn -0.4198 0.0584 0.9057
vn -0.4997 0.0537 0.8646
vn -0.6437 0.1483 0.7508
vn -0.1469 0.1333 0.9801
vn -0.4251 0.3306 0.8426
vn -0.3962 0.0034 0.9182
vn -0.4147 -0.0018 0.9100
vn -0.4720 -0.0128 0.8815
vn -0.4640 -0.0118 0.8858
vn -0.4462 -0.0101 0.8949
vn -0.3932 -0.0058 0.9194
vn -0.8725 0.4242 0.2425
vn -0.7394 0.4637 0.4882
vn -0.2911 0.1744 0.9407
vn -0.5522 0.4670 0.6907
vn -0.5593 0.4883 0.6699
vn -0.1901 0.2945 0.9366
vn -0.2906 0.4314 0.8541
vn -0.1874 0.1822 0.9652
vn -0.3637 0.5014 0.7851
vn -0.3521 0.5693 0.7429
vn -0.1380 0.3035 0.9428
vn -0.3424 0.6784 0.6501
vn -0.2269 0.5363 0.8129
vn -0.1216 0.3050 0.9446
vn -0.1028 0.4089 0.9068
vn -0.0570 0.3387 0.9392
vn -0.0855 0.5560 0.8268
vn -0.0434 0.3617 0.9313
vn -0.0847 0.5687 0.8182
vn 0.0092 0.3223 0.9466
vn 0.0249 0.5119 0.8587
vn -0.0197 0.6597 0.7513
vn 0.0142 0.3130 0.9496
vn 0.0374 0.5528 0.8325
vn 0.1182 0.3321 0.9358
vn 0.0794 0.3047 0.9491
vn 0.1452 0.3164 0.9374
vn 0.2031 0.5902 0.7813
vn 0.2678 0.3985 0.8772
vn 0.2369 0.3421 0.9093
vn 0.2574 0.3098 0.9153
vn 0.5071 0.7086 0.4907
vn 0.2715 0.3068 0.9122
vn 0.2152 0.2811 0.9352
vn 0.2790 0.3459 0.8958
vn 0.3367 0.5859 0.7371
vn 0.2227 0.2657 0.9380
vn 0.2472 0.2741 0.9294
vn 0.3127 0.3034 0.9001
vn 0.3932 0.3651 0.8439
vn 0.3840 0.3527 0.8533
vn 0.3697 -0.0009 0.9292
vn 0.8251 0.4644 0.3216
vn 0.6685 0.4879 0.5613
vn 0.5972 0.1323 0.7911
vn 0.2410 0.0004 0.9705
vn 0.2742 0.0052 0.9617
vn 0.2244 0.0020 0.9745
vn 0.3894 0.0376 0.9203
vn 0.4276 0.0322 0.9034
vn 0.3692 0.0035 0.9293
vn 0.3283 -0.0032 0.9446
vn 0.4951 -0.0512 0.8673
vn 0.4459 -0.0640 0.8928
vn 0.4615 -0.0655 0.8847
vn 0.8436 -0.4178 0.3373
vn 0.6884 -0.1893 0.7002
vn 0.0996 -0.1188 0.9879
vn 0.4679 -0.3909 0.7926
vn 0.4259 -0.0012 0.9048
vn 0.4287 -0.0006 0.9035
vn 0.4758 0.0065 0.8795
vn 0.4636 0.0053 0.8860
vn 0.4439 0.0038 0.8961
vn 0.6783 -0.4774 0.5585
vn 0.2892 -0.1753 0.9411
vn 0.5728 -0.5102 0.6416
vn 0.1843 -0.2883 0.9396
vn 0.2607 -0.3937 0.8815
vn 0.1837 -0.1807 0.9662
vn 0.4467 -0.5667 0.6923
vn 0.4334 -0.5593 0.7066
vn 0.3235 -0.6068 0.7260
vn 0.3177 -0.5159 0.7955
vn 0.1885 -0.3855 0.9032
vn 0.2288 -0.2832 0.9314
vn 0.2204 -0.4838 0.8470
vn 0.3996 -0.3883 0.8304
vn 0.2386 -0.4215 0.8749
vn 0.1891 -0.5798 0.7925
vn 0.2080 -0.8320 0.5143
vn 0.1530 -0.6804 0.7167
vn 0.2809 -0.7706 0.5721
vn -0.0062 -0.8513 0.5247
vn -0.0120 -0.8369 0.5473
vn 0.4976 -0.3843 0.7776
vn 0.3693 -0.6103 0.7008
vn 0.5390 -0.3133 0.7819
vn 0.2421 -0.1597 0.9570
vn 0.5001 -0.0417 0.8650
vn 0.4960 -0.0760 0.8650
vn 0.1640 -0.1329 0.9775
vn 0.1316 -0.1818 0.9745
vn 0.1296 -0.1849 0.9742
vn 0.1950 -0.1919 0.9618
vn 0.1553 -0.1799 0.9714
vn 0.2386 -0.1264 0.9629
vn 0.2045 -0.1418 0.9685
vn 0.2593 -0.0011 0.9658
vn 0.3047 -0.0003 0.9524
vn 0.2988 -0.0850 0.9505
vn 0.3914 -0.1380 0.9098
vn 0.3974 0.0066 0.9176
vn 0.3948 0.0029 0.9187
vn 0.3064 0.0057 0.9519
vn 0.2979 0.1357 0.9449
vn 0.2597 0.0042 0.9657
vn 0.2482 0.0818 0.9652
vn 0.1558 0.1825 0.9708
vn 0.1541 0.1390 0.9782
vn 0.1754 0.1834 0.9673
vn 0.1781 0.1693 0.9694
vn 0.2467 0.0971 0.9642
vn 0.1771 0.2100 0.9615
vn 0.1764 0.1823 0.9673
vn 0.1672 0.2096 0.9634
vn 0.1773 0.1691 0.9695
vn 0.1599 0.1864 0.9694
vn 0.1831 0.2354 0.9545
vn 0.1815 0.1959 0.9637
vn 0.1245 0.2334 0.9644
vn 0.1313 0.2189 0.9669
vn 0.1485 0.2023 0.9680
vn 0.1421 0.2194 0.9652
vn 0.0780 0.2246 0.9713
vn 0.0710 0.2303 0.9705
vn 0.0138 0.2469 0.9689
vn 0.0385 0.2274 0.9730
vn -0.0102 0.2292 0.9733
vn -0.0401 0.2282 0.9728
vn -0.0405 0.2285 0.9727
vn -0.0995 0.2314 0.9678
vn -0.0823 0.2250 0.9709
vn -0.0754 0.2353 0.9690
vn -0.1077 0.1853 0.9768
vn -0.1988 0.1936 0.9607
vn -0.1472 0.1778 0.9730
vn -0.2416 0.1266 0.9621
vn -0.2086 0.1416 0.9677
vn -0.2620 0.0033 0.9651
vn -0.3053 -0.0019 0.9523
vn -0.2995 0.0829 0.9505
vn -0.3917 0.1350 0.9101
vn -0.3977 -0.0128 0.9174
vn -0.3948 -0.0087 0.9187
vn -0.3071 -0.0120 0.9516
vn -0.2982 -0.1408 0.9441
vn -0.2610 -0.0102 0.9653
vn -0.2493 -0.0869 0.9645
vn -0.1633 -0.1765 0.9707
vn -0.1617 -0.1360 0.9774
vn -0.2460 -0.2580 0.9343
vn -0.2365 -0.2539 0.9379
vn -0.1740 -0.1769 0.9687
vn -0.2418 -0.0999 0.9652
vn -0.1755 -0.1690 0.9699
vn -0.1742 -0.1960 0.9650
vn -0.1737 -0.1772 0.9687
vn -0.2488 -0.2717 0.9297
vn -0.2279 -0.2627 0.9376
vn -0.1677 -0.1957 0.9662
vn -0.1599 -0.1807 0.9705
vn -0.1752 -0.1654 0.9705
vn -0.1730 -0.2248 0.9589
vn -0.1720 -0.1916 0.9663
vn -0.2259 -0.2784 0.9335
vn -0.1501 -0.2241 0.9629
vn -0.1772 -0.1905 0.9656
vn -0.1563 -0.2110 0.9649
vn -0.1944 -0.3851 0.9022
vn -0.1927 -0.1894 0.9628
vn -0.2450 -0.4160 0.8757
vn -0.2382 -0.3713 0.8974
vn -0.2409 -0.1217 0.9629
vn -0.2296 -0.3608 0.9040
vn -0.1555 -0.1958 0.9682
vn -0.5253 -0.3639 0.7692
vn -0.2066 -0.1256 0.9703
vn -0.5206 0.2018 0.8296
vn -0.5079 0.0127 0.8613
vn -0.5100 -0.0295 0.8597
vn -0.2363 -0.5492 0.8016
vn -0.1645 -0.7038 0.6911
vn -0.3395 -0.6772 0.6528
vn -0.3388 -0.6785 0.6518
vn -0.4819 -0.4415 0.7569
vn -0.2647 -0.6100 0.7469
vn -0.2608 -0.4451 0.8567
vn -0.2766 -0.5003 0.8204
vn -0.4008 -0.5740 0.7141
vn -0.2897 -0.3250 0.9002
vn -0.3602 -0.4285 0.8286
vn -0.3814 -0.3665 0.8486
vn -0.4236 -0.4225 0.8013
vn -0.4021 -0.3357 0.8518
vn -0.6906 -0.4876 0.5341
vn -0.8934 0.0132 -0.4490
vn -0.9673 -0.1251 -0.2207
vn -0.5955 0.2791 -0.7533
vn -0.8343 0.0373 -0.5500
vn -0.8500 0.0384 -0.5254
vn -0.9545 0.2594 0.1469
vn -0.9283 0.0988 -0.3586
vn -0.9936 0.1120 0.0115
vn -0.9530 0.0270 -0.3019
vn -0.9657 -0.0037 -0.2595
vn -0.9428 0.1957 -0.2698
vn -0.9331 0.1941 -0.3027
vn -0.9507 -0.0116 -0.3100
vn -0.9934 0.1143 0.0121
vn -0.7400 0.4163 -0.5283
vn -0.7491 0.1122 0.6529
vn -0.9800 -0.1256 0.1541
vn -0.9889 0.1481 0.0119
vn -0.8013 0.4465 0.3981
vn -0.9516 0.1711 -0.2553
vn -0.9664 0.2569 0.0116
vn -0.9371 0.1676 -0.3061
vn -0.9700 0.2431 0.0085
vn -0.4715 0.6568 -0.5885
vn -0.9567 0.2540 -0.1424
vn -0.9825 -0.0752 -0.1703
vn -0.9001 0.2372 -0.3654
vn -0.9785 -0.1250 -0.1641
vn -0.9687 -0.1930 -0.1563
vn -0.8866 0.4612 0.0356
vn -0.8777 0.1120 0.4659
vn -0.9431 0.3325 0.0082
vn -0.9158 0.3043 -0.2620
vn -0.9171 0.3244 -0.2316
vn -0.9566 0.2914 -0.0003
vn -0.9251 0.3101 -0.2190
vn -0.9636 0.1118 -0.2428
vn -0.6218 0.7240 -0.2987
vn -0.6096 0.7878 -0.0881
vn -0.6288 0.7743 -0.0710
vn -0.9956 -0.0279 -0.0892
vn -0.8745 0.4785 -0.0786
vn -0.6367 0.7697 0.0466
vn -0.7020 0.7032 0.1124
vn -0.6416 0.7659 0.0410
vn -0.8568 0.3539 0.3750
vn -0.7042 0.6977 0.1316
vn -0.9961 0.0781 0.0409
vn -0.9171 0.3986 -0.0031
vn -0.9282 0.3720 -0.0007
vn -0.8790 0.4565 -0.1376
vn -0.9604 0.2783 -0.0096
vn -0.8561 0.5167 -0.0095
vn -0.8512 0.5095 -0.1261
vn -0.9027 0.4277 0.0480
vn -0.8687 0.4950 -0.0165
vn -0.9952 0.0975 0.0032
vn -0.9976 0.0687 0.0129
vn -0.9465 0.3228 0.0002
vn -0.8953 -0.3882 -0.2186
vn -0.7405 -0.5970 -0.3087
vn -0.9162 -0.3979 -0.0472
vn -0.9083 -0.3408 -0.2426
vn -0.9331 -0.2774 -0.2289
vn -0.9790 -0.1698 -0.1130
vn -0.6229 -0.6674 -0.4081
vn -0.6228 -0.6673 -0.4084
vn -0.3908 -0.8149 -0.4280
vn -0.3908 -0.8151 -0.4278
vn -0.3794 -0.7493 -0.5427
vn -0.6983 -0.5450 -0.4641
vn -0.6027 -0.6952 -0.3918
vn -0.6029 -0.6950 -0.3918
vn -0.7886 -0.6150 -0.0014
vn -0.8163 -0.5776 -0.0008
vn -0.7929 -0.6093 -0.0008
vn -0.7539 -0.6570 -0.0020
vn -0.5898 -0.8069 -0.0319
vn -0.6518 -0.7552 -0.0699
vn -0.7455 -0.6665 -0.0111
vn -0.6832 -0.7163 0.1422
vn -0.8584 -0.5129 -0.0012
vn -0.7927 -0.6096 -0.0073
vn -0.7683 -0.6400 -0.0072
vn -0.7585 -0.6516 -0.0087
vn -0.8677 -0.4970 -0.0034
vn -0.8255 -0.5643 -0.0033
vn -0.8711 -0.4910 0.0068
vn -0.8077 -0.5895 -0.0093
vn -0.8256 -0.5641 0.0164
vn -0.7855 -0.6188 0.0089
vn -0.7219 -0.6918 0.0171
vn -0.7685 -0.6393 0.0268
vn -0.5595 -0.4194 -0.7149
vn 0.0676 0.0472 -0.9966
vn -0.8692 -0.4662 -0.1650
vn -0.9813 -0.0077 -0.1925
vn -0.9842 -0.0191 -0.1759
vn 0.0945 -0.8955 -0.4349
vn 0.0947 -0.8954 -0.4351
vn 0.0809 -0.5574 -0.8263
vn 0.0817 -0.5577 -0.8260
vn 0.0814 -0.5577 -0.8260
vn 0.0846 -0.8483 -0.5227
vn 0.0848 -0.8480 -0.5232
vn 0.0851 -0.8480 -0.5231
vn 0.0727 -0.2214 -0.9725
vn -0.0807 -0.0364 -0.9961
vn -0.1166 -0.0153 -0.9931
vn 0.3979 -0.4750 -0.7849
vn 0.7222 -0.6270 -0.2922
vn -0.1379 -0.2128 -0.9673
vn 0.0949 -0.8242 -0.5582
vn 0.0956 -0.8242 -0.5581
vn 0.4635 -0.8724 -0.1556
vn 0.6490 -0.7470 -0.1443
vn -0.0304 -0.1769 -0.9838
vn 0.3922 -0.7042 -0.5918
vn 0.1629 -0.3936 -0.9048
vn 0.5568 -0.7703 -0.3108
vn 0.5107 -0.8338 -0.2098
vn 0.3775 -0.7672 -0.5186
vn 0.5656 -0.8099 -0.1556
vn 0.2497 -0.9577 -0.1433
vn -0.0661 -0.6395 -0.7659
vn 0.2046 -0.8892 -0.4093
vn -0.2136 -0.3586 -0.9087
vn -0.1288 -0.3795 -0.9162
vn -0.5255 -0.1879 -0.8298
vn -0.0739 -0.6160 -0.7842
vn -0.1230 -0.1524 -0.9806
vn -0.3788 -0.1052 -0.9195
vn -0.2941 0.1531 -0.9434
vn -0.3196 0.0378 -0.9468
vn -0.3947 0.0359 -0.9181
vn -0.3780 -0.1088 -0.9194
vn -0.4966 0.0341 -0.8673
vn -0.1241 0.1175 -0.9853
vn -0.2645 0.1000 -0.9592
vn -0.3431 0.4494 -0.8248
vn -0.1435 0.1651 -0.9758
vn -0.8964 0.3730 -0.2395
vn -0.5787 0.5895 -0.5635
vn -0.9585 0.1717 -0.2275
vn -0.8854 0.3530 -0.3025
vn -0.9851 0.0045 -0.1721
vn -0.8779 0.3617 -0.3137
vn -0.9275 0.0078 -0.3737
vn -0.9164 0.0078 -0.4003
vn -0.8663 -0.3925 -0.3089
vn -0.9017 0.0172 -0.4320
vn -0.7612 -0.6254 -0.1716
vn -0.7825 -0.4663 -0.4127
vn -0.4689 -0.3474 -0.8120
vn -0.4834 -0.3330 -0.8096
vn -0.5605 -0.0715 -0.8251
vn -0.5385 -0.0902 -0.8378
vn -0.8242 0.5137 -0.2382
vn -0.9894 0.1384 -0.0431
vn -0.2031 0.2859 -0.9365
vn -0.8604 0.4584 -0.2227
vn -0.8537 0.4744 -0.2147
vn -0.4470 0.2491 -0.8592
vn -0.7462 0.6648 -0.0350
vn -0.8860 0.4636 -0.0096
vn -0.6690 0.7397 -0.0723
vn -0.9995 0.0301 0.0005
vn -0.9965 -0.0103 -0.0828
vn -0.9972 -0.0150 -0.0730
vn -0.9916 0.1048 -0.0759
vn -0.8948 0.4464 -0.0032
vn -0.6976 0.7043 0.1319
vn -0.8592 0.5116 0.0052
vn -0.9685 0.1459 -0.2017
vn -0.1932 0.1705 -0.9662
vn -0.7421 0.3206 -0.5887
vn -0.4609 0.3120 -0.8308
vn -0.9533 0.0174 -0.3016
vn -0.7663 0.1238 -0.6304
vn -0.9172 -0.0591 -0.3940
vn -0.7886 0.1095 -0.6051
vn -0.3531 -0.0226 -0.9353
vn -0.4187 -0.0583 -0.9063
vn -0.4657 -0.0593 -0.8829
vn -0.3916 -0.3344 -0.8572
vn -0.1893 0.0527 -0.9805
vn -0.5378 0.1392 -0.8315
vn -0.2414 0.0884 -0.9664
vn -0.0870 0.0493 -0.9950
vn -0.0900 0.1194 -0.9888
vn 0.0894 0.3794 -0.9209
vn 0.3575 0.8928 -0.2740
vn 0.0419 0.5478 -0.8356
vn -0.0192 0.0588 -0.9981
vn -0.0757 0.0532 -0.9957
vn 0.6318 0.0571 -0.7730
vn 0.7086 0.0542 -0.7036
vn 0.0091 0.3559 -0.9345
vn -0.3648 0.3523 -0.8619
vn -0.0498 0.1184 -0.9917
vn -0.2688 0.0401 -0.9624
vn -0.4417 0.0381 -0.8963
vn -0.2829 0.3932 -0.8749
vn -0.0938 0.6934 -0.7145
vn 0.6545 0.3958 -0.6442
vn -0.0245 0.5385 -0.8423
vn 0.6426 0.7654 0.0355
vn 0.5005 0.8578 -0.1174
vn 0.6365 0.7705 0.0351
vn 0.0466 0.6220 -0.7816
vn 0.0852 0.9836 -0.1587
vn -0.6127 0.5947 -0.5206
vn -0.3421 0.2991 -0.8908
vn -0.7170 0.4950 -0.4908
vn -0.5930 0.6377 -0.4916
vn -0.3595 0.7755 -0.5190
vn 0.0193 0.8056 -0.5921
vn -0.5903 0.6393 -0.4928
vn -0.7721 0.6337 0.0473
vn -0.8650 0.5016 -0.0165
vn -0.8139 0.5810 -0.0017
vn -0.8545 0.5194 -0.0094
vn -0.2351 0.3656 -0.9006
vn -0.7664 0.6424 0.0016
vn -0.7631 0.6463 0.0016
vn -0.7339 0.6793 -0.0010
vn -0.7991 0.6012 0.0076
vn -0.8181 0.5751 -0.0016
vn -0.8145 0.5802 -0.0011
vn -0.7610 0.6487 -0.0017
vn -0.7012 0.7130 0.0076
vn -0.4454 -0.8947 -0.0321
vn 0.5942 -0.8017 -0.0645
vn -0.0176 -0.7801 -0.6254
vn 0.5256 -0.8503 0.0265
vn 0.0646 -0.8484 -0.5254
vn 0.0650 -0.8486 -0.5250
vn 0.7463 -0.5432 -0.3846
vn 0.9032 -0.4242 0.0660
vn 0.7926 -0.4473 -0.4145
vn -0.7041 -0.7092 -0.0369
vn -0.5279 -0.8463 -0.0710
vn -0.7536 -0.6525 -0.0796
vn -0.5952 -0.8035 -0.0133
vn -0.6866 -0.7270 -0.0069
vn -0.7038 -0.7104 -0.0089
vn -0.6487 -0.7610 -0.0071
vn -0.6967 -0.7166 0.0336
vn -0.6736 -0.7385 0.0286
vn -0.6828 -0.7299 0.0334
vn -0.6178 -0.7861 0.0180
vn 0.5469 -0.7050 0.4516
vn 0.7897 -0.3973 0.4675
vn -0.1603 -0.0646 0.9850
vn -0.2135 -0.0266 0.9766
vn -0.1436 0.1728 -0.9744
vn -0.2657 -0.0094 -0.9640
vn -0.2671 -0.0094 -0.9636
vn -0.0024 -0.1129 0.9936
vn -0.1549 0.0082 0.9879
vn 0.0004 -0.0059 1.0000
vn -0.0001 0.0421 0.9991
vn -0.0001 -0.0001 1.0000
vn -0.0751 -0.1946 -0.9780
vn 0.0054 0.0181 -0.9998
vn -0.1630 0.0204 -0.9864
vn -0.1535 -0.1952 -0.9687
vn -0.1676 0.1181 0.9787
vn 0.0012 -0.0234 0.9997
vn 0.0004 -0.0149 0.9999
vn 0.0004 -0.0484 0.9988
vn -0.2163 0.0613 0.9744
vn -0.1572 0.0200 0.9874
vn -0.2678 0.1820 0.9461
vn 0.1259 0.9366 -0.3270
vn 0.3153 0.8092 0.4958
vn 0.3641 0.3177 0.8755
vn 0.3226 0.7787 -0.5380
vn 0.3466 0.7869 -0.5105
vn 0.5726 0.7771 -0.2613
vn 0.6816 0.7227 -0.1143
vn 0.6982 0.7098 -0.0934
vn 0.7646 0.5186 -0.3827
vn 0.6388 0.7270 -0.2520
vn 0.3795 0.9108 -0.1625
vn 0.6766 0.7183 -0.1619
vn 0.9389 0.3442 -0.0027
vn 0.6008 0.5733 -0.5571
vn 0.6367 0.7485 -0.1854
vn -0.6304 0.7735 -0.0655
vn 0.6422 0.5208 -0.5624
vn -0.6129 0.7868 -0.0724
vn -0.7561 0.6545 -0.0007
vn -0.6985 0.7156 0.0053
vn -0.7149 0.6992 0.0054
vn -0.6468 0.7626 0.0122
vn -0.6936 0.7203 0.0001
vn -0.6364 0.7713 -0.0006
vn -0.7228 0.6910 0.0074
vn -0.6191 0.7840 0.0459
vn -0.5548 0.8315 0.0276
vn -0.5157 -0.7913 -0.3284
vn -0.0597 -0.5336 -0.8437
vn -0.1350 -0.3567 -0.9244
vn 0.1890 -0.6995 -0.6892
vn 0.1032 -0.1838 -0.9775
vn -0.4689 -0.8830 -0.0231
vn -0.5177 -0.8554 -0.0175
vn -0.5538 -0.8325 -0.0139
vn -0.4988 -0.8666 -0.0175
vn -0.5604 -0.8281 0.0135
vn -0.4693 -0.8830 -0.0021
vn -0.4856 -0.8741 0.0107
vn -0.4696 -0.8829 -0.0028
vn -0.5904 -0.8064 0.0343
vn -0.4904 -0.8713 0.0189
vn -0.4448 -0.8949 0.0354
vn -0.4934 -0.8686 0.0468
vn -0.5835 -0.8057 0.1020
vn 0.7999 -0.5672 0.1959
vn 0.9559 -0.1501 -0.2526
vn 0.9463 -0.3067 -0.1022
vn 0.9317 -0.2564 0.2572
vn 0.3591 -0.1351 -0.9235
vn 0.8594 -0.2251 0.4590
vn 0.9758 -0.1385 0.1692
vn 0.9515 -0.0551 0.3026
vn 0.2849 -0.0633 0.9565
vn 0.0501 0.0184 0.9986
vn -0.0407 0.0647 0.9971
vn -0.1686 0.1513 0.9740
vn -0.1905 0.1745 0.9660
vn 0.3612 -0.4577 0.8125
vn 0.5695 -0.7922 0.2192
vn 0.8130 -0.0230 0.5818
vn 0.9854 -0.0158 0.1694
vn 0.7263 0.4568 0.5136
vn 0.9629 -0.0053 0.2696
vn 0.9192 0.2819 0.2751
vn 0.9177 0.3432 0.1999
vn 0.7714 0.6122 0.1734
vn 0.4203 0.6354 0.6478
vn 0.9956 -0.0011 -0.0932
vn 0.9942 0.0018 -0.1072
vn 0.9975 0.0602 -0.0380
vn 0.9241 0.2952 -0.2426
vn -0.0072 -0.1296 0.9915
vn -0.1294 -0.0147 0.9915
vn 0.4671 0.0099 -0.8841
vn 0.5307 -0.0068 -0.8475
vn -0.0011 -0.0261 0.9997
vn -0.0071 0.0283 0.9996
vn -0.0001 0.0084 1.0000
vn -0.0011 0.0181 0.9998
vn 0.3002 -0.0169 -0.9537
vn 0.4492 -0.2021 -0.8703
vn 0.9588 0.0853 -0.2709
vn 0.3286 0.1274 -0.9358
vn 0.0007 0.0195 0.9998
vn 0.0072 -0.0330 0.9994
vn 0.0013 0.0207 0.9998
vn 0.0044 -0.0150 0.9999
vn 0.0007 0.0158 0.9999
vn -0.0419 0.0849 0.9955
vn -0.0824 0.1255 0.9887
vn -0.0055 0.0297 0.9995
vn 0.0061 0.0005 1.0000
vn 0.0058 0.0012 1.0000
vn -0.0014 0.0271 0.9996
vn -0.1182 0.1486 0.9818
vn -0.0255 0.1285 0.9914
vn -0.0116 0.1055 0.9943
vn -0.0310 0.1291 0.9912
vn -0.0053 0.0906 0.9959
vn 0.0265 0.0913 0.9955
vn 0.0062 0.1165 0.9932
vn 0.0061 0.1733 0.9848
vn 0.0415 0.1196 0.9920
vn 0.1080 0.0269 0.9938
vn 0.0046 0.1353 0.9908
vn 0.1281 0.0157 0.9916
vn 0.0074 0.1292 0.9916
vn 0.2171 0.0213 0.9759
vn 0.1568 -0.0147 0.9875
vn 0.1625 0.0603 0.9849
vn 0.0028 0.1080 0.9941
vn 0.1646 -0.1209 0.9789
vn -0.0011 -0.0201 0.9998
vn 0.1540 -0.0207 0.9878
vn -0.0062 0.0271 0.9996
vn -0.0011 -0.0149 0.9999
vn 0.2659 -0.1839 0.9463
vn 0.2147 -0.0632 0.9746
vn 0.0692 -0.1000 0.9926
vn 0.1116 -0.1423 0.9835
vn 0.0113 -0.0128 0.9999
vn -0.0264 0.0822 0.9963
vn -0.0204 0.0638 0.9978
vn -0.0024 0.0001 1.0000
vn 0.1289 -0.1534 0.9797
vn 0.0969 -0.0250 0.9950
vn 0.0040 0.1690 0.9856
vn 0.1813 -0.0336 0.9829
vn 0.0115 0.1527 0.9882
vn 0.0040 0.3248 0.9458
vn 0.3186 0.2172 0.9227
vn 0.1474 0.2137 0.9657
vn -0.1637 0.1506 0.9749
vn -0.3112 0.2128 0.9262
vn -0.0193 0.3136 0.9494
vn -0.0273 -0.0209 0.9994
vn -0.0214 -0.1627 0.9864
vn -0.1090 -0.0271 0.9937
vn -0.1328 0.0004 0.9911
vn -0.0064 -0.1326 0.9912
vn -0.0756 0.0398 -0.9963
vn 0.8471 0.4848 0.2178
vn 0.9257 0.3175 0.2056
vn 0.8194 0.5727 -0.0241
vn 0.8619 0.3059 -0.4045
vn 0.9162 0.0049 -0.4006
vn 0.0483 0.4106 -0.9105
vn 0.2630 0.0271 -0.9644
vn -0.5112 0.8065 -0.2972
vn 0.1144 0.0471 -0.9923
vn -0.4950 0.8664 -0.0657
vn -0.6059 0.5276 -0.5954
vn -0.5530 0.8332 -0.0047
vn -0.5786 0.8156 -0.0022
vn -0.5946 0.8039 0.0117
vn -0.5662 0.8241 0.0173
vn -0.4757 0.8794 0.0203
vn -0.4865 0.8736 0.0126
vn -0.5723 0.8196 0.0274
vn -0.5686 0.8221 0.0282
vn -0.4864 0.8733 0.0281
vn -0.4359 0.8989 0.0435
vn 0.1969 -0.0045 -0.9804
vn -0.0251 -0.1813 -0.9831
vn 0.0110 0.0703 -0.9975
vn 0.0909 0.0204 -0.9957
vn 0.5500 0.4411 0.7092
vn 0.3758 0.8813 0.2863
vn 0.3217 0.8958 -0.3066
vn 0.4896 0.8166 -0.3055
vn -0.0166 0.9981 -0.0599
vn 0.2250 0.9717 -0.0723
vn -0.3019 0.8732 0.3827
vn -0.3010 0.9536 -0.0106
vn -0.1646 0.2785 0.9462
vn -0.0470 0.9988 -0.0105
vn -0.2361 0.5246 0.8180
vn -0.4418 0.8001 0.4057
vn -0.3146 0.9492 0.0083
vn -0.5832 0.8123 -0.0033
vn -0.5270 0.8471 0.0693
vn -0.4895 0.5381 0.6862
vn -0.5347 0.7122 0.4548
vn -0.4367 0.3429 0.8317
vn -0.4842 0.8607 0.1572
vn -0.6833 0.7115 0.1639
vn -0.7730 0.6321 0.0530
vn -0.4059 0.9122 0.0561
vn -0.1243 0.9618 -0.2438
vn -0.4680 0.8567 -0.2167
vn -0.2086 0.8165 -0.5383
vn -0.5816 0.7939 -0.1776
vn -0.5458 0.8091 -0.2180
vn -0.6404 0.5404 0.5457
vn -0.8297 0.5010 0.2464
vn -0.8601 0.4379 0.2618
vn -0.6439 0.5803 0.4986
vn -0.8084 0.3301 0.4874
vn -0.6464 0.3304 0.6877
vn -0.7369 0.1874 0.6494
vn -0.0154 -0.9990 0.0410
vn -0.6014 0.2297 0.7652
vn -0.3554 -0.0216 0.9345
vn -0.8979 -0.0215 0.4396
vn -0.1747 -0.0553 0.9831
vn -0.0956 -0.0782 0.9923
vn -0.0420 -0.1015 0.9939
vn 0.0715 -0.1787 0.9813
vn 0.2038 -0.2987 0.9323
vn -0.5252 -0.7759 0.3495
vn -0.9292 -0.0119 0.3695
vn -0.7908 -0.2153 0.5729
vn -0.1796 -0.9114 -0.3702
vn -0.2634 -0.8857 -0.3822
vn -0.6185 -0.7450 0.2498
vn -0.1055 -0.7622 -0.6386
vn -0.7258 -0.3833 0.5713
vn -0.4876 -0.7471 -0.4517
vn -0.7887 -0.5964 -0.1489
vn -0.0592 -0.9933 -0.0991
vn -0.6933 -0.6528 -0.3053
vn -0.5689 -0.6889 -0.4492
vn -0.3297 -0.9126 -0.2418
vn -0.5333 -0.8087 -0.2483
vn 0.0099 -0.9995 -0.0292
vn -0.2499 -0.9673 -0.0433
vn 0.3595 -0.9331 -0.0046
vn 0.0232 -0.9997 -0.0081
vn 0.5900 -0.8066 0.0365
vn 0.5977 -0.7742 -0.2082
vn 0.2049 -0.0027 -0.9788
vn 0.1265 -0.1186 -0.9849
vn 0.1521 -0.0290 -0.9879
vn 0.1576 0.0236 -0.9872
vn 0.1537 -0.1319 -0.9793
vn 0.1599 -0.0175 -0.9870
vn -0.1105 0.0236 -0.9936
vn 0.3362 0.0311 -0.9413
vn -0.0722 0.0222 -0.9971
vn -0.5638 0.6250 -0.5398
vn -0.6003 0.7971 -0.0657
vn -0.6598 0.7511 -0.0209
vn -0.8991 0.4210 -0.1197
vn -0.4970 0.8616 0.1034
vn -0.3951 0.9167 0.0588
vn -0.4426 0.8966 0.0129
vn -0.1606 -0.3673 -0.9161
vn -0.3693 -0.9290 -0.0228
vn -0.2092 -0.9776 -0.0229
vn -0.3633 -0.9314 -0.0239
vn -0.1702 -0.9853 -0.0170
vn -0.3497 -0.9369 0.0008
vn -0.3416 -0.9398 0.0042
vn -0.2319 -0.9727 0.0030
vn -0.3413 -0.9399 0.0039
vn -0.2274 -0.9738 0.0075
vn -0.3208 -0.9457 0.0516
vn -0.3127 -0.9484 0.0516
vn -0.3217 -0.9454 0.0519
vn -0.2030 -0.9748 0.0923
vn -0.0124 -0.1988 -0.9800
vn -0.0261 -0.2693 -0.9627
vn -0.0187 -0.1505 -0.9884
vn -0.0118 -0.1394 -0.9902
vn -0.0096 -0.0956 -0.9954
vn -0.0088 -0.0880 -0.9961
vn 0.3218 -0.6395 -0.6982
vn -0.1917 -0.0055 -0.9814
vn -0.4574 -0.0082 -0.8892
vn -0.0464 0.0178 -0.9988
vn -0.0102 0.0442 -0.9990
vn 0.1359 -0.6003 -0.7882
vn 0.1831 -0.6968 -0.6935
vn -0.1472 -0.0463 -0.9880
vn -0.1933 -0.0051 -0.9811
vn -0.8338 -0.0995 -0.5430
vn -0.5266 -0.0015 -0.8501
vn -0.1430 -0.1525 -0.9779
vn -0.3652 -0.2108 -0.9067
vn -0.0951 -0.0465 -0.9944
vn -0.0705 -0.1685 -0.9832
vn -0.0835 -0.1675 -0.9823
vn -0.0524 -0.0069 -0.9986
vn -0.0079 -0.0180 -0.9998
vn -0.1400 -0.1323 -0.9813
vn -0.0478 -0.1381 -0.9893
vn -0.0333 0.0105 -0.9994
vn -0.0523 0.0214 -0.9984
vn -0.0157 0.0071 -0.9999
vn -0.0330 -0.0030 -0.9995
vn -0.0254 0.0094 -0.9996
vn -0.0242 -0.0046 -0.9997
vn -0.0104 -0.0131 -0.9999
vn -0.0032 -0.0087 -1.0000
vn 0.0484 -0.0219 -0.9986
vn 0.0004 -0.0216 -0.9998
vn 0.0484 -0.0199 -0.9986
vn -0.0072 -0.0022 -1.0000
vn 0.0261 0.0020 -0.9997
vn 0.0125 0.0312 -0.9994
vn 0.0253 0.0002 -0.9997
vn 0.0186 0.0250 -0.9995
vn 0.1273 -0.1129 -0.9854
vn 0.0940 -0.1047 -0.9900
vn 0.0156 0.0002 -0.9999
vn 0.1452 -0.1329 -0.9804
vn -0.7932 -0.2473 -0.5565
vn -0.5477 -0.6337 -0.5463
vn -0.5129 0.0111 -0.8584
vn -0.5021 0.1815 -0.8455
vn -0.8492 0.0107 -0.5280
vn -0.7869 -0.3065 -0.5356
vn -0.8418 -0.0178 -0.5395
vn -0.8009 0.2814 -0.5285
vn -0.7629 0.3387 -0.5508
vn -0.5845 0.6048 -0.5409
vn -0.5703 0.6686 -0.4773
vn 0.1024 -0.0134 -0.9947
vn 0.1502 -0.1237 -0.9809
vn 0.0643 -0.0243 -0.9976
vn -0.0442 -0.0251 -0.9987
vn 0.1894 -0.1661 -0.9678
vn -0.0236 -0.1502 -0.9884
vn -0.0182 0.4473 -0.8942
vn 0.0232 -0.1170 -0.9929
vn 0.0950 -0.0582 -0.9938
vn 0.0014 0.3128 -0.9498
vn -0.0145 0.0097 -0.9998
vn -0.0152 -0.2456 -0.9693
vn 0.0235 0.0023 -0.9997
vn 0.0203 -0.0055 -0.9998
vn -0.2340 -0.1581 -0.9593
vn -0.0159 0.0093 -0.9998
vn -0.0159 -0.2443 -0.9696
vn -0.0419 -0.1218 -0.9917
vn -0.1576 -0.0705 -0.9850
vn -0.0904 0.0036 -0.9959
vn -0.1239 -0.0590 -0.9905
vn -0.0614 -0.0047 -0.9981
vn -0.0880 0.0032 -0.9961
vn -0.0947 -0.1027 -0.9902
vn -0.1505 0.0263 -0.9883
vn 0.0838 0.0157 -0.9964
vn -0.2802 0.0792 -0.9567
vn -0.2805 0.0507 -0.9585
vn -0.2085 0.0402 -0.9772
vn -0.1081 0.0407 -0.9933
vn 0.1000 0.0351 -0.9944
vn -0.2989 0.1882 -0.9355
vn 0.0004 0.0682 -0.9977
vn -0.1596 0.5914 -0.7904
vn 0.2522 0.0634 -0.9656
vn 0.0845 0.4690 -0.8791
vn 0.8997 0.4222 -0.1112
vn 0.4832 0.6381 -0.5994
vn 0.4453 0.7042 -0.5530
vn 0.4701 0.8767 -0.1018
vn 0.1698 0.9420 -0.2897
vn 0.0502 0.9473 -0.3164
vn -0.0259 0.9990 -0.0375
vn -0.0485 0.9542 -0.2952
vn -0.1702 0.9469 -0.2727
vn -0.5124 0.8513 -0.1127
vn -0.4439 0.8960 -0.0079
vn -0.4190 0.9078 -0.0190
vn -0.3222 0.9467 -0.0074
vn -0.2692 0.9612 -0.0597
vn -0.4124 0.8952 0.1689
vn -0.2296 0.9579 0.1726
vn -0.2604 0.9466 0.1901
vn -0.3380 0.9302 0.1433
vn -0.3417 0.9397 0.0170
vn -0.2547 0.9669 0.0174
vn -0.2324 0.9725 0.0142
vn -0.3372 0.9413 0.0161
vn -0.3499 0.9368 0.0036
vn -0.3646 0.9311 0.0096
vn -0.2284 0.9736 0.0036
vn -0.3959 0.9173 0.0433
vn -0.2939 0.9528 0.0769
vn -0.2907 0.9537 0.0769
vn -0.1622 0.9861 0.0354
vn -0.1176 -0.9929 -0.0171
vn -0.0891 -0.9959 -0.0141
vn -0.1016 -0.9948 0.0056
vn -0.0575 -0.9980 0.0243
vn -0.2428 -0.9658 0.0908
vn -0.2233 -0.7984 0.5592
vn -0.6115 -0.6120 -0.5016
vn -0.1441 -0.8626 -0.4850
vn -0.6934 -0.5261 -0.4923
vn -0.5753 -0.6641 -0.4774
vn -0.4857 -0.2790 -0.8284
vn -0.3395 -0.2028 -0.9185
vn -0.2978 -0.0327 -0.9541
vn -0.3226 0.0024 -0.9465
vn 0.0096 0.0090 -0.9999
vn -0.6220 0.3881 -0.6800
vn -0.2088 0.2143 -0.9542
vn -0.3265 0.3298 -0.8858
vn -0.6064 0.5909 -0.5321
vn -0.4953 0.6815 -0.5387
vn -0.5938 0.6267 -0.5047
vn -0.3315 0.4256 -0.8420
vn 0.0716 0.7561 -0.6505
vn -0.1980 0.8468 -0.4937
vn -0.2028 0.8576 -0.4726
vn 0.0233 -0.1023 -0.9945
vn 0.0089 -0.0870 -0.9962
vn -0.1239 0.9741 0.1889
vn -0.2665 0.9596 0.0903
vn -0.0691 0.9857 0.1535
vn -0.0382 0.9898 0.1372
vn -0.0614 0.9824 0.1763
vn -0.1161 0.9931 0.0141
vn -0.1260 0.9919 0.0154
vn -0.1388 0.9897 0.0353
vn -0.1339 0.9903 0.0365
vn -0.0266 0.9975 -0.0658
vn 0.0067 0.9944 -0.1057
vn 0.0062 -0.9999 -0.0141
vn -0.0110 -0.9999 -0.0124
vn -0.0167 -0.9996 0.0241
vn -0.0036 -0.9998 0.0213
vn 0.0008 -0.8417 0.5399
vn -0.0007 -0.7851 0.6194
vn 0.9280 0.2321 -0.2915
vn 0.1042 -0.1774 0.9786
vn 0.0294 -0.7647 0.6437
vn 0.0426 -0.1441 0.9886
vn -0.2671 0.3547 0.8960
vn -0.0239 0.1933 0.9809
vn -0.0089 -0.8743 -0.4854
vn 0.0208 -0.8999 -0.4356
vn -0.1811 -0.8620 -0.4735
vn -0.0087 -0.8865 -0.4627
vn -0.2428 -0.6863 -0.6856
vn -0.0983 -0.8992 -0.4264
vn -0.1080 -0.3614 -0.9261
vn -0.1108 -0.3728 -0.9213
vn -0.0085 0.0088 -0.9999
vn 0.0122 0.0026 -0.9999
vn 0.0125 -0.3008 -0.9536
vn -0.0046 0.3002 -0.9539
vn -0.0022 -0.0112 -0.9999
vn -0.0153 0.0074 -0.9999
vn -0.0076 0.0095 -0.9999
vn -0.0076 0.0104 -0.9999
vn -0.0219 0.0191 -0.9996
vn 0.1006 0.3640 -0.9260
vn 0.0783 0.2752 -0.9582
vn -0.3757 0.8194 -0.4329
vn 0.0641 0.9033 -0.4243
vn -0.0473 0.9020 -0.4292
vn -0.0129 0.8905 -0.4547
vn -0.0120 0.8728 -0.4880
vn -0.0422 -0.0830 -0.9957
vn -0.0190 -0.1076 -0.9940
vn -0.0062 -0.0501 -0.9987
vn -0.0149 -0.0590 -0.9981
vn 0.0831 0.9865 0.1412
vn 0.0831 0.9754 0.2042
vn -0.0447 0.9989 0.0152
vn 0.0173 0.9996 0.0226
vn 0.0324 0.9988 0.0355
vn -0.0152 0.9995 0.0265
vn 0.0229 0.9944 -0.1033
vn 0.1294 -0.9913 0.0258
vn 0.0959 -0.9953 -0.0120
vn 0.0947 -0.9954 -0.0119
vn 0.1493 -0.9886 0.0214
vn 0.5986 -0.5040 0.6226
vn -0.0494 -0.1553 0.9866
vn 0.3623 -0.2983 0.8830
vn 0.3360 0.1404 0.9313
vn 0.2087 -0.8463 -0.4901
vn -0.0903 -0.7223 -0.6856
vn 0.2161 -0.8675 -0.4480
vn 0.3446 -0.7929 -0.5026
vn 0.4045 -0.6073 -0.6838
vn 0.3405 -0.3325 -0.8795
vn 0.2420 -0.2342 -0.9416
vn 0.3174 -0.0129 -0.9482
vn 0.3188 -0.0149 -0.9477
vn 0.3357 0.1828 -0.9241
vn 0.1916 0.5350 -0.8228
vn 0.0914 0.8811 -0.4640
vn 0.2566 0.7999 -0.5426
vn -0.2756 0.8777 -0.3919
vn 0.0060 0.6254 -0.7803
vn 0.0391 0.9708 0.2365
vn -0.0074 0.9867 0.1621
vn 0.1329 0.9909 0.0227
vn 0.1438 0.9894 0.0212
vn 0.1327 0.9910 0.0197
vn 0.0977 0.9949 0.0261
vn 0.0572 0.9855 0.1600
vn 0.1913 -0.9815 -0.0117
vn 0.1822 -0.9832 -0.0105
vn 0.2278 -0.9737 0.0035
vn 0.2070 -0.9780 0.0260
vn 0.2553 -0.9662 0.0366
vn 0.2246 -0.7278 0.6480
vn 0.1427 -0.6132 -0.7769
vn -0.4869 -0.8183 -0.3054
vn -0.0453 -0.2504 -0.9671
vn 0.5542 -0.6647 -0.5010
vn 0.5929 -0.6558 -0.4673
vn 0.2765 -0.3586 -0.8916
vn 0.6113 -0.5806 -0.5378
vn 0.6072 -0.5853 -0.5373
vn 0.6168 -0.5690 -0.5439
vn 0.4123 -0.3282 -0.8499
vn 0.4340 0.2360 -0.8695
vn 0.4325 0.7467 -0.5053
vn 0.6571 0.4369 -0.6143
vn 0.4444 0.7067 -0.5506
vn 0.5863 0.6337 -0.5046
vn 0.5091 0.7021 -0.4979
vn 0.6464 0.4386 -0.6243
vn -0.1844 0.4764 -0.8597
vn -0.3888 0.7301 -0.5620
vn -0.1610 0.4176 -0.8942
vn 0.2498 -0.0476 -0.9671
vn -0.3829 0.6162 -0.6882
vn -0.5256 0.7904 -0.3147
vn 0.2332 0.9577 0.1686
vn 0.2478 0.9637 0.0993
vn 0.2486 0.9553 0.1602
vn 0.2323 0.9724 0.0212
vn 0.2359 0.9716 0.0206
vn 0.2313 0.9727 0.0203
vn 0.2332 0.9722 0.0206
vn 0.1542 0.6657 0.7301
vn 0.3233 0.9453 -0.0446
vn 0.3937 -0.9189 -0.0233
vn 0.3215 -0.9469 -0.0110
vn 0.3288 -0.9443 0.0112
vn 0.3475 -0.9377 0.0030
vn 0.3430 -0.9386 0.0373
vn 0.3673 -0.9296 0.0317
vn 0.2434 -0.6518 0.7183
vn -0.0279 -0.1579 -0.9871
vn -0.0737 -0.1534 -0.9854
vn 0.1646 -0.2458 -0.9552
vn -0.0109 -0.4417 -0.8971
vn -0.0184 -0.7512 -0.6598
vn -0.2109 -0.2199 -0.9525
vn -0.3203 -0.1532 -0.9348
vn -0.2624 -0.1574 -0.9520
vn 0.4487 -0.6069 -0.6560
vn 0.4487 -0.6066 -0.6562
vn 0.0785 -0.3341 -0.9393
vn -0.0304 -0.3643 -0.9308
vn 0.2562 -0.4631 -0.8485
vn 0.2559 -0.4633 -0.8484
vn 0.0893 -0.6985 -0.7100
vn 0.1488 -0.6673 -0.7298
vn 0.8955 -0.4391 -0.0727
vn -0.5162 -0.2073 -0.8310
vn -0.3303 -0.3019 -0.8943
vn -0.7460 -0.0529 -0.6639
vn -0.2042 -0.7910 -0.5767
vn -0.4329 -0.1822 -0.8829
vn 0.2875 -0.3531 -0.8903
vn 0.3473 -0.1745 -0.9214
vn 0.4486 -0.1647 -0.8784
vn 0.0185 0.0294 -0.9994
vn -0.4090 0.8161 -0.4083
vn 0.7771 -0.3126 -0.5462
vn 0.3386 -0.1511 -0.9287
vn 0.7702 -0.3570 -0.5285
vn 0.8333 -0.0917 -0.5452
vn 0.8162 -0.0215 -0.5774
vn 0.0654 -0.1527 -0.9861
vn 0.2691 -0.4189 -0.8672
vn 0.7830 0.2120 -0.5848
vn 0.7150 0.3136 -0.6249
vn 0.1966 -0.0088 -0.9804
vn 0.0164 0.0607 -0.9980
vn -0.4566 0.5649 -0.6873
vn -0.5498 0.8325 0.0692
vn -0.3983 0.6880 -0.6066
vn -0.5889 0.8072 0.0418
vn 0.2946 0.9554 -0.0187
vn 0.4158 0.9093 -0.0170
vn 0.3599 0.9200 0.1550
vn 0.4419 0.8909 0.1053
vn 0.3643 0.9312 0.0083
vn 0.3195 0.9474 0.0209
vn 0.3145 0.9491 0.0169
vn 0.3091 0.9508 0.0208
vn 0.3603 0.9323 0.0303
vn 0.1713 0.4452 0.8789
vn 0.4553 0.8904 0.0025
vn 0.4861 -0.8732 -0.0348
vn 0.4348 -0.8412 -0.3214
vn 0.4410 -0.8972 -0.0228
vn 0.4648 -0.8854 0.0119
vn 0.4898 -0.8718 0.0019
vn 0.4457 -0.8946 0.0324
vn 0.4614 -0.8867 0.0287
vn -0.0395 -0.8509 -0.5239
vn 0.0654 -0.8808 -0.4689
vn 0.2746 -0.8067 -0.5233
vn 0.6406 -0.6227 -0.4494
vn 0.5577 -0.7320 -0.3913
vn 0.3999 -0.1710 -0.9005
vn -0.0525 -0.1941 -0.9796
vn 0.2585 -0.4934 -0.8305
vn -0.0542 -0.4149 -0.9083
vn -0.3709 -0.1129 -0.9218
vn -0.0655 -0.8056 -0.5889
vn -0.3239 -0.1578 -0.9328
vn -0.2931 -0.0791 -0.9528
vn -0.3044 -0.0748 -0.9496
vn -0.1692 0.0284 -0.9852
vn -0.1583 0.4172 -0.8949
vn -0.0750 0.2629 -0.9619
vn -0.1584 0.3884 -0.9078
vn -0.0867 0.7740 -0.6272
vn -0.0906 0.8323 -0.5468
vn 0.0351 0.5587 -0.8286
vn -0.0619 0.7655 -0.6404
vn 0.2376 0.6302 -0.7392
vn 0.4394 0.6905 -0.5746
vn 0.0188 0.9116 -0.4107
vn 0.4720 0.7754 -0.4195
vn -0.0859 0.8763 -0.4741
vn 0.3143 0.8210 -0.4766
vn 0.6225 0.7826 0.0003
vn 0.6244 0.7811 0.0017
vn 0.5755 0.8178 0.0020
vn 0.5856 0.8081 0.0635
vn 0.4418 0.8971 0.0052
vn 0.5953 0.8034 0.0130
vn 0.3985 0.9169 0.0232
vn 0.4540 0.8908 0.0191
vn 0.5101 0.8601 -0.0037
vn 0.3911 0.9199 0.0285
vn 0.4564 0.8893 0.0302
vn 0.3740 0.9274 0.0113
vn 0.5496 0.8082 0.2117
vn 0.5884 -0.8083 -0.0223
vn -0.5909 -0.6584 -0.4662
vn 0.5964 -0.8027 0.0013
vn 0.5717 -0.8204 -0.0027
vn 0.5711 -0.8203 0.0288
vn 0.5617 -0.8268 0.0306
vn -0.9580 -0.0953 -0.2703
vn -0.7167 -0.4640 -0.5207
vn -0.9559 -0.2804 -0.0869
vn -0.9956 -0.0106 -0.0932
vn -0.7249 0.0285 -0.6883
vn -0.8066 -0.1752 -0.5645
vn -0.8325 -0.1921 -0.5197
vn -0.7560 -0.4942 -0.4293
vn -0.8269 -0.2694 -0.4937
vn -0.8364 -0.2135 -0.5048
vn -0.7684 -0.0415 -0.6387
vn -0.9690 0.1977 -0.1480
vn -0.9882 -0.0003 -0.1531
vn -0.7027 0.1169 -0.7019
vn -0.7115 0.0209 -0.7024
vn -0.0746 0.2629 -0.9619
vn -0.5499 0.3461 -0.7601
vn -0.3484 0.6413 -0.6836
vn -0.3420 0.4203 -0.8405
vn -0.0499 0.5717 -0.8189
vn -0.0812 0.6186 -0.7815
vn -0.6892 0.0686 0.7213
vn -0.9792 0.0296 0.2006
vn -0.9799 -0.0104 0.1991
vn -0.9708 -0.0052 0.2400
vn -0.9401 0.2744 0.2023
vn -0.9406 0.2629 0.2149
vn -0.9298 0.1928 -0.3135
vn -0.9294 0.2913 -0.2265
vn -0.9245 0.3090 -0.2232
vn -0.8829 0.3562 -0.3060
vn -0.7823 0.5161 -0.3488
vn 0.6166 0.7461 -0.2512
vn 0.5948 0.8038 -0.0078
vn 0.5447 0.8386 -0.0034
vn 0.5643 0.8255 0.0121
vn 0.5484 0.8362 0.0091
vn 0.5364 0.8158 0.2161
vn 0.6696 -0.7395 -0.0691
vn 0.6153 -0.7879 -0.0251
vn 0.7011 -0.7129 -0.0154
vn 0.6158 -0.7878 -0.0127
vn 0.7158 -0.6983 -0.0023
vn 0.6152 -0.7884 -0.0024
vn 0.6316 -0.7750 0.0199
vn 0.6831 -0.7301 0.0203
vn 0.7023 -0.7116 0.0170
vn 0.5667 -0.8234 0.0305
vn -0.6143 -0.7468 0.2548
vn -0.7509 -0.6429 0.1511
vn -0.8877 -0.4574 -0.0531
vn -0.9345 -0.2273 0.2739
vn 0.4520 -0.8900 -0.0597
vn 0.2625 -0.7531 -0.6033
vn -0.9734 -0.1224 0.1938
vn 0.1860 -0.8368 -0.5149
vn -0.1019 -0.9904 -0.0930
vn 0.7708 -0.6329 -0.0726
vn 0.6287 -0.7771 -0.0278
vn -0.9724 -0.2196 -0.0785
vn -0.9192 -0.3842 -0.0863
vn -0.8578 -0.5084 -0.0762
vn -0.8700 -0.4864 -0.0802
vn -0.9943 0.0584 -0.0896
vn -0.9765 -0.1987 -0.0837
vn -0.9885 -0.1166 -0.0958
vn -0.8705 0.4650 -0.1613
vn -0.9957 0.0431 -0.0817
vn -0.9848 0.1336 -0.1108
vn 0.0398 0.7591 -0.6497
vn -0.9326 0.3392 -0.1231
vn -0.8183 0.5529 -0.1572
vn -0.0850 0.9840 -0.1567
vn -0.2466 0.8907 -0.3820
vn -0.2440 0.8315 -0.4991
vn 0.2098 0.5065 -0.8363
vn 0.0347 0.6497 -0.7594
vn 0.2078 0.5751 -0.7913
vn -0.9287 0.3077 0.2071
vn -0.8290 0.5592 -0.0024
vn 0.3156 0.8312 -0.4577
vn -0.6082 0.7933 -0.0275
vn -0.8580 0.4978 -0.1266
vn 0.4191 0.8615 -0.2867
vn 0.5571 0.8252 -0.0933
vn 0.6031 0.7973 -0.0231
vn 0.6539 0.7561 -0.0251
vn 0.7759 0.6267 -0.0720
vn 0.7387 0.6704 -0.0703
vn 0.6227 0.7824 -0.0075
vn 0.6292 0.7772 -0.0067
vn 0.7008 0.7133 -0.0065
vn 0.7004 0.7137 -0.0066
vn 0.6161 0.7876 0.0091
vn 0.7275 0.6854 0.0313
vn 0.6821 0.7306 0.0317
vn 0.5140 0.8338 0.2015
vn 0.7138 0.6993 0.0382
vn 0.8257 -0.5009 -0.2595
vn 0.8559 -0.5163 -0.0296
vn 0.5382 -0.8407 -0.0608
vn 0.7952 -0.6064 -0.0073
vn 0.7438 -0.6683 -0.0071
vn 0.8341 -0.5516 0.0010
vn 0.7544 -0.6565 -0.0020
vn 0.8373 -0.5465 -0.0156
vn 0.7561 -0.6545 0.0004
vn 0.8323 -0.5543 0.0009
vn 0.8131 -0.5821 0.0042
vn 0.6984 -0.7155 0.0170
vn 0.7509 -0.6569 0.0679
vn 0.8670 -0.3736 -0.3297
vn 0.6846 -0.6780 -0.2679
vn 0.6844 -0.6782 -0.2678
vn 0.8115 -0.5355 -0.2338
vn 0.8115 -0.5356 -0.2335
vn 0.7325 -0.6525 -0.1943
vn 0.7326 -0.6524 -0.1940
vn -0.9011 0.3980 -0.1719
vn -0.1220 0.9470 -0.2971
vn -0.1084 0.9876 -0.1134
vn -0.0808 -0.8783 -0.4713
vn -0.1295 -0.9610 -0.2442
vn -0.0754 -0.9207 -0.3829
vn 0.0266 -0.6845 -0.7285
vn 0.0224 -0.6653 -0.7463
vn 0.1242 -0.4143 -0.9016
vn 0.0603 -0.2586 -0.9641
vn -0.1194 -0.9873 -0.1048
vn 0.9931 -0.0074 0.1173
vn 0.9889 -0.0043 0.1484
vn 0.9884 -0.0043 0.1517
vn 0.8973 -0.4377 -0.0572
vn 0.9997 -0.0075 0.0243
vn 0.9995 -0.0114 0.0284
vn 0.1389 0.0428 -0.9894
vn 0.1365 0.0478 -0.9895
vn 0.0654 0.4271 -0.9018
vn 0.1292 0.3092 -0.9422
vn 0.0154 0.7443 -0.6677
vn -0.0832 0.8354 -0.5433
vn -0.0800 0.9131 -0.3999
vn 0.0025 0.6701 -0.7423
vn 0.6526 0.7573 -0.0234
vn 0.1025 0.9897 -0.1003
vn 0.9997 -0.0102 0.0237
vn 0.7182 0.6941 -0.0487
vn 0.9207 0.3852 -0.0624
vn 0.8813 0.4011 -0.2499
vn 0.9667 0.0231 0.2550
vn 0.5381 0.7389 -0.4054
vn 0.4559 0.5714 -0.6824
vn 0.7193 0.5775 -0.3860
vn 0.6718 0.6399 -0.3731
vn 0.7062 0.6630 -0.2485
vn 0.7076 0.6306 -0.3187
vn 0.8409 0.4529 -0.2963
vn 0.7034 0.6333 -0.3229
vn 0.8176 0.5116 -0.2642
vn 0.7762 0.6305 -0.0056
vn 0.7511 0.6601 -0.0056
vn 0.8044 0.5941 0.0006
vn 0.7767 0.6298 -0.0074
vn 0.8180 0.5752 -0.0076
vn 0.7999 0.6001 -0.0099
vn 0.7709 0.6369 -0.0067
vn 0.7065 0.7066 0.0383
vn 0.7500 0.6594 0.0520
vn 0.8574 0.5141 0.0211
vn 0.8645 -0.5019 -0.0267
vn 0.9424 -0.3332 -0.0298
vn 0.7782 -0.6014 -0.1808
vn 0.6633 -0.7263 -0.1803
vn 0.9520 -0.3051 -0.0256
vn 0.7596 -0.6036 -0.2420
vn 0.7468 -0.5936 -0.2999
vn 0.7281 -0.6851 0.0222
vn 0.6014 -0.7986 0.0237
vn 0.6642 -0.7465 -0.0388
vn 0.6142 -0.7882 0.0388
vn 0.6320 -0.7721 0.0667
vn 0.6545 -0.7531 0.0667
vn 0.5900 -0.7940 0.1467
vn 0.6654 -0.6762 0.3162
vn 0.8265 -0.5629 0.0011
vn 0.8848 -0.4656 0.0170
vn 0.9358 -0.3523 0.0162
vn 0.8862 -0.4628 -0.0204
vn 0.9727 -0.2288 0.0378
vn 0.9110 -0.4052 -0.0767
vn 0.9089 -0.4056 -0.0971
vn 0.8842 -0.4665 -0.0232
vn 0.8977 -0.4399 -0.0233
vn 0.8636 -0.5040 -0.0094
vn 0.8033 -0.5955 0.0038
vn 0.9350 -0.3040 -0.1825
vn 0.9497 -0.3120 -0.0254
vn 0.7005 -0.6750 -0.2315
vn 0.3585 -0.9137 -0.1916
vn 0.3403 -0.5830 -0.7378
vn 0.3836 -0.8970 -0.2198
vn 0.3884 -0.6352 -0.6676
vn 0.9073 -0.3716 -0.1969
vn 0.7307 -0.3339 -0.5955
vn 0.9880 -0.1524 0.0242
vn 0.9163 -0.3477 -0.1988
vn 0.3364 -0.7956 -0.5038
vn 0.3645 -0.3004 -0.8814
vn 0.3876 -0.7355 -0.5557
vn 0.3789 -0.3148 -0.8703
vn 0.9802 -0.0482 -0.1921
vn 0.8450 -0.0482 -0.5326
vn 0.9995 0.0231 0.0202
vn 0.9747 -0.0579 -0.2160
vn 0.7014 -0.0387 -0.7117
vn 0.7917 -0.3070 -0.5282
vn 0.9902 -0.0184 -0.1384
vn 0.3722 -0.0069 -0.9281
vn 0.3160 -0.6168 -0.7209
vn 0.3538 -0.5538 -0.7537
vn 0.3876 -0.0437 -0.9208
vn 0.9980 0.0581 -0.0237
vn 0.8722 0.0423 -0.4874
vn 0.5588 0.3399 -0.7564
vn 0.2919 0.6513 -0.7004
vn 0.3368 0.5789 -0.7425
vn 0.9958 -0.0083 -0.0911
vn 0.7928 0.3898 -0.4685
vn 0.9853 0.1683 -0.0278
vn 0.4711 0.6666 -0.5777
vn 0.3142 0.3151 -0.8955
vn 0.2813 0.8179 -0.5019
vn 0.3305 0.7623 -0.5565
vn 0.6070 0.7362 -0.2993
vn 0.9036 0.4278 -0.0208
vn 0.9033 0.4285 -0.0207
vn 0.3465 0.6090 -0.7135
vn 0.3339 0.9187 -0.2109
vn 0.3497 0.9084 -0.2293
vn 0.6163 0.7868 -0.0325
vn 0.6685 0.7428 -0.0361
vn 0.7854 0.6190 0.0009
vn 0.8486 0.5287 -0.0191
vn 0.7518 0.6178 -0.2305
vn 0.3187 -0.9446 -0.0781
vn 0.3505 -0.9302 -0.1092
vn 0.2965 -0.9531 0.0612
vn 0.3179 -0.9474 0.0379
vn 0.2833 -0.9378 0.2009
vn 0.3044 -0.9391 0.1593
vn 0.3917 -0.8961 0.2087
vn 0.2579 -0.8431 0.4718
vn 0.9967 -0.0709 0.0394
vn 0.7753 -0.4755 0.4157
vn 0.2732 -0.3206 0.9069
vn 0.4355 -0.6595 0.6128
vn 0.9457 -0.3158 -0.0765
vn 0.8957 -0.4350 -0.0916
vn 0.9276 -0.3001 -0.2226
vn 0.9257 -0.3492 -0.1452
vn 0.9764 -0.2138 -0.0311
vn 0.9601 -0.2176 -0.1757
vn 0.9975 -0.0020 -0.0713
vn 0.9432 -0.0043 -0.3323
vn 0.9998 0.0114 -0.0184
vn 0.9955 0.0569 0.0758
vn 0.9887 -0.1465 -0.0308
vn 0.9658 -0.1883 -0.1784
vn 0.9958 0.0909 -0.0100
vn 0.9655 0.1009 -0.2400
vn 0.9971 -0.0276 -0.0709
vn 0.9312 -0.0183 -0.3640
vn 0.9518 0.0627 -0.3003
vn 0.9388 0.1764 -0.2959
vn 0.9930 0.1104 -0.0421
vn 0.9298 0.2951 -0.2201
vn 0.9842 0.1767 -0.0110
vn 0.9501 0.3104 -0.0293
vn 0.9762 0.2122 -0.0440
vn 0.9281 0.2940 -0.2283
vn 0.8780 0.4609 -0.1290
vn 0.9061 0.3909 -0.1616
vn 0.8708 0.4906 -0.0304
vn 0.9216 0.3881 -0.0104
vn 0.8264 0.5347 0.1765
vn 0.7915 0.5076 0.3405
vn 0.7121 0.6704 0.2086
vn 0.8046 0.5571 0.2056
vn 0.8680 0.4606 0.1854
vn 0.4110 0.3255 0.8515
vn 0.4058 0.8918 0.2002
vn 0.8523 0.1844 0.4896
vn 0.9602 0.2113 0.1827
vn 0.7712 0.1718 0.6130
vn 0.8029 0.3952 0.4462
vn 0.9567 0.2271 0.1819
vn 0.3513 -0.0388 0.9354
vn 0.3372 0.7241 0.6017
vn 0.9267 0.0172 0.3755
vn 0.9068 -0.2408 0.3461
vn 0.9252 0.0220 0.3788
vn 0.8593 -0.1280 0.4952
vn 0.5813 -0.4150 0.7000
vn 0.3065 -0.6974 0.6479
vn 0.2263 0.0077 0.9740
vn 0.3373 -0.2158 0.9163
vn 0.9105 -0.4133 -0.0128
vn 0.2217 -0.3683 0.9029
vn 0.2667 -0.4172 0.8688
vn 0.9379 -0.1822 -0.2951
vn 0.9434 -0.2145 -0.2528
vn 0.9929 -0.0015 -0.1188
vn 0.9832 0.0124 -0.1821
vn 0.9645 0.0157 -0.2638
vn 0.3029 -0.2647 -0.9155
vn 0.3668 -0.3224 -0.8727
vn 0.2367 -0.5686 0.7878
vn 0.9215 -0.0186 -0.3879
vn 0.9452 -0.0276 -0.3253
vn 0.9305 0.0647 -0.3606
vn 0.9242 -0.0174 -0.3815
vn 0.9374 0.0487 -0.3448
vn 0.9312 0.1749 -0.3199
vn 0.9212 0.1932 -0.3377
vn 0.2268 0.0295 0.9735
vn 0.2018 -0.0175 0.9793
vn 0.1930 0.2552 0.9474
vn 0.2961 0.2988 -0.9072
vn 0.3003 0.3447 -0.8894
vn 0.2761 0.3199 -0.9064
vn 0.2506 0.4152 0.8746
vn 0.2325 0.5374 0.8107
vn 0.2269 0.4599 0.8585
vn 0.2247 0.7033 0.6744
vn 0.8999 0.3437 -0.2684
vn 0.2858 0.7275 -0.6238
vn 0.5689 0.8196 -0.0674
vn 0.3253 0.9413 -0.0907
vn 0.3236 0.9420 -0.0891
vn 0.6190 0.7839 0.0483
vn 0.2996 0.9511 0.0752
vn 0.3266 0.9441 0.0458
vn 0.6337 0.7731 0.0262
vn 0.7851 0.6184 0.0342
vn 0.7074 0.6971 0.1170
vn 0.2990 0.9328 0.2013
vn 0.3091 0.9336 0.1811
vn 0.2819 0.8511 0.4429
vn 0.8846 0.4663 0.0045
vn 0.7977 0.6030 0.0058
vn 0.8444 0.5352 0.0212
vn 0.8769 0.4807 0.0000
vn 0.1582 -0.9804 -0.1178
vn 0.3172 -0.9090 -0.2704
vn 0.3176 -0.7116 -0.6267
vn -0.0538 -0.7513 -0.6578
vn 0.1978 -0.9794 0.0403
vn 0.2228 -0.9488 0.2238
vn 0.2107 -0.9764 0.0482
vn 0.5129 -0.7467 0.4236
vn 0.2200 -0.7148 0.6638
vn 0.1707 -0.5036 0.8469
vn 0.0077 -0.5109 0.8596
vn 0.9419 -0.3357 -0.0076
vn 0.9565 -0.2916 0.0045
vn 0.9666 -0.2562 0.0049
vn 0.9749 -0.2228 -0.0023
vn 0.9995 -0.0096 -0.0298
vn 0.9980 -0.0028 -0.0639
vn 0.9453 0.0279 -0.3249
vn 0.1032 -0.3543 -0.9294
vn 0.1649 -0.4857 -0.8585
vn 0.9942 -0.1077 -0.0021
vn 0.9442 -0.0297 -0.3282
vn 0.9902 -0.1392 0.0047
vn 0.1548 -0.2508 -0.9556
vn 0.0995 -0.2094 0.9728
vn 0.1656 -0.0187 0.9860
vn 0.9449 -0.0093 -0.3271
vn 0.9999 0.0094 0.0043
vn 0.9999 -0.0096 0.0090
vn 0.9471 -0.0167 -0.3206
vn 0.9397 0.1061 -0.3250
vn 0.9876 -0.1410 -0.0686
vn 0.0063 -0.0459 -0.9989
vn 0.1756 0.3321 -0.9268
vn 0.0506 0.2690 -0.9618
vn -0.0706 0.2858 -0.9557
vn 0.1622 0.2544 0.9534
vn 0.9943 0.1066 0.0090
vn 0.9935 0.1135 0.0073
vn 0.1330 0.4812 -0.8665
vn 0.1880 0.4953 0.8481
vn -0.0361 0.5059 0.8619
vn 0.9331 0.3534 -0.0670
vn 0.9935 0.1133 0.0073
vn 0.9782 0.2061 -0.0250
vn 0.9510 0.2623 0.1637
vn 0.7954 0.2311 0.5603
vn 0.2731 0.7393 -0.6155
vn 0.0273 0.4759 -0.8791
vn 0.2753 0.6116 -0.7417
vn 0.0629 0.7622 -0.6442
vn 0.3718 0.6791 0.6329
vn 0.9065 0.4215 -0.0242
vn 0.9587 0.2325 0.1636
vn 0.9478 0.3188 -0.0003
vn 0.9239 0.3539 -0.1456
vn 0.8465 0.1660 0.5058
vn 0.2657 0.9186 -0.2925
vn 0.2417 0.9659 -0.0922
vn 0.2401 0.9665 -0.0909
vn 0.3157 0.9023 -0.2934
vn 0.2081 0.9769 0.0479
vn 0.2404 0.9704 0.0209
vn 0.2407 0.9421 0.2334
vn 0.3766 0.8206 0.4299
vn 0.3506 -0.8971 -0.2688
vn 0.4290 -0.8559 -0.2889
vn 0.6883 -0.7231 -0.0580
vn 0.2607 -0.5581 -0.7878
vn 0.6659 -0.7460 -0.0046
vn 0.4037 -0.8868 0.2248
vn 0.2880 -0.4874 -0.8243
vn 0.2941 -0.4856 -0.8232
vn 0.0380 -0.2693 -0.9623
vn 0.0865 -0.4801 0.8730
vn 0.1603 -0.1301 -0.9785
vn 0.3408 -0.0894 0.9359
vn 0.2321 0.2876 0.9292
vn 0.2133 0.4147 -0.8846
vn -0.3589 0.6023 -0.7130
vn 0.3949 0.6620 0.6371
vn 0.3983 0.7871 -0.4710
vn 0.7489 0.6624 -0.0200
vn 0.6428 0.7655 0.0293
vn 0.6541 0.7306 0.1958
vn 0.6442 0.7398 0.1942
vn 0.9598 -0.2805 -0.0116
vn 0.9289 -0.3703 -0.0081
vn 0.7744 -0.6321 0.0266
vn 0.9896 -0.1439 0.0061
vn 0.5558 -0.7127 0.4279
vn 0.9997 -0.0253 -0.0016
vn 0.9993 -0.0367 -0.0041
vn 0.9998 0.0171 0.0095
vn 0.9997 -0.0258 -0.0017
vn 0.9999 -0.0080 0.0092
vn 0.9997 0.0225 0.0037
vn 0.9910 0.1335 0.0125
vn 0.9794 0.2021 0.0055
vn 0.9640 0.2656 0.0104
vn 0.8096 0.5862 -0.0300
vn 0.5826 0.7034 -0.4071
vn 0.4046 0.4106 -0.8171
vn 0.4846 -0.4627 -0.7424
usemtl material_0.001
s off
f 1//1 2//1 3//1
f 4//2 3//2 2//2
f 5//3 6//3 2//3
f 5//4 2//4 1//4
f 7//5 1//5 3//5
f 7//6 3//6 8//6
f 4//7 2//7 6//7
f 9//8 6//8 5//8
f 10//9 11//9 3//9
f 8//10 3//10 11//10
f 4//11 10//11 3//11
f 12//12 13//12 11//12
f 14//13 11//13 13//13
f 10//14 12//14 11//14
f 12//15 15//15 13//15
f 15//16 16//16 13//16
f 17//17 18//17 16//17
f 15//18 17//18 16//18
f 19//19 20//19 18//19
f 17//20 19//20 18//20
f 21//21 20//21 22//21
f 19//22 22//22 20//22
f 23//23 21//23 22//23
f 24//24 17//24 15//24
f 9//25 25//25 6//25
f 26//26 4//26 6//26
f 26//27 6//27 25//27
f 27//28 7//28 8//28
f 28//29 4//29 26//29
f 28//30 10//30 4//30
f 29//31 8//31 11//31
f 29//32 27//32 8//32
f 14//33 29//33 11//33
f 28//34 30//34 10//34
f 31//35 12//35 10//35
f 31//36 10//36 30//36
f 32//37 15//37 12//37
f 32//38 12//38 31//38
f 33//39 13//39 16//39
f 34//40 14//40 13//40
f 33//41 34//41 13//41
f 24//42 15//42 32//42
f 33//43 16//43 18//43
f 35//44 17//44 24//44
f 36//45 37//45 18//45
f 33//46 18//46 37//46
f 38//47 19//47 17//47
f 38//48 17//48 35//48
f 36//49 18//49 20//49
f 21//50 36//50 20//50
f 39//51 22//51 19//51
f 39//52 19//52 38//52
f 40//53 23//53 22//53
f 39//54 40//54 22//54
f 7//55 41//55 1//55
f 42//56 41//56 7//56
f 43//57 1//57 41//57
f 44//58 43//58 41//58
f 44//59 41//59 42//59
f 45//60 7//60 27//60
f 46//61 7//61 45//61
f 47//62 42//62 7//62
f 46//63 47//63 7//63
f 5//64 1//64 43//64
f 48//65 5//65 43//65
f 49//66 48//66 43//66
f 49//67 43//67 44//67
f 9//68 5//68 48//68
f 25//69 9//69 48//69
f 50//70 25//70 48//70
f 50//71 48//71 49//71
f 51//72 26//72 25//72
f 51//73 25//73 50//73
f 46//74 45//74 27//74
f 52//75 27//75 29//75
f 53//76 27//76 52//76
f 54//77 46//77 27//77
f 53//78 54//78 27//78
f 55//79 28//79 26//79
f 55//80 26//80 51//80
f 56//81 30//81 28//81
f 57//82 56//82 28//82
f 57//83 28//83 55//83
f 58//84 52//84 29//84
f 59//85 52//85 58//85
f 59//86 53//86 52//86
f 14//87 58//87 29//87
f 60//88 30//88 56//88
f 61//89 31//89 30//89
f 61//90 30//90 60//90
f 60//91 56//91 57//91
f 59//92 58//92 14//92
f 62//93 14//93 34//93
f 63//94 59//94 14//94
f 62//95 63//95 14//95
f 61//96 32//96 31//96
f 33//97 64//97 34//97
f 65//98 34//98 64//98
f 66//99 34//99 65//99
f 62//100 34//100 66//100
f 67//101 24//101 32//101
f 68//102 32//102 61//102
f 67//103 32//103 68//103
f 37//104 64//104 33//104
f 69//105 65//105 64//105
f 70//106 64//106 37//106
f 70//107 69//107 64//107
f 69//108 66//108 65//108
f 35//109 24//109 71//109
f 67//110 71//110 24//110
f 72//111 37//111 36//111
f 73//112 37//112 72//112
f 70//113 37//113 73//113
f 74//114 35//114 71//114
f 75//115 71//115 67//115
f 74//116 71//116 75//116
f 76//117 38//117 35//117
f 76//118 35//118 74//118
f 77//119 72//119 36//119
f 78//120 36//120 21//120
f 79//121 36//121 78//121
f 77//122 36//122 79//122
f 77//123 73//123 72//123
f 76//124 39//124 38//124
f 80//125 81//125 39//125
f 76//126 80//126 39//126
f 23//127 78//127 21//127
f 82//128 78//128 23//128
f 83//129 78//129 82//129
f 83//130 79//130 78//130
f 40//131 82//131 23//131
f 81//132 82//132 40//132
f 84//133 82//133 81//133
f 84//134 83//134 82//134
f 39//135 81//135 40//135
f 80//136 84//136 81//136
f 85//137 42//137 47//137
f 86//138 44//138 42//138
f 86//139 42//139 85//139
f 87//140 47//140 46//140
f 85//141 47//141 88//141
f 87//142 88//142 47//142
f 87//143 46//143 54//143
f 89//144 49//144 44//144
f 89//145 44//145 86//145
f 89//146 50//146 49//146
f 90//147 51//147 50//147
f 90//148 50//148 89//148
f 91//149 55//149 51//149
f 92//150 51//150 90//150
f 93//151 91//151 51//151
f 92//152 93//152 51//152
f 60//153 57//153 55//153
f 91//154 60//154 55//154
f 94//155 95//155 96//155
f 97//156 96//156 95//156
f 98//157 99//157 96//157
f 94//158 96//158 99//158
f 97//159 98//159 96//159
f 94//160 100//160 95//160
f 101//161 95//161 100//161
f 102//162 97//162 95//162
f 102//163 95//163 101//163
f 103//164 101//164 100//164
f 104//165 99//165 98//165
f 105//166 94//166 99//166
f 105//167 99//167 104//167
f 92//168 98//168 97//168
f 92//169 90//169 98//169
f 104//170 98//170 90//170
f 93//171 97//171 102//171
f 92//172 97//172 93//172
f 106//173 100//173 94//173
f 106//174 103//174 100//174
f 105//175 107//175 94//175
f 106//176 94//176 107//176
f 108//177 106//177 107//177
f 109//178 54//178 53//178
f 110//179 54//179 111//179
f 109//180 111//180 54//180
f 87//181 54//181 110//181
f 112//182 53//182 59//182
f 109//183 53//183 112//183
f 113//184 101//184 103//184
f 114//185 102//185 101//185
f 115//186 101//186 113//186
f 114//187 101//187 115//187
f 116//188 113//188 103//188
f 93//189 102//189 114//189
f 117//190 103//190 106//190
f 117//191 116//191 103//191
f 108//192 117//192 106//192
f 112//193 59//193 63//193
f 118//194 61//194 60//194
f 118//195 60//195 91//195
f 119//196 68//196 61//196
f 119//197 61//197 118//197
f 120//198 113//198 116//198
f 120//199 115//199 113//199
f 121//200 120//200 116//200
f 122//201 114//201 115//201
f 122//202 115//202 120//202
f 123//203 114//203 122//203
f 93//204 114//204 123//204
f 121//205 116//205 117//205
f 124//206 117//206 108//206
f 125//207 121//207 117//207
f 124//208 125//208 117//208
f 126//209 124//209 108//209
f 127//210 128//210 108//210
f 129//211 108//211 128//211
f 130//212 127//212 108//212
f 131//213 130//213 108//213
f 132//214 131//214 108//214
f 133//215 132//215 108//215
f 134//216 133//216 108//216
f 107//217 134//217 108//217
f 135//218 126//218 108//218
f 129//219 135//219 108//219
f 127//220 136//220 128//220
f 137//221 129//221 128//221
f 138//222 137//222 128//222
f 139//223 140//223 128//223
f 141//224 128//224 140//224
f 136//225 139//225 128//225
f 141//226 138//226 128//226
f 142//227 141//227 140//227
f 139//228 143//228 140//228
f 144//229 142//229 140//229
f 145//230 144//230 140//230
f 146//231 145//231 140//231
f 143//232 146//232 140//232
f 147//233 148//233 145//233
f 149//234 145//234 148//234
f 146//235 147//235 145//235
f 150//236 149//236 148//236
f 147//237 151//237 148//237
f 152//238 148//238 151//238
f 152//239 150//239 148//239
f 147//240 153//240 151//240
f 154//241 152//241 151//241
f 155//242 156//242 151//242
f 153//243 155//243 151//243
f 155//244 157//244 156//244
f 158//245 151//245 156//245
f 157//246 159//246 156//246
f 158//247 156//247 159//247
f 157//248 160//248 159//248
f 161//249 158//249 159//249
f 160//250 162//250 159//250
f 162//251 163//251 159//251
f 164//252 159//252 163//252
f 161//253 159//253 165//253
f 164//254 165//254 159//254
f 162//255 166//255 163//255
f 166//256 167//256 163//256
f 168//257 163//257 167//257
f 164//258 163//258 168//258
f 166//259 169//259 167//259
f 170//260 171//260 167//260
f 168//261 167//261 171//261
f 170//262 167//262 172//262
f 169//263 172//263 167//263
f 173//264 174//264 172//264
f 169//265 173//265 172//265
f 175//266 174//266 176//266
f 172//267 174//267 175//267
f 177//268 174//268 173//268
f 176//269 174//269 177//269
f 177//270 173//270 178//270
f 179//271 173//271 169//271
f 178//272 173//272 179//272
f 180//273 169//273 181//273
f 180//274 179//274 169//274
f 182//275 183//275 169//275
f 184//276 169//276 183//276
f 185//277 182//277 169//277
f 186//278 185//278 169//278
f 187//279 186//279 169//279
f 188//280 187//280 169//280
f 166//281 188//281 169//281
f 184//282 181//282 169//282
f 182//283 189//283 183//283
f 190//284 184//284 183//284
f 191//285 192//285 183//285
f 193//286 183//286 192//286
f 189//287 191//287 183//287
f 193//288 194//288 183//288
f 190//289 183//289 194//289
f 195//290 192//290 196//290
f 193//291 192//291 195//291
f 197//292 198//292 192//292
f 191//293 197//293 192//293
f 196//294 192//294 198//294
f 199//295 200//295 198//295
f 197//296 199//296 198//296
f 200//297 201//297 198//297
f 202//298 198//298 201//298
f 203//299 198//299 202//299
f 204//300 201//300 200//300
f 202//301 201//301 205//301
f 204//302 205//302 201//302
f 206//303 200//303 199//303
f 207//304 204//304 200//304
f 207//305 200//305 206//305
f 208//306 199//306 197//306
f 206//307 199//307 209//307
f 210//308 209//308 199//308
f 208//309 210//309 199//309
f 208//310 197//310 191//310
f 211//311 208//311 191//311
f 212//312 191//312 189//312
f 212//313 211//313 191//313
f 213//314 189//314 182//314
f 213//315 212//315 189//315
f 213//316 182//316 185//316
f 214//317 185//317 186//317
f 214//318 213//318 185//318
f 214//319 186//319 215//319
f 216//320 186//320 187//320
f 215//321 186//321 216//321
f 217//322 187//322 188//322
f 217//323 216//323 187//323
f 218//324 188//324 166//324
f 218//325 217//325 188//325
f 162//326 219//326 166//326
f 218//327 166//327 219//327
f 220//328 219//328 162//328
f 220//329 221//329 219//329
f 218//330 219//330 221//330
f 160//331 222//331 162//331
f 220//332 162//332 222//332
f 223//333 222//333 160//333
f 223//334 224//334 222//334
f 220//335 222//335 224//335
f 157//336 225//336 160//336
f 223//337 160//337 225//337
f 226//338 225//338 157//338
f 226//339 227//339 225//339
f 223//340 225//340 227//340
f 226//341 157//341 155//341
f 228//342 155//342 153//342
f 226//343 155//343 228//343
f 229//344 153//344 147//344
f 228//345 153//345 229//345
f 229//346 147//346 230//346
f 231//347 147//347 146//347
f 231//348 230//348 147//348
f 232//349 146//349 143//349
f 231//350 146//350 232//350
f 232//351 143//351 139//351
f 232//352 139//352 233//352
f 234//353 139//353 136//353
f 233//354 139//354 234//354
f 235//355 136//355 127//355
f 234//356 136//356 235//356
f 235//357 127//357 130//357
f 236//358 130//358 131//358
f 235//359 130//359 236//359
f 236//360 131//360 237//360
f 238//361 131//361 132//361
f 237//362 131//362 238//362
f 239//363 132//363 133//363
f 238//364 132//364 239//364
f 240//365 133//365 134//365
f 239//366 133//366 240//366
f 241//367 242//367 134//367
f 240//368 134//368 242//368
f 243//369 241//369 134//369
f 107//370 243//370 134//370
f 244//371 242//371 241//371
f 245//372 240//372 242//372
f 245//373 242//373 244//373
f 246//374 247//374 241//374
f 244//375 241//375 247//375
f 248//376 246//376 241//376
f 243//377 248//377 241//377
f 249//378 247//378 246//378
f 250//379 244//379 247//379
f 249//380 250//380 247//380
f 251//381 252//381 246//381
f 249//382 246//382 252//382
f 248//383 251//383 246//383
f 253//384 252//384 251//384
f 249//385 252//385 254//385
f 253//386 254//386 252//386
f 255//387 256//387 251//387
f 253//388 251//388 256//388
f 248//389 255//389 251//389
f 257//390 258//390 256//390
f 259//391 256//391 258//391
f 255//392 257//392 256//392
f 259//393 253//393 256//393
f 260//394 258//394 257//394
f 259//395 258//395 261//395
f 262//396 261//396 258//396
f 263//397 258//397 260//397
f 262//398 258//398 263//398
f 264//399 257//399 255//399
f 265//400 257//400 264//400
f 266//401 257//401 265//401
f 267//402 257//402 266//402
f 267//403 260//403 257//403
f 264//404 255//404 268//404
f 269//405 255//405 248//405
f 268//406 255//406 269//406
f 269//407 248//407 270//407
f 271//408 248//408 243//408
f 270//409 248//409 271//409
f 272//410 243//410 107//410
f 273//411 243//411 272//411
f 271//412 243//412 273//412
f 272//413 107//413 105//413
f 274//414 63//414 62//414
f 112//415 63//415 274//415
f 69//416 62//416 66//416
f 275//417 62//417 69//417
f 275//418 274//418 62//418
f 119//419 67//419 68//419
f 276//420 122//420 120//420
f 276//421 120//421 121//421
f 277//422 123//422 122//422
f 277//423 122//423 276//423
f 278//424 123//424 277//424
f 279//425 123//425 278//425
f 93//426 123//426 279//426
f 125//427 276//427 121//427
f 275//428 69//428 70//428
f 280//429 75//429 67//429
f 281//430 67//430 119//430
f 281//431 280//431 67//431
f 280//432 74//432 75//432
f 282//433 277//433 276//433
f 282//434 276//434 125//434
f 278//435 277//435 282//435
f 124//436 282//436 125//436
f 77//437 70//437 73//437
f 283//438 70//438 77//438
f 284//439 285//439 70//439
f 275//440 70//440 285//440
f 286//441 284//441 70//441
f 283//442 286//442 70//442
f 287//443 76//443 74//443
f 287//444 74//444 280//444
f 288//445 282//445 124//445
f 289//446 278//446 282//446
f 289//447 282//447 288//447
f 126//448 288//448 124//448
f 281//449 278//449 289//449
f 279//450 278//450 281//450
f 290//451 77//451 79//451
f 291//452 79//452 83//452
f 291//453 290//453 79//453
f 292//454 283//454 77//454
f 290//455 292//455 77//455
f 291//456 83//456 84//456
f 293//457 84//457 80//457
f 293//458 291//458 84//458
f 294//459 80//459 76//459
f 293//460 80//460 294//460
f 295//461 76//461 287//461
f 295//462 294//462 76//462
f 296//463 288//463 126//463
f 289//464 288//464 296//464
f 297//465 296//465 126//465
f 295//466 296//466 297//466
f 295//467 289//467 296//467
f 135//468 297//468 126//468
f 135//469 295//469 297//469
f 287//470 280//470 289//470
f 281//471 289//471 280//471
f 295//472 287//472 289//472
f 298//473 299//473 88//473
f 298//474 300//474 299//474
f 299//475 85//475 88//475
f 301//476 298//476 88//476
f 301//477 88//477 110//477
f 87//478 110//478 88//478
f 302//479 300//480 298//480
f 303//481 300//481 302//482
f 303//483 304//483 300//483
f 305//484 298//484 301//484
f 305//485 302//486 298//485
f 306//487 299//487 300//487
f 307//488 85//488 299//488
f 306//489 307//489 299//489
f 308//490 306//490 300//490
f 308//491 300//491 304//491
f 86//492 85//492 307//492
f 89//493 86//493 307//493
f 90//494 89//494 307//494
f 104//495 90//495 307//495
f 309//496 307//496 306//496
f 310//497 309//497 306//497
f 308//498 310//498 306//498
f 311//499 104//499 307//499
f 309//500 311//500 307//500
f 272//501 104//501 311//501
f 272//502 105//502 104//502
f 273//503 311//503 309//503
f 273//504 272//504 311//504
f 271//505 273//505 309//505
f 271//506 309//506 310//506
f 305//507 301//507 111//507
f 312//508 305//508 111//508
f 301//509 110//509 111//509
f 313//510 312//510 111//510
f 109//511 313//511 111//511
f 314//512 302//513 305//512
f 315//514 302//515 314//516
f 315//517 303//518 302//519
f 316//520 314//520 305//520
f 317//521 316//521 305//521
f 312//522 317//522 305//522
f 318//523 319//523 314//523
f 320//524 314//524 319//524
f 316//525 318//525 314//525
f 321//526 315//527 314//526
f 322//528 321//528 314//528
f 320//529 322//529 314//529
f 323//530 324//530 319//530
f 325//531 319//531 324//531
f 318//532 323//532 319//532
f 326//533 320//533 319//533
f 326//534 319//534 325//534
f 327//535 324//535 323//535
f 325//536 324//536 328//536
f 329//537 328//537 324//537
f 330//538 324//538 327//538
f 330//539 329//539 324//539
f 327//540 323//540 318//540
f 331//541 318//541 316//541
f 332//542 318//542 331//542
f 332//543 327//543 318//543
f 317//544 333//544 316//544
f 331//545 316//545 333//545
f 334//546 333//546 317//546
f 335//547 333//547 334//547
f 336//548 333//548 335//548
f 337//549 331//549 333//549
f 337//550 333//550 336//550
f 338//551 317//551 312//551
f 334//552 317//552 338//552
f 339//553 312//553 340//553
f 338//554 312//554 339//554
f 341//555 312//555 313//555
f 341//556 340//556 312//556
f 112//557 274//557 313//557
f 342//558 313//558 274//558
f 109//559 112//559 313//559
f 342//560 341//560 313//560
f 275//561 285//561 274//561
f 342//562 274//562 285//562
f 343//563 285//563 284//563
f 343//564 342//564 285//564
f 344//565 284//565 286//565
f 344//566 343//566 284//566
f 345//567 286//567 283//567
f 345//568 344//568 286//568
f 346//569 283//569 292//569
f 346//570 345//570 283//570
f 347//571 292//571 348//571
f 290//572 348//572 292//572
f 347//573 346//573 292//573
f 349//574 347//574 348//574
f 350//575 349//575 348//575
f 350//576 348//576 351//576
f 352//577 348//577 290//577
f 352//578 351//578 348//578
f 352//579 290//579 291//579
f 118//580 91//580 93//580
f 93//581 279//581 118//581
f 279//582 119//582 118//582
f 279//583 281//583 119//583
f 352//584 294//584 295//584
f 352//585 293//585 294//585
f 353//586 352//586 295//586
f 354//587 340//587 341//587
f 355//588 339//588 340//588
f 356//589 340//589 354//589
f 355//590 340//590 356//590
f 343//591 341//591 342//591
f 354//592 341//592 343//592
f 356//593 343//593 344//593
f 356//594 354//594 343//594
f 355//595 344//595 338//595
f 357//596 338//596 344//596
f 355//597 356//597 344//597
f 345//598 357//598 344//598
f 358//599 345//599 346//599
f 347//600 358//600 346//600
f 359//601 360//601 345//601
f 358//602 359//602 345//602
f 359//603 361//603 360//603
f 362//604 363//604 361//604
f 335//605 361//605 363//605
f 359//606 362//606 361//606
f 364//607 360//607 361//607
f 335//608 364//608 361//608
f 365//609 366//609 363//609
f 335//610 363//610 366//610
f 362//611 365//611 363//611
f 367//612 366//612 368//612
f 365//613 368//613 366//613
f 336//614 335//614 366//614
f 367//615 336//615 366//615
f 369//616 367//616 368//616
f 370//617 369//617 368//617
f 365//618 371//618 368//618
f 370//619 368//619 371//619
f 372//620 371//620 365//620
f 373//621 365//621 362//621
f 372//622 365//622 373//622
f 374//623 362//623 359//623
f 374//624 373//624 362//624
f 349//625 358//625 347//625
f 375//626 359//626 358//626
f 349//627 375//627 358//627
f 350//628 359//628 375//628
f 376//629 359//629 350//629
f 376//630 374//630 359//630
f 350//631 375//631 349//631
f 352//632 291//632 293//632
f 353//633 295//633 135//633
f 129//634 353//634 135//634
f 350//635 351//635 352//635
f 377//636 376//636 350//636
f 378//637 350//637 352//637
f 379//638 350//638 378//638
f 379//639 377//639 350//639
f 378//640 352//640 353//640
f 129//641 378//641 353//641
f 137//642 378//642 129//642
f 379//643 378//643 137//643
f 138//644 379//644 137//644
f 380//645 308//645 304//645
f 381//646 380//646 304//646
f 321//647 304//647 303//647
f 381//648 304//648 321//648
f 321//649 303//649 315//650
f 382//651 383//651 380//651
f 384//652 380//652 381//652
f 382//653 380//653 384//653
f 385//654 308//654 380//654
f 383//655 385//655 380//655
f 386//656 385//656 383//656
f 387//657 385//657 386//657
f 388//658 310//658 385//658
f 385//659 310//659 308//659
f 387//660 388//660 385//660
f 270//661 310//661 388//661
f 270//662 271//662 310//662
f 389//663 270//663 388//663
f 389//664 388//664 387//664
f 320//665 321//665 322//665
f 390//666 381//666 321//666
f 391//667 239//667 240//667
f 391//668 240//668 245//668
f 355//669 338//669 339//669
f 357//670 392//670 338//670
f 334//671 338//671 392//671
f 393//672 238//672 239//672
f 393//673 239//673 391//673
f 216//674 237//674 238//674
f 215//675 238//675 393//675
f 215//676 216//676 238//676
f 360//677 392//677 357//677
f 364//678 392//678 360//678
f 334//679 392//679 364//679
f 360//680 357//680 345//680
f 394//681 236//681 237//681
f 395//682 394//682 237//682
f 396//683 395//683 237//683
f 216//684 396//684 237//684
f 397//685 235//685 236//685
f 397//686 236//686 394//686
f 234//687 235//687 397//687
f 374//688 398//688 373//688
f 399//689 373//689 398//689
f 372//690 373//690 399//690
f 376//691 398//691 374//691
f 400//692 398//692 376//692
f 401//693 398//693 400//693
f 402//694 398//694 401//694
f 402//695 399//695 398//695
f 400//696 376//696 377//696
f 401//697 400//697 377//697
f 403//698 401//698 377//698
f 402//699 401//699 403//699
f 404//700 402//700 403//700
f 405//701 404//701 403//701
f 406//702 403//702 377//702
f 407//703 403//703 406//703
f 408//704 405//704 403//704
f 408//705 403//705 407//705
f 406//706 377//706 379//706
f 409//707 406//707 379//707
f 407//708 406//708 409//708
f 410//709 407//709 409//709
f 411//710 409//710 379//710
f 410//711 409//711 411//711
f 138//712 411//712 379//712
f 141//713 411//713 138//713
f 141//714 410//714 411//714
f 412//715 386//715 383//715
f 413//716 412//716 383//716
f 413//717 414//717 412//717
f 415//718 383//718 382//718
f 415//719 413//719 383//719
f 416//720 412//720 414//720
f 417//721 386//721 412//721
f 417//722 387//722 386//722
f 416//723 417//723 412//723
f 418//724 387//724 417//724
f 419//725 417//725 416//725
f 420//726 418//726 417//726
f 420//727 417//727 419//727
f 269//728 387//728 418//728
f 269//729 389//729 387//729
f 268//730 269//730 418//730
f 268//731 418//731 420//731
f 269//732 270//732 389//732
f 390//733 384//733 381//733
f 421//734 382//734 384//734
f 422//735 421//735 384//735
f 422//736 384//736 390//736
f 415//737 382//737 421//737
f 423//738 390//738 321//738
f 422//739 390//739 423//739
f 424//740 423//740 321//740
f 425//741 424//741 321//741
f 426//742 425//742 321//742
f 427//743 426//743 321//743
f 428//744 427//744 321//744
f 429//745 428//745 321//745
f 328//746 429//746 321//746
f 320//747 328//747 321//747
f 424//748 430//748 423//748
f 422//749 423//749 430//749
f 431//750 430//750 424//750
f 432//751 422//751 430//751
f 433//752 432//752 430//752
f 433//753 430//753 431//753
f 399//754 431//754 424//754
f 372//755 399//755 424//755
f 434//756 422//756 432//756
f 434//757 421//757 422//757
f 435//758 434//758 432//758
f 433//759 435//759 432//759
f 436//760 245//760 244//760
f 436//761 244//761 250//761
f 437//762 421//762 434//762
f 437//763 415//763 421//763
f 438//764 391//764 245//764
f 436//765 438//765 245//765
f 215//766 393//766 391//766
f 438//767 215//767 391//767
f 439//768 434//768 435//768
f 439//769 437//769 434//769
f 440//770 435//770 433//770
f 439//771 435//771 440//771
f 441//772 397//772 394//772
f 221//773 441//773 394//773
f 395//774 221//774 394//774
f 224//775 442//775 397//775
f 441//776 224//776 397//776
f 443//777 232//777 397//777
f 233//778 397//778 232//778
f 444//779 443//779 397//779
f 445//780 444//780 397//780
f 227//781 445//781 397//781
f 442//782 227//782 397//782
f 233//783 234//783 397//783
f 231//784 232//784 443//784
f 229//785 230//785 443//785
f 231//786 443//786 230//786
f 444//787 229//787 443//787
f 228//788 229//788 444//788
f 228//789 444//789 445//789
f 226//790 445//790 227//790
f 226//791 228//791 445//791
f 223//792 227//792 442//792
f 223//793 442//793 224//793
f 220//794 224//794 441//794
f 220//795 441//795 221//795
f 218//796 221//796 395//796
f 217//797 395//797 396//797
f 218//798 395//798 217//798
f 217//799 396//799 216//799
f 214//800 215//800 438//800
f 436//801 446//801 438//801
f 214//802 438//802 446//802
f 250//803 447//803 446//803
f 436//804 250//804 446//804
f 213//805 446//805 212//805
f 214//806 446//806 213//806
f 448//807 208//807 446//807
f 211//808 446//808 208//808
f 449//809 448//809 446//809
f 450//810 449//810 446//810
f 254//811 450//811 446//811
f 447//812 254//812 446//812
f 212//813 446//813 211//813
f 210//814 208//814 448//814
f 261//815 451//815 448//815
f 210//816 448//816 451//816
f 449//817 261//817 448//817
f 452//818 451//818 261//818
f 452//819 209//819 451//819
f 210//820 451//820 209//820
f 259//821 261//821 449//821
f 453//822 261//822 262//822
f 452//823 261//823 453//823
f 259//824 449//824 450//824
f 253//825 450//825 254//825
f 259//826 450//826 253//826
f 249//827 254//827 447//827
f 249//828 447//828 250//828
f 335//829 334//829 364//829
f 402//830 431//830 399//830
f 404//831 433//831 431//831
f 404//832 431//832 402//832
f 440//833 433//833 404//833
f 405//834 440//834 404//834
f 454//835 440//835 405//835
f 454//836 439//836 440//836
f 455//837 405//837 408//837
f 455//838 454//838 405//838
f 456//839 457//839 408//839
f 455//840 408//840 457//840
f 458//841 408//841 407//841
f 456//842 408//842 458//842
f 458//843 407//843 410//843
f 459//844 458//844 410//844
f 460//845 458//845 459//845
f 461//846 460//846 459//846
f 141//847 459//847 410//847
f 142//848 459//848 141//848
f 461//849 459//849 142//849
f 144//850 461//850 142//850
f 462//851 415//851 437//851
f 463//852 413//852 415//852
f 464//853 463//853 415//853
f 462//854 464//854 415//854
f 371//855 372//855 424//855
f 371//856 424//856 425//856
f 370//857 425//857 426//857
f 371//858 425//858 370//858
f 465//859 426//859 427//859
f 465//860 370//860 426//860
f 466//861 467//861 427//861
f 468//862 427//862 467//862
f 428//863 466//863 427//863
f 468//864 465//864 427//864
f 466//865 469//865 467//865
f 470//866 467//866 469//866
f 471//867 468//867 467//867
f 472//868 471//868 467//868
f 470//869 472//869 467//869
f 473//870 474//870 469//870
f 475//871 473//871 469//871
f 466//872 475//872 469//872
f 476//873 470//873 469//873
f 474//874 476//874 469//874
f 477//875 473//875 475//875
f 478//876 474//876 473//876
f 479//877 478//877 473//877
f 480//878 479//878 473//878
f 481//879 480//879 473//879
f 482//880 473//880 477//880
f 481//881 473//881 482//881
f 466//882 483//882 475//882
f 484//883 475//883 483//883
f 477//884 475//884 484//884
f 485//885 483//885 466//885
f 484//886 483//886 485//886
f 486//887 466//887 428//887
f 485//888 466//888 486//888
f 487//889 428//889 429//889
f 487//890 486//890 428//890
f 488//891 489//891 429//891
f 487//892 429//892 489//892
f 490//893 488//893 429//893
f 491//894 490//894 429//894
f 492//895 491//895 429//895
f 493//896 492//896 429//896
f 328//897 493//897 429//897
f 488//898 494//898 489//898
f 495//899 487//899 489//899
f 495//900 489//900 496//900
f 497//901 489//901 494//901
f 498//902 489//902 497//902
f 499//903 489//903 500//903
f 498//904 500//904 489//904
f 496//905 489//905 499//905
f 501//906 494//906 488//906
f 502//907 494//907 501//907
f 497//908 494//908 502//908
f 490//909 503//909 488//909
f 501//910 488//910 503//910
f 504//911 491//911 492//911
f 490//912 491//912 504//912
f 505//913 492//913 493//913
f 504//914 492//914 505//914
f 329//915 493//915 328//915
f 505//916 493//916 329//916
f 326//917 328//917 320//917
f 326//918 325//918 328//918
f 506//919 462//919 437//919
f 507//920 437//920 439//920
f 508//921 506//921 437//921
f 509//922 508//922 437//922
f 507//923 509//923 437//923
f 510//924 507//924 439//924
f 511//925 510//925 439//925
f 455//926 439//926 454//926
f 511//927 439//927 455//927
f 512//928 455//928 457//928
f 513//929 457//929 456//929
f 513//930 512//930 457//930
f 512//931 511//931 455//931
f 514//932 513//932 456//932
f 514//933 456//933 458//933
f 460//934 514//934 458//934
f 515//935 414//935 413//935
f 516//936 414//936 515//936
f 517//937 516//937 515//937
f 516//938 416//938 414//938
f 518//939 516//939 517//939
f 516//940 419//940 416//940
f 519//941 419//941 516//941
f 518//942 519//942 516//942
f 519//943 420//943 419//943
f 520//944 519//944 518//944
f 264//945 420//945 519//945
f 520//946 264//946 519//946
f 264//947 268//947 420//947
f 265//948 264//948 520//948
f 521//949 515//949 413//949
f 463//950 521//950 413//950
f 522//951 517//951 515//951
f 523//952 515//952 521//952
f 524//953 522//953 515//953
f 523//954 524//954 515//954
f 525//955 521//955 463//955
f 526//956 527//956 463//956
f 528//957 463//957 527//957
f 529//958 526//958 463//958
f 464//959 529//959 463//959
f 530//960 525//960 463//960
f 528//961 530//961 463//961
f 531//962 532//962 527//962
f 526//963 531//963 527//963
f 533//964 528//964 527//964
f 534//965 533//965 527//965
f 535//966 527//966 532//966
f 534//967 527//967 535//967
f 531//968 536//968 532//968
f 537//969 532//969 536//969
f 535//970 532//970 537//970
f 531//971 538//971 536//971
f 539//972 536//972 538//972
f 537//973 536//973 540//973
f 541//974 540//974 536//974
f 541//975 536//975 539//975
f 542//976 538//976 531//976
f 539//977 538//977 542//977
f 542//978 531//978 526//978
f 542//979 526//979 543//979
f 543//980 526//980 529//980
f 544//981 529//981 464//981
f 543//982 529//982 544//982
f 462//983 545//983 464//983
f 544//984 464//984 545//984
f 546//985 545//985 462//985
f 544//986 545//986 546//986
f 546//987 462//987 506//987
f 547//988 506//988 508//988
f 548//989 546//989 506//989
f 547//990 548//990 506//990
f 549//991 508//991 509//991
f 549//992 550//992 508//992
f 547//993 508//993 550//993
f 549//994 509//994 507//994
f 551//995 331//995 337//995
f 551//996 332//996 331//996
f 552//997 337//997 336//997
f 367//998 552//998 336//998
f 553//999 337//999 552//999
f 551//1000 337//1000 554//1000
f 553//1001 554//1001 337//1001
f 553//1002 552//1002 367//1002
f 555//1003 553//1003 367//1003
f 556//1004 555//1004 367//1004
f 369//1005 556//1005 367//1005
f 510//1006 557//1006 507//1006
f 549//1007 507//1007 557//1007
f 510//1008 558//1008 557//1008
f 558//1009 559//1009 557//1009
f 560//1010 557//1010 559//1010
f 561//1011 557//1011 562//1011
f 563//1012 562//1012 557//1012
f 561//1013 549//1013 557//1013
f 564//1014 557//1014 560//1014
f 563//1015 557//1015 564//1015
f 565//1016 566//1016 559//1016
f 560//1017 559//1017 566//1017
f 558//1018 565//1018 559//1018
f 567//1019 562//1019 566//1019
f 568//1020 566//1020 562//1020
f 565//1021 567//1021 566//1021
f 568//1022 560//1022 566//1022
f 569//1023 561//1023 562//1023
f 568//1024 562//1024 563//1024
f 570//1025 540//1025 562//1025
f 569//1026 562//1026 540//1026
f 567//1027 570//1027 562//1027
f 570//1028 537//1028 540//1028
f 569//1029 540//1029 541//1029
f 571//1030 535//1030 537//1030
f 570//1031 571//1031 537//1031
f 572//1032 534//1032 535//1032
f 573//1033 574//1033 535//1033
f 575//1034 535//1034 574//1034
f 576//1035 573//1035 535//1035
f 571//1036 576//1036 535//1036
f 575//1037 572//1037 535//1037
f 577//1038 574//1038 573//1038
f 577//1039 575//1039 574//1039
f 578//1040 573//1040 576//1040
f 578//1041 577//1041 573//1041
f 579//1042 576//1042 571//1042
f 580//1043 576//1043 579//1043
f 578//1044 576//1044 580//1044
f 579//1045 571//1045 570//1045
f 570//1046 567//1046 581//1046
f 581//1047 567//1047 565//1047
f 581//1048 565//1048 582//1048
f 565//1049 558//1049 583//1049
f 583//1050 558//1050 510//1050
f 510//1051 511//1051 512//1051
f 584//1052 510//1052 512//1052
f 584//1053 512//1053 513//1053
f 585//1054 510//1054 584//1054
f 583//1055 510//1055 585//1055
f 586//1056 584//1056 513//1056
f 587//1057 584//1057 586//1057
f 588//1058 584//1058 587//1058
f 586//1059 513//1059 514//1059
f 589//1060 586//1060 514//1060
f 590//1061 586//1061 589//1061
f 590//1062 587//1062 586//1062
f 589//1063 514//1063 460//1063
f 591//1064 589//1064 460//1064
f 591//1065 460//1065 461//1065
f 590//1066 589//1066 591//1066
f 144//1067 591//1067 461//1067
f 145//1068 591//1068 144//1068
f 149//1069 591//1069 145//1069
f 149//1070 590//1070 591//1070
f 522//1071 518//1071 517//1071
f 592//1072 518//1072 522//1072
f 592//1073 520//1073 518//1073
f 205//1074 520//1074 592//1074
f 205//1075 265//1075 520//1075
f 266//1076 265//1076 205//1076
f 593//1077 327//1077 332//1077
f 593//1078 330//1078 327//1078
f 594//1079 332//1079 551//1079
f 593//1080 332//1080 594//1080
f 554//1081 594//1081 551//1081
f 595//1082 594//1082 554//1082
f 596//1083 554//1083 553//1083
f 596//1084 595//1084 554//1084
f 548//1085 544//1085 546//1085
f 597//1086 553//1086 555//1086
f 598//1087 553//1087 597//1087
f 598//1088 596//1088 553//1088
f 556//1089 597//1089 555//1089
f 369//1090 597//1090 556//1090
f 599//1091 597//1091 369//1091
f 598//1092 597//1092 599//1092
f 465//1093 369//1093 370//1093
f 600//1094 599//1094 369//1094
f 465//1095 600//1095 369//1095
f 561//1096 550//1096 549//1096
f 561//1097 547//1097 550//1097
f 601//1098 588//1098 587//1098
f 585//1099 584//1099 588//1099
f 602//1100 585//1100 588//1100
f 603//1101 588//1101 601//1101
f 602//1102 588//1102 603//1102
f 604//1103 587//1103 590//1103
f 604//1104 601//1104 587//1104
f 604//1105 590//1105 149//1105
f 150//1106 604//1106 149//1106
f 602//1107 583//1107 585//1107
f 602//1108 565//1108 583//1108
f 605//1109 592//1109 522//1109
f 524//1110 605//1110 522//1110
f 202//1111 205//1111 592//1111
f 202//1112 592//1112 605//1112
f 204//1113 266//1113 205//1113
f 204//1114 267//1114 266//1114
f 263//1115 260//1115 267//1115
f 452//1116 263//1116 267//1116
f 606//1117 267//1117 204//1117
f 452//1118 267//1118 606//1118
f 453//1119 262//1119 263//1119
f 452//1120 453//1120 263//1120
f 607//1121 329//1121 330//1121
f 607//1122 505//1122 329//1122
f 608//1123 330//1123 593//1123
f 607//1124 330//1124 608//1124
f 608//1125 593//1125 594//1125
f 609//1126 607//1126 608//1126
f 609//1127 608//1127 594//1127
f 609//1128 594//1128 595//1128
f 548//1129 543//1129 544//1129
f 610//1130 595//1130 596//1130
f 610//1131 609//1131 595//1131
f 611//1132 596//1132 598//1132
f 611//1133 610//1133 596//1133
f 539//1134 542//1134 543//1134
f 548//1135 539//1135 543//1135
f 541//1136 539//1136 548//1136
f 541//1137 548//1137 547//1137
f 612//1138 611//1138 598//1138
f 613//1139 612//1139 598//1139
f 600//1140 598//1140 599//1140
f 613//1141 598//1141 600//1141
f 468//1142 600//1142 465//1142
f 614//1143 613//1143 600//1143
f 468//1144 614//1144 600//1144
f 569//1145 547//1145 561//1145
f 569//1146 541//1146 547//1146
f 563//1147 564//1147 560//1147
f 568//1148 563//1148 560//1148
f 615//1149 603//1149 601//1149
f 602//1150 603//1150 615//1150
f 615//1151 601//1151 604//1151
f 616//1152 615//1152 604//1152
f 616//1153 604//1153 150//1153
f 152//1154 616//1154 150//1154
f 602//1155 582//1155 565//1155
f 203//1156 605//1156 617//1156
f 617//1157 605//1157 524//1157
f 617//1158 524//1158 523//1158
f 203//1159 202//1159 605//1159
f 207//1160 606//1160 204//1160
f 206//1161 452//1161 606//1161
f 207//1162 206//1162 606//1162
f 206//1163 209//1163 452//1163
f 618//1164 505//1164 607//1164
f 618//1165 504//1165 505//1165
f 618//1166 607//1166 609//1166
f 619//1167 618//1167 609//1167
f 619//1168 609//1168 620//1168
f 621//1169 609//1169 610//1169
f 621//1170 620//1170 609//1170
f 622//1171 610//1171 611//1171
f 622//1172 621//1172 610//1172
f 612//1173 622//1173 611//1173
f 623//1174 612//1174 613//1174
f 624//1175 613//1175 614//1175
f 624//1176 623//1176 613//1176
f 471//1177 614//1177 468//1177
f 471//1178 624//1178 614//1178
f 625//1179 602//1179 615//1179
f 625//1180 615//1180 626//1180
f 627//1181 615//1181 616//1181
f 627//1182 626//1182 615//1182
f 154//1183 627//1183 616//1183
f 154//1184 616//1184 152//1184
f 582//1185 602//1185 625//1185
f 628//1186 617//1186 523//1186
f 628//1187 523//1187 521//1187
f 629//1188 617//1188 628//1188
f 629//1189 203//1189 617//1189
f 630//1190 203//1190 629//1190
f 198//1191 203//1191 630//1191
f 631//1192 504//1192 618//1192
f 490//1193 504//1193 503//1193
f 631//1194 503//1194 504//1194
f 632//1195 618//1195 619//1195
f 633//1196 618//1196 632//1196
f 633//1197 631//1197 618//1197
f 632//1198 619//1198 620//1198
f 633//1199 632//1199 620//1199
f 634//1200 633//1200 620//1200
f 621//1201 634//1201 620//1201
f 635//1202 622//1202 612//1202
f 636//1203 612//1203 623//1203
f 635//1204 612//1204 636//1204
f 624//1205 636//1205 623//1205
f 637//1206 636//1206 624//1206
f 638//1207 636//1207 637//1207
f 638//1208 635//1208 636//1208
f 639//1209 637//1209 624//1209
f 640//1210 624//1210 471//1210
f 640//1211 639//1211 624//1211
f 639//1212 638//1212 637//1212
f 476//1213 640//1213 471//1213
f 476//1214 471//1214 472//1214
f 641//1215 625//1215 626//1215
f 642//1216 582//1216 625//1216
f 642//1217 625//1217 641//1217
f 643//1218 626//1218 627//1218
f 643//1219 641//1219 626//1219
f 643//1220 627//1220 154//1220
f 644//1221 643//1221 154//1221
f 151//1222 644//1222 154//1222
f 642//1223 581//1223 582//1223
f 645//1224 521//1224 525//1224
f 645//1225 628//1225 521//1225
f 646//1226 628//1226 645//1226
f 646//1227 629//1227 628//1227
f 196//1228 630//1228 629//1228
f 196//1229 629//1229 646//1229
f 196//1230 198//1230 630//1230
f 647//1231 501//1231 503//1231
f 647//1232 502//1232 501//1232
f 631//1233 647//1233 503//1233
f 648//1234 649//1234 502//1234
f 497//1235 502//1235 649//1235
f 650//1236 648//1236 502//1236
f 651//1237 650//1237 502//1237
f 647//1238 651//1238 502//1238
f 652//1239 653//1240 649//1239
f 648//1241 652//1241 649//1241
f 654//1242 497//1242 649//1242
f 655//1243 649//1243 653//1244
f 656//1245 652//1245 648//1245
f 657//1246 652//1246 656//1246
f 658//1247 652//1247 657//1247
f 656//1248 648//1248 650//1248
f 659//1249 650//1249 651//1249
f 660//1250 650//1250 659//1250
f 660//1251 656//1251 650//1251
f 659//1252 651//1252 647//1252
f 633//1253 647//1253 631//1253
f 661//1254 647//1254 633//1254
f 661//1255 662//1255 647//1255
f 663//1256 647//1256 662//1256
f 659//1257 647//1257 663//1257
f 664//1258 633//1258 634//1258
f 661//1259 633//1259 664//1259
f 664//1260 634//1260 621//1260
f 665//1261 664//1261 621//1261
f 665//1262 621//1262 622//1262
f 666//1263 664//1263 665//1263
f 666//1264 661//1264 664//1264
f 638//1265 665//1265 622//1265
f 638//1266 622//1266 635//1266
f 639//1267 665//1267 638//1267
f 639//1268 666//1268 665//1268
f 667//1269 640//1269 476//1269
f 476//1270 472//1270 470//1270
f 478//1271 667//1271 476//1271
f 478//1272 476//1272 474//1272
f 581//1273 642//1273 570//1273
f 579//1274 570//1274 642//1274
f 668//1275 642//1275 641//1275
f 668//1276 669//1276 642//1276
f 670//1277 668//1277 641//1277
f 670//1278 641//1278 643//1278
f 671//1279 670//1279 643//1279
f 671//1280 643//1280 644//1280
f 158//1281 671//1281 644//1281
f 158//1282 644//1282 151//1282
f 669//1283 579//1283 642//1283
f 672//1284 525//1284 673//1284
f 530//1285 673//1285 525//1285
f 672//1286 645//1286 525//1286
f 674//1287 646//1287 645//1287
f 674//1288 645//1288 672//1288
f 195//1289 196//1289 646//1289
f 195//1290 646//1290 674//1290
f 498//1291 497//1291 654//1291
f 675//1292 654//1292 649//1292
f 675//1293 498//1293 654//1293
f 676//1294 675//1294 649//1294
f 655//1295 676//1295 649//1295
f 661//1296 677//1296 662//1296
f 678//1297 662//1297 677//1297
f 678//1298 663//1298 662//1298
f 678//1299 677//1299 661//1299
f 679//1300 661//1300 666//1300
f 680//1301 678//1301 661//1301
f 679//1302 680//1302 661//1302
f 681//1303 666//1303 639//1303
f 681//1304 679//1304 666//1304
f 682//1305 681//1305 639//1305
f 683//1306 639//1306 640//1306
f 683//1307 682//1307 639//1307
f 667//1308 683//1308 640//1308
f 684//1309 667//1309 478//1309
f 479//1310 684//1310 478//1310
f 667//1311 684//1311 685//1311
f 686//1312 667//1312 685//1312
f 687//1313 686//1313 685//1313
f 688//1314 687//1314 685//1314
f 689//1315 685//1315 684//1315
f 689//1316 688//1316 685//1316
f 480//1317 684//1317 479//1317
f 689//1318 684//1318 480//1318
f 669//1319 580//1319 579//1319
f 690//1320 580//1320 669//1320
f 578//1321 580//1321 690//1321
f 668//1322 690//1322 669//1322
f 670//1323 690//1323 668//1323
f 578//1324 690//1324 670//1324
f 671//1325 691//1325 670//1325
f 692//1326 670//1326 691//1326
f 692//1327 578//1327 670//1327
f 158//1328 691//1328 671//1328
f 692//1329 691//1329 158//1329
f 693//1330 692//1330 158//1330
f 161//1331 693//1331 158//1331
f 694//1332 672//1332 673//1332
f 695//1333 530//1333 528//1333
f 694//1334 674//1334 672//1334
f 696//1335 674//1335 694//1335
f 193//1336 195//1336 674//1336
f 193//1337 674//1337 696//1337
f 697//1338 528//1338 533//1338
f 695//1339 528//1339 697//1339
f 698//1340 697//1340 533//1340
f 698//1341 533//1341 534//1341
f 678//1342 659//1342 663//1342
f 680//1343 659//1343 678//1343
f 699//1344 659//1344 680//1344
f 699//1345 660//1345 659//1345
f 700//1346 680//1346 679//1346
f 700//1347 699//1347 680//1347
f 700//1348 679//1348 681//1348
f 701//1349 534//1349 572//1349
f 698//1350 534//1350 701//1350
f 702//1351 681//1351 682//1351
f 702//1352 700//1352 681//1352
f 703//1353 682//1353 683//1353
f 704//1354 702//1354 682//1354
f 705//1355 704//1355 682//1355
f 703//1356 705//1356 682//1356
f 686//1357 683//1357 667//1357
f 686//1358 703//1358 683//1358
f 485//1359 486//1359 487//1359
f 701//1360 485//1360 487//1360
f 698//1361 487//1361 495//1361
f 698//1362 701//1362 487//1362
f 706//1363 485//1363 701//1363
f 706//1364 484//1364 485//1364
f 707//1365 572//1365 575//1365
f 706//1366 701//1366 572//1366
f 707//1367 706//1367 572//1367
f 707//1368 575//1368 577//1368
f 708//1369 707//1369 577//1369
f 577//1370 578//1370 709//1370
f 710//1371 709//1371 578//1371
f 710//1372 578//1372 692//1372
f 710//1373 692//1373 693//1373
f 711//1374 710//1374 693//1374
f 161//1375 711//1375 693//1375
f 712//1376 530//1376 695//1376
f 694//1377 673//1377 530//1377
f 713//1378 694//1378 530//1378
f 712//1379 713//1379 530//1379
f 714//1380 713//1380 712//1380
f 696//1381 694//1381 713//1381
f 194//1382 696//1382 713//1382
f 190//1383 194//1383 713//1383
f 190//1384 713//1384 714//1384
f 194//1385 193//1385 696//1385
f 697//1386 499//1386 500//1386
f 496//1387 499//1387 697//1387
f 500//1388 695//1388 697//1388
f 698//1389 496//1389 697//1389
f 712//1390 695//1390 500//1390
f 675//1391 500//1391 498//1391
f 698//1392 495//1392 496//1392
f 660//1393 657//1393 656//1393
f 715//1394 657//1394 660//1394
f 716//1395 658//1395 657//1395
f 715//1396 716//1396 657//1396
f 717//1397 699//1397 700//1397
f 718//1398 699//1398 717//1398
f 719//1399 660//1399 699//1399
f 718//1400 719//1400 699//1400
f 720//1401 700//1401 702//1401
f 721//1402 717//1402 700//1402
f 720//1403 721//1403 700//1403
f 722//1404 702//1404 704//1404
f 723//1405 720//1405 702//1405
f 722//1406 723//1406 702//1406
f 724//1407 704//1407 705//1407
f 725//1408 722//1408 704//1408
f 726//1409 725//1409 704//1409
f 727//1410 726//1410 704//1410
f 728//1411 727//1411 704//1411
f 724//1412 728//1412 704//1412
f 687//1413 705//1413 703//1413
f 687//1414 724//1414 705//1414
f 687//1415 703//1415 686//1415
f 707//1416 484//1416 706//1416
f 707//1417 477//1417 484//1417
f 689//1418 480//1418 481//1418
f 707//1419 482//1419 477//1419
f 708//1420 482//1420 707//1420
f 689//1421 481//1421 482//1421
f 689//1422 482//1422 708//1422
f 729//1423 708//1423 577//1423
f 729//1424 689//1424 708//1424
f 730//1425 577//1425 709//1425
f 729//1426 577//1426 730//1426
f 710//1427 730//1427 709//1427
f 731//1428 730//1428 710//1428
f 729//1429 730//1429 731//1429
f 729//1430 731//1430 732//1430
f 711//1431 731//1431 710//1431
f 711//1432 165//1432 731//1432
f 732//1433 731//1433 165//1433
f 161//1434 165//1434 711//1434
f 164//1435 732//1435 165//1435
f 733//1436 675//1436 676//1436
f 734//1437 675//1437 733//1437
f 712//1438 500//1438 675//1438
f 735//1439 712//1439 675//1439
f 734//1440 735//1440 675//1440
f 736//1441 735//1441 734//1441
f 735//1442 714//1442 712//1442
f 737//1443 735//1443 736//1443
f 738//1444 714//1444 735//1444
f 184//1445 738//1445 735//1445
f 184//1446 735//1446 737//1446
f 738//1447 190//1447 714//1447
f 184//1448 190//1448 738//1448
f 733//1449 676//1449 655//1449
f 733//1450 655//1450 653//1451
f 739//1452 733//1452 653//1453
f 652//1454 739//1454 653//1455
f 740//1456 722//1456 725//1456
f 741//1457 725//1457 726//1457
f 727//1458 741//1458 726//1458
f 742//1459 718//1459 717//1459
f 715//1460 719//1460 718//1460
f 715//1461 718//1461 742//1461
f 743//1462 717//1462 721//1462
f 743//1463 742//1463 717//1463
f 744//1464 721//1464 720//1464
f 744//1465 743//1465 721//1465
f 715//1466 660//1466 719//1466
f 745//1467 658//1467 716//1467
f 746//1468 658//1468 745//1468
f 747//1469 658//1469 746//1469
f 747//1470 652//1470 658//1470
f 745//1471 716//1471 715//1471
f 745//1472 715//1472 727//1472
f 748//1473 720//1473 723//1473
f 748//1474 744//1474 720//1474
f 749//1475 723//1475 722//1475
f 749//1476 748//1476 723//1476
f 749//1477 722//1477 740//1477
f 750//1478 740//1478 725//1478
f 741//1479 750//1479 725//1479
f 749//1480 740//1480 750//1480
f 751//1481 745//1481 727//1481
f 728//1482 751//1482 727//1482
f 741//1483 727//1483 715//1483
f 751//1484 746//1484 745//1484
f 752//1485 746//1485 751//1485
f 753//1486 746//1486 752//1486
f 747//1487 746//1487 753//1487
f 724//1488 751//1488 728//1488
f 687//1489 751//1489 724//1489
f 687//1490 752//1490 751//1490
f 688//1491 752//1491 687//1491
f 754//1492 752//1492 688//1492
f 755//1493 688//1493 689//1493
f 754//1494 688//1494 755//1494
f 756//1495 755//1495 689//1495
f 756//1496 754//1496 755//1496
f 757//1497 689//1497 729//1497
f 756//1498 689//1498 757//1498
f 758//1499 756//1499 757//1499
f 729//1500 759//1500 757//1500
f 758//1501 757//1501 759//1501
f 760//1502 758//1502 759//1502
f 729//1503 732//1503 759//1503
f 164//1504 759//1504 732//1504
f 168//1505 759//1505 164//1505
f 168//1506 760//1506 759//1506
f 761//1507 734//1507 733//1507
f 739//1508 761//1508 733//1508
f 762//1509 734//1509 761//1509
f 763//1510 762//1510 761//1510
f 764//1511 761//1511 739//1511
f 764//1512 765//1512 761//1512
f 763//1513 761//1513 765//1513
f 766//1514 734//1514 762//1514
f 767//1515 766//1515 762//1515
f 767//1516 762//1516 763//1516
f 768//1517 766//1517 767//1517
f 769//1518 734//1518 766//1518
f 770//1519 769//1519 766//1519
f 770//1520 766//1520 768//1520
f 771//1521 769//1521 770//1521
f 736//1522 734//1522 769//1522
f 772//1523 736//1523 769//1523
f 771//1524 772//1524 769//1524
f 737//1525 736//1525 772//1525
f 773//1526 772//1526 771//1526
f 773//1527 774//1527 772//1527
f 775//1528 772//1528 774//1528
f 181//1529 737//1529 772//1529
f 180//1530 181//1530 772//1530
f 180//1531 772//1531 775//1531
f 181//1532 184//1532 737//1532
f 747//1533 739//1533 652//1533
f 747//1534 764//1534 739//1534
f 776//1535 765//1535 764//1535
f 777//1536 763//1536 765//1536
f 778//1537 765//1537 776//1537
f 779//1538 777//1538 765//1538
f 778//1539 779//1539 765//1539
f 780//1540 781//1540 764//1540
f 776//1541 764//1541 781//1541
f 747//1542 780//1542 764//1542
f 782//1543 781//1543 780//1543
f 778//1544 776//1544 781//1544
f 783//1545 781//1545 782//1545
f 784//1546 778//1546 781//1546
f 783//1547 784//1547 781//1547
f 753//1548 785//1548 780//1548
f 782//1549 780//1549 785//1549
f 747//1550 753//1550 780//1550
f 753//1551 786//1551 785//1551
f 787//1552 785//1552 786//1552
f 787//1553 782//1553 785//1553
f 753//1554 788//1554 786//1554
f 789//1555 786//1555 788//1555
f 790//1556 787//1556 786//1556
f 791//1557 790//1557 786//1557
f 789//1558 791//1558 786//1558
f 753//1559 792//1559 788//1559
f 793//1560 788//1560 792//1560
f 794//1561 788//1561 793//1561
f 795//1562 788//1562 794//1562
f 789//1563 788//1563 795//1563
f 753//1564 796//1564 792//1564
f 793//1565 792//1565 796//1565
f 753//1566 797//1566 796//1566
f 798//1567 796//1567 797//1567
f 799//1568 793//1568 796//1568
f 800//1569 796//1569 798//1569
f 799//1570 796//1570 800//1570
f 801//1571 797//1571 802//1571
f 754//1572 802//1572 797//1572
f 753//1573 754//1573 797//1573
f 803//1574 798//1574 797//1574
f 804//1575 797//1575 801//1575
f 803//1576 797//1576 804//1576
f 805//1577 801//1577 802//1577
f 758//1578 805//1578 802//1578
f 758//1579 802//1579 756//1579
f 756//1580 802//1580 754//1580
f 753//1581 752//1581 754//1581
f 806//1582 767//1582 763//1582
f 806//1583 763//1583 777//1583
f 807//1584 768//1584 767//1584
f 807//1585 767//1585 806//1585
f 808//1586 770//1586 768//1586
f 808//1587 768//1587 807//1587
f 809//1588 771//1588 770//1588
f 809//1589 770//1589 808//1589
f 810//1590 773//1590 771//1590
f 811//1591 810//1591 771//1591
f 812//1592 811//1592 771//1592
f 812//1593 771//1593 809//1593
f 813//1594 774//1594 773//1594
f 814//1595 775//1595 774//1595
f 815//1596 774//1596 813//1596
f 815//1597 814//1597 774//1597
f 810//1598 816//1598 773//1598
f 813//1599 773//1599 816//1599
f 817//1600 818//1600 816//1600
f 819//1601 816//1601 818//1601
f 820//1602 817//1602 816//1602
f 821//1603 820//1603 816//1603
f 810//1604 821//1604 816//1604
f 819//1605 813//1605 816//1605
f 822//1606 823//1606 818//1606
f 824//1607 818//1607 823//1607
f 817//1608 822//1608 818//1608
f 825//1609 819//1609 818//1609
f 826//1610 825//1610 818//1610
f 824//1611 826//1611 818//1611
f 827//1612 828//1612 823//1612
f 824//1613 823//1613 828//1613
f 822//1614 827//1614 823//1614
f 829//1615 830//1615 828//1615
f 827//1616 829//1616 828//1616
f 831//1617 824//1617 828//1617
f 832//1618 828//1618 830//1618
f 831//1619 828//1619 832//1619
f 760//1620 830//1620 829//1620
f 760//1621 829//1621 758//1621
f 827//1622 833//1622 829//1622
f 834//1623 829//1623 833//1623
f 834//1624 835//1624 829//1624
f 758//1625 829//1625 835//1625
f 836//1626 833//1626 827//1626
f 837//1627 833//1627 836//1627
f 837//1628 834//1628 833//1628
f 836//1629 827//1629 822//1629
f 817//1630 838//1630 822//1630
f 839//1631 822//1631 838//1631
f 836//1632 822//1632 839//1632
f 840//1633 838//1633 817//1633
f 841//1634 838//1634 840//1634
f 841//1635 839//1635 838//1635
f 840//1636 817//1636 820//1636
f 842//1637 820//1637 821//1637
f 840//1638 820//1638 842//1638
f 811//1639 821//1639 810//1639
f 843//1640 821//1640 811//1640
f 844//1641 821//1641 843//1641
f 845//1642 842//1642 821//1642
f 845//1643 821//1643 844//1643
f 180//1644 775//1644 814//1644
f 846//1645 843//1645 811//1645
f 846//1646 811//1646 812//1646
f 847//1647 813//1647 819//1647
f 847//1648 815//1648 813//1648
f 750//1649 742//1649 743//1649
f 749//1650 750//1650 743//1650
f 744//1651 749//1651 743//1651
f 790//1652 782//1652 787//1652
f 790//1653 783//1653 782//1653
f 844//1654 843//1654 846//1654
f 848//1655 819//1655 825//1655
f 848//1656 847//1656 819//1656
f 849//1657 825//1657 826//1657
f 850//1658 848//1658 825//1658
f 849//1659 850//1659 825//1659
f 851//1660 826//1660 824//1660
f 851//1661 849//1661 826//1661
f 845//1662 840//1662 842//1662
f 852//1663 840//1663 845//1663
f 841//1664 840//1664 852//1664
f 853//1665 794//1665 793//1665
f 799//1666 853//1666 793//1666
f 853//1667 795//1667 794//1667
f 854//1668 836//1668 839//1668
f 855//1669 839//1669 841//1669
f 854//1670 839//1670 855//1670
f 837//1671 836//1671 854//1671
f 831//1672 851//1672 824//1672
f 803//1673 800//1673 798//1673
f 856//1674 801//1674 805//1674
f 857//1675 801//1675 856//1675
f 857//1676 804//1676 801//1676
f 858//1677 856//1677 805//1677
f 859//1678 856//1678 858//1678
f 859//1679 857//1679 856//1679
f 835//1680 858//1680 805//1680
f 758//1681 835//1681 805//1681
f 834//1682 858//1682 835//1682
f 860//1683 858//1683 834//1683
f 860//1684 859//1684 858//1684
f 837//1685 860//1685 834//1685
f 171//1686 832//1686 830//1686
f 168//1687 171//1687 830//1687
f 168//1688 830//1688 760//1688
f 171//1689 170//1689 832//1689
f 861//1690 806//1690 777//1690
f 861//1691 777//1691 779//1691
f 784//1692 779//1692 778//1692
f 784//1693 862//1693 779//1693
f 861//1694 807//1694 806//1694
f 863//1695 808//1695 807//1695
f 863//1696 807//1696 861//1696
f 809//1697 808//1697 864//1697
f 865//1698 812//1698 809//1698
f 844//1699 846//1699 812//1699
f 865//1700 844//1700 812//1700
f 815//1701 180//1701 814//1701
f 179//1702 180//1702 815//1702
f 178//1703 179//1703 815//1703
f 847//1704 178//1704 815//1704
f 741//1705 715//1705 742//1705
f 750//1706 741//1706 742//1706
f 744//1707 748//1707 749//1707
f 866//1708 783//1708 790//1708
f 866//1709 784//1709 783//1709
f 177//1710 178//1710 847//1710
f 848//1711 867//1711 847//1711
f 177//1712 847//1712 867//1712
f 866//1713 790//1713 791//1713
f 845//1714 844//1714 868//1714
f 869//1715 852//1715 845//1715
f 870//1716 867//1716 848//1716
f 176//1717 177//1717 867//1717
f 176//1718 867//1718 870//1718
f 870//1719 848//1719 850//1719
f 871//1720 870//1720 850//1720
f 849//1721 871//1721 850//1721
f 872//1722 791//1722 789//1722
f 853//1723 789//1723 795//1723
f 873//1724 789//1724 853//1724
f 873//1725 872//1725 789//1725
f 841//1726 852//1726 869//1726
f 175//1727 176//1727 870//1727
f 175//1728 870//1728 871//1728
f 873//1729 853//1729 799//1729
f 854//1730 855//1730 841//1730
f 874//1731 854//1731 841//1731
f 875//1732 871//1732 849//1732
f 875//1733 175//1733 871//1733
f 851//1734 875//1734 849//1734
f 876//1735 175//1735 875//1735
f 172//1736 175//1736 876//1736
f 803//1737 799//1737 800//1737
f 877//1738 873//1738 799//1738
f 878//1739 877//1739 799//1739
f 878//1740 799//1740 803//1740
f 879//1741 837//1741 854//1741
f 170//1742 875//1742 851//1742
f 170//1743 876//1743 875//1743
f 832//1744 170//1744 851//1744
f 831//1745 832//1745 851//1745
f 170//1746 172//1746 876//1746
f 880//1747 803//1747 804//1747
f 881//1748 804//1748 857//1748
f 881//1749 880//1749 804//1749
f 882//1750 803//1750 880//1750
f 883//1751 857//1751 859//1751
f 883//1752 881//1752 857//1752
f 860//1753 883//1753 859//1753
f 879//1754 860//1754 837//1754
f 884//1755 861//1755 779//1755
f 862//1756 884//1756 779//1756
f 885//1757 861//1757 884//1757
f 886//1758 862//1758 784//1758
f 863//1759 861//1759 885//1759
f 864//1760 808//1760 863//1760
f 866//1761 886//1761 784//1761
f 887//1762 886//1762 866//1762
f 887//1763 866//1763 791//1763
f 868//1764 844//1764 865//1764
f 887//1765 791//1765 872//1765
f 869//1766 845//1766 868//1766
f 874//1767 841//1767 869//1767
f 877//1768 872//1768 873//1768
f 888//1769 877//1769 878//1769
f 874//1770 879//1770 854//1770
f 878//1771 803//1771 882//1771
f 889//1772 880//1772 881//1772
f 889//1773 881//1773 883//1773
f 860//1774 889//1774 883//1774
f 879//1775 889//1775 860//1775
f 864//1776 884//1776 862//1776
f 864//1777 885//1777 884//1777
f 863//1778 885//1778 864//1778
f 862//1779 865//1779 864//1779
f 809//1780 864//1780 865//1780
f 887//1781 868//1781 865//1781
f 862//1782 887//1782 865//1782
f 872//1783 869//1783 868//1783
f 887//1784 872//1784 868//1784
f 872//1785 874//1785 869//1785
f 872//1786 888//1786 874//1786
f 888//1787 879//1787 874//1787
f 888//1788 882//1788 879//1788
f 882//1789 889//1789 879//1789
f 880//1790 889//1790 882//1790
f 878//1791 882//1791 888//1791
f 877//1792 888//1792 872//1792
f 886//1793 887//1793 862//1793
